ISO-10303-21;
HEADER;
/* Generated by software containing ST-Developer
 * from STEP Tools, Inc. (www.steptools.com) 
 */
/* OPTION: using custom renumber hook */

FILE_DESCRIPTION(
/* description */ ('STEP AP214',
'CAx-IF Rec.Pracs.---User Defined Attributes---1.5---2016-08-15'),
/* implementation_level */ '2;1');

FILE_NAME(
/* name */ '6ab80d6b420e24b7ead9bec4',
/* time_stamp */ '2026-09-26T18:22:35Z',
/* author */ (''),
/* organization */ (''),
/* preprocessor_version */ 'ST-DEVELOPER v20',
/* originating_system */ 'ONSHAPE BY PTC INC, 1.221',
/* authorisation */ '  ');

FILE_SCHEMA (('AUTOMOTIVE_DESIGN {1 0 10303 214 3 1 1}'));
ENDSEC;

DATA;
#10=PROPERTY_DEFINITION_REPRESENTATION(#14,#12);
#11=PROPERTY_DEFINITION_REPRESENTATION(#15,#13);
#12=REPRESENTATION('',(#16),#12755);
#13=REPRESENTATION('',(#17),#12755);
#14=PROPERTY_DEFINITION('pmi validation property','',#12860);
#15=PROPERTY_DEFINITION('pmi validation property','',#12860);
#16=VALUE_REPRESENTATION_ITEM('number of annotations',COUNT_MEASURE(0.));
#17=VALUE_REPRESENTATION_ITEM('number of views',COUNT_MEASURE(0.));
#18=LINE('',#10857,#504);
#19=LINE('',#10862,#505);
#20=LINE('',#10866,#506);
#21=LINE('',#10869,#507);
#22=LINE('',#10870,#508);
#23=LINE('',#10872,#509);
#24=LINE('',#10874,#510);
#25=LINE('',#10876,#511);
#26=LINE('',#10880,#512);
#27=LINE('',#10884,#513);
#28=LINE('',#11072,#514);
#29=LINE('',#11076,#515);
#30=LINE('',#11262,#516);
#31=LINE('',#11264,#517);
#32=LINE('',#11266,#518);
#33=LINE('',#11268,#519);
#34=LINE('',#11409,#520);
#35=LINE('',#11412,#521);
#36=LINE('',#11414,#522);
#37=LINE('',#11416,#523);
#38=LINE('',#11418,#524);
#39=LINE('',#11420,#525);
#40=LINE('',#11422,#526);
#41=LINE('',#11424,#527);
#42=LINE('',#11426,#528);
#43=LINE('',#11428,#529);
#44=LINE('',#11430,#530);
#45=LINE('',#11432,#531);
#46=LINE('',#11434,#532);
#47=LINE('',#11436,#533);
#48=LINE('',#11438,#534);
#49=LINE('',#11440,#535);
#50=LINE('',#11442,#536);
#51=LINE('',#11444,#537);
#52=LINE('',#11446,#538);
#53=LINE('',#11448,#539);
#54=LINE('',#11450,#540);
#55=LINE('',#11452,#541);
#56=LINE('',#11454,#542);
#57=LINE('',#11456,#543);
#58=LINE('',#11458,#544);
#59=LINE('',#11460,#545);
#60=LINE('',#11462,#546);
#61=LINE('',#11464,#547);
#62=LINE('',#11466,#548);
#63=LINE('',#11468,#549);
#64=LINE('',#11470,#550);
#65=LINE('',#11472,#551);
#66=LINE('',#11474,#552);
#67=LINE('',#11476,#553);
#68=LINE('',#11478,#554);
#69=LINE('',#11480,#555);
#70=LINE('',#11482,#556);
#71=LINE('',#11484,#557);
#72=LINE('',#11486,#558);
#73=LINE('',#11488,#559);
#74=LINE('',#11490,#560);
#75=LINE('',#11492,#561);
#76=LINE('',#11494,#562);
#77=LINE('',#11496,#563);
#78=LINE('',#11498,#564);
#79=LINE('',#11500,#565);
#80=LINE('',#11502,#566);
#81=LINE('',#11504,#567);
#82=LINE('',#11506,#568);
#83=LINE('',#11508,#569);
#84=LINE('',#11510,#570);
#85=LINE('',#11512,#571);
#86=LINE('',#11514,#572);
#87=LINE('',#11516,#573);
#88=LINE('',#11518,#574);
#89=LINE('',#11520,#575);
#90=LINE('',#11522,#576);
#91=LINE('',#11523,#577);
#92=LINE('',#11526,#578);
#93=LINE('',#11528,#579);
#94=LINE('',#11530,#580);
#95=LINE('',#11531,#581);
#96=LINE('',#11534,#582);
#97=LINE('',#11536,#583);
#98=LINE('',#11538,#584);
#99=LINE('',#11539,#585);
#100=LINE('',#11542,#586);
#101=LINE('',#11544,#587);
#102=LINE('',#11546,#588);
#103=LINE('',#11547,#589);
#104=LINE('',#11550,#590);
#105=LINE('',#11552,#591);
#106=LINE('',#11554,#592);
#107=LINE('',#11555,#593);
#108=LINE('',#11558,#594);
#109=LINE('',#11560,#595);
#110=LINE('',#11562,#596);
#111=LINE('',#11563,#597);
#112=LINE('',#11566,#598);
#113=LINE('',#11568,#599);
#114=LINE('',#11570,#600);
#115=LINE('',#11571,#601);
#116=LINE('',#11574,#602);
#117=LINE('',#11576,#603);
#118=LINE('',#11578,#604);
#119=LINE('',#11579,#605);
#120=LINE('',#11582,#606);
#121=LINE('',#11584,#607);
#122=LINE('',#11586,#608);
#123=LINE('',#11588,#609);
#124=LINE('',#11590,#610);
#125=LINE('',#11592,#611);
#126=LINE('',#11594,#612);
#127=LINE('',#11596,#613);
#128=LINE('',#11598,#614);
#129=LINE('',#11600,#615);
#130=LINE('',#11602,#616);
#131=LINE('',#11604,#617);
#132=LINE('',#11606,#618);
#133=LINE('',#11608,#619);
#134=LINE('',#11610,#620);
#135=LINE('',#11612,#621);
#136=LINE('',#11614,#622);
#137=LINE('',#11616,#623);
#138=LINE('',#11618,#624);
#139=LINE('',#11620,#625);
#140=LINE('',#11622,#626);
#141=LINE('',#11624,#627);
#142=LINE('',#11626,#628);
#143=LINE('',#11628,#629);
#144=LINE('',#11630,#630);
#145=LINE('',#11632,#631);
#146=LINE('',#11634,#632);
#147=LINE('',#11636,#633);
#148=LINE('',#11638,#634);
#149=LINE('',#11640,#635);
#150=LINE('',#11642,#636);
#151=LINE('',#11644,#637);
#152=LINE('',#11646,#638);
#153=LINE('',#11648,#639);
#154=LINE('',#11650,#640);
#155=LINE('',#11652,#641);
#156=LINE('',#11654,#642);
#157=LINE('',#11656,#643);
#158=LINE('',#11658,#644);
#159=LINE('',#11660,#645);
#160=LINE('',#11662,#646);
#161=LINE('',#11664,#647);
#162=LINE('',#11666,#648);
#163=LINE('',#11668,#649);
#164=LINE('',#11670,#650);
#165=LINE('',#11672,#651);
#166=LINE('',#11674,#652);
#167=LINE('',#11676,#653);
#168=LINE('',#11678,#654);
#169=LINE('',#11680,#655);
#170=LINE('',#11681,#656);
#171=LINE('',#11684,#657);
#172=LINE('',#11686,#658);
#173=LINE('',#11688,#659);
#174=LINE('',#11689,#660);
#175=LINE('',#11692,#661);
#176=LINE('',#11694,#662);
#177=LINE('',#11696,#663);
#178=LINE('',#11697,#664);
#179=LINE('',#11700,#665);
#180=LINE('',#11702,#666);
#181=LINE('',#11704,#667);
#182=LINE('',#11705,#668);
#183=LINE('',#11708,#669);
#184=LINE('',#11710,#670);
#185=LINE('',#11712,#671);
#186=LINE('',#11713,#672);
#187=LINE('',#11716,#673);
#188=LINE('',#11718,#674);
#189=LINE('',#11720,#675);
#190=LINE('',#11721,#676);
#191=LINE('',#11724,#677);
#192=LINE('',#11726,#678);
#193=LINE('',#11728,#679);
#194=LINE('',#11729,#680);
#195=LINE('',#11732,#681);
#196=LINE('',#11734,#682);
#197=LINE('',#11736,#683);
#198=LINE('',#11737,#684);
#199=LINE('',#11740,#685);
#200=LINE('',#11742,#686);
#201=LINE('',#11744,#687);
#202=LINE('',#11746,#688);
#203=LINE('',#11748,#689);
#204=LINE('',#11750,#690);
#205=LINE('',#11752,#691);
#206=LINE('',#11754,#692);
#207=LINE('',#11756,#693);
#208=LINE('',#11758,#694);
#209=LINE('',#11760,#695);
#210=LINE('',#11762,#696);
#211=LINE('',#11764,#697);
#212=LINE('',#11766,#698);
#213=LINE('',#11768,#699);
#214=LINE('',#11770,#700);
#215=LINE('',#11772,#701);
#216=LINE('',#11774,#702);
#217=LINE('',#11776,#703);
#218=LINE('',#11778,#704);
#219=LINE('',#11780,#705);
#220=LINE('',#11782,#706);
#221=LINE('',#11784,#707);
#222=LINE('',#11786,#708);
#223=LINE('',#11788,#709);
#224=LINE('',#11790,#710);
#225=LINE('',#11792,#711);
#226=LINE('',#11794,#712);
#227=LINE('',#11796,#713);
#228=LINE('',#11798,#714);
#229=LINE('',#11800,#715);
#230=LINE('',#11802,#716);
#231=LINE('',#11804,#717);
#232=LINE('',#11806,#718);
#233=LINE('',#11808,#719);
#234=LINE('',#11810,#720);
#235=LINE('',#11812,#721);
#236=LINE('',#11814,#722);
#237=LINE('',#11816,#723);
#238=LINE('',#11818,#724);
#239=LINE('',#11820,#725);
#240=LINE('',#11822,#726);
#241=LINE('',#11824,#727);
#242=LINE('',#11826,#728);
#243=LINE('',#11828,#729);
#244=LINE('',#11830,#730);
#245=LINE('',#11832,#731);
#246=LINE('',#11834,#732);
#247=LINE('',#11836,#733);
#248=LINE('',#11839,#734);
#249=LINE('',#11841,#735);
#250=LINE('',#11843,#736);
#251=LINE('',#11845,#737);
#252=LINE('',#11847,#738);
#253=LINE('',#11849,#739);
#254=LINE('',#11851,#740);
#255=LINE('',#11853,#741);
#256=LINE('',#11855,#742);
#257=LINE('',#11857,#743);
#258=LINE('',#11859,#744);
#259=LINE('',#11861,#745);
#260=LINE('',#11863,#746);
#261=LINE('',#11865,#747);
#262=LINE('',#11867,#748);
#263=LINE('',#11869,#749);
#264=LINE('',#11871,#750);
#265=LINE('',#11873,#751);
#266=LINE('',#11875,#752);
#267=LINE('',#11877,#753);
#268=LINE('',#11879,#754);
#269=LINE('',#11881,#755);
#270=LINE('',#11883,#756);
#271=LINE('',#11885,#757);
#272=LINE('',#11887,#758);
#273=LINE('',#11889,#759);
#274=LINE('',#11891,#760);
#275=LINE('',#11893,#761);
#276=LINE('',#11895,#762);
#277=LINE('',#11897,#763);
#278=LINE('',#11899,#764);
#279=LINE('',#11901,#765);
#280=LINE('',#11903,#766);
#281=LINE('',#11905,#767);
#282=LINE('',#11907,#768);
#283=LINE('',#11909,#769);
#284=LINE('',#11911,#770);
#285=LINE('',#11913,#771);
#286=LINE('',#11915,#772);
#287=LINE('',#11917,#773);
#288=LINE('',#11919,#774);
#289=LINE('',#11921,#775);
#290=LINE('',#11923,#776);
#291=LINE('',#11925,#777);
#292=LINE('',#11927,#778);
#293=LINE('',#11929,#779);
#294=LINE('',#11931,#780);
#295=LINE('',#11933,#781);
#296=LINE('',#11935,#782);
#297=LINE('',#11937,#783);
#298=LINE('',#11939,#784);
#299=LINE('',#11941,#785);
#300=LINE('',#11943,#786);
#301=LINE('',#11945,#787);
#302=LINE('',#11947,#788);
#303=LINE('',#11949,#789);
#304=LINE('',#11951,#790);
#305=LINE('',#11953,#791);
#306=LINE('',#11955,#792);
#307=LINE('',#11957,#793);
#308=LINE('',#11959,#794);
#309=LINE('',#11961,#795);
#310=LINE('',#11963,#796);
#311=LINE('',#11965,#797);
#312=LINE('',#11967,#798);
#313=LINE('',#11970,#799);
#314=LINE('',#11971,#800);
#315=LINE('',#11973,#801);
#316=LINE('',#11975,#802);
#317=LINE('',#11977,#803);
#318=LINE('',#11979,#804);
#319=LINE('',#11981,#805);
#320=LINE('',#11983,#806);
#321=LINE('',#11985,#807);
#322=LINE('',#11987,#808);
#323=LINE('',#11989,#809);
#324=LINE('',#11991,#810);
#325=LINE('',#11993,#811);
#326=LINE('',#11995,#812);
#327=LINE('',#11997,#813);
#328=LINE('',#11999,#814);
#329=LINE('',#12001,#815);
#330=LINE('',#12003,#816);
#331=LINE('',#12005,#817);
#332=LINE('',#12007,#818);
#333=LINE('',#12009,#819);
#334=LINE('',#12011,#820);
#335=LINE('',#12013,#821);
#336=LINE('',#12015,#822);
#337=LINE('',#12017,#823);
#338=LINE('',#12019,#824);
#339=LINE('',#12021,#825);
#340=LINE('',#12023,#826);
#341=LINE('',#12025,#827);
#342=LINE('',#12027,#828);
#343=LINE('',#12029,#829);
#344=LINE('',#12031,#830);
#345=LINE('',#12033,#831);
#346=LINE('',#12035,#832);
#347=LINE('',#12037,#833);
#348=LINE('',#12039,#834);
#349=LINE('',#12041,#835);
#350=LINE('',#12043,#836);
#351=LINE('',#12045,#837);
#352=LINE('',#12047,#838);
#353=LINE('',#12049,#839);
#354=LINE('',#12051,#840);
#355=LINE('',#12053,#841);
#356=LINE('',#12055,#842);
#357=LINE('',#12057,#843);
#358=LINE('',#12059,#844);
#359=LINE('',#12061,#845);
#360=LINE('',#12063,#846);
#361=LINE('',#12066,#847);
#362=LINE('',#12067,#848);
#363=LINE('',#12069,#849);
#364=LINE('',#12071,#850);
#365=LINE('',#12073,#851);
#366=LINE('',#12075,#852);
#367=LINE('',#12077,#853);
#368=LINE('',#12079,#854);
#369=LINE('',#12081,#855);
#370=LINE('',#12083,#856);
#371=LINE('',#12085,#857);
#372=LINE('',#12087,#858);
#373=LINE('',#12089,#859);
#374=LINE('',#12091,#860);
#375=LINE('',#12093,#861);
#376=LINE('',#12095,#862);
#377=LINE('',#12098,#863);
#378=LINE('',#12099,#864);
#379=LINE('',#12101,#865);
#380=LINE('',#12103,#866);
#381=LINE('',#12105,#867);
#382=LINE('',#12107,#868);
#383=LINE('',#12109,#869);
#384=LINE('',#12111,#870);
#385=LINE('',#12113,#871);
#386=LINE('',#12115,#872);
#387=LINE('',#12117,#873);
#388=LINE('',#12119,#874);
#389=LINE('',#12121,#875);
#390=LINE('',#12123,#876);
#391=LINE('',#12125,#877);
#392=LINE('',#12127,#878);
#393=LINE('',#12130,#879);
#394=LINE('',#12131,#880);
#395=LINE('',#12133,#881);
#396=LINE('',#12135,#882);
#397=LINE('',#12137,#883);
#398=LINE('',#12139,#884);
#399=LINE('',#12141,#885);
#400=LINE('',#12143,#886);
#401=LINE('',#12145,#887);
#402=LINE('',#12147,#888);
#403=LINE('',#12149,#889);
#404=LINE('',#12151,#890);
#405=LINE('',#12153,#891);
#406=LINE('',#12155,#892);
#407=LINE('',#12157,#893);
#408=LINE('',#12159,#894);
#409=LINE('',#12162,#895);
#410=LINE('',#12163,#896);
#411=LINE('',#12165,#897);
#412=LINE('',#12167,#898);
#413=LINE('',#12169,#899);
#414=LINE('',#12171,#900);
#415=LINE('',#12173,#901);
#416=LINE('',#12175,#902);
#417=LINE('',#12177,#903);
#418=LINE('',#12179,#904);
#419=LINE('',#12181,#905);
#420=LINE('',#12183,#906);
#421=LINE('',#12185,#907);
#422=LINE('',#12187,#908);
#423=LINE('',#12189,#909);
#424=LINE('',#12191,#910);
#425=LINE('',#12194,#911);
#426=LINE('',#12195,#912);
#427=LINE('',#12197,#913);
#428=LINE('',#12199,#914);
#429=LINE('',#12201,#915);
#430=LINE('',#12203,#916);
#431=LINE('',#12205,#917);
#432=LINE('',#12207,#918);
#433=LINE('',#12210,#919);
#434=LINE('',#12211,#920);
#435=LINE('',#12213,#921);
#436=LINE('',#12215,#922);
#437=LINE('',#12217,#923);
#438=LINE('',#12219,#924);
#439=LINE('',#12221,#925);
#440=LINE('',#12223,#926);
#441=LINE('',#12225,#927);
#442=LINE('',#12227,#928);
#443=LINE('',#12229,#929);
#444=LINE('',#12231,#930);
#445=LINE('',#12233,#931);
#446=LINE('',#12235,#932);
#447=LINE('',#12237,#933);
#448=LINE('',#12239,#934);
#449=LINE('',#12242,#935);
#450=LINE('',#12243,#936);
#451=LINE('',#12245,#937);
#452=LINE('',#12247,#938);
#453=LINE('',#12249,#939);
#454=LINE('',#12251,#940);
#455=LINE('',#12253,#941);
#456=LINE('',#12255,#942);
#457=LINE('',#12257,#943);
#458=LINE('',#12259,#944);
#459=LINE('',#12261,#945);
#460=LINE('',#12263,#946);
#461=LINE('',#12265,#947);
#462=LINE('',#12267,#948);
#463=LINE('',#12269,#949);
#464=LINE('',#12271,#950);
#465=LINE('',#12274,#951);
#466=LINE('',#12275,#952);
#467=LINE('',#12277,#953);
#468=LINE('',#12279,#954);
#469=LINE('',#12281,#955);
#470=LINE('',#12283,#956);
#471=LINE('',#12285,#957);
#472=LINE('',#12287,#958);
#473=LINE('',#12289,#959);
#474=LINE('',#12291,#960);
#475=LINE('',#12293,#961);
#476=LINE('',#12295,#962);
#477=LINE('',#12297,#963);
#478=LINE('',#12299,#964);
#479=LINE('',#12301,#965);
#480=LINE('',#12303,#966);
#481=LINE('',#12306,#967);
#482=LINE('',#12307,#968);
#483=LINE('',#12309,#969);
#484=LINE('',#12311,#970);
#485=LINE('',#12313,#971);
#486=LINE('',#12315,#972);
#487=LINE('',#12317,#973);
#488=LINE('',#12319,#974);
#489=LINE('',#12321,#975);
#490=LINE('',#12323,#976);
#491=LINE('',#12325,#977);
#492=LINE('',#12327,#978);
#493=LINE('',#12329,#979);
#494=LINE('',#12331,#980);
#495=LINE('',#12333,#981);
#496=LINE('',#12335,#982);
#497=LINE('',#12337,#983);
#498=LINE('',#12339,#984);
#499=LINE('',#12341,#985);
#500=LINE('',#12343,#986);
#501=LINE('',#12345,#987);
#502=LINE('',#12347,#988);
#503=LINE('',#12349,#989);
#504=VECTOR('',#8789,1.);
#505=VECTOR('',#8792,1.);
#506=VECTOR('',#8797,1.);
#507=VECTOR('',#8798,1.);
#508=VECTOR('',#8799,1.);
#509=VECTOR('',#8802,1.);
#510=VECTOR('',#8803,1.);
#511=VECTOR('',#8804,1.);
#512=VECTOR('',#8809,1.);
#513=VECTOR('',#8812,1.);
#514=VECTOR('',#9001,1.);
#515=VECTOR('',#9004,1.);
#516=VECTOR('',#9191,1.);
#517=VECTOR('',#9194,1.);
#518=VECTOR('',#9197,1.);
#519=VECTOR('',#9200,1.);
#520=VECTOR('',#9453,1.);
#521=VECTOR('',#9454,1.);
#522=VECTOR('',#9455,1.);
#523=VECTOR('',#9456,1.);
#524=VECTOR('',#9459,1.);
#525=VECTOR('',#9460,1.);
#526=VECTOR('',#9461,1.);
#527=VECTOR('',#9464,1.);
#528=VECTOR('',#9465,1.);
#529=VECTOR('',#9466,1.);
#530=VECTOR('',#9469,1.);
#531=VECTOR('',#9470,1.);
#532=VECTOR('',#9471,1.);
#533=VECTOR('',#9472,1.);
#534=VECTOR('',#9473,1.);
#535=VECTOR('',#9474,1.);
#536=VECTOR('',#9475,1.);
#537=VECTOR('',#9476,1.);
#538=VECTOR('',#9477,1.);
#539=VECTOR('',#9478,1.);
#540=VECTOR('',#9479,1.);
#541=VECTOR('',#9480,1.);
#542=VECTOR('',#9481,1.);
#543=VECTOR('',#9482,1.);
#544=VECTOR('',#9483,1.);
#545=VECTOR('',#9484,1.);
#546=VECTOR('',#9485,1.);
#547=VECTOR('',#9486,1.);
#548=VECTOR('',#9487,1.);
#549=VECTOR('',#9488,1.);
#550=VECTOR('',#9489,1.);
#551=VECTOR('',#9490,1.);
#552=VECTOR('',#9491,1.);
#553=VECTOR('',#9492,1.);
#554=VECTOR('',#9493,1.);
#555=VECTOR('',#9494,1.);
#556=VECTOR('',#9495,1.);
#557=VECTOR('',#9496,1.);
#558=VECTOR('',#9497,1.);
#559=VECTOR('',#9498,1.);
#560=VECTOR('',#9499,1.);
#561=VECTOR('',#9500,1.);
#562=VECTOR('',#9501,1.);
#563=VECTOR('',#9502,1.);
#564=VECTOR('',#9503,1.);
#565=VECTOR('',#9504,1.);
#566=VECTOR('',#9505,1.);
#567=VECTOR('',#9506,1.);
#568=VECTOR('',#9507,1.);
#569=VECTOR('',#9508,1.);
#570=VECTOR('',#9509,1.);
#571=VECTOR('',#9510,1.);
#572=VECTOR('',#9511,1.);
#573=VECTOR('',#9512,1.);
#574=VECTOR('',#9513,1.);
#575=VECTOR('',#9514,1.);
#576=VECTOR('',#9515,1.);
#577=VECTOR('',#9516,1.);
#578=VECTOR('',#9517,1.);
#579=VECTOR('',#9518,1.);
#580=VECTOR('',#9519,1.);
#581=VECTOR('',#9520,1.);
#582=VECTOR('',#9521,1.);
#583=VECTOR('',#9522,1.);
#584=VECTOR('',#9523,1.);
#585=VECTOR('',#9524,1.);
#586=VECTOR('',#9525,1.);
#587=VECTOR('',#9526,1.);
#588=VECTOR('',#9527,1.);
#589=VECTOR('',#9528,1.);
#590=VECTOR('',#9529,1.);
#591=VECTOR('',#9530,1.);
#592=VECTOR('',#9531,1.);
#593=VECTOR('',#9532,1.);
#594=VECTOR('',#9533,1.);
#595=VECTOR('',#9534,1.);
#596=VECTOR('',#9535,1.);
#597=VECTOR('',#9536,1.);
#598=VECTOR('',#9537,1.);
#599=VECTOR('',#9538,1.);
#600=VECTOR('',#9539,1.);
#601=VECTOR('',#9540,1.);
#602=VECTOR('',#9541,1.);
#603=VECTOR('',#9542,1.);
#604=VECTOR('',#9543,1.);
#605=VECTOR('',#9544,1.);
#606=VECTOR('',#9545,1.);
#607=VECTOR('',#9546,1.);
#608=VECTOR('',#9547,1.);
#609=VECTOR('',#9550,1.);
#610=VECTOR('',#9551,1.);
#611=VECTOR('',#9552,1.);
#612=VECTOR('',#9553,1.);
#613=VECTOR('',#9554,1.);
#614=VECTOR('',#9555,1.);
#615=VECTOR('',#9556,1.);
#616=VECTOR('',#9557,1.);
#617=VECTOR('',#9558,1.);
#618=VECTOR('',#9559,1.);
#619=VECTOR('',#9560,1.);
#620=VECTOR('',#9561,1.);
#621=VECTOR('',#9562,1.);
#622=VECTOR('',#9563,1.);
#623=VECTOR('',#9564,1.);
#624=VECTOR('',#9565,1.);
#625=VECTOR('',#9566,1.);
#626=VECTOR('',#9567,1.);
#627=VECTOR('',#9568,1.);
#628=VECTOR('',#9569,1.);
#629=VECTOR('',#9570,1.);
#630=VECTOR('',#9571,1.);
#631=VECTOR('',#9572,1.);
#632=VECTOR('',#9573,1.);
#633=VECTOR('',#9574,1.);
#634=VECTOR('',#9575,1.);
#635=VECTOR('',#9576,1.);
#636=VECTOR('',#9577,1.);
#637=VECTOR('',#9578,1.);
#638=VECTOR('',#9579,1.);
#639=VECTOR('',#9580,1.);
#640=VECTOR('',#9581,1.);
#641=VECTOR('',#9582,1.);
#642=VECTOR('',#9583,1.);
#643=VECTOR('',#9584,1.);
#644=VECTOR('',#9585,1.);
#645=VECTOR('',#9586,1.);
#646=VECTOR('',#9587,1.);
#647=VECTOR('',#9588,1.);
#648=VECTOR('',#9589,1.);
#649=VECTOR('',#9590,1.);
#650=VECTOR('',#9591,1.);
#651=VECTOR('',#9592,1.);
#652=VECTOR('',#9593,1.);
#653=VECTOR('',#9594,1.);
#654=VECTOR('',#9595,1.);
#655=VECTOR('',#9596,1.);
#656=VECTOR('',#9597,1.);
#657=VECTOR('',#9598,1.);
#658=VECTOR('',#9599,1.);
#659=VECTOR('',#9600,1.);
#660=VECTOR('',#9601,1.);
#661=VECTOR('',#9602,1.);
#662=VECTOR('',#9603,1.);
#663=VECTOR('',#9604,1.);
#664=VECTOR('',#9605,1.);
#665=VECTOR('',#9606,1.);
#666=VECTOR('',#9607,1.);
#667=VECTOR('',#9608,1.);
#668=VECTOR('',#9609,1.);
#669=VECTOR('',#9610,1.);
#670=VECTOR('',#9611,1.);
#671=VECTOR('',#9612,1.);
#672=VECTOR('',#9613,1.);
#673=VECTOR('',#9614,1.);
#674=VECTOR('',#9615,1.);
#675=VECTOR('',#9616,1.);
#676=VECTOR('',#9617,1.);
#677=VECTOR('',#9618,1.);
#678=VECTOR('',#9619,1.);
#679=VECTOR('',#9620,1.);
#680=VECTOR('',#9621,1.);
#681=VECTOR('',#9622,1.);
#682=VECTOR('',#9623,1.);
#683=VECTOR('',#9624,1.);
#684=VECTOR('',#9625,1.);
#685=VECTOR('',#9626,1.);
#686=VECTOR('',#9627,1.);
#687=VECTOR('',#9628,1.);
#688=VECTOR('',#9631,1.);
#689=VECTOR('',#9634,1.);
#690=VECTOR('',#9637,1.);
#691=VECTOR('',#9640,1.);
#692=VECTOR('',#9643,1.);
#693=VECTOR('',#9646,1.);
#694=VECTOR('',#9649,1.);
#695=VECTOR('',#9652,1.);
#696=VECTOR('',#9655,1.);
#697=VECTOR('',#9658,1.);
#698=VECTOR('',#9661,1.);
#699=VECTOR('',#9664,1.);
#700=VECTOR('',#9667,1.);
#701=VECTOR('',#9670,1.);
#702=VECTOR('',#9673,1.);
#703=VECTOR('',#9676,1.);
#704=VECTOR('',#9679,1.);
#705=VECTOR('',#9682,1.);
#706=VECTOR('',#9685,1.);
#707=VECTOR('',#9688,1.);
#708=VECTOR('',#9691,1.);
#709=VECTOR('',#9694,1.);
#710=VECTOR('',#9697,1.);
#711=VECTOR('',#9700,1.);
#712=VECTOR('',#9703,1.);
#713=VECTOR('',#9706,1.);
#714=VECTOR('',#9709,1.);
#715=VECTOR('',#9712,1.);
#716=VECTOR('',#9715,1.);
#717=VECTOR('',#9718,1.);
#718=VECTOR('',#9721,1.);
#719=VECTOR('',#9724,1.);
#720=VECTOR('',#9727,1.);
#721=VECTOR('',#9730,1.);
#722=VECTOR('',#9733,1.);
#723=VECTOR('',#9736,1.);
#724=VECTOR('',#9739,1.);
#725=VECTOR('',#9742,1.);
#726=VECTOR('',#9745,1.);
#727=VECTOR('',#9748,1.);
#728=VECTOR('',#9751,1.);
#729=VECTOR('',#9754,1.);
#730=VECTOR('',#9757,1.);
#731=VECTOR('',#9760,1.);
#732=VECTOR('',#9763,1.);
#733=VECTOR('',#9766,1.);
#734=VECTOR('',#9771,1.);
#735=VECTOR('',#9772,1.);
#736=VECTOR('',#9773,1.);
#737=VECTOR('',#9776,1.);
#738=VECTOR('',#9777,1.);
#739=VECTOR('',#9780,1.);
#740=VECTOR('',#9781,1.);
#741=VECTOR('',#9784,1.);
#742=VECTOR('',#9787,1.);
#743=VECTOR('',#9788,1.);
#744=VECTOR('',#9789,1.);
#745=VECTOR('',#9792,1.);
#746=VECTOR('',#9793,1.);
#747=VECTOR('',#9796,1.);
#748=VECTOR('',#9797,1.);
#749=VECTOR('',#9800,1.);
#750=VECTOR('',#9803,1.);
#751=VECTOR('',#9804,1.);
#752=VECTOR('',#9805,1.);
#753=VECTOR('',#9808,1.);
#754=VECTOR('',#9809,1.);
#755=VECTOR('',#9812,1.);
#756=VECTOR('',#9813,1.);
#757=VECTOR('',#9816,1.);
#758=VECTOR('',#9819,1.);
#759=VECTOR('',#9820,1.);
#760=VECTOR('',#9821,1.);
#761=VECTOR('',#9824,1.);
#762=VECTOR('',#9825,1.);
#763=VECTOR('',#9828,1.);
#764=VECTOR('',#9829,1.);
#765=VECTOR('',#9832,1.);
#766=VECTOR('',#9835,1.);
#767=VECTOR('',#9836,1.);
#768=VECTOR('',#9837,1.);
#769=VECTOR('',#9840,1.);
#770=VECTOR('',#9841,1.);
#771=VECTOR('',#9844,1.);
#772=VECTOR('',#9845,1.);
#773=VECTOR('',#9848,1.);
#774=VECTOR('',#9851,1.);
#775=VECTOR('',#9852,1.);
#776=VECTOR('',#9853,1.);
#777=VECTOR('',#9856,1.);
#778=VECTOR('',#9857,1.);
#779=VECTOR('',#9860,1.);
#780=VECTOR('',#9861,1.);
#781=VECTOR('',#9864,1.);
#782=VECTOR('',#9867,1.);
#783=VECTOR('',#9868,1.);
#784=VECTOR('',#9869,1.);
#785=VECTOR('',#9872,1.);
#786=VECTOR('',#9873,1.);
#787=VECTOR('',#9876,1.);
#788=VECTOR('',#9877,1.);
#789=VECTOR('',#9880,1.);
#790=VECTOR('',#9883,1.);
#791=VECTOR('',#9884,1.);
#792=VECTOR('',#9885,1.);
#793=VECTOR('',#9888,1.);
#794=VECTOR('',#9889,1.);
#795=VECTOR('',#9892,1.);
#796=VECTOR('',#9893,1.);
#797=VECTOR('',#9896,1.);
#798=VECTOR('',#9899,1.);
#799=VECTOR('',#9900,1.);
#800=VECTOR('',#9901,1.);
#801=VECTOR('',#9904,1.);
#802=VECTOR('',#9905,1.);
#803=VECTOR('',#9908,1.);
#804=VECTOR('',#9909,1.);
#805=VECTOR('',#9912,1.);
#806=VECTOR('',#9915,1.);
#807=VECTOR('',#9916,1.);
#808=VECTOR('',#9917,1.);
#809=VECTOR('',#9920,1.);
#810=VECTOR('',#9921,1.);
#811=VECTOR('',#9924,1.);
#812=VECTOR('',#9925,1.);
#813=VECTOR('',#9928,1.);
#814=VECTOR('',#9931,1.);
#815=VECTOR('',#9932,1.);
#816=VECTOR('',#9933,1.);
#817=VECTOR('',#9936,1.);
#818=VECTOR('',#9937,1.);
#819=VECTOR('',#9940,1.);
#820=VECTOR('',#9941,1.);
#821=VECTOR('',#9944,1.);
#822=VECTOR('',#9947,1.);
#823=VECTOR('',#9948,1.);
#824=VECTOR('',#9949,1.);
#825=VECTOR('',#9952,1.);
#826=VECTOR('',#9953,1.);
#827=VECTOR('',#9956,1.);
#828=VECTOR('',#9957,1.);
#829=VECTOR('',#9960,1.);
#830=VECTOR('',#9963,1.);
#831=VECTOR('',#9964,1.);
#832=VECTOR('',#9965,1.);
#833=VECTOR('',#9968,1.);
#834=VECTOR('',#9969,1.);
#835=VECTOR('',#9972,1.);
#836=VECTOR('',#9973,1.);
#837=VECTOR('',#9976,1.);
#838=VECTOR('',#9979,1.);
#839=VECTOR('',#9980,1.);
#840=VECTOR('',#9981,1.);
#841=VECTOR('',#9984,1.);
#842=VECTOR('',#9985,1.);
#843=VECTOR('',#9988,1.);
#844=VECTOR('',#9989,1.);
#845=VECTOR('',#9992,1.);
#846=VECTOR('',#9995,1.);
#847=VECTOR('',#9996,1.);
#848=VECTOR('',#9997,1.);
#849=VECTOR('',#10000,1.);
#850=VECTOR('',#10001,1.);
#851=VECTOR('',#10004,1.);
#852=VECTOR('',#10005,1.);
#853=VECTOR('',#10008,1.);
#854=VECTOR('',#10011,1.);
#855=VECTOR('',#10012,1.);
#856=VECTOR('',#10013,1.);
#857=VECTOR('',#10016,1.);
#858=VECTOR('',#10017,1.);
#859=VECTOR('',#10020,1.);
#860=VECTOR('',#10021,1.);
#861=VECTOR('',#10024,1.);
#862=VECTOR('',#10027,1.);
#863=VECTOR('',#10028,1.);
#864=VECTOR('',#10029,1.);
#865=VECTOR('',#10032,1.);
#866=VECTOR('',#10033,1.);
#867=VECTOR('',#10036,1.);
#868=VECTOR('',#10037,1.);
#869=VECTOR('',#10040,1.);
#870=VECTOR('',#10043,1.);
#871=VECTOR('',#10044,1.);
#872=VECTOR('',#10045,1.);
#873=VECTOR('',#10048,1.);
#874=VECTOR('',#10049,1.);
#875=VECTOR('',#10052,1.);
#876=VECTOR('',#10053,1.);
#877=VECTOR('',#10056,1.);
#878=VECTOR('',#10059,1.);
#879=VECTOR('',#10060,1.);
#880=VECTOR('',#10061,1.);
#881=VECTOR('',#10064,1.);
#882=VECTOR('',#10065,1.);
#883=VECTOR('',#10068,1.);
#884=VECTOR('',#10069,1.);
#885=VECTOR('',#10072,1.);
#886=VECTOR('',#10075,1.);
#887=VECTOR('',#10076,1.);
#888=VECTOR('',#10077,1.);
#889=VECTOR('',#10080,1.);
#890=VECTOR('',#10081,1.);
#891=VECTOR('',#10084,1.);
#892=VECTOR('',#10085,1.);
#893=VECTOR('',#10088,1.);
#894=VECTOR('',#10091,1.);
#895=VECTOR('',#10092,1.);
#896=VECTOR('',#10093,1.);
#897=VECTOR('',#10096,1.);
#898=VECTOR('',#10097,1.);
#899=VECTOR('',#10100,1.);
#900=VECTOR('',#10101,1.);
#901=VECTOR('',#10104,1.);
#902=VECTOR('',#10107,1.);
#903=VECTOR('',#10108,1.);
#904=VECTOR('',#10109,1.);
#905=VECTOR('',#10112,1.);
#906=VECTOR('',#10113,1.);
#907=VECTOR('',#10116,1.);
#908=VECTOR('',#10117,1.);
#909=VECTOR('',#10120,1.);
#910=VECTOR('',#10123,1.);
#911=VECTOR('',#10124,1.);
#912=VECTOR('',#10125,1.);
#913=VECTOR('',#10128,1.);
#914=VECTOR('',#10129,1.);
#915=VECTOR('',#10132,1.);
#916=VECTOR('',#10133,1.);
#917=VECTOR('',#10136,1.);
#918=VECTOR('',#10139,1.);
#919=VECTOR('',#10140,1.);
#920=VECTOR('',#10141,1.);
#921=VECTOR('',#10144,1.);
#922=VECTOR('',#10145,1.);
#923=VECTOR('',#10148,1.);
#924=VECTOR('',#10149,1.);
#925=VECTOR('',#10152,1.);
#926=VECTOR('',#10155,1.);
#927=VECTOR('',#10156,1.);
#928=VECTOR('',#10157,1.);
#929=VECTOR('',#10160,1.);
#930=VECTOR('',#10161,1.);
#931=VECTOR('',#10164,1.);
#932=VECTOR('',#10165,1.);
#933=VECTOR('',#10168,1.);
#934=VECTOR('',#10171,1.);
#935=VECTOR('',#10172,1.);
#936=VECTOR('',#10173,1.);
#937=VECTOR('',#10176,1.);
#938=VECTOR('',#10177,1.);
#939=VECTOR('',#10180,1.);
#940=VECTOR('',#10181,1.);
#941=VECTOR('',#10184,1.);
#942=VECTOR('',#10187,1.);
#943=VECTOR('',#10188,1.);
#944=VECTOR('',#10189,1.);
#945=VECTOR('',#10192,1.);
#946=VECTOR('',#10193,1.);
#947=VECTOR('',#10196,1.);
#948=VECTOR('',#10197,1.);
#949=VECTOR('',#10200,1.);
#950=VECTOR('',#10203,1.);
#951=VECTOR('',#10204,1.);
#952=VECTOR('',#10205,1.);
#953=VECTOR('',#10208,1.);
#954=VECTOR('',#10209,1.);
#955=VECTOR('',#10212,1.);
#956=VECTOR('',#10213,1.);
#957=VECTOR('',#10216,1.);
#958=VECTOR('',#10219,1.);
#959=VECTOR('',#10220,1.);
#960=VECTOR('',#10221,1.);
#961=VECTOR('',#10224,1.);
#962=VECTOR('',#10225,1.);
#963=VECTOR('',#10228,1.);
#964=VECTOR('',#10229,1.);
#965=VECTOR('',#10232,1.);
#966=VECTOR('',#10235,1.);
#967=VECTOR('',#10236,1.);
#968=VECTOR('',#10237,1.);
#969=VECTOR('',#10240,1.);
#970=VECTOR('',#10241,1.);
#971=VECTOR('',#10244,1.);
#972=VECTOR('',#10245,1.);
#973=VECTOR('',#10248,1.);
#974=VECTOR('',#10251,1.);
#975=VECTOR('',#10252,1.);
#976=VECTOR('',#10253,1.);
#977=VECTOR('',#10256,1.);
#978=VECTOR('',#10257,1.);
#979=VECTOR('',#10260,1.);
#980=VECTOR('',#10261,1.);
#981=VECTOR('',#10264,1.);
#982=VECTOR('',#10267,1.);
#983=VECTOR('',#10268,1.);
#984=VECTOR('',#10269,1.);
#985=VECTOR('',#10272,1.);
#986=VECTOR('',#10273,1.);
#987=VECTOR('',#10276,1.);
#988=VECTOR('',#10277,1.);
#989=VECTOR('',#10280,1.);
#990=SHAPE_REPRESENTATION_RELATIONSHIP('','',#7881,#1011);
#991=SHAPE_REPRESENTATION_RELATIONSHIP('','',#7882,#1012);
#992=SHAPE_REPRESENTATION_RELATIONSHIP('','',#7883,#1013);
#993=SHAPE_REPRESENTATION_RELATIONSHIP('','',#7884,#1014);
#994=SHAPE_REPRESENTATION_RELATIONSHIP('','',#7885,#1015);
#995=SHAPE_REPRESENTATION_RELATIONSHIP('','',#7886,#1016);
#996=SHAPE_REPRESENTATION_RELATIONSHIP('','',#7887,#1017);
#997=SHAPE_REPRESENTATION_RELATIONSHIP('','',#7888,#1018);
#998=SHAPE_REPRESENTATION_RELATIONSHIP('','',#7889,#1019);
#999=SHAPE_REPRESENTATION_RELATIONSHIP('','',#7890,#1020);
#1000=SHAPE_REPRESENTATION_RELATIONSHIP('','',#7891,#1021);
#1001=SHAPE_REPRESENTATION_RELATIONSHIP('','',#7892,#1022);
#1002=SHAPE_REPRESENTATION_RELATIONSHIP('','',#7893,#1023);
#1003=SHAPE_REPRESENTATION_RELATIONSHIP('','',#7894,#1024);
#1004=SHAPE_REPRESENTATION_RELATIONSHIP('','',#7895,#1025);
#1005=SHAPE_REPRESENTATION_RELATIONSHIP('','',#7896,#1026);
#1006=SHAPE_REPRESENTATION_RELATIONSHIP('','',#7897,#1027);
#1007=SHAPE_REPRESENTATION_RELATIONSHIP('','',#7898,#1028);
#1008=SHAPE_REPRESENTATION_RELATIONSHIP('','',#7899,#1029);
#1009=SHAPE_REPRESENTATION_RELATIONSHIP('','',#7900,#1030);
#1010=SHAPE_REPRESENTATION_RELATIONSHIP('','',#7901,#1031);
#1011=ADVANCED_BREP_SHAPE_REPRESENTATION('',(#7839),#12735);
#1012=ADVANCED_BREP_SHAPE_REPRESENTATION('',(#7840),#12736);
#1013=ADVANCED_BREP_SHAPE_REPRESENTATION('',(#7841),#12737);
#1014=ADVANCED_BREP_SHAPE_REPRESENTATION('',(#7842),#12738);
#1015=ADVANCED_BREP_SHAPE_REPRESENTATION('',(#7843),#12739);
#1016=ADVANCED_BREP_SHAPE_REPRESENTATION('',(#7844),#12740);
#1017=ADVANCED_BREP_SHAPE_REPRESENTATION('',(#7845),#12741);
#1018=ADVANCED_BREP_SHAPE_REPRESENTATION('',(#7846),#12742);
#1019=ADVANCED_BREP_SHAPE_REPRESENTATION('',(#7847),#12743);
#1020=ADVANCED_BREP_SHAPE_REPRESENTATION('',(#7848),#12744);
#1021=ADVANCED_BREP_SHAPE_REPRESENTATION('',(#7849),#12745);
#1022=ADVANCED_BREP_SHAPE_REPRESENTATION('',(#7850),#12746);
#1023=ADVANCED_BREP_SHAPE_REPRESENTATION('',(#7851),#12747);
#1024=ADVANCED_BREP_SHAPE_REPRESENTATION('',(#7852),#12748);
#1025=ADVANCED_BREP_SHAPE_REPRESENTATION('',(#7853),#12749);
#1026=ADVANCED_BREP_SHAPE_REPRESENTATION('',(#7854),#12750);
#1027=ADVANCED_BREP_SHAPE_REPRESENTATION('',(#7855),#12751);
#1028=ADVANCED_BREP_SHAPE_REPRESENTATION('',(#7856),#12752);
#1029=ADVANCED_BREP_SHAPE_REPRESENTATION('',(#7857),#12753);
#1030=ADVANCED_BREP_SHAPE_REPRESENTATION('',(#7858),#12754);
#1031=ADVANCED_BREP_SHAPE_REPRESENTATION('',(#7859),#12755);
#1032=OVER_RIDING_STYLED_ITEM('',(#7191),#6699,#7169);
#1033=OVER_RIDING_STYLED_ITEM('',(#7192),#6700,#7169);
#1034=OVER_RIDING_STYLED_ITEM('',(#7193),#6702,#7169);
#1035=OVER_RIDING_STYLED_ITEM('',(#7194),#6703,#7169);
#1036=OVER_RIDING_STYLED_ITEM('',(#7195),#6704,#7169);
#1037=OVER_RIDING_STYLED_ITEM('',(#7196),#6705,#7169);
#1038=OVER_RIDING_STYLED_ITEM('',(#7197),#6706,#7169);
#1039=OVER_RIDING_STYLED_ITEM('',(#7202),#6822,#7173);
#1040=OVER_RIDING_STYLED_ITEM('',(#7203),#6823,#7173);
#1041=OVER_RIDING_STYLED_ITEM('',(#7204),#6824,#7173);
#1042=OVER_RIDING_STYLED_ITEM('',(#7206),#6831,#7174);
#1043=OVER_RIDING_STYLED_ITEM('',(#7207),#6832,#7174);
#1044=OVER_RIDING_STYLED_ITEM('',(#7208),#6833,#7174);
#1045=OVER_RIDING_STYLED_ITEM('',(#7209),#6834,#7174);
#1046=OVER_RIDING_STYLED_ITEM('',(#7210),#6835,#7174);
#1047=OVER_RIDING_STYLED_ITEM('',(#7211),#6836,#7174);
#1048=OVER_RIDING_STYLED_ITEM('',(#7212),#6837,#7174);
#1049=OVER_RIDING_STYLED_ITEM('',(#7213),#6838,#7174);
#1050=OVER_RIDING_STYLED_ITEM('',(#7214),#6839,#7174);
#1051=OVER_RIDING_STYLED_ITEM('',(#7215),#6840,#7174);
#1052=OVER_RIDING_STYLED_ITEM('',(#7216),#6841,#7174);
#1053=OVER_RIDING_STYLED_ITEM('',(#7217),#6842,#7174);
#1054=OVER_RIDING_STYLED_ITEM('',(#7218),#6843,#7174);
#1055=OVER_RIDING_STYLED_ITEM('',(#7219),#6844,#7174);
#1056=OVER_RIDING_STYLED_ITEM('',(#7220),#6845,#7174);
#1057=OVER_RIDING_STYLED_ITEM('',(#7221),#6846,#7174);
#1058=OVER_RIDING_STYLED_ITEM('',(#7222),#6847,#7174);
#1059=OVER_RIDING_STYLED_ITEM('',(#7223),#6848,#7174);
#1060=OVER_RIDING_STYLED_ITEM('',(#7224),#6849,#7174);
#1061=OVER_RIDING_STYLED_ITEM('',(#7225),#6850,#7174);
#1062=OVER_RIDING_STYLED_ITEM('',(#7226),#6851,#7174);
#1063=OVER_RIDING_STYLED_ITEM('',(#7227),#6852,#7174);
#1064=OVER_RIDING_STYLED_ITEM('',(#7228),#6853,#7174);
#1065=OVER_RIDING_STYLED_ITEM('',(#7229),#6854,#7174);
#1066=OVER_RIDING_STYLED_ITEM('',(#7230),#6855,#7174);
#1067=OVER_RIDING_STYLED_ITEM('',(#7231),#6856,#7174);
#1068=OVER_RIDING_STYLED_ITEM('',(#7232),#6857,#7174);
#1069=OVER_RIDING_STYLED_ITEM('',(#7233),#6858,#7174);
#1070=OVER_RIDING_STYLED_ITEM('',(#7234),#6859,#7174);
#1071=OVER_RIDING_STYLED_ITEM('',(#7235),#6860,#7174);
#1072=OVER_RIDING_STYLED_ITEM('',(#7236),#6861,#7174);
#1073=OVER_RIDING_STYLED_ITEM('',(#7237),#6862,#7174);
#1074=OVER_RIDING_STYLED_ITEM('',(#7238),#6863,#7174);
#1075=OVER_RIDING_STYLED_ITEM('',(#7239),#6864,#7174);
#1076=OVER_RIDING_STYLED_ITEM('',(#7240),#6865,#7174);
#1077=OVER_RIDING_STYLED_ITEM('',(#7241),#6866,#7174);
#1078=OVER_RIDING_STYLED_ITEM('',(#7242),#6867,#7174);
#1079=OVER_RIDING_STYLED_ITEM('',(#7243),#6868,#7174);
#1080=OVER_RIDING_STYLED_ITEM('',(#7244),#6869,#7174);
#1081=OVER_RIDING_STYLED_ITEM('',(#7245),#6870,#7174);
#1082=OVER_RIDING_STYLED_ITEM('',(#7246),#6871,#7174);
#1083=OVER_RIDING_STYLED_ITEM('',(#7247),#6872,#7174);
#1084=OVER_RIDING_STYLED_ITEM('',(#7248),#6873,#7174);
#1085=OVER_RIDING_STYLED_ITEM('',(#7249),#6874,#7174);
#1086=OVER_RIDING_STYLED_ITEM('',(#7250),#6875,#7174);
#1087=OVER_RIDING_STYLED_ITEM('',(#7251),#6876,#7174);
#1088=OVER_RIDING_STYLED_ITEM('',(#7252),#6877,#7174);
#1089=OVER_RIDING_STYLED_ITEM('',(#7253),#6878,#7174);
#1090=OVER_RIDING_STYLED_ITEM('',(#7254),#6879,#7174);
#1091=OVER_RIDING_STYLED_ITEM('',(#7255),#6880,#7174);
#1092=OVER_RIDING_STYLED_ITEM('',(#7256),#6881,#7174);
#1093=OVER_RIDING_STYLED_ITEM('',(#7257),#6882,#7174);
#1094=OVER_RIDING_STYLED_ITEM('',(#7259),#7027,#7175);
#1095=OVER_RIDING_STYLED_ITEM('',(#7260),#7028,#7175);
#1096=OVER_RIDING_STYLED_ITEM('',(#7261),#7029,#7175);
#1097=OVER_RIDING_STYLED_ITEM('',(#7265),#7050,#7178);
#1098=OVER_RIDING_STYLED_ITEM('',(#7266),#7051,#7178);
#1099=OVER_RIDING_STYLED_ITEM('',(#7267),#7052,#7178);
#1100=OVER_RIDING_STYLED_ITEM('',(#7270),#7066,#7180);
#1101=OVER_RIDING_STYLED_ITEM('',(#7271),#7067,#7180);
#1102=OVER_RIDING_STYLED_ITEM('',(#7272),#7068,#7180);
#1103=OVER_RIDING_STYLED_ITEM('',(#7276),#7089,#7183);
#1104=OVER_RIDING_STYLED_ITEM('',(#7277),#7090,#7183);
#1105=OVER_RIDING_STYLED_ITEM('',(#7278),#7091,#7183);
#1106=OVER_RIDING_STYLED_ITEM('',(#7281),#7105,#7185);
#1107=OVER_RIDING_STYLED_ITEM('',(#7282),#7106,#7185);
#1108=OVER_RIDING_STYLED_ITEM('',(#7283),#7107,#7185);
#1109=OVER_RIDING_STYLED_ITEM('',(#7285),#7114,#7186);
#1110=OVER_RIDING_STYLED_ITEM('',(#7286),#7115,#7186);
#1111=OVER_RIDING_STYLED_ITEM('',(#7287),#7116,#7186);
#1112=OVER_RIDING_STYLED_ITEM('',(#7290),#7130,#7188);
#1113=OVER_RIDING_STYLED_ITEM('',(#7291),#7131,#7188);
#1114=OVER_RIDING_STYLED_ITEM('',(#7292),#7132,#7188);
#1115=OVER_RIDING_STYLED_ITEM('',(#7294),#7139,#7189);
#1116=OVER_RIDING_STYLED_ITEM('',(#7295),#7140,#7189);
#1117=OVER_RIDING_STYLED_ITEM('',(#7296),#7141,#7189);
#1118=PLANE('',#7910);
#1119=PLANE('',#7913);
#1120=PLANE('',#7925);
#1121=PLANE('',#7926);
#1122=PLANE('',#7927);
#1123=PLANE('',#7940);
#1124=PLANE('',#7941);
#1125=PLANE('',#7946);
#1126=PLANE('',#7947);
#1127=PLANE('',#7948);
#1128=PLANE('',#8043);
#1129=PLANE('',#8140);
#1130=PLANE('',#8141);
#1131=PLANE('',#8246);
#1132=PLANE('',#8247);
#1133=PLANE('',#8252);
#1134=PLANE('',#8254);
#1135=PLANE('',#8264);
#1136=PLANE('',#8265);
#1137=PLANE('',#8267);
#1138=PLANE('',#8268);
#1139=PLANE('',#8269);
#1140=PLANE('',#8270);
#1141=PLANE('',#8271);
#1142=PLANE('',#8272);
#1143=PLANE('',#8273);
#1144=PLANE('',#8274);
#1145=PLANE('',#8275);
#1146=PLANE('',#8276);
#1147=PLANE('',#8277);
#1148=PLANE('',#8278);
#1149=PLANE('',#8279);
#1150=PLANE('',#8280);
#1151=PLANE('',#8281);
#1152=PLANE('',#8282);
#1153=PLANE('',#8283);
#1154=PLANE('',#8284);
#1155=PLANE('',#8285);
#1156=PLANE('',#8286);
#1157=PLANE('',#8287);
#1158=PLANE('',#8288);
#1159=PLANE('',#8289);
#1160=PLANE('',#8290);
#1161=PLANE('',#8291);
#1162=PLANE('',#8292);
#1163=PLANE('',#8293);
#1164=PLANE('',#8294);
#1165=PLANE('',#8295);
#1166=PLANE('',#8296);
#1167=PLANE('',#8297);
#1168=PLANE('',#8298);
#1169=PLANE('',#8299);
#1170=PLANE('',#8300);
#1171=PLANE('',#8301);
#1172=PLANE('',#8302);
#1173=PLANE('',#8303);
#1174=PLANE('',#8304);
#1175=PLANE('',#8305);
#1176=PLANE('',#8306);
#1177=PLANE('',#8307);
#1178=PLANE('',#8308);
#1179=PLANE('',#8309);
#1180=PLANE('',#8310);
#1181=PLANE('',#8311);
#1182=PLANE('',#8312);
#1183=PLANE('',#8313);
#1184=PLANE('',#8314);
#1185=PLANE('',#8315);
#1186=PLANE('',#8316);
#1187=PLANE('',#8317);
#1188=PLANE('',#8318);
#1189=PLANE('',#8319);
#1190=PLANE('',#8320);
#1191=PLANE('',#8321);
#1192=PLANE('',#8322);
#1193=PLANE('',#8323);
#1194=PLANE('',#8324);
#1195=PLANE('',#8325);
#1196=PLANE('',#8326);
#1197=PLANE('',#8327);
#1198=PLANE('',#8328);
#1199=PLANE('',#8329);
#1200=PLANE('',#8330);
#1201=PLANE('',#8331);
#1202=PLANE('',#8332);
#1203=PLANE('',#8333);
#1204=PLANE('',#8334);
#1205=PLANE('',#8335);
#1206=PLANE('',#8336);
#1207=PLANE('',#8337);
#1208=PLANE('',#8338);
#1209=PLANE('',#8339);
#1210=PLANE('',#8340);
#1211=PLANE('',#8341);
#1212=PLANE('',#8342);
#1213=PLANE('',#8343);
#1214=PLANE('',#8344);
#1215=PLANE('',#8345);
#1216=PLANE('',#8346);
#1217=PLANE('',#8347);
#1218=PLANE('',#8348);
#1219=PLANE('',#8349);
#1220=PLANE('',#8350);
#1221=PLANE('',#8351);
#1222=PLANE('',#8352);
#1223=PLANE('',#8353);
#1224=PLANE('',#8354);
#1225=PLANE('',#8355);
#1226=PLANE('',#8356);
#1227=PLANE('',#8357);
#1228=PLANE('',#8358);
#1229=PLANE('',#8359);
#1230=PLANE('',#8360);
#1231=PLANE('',#8361);
#1232=PLANE('',#8362);
#1233=PLANE('',#8363);
#1234=PLANE('',#8364);
#1235=PLANE('',#8365);
#1236=PLANE('',#8366);
#1237=PLANE('',#8367);
#1238=PLANE('',#8368);
#1239=PLANE('',#8369);
#1240=PLANE('',#8370);
#1241=PLANE('',#8371);
#1242=PLANE('',#8372);
#1243=PLANE('',#8373);
#1244=PLANE('',#8374);
#1245=PLANE('',#8375);
#1246=PLANE('',#8376);
#1247=PLANE('',#8377);
#1248=PLANE('',#8378);
#1249=PLANE('',#8379);
#1250=PLANE('',#8380);
#1251=PLANE('',#8381);
#1252=PLANE('',#8382);
#1253=PLANE('',#8383);
#1254=PLANE('',#8384);
#1255=PLANE('',#8385);
#1256=PLANE('',#8386);
#1257=PLANE('',#8387);
#1258=PLANE('',#8388);
#1259=PLANE('',#8389);
#1260=PLANE('',#8390);
#1261=PLANE('',#8391);
#1262=PLANE('',#8392);
#1263=PLANE('',#8393);
#1264=PLANE('',#8394);
#1265=PLANE('',#8395);
#1266=PLANE('',#8396);
#1267=PLANE('',#8397);
#1268=PLANE('',#8398);
#1269=PLANE('',#8399);
#1270=PLANE('',#8400);
#1271=PLANE('',#8401);
#1272=PLANE('',#8402);
#1273=PLANE('',#8403);
#1274=PLANE('',#8404);
#1275=PLANE('',#8405);
#1276=PLANE('',#8406);
#1277=PLANE('',#8407);
#1278=PLANE('',#8408);
#1279=PLANE('',#8409);
#1280=PLANE('',#8410);
#1281=PLANE('',#8411);
#1282=PLANE('',#8412);
#1283=PLANE('',#8413);
#1284=PLANE('',#8414);
#1285=PLANE('',#8415);
#1286=PLANE('',#8416);
#1287=PLANE('',#8417);
#1288=PLANE('',#8418);
#1289=PLANE('',#8419);
#1290=PLANE('',#8420);
#1291=PLANE('',#8421);
#1292=PLANE('',#8422);
#1293=PLANE('',#8423);
#1294=PLANE('',#8424);
#1295=PLANE('',#8425);
#1296=PLANE('',#8426);
#1297=PLANE('',#8427);
#1298=PLANE('',#8428);
#1299=PLANE('',#8429);
#1300=PLANE('',#8430);
#1301=PLANE('',#8431);
#1302=PLANE('',#8432);
#1303=PLANE('',#8433);
#1304=PLANE('',#8434);
#1305=PLANE('',#8435);
#1306=PLANE('',#8436);
#1307=PLANE('',#8437);
#1308=PLANE('',#8438);
#1309=PLANE('',#8439);
#1310=PLANE('',#8440);
#1311=PLANE('',#8441);
#1312=PLANE('',#8442);
#1313=PLANE('',#8443);
#1314=PLANE('',#8444);
#1315=PLANE('',#8445);
#1316=PLANE('',#8446);
#1317=PLANE('',#8447);
#1318=PLANE('',#8448);
#1319=PLANE('',#8449);
#1320=PLANE('',#8450);
#1321=PLANE('',#8451);
#1322=PLANE('',#8452);
#1323=PLANE('',#8453);
#1324=PLANE('',#8454);
#1325=PLANE('',#8455);
#1326=PLANE('',#8456);
#1327=PLANE('',#8457);
#1328=PLANE('',#8458);
#1329=PLANE('',#8459);
#1330=PLANE('',#8460);
#1331=PLANE('',#8461);
#1332=PLANE('',#8462);
#1333=PLANE('',#8467);
#1334=PLANE('',#8469);
#1335=PLANE('',#8479);
#1336=PLANE('',#8480);
#1337=PLANE('',#8493);
#1338=PLANE('',#8494);
#1339=PLANE('',#8507);
#1340=PLANE('',#8508);
#1341=PLANE('',#8513);
#1342=PLANE('',#8515);
#1343=PLANE('',#8525);
#1344=PLANE('',#8526);
#1345=PLANE('',#8539);
#1346=PLANE('',#8540);
#1347=PLANE('',#8545);
#1348=PLANE('',#8547);
#1349=PLANE('',#8557);
#1350=PLANE('',#8558);
#1351=PLANE('',#8571);
#1352=PLANE('',#8572);
#1353=PLANE('',#8585);
#1354=PLANE('',#8586);
#1355=PLANE('',#8591);
#1356=PLANE('',#8593);
#1357=PLANE('',#8603);
#1358=PLANE('',#8604);
#1359=PLANE('',#8617);
#1360=PLANE('',#8618);
#1361=PLANE('',#8623);
#1362=PLANE('',#8625);
#1363=PLANE('',#8635);
#1364=PLANE('',#8636);
#1365=PLANE('',#8641);
#1366=PLANE('',#8643);
#1367=PLANE('',#8653);
#1368=PLANE('',#8654);
#1369=PLANE('',#8667);
#1370=PLANE('',#8668);
#1371=PLANE('',#8673);
#1372=PLANE('',#8675);
#1373=PLANE('',#8685);
#1374=PLANE('',#8686);
#1375=PLANE('',#8691);
#1376=PLANE('',#8693);
#1377=PLANE('',#8703);
#1378=PLANE('',#8704);
#1379=TOROIDAL_SURFACE('',#7906,0.0057,0.0003);
#1380=TOROIDAL_SURFACE('',#7908,0.004518518518519,0.001481481481481);
#1381=TOROIDAL_SURFACE('',#7921,0.00027,0.00018);
#1382=TOROIDAL_SURFACE('',#7923,0.00027,0.00018);
#1383=TOROIDAL_SURFACE('',#7932,0.0005,0.00025);
#1384=TOROIDAL_SURFACE('',#7936,0.0005,0.00025);
#1385=TOROIDAL_SURFACE('',#8238,0.0005,0.00025);
#1386=TOROIDAL_SURFACE('',#8242,0.0005,0.00025);
#1387=TOROIDAL_SURFACE('',#8260,0.0006,0.0004);
#1388=TOROIDAL_SURFACE('',#8262,0.0006,0.0004);
#1389=TOROIDAL_SURFACE('',#8475,0.0006,0.0004);
#1390=TOROIDAL_SURFACE('',#8477,0.0006,0.0004);
#1391=TOROIDAL_SURFACE('',#8485,0.0005,0.00025);
#1392=TOROIDAL_SURFACE('',#8489,0.0005,0.00025);
#1393=TOROIDAL_SURFACE('',#8499,0.0005,0.00025);
#1394=TOROIDAL_SURFACE('',#8503,0.0005,0.00025);
#1395=TOROIDAL_SURFACE('',#8521,0.0006,0.0004);
#1396=TOROIDAL_SURFACE('',#8523,0.0006,0.0004);
#1397=TOROIDAL_SURFACE('',#8531,0.0005,0.00025);
#1398=TOROIDAL_SURFACE('',#8535,0.0005,0.00025);
#1399=TOROIDAL_SURFACE('',#8553,0.0006,0.0004);
#1400=TOROIDAL_SURFACE('',#8555,0.0006,0.0004);
#1401=TOROIDAL_SURFACE('',#8563,0.0005,0.00025);
#1402=TOROIDAL_SURFACE('',#8567,0.0005,0.00025);
#1403=TOROIDAL_SURFACE('',#8577,0.0005,0.00025);
#1404=TOROIDAL_SURFACE('',#8581,0.0005,0.00025);
#1405=TOROIDAL_SURFACE('',#8599,0.0006,0.0004);
#1406=TOROIDAL_SURFACE('',#8601,0.0006,0.0004);
#1407=TOROIDAL_SURFACE('',#8609,0.0005,0.00025);
#1408=TOROIDAL_SURFACE('',#8613,0.0005,0.00025);
#1409=TOROIDAL_SURFACE('',#8631,0.0006,0.0004);
#1410=TOROIDAL_SURFACE('',#8633,0.0006,0.0004);
#1411=TOROIDAL_SURFACE('',#8649,0.0006,0.0004);
#1412=TOROIDAL_SURFACE('',#8651,0.0006,0.0004);
#1413=TOROIDAL_SURFACE('',#8659,0.0005,0.00025);
#1414=TOROIDAL_SURFACE('',#8663,0.0005,0.00025);
#1415=TOROIDAL_SURFACE('',#8681,0.0006,0.0004);
#1416=TOROIDAL_SURFACE('',#8683,0.0006,0.0004);
#1417=TOROIDAL_SURFACE('',#8699,0.0006,0.0004);
#1418=TOROIDAL_SURFACE('',#8701,0.0006,0.0004);
#1419=ORIENTED_EDGE('',*,*,#3047,.F.);
#1420=ORIENTED_EDGE('',*,*,#3048,.T.);
#1421=ORIENTED_EDGE('',*,*,#3049,.T.);
#1422=ORIENTED_EDGE('',*,*,#3048,.F.);
#1423=ORIENTED_EDGE('',*,*,#3050,.F.);
#1424=ORIENTED_EDGE('',*,*,#3047,.T.);
#1425=ORIENTED_EDGE('',*,*,#3049,.F.);
#1426=ORIENTED_EDGE('',*,*,#3051,.T.);
#1427=ORIENTED_EDGE('',*,*,#3052,.T.);
#1428=ORIENTED_EDGE('',*,*,#3050,.T.);
#1429=ORIENTED_EDGE('',*,*,#3053,.T.);
#1430=ORIENTED_EDGE('',*,*,#3054,.T.);
#1431=ORIENTED_EDGE('',*,*,#3051,.F.);
#1432=ORIENTED_EDGE('',*,*,#3055,.T.);
#1433=ORIENTED_EDGE('',*,*,#3052,.F.);
#1434=ORIENTED_EDGE('',*,*,#3053,.F.);
#1435=ORIENTED_EDGE('',*,*,#3056,.F.);
#1436=ORIENTED_EDGE('',*,*,#3057,.T.);
#1437=ORIENTED_EDGE('',*,*,#3054,.F.);
#1438=ORIENTED_EDGE('',*,*,#3058,.T.);
#1439=ORIENTED_EDGE('',*,*,#3055,.F.);
#1440=ORIENTED_EDGE('',*,*,#3056,.T.);
#1441=ORIENTED_EDGE('',*,*,#3057,.F.);
#1442=ORIENTED_EDGE('',*,*,#3058,.F.);
#1443=ORIENTED_EDGE('',*,*,#3059,.F.);
#1444=ORIENTED_EDGE('',*,*,#3060,.T.);
#1445=ORIENTED_EDGE('',*,*,#3061,.T.);
#1446=ORIENTED_EDGE('',*,*,#3059,.T.);
#1447=ORIENTED_EDGE('',*,*,#3062,.F.);
#1448=ORIENTED_EDGE('',*,*,#3061,.F.);
#1449=ORIENTED_EDGE('',*,*,#3063,.T.);
#1450=ORIENTED_EDGE('',*,*,#3062,.T.);
#1451=ORIENTED_EDGE('',*,*,#3064,.F.);
#1452=ORIENTED_EDGE('',*,*,#3063,.F.);
#1453=ORIENTED_EDGE('',*,*,#3060,.F.);
#1454=ORIENTED_EDGE('',*,*,#3064,.T.);
#1455=ORIENTED_EDGE('',*,*,#3065,.T.);
#1456=ORIENTED_EDGE('',*,*,#3066,.T.);
#1457=ORIENTED_EDGE('',*,*,#3067,.F.);
#1458=ORIENTED_EDGE('',*,*,#3068,.F.);
#1459=ORIENTED_EDGE('',*,*,#3069,.T.);
#1460=ORIENTED_EDGE('',*,*,#3070,.T.);
#1461=ORIENTED_EDGE('',*,*,#3065,.F.);
#1462=ORIENTED_EDGE('',*,*,#3071,.F.);
#1463=ORIENTED_EDGE('',*,*,#3067,.T.);
#1464=ORIENTED_EDGE('',*,*,#3072,.T.);
#1465=ORIENTED_EDGE('',*,*,#3073,.F.);
#1466=ORIENTED_EDGE('',*,*,#3074,.F.);
#1467=ORIENTED_EDGE('',*,*,#3074,.T.);
#1468=ORIENTED_EDGE('',*,*,#3075,.T.);
#1469=ORIENTED_EDGE('',*,*,#3076,.T.);
#1470=ORIENTED_EDGE('',*,*,#3077,.T.);
#1471=ORIENTED_EDGE('',*,*,#3078,.T.);
#1472=ORIENTED_EDGE('',*,*,#3079,.T.);
#1473=ORIENTED_EDGE('',*,*,#3071,.T.);
#1474=ORIENTED_EDGE('',*,*,#3068,.T.);
#1475=ORIENTED_EDGE('',*,*,#3080,.F.);
#1476=ORIENTED_EDGE('',*,*,#3081,.F.);
#1477=ORIENTED_EDGE('',*,*,#3082,.F.);
#1478=ORIENTED_EDGE('',*,*,#3083,.F.);
#1479=ORIENTED_EDGE('',*,*,#3084,.F.);
#1480=ORIENTED_EDGE('',*,*,#3085,.F.);
#1481=ORIENTED_EDGE('',*,*,#3086,.F.);
#1482=ORIENTED_EDGE('',*,*,#3087,.F.);
#1483=ORIENTED_EDGE('',*,*,#3088,.F.);
#1484=ORIENTED_EDGE('',*,*,#3089,.F.);
#1485=ORIENTED_EDGE('',*,*,#3090,.F.);
#1486=ORIENTED_EDGE('',*,*,#3091,.F.);
#1487=ORIENTED_EDGE('',*,*,#3092,.F.);
#1488=ORIENTED_EDGE('',*,*,#3093,.F.);
#1489=ORIENTED_EDGE('',*,*,#3094,.F.);
#1490=ORIENTED_EDGE('',*,*,#3095,.F.);
#1491=ORIENTED_EDGE('',*,*,#3096,.F.);
#1492=ORIENTED_EDGE('',*,*,#3097,.F.);
#1493=ORIENTED_EDGE('',*,*,#3098,.F.);
#1494=ORIENTED_EDGE('',*,*,#3099,.F.);
#1495=ORIENTED_EDGE('',*,*,#3100,.F.);
#1496=ORIENTED_EDGE('',*,*,#3101,.F.);
#1497=ORIENTED_EDGE('',*,*,#3102,.F.);
#1498=ORIENTED_EDGE('',*,*,#3103,.F.);
#1499=ORIENTED_EDGE('',*,*,#3104,.F.);
#1500=ORIENTED_EDGE('',*,*,#3105,.F.);
#1501=ORIENTED_EDGE('',*,*,#3106,.F.);
#1502=ORIENTED_EDGE('',*,*,#3107,.F.);
#1503=ORIENTED_EDGE('',*,*,#3108,.F.);
#1504=ORIENTED_EDGE('',*,*,#3109,.F.);
#1505=ORIENTED_EDGE('',*,*,#3110,.F.);
#1506=ORIENTED_EDGE('',*,*,#3111,.F.);
#1507=ORIENTED_EDGE('',*,*,#3112,.F.);
#1508=ORIENTED_EDGE('',*,*,#3113,.F.);
#1509=ORIENTED_EDGE('',*,*,#3114,.F.);
#1510=ORIENTED_EDGE('',*,*,#3115,.F.);
#1511=ORIENTED_EDGE('',*,*,#3116,.F.);
#1512=ORIENTED_EDGE('',*,*,#3117,.F.);
#1513=ORIENTED_EDGE('',*,*,#3118,.F.);
#1514=ORIENTED_EDGE('',*,*,#3119,.F.);
#1515=ORIENTED_EDGE('',*,*,#3120,.F.);
#1516=ORIENTED_EDGE('',*,*,#3121,.F.);
#1517=ORIENTED_EDGE('',*,*,#3122,.F.);
#1518=ORIENTED_EDGE('',*,*,#3123,.F.);
#1519=ORIENTED_EDGE('',*,*,#3124,.F.);
#1520=ORIENTED_EDGE('',*,*,#3125,.F.);
#1521=ORIENTED_EDGE('',*,*,#3126,.F.);
#1522=ORIENTED_EDGE('',*,*,#3127,.F.);
#1523=ORIENTED_EDGE('',*,*,#3128,.F.);
#1524=ORIENTED_EDGE('',*,*,#3129,.F.);
#1525=ORIENTED_EDGE('',*,*,#3130,.F.);
#1526=ORIENTED_EDGE('',*,*,#3131,.F.);
#1527=ORIENTED_EDGE('',*,*,#3132,.F.);
#1528=ORIENTED_EDGE('',*,*,#3133,.F.);
#1529=ORIENTED_EDGE('',*,*,#3134,.F.);
#1530=ORIENTED_EDGE('',*,*,#3135,.F.);
#1531=ORIENTED_EDGE('',*,*,#3136,.F.);
#1532=ORIENTED_EDGE('',*,*,#3137,.F.);
#1533=ORIENTED_EDGE('',*,*,#3138,.F.);
#1534=ORIENTED_EDGE('',*,*,#3139,.F.);
#1535=ORIENTED_EDGE('',*,*,#3140,.F.);
#1536=ORIENTED_EDGE('',*,*,#3141,.F.);
#1537=ORIENTED_EDGE('',*,*,#3142,.F.);
#1538=ORIENTED_EDGE('',*,*,#3143,.F.);
#1539=ORIENTED_EDGE('',*,*,#3144,.F.);
#1540=ORIENTED_EDGE('',*,*,#3145,.F.);
#1541=ORIENTED_EDGE('',*,*,#3146,.F.);
#1542=ORIENTED_EDGE('',*,*,#3147,.F.);
#1543=ORIENTED_EDGE('',*,*,#3148,.F.);
#1544=ORIENTED_EDGE('',*,*,#3149,.F.);
#1545=ORIENTED_EDGE('',*,*,#3150,.F.);
#1546=ORIENTED_EDGE('',*,*,#3151,.F.);
#1547=ORIENTED_EDGE('',*,*,#3152,.F.);
#1548=ORIENTED_EDGE('',*,*,#3153,.F.);
#1549=ORIENTED_EDGE('',*,*,#3154,.F.);
#1550=ORIENTED_EDGE('',*,*,#3155,.F.);
#1551=ORIENTED_EDGE('',*,*,#3156,.F.);
#1552=ORIENTED_EDGE('',*,*,#3157,.F.);
#1553=ORIENTED_EDGE('',*,*,#3158,.F.);
#1554=ORIENTED_EDGE('',*,*,#3159,.F.);
#1555=ORIENTED_EDGE('',*,*,#3160,.F.);
#1556=ORIENTED_EDGE('',*,*,#3161,.F.);
#1557=ORIENTED_EDGE('',*,*,#3162,.F.);
#1558=ORIENTED_EDGE('',*,*,#3163,.F.);
#1559=ORIENTED_EDGE('',*,*,#3164,.F.);
#1560=ORIENTED_EDGE('',*,*,#3165,.F.);
#1561=ORIENTED_EDGE('',*,*,#3166,.F.);
#1562=ORIENTED_EDGE('',*,*,#3167,.F.);
#1563=ORIENTED_EDGE('',*,*,#3168,.F.);
#1564=ORIENTED_EDGE('',*,*,#3169,.F.);
#1565=ORIENTED_EDGE('',*,*,#3170,.F.);
#1566=ORIENTED_EDGE('',*,*,#3066,.F.);
#1567=ORIENTED_EDGE('',*,*,#3070,.F.);
#1568=ORIENTED_EDGE('',*,*,#3171,.F.);
#1569=ORIENTED_EDGE('',*,*,#3172,.F.);
#1570=ORIENTED_EDGE('',*,*,#3173,.F.);
#1571=ORIENTED_EDGE('',*,*,#3174,.F.);
#1572=ORIENTED_EDGE('',*,*,#3175,.F.);
#1573=ORIENTED_EDGE('',*,*,#3072,.F.);
#1574=ORIENTED_EDGE('',*,*,#3176,.T.);
#1575=ORIENTED_EDGE('',*,*,#3177,.T.);
#1576=ORIENTED_EDGE('',*,*,#3178,.T.);
#1577=ORIENTED_EDGE('',*,*,#3179,.T.);
#1578=ORIENTED_EDGE('',*,*,#3180,.T.);
#1579=ORIENTED_EDGE('',*,*,#3181,.T.);
#1580=ORIENTED_EDGE('',*,*,#3182,.T.);
#1581=ORIENTED_EDGE('',*,*,#3183,.T.);
#1582=ORIENTED_EDGE('',*,*,#3184,.T.);
#1583=ORIENTED_EDGE('',*,*,#3185,.T.);
#1584=ORIENTED_EDGE('',*,*,#3186,.T.);
#1585=ORIENTED_EDGE('',*,*,#3187,.T.);
#1586=ORIENTED_EDGE('',*,*,#3188,.T.);
#1587=ORIENTED_EDGE('',*,*,#3189,.T.);
#1588=ORIENTED_EDGE('',*,*,#3190,.T.);
#1589=ORIENTED_EDGE('',*,*,#3191,.T.);
#1590=ORIENTED_EDGE('',*,*,#3192,.T.);
#1591=ORIENTED_EDGE('',*,*,#3193,.T.);
#1592=ORIENTED_EDGE('',*,*,#3194,.T.);
#1593=ORIENTED_EDGE('',*,*,#3195,.T.);
#1594=ORIENTED_EDGE('',*,*,#3196,.T.);
#1595=ORIENTED_EDGE('',*,*,#3197,.T.);
#1596=ORIENTED_EDGE('',*,*,#3198,.T.);
#1597=ORIENTED_EDGE('',*,*,#3199,.T.);
#1598=ORIENTED_EDGE('',*,*,#3200,.T.);
#1599=ORIENTED_EDGE('',*,*,#3201,.T.);
#1600=ORIENTED_EDGE('',*,*,#3202,.T.);
#1601=ORIENTED_EDGE('',*,*,#3203,.T.);
#1602=ORIENTED_EDGE('',*,*,#3204,.T.);
#1603=ORIENTED_EDGE('',*,*,#3205,.T.);
#1604=ORIENTED_EDGE('',*,*,#3206,.T.);
#1605=ORIENTED_EDGE('',*,*,#3207,.T.);
#1606=ORIENTED_EDGE('',*,*,#3208,.T.);
#1607=ORIENTED_EDGE('',*,*,#3209,.T.);
#1608=ORIENTED_EDGE('',*,*,#3210,.T.);
#1609=ORIENTED_EDGE('',*,*,#3211,.T.);
#1610=ORIENTED_EDGE('',*,*,#3212,.T.);
#1611=ORIENTED_EDGE('',*,*,#3213,.T.);
#1612=ORIENTED_EDGE('',*,*,#3214,.T.);
#1613=ORIENTED_EDGE('',*,*,#3215,.T.);
#1614=ORIENTED_EDGE('',*,*,#3216,.T.);
#1615=ORIENTED_EDGE('',*,*,#3217,.T.);
#1616=ORIENTED_EDGE('',*,*,#3218,.T.);
#1617=ORIENTED_EDGE('',*,*,#3219,.T.);
#1618=ORIENTED_EDGE('',*,*,#3220,.T.);
#1619=ORIENTED_EDGE('',*,*,#3221,.T.);
#1620=ORIENTED_EDGE('',*,*,#3222,.T.);
#1621=ORIENTED_EDGE('',*,*,#3223,.T.);
#1622=ORIENTED_EDGE('',*,*,#3224,.T.);
#1623=ORIENTED_EDGE('',*,*,#3225,.T.);
#1624=ORIENTED_EDGE('',*,*,#3226,.T.);
#1625=ORIENTED_EDGE('',*,*,#3227,.T.);
#1626=ORIENTED_EDGE('',*,*,#3228,.T.);
#1627=ORIENTED_EDGE('',*,*,#3229,.T.);
#1628=ORIENTED_EDGE('',*,*,#3230,.T.);
#1629=ORIENTED_EDGE('',*,*,#3231,.T.);
#1630=ORIENTED_EDGE('',*,*,#3232,.T.);
#1631=ORIENTED_EDGE('',*,*,#3233,.T.);
#1632=ORIENTED_EDGE('',*,*,#3234,.T.);
#1633=ORIENTED_EDGE('',*,*,#3235,.T.);
#1634=ORIENTED_EDGE('',*,*,#3236,.T.);
#1635=ORIENTED_EDGE('',*,*,#3237,.T.);
#1636=ORIENTED_EDGE('',*,*,#3238,.T.);
#1637=ORIENTED_EDGE('',*,*,#3239,.T.);
#1638=ORIENTED_EDGE('',*,*,#3240,.T.);
#1639=ORIENTED_EDGE('',*,*,#3241,.T.);
#1640=ORIENTED_EDGE('',*,*,#3242,.T.);
#1641=ORIENTED_EDGE('',*,*,#3243,.T.);
#1642=ORIENTED_EDGE('',*,*,#3244,.T.);
#1643=ORIENTED_EDGE('',*,*,#3245,.T.);
#1644=ORIENTED_EDGE('',*,*,#3246,.T.);
#1645=ORIENTED_EDGE('',*,*,#3247,.T.);
#1646=ORIENTED_EDGE('',*,*,#3248,.T.);
#1647=ORIENTED_EDGE('',*,*,#3249,.T.);
#1648=ORIENTED_EDGE('',*,*,#3250,.T.);
#1649=ORIENTED_EDGE('',*,*,#3251,.T.);
#1650=ORIENTED_EDGE('',*,*,#3252,.T.);
#1651=ORIENTED_EDGE('',*,*,#3253,.T.);
#1652=ORIENTED_EDGE('',*,*,#3254,.T.);
#1653=ORIENTED_EDGE('',*,*,#3255,.T.);
#1654=ORIENTED_EDGE('',*,*,#3256,.T.);
#1655=ORIENTED_EDGE('',*,*,#3257,.T.);
#1656=ORIENTED_EDGE('',*,*,#3258,.T.);
#1657=ORIENTED_EDGE('',*,*,#3259,.T.);
#1658=ORIENTED_EDGE('',*,*,#3260,.T.);
#1659=ORIENTED_EDGE('',*,*,#3261,.T.);
#1660=ORIENTED_EDGE('',*,*,#3262,.T.);
#1661=ORIENTED_EDGE('',*,*,#3263,.T.);
#1662=ORIENTED_EDGE('',*,*,#3264,.T.);
#1663=ORIENTED_EDGE('',*,*,#3265,.T.);
#1664=ORIENTED_EDGE('',*,*,#3266,.T.);
#1665=ORIENTED_EDGE('',*,*,#3267,.T.);
#1666=ORIENTED_EDGE('',*,*,#3171,.T.);
#1667=ORIENTED_EDGE('',*,*,#3069,.F.);
#1668=ORIENTED_EDGE('',*,*,#3079,.F.);
#1669=ORIENTED_EDGE('',*,*,#3073,.T.);
#1670=ORIENTED_EDGE('',*,*,#3175,.T.);
#1671=ORIENTED_EDGE('',*,*,#3268,.F.);
#1672=ORIENTED_EDGE('',*,*,#3075,.F.);
#1673=ORIENTED_EDGE('',*,*,#3269,.T.);
#1674=ORIENTED_EDGE('',*,*,#3172,.T.);
#1675=ORIENTED_EDGE('',*,*,#3267,.F.);
#1676=ORIENTED_EDGE('',*,*,#3078,.F.);
#1677=ORIENTED_EDGE('',*,*,#3268,.T.);
#1678=ORIENTED_EDGE('',*,*,#3174,.T.);
#1679=ORIENTED_EDGE('',*,*,#3270,.F.);
#1680=ORIENTED_EDGE('',*,*,#3076,.F.);
#1681=ORIENTED_EDGE('',*,*,#3270,.T.);
#1682=ORIENTED_EDGE('',*,*,#3173,.T.);
#1683=ORIENTED_EDGE('',*,*,#3269,.F.);
#1684=ORIENTED_EDGE('',*,*,#3077,.F.);
#1685=ORIENTED_EDGE('',*,*,#3176,.F.);
#1686=ORIENTED_EDGE('',*,*,#3080,.T.);
#1687=ORIENTED_EDGE('',*,*,#3177,.F.);
#1688=ORIENTED_EDGE('',*,*,#3081,.T.);
#1689=ORIENTED_EDGE('',*,*,#3178,.F.);
#1690=ORIENTED_EDGE('',*,*,#3082,.T.);
#1691=ORIENTED_EDGE('',*,*,#3179,.F.);
#1692=ORIENTED_EDGE('',*,*,#3083,.T.);
#1693=ORIENTED_EDGE('',*,*,#3180,.F.);
#1694=ORIENTED_EDGE('',*,*,#3084,.T.);
#1695=ORIENTED_EDGE('',*,*,#3181,.F.);
#1696=ORIENTED_EDGE('',*,*,#3085,.T.);
#1697=ORIENTED_EDGE('',*,*,#3182,.F.);
#1698=ORIENTED_EDGE('',*,*,#3086,.T.);
#1699=ORIENTED_EDGE('',*,*,#3183,.F.);
#1700=ORIENTED_EDGE('',*,*,#3087,.T.);
#1701=ORIENTED_EDGE('',*,*,#3184,.F.);
#1702=ORIENTED_EDGE('',*,*,#3088,.T.);
#1703=ORIENTED_EDGE('',*,*,#3185,.F.);
#1704=ORIENTED_EDGE('',*,*,#3089,.T.);
#1705=ORIENTED_EDGE('',*,*,#3186,.F.);
#1706=ORIENTED_EDGE('',*,*,#3090,.T.);
#1707=ORIENTED_EDGE('',*,*,#3187,.F.);
#1708=ORIENTED_EDGE('',*,*,#3091,.T.);
#1709=ORIENTED_EDGE('',*,*,#3188,.F.);
#1710=ORIENTED_EDGE('',*,*,#3092,.T.);
#1711=ORIENTED_EDGE('',*,*,#3189,.F.);
#1712=ORIENTED_EDGE('',*,*,#3093,.T.);
#1713=ORIENTED_EDGE('',*,*,#3190,.F.);
#1714=ORIENTED_EDGE('',*,*,#3094,.T.);
#1715=ORIENTED_EDGE('',*,*,#3191,.F.);
#1716=ORIENTED_EDGE('',*,*,#3095,.T.);
#1717=ORIENTED_EDGE('',*,*,#3192,.F.);
#1718=ORIENTED_EDGE('',*,*,#3096,.T.);
#1719=ORIENTED_EDGE('',*,*,#3193,.F.);
#1720=ORIENTED_EDGE('',*,*,#3097,.T.);
#1721=ORIENTED_EDGE('',*,*,#3194,.F.);
#1722=ORIENTED_EDGE('',*,*,#3098,.T.);
#1723=ORIENTED_EDGE('',*,*,#3195,.F.);
#1724=ORIENTED_EDGE('',*,*,#3099,.T.);
#1725=ORIENTED_EDGE('',*,*,#3196,.F.);
#1726=ORIENTED_EDGE('',*,*,#3100,.T.);
#1727=ORIENTED_EDGE('',*,*,#3197,.F.);
#1728=ORIENTED_EDGE('',*,*,#3101,.T.);
#1729=ORIENTED_EDGE('',*,*,#3198,.F.);
#1730=ORIENTED_EDGE('',*,*,#3102,.T.);
#1731=ORIENTED_EDGE('',*,*,#3199,.F.);
#1732=ORIENTED_EDGE('',*,*,#3103,.T.);
#1733=ORIENTED_EDGE('',*,*,#3200,.F.);
#1734=ORIENTED_EDGE('',*,*,#3104,.T.);
#1735=ORIENTED_EDGE('',*,*,#3201,.F.);
#1736=ORIENTED_EDGE('',*,*,#3105,.T.);
#1737=ORIENTED_EDGE('',*,*,#3202,.F.);
#1738=ORIENTED_EDGE('',*,*,#3106,.T.);
#1739=ORIENTED_EDGE('',*,*,#3203,.F.);
#1740=ORIENTED_EDGE('',*,*,#3107,.T.);
#1741=ORIENTED_EDGE('',*,*,#3204,.F.);
#1742=ORIENTED_EDGE('',*,*,#3108,.T.);
#1743=ORIENTED_EDGE('',*,*,#3205,.F.);
#1744=ORIENTED_EDGE('',*,*,#3109,.T.);
#1745=ORIENTED_EDGE('',*,*,#3206,.F.);
#1746=ORIENTED_EDGE('',*,*,#3110,.T.);
#1747=ORIENTED_EDGE('',*,*,#3207,.F.);
#1748=ORIENTED_EDGE('',*,*,#3111,.T.);
#1749=ORIENTED_EDGE('',*,*,#3208,.F.);
#1750=ORIENTED_EDGE('',*,*,#3112,.T.);
#1751=ORIENTED_EDGE('',*,*,#3209,.F.);
#1752=ORIENTED_EDGE('',*,*,#3113,.T.);
#1753=ORIENTED_EDGE('',*,*,#3210,.F.);
#1754=ORIENTED_EDGE('',*,*,#3114,.T.);
#1755=ORIENTED_EDGE('',*,*,#3211,.F.);
#1756=ORIENTED_EDGE('',*,*,#3115,.T.);
#1757=ORIENTED_EDGE('',*,*,#3212,.F.);
#1758=ORIENTED_EDGE('',*,*,#3116,.T.);
#1759=ORIENTED_EDGE('',*,*,#3213,.F.);
#1760=ORIENTED_EDGE('',*,*,#3117,.T.);
#1761=ORIENTED_EDGE('',*,*,#3214,.F.);
#1762=ORIENTED_EDGE('',*,*,#3118,.T.);
#1763=ORIENTED_EDGE('',*,*,#3215,.F.);
#1764=ORIENTED_EDGE('',*,*,#3119,.T.);
#1765=ORIENTED_EDGE('',*,*,#3216,.F.);
#1766=ORIENTED_EDGE('',*,*,#3120,.T.);
#1767=ORIENTED_EDGE('',*,*,#3217,.F.);
#1768=ORIENTED_EDGE('',*,*,#3121,.T.);
#1769=ORIENTED_EDGE('',*,*,#3218,.F.);
#1770=ORIENTED_EDGE('',*,*,#3122,.T.);
#1771=ORIENTED_EDGE('',*,*,#3219,.F.);
#1772=ORIENTED_EDGE('',*,*,#3123,.T.);
#1773=ORIENTED_EDGE('',*,*,#3220,.F.);
#1774=ORIENTED_EDGE('',*,*,#3124,.T.);
#1775=ORIENTED_EDGE('',*,*,#3221,.F.);
#1776=ORIENTED_EDGE('',*,*,#3125,.T.);
#1777=ORIENTED_EDGE('',*,*,#3222,.F.);
#1778=ORIENTED_EDGE('',*,*,#3126,.T.);
#1779=ORIENTED_EDGE('',*,*,#3223,.F.);
#1780=ORIENTED_EDGE('',*,*,#3127,.T.);
#1781=ORIENTED_EDGE('',*,*,#3224,.F.);
#1782=ORIENTED_EDGE('',*,*,#3128,.T.);
#1783=ORIENTED_EDGE('',*,*,#3225,.F.);
#1784=ORIENTED_EDGE('',*,*,#3129,.T.);
#1785=ORIENTED_EDGE('',*,*,#3226,.F.);
#1786=ORIENTED_EDGE('',*,*,#3130,.T.);
#1787=ORIENTED_EDGE('',*,*,#3227,.F.);
#1788=ORIENTED_EDGE('',*,*,#3131,.T.);
#1789=ORIENTED_EDGE('',*,*,#3228,.F.);
#1790=ORIENTED_EDGE('',*,*,#3132,.T.);
#1791=ORIENTED_EDGE('',*,*,#3229,.F.);
#1792=ORIENTED_EDGE('',*,*,#3133,.T.);
#1793=ORIENTED_EDGE('',*,*,#3230,.F.);
#1794=ORIENTED_EDGE('',*,*,#3134,.T.);
#1795=ORIENTED_EDGE('',*,*,#3231,.F.);
#1796=ORIENTED_EDGE('',*,*,#3135,.T.);
#1797=ORIENTED_EDGE('',*,*,#3232,.F.);
#1798=ORIENTED_EDGE('',*,*,#3136,.T.);
#1799=ORIENTED_EDGE('',*,*,#3233,.F.);
#1800=ORIENTED_EDGE('',*,*,#3137,.T.);
#1801=ORIENTED_EDGE('',*,*,#3234,.F.);
#1802=ORIENTED_EDGE('',*,*,#3138,.T.);
#1803=ORIENTED_EDGE('',*,*,#3235,.F.);
#1804=ORIENTED_EDGE('',*,*,#3139,.T.);
#1805=ORIENTED_EDGE('',*,*,#3236,.F.);
#1806=ORIENTED_EDGE('',*,*,#3140,.T.);
#1807=ORIENTED_EDGE('',*,*,#3237,.F.);
#1808=ORIENTED_EDGE('',*,*,#3141,.T.);
#1809=ORIENTED_EDGE('',*,*,#3238,.F.);
#1810=ORIENTED_EDGE('',*,*,#3142,.T.);
#1811=ORIENTED_EDGE('',*,*,#3239,.F.);
#1812=ORIENTED_EDGE('',*,*,#3143,.T.);
#1813=ORIENTED_EDGE('',*,*,#3240,.F.);
#1814=ORIENTED_EDGE('',*,*,#3144,.T.);
#1815=ORIENTED_EDGE('',*,*,#3241,.F.);
#1816=ORIENTED_EDGE('',*,*,#3145,.T.);
#1817=ORIENTED_EDGE('',*,*,#3242,.F.);
#1818=ORIENTED_EDGE('',*,*,#3146,.T.);
#1819=ORIENTED_EDGE('',*,*,#3243,.F.);
#1820=ORIENTED_EDGE('',*,*,#3147,.T.);
#1821=ORIENTED_EDGE('',*,*,#3244,.F.);
#1822=ORIENTED_EDGE('',*,*,#3148,.T.);
#1823=ORIENTED_EDGE('',*,*,#3245,.F.);
#1824=ORIENTED_EDGE('',*,*,#3149,.T.);
#1825=ORIENTED_EDGE('',*,*,#3246,.F.);
#1826=ORIENTED_EDGE('',*,*,#3150,.T.);
#1827=ORIENTED_EDGE('',*,*,#3247,.F.);
#1828=ORIENTED_EDGE('',*,*,#3151,.T.);
#1829=ORIENTED_EDGE('',*,*,#3248,.F.);
#1830=ORIENTED_EDGE('',*,*,#3152,.T.);
#1831=ORIENTED_EDGE('',*,*,#3249,.F.);
#1832=ORIENTED_EDGE('',*,*,#3153,.T.);
#1833=ORIENTED_EDGE('',*,*,#3250,.F.);
#1834=ORIENTED_EDGE('',*,*,#3154,.T.);
#1835=ORIENTED_EDGE('',*,*,#3251,.F.);
#1836=ORIENTED_EDGE('',*,*,#3155,.T.);
#1837=ORIENTED_EDGE('',*,*,#3252,.F.);
#1838=ORIENTED_EDGE('',*,*,#3156,.T.);
#1839=ORIENTED_EDGE('',*,*,#3253,.F.);
#1840=ORIENTED_EDGE('',*,*,#3157,.T.);
#1841=ORIENTED_EDGE('',*,*,#3254,.F.);
#1842=ORIENTED_EDGE('',*,*,#3158,.T.);
#1843=ORIENTED_EDGE('',*,*,#3255,.F.);
#1844=ORIENTED_EDGE('',*,*,#3159,.T.);
#1845=ORIENTED_EDGE('',*,*,#3256,.F.);
#1846=ORIENTED_EDGE('',*,*,#3160,.T.);
#1847=ORIENTED_EDGE('',*,*,#3257,.F.);
#1848=ORIENTED_EDGE('',*,*,#3161,.T.);
#1849=ORIENTED_EDGE('',*,*,#3258,.F.);
#1850=ORIENTED_EDGE('',*,*,#3162,.T.);
#1851=ORIENTED_EDGE('',*,*,#3259,.F.);
#1852=ORIENTED_EDGE('',*,*,#3163,.T.);
#1853=ORIENTED_EDGE('',*,*,#3260,.F.);
#1854=ORIENTED_EDGE('',*,*,#3164,.T.);
#1855=ORIENTED_EDGE('',*,*,#3261,.F.);
#1856=ORIENTED_EDGE('',*,*,#3165,.T.);
#1857=ORIENTED_EDGE('',*,*,#3262,.F.);
#1858=ORIENTED_EDGE('',*,*,#3166,.T.);
#1859=ORIENTED_EDGE('',*,*,#3263,.F.);
#1860=ORIENTED_EDGE('',*,*,#3167,.T.);
#1861=ORIENTED_EDGE('',*,*,#3264,.F.);
#1862=ORIENTED_EDGE('',*,*,#3168,.T.);
#1863=ORIENTED_EDGE('',*,*,#3265,.F.);
#1864=ORIENTED_EDGE('',*,*,#3169,.T.);
#1865=ORIENTED_EDGE('',*,*,#3266,.F.);
#1866=ORIENTED_EDGE('',*,*,#3170,.T.);
#1867=ORIENTED_EDGE('',*,*,#3271,.F.);
#1868=ORIENTED_EDGE('',*,*,#3272,.T.);
#1869=ORIENTED_EDGE('',*,*,#3273,.T.);
#1870=ORIENTED_EDGE('',*,*,#3271,.T.);
#1871=ORIENTED_EDGE('',*,*,#3274,.F.);
#1872=ORIENTED_EDGE('',*,*,#3273,.F.);
#1873=ORIENTED_EDGE('',*,*,#3275,.T.);
#1874=ORIENTED_EDGE('',*,*,#3274,.T.);
#1875=ORIENTED_EDGE('',*,*,#3276,.F.);
#1876=ORIENTED_EDGE('',*,*,#3275,.F.);
#1877=ORIENTED_EDGE('',*,*,#3272,.F.);
#1878=ORIENTED_EDGE('',*,*,#3276,.T.);
#1879=ORIENTED_EDGE('',*,*,#3277,.F.);
#1880=ORIENTED_EDGE('',*,*,#3278,.T.);
#1881=ORIENTED_EDGE('',*,*,#3278,.F.);
#1882=ORIENTED_EDGE('',*,*,#3279,.T.);
#1883=ORIENTED_EDGE('',*,*,#3277,.T.);
#1884=ORIENTED_EDGE('',*,*,#3280,.F.);
#1885=ORIENTED_EDGE('',*,*,#3279,.F.);
#1886=ORIENTED_EDGE('',*,*,#3281,.T.);
#1887=ORIENTED_EDGE('',*,*,#3282,.F.);
#1888=ORIENTED_EDGE('',*,*,#3280,.T.);
#1889=ORIENTED_EDGE('',*,*,#3283,.T.);
#1890=ORIENTED_EDGE('',*,*,#3281,.F.);
#1891=ORIENTED_EDGE('',*,*,#3282,.T.);
#1892=ORIENTED_EDGE('',*,*,#3284,.F.);
#1893=ORIENTED_EDGE('',*,*,#3283,.F.);
#1894=ORIENTED_EDGE('',*,*,#3284,.T.);
#1895=ORIENTED_EDGE('',*,*,#3285,.T.);
#1896=ORIENTED_EDGE('',*,*,#3286,.T.);
#1897=ORIENTED_EDGE('',*,*,#3287,.F.);
#1898=ORIENTED_EDGE('',*,*,#3288,.F.);
#1899=ORIENTED_EDGE('',*,*,#3289,.T.);
#1900=ORIENTED_EDGE('',*,*,#3288,.T.);
#1901=ORIENTED_EDGE('',*,*,#3290,.F.);
#1902=ORIENTED_EDGE('',*,*,#3291,.F.);
#1903=ORIENTED_EDGE('',*,*,#3292,.T.);
#1904=ORIENTED_EDGE('',*,*,#3293,.T.);
#1905=ORIENTED_EDGE('',*,*,#3294,.F.);
#1906=ORIENTED_EDGE('',*,*,#3286,.F.);
#1907=ORIENTED_EDGE('',*,*,#3289,.F.);
#1908=ORIENTED_EDGE('',*,*,#3295,.F.);
#1909=ORIENTED_EDGE('',*,*,#3296,.F.);
#1910=ORIENTED_EDGE('',*,*,#3297,.F.);
#1911=ORIENTED_EDGE('',*,*,#3298,.F.);
#1912=ORIENTED_EDGE('',*,*,#3299,.F.);
#1913=ORIENTED_EDGE('',*,*,#3300,.F.);
#1914=ORIENTED_EDGE('',*,*,#3301,.F.);
#1915=ORIENTED_EDGE('',*,*,#3302,.F.);
#1916=ORIENTED_EDGE('',*,*,#3303,.F.);
#1917=ORIENTED_EDGE('',*,*,#3304,.F.);
#1918=ORIENTED_EDGE('',*,*,#3305,.F.);
#1919=ORIENTED_EDGE('',*,*,#3306,.F.);
#1920=ORIENTED_EDGE('',*,*,#3307,.F.);
#1921=ORIENTED_EDGE('',*,*,#3308,.F.);
#1922=ORIENTED_EDGE('',*,*,#3309,.F.);
#1923=ORIENTED_EDGE('',*,*,#3310,.F.);
#1924=ORIENTED_EDGE('',*,*,#3311,.F.);
#1925=ORIENTED_EDGE('',*,*,#3312,.F.);
#1926=ORIENTED_EDGE('',*,*,#3313,.F.);
#1927=ORIENTED_EDGE('',*,*,#3314,.F.);
#1928=ORIENTED_EDGE('',*,*,#3315,.F.);
#1929=ORIENTED_EDGE('',*,*,#3316,.F.);
#1930=ORIENTED_EDGE('',*,*,#3317,.F.);
#1931=ORIENTED_EDGE('',*,*,#3318,.F.);
#1932=ORIENTED_EDGE('',*,*,#3319,.F.);
#1933=ORIENTED_EDGE('',*,*,#3320,.F.);
#1934=ORIENTED_EDGE('',*,*,#3321,.F.);
#1935=ORIENTED_EDGE('',*,*,#3322,.F.);
#1936=ORIENTED_EDGE('',*,*,#3323,.F.);
#1937=ORIENTED_EDGE('',*,*,#3324,.F.);
#1938=ORIENTED_EDGE('',*,*,#3325,.F.);
#1939=ORIENTED_EDGE('',*,*,#3326,.F.);
#1940=ORIENTED_EDGE('',*,*,#3327,.F.);
#1941=ORIENTED_EDGE('',*,*,#3328,.F.);
#1942=ORIENTED_EDGE('',*,*,#3329,.F.);
#1943=ORIENTED_EDGE('',*,*,#3330,.F.);
#1944=ORIENTED_EDGE('',*,*,#3331,.F.);
#1945=ORIENTED_EDGE('',*,*,#3332,.F.);
#1946=ORIENTED_EDGE('',*,*,#3333,.F.);
#1947=ORIENTED_EDGE('',*,*,#3334,.F.);
#1948=ORIENTED_EDGE('',*,*,#3335,.F.);
#1949=ORIENTED_EDGE('',*,*,#3336,.F.);
#1950=ORIENTED_EDGE('',*,*,#3337,.F.);
#1951=ORIENTED_EDGE('',*,*,#3338,.F.);
#1952=ORIENTED_EDGE('',*,*,#3339,.F.);
#1953=ORIENTED_EDGE('',*,*,#3340,.F.);
#1954=ORIENTED_EDGE('',*,*,#3341,.F.);
#1955=ORIENTED_EDGE('',*,*,#3292,.F.);
#1956=ORIENTED_EDGE('',*,*,#3285,.F.);
#1957=ORIENTED_EDGE('',*,*,#3342,.T.);
#1958=ORIENTED_EDGE('',*,*,#3343,.T.);
#1959=ORIENTED_EDGE('',*,*,#3344,.F.);
#1960=ORIENTED_EDGE('',*,*,#3345,.F.);
#1961=ORIENTED_EDGE('',*,*,#3346,.F.);
#1962=ORIENTED_EDGE('',*,*,#3347,.F.);
#1963=ORIENTED_EDGE('',*,*,#3348,.T.);
#1964=ORIENTED_EDGE('',*,*,#3349,.T.);
#1965=ORIENTED_EDGE('',*,*,#3350,.T.);
#1966=ORIENTED_EDGE('',*,*,#3351,.F.);
#1967=ORIENTED_EDGE('',*,*,#3352,.F.);
#1968=ORIENTED_EDGE('',*,*,#3353,.T.);
#1969=ORIENTED_EDGE('',*,*,#3354,.F.);
#1970=ORIENTED_EDGE('',*,*,#3355,.F.);
#1971=ORIENTED_EDGE('',*,*,#3356,.T.);
#1972=ORIENTED_EDGE('',*,*,#3357,.T.);
#1973=ORIENTED_EDGE('',*,*,#3358,.T.);
#1974=ORIENTED_EDGE('',*,*,#3359,.F.);
#1975=ORIENTED_EDGE('',*,*,#3360,.F.);
#1976=ORIENTED_EDGE('',*,*,#3361,.T.);
#1977=ORIENTED_EDGE('',*,*,#3362,.F.);
#1978=ORIENTED_EDGE('',*,*,#3363,.F.);
#1979=ORIENTED_EDGE('',*,*,#3364,.T.);
#1980=ORIENTED_EDGE('',*,*,#3365,.T.);
#1981=ORIENTED_EDGE('',*,*,#3366,.T.);
#1982=ORIENTED_EDGE('',*,*,#3367,.T.);
#1983=ORIENTED_EDGE('',*,*,#3368,.F.);
#1984=ORIENTED_EDGE('',*,*,#3369,.F.);
#1985=ORIENTED_EDGE('',*,*,#3370,.T.);
#1986=ORIENTED_EDGE('',*,*,#3371,.F.);
#1987=ORIENTED_EDGE('',*,*,#3372,.F.);
#1988=ORIENTED_EDGE('',*,*,#3373,.T.);
#1989=ORIENTED_EDGE('',*,*,#3287,.T.);
#1990=ORIENTED_EDGE('',*,*,#3294,.T.);
#1991=ORIENTED_EDGE('',*,*,#3374,.T.);
#1992=ORIENTED_EDGE('',*,*,#3375,.T.);
#1993=ORIENTED_EDGE('',*,*,#3376,.T.);
#1994=ORIENTED_EDGE('',*,*,#3377,.T.);
#1995=ORIENTED_EDGE('',*,*,#3378,.T.);
#1996=ORIENTED_EDGE('',*,*,#3379,.T.);
#1997=ORIENTED_EDGE('',*,*,#3380,.T.);
#1998=ORIENTED_EDGE('',*,*,#3381,.T.);
#1999=ORIENTED_EDGE('',*,*,#3382,.T.);
#2000=ORIENTED_EDGE('',*,*,#3383,.T.);
#2001=ORIENTED_EDGE('',*,*,#3384,.T.);
#2002=ORIENTED_EDGE('',*,*,#3385,.T.);
#2003=ORIENTED_EDGE('',*,*,#3386,.T.);
#2004=ORIENTED_EDGE('',*,*,#3387,.T.);
#2005=ORIENTED_EDGE('',*,*,#3388,.T.);
#2006=ORIENTED_EDGE('',*,*,#3389,.T.);
#2007=ORIENTED_EDGE('',*,*,#3390,.T.);
#2008=ORIENTED_EDGE('',*,*,#3391,.T.);
#2009=ORIENTED_EDGE('',*,*,#3392,.T.);
#2010=ORIENTED_EDGE('',*,*,#3393,.T.);
#2011=ORIENTED_EDGE('',*,*,#3394,.T.);
#2012=ORIENTED_EDGE('',*,*,#3395,.T.);
#2013=ORIENTED_EDGE('',*,*,#3396,.T.);
#2014=ORIENTED_EDGE('',*,*,#3397,.T.);
#2015=ORIENTED_EDGE('',*,*,#3398,.T.);
#2016=ORIENTED_EDGE('',*,*,#3399,.T.);
#2017=ORIENTED_EDGE('',*,*,#3400,.T.);
#2018=ORIENTED_EDGE('',*,*,#3401,.T.);
#2019=ORIENTED_EDGE('',*,*,#3402,.T.);
#2020=ORIENTED_EDGE('',*,*,#3403,.T.);
#2021=ORIENTED_EDGE('',*,*,#3404,.T.);
#2022=ORIENTED_EDGE('',*,*,#3405,.T.);
#2023=ORIENTED_EDGE('',*,*,#3406,.T.);
#2024=ORIENTED_EDGE('',*,*,#3407,.T.);
#2025=ORIENTED_EDGE('',*,*,#3408,.T.);
#2026=ORIENTED_EDGE('',*,*,#3409,.T.);
#2027=ORIENTED_EDGE('',*,*,#3410,.T.);
#2028=ORIENTED_EDGE('',*,*,#3411,.T.);
#2029=ORIENTED_EDGE('',*,*,#3412,.T.);
#2030=ORIENTED_EDGE('',*,*,#3413,.T.);
#2031=ORIENTED_EDGE('',*,*,#3414,.T.);
#2032=ORIENTED_EDGE('',*,*,#3415,.T.);
#2033=ORIENTED_EDGE('',*,*,#3416,.T.);
#2034=ORIENTED_EDGE('',*,*,#3417,.T.);
#2035=ORIENTED_EDGE('',*,*,#3418,.T.);
#2036=ORIENTED_EDGE('',*,*,#3419,.T.);
#2037=ORIENTED_EDGE('',*,*,#3420,.T.);
#2038=ORIENTED_EDGE('',*,*,#3290,.T.);
#2039=ORIENTED_EDGE('',*,*,#3421,.T.);
#2040=ORIENTED_EDGE('',*,*,#3422,.T.);
#2041=ORIENTED_EDGE('',*,*,#3423,.F.);
#2042=ORIENTED_EDGE('',*,*,#3424,.F.);
#2043=ORIENTED_EDGE('',*,*,#3425,.F.);
#2044=ORIENTED_EDGE('',*,*,#3426,.F.);
#2045=ORIENTED_EDGE('',*,*,#3427,.T.);
#2046=ORIENTED_EDGE('',*,*,#3428,.T.);
#2047=ORIENTED_EDGE('',*,*,#3429,.F.);
#2048=ORIENTED_EDGE('',*,*,#3430,.T.);
#2049=ORIENTED_EDGE('',*,*,#3431,.T.);
#2050=ORIENTED_EDGE('',*,*,#3432,.F.);
#2051=ORIENTED_EDGE('',*,*,#3433,.F.);
#2052=ORIENTED_EDGE('',*,*,#3434,.F.);
#2053=ORIENTED_EDGE('',*,*,#3435,.T.);
#2054=ORIENTED_EDGE('',*,*,#3436,.T.);
#2055=ORIENTED_EDGE('',*,*,#3437,.F.);
#2056=ORIENTED_EDGE('',*,*,#3438,.T.);
#2057=ORIENTED_EDGE('',*,*,#3439,.T.);
#2058=ORIENTED_EDGE('',*,*,#3440,.F.);
#2059=ORIENTED_EDGE('',*,*,#3441,.F.);
#2060=ORIENTED_EDGE('',*,*,#3442,.F.);
#2061=ORIENTED_EDGE('',*,*,#3443,.T.);
#2062=ORIENTED_EDGE('',*,*,#3444,.T.);
#2063=ORIENTED_EDGE('',*,*,#3445,.T.);
#2064=ORIENTED_EDGE('',*,*,#3446,.T.);
#2065=ORIENTED_EDGE('',*,*,#3447,.F.);
#2066=ORIENTED_EDGE('',*,*,#3448,.F.);
#2067=ORIENTED_EDGE('',*,*,#3449,.F.);
#2068=ORIENTED_EDGE('',*,*,#3450,.T.);
#2069=ORIENTED_EDGE('',*,*,#3451,.T.);
#2070=ORIENTED_EDGE('',*,*,#3452,.F.);
#2071=ORIENTED_EDGE('',*,*,#3295,.T.);
#2072=ORIENTED_EDGE('',*,*,#3291,.T.);
#2073=ORIENTED_EDGE('',*,*,#3420,.F.);
#2074=ORIENTED_EDGE('',*,*,#3453,.F.);
#2075=ORIENTED_EDGE('',*,*,#3341,.T.);
#2076=ORIENTED_EDGE('',*,*,#3454,.T.);
#2077=ORIENTED_EDGE('',*,*,#3374,.F.);
#2078=ORIENTED_EDGE('',*,*,#3293,.F.);
#2079=ORIENTED_EDGE('',*,*,#3296,.T.);
#2080=ORIENTED_EDGE('',*,*,#3453,.T.);
#2081=ORIENTED_EDGE('',*,*,#3419,.F.);
#2082=ORIENTED_EDGE('',*,*,#3455,.F.);
#2083=ORIENTED_EDGE('',*,*,#3340,.T.);
#2084=ORIENTED_EDGE('',*,*,#3456,.T.);
#2085=ORIENTED_EDGE('',*,*,#3375,.F.);
#2086=ORIENTED_EDGE('',*,*,#3454,.F.);
#2087=ORIENTED_EDGE('',*,*,#3297,.T.);
#2088=ORIENTED_EDGE('',*,*,#3455,.T.);
#2089=ORIENTED_EDGE('',*,*,#3418,.F.);
#2090=ORIENTED_EDGE('',*,*,#3457,.F.);
#2091=ORIENTED_EDGE('',*,*,#3339,.T.);
#2092=ORIENTED_EDGE('',*,*,#3458,.T.);
#2093=ORIENTED_EDGE('',*,*,#3376,.F.);
#2094=ORIENTED_EDGE('',*,*,#3456,.F.);
#2095=ORIENTED_EDGE('',*,*,#3298,.T.);
#2096=ORIENTED_EDGE('',*,*,#3457,.T.);
#2097=ORIENTED_EDGE('',*,*,#3417,.F.);
#2098=ORIENTED_EDGE('',*,*,#3459,.F.);
#2099=ORIENTED_EDGE('',*,*,#3338,.T.);
#2100=ORIENTED_EDGE('',*,*,#3460,.T.);
#2101=ORIENTED_EDGE('',*,*,#3377,.F.);
#2102=ORIENTED_EDGE('',*,*,#3458,.F.);
#2103=ORIENTED_EDGE('',*,*,#3299,.T.);
#2104=ORIENTED_EDGE('',*,*,#3459,.T.);
#2105=ORIENTED_EDGE('',*,*,#3416,.F.);
#2106=ORIENTED_EDGE('',*,*,#3461,.F.);
#2107=ORIENTED_EDGE('',*,*,#3337,.T.);
#2108=ORIENTED_EDGE('',*,*,#3462,.T.);
#2109=ORIENTED_EDGE('',*,*,#3378,.F.);
#2110=ORIENTED_EDGE('',*,*,#3460,.F.);
#2111=ORIENTED_EDGE('',*,*,#3300,.T.);
#2112=ORIENTED_EDGE('',*,*,#3461,.T.);
#2113=ORIENTED_EDGE('',*,*,#3415,.F.);
#2114=ORIENTED_EDGE('',*,*,#3463,.F.);
#2115=ORIENTED_EDGE('',*,*,#3336,.T.);
#2116=ORIENTED_EDGE('',*,*,#3464,.T.);
#2117=ORIENTED_EDGE('',*,*,#3379,.F.);
#2118=ORIENTED_EDGE('',*,*,#3462,.F.);
#2119=ORIENTED_EDGE('',*,*,#3301,.T.);
#2120=ORIENTED_EDGE('',*,*,#3463,.T.);
#2121=ORIENTED_EDGE('',*,*,#3414,.F.);
#2122=ORIENTED_EDGE('',*,*,#3465,.F.);
#2123=ORIENTED_EDGE('',*,*,#3335,.T.);
#2124=ORIENTED_EDGE('',*,*,#3466,.T.);
#2125=ORIENTED_EDGE('',*,*,#3380,.F.);
#2126=ORIENTED_EDGE('',*,*,#3464,.F.);
#2127=ORIENTED_EDGE('',*,*,#3302,.T.);
#2128=ORIENTED_EDGE('',*,*,#3465,.T.);
#2129=ORIENTED_EDGE('',*,*,#3413,.F.);
#2130=ORIENTED_EDGE('',*,*,#3467,.F.);
#2131=ORIENTED_EDGE('',*,*,#3334,.T.);
#2132=ORIENTED_EDGE('',*,*,#3468,.T.);
#2133=ORIENTED_EDGE('',*,*,#3381,.F.);
#2134=ORIENTED_EDGE('',*,*,#3466,.F.);
#2135=ORIENTED_EDGE('',*,*,#3303,.T.);
#2136=ORIENTED_EDGE('',*,*,#3467,.T.);
#2137=ORIENTED_EDGE('',*,*,#3412,.F.);
#2138=ORIENTED_EDGE('',*,*,#3469,.F.);
#2139=ORIENTED_EDGE('',*,*,#3333,.T.);
#2140=ORIENTED_EDGE('',*,*,#3470,.T.);
#2141=ORIENTED_EDGE('',*,*,#3382,.F.);
#2142=ORIENTED_EDGE('',*,*,#3468,.F.);
#2143=ORIENTED_EDGE('',*,*,#3304,.T.);
#2144=ORIENTED_EDGE('',*,*,#3469,.T.);
#2145=ORIENTED_EDGE('',*,*,#3411,.F.);
#2146=ORIENTED_EDGE('',*,*,#3471,.F.);
#2147=ORIENTED_EDGE('',*,*,#3332,.T.);
#2148=ORIENTED_EDGE('',*,*,#3472,.T.);
#2149=ORIENTED_EDGE('',*,*,#3383,.F.);
#2150=ORIENTED_EDGE('',*,*,#3470,.F.);
#2151=ORIENTED_EDGE('',*,*,#3305,.T.);
#2152=ORIENTED_EDGE('',*,*,#3471,.T.);
#2153=ORIENTED_EDGE('',*,*,#3410,.F.);
#2154=ORIENTED_EDGE('',*,*,#3473,.F.);
#2155=ORIENTED_EDGE('',*,*,#3331,.T.);
#2156=ORIENTED_EDGE('',*,*,#3474,.T.);
#2157=ORIENTED_EDGE('',*,*,#3384,.F.);
#2158=ORIENTED_EDGE('',*,*,#3472,.F.);
#2159=ORIENTED_EDGE('',*,*,#3306,.T.);
#2160=ORIENTED_EDGE('',*,*,#3473,.T.);
#2161=ORIENTED_EDGE('',*,*,#3409,.F.);
#2162=ORIENTED_EDGE('',*,*,#3475,.F.);
#2163=ORIENTED_EDGE('',*,*,#3330,.T.);
#2164=ORIENTED_EDGE('',*,*,#3476,.T.);
#2165=ORIENTED_EDGE('',*,*,#3385,.F.);
#2166=ORIENTED_EDGE('',*,*,#3474,.F.);
#2167=ORIENTED_EDGE('',*,*,#3307,.T.);
#2168=ORIENTED_EDGE('',*,*,#3475,.T.);
#2169=ORIENTED_EDGE('',*,*,#3408,.F.);
#2170=ORIENTED_EDGE('',*,*,#3477,.F.);
#2171=ORIENTED_EDGE('',*,*,#3329,.T.);
#2172=ORIENTED_EDGE('',*,*,#3478,.T.);
#2173=ORIENTED_EDGE('',*,*,#3386,.F.);
#2174=ORIENTED_EDGE('',*,*,#3476,.F.);
#2175=ORIENTED_EDGE('',*,*,#3308,.T.);
#2176=ORIENTED_EDGE('',*,*,#3477,.T.);
#2177=ORIENTED_EDGE('',*,*,#3407,.F.);
#2178=ORIENTED_EDGE('',*,*,#3479,.F.);
#2179=ORIENTED_EDGE('',*,*,#3328,.T.);
#2180=ORIENTED_EDGE('',*,*,#3480,.T.);
#2181=ORIENTED_EDGE('',*,*,#3387,.F.);
#2182=ORIENTED_EDGE('',*,*,#3478,.F.);
#2183=ORIENTED_EDGE('',*,*,#3309,.T.);
#2184=ORIENTED_EDGE('',*,*,#3479,.T.);
#2185=ORIENTED_EDGE('',*,*,#3406,.F.);
#2186=ORIENTED_EDGE('',*,*,#3481,.F.);
#2187=ORIENTED_EDGE('',*,*,#3327,.T.);
#2188=ORIENTED_EDGE('',*,*,#3482,.T.);
#2189=ORIENTED_EDGE('',*,*,#3388,.F.);
#2190=ORIENTED_EDGE('',*,*,#3480,.F.);
#2191=ORIENTED_EDGE('',*,*,#3310,.T.);
#2192=ORIENTED_EDGE('',*,*,#3481,.T.);
#2193=ORIENTED_EDGE('',*,*,#3405,.F.);
#2194=ORIENTED_EDGE('',*,*,#3483,.F.);
#2195=ORIENTED_EDGE('',*,*,#3326,.T.);
#2196=ORIENTED_EDGE('',*,*,#3484,.T.);
#2197=ORIENTED_EDGE('',*,*,#3389,.F.);
#2198=ORIENTED_EDGE('',*,*,#3482,.F.);
#2199=ORIENTED_EDGE('',*,*,#3311,.T.);
#2200=ORIENTED_EDGE('',*,*,#3483,.T.);
#2201=ORIENTED_EDGE('',*,*,#3404,.F.);
#2202=ORIENTED_EDGE('',*,*,#3485,.F.);
#2203=ORIENTED_EDGE('',*,*,#3325,.T.);
#2204=ORIENTED_EDGE('',*,*,#3486,.T.);
#2205=ORIENTED_EDGE('',*,*,#3390,.F.);
#2206=ORIENTED_EDGE('',*,*,#3484,.F.);
#2207=ORIENTED_EDGE('',*,*,#3312,.T.);
#2208=ORIENTED_EDGE('',*,*,#3485,.T.);
#2209=ORIENTED_EDGE('',*,*,#3403,.F.);
#2210=ORIENTED_EDGE('',*,*,#3487,.F.);
#2211=ORIENTED_EDGE('',*,*,#3324,.T.);
#2212=ORIENTED_EDGE('',*,*,#3488,.T.);
#2213=ORIENTED_EDGE('',*,*,#3391,.F.);
#2214=ORIENTED_EDGE('',*,*,#3486,.F.);
#2215=ORIENTED_EDGE('',*,*,#3313,.T.);
#2216=ORIENTED_EDGE('',*,*,#3487,.T.);
#2217=ORIENTED_EDGE('',*,*,#3402,.F.);
#2218=ORIENTED_EDGE('',*,*,#3489,.F.);
#2219=ORIENTED_EDGE('',*,*,#3323,.T.);
#2220=ORIENTED_EDGE('',*,*,#3490,.T.);
#2221=ORIENTED_EDGE('',*,*,#3392,.F.);
#2222=ORIENTED_EDGE('',*,*,#3488,.F.);
#2223=ORIENTED_EDGE('',*,*,#3314,.T.);
#2224=ORIENTED_EDGE('',*,*,#3489,.T.);
#2225=ORIENTED_EDGE('',*,*,#3401,.F.);
#2226=ORIENTED_EDGE('',*,*,#3491,.F.);
#2227=ORIENTED_EDGE('',*,*,#3322,.T.);
#2228=ORIENTED_EDGE('',*,*,#3492,.T.);
#2229=ORIENTED_EDGE('',*,*,#3393,.F.);
#2230=ORIENTED_EDGE('',*,*,#3490,.F.);
#2231=ORIENTED_EDGE('',*,*,#3315,.T.);
#2232=ORIENTED_EDGE('',*,*,#3491,.T.);
#2233=ORIENTED_EDGE('',*,*,#3400,.F.);
#2234=ORIENTED_EDGE('',*,*,#3493,.F.);
#2235=ORIENTED_EDGE('',*,*,#3321,.T.);
#2236=ORIENTED_EDGE('',*,*,#3494,.T.);
#2237=ORIENTED_EDGE('',*,*,#3394,.F.);
#2238=ORIENTED_EDGE('',*,*,#3492,.F.);
#2239=ORIENTED_EDGE('',*,*,#3316,.T.);
#2240=ORIENTED_EDGE('',*,*,#3493,.T.);
#2241=ORIENTED_EDGE('',*,*,#3399,.F.);
#2242=ORIENTED_EDGE('',*,*,#3495,.F.);
#2243=ORIENTED_EDGE('',*,*,#3320,.T.);
#2244=ORIENTED_EDGE('',*,*,#3496,.T.);
#2245=ORIENTED_EDGE('',*,*,#3395,.F.);
#2246=ORIENTED_EDGE('',*,*,#3494,.F.);
#2247=ORIENTED_EDGE('',*,*,#3317,.T.);
#2248=ORIENTED_EDGE('',*,*,#3495,.T.);
#2249=ORIENTED_EDGE('',*,*,#3398,.F.);
#2250=ORIENTED_EDGE('',*,*,#3497,.F.);
#2251=ORIENTED_EDGE('',*,*,#3319,.T.);
#2252=ORIENTED_EDGE('',*,*,#3498,.T.);
#2253=ORIENTED_EDGE('',*,*,#3396,.F.);
#2254=ORIENTED_EDGE('',*,*,#3496,.F.);
#2255=ORIENTED_EDGE('',*,*,#3318,.T.);
#2256=ORIENTED_EDGE('',*,*,#3497,.T.);
#2257=ORIENTED_EDGE('',*,*,#3397,.F.);
#2258=ORIENTED_EDGE('',*,*,#3498,.F.);
#2259=ORIENTED_EDGE('',*,*,#3345,.T.);
#2260=ORIENTED_EDGE('',*,*,#3499,.F.);
#2261=ORIENTED_EDGE('',*,*,#3500,.T.);
#2262=ORIENTED_EDGE('',*,*,#3501,.T.);
#2263=ORIENTED_EDGE('',*,*,#3501,.F.);
#2264=ORIENTED_EDGE('',*,*,#3502,.T.);
#2265=ORIENTED_EDGE('',*,*,#3503,.T.);
#2266=ORIENTED_EDGE('',*,*,#3342,.F.);
#2267=ORIENTED_EDGE('',*,*,#3503,.F.);
#2268=ORIENTED_EDGE('',*,*,#3504,.F.);
#2269=ORIENTED_EDGE('',*,*,#3505,.T.);
#2270=ORIENTED_EDGE('',*,*,#3343,.F.);
#2271=ORIENTED_EDGE('',*,*,#3344,.T.);
#2272=ORIENTED_EDGE('',*,*,#3505,.F.);
#2273=ORIENTED_EDGE('',*,*,#3506,.F.);
#2274=ORIENTED_EDGE('',*,*,#3499,.T.);
#2275=ORIENTED_EDGE('',*,*,#3507,.F.);
#2276=ORIENTED_EDGE('',*,*,#3508,.F.);
#2277=ORIENTED_EDGE('',*,*,#3509,.T.);
#2278=ORIENTED_EDGE('',*,*,#3349,.F.);
#2279=ORIENTED_EDGE('',*,*,#3346,.T.);
#2280=ORIENTED_EDGE('',*,*,#3509,.F.);
#2281=ORIENTED_EDGE('',*,*,#3510,.F.);
#2282=ORIENTED_EDGE('',*,*,#3511,.T.);
#2283=ORIENTED_EDGE('',*,*,#3347,.T.);
#2284=ORIENTED_EDGE('',*,*,#3511,.F.);
#2285=ORIENTED_EDGE('',*,*,#3512,.T.);
#2286=ORIENTED_EDGE('',*,*,#3513,.T.);
#2287=ORIENTED_EDGE('',*,*,#3513,.F.);
#2288=ORIENTED_EDGE('',*,*,#3514,.T.);
#2289=ORIENTED_EDGE('',*,*,#3507,.T.);
#2290=ORIENTED_EDGE('',*,*,#3348,.F.);
#2291=ORIENTED_EDGE('',*,*,#3515,.F.);
#2292=ORIENTED_EDGE('',*,*,#3516,.T.);
#2293=ORIENTED_EDGE('',*,*,#3517,.T.);
#2294=ORIENTED_EDGE('',*,*,#3353,.F.);
#2295=ORIENTED_EDGE('',*,*,#3517,.F.);
#2296=ORIENTED_EDGE('',*,*,#3518,.F.);
#2297=ORIENTED_EDGE('',*,*,#3519,.T.);
#2298=ORIENTED_EDGE('',*,*,#3350,.F.);
#2299=ORIENTED_EDGE('',*,*,#3351,.T.);
#2300=ORIENTED_EDGE('',*,*,#3519,.F.);
#2301=ORIENTED_EDGE('',*,*,#3520,.F.);
#2302=ORIENTED_EDGE('',*,*,#3521,.T.);
#2303=ORIENTED_EDGE('',*,*,#3352,.T.);
#2304=ORIENTED_EDGE('',*,*,#3521,.F.);
#2305=ORIENTED_EDGE('',*,*,#3522,.T.);
#2306=ORIENTED_EDGE('',*,*,#3515,.T.);
#2307=ORIENTED_EDGE('',*,*,#3523,.F.);
#2308=ORIENTED_EDGE('',*,*,#3524,.F.);
#2309=ORIENTED_EDGE('',*,*,#3525,.T.);
#2310=ORIENTED_EDGE('',*,*,#3357,.F.);
#2311=ORIENTED_EDGE('',*,*,#3354,.T.);
#2312=ORIENTED_EDGE('',*,*,#3525,.F.);
#2313=ORIENTED_EDGE('',*,*,#3526,.F.);
#2314=ORIENTED_EDGE('',*,*,#3527,.T.);
#2315=ORIENTED_EDGE('',*,*,#3355,.T.);
#2316=ORIENTED_EDGE('',*,*,#3527,.F.);
#2317=ORIENTED_EDGE('',*,*,#3528,.T.);
#2318=ORIENTED_EDGE('',*,*,#3529,.T.);
#2319=ORIENTED_EDGE('',*,*,#3529,.F.);
#2320=ORIENTED_EDGE('',*,*,#3530,.T.);
#2321=ORIENTED_EDGE('',*,*,#3523,.T.);
#2322=ORIENTED_EDGE('',*,*,#3356,.F.);
#2323=ORIENTED_EDGE('',*,*,#3531,.F.);
#2324=ORIENTED_EDGE('',*,*,#3532,.T.);
#2325=ORIENTED_EDGE('',*,*,#3533,.T.);
#2326=ORIENTED_EDGE('',*,*,#3361,.F.);
#2327=ORIENTED_EDGE('',*,*,#3533,.F.);
#2328=ORIENTED_EDGE('',*,*,#3534,.F.);
#2329=ORIENTED_EDGE('',*,*,#3535,.T.);
#2330=ORIENTED_EDGE('',*,*,#3358,.F.);
#2331=ORIENTED_EDGE('',*,*,#3359,.T.);
#2332=ORIENTED_EDGE('',*,*,#3535,.F.);
#2333=ORIENTED_EDGE('',*,*,#3536,.F.);
#2334=ORIENTED_EDGE('',*,*,#3537,.T.);
#2335=ORIENTED_EDGE('',*,*,#3360,.T.);
#2336=ORIENTED_EDGE('',*,*,#3537,.F.);
#2337=ORIENTED_EDGE('',*,*,#3538,.T.);
#2338=ORIENTED_EDGE('',*,*,#3531,.T.);
#2339=ORIENTED_EDGE('',*,*,#3539,.F.);
#2340=ORIENTED_EDGE('',*,*,#3540,.F.);
#2341=ORIENTED_EDGE('',*,*,#3541,.T.);
#2342=ORIENTED_EDGE('',*,*,#3365,.F.);
#2343=ORIENTED_EDGE('',*,*,#3362,.T.);
#2344=ORIENTED_EDGE('',*,*,#3541,.F.);
#2345=ORIENTED_EDGE('',*,*,#3542,.F.);
#2346=ORIENTED_EDGE('',*,*,#3543,.T.);
#2347=ORIENTED_EDGE('',*,*,#3363,.T.);
#2348=ORIENTED_EDGE('',*,*,#3543,.F.);
#2349=ORIENTED_EDGE('',*,*,#3544,.T.);
#2350=ORIENTED_EDGE('',*,*,#3545,.T.);
#2351=ORIENTED_EDGE('',*,*,#3545,.F.);
#2352=ORIENTED_EDGE('',*,*,#3546,.T.);
#2353=ORIENTED_EDGE('',*,*,#3539,.T.);
#2354=ORIENTED_EDGE('',*,*,#3364,.F.);
#2355=ORIENTED_EDGE('',*,*,#3369,.T.);
#2356=ORIENTED_EDGE('',*,*,#3547,.F.);
#2357=ORIENTED_EDGE('',*,*,#3548,.T.);
#2358=ORIENTED_EDGE('',*,*,#3549,.T.);
#2359=ORIENTED_EDGE('',*,*,#3549,.F.);
#2360=ORIENTED_EDGE('',*,*,#3550,.T.);
#2361=ORIENTED_EDGE('',*,*,#3551,.T.);
#2362=ORIENTED_EDGE('',*,*,#3366,.F.);
#2363=ORIENTED_EDGE('',*,*,#3551,.F.);
#2364=ORIENTED_EDGE('',*,*,#3552,.F.);
#2365=ORIENTED_EDGE('',*,*,#3553,.T.);
#2366=ORIENTED_EDGE('',*,*,#3367,.F.);
#2367=ORIENTED_EDGE('',*,*,#3368,.T.);
#2368=ORIENTED_EDGE('',*,*,#3553,.F.);
#2369=ORIENTED_EDGE('',*,*,#3554,.F.);
#2370=ORIENTED_EDGE('',*,*,#3547,.T.);
#2371=ORIENTED_EDGE('',*,*,#3555,.F.);
#2372=ORIENTED_EDGE('',*,*,#3556,.T.);
#2373=ORIENTED_EDGE('',*,*,#3557,.T.);
#2374=ORIENTED_EDGE('',*,*,#3373,.F.);
#2375=ORIENTED_EDGE('',*,*,#3557,.F.);
#2376=ORIENTED_EDGE('',*,*,#3558,.F.);
#2377=ORIENTED_EDGE('',*,*,#3559,.T.);
#2378=ORIENTED_EDGE('',*,*,#3370,.F.);
#2379=ORIENTED_EDGE('',*,*,#3371,.T.);
#2380=ORIENTED_EDGE('',*,*,#3559,.F.);
#2381=ORIENTED_EDGE('',*,*,#3560,.F.);
#2382=ORIENTED_EDGE('',*,*,#3561,.T.);
#2383=ORIENTED_EDGE('',*,*,#3372,.T.);
#2384=ORIENTED_EDGE('',*,*,#3561,.F.);
#2385=ORIENTED_EDGE('',*,*,#3562,.T.);
#2386=ORIENTED_EDGE('',*,*,#3555,.T.);
#2387=ORIENTED_EDGE('',*,*,#3563,.F.);
#2388=ORIENTED_EDGE('',*,*,#3564,.F.);
#2389=ORIENTED_EDGE('',*,*,#3421,.F.);
#2390=ORIENTED_EDGE('',*,*,#3565,.T.);
#2391=ORIENTED_EDGE('',*,*,#3565,.F.);
#2392=ORIENTED_EDGE('',*,*,#3424,.T.);
#2393=ORIENTED_EDGE('',*,*,#3566,.T.);
#2394=ORIENTED_EDGE('',*,*,#3567,.F.);
#2395=ORIENTED_EDGE('',*,*,#3566,.F.);
#2396=ORIENTED_EDGE('',*,*,#3423,.T.);
#2397=ORIENTED_EDGE('',*,*,#3568,.T.);
#2398=ORIENTED_EDGE('',*,*,#3569,.T.);
#2399=ORIENTED_EDGE('',*,*,#3570,.T.);
#2400=ORIENTED_EDGE('',*,*,#3568,.F.);
#2401=ORIENTED_EDGE('',*,*,#3422,.F.);
#2402=ORIENTED_EDGE('',*,*,#3564,.T.);
#2403=ORIENTED_EDGE('',*,*,#3571,.F.);
#2404=ORIENTED_EDGE('',*,*,#3425,.T.);
#2405=ORIENTED_EDGE('',*,*,#3572,.T.);
#2406=ORIENTED_EDGE('',*,*,#3573,.T.);
#2407=ORIENTED_EDGE('',*,*,#3574,.T.);
#2408=ORIENTED_EDGE('',*,*,#3572,.F.);
#2409=ORIENTED_EDGE('',*,*,#3428,.F.);
#2410=ORIENTED_EDGE('',*,*,#3575,.T.);
#2411=ORIENTED_EDGE('',*,*,#3576,.F.);
#2412=ORIENTED_EDGE('',*,*,#3575,.F.);
#2413=ORIENTED_EDGE('',*,*,#3427,.F.);
#2414=ORIENTED_EDGE('',*,*,#3577,.T.);
#2415=ORIENTED_EDGE('',*,*,#3577,.F.);
#2416=ORIENTED_EDGE('',*,*,#3426,.T.);
#2417=ORIENTED_EDGE('',*,*,#3571,.T.);
#2418=ORIENTED_EDGE('',*,*,#3578,.F.);
#2419=ORIENTED_EDGE('',*,*,#3579,.F.);
#2420=ORIENTED_EDGE('',*,*,#3429,.T.);
#2421=ORIENTED_EDGE('',*,*,#3580,.T.);
#2422=ORIENTED_EDGE('',*,*,#3581,.F.);
#2423=ORIENTED_EDGE('',*,*,#3580,.F.);
#2424=ORIENTED_EDGE('',*,*,#3432,.T.);
#2425=ORIENTED_EDGE('',*,*,#3582,.T.);
#2426=ORIENTED_EDGE('',*,*,#3583,.T.);
#2427=ORIENTED_EDGE('',*,*,#3584,.T.);
#2428=ORIENTED_EDGE('',*,*,#3582,.F.);
#2429=ORIENTED_EDGE('',*,*,#3431,.F.);
#2430=ORIENTED_EDGE('',*,*,#3585,.T.);
#2431=ORIENTED_EDGE('',*,*,#3586,.F.);
#2432=ORIENTED_EDGE('',*,*,#3585,.F.);
#2433=ORIENTED_EDGE('',*,*,#3430,.F.);
#2434=ORIENTED_EDGE('',*,*,#3579,.T.);
#2435=ORIENTED_EDGE('',*,*,#3587,.F.);
#2436=ORIENTED_EDGE('',*,*,#3433,.T.);
#2437=ORIENTED_EDGE('',*,*,#3588,.T.);
#2438=ORIENTED_EDGE('',*,*,#3589,.T.);
#2439=ORIENTED_EDGE('',*,*,#3590,.T.);
#2440=ORIENTED_EDGE('',*,*,#3588,.F.);
#2441=ORIENTED_EDGE('',*,*,#3436,.F.);
#2442=ORIENTED_EDGE('',*,*,#3591,.T.);
#2443=ORIENTED_EDGE('',*,*,#3592,.F.);
#2444=ORIENTED_EDGE('',*,*,#3591,.F.);
#2445=ORIENTED_EDGE('',*,*,#3435,.F.);
#2446=ORIENTED_EDGE('',*,*,#3593,.T.);
#2447=ORIENTED_EDGE('',*,*,#3593,.F.);
#2448=ORIENTED_EDGE('',*,*,#3434,.T.);
#2449=ORIENTED_EDGE('',*,*,#3587,.T.);
#2450=ORIENTED_EDGE('',*,*,#3594,.F.);
#2451=ORIENTED_EDGE('',*,*,#3595,.F.);
#2452=ORIENTED_EDGE('',*,*,#3437,.T.);
#2453=ORIENTED_EDGE('',*,*,#3596,.T.);
#2454=ORIENTED_EDGE('',*,*,#3597,.F.);
#2455=ORIENTED_EDGE('',*,*,#3596,.F.);
#2456=ORIENTED_EDGE('',*,*,#3440,.T.);
#2457=ORIENTED_EDGE('',*,*,#3598,.T.);
#2458=ORIENTED_EDGE('',*,*,#3599,.T.);
#2459=ORIENTED_EDGE('',*,*,#3600,.T.);
#2460=ORIENTED_EDGE('',*,*,#3598,.F.);
#2461=ORIENTED_EDGE('',*,*,#3439,.F.);
#2462=ORIENTED_EDGE('',*,*,#3601,.T.);
#2463=ORIENTED_EDGE('',*,*,#3602,.F.);
#2464=ORIENTED_EDGE('',*,*,#3601,.F.);
#2465=ORIENTED_EDGE('',*,*,#3438,.F.);
#2466=ORIENTED_EDGE('',*,*,#3595,.T.);
#2467=ORIENTED_EDGE('',*,*,#3603,.F.);
#2468=ORIENTED_EDGE('',*,*,#3441,.T.);
#2469=ORIENTED_EDGE('',*,*,#3604,.T.);
#2470=ORIENTED_EDGE('',*,*,#3605,.T.);
#2471=ORIENTED_EDGE('',*,*,#3606,.T.);
#2472=ORIENTED_EDGE('',*,*,#3604,.F.);
#2473=ORIENTED_EDGE('',*,*,#3444,.F.);
#2474=ORIENTED_EDGE('',*,*,#3607,.T.);
#2475=ORIENTED_EDGE('',*,*,#3608,.F.);
#2476=ORIENTED_EDGE('',*,*,#3607,.F.);
#2477=ORIENTED_EDGE('',*,*,#3443,.F.);
#2478=ORIENTED_EDGE('',*,*,#3609,.T.);
#2479=ORIENTED_EDGE('',*,*,#3609,.F.);
#2480=ORIENTED_EDGE('',*,*,#3442,.T.);
#2481=ORIENTED_EDGE('',*,*,#3603,.T.);
#2482=ORIENTED_EDGE('',*,*,#3610,.F.);
#2483=ORIENTED_EDGE('',*,*,#3611,.F.);
#2484=ORIENTED_EDGE('',*,*,#3612,.F.);
#2485=ORIENTED_EDGE('',*,*,#3445,.F.);
#2486=ORIENTED_EDGE('',*,*,#3613,.T.);
#2487=ORIENTED_EDGE('',*,*,#3613,.F.);
#2488=ORIENTED_EDGE('',*,*,#3448,.T.);
#2489=ORIENTED_EDGE('',*,*,#3614,.T.);
#2490=ORIENTED_EDGE('',*,*,#3615,.F.);
#2491=ORIENTED_EDGE('',*,*,#3614,.F.);
#2492=ORIENTED_EDGE('',*,*,#3447,.T.);
#2493=ORIENTED_EDGE('',*,*,#3616,.T.);
#2494=ORIENTED_EDGE('',*,*,#3617,.T.);
#2495=ORIENTED_EDGE('',*,*,#3618,.T.);
#2496=ORIENTED_EDGE('',*,*,#3616,.F.);
#2497=ORIENTED_EDGE('',*,*,#3446,.F.);
#2498=ORIENTED_EDGE('',*,*,#3612,.T.);
#2499=ORIENTED_EDGE('',*,*,#3619,.F.);
#2500=ORIENTED_EDGE('',*,*,#3449,.T.);
#2501=ORIENTED_EDGE('',*,*,#3620,.T.);
#2502=ORIENTED_EDGE('',*,*,#3621,.F.);
#2503=ORIENTED_EDGE('',*,*,#3620,.F.);
#2504=ORIENTED_EDGE('',*,*,#3452,.T.);
#2505=ORIENTED_EDGE('',*,*,#3622,.T.);
#2506=ORIENTED_EDGE('',*,*,#3623,.T.);
#2507=ORIENTED_EDGE('',*,*,#3624,.T.);
#2508=ORIENTED_EDGE('',*,*,#3622,.F.);
#2509=ORIENTED_EDGE('',*,*,#3451,.F.);
#2510=ORIENTED_EDGE('',*,*,#3625,.T.);
#2511=ORIENTED_EDGE('',*,*,#3626,.F.);
#2512=ORIENTED_EDGE('',*,*,#3625,.F.);
#2513=ORIENTED_EDGE('',*,*,#3450,.F.);
#2514=ORIENTED_EDGE('',*,*,#3619,.T.);
#2515=ORIENTED_EDGE('',*,*,#3627,.T.);
#2516=ORIENTED_EDGE('',*,*,#3628,.F.);
#2517=ORIENTED_EDGE('',*,*,#3500,.F.);
#2518=ORIENTED_EDGE('',*,*,#3629,.T.);
#2519=ORIENTED_EDGE('',*,*,#3630,.T.);
#2520=ORIENTED_EDGE('',*,*,#3631,.F.);
#2521=ORIENTED_EDGE('',*,*,#3502,.F.);
#2522=ORIENTED_EDGE('',*,*,#3628,.T.);
#2523=ORIENTED_EDGE('',*,*,#3632,.F.);
#2524=ORIENTED_EDGE('',*,*,#3504,.T.);
#2525=ORIENTED_EDGE('',*,*,#3631,.T.);
#2526=ORIENTED_EDGE('',*,*,#3633,.F.);
#2527=ORIENTED_EDGE('',*,*,#3629,.F.);
#2528=ORIENTED_EDGE('',*,*,#3506,.T.);
#2529=ORIENTED_EDGE('',*,*,#3632,.T.);
#2530=ORIENTED_EDGE('',*,*,#3634,.F.);
#2531=ORIENTED_EDGE('',*,*,#3635,.F.);
#2532=ORIENTED_EDGE('',*,*,#3508,.T.);
#2533=ORIENTED_EDGE('',*,*,#3636,.T.);
#2534=ORIENTED_EDGE('',*,*,#3637,.F.);
#2535=ORIENTED_EDGE('',*,*,#3638,.F.);
#2536=ORIENTED_EDGE('',*,*,#3510,.T.);
#2537=ORIENTED_EDGE('',*,*,#3635,.T.);
#2538=ORIENTED_EDGE('',*,*,#3639,.F.);
#2539=ORIENTED_EDGE('',*,*,#3640,.T.);
#2540=ORIENTED_EDGE('',*,*,#3641,.F.);
#2541=ORIENTED_EDGE('',*,*,#3512,.F.);
#2542=ORIENTED_EDGE('',*,*,#3638,.T.);
#2543=ORIENTED_EDGE('',*,*,#3642,.T.);
#2544=ORIENTED_EDGE('',*,*,#3636,.F.);
#2545=ORIENTED_EDGE('',*,*,#3514,.F.);
#2546=ORIENTED_EDGE('',*,*,#3641,.T.);
#2547=ORIENTED_EDGE('',*,*,#3643,.T.);
#2548=ORIENTED_EDGE('',*,*,#3644,.F.);
#2549=ORIENTED_EDGE('',*,*,#3516,.F.);
#2550=ORIENTED_EDGE('',*,*,#3645,.T.);
#2551=ORIENTED_EDGE('',*,*,#3646,.F.);
#2552=ORIENTED_EDGE('',*,*,#3518,.T.);
#2553=ORIENTED_EDGE('',*,*,#3644,.T.);
#2554=ORIENTED_EDGE('',*,*,#3647,.F.);
#2555=ORIENTED_EDGE('',*,*,#3648,.F.);
#2556=ORIENTED_EDGE('',*,*,#3520,.T.);
#2557=ORIENTED_EDGE('',*,*,#3646,.T.);
#2558=ORIENTED_EDGE('',*,*,#3649,.F.);
#2559=ORIENTED_EDGE('',*,*,#3650,.T.);
#2560=ORIENTED_EDGE('',*,*,#3645,.F.);
#2561=ORIENTED_EDGE('',*,*,#3522,.F.);
#2562=ORIENTED_EDGE('',*,*,#3648,.T.);
#2563=ORIENTED_EDGE('',*,*,#3651,.F.);
#2564=ORIENTED_EDGE('',*,*,#3524,.T.);
#2565=ORIENTED_EDGE('',*,*,#3652,.T.);
#2566=ORIENTED_EDGE('',*,*,#3653,.F.);
#2567=ORIENTED_EDGE('',*,*,#3654,.F.);
#2568=ORIENTED_EDGE('',*,*,#3526,.T.);
#2569=ORIENTED_EDGE('',*,*,#3651,.T.);
#2570=ORIENTED_EDGE('',*,*,#3655,.F.);
#2571=ORIENTED_EDGE('',*,*,#3656,.T.);
#2572=ORIENTED_EDGE('',*,*,#3657,.F.);
#2573=ORIENTED_EDGE('',*,*,#3528,.F.);
#2574=ORIENTED_EDGE('',*,*,#3654,.T.);
#2575=ORIENTED_EDGE('',*,*,#3658,.T.);
#2576=ORIENTED_EDGE('',*,*,#3652,.F.);
#2577=ORIENTED_EDGE('',*,*,#3530,.F.);
#2578=ORIENTED_EDGE('',*,*,#3657,.T.);
#2579=ORIENTED_EDGE('',*,*,#3659,.T.);
#2580=ORIENTED_EDGE('',*,*,#3660,.F.);
#2581=ORIENTED_EDGE('',*,*,#3532,.F.);
#2582=ORIENTED_EDGE('',*,*,#3661,.T.);
#2583=ORIENTED_EDGE('',*,*,#3662,.F.);
#2584=ORIENTED_EDGE('',*,*,#3534,.T.);
#2585=ORIENTED_EDGE('',*,*,#3660,.T.);
#2586=ORIENTED_EDGE('',*,*,#3663,.F.);
#2587=ORIENTED_EDGE('',*,*,#3664,.F.);
#2588=ORIENTED_EDGE('',*,*,#3536,.T.);
#2589=ORIENTED_EDGE('',*,*,#3662,.T.);
#2590=ORIENTED_EDGE('',*,*,#3665,.F.);
#2591=ORIENTED_EDGE('',*,*,#3666,.T.);
#2592=ORIENTED_EDGE('',*,*,#3661,.F.);
#2593=ORIENTED_EDGE('',*,*,#3538,.F.);
#2594=ORIENTED_EDGE('',*,*,#3664,.T.);
#2595=ORIENTED_EDGE('',*,*,#3667,.F.);
#2596=ORIENTED_EDGE('',*,*,#3540,.T.);
#2597=ORIENTED_EDGE('',*,*,#3668,.T.);
#2598=ORIENTED_EDGE('',*,*,#3669,.F.);
#2599=ORIENTED_EDGE('',*,*,#3670,.F.);
#2600=ORIENTED_EDGE('',*,*,#3542,.T.);
#2601=ORIENTED_EDGE('',*,*,#3667,.T.);
#2602=ORIENTED_EDGE('',*,*,#3671,.F.);
#2603=ORIENTED_EDGE('',*,*,#3672,.T.);
#2604=ORIENTED_EDGE('',*,*,#3673,.F.);
#2605=ORIENTED_EDGE('',*,*,#3544,.F.);
#2606=ORIENTED_EDGE('',*,*,#3670,.T.);
#2607=ORIENTED_EDGE('',*,*,#3674,.T.);
#2608=ORIENTED_EDGE('',*,*,#3668,.F.);
#2609=ORIENTED_EDGE('',*,*,#3546,.F.);
#2610=ORIENTED_EDGE('',*,*,#3673,.T.);
#2611=ORIENTED_EDGE('',*,*,#3675,.T.);
#2612=ORIENTED_EDGE('',*,*,#3676,.F.);
#2613=ORIENTED_EDGE('',*,*,#3548,.F.);
#2614=ORIENTED_EDGE('',*,*,#3677,.T.);
#2615=ORIENTED_EDGE('',*,*,#3678,.T.);
#2616=ORIENTED_EDGE('',*,*,#3679,.F.);
#2617=ORIENTED_EDGE('',*,*,#3550,.F.);
#2618=ORIENTED_EDGE('',*,*,#3676,.T.);
#2619=ORIENTED_EDGE('',*,*,#3680,.F.);
#2620=ORIENTED_EDGE('',*,*,#3552,.T.);
#2621=ORIENTED_EDGE('',*,*,#3679,.T.);
#2622=ORIENTED_EDGE('',*,*,#3681,.F.);
#2623=ORIENTED_EDGE('',*,*,#3677,.F.);
#2624=ORIENTED_EDGE('',*,*,#3554,.T.);
#2625=ORIENTED_EDGE('',*,*,#3680,.T.);
#2626=ORIENTED_EDGE('',*,*,#3682,.F.);
#2627=ORIENTED_EDGE('',*,*,#3683,.T.);
#2628=ORIENTED_EDGE('',*,*,#3684,.F.);
#2629=ORIENTED_EDGE('',*,*,#3556,.F.);
#2630=ORIENTED_EDGE('',*,*,#3685,.T.);
#2631=ORIENTED_EDGE('',*,*,#3686,.F.);
#2632=ORIENTED_EDGE('',*,*,#3558,.T.);
#2633=ORIENTED_EDGE('',*,*,#3684,.T.);
#2634=ORIENTED_EDGE('',*,*,#3687,.F.);
#2635=ORIENTED_EDGE('',*,*,#3688,.F.);
#2636=ORIENTED_EDGE('',*,*,#3560,.T.);
#2637=ORIENTED_EDGE('',*,*,#3686,.T.);
#2638=ORIENTED_EDGE('',*,*,#3689,.F.);
#2639=ORIENTED_EDGE('',*,*,#3690,.T.);
#2640=ORIENTED_EDGE('',*,*,#3685,.F.);
#2641=ORIENTED_EDGE('',*,*,#3562,.F.);
#2642=ORIENTED_EDGE('',*,*,#3688,.T.);
#2643=ORIENTED_EDGE('',*,*,#3691,.F.);
#2644=ORIENTED_EDGE('',*,*,#3563,.T.);
#2645=ORIENTED_EDGE('',*,*,#3692,.T.);
#2646=ORIENTED_EDGE('',*,*,#3693,.F.);
#2647=ORIENTED_EDGE('',*,*,#3692,.F.);
#2648=ORIENTED_EDGE('',*,*,#3567,.T.);
#2649=ORIENTED_EDGE('',*,*,#3694,.T.);
#2650=ORIENTED_EDGE('',*,*,#3695,.F.);
#2651=ORIENTED_EDGE('',*,*,#3696,.T.);
#2652=ORIENTED_EDGE('',*,*,#3694,.F.);
#2653=ORIENTED_EDGE('',*,*,#3569,.F.);
#2654=ORIENTED_EDGE('',*,*,#3697,.T.);
#2655=ORIENTED_EDGE('',*,*,#3698,.T.);
#2656=ORIENTED_EDGE('',*,*,#3697,.F.);
#2657=ORIENTED_EDGE('',*,*,#3570,.F.);
#2658=ORIENTED_EDGE('',*,*,#3691,.T.);
#2659=ORIENTED_EDGE('',*,*,#3699,.T.);
#2660=ORIENTED_EDGE('',*,*,#3700,.F.);
#2661=ORIENTED_EDGE('',*,*,#3573,.F.);
#2662=ORIENTED_EDGE('',*,*,#3701,.T.);
#2663=ORIENTED_EDGE('',*,*,#3702,.T.);
#2664=ORIENTED_EDGE('',*,*,#3701,.F.);
#2665=ORIENTED_EDGE('',*,*,#3574,.F.);
#2666=ORIENTED_EDGE('',*,*,#3703,.T.);
#2667=ORIENTED_EDGE('',*,*,#3703,.F.);
#2668=ORIENTED_EDGE('',*,*,#3576,.T.);
#2669=ORIENTED_EDGE('',*,*,#3704,.T.);
#2670=ORIENTED_EDGE('',*,*,#3705,.F.);
#2671=ORIENTED_EDGE('',*,*,#3704,.F.);
#2672=ORIENTED_EDGE('',*,*,#3578,.T.);
#2673=ORIENTED_EDGE('',*,*,#3700,.T.);
#2674=ORIENTED_EDGE('',*,*,#3706,.F.);
#2675=ORIENTED_EDGE('',*,*,#3707,.F.);
#2676=ORIENTED_EDGE('',*,*,#3581,.T.);
#2677=ORIENTED_EDGE('',*,*,#3708,.T.);
#2678=ORIENTED_EDGE('',*,*,#3709,.F.);
#2679=ORIENTED_EDGE('',*,*,#3710,.T.);
#2680=ORIENTED_EDGE('',*,*,#3708,.F.);
#2681=ORIENTED_EDGE('',*,*,#3583,.F.);
#2682=ORIENTED_EDGE('',*,*,#3711,.T.);
#2683=ORIENTED_EDGE('',*,*,#3712,.T.);
#2684=ORIENTED_EDGE('',*,*,#3711,.F.);
#2685=ORIENTED_EDGE('',*,*,#3584,.F.);
#2686=ORIENTED_EDGE('',*,*,#3713,.T.);
#2687=ORIENTED_EDGE('',*,*,#3713,.F.);
#2688=ORIENTED_EDGE('',*,*,#3586,.T.);
#2689=ORIENTED_EDGE('',*,*,#3707,.T.);
#2690=ORIENTED_EDGE('',*,*,#3714,.F.);
#2691=ORIENTED_EDGE('',*,*,#3715,.T.);
#2692=ORIENTED_EDGE('',*,*,#3716,.F.);
#2693=ORIENTED_EDGE('',*,*,#3589,.F.);
#2694=ORIENTED_EDGE('',*,*,#3717,.T.);
#2695=ORIENTED_EDGE('',*,*,#3718,.T.);
#2696=ORIENTED_EDGE('',*,*,#3717,.F.);
#2697=ORIENTED_EDGE('',*,*,#3590,.F.);
#2698=ORIENTED_EDGE('',*,*,#3719,.T.);
#2699=ORIENTED_EDGE('',*,*,#3719,.F.);
#2700=ORIENTED_EDGE('',*,*,#3592,.T.);
#2701=ORIENTED_EDGE('',*,*,#3720,.T.);
#2702=ORIENTED_EDGE('',*,*,#3721,.F.);
#2703=ORIENTED_EDGE('',*,*,#3720,.F.);
#2704=ORIENTED_EDGE('',*,*,#3594,.T.);
#2705=ORIENTED_EDGE('',*,*,#3716,.T.);
#2706=ORIENTED_EDGE('',*,*,#3722,.F.);
#2707=ORIENTED_EDGE('',*,*,#3723,.F.);
#2708=ORIENTED_EDGE('',*,*,#3597,.T.);
#2709=ORIENTED_EDGE('',*,*,#3724,.T.);
#2710=ORIENTED_EDGE('',*,*,#3725,.F.);
#2711=ORIENTED_EDGE('',*,*,#3726,.T.);
#2712=ORIENTED_EDGE('',*,*,#3724,.F.);
#2713=ORIENTED_EDGE('',*,*,#3599,.F.);
#2714=ORIENTED_EDGE('',*,*,#3727,.T.);
#2715=ORIENTED_EDGE('',*,*,#3728,.T.);
#2716=ORIENTED_EDGE('',*,*,#3727,.F.);
#2717=ORIENTED_EDGE('',*,*,#3600,.F.);
#2718=ORIENTED_EDGE('',*,*,#3729,.T.);
#2719=ORIENTED_EDGE('',*,*,#3729,.F.);
#2720=ORIENTED_EDGE('',*,*,#3602,.T.);
#2721=ORIENTED_EDGE('',*,*,#3723,.T.);
#2722=ORIENTED_EDGE('',*,*,#3730,.F.);
#2723=ORIENTED_EDGE('',*,*,#3731,.T.);
#2724=ORIENTED_EDGE('',*,*,#3732,.F.);
#2725=ORIENTED_EDGE('',*,*,#3605,.F.);
#2726=ORIENTED_EDGE('',*,*,#3733,.T.);
#2727=ORIENTED_EDGE('',*,*,#3734,.T.);
#2728=ORIENTED_EDGE('',*,*,#3733,.F.);
#2729=ORIENTED_EDGE('',*,*,#3606,.F.);
#2730=ORIENTED_EDGE('',*,*,#3735,.T.);
#2731=ORIENTED_EDGE('',*,*,#3735,.F.);
#2732=ORIENTED_EDGE('',*,*,#3608,.T.);
#2733=ORIENTED_EDGE('',*,*,#3736,.T.);
#2734=ORIENTED_EDGE('',*,*,#3737,.F.);
#2735=ORIENTED_EDGE('',*,*,#3736,.F.);
#2736=ORIENTED_EDGE('',*,*,#3610,.T.);
#2737=ORIENTED_EDGE('',*,*,#3732,.T.);
#2738=ORIENTED_EDGE('',*,*,#3738,.F.);
#2739=ORIENTED_EDGE('',*,*,#3739,.F.);
#2740=ORIENTED_EDGE('',*,*,#3611,.T.);
#2741=ORIENTED_EDGE('',*,*,#3740,.T.);
#2742=ORIENTED_EDGE('',*,*,#3741,.F.);
#2743=ORIENTED_EDGE('',*,*,#3740,.F.);
#2744=ORIENTED_EDGE('',*,*,#3615,.T.);
#2745=ORIENTED_EDGE('',*,*,#3742,.T.);
#2746=ORIENTED_EDGE('',*,*,#3743,.F.);
#2747=ORIENTED_EDGE('',*,*,#3744,.T.);
#2748=ORIENTED_EDGE('',*,*,#3742,.F.);
#2749=ORIENTED_EDGE('',*,*,#3617,.F.);
#2750=ORIENTED_EDGE('',*,*,#3745,.T.);
#2751=ORIENTED_EDGE('',*,*,#3746,.T.);
#2752=ORIENTED_EDGE('',*,*,#3745,.F.);
#2753=ORIENTED_EDGE('',*,*,#3618,.F.);
#2754=ORIENTED_EDGE('',*,*,#3739,.T.);
#2755=ORIENTED_EDGE('',*,*,#3747,.F.);
#2756=ORIENTED_EDGE('',*,*,#3621,.T.);
#2757=ORIENTED_EDGE('',*,*,#3748,.T.);
#2758=ORIENTED_EDGE('',*,*,#3749,.F.);
#2759=ORIENTED_EDGE('',*,*,#3750,.T.);
#2760=ORIENTED_EDGE('',*,*,#3748,.F.);
#2761=ORIENTED_EDGE('',*,*,#3623,.F.);
#2762=ORIENTED_EDGE('',*,*,#3751,.T.);
#2763=ORIENTED_EDGE('',*,*,#3752,.T.);
#2764=ORIENTED_EDGE('',*,*,#3751,.F.);
#2765=ORIENTED_EDGE('',*,*,#3624,.F.);
#2766=ORIENTED_EDGE('',*,*,#3753,.T.);
#2767=ORIENTED_EDGE('',*,*,#3753,.F.);
#2768=ORIENTED_EDGE('',*,*,#3626,.T.);
#2769=ORIENTED_EDGE('',*,*,#3747,.T.);
#2770=ORIENTED_EDGE('',*,*,#3754,.F.);
#2771=ORIENTED_EDGE('',*,*,#3634,.T.);
#2772=ORIENTED_EDGE('',*,*,#3633,.T.);
#2773=ORIENTED_EDGE('',*,*,#3630,.F.);
#2774=ORIENTED_EDGE('',*,*,#3627,.F.);
#2775=ORIENTED_EDGE('',*,*,#3639,.T.);
#2776=ORIENTED_EDGE('',*,*,#3637,.T.);
#2777=ORIENTED_EDGE('',*,*,#3642,.F.);
#2778=ORIENTED_EDGE('',*,*,#3640,.F.);
#2779=ORIENTED_EDGE('',*,*,#3649,.T.);
#2780=ORIENTED_EDGE('',*,*,#3647,.T.);
#2781=ORIENTED_EDGE('',*,*,#3643,.F.);
#2782=ORIENTED_EDGE('',*,*,#3650,.F.);
#2783=ORIENTED_EDGE('',*,*,#3655,.T.);
#2784=ORIENTED_EDGE('',*,*,#3653,.T.);
#2785=ORIENTED_EDGE('',*,*,#3658,.F.);
#2786=ORIENTED_EDGE('',*,*,#3656,.F.);
#2787=ORIENTED_EDGE('',*,*,#3665,.T.);
#2788=ORIENTED_EDGE('',*,*,#3663,.T.);
#2789=ORIENTED_EDGE('',*,*,#3659,.F.);
#2790=ORIENTED_EDGE('',*,*,#3666,.F.);
#2791=ORIENTED_EDGE('',*,*,#3671,.T.);
#2792=ORIENTED_EDGE('',*,*,#3669,.T.);
#2793=ORIENTED_EDGE('',*,*,#3674,.F.);
#2794=ORIENTED_EDGE('',*,*,#3672,.F.);
#2795=ORIENTED_EDGE('',*,*,#3682,.T.);
#2796=ORIENTED_EDGE('',*,*,#3681,.T.);
#2797=ORIENTED_EDGE('',*,*,#3678,.F.);
#2798=ORIENTED_EDGE('',*,*,#3675,.F.);
#2799=ORIENTED_EDGE('',*,*,#3689,.T.);
#2800=ORIENTED_EDGE('',*,*,#3687,.T.);
#2801=ORIENTED_EDGE('',*,*,#3683,.F.);
#2802=ORIENTED_EDGE('',*,*,#3690,.F.);
#2803=ORIENTED_EDGE('',*,*,#3693,.T.);
#2804=ORIENTED_EDGE('',*,*,#3695,.T.);
#2805=ORIENTED_EDGE('',*,*,#3696,.F.);
#2806=ORIENTED_EDGE('',*,*,#3698,.F.);
#2807=ORIENTED_EDGE('',*,*,#3705,.T.);
#2808=ORIENTED_EDGE('',*,*,#3706,.T.);
#2809=ORIENTED_EDGE('',*,*,#3699,.F.);
#2810=ORIENTED_EDGE('',*,*,#3702,.F.);
#2811=ORIENTED_EDGE('',*,*,#3714,.T.);
#2812=ORIENTED_EDGE('',*,*,#3709,.T.);
#2813=ORIENTED_EDGE('',*,*,#3710,.F.);
#2814=ORIENTED_EDGE('',*,*,#3712,.F.);
#2815=ORIENTED_EDGE('',*,*,#3721,.T.);
#2816=ORIENTED_EDGE('',*,*,#3722,.T.);
#2817=ORIENTED_EDGE('',*,*,#3715,.F.);
#2818=ORIENTED_EDGE('',*,*,#3718,.F.);
#2819=ORIENTED_EDGE('',*,*,#3730,.T.);
#2820=ORIENTED_EDGE('',*,*,#3725,.T.);
#2821=ORIENTED_EDGE('',*,*,#3726,.F.);
#2822=ORIENTED_EDGE('',*,*,#3728,.F.);
#2823=ORIENTED_EDGE('',*,*,#3737,.T.);
#2824=ORIENTED_EDGE('',*,*,#3738,.T.);
#2825=ORIENTED_EDGE('',*,*,#3731,.F.);
#2826=ORIENTED_EDGE('',*,*,#3734,.F.);
#2827=ORIENTED_EDGE('',*,*,#3741,.T.);
#2828=ORIENTED_EDGE('',*,*,#3743,.T.);
#2829=ORIENTED_EDGE('',*,*,#3744,.F.);
#2830=ORIENTED_EDGE('',*,*,#3746,.F.);
#2831=ORIENTED_EDGE('',*,*,#3754,.T.);
#2832=ORIENTED_EDGE('',*,*,#3749,.T.);
#2833=ORIENTED_EDGE('',*,*,#3750,.F.);
#2834=ORIENTED_EDGE('',*,*,#3752,.F.);
#2835=ORIENTED_EDGE('',*,*,#3755,.F.);
#2836=ORIENTED_EDGE('',*,*,#3756,.T.);
#2837=ORIENTED_EDGE('',*,*,#3756,.F.);
#2838=ORIENTED_EDGE('',*,*,#3757,.T.);
#2839=ORIENTED_EDGE('',*,*,#3755,.T.);
#2840=ORIENTED_EDGE('',*,*,#3758,.F.);
#2841=ORIENTED_EDGE('',*,*,#3757,.F.);
#2842=ORIENTED_EDGE('',*,*,#3759,.T.);
#2843=ORIENTED_EDGE('',*,*,#3760,.F.);
#2844=ORIENTED_EDGE('',*,*,#3758,.T.);
#2845=ORIENTED_EDGE('',*,*,#3761,.T.);
#2846=ORIENTED_EDGE('',*,*,#3759,.F.);
#2847=ORIENTED_EDGE('',*,*,#3760,.T.);
#2848=ORIENTED_EDGE('',*,*,#3762,.F.);
#2849=ORIENTED_EDGE('',*,*,#3761,.F.);
#2850=ORIENTED_EDGE('',*,*,#3762,.T.);
#2851=ORIENTED_EDGE('',*,*,#3763,.F.);
#2852=ORIENTED_EDGE('',*,*,#3764,.T.);
#2853=ORIENTED_EDGE('',*,*,#3765,.T.);
#2854=ORIENTED_EDGE('',*,*,#3763,.T.);
#2855=ORIENTED_EDGE('',*,*,#3766,.F.);
#2856=ORIENTED_EDGE('',*,*,#3765,.F.);
#2857=ORIENTED_EDGE('',*,*,#3767,.T.);
#2858=ORIENTED_EDGE('',*,*,#3766,.T.);
#2859=ORIENTED_EDGE('',*,*,#3768,.F.);
#2860=ORIENTED_EDGE('',*,*,#3767,.F.);
#2861=ORIENTED_EDGE('',*,*,#3764,.F.);
#2862=ORIENTED_EDGE('',*,*,#3768,.T.);
#2863=ORIENTED_EDGE('',*,*,#3769,.F.);
#2864=ORIENTED_EDGE('',*,*,#3770,.T.);
#2865=ORIENTED_EDGE('',*,*,#3771,.T.);
#2866=ORIENTED_EDGE('',*,*,#3769,.T.);
#2867=ORIENTED_EDGE('',*,*,#3772,.F.);
#2868=ORIENTED_EDGE('',*,*,#3771,.F.);
#2869=ORIENTED_EDGE('',*,*,#3773,.T.);
#2870=ORIENTED_EDGE('',*,*,#3772,.T.);
#2871=ORIENTED_EDGE('',*,*,#3774,.F.);
#2872=ORIENTED_EDGE('',*,*,#3773,.F.);
#2873=ORIENTED_EDGE('',*,*,#3770,.F.);
#2874=ORIENTED_EDGE('',*,*,#3774,.T.);
#2875=ORIENTED_EDGE('',*,*,#3775,.F.);
#2876=ORIENTED_EDGE('',*,*,#3776,.T.);
#2877=ORIENTED_EDGE('',*,*,#3776,.F.);
#2878=ORIENTED_EDGE('',*,*,#3777,.T.);
#2879=ORIENTED_EDGE('',*,*,#3775,.T.);
#2880=ORIENTED_EDGE('',*,*,#3778,.F.);
#2881=ORIENTED_EDGE('',*,*,#3777,.F.);
#2882=ORIENTED_EDGE('',*,*,#3779,.T.);
#2883=ORIENTED_EDGE('',*,*,#3780,.F.);
#2884=ORIENTED_EDGE('',*,*,#3778,.T.);
#2885=ORIENTED_EDGE('',*,*,#3781,.T.);
#2886=ORIENTED_EDGE('',*,*,#3779,.F.);
#2887=ORIENTED_EDGE('',*,*,#3780,.T.);
#2888=ORIENTED_EDGE('',*,*,#3782,.F.);
#2889=ORIENTED_EDGE('',*,*,#3781,.F.);
#2890=ORIENTED_EDGE('',*,*,#3782,.T.);
#2891=ORIENTED_EDGE('',*,*,#3783,.F.);
#2892=ORIENTED_EDGE('',*,*,#3784,.T.);
#2893=ORIENTED_EDGE('',*,*,#3785,.T.);
#2894=ORIENTED_EDGE('',*,*,#3783,.T.);
#2895=ORIENTED_EDGE('',*,*,#3786,.F.);
#2896=ORIENTED_EDGE('',*,*,#3785,.F.);
#2897=ORIENTED_EDGE('',*,*,#3787,.T.);
#2898=ORIENTED_EDGE('',*,*,#3786,.T.);
#2899=ORIENTED_EDGE('',*,*,#3788,.F.);
#2900=ORIENTED_EDGE('',*,*,#3787,.F.);
#2901=ORIENTED_EDGE('',*,*,#3784,.F.);
#2902=ORIENTED_EDGE('',*,*,#3788,.T.);
#2903=ORIENTED_EDGE('',*,*,#3789,.F.);
#2904=ORIENTED_EDGE('',*,*,#3790,.T.);
#2905=ORIENTED_EDGE('',*,*,#3790,.F.);
#2906=ORIENTED_EDGE('',*,*,#3791,.T.);
#2907=ORIENTED_EDGE('',*,*,#3789,.T.);
#2908=ORIENTED_EDGE('',*,*,#3792,.F.);
#2909=ORIENTED_EDGE('',*,*,#3791,.F.);
#2910=ORIENTED_EDGE('',*,*,#3793,.T.);
#2911=ORIENTED_EDGE('',*,*,#3794,.F.);
#2912=ORIENTED_EDGE('',*,*,#3792,.T.);
#2913=ORIENTED_EDGE('',*,*,#3795,.T.);
#2914=ORIENTED_EDGE('',*,*,#3793,.F.);
#2915=ORIENTED_EDGE('',*,*,#3794,.T.);
#2916=ORIENTED_EDGE('',*,*,#3796,.F.);
#2917=ORIENTED_EDGE('',*,*,#3795,.F.);
#2918=ORIENTED_EDGE('',*,*,#3796,.T.);
#2919=ORIENTED_EDGE('',*,*,#3797,.F.);
#2920=ORIENTED_EDGE('',*,*,#3798,.T.);
#2921=ORIENTED_EDGE('',*,*,#3799,.T.);
#2922=ORIENTED_EDGE('',*,*,#3797,.T.);
#2923=ORIENTED_EDGE('',*,*,#3800,.F.);
#2924=ORIENTED_EDGE('',*,*,#3799,.F.);
#2925=ORIENTED_EDGE('',*,*,#3801,.T.);
#2926=ORIENTED_EDGE('',*,*,#3800,.T.);
#2927=ORIENTED_EDGE('',*,*,#3802,.F.);
#2928=ORIENTED_EDGE('',*,*,#3801,.F.);
#2929=ORIENTED_EDGE('',*,*,#3798,.F.);
#2930=ORIENTED_EDGE('',*,*,#3802,.T.);
#2931=ORIENTED_EDGE('',*,*,#3803,.F.);
#2932=ORIENTED_EDGE('',*,*,#3804,.T.);
#2933=ORIENTED_EDGE('',*,*,#3805,.T.);
#2934=ORIENTED_EDGE('',*,*,#3803,.T.);
#2935=ORIENTED_EDGE('',*,*,#3806,.F.);
#2936=ORIENTED_EDGE('',*,*,#3805,.F.);
#2937=ORIENTED_EDGE('',*,*,#3807,.T.);
#2938=ORIENTED_EDGE('',*,*,#3806,.T.);
#2939=ORIENTED_EDGE('',*,*,#3808,.F.);
#2940=ORIENTED_EDGE('',*,*,#3807,.F.);
#2941=ORIENTED_EDGE('',*,*,#3804,.F.);
#2942=ORIENTED_EDGE('',*,*,#3808,.T.);
#2943=ORIENTED_EDGE('',*,*,#3809,.F.);
#2944=ORIENTED_EDGE('',*,*,#3810,.T.);
#2945=ORIENTED_EDGE('',*,*,#3810,.F.);
#2946=ORIENTED_EDGE('',*,*,#3811,.T.);
#2947=ORIENTED_EDGE('',*,*,#3809,.T.);
#2948=ORIENTED_EDGE('',*,*,#3812,.F.);
#2949=ORIENTED_EDGE('',*,*,#3811,.F.);
#2950=ORIENTED_EDGE('',*,*,#3813,.T.);
#2951=ORIENTED_EDGE('',*,*,#3814,.F.);
#2952=ORIENTED_EDGE('',*,*,#3812,.T.);
#2953=ORIENTED_EDGE('',*,*,#3815,.T.);
#2954=ORIENTED_EDGE('',*,*,#3813,.F.);
#2955=ORIENTED_EDGE('',*,*,#3814,.T.);
#2956=ORIENTED_EDGE('',*,*,#3816,.F.);
#2957=ORIENTED_EDGE('',*,*,#3815,.F.);
#2958=ORIENTED_EDGE('',*,*,#3816,.T.);
#2959=ORIENTED_EDGE('',*,*,#3817,.F.);
#2960=ORIENTED_EDGE('',*,*,#3818,.T.);
#2961=ORIENTED_EDGE('',*,*,#3819,.T.);
#2962=ORIENTED_EDGE('',*,*,#3817,.T.);
#2963=ORIENTED_EDGE('',*,*,#3820,.F.);
#2964=ORIENTED_EDGE('',*,*,#3819,.F.);
#2965=ORIENTED_EDGE('',*,*,#3821,.T.);
#2966=ORIENTED_EDGE('',*,*,#3820,.T.);
#2967=ORIENTED_EDGE('',*,*,#3822,.F.);
#2968=ORIENTED_EDGE('',*,*,#3821,.F.);
#2969=ORIENTED_EDGE('',*,*,#3818,.F.);
#2970=ORIENTED_EDGE('',*,*,#3822,.T.);
#2971=ORIENTED_EDGE('',*,*,#3823,.F.);
#2972=ORIENTED_EDGE('',*,*,#3824,.T.);
#2973=ORIENTED_EDGE('',*,*,#3824,.F.);
#2974=ORIENTED_EDGE('',*,*,#3825,.T.);
#2975=ORIENTED_EDGE('',*,*,#3823,.T.);
#2976=ORIENTED_EDGE('',*,*,#3826,.F.);
#2977=ORIENTED_EDGE('',*,*,#3825,.F.);
#2978=ORIENTED_EDGE('',*,*,#3827,.T.);
#2979=ORIENTED_EDGE('',*,*,#3828,.F.);
#2980=ORIENTED_EDGE('',*,*,#3826,.T.);
#2981=ORIENTED_EDGE('',*,*,#3829,.T.);
#2982=ORIENTED_EDGE('',*,*,#3827,.F.);
#2983=ORIENTED_EDGE('',*,*,#3828,.T.);
#2984=ORIENTED_EDGE('',*,*,#3830,.F.);
#2985=ORIENTED_EDGE('',*,*,#3829,.F.);
#2986=ORIENTED_EDGE('',*,*,#3830,.T.);
#2987=ORIENTED_EDGE('',*,*,#3831,.F.);
#2988=ORIENTED_EDGE('',*,*,#3832,.T.);
#2989=ORIENTED_EDGE('',*,*,#3832,.F.);
#2990=ORIENTED_EDGE('',*,*,#3833,.T.);
#2991=ORIENTED_EDGE('',*,*,#3831,.T.);
#2992=ORIENTED_EDGE('',*,*,#3834,.F.);
#2993=ORIENTED_EDGE('',*,*,#3833,.F.);
#2994=ORIENTED_EDGE('',*,*,#3835,.T.);
#2995=ORIENTED_EDGE('',*,*,#3836,.F.);
#2996=ORIENTED_EDGE('',*,*,#3834,.T.);
#2997=ORIENTED_EDGE('',*,*,#3837,.T.);
#2998=ORIENTED_EDGE('',*,*,#3835,.F.);
#2999=ORIENTED_EDGE('',*,*,#3836,.T.);
#3000=ORIENTED_EDGE('',*,*,#3838,.F.);
#3001=ORIENTED_EDGE('',*,*,#3837,.F.);
#3002=ORIENTED_EDGE('',*,*,#3838,.T.);
#3003=ORIENTED_EDGE('',*,*,#3839,.F.);
#3004=ORIENTED_EDGE('',*,*,#3840,.T.);
#3005=ORIENTED_EDGE('',*,*,#3841,.T.);
#3006=ORIENTED_EDGE('',*,*,#3839,.T.);
#3007=ORIENTED_EDGE('',*,*,#3842,.F.);
#3008=ORIENTED_EDGE('',*,*,#3841,.F.);
#3009=ORIENTED_EDGE('',*,*,#3843,.T.);
#3010=ORIENTED_EDGE('',*,*,#3842,.T.);
#3011=ORIENTED_EDGE('',*,*,#3844,.F.);
#3012=ORIENTED_EDGE('',*,*,#3843,.F.);
#3013=ORIENTED_EDGE('',*,*,#3840,.F.);
#3014=ORIENTED_EDGE('',*,*,#3844,.T.);
#3015=ORIENTED_EDGE('',*,*,#3845,.F.);
#3016=ORIENTED_EDGE('',*,*,#3846,.T.);
#3017=ORIENTED_EDGE('',*,*,#3846,.F.);
#3018=ORIENTED_EDGE('',*,*,#3847,.T.);
#3019=ORIENTED_EDGE('',*,*,#3845,.T.);
#3020=ORIENTED_EDGE('',*,*,#3848,.F.);
#3021=ORIENTED_EDGE('',*,*,#3847,.F.);
#3022=ORIENTED_EDGE('',*,*,#3849,.T.);
#3023=ORIENTED_EDGE('',*,*,#3850,.F.);
#3024=ORIENTED_EDGE('',*,*,#3848,.T.);
#3025=ORIENTED_EDGE('',*,*,#3851,.T.);
#3026=ORIENTED_EDGE('',*,*,#3849,.F.);
#3027=ORIENTED_EDGE('',*,*,#3850,.T.);
#3028=ORIENTED_EDGE('',*,*,#3852,.F.);
#3029=ORIENTED_EDGE('',*,*,#3851,.F.);
#3030=ORIENTED_EDGE('',*,*,#3852,.T.);
#3031=ORIENTED_EDGE('',*,*,#3853,.F.);
#3032=ORIENTED_EDGE('',*,*,#3854,.T.);
#3033=ORIENTED_EDGE('',*,*,#3854,.F.);
#3034=ORIENTED_EDGE('',*,*,#3855,.T.);
#3035=ORIENTED_EDGE('',*,*,#3853,.T.);
#3036=ORIENTED_EDGE('',*,*,#3856,.F.);
#3037=ORIENTED_EDGE('',*,*,#3855,.F.);
#3038=ORIENTED_EDGE('',*,*,#3857,.T.);
#3039=ORIENTED_EDGE('',*,*,#3858,.F.);
#3040=ORIENTED_EDGE('',*,*,#3856,.T.);
#3041=ORIENTED_EDGE('',*,*,#3859,.T.);
#3042=ORIENTED_EDGE('',*,*,#3857,.F.);
#3043=ORIENTED_EDGE('',*,*,#3858,.T.);
#3044=ORIENTED_EDGE('',*,*,#3860,.F.);
#3045=ORIENTED_EDGE('',*,*,#3859,.F.);
#3046=ORIENTED_EDGE('',*,*,#3860,.T.);
#3047=EDGE_CURVE('',#3861,#3861,#4489,.T.);
#3048=EDGE_CURVE('',#3862,#3862,#4490,.F.);
#3049=EDGE_CURVE('',#3863,#3863,#4491,.F.);
#3050=EDGE_CURVE('',#3864,#3864,#4492,.T.);
#3051=EDGE_CURVE('',#3865,#3865,#4493,.T.);
#3052=EDGE_CURVE('',#3866,#3866,#4494,.T.);
#3053=EDGE_CURVE('',#3867,#3867,#4495,.T.);
#3054=EDGE_CURVE('',#3868,#3868,#4496,.T.);
#3055=EDGE_CURVE('',#3869,#3869,#4497,.T.);
#3056=EDGE_CURVE('',#3870,#3870,#4498,.F.);
#3057=EDGE_CURVE('',#3871,#3871,#4499,.F.);
#3058=EDGE_CURVE('',#3872,#3872,#4500,.F.);
#3059=EDGE_CURVE('',#3873,#3873,#4501,.F.);
#3060=EDGE_CURVE('',#3874,#3874,#4502,.T.);
#3061=EDGE_CURVE('',#3875,#3875,#4503,.T.);
#3062=EDGE_CURVE('',#3876,#3876,#4504,.F.);
#3063=EDGE_CURVE('',#3877,#3877,#4505,.T.);
#3064=EDGE_CURVE('',#3878,#3878,#4506,.T.);
#3065=EDGE_CURVE('',#3879,#3880,#18,.F.);
#3066=EDGE_CURVE('',#3880,#3881,#4507,.T.);
#3067=EDGE_CURVE('',#3882,#3881,#19,.F.);
#3068=EDGE_CURVE('',#3879,#3882,#4508,.T.);
#3069=EDGE_CURVE('',#3883,#3884,#20,.F.);
#3070=EDGE_CURVE('',#3884,#3880,#21,.T.);
#3071=EDGE_CURVE('',#3883,#3879,#22,.T.);
#3072=EDGE_CURVE('',#3881,#3885,#23,.T.);
#3073=EDGE_CURVE('',#3886,#3885,#24,.F.);
#3074=EDGE_CURVE('',#3882,#3886,#25,.F.);
#3075=EDGE_CURVE('',#3886,#3887,#4509,.T.);
#3076=EDGE_CURVE('',#3887,#3888,#26,.F.);
#3077=EDGE_CURVE('',#3888,#3889,#4510,.T.);
#3078=EDGE_CURVE('',#3889,#3890,#27,.T.);
#3079=EDGE_CURVE('',#3890,#3883,#4511,.T.);
#3080=EDGE_CURVE('',#3891,#3891,#4512,.T.);
#3081=EDGE_CURVE('',#3892,#3892,#4513,.T.);
#3082=EDGE_CURVE('',#3893,#3893,#4514,.T.);
#3083=EDGE_CURVE('',#3894,#3894,#4515,.T.);
#3084=EDGE_CURVE('',#3895,#3895,#4516,.T.);
#3085=EDGE_CURVE('',#3896,#3896,#4517,.T.);
#3086=EDGE_CURVE('',#3897,#3897,#4518,.T.);
#3087=EDGE_CURVE('',#3898,#3898,#4519,.T.);
#3088=EDGE_CURVE('',#3899,#3899,#4520,.T.);
#3089=EDGE_CURVE('',#3900,#3900,#4521,.T.);
#3090=EDGE_CURVE('',#3901,#3901,#4522,.T.);
#3091=EDGE_CURVE('',#3902,#3902,#4523,.T.);
#3092=EDGE_CURVE('',#3903,#3903,#4524,.T.);
#3093=EDGE_CURVE('',#3904,#3904,#4525,.T.);
#3094=EDGE_CURVE('',#3905,#3905,#4526,.T.);
#3095=EDGE_CURVE('',#3906,#3906,#4527,.T.);
#3096=EDGE_CURVE('',#3907,#3907,#4528,.T.);
#3097=EDGE_CURVE('',#3908,#3908,#4529,.T.);
#3098=EDGE_CURVE('',#3909,#3909,#4530,.T.);
#3099=EDGE_CURVE('',#3910,#3910,#4531,.T.);
#3100=EDGE_CURVE('',#3911,#3911,#4532,.T.);
#3101=EDGE_CURVE('',#3912,#3912,#4533,.T.);
#3102=EDGE_CURVE('',#3913,#3913,#4534,.T.);
#3103=EDGE_CURVE('',#3914,#3914,#4535,.T.);
#3104=EDGE_CURVE('',#3915,#3915,#4536,.T.);
#3105=EDGE_CURVE('',#3916,#3916,#4537,.T.);
#3106=EDGE_CURVE('',#3917,#3917,#4538,.T.);
#3107=EDGE_CURVE('',#3918,#3918,#4539,.T.);
#3108=EDGE_CURVE('',#3919,#3919,#4540,.T.);
#3109=EDGE_CURVE('',#3920,#3920,#4541,.T.);
#3110=EDGE_CURVE('',#3921,#3921,#4542,.T.);
#3111=EDGE_CURVE('',#3922,#3922,#4543,.T.);
#3112=EDGE_CURVE('',#3923,#3923,#4544,.T.);
#3113=EDGE_CURVE('',#3924,#3924,#4545,.T.);
#3114=EDGE_CURVE('',#3925,#3925,#4546,.T.);
#3115=EDGE_CURVE('',#3926,#3926,#4547,.T.);
#3116=EDGE_CURVE('',#3927,#3927,#4548,.T.);
#3117=EDGE_CURVE('',#3928,#3928,#4549,.T.);
#3118=EDGE_CURVE('',#3929,#3929,#4550,.T.);
#3119=EDGE_CURVE('',#3930,#3930,#4551,.T.);
#3120=EDGE_CURVE('',#3931,#3931,#4552,.T.);
#3121=EDGE_CURVE('',#3932,#3932,#4553,.T.);
#3122=EDGE_CURVE('',#3933,#3933,#4554,.T.);
#3123=EDGE_CURVE('',#3934,#3934,#4555,.T.);
#3124=EDGE_CURVE('',#3935,#3935,#4556,.T.);
#3125=EDGE_CURVE('',#3936,#3936,#4557,.T.);
#3126=EDGE_CURVE('',#3937,#3937,#4558,.T.);
#3127=EDGE_CURVE('',#3938,#3938,#4559,.T.);
#3128=EDGE_CURVE('',#3939,#3939,#4560,.T.);
#3129=EDGE_CURVE('',#3940,#3940,#4561,.T.);
#3130=EDGE_CURVE('',#3941,#3941,#4562,.T.);
#3131=EDGE_CURVE('',#3942,#3942,#4563,.T.);
#3132=EDGE_CURVE('',#3943,#3943,#4564,.T.);
#3133=EDGE_CURVE('',#3944,#3944,#4565,.T.);
#3134=EDGE_CURVE('',#3945,#3945,#4566,.T.);
#3135=EDGE_CURVE('',#3946,#3946,#4567,.T.);
#3136=EDGE_CURVE('',#3947,#3947,#4568,.T.);
#3137=EDGE_CURVE('',#3948,#3948,#4569,.T.);
#3138=EDGE_CURVE('',#3949,#3949,#4570,.T.);
#3139=EDGE_CURVE('',#3950,#3950,#4571,.T.);
#3140=EDGE_CURVE('',#3951,#3951,#4572,.T.);
#3141=EDGE_CURVE('',#3952,#3952,#4573,.T.);
#3142=EDGE_CURVE('',#3953,#3953,#4574,.T.);
#3143=EDGE_CURVE('',#3954,#3954,#4575,.T.);
#3144=EDGE_CURVE('',#3955,#3955,#4576,.T.);
#3145=EDGE_CURVE('',#3956,#3956,#4577,.T.);
#3146=EDGE_CURVE('',#3957,#3957,#4578,.T.);
#3147=EDGE_CURVE('',#3958,#3958,#4579,.T.);
#3148=EDGE_CURVE('',#3959,#3959,#4580,.T.);
#3149=EDGE_CURVE('',#3960,#3960,#4581,.T.);
#3150=EDGE_CURVE('',#3961,#3961,#4582,.T.);
#3151=EDGE_CURVE('',#3962,#3962,#4583,.T.);
#3152=EDGE_CURVE('',#3963,#3963,#4584,.T.);
#3153=EDGE_CURVE('',#3964,#3964,#4585,.T.);
#3154=EDGE_CURVE('',#3965,#3965,#4586,.T.);
#3155=EDGE_CURVE('',#3966,#3966,#4587,.T.);
#3156=EDGE_CURVE('',#3967,#3967,#4588,.T.);
#3157=EDGE_CURVE('',#3968,#3968,#4589,.T.);
#3158=EDGE_CURVE('',#3969,#3969,#4590,.T.);
#3159=EDGE_CURVE('',#3970,#3970,#4591,.T.);
#3160=EDGE_CURVE('',#3971,#3971,#4592,.T.);
#3161=EDGE_CURVE('',#3972,#3972,#4593,.T.);
#3162=EDGE_CURVE('',#3973,#3973,#4594,.T.);
#3163=EDGE_CURVE('',#3974,#3974,#4595,.T.);
#3164=EDGE_CURVE('',#3975,#3975,#4596,.T.);
#3165=EDGE_CURVE('',#3976,#3976,#4597,.T.);
#3166=EDGE_CURVE('',#3977,#3977,#4598,.T.);
#3167=EDGE_CURVE('',#3978,#3978,#4599,.T.);
#3168=EDGE_CURVE('',#3979,#3979,#4600,.T.);
#3169=EDGE_CURVE('',#3980,#3980,#4601,.T.);
#3170=EDGE_CURVE('',#3981,#3981,#4602,.T.);
#3171=EDGE_CURVE('',#3982,#3884,#4603,.T.);
#3172=EDGE_CURVE('',#3983,#3982,#28,.T.);
#3173=EDGE_CURVE('',#3984,#3983,#4604,.T.);
#3174=EDGE_CURVE('',#3985,#3984,#29,.T.);
#3175=EDGE_CURVE('',#3885,#3985,#4605,.T.);
#3176=EDGE_CURVE('',#3986,#3986,#4606,.T.);
#3177=EDGE_CURVE('',#3987,#3987,#4607,.T.);
#3178=EDGE_CURVE('',#3988,#3988,#4608,.T.);
#3179=EDGE_CURVE('',#3989,#3989,#4609,.T.);
#3180=EDGE_CURVE('',#3990,#3990,#4610,.T.);
#3181=EDGE_CURVE('',#3991,#3991,#4611,.T.);
#3182=EDGE_CURVE('',#3992,#3992,#4612,.T.);
#3183=EDGE_CURVE('',#3993,#3993,#4613,.T.);
#3184=EDGE_CURVE('',#3994,#3994,#4614,.T.);
#3185=EDGE_CURVE('',#3995,#3995,#4615,.T.);
#3186=EDGE_CURVE('',#3996,#3996,#4616,.T.);
#3187=EDGE_CURVE('',#3997,#3997,#4617,.T.);
#3188=EDGE_CURVE('',#3998,#3998,#4618,.T.);
#3189=EDGE_CURVE('',#3999,#3999,#4619,.T.);
#3190=EDGE_CURVE('',#4000,#4000,#4620,.T.);
#3191=EDGE_CURVE('',#4001,#4001,#4621,.T.);
#3192=EDGE_CURVE('',#4002,#4002,#4622,.T.);
#3193=EDGE_CURVE('',#4003,#4003,#4623,.T.);
#3194=EDGE_CURVE('',#4004,#4004,#4624,.T.);
#3195=EDGE_CURVE('',#4005,#4005,#4625,.T.);
#3196=EDGE_CURVE('',#4006,#4006,#4626,.T.);
#3197=EDGE_CURVE('',#4007,#4007,#4627,.T.);
#3198=EDGE_CURVE('',#4008,#4008,#4628,.T.);
#3199=EDGE_CURVE('',#4009,#4009,#4629,.T.);
#3200=EDGE_CURVE('',#4010,#4010,#4630,.T.);
#3201=EDGE_CURVE('',#4011,#4011,#4631,.T.);
#3202=EDGE_CURVE('',#4012,#4012,#4632,.T.);
#3203=EDGE_CURVE('',#4013,#4013,#4633,.T.);
#3204=EDGE_CURVE('',#4014,#4014,#4634,.T.);
#3205=EDGE_CURVE('',#4015,#4015,#4635,.T.);
#3206=EDGE_CURVE('',#4016,#4016,#4636,.T.);
#3207=EDGE_CURVE('',#4017,#4017,#4637,.T.);
#3208=EDGE_CURVE('',#4018,#4018,#4638,.T.);
#3209=EDGE_CURVE('',#4019,#4019,#4639,.T.);
#3210=EDGE_CURVE('',#4020,#4020,#4640,.T.);
#3211=EDGE_CURVE('',#4021,#4021,#4641,.T.);
#3212=EDGE_CURVE('',#4022,#4022,#4642,.T.);
#3213=EDGE_CURVE('',#4023,#4023,#4643,.T.);
#3214=EDGE_CURVE('',#4024,#4024,#4644,.T.);
#3215=EDGE_CURVE('',#4025,#4025,#4645,.T.);
#3216=EDGE_CURVE('',#4026,#4026,#4646,.T.);
#3217=EDGE_CURVE('',#4027,#4027,#4647,.T.);
#3218=EDGE_CURVE('',#4028,#4028,#4648,.T.);
#3219=EDGE_CURVE('',#4029,#4029,#4649,.T.);
#3220=EDGE_CURVE('',#4030,#4030,#4650,.T.);
#3221=EDGE_CURVE('',#4031,#4031,#4651,.T.);
#3222=EDGE_CURVE('',#4032,#4032,#4652,.T.);
#3223=EDGE_CURVE('',#4033,#4033,#4653,.T.);
#3224=EDGE_CURVE('',#4034,#4034,#4654,.T.);
#3225=EDGE_CURVE('',#4035,#4035,#4655,.T.);
#3226=EDGE_CURVE('',#4036,#4036,#4656,.T.);
#3227=EDGE_CURVE('',#4037,#4037,#4657,.T.);
#3228=EDGE_CURVE('',#4038,#4038,#4658,.T.);
#3229=EDGE_CURVE('',#4039,#4039,#4659,.T.);
#3230=EDGE_CURVE('',#4040,#4040,#4660,.T.);
#3231=EDGE_CURVE('',#4041,#4041,#4661,.T.);
#3232=EDGE_CURVE('',#4042,#4042,#4662,.T.);
#3233=EDGE_CURVE('',#4043,#4043,#4663,.T.);
#3234=EDGE_CURVE('',#4044,#4044,#4664,.T.);
#3235=EDGE_CURVE('',#4045,#4045,#4665,.T.);
#3236=EDGE_CURVE('',#4046,#4046,#4666,.T.);
#3237=EDGE_CURVE('',#4047,#4047,#4667,.T.);
#3238=EDGE_CURVE('',#4048,#4048,#4668,.T.);
#3239=EDGE_CURVE('',#4049,#4049,#4669,.T.);
#3240=EDGE_CURVE('',#4050,#4050,#4670,.T.);
#3241=EDGE_CURVE('',#4051,#4051,#4671,.T.);
#3242=EDGE_CURVE('',#4052,#4052,#4672,.T.);
#3243=EDGE_CURVE('',#4053,#4053,#4673,.T.);
#3244=EDGE_CURVE('',#4054,#4054,#4674,.T.);
#3245=EDGE_CURVE('',#4055,#4055,#4675,.T.);
#3246=EDGE_CURVE('',#4056,#4056,#4676,.T.);
#3247=EDGE_CURVE('',#4057,#4057,#4677,.T.);
#3248=EDGE_CURVE('',#4058,#4058,#4678,.T.);
#3249=EDGE_CURVE('',#4059,#4059,#4679,.T.);
#3250=EDGE_CURVE('',#4060,#4060,#4680,.T.);
#3251=EDGE_CURVE('',#4061,#4061,#4681,.T.);
#3252=EDGE_CURVE('',#4062,#4062,#4682,.T.);
#3253=EDGE_CURVE('',#4063,#4063,#4683,.T.);
#3254=EDGE_CURVE('',#4064,#4064,#4684,.T.);
#3255=EDGE_CURVE('',#4065,#4065,#4685,.T.);
#3256=EDGE_CURVE('',#4066,#4066,#4686,.T.);
#3257=EDGE_CURVE('',#4067,#4067,#4687,.T.);
#3258=EDGE_CURVE('',#4068,#4068,#4688,.T.);
#3259=EDGE_CURVE('',#4069,#4069,#4689,.T.);
#3260=EDGE_CURVE('',#4070,#4070,#4690,.T.);
#3261=EDGE_CURVE('',#4071,#4071,#4691,.T.);
#3262=EDGE_CURVE('',#4072,#4072,#4692,.T.);
#3263=EDGE_CURVE('',#4073,#4073,#4693,.T.);
#3264=EDGE_CURVE('',#4074,#4074,#4694,.T.);
#3265=EDGE_CURVE('',#4075,#4075,#4695,.T.);
#3266=EDGE_CURVE('',#4076,#4076,#4696,.T.);
#3267=EDGE_CURVE('',#3890,#3982,#30,.F.);
#3268=EDGE_CURVE('',#3887,#3985,#31,.F.);
#3269=EDGE_CURVE('',#3889,#3983,#32,.F.);
#3270=EDGE_CURVE('',#3888,#3984,#33,.F.);
#3271=EDGE_CURVE('',#4077,#4077,#4697,.F.);
#3272=EDGE_CURVE('',#4078,#4078,#4698,.T.);
#3273=EDGE_CURVE('',#4079,#4079,#4699,.T.);
#3274=EDGE_CURVE('',#4080,#4080,#4700,.F.);
#3275=EDGE_CURVE('',#4081,#4081,#4701,.T.);
#3276=EDGE_CURVE('',#4082,#4082,#4702,.T.);
#3277=EDGE_CURVE('',#4083,#4083,#4703,.T.);
#3278=EDGE_CURVE('',#4084,#4084,#4704,.T.);
#3279=EDGE_CURVE('',#4085,#4085,#4705,.T.);
#3280=EDGE_CURVE('',#4086,#4086,#4706,.T.);
#3281=EDGE_CURVE('',#4087,#4087,#4707,.T.);
#3282=EDGE_CURVE('',#4088,#4088,#4708,.F.);
#3283=EDGE_CURVE('',#4089,#4089,#4709,.F.);
#3284=EDGE_CURVE('',#4090,#4090,#4710,.F.);
#3285=EDGE_CURVE('',#4091,#4092,#34,.T.);
#3286=EDGE_CURVE('',#4092,#4093,#35,.F.);
#3287=EDGE_CURVE('',#4094,#4093,#36,.T.);
#3288=EDGE_CURVE('',#4091,#4094,#37,.F.);
#3289=EDGE_CURVE('',#4095,#4091,#38,.T.);
#3290=EDGE_CURVE('',#4096,#4094,#39,.F.);
#3291=EDGE_CURVE('',#4095,#4096,#40,.F.);
#3292=EDGE_CURVE('',#4092,#4097,#41,.T.);
#3293=EDGE_CURVE('',#4097,#4098,#42,.F.);
#3294=EDGE_CURVE('',#4093,#4098,#43,.F.);
#3295=EDGE_CURVE('',#4099,#4095,#44,.T.);
#3296=EDGE_CURVE('',#4100,#4099,#45,.T.);
#3297=EDGE_CURVE('',#4101,#4100,#46,.T.);
#3298=EDGE_CURVE('',#4102,#4101,#47,.T.);
#3299=EDGE_CURVE('',#4103,#4102,#48,.T.);
#3300=EDGE_CURVE('',#4104,#4103,#49,.T.);
#3301=EDGE_CURVE('',#4105,#4104,#50,.T.);
#3302=EDGE_CURVE('',#4106,#4105,#51,.T.);
#3303=EDGE_CURVE('',#4107,#4106,#52,.T.);
#3304=EDGE_CURVE('',#4108,#4107,#53,.T.);
#3305=EDGE_CURVE('',#4109,#4108,#54,.T.);
#3306=EDGE_CURVE('',#4110,#4109,#55,.T.);
#3307=EDGE_CURVE('',#4111,#4110,#56,.T.);
#3308=EDGE_CURVE('',#4112,#4111,#57,.T.);
#3309=EDGE_CURVE('',#4113,#4112,#58,.T.);
#3310=EDGE_CURVE('',#4114,#4113,#59,.T.);
#3311=EDGE_CURVE('',#4115,#4114,#60,.T.);
#3312=EDGE_CURVE('',#4116,#4115,#61,.T.);
#3313=EDGE_CURVE('',#4117,#4116,#62,.T.);
#3314=EDGE_CURVE('',#4118,#4117,#63,.T.);
#3315=EDGE_CURVE('',#4119,#4118,#64,.T.);
#3316=EDGE_CURVE('',#4120,#4119,#65,.T.);
#3317=EDGE_CURVE('',#4121,#4120,#66,.T.);
#3318=EDGE_CURVE('',#4122,#4121,#67,.T.);
#3319=EDGE_CURVE('',#4123,#4122,#68,.T.);
#3320=EDGE_CURVE('',#4124,#4123,#69,.T.);
#3321=EDGE_CURVE('',#4125,#4124,#70,.T.);
#3322=EDGE_CURVE('',#4126,#4125,#71,.T.);
#3323=EDGE_CURVE('',#4127,#4126,#72,.T.);
#3324=EDGE_CURVE('',#4128,#4127,#73,.T.);
#3325=EDGE_CURVE('',#4129,#4128,#74,.T.);
#3326=EDGE_CURVE('',#4130,#4129,#75,.T.);
#3327=EDGE_CURVE('',#4131,#4130,#76,.T.);
#3328=EDGE_CURVE('',#4132,#4131,#77,.T.);
#3329=EDGE_CURVE('',#4133,#4132,#78,.T.);
#3330=EDGE_CURVE('',#4134,#4133,#79,.T.);
#3331=EDGE_CURVE('',#4135,#4134,#80,.T.);
#3332=EDGE_CURVE('',#4136,#4135,#81,.T.);
#3333=EDGE_CURVE('',#4137,#4136,#82,.T.);
#3334=EDGE_CURVE('',#4138,#4137,#83,.T.);
#3335=EDGE_CURVE('',#4139,#4138,#84,.T.);
#3336=EDGE_CURVE('',#4140,#4139,#85,.T.);
#3337=EDGE_CURVE('',#4141,#4140,#86,.T.);
#3338=EDGE_CURVE('',#4142,#4141,#87,.T.);
#3339=EDGE_CURVE('',#4143,#4142,#88,.T.);
#3340=EDGE_CURVE('',#4144,#4143,#89,.T.);
#3341=EDGE_CURVE('',#4097,#4144,#90,.T.);
#3342=EDGE_CURVE('',#4145,#4146,#91,.T.);
#3343=EDGE_CURVE('',#4146,#4147,#92,.F.);
#3344=EDGE_CURVE('',#4148,#4147,#93,.F.);
#3345=EDGE_CURVE('',#4145,#4148,#94,.F.);
#3346=EDGE_CURVE('',#4149,#4150,#95,.F.);
#3347=EDGE_CURVE('',#4151,#4149,#96,.F.);
#3348=EDGE_CURVE('',#4151,#4152,#97,.T.);
#3349=EDGE_CURVE('',#4152,#4150,#98,.F.);
#3350=EDGE_CURVE('',#4153,#4154,#99,.F.);
#3351=EDGE_CURVE('',#4155,#4154,#100,.F.);
#3352=EDGE_CURVE('',#4156,#4155,#101,.F.);
#3353=EDGE_CURVE('',#4156,#4153,#102,.T.);
#3354=EDGE_CURVE('',#4157,#4158,#103,.F.);
#3355=EDGE_CURVE('',#4159,#4157,#104,.F.);
#3356=EDGE_CURVE('',#4159,#4160,#105,.T.);
#3357=EDGE_CURVE('',#4160,#4158,#106,.F.);
#3358=EDGE_CURVE('',#4161,#4162,#107,.F.);
#3359=EDGE_CURVE('',#4163,#4162,#108,.F.);
#3360=EDGE_CURVE('',#4164,#4163,#109,.F.);
#3361=EDGE_CURVE('',#4164,#4161,#110,.T.);
#3362=EDGE_CURVE('',#4165,#4166,#111,.F.);
#3363=EDGE_CURVE('',#4167,#4165,#112,.F.);
#3364=EDGE_CURVE('',#4167,#4168,#113,.T.);
#3365=EDGE_CURVE('',#4168,#4166,#114,.F.);
#3366=EDGE_CURVE('',#4169,#4170,#115,.T.);
#3367=EDGE_CURVE('',#4170,#4171,#116,.F.);
#3368=EDGE_CURVE('',#4172,#4171,#117,.F.);
#3369=EDGE_CURVE('',#4169,#4172,#118,.F.);
#3370=EDGE_CURVE('',#4173,#4174,#119,.F.);
#3371=EDGE_CURVE('',#4175,#4174,#120,.F.);
#3372=EDGE_CURVE('',#4176,#4175,#121,.F.);
#3373=EDGE_CURVE('',#4176,#4173,#122,.T.);
#3374=EDGE_CURVE('',#4098,#4177,#123,.T.);
#3375=EDGE_CURVE('',#4177,#4178,#124,.T.);
#3376=EDGE_CURVE('',#4178,#4179,#125,.F.);
#3377=EDGE_CURVE('',#4179,#4180,#126,.T.);
#3378=EDGE_CURVE('',#4180,#4181,#127,.T.);
#3379=EDGE_CURVE('',#4181,#4182,#128,.F.);
#3380=EDGE_CURVE('',#4182,#4183,#129,.T.);
#3381=EDGE_CURVE('',#4183,#4184,#130,.T.);
#3382=EDGE_CURVE('',#4184,#4185,#131,.F.);
#3383=EDGE_CURVE('',#4185,#4186,#132,.T.);
#3384=EDGE_CURVE('',#4186,#4187,#133,.T.);
#3385=EDGE_CURVE('',#4187,#4188,#134,.F.);
#3386=EDGE_CURVE('',#4188,#4189,#135,.T.);
#3387=EDGE_CURVE('',#4189,#4190,#136,.T.);
#3388=EDGE_CURVE('',#4190,#4191,#137,.F.);
#3389=EDGE_CURVE('',#4191,#4192,#138,.T.);
#3390=EDGE_CURVE('',#4192,#4193,#139,.T.);
#3391=EDGE_CURVE('',#4193,#4194,#140,.F.);
#3392=EDGE_CURVE('',#4194,#4195,#141,.T.);
#3393=EDGE_CURVE('',#4195,#4196,#142,.T.);
#3394=EDGE_CURVE('',#4196,#4197,#143,.F.);
#3395=EDGE_CURVE('',#4197,#4198,#144,.T.);
#3396=EDGE_CURVE('',#4198,#4199,#145,.T.);
#3397=EDGE_CURVE('',#4199,#4200,#146,.T.);
#3398=EDGE_CURVE('',#4200,#4201,#147,.T.);
#3399=EDGE_CURVE('',#4201,#4202,#148,.T.);
#3400=EDGE_CURVE('',#4202,#4203,#149,.T.);
#3401=EDGE_CURVE('',#4203,#4204,#150,.T.);
#3402=EDGE_CURVE('',#4204,#4205,#151,.T.);
#3403=EDGE_CURVE('',#4205,#4206,#152,.T.);
#3404=EDGE_CURVE('',#4206,#4207,#153,.T.);
#3405=EDGE_CURVE('',#4207,#4208,#154,.T.);
#3406=EDGE_CURVE('',#4208,#4209,#155,.T.);
#3407=EDGE_CURVE('',#4209,#4210,#156,.T.);
#3408=EDGE_CURVE('',#4210,#4211,#157,.T.);
#3409=EDGE_CURVE('',#4211,#4212,#158,.T.);
#3410=EDGE_CURVE('',#4212,#4213,#159,.T.);
#3411=EDGE_CURVE('',#4213,#4214,#160,.T.);
#3412=EDGE_CURVE('',#4214,#4215,#161,.T.);
#3413=EDGE_CURVE('',#4215,#4216,#162,.T.);
#3414=EDGE_CURVE('',#4216,#4217,#163,.T.);
#3415=EDGE_CURVE('',#4217,#4218,#164,.T.);
#3416=EDGE_CURVE('',#4218,#4219,#165,.T.);
#3417=EDGE_CURVE('',#4219,#4220,#166,.T.);
#3418=EDGE_CURVE('',#4220,#4221,#167,.T.);
#3419=EDGE_CURVE('',#4221,#4222,#168,.T.);
#3420=EDGE_CURVE('',#4222,#4096,#169,.T.);
#3421=EDGE_CURVE('',#4223,#4224,#170,.F.);
#3422=EDGE_CURVE('',#4224,#4225,#171,.T.);
#3423=EDGE_CURVE('',#4226,#4225,#172,.F.);
#3424=EDGE_CURVE('',#4223,#4226,#173,.F.);
#3425=EDGE_CURVE('',#4227,#4228,#174,.F.);
#3426=EDGE_CURVE('',#4229,#4227,#175,.F.);
#3427=EDGE_CURVE('',#4229,#4230,#176,.F.);
#3428=EDGE_CURVE('',#4230,#4228,#177,.T.);
#3429=EDGE_CURVE('',#4231,#4232,#178,.F.);
#3430=EDGE_CURVE('',#4231,#4233,#179,.F.);
#3431=EDGE_CURVE('',#4233,#4234,#180,.T.);
#3432=EDGE_CURVE('',#4232,#4234,#181,.F.);
#3433=EDGE_CURVE('',#4235,#4236,#182,.F.);
#3434=EDGE_CURVE('',#4237,#4235,#183,.F.);
#3435=EDGE_CURVE('',#4237,#4238,#184,.F.);
#3436=EDGE_CURVE('',#4238,#4236,#185,.T.);
#3437=EDGE_CURVE('',#4239,#4240,#186,.F.);
#3438=EDGE_CURVE('',#4239,#4241,#187,.F.);
#3439=EDGE_CURVE('',#4241,#4242,#188,.T.);
#3440=EDGE_CURVE('',#4240,#4242,#189,.F.);
#3441=EDGE_CURVE('',#4243,#4244,#190,.F.);
#3442=EDGE_CURVE('',#4245,#4243,#191,.F.);
#3443=EDGE_CURVE('',#4245,#4246,#192,.F.);
#3444=EDGE_CURVE('',#4246,#4244,#193,.T.);
#3445=EDGE_CURVE('',#4247,#4248,#194,.F.);
#3446=EDGE_CURVE('',#4248,#4249,#195,.T.);
#3447=EDGE_CURVE('',#4250,#4249,#196,.F.);
#3448=EDGE_CURVE('',#4247,#4250,#197,.F.);
#3449=EDGE_CURVE('',#4251,#4252,#198,.F.);
#3450=EDGE_CURVE('',#4251,#4253,#199,.F.);
#3451=EDGE_CURVE('',#4253,#4254,#200,.T.);
#3452=EDGE_CURVE('',#4252,#4254,#201,.F.);
#3453=EDGE_CURVE('',#4099,#4222,#202,.F.);
#3454=EDGE_CURVE('',#4144,#4177,#203,.F.);
#3455=EDGE_CURVE('',#4100,#4221,#204,.F.);
#3456=EDGE_CURVE('',#4143,#4178,#205,.F.);
#3457=EDGE_CURVE('',#4101,#4220,#206,.F.);
#3458=EDGE_CURVE('',#4142,#4179,#207,.F.);
#3459=EDGE_CURVE('',#4102,#4219,#208,.F.);
#3460=EDGE_CURVE('',#4141,#4180,#209,.F.);
#3461=EDGE_CURVE('',#4103,#4218,#210,.F.);
#3462=EDGE_CURVE('',#4140,#4181,#211,.F.);
#3463=EDGE_CURVE('',#4104,#4217,#212,.F.);
#3464=EDGE_CURVE('',#4139,#4182,#213,.F.);
#3465=EDGE_CURVE('',#4105,#4216,#214,.F.);
#3466=EDGE_CURVE('',#4138,#4183,#215,.F.);
#3467=EDGE_CURVE('',#4106,#4215,#216,.F.);
#3468=EDGE_CURVE('',#4137,#4184,#217,.F.);
#3469=EDGE_CURVE('',#4107,#4214,#218,.F.);
#3470=EDGE_CURVE('',#4136,#4185,#219,.F.);
#3471=EDGE_CURVE('',#4108,#4213,#220,.F.);
#3472=EDGE_CURVE('',#4135,#4186,#221,.F.);
#3473=EDGE_CURVE('',#4109,#4212,#222,.F.);
#3474=EDGE_CURVE('',#4134,#4187,#223,.F.);
#3475=EDGE_CURVE('',#4110,#4211,#224,.F.);
#3476=EDGE_CURVE('',#4133,#4188,#225,.F.);
#3477=EDGE_CURVE('',#4111,#4210,#226,.F.);
#3478=EDGE_CURVE('',#4132,#4189,#227,.F.);
#3479=EDGE_CURVE('',#4112,#4209,#228,.F.);
#3480=EDGE_CURVE('',#4131,#4190,#229,.F.);
#3481=EDGE_CURVE('',#4113,#4208,#230,.F.);
#3482=EDGE_CURVE('',#4130,#4191,#231,.F.);
#3483=EDGE_CURVE('',#4114,#4207,#232,.F.);
#3484=EDGE_CURVE('',#4129,#4192,#233,.F.);
#3485=EDGE_CURVE('',#4115,#4206,#234,.F.);
#3486=EDGE_CURVE('',#4128,#4193,#235,.F.);
#3487=EDGE_CURVE('',#4116,#4205,#236,.F.);
#3488=EDGE_CURVE('',#4127,#4194,#237,.F.);
#3489=EDGE_CURVE('',#4117,#4204,#238,.F.);
#3490=EDGE_CURVE('',#4126,#4195,#239,.F.);
#3491=EDGE_CURVE('',#4118,#4203,#240,.F.);
#3492=EDGE_CURVE('',#4125,#4196,#241,.F.);
#3493=EDGE_CURVE('',#4119,#4202,#242,.F.);
#3494=EDGE_CURVE('',#4124,#4197,#243,.F.);
#3495=EDGE_CURVE('',#4120,#4201,#244,.F.);
#3496=EDGE_CURVE('',#4123,#4198,#245,.F.);
#3497=EDGE_CURVE('',#4121,#4200,#246,.F.);
#3498=EDGE_CURVE('',#4122,#4199,#247,.F.);
#3499=EDGE_CURVE('',#4255,#4148,#248,.T.);
#3500=EDGE_CURVE('',#4255,#4256,#249,.T.);
#3501=EDGE_CURVE('',#4256,#4145,#250,.T.);
#3502=EDGE_CURVE('',#4256,#4257,#251,.F.);
#3503=EDGE_CURVE('',#4257,#4146,#252,.T.);
#3504=EDGE_CURVE('',#4258,#4257,#253,.F.);
#3505=EDGE_CURVE('',#4258,#4147,#254,.T.);
#3506=EDGE_CURVE('',#4255,#4258,#255,.T.);
#3507=EDGE_CURVE('',#4259,#4152,#256,.T.);
#3508=EDGE_CURVE('',#4260,#4259,#257,.F.);
#3509=EDGE_CURVE('',#4260,#4150,#258,.T.);
#3510=EDGE_CURVE('',#4261,#4260,#259,.T.);
#3511=EDGE_CURVE('',#4261,#4149,#260,.T.);
#3512=EDGE_CURVE('',#4261,#4262,#261,.T.);
#3513=EDGE_CURVE('',#4262,#4151,#262,.T.);
#3514=EDGE_CURVE('',#4262,#4259,#263,.F.);
#3515=EDGE_CURVE('',#4263,#4156,#264,.T.);
#3516=EDGE_CURVE('',#4263,#4264,#265,.F.);
#3517=EDGE_CURVE('',#4264,#4153,#266,.T.);
#3518=EDGE_CURVE('',#4265,#4264,#267,.F.);
#3519=EDGE_CURVE('',#4265,#4154,#268,.T.);
#3520=EDGE_CURVE('',#4266,#4265,#269,.T.);
#3521=EDGE_CURVE('',#4266,#4155,#270,.T.);
#3522=EDGE_CURVE('',#4266,#4263,#271,.T.);
#3523=EDGE_CURVE('',#4267,#4160,#272,.T.);
#3524=EDGE_CURVE('',#4268,#4267,#273,.F.);
#3525=EDGE_CURVE('',#4268,#4158,#274,.T.);
#3526=EDGE_CURVE('',#4269,#4268,#275,.T.);
#3527=EDGE_CURVE('',#4269,#4157,#276,.T.);
#3528=EDGE_CURVE('',#4269,#4270,#277,.T.);
#3529=EDGE_CURVE('',#4270,#4159,#278,.T.);
#3530=EDGE_CURVE('',#4270,#4267,#279,.F.);
#3531=EDGE_CURVE('',#4271,#4164,#280,.T.);
#3532=EDGE_CURVE('',#4271,#4272,#281,.F.);
#3533=EDGE_CURVE('',#4272,#4161,#282,.T.);
#3534=EDGE_CURVE('',#4273,#4272,#283,.F.);
#3535=EDGE_CURVE('',#4273,#4162,#284,.T.);
#3536=EDGE_CURVE('',#4274,#4273,#285,.T.);
#3537=EDGE_CURVE('',#4274,#4163,#286,.T.);
#3538=EDGE_CURVE('',#4274,#4271,#287,.T.);
#3539=EDGE_CURVE('',#4275,#4168,#288,.T.);
#3540=EDGE_CURVE('',#4276,#4275,#289,.F.);
#3541=EDGE_CURVE('',#4276,#4166,#290,.T.);
#3542=EDGE_CURVE('',#4277,#4276,#291,.T.);
#3543=EDGE_CURVE('',#4277,#4165,#292,.T.);
#3544=EDGE_CURVE('',#4277,#4278,#293,.T.);
#3545=EDGE_CURVE('',#4278,#4167,#294,.T.);
#3546=EDGE_CURVE('',#4278,#4275,#295,.F.);
#3547=EDGE_CURVE('',#4279,#4172,#296,.T.);
#3548=EDGE_CURVE('',#4279,#4280,#297,.T.);
#3549=EDGE_CURVE('',#4280,#4169,#298,.T.);
#3550=EDGE_CURVE('',#4280,#4281,#299,.F.);
#3551=EDGE_CURVE('',#4281,#4170,#300,.T.);
#3552=EDGE_CURVE('',#4282,#4281,#301,.F.);
#3553=EDGE_CURVE('',#4282,#4171,#302,.T.);
#3554=EDGE_CURVE('',#4279,#4282,#303,.T.);
#3555=EDGE_CURVE('',#4283,#4176,#304,.T.);
#3556=EDGE_CURVE('',#4283,#4284,#305,.F.);
#3557=EDGE_CURVE('',#4284,#4173,#306,.T.);
#3558=EDGE_CURVE('',#4285,#4284,#307,.F.);
#3559=EDGE_CURVE('',#4285,#4174,#308,.T.);
#3560=EDGE_CURVE('',#4286,#4285,#309,.T.);
#3561=EDGE_CURVE('',#4286,#4175,#310,.T.);
#3562=EDGE_CURVE('',#4286,#4283,#311,.T.);
#3563=EDGE_CURVE('',#4287,#4288,#312,.F.);
#3564=EDGE_CURVE('',#4224,#4287,#313,.T.);
#3565=EDGE_CURVE('',#4223,#4288,#314,.T.);
#3566=EDGE_CURVE('',#4226,#4289,#315,.T.);
#3567=EDGE_CURVE('',#4288,#4289,#316,.T.);
#3568=EDGE_CURVE('',#4225,#4290,#317,.T.);
#3569=EDGE_CURVE('',#4290,#4289,#318,.T.);
#3570=EDGE_CURVE('',#4287,#4290,#319,.F.);
#3571=EDGE_CURVE('',#4227,#4291,#320,.T.);
#3572=EDGE_CURVE('',#4228,#4292,#321,.T.);
#3573=EDGE_CURVE('',#4292,#4291,#322,.T.);
#3574=EDGE_CURVE('',#4293,#4292,#323,.F.);
#3575=EDGE_CURVE('',#4230,#4293,#324,.T.);
#3576=EDGE_CURVE('',#4293,#4294,#325,.F.);
#3577=EDGE_CURVE('',#4229,#4294,#326,.T.);
#3578=EDGE_CURVE('',#4294,#4291,#327,.T.);
#3579=EDGE_CURVE('',#4231,#4295,#328,.T.);
#3580=EDGE_CURVE('',#4232,#4296,#329,.T.);
#3581=EDGE_CURVE('',#4295,#4296,#330,.T.);
#3582=EDGE_CURVE('',#4234,#4297,#331,.T.);
#3583=EDGE_CURVE('',#4297,#4296,#332,.T.);
#3584=EDGE_CURVE('',#4298,#4297,#333,.F.);
#3585=EDGE_CURVE('',#4233,#4298,#334,.T.);
#3586=EDGE_CURVE('',#4298,#4295,#335,.F.);
#3587=EDGE_CURVE('',#4235,#4299,#336,.T.);
#3588=EDGE_CURVE('',#4236,#4300,#337,.T.);
#3589=EDGE_CURVE('',#4300,#4299,#338,.T.);
#3590=EDGE_CURVE('',#4301,#4300,#339,.F.);
#3591=EDGE_CURVE('',#4238,#4301,#340,.T.);
#3592=EDGE_CURVE('',#4301,#4302,#341,.F.);
#3593=EDGE_CURVE('',#4237,#4302,#342,.T.);
#3594=EDGE_CURVE('',#4302,#4299,#343,.T.);
#3595=EDGE_CURVE('',#4239,#4303,#344,.T.);
#3596=EDGE_CURVE('',#4240,#4304,#345,.T.);
#3597=EDGE_CURVE('',#4303,#4304,#346,.T.);
#3598=EDGE_CURVE('',#4242,#4305,#347,.T.);
#3599=EDGE_CURVE('',#4305,#4304,#348,.T.);
#3600=EDGE_CURVE('',#4306,#4305,#349,.F.);
#3601=EDGE_CURVE('',#4241,#4306,#350,.T.);
#3602=EDGE_CURVE('',#4306,#4303,#351,.F.);
#3603=EDGE_CURVE('',#4243,#4307,#352,.T.);
#3604=EDGE_CURVE('',#4244,#4308,#353,.T.);
#3605=EDGE_CURVE('',#4308,#4307,#354,.T.);
#3606=EDGE_CURVE('',#4309,#4308,#355,.F.);
#3607=EDGE_CURVE('',#4246,#4309,#356,.T.);
#3608=EDGE_CURVE('',#4309,#4310,#357,.F.);
#3609=EDGE_CURVE('',#4245,#4310,#358,.T.);
#3610=EDGE_CURVE('',#4310,#4307,#359,.T.);
#3611=EDGE_CURVE('',#4311,#4312,#360,.F.);
#3612=EDGE_CURVE('',#4248,#4311,#361,.T.);
#3613=EDGE_CURVE('',#4247,#4312,#362,.T.);
#3614=EDGE_CURVE('',#4250,#4313,#363,.T.);
#3615=EDGE_CURVE('',#4312,#4313,#364,.T.);
#3616=EDGE_CURVE('',#4249,#4314,#365,.T.);
#3617=EDGE_CURVE('',#4314,#4313,#366,.T.);
#3618=EDGE_CURVE('',#4311,#4314,#367,.F.);
#3619=EDGE_CURVE('',#4251,#4315,#368,.T.);
#3620=EDGE_CURVE('',#4252,#4316,#369,.T.);
#3621=EDGE_CURVE('',#4315,#4316,#370,.T.);
#3622=EDGE_CURVE('',#4254,#4317,#371,.T.);
#3623=EDGE_CURVE('',#4317,#4316,#372,.T.);
#3624=EDGE_CURVE('',#4318,#4317,#373,.F.);
#3625=EDGE_CURVE('',#4253,#4318,#374,.T.);
#3626=EDGE_CURVE('',#4318,#4315,#375,.F.);
#3627=EDGE_CURVE('',#4319,#4320,#376,.F.);
#3628=EDGE_CURVE('',#4256,#4320,#377,.T.);
#3629=EDGE_CURVE('',#4255,#4319,#378,.T.);
#3630=EDGE_CURVE('',#4320,#4321,#379,.T.);
#3631=EDGE_CURVE('',#4257,#4321,#380,.T.);
#3632=EDGE_CURVE('',#4258,#4322,#381,.T.);
#3633=EDGE_CURVE('',#4322,#4321,#382,.T.);
#3634=EDGE_CURVE('',#4319,#4322,#383,.T.);
#3635=EDGE_CURVE('',#4260,#4323,#384,.T.);
#3636=EDGE_CURVE('',#4259,#4324,#385,.T.);
#3637=EDGE_CURVE('',#4323,#4324,#386,.T.);
#3638=EDGE_CURVE('',#4261,#4325,#387,.T.);
#3639=EDGE_CURVE('',#4325,#4323,#388,.T.);
#3640=EDGE_CURVE('',#4325,#4326,#389,.F.);
#3641=EDGE_CURVE('',#4262,#4326,#390,.T.);
#3642=EDGE_CURVE('',#4326,#4324,#391,.T.);
#3643=EDGE_CURVE('',#4327,#4328,#392,.T.);
#3644=EDGE_CURVE('',#4264,#4328,#393,.T.);
#3645=EDGE_CURVE('',#4263,#4327,#394,.T.);
#3646=EDGE_CURVE('',#4265,#4329,#395,.T.);
#3647=EDGE_CURVE('',#4329,#4328,#396,.T.);
#3648=EDGE_CURVE('',#4266,#4330,#397,.T.);
#3649=EDGE_CURVE('',#4330,#4329,#398,.T.);
#3650=EDGE_CURVE('',#4330,#4327,#399,.F.);
#3651=EDGE_CURVE('',#4268,#4331,#400,.T.);
#3652=EDGE_CURVE('',#4267,#4332,#401,.T.);
#3653=EDGE_CURVE('',#4331,#4332,#402,.T.);
#3654=EDGE_CURVE('',#4269,#4333,#403,.T.);
#3655=EDGE_CURVE('',#4333,#4331,#404,.T.);
#3656=EDGE_CURVE('',#4333,#4334,#405,.F.);
#3657=EDGE_CURVE('',#4270,#4334,#406,.T.);
#3658=EDGE_CURVE('',#4334,#4332,#407,.T.);
#3659=EDGE_CURVE('',#4335,#4336,#408,.T.);
#3660=EDGE_CURVE('',#4272,#4336,#409,.T.);
#3661=EDGE_CURVE('',#4271,#4335,#410,.T.);
#3662=EDGE_CURVE('',#4273,#4337,#411,.T.);
#3663=EDGE_CURVE('',#4337,#4336,#412,.T.);
#3664=EDGE_CURVE('',#4274,#4338,#413,.T.);
#3665=EDGE_CURVE('',#4338,#4337,#414,.T.);
#3666=EDGE_CURVE('',#4338,#4335,#415,.F.);
#3667=EDGE_CURVE('',#4276,#4339,#416,.T.);
#3668=EDGE_CURVE('',#4275,#4340,#417,.T.);
#3669=EDGE_CURVE('',#4339,#4340,#418,.T.);
#3670=EDGE_CURVE('',#4277,#4341,#419,.T.);
#3671=EDGE_CURVE('',#4341,#4339,#420,.T.);
#3672=EDGE_CURVE('',#4341,#4342,#421,.F.);
#3673=EDGE_CURVE('',#4278,#4342,#422,.T.);
#3674=EDGE_CURVE('',#4342,#4340,#423,.T.);
#3675=EDGE_CURVE('',#4343,#4344,#424,.F.);
#3676=EDGE_CURVE('',#4280,#4344,#425,.T.);
#3677=EDGE_CURVE('',#4279,#4343,#426,.T.);
#3678=EDGE_CURVE('',#4344,#4345,#427,.T.);
#3679=EDGE_CURVE('',#4281,#4345,#428,.T.);
#3680=EDGE_CURVE('',#4282,#4346,#429,.T.);
#3681=EDGE_CURVE('',#4346,#4345,#430,.T.);
#3682=EDGE_CURVE('',#4343,#4346,#431,.T.);
#3683=EDGE_CURVE('',#4347,#4348,#432,.T.);
#3684=EDGE_CURVE('',#4284,#4348,#433,.T.);
#3685=EDGE_CURVE('',#4283,#4347,#434,.T.);
#3686=EDGE_CURVE('',#4285,#4349,#435,.T.);
#3687=EDGE_CURVE('',#4349,#4348,#436,.T.);
#3688=EDGE_CURVE('',#4286,#4350,#437,.T.);
#3689=EDGE_CURVE('',#4350,#4349,#438,.T.);
#3690=EDGE_CURVE('',#4350,#4347,#439,.F.);
#3691=EDGE_CURVE('',#4287,#4351,#440,.T.);
#3692=EDGE_CURVE('',#4288,#4352,#441,.T.);
#3693=EDGE_CURVE('',#4351,#4352,#442,.T.);
#3694=EDGE_CURVE('',#4289,#4353,#443,.T.);
#3695=EDGE_CURVE('',#4352,#4353,#444,.T.);
#3696=EDGE_CURVE('',#4354,#4353,#445,.F.);
#3697=EDGE_CURVE('',#4290,#4354,#446,.T.);
#3698=EDGE_CURVE('',#4351,#4354,#447,.T.);
#3699=EDGE_CURVE('',#4355,#4356,#448,.F.);
#3700=EDGE_CURVE('',#4291,#4356,#449,.T.);
#3701=EDGE_CURVE('',#4292,#4355,#450,.T.);
#3702=EDGE_CURVE('',#4357,#4355,#451,.T.);
#3703=EDGE_CURVE('',#4293,#4357,#452,.T.);
#3704=EDGE_CURVE('',#4294,#4358,#453,.T.);
#3705=EDGE_CURVE('',#4357,#4358,#454,.T.);
#3706=EDGE_CURVE('',#4358,#4356,#455,.T.);
#3707=EDGE_CURVE('',#4295,#4359,#456,.T.);
#3708=EDGE_CURVE('',#4296,#4360,#457,.T.);
#3709=EDGE_CURVE('',#4359,#4360,#458,.T.);
#3710=EDGE_CURVE('',#4361,#4360,#459,.F.);
#3711=EDGE_CURVE('',#4297,#4361,#460,.T.);
#3712=EDGE_CURVE('',#4362,#4361,#461,.T.);
#3713=EDGE_CURVE('',#4298,#4362,#462,.T.);
#3714=EDGE_CURVE('',#4362,#4359,#463,.T.);
#3715=EDGE_CURVE('',#4363,#4364,#464,.F.);
#3716=EDGE_CURVE('',#4299,#4364,#465,.T.);
#3717=EDGE_CURVE('',#4300,#4363,#466,.T.);
#3718=EDGE_CURVE('',#4365,#4363,#467,.T.);
#3719=EDGE_CURVE('',#4301,#4365,#468,.T.);
#3720=EDGE_CURVE('',#4302,#4366,#469,.T.);
#3721=EDGE_CURVE('',#4365,#4366,#470,.T.);
#3722=EDGE_CURVE('',#4366,#4364,#471,.T.);
#3723=EDGE_CURVE('',#4303,#4367,#472,.T.);
#3724=EDGE_CURVE('',#4304,#4368,#473,.T.);
#3725=EDGE_CURVE('',#4367,#4368,#474,.T.);
#3726=EDGE_CURVE('',#4369,#4368,#475,.F.);
#3727=EDGE_CURVE('',#4305,#4369,#476,.T.);
#3728=EDGE_CURVE('',#4370,#4369,#477,.T.);
#3729=EDGE_CURVE('',#4306,#4370,#478,.T.);
#3730=EDGE_CURVE('',#4370,#4367,#479,.T.);
#3731=EDGE_CURVE('',#4371,#4372,#480,.F.);
#3732=EDGE_CURVE('',#4307,#4372,#481,.T.);
#3733=EDGE_CURVE('',#4308,#4371,#482,.T.);
#3734=EDGE_CURVE('',#4373,#4371,#483,.T.);
#3735=EDGE_CURVE('',#4309,#4373,#484,.T.);
#3736=EDGE_CURVE('',#4310,#4374,#485,.T.);
#3737=EDGE_CURVE('',#4373,#4374,#486,.T.);
#3738=EDGE_CURVE('',#4374,#4372,#487,.T.);
#3739=EDGE_CURVE('',#4311,#4375,#488,.T.);
#3740=EDGE_CURVE('',#4312,#4376,#489,.T.);
#3741=EDGE_CURVE('',#4375,#4376,#490,.T.);
#3742=EDGE_CURVE('',#4313,#4377,#491,.T.);
#3743=EDGE_CURVE('',#4376,#4377,#492,.T.);
#3744=EDGE_CURVE('',#4378,#4377,#493,.F.);
#3745=EDGE_CURVE('',#4314,#4378,#494,.T.);
#3746=EDGE_CURVE('',#4375,#4378,#495,.T.);
#3747=EDGE_CURVE('',#4315,#4379,#496,.T.);
#3748=EDGE_CURVE('',#4316,#4380,#497,.T.);
#3749=EDGE_CURVE('',#4379,#4380,#498,.T.);
#3750=EDGE_CURVE('',#4381,#4380,#499,.F.);
#3751=EDGE_CURVE('',#4317,#4381,#500,.T.);
#3752=EDGE_CURVE('',#4382,#4381,#501,.T.);
#3753=EDGE_CURVE('',#4318,#4382,#502,.T.);
#3754=EDGE_CURVE('',#4382,#4379,#503,.T.);
#3755=EDGE_CURVE('',#4383,#4383,#4711,.T.);
#3756=EDGE_CURVE('',#4384,#4384,#4712,.T.);
#3757=EDGE_CURVE('',#4385,#4385,#4713,.T.);
#3758=EDGE_CURVE('',#4386,#4386,#4714,.T.);
#3759=EDGE_CURVE('',#4387,#4387,#4715,.T.);
#3760=EDGE_CURVE('',#4388,#4388,#4716,.F.);
#3761=EDGE_CURVE('',#4389,#4389,#4717,.F.);
#3762=EDGE_CURVE('',#4390,#4390,#4718,.F.);
#3763=EDGE_CURVE('',#4391,#4391,#4719,.F.);
#3764=EDGE_CURVE('',#4392,#4392,#4720,.T.);
#3765=EDGE_CURVE('',#4393,#4393,#4721,.T.);
#3766=EDGE_CURVE('',#4394,#4394,#4722,.F.);
#3767=EDGE_CURVE('',#4395,#4395,#4723,.T.);
#3768=EDGE_CURVE('',#4396,#4396,#4724,.T.);
#3769=EDGE_CURVE('',#4397,#4397,#4725,.F.);
#3770=EDGE_CURVE('',#4398,#4398,#4726,.T.);
#3771=EDGE_CURVE('',#4399,#4399,#4727,.T.);
#3772=EDGE_CURVE('',#4400,#4400,#4728,.F.);
#3773=EDGE_CURVE('',#4401,#4401,#4729,.T.);
#3774=EDGE_CURVE('',#4402,#4402,#4730,.T.);
#3775=EDGE_CURVE('',#4403,#4403,#4731,.T.);
#3776=EDGE_CURVE('',#4404,#4404,#4732,.T.);
#3777=EDGE_CURVE('',#4405,#4405,#4733,.T.);
#3778=EDGE_CURVE('',#4406,#4406,#4734,.T.);
#3779=EDGE_CURVE('',#4407,#4407,#4735,.T.);
#3780=EDGE_CURVE('',#4408,#4408,#4736,.F.);
#3781=EDGE_CURVE('',#4409,#4409,#4737,.F.);
#3782=EDGE_CURVE('',#4410,#4410,#4738,.F.);
#3783=EDGE_CURVE('',#4411,#4411,#4739,.F.);
#3784=EDGE_CURVE('',#4412,#4412,#4740,.T.);
#3785=EDGE_CURVE('',#4413,#4413,#4741,.T.);
#3786=EDGE_CURVE('',#4414,#4414,#4742,.F.);
#3787=EDGE_CURVE('',#4415,#4415,#4743,.T.);
#3788=EDGE_CURVE('',#4416,#4416,#4744,.T.);
#3789=EDGE_CURVE('',#4417,#4417,#4745,.T.);
#3790=EDGE_CURVE('',#4418,#4418,#4746,.T.);
#3791=EDGE_CURVE('',#4419,#4419,#4747,.T.);
#3792=EDGE_CURVE('',#4420,#4420,#4748,.T.);
#3793=EDGE_CURVE('',#4421,#4421,#4749,.T.);
#3794=EDGE_CURVE('',#4422,#4422,#4750,.F.);
#3795=EDGE_CURVE('',#4423,#4423,#4751,.F.);
#3796=EDGE_CURVE('',#4424,#4424,#4752,.F.);
#3797=EDGE_CURVE('',#4425,#4425,#4753,.F.);
#3798=EDGE_CURVE('',#4426,#4426,#4754,.T.);
#3799=EDGE_CURVE('',#4427,#4427,#4755,.T.);
#3800=EDGE_CURVE('',#4428,#4428,#4756,.F.);
#3801=EDGE_CURVE('',#4429,#4429,#4757,.T.);
#3802=EDGE_CURVE('',#4430,#4430,#4758,.T.);
#3803=EDGE_CURVE('',#4431,#4431,#4759,.F.);
#3804=EDGE_CURVE('',#4432,#4432,#4760,.T.);
#3805=EDGE_CURVE('',#4433,#4433,#4761,.T.);
#3806=EDGE_CURVE('',#4434,#4434,#4762,.F.);
#3807=EDGE_CURVE('',#4435,#4435,#4763,.T.);
#3808=EDGE_CURVE('',#4436,#4436,#4764,.T.);
#3809=EDGE_CURVE('',#4437,#4437,#4765,.T.);
#3810=EDGE_CURVE('',#4438,#4438,#4766,.T.);
#3811=EDGE_CURVE('',#4439,#4439,#4767,.T.);
#3812=EDGE_CURVE('',#4440,#4440,#4768,.T.);
#3813=EDGE_CURVE('',#4441,#4441,#4769,.T.);
#3814=EDGE_CURVE('',#4442,#4442,#4770,.F.);
#3815=EDGE_CURVE('',#4443,#4443,#4771,.F.);
#3816=EDGE_CURVE('',#4444,#4444,#4772,.F.);
#3817=EDGE_CURVE('',#4445,#4445,#4773,.F.);
#3818=EDGE_CURVE('',#4446,#4446,#4774,.T.);
#3819=EDGE_CURVE('',#4447,#4447,#4775,.T.);
#3820=EDGE_CURVE('',#4448,#4448,#4776,.F.);
#3821=EDGE_CURVE('',#4449,#4449,#4777,.T.);
#3822=EDGE_CURVE('',#4450,#4450,#4778,.T.);
#3823=EDGE_CURVE('',#4451,#4451,#4779,.T.);
#3824=EDGE_CURVE('',#4452,#4452,#4780,.T.);
#3825=EDGE_CURVE('',#4453,#4453,#4781,.T.);
#3826=EDGE_CURVE('',#4454,#4454,#4782,.T.);
#3827=EDGE_CURVE('',#4455,#4455,#4783,.T.);
#3828=EDGE_CURVE('',#4456,#4456,#4784,.F.);
#3829=EDGE_CURVE('',#4457,#4457,#4785,.F.);
#3830=EDGE_CURVE('',#4458,#4458,#4786,.F.);
#3831=EDGE_CURVE('',#4459,#4459,#4787,.T.);
#3832=EDGE_CURVE('',#4460,#4460,#4788,.T.);
#3833=EDGE_CURVE('',#4461,#4461,#4789,.T.);
#3834=EDGE_CURVE('',#4462,#4462,#4790,.T.);
#3835=EDGE_CURVE('',#4463,#4463,#4791,.T.);
#3836=EDGE_CURVE('',#4464,#4464,#4792,.F.);
#3837=EDGE_CURVE('',#4465,#4465,#4793,.F.);
#3838=EDGE_CURVE('',#4466,#4466,#4794,.F.);
#3839=EDGE_CURVE('',#4467,#4467,#4795,.F.);
#3840=EDGE_CURVE('',#4468,#4468,#4796,.T.);
#3841=EDGE_CURVE('',#4469,#4469,#4797,.T.);
#3842=EDGE_CURVE('',#4470,#4470,#4798,.F.);
#3843=EDGE_CURVE('',#4471,#4471,#4799,.T.);
#3844=EDGE_CURVE('',#4472,#4472,#4800,.T.);
#3845=EDGE_CURVE('',#4473,#4473,#4801,.T.);
#3846=EDGE_CURVE('',#4474,#4474,#4802,.T.);
#3847=EDGE_CURVE('',#4475,#4475,#4803,.T.);
#3848=EDGE_CURVE('',#4476,#4476,#4804,.T.);
#3849=EDGE_CURVE('',#4477,#4477,#4805,.T.);
#3850=EDGE_CURVE('',#4478,#4478,#4806,.F.);
#3851=EDGE_CURVE('',#4479,#4479,#4807,.F.);
#3852=EDGE_CURVE('',#4480,#4480,#4808,.F.);
#3853=EDGE_CURVE('',#4481,#4481,#4809,.T.);
#3854=EDGE_CURVE('',#4482,#4482,#4810,.T.);
#3855=EDGE_CURVE('',#4483,#4483,#4811,.T.);
#3856=EDGE_CURVE('',#4484,#4484,#4812,.T.);
#3857=EDGE_CURVE('',#4485,#4485,#4813,.T.);
#3858=EDGE_CURVE('',#4486,#4486,#4814,.F.);
#3859=EDGE_CURVE('',#4487,#4487,#4815,.F.);
#3860=EDGE_CURVE('',#4488,#4488,#4816,.F.);
#3861=VERTEX_POINT('',#10800);
#3862=VERTEX_POINT('',#10802);
#3863=VERTEX_POINT('',#10805);
#3864=VERTEX_POINT('',#10808);
#3865=VERTEX_POINT('',#10811);
#3866=VERTEX_POINT('',#10813);
#3867=VERTEX_POINT('',#10816);
#3868=VERTEX_POINT('',#10819);
#3869=VERTEX_POINT('',#10822);
#3870=VERTEX_POINT('',#10825);
#3871=VERTEX_POINT('',#10828);
#3872=VERTEX_POINT('',#10831);
#3873=VERTEX_POINT('',#10838);
#3874=VERTEX_POINT('',#10840);
#3875=VERTEX_POINT('',#10843);
#3876=VERTEX_POINT('',#10846);
#3877=VERTEX_POINT('',#10849);
#3878=VERTEX_POINT('',#10852);
#3879=VERTEX_POINT('',#10858);
#3880=VERTEX_POINT('',#10859);
#3881=VERTEX_POINT('',#10861);
#3882=VERTEX_POINT('',#10863);
#3883=VERTEX_POINT('',#10867);
#3884=VERTEX_POINT('',#10868);
#3885=VERTEX_POINT('',#10873);
#3886=VERTEX_POINT('',#10875);
#3887=VERTEX_POINT('',#10879);
#3888=VERTEX_POINT('',#10881);
#3889=VERTEX_POINT('',#10883);
#3890=VERTEX_POINT('',#10885);
#3891=VERTEX_POINT('',#10888);
#3892=VERTEX_POINT('',#10890);
#3893=VERTEX_POINT('',#10892);
#3894=VERTEX_POINT('',#10894);
#3895=VERTEX_POINT('',#10896);
#3896=VERTEX_POINT('',#10898);
#3897=VERTEX_POINT('',#10900);
#3898=VERTEX_POINT('',#10902);
#3899=VERTEX_POINT('',#10904);
#3900=VERTEX_POINT('',#10906);
#3901=VERTEX_POINT('',#10908);
#3902=VERTEX_POINT('',#10910);
#3903=VERTEX_POINT('',#10912);
#3904=VERTEX_POINT('',#10914);
#3905=VERTEX_POINT('',#10916);
#3906=VERTEX_POINT('',#10918);
#3907=VERTEX_POINT('',#10920);
#3908=VERTEX_POINT('',#10922);
#3909=VERTEX_POINT('',#10924);
#3910=VERTEX_POINT('',#10926);
#3911=VERTEX_POINT('',#10928);
#3912=VERTEX_POINT('',#10930);
#3913=VERTEX_POINT('',#10932);
#3914=VERTEX_POINT('',#10934);
#3915=VERTEX_POINT('',#10936);
#3916=VERTEX_POINT('',#10938);
#3917=VERTEX_POINT('',#10940);
#3918=VERTEX_POINT('',#10942);
#3919=VERTEX_POINT('',#10944);
#3920=VERTEX_POINT('',#10946);
#3921=VERTEX_POINT('',#10948);
#3922=VERTEX_POINT('',#10950);
#3923=VERTEX_POINT('',#10952);
#3924=VERTEX_POINT('',#10954);
#3925=VERTEX_POINT('',#10956);
#3926=VERTEX_POINT('',#10958);
#3927=VERTEX_POINT('',#10960);
#3928=VERTEX_POINT('',#10962);
#3929=VERTEX_POINT('',#10964);
#3930=VERTEX_POINT('',#10966);
#3931=VERTEX_POINT('',#10968);
#3932=VERTEX_POINT('',#10970);
#3933=VERTEX_POINT('',#10972);
#3934=VERTEX_POINT('',#10974);
#3935=VERTEX_POINT('',#10976);
#3936=VERTEX_POINT('',#10978);
#3937=VERTEX_POINT('',#10980);
#3938=VERTEX_POINT('',#10982);
#3939=VERTEX_POINT('',#10984);
#3940=VERTEX_POINT('',#10986);
#3941=VERTEX_POINT('',#10988);
#3942=VERTEX_POINT('',#10990);
#3943=VERTEX_POINT('',#10992);
#3944=VERTEX_POINT('',#10994);
#3945=VERTEX_POINT('',#10996);
#3946=VERTEX_POINT('',#10998);
#3947=VERTEX_POINT('',#11000);
#3948=VERTEX_POINT('',#11002);
#3949=VERTEX_POINT('',#11004);
#3950=VERTEX_POINT('',#11006);
#3951=VERTEX_POINT('',#11008);
#3952=VERTEX_POINT('',#11010);
#3953=VERTEX_POINT('',#11012);
#3954=VERTEX_POINT('',#11014);
#3955=VERTEX_POINT('',#11016);
#3956=VERTEX_POINT('',#11018);
#3957=VERTEX_POINT('',#11020);
#3958=VERTEX_POINT('',#11022);
#3959=VERTEX_POINT('',#11024);
#3960=VERTEX_POINT('',#11026);
#3961=VERTEX_POINT('',#11028);
#3962=VERTEX_POINT('',#11030);
#3963=VERTEX_POINT('',#11032);
#3964=VERTEX_POINT('',#11034);
#3965=VERTEX_POINT('',#11036);
#3966=VERTEX_POINT('',#11038);
#3967=VERTEX_POINT('',#11040);
#3968=VERTEX_POINT('',#11042);
#3969=VERTEX_POINT('',#11044);
#3970=VERTEX_POINT('',#11046);
#3971=VERTEX_POINT('',#11048);
#3972=VERTEX_POINT('',#11050);
#3973=VERTEX_POINT('',#11052);
#3974=VERTEX_POINT('',#11054);
#3975=VERTEX_POINT('',#11056);
#3976=VERTEX_POINT('',#11058);
#3977=VERTEX_POINT('',#11060);
#3978=VERTEX_POINT('',#11062);
#3979=VERTEX_POINT('',#11064);
#3980=VERTEX_POINT('',#11066);
#3981=VERTEX_POINT('',#11068);
#3982=VERTEX_POINT('',#11071);
#3983=VERTEX_POINT('',#11073);
#3984=VERTEX_POINT('',#11075);
#3985=VERTEX_POINT('',#11077);
#3986=VERTEX_POINT('',#11080);
#3987=VERTEX_POINT('',#11082);
#3988=VERTEX_POINT('',#11084);
#3989=VERTEX_POINT('',#11086);
#3990=VERTEX_POINT('',#11088);
#3991=VERTEX_POINT('',#11090);
#3992=VERTEX_POINT('',#11092);
#3993=VERTEX_POINT('',#11094);
#3994=VERTEX_POINT('',#11096);
#3995=VERTEX_POINT('',#11098);
#3996=VERTEX_POINT('',#11100);
#3997=VERTEX_POINT('',#11102);
#3998=VERTEX_POINT('',#11104);
#3999=VERTEX_POINT('',#11106);
#4000=VERTEX_POINT('',#11108);
#4001=VERTEX_POINT('',#11110);
#4002=VERTEX_POINT('',#11112);
#4003=VERTEX_POINT('',#11114);
#4004=VERTEX_POINT('',#11116);
#4005=VERTEX_POINT('',#11118);
#4006=VERTEX_POINT('',#11120);
#4007=VERTEX_POINT('',#11122);
#4008=VERTEX_POINT('',#11124);
#4009=VERTEX_POINT('',#11126);
#4010=VERTEX_POINT('',#11128);
#4011=VERTEX_POINT('',#11130);
#4012=VERTEX_POINT('',#11132);
#4013=VERTEX_POINT('',#11134);
#4014=VERTEX_POINT('',#11136);
#4015=VERTEX_POINT('',#11138);
#4016=VERTEX_POINT('',#11140);
#4017=VERTEX_POINT('',#11142);
#4018=VERTEX_POINT('',#11144);
#4019=VERTEX_POINT('',#11146);
#4020=VERTEX_POINT('',#11148);
#4021=VERTEX_POINT('',#11150);
#4022=VERTEX_POINT('',#11152);
#4023=VERTEX_POINT('',#11154);
#4024=VERTEX_POINT('',#11156);
#4025=VERTEX_POINT('',#11158);
#4026=VERTEX_POINT('',#11160);
#4027=VERTEX_POINT('',#11162);
#4028=VERTEX_POINT('',#11164);
#4029=VERTEX_POINT('',#11166);
#4030=VERTEX_POINT('',#11168);
#4031=VERTEX_POINT('',#11170);
#4032=VERTEX_POINT('',#11172);
#4033=VERTEX_POINT('',#11174);
#4034=VERTEX_POINT('',#11176);
#4035=VERTEX_POINT('',#11178);
#4036=VERTEX_POINT('',#11180);
#4037=VERTEX_POINT('',#11182);
#4038=VERTEX_POINT('',#11184);
#4039=VERTEX_POINT('',#11186);
#4040=VERTEX_POINT('',#11188);
#4041=VERTEX_POINT('',#11190);
#4042=VERTEX_POINT('',#11192);
#4043=VERTEX_POINT('',#11194);
#4044=VERTEX_POINT('',#11196);
#4045=VERTEX_POINT('',#11198);
#4046=VERTEX_POINT('',#11200);
#4047=VERTEX_POINT('',#11202);
#4048=VERTEX_POINT('',#11204);
#4049=VERTEX_POINT('',#11206);
#4050=VERTEX_POINT('',#11208);
#4051=VERTEX_POINT('',#11210);
#4052=VERTEX_POINT('',#11212);
#4053=VERTEX_POINT('',#11214);
#4054=VERTEX_POINT('',#11216);
#4055=VERTEX_POINT('',#11218);
#4056=VERTEX_POINT('',#11220);
#4057=VERTEX_POINT('',#11222);
#4058=VERTEX_POINT('',#11224);
#4059=VERTEX_POINT('',#11226);
#4060=VERTEX_POINT('',#11228);
#4061=VERTEX_POINT('',#11230);
#4062=VERTEX_POINT('',#11232);
#4063=VERTEX_POINT('',#11234);
#4064=VERTEX_POINT('',#11236);
#4065=VERTEX_POINT('',#11238);
#4066=VERTEX_POINT('',#11240);
#4067=VERTEX_POINT('',#11242);
#4068=VERTEX_POINT('',#11244);
#4069=VERTEX_POINT('',#11246);
#4070=VERTEX_POINT('',#11248);
#4071=VERTEX_POINT('',#11250);
#4072=VERTEX_POINT('',#11252);
#4073=VERTEX_POINT('',#11254);
#4074=VERTEX_POINT('',#11256);
#4075=VERTEX_POINT('',#11258);
#4076=VERTEX_POINT('',#11260);
#4077=VERTEX_POINT('',#11364);
#4078=VERTEX_POINT('',#11366);
#4079=VERTEX_POINT('',#11369);
#4080=VERTEX_POINT('',#11372);
#4081=VERTEX_POINT('',#11375);
#4082=VERTEX_POINT('',#11378);
#4083=VERTEX_POINT('',#11384);
#4084=VERTEX_POINT('',#11386);
#4085=VERTEX_POINT('',#11389);
#4086=VERTEX_POINT('',#11392);
#4087=VERTEX_POINT('',#11395);
#4088=VERTEX_POINT('',#11398);
#4089=VERTEX_POINT('',#11401);
#4090=VERTEX_POINT('',#11404);
#4091=VERTEX_POINT('',#11410);
#4092=VERTEX_POINT('',#11411);
#4093=VERTEX_POINT('',#11413);
#4094=VERTEX_POINT('',#11415);
#4095=VERTEX_POINT('',#11419);
#4096=VERTEX_POINT('',#11421);
#4097=VERTEX_POINT('',#11425);
#4098=VERTEX_POINT('',#11427);
#4099=VERTEX_POINT('',#11431);
#4100=VERTEX_POINT('',#11433);
#4101=VERTEX_POINT('',#11435);
#4102=VERTEX_POINT('',#11437);
#4103=VERTEX_POINT('',#11439);
#4104=VERTEX_POINT('',#11441);
#4105=VERTEX_POINT('',#11443);
#4106=VERTEX_POINT('',#11445);
#4107=VERTEX_POINT('',#11447);
#4108=VERTEX_POINT('',#11449);
#4109=VERTEX_POINT('',#11451);
#4110=VERTEX_POINT('',#11453);
#4111=VERTEX_POINT('',#11455);
#4112=VERTEX_POINT('',#11457);
#4113=VERTEX_POINT('',#11459);
#4114=VERTEX_POINT('',#11461);
#4115=VERTEX_POINT('',#11463);
#4116=VERTEX_POINT('',#11465);
#4117=VERTEX_POINT('',#11467);
#4118=VERTEX_POINT('',#11469);
#4119=VERTEX_POINT('',#11471);
#4120=VERTEX_POINT('',#11473);
#4121=VERTEX_POINT('',#11475);
#4122=VERTEX_POINT('',#11477);
#4123=VERTEX_POINT('',#11479);
#4124=VERTEX_POINT('',#11481);
#4125=VERTEX_POINT('',#11483);
#4126=VERTEX_POINT('',#11485);
#4127=VERTEX_POINT('',#11487);
#4128=VERTEX_POINT('',#11489);
#4129=VERTEX_POINT('',#11491);
#4130=VERTEX_POINT('',#11493);
#4131=VERTEX_POINT('',#11495);
#4132=VERTEX_POINT('',#11497);
#4133=VERTEX_POINT('',#11499);
#4134=VERTEX_POINT('',#11501);
#4135=VERTEX_POINT('',#11503);
#4136=VERTEX_POINT('',#11505);
#4137=VERTEX_POINT('',#11507);
#4138=VERTEX_POINT('',#11509);
#4139=VERTEX_POINT('',#11511);
#4140=VERTEX_POINT('',#11513);
#4141=VERTEX_POINT('',#11515);
#4142=VERTEX_POINT('',#11517);
#4143=VERTEX_POINT('',#11519);
#4144=VERTEX_POINT('',#11521);
#4145=VERTEX_POINT('',#11524);
#4146=VERTEX_POINT('',#11525);
#4147=VERTEX_POINT('',#11527);
#4148=VERTEX_POINT('',#11529);
#4149=VERTEX_POINT('',#11532);
#4150=VERTEX_POINT('',#11533);
#4151=VERTEX_POINT('',#11535);
#4152=VERTEX_POINT('',#11537);
#4153=VERTEX_POINT('',#11540);
#4154=VERTEX_POINT('',#11541);
#4155=VERTEX_POINT('',#11543);
#4156=VERTEX_POINT('',#11545);
#4157=VERTEX_POINT('',#11548);
#4158=VERTEX_POINT('',#11549);
#4159=VERTEX_POINT('',#11551);
#4160=VERTEX_POINT('',#11553);
#4161=VERTEX_POINT('',#11556);
#4162=VERTEX_POINT('',#11557);
#4163=VERTEX_POINT('',#11559);
#4164=VERTEX_POINT('',#11561);
#4165=VERTEX_POINT('',#11564);
#4166=VERTEX_POINT('',#11565);
#4167=VERTEX_POINT('',#11567);
#4168=VERTEX_POINT('',#11569);
#4169=VERTEX_POINT('',#11572);
#4170=VERTEX_POINT('',#11573);
#4171=VERTEX_POINT('',#11575);
#4172=VERTEX_POINT('',#11577);
#4173=VERTEX_POINT('',#11580);
#4174=VERTEX_POINT('',#11581);
#4175=VERTEX_POINT('',#11583);
#4176=VERTEX_POINT('',#11585);
#4177=VERTEX_POINT('',#11589);
#4178=VERTEX_POINT('',#11591);
#4179=VERTEX_POINT('',#11593);
#4180=VERTEX_POINT('',#11595);
#4181=VERTEX_POINT('',#11597);
#4182=VERTEX_POINT('',#11599);
#4183=VERTEX_POINT('',#11601);
#4184=VERTEX_POINT('',#11603);
#4185=VERTEX_POINT('',#11605);
#4186=VERTEX_POINT('',#11607);
#4187=VERTEX_POINT('',#11609);
#4188=VERTEX_POINT('',#11611);
#4189=VERTEX_POINT('',#11613);
#4190=VERTEX_POINT('',#11615);
#4191=VERTEX_POINT('',#11617);
#4192=VERTEX_POINT('',#11619);
#4193=VERTEX_POINT('',#11621);
#4194=VERTEX_POINT('',#11623);
#4195=VERTEX_POINT('',#11625);
#4196=VERTEX_POINT('',#11627);
#4197=VERTEX_POINT('',#11629);
#4198=VERTEX_POINT('',#11631);
#4199=VERTEX_POINT('',#11633);
#4200=VERTEX_POINT('',#11635);
#4201=VERTEX_POINT('',#11637);
#4202=VERTEX_POINT('',#11639);
#4203=VERTEX_POINT('',#11641);
#4204=VERTEX_POINT('',#11643);
#4205=VERTEX_POINT('',#11645);
#4206=VERTEX_POINT('',#11647);
#4207=VERTEX_POINT('',#11649);
#4208=VERTEX_POINT('',#11651);
#4209=VERTEX_POINT('',#11653);
#4210=VERTEX_POINT('',#11655);
#4211=VERTEX_POINT('',#11657);
#4212=VERTEX_POINT('',#11659);
#4213=VERTEX_POINT('',#11661);
#4214=VERTEX_POINT('',#11663);
#4215=VERTEX_POINT('',#11665);
#4216=VERTEX_POINT('',#11667);
#4217=VERTEX_POINT('',#11669);
#4218=VERTEX_POINT('',#11671);
#4219=VERTEX_POINT('',#11673);
#4220=VERTEX_POINT('',#11675);
#4221=VERTEX_POINT('',#11677);
#4222=VERTEX_POINT('',#11679);
#4223=VERTEX_POINT('',#11682);
#4224=VERTEX_POINT('',#11683);
#4225=VERTEX_POINT('',#11685);
#4226=VERTEX_POINT('',#11687);
#4227=VERTEX_POINT('',#11690);
#4228=VERTEX_POINT('',#11691);
#4229=VERTEX_POINT('',#11693);
#4230=VERTEX_POINT('',#11695);
#4231=VERTEX_POINT('',#11698);
#4232=VERTEX_POINT('',#11699);
#4233=VERTEX_POINT('',#11701);
#4234=VERTEX_POINT('',#11703);
#4235=VERTEX_POINT('',#11706);
#4236=VERTEX_POINT('',#11707);
#4237=VERTEX_POINT('',#11709);
#4238=VERTEX_POINT('',#11711);
#4239=VERTEX_POINT('',#11714);
#4240=VERTEX_POINT('',#11715);
#4241=VERTEX_POINT('',#11717);
#4242=VERTEX_POINT('',#11719);
#4243=VERTEX_POINT('',#11722);
#4244=VERTEX_POINT('',#11723);
#4245=VERTEX_POINT('',#11725);
#4246=VERTEX_POINT('',#11727);
#4247=VERTEX_POINT('',#11730);
#4248=VERTEX_POINT('',#11731);
#4249=VERTEX_POINT('',#11733);
#4250=VERTEX_POINT('',#11735);
#4251=VERTEX_POINT('',#11738);
#4252=VERTEX_POINT('',#11739);
#4253=VERTEX_POINT('',#11741);
#4254=VERTEX_POINT('',#11743);
#4255=VERTEX_POINT('',#11840);
#4256=VERTEX_POINT('',#11842);
#4257=VERTEX_POINT('',#11846);
#4258=VERTEX_POINT('',#11850);
#4259=VERTEX_POINT('',#11856);
#4260=VERTEX_POINT('',#11858);
#4261=VERTEX_POINT('',#11862);
#4262=VERTEX_POINT('',#11866);
#4263=VERTEX_POINT('',#11872);
#4264=VERTEX_POINT('',#11874);
#4265=VERTEX_POINT('',#11878);
#4266=VERTEX_POINT('',#11882);
#4267=VERTEX_POINT('',#11888);
#4268=VERTEX_POINT('',#11890);
#4269=VERTEX_POINT('',#11894);
#4270=VERTEX_POINT('',#11898);
#4271=VERTEX_POINT('',#11904);
#4272=VERTEX_POINT('',#11906);
#4273=VERTEX_POINT('',#11910);
#4274=VERTEX_POINT('',#11914);
#4275=VERTEX_POINT('',#11920);
#4276=VERTEX_POINT('',#11922);
#4277=VERTEX_POINT('',#11926);
#4278=VERTEX_POINT('',#11930);
#4279=VERTEX_POINT('',#11936);
#4280=VERTEX_POINT('',#11938);
#4281=VERTEX_POINT('',#11942);
#4282=VERTEX_POINT('',#11946);
#4283=VERTEX_POINT('',#11952);
#4284=VERTEX_POINT('',#11954);
#4285=VERTEX_POINT('',#11958);
#4286=VERTEX_POINT('',#11962);
#4287=VERTEX_POINT('',#11968);
#4288=VERTEX_POINT('',#11969);
#4289=VERTEX_POINT('',#11974);
#4290=VERTEX_POINT('',#11978);
#4291=VERTEX_POINT('',#11984);
#4292=VERTEX_POINT('',#11986);
#4293=VERTEX_POINT('',#11990);
#4294=VERTEX_POINT('',#11994);
#4295=VERTEX_POINT('',#12000);
#4296=VERTEX_POINT('',#12002);
#4297=VERTEX_POINT('',#12006);
#4298=VERTEX_POINT('',#12010);
#4299=VERTEX_POINT('',#12016);
#4300=VERTEX_POINT('',#12018);
#4301=VERTEX_POINT('',#12022);
#4302=VERTEX_POINT('',#12026);
#4303=VERTEX_POINT('',#12032);
#4304=VERTEX_POINT('',#12034);
#4305=VERTEX_POINT('',#12038);
#4306=VERTEX_POINT('',#12042);
#4307=VERTEX_POINT('',#12048);
#4308=VERTEX_POINT('',#12050);
#4309=VERTEX_POINT('',#12054);
#4310=VERTEX_POINT('',#12058);
#4311=VERTEX_POINT('',#12064);
#4312=VERTEX_POINT('',#12065);
#4313=VERTEX_POINT('',#12070);
#4314=VERTEX_POINT('',#12074);
#4315=VERTEX_POINT('',#12080);
#4316=VERTEX_POINT('',#12082);
#4317=VERTEX_POINT('',#12086);
#4318=VERTEX_POINT('',#12090);
#4319=VERTEX_POINT('',#12096);
#4320=VERTEX_POINT('',#12097);
#4321=VERTEX_POINT('',#12102);
#4322=VERTEX_POINT('',#12106);
#4323=VERTEX_POINT('',#12112);
#4324=VERTEX_POINT('',#12114);
#4325=VERTEX_POINT('',#12118);
#4326=VERTEX_POINT('',#12122);
#4327=VERTEX_POINT('',#12128);
#4328=VERTEX_POINT('',#12129);
#4329=VERTEX_POINT('',#12134);
#4330=VERTEX_POINT('',#12138);
#4331=VERTEX_POINT('',#12144);
#4332=VERTEX_POINT('',#12146);
#4333=VERTEX_POINT('',#12150);
#4334=VERTEX_POINT('',#12154);
#4335=VERTEX_POINT('',#12160);
#4336=VERTEX_POINT('',#12161);
#4337=VERTEX_POINT('',#12166);
#4338=VERTEX_POINT('',#12170);
#4339=VERTEX_POINT('',#12176);
#4340=VERTEX_POINT('',#12178);
#4341=VERTEX_POINT('',#12182);
#4342=VERTEX_POINT('',#12186);
#4343=VERTEX_POINT('',#12192);
#4344=VERTEX_POINT('',#12193);
#4345=VERTEX_POINT('',#12198);
#4346=VERTEX_POINT('',#12202);
#4347=VERTEX_POINT('',#12208);
#4348=VERTEX_POINT('',#12209);
#4349=VERTEX_POINT('',#12214);
#4350=VERTEX_POINT('',#12218);
#4351=VERTEX_POINT('',#12224);
#4352=VERTEX_POINT('',#12226);
#4353=VERTEX_POINT('',#12230);
#4354=VERTEX_POINT('',#12234);
#4355=VERTEX_POINT('',#12240);
#4356=VERTEX_POINT('',#12241);
#4357=VERTEX_POINT('',#12246);
#4358=VERTEX_POINT('',#12250);
#4359=VERTEX_POINT('',#12256);
#4360=VERTEX_POINT('',#12258);
#4361=VERTEX_POINT('',#12262);
#4362=VERTEX_POINT('',#12266);
#4363=VERTEX_POINT('',#12272);
#4364=VERTEX_POINT('',#12273);
#4365=VERTEX_POINT('',#12278);
#4366=VERTEX_POINT('',#12282);
#4367=VERTEX_POINT('',#12288);
#4368=VERTEX_POINT('',#12290);
#4369=VERTEX_POINT('',#12294);
#4370=VERTEX_POINT('',#12298);
#4371=VERTEX_POINT('',#12304);
#4372=VERTEX_POINT('',#12305);
#4373=VERTEX_POINT('',#12310);
#4374=VERTEX_POINT('',#12314);
#4375=VERTEX_POINT('',#12320);
#4376=VERTEX_POINT('',#12322);
#4377=VERTEX_POINT('',#12326);
#4378=VERTEX_POINT('',#12330);
#4379=VERTEX_POINT('',#12336);
#4380=VERTEX_POINT('',#12338);
#4381=VERTEX_POINT('',#12342);
#4382=VERTEX_POINT('',#12346);
#4383=VERTEX_POINT('',#12369);
#4384=VERTEX_POINT('',#12371);
#4385=VERTEX_POINT('',#12374);
#4386=VERTEX_POINT('',#12377);
#4387=VERTEX_POINT('',#12380);
#4388=VERTEX_POINT('',#12383);
#4389=VERTEX_POINT('',#12386);
#4390=VERTEX_POINT('',#12389);
#4391=VERTEX_POINT('',#12395);
#4392=VERTEX_POINT('',#12397);
#4393=VERTEX_POINT('',#12400);
#4394=VERTEX_POINT('',#12403);
#4395=VERTEX_POINT('',#12406);
#4396=VERTEX_POINT('',#12409);
#4397=VERTEX_POINT('',#12415);
#4398=VERTEX_POINT('',#12417);
#4399=VERTEX_POINT('',#12420);
#4400=VERTEX_POINT('',#12423);
#4401=VERTEX_POINT('',#12426);
#4402=VERTEX_POINT('',#12429);
#4403=VERTEX_POINT('',#12435);
#4404=VERTEX_POINT('',#12437);
#4405=VERTEX_POINT('',#12440);
#4406=VERTEX_POINT('',#12443);
#4407=VERTEX_POINT('',#12446);
#4408=VERTEX_POINT('',#12449);
#4409=VERTEX_POINT('',#12452);
#4410=VERTEX_POINT('',#12455);
#4411=VERTEX_POINT('',#12461);
#4412=VERTEX_POINT('',#12463);
#4413=VERTEX_POINT('',#12466);
#4414=VERTEX_POINT('',#12469);
#4415=VERTEX_POINT('',#12472);
#4416=VERTEX_POINT('',#12475);
#4417=VERTEX_POINT('',#12481);
#4418=VERTEX_POINT('',#12483);
#4419=VERTEX_POINT('',#12486);
#4420=VERTEX_POINT('',#12489);
#4421=VERTEX_POINT('',#12492);
#4422=VERTEX_POINT('',#12495);
#4423=VERTEX_POINT('',#12498);
#4424=VERTEX_POINT('',#12501);
#4425=VERTEX_POINT('',#12507);
#4426=VERTEX_POINT('',#12509);
#4427=VERTEX_POINT('',#12512);
#4428=VERTEX_POINT('',#12515);
#4429=VERTEX_POINT('',#12518);
#4430=VERTEX_POINT('',#12521);
#4431=VERTEX_POINT('',#12527);
#4432=VERTEX_POINT('',#12529);
#4433=VERTEX_POINT('',#12532);
#4434=VERTEX_POINT('',#12535);
#4435=VERTEX_POINT('',#12538);
#4436=VERTEX_POINT('',#12541);
#4437=VERTEX_POINT('',#12547);
#4438=VERTEX_POINT('',#12549);
#4439=VERTEX_POINT('',#12552);
#4440=VERTEX_POINT('',#12555);
#4441=VERTEX_POINT('',#12558);
#4442=VERTEX_POINT('',#12561);
#4443=VERTEX_POINT('',#12564);
#4444=VERTEX_POINT('',#12567);
#4445=VERTEX_POINT('',#12573);
#4446=VERTEX_POINT('',#12575);
#4447=VERTEX_POINT('',#12578);
#4448=VERTEX_POINT('',#12581);
#4449=VERTEX_POINT('',#12584);
#4450=VERTEX_POINT('',#12587);
#4451=VERTEX_POINT('',#12593);
#4452=VERTEX_POINT('',#12595);
#4453=VERTEX_POINT('',#12598);
#4454=VERTEX_POINT('',#12601);
#4455=VERTEX_POINT('',#12604);
#4456=VERTEX_POINT('',#12607);
#4457=VERTEX_POINT('',#12610);
#4458=VERTEX_POINT('',#12613);
#4459=VERTEX_POINT('',#12619);
#4460=VERTEX_POINT('',#12621);
#4461=VERTEX_POINT('',#12624);
#4462=VERTEX_POINT('',#12627);
#4463=VERTEX_POINT('',#12630);
#4464=VERTEX_POINT('',#12633);
#4465=VERTEX_POINT('',#12636);
#4466=VERTEX_POINT('',#12639);
#4467=VERTEX_POINT('',#12645);
#4468=VERTEX_POINT('',#12647);
#4469=VERTEX_POINT('',#12650);
#4470=VERTEX_POINT('',#12653);
#4471=VERTEX_POINT('',#12656);
#4472=VERTEX_POINT('',#12659);
#4473=VERTEX_POINT('',#12665);
#4474=VERTEX_POINT('',#12667);
#4475=VERTEX_POINT('',#12670);
#4476=VERTEX_POINT('',#12673);
#4477=VERTEX_POINT('',#12676);
#4478=VERTEX_POINT('',#12679);
#4479=VERTEX_POINT('',#12682);
#4480=VERTEX_POINT('',#12685);
#4481=VERTEX_POINT('',#12691);
#4482=VERTEX_POINT('',#12693);
#4483=VERTEX_POINT('',#12696);
#4484=VERTEX_POINT('',#12699);
#4485=VERTEX_POINT('',#12702);
#4486=VERTEX_POINT('',#12705);
#4487=VERTEX_POINT('',#12708);
#4488=VERTEX_POINT('',#12711);
#4489=CIRCLE('',#7904,0.006);
#4490=CIRCLE('',#7905,0.006);
#4491=CIRCLE('',#7907,0.0057);
#4492=CIRCLE('',#7909,0.004518518518519);
#4493=CIRCLE('',#7911,0.00045);
#4494=CIRCLE('',#7912,0.00045);
#4495=CIRCLE('',#7914,0.001);
#4496=CIRCLE('',#7916,0.00045);
#4497=CIRCLE('',#7918,0.00045);
#4498=CIRCLE('',#7920,0.001);
#4499=CIRCLE('',#7922,0.00027);
#4500=CIRCLE('',#7924,0.00027);
#4501=CIRCLE('',#7930,0.00025);
#4502=CIRCLE('',#7931,0.00025);
#4503=CIRCLE('',#7933,0.00025);
#4504=CIRCLE('',#7935,0.00025);
#4505=CIRCLE('',#7937,0.00025);
#4506=CIRCLE('',#7939,0.00025);
#4507=CIRCLE('',#7944,0.009999999357669);
#4508=CIRCLE('',#7945,0.009999999357669);
#4509=CIRCLE('',#7949,0.009999999357669);
#4510=CIRCLE('',#7950,0.009999999357669);
#4511=CIRCLE('',#7951,0.009999999357669);
#4512=CIRCLE('',#7952,0.0016);
#4513=CIRCLE('',#7953,0.0004);
#4514=CIRCLE('',#7954,0.00075);
#4515=CIRCLE('',#7955,0.00085);
#4516=CIRCLE('',#7956,0.002);
#4517=CIRCLE('',#7957,0.0005);
#4518=CIRCLE('',#7958,0.0004);
#4519=CIRCLE('',#7959,0.0005);
#4520=CIRCLE('',#7960,0.0005);
#4521=CIRCLE('',#7961,0.0005);
#4522=CIRCLE('',#7962,0.0004);
#4523=CIRCLE('',#7963,0.00075);
#4524=CIRCLE('',#7964,0.00085);
#4525=CIRCLE('',#7965,0.00075);
#4526=CIRCLE('',#7966,0.00085);
#4527=CIRCLE('',#7967,0.002);
#4528=CIRCLE('',#7968,0.0004);
#4529=CIRCLE('',#7969,0.00075);
#4530=CIRCLE('',#7970,0.00085);
#4531=CIRCLE('',#7971,0.002);
#4532=CIRCLE('',#7972,0.0004);
#4533=CIRCLE('',#7973,0.0004);
#4534=CIRCLE('',#7974,0.00075);
#4535=CIRCLE('',#7975,0.00075);
#4536=CIRCLE('',#7976,0.00085);
#4537=CIRCLE('',#7977,0.00085);
#4538=CIRCLE('',#7978,0.002);
#4539=CIRCLE('',#7979,0.0005);
#4540=CIRCLE('',#7980,0.0005);
#4541=CIRCLE('',#7981,0.0005);
#4542=CIRCLE('',#7982,0.0004);
#4543=CIRCLE('',#7983,0.0005);
#4544=CIRCLE('',#7984,0.0004);
#4545=CIRCLE('',#7985,0.00075);
#4546=CIRCLE('',#7986,0.00085);
#4547=CIRCLE('',#7987,0.00085);
#4548=CIRCLE('',#7988,0.0004);
#4549=CIRCLE('',#7989,0.0016);
#4550=CIRCLE('',#7990,0.00075);
#4551=CIRCLE('',#7991,0.00075);
#4552=CIRCLE('',#7992,0.002);
#4553=CIRCLE('',#7993,0.00085);
#4554=CIRCLE('',#7994,0.0004);
#4555=CIRCLE('',#7995,0.0004);
#4556=CIRCLE('',#7996,0.00075);
#4557=CIRCLE('',#7997,0.00085);
#4558=CIRCLE('',#7998,0.00085);
#4559=CIRCLE('',#7999,0.0004);
#4560=CIRCLE('',#8000,0.00075);
#4561=CIRCLE('',#8001,0.002);
#4562=CIRCLE('',#8002,0.00075);
#4563=CIRCLE('',#8003,0.00085);
#4564=CIRCLE('',#8004,0.0004);
#4565=CIRCLE('',#8005,0.00075);
#4566=CIRCLE('',#8006,0.00085);
#4567=CIRCLE('',#8007,0.002);
#4568=CIRCLE('',#8008,0.0004);
#4569=CIRCLE('',#8009,0.00075);
#4570=CIRCLE('',#8010,0.00085);
#4571=CIRCLE('',#8011,0.0004);
#4572=CIRCLE('',#8012,0.00085);
#4573=CIRCLE('',#8013,0.00075);
#4574=CIRCLE('',#8014,0.002);
#4575=CIRCLE('',#8015,0.0016);
#4576=CIRCLE('',#8016,0.0004445);
#4577=CIRCLE('',#8017,0.0004445);
#4578=CIRCLE('',#8018,0.0004445);
#4579=CIRCLE('',#8019,0.0004445);
#4580=CIRCLE('',#8020,0.0004445);
#4581=CIRCLE('',#8021,0.0004445);
#4582=CIRCLE('',#8022,0.0004445);
#4583=CIRCLE('',#8023,0.0004);
#4584=CIRCLE('',#8024,0.00075);
#4585=CIRCLE('',#8025,0.00085);
#4586=CIRCLE('',#8026,0.0004);
#4587=CIRCLE('',#8027,0.00085);
#4588=CIRCLE('',#8028,0.0004);
#4589=CIRCLE('',#8029,0.00075);
#4590=CIRCLE('',#8030,0.002);
#4591=CIRCLE('',#8031,0.00075);
#4592=CIRCLE('',#8032,0.00085);
#4593=CIRCLE('',#8033,0.0004445);
#4594=CIRCLE('',#8034,0.0004445);
#4595=CIRCLE('',#8035,0.0005);
#4596=CIRCLE('',#8036,0.0004445);
#4597=CIRCLE('',#8037,0.0004445);
#4598=CIRCLE('',#8038,0.0004445);
#4599=CIRCLE('',#8039,0.0004445);
#4600=CIRCLE('',#8040,0.0004445);
#4601=CIRCLE('',#8041,0.0005);
#4602=CIRCLE('',#8042,0.0016);
#4603=CIRCLE('',#8044,0.009999999357669);
#4604=CIRCLE('',#8045,0.009999999357669);
#4605=CIRCLE('',#8046,0.009999999357669);
#4606=CIRCLE('',#8047,0.0016);
#4607=CIRCLE('',#8048,0.0004);
#4608=CIRCLE('',#8049,0.00075);
#4609=CIRCLE('',#8050,0.00085);
#4610=CIRCLE('',#8051,0.002);
#4611=CIRCLE('',#8052,0.0005);
#4612=CIRCLE('',#8053,0.0004);
#4613=CIRCLE('',#8054,0.0005);
#4614=CIRCLE('',#8055,0.0005);
#4615=CIRCLE('',#8056,0.0005);
#4616=CIRCLE('',#8057,0.0004);
#4617=CIRCLE('',#8058,0.00075);
#4618=CIRCLE('',#8059,0.00085);
#4619=CIRCLE('',#8060,0.00075);
#4620=CIRCLE('',#8061,0.00085);
#4621=CIRCLE('',#8062,0.002);
#4622=CIRCLE('',#8063,0.0004);
#4623=CIRCLE('',#8064,0.00075);
#4624=CIRCLE('',#8065,0.00085);
#4625=CIRCLE('',#8066,0.002);
#4626=CIRCLE('',#8067,0.0004);
#4627=CIRCLE('',#8068,0.0004);
#4628=CIRCLE('',#8069,0.00075);
#4629=CIRCLE('',#8070,0.00075);
#4630=CIRCLE('',#8071,0.00085);
#4631=CIRCLE('',#8072,0.00085);
#4632=CIRCLE('',#8073,0.002);
#4633=CIRCLE('',#8074,0.0005);
#4634=CIRCLE('',#8075,0.0005);
#4635=CIRCLE('',#8076,0.0005);
#4636=CIRCLE('',#8077,0.0004);
#4637=CIRCLE('',#8078,0.0005);
#4638=CIRCLE('',#8079,0.0004);
#4639=CIRCLE('',#8080,0.00075);
#4640=CIRCLE('',#8081,0.00085);
#4641=CIRCLE('',#8082,0.00085);
#4642=CIRCLE('',#8083,0.0004);
#4643=CIRCLE('',#8084,0.0016);
#4644=CIRCLE('',#8085,0.00075);
#4645=CIRCLE('',#8086,0.00075);
#4646=CIRCLE('',#8087,0.002);
#4647=CIRCLE('',#8088,0.00085);
#4648=CIRCLE('',#8089,0.0004);
#4649=CIRCLE('',#8090,0.0004);
#4650=CIRCLE('',#8091,0.00075);
#4651=CIRCLE('',#8092,0.00085);
#4652=CIRCLE('',#8093,0.00085);
#4653=CIRCLE('',#8094,0.0004);
#4654=CIRCLE('',#8095,0.00075);
#4655=CIRCLE('',#8096,0.002);
#4656=CIRCLE('',#8097,0.00075);
#4657=CIRCLE('',#8098,0.00085);
#4658=CIRCLE('',#8099,0.0004);
#4659=CIRCLE('',#8100,0.00075);
#4660=CIRCLE('',#8101,0.00085);
#4661=CIRCLE('',#8102,0.002);
#4662=CIRCLE('',#8103,0.0004);
#4663=CIRCLE('',#8104,0.00075);
#4664=CIRCLE('',#8105,0.00085);
#4665=CIRCLE('',#8106,0.0004);
#4666=CIRCLE('',#8107,0.00085);
#4667=CIRCLE('',#8108,0.00075);
#4668=CIRCLE('',#8109,0.002);
#4669=CIRCLE('',#8110,0.0016);
#4670=CIRCLE('',#8111,0.0004445);
#4671=CIRCLE('',#8112,0.0004445);
#4672=CIRCLE('',#8113,0.0004445);
#4673=CIRCLE('',#8114,0.0004445);
#4674=CIRCLE('',#8115,0.0004445);
#4675=CIRCLE('',#8116,0.0004445);
#4676=CIRCLE('',#8117,0.0004445);
#4677=CIRCLE('',#8118,0.0004);
#4678=CIRCLE('',#8119,0.00075);
#4679=CIRCLE('',#8120,0.00085);
#4680=CIRCLE('',#8121,0.0004);
#4681=CIRCLE('',#8122,0.00085);
#4682=CIRCLE('',#8123,0.0004);
#4683=CIRCLE('',#8124,0.00075);
#4684=CIRCLE('',#8125,0.002);
#4685=CIRCLE('',#8126,0.00075);
#4686=CIRCLE('',#8127,0.00085);
#4687=CIRCLE('',#8128,0.0004445);
#4688=CIRCLE('',#8129,0.0004445);
#4689=CIRCLE('',#8130,0.0005);
#4690=CIRCLE('',#8131,0.0004445);
#4691=CIRCLE('',#8132,0.0004445);
#4692=CIRCLE('',#8133,0.0004445);
#4693=CIRCLE('',#8134,0.0004445);
#4694=CIRCLE('',#8135,0.0004445);
#4695=CIRCLE('',#8136,0.0005);
#4696=CIRCLE('',#8137,0.0016);
#4697=CIRCLE('',#8236,0.00025);
#4698=CIRCLE('',#8237,0.00025);
#4699=CIRCLE('',#8239,0.00025);
#4700=CIRCLE('',#8241,0.00025);
#4701=CIRCLE('',#8243,0.00025);
#4702=CIRCLE('',#8245,0.00025);
#4703=CIRCLE('',#8250,0.00101);
#4704=CIRCLE('',#8251,0.00101);
#4705=CIRCLE('',#8253,0.001);
#4706=CIRCLE('',#8255,0.001);
#4707=CIRCLE('',#8257,0.001);
#4708=CIRCLE('',#8259,0.001);
#4709=CIRCLE('',#8261,0.0006);
#4710=CIRCLE('',#8263,0.0006);
#4711=CIRCLE('',#8465,0.00101);
#4712=CIRCLE('',#8466,0.00101);
#4713=CIRCLE('',#8468,0.001);
#4714=CIRCLE('',#8470,0.001);
#4715=CIRCLE('',#8472,0.001);
#4716=CIRCLE('',#8474,0.001);
#4717=CIRCLE('',#8476,0.0006);
#4718=CIRCLE('',#8478,0.0006);
#4719=CIRCLE('',#8483,0.00025);
#4720=CIRCLE('',#8484,0.00025);
#4721=CIRCLE('',#8486,0.00025);
#4722=CIRCLE('',#8488,0.00025);
#4723=CIRCLE('',#8490,0.00025);
#4724=CIRCLE('',#8492,0.00025);
#4725=CIRCLE('',#8497,0.00025);
#4726=CIRCLE('',#8498,0.00025);
#4727=CIRCLE('',#8500,0.00025);
#4728=CIRCLE('',#8502,0.00025);
#4729=CIRCLE('',#8504,0.00025);
#4730=CIRCLE('',#8506,0.00025);
#4731=CIRCLE('',#8511,0.00101);
#4732=CIRCLE('',#8512,0.00101);
#4733=CIRCLE('',#8514,0.001);
#4734=CIRCLE('',#8516,0.001);
#4735=CIRCLE('',#8518,0.001);
#4736=CIRCLE('',#8520,0.001);
#4737=CIRCLE('',#8522,0.0006);
#4738=CIRCLE('',#8524,0.0006);
#4739=CIRCLE('',#8529,0.00025);
#4740=CIRCLE('',#8530,0.00025);
#4741=CIRCLE('',#8532,0.00025);
#4742=CIRCLE('',#8534,0.00025);
#4743=CIRCLE('',#8536,0.00025);
#4744=CIRCLE('',#8538,0.00025);
#4745=CIRCLE('',#8543,0.00101);
#4746=CIRCLE('',#8544,0.00101);
#4747=CIRCLE('',#8546,0.001);
#4748=CIRCLE('',#8548,0.001);
#4749=CIRCLE('',#8550,0.001);
#4750=CIRCLE('',#8552,0.001);
#4751=CIRCLE('',#8554,0.0006);
#4752=CIRCLE('',#8556,0.0006);
#4753=CIRCLE('',#8561,0.00025);
#4754=CIRCLE('',#8562,0.00025);
#4755=CIRCLE('',#8564,0.00025);
#4756=CIRCLE('',#8566,0.00025);
#4757=CIRCLE('',#8568,0.00025);
#4758=CIRCLE('',#8570,0.00025);
#4759=CIRCLE('',#8575,0.00025);
#4760=CIRCLE('',#8576,0.00025);
#4761=CIRCLE('',#8578,0.00025);
#4762=CIRCLE('',#8580,0.00025);
#4763=CIRCLE('',#8582,0.00025);
#4764=CIRCLE('',#8584,0.00025);
#4765=CIRCLE('',#8589,0.00101);
#4766=CIRCLE('',#8590,0.00101);
#4767=CIRCLE('',#8592,0.001);
#4768=CIRCLE('',#8594,0.001);
#4769=CIRCLE('',#8596,0.001);
#4770=CIRCLE('',#8598,0.001);
#4771=CIRCLE('',#8600,0.0006);
#4772=CIRCLE('',#8602,0.0006);
#4773=CIRCLE('',#8607,0.00025);
#4774=CIRCLE('',#8608,0.00025);
#4775=CIRCLE('',#8610,0.00025);
#4776=CIRCLE('',#8612,0.00025);
#4777=CIRCLE('',#8614,0.00025);
#4778=CIRCLE('',#8616,0.00025);
#4779=CIRCLE('',#8621,0.00101);
#4780=CIRCLE('',#8622,0.00101);
#4781=CIRCLE('',#8624,0.001);
#4782=CIRCLE('',#8626,0.001);
#4783=CIRCLE('',#8628,0.001);
#4784=CIRCLE('',#8630,0.001);
#4785=CIRCLE('',#8632,0.0006);
#4786=CIRCLE('',#8634,0.0006);
#4787=CIRCLE('',#8639,0.00101);
#4788=CIRCLE('',#8640,0.00101);
#4789=CIRCLE('',#8642,0.001);
#4790=CIRCLE('',#8644,0.001);
#4791=CIRCLE('',#8646,0.001);
#4792=CIRCLE('',#8648,0.001);
#4793=CIRCLE('',#8650,0.0006);
#4794=CIRCLE('',#8652,0.0006);
#4795=CIRCLE('',#8657,0.00025);
#4796=CIRCLE('',#8658,0.00025);
#4797=CIRCLE('',#8660,0.00025);
#4798=CIRCLE('',#8662,0.00025);
#4799=CIRCLE('',#8664,0.00025);
#4800=CIRCLE('',#8666,0.00025);
#4801=CIRCLE('',#8671,0.00101);
#4802=CIRCLE('',#8672,0.00101);
#4803=CIRCLE('',#8674,0.001);
#4804=CIRCLE('',#8676,0.001);
#4805=CIRCLE('',#8678,0.001);
#4806=CIRCLE('',#8680,0.001);
#4807=CIRCLE('',#8682,0.0006);
#4808=CIRCLE('',#8684,0.0006);
#4809=CIRCLE('',#8689,0.00101);
#4810=CIRCLE('',#8690,0.00101);
#4811=CIRCLE('',#8692,0.001);
#4812=CIRCLE('',#8694,0.001);
#4813=CIRCLE('',#8696,0.001);
#4814=CIRCLE('',#8698,0.001);
#4815=CIRCLE('',#8700,0.0006);
#4816=CIRCLE('',#8702,0.0006);
#4817=EDGE_LOOP('',(#1419));
#4818=EDGE_LOOP('',(#1420));
#4819=EDGE_LOOP('',(#1421));
#4820=EDGE_LOOP('',(#1422));
#4821=EDGE_LOOP('',(#1423));
#4822=EDGE_LOOP('',(#1424));
#4823=EDGE_LOOP('',(#1425));
#4824=EDGE_LOOP('',(#1426));
#4825=EDGE_LOOP('',(#1427));
#4826=EDGE_LOOP('',(#1428));
#4827=EDGE_LOOP('',(#1429));
#4828=EDGE_LOOP('',(#1430));
#4829=EDGE_LOOP('',(#1431));
#4830=EDGE_LOOP('',(#1432));
#4831=EDGE_LOOP('',(#1433));
#4832=EDGE_LOOP('',(#1434));
#4833=EDGE_LOOP('',(#1435));
#4834=EDGE_LOOP('',(#1436));
#4835=EDGE_LOOP('',(#1437));
#4836=EDGE_LOOP('',(#1438));
#4837=EDGE_LOOP('',(#1439));
#4838=EDGE_LOOP('',(#1440));
#4839=EDGE_LOOP('',(#1441));
#4840=EDGE_LOOP('',(#1442));
#4841=EDGE_LOOP('',(#1443));
#4842=EDGE_LOOP('',(#1444));
#4843=EDGE_LOOP('',(#1445));
#4844=EDGE_LOOP('',(#1446));
#4845=EDGE_LOOP('',(#1447));
#4846=EDGE_LOOP('',(#1448));
#4847=EDGE_LOOP('',(#1449));
#4848=EDGE_LOOP('',(#1450));
#4849=EDGE_LOOP('',(#1451));
#4850=EDGE_LOOP('',(#1452));
#4851=EDGE_LOOP('',(#1453));
#4852=EDGE_LOOP('',(#1454));
#4853=EDGE_LOOP('',(#1455,#1456,#1457,#1458));
#4854=EDGE_LOOP('',(#1459,#1460,#1461,#1462));
#4855=EDGE_LOOP('',(#1463,#1464,#1465,#1466));
#4856=EDGE_LOOP('',(#1467,#1468,#1469,#1470,#1471,#1472,#1473,#1474));
#4857=EDGE_LOOP('',(#1475));
#4858=EDGE_LOOP('',(#1476));
#4859=EDGE_LOOP('',(#1477));
#4860=EDGE_LOOP('',(#1478));
#4861=EDGE_LOOP('',(#1479));
#4862=EDGE_LOOP('',(#1480));
#4863=EDGE_LOOP('',(#1481));
#4864=EDGE_LOOP('',(#1482));
#4865=EDGE_LOOP('',(#1483));
#4866=EDGE_LOOP('',(#1484));
#4867=EDGE_LOOP('',(#1485));
#4868=EDGE_LOOP('',(#1486));
#4869=EDGE_LOOP('',(#1487));
#4870=EDGE_LOOP('',(#1488));
#4871=EDGE_LOOP('',(#1489));
#4872=EDGE_LOOP('',(#1490));
#4873=EDGE_LOOP('',(#1491));
#4874=EDGE_LOOP('',(#1492));
#4875=EDGE_LOOP('',(#1493));
#4876=EDGE_LOOP('',(#1494));
#4877=EDGE_LOOP('',(#1495));
#4878=EDGE_LOOP('',(#1496));
#4879=EDGE_LOOP('',(#1497));
#4880=EDGE_LOOP('',(#1498));
#4881=EDGE_LOOP('',(#1499));
#4882=EDGE_LOOP('',(#1500));
#4883=EDGE_LOOP('',(#1501));
#4884=EDGE_LOOP('',(#1502));
#4885=EDGE_LOOP('',(#1503));
#4886=EDGE_LOOP('',(#1504));
#4887=EDGE_LOOP('',(#1505));
#4888=EDGE_LOOP('',(#1506));
#4889=EDGE_LOOP('',(#1507));
#4890=EDGE_LOOP('',(#1508));
#4891=EDGE_LOOP('',(#1509));
#4892=EDGE_LOOP('',(#1510));
#4893=EDGE_LOOP('',(#1511));
#4894=EDGE_LOOP('',(#1512));
#4895=EDGE_LOOP('',(#1513));
#4896=EDGE_LOOP('',(#1514));
#4897=EDGE_LOOP('',(#1515));
#4898=EDGE_LOOP('',(#1516));
#4899=EDGE_LOOP('',(#1517));
#4900=EDGE_LOOP('',(#1518));
#4901=EDGE_LOOP('',(#1519));
#4902=EDGE_LOOP('',(#1520));
#4903=EDGE_LOOP('',(#1521));
#4904=EDGE_LOOP('',(#1522));
#4905=EDGE_LOOP('',(#1523));
#4906=EDGE_LOOP('',(#1524));
#4907=EDGE_LOOP('',(#1525));
#4908=EDGE_LOOP('',(#1526));
#4909=EDGE_LOOP('',(#1527));
#4910=EDGE_LOOP('',(#1528));
#4911=EDGE_LOOP('',(#1529));
#4912=EDGE_LOOP('',(#1530));
#4913=EDGE_LOOP('',(#1531));
#4914=EDGE_LOOP('',(#1532));
#4915=EDGE_LOOP('',(#1533));
#4916=EDGE_LOOP('',(#1534));
#4917=EDGE_LOOP('',(#1535));
#4918=EDGE_LOOP('',(#1536));
#4919=EDGE_LOOP('',(#1537));
#4920=EDGE_LOOP('',(#1538));
#4921=EDGE_LOOP('',(#1539));
#4922=EDGE_LOOP('',(#1540));
#4923=EDGE_LOOP('',(#1541));
#4924=EDGE_LOOP('',(#1542));
#4925=EDGE_LOOP('',(#1543));
#4926=EDGE_LOOP('',(#1544));
#4927=EDGE_LOOP('',(#1545));
#4928=EDGE_LOOP('',(#1546));
#4929=EDGE_LOOP('',(#1547));
#4930=EDGE_LOOP('',(#1548));
#4931=EDGE_LOOP('',(#1549));
#4932=EDGE_LOOP('',(#1550));
#4933=EDGE_LOOP('',(#1551));
#4934=EDGE_LOOP('',(#1552));
#4935=EDGE_LOOP('',(#1553));
#4936=EDGE_LOOP('',(#1554));
#4937=EDGE_LOOP('',(#1555));
#4938=EDGE_LOOP('',(#1556));
#4939=EDGE_LOOP('',(#1557));
#4940=EDGE_LOOP('',(#1558));
#4941=EDGE_LOOP('',(#1559));
#4942=EDGE_LOOP('',(#1560));
#4943=EDGE_LOOP('',(#1561));
#4944=EDGE_LOOP('',(#1562));
#4945=EDGE_LOOP('',(#1563));
#4946=EDGE_LOOP('',(#1564));
#4947=EDGE_LOOP('',(#1565));
#4948=EDGE_LOOP('',(#1566,#1567,#1568,#1569,#1570,#1571,#1572,#1573));
#4949=EDGE_LOOP('',(#1574));
#4950=EDGE_LOOP('',(#1575));
#4951=EDGE_LOOP('',(#1576));
#4952=EDGE_LOOP('',(#1577));
#4953=EDGE_LOOP('',(#1578));
#4954=EDGE_LOOP('',(#1579));
#4955=EDGE_LOOP('',(#1580));
#4956=EDGE_LOOP('',(#1581));
#4957=EDGE_LOOP('',(#1582));
#4958=EDGE_LOOP('',(#1583));
#4959=EDGE_LOOP('',(#1584));
#4960=EDGE_LOOP('',(#1585));
#4961=EDGE_LOOP('',(#1586));
#4962=EDGE_LOOP('',(#1587));
#4963=EDGE_LOOP('',(#1588));
#4964=EDGE_LOOP('',(#1589));
#4965=EDGE_LOOP('',(#1590));
#4966=EDGE_LOOP('',(#1591));
#4967=EDGE_LOOP('',(#1592));
#4968=EDGE_LOOP('',(#1593));
#4969=EDGE_LOOP('',(#1594));
#4970=EDGE_LOOP('',(#1595));
#4971=EDGE_LOOP('',(#1596));
#4972=EDGE_LOOP('',(#1597));
#4973=EDGE_LOOP('',(#1598));
#4974=EDGE_LOOP('',(#1599));
#4975=EDGE_LOOP('',(#1600));
#4976=EDGE_LOOP('',(#1601));
#4977=EDGE_LOOP('',(#1602));
#4978=EDGE_LOOP('',(#1603));
#4979=EDGE_LOOP('',(#1604));
#4980=EDGE_LOOP('',(#1605));
#4981=EDGE_LOOP('',(#1606));
#4982=EDGE_LOOP('',(#1607));
#4983=EDGE_LOOP('',(#1608));
#4984=EDGE_LOOP('',(#1609));
#4985=EDGE_LOOP('',(#1610));
#4986=EDGE_LOOP('',(#1611));
#4987=EDGE_LOOP('',(#1612));
#4988=EDGE_LOOP('',(#1613));
#4989=EDGE_LOOP('',(#1614));
#4990=EDGE_LOOP('',(#1615));
#4991=EDGE_LOOP('',(#1616));
#4992=EDGE_LOOP('',(#1617));
#4993=EDGE_LOOP('',(#1618));
#4994=EDGE_LOOP('',(#1619));
#4995=EDGE_LOOP('',(#1620));
#4996=EDGE_LOOP('',(#1621));
#4997=EDGE_LOOP('',(#1622));
#4998=EDGE_LOOP('',(#1623));
#4999=EDGE_LOOP('',(#1624));
#5000=EDGE_LOOP('',(#1625));
#5001=EDGE_LOOP('',(#1626));
#5002=EDGE_LOOP('',(#1627));
#5003=EDGE_LOOP('',(#1628));
#5004=EDGE_LOOP('',(#1629));
#5005=EDGE_LOOP('',(#1630));
#5006=EDGE_LOOP('',(#1631));
#5007=EDGE_LOOP('',(#1632));
#5008=EDGE_LOOP('',(#1633));
#5009=EDGE_LOOP('',(#1634));
#5010=EDGE_LOOP('',(#1635));
#5011=EDGE_LOOP('',(#1636));
#5012=EDGE_LOOP('',(#1637));
#5013=EDGE_LOOP('',(#1638));
#5014=EDGE_LOOP('',(#1639));
#5015=EDGE_LOOP('',(#1640));
#5016=EDGE_LOOP('',(#1641));
#5017=EDGE_LOOP('',(#1642));
#5018=EDGE_LOOP('',(#1643));
#5019=EDGE_LOOP('',(#1644));
#5020=EDGE_LOOP('',(#1645));
#5021=EDGE_LOOP('',(#1646));
#5022=EDGE_LOOP('',(#1647));
#5023=EDGE_LOOP('',(#1648));
#5024=EDGE_LOOP('',(#1649));
#5025=EDGE_LOOP('',(#1650));
#5026=EDGE_LOOP('',(#1651));
#5027=EDGE_LOOP('',(#1652));
#5028=EDGE_LOOP('',(#1653));
#5029=EDGE_LOOP('',(#1654));
#5030=EDGE_LOOP('',(#1655));
#5031=EDGE_LOOP('',(#1656));
#5032=EDGE_LOOP('',(#1657));
#5033=EDGE_LOOP('',(#1658));
#5034=EDGE_LOOP('',(#1659));
#5035=EDGE_LOOP('',(#1660));
#5036=EDGE_LOOP('',(#1661));
#5037=EDGE_LOOP('',(#1662));
#5038=EDGE_LOOP('',(#1663));
#5039=EDGE_LOOP('',(#1664));
#5040=EDGE_LOOP('',(#1665,#1666,#1667,#1668));
#5041=EDGE_LOOP('',(#1669,#1670,#1671,#1672));
#5042=EDGE_LOOP('',(#1673,#1674,#1675,#1676));
#5043=EDGE_LOOP('',(#1677,#1678,#1679,#1680));
#5044=EDGE_LOOP('',(#1681,#1682,#1683,#1684));
#5045=EDGE_LOOP('',(#1685));
#5046=EDGE_LOOP('',(#1686));
#5047=EDGE_LOOP('',(#1687));
#5048=EDGE_LOOP('',(#1688));
#5049=EDGE_LOOP('',(#1689));
#5050=EDGE_LOOP('',(#1690));
#5051=EDGE_LOOP('',(#1691));
#5052=EDGE_LOOP('',(#1692));
#5053=EDGE_LOOP('',(#1693));
#5054=EDGE_LOOP('',(#1694));
#5055=EDGE_LOOP('',(#1695));
#5056=EDGE_LOOP('',(#1696));
#5057=EDGE_LOOP('',(#1697));
#5058=EDGE_LOOP('',(#1698));
#5059=EDGE_LOOP('',(#1699));
#5060=EDGE_LOOP('',(#1700));
#5061=EDGE_LOOP('',(#1701));
#5062=EDGE_LOOP('',(#1702));
#5063=EDGE_LOOP('',(#1703));
#5064=EDGE_LOOP('',(#1704));
#5065=EDGE_LOOP('',(#1705));
#5066=EDGE_LOOP('',(#1706));
#5067=EDGE_LOOP('',(#1707));
#5068=EDGE_LOOP('',(#1708));
#5069=EDGE_LOOP('',(#1709));
#5070=EDGE_LOOP('',(#1710));
#5071=EDGE_LOOP('',(#1711));
#5072=EDGE_LOOP('',(#1712));
#5073=EDGE_LOOP('',(#1713));
#5074=EDGE_LOOP('',(#1714));
#5075=EDGE_LOOP('',(#1715));
#5076=EDGE_LOOP('',(#1716));
#5077=EDGE_LOOP('',(#1717));
#5078=EDGE_LOOP('',(#1718));
#5079=EDGE_LOOP('',(#1719));
#5080=EDGE_LOOP('',(#1720));
#5081=EDGE_LOOP('',(#1721));
#5082=EDGE_LOOP('',(#1722));
#5083=EDGE_LOOP('',(#1723));
#5084=EDGE_LOOP('',(#1724));
#5085=EDGE_LOOP('',(#1725));
#5086=EDGE_LOOP('',(#1726));
#5087=EDGE_LOOP('',(#1727));
#5088=EDGE_LOOP('',(#1728));
#5089=EDGE_LOOP('',(#1729));
#5090=EDGE_LOOP('',(#1730));
#5091=EDGE_LOOP('',(#1731));
#5092=EDGE_LOOP('',(#1732));
#5093=EDGE_LOOP('',(#1733));
#5094=EDGE_LOOP('',(#1734));
#5095=EDGE_LOOP('',(#1735));
#5096=EDGE_LOOP('',(#1736));
#5097=EDGE_LOOP('',(#1737));
#5098=EDGE_LOOP('',(#1738));
#5099=EDGE_LOOP('',(#1739));
#5100=EDGE_LOOP('',(#1740));
#5101=EDGE_LOOP('',(#1741));
#5102=EDGE_LOOP('',(#1742));
#5103=EDGE_LOOP('',(#1743));
#5104=EDGE_LOOP('',(#1744));
#5105=EDGE_LOOP('',(#1745));
#5106=EDGE_LOOP('',(#1746));
#5107=EDGE_LOOP('',(#1747));
#5108=EDGE_LOOP('',(#1748));
#5109=EDGE_LOOP('',(#1749));
#5110=EDGE_LOOP('',(#1750));
#5111=EDGE_LOOP('',(#1751));
#5112=EDGE_LOOP('',(#1752));
#5113=EDGE_LOOP('',(#1753));
#5114=EDGE_LOOP('',(#1754));
#5115=EDGE_LOOP('',(#1755));
#5116=EDGE_LOOP('',(#1756));
#5117=EDGE_LOOP('',(#1757));
#5118=EDGE_LOOP('',(#1758));
#5119=EDGE_LOOP('',(#1759));
#5120=EDGE_LOOP('',(#1760));
#5121=EDGE_LOOP('',(#1761));
#5122=EDGE_LOOP('',(#1762));
#5123=EDGE_LOOP('',(#1763));
#5124=EDGE_LOOP('',(#1764));
#5125=EDGE_LOOP('',(#1765));
#5126=EDGE_LOOP('',(#1766));
#5127=EDGE_LOOP('',(#1767));
#5128=EDGE_LOOP('',(#1768));
#5129=EDGE_LOOP('',(#1769));
#5130=EDGE_LOOP('',(#1770));
#5131=EDGE_LOOP('',(#1771));
#5132=EDGE_LOOP('',(#1772));
#5133=EDGE_LOOP('',(#1773));
#5134=EDGE_LOOP('',(#1774));
#5135=EDGE_LOOP('',(#1775));
#5136=EDGE_LOOP('',(#1776));
#5137=EDGE_LOOP('',(#1777));
#5138=EDGE_LOOP('',(#1778));
#5139=EDGE_LOOP('',(#1779));
#5140=EDGE_LOOP('',(#1780));
#5141=EDGE_LOOP('',(#1781));
#5142=EDGE_LOOP('',(#1782));
#5143=EDGE_LOOP('',(#1783));
#5144=EDGE_LOOP('',(#1784));
#5145=EDGE_LOOP('',(#1785));
#5146=EDGE_LOOP('',(#1786));
#5147=EDGE_LOOP('',(#1787));
#5148=EDGE_LOOP('',(#1788));
#5149=EDGE_LOOP('',(#1789));
#5150=EDGE_LOOP('',(#1790));
#5151=EDGE_LOOP('',(#1791));
#5152=EDGE_LOOP('',(#1792));
#5153=EDGE_LOOP('',(#1793));
#5154=EDGE_LOOP('',(#1794));
#5155=EDGE_LOOP('',(#1795));
#5156=EDGE_LOOP('',(#1796));
#5157=EDGE_LOOP('',(#1797));
#5158=EDGE_LOOP('',(#1798));
#5159=EDGE_LOOP('',(#1799));
#5160=EDGE_LOOP('',(#1800));
#5161=EDGE_LOOP('',(#1801));
#5162=EDGE_LOOP('',(#1802));
#5163=EDGE_LOOP('',(#1803));
#5164=EDGE_LOOP('',(#1804));
#5165=EDGE_LOOP('',(#1805));
#5166=EDGE_LOOP('',(#1806));
#5167=EDGE_LOOP('',(#1807));
#5168=EDGE_LOOP('',(#1808));
#5169=EDGE_LOOP('',(#1809));
#5170=EDGE_LOOP('',(#1810));
#5171=EDGE_LOOP('',(#1811));
#5172=EDGE_LOOP('',(#1812));
#5173=EDGE_LOOP('',(#1813));
#5174=EDGE_LOOP('',(#1814));
#5175=EDGE_LOOP('',(#1815));
#5176=EDGE_LOOP('',(#1816));
#5177=EDGE_LOOP('',(#1817));
#5178=EDGE_LOOP('',(#1818));
#5179=EDGE_LOOP('',(#1819));
#5180=EDGE_LOOP('',(#1820));
#5181=EDGE_LOOP('',(#1821));
#5182=EDGE_LOOP('',(#1822));
#5183=EDGE_LOOP('',(#1823));
#5184=EDGE_LOOP('',(#1824));
#5185=EDGE_LOOP('',(#1825));
#5186=EDGE_LOOP('',(#1826));
#5187=EDGE_LOOP('',(#1827));
#5188=EDGE_LOOP('',(#1828));
#5189=EDGE_LOOP('',(#1829));
#5190=EDGE_LOOP('',(#1830));
#5191=EDGE_LOOP('',(#1831));
#5192=EDGE_LOOP('',(#1832));
#5193=EDGE_LOOP('',(#1833));
#5194=EDGE_LOOP('',(#1834));
#5195=EDGE_LOOP('',(#1835));
#5196=EDGE_LOOP('',(#1836));
#5197=EDGE_LOOP('',(#1837));
#5198=EDGE_LOOP('',(#1838));
#5199=EDGE_LOOP('',(#1839));
#5200=EDGE_LOOP('',(#1840));
#5201=EDGE_LOOP('',(#1841));
#5202=EDGE_LOOP('',(#1842));
#5203=EDGE_LOOP('',(#1843));
#5204=EDGE_LOOP('',(#1844));
#5205=EDGE_LOOP('',(#1845));
#5206=EDGE_LOOP('',(#1846));
#5207=EDGE_LOOP('',(#1847));
#5208=EDGE_LOOP('',(#1848));
#5209=EDGE_LOOP('',(#1849));
#5210=EDGE_LOOP('',(#1850));
#5211=EDGE_LOOP('',(#1851));
#5212=EDGE_LOOP('',(#1852));
#5213=EDGE_LOOP('',(#1853));
#5214=EDGE_LOOP('',(#1854));
#5215=EDGE_LOOP('',(#1855));
#5216=EDGE_LOOP('',(#1856));
#5217=EDGE_LOOP('',(#1857));
#5218=EDGE_LOOP('',(#1858));
#5219=EDGE_LOOP('',(#1859));
#5220=EDGE_LOOP('',(#1860));
#5221=EDGE_LOOP('',(#1861));
#5222=EDGE_LOOP('',(#1862));
#5223=EDGE_LOOP('',(#1863));
#5224=EDGE_LOOP('',(#1864));
#5225=EDGE_LOOP('',(#1865));
#5226=EDGE_LOOP('',(#1866));
#5227=EDGE_LOOP('',(#1867));
#5228=EDGE_LOOP('',(#1868));
#5229=EDGE_LOOP('',(#1869));
#5230=EDGE_LOOP('',(#1870));
#5231=EDGE_LOOP('',(#1871));
#5232=EDGE_LOOP('',(#1872));
#5233=EDGE_LOOP('',(#1873));
#5234=EDGE_LOOP('',(#1874));
#5235=EDGE_LOOP('',(#1875));
#5236=EDGE_LOOP('',(#1876));
#5237=EDGE_LOOP('',(#1877));
#5238=EDGE_LOOP('',(#1878));
#5239=EDGE_LOOP('',(#1879));
#5240=EDGE_LOOP('',(#1880));
#5241=EDGE_LOOP('',(#1881));
#5242=EDGE_LOOP('',(#1882));
#5243=EDGE_LOOP('',(#1883));
#5244=EDGE_LOOP('',(#1884));
#5245=EDGE_LOOP('',(#1885));
#5246=EDGE_LOOP('',(#1886));
#5247=EDGE_LOOP('',(#1887));
#5248=EDGE_LOOP('',(#1888));
#5249=EDGE_LOOP('',(#1889));
#5250=EDGE_LOOP('',(#1890));
#5251=EDGE_LOOP('',(#1891));
#5252=EDGE_LOOP('',(#1892));
#5253=EDGE_LOOP('',(#1893));
#5254=EDGE_LOOP('',(#1894));
#5255=EDGE_LOOP('',(#1895,#1896,#1897,#1898));
#5256=EDGE_LOOP('',(#1899,#1900,#1901,#1902));
#5257=EDGE_LOOP('',(#1903,#1904,#1905,#1906));
#5258=EDGE_LOOP('',(#1907,#1908,#1909,#1910,#1911,#1912,#1913,#1914,#1915,
#1916,#1917,#1918,#1919,#1920,#1921,#1922,#1923,#1924,#1925,#1926,#1927,
#1928,#1929,#1930,#1931,#1932,#1933,#1934,#1935,#1936,#1937,#1938,#1939,
#1940,#1941,#1942,#1943,#1944,#1945,#1946,#1947,#1948,#1949,#1950,#1951,
#1952,#1953,#1954,#1955,#1956));
#5259=EDGE_LOOP('',(#1957,#1958,#1959,#1960));
#5260=EDGE_LOOP('',(#1961,#1962,#1963,#1964));
#5261=EDGE_LOOP('',(#1965,#1966,#1967,#1968));
#5262=EDGE_LOOP('',(#1969,#1970,#1971,#1972));
#5263=EDGE_LOOP('',(#1973,#1974,#1975,#1976));
#5264=EDGE_LOOP('',(#1977,#1978,#1979,#1980));
#5265=EDGE_LOOP('',(#1981,#1982,#1983,#1984));
#5266=EDGE_LOOP('',(#1985,#1986,#1987,#1988));
#5267=EDGE_LOOP('',(#1989,#1990,#1991,#1992,#1993,#1994,#1995,#1996,#1997,
#1998,#1999,#2000,#2001,#2002,#2003,#2004,#2005,#2006,#2007,#2008,#2009,
#2010,#2011,#2012,#2013,#2014,#2015,#2016,#2017,#2018,#2019,#2020,#2021,
#2022,#2023,#2024,#2025,#2026,#2027,#2028,#2029,#2030,#2031,#2032,#2033,
#2034,#2035,#2036,#2037,#2038));
#5268=EDGE_LOOP('',(#2039,#2040,#2041,#2042));
#5269=EDGE_LOOP('',(#2043,#2044,#2045,#2046));
#5270=EDGE_LOOP('',(#2047,#2048,#2049,#2050));
#5271=EDGE_LOOP('',(#2051,#2052,#2053,#2054));
#5272=EDGE_LOOP('',(#2055,#2056,#2057,#2058));
#5273=EDGE_LOOP('',(#2059,#2060,#2061,#2062));
#5274=EDGE_LOOP('',(#2063,#2064,#2065,#2066));
#5275=EDGE_LOOP('',(#2067,#2068,#2069,#2070));
#5276=EDGE_LOOP('',(#2071,#2072,#2073,#2074));
#5277=EDGE_LOOP('',(#2075,#2076,#2077,#2078));
#5278=EDGE_LOOP('',(#2079,#2080,#2081,#2082));
#5279=EDGE_LOOP('',(#2083,#2084,#2085,#2086));
#5280=EDGE_LOOP('',(#2087,#2088,#2089,#2090));
#5281=EDGE_LOOP('',(#2091,#2092,#2093,#2094));
#5282=EDGE_LOOP('',(#2095,#2096,#2097,#2098));
#5283=EDGE_LOOP('',(#2099,#2100,#2101,#2102));
#5284=EDGE_LOOP('',(#2103,#2104,#2105,#2106));
#5285=EDGE_LOOP('',(#2107,#2108,#2109,#2110));
#5286=EDGE_LOOP('',(#2111,#2112,#2113,#2114));
#5287=EDGE_LOOP('',(#2115,#2116,#2117,#2118));
#5288=EDGE_LOOP('',(#2119,#2120,#2121,#2122));
#5289=EDGE_LOOP('',(#2123,#2124,#2125,#2126));
#5290=EDGE_LOOP('',(#2127,#2128,#2129,#2130));
#5291=EDGE_LOOP('',(#2131,#2132,#2133,#2134));
#5292=EDGE_LOOP('',(#2135,#2136,#2137,#2138));
#5293=EDGE_LOOP('',(#2139,#2140,#2141,#2142));
#5294=EDGE_LOOP('',(#2143,#2144,#2145,#2146));
#5295=EDGE_LOOP('',(#2147,#2148,#2149,#2150));
#5296=EDGE_LOOP('',(#2151,#2152,#2153,#2154));
#5297=EDGE_LOOP('',(#2155,#2156,#2157,#2158));
#5298=EDGE_LOOP('',(#2159,#2160,#2161,#2162));
#5299=EDGE_LOOP('',(#2163,#2164,#2165,#2166));
#5300=EDGE_LOOP('',(#2167,#2168,#2169,#2170));
#5301=EDGE_LOOP('',(#2171,#2172,#2173,#2174));
#5302=EDGE_LOOP('',(#2175,#2176,#2177,#2178));
#5303=EDGE_LOOP('',(#2179,#2180,#2181,#2182));
#5304=EDGE_LOOP('',(#2183,#2184,#2185,#2186));
#5305=EDGE_LOOP('',(#2187,#2188,#2189,#2190));
#5306=EDGE_LOOP('',(#2191,#2192,#2193,#2194));
#5307=EDGE_LOOP('',(#2195,#2196,#2197,#2198));
#5308=EDGE_LOOP('',(#2199,#2200,#2201,#2202));
#5309=EDGE_LOOP('',(#2203,#2204,#2205,#2206));
#5310=EDGE_LOOP('',(#2207,#2208,#2209,#2210));
#5311=EDGE_LOOP('',(#2211,#2212,#2213,#2214));
#5312=EDGE_LOOP('',(#2215,#2216,#2217,#2218));
#5313=EDGE_LOOP('',(#2219,#2220,#2221,#2222));
#5314=EDGE_LOOP('',(#2223,#2224,#2225,#2226));
#5315=EDGE_LOOP('',(#2227,#2228,#2229,#2230));
#5316=EDGE_LOOP('',(#2231,#2232,#2233,#2234));
#5317=EDGE_LOOP('',(#2235,#2236,#2237,#2238));
#5318=EDGE_LOOP('',(#2239,#2240,#2241,#2242));
#5319=EDGE_LOOP('',(#2243,#2244,#2245,#2246));
#5320=EDGE_LOOP('',(#2247,#2248,#2249,#2250));
#5321=EDGE_LOOP('',(#2251,#2252,#2253,#2254));
#5322=EDGE_LOOP('',(#2255,#2256,#2257,#2258));
#5323=EDGE_LOOP('',(#2259,#2260,#2261,#2262));
#5324=EDGE_LOOP('',(#2263,#2264,#2265,#2266));
#5325=EDGE_LOOP('',(#2267,#2268,#2269,#2270));
#5326=EDGE_LOOP('',(#2271,#2272,#2273,#2274));
#5327=EDGE_LOOP('',(#2275,#2276,#2277,#2278));
#5328=EDGE_LOOP('',(#2279,#2280,#2281,#2282));
#5329=EDGE_LOOP('',(#2283,#2284,#2285,#2286));
#5330=EDGE_LOOP('',(#2287,#2288,#2289,#2290));
#5331=EDGE_LOOP('',(#2291,#2292,#2293,#2294));
#5332=EDGE_LOOP('',(#2295,#2296,#2297,#2298));
#5333=EDGE_LOOP('',(#2299,#2300,#2301,#2302));
#5334=EDGE_LOOP('',(#2303,#2304,#2305,#2306));
#5335=EDGE_LOOP('',(#2307,#2308,#2309,#2310));
#5336=EDGE_LOOP('',(#2311,#2312,#2313,#2314));
#5337=EDGE_LOOP('',(#2315,#2316,#2317,#2318));
#5338=EDGE_LOOP('',(#2319,#2320,#2321,#2322));
#5339=EDGE_LOOP('',(#2323,#2324,#2325,#2326));
#5340=EDGE_LOOP('',(#2327,#2328,#2329,#2330));
#5341=EDGE_LOOP('',(#2331,#2332,#2333,#2334));
#5342=EDGE_LOOP('',(#2335,#2336,#2337,#2338));
#5343=EDGE_LOOP('',(#2339,#2340,#2341,#2342));
#5344=EDGE_LOOP('',(#2343,#2344,#2345,#2346));
#5345=EDGE_LOOP('',(#2347,#2348,#2349,#2350));
#5346=EDGE_LOOP('',(#2351,#2352,#2353,#2354));
#5347=EDGE_LOOP('',(#2355,#2356,#2357,#2358));
#5348=EDGE_LOOP('',(#2359,#2360,#2361,#2362));
#5349=EDGE_LOOP('',(#2363,#2364,#2365,#2366));
#5350=EDGE_LOOP('',(#2367,#2368,#2369,#2370));
#5351=EDGE_LOOP('',(#2371,#2372,#2373,#2374));
#5352=EDGE_LOOP('',(#2375,#2376,#2377,#2378));
#5353=EDGE_LOOP('',(#2379,#2380,#2381,#2382));
#5354=EDGE_LOOP('',(#2383,#2384,#2385,#2386));
#5355=EDGE_LOOP('',(#2387,#2388,#2389,#2390));
#5356=EDGE_LOOP('',(#2391,#2392,#2393,#2394));
#5357=EDGE_LOOP('',(#2395,#2396,#2397,#2398));
#5358=EDGE_LOOP('',(#2399,#2400,#2401,#2402));
#5359=EDGE_LOOP('',(#2403,#2404,#2405,#2406));
#5360=EDGE_LOOP('',(#2407,#2408,#2409,#2410));
#5361=EDGE_LOOP('',(#2411,#2412,#2413,#2414));
#5362=EDGE_LOOP('',(#2415,#2416,#2417,#2418));
#5363=EDGE_LOOP('',(#2419,#2420,#2421,#2422));
#5364=EDGE_LOOP('',(#2423,#2424,#2425,#2426));
#5365=EDGE_LOOP('',(#2427,#2428,#2429,#2430));
#5366=EDGE_LOOP('',(#2431,#2432,#2433,#2434));
#5367=EDGE_LOOP('',(#2435,#2436,#2437,#2438));
#5368=EDGE_LOOP('',(#2439,#2440,#2441,#2442));
#5369=EDGE_LOOP('',(#2443,#2444,#2445,#2446));
#5370=EDGE_LOOP('',(#2447,#2448,#2449,#2450));
#5371=EDGE_LOOP('',(#2451,#2452,#2453,#2454));
#5372=EDGE_LOOP('',(#2455,#2456,#2457,#2458));
#5373=EDGE_LOOP('',(#2459,#2460,#2461,#2462));
#5374=EDGE_LOOP('',(#2463,#2464,#2465,#2466));
#5375=EDGE_LOOP('',(#2467,#2468,#2469,#2470));
#5376=EDGE_LOOP('',(#2471,#2472,#2473,#2474));
#5377=EDGE_LOOP('',(#2475,#2476,#2477,#2478));
#5378=EDGE_LOOP('',(#2479,#2480,#2481,#2482));
#5379=EDGE_LOOP('',(#2483,#2484,#2485,#2486));
#5380=EDGE_LOOP('',(#2487,#2488,#2489,#2490));
#5381=EDGE_LOOP('',(#2491,#2492,#2493,#2494));
#5382=EDGE_LOOP('',(#2495,#2496,#2497,#2498));
#5383=EDGE_LOOP('',(#2499,#2500,#2501,#2502));
#5384=EDGE_LOOP('',(#2503,#2504,#2505,#2506));
#5385=EDGE_LOOP('',(#2507,#2508,#2509,#2510));
#5386=EDGE_LOOP('',(#2511,#2512,#2513,#2514));
#5387=EDGE_LOOP('',(#2515,#2516,#2517,#2518));
#5388=EDGE_LOOP('',(#2519,#2520,#2521,#2522));
#5389=EDGE_LOOP('',(#2523,#2524,#2525,#2526));
#5390=EDGE_LOOP('',(#2527,#2528,#2529,#2530));
#5391=EDGE_LOOP('',(#2531,#2532,#2533,#2534));
#5392=EDGE_LOOP('',(#2535,#2536,#2537,#2538));
#5393=EDGE_LOOP('',(#2539,#2540,#2541,#2542));
#5394=EDGE_LOOP('',(#2543,#2544,#2545,#2546));
#5395=EDGE_LOOP('',(#2547,#2548,#2549,#2550));
#5396=EDGE_LOOP('',(#2551,#2552,#2553,#2554));
#5397=EDGE_LOOP('',(#2555,#2556,#2557,#2558));
#5398=EDGE_LOOP('',(#2559,#2560,#2561,#2562));
#5399=EDGE_LOOP('',(#2563,#2564,#2565,#2566));
#5400=EDGE_LOOP('',(#2567,#2568,#2569,#2570));
#5401=EDGE_LOOP('',(#2571,#2572,#2573,#2574));
#5402=EDGE_LOOP('',(#2575,#2576,#2577,#2578));
#5403=EDGE_LOOP('',(#2579,#2580,#2581,#2582));
#5404=EDGE_LOOP('',(#2583,#2584,#2585,#2586));
#5405=EDGE_LOOP('',(#2587,#2588,#2589,#2590));
#5406=EDGE_LOOP('',(#2591,#2592,#2593,#2594));
#5407=EDGE_LOOP('',(#2595,#2596,#2597,#2598));
#5408=EDGE_LOOP('',(#2599,#2600,#2601,#2602));
#5409=EDGE_LOOP('',(#2603,#2604,#2605,#2606));
#5410=EDGE_LOOP('',(#2607,#2608,#2609,#2610));
#5411=EDGE_LOOP('',(#2611,#2612,#2613,#2614));
#5412=EDGE_LOOP('',(#2615,#2616,#2617,#2618));
#5413=EDGE_LOOP('',(#2619,#2620,#2621,#2622));
#5414=EDGE_LOOP('',(#2623,#2624,#2625,#2626));
#5415=EDGE_LOOP('',(#2627,#2628,#2629,#2630));
#5416=EDGE_LOOP('',(#2631,#2632,#2633,#2634));
#5417=EDGE_LOOP('',(#2635,#2636,#2637,#2638));
#5418=EDGE_LOOP('',(#2639,#2640,#2641,#2642));
#5419=EDGE_LOOP('',(#2643,#2644,#2645,#2646));
#5420=EDGE_LOOP('',(#2647,#2648,#2649,#2650));
#5421=EDGE_LOOP('',(#2651,#2652,#2653,#2654));
#5422=EDGE_LOOP('',(#2655,#2656,#2657,#2658));
#5423=EDGE_LOOP('',(#2659,#2660,#2661,#2662));
#5424=EDGE_LOOP('',(#2663,#2664,#2665,#2666));
#5425=EDGE_LOOP('',(#2667,#2668,#2669,#2670));
#5426=EDGE_LOOP('',(#2671,#2672,#2673,#2674));
#5427=EDGE_LOOP('',(#2675,#2676,#2677,#2678));
#5428=EDGE_LOOP('',(#2679,#2680,#2681,#2682));
#5429=EDGE_LOOP('',(#2683,#2684,#2685,#2686));
#5430=EDGE_LOOP('',(#2687,#2688,#2689,#2690));
#5431=EDGE_LOOP('',(#2691,#2692,#2693,#2694));
#5432=EDGE_LOOP('',(#2695,#2696,#2697,#2698));
#5433=EDGE_LOOP('',(#2699,#2700,#2701,#2702));
#5434=EDGE_LOOP('',(#2703,#2704,#2705,#2706));
#5435=EDGE_LOOP('',(#2707,#2708,#2709,#2710));
#5436=EDGE_LOOP('',(#2711,#2712,#2713,#2714));
#5437=EDGE_LOOP('',(#2715,#2716,#2717,#2718));
#5438=EDGE_LOOP('',(#2719,#2720,#2721,#2722));
#5439=EDGE_LOOP('',(#2723,#2724,#2725,#2726));
#5440=EDGE_LOOP('',(#2727,#2728,#2729,#2730));
#5441=EDGE_LOOP('',(#2731,#2732,#2733,#2734));
#5442=EDGE_LOOP('',(#2735,#2736,#2737,#2738));
#5443=EDGE_LOOP('',(#2739,#2740,#2741,#2742));
#5444=EDGE_LOOP('',(#2743,#2744,#2745,#2746));
#5445=EDGE_LOOP('',(#2747,#2748,#2749,#2750));
#5446=EDGE_LOOP('',(#2751,#2752,#2753,#2754));
#5447=EDGE_LOOP('',(#2755,#2756,#2757,#2758));
#5448=EDGE_LOOP('',(#2759,#2760,#2761,#2762));
#5449=EDGE_LOOP('',(#2763,#2764,#2765,#2766));
#5450=EDGE_LOOP('',(#2767,#2768,#2769,#2770));
#5451=EDGE_LOOP('',(#2771,#2772,#2773,#2774));
#5452=EDGE_LOOP('',(#2775,#2776,#2777,#2778));
#5453=EDGE_LOOP('',(#2779,#2780,#2781,#2782));
#5454=EDGE_LOOP('',(#2783,#2784,#2785,#2786));
#5455=EDGE_LOOP('',(#2787,#2788,#2789,#2790));
#5456=EDGE_LOOP('',(#2791,#2792,#2793,#2794));
#5457=EDGE_LOOP('',(#2795,#2796,#2797,#2798));
#5458=EDGE_LOOP('',(#2799,#2800,#2801,#2802));
#5459=EDGE_LOOP('',(#2803,#2804,#2805,#2806));
#5460=EDGE_LOOP('',(#2807,#2808,#2809,#2810));
#5461=EDGE_LOOP('',(#2811,#2812,#2813,#2814));
#5462=EDGE_LOOP('',(#2815,#2816,#2817,#2818));
#5463=EDGE_LOOP('',(#2819,#2820,#2821,#2822));
#5464=EDGE_LOOP('',(#2823,#2824,#2825,#2826));
#5465=EDGE_LOOP('',(#2827,#2828,#2829,#2830));
#5466=EDGE_LOOP('',(#2831,#2832,#2833,#2834));
#5467=EDGE_LOOP('',(#2835));
#5468=EDGE_LOOP('',(#2836));
#5469=EDGE_LOOP('',(#2837));
#5470=EDGE_LOOP('',(#2838));
#5471=EDGE_LOOP('',(#2839));
#5472=EDGE_LOOP('',(#2840));
#5473=EDGE_LOOP('',(#2841));
#5474=EDGE_LOOP('',(#2842));
#5475=EDGE_LOOP('',(#2843));
#5476=EDGE_LOOP('',(#2844));
#5477=EDGE_LOOP('',(#2845));
#5478=EDGE_LOOP('',(#2846));
#5479=EDGE_LOOP('',(#2847));
#5480=EDGE_LOOP('',(#2848));
#5481=EDGE_LOOP('',(#2849));
#5482=EDGE_LOOP('',(#2850));
#5483=EDGE_LOOP('',(#2851));
#5484=EDGE_LOOP('',(#2852));
#5485=EDGE_LOOP('',(#2853));
#5486=EDGE_LOOP('',(#2854));
#5487=EDGE_LOOP('',(#2855));
#5488=EDGE_LOOP('',(#2856));
#5489=EDGE_LOOP('',(#2857));
#5490=EDGE_LOOP('',(#2858));
#5491=EDGE_LOOP('',(#2859));
#5492=EDGE_LOOP('',(#2860));
#5493=EDGE_LOOP('',(#2861));
#5494=EDGE_LOOP('',(#2862));
#5495=EDGE_LOOP('',(#2863));
#5496=EDGE_LOOP('',(#2864));
#5497=EDGE_LOOP('',(#2865));
#5498=EDGE_LOOP('',(#2866));
#5499=EDGE_LOOP('',(#2867));
#5500=EDGE_LOOP('',(#2868));
#5501=EDGE_LOOP('',(#2869));
#5502=EDGE_LOOP('',(#2870));
#5503=EDGE_LOOP('',(#2871));
#5504=EDGE_LOOP('',(#2872));
#5505=EDGE_LOOP('',(#2873));
#5506=EDGE_LOOP('',(#2874));
#5507=EDGE_LOOP('',(#2875));
#5508=EDGE_LOOP('',(#2876));
#5509=EDGE_LOOP('',(#2877));
#5510=EDGE_LOOP('',(#2878));
#5511=EDGE_LOOP('',(#2879));
#5512=EDGE_LOOP('',(#2880));
#5513=EDGE_LOOP('',(#2881));
#5514=EDGE_LOOP('',(#2882));
#5515=EDGE_LOOP('',(#2883));
#5516=EDGE_LOOP('',(#2884));
#5517=EDGE_LOOP('',(#2885));
#5518=EDGE_LOOP('',(#2886));
#5519=EDGE_LOOP('',(#2887));
#5520=EDGE_LOOP('',(#2888));
#5521=EDGE_LOOP('',(#2889));
#5522=EDGE_LOOP('',(#2890));
#5523=EDGE_LOOP('',(#2891));
#5524=EDGE_LOOP('',(#2892));
#5525=EDGE_LOOP('',(#2893));
#5526=EDGE_LOOP('',(#2894));
#5527=EDGE_LOOP('',(#2895));
#5528=EDGE_LOOP('',(#2896));
#5529=EDGE_LOOP('',(#2897));
#5530=EDGE_LOOP('',(#2898));
#5531=EDGE_LOOP('',(#2899));
#5532=EDGE_LOOP('',(#2900));
#5533=EDGE_LOOP('',(#2901));
#5534=EDGE_LOOP('',(#2902));
#5535=EDGE_LOOP('',(#2903));
#5536=EDGE_LOOP('',(#2904));
#5537=EDGE_LOOP('',(#2905));
#5538=EDGE_LOOP('',(#2906));
#5539=EDGE_LOOP('',(#2907));
#5540=EDGE_LOOP('',(#2908));
#5541=EDGE_LOOP('',(#2909));
#5542=EDGE_LOOP('',(#2910));
#5543=EDGE_LOOP('',(#2911));
#5544=EDGE_LOOP('',(#2912));
#5545=EDGE_LOOP('',(#2913));
#5546=EDGE_LOOP('',(#2914));
#5547=EDGE_LOOP('',(#2915));
#5548=EDGE_LOOP('',(#2916));
#5549=EDGE_LOOP('',(#2917));
#5550=EDGE_LOOP('',(#2918));
#5551=EDGE_LOOP('',(#2919));
#5552=EDGE_LOOP('',(#2920));
#5553=EDGE_LOOP('',(#2921));
#5554=EDGE_LOOP('',(#2922));
#5555=EDGE_LOOP('',(#2923));
#5556=EDGE_LOOP('',(#2924));
#5557=EDGE_LOOP('',(#2925));
#5558=EDGE_LOOP('',(#2926));
#5559=EDGE_LOOP('',(#2927));
#5560=EDGE_LOOP('',(#2928));
#5561=EDGE_LOOP('',(#2929));
#5562=EDGE_LOOP('',(#2930));
#5563=EDGE_LOOP('',(#2931));
#5564=EDGE_LOOP('',(#2932));
#5565=EDGE_LOOP('',(#2933));
#5566=EDGE_LOOP('',(#2934));
#5567=EDGE_LOOP('',(#2935));
#5568=EDGE_LOOP('',(#2936));
#5569=EDGE_LOOP('',(#2937));
#5570=EDGE_LOOP('',(#2938));
#5571=EDGE_LOOP('',(#2939));
#5572=EDGE_LOOP('',(#2940));
#5573=EDGE_LOOP('',(#2941));
#5574=EDGE_LOOP('',(#2942));
#5575=EDGE_LOOP('',(#2943));
#5576=EDGE_LOOP('',(#2944));
#5577=EDGE_LOOP('',(#2945));
#5578=EDGE_LOOP('',(#2946));
#5579=EDGE_LOOP('',(#2947));
#5580=EDGE_LOOP('',(#2948));
#5581=EDGE_LOOP('',(#2949));
#5582=EDGE_LOOP('',(#2950));
#5583=EDGE_LOOP('',(#2951));
#5584=EDGE_LOOP('',(#2952));
#5585=EDGE_LOOP('',(#2953));
#5586=EDGE_LOOP('',(#2954));
#5587=EDGE_LOOP('',(#2955));
#5588=EDGE_LOOP('',(#2956));
#5589=EDGE_LOOP('',(#2957));
#5590=EDGE_LOOP('',(#2958));
#5591=EDGE_LOOP('',(#2959));
#5592=EDGE_LOOP('',(#2960));
#5593=EDGE_LOOP('',(#2961));
#5594=EDGE_LOOP('',(#2962));
#5595=EDGE_LOOP('',(#2963));
#5596=EDGE_LOOP('',(#2964));
#5597=EDGE_LOOP('',(#2965));
#5598=EDGE_LOOP('',(#2966));
#5599=EDGE_LOOP('',(#2967));
#5600=EDGE_LOOP('',(#2968));
#5601=EDGE_LOOP('',(#2969));
#5602=EDGE_LOOP('',(#2970));
#5603=EDGE_LOOP('',(#2971));
#5604=EDGE_LOOP('',(#2972));
#5605=EDGE_LOOP('',(#2973));
#5606=EDGE_LOOP('',(#2974));
#5607=EDGE_LOOP('',(#2975));
#5608=EDGE_LOOP('',(#2976));
#5609=EDGE_LOOP('',(#2977));
#5610=EDGE_LOOP('',(#2978));
#5611=EDGE_LOOP('',(#2979));
#5612=EDGE_LOOP('',(#2980));
#5613=EDGE_LOOP('',(#2981));
#5614=EDGE_LOOP('',(#2982));
#5615=EDGE_LOOP('',(#2983));
#5616=EDGE_LOOP('',(#2984));
#5617=EDGE_LOOP('',(#2985));
#5618=EDGE_LOOP('',(#2986));
#5619=EDGE_LOOP('',(#2987));
#5620=EDGE_LOOP('',(#2988));
#5621=EDGE_LOOP('',(#2989));
#5622=EDGE_LOOP('',(#2990));
#5623=EDGE_LOOP('',(#2991));
#5624=EDGE_LOOP('',(#2992));
#5625=EDGE_LOOP('',(#2993));
#5626=EDGE_LOOP('',(#2994));
#5627=EDGE_LOOP('',(#2995));
#5628=EDGE_LOOP('',(#2996));
#5629=EDGE_LOOP('',(#2997));
#5630=EDGE_LOOP('',(#2998));
#5631=EDGE_LOOP('',(#2999));
#5632=EDGE_LOOP('',(#3000));
#5633=EDGE_LOOP('',(#3001));
#5634=EDGE_LOOP('',(#3002));
#5635=EDGE_LOOP('',(#3003));
#5636=EDGE_LOOP('',(#3004));
#5637=EDGE_LOOP('',(#3005));
#5638=EDGE_LOOP('',(#3006));
#5639=EDGE_LOOP('',(#3007));
#5640=EDGE_LOOP('',(#3008));
#5641=EDGE_LOOP('',(#3009));
#5642=EDGE_LOOP('',(#3010));
#5643=EDGE_LOOP('',(#3011));
#5644=EDGE_LOOP('',(#3012));
#5645=EDGE_LOOP('',(#3013));
#5646=EDGE_LOOP('',(#3014));
#5647=EDGE_LOOP('',(#3015));
#5648=EDGE_LOOP('',(#3016));
#5649=EDGE_LOOP('',(#3017));
#5650=EDGE_LOOP('',(#3018));
#5651=EDGE_LOOP('',(#3019));
#5652=EDGE_LOOP('',(#3020));
#5653=EDGE_LOOP('',(#3021));
#5654=EDGE_LOOP('',(#3022));
#5655=EDGE_LOOP('',(#3023));
#5656=EDGE_LOOP('',(#3024));
#5657=EDGE_LOOP('',(#3025));
#5658=EDGE_LOOP('',(#3026));
#5659=EDGE_LOOP('',(#3027));
#5660=EDGE_LOOP('',(#3028));
#5661=EDGE_LOOP('',(#3029));
#5662=EDGE_LOOP('',(#3030));
#5663=EDGE_LOOP('',(#3031));
#5664=EDGE_LOOP('',(#3032));
#5665=EDGE_LOOP('',(#3033));
#5666=EDGE_LOOP('',(#3034));
#5667=EDGE_LOOP('',(#3035));
#5668=EDGE_LOOP('',(#3036));
#5669=EDGE_LOOP('',(#3037));
#5670=EDGE_LOOP('',(#3038));
#5671=EDGE_LOOP('',(#3039));
#5672=EDGE_LOOP('',(#3040));
#5673=EDGE_LOOP('',(#3041));
#5674=EDGE_LOOP('',(#3042));
#5675=EDGE_LOOP('',(#3043));
#5676=EDGE_LOOP('',(#3044));
#5677=EDGE_LOOP('',(#3045));
#5678=EDGE_LOOP('',(#3046));
#5679=FACE_BOUND('',#4817,.T.);
#5680=FACE_BOUND('',#4818,.T.);
#5681=FACE_BOUND('',#4819,.T.);
#5682=FACE_BOUND('',#4820,.T.);
#5683=FACE_BOUND('',#4821,.T.);
#5684=FACE_BOUND('',#4822,.T.);
#5685=FACE_BOUND('',#4823,.T.);
#5686=FACE_BOUND('',#4824,.T.);
#5687=FACE_BOUND('',#4825,.T.);
#5688=FACE_BOUND('',#4826,.T.);
#5689=FACE_BOUND('',#4827,.T.);
#5690=FACE_BOUND('',#4828,.T.);
#5691=FACE_BOUND('',#4829,.T.);
#5692=FACE_BOUND('',#4830,.T.);
#5693=FACE_BOUND('',#4831,.T.);
#5694=FACE_BOUND('',#4832,.T.);
#5695=FACE_BOUND('',#4833,.T.);
#5696=FACE_BOUND('',#4834,.T.);
#5697=FACE_BOUND('',#4835,.T.);
#5698=FACE_BOUND('',#4836,.T.);
#5699=FACE_BOUND('',#4837,.T.);
#5700=FACE_BOUND('',#4838,.T.);
#5701=FACE_BOUND('',#4839,.T.);
#5702=FACE_BOUND('',#4840,.T.);
#5703=FACE_BOUND('',#4841,.T.);
#5704=FACE_BOUND('',#4842,.T.);
#5705=FACE_BOUND('',#4843,.T.);
#5706=FACE_BOUND('',#4844,.T.);
#5707=FACE_BOUND('',#4845,.T.);
#5708=FACE_BOUND('',#4846,.T.);
#5709=FACE_BOUND('',#4847,.T.);
#5710=FACE_BOUND('',#4848,.T.);
#5711=FACE_BOUND('',#4849,.T.);
#5712=FACE_BOUND('',#4850,.T.);
#5713=FACE_BOUND('',#4851,.T.);
#5714=FACE_BOUND('',#4852,.T.);
#5715=FACE_BOUND('',#4853,.T.);
#5716=FACE_BOUND('',#4854,.T.);
#5717=FACE_BOUND('',#4855,.T.);
#5718=FACE_BOUND('',#4856,.T.);
#5719=FACE_BOUND('',#4857,.T.);
#5720=FACE_BOUND('',#4858,.T.);
#5721=FACE_BOUND('',#4859,.T.);
#5722=FACE_BOUND('',#4860,.T.);
#5723=FACE_BOUND('',#4861,.T.);
#5724=FACE_BOUND('',#4862,.T.);
#5725=FACE_BOUND('',#4863,.T.);
#5726=FACE_BOUND('',#4864,.T.);
#5727=FACE_BOUND('',#4865,.T.);
#5728=FACE_BOUND('',#4866,.T.);
#5729=FACE_BOUND('',#4867,.T.);
#5730=FACE_BOUND('',#4868,.T.);
#5731=FACE_BOUND('',#4869,.T.);
#5732=FACE_BOUND('',#4870,.T.);
#5733=FACE_BOUND('',#4871,.T.);
#5734=FACE_BOUND('',#4872,.T.);
#5735=FACE_BOUND('',#4873,.T.);
#5736=FACE_BOUND('',#4874,.T.);
#5737=FACE_BOUND('',#4875,.T.);
#5738=FACE_BOUND('',#4876,.T.);
#5739=FACE_BOUND('',#4877,.T.);
#5740=FACE_BOUND('',#4878,.T.);
#5741=FACE_BOUND('',#4879,.T.);
#5742=FACE_BOUND('',#4880,.T.);
#5743=FACE_BOUND('',#4881,.T.);
#5744=FACE_BOUND('',#4882,.T.);
#5745=FACE_BOUND('',#4883,.T.);
#5746=FACE_BOUND('',#4884,.T.);
#5747=FACE_BOUND('',#4885,.T.);
#5748=FACE_BOUND('',#4886,.T.);
#5749=FACE_BOUND('',#4887,.T.);
#5750=FACE_BOUND('',#4888,.T.);
#5751=FACE_BOUND('',#4889,.T.);
#5752=FACE_BOUND('',#4890,.T.);
#5753=FACE_BOUND('',#4891,.T.);
#5754=FACE_BOUND('',#4892,.T.);
#5755=FACE_BOUND('',#4893,.T.);
#5756=FACE_BOUND('',#4894,.T.);
#5757=FACE_BOUND('',#4895,.T.);
#5758=FACE_BOUND('',#4896,.T.);
#5759=FACE_BOUND('',#4897,.T.);
#5760=FACE_BOUND('',#4898,.T.);
#5761=FACE_BOUND('',#4899,.T.);
#5762=FACE_BOUND('',#4900,.T.);
#5763=FACE_BOUND('',#4901,.T.);
#5764=FACE_BOUND('',#4902,.T.);
#5765=FACE_BOUND('',#4903,.T.);
#5766=FACE_BOUND('',#4904,.T.);
#5767=FACE_BOUND('',#4905,.T.);
#5768=FACE_BOUND('',#4906,.T.);
#5769=FACE_BOUND('',#4907,.T.);
#5770=FACE_BOUND('',#4908,.T.);
#5771=FACE_BOUND('',#4909,.T.);
#5772=FACE_BOUND('',#4910,.T.);
#5773=FACE_BOUND('',#4911,.T.);
#5774=FACE_BOUND('',#4912,.T.);
#5775=FACE_BOUND('',#4913,.T.);
#5776=FACE_BOUND('',#4914,.T.);
#5777=FACE_BOUND('',#4915,.T.);
#5778=FACE_BOUND('',#4916,.T.);
#5779=FACE_BOUND('',#4917,.T.);
#5780=FACE_BOUND('',#4918,.T.);
#5781=FACE_BOUND('',#4919,.T.);
#5782=FACE_BOUND('',#4920,.T.);
#5783=FACE_BOUND('',#4921,.T.);
#5784=FACE_BOUND('',#4922,.T.);
#5785=FACE_BOUND('',#4923,.T.);
#5786=FACE_BOUND('',#4924,.T.);
#5787=FACE_BOUND('',#4925,.T.);
#5788=FACE_BOUND('',#4926,.T.);
#5789=FACE_BOUND('',#4927,.T.);
#5790=FACE_BOUND('',#4928,.T.);
#5791=FACE_BOUND('',#4929,.T.);
#5792=FACE_BOUND('',#4930,.T.);
#5793=FACE_BOUND('',#4931,.T.);
#5794=FACE_BOUND('',#4932,.T.);
#5795=FACE_BOUND('',#4933,.T.);
#5796=FACE_BOUND('',#4934,.T.);
#5797=FACE_BOUND('',#4935,.T.);
#5798=FACE_BOUND('',#4936,.T.);
#5799=FACE_BOUND('',#4937,.T.);
#5800=FACE_BOUND('',#4938,.T.);
#5801=FACE_BOUND('',#4939,.T.);
#5802=FACE_BOUND('',#4940,.T.);
#5803=FACE_BOUND('',#4941,.T.);
#5804=FACE_BOUND('',#4942,.T.);
#5805=FACE_BOUND('',#4943,.T.);
#5806=FACE_BOUND('',#4944,.T.);
#5807=FACE_BOUND('',#4945,.T.);
#5808=FACE_BOUND('',#4946,.T.);
#5809=FACE_BOUND('',#4947,.T.);
#5810=FACE_BOUND('',#4948,.T.);
#5811=FACE_BOUND('',#4949,.T.);
#5812=FACE_BOUND('',#4950,.T.);
#5813=FACE_BOUND('',#4951,.T.);
#5814=FACE_BOUND('',#4952,.T.);
#5815=FACE_BOUND('',#4953,.T.);
#5816=FACE_BOUND('',#4954,.T.);
#5817=FACE_BOUND('',#4955,.T.);
#5818=FACE_BOUND('',#4956,.T.);
#5819=FACE_BOUND('',#4957,.T.);
#5820=FACE_BOUND('',#4958,.T.);
#5821=FACE_BOUND('',#4959,.T.);
#5822=FACE_BOUND('',#4960,.T.);
#5823=FACE_BOUND('',#4961,.T.);
#5824=FACE_BOUND('',#4962,.T.);
#5825=FACE_BOUND('',#4963,.T.);
#5826=FACE_BOUND('',#4964,.T.);
#5827=FACE_BOUND('',#4965,.T.);
#5828=FACE_BOUND('',#4966,.T.);
#5829=FACE_BOUND('',#4967,.T.);
#5830=FACE_BOUND('',#4968,.T.);
#5831=FACE_BOUND('',#4969,.T.);
#5832=FACE_BOUND('',#4970,.T.);
#5833=FACE_BOUND('',#4971,.T.);
#5834=FACE_BOUND('',#4972,.T.);
#5835=FACE_BOUND('',#4973,.T.);
#5836=FACE_BOUND('',#4974,.T.);
#5837=FACE_BOUND('',#4975,.T.);
#5838=FACE_BOUND('',#4976,.T.);
#5839=FACE_BOUND('',#4977,.T.);
#5840=FACE_BOUND('',#4978,.T.);
#5841=FACE_BOUND('',#4979,.T.);
#5842=FACE_BOUND('',#4980,.T.);
#5843=FACE_BOUND('',#4981,.T.);
#5844=FACE_BOUND('',#4982,.T.);
#5845=FACE_BOUND('',#4983,.T.);
#5846=FACE_BOUND('',#4984,.T.);
#5847=FACE_BOUND('',#4985,.T.);
#5848=FACE_BOUND('',#4986,.T.);
#5849=FACE_BOUND('',#4987,.T.);
#5850=FACE_BOUND('',#4988,.T.);
#5851=FACE_BOUND('',#4989,.T.);
#5852=FACE_BOUND('',#4990,.T.);
#5853=FACE_BOUND('',#4991,.T.);
#5854=FACE_BOUND('',#4992,.T.);
#5855=FACE_BOUND('',#4993,.T.);
#5856=FACE_BOUND('',#4994,.T.);
#5857=FACE_BOUND('',#4995,.T.);
#5858=FACE_BOUND('',#4996,.T.);
#5859=FACE_BOUND('',#4997,.T.);
#5860=FACE_BOUND('',#4998,.T.);
#5861=FACE_BOUND('',#4999,.T.);
#5862=FACE_BOUND('',#5000,.T.);
#5863=FACE_BOUND('',#5001,.T.);
#5864=FACE_BOUND('',#5002,.T.);
#5865=FACE_BOUND('',#5003,.T.);
#5866=FACE_BOUND('',#5004,.T.);
#5867=FACE_BOUND('',#5005,.T.);
#5868=FACE_BOUND('',#5006,.T.);
#5869=FACE_BOUND('',#5007,.T.);
#5870=FACE_BOUND('',#5008,.T.);
#5871=FACE_BOUND('',#5009,.T.);
#5872=FACE_BOUND('',#5010,.T.);
#5873=FACE_BOUND('',#5011,.T.);
#5874=FACE_BOUND('',#5012,.T.);
#5875=FACE_BOUND('',#5013,.T.);
#5876=FACE_BOUND('',#5014,.T.);
#5877=FACE_BOUND('',#5015,.T.);
#5878=FACE_BOUND('',#5016,.T.);
#5879=FACE_BOUND('',#5017,.T.);
#5880=FACE_BOUND('',#5018,.T.);
#5881=FACE_BOUND('',#5019,.T.);
#5882=FACE_BOUND('',#5020,.T.);
#5883=FACE_BOUND('',#5021,.T.);
#5884=FACE_BOUND('',#5022,.T.);
#5885=FACE_BOUND('',#5023,.T.);
#5886=FACE_BOUND('',#5024,.T.);
#5887=FACE_BOUND('',#5025,.T.);
#5888=FACE_BOUND('',#5026,.T.);
#5889=FACE_BOUND('',#5027,.T.);
#5890=FACE_BOUND('',#5028,.T.);
#5891=FACE_BOUND('',#5029,.T.);
#5892=FACE_BOUND('',#5030,.T.);
#5893=FACE_BOUND('',#5031,.T.);
#5894=FACE_BOUND('',#5032,.T.);
#5895=FACE_BOUND('',#5033,.T.);
#5896=FACE_BOUND('',#5034,.T.);
#5897=FACE_BOUND('',#5035,.T.);
#5898=FACE_BOUND('',#5036,.T.);
#5899=FACE_BOUND('',#5037,.T.);
#5900=FACE_BOUND('',#5038,.T.);
#5901=FACE_BOUND('',#5039,.T.);
#5902=FACE_BOUND('',#5040,.T.);
#5903=FACE_BOUND('',#5041,.T.);
#5904=FACE_BOUND('',#5042,.T.);
#5905=FACE_BOUND('',#5043,.T.);
#5906=FACE_BOUND('',#5044,.T.);
#5907=FACE_BOUND('',#5045,.T.);
#5908=FACE_BOUND('',#5046,.T.);
#5909=FACE_BOUND('',#5047,.T.);
#5910=FACE_BOUND('',#5048,.T.);
#5911=FACE_BOUND('',#5049,.T.);
#5912=FACE_BOUND('',#5050,.T.);
#5913=FACE_BOUND('',#5051,.T.);
#5914=FACE_BOUND('',#5052,.T.);
#5915=FACE_BOUND('',#5053,.T.);
#5916=FACE_BOUND('',#5054,.T.);
#5917=FACE_BOUND('',#5055,.T.);
#5918=FACE_BOUND('',#5056,.T.);
#5919=FACE_BOUND('',#5057,.T.);
#5920=FACE_BOUND('',#5058,.T.);
#5921=FACE_BOUND('',#5059,.T.);
#5922=FACE_BOUND('',#5060,.T.);
#5923=FACE_BOUND('',#5061,.T.);
#5924=FACE_BOUND('',#5062,.T.);
#5925=FACE_BOUND('',#5063,.T.);
#5926=FACE_BOUND('',#5064,.T.);
#5927=FACE_BOUND('',#5065,.T.);
#5928=FACE_BOUND('',#5066,.T.);
#5929=FACE_BOUND('',#5067,.T.);
#5930=FACE_BOUND('',#5068,.T.);
#5931=FACE_BOUND('',#5069,.T.);
#5932=FACE_BOUND('',#5070,.T.);
#5933=FACE_BOUND('',#5071,.T.);
#5934=FACE_BOUND('',#5072,.T.);
#5935=FACE_BOUND('',#5073,.T.);
#5936=FACE_BOUND('',#5074,.T.);
#5937=FACE_BOUND('',#5075,.T.);
#5938=FACE_BOUND('',#5076,.T.);
#5939=FACE_BOUND('',#5077,.T.);
#5940=FACE_BOUND('',#5078,.T.);
#5941=FACE_BOUND('',#5079,.T.);
#5942=FACE_BOUND('',#5080,.T.);
#5943=FACE_BOUND('',#5081,.T.);
#5944=FACE_BOUND('',#5082,.T.);
#5945=FACE_BOUND('',#5083,.T.);
#5946=FACE_BOUND('',#5084,.T.);
#5947=FACE_BOUND('',#5085,.T.);
#5948=FACE_BOUND('',#5086,.T.);
#5949=FACE_BOUND('',#5087,.T.);
#5950=FACE_BOUND('',#5088,.T.);
#5951=FACE_BOUND('',#5089,.T.);
#5952=FACE_BOUND('',#5090,.T.);
#5953=FACE_BOUND('',#5091,.T.);
#5954=FACE_BOUND('',#5092,.T.);
#5955=FACE_BOUND('',#5093,.T.);
#5956=FACE_BOUND('',#5094,.T.);
#5957=FACE_BOUND('',#5095,.T.);
#5958=FACE_BOUND('',#5096,.T.);
#5959=FACE_BOUND('',#5097,.T.);
#5960=FACE_BOUND('',#5098,.T.);
#5961=FACE_BOUND('',#5099,.T.);
#5962=FACE_BOUND('',#5100,.T.);
#5963=FACE_BOUND('',#5101,.T.);
#5964=FACE_BOUND('',#5102,.T.);
#5965=FACE_BOUND('',#5103,.T.);
#5966=FACE_BOUND('',#5104,.T.);
#5967=FACE_BOUND('',#5105,.T.);
#5968=FACE_BOUND('',#5106,.T.);
#5969=FACE_BOUND('',#5107,.T.);
#5970=FACE_BOUND('',#5108,.T.);
#5971=FACE_BOUND('',#5109,.T.);
#5972=FACE_BOUND('',#5110,.T.);
#5973=FACE_BOUND('',#5111,.T.);
#5974=FACE_BOUND('',#5112,.T.);
#5975=FACE_BOUND('',#5113,.T.);
#5976=FACE_BOUND('',#5114,.T.);
#5977=FACE_BOUND('',#5115,.T.);
#5978=FACE_BOUND('',#5116,.T.);
#5979=FACE_BOUND('',#5117,.T.);
#5980=FACE_BOUND('',#5118,.T.);
#5981=FACE_BOUND('',#5119,.T.);
#5982=FACE_BOUND('',#5120,.T.);
#5983=FACE_BOUND('',#5121,.T.);
#5984=FACE_BOUND('',#5122,.T.);
#5985=FACE_BOUND('',#5123,.T.);
#5986=FACE_BOUND('',#5124,.T.);
#5987=FACE_BOUND('',#5125,.T.);
#5988=FACE_BOUND('',#5126,.T.);
#5989=FACE_BOUND('',#5127,.T.);
#5990=FACE_BOUND('',#5128,.T.);
#5991=FACE_BOUND('',#5129,.T.);
#5992=FACE_BOUND('',#5130,.T.);
#5993=FACE_BOUND('',#5131,.T.);
#5994=FACE_BOUND('',#5132,.T.);
#5995=FACE_BOUND('',#5133,.T.);
#5996=FACE_BOUND('',#5134,.T.);
#5997=FACE_BOUND('',#5135,.T.);
#5998=FACE_BOUND('',#5136,.T.);
#5999=FACE_BOUND('',#5137,.T.);
#6000=FACE_BOUND('',#5138,.T.);
#6001=FACE_BOUND('',#5139,.T.);
#6002=FACE_BOUND('',#5140,.T.);
#6003=FACE_BOUND('',#5141,.T.);
#6004=FACE_BOUND('',#5142,.T.);
#6005=FACE_BOUND('',#5143,.T.);
#6006=FACE_BOUND('',#5144,.T.);
#6007=FACE_BOUND('',#5145,.T.);
#6008=FACE_BOUND('',#5146,.T.);
#6009=FACE_BOUND('',#5147,.T.);
#6010=FACE_BOUND('',#5148,.T.);
#6011=FACE_BOUND('',#5149,.T.);
#6012=FACE_BOUND('',#5150,.T.);
#6013=FACE_BOUND('',#5151,.T.);
#6014=FACE_BOUND('',#5152,.T.);
#6015=FACE_BOUND('',#5153,.T.);
#6016=FACE_BOUND('',#5154,.T.);
#6017=FACE_BOUND('',#5155,.T.);
#6018=FACE_BOUND('',#5156,.T.);
#6019=FACE_BOUND('',#5157,.T.);
#6020=FACE_BOUND('',#5158,.T.);
#6021=FACE_BOUND('',#5159,.T.);
#6022=FACE_BOUND('',#5160,.T.);
#6023=FACE_BOUND('',#5161,.T.);
#6024=FACE_BOUND('',#5162,.T.);
#6025=FACE_BOUND('',#5163,.T.);
#6026=FACE_BOUND('',#5164,.T.);
#6027=FACE_BOUND('',#5165,.T.);
#6028=FACE_BOUND('',#5166,.T.);
#6029=FACE_BOUND('',#5167,.T.);
#6030=FACE_BOUND('',#5168,.T.);
#6031=FACE_BOUND('',#5169,.T.);
#6032=FACE_BOUND('',#5170,.T.);
#6033=FACE_BOUND('',#5171,.T.);
#6034=FACE_BOUND('',#5172,.T.);
#6035=FACE_BOUND('',#5173,.T.);
#6036=FACE_BOUND('',#5174,.T.);
#6037=FACE_BOUND('',#5175,.T.);
#6038=FACE_BOUND('',#5176,.T.);
#6039=FACE_BOUND('',#5177,.T.);
#6040=FACE_BOUND('',#5178,.T.);
#6041=FACE_BOUND('',#5179,.T.);
#6042=FACE_BOUND('',#5180,.T.);
#6043=FACE_BOUND('',#5181,.T.);
#6044=FACE_BOUND('',#5182,.T.);
#6045=FACE_BOUND('',#5183,.T.);
#6046=FACE_BOUND('',#5184,.T.);
#6047=FACE_BOUND('',#5185,.T.);
#6048=FACE_BOUND('',#5186,.T.);
#6049=FACE_BOUND('',#5187,.T.);
#6050=FACE_BOUND('',#5188,.T.);
#6051=FACE_BOUND('',#5189,.T.);
#6052=FACE_BOUND('',#5190,.T.);
#6053=FACE_BOUND('',#5191,.T.);
#6054=FACE_BOUND('',#5192,.T.);
#6055=FACE_BOUND('',#5193,.T.);
#6056=FACE_BOUND('',#5194,.T.);
#6057=FACE_BOUND('',#5195,.T.);
#6058=FACE_BOUND('',#5196,.T.);
#6059=FACE_BOUND('',#5197,.T.);
#6060=FACE_BOUND('',#5198,.T.);
#6061=FACE_BOUND('',#5199,.T.);
#6062=FACE_BOUND('',#5200,.T.);
#6063=FACE_BOUND('',#5201,.T.);
#6064=FACE_BOUND('',#5202,.T.);
#6065=FACE_BOUND('',#5203,.T.);
#6066=FACE_BOUND('',#5204,.T.);
#6067=FACE_BOUND('',#5205,.T.);
#6068=FACE_BOUND('',#5206,.T.);
#6069=FACE_BOUND('',#5207,.T.);
#6070=FACE_BOUND('',#5208,.T.);
#6071=FACE_BOUND('',#5209,.T.);
#6072=FACE_BOUND('',#5210,.T.);
#6073=FACE_BOUND('',#5211,.T.);
#6074=FACE_BOUND('',#5212,.T.);
#6075=FACE_BOUND('',#5213,.T.);
#6076=FACE_BOUND('',#5214,.T.);
#6077=FACE_BOUND('',#5215,.T.);
#6078=FACE_BOUND('',#5216,.T.);
#6079=FACE_BOUND('',#5217,.T.);
#6080=FACE_BOUND('',#5218,.T.);
#6081=FACE_BOUND('',#5219,.T.);
#6082=FACE_BOUND('',#5220,.T.);
#6083=FACE_BOUND('',#5221,.T.);
#6084=FACE_BOUND('',#5222,.T.);
#6085=FACE_BOUND('',#5223,.T.);
#6086=FACE_BOUND('',#5224,.T.);
#6087=FACE_BOUND('',#5225,.T.);
#6088=FACE_BOUND('',#5226,.T.);
#6089=FACE_BOUND('',#5227,.T.);
#6090=FACE_BOUND('',#5228,.T.);
#6091=FACE_BOUND('',#5229,.T.);
#6092=FACE_BOUND('',#5230,.T.);
#6093=FACE_BOUND('',#5231,.T.);
#6094=FACE_BOUND('',#5232,.T.);
#6095=FACE_BOUND('',#5233,.T.);
#6096=FACE_BOUND('',#5234,.T.);
#6097=FACE_BOUND('',#5235,.T.);
#6098=FACE_BOUND('',#5236,.T.);
#6099=FACE_BOUND('',#5237,.T.);
#6100=FACE_BOUND('',#5238,.T.);
#6101=FACE_BOUND('',#5239,.T.);
#6102=FACE_BOUND('',#5240,.T.);
#6103=FACE_BOUND('',#5241,.T.);
#6104=FACE_BOUND('',#5242,.T.);
#6105=FACE_BOUND('',#5243,.T.);
#6106=FACE_BOUND('',#5244,.T.);
#6107=FACE_BOUND('',#5245,.T.);
#6108=FACE_BOUND('',#5246,.T.);
#6109=FACE_BOUND('',#5247,.T.);
#6110=FACE_BOUND('',#5248,.T.);
#6111=FACE_BOUND('',#5249,.T.);
#6112=FACE_BOUND('',#5250,.T.);
#6113=FACE_BOUND('',#5251,.T.);
#6114=FACE_BOUND('',#5252,.T.);
#6115=FACE_BOUND('',#5253,.T.);
#6116=FACE_BOUND('',#5254,.T.);
#6117=FACE_BOUND('',#5255,.T.);
#6118=FACE_BOUND('',#5256,.T.);
#6119=FACE_BOUND('',#5257,.T.);
#6120=FACE_BOUND('',#5258,.T.);
#6121=FACE_BOUND('',#5259,.T.);
#6122=FACE_BOUND('',#5260,.T.);
#6123=FACE_BOUND('',#5261,.T.);
#6124=FACE_BOUND('',#5262,.T.);
#6125=FACE_BOUND('',#5263,.T.);
#6126=FACE_BOUND('',#5264,.T.);
#6127=FACE_BOUND('',#5265,.T.);
#6128=FACE_BOUND('',#5266,.T.);
#6129=FACE_BOUND('',#5267,.T.);
#6130=FACE_BOUND('',#5268,.T.);
#6131=FACE_BOUND('',#5269,.T.);
#6132=FACE_BOUND('',#5270,.T.);
#6133=FACE_BOUND('',#5271,.T.);
#6134=FACE_BOUND('',#5272,.T.);
#6135=FACE_BOUND('',#5273,.T.);
#6136=FACE_BOUND('',#5274,.T.);
#6137=FACE_BOUND('',#5275,.T.);
#6138=FACE_BOUND('',#5276,.T.);
#6139=FACE_BOUND('',#5277,.T.);
#6140=FACE_BOUND('',#5278,.T.);
#6141=FACE_BOUND('',#5279,.T.);
#6142=FACE_BOUND('',#5280,.T.);
#6143=FACE_BOUND('',#5281,.T.);
#6144=FACE_BOUND('',#5282,.T.);
#6145=FACE_BOUND('',#5283,.T.);
#6146=FACE_BOUND('',#5284,.T.);
#6147=FACE_BOUND('',#5285,.T.);
#6148=FACE_BOUND('',#5286,.T.);
#6149=FACE_BOUND('',#5287,.T.);
#6150=FACE_BOUND('',#5288,.T.);
#6151=FACE_BOUND('',#5289,.T.);
#6152=FACE_BOUND('',#5290,.T.);
#6153=FACE_BOUND('',#5291,.T.);
#6154=FACE_BOUND('',#5292,.T.);
#6155=FACE_BOUND('',#5293,.T.);
#6156=FACE_BOUND('',#5294,.T.);
#6157=FACE_BOUND('',#5295,.T.);
#6158=FACE_BOUND('',#5296,.T.);
#6159=FACE_BOUND('',#5297,.T.);
#6160=FACE_BOUND('',#5298,.T.);
#6161=FACE_BOUND('',#5299,.T.);
#6162=FACE_BOUND('',#5300,.T.);
#6163=FACE_BOUND('',#5301,.T.);
#6164=FACE_BOUND('',#5302,.T.);
#6165=FACE_BOUND('',#5303,.T.);
#6166=FACE_BOUND('',#5304,.T.);
#6167=FACE_BOUND('',#5305,.T.);
#6168=FACE_BOUND('',#5306,.T.);
#6169=FACE_BOUND('',#5307,.T.);
#6170=FACE_BOUND('',#5308,.T.);
#6171=FACE_BOUND('',#5309,.T.);
#6172=FACE_BOUND('',#5310,.T.);
#6173=FACE_BOUND('',#5311,.T.);
#6174=FACE_BOUND('',#5312,.T.);
#6175=FACE_BOUND('',#5313,.T.);
#6176=FACE_BOUND('',#5314,.T.);
#6177=FACE_BOUND('',#5315,.T.);
#6178=FACE_BOUND('',#5316,.T.);
#6179=FACE_BOUND('',#5317,.T.);
#6180=FACE_BOUND('',#5318,.T.);
#6181=FACE_BOUND('',#5319,.T.);
#6182=FACE_BOUND('',#5320,.T.);
#6183=FACE_BOUND('',#5321,.T.);
#6184=FACE_BOUND('',#5322,.T.);
#6185=FACE_BOUND('',#5323,.T.);
#6186=FACE_BOUND('',#5324,.T.);
#6187=FACE_BOUND('',#5325,.T.);
#6188=FACE_BOUND('',#5326,.T.);
#6189=FACE_BOUND('',#5327,.T.);
#6190=FACE_BOUND('',#5328,.T.);
#6191=FACE_BOUND('',#5329,.T.);
#6192=FACE_BOUND('',#5330,.T.);
#6193=FACE_BOUND('',#5331,.T.);
#6194=FACE_BOUND('',#5332,.T.);
#6195=FACE_BOUND('',#5333,.T.);
#6196=FACE_BOUND('',#5334,.T.);
#6197=FACE_BOUND('',#5335,.T.);
#6198=FACE_BOUND('',#5336,.T.);
#6199=FACE_BOUND('',#5337,.T.);
#6200=FACE_BOUND('',#5338,.T.);
#6201=FACE_BOUND('',#5339,.T.);
#6202=FACE_BOUND('',#5340,.T.);
#6203=FACE_BOUND('',#5341,.T.);
#6204=FACE_BOUND('',#5342,.T.);
#6205=FACE_BOUND('',#5343,.T.);
#6206=FACE_BOUND('',#5344,.T.);
#6207=FACE_BOUND('',#5345,.T.);
#6208=FACE_BOUND('',#5346,.T.);
#6209=FACE_BOUND('',#5347,.T.);
#6210=FACE_BOUND('',#5348,.T.);
#6211=FACE_BOUND('',#5349,.T.);
#6212=FACE_BOUND('',#5350,.T.);
#6213=FACE_BOUND('',#5351,.T.);
#6214=FACE_BOUND('',#5352,.T.);
#6215=FACE_BOUND('',#5353,.T.);
#6216=FACE_BOUND('',#5354,.T.);
#6217=FACE_BOUND('',#5355,.T.);
#6218=FACE_BOUND('',#5356,.T.);
#6219=FACE_BOUND('',#5357,.T.);
#6220=FACE_BOUND('',#5358,.T.);
#6221=FACE_BOUND('',#5359,.T.);
#6222=FACE_BOUND('',#5360,.T.);
#6223=FACE_BOUND('',#5361,.T.);
#6224=FACE_BOUND('',#5362,.T.);
#6225=FACE_BOUND('',#5363,.T.);
#6226=FACE_BOUND('',#5364,.T.);
#6227=FACE_BOUND('',#5365,.T.);
#6228=FACE_BOUND('',#5366,.T.);
#6229=FACE_BOUND('',#5367,.T.);
#6230=FACE_BOUND('',#5368,.T.);
#6231=FACE_BOUND('',#5369,.T.);
#6232=FACE_BOUND('',#5370,.T.);
#6233=FACE_BOUND('',#5371,.T.);
#6234=FACE_BOUND('',#5372,.T.);
#6235=FACE_BOUND('',#5373,.T.);
#6236=FACE_BOUND('',#5374,.T.);
#6237=FACE_BOUND('',#5375,.T.);
#6238=FACE_BOUND('',#5376,.T.);
#6239=FACE_BOUND('',#5377,.T.);
#6240=FACE_BOUND('',#5378,.T.);
#6241=FACE_BOUND('',#5379,.T.);
#6242=FACE_BOUND('',#5380,.T.);
#6243=FACE_BOUND('',#5381,.T.);
#6244=FACE_BOUND('',#5382,.T.);
#6245=FACE_BOUND('',#5383,.T.);
#6246=FACE_BOUND('',#5384,.T.);
#6247=FACE_BOUND('',#5385,.T.);
#6248=FACE_BOUND('',#5386,.T.);
#6249=FACE_BOUND('',#5387,.T.);
#6250=FACE_BOUND('',#5388,.T.);
#6251=FACE_BOUND('',#5389,.T.);
#6252=FACE_BOUND('',#5390,.T.);
#6253=FACE_BOUND('',#5391,.T.);
#6254=FACE_BOUND('',#5392,.T.);
#6255=FACE_BOUND('',#5393,.T.);
#6256=FACE_BOUND('',#5394,.T.);
#6257=FACE_BOUND('',#5395,.T.);
#6258=FACE_BOUND('',#5396,.T.);
#6259=FACE_BOUND('',#5397,.T.);
#6260=FACE_BOUND('',#5398,.T.);
#6261=FACE_BOUND('',#5399,.T.);
#6262=FACE_BOUND('',#5400,.T.);
#6263=FACE_BOUND('',#5401,.T.);
#6264=FACE_BOUND('',#5402,.T.);
#6265=FACE_BOUND('',#5403,.T.);
#6266=FACE_BOUND('',#5404,.T.);
#6267=FACE_BOUND('',#5405,.T.);
#6268=FACE_BOUND('',#5406,.T.);
#6269=FACE_BOUND('',#5407,.T.);
#6270=FACE_BOUND('',#5408,.T.);
#6271=FACE_BOUND('',#5409,.T.);
#6272=FACE_BOUND('',#5410,.T.);
#6273=FACE_BOUND('',#5411,.T.);
#6274=FACE_BOUND('',#5412,.T.);
#6275=FACE_BOUND('',#5413,.T.);
#6276=FACE_BOUND('',#5414,.T.);
#6277=FACE_BOUND('',#5415,.T.);
#6278=FACE_BOUND('',#5416,.T.);
#6279=FACE_BOUND('',#5417,.T.);
#6280=FACE_BOUND('',#5418,.T.);
#6281=FACE_BOUND('',#5419,.T.);
#6282=FACE_BOUND('',#5420,.T.);
#6283=FACE_BOUND('',#5421,.T.);
#6284=FACE_BOUND('',#5422,.T.);
#6285=FACE_BOUND('',#5423,.T.);
#6286=FACE_BOUND('',#5424,.T.);
#6287=FACE_BOUND('',#5425,.T.);
#6288=FACE_BOUND('',#5426,.T.);
#6289=FACE_BOUND('',#5427,.T.);
#6290=FACE_BOUND('',#5428,.T.);
#6291=FACE_BOUND('',#5429,.T.);
#6292=FACE_BOUND('',#5430,.T.);
#6293=FACE_BOUND('',#5431,.T.);
#6294=FACE_BOUND('',#5432,.T.);
#6295=FACE_BOUND('',#5433,.T.);
#6296=FACE_BOUND('',#5434,.T.);
#6297=FACE_BOUND('',#5435,.T.);
#6298=FACE_BOUND('',#5436,.T.);
#6299=FACE_BOUND('',#5437,.T.);
#6300=FACE_BOUND('',#5438,.T.);
#6301=FACE_BOUND('',#5439,.T.);
#6302=FACE_BOUND('',#5440,.T.);
#6303=FACE_BOUND('',#5441,.T.);
#6304=FACE_BOUND('',#5442,.T.);
#6305=FACE_BOUND('',#5443,.T.);
#6306=FACE_BOUND('',#5444,.T.);
#6307=FACE_BOUND('',#5445,.T.);
#6308=FACE_BOUND('',#5446,.T.);
#6309=FACE_BOUND('',#5447,.T.);
#6310=FACE_BOUND('',#5448,.T.);
#6311=FACE_BOUND('',#5449,.T.);
#6312=FACE_BOUND('',#5450,.T.);
#6313=FACE_BOUND('',#5451,.T.);
#6314=FACE_BOUND('',#5452,.T.);
#6315=FACE_BOUND('',#5453,.T.);
#6316=FACE_BOUND('',#5454,.T.);
#6317=FACE_BOUND('',#5455,.T.);
#6318=FACE_BOUND('',#5456,.T.);
#6319=FACE_BOUND('',#5457,.T.);
#6320=FACE_BOUND('',#5458,.T.);
#6321=FACE_BOUND('',#5459,.T.);
#6322=FACE_BOUND('',#5460,.T.);
#6323=FACE_BOUND('',#5461,.T.);
#6324=FACE_BOUND('',#5462,.T.);
#6325=FACE_BOUND('',#5463,.T.);
#6326=FACE_BOUND('',#5464,.T.);
#6327=FACE_BOUND('',#5465,.T.);
#6328=FACE_BOUND('',#5466,.T.);
#6329=FACE_BOUND('',#5467,.T.);
#6330=FACE_BOUND('',#5468,.T.);
#6331=FACE_BOUND('',#5469,.T.);
#6332=FACE_BOUND('',#5470,.T.);
#6333=FACE_BOUND('',#5471,.T.);
#6334=FACE_BOUND('',#5472,.T.);
#6335=FACE_BOUND('',#5473,.T.);
#6336=FACE_BOUND('',#5474,.T.);
#6337=FACE_BOUND('',#5475,.T.);
#6338=FACE_BOUND('',#5476,.T.);
#6339=FACE_BOUND('',#5477,.T.);
#6340=FACE_BOUND('',#5478,.T.);
#6341=FACE_BOUND('',#5479,.T.);
#6342=FACE_BOUND('',#5480,.T.);
#6343=FACE_BOUND('',#5481,.T.);
#6344=FACE_BOUND('',#5482,.T.);
#6345=FACE_BOUND('',#5483,.T.);
#6346=FACE_BOUND('',#5484,.T.);
#6347=FACE_BOUND('',#5485,.T.);
#6348=FACE_BOUND('',#5486,.T.);
#6349=FACE_BOUND('',#5487,.T.);
#6350=FACE_BOUND('',#5488,.T.);
#6351=FACE_BOUND('',#5489,.T.);
#6352=FACE_BOUND('',#5490,.T.);
#6353=FACE_BOUND('',#5491,.T.);
#6354=FACE_BOUND('',#5492,.T.);
#6355=FACE_BOUND('',#5493,.T.);
#6356=FACE_BOUND('',#5494,.T.);
#6357=FACE_BOUND('',#5495,.T.);
#6358=FACE_BOUND('',#5496,.T.);
#6359=FACE_BOUND('',#5497,.T.);
#6360=FACE_BOUND('',#5498,.T.);
#6361=FACE_BOUND('',#5499,.T.);
#6362=FACE_BOUND('',#5500,.T.);
#6363=FACE_BOUND('',#5501,.T.);
#6364=FACE_BOUND('',#5502,.T.);
#6365=FACE_BOUND('',#5503,.T.);
#6366=FACE_BOUND('',#5504,.T.);
#6367=FACE_BOUND('',#5505,.T.);
#6368=FACE_BOUND('',#5506,.T.);
#6369=FACE_BOUND('',#5507,.T.);
#6370=FACE_BOUND('',#5508,.T.);
#6371=FACE_BOUND('',#5509,.T.);
#6372=FACE_BOUND('',#5510,.T.);
#6373=FACE_BOUND('',#5511,.T.);
#6374=FACE_BOUND('',#5512,.T.);
#6375=FACE_BOUND('',#5513,.T.);
#6376=FACE_BOUND('',#5514,.T.);
#6377=FACE_BOUND('',#5515,.T.);
#6378=FACE_BOUND('',#5516,.T.);
#6379=FACE_BOUND('',#5517,.T.);
#6380=FACE_BOUND('',#5518,.T.);
#6381=FACE_BOUND('',#5519,.T.);
#6382=FACE_BOUND('',#5520,.T.);
#6383=FACE_BOUND('',#5521,.T.);
#6384=FACE_BOUND('',#5522,.T.);
#6385=FACE_BOUND('',#5523,.T.);
#6386=FACE_BOUND('',#5524,.T.);
#6387=FACE_BOUND('',#5525,.T.);
#6388=FACE_BOUND('',#5526,.T.);
#6389=FACE_BOUND('',#5527,.T.);
#6390=FACE_BOUND('',#5528,.T.);
#6391=FACE_BOUND('',#5529,.T.);
#6392=FACE_BOUND('',#5530,.T.);
#6393=FACE_BOUND('',#5531,.T.);
#6394=FACE_BOUND('',#5532,.T.);
#6395=FACE_BOUND('',#5533,.T.);
#6396=FACE_BOUND('',#5534,.T.);
#6397=FACE_BOUND('',#5535,.T.);
#6398=FACE_BOUND('',#5536,.T.);
#6399=FACE_BOUND('',#5537,.T.);
#6400=FACE_BOUND('',#5538,.T.);
#6401=FACE_BOUND('',#5539,.T.);
#6402=FACE_BOUND('',#5540,.T.);
#6403=FACE_BOUND('',#5541,.T.);
#6404=FACE_BOUND('',#5542,.T.);
#6405=FACE_BOUND('',#5543,.T.);
#6406=FACE_BOUND('',#5544,.T.);
#6407=FACE_BOUND('',#5545,.T.);
#6408=FACE_BOUND('',#5546,.T.);
#6409=FACE_BOUND('',#5547,.T.);
#6410=FACE_BOUND('',#5548,.T.);
#6411=FACE_BOUND('',#5549,.T.);
#6412=FACE_BOUND('',#5550,.T.);
#6413=FACE_BOUND('',#5551,.T.);
#6414=FACE_BOUND('',#5552,.T.);
#6415=FACE_BOUND('',#5553,.T.);
#6416=FACE_BOUND('',#5554,.T.);
#6417=FACE_BOUND('',#5555,.T.);
#6418=FACE_BOUND('',#5556,.T.);
#6419=FACE_BOUND('',#5557,.T.);
#6420=FACE_BOUND('',#5558,.T.);
#6421=FACE_BOUND('',#5559,.T.);
#6422=FACE_BOUND('',#5560,.T.);
#6423=FACE_BOUND('',#5561,.T.);
#6424=FACE_BOUND('',#5562,.T.);
#6425=FACE_BOUND('',#5563,.T.);
#6426=FACE_BOUND('',#5564,.T.);
#6427=FACE_BOUND('',#5565,.T.);
#6428=FACE_BOUND('',#5566,.T.);
#6429=FACE_BOUND('',#5567,.T.);
#6430=FACE_BOUND('',#5568,.T.);
#6431=FACE_BOUND('',#5569,.T.);
#6432=FACE_BOUND('',#5570,.T.);
#6433=FACE_BOUND('',#5571,.T.);
#6434=FACE_BOUND('',#5572,.T.);
#6435=FACE_BOUND('',#5573,.T.);
#6436=FACE_BOUND('',#5574,.T.);
#6437=FACE_BOUND('',#5575,.T.);
#6438=FACE_BOUND('',#5576,.T.);
#6439=FACE_BOUND('',#5577,.T.);
#6440=FACE_BOUND('',#5578,.T.);
#6441=FACE_BOUND('',#5579,.T.);
#6442=FACE_BOUND('',#5580,.T.);
#6443=FACE_BOUND('',#5581,.T.);
#6444=FACE_BOUND('',#5582,.T.);
#6445=FACE_BOUND('',#5583,.T.);
#6446=FACE_BOUND('',#5584,.T.);
#6447=FACE_BOUND('',#5585,.T.);
#6448=FACE_BOUND('',#5586,.T.);
#6449=FACE_BOUND('',#5587,.T.);
#6450=FACE_BOUND('',#5588,.T.);
#6451=FACE_BOUND('',#5589,.T.);
#6452=FACE_BOUND('',#5590,.T.);
#6453=FACE_BOUND('',#5591,.T.);
#6454=FACE_BOUND('',#5592,.T.);
#6455=FACE_BOUND('',#5593,.T.);
#6456=FACE_BOUND('',#5594,.T.);
#6457=FACE_BOUND('',#5595,.T.);
#6458=FACE_BOUND('',#5596,.T.);
#6459=FACE_BOUND('',#5597,.T.);
#6460=FACE_BOUND('',#5598,.T.);
#6461=FACE_BOUND('',#5599,.T.);
#6462=FACE_BOUND('',#5600,.T.);
#6463=FACE_BOUND('',#5601,.T.);
#6464=FACE_BOUND('',#5602,.T.);
#6465=FACE_BOUND('',#5603,.T.);
#6466=FACE_BOUND('',#5604,.T.);
#6467=FACE_BOUND('',#5605,.T.);
#6468=FACE_BOUND('',#5606,.T.);
#6469=FACE_BOUND('',#5607,.T.);
#6470=FACE_BOUND('',#5608,.T.);
#6471=FACE_BOUND('',#5609,.T.);
#6472=FACE_BOUND('',#5610,.T.);
#6473=FACE_BOUND('',#5611,.T.);
#6474=FACE_BOUND('',#5612,.T.);
#6475=FACE_BOUND('',#5613,.T.);
#6476=FACE_BOUND('',#5614,.T.);
#6477=FACE_BOUND('',#5615,.T.);
#6478=FACE_BOUND('',#5616,.T.);
#6479=FACE_BOUND('',#5617,.T.);
#6480=FACE_BOUND('',#5618,.T.);
#6481=FACE_BOUND('',#5619,.T.);
#6482=FACE_BOUND('',#5620,.T.);
#6483=FACE_BOUND('',#5621,.T.);
#6484=FACE_BOUND('',#5622,.T.);
#6485=FACE_BOUND('',#5623,.T.);
#6486=FACE_BOUND('',#5624,.T.);
#6487=FACE_BOUND('',#5625,.T.);
#6488=FACE_BOUND('',#5626,.T.);
#6489=FACE_BOUND('',#5627,.T.);
#6490=FACE_BOUND('',#5628,.T.);
#6491=FACE_BOUND('',#5629,.T.);
#6492=FACE_BOUND('',#5630,.T.);
#6493=FACE_BOUND('',#5631,.T.);
#6494=FACE_BOUND('',#5632,.T.);
#6495=FACE_BOUND('',#5633,.T.);
#6496=FACE_BOUND('',#5634,.T.);
#6497=FACE_BOUND('',#5635,.T.);
#6498=FACE_BOUND('',#5636,.T.);
#6499=FACE_BOUND('',#5637,.T.);
#6500=FACE_BOUND('',#5638,.T.);
#6501=FACE_BOUND('',#5639,.T.);
#6502=FACE_BOUND('',#5640,.T.);
#6503=FACE_BOUND('',#5641,.T.);
#6504=FACE_BOUND('',#5642,.T.);
#6505=FACE_BOUND('',#5643,.T.);
#6506=FACE_BOUND('',#5644,.T.);
#6507=FACE_BOUND('',#5645,.T.);
#6508=FACE_BOUND('',#5646,.T.);
#6509=FACE_BOUND('',#5647,.T.);
#6510=FACE_BOUND('',#5648,.T.);
#6511=FACE_BOUND('',#5649,.T.);
#6512=FACE_BOUND('',#5650,.T.);
#6513=FACE_BOUND('',#5651,.T.);
#6514=FACE_BOUND('',#5652,.T.);
#6515=FACE_BOUND('',#5653,.T.);
#6516=FACE_BOUND('',#5654,.T.);
#6517=FACE_BOUND('',#5655,.T.);
#6518=FACE_BOUND('',#5656,.T.);
#6519=FACE_BOUND('',#5657,.T.);
#6520=FACE_BOUND('',#5658,.T.);
#6521=FACE_BOUND('',#5659,.T.);
#6522=FACE_BOUND('',#5660,.T.);
#6523=FACE_BOUND('',#5661,.T.);
#6524=FACE_BOUND('',#5662,.T.);
#6525=FACE_BOUND('',#5663,.T.);
#6526=FACE_BOUND('',#5664,.T.);
#6527=FACE_BOUND('',#5665,.T.);
#6528=FACE_BOUND('',#5666,.T.);
#6529=FACE_BOUND('',#5667,.T.);
#6530=FACE_BOUND('',#5668,.T.);
#6531=FACE_BOUND('',#5669,.T.);
#6532=FACE_BOUND('',#5670,.T.);
#6533=FACE_BOUND('',#5671,.T.);
#6534=FACE_BOUND('',#5672,.T.);
#6535=FACE_BOUND('',#5673,.T.);
#6536=FACE_BOUND('',#5674,.T.);
#6537=FACE_BOUND('',#5675,.T.);
#6538=FACE_BOUND('',#5676,.T.);
#6539=FACE_BOUND('',#5677,.T.);
#6540=FACE_BOUND('',#5678,.T.);
#6541=CYLINDRICAL_SURFACE('',#7903,0.006);
#6542=CYLINDRICAL_SURFACE('',#7915,0.00045);
#6543=CYLINDRICAL_SURFACE('',#7917,0.00045);
#6544=CYLINDRICAL_SURFACE('',#7919,0.001);
#6545=CYLINDRICAL_SURFACE('',#7929,0.00025);
#6546=CYLINDRICAL_SURFACE('',#7934,0.00025);
#6547=CYLINDRICAL_SURFACE('',#7938,0.00025);
#6548=CYLINDRICAL_SURFACE('',#7943,0.009999999357669);
#6549=CYLINDRICAL_SURFACE('',#8138,0.009999999357669);
#6550=CYLINDRICAL_SURFACE('',#8139,0.009999999357669);
#6551=CYLINDRICAL_SURFACE('',#8142,0.009999999357669);
#6552=CYLINDRICAL_SURFACE('',#8143,0.0016);
#6553=CYLINDRICAL_SURFACE('',#8144,0.0004);
#6554=CYLINDRICAL_SURFACE('',#8145,0.00075);
#6555=CYLINDRICAL_SURFACE('',#8146,0.00085);
#6556=CYLINDRICAL_SURFACE('',#8147,0.002);
#6557=CYLINDRICAL_SURFACE('',#8148,0.0005);
#6558=CYLINDRICAL_SURFACE('',#8149,0.0004);
#6559=CYLINDRICAL_SURFACE('',#8150,0.0005);
#6560=CYLINDRICAL_SURFACE('',#8151,0.0005);
#6561=CYLINDRICAL_SURFACE('',#8152,0.0005);
#6562=CYLINDRICAL_SURFACE('',#8153,0.0004);
#6563=CYLINDRICAL_SURFACE('',#8154,0.00075);
#6564=CYLINDRICAL_SURFACE('',#8155,0.00085);
#6565=CYLINDRICAL_SURFACE('',#8156,0.00075);
#6566=CYLINDRICAL_SURFACE('',#8157,0.00085);
#6567=CYLINDRICAL_SURFACE('',#8158,0.002);
#6568=CYLINDRICAL_SURFACE('',#8159,0.0004);
#6569=CYLINDRICAL_SURFACE('',#8160,0.00075);
#6570=CYLINDRICAL_SURFACE('',#8161,0.00085);
#6571=CYLINDRICAL_SURFACE('',#8162,0.002);
#6572=CYLINDRICAL_SURFACE('',#8163,0.0004);
#6573=CYLINDRICAL_SURFACE('',#8164,0.0004);
#6574=CYLINDRICAL_SURFACE('',#8165,0.00075);
#6575=CYLINDRICAL_SURFACE('',#8166,0.00075);
#6576=CYLINDRICAL_SURFACE('',#8167,0.00085);
#6577=CYLINDRICAL_SURFACE('',#8168,0.00085);
#6578=CYLINDRICAL_SURFACE('',#8169,0.002);
#6579=CYLINDRICAL_SURFACE('',#8170,0.0005);
#6580=CYLINDRICAL_SURFACE('',#8171,0.0005);
#6581=CYLINDRICAL_SURFACE('',#8172,0.0005);
#6582=CYLINDRICAL_SURFACE('',#8173,0.0004);
#6583=CYLINDRICAL_SURFACE('',#8174,0.0005);
#6584=CYLINDRICAL_SURFACE('',#8175,0.0004);
#6585=CYLINDRICAL_SURFACE('',#8176,0.00075);
#6586=CYLINDRICAL_SURFACE('',#8177,0.00085);
#6587=CYLINDRICAL_SURFACE('',#8178,0.00085);
#6588=CYLINDRICAL_SURFACE('',#8179,0.0004);
#6589=CYLINDRICAL_SURFACE('',#8180,0.0016);
#6590=CYLINDRICAL_SURFACE('',#8181,0.00075);
#6591=CYLINDRICAL_SURFACE('',#8182,0.00075);
#6592=CYLINDRICAL_SURFACE('',#8183,0.002);
#6593=CYLINDRICAL_SURFACE('',#8184,0.00085);
#6594=CYLINDRICAL_SURFACE('',#8185,0.0004);
#6595=CYLINDRICAL_SURFACE('',#8186,0.0004);
#6596=CYLINDRICAL_SURFACE('',#8187,0.00075);
#6597=CYLINDRICAL_SURFACE('',#8188,0.00085);
#6598=CYLINDRICAL_SURFACE('',#8189,0.00085);
#6599=CYLINDRICAL_SURFACE('',#8190,0.0004);
#6600=CYLINDRICAL_SURFACE('',#8191,0.00075);
#6601=CYLINDRICAL_SURFACE('',#8192,0.002);
#6602=CYLINDRICAL_SURFACE('',#8193,0.00075);
#6603=CYLINDRICAL_SURFACE('',#8194,0.00085);
#6604=CYLINDRICAL_SURFACE('',#8195,0.0004);
#6605=CYLINDRICAL_SURFACE('',#8196,0.00075);
#6606=CYLINDRICAL_SURFACE('',#8197,0.00085);
#6607=CYLINDRICAL_SURFACE('',#8198,0.002);
#6608=CYLINDRICAL_SURFACE('',#8199,0.0004);
#6609=CYLINDRICAL_SURFACE('',#8200,0.00075);
#6610=CYLINDRICAL_SURFACE('',#8201,0.00085);
#6611=CYLINDRICAL_SURFACE('',#8202,0.0004);
#6612=CYLINDRICAL_SURFACE('',#8203,0.00085);
#6613=CYLINDRICAL_SURFACE('',#8204,0.00075);
#6614=CYLINDRICAL_SURFACE('',#8205,0.002);
#6615=CYLINDRICAL_SURFACE('',#8206,0.0016);
#6616=CYLINDRICAL_SURFACE('',#8207,0.0004445);
#6617=CYLINDRICAL_SURFACE('',#8208,0.0004445);
#6618=CYLINDRICAL_SURFACE('',#8209,0.0004445);
#6619=CYLINDRICAL_SURFACE('',#8210,0.0004445);
#6620=CYLINDRICAL_SURFACE('',#8211,0.0004445);
#6621=CYLINDRICAL_SURFACE('',#8212,0.0004445);
#6622=CYLINDRICAL_SURFACE('',#8213,0.0004445);
#6623=CYLINDRICAL_SURFACE('',#8214,0.0004);
#6624=CYLINDRICAL_SURFACE('',#8215,0.00075);
#6625=CYLINDRICAL_SURFACE('',#8216,0.00085);
#6626=CYLINDRICAL_SURFACE('',#8217,0.0004);
#6627=CYLINDRICAL_SURFACE('',#8218,0.00085);
#6628=CYLINDRICAL_SURFACE('',#8219,0.0004);
#6629=CYLINDRICAL_SURFACE('',#8220,0.00075);
#6630=CYLINDRICAL_SURFACE('',#8221,0.002);
#6631=CYLINDRICAL_SURFACE('',#8222,0.00075);
#6632=CYLINDRICAL_SURFACE('',#8223,0.00085);
#6633=CYLINDRICAL_SURFACE('',#8224,0.0004445);
#6634=CYLINDRICAL_SURFACE('',#8225,0.0004445);
#6635=CYLINDRICAL_SURFACE('',#8226,0.0005);
#6636=CYLINDRICAL_SURFACE('',#8227,0.0004445);
#6637=CYLINDRICAL_SURFACE('',#8228,0.0004445);
#6638=CYLINDRICAL_SURFACE('',#8229,0.0004445);
#6639=CYLINDRICAL_SURFACE('',#8230,0.0004445);
#6640=CYLINDRICAL_SURFACE('',#8231,0.0004445);
#6641=CYLINDRICAL_SURFACE('',#8232,0.0005);
#6642=CYLINDRICAL_SURFACE('',#8233,0.0016);
#6643=CYLINDRICAL_SURFACE('',#8235,0.00025);
#6644=CYLINDRICAL_SURFACE('',#8240,0.00025);
#6645=CYLINDRICAL_SURFACE('',#8244,0.00025);
#6646=CYLINDRICAL_SURFACE('',#8249,0.00101);
#6647=CYLINDRICAL_SURFACE('',#8256,0.001);
#6648=CYLINDRICAL_SURFACE('',#8258,0.001);
#6649=CYLINDRICAL_SURFACE('',#8464,0.00101);
#6650=CYLINDRICAL_SURFACE('',#8471,0.001);
#6651=CYLINDRICAL_SURFACE('',#8473,0.001);
#6652=CYLINDRICAL_SURFACE('',#8482,0.00025);
#6653=CYLINDRICAL_SURFACE('',#8487,0.00025);
#6654=CYLINDRICAL_SURFACE('',#8491,0.00025);
#6655=CYLINDRICAL_SURFACE('',#8496,0.00025);
#6656=CYLINDRICAL_SURFACE('',#8501,0.00025);
#6657=CYLINDRICAL_SURFACE('',#8505,0.00025);
#6658=CYLINDRICAL_SURFACE('',#8510,0.00101);
#6659=CYLINDRICAL_SURFACE('',#8517,0.001);
#6660=CYLINDRICAL_SURFACE('',#8519,0.001);
#6661=CYLINDRICAL_SURFACE('',#8528,0.00025);
#6662=CYLINDRICAL_SURFACE('',#8533,0.00025);
#6663=CYLINDRICAL_SURFACE('',#8537,0.00025);
#6664=CYLINDRICAL_SURFACE('',#8542,0.00101);
#6665=CYLINDRICAL_SURFACE('',#8549,0.001);
#6666=CYLINDRICAL_SURFACE('',#8551,0.001);
#6667=CYLINDRICAL_SURFACE('',#8560,0.00025);
#6668=CYLINDRICAL_SURFACE('',#8565,0.00025);
#6669=CYLINDRICAL_SURFACE('',#8569,0.00025);
#6670=CYLINDRICAL_SURFACE('',#8574,0.00025);
#6671=CYLINDRICAL_SURFACE('',#8579,0.00025);
#6672=CYLINDRICAL_SURFACE('',#8583,0.00025);
#6673=CYLINDRICAL_SURFACE('',#8588,0.00101);
#6674=CYLINDRICAL_SURFACE('',#8595,0.001);
#6675=CYLINDRICAL_SURFACE('',#8597,0.001);
#6676=CYLINDRICAL_SURFACE('',#8606,0.00025);
#6677=CYLINDRICAL_SURFACE('',#8611,0.00025);
#6678=CYLINDRICAL_SURFACE('',#8615,0.00025);
#6679=CYLINDRICAL_SURFACE('',#8620,0.00101);
#6680=CYLINDRICAL_SURFACE('',#8627,0.001);
#6681=CYLINDRICAL_SURFACE('',#8629,0.001);
#6682=CYLINDRICAL_SURFACE('',#8638,0.00101);
#6683=CYLINDRICAL_SURFACE('',#8645,0.001);
#6684=CYLINDRICAL_SURFACE('',#8647,0.001);
#6685=CYLINDRICAL_SURFACE('',#8656,0.00025);
#6686=CYLINDRICAL_SURFACE('',#8661,0.00025);
#6687=CYLINDRICAL_SURFACE('',#8665,0.00025);
#6688=CYLINDRICAL_SURFACE('',#8670,0.00101);
#6689=CYLINDRICAL_SURFACE('',#8677,0.001);
#6690=CYLINDRICAL_SURFACE('',#8679,0.001);
#6691=CYLINDRICAL_SURFACE('',#8688,0.00101);
#6692=CYLINDRICAL_SURFACE('',#8695,0.001);
#6693=CYLINDRICAL_SURFACE('',#8697,0.001);
#6694=ADVANCED_FACE('',(#5679,#5680),#6541,.T.);
#6695=ADVANCED_FACE('',(#5681,#5682),#1379,.T.);
#6696=ADVANCED_FACE('',(#5683,#5684),#1380,.T.);
#6697=ADVANCED_FACE('',(#5685,#5686,#5687),#1118,.F.);
#6698=ADVANCED_FACE('',(#5688,#5689),#1119,.T.);
#6699=ADVANCED_FACE('',(#5690,#5691),#6542,.T.);
#6700=ADVANCED_FACE('',(#5692,#5693),#6543,.T.);
#6701=ADVANCED_FACE('',(#5694,#5695),#6544,.F.);
#6702=ADVANCED_FACE('',(#5696,#5697),#1381,.T.);
#6703=ADVANCED_FACE('',(#5698,#5699),#1382,.T.);
#6704=ADVANCED_FACE('',(#5700),#1120,.T.);
#6705=ADVANCED_FACE('',(#5701),#1121,.F.);
#6706=ADVANCED_FACE('',(#5702),#1122,.F.);
#6707=ADVANCED_FACE('',(#5703,#5704),#6545,.T.);
#6708=ADVANCED_FACE('',(#5705,#5706),#1383,.T.);
#6709=ADVANCED_FACE('',(#5707,#5708),#6546,.T.);
#6710=ADVANCED_FACE('',(#5709,#5710),#1384,.T.);
#6711=ADVANCED_FACE('',(#5711,#5712),#6547,.T.);
#6712=ADVANCED_FACE('',(#5713),#1123,.T.);
#6713=ADVANCED_FACE('',(#5714),#1124,.F.);
#6714=ADVANCED_FACE('',(#5715),#6548,.T.);
#6715=ADVANCED_FACE('',(#5716),#1125,.T.);
#6716=ADVANCED_FACE('',(#5717),#1126,.T.);
#6717=ADVANCED_FACE('',(#5718,#5719,#5720,#5721,#5722,#5723,#5724,#5725,
#5726,#5727,#5728,#5729,#5730,#5731,#5732,#5733,#5734,#5735,#5736,#5737,
#5738,#5739,#5740,#5741,#5742,#5743,#5744,#5745,#5746,#5747,#5748,#5749,
#5750,#5751,#5752,#5753,#5754,#5755,#5756,#5757,#5758,#5759,#5760,#5761,
#5762,#5763,#5764,#5765,#5766,#5767,#5768,#5769,#5770,#5771,#5772,#5773,
#5774,#5775,#5776,#5777,#5778,#5779,#5780,#5781,#5782,#5783,#5784,#5785,
#5786,#5787,#5788,#5789,#5790,#5791,#5792,#5793,#5794,#5795,#5796,#5797,
#5798,#5799,#5800,#5801,#5802,#5803,#5804,#5805,#5806,#5807,#5808,#5809),
#1127,.F.);
#6718=ADVANCED_FACE('',(#5810,#5811,#5812,#5813,#5814,#5815,#5816,#5817,
#5818,#5819,#5820,#5821,#5822,#5823,#5824,#5825,#5826,#5827,#5828,#5829,
#5830,#5831,#5832,#5833,#5834,#5835,#5836,#5837,#5838,#5839,#5840,#5841,
#5842,#5843,#5844,#5845,#5846,#5847,#5848,#5849,#5850,#5851,#5852,#5853,
#5854,#5855,#5856,#5857,#5858,#5859,#5860,#5861,#5862,#5863,#5864,#5865,
#5866,#5867,#5868,#5869,#5870,#5871,#5872,#5873,#5874,#5875,#5876,#5877,
#5878,#5879,#5880,#5881,#5882,#5883,#5884,#5885,#5886,#5887,#5888,#5889,
#5890,#5891,#5892,#5893,#5894,#5895,#5896,#5897,#5898,#5899,#5900,#5901),
#1128,.T.);
#6719=ADVANCED_FACE('',(#5902),#6549,.T.);
#6720=ADVANCED_FACE('',(#5903),#6550,.T.);
#6721=ADVANCED_FACE('',(#5904),#1129,.T.);
#6722=ADVANCED_FACE('',(#5905),#1130,.T.);
#6723=ADVANCED_FACE('',(#5906),#6551,.T.);
#6724=ADVANCED_FACE('',(#5907,#5908),#6552,.F.);
#6725=ADVANCED_FACE('',(#5909,#5910),#6553,.F.);
#6726=ADVANCED_FACE('',(#5911,#5912),#6554,.F.);
#6727=ADVANCED_FACE('',(#5913,#5914),#6555,.F.);
#6728=ADVANCED_FACE('',(#5915,#5916),#6556,.F.);
#6729=ADVANCED_FACE('',(#5917,#5918),#6557,.F.);
#6730=ADVANCED_FACE('',(#5919,#5920),#6558,.F.);
#6731=ADVANCED_FACE('',(#5921,#5922),#6559,.F.);
#6732=ADVANCED_FACE('',(#5923,#5924),#6560,.F.);
#6733=ADVANCED_FACE('',(#5925,#5926),#6561,.F.);
#6734=ADVANCED_FACE('',(#5927,#5928),#6562,.F.);
#6735=ADVANCED_FACE('',(#5929,#5930),#6563,.F.);
#6736=ADVANCED_FACE('',(#5931,#5932),#6564,.F.);
#6737=ADVANCED_FACE('',(#5933,#5934),#6565,.F.);
#6738=ADVANCED_FACE('',(#5935,#5936),#6566,.F.);
#6739=ADVANCED_FACE('',(#5937,#5938),#6567,.F.);
#6740=ADVANCED_FACE('',(#5939,#5940),#6568,.F.);
#6741=ADVANCED_FACE('',(#5941,#5942),#6569,.F.);
#6742=ADVANCED_FACE('',(#5943,#5944),#6570,.F.);
#6743=ADVANCED_FACE('',(#5945,#5946),#6571,.F.);
#6744=ADVANCED_FACE('',(#5947,#5948),#6572,.F.);
#6745=ADVANCED_FACE('',(#5949,#5950),#6573,.F.);
#6746=ADVANCED_FACE('',(#5951,#5952),#6574,.F.);
#6747=ADVANCED_FACE('',(#5953,#5954),#6575,.F.);
#6748=ADVANCED_FACE('',(#5955,#5956),#6576,.F.);
#6749=ADVANCED_FACE('',(#5957,#5958),#6577,.F.);
#6750=ADVANCED_FACE('',(#5959,#5960),#6578,.F.);
#6751=ADVANCED_FACE('',(#5961,#5962),#6579,.F.);
#6752=ADVANCED_FACE('',(#5963,#5964),#6580,.F.);
#6753=ADVANCED_FACE('',(#5965,#5966),#6581,.F.);
#6754=ADVANCED_FACE('',(#5967,#5968),#6582,.F.);
#6755=ADVANCED_FACE('',(#5969,#5970),#6583,.F.);
#6756=ADVANCED_FACE('',(#5971,#5972),#6584,.F.);
#6757=ADVANCED_FACE('',(#5973,#5974),#6585,.F.);
#6758=ADVANCED_FACE('',(#5975,#5976),#6586,.F.);
#6759=ADVANCED_FACE('',(#5977,#5978),#6587,.F.);
#6760=ADVANCED_FACE('',(#5979,#5980),#6588,.F.);
#6761=ADVANCED_FACE('',(#5981,#5982),#6589,.F.);
#6762=ADVANCED_FACE('',(#5983,#5984),#6590,.F.);
#6763=ADVANCED_FACE('',(#5985,#5986),#6591,.F.);
#6764=ADVANCED_FACE('',(#5987,#5988),#6592,.F.);
#6765=ADVANCED_FACE('',(#5989,#5990),#6593,.F.);
#6766=ADVANCED_FACE('',(#5991,#5992),#6594,.F.);
#6767=ADVANCED_FACE('',(#5993,#5994),#6595,.F.);
#6768=ADVANCED_FACE('',(#5995,#5996),#6596,.F.);
#6769=ADVANCED_FACE('',(#5997,#5998),#6597,.F.);
#6770=ADVANCED_FACE('',(#5999,#6000),#6598,.F.);
#6771=ADVANCED_FACE('',(#6001,#6002),#6599,.F.);
#6772=ADVANCED_FACE('',(#6003,#6004),#6600,.F.);
#6773=ADVANCED_FACE('',(#6005,#6006),#6601,.F.);
#6774=ADVANCED_FACE('',(#6007,#6008),#6602,.F.);
#6775=ADVANCED_FACE('',(#6009,#6010),#6603,.F.);
#6776=ADVANCED_FACE('',(#6011,#6012),#6604,.F.);
#6777=ADVANCED_FACE('',(#6013,#6014),#6605,.F.);
#6778=ADVANCED_FACE('',(#6015,#6016),#6606,.F.);
#6779=ADVANCED_FACE('',(#6017,#6018),#6607,.F.);
#6780=ADVANCED_FACE('',(#6019,#6020),#6608,.F.);
#6781=ADVANCED_FACE('',(#6021,#6022),#6609,.F.);
#6782=ADVANCED_FACE('',(#6023,#6024),#6610,.F.);
#6783=ADVANCED_FACE('',(#6025,#6026),#6611,.F.);
#6784=ADVANCED_FACE('',(#6027,#6028),#6612,.F.);
#6785=ADVANCED_FACE('',(#6029,#6030),#6613,.F.);
#6786=ADVANCED_FACE('',(#6031,#6032),#6614,.F.);
#6787=ADVANCED_FACE('',(#6033,#6034),#6615,.F.);
#6788=ADVANCED_FACE('',(#6035,#6036),#6616,.F.);
#6789=ADVANCED_FACE('',(#6037,#6038),#6617,.F.);
#6790=ADVANCED_FACE('',(#6039,#6040),#6618,.F.);
#6791=ADVANCED_FACE('',(#6041,#6042),#6619,.F.);
#6792=ADVANCED_FACE('',(#6043,#6044),#6620,.F.);
#6793=ADVANCED_FACE('',(#6045,#6046),#6621,.F.);
#6794=ADVANCED_FACE('',(#6047,#6048),#6622,.F.);
#6795=ADVANCED_FACE('',(#6049,#6050),#6623,.F.);
#6796=ADVANCED_FACE('',(#6051,#6052),#6624,.F.);
#6797=ADVANCED_FACE('',(#6053,#6054),#6625,.F.);
#6798=ADVANCED_FACE('',(#6055,#6056),#6626,.F.);
#6799=ADVANCED_FACE('',(#6057,#6058),#6627,.F.);
#6800=ADVANCED_FACE('',(#6059,#6060),#6628,.F.);
#6801=ADVANCED_FACE('',(#6061,#6062),#6629,.F.);
#6802=ADVANCED_FACE('',(#6063,#6064),#6630,.F.);
#6803=ADVANCED_FACE('',(#6065,#6066),#6631,.F.);
#6804=ADVANCED_FACE('',(#6067,#6068),#6632,.F.);
#6805=ADVANCED_FACE('',(#6069,#6070),#6633,.F.);
#6806=ADVANCED_FACE('',(#6071,#6072),#6634,.F.);
#6807=ADVANCED_FACE('',(#6073,#6074),#6635,.F.);
#6808=ADVANCED_FACE('',(#6075,#6076),#6636,.F.);
#6809=ADVANCED_FACE('',(#6077,#6078),#6637,.F.);
#6810=ADVANCED_FACE('',(#6079,#6080),#6638,.F.);
#6811=ADVANCED_FACE('',(#6081,#6082),#6639,.F.);
#6812=ADVANCED_FACE('',(#6083,#6084),#6640,.F.);
#6813=ADVANCED_FACE('',(#6085,#6086),#6641,.F.);
#6814=ADVANCED_FACE('',(#6087,#6088),#6642,.F.);
#6815=ADVANCED_FACE('',(#6089,#6090),#6643,.T.);
#6816=ADVANCED_FACE('',(#6091,#6092),#1385,.T.);
#6817=ADVANCED_FACE('',(#6093,#6094),#6644,.T.);
#6818=ADVANCED_FACE('',(#6095,#6096),#1386,.T.);
#6819=ADVANCED_FACE('',(#6097,#6098),#6645,.T.);
#6820=ADVANCED_FACE('',(#6099),#1131,.T.);
#6821=ADVANCED_FACE('',(#6100),#1132,.F.);
#6822=ADVANCED_FACE('',(#6101,#6102),#6646,.T.);
#6823=ADVANCED_FACE('',(#6103,#6104),#1133,.F.);
#6824=ADVANCED_FACE('',(#6105,#6106),#1134,.T.);
#6825=ADVANCED_FACE('',(#6107,#6108),#6647,.T.);
#6826=ADVANCED_FACE('',(#6109,#6110),#6648,.T.);
#6827=ADVANCED_FACE('',(#6111,#6112),#1387,.T.);
#6828=ADVANCED_FACE('',(#6113,#6114),#1388,.T.);
#6829=ADVANCED_FACE('',(#6115),#1135,.F.);
#6830=ADVANCED_FACE('',(#6116),#1136,.T.);
#6831=ADVANCED_FACE('',(#6117),#1137,.F.);
#6832=ADVANCED_FACE('',(#6118),#1138,.F.);
#6833=ADVANCED_FACE('',(#6119),#1139,.F.);
#6834=ADVANCED_FACE('',(#6120,#6121,#6122,#6123,#6124,#6125,#6126,#6127,
#6128),#1140,.F.);
#6835=ADVANCED_FACE('',(#6129,#6130,#6131,#6132,#6133,#6134,#6135,#6136,
#6137),#1141,.T.);
#6836=ADVANCED_FACE('',(#6138),#1142,.F.);
#6837=ADVANCED_FACE('',(#6139),#1143,.F.);
#6838=ADVANCED_FACE('',(#6140),#1144,.F.);
#6839=ADVANCED_FACE('',(#6141),#1145,.F.);
#6840=ADVANCED_FACE('',(#6142),#1146,.F.);
#6841=ADVANCED_FACE('',(#6143),#1147,.F.);
#6842=ADVANCED_FACE('',(#6144),#1148,.F.);
#6843=ADVANCED_FACE('',(#6145),#1149,.F.);
#6844=ADVANCED_FACE('',(#6146),#1150,.F.);
#6845=ADVANCED_FACE('',(#6147),#1151,.F.);
#6846=ADVANCED_FACE('',(#6148),#1152,.F.);
#6847=ADVANCED_FACE('',(#6149),#1153,.F.);
#6848=ADVANCED_FACE('',(#6150),#1154,.F.);
#6849=ADVANCED_FACE('',(#6151),#1155,.F.);
#6850=ADVANCED_FACE('',(#6152),#1156,.F.);
#6851=ADVANCED_FACE('',(#6153),#1157,.F.);
#6852=ADVANCED_FACE('',(#6154),#1158,.F.);
#6853=ADVANCED_FACE('',(#6155),#1159,.F.);
#6854=ADVANCED_FACE('',(#6156),#1160,.F.);
#6855=ADVANCED_FACE('',(#6157),#1161,.F.);
#6856=ADVANCED_FACE('',(#6158),#1162,.F.);
#6857=ADVANCED_FACE('',(#6159),#1163,.F.);
#6858=ADVANCED_FACE('',(#6160),#1164,.F.);
#6859=ADVANCED_FACE('',(#6161),#1165,.F.);
#6860=ADVANCED_FACE('',(#6162),#1166,.F.);
#6861=ADVANCED_FACE('',(#6163),#1167,.F.);
#6862=ADVANCED_FACE('',(#6164),#1168,.F.);
#6863=ADVANCED_FACE('',(#6165),#1169,.F.);
#6864=ADVANCED_FACE('',(#6166),#1170,.F.);
#6865=ADVANCED_FACE('',(#6167),#1171,.F.);
#6866=ADVANCED_FACE('',(#6168),#1172,.F.);
#6867=ADVANCED_FACE('',(#6169),#1173,.F.);
#6868=ADVANCED_FACE('',(#6170),#1174,.F.);
#6869=ADVANCED_FACE('',(#6171),#1175,.F.);
#6870=ADVANCED_FACE('',(#6172),#1176,.F.);
#6871=ADVANCED_FACE('',(#6173),#1177,.F.);
#6872=ADVANCED_FACE('',(#6174),#1178,.F.);
#6873=ADVANCED_FACE('',(#6175),#1179,.F.);
#6874=ADVANCED_FACE('',(#6176),#1180,.F.);
#6875=ADVANCED_FACE('',(#6177),#1181,.F.);
#6876=ADVANCED_FACE('',(#6178),#1182,.F.);
#6877=ADVANCED_FACE('',(#6179),#1183,.F.);
#6878=ADVANCED_FACE('',(#6180),#1184,.F.);
#6879=ADVANCED_FACE('',(#6181),#1185,.F.);
#6880=ADVANCED_FACE('',(#6182),#1186,.F.);
#6881=ADVANCED_FACE('',(#6183),#1187,.F.);
#6882=ADVANCED_FACE('',(#6184),#1188,.F.);
#6883=ADVANCED_FACE('',(#6185),#1189,.F.);
#6884=ADVANCED_FACE('',(#6186),#1190,.T.);
#6885=ADVANCED_FACE('',(#6187),#1191,.T.);
#6886=ADVANCED_FACE('',(#6188),#1192,.F.);
#6887=ADVANCED_FACE('',(#6189),#1193,.T.);
#6888=ADVANCED_FACE('',(#6190),#1194,.F.);
#6889=ADVANCED_FACE('',(#6191),#1195,.F.);
#6890=ADVANCED_FACE('',(#6192),#1196,.T.);
#6891=ADVANCED_FACE('',(#6193),#1197,.T.);
#6892=ADVANCED_FACE('',(#6194),#1198,.T.);
#6893=ADVANCED_FACE('',(#6195),#1199,.F.);
#6894=ADVANCED_FACE('',(#6196),#1200,.F.);
#6895=ADVANCED_FACE('',(#6197),#1201,.T.);
#6896=ADVANCED_FACE('',(#6198),#1202,.F.);
#6897=ADVANCED_FACE('',(#6199),#1203,.F.);
#6898=ADVANCED_FACE('',(#6200),#1204,.T.);
#6899=ADVANCED_FACE('',(#6201),#1205,.T.);
#6900=ADVANCED_FACE('',(#6202),#1206,.T.);
#6901=ADVANCED_FACE('',(#6203),#1207,.F.);
#6902=ADVANCED_FACE('',(#6204),#1208,.F.);
#6903=ADVANCED_FACE('',(#6205),#1209,.T.);
#6904=ADVANCED_FACE('',(#6206),#1210,.F.);
#6905=ADVANCED_FACE('',(#6207),#1211,.F.);
#6906=ADVANCED_FACE('',(#6208),#1212,.T.);
#6907=ADVANCED_FACE('',(#6209),#1213,.F.);
#6908=ADVANCED_FACE('',(#6210),#1214,.T.);
#6909=ADVANCED_FACE('',(#6211),#1215,.T.);
#6910=ADVANCED_FACE('',(#6212),#1216,.F.);
#6911=ADVANCED_FACE('',(#6213),#1217,.T.);
#6912=ADVANCED_FACE('',(#6214),#1218,.T.);
#6913=ADVANCED_FACE('',(#6215),#1219,.F.);
#6914=ADVANCED_FACE('',(#6216),#1220,.F.);
#6915=ADVANCED_FACE('',(#6217),#1221,.F.);
#6916=ADVANCED_FACE('',(#6218),#1222,.T.);
#6917=ADVANCED_FACE('',(#6219),#1223,.T.);
#6918=ADVANCED_FACE('',(#6220),#1224,.F.);
#6919=ADVANCED_FACE('',(#6221),#1225,.T.);
#6920=ADVANCED_FACE('',(#6222),#1226,.F.);
#6921=ADVANCED_FACE('',(#6223),#1227,.F.);
#6922=ADVANCED_FACE('',(#6224),#1228,.T.);
#6923=ADVANCED_FACE('',(#6225),#1229,.T.);
#6924=ADVANCED_FACE('',(#6226),#1230,.T.);
#6925=ADVANCED_FACE('',(#6227),#1231,.F.);
#6926=ADVANCED_FACE('',(#6228),#1232,.F.);
#6927=ADVANCED_FACE('',(#6229),#1233,.T.);
#6928=ADVANCED_FACE('',(#6230),#1234,.F.);
#6929=ADVANCED_FACE('',(#6231),#1235,.F.);
#6930=ADVANCED_FACE('',(#6232),#1236,.T.);
#6931=ADVANCED_FACE('',(#6233),#1237,.T.);
#6932=ADVANCED_FACE('',(#6234),#1238,.T.);
#6933=ADVANCED_FACE('',(#6235),#1239,.F.);
#6934=ADVANCED_FACE('',(#6236),#1240,.F.);
#6935=ADVANCED_FACE('',(#6237),#1241,.T.);
#6936=ADVANCED_FACE('',(#6238),#1242,.F.);
#6937=ADVANCED_FACE('',(#6239),#1243,.F.);
#6938=ADVANCED_FACE('',(#6240),#1244,.T.);
#6939=ADVANCED_FACE('',(#6241),#1245,.F.);
#6940=ADVANCED_FACE('',(#6242),#1246,.T.);
#6941=ADVANCED_FACE('',(#6243),#1247,.T.);
#6942=ADVANCED_FACE('',(#6244),#1248,.F.);
#6943=ADVANCED_FACE('',(#6245),#1249,.T.);
#6944=ADVANCED_FACE('',(#6246),#1250,.T.);
#6945=ADVANCED_FACE('',(#6247),#1251,.F.);
#6946=ADVANCED_FACE('',(#6248),#1252,.F.);
#6947=ADVANCED_FACE('',(#6249),#1253,.T.);
#6948=ADVANCED_FACE('',(#6250),#1254,.F.);
#6949=ADVANCED_FACE('',(#6251),#1255,.F.);
#6950=ADVANCED_FACE('',(#6252),#1256,.T.);
#6951=ADVANCED_FACE('',(#6253),#1257,.F.);
#6952=ADVANCED_FACE('',(#6254),#1258,.T.);
#6953=ADVANCED_FACE('',(#6255),#1259,.T.);
#6954=ADVANCED_FACE('',(#6256),#1260,.F.);
#6955=ADVANCED_FACE('',(#6257),#1261,.F.);
#6956=ADVANCED_FACE('',(#6258),#1262,.F.);
#6957=ADVANCED_FACE('',(#6259),#1263,.T.);
#6958=ADVANCED_FACE('',(#6260),#1264,.T.);
#6959=ADVANCED_FACE('',(#6261),#1265,.F.);
#6960=ADVANCED_FACE('',(#6262),#1266,.T.);
#6961=ADVANCED_FACE('',(#6263),#1267,.T.);
#6962=ADVANCED_FACE('',(#6264),#1268,.F.);
#6963=ADVANCED_FACE('',(#6265),#1269,.F.);
#6964=ADVANCED_FACE('',(#6266),#1270,.F.);
#6965=ADVANCED_FACE('',(#6267),#1271,.T.);
#6966=ADVANCED_FACE('',(#6268),#1272,.T.);
#6967=ADVANCED_FACE('',(#6269),#1273,.F.);
#6968=ADVANCED_FACE('',(#6270),#1274,.T.);
#6969=ADVANCED_FACE('',(#6271),#1275,.T.);
#6970=ADVANCED_FACE('',(#6272),#1276,.F.);
#6971=ADVANCED_FACE('',(#6273),#1277,.T.);
#6972=ADVANCED_FACE('',(#6274),#1278,.F.);
#6973=ADVANCED_FACE('',(#6275),#1279,.F.);
#6974=ADVANCED_FACE('',(#6276),#1280,.T.);
#6975=ADVANCED_FACE('',(#6277),#1281,.F.);
#6976=ADVANCED_FACE('',(#6278),#1282,.F.);
#6977=ADVANCED_FACE('',(#6279),#1283,.T.);
#6978=ADVANCED_FACE('',(#6280),#1284,.T.);
#6979=ADVANCED_FACE('',(#6281),#1285,.F.);
#6980=ADVANCED_FACE('',(#6282),#1286,.T.);
#6981=ADVANCED_FACE('',(#6283),#1287,.T.);
#6982=ADVANCED_FACE('',(#6284),#1288,.F.);
#6983=ADVANCED_FACE('',(#6285),#1289,.T.);
#6984=ADVANCED_FACE('',(#6286),#1290,.F.);
#6985=ADVANCED_FACE('',(#6287),#1291,.F.);
#6986=ADVANCED_FACE('',(#6288),#1292,.T.);
#6987=ADVANCED_FACE('',(#6289),#1293,.T.);
#6988=ADVANCED_FACE('',(#6290),#1294,.T.);
#6989=ADVANCED_FACE('',(#6291),#1295,.F.);
#6990=ADVANCED_FACE('',(#6292),#1296,.F.);
#6991=ADVANCED_FACE('',(#6293),#1297,.T.);
#6992=ADVANCED_FACE('',(#6294),#1298,.F.);
#6993=ADVANCED_FACE('',(#6295),#1299,.F.);
#6994=ADVANCED_FACE('',(#6296),#1300,.T.);
#6995=ADVANCED_FACE('',(#6297),#1301,.T.);
#6996=ADVANCED_FACE('',(#6298),#1302,.T.);
#6997=ADVANCED_FACE('',(#6299),#1303,.F.);
#6998=ADVANCED_FACE('',(#6300),#1304,.F.);
#6999=ADVANCED_FACE('',(#6301),#1305,.T.);
#7000=ADVANCED_FACE('',(#6302),#1306,.F.);
#7001=ADVANCED_FACE('',(#6303),#1307,.F.);
#7002=ADVANCED_FACE('',(#6304),#1308,.T.);
#7003=ADVANCED_FACE('',(#6305),#1309,.F.);
#7004=ADVANCED_FACE('',(#6306),#1310,.T.);
#7005=ADVANCED_FACE('',(#6307),#1311,.T.);
#7006=ADVANCED_FACE('',(#6308),#1312,.F.);
#7007=ADVANCED_FACE('',(#6309),#1313,.T.);
#7008=ADVANCED_FACE('',(#6310),#1314,.T.);
#7009=ADVANCED_FACE('',(#6311),#1315,.F.);
#7010=ADVANCED_FACE('',(#6312),#1316,.F.);
#7011=ADVANCED_FACE('',(#6313),#1317,.F.);
#7012=ADVANCED_FACE('',(#6314),#1318,.F.);
#7013=ADVANCED_FACE('',(#6315),#1319,.F.);
#7014=ADVANCED_FACE('',(#6316),#1320,.F.);
#7015=ADVANCED_FACE('',(#6317),#1321,.F.);
#7016=ADVANCED_FACE('',(#6318),#1322,.F.);
#7017=ADVANCED_FACE('',(#6319),#1323,.F.);
#7018=ADVANCED_FACE('',(#6320),#1324,.F.);
#7019=ADVANCED_FACE('',(#6321),#1325,.T.);
#7020=ADVANCED_FACE('',(#6322),#1326,.T.);
#7021=ADVANCED_FACE('',(#6323),#1327,.T.);
#7022=ADVANCED_FACE('',(#6324),#1328,.T.);
#7023=ADVANCED_FACE('',(#6325),#1329,.T.);
#7024=ADVANCED_FACE('',(#6326),#1330,.T.);
#7025=ADVANCED_FACE('',(#6327),#1331,.T.);
#7026=ADVANCED_FACE('',(#6328),#1332,.T.);
#7027=ADVANCED_FACE('',(#6329,#6330),#6649,.T.);
#7028=ADVANCED_FACE('',(#6331,#6332),#1333,.F.);
#7029=ADVANCED_FACE('',(#6333,#6334),#1334,.T.);
#7030=ADVANCED_FACE('',(#6335,#6336),#6650,.T.);
#7031=ADVANCED_FACE('',(#6337,#6338),#6651,.T.);
#7032=ADVANCED_FACE('',(#6339,#6340),#1389,.T.);
#7033=ADVANCED_FACE('',(#6341,#6342),#1390,.T.);
#7034=ADVANCED_FACE('',(#6343),#1335,.F.);
#7035=ADVANCED_FACE('',(#6344),#1336,.T.);
#7036=ADVANCED_FACE('',(#6345,#6346),#6652,.T.);
#7037=ADVANCED_FACE('',(#6347,#6348),#1391,.T.);
#7038=ADVANCED_FACE('',(#6349,#6350),#6653,.T.);
#7039=ADVANCED_FACE('',(#6351,#6352),#1392,.T.);
#7040=ADVANCED_FACE('',(#6353,#6354),#6654,.T.);
#7041=ADVANCED_FACE('',(#6355),#1337,.T.);
#7042=ADVANCED_FACE('',(#6356),#1338,.F.);
#7043=ADVANCED_FACE('',(#6357,#6358),#6655,.T.);
#7044=ADVANCED_FACE('',(#6359,#6360),#1393,.T.);
#7045=ADVANCED_FACE('',(#6361,#6362),#6656,.T.);
#7046=ADVANCED_FACE('',(#6363,#6364),#1394,.T.);
#7047=ADVANCED_FACE('',(#6365,#6366),#6657,.T.);
#7048=ADVANCED_FACE('',(#6367),#1339,.T.);
#7049=ADVANCED_FACE('',(#6368),#1340,.F.);
#7050=ADVANCED_FACE('',(#6369,#6370),#6658,.T.);
#7051=ADVANCED_FACE('',(#6371,#6372),#1341,.F.);
#7052=ADVANCED_FACE('',(#6373,#6374),#1342,.T.);
#7053=ADVANCED_FACE('',(#6375,#6376),#6659,.T.);
#7054=ADVANCED_FACE('',(#6377,#6378),#6660,.T.);
#7055=ADVANCED_FACE('',(#6379,#6380),#1395,.T.);
#7056=ADVANCED_FACE('',(#6381,#6382),#1396,.T.);
#7057=ADVANCED_FACE('',(#6383),#1343,.F.);
#7058=ADVANCED_FACE('',(#6384),#1344,.T.);
#7059=ADVANCED_FACE('',(#6385,#6386),#6661,.T.);
#7060=ADVANCED_FACE('',(#6387,#6388),#1397,.T.);
#7061=ADVANCED_FACE('',(#6389,#6390),#6662,.T.);
#7062=ADVANCED_FACE('',(#6391,#6392),#1398,.T.);
#7063=ADVANCED_FACE('',(#6393,#6394),#6663,.T.);
#7064=ADVANCED_FACE('',(#6395),#1345,.T.);
#7065=ADVANCED_FACE('',(#6396),#1346,.F.);
#7066=ADVANCED_FACE('',(#6397,#6398),#6664,.T.);
#7067=ADVANCED_FACE('',(#6399,#6400),#1347,.F.);
#7068=ADVANCED_FACE('',(#6401,#6402),#1348,.T.);
#7069=ADVANCED_FACE('',(#6403,#6404),#6665,.T.);
#7070=ADVANCED_FACE('',(#6405,#6406),#6666,.T.);
#7071=ADVANCED_FACE('',(#6407,#6408),#1399,.T.);
#7072=ADVANCED_FACE('',(#6409,#6410),#1400,.T.);
#7073=ADVANCED_FACE('',(#6411),#1349,.F.);
#7074=ADVANCED_FACE('',(#6412),#1350,.T.);
#7075=ADVANCED_FACE('',(#6413,#6414),#6667,.T.);
#7076=ADVANCED_FACE('',(#6415,#6416),#1401,.T.);
#7077=ADVANCED_FACE('',(#6417,#6418),#6668,.T.);
#7078=ADVANCED_FACE('',(#6419,#6420),#1402,.T.);
#7079=ADVANCED_FACE('',(#6421,#6422),#6669,.T.);
#7080=ADVANCED_FACE('',(#6423),#1351,.T.);
#7081=ADVANCED_FACE('',(#6424),#1352,.F.);
#7082=ADVANCED_FACE('',(#6425,#6426),#6670,.T.);
#7083=ADVANCED_FACE('',(#6427,#6428),#1403,.T.);
#7084=ADVANCED_FACE('',(#6429,#6430),#6671,.T.);
#7085=ADVANCED_FACE('',(#6431,#6432),#1404,.T.);
#7086=ADVANCED_FACE('',(#6433,#6434),#6672,.T.);
#7087=ADVANCED_FACE('',(#6435),#1353,.T.);
#7088=ADVANCED_FACE('',(#6436),#1354,.F.);
#7089=ADVANCED_FACE('',(#6437,#6438),#6673,.T.);
#7090=ADVANCED_FACE('',(#6439,#6440),#1355,.F.);
#7091=ADVANCED_FACE('',(#6441,#6442),#1356,.T.);
#7092=ADVANCED_FACE('',(#6443,#6444),#6674,.T.);
#7093=ADVANCED_FACE('',(#6445,#6446),#6675,.T.);
#7094=ADVANCED_FACE('',(#6447,#6448),#1405,.T.);
#7095=ADVANCED_FACE('',(#6449,#6450),#1406,.T.);
#7096=ADVANCED_FACE('',(#6451),#1357,.F.);
#7097=ADVANCED_FACE('',(#6452),#1358,.T.);
#7098=ADVANCED_FACE('',(#6453,#6454),#6676,.T.);
#7099=ADVANCED_FACE('',(#6455,#6456),#1407,.T.);
#7100=ADVANCED_FACE('',(#6457,#6458),#6677,.T.);
#7101=ADVANCED_FACE('',(#6459,#6460),#1408,.T.);
#7102=ADVANCED_FACE('',(#6461,#6462),#6678,.T.);
#7103=ADVANCED_FACE('',(#6463),#1359,.T.);
#7104=ADVANCED_FACE('',(#6464),#1360,.F.);
#7105=ADVANCED_FACE('',(#6465,#6466),#6679,.T.);
#7106=ADVANCED_FACE('',(#6467,#6468),#1361,.F.);
#7107=ADVANCED_FACE('',(#6469,#6470),#1362,.T.);
#7108=ADVANCED_FACE('',(#6471,#6472),#6680,.T.);
#7109=ADVANCED_FACE('',(#6473,#6474),#6681,.T.);
#7110=ADVANCED_FACE('',(#6475,#6476),#1409,.T.);
#7111=ADVANCED_FACE('',(#6477,#6478),#1410,.T.);
#7112=ADVANCED_FACE('',(#6479),#1363,.F.);
#7113=ADVANCED_FACE('',(#6480),#1364,.T.);
#7114=ADVANCED_FACE('',(#6481,#6482),#6682,.T.);
#7115=ADVANCED_FACE('',(#6483,#6484),#1365,.F.);
#7116=ADVANCED_FACE('',(#6485,#6486),#1366,.T.);
#7117=ADVANCED_FACE('',(#6487,#6488),#6683,.T.);
#7118=ADVANCED_FACE('',(#6489,#6490),#6684,.T.);
#7119=ADVANCED_FACE('',(#6491,#6492),#1411,.T.);
#7120=ADVANCED_FACE('',(#6493,#6494),#1412,.T.);
#7121=ADVANCED_FACE('',(#6495),#1367,.F.);
#7122=ADVANCED_FACE('',(#6496),#1368,.T.);
#7123=ADVANCED_FACE('',(#6497,#6498),#6685,.T.);
#7124=ADVANCED_FACE('',(#6499,#6500),#1413,.T.);
#7125=ADVANCED_FACE('',(#6501,#6502),#6686,.T.);
#7126=ADVANCED_FACE('',(#6503,#6504),#1414,.T.);
#7127=ADVANCED_FACE('',(#6505,#6506),#6687,.T.);
#7128=ADVANCED_FACE('',(#6507),#1369,.T.);
#7129=ADVANCED_FACE('',(#6508),#1370,.F.);
#7130=ADVANCED_FACE('',(#6509,#6510),#6688,.T.);
#7131=ADVANCED_FACE('',(#6511,#6512),#1371,.F.);
#7132=ADVANCED_FACE('',(#6513,#6514),#1372,.T.);
#7133=ADVANCED_FACE('',(#6515,#6516),#6689,.T.);
#7134=ADVANCED_FACE('',(#6517,#6518),#6690,.T.);
#7135=ADVANCED_FACE('',(#6519,#6520),#1415,.T.);
#7136=ADVANCED_FACE('',(#6521,#6522),#1416,.T.);
#7137=ADVANCED_FACE('',(#6523),#1373,.F.);
#7138=ADVANCED_FACE('',(#6524),#1374,.T.);
#7139=ADVANCED_FACE('',(#6525,#6526),#6691,.T.);
#7140=ADVANCED_FACE('',(#6527,#6528),#1375,.F.);
#7141=ADVANCED_FACE('',(#6529,#6530),#1376,.T.);
#7142=ADVANCED_FACE('',(#6531,#6532),#6692,.T.);
#7143=ADVANCED_FACE('',(#6533,#6534),#6693,.T.);
#7144=ADVANCED_FACE('',(#6535,#6536),#1417,.T.);
#7145=ADVANCED_FACE('',(#6537,#6538),#1418,.T.);
#7146=ADVANCED_FACE('',(#6539),#1377,.F.);
#7147=ADVANCED_FACE('',(#6540),#1378,.T.);
#7148=CLOSED_SHELL('',(#6694,#6695,#6696,#6697,#6698,#6699,#6700,#6701,
#6702,#6703,#6704,#6705,#6706));
#7149=CLOSED_SHELL('',(#6707,#6708,#6709,#6710,#6711,#6712,#6713));
#7150=CLOSED_SHELL('',(#6714,#6715,#6716,#6717,#6718,#6719,#6720,#6721,
#6722,#6723,#6724,#6725,#6726,#6727,#6728,#6729,#6730,#6731,#6732,#6733,
#6734,#6735,#6736,#6737,#6738,#6739,#6740,#6741,#6742,#6743,#6744,#6745,
#6746,#6747,#6748,#6749,#6750,#6751,#6752,#6753,#6754,#6755,#6756,#6757,
#6758,#6759,#6760,#6761,#6762,#6763,#6764,#6765,#6766,#6767,#6768,#6769,
#6770,#6771,#6772,#6773,#6774,#6775,#6776,#6777,#6778,#6779,#6780,#6781,
#6782,#6783,#6784,#6785,#6786,#6787,#6788,#6789,#6790,#6791,#6792,#6793,
#6794,#6795,#6796,#6797,#6798,#6799,#6800,#6801,#6802,#6803,#6804,#6805,
#6806,#6807,#6808,#6809,#6810,#6811,#6812,#6813,#6814));
#7151=CLOSED_SHELL('',(#6815,#6816,#6817,#6818,#6819,#6820,#6821));
#7152=CLOSED_SHELL('',(#6822,#6823,#6824,#6825,#6826,#6827,#6828,#6829,
#6830));
#7153=CLOSED_SHELL('',(#6831,#6832,#6833,#6834,#6835,#6836,#6837,#6838,
#6839,#6840,#6841,#6842,#6843,#6844,#6845,#6846,#6847,#6848,#6849,#6850,
#6851,#6852,#6853,#6854,#6855,#6856,#6857,#6858,#6859,#6860,#6861,#6862,
#6863,#6864,#6865,#6866,#6867,#6868,#6869,#6870,#6871,#6872,#6873,#6874,
#6875,#6876,#6877,#6878,#6879,#6880,#6881,#6882,#6883,#6884,#6885,#6886,
#6887,#6888,#6889,#6890,#6891,#6892,#6893,#6894,#6895,#6896,#6897,#6898,
#6899,#6900,#6901,#6902,#6903,#6904,#6905,#6906,#6907,#6908,#6909,#6910,
#6911,#6912,#6913,#6914,#6915,#6916,#6917,#6918,#6919,#6920,#6921,#6922,
#6923,#6924,#6925,#6926,#6927,#6928,#6929,#6930,#6931,#6932,#6933,#6934,
#6935,#6936,#6937,#6938,#6939,#6940,#6941,#6942,#6943,#6944,#6945,#6946,
#6947,#6948,#6949,#6950,#6951,#6952,#6953,#6954,#6955,#6956,#6957,#6958,
#6959,#6960,#6961,#6962,#6963,#6964,#6965,#6966,#6967,#6968,#6969,#6970,
#6971,#6972,#6973,#6974,#6975,#6976,#6977,#6978,#6979,#6980,#6981,#6982,
#6983,#6984,#6985,#6986,#6987,#6988,#6989,#6990,#6991,#6992,#6993,#6994,
#6995,#6996,#6997,#6998,#6999,#7000,#7001,#7002,#7003,#7004,#7005,#7006,
#7007,#7008,#7009,#7010,#7011,#7012,#7013,#7014,#7015,#7016,#7017,#7018,
#7019,#7020,#7021,#7022,#7023,#7024,#7025,#7026));
#7154=CLOSED_SHELL('',(#7027,#7028,#7029,#7030,#7031,#7032,#7033,#7034,
#7035));
#7155=CLOSED_SHELL('',(#7036,#7037,#7038,#7039,#7040,#7041,#7042));
#7156=CLOSED_SHELL('',(#7043,#7044,#7045,#7046,#7047,#7048,#7049));
#7157=CLOSED_SHELL('',(#7050,#7051,#7052,#7053,#7054,#7055,#7056,#7057,
#7058));
#7158=CLOSED_SHELL('',(#7059,#7060,#7061,#7062,#7063,#7064,#7065));
#7159=CLOSED_SHELL('',(#7066,#7067,#7068,#7069,#7070,#7071,#7072,#7073,
#7074));
#7160=CLOSED_SHELL('',(#7075,#7076,#7077,#7078,#7079,#7080,#7081));
#7161=CLOSED_SHELL('',(#7082,#7083,#7084,#7085,#7086,#7087,#7088));
#7162=CLOSED_SHELL('',(#7089,#7090,#7091,#7092,#7093,#7094,#7095,#7096,
#7097));
#7163=CLOSED_SHELL('',(#7098,#7099,#7100,#7101,#7102,#7103,#7104));
#7164=CLOSED_SHELL('',(#7105,#7106,#7107,#7108,#7109,#7110,#7111,#7112,
#7113));
#7165=CLOSED_SHELL('',(#7114,#7115,#7116,#7117,#7118,#7119,#7120,#7121,
#7122));
#7166=CLOSED_SHELL('',(#7123,#7124,#7125,#7126,#7127,#7128,#7129));
#7167=CLOSED_SHELL('',(#7130,#7131,#7132,#7133,#7134,#7135,#7136,#7137,
#7138));
#7168=CLOSED_SHELL('',(#7139,#7140,#7141,#7142,#7143,#7144,#7145,#7146,
#7147));
#7169=STYLED_ITEM('',(#7190),#7839);
#7170=STYLED_ITEM('',(#7198),#7840);
#7171=STYLED_ITEM('',(#7199),#7841);
#7172=STYLED_ITEM('',(#7200),#7842);
#7173=STYLED_ITEM('',(#7201),#7843);
#7174=STYLED_ITEM('',(#7205),#7844);
#7175=STYLED_ITEM('',(#7258),#7845);
#7176=STYLED_ITEM('',(#7262),#7846);
#7177=STYLED_ITEM('',(#7263),#7847);
#7178=STYLED_ITEM('',(#7264),#7848);
#7179=STYLED_ITEM('',(#7268),#7849);
#7180=STYLED_ITEM('',(#7269),#7850);
#7181=STYLED_ITEM('',(#7273),#7851);
#7182=STYLED_ITEM('',(#7274),#7852);
#7183=STYLED_ITEM('',(#7275),#7853);
#7184=STYLED_ITEM('',(#7279),#7854);
#7185=STYLED_ITEM('',(#7280),#7855);
#7186=STYLED_ITEM('',(#7284),#7856);
#7187=STYLED_ITEM('',(#7288),#7857);
#7188=STYLED_ITEM('',(#7289),#7858);
#7189=STYLED_ITEM('',(#7293),#7859);
#7190=PRESENTATION_STYLE_ASSIGNMENT((#7297));
#7191=PRESENTATION_STYLE_ASSIGNMENT((#7298));
#7192=PRESENTATION_STYLE_ASSIGNMENT((#7299));
#7193=PRESENTATION_STYLE_ASSIGNMENT((#7300));
#7194=PRESENTATION_STYLE_ASSIGNMENT((#7301));
#7195=PRESENTATION_STYLE_ASSIGNMENT((#7302));
#7196=PRESENTATION_STYLE_ASSIGNMENT((#7303));
#7197=PRESENTATION_STYLE_ASSIGNMENT((#7304));
#7198=PRESENTATION_STYLE_ASSIGNMENT((#7305));
#7199=PRESENTATION_STYLE_ASSIGNMENT((#7306));
#7200=PRESENTATION_STYLE_ASSIGNMENT((#7307));
#7201=PRESENTATION_STYLE_ASSIGNMENT((#7308));
#7202=PRESENTATION_STYLE_ASSIGNMENT((#7309));
#7203=PRESENTATION_STYLE_ASSIGNMENT((#7310));
#7204=PRESENTATION_STYLE_ASSIGNMENT((#7311));
#7205=PRESENTATION_STYLE_ASSIGNMENT((#7312));
#7206=PRESENTATION_STYLE_ASSIGNMENT((#7313));
#7207=PRESENTATION_STYLE_ASSIGNMENT((#7314));
#7208=PRESENTATION_STYLE_ASSIGNMENT((#7315));
#7209=PRESENTATION_STYLE_ASSIGNMENT((#7316));
#7210=PRESENTATION_STYLE_ASSIGNMENT((#7317));
#7211=PRESENTATION_STYLE_ASSIGNMENT((#7318));
#7212=PRESENTATION_STYLE_ASSIGNMENT((#7319));
#7213=PRESENTATION_STYLE_ASSIGNMENT((#7320));
#7214=PRESENTATION_STYLE_ASSIGNMENT((#7321));
#7215=PRESENTATION_STYLE_ASSIGNMENT((#7322));
#7216=PRESENTATION_STYLE_ASSIGNMENT((#7323));
#7217=PRESENTATION_STYLE_ASSIGNMENT((#7324));
#7218=PRESENTATION_STYLE_ASSIGNMENT((#7325));
#7219=PRESENTATION_STYLE_ASSIGNMENT((#7326));
#7220=PRESENTATION_STYLE_ASSIGNMENT((#7327));
#7221=PRESENTATION_STYLE_ASSIGNMENT((#7328));
#7222=PRESENTATION_STYLE_ASSIGNMENT((#7329));
#7223=PRESENTATION_STYLE_ASSIGNMENT((#7330));
#7224=PRESENTATION_STYLE_ASSIGNMENT((#7331));
#7225=PRESENTATION_STYLE_ASSIGNMENT((#7332));
#7226=PRESENTATION_STYLE_ASSIGNMENT((#7333));
#7227=PRESENTATION_STYLE_ASSIGNMENT((#7334));
#7228=PRESENTATION_STYLE_ASSIGNMENT((#7335));
#7229=PRESENTATION_STYLE_ASSIGNMENT((#7336));
#7230=PRESENTATION_STYLE_ASSIGNMENT((#7337));
#7231=PRESENTATION_STYLE_ASSIGNMENT((#7338));
#7232=PRESENTATION_STYLE_ASSIGNMENT((#7339));
#7233=PRESENTATION_STYLE_ASSIGNMENT((#7340));
#7234=PRESENTATION_STYLE_ASSIGNMENT((#7341));
#7235=PRESENTATION_STYLE_ASSIGNMENT((#7342));
#7236=PRESENTATION_STYLE_ASSIGNMENT((#7343));
#7237=PRESENTATION_STYLE_ASSIGNMENT((#7344));
#7238=PRESENTATION_STYLE_ASSIGNMENT((#7345));
#7239=PRESENTATION_STYLE_ASSIGNMENT((#7346));
#7240=PRESENTATION_STYLE_ASSIGNMENT((#7347));
#7241=PRESENTATION_STYLE_ASSIGNMENT((#7348));
#7242=PRESENTATION_STYLE_ASSIGNMENT((#7349));
#7243=PRESENTATION_STYLE_ASSIGNMENT((#7350));
#7244=PRESENTATION_STYLE_ASSIGNMENT((#7351));
#7245=PRESENTATION_STYLE_ASSIGNMENT((#7352));
#7246=PRESENTATION_STYLE_ASSIGNMENT((#7353));
#7247=PRESENTATION_STYLE_ASSIGNMENT((#7354));
#7248=PRESENTATION_STYLE_ASSIGNMENT((#7355));
#7249=PRESENTATION_STYLE_ASSIGNMENT((#7356));
#7250=PRESENTATION_STYLE_ASSIGNMENT((#7357));
#7251=PRESENTATION_STYLE_ASSIGNMENT((#7358));
#7252=PRESENTATION_STYLE_ASSIGNMENT((#7359));
#7253=PRESENTATION_STYLE_ASSIGNMENT((#7360));
#7254=PRESENTATION_STYLE_ASSIGNMENT((#7361));
#7255=PRESENTATION_STYLE_ASSIGNMENT((#7362));
#7256=PRESENTATION_STYLE_ASSIGNMENT((#7363));
#7257=PRESENTATION_STYLE_ASSIGNMENT((#7364));
#7258=PRESENTATION_STYLE_ASSIGNMENT((#7365));
#7259=PRESENTATION_STYLE_ASSIGNMENT((#7366));
#7260=PRESENTATION_STYLE_ASSIGNMENT((#7367));
#7261=PRESENTATION_STYLE_ASSIGNMENT((#7368));
#7262=PRESENTATION_STYLE_ASSIGNMENT((#7369));
#7263=PRESENTATION_STYLE_ASSIGNMENT((#7370));
#7264=PRESENTATION_STYLE_ASSIGNMENT((#7371));
#7265=PRESENTATION_STYLE_ASSIGNMENT((#7372));
#7266=PRESENTATION_STYLE_ASSIGNMENT((#7373));
#7267=PRESENTATION_STYLE_ASSIGNMENT((#7374));
#7268=PRESENTATION_STYLE_ASSIGNMENT((#7375));
#7269=PRESENTATION_STYLE_ASSIGNMENT((#7376));
#7270=PRESENTATION_STYLE_ASSIGNMENT((#7377));
#7271=PRESENTATION_STYLE_ASSIGNMENT((#7378));
#7272=PRESENTATION_STYLE_ASSIGNMENT((#7379));
#7273=PRESENTATION_STYLE_ASSIGNMENT((#7380));
#7274=PRESENTATION_STYLE_ASSIGNMENT((#7381));
#7275=PRESENTATION_STYLE_ASSIGNMENT((#7382));
#7276=PRESENTATION_STYLE_ASSIGNMENT((#7383));
#7277=PRESENTATION_STYLE_ASSIGNMENT((#7384));
#7278=PRESENTATION_STYLE_ASSIGNMENT((#7385));
#7279=PRESENTATION_STYLE_ASSIGNMENT((#7386));
#7280=PRESENTATION_STYLE_ASSIGNMENT((#7387));
#7281=PRESENTATION_STYLE_ASSIGNMENT((#7388));
#7282=PRESENTATION_STYLE_ASSIGNMENT((#7389));
#7283=PRESENTATION_STYLE_ASSIGNMENT((#7390));
#7284=PRESENTATION_STYLE_ASSIGNMENT((#7391));
#7285=PRESENTATION_STYLE_ASSIGNMENT((#7392));
#7286=PRESENTATION_STYLE_ASSIGNMENT((#7393));
#7287=PRESENTATION_STYLE_ASSIGNMENT((#7394));
#7288=PRESENTATION_STYLE_ASSIGNMENT((#7395));
#7289=PRESENTATION_STYLE_ASSIGNMENT((#7396));
#7290=PRESENTATION_STYLE_ASSIGNMENT((#7397));
#7291=PRESENTATION_STYLE_ASSIGNMENT((#7398));
#7292=PRESENTATION_STYLE_ASSIGNMENT((#7399));
#7293=PRESENTATION_STYLE_ASSIGNMENT((#7400));
#7294=PRESENTATION_STYLE_ASSIGNMENT((#7401));
#7295=PRESENTATION_STYLE_ASSIGNMENT((#7402));
#7296=PRESENTATION_STYLE_ASSIGNMENT((#7403));
#7297=SURFACE_STYLE_USAGE(.BOTH.,#7404);
#7298=SURFACE_STYLE_USAGE(.BOTH.,#7405);
#7299=SURFACE_STYLE_USAGE(.BOTH.,#7406);
#7300=SURFACE_STYLE_USAGE(.BOTH.,#7407);
#7301=SURFACE_STYLE_USAGE(.BOTH.,#7408);
#7302=SURFACE_STYLE_USAGE(.BOTH.,#7409);
#7303=SURFACE_STYLE_USAGE(.BOTH.,#7410);
#7304=SURFACE_STYLE_USAGE(.BOTH.,#7411);
#7305=SURFACE_STYLE_USAGE(.BOTH.,#7412);
#7306=SURFACE_STYLE_USAGE(.BOTH.,#7413);
#7307=SURFACE_STYLE_USAGE(.BOTH.,#7414);
#7308=SURFACE_STYLE_USAGE(.BOTH.,#7415);
#7309=SURFACE_STYLE_USAGE(.BOTH.,#7416);
#7310=SURFACE_STYLE_USAGE(.BOTH.,#7417);
#7311=SURFACE_STYLE_USAGE(.BOTH.,#7418);
#7312=SURFACE_STYLE_USAGE(.BOTH.,#7419);
#7313=SURFACE_STYLE_USAGE(.BOTH.,#7420);
#7314=SURFACE_STYLE_USAGE(.BOTH.,#7421);
#7315=SURFACE_STYLE_USAGE(.BOTH.,#7422);
#7316=SURFACE_STYLE_USAGE(.BOTH.,#7423);
#7317=SURFACE_STYLE_USAGE(.BOTH.,#7424);
#7318=SURFACE_STYLE_USAGE(.BOTH.,#7425);
#7319=SURFACE_STYLE_USAGE(.BOTH.,#7426);
#7320=SURFACE_STYLE_USAGE(.BOTH.,#7427);
#7321=SURFACE_STYLE_USAGE(.BOTH.,#7428);
#7322=SURFACE_STYLE_USAGE(.BOTH.,#7429);
#7323=SURFACE_STYLE_USAGE(.BOTH.,#7430);
#7324=SURFACE_STYLE_USAGE(.BOTH.,#7431);
#7325=SURFACE_STYLE_USAGE(.BOTH.,#7432);
#7326=SURFACE_STYLE_USAGE(.BOTH.,#7433);
#7327=SURFACE_STYLE_USAGE(.BOTH.,#7434);
#7328=SURFACE_STYLE_USAGE(.BOTH.,#7435);
#7329=SURFACE_STYLE_USAGE(.BOTH.,#7436);
#7330=SURFACE_STYLE_USAGE(.BOTH.,#7437);
#7331=SURFACE_STYLE_USAGE(.BOTH.,#7438);
#7332=SURFACE_STYLE_USAGE(.BOTH.,#7439);
#7333=SURFACE_STYLE_USAGE(.BOTH.,#7440);
#7334=SURFACE_STYLE_USAGE(.BOTH.,#7441);
#7335=SURFACE_STYLE_USAGE(.BOTH.,#7442);
#7336=SURFACE_STYLE_USAGE(.BOTH.,#7443);
#7337=SURFACE_STYLE_USAGE(.BOTH.,#7444);
#7338=SURFACE_STYLE_USAGE(.BOTH.,#7445);
#7339=SURFACE_STYLE_USAGE(.BOTH.,#7446);
#7340=SURFACE_STYLE_USAGE(.BOTH.,#7447);
#7341=SURFACE_STYLE_USAGE(.BOTH.,#7448);
#7342=SURFACE_STYLE_USAGE(.BOTH.,#7449);
#7343=SURFACE_STYLE_USAGE(.BOTH.,#7450);
#7344=SURFACE_STYLE_USAGE(.BOTH.,#7451);
#7345=SURFACE_STYLE_USAGE(.BOTH.,#7452);
#7346=SURFACE_STYLE_USAGE(.BOTH.,#7453);
#7347=SURFACE_STYLE_USAGE(.BOTH.,#7454);
#7348=SURFACE_STYLE_USAGE(.BOTH.,#7455);
#7349=SURFACE_STYLE_USAGE(.BOTH.,#7456);
#7350=SURFACE_STYLE_USAGE(.BOTH.,#7457);
#7351=SURFACE_STYLE_USAGE(.BOTH.,#7458);
#7352=SURFACE_STYLE_USAGE(.BOTH.,#7459);
#7353=SURFACE_STYLE_USAGE(.BOTH.,#7460);
#7354=SURFACE_STYLE_USAGE(.BOTH.,#7461);
#7355=SURFACE_STYLE_USAGE(.BOTH.,#7462);
#7356=SURFACE_STYLE_USAGE(.BOTH.,#7463);
#7357=SURFACE_STYLE_USAGE(.BOTH.,#7464);
#7358=SURFACE_STYLE_USAGE(.BOTH.,#7465);
#7359=SURFACE_STYLE_USAGE(.BOTH.,#7466);
#7360=SURFACE_STYLE_USAGE(.BOTH.,#7467);
#7361=SURFACE_STYLE_USAGE(.BOTH.,#7468);
#7362=SURFACE_STYLE_USAGE(.BOTH.,#7469);
#7363=SURFACE_STYLE_USAGE(.BOTH.,#7470);
#7364=SURFACE_STYLE_USAGE(.BOTH.,#7471);
#7365=SURFACE_STYLE_USAGE(.BOTH.,#7472);
#7366=SURFACE_STYLE_USAGE(.BOTH.,#7473);
#7367=SURFACE_STYLE_USAGE(.BOTH.,#7474);
#7368=SURFACE_STYLE_USAGE(.BOTH.,#7475);
#7369=SURFACE_STYLE_USAGE(.BOTH.,#7476);
#7370=SURFACE_STYLE_USAGE(.BOTH.,#7477);
#7371=SURFACE_STYLE_USAGE(.BOTH.,#7478);
#7372=SURFACE_STYLE_USAGE(.BOTH.,#7479);
#7373=SURFACE_STYLE_USAGE(.BOTH.,#7480);
#7374=SURFACE_STYLE_USAGE(.BOTH.,#7481);
#7375=SURFACE_STYLE_USAGE(.BOTH.,#7482);
#7376=SURFACE_STYLE_USAGE(.BOTH.,#7483);
#7377=SURFACE_STYLE_USAGE(.BOTH.,#7484);
#7378=SURFACE_STYLE_USAGE(.BOTH.,#7485);
#7379=SURFACE_STYLE_USAGE(.BOTH.,#7486);
#7380=SURFACE_STYLE_USAGE(.BOTH.,#7487);
#7381=SURFACE_STYLE_USAGE(.BOTH.,#7488);
#7382=SURFACE_STYLE_USAGE(.BOTH.,#7489);
#7383=SURFACE_STYLE_USAGE(.BOTH.,#7490);
#7384=SURFACE_STYLE_USAGE(.BOTH.,#7491);
#7385=SURFACE_STYLE_USAGE(.BOTH.,#7492);
#7386=SURFACE_STYLE_USAGE(.BOTH.,#7493);
#7387=SURFACE_STYLE_USAGE(.BOTH.,#7494);
#7388=SURFACE_STYLE_USAGE(.BOTH.,#7495);
#7389=SURFACE_STYLE_USAGE(.BOTH.,#7496);
#7390=SURFACE_STYLE_USAGE(.BOTH.,#7497);
#7391=SURFACE_STYLE_USAGE(.BOTH.,#7498);
#7392=SURFACE_STYLE_USAGE(.BOTH.,#7499);
#7393=SURFACE_STYLE_USAGE(.BOTH.,#7500);
#7394=SURFACE_STYLE_USAGE(.BOTH.,#7501);
#7395=SURFACE_STYLE_USAGE(.BOTH.,#7502);
#7396=SURFACE_STYLE_USAGE(.BOTH.,#7503);
#7397=SURFACE_STYLE_USAGE(.BOTH.,#7504);
#7398=SURFACE_STYLE_USAGE(.BOTH.,#7505);
#7399=SURFACE_STYLE_USAGE(.BOTH.,#7506);
#7400=SURFACE_STYLE_USAGE(.BOTH.,#7507);
#7401=SURFACE_STYLE_USAGE(.BOTH.,#7508);
#7402=SURFACE_STYLE_USAGE(.BOTH.,#7509);
#7403=SURFACE_STYLE_USAGE(.BOTH.,#7510);
#7404=SURFACE_SIDE_STYLE('',(#7511));
#7405=SURFACE_SIDE_STYLE('',(#7512));
#7406=SURFACE_SIDE_STYLE('',(#7513));
#7407=SURFACE_SIDE_STYLE('',(#7514));
#7408=SURFACE_SIDE_STYLE('',(#7515));
#7409=SURFACE_SIDE_STYLE('',(#7516));
#7410=SURFACE_SIDE_STYLE('',(#7517));
#7411=SURFACE_SIDE_STYLE('',(#7518));
#7412=SURFACE_SIDE_STYLE('',(#7519));
#7413=SURFACE_SIDE_STYLE('',(#7520));
#7414=SURFACE_SIDE_STYLE('',(#7521));
#7415=SURFACE_SIDE_STYLE('',(#7522));
#7416=SURFACE_SIDE_STYLE('',(#7523));
#7417=SURFACE_SIDE_STYLE('',(#7524));
#7418=SURFACE_SIDE_STYLE('',(#7525));
#7419=SURFACE_SIDE_STYLE('',(#7526));
#7420=SURFACE_SIDE_STYLE('',(#7527));
#7421=SURFACE_SIDE_STYLE('',(#7528));
#7422=SURFACE_SIDE_STYLE('',(#7529));
#7423=SURFACE_SIDE_STYLE('',(#7530));
#7424=SURFACE_SIDE_STYLE('',(#7531));
#7425=SURFACE_SIDE_STYLE('',(#7532));
#7426=SURFACE_SIDE_STYLE('',(#7533));
#7427=SURFACE_SIDE_STYLE('',(#7534));
#7428=SURFACE_SIDE_STYLE('',(#7535));
#7429=SURFACE_SIDE_STYLE('',(#7536));
#7430=SURFACE_SIDE_STYLE('',(#7537));
#7431=SURFACE_SIDE_STYLE('',(#7538));
#7432=SURFACE_SIDE_STYLE('',(#7539));
#7433=SURFACE_SIDE_STYLE('',(#7540));
#7434=SURFACE_SIDE_STYLE('',(#7541));
#7435=SURFACE_SIDE_STYLE('',(#7542));
#7436=SURFACE_SIDE_STYLE('',(#7543));
#7437=SURFACE_SIDE_STYLE('',(#7544));
#7438=SURFACE_SIDE_STYLE('',(#7545));
#7439=SURFACE_SIDE_STYLE('',(#7546));
#7440=SURFACE_SIDE_STYLE('',(#7547));
#7441=SURFACE_SIDE_STYLE('',(#7548));
#7442=SURFACE_SIDE_STYLE('',(#7549));
#7443=SURFACE_SIDE_STYLE('',(#7550));
#7444=SURFACE_SIDE_STYLE('',(#7551));
#7445=SURFACE_SIDE_STYLE('',(#7552));
#7446=SURFACE_SIDE_STYLE('',(#7553));
#7447=SURFACE_SIDE_STYLE('',(#7554));
#7448=SURFACE_SIDE_STYLE('',(#7555));
#7449=SURFACE_SIDE_STYLE('',(#7556));
#7450=SURFACE_SIDE_STYLE('',(#7557));
#7451=SURFACE_SIDE_STYLE('',(#7558));
#7452=SURFACE_SIDE_STYLE('',(#7559));
#7453=SURFACE_SIDE_STYLE('',(#7560));
#7454=SURFACE_SIDE_STYLE('',(#7561));
#7455=SURFACE_SIDE_STYLE('',(#7562));
#7456=SURFACE_SIDE_STYLE('',(#7563));
#7457=SURFACE_SIDE_STYLE('',(#7564));
#7458=SURFACE_SIDE_STYLE('',(#7565));
#7459=SURFACE_SIDE_STYLE('',(#7566));
#7460=SURFACE_SIDE_STYLE('',(#7567));
#7461=SURFACE_SIDE_STYLE('',(#7568));
#7462=SURFACE_SIDE_STYLE('',(#7569));
#7463=SURFACE_SIDE_STYLE('',(#7570));
#7464=SURFACE_SIDE_STYLE('',(#7571));
#7465=SURFACE_SIDE_STYLE('',(#7572));
#7466=SURFACE_SIDE_STYLE('',(#7573));
#7467=SURFACE_SIDE_STYLE('',(#7574));
#7468=SURFACE_SIDE_STYLE('',(#7575));
#7469=SURFACE_SIDE_STYLE('',(#7576));
#7470=SURFACE_SIDE_STYLE('',(#7577));
#7471=SURFACE_SIDE_STYLE('',(#7578));
#7472=SURFACE_SIDE_STYLE('',(#7579));
#7473=SURFACE_SIDE_STYLE('',(#7580));
#7474=SURFACE_SIDE_STYLE('',(#7581));
#7475=SURFACE_SIDE_STYLE('',(#7582));
#7476=SURFACE_SIDE_STYLE('',(#7583));
#7477=SURFACE_SIDE_STYLE('',(#7584));
#7478=SURFACE_SIDE_STYLE('',(#7585));
#7479=SURFACE_SIDE_STYLE('',(#7586));
#7480=SURFACE_SIDE_STYLE('',(#7587));
#7481=SURFACE_SIDE_STYLE('',(#7588));
#7482=SURFACE_SIDE_STYLE('',(#7589));
#7483=SURFACE_SIDE_STYLE('',(#7590));
#7484=SURFACE_SIDE_STYLE('',(#7591));
#7485=SURFACE_SIDE_STYLE('',(#7592));
#7486=SURFACE_SIDE_STYLE('',(#7593));
#7487=SURFACE_SIDE_STYLE('',(#7594));
#7488=SURFACE_SIDE_STYLE('',(#7595));
#7489=SURFACE_SIDE_STYLE('',(#7596));
#7490=SURFACE_SIDE_STYLE('',(#7597));
#7491=SURFACE_SIDE_STYLE('',(#7598));
#7492=SURFACE_SIDE_STYLE('',(#7599));
#7493=SURFACE_SIDE_STYLE('',(#7600));
#7494=SURFACE_SIDE_STYLE('',(#7601));
#7495=SURFACE_SIDE_STYLE('',(#7602));
#7496=SURFACE_SIDE_STYLE('',(#7603));
#7497=SURFACE_SIDE_STYLE('',(#7604));
#7498=SURFACE_SIDE_STYLE('',(#7605));
#7499=SURFACE_SIDE_STYLE('',(#7606));
#7500=SURFACE_SIDE_STYLE('',(#7607));
#7501=SURFACE_SIDE_STYLE('',(#7608));
#7502=SURFACE_SIDE_STYLE('',(#7609));
#7503=SURFACE_SIDE_STYLE('',(#7610));
#7504=SURFACE_SIDE_STYLE('',(#7611));
#7505=SURFACE_SIDE_STYLE('',(#7612));
#7506=SURFACE_SIDE_STYLE('',(#7613));
#7507=SURFACE_SIDE_STYLE('',(#7614));
#7508=SURFACE_SIDE_STYLE('',(#7615));
#7509=SURFACE_SIDE_STYLE('',(#7616));
#7510=SURFACE_SIDE_STYLE('',(#7617));
#7511=SURFACE_STYLE_FILL_AREA(#7618);
#7512=SURFACE_STYLE_FILL_AREA(#7619);
#7513=SURFACE_STYLE_FILL_AREA(#7620);
#7514=SURFACE_STYLE_FILL_AREA(#7621);
#7515=SURFACE_STYLE_FILL_AREA(#7622);
#7516=SURFACE_STYLE_FILL_AREA(#7623);
#7517=SURFACE_STYLE_FILL_AREA(#7624);
#7518=SURFACE_STYLE_FILL_AREA(#7625);
#7519=SURFACE_STYLE_FILL_AREA(#7626);
#7520=SURFACE_STYLE_FILL_AREA(#7627);
#7521=SURFACE_STYLE_FILL_AREA(#7628);
#7522=SURFACE_STYLE_FILL_AREA(#7629);
#7523=SURFACE_STYLE_FILL_AREA(#7630);
#7524=SURFACE_STYLE_FILL_AREA(#7631);
#7525=SURFACE_STYLE_FILL_AREA(#7632);
#7526=SURFACE_STYLE_FILL_AREA(#7633);
#7527=SURFACE_STYLE_FILL_AREA(#7634);
#7528=SURFACE_STYLE_FILL_AREA(#7635);
#7529=SURFACE_STYLE_FILL_AREA(#7636);
#7530=SURFACE_STYLE_FILL_AREA(#7637);
#7531=SURFACE_STYLE_FILL_AREA(#7638);
#7532=SURFACE_STYLE_FILL_AREA(#7639);
#7533=SURFACE_STYLE_FILL_AREA(#7640);
#7534=SURFACE_STYLE_FILL_AREA(#7641);
#7535=SURFACE_STYLE_FILL_AREA(#7642);
#7536=SURFACE_STYLE_FILL_AREA(#7643);
#7537=SURFACE_STYLE_FILL_AREA(#7644);
#7538=SURFACE_STYLE_FILL_AREA(#7645);
#7539=SURFACE_STYLE_FILL_AREA(#7646);
#7540=SURFACE_STYLE_FILL_AREA(#7647);
#7541=SURFACE_STYLE_FILL_AREA(#7648);
#7542=SURFACE_STYLE_FILL_AREA(#7649);
#7543=SURFACE_STYLE_FILL_AREA(#7650);
#7544=SURFACE_STYLE_FILL_AREA(#7651);
#7545=SURFACE_STYLE_FILL_AREA(#7652);
#7546=SURFACE_STYLE_FILL_AREA(#7653);
#7547=SURFACE_STYLE_FILL_AREA(#7654);
#7548=SURFACE_STYLE_FILL_AREA(#7655);
#7549=SURFACE_STYLE_FILL_AREA(#7656);
#7550=SURFACE_STYLE_FILL_AREA(#7657);
#7551=SURFACE_STYLE_FILL_AREA(#7658);
#7552=SURFACE_STYLE_FILL_AREA(#7659);
#7553=SURFACE_STYLE_FILL_AREA(#7660);
#7554=SURFACE_STYLE_FILL_AREA(#7661);
#7555=SURFACE_STYLE_FILL_AREA(#7662);
#7556=SURFACE_STYLE_FILL_AREA(#7663);
#7557=SURFACE_STYLE_FILL_AREA(#7664);
#7558=SURFACE_STYLE_FILL_AREA(#7665);
#7559=SURFACE_STYLE_FILL_AREA(#7666);
#7560=SURFACE_STYLE_FILL_AREA(#7667);
#7561=SURFACE_STYLE_FILL_AREA(#7668);
#7562=SURFACE_STYLE_FILL_AREA(#7669);
#7563=SURFACE_STYLE_FILL_AREA(#7670);
#7564=SURFACE_STYLE_FILL_AREA(#7671);
#7565=SURFACE_STYLE_FILL_AREA(#7672);
#7566=SURFACE_STYLE_FILL_AREA(#7673);
#7567=SURFACE_STYLE_FILL_AREA(#7674);
#7568=SURFACE_STYLE_FILL_AREA(#7675);
#7569=SURFACE_STYLE_FILL_AREA(#7676);
#7570=SURFACE_STYLE_FILL_AREA(#7677);
#7571=SURFACE_STYLE_FILL_AREA(#7678);
#7572=SURFACE_STYLE_FILL_AREA(#7679);
#7573=SURFACE_STYLE_FILL_AREA(#7680);
#7574=SURFACE_STYLE_FILL_AREA(#7681);
#7575=SURFACE_STYLE_FILL_AREA(#7682);
#7576=SURFACE_STYLE_FILL_AREA(#7683);
#7577=SURFACE_STYLE_FILL_AREA(#7684);
#7578=SURFACE_STYLE_FILL_AREA(#7685);
#7579=SURFACE_STYLE_FILL_AREA(#7686);
#7580=SURFACE_STYLE_FILL_AREA(#7687);
#7581=SURFACE_STYLE_FILL_AREA(#7688);
#7582=SURFACE_STYLE_FILL_AREA(#7689);
#7583=SURFACE_STYLE_FILL_AREA(#7690);
#7584=SURFACE_STYLE_FILL_AREA(#7691);
#7585=SURFACE_STYLE_FILL_AREA(#7692);
#7586=SURFACE_STYLE_FILL_AREA(#7693);
#7587=SURFACE_STYLE_FILL_AREA(#7694);
#7588=SURFACE_STYLE_FILL_AREA(#7695);
#7589=SURFACE_STYLE_FILL_AREA(#7696);
#7590=SURFACE_STYLE_FILL_AREA(#7697);
#7591=SURFACE_STYLE_FILL_AREA(#7698);
#7592=SURFACE_STYLE_FILL_AREA(#7699);
#7593=SURFACE_STYLE_FILL_AREA(#7700);
#7594=SURFACE_STYLE_FILL_AREA(#7701);
#7595=SURFACE_STYLE_FILL_AREA(#7702);
#7596=SURFACE_STYLE_FILL_AREA(#7703);
#7597=SURFACE_STYLE_FILL_AREA(#7704);
#7598=SURFACE_STYLE_FILL_AREA(#7705);
#7599=SURFACE_STYLE_FILL_AREA(#7706);
#7600=SURFACE_STYLE_FILL_AREA(#7707);
#7601=SURFACE_STYLE_FILL_AREA(#7708);
#7602=SURFACE_STYLE_FILL_AREA(#7709);
#7603=SURFACE_STYLE_FILL_AREA(#7710);
#7604=SURFACE_STYLE_FILL_AREA(#7711);
#7605=SURFACE_STYLE_FILL_AREA(#7712);
#7606=SURFACE_STYLE_FILL_AREA(#7713);
#7607=SURFACE_STYLE_FILL_AREA(#7714);
#7608=SURFACE_STYLE_FILL_AREA(#7715);
#7609=SURFACE_STYLE_FILL_AREA(#7716);
#7610=SURFACE_STYLE_FILL_AREA(#7717);
#7611=SURFACE_STYLE_FILL_AREA(#7718);
#7612=SURFACE_STYLE_FILL_AREA(#7719);
#7613=SURFACE_STYLE_FILL_AREA(#7720);
#7614=SURFACE_STYLE_FILL_AREA(#7721);
#7615=SURFACE_STYLE_FILL_AREA(#7722);
#7616=SURFACE_STYLE_FILL_AREA(#7723);
#7617=SURFACE_STYLE_FILL_AREA(#7724);
#7618=FILL_AREA_STYLE('',(#7725));
#7619=FILL_AREA_STYLE('',(#7726));
#7620=FILL_AREA_STYLE('',(#7727));
#7621=FILL_AREA_STYLE('',(#7728));
#7622=FILL_AREA_STYLE('',(#7729));
#7623=FILL_AREA_STYLE('',(#7730));
#7624=FILL_AREA_STYLE('',(#7731));
#7625=FILL_AREA_STYLE('',(#7732));
#7626=FILL_AREA_STYLE('',(#7733));
#7627=FILL_AREA_STYLE('',(#7734));
#7628=FILL_AREA_STYLE('',(#7735));
#7629=FILL_AREA_STYLE('',(#7736));
#7630=FILL_AREA_STYLE('',(#7737));
#7631=FILL_AREA_STYLE('',(#7738));
#7632=FILL_AREA_STYLE('',(#7739));
#7633=FILL_AREA_STYLE('',(#7740));
#7634=FILL_AREA_STYLE('',(#7741));
#7635=FILL_AREA_STYLE('',(#7742));
#7636=FILL_AREA_STYLE('',(#7743));
#7637=FILL_AREA_STYLE('',(#7744));
#7638=FILL_AREA_STYLE('',(#7745));
#7639=FILL_AREA_STYLE('',(#7746));
#7640=FILL_AREA_STYLE('',(#7747));
#7641=FILL_AREA_STYLE('',(#7748));
#7642=FILL_AREA_STYLE('',(#7749));
#7643=FILL_AREA_STYLE('',(#7750));
#7644=FILL_AREA_STYLE('',(#7751));
#7645=FILL_AREA_STYLE('',(#7752));
#7646=FILL_AREA_STYLE('',(#7753));
#7647=FILL_AREA_STYLE('',(#7754));
#7648=FILL_AREA_STYLE('',(#7755));
#7649=FILL_AREA_STYLE('',(#7756));
#7650=FILL_AREA_STYLE('',(#7757));
#7651=FILL_AREA_STYLE('',(#7758));
#7652=FILL_AREA_STYLE('',(#7759));
#7653=FILL_AREA_STYLE('',(#7760));
#7654=FILL_AREA_STYLE('',(#7761));
#7655=FILL_AREA_STYLE('',(#7762));
#7656=FILL_AREA_STYLE('',(#7763));
#7657=FILL_AREA_STYLE('',(#7764));
#7658=FILL_AREA_STYLE('',(#7765));
#7659=FILL_AREA_STYLE('',(#7766));
#7660=FILL_AREA_STYLE('',(#7767));
#7661=FILL_AREA_STYLE('',(#7768));
#7662=FILL_AREA_STYLE('',(#7769));
#7663=FILL_AREA_STYLE('',(#7770));
#7664=FILL_AREA_STYLE('',(#7771));
#7665=FILL_AREA_STYLE('',(#7772));
#7666=FILL_AREA_STYLE('',(#7773));
#7667=FILL_AREA_STYLE('',(#7774));
#7668=FILL_AREA_STYLE('',(#7775));
#7669=FILL_AREA_STYLE('',(#7776));
#7670=FILL_AREA_STYLE('',(#7777));
#7671=FILL_AREA_STYLE('',(#7778));
#7672=FILL_AREA_STYLE('',(#7779));
#7673=FILL_AREA_STYLE('',(#7780));
#7674=FILL_AREA_STYLE('',(#7781));
#7675=FILL_AREA_STYLE('',(#7782));
#7676=FILL_AREA_STYLE('',(#7783));
#7677=FILL_AREA_STYLE('',(#7784));
#7678=FILL_AREA_STYLE('',(#7785));
#7679=FILL_AREA_STYLE('',(#7786));
#7680=FILL_AREA_STYLE('',(#7787));
#7681=FILL_AREA_STYLE('',(#7788));
#7682=FILL_AREA_STYLE('',(#7789));
#7683=FILL_AREA_STYLE('',(#7790));
#7684=FILL_AREA_STYLE('',(#7791));
#7685=FILL_AREA_STYLE('',(#7792));
#7686=FILL_AREA_STYLE('',(#7793));
#7687=FILL_AREA_STYLE('',(#7794));
#7688=FILL_AREA_STYLE('',(#7795));
#7689=FILL_AREA_STYLE('',(#7796));
#7690=FILL_AREA_STYLE('',(#7797));
#7691=FILL_AREA_STYLE('',(#7798));
#7692=FILL_AREA_STYLE('',(#7799));
#7693=FILL_AREA_STYLE('',(#7800));
#7694=FILL_AREA_STYLE('',(#7801));
#7695=FILL_AREA_STYLE('',(#7802));
#7696=FILL_AREA_STYLE('',(#7803));
#7697=FILL_AREA_STYLE('',(#7804));
#7698=FILL_AREA_STYLE('',(#7805));
#7699=FILL_AREA_STYLE('',(#7806));
#7700=FILL_AREA_STYLE('',(#7807));
#7701=FILL_AREA_STYLE('',(#7808));
#7702=FILL_AREA_STYLE('',(#7809));
#7703=FILL_AREA_STYLE('',(#7810));
#7704=FILL_AREA_STYLE('',(#7811));
#7705=FILL_AREA_STYLE('',(#7812));
#7706=FILL_AREA_STYLE('',(#7813));
#7707=FILL_AREA_STYLE('',(#7814));
#7708=FILL_AREA_STYLE('',(#7815));
#7709=FILL_AREA_STYLE('',(#7816));
#7710=FILL_AREA_STYLE('',(#7817));
#7711=FILL_AREA_STYLE('',(#7818));
#7712=FILL_AREA_STYLE('',(#7819));
#7713=FILL_AREA_STYLE('',(#7820));
#7714=FILL_AREA_STYLE('',(#7821));
#7715=FILL_AREA_STYLE('',(#7822));
#7716=FILL_AREA_STYLE('',(#7823));
#7717=FILL_AREA_STYLE('',(#7824));
#7718=FILL_AREA_STYLE('',(#7825));
#7719=FILL_AREA_STYLE('',(#7826));
#7720=FILL_AREA_STYLE('',(#7827));
#7721=FILL_AREA_STYLE('',(#7828));
#7722=FILL_AREA_STYLE('',(#7829));
#7723=FILL_AREA_STYLE('',(#7830));
#7724=FILL_AREA_STYLE('',(#7831));
#7725=FILL_AREA_STYLE_COLOUR('',#7832);
#7726=FILL_AREA_STYLE_COLOUR('',#7833);
#7727=FILL_AREA_STYLE_COLOUR('',#7833);
#7728=FILL_AREA_STYLE_COLOUR('',#7833);
#7729=FILL_AREA_STYLE_COLOUR('',#7833);
#7730=FILL_AREA_STYLE_COLOUR('',#7834);
#7731=FILL_AREA_STYLE_COLOUR('',#7833);
#7732=FILL_AREA_STYLE_COLOUR('',#7833);
#7733=FILL_AREA_STYLE_COLOUR('',#7833);
#7734=FILL_AREA_STYLE_COLOUR('',#7835);
#7735=FILL_AREA_STYLE_COLOUR('',#7833);
#7736=FILL_AREA_STYLE_COLOUR('',#7836);
#7737=FILL_AREA_STYLE_COLOUR('',#7837);
#7738=FILL_AREA_STYLE_COLOUR('',#7837);
#7739=FILL_AREA_STYLE_COLOUR('',#7837);
#7740=FILL_AREA_STYLE_COLOUR('',#7838);
#7741=FILL_AREA_STYLE_COLOUR('',#7832);
#7742=FILL_AREA_STYLE_COLOUR('',#7832);
#7743=FILL_AREA_STYLE_COLOUR('',#7832);
#7744=FILL_AREA_STYLE_COLOUR('',#7832);
#7745=FILL_AREA_STYLE_COLOUR('',#7832);
#7746=FILL_AREA_STYLE_COLOUR('',#7832);
#7747=FILL_AREA_STYLE_COLOUR('',#7832);
#7748=FILL_AREA_STYLE_COLOUR('',#7832);
#7749=FILL_AREA_STYLE_COLOUR('',#7832);
#7750=FILL_AREA_STYLE_COLOUR('',#7832);
#7751=FILL_AREA_STYLE_COLOUR('',#7832);
#7752=FILL_AREA_STYLE_COLOUR('',#7832);
#7753=FILL_AREA_STYLE_COLOUR('',#7832);
#7754=FILL_AREA_STYLE_COLOUR('',#7832);
#7755=FILL_AREA_STYLE_COLOUR('',#7832);
#7756=FILL_AREA_STYLE_COLOUR('',#7832);
#7757=FILL_AREA_STYLE_COLOUR('',#7832);
#7758=FILL_AREA_STYLE_COLOUR('',#7832);
#7759=FILL_AREA_STYLE_COLOUR('',#7832);
#7760=FILL_AREA_STYLE_COLOUR('',#7832);
#7761=FILL_AREA_STYLE_COLOUR('',#7832);
#7762=FILL_AREA_STYLE_COLOUR('',#7832);
#7763=FILL_AREA_STYLE_COLOUR('',#7832);
#7764=FILL_AREA_STYLE_COLOUR('',#7832);
#7765=FILL_AREA_STYLE_COLOUR('',#7832);
#7766=FILL_AREA_STYLE_COLOUR('',#7832);
#7767=FILL_AREA_STYLE_COLOUR('',#7832);
#7768=FILL_AREA_STYLE_COLOUR('',#7832);
#7769=FILL_AREA_STYLE_COLOUR('',#7832);
#7770=FILL_AREA_STYLE_COLOUR('',#7832);
#7771=FILL_AREA_STYLE_COLOUR('',#7832);
#7772=FILL_AREA_STYLE_COLOUR('',#7832);
#7773=FILL_AREA_STYLE_COLOUR('',#7832);
#7774=FILL_AREA_STYLE_COLOUR('',#7832);
#7775=FILL_AREA_STYLE_COLOUR('',#7832);
#7776=FILL_AREA_STYLE_COLOUR('',#7832);
#7777=FILL_AREA_STYLE_COLOUR('',#7832);
#7778=FILL_AREA_STYLE_COLOUR('',#7832);
#7779=FILL_AREA_STYLE_COLOUR('',#7832);
#7780=FILL_AREA_STYLE_COLOUR('',#7832);
#7781=FILL_AREA_STYLE_COLOUR('',#7832);
#7782=FILL_AREA_STYLE_COLOUR('',#7832);
#7783=FILL_AREA_STYLE_COLOUR('',#7832);
#7784=FILL_AREA_STYLE_COLOUR('',#7832);
#7785=FILL_AREA_STYLE_COLOUR('',#7832);
#7786=FILL_AREA_STYLE_COLOUR('',#7832);
#7787=FILL_AREA_STYLE_COLOUR('',#7832);
#7788=FILL_AREA_STYLE_COLOUR('',#7832);
#7789=FILL_AREA_STYLE_COLOUR('',#7832);
#7790=FILL_AREA_STYLE_COLOUR('',#7832);
#7791=FILL_AREA_STYLE_COLOUR('',#7832);
#7792=FILL_AREA_STYLE_COLOUR('',#7832);
#7793=FILL_AREA_STYLE_COLOUR('',#7836);
#7794=FILL_AREA_STYLE_COLOUR('',#7837);
#7795=FILL_AREA_STYLE_COLOUR('',#7837);
#7796=FILL_AREA_STYLE_COLOUR('',#7837);
#7797=FILL_AREA_STYLE_COLOUR('',#7833);
#7798=FILL_AREA_STYLE_COLOUR('',#7833);
#7799=FILL_AREA_STYLE_COLOUR('',#7836);
#7800=FILL_AREA_STYLE_COLOUR('',#7837);
#7801=FILL_AREA_STYLE_COLOUR('',#7837);
#7802=FILL_AREA_STYLE_COLOUR('',#7837);
#7803=FILL_AREA_STYLE_COLOUR('',#7833);
#7804=FILL_AREA_STYLE_COLOUR('',#7836);
#7805=FILL_AREA_STYLE_COLOUR('',#7837);
#7806=FILL_AREA_STYLE_COLOUR('',#7837);
#7807=FILL_AREA_STYLE_COLOUR('',#7837);
#7808=FILL_AREA_STYLE_COLOUR('',#7833);
#7809=FILL_AREA_STYLE_COLOUR('',#7833);
#7810=FILL_AREA_STYLE_COLOUR('',#7836);
#7811=FILL_AREA_STYLE_COLOUR('',#7837);
#7812=FILL_AREA_STYLE_COLOUR('',#7837);
#7813=FILL_AREA_STYLE_COLOUR('',#7837);
#7814=FILL_AREA_STYLE_COLOUR('',#7833);
#7815=FILL_AREA_STYLE_COLOUR('',#7836);
#7816=FILL_AREA_STYLE_COLOUR('',#7837);
#7817=FILL_AREA_STYLE_COLOUR('',#7837);
#7818=FILL_AREA_STYLE_COLOUR('',#7837);
#7819=FILL_AREA_STYLE_COLOUR('',#7836);
#7820=FILL_AREA_STYLE_COLOUR('',#7837);
#7821=FILL_AREA_STYLE_COLOUR('',#7837);
#7822=FILL_AREA_STYLE_COLOUR('',#7837);
#7823=FILL_AREA_STYLE_COLOUR('',#7833);
#7824=FILL_AREA_STYLE_COLOUR('',#7836);
#7825=FILL_AREA_STYLE_COLOUR('',#7837);
#7826=FILL_AREA_STYLE_COLOUR('',#7837);
#7827=FILL_AREA_STYLE_COLOUR('',#7837);
#7828=FILL_AREA_STYLE_COLOUR('',#7836);
#7829=FILL_AREA_STYLE_COLOUR('',#7837);
#7830=FILL_AREA_STYLE_COLOUR('',#7837);
#7831=FILL_AREA_STYLE_COLOUR('',#7837);
#7832=COLOUR_RGB('',0.149019607843137,0.145098039215686,0.145098039215686);
#7833=COLOUR_RGB('',0.823529411764706,0.819607843137255,0.780392156862745);
#7834=COLOUR_RGB('',0.807843137254902,0.427450980392157,0.149019607843137);
#7835=COLOUR_RGB('',0.313725490196078,0.486274509803922,0.411764705882353);
#7836=COLOUR_RGB('',0.,0.631372549019608,0.749019607843137);
#7837=COLOUR_RGB('',0.698039215686275,0.101960784313725,0.0509803921568627);
#7838=COLOUR_RGB('',0.858823529411765,0.737254901960784,0.494117647058824);
#7839=MANIFOLD_SOLID_BREP('Buzzer_12x95RM76',#7148);
#7840=MANIFOLD_SOLID_BREP('D_DO-35_SOD27_P7.62mm_Horizontal',#7149);
#7841=MANIFOLD_SOLID_BREP('kicad_schematic_PCB',#7150);
#7842=MANIFOLD_SOLID_BREP('D_DO-35_SOD27_P7.62mm_Horizontal_3',#7151);
#7843=MANIFOLD_SOLID_BREP('D_DO-35_SOD27_P7.62mm_Horizontal',#7152);
#7844=MANIFOLD_SOLID_BREP('PinHeader_1x08_P254mm_Vertical',#7153);
#7845=MANIFOLD_SOLID_BREP('D_DO-35_SOD27_P7.62mm_Horizontal_3',#7154);
#7846=MANIFOLD_SOLID_BREP('D_DO-35_SOD27_P7.62mm_Horizontal_1',#7155);
#7847=MANIFOLD_SOLID_BREP('D_DO-35_SOD27_P7.62mm_Horizontal_7',#7156);
#7848=MANIFOLD_SOLID_BREP('D_DO-35_SOD27_P7.62mm_Horizontal_8',#7157);
#7849=MANIFOLD_SOLID_BREP('D_DO-35_SOD27_P7.62mm_Horizontal_4',#7158);
#7850=MANIFOLD_SOLID_BREP('D_DO-35_SOD27_P7.62mm_Horizontal_1',#7159);
#7851=MANIFOLD_SOLID_BREP('D_DO-35_SOD27_P7.62mm_Horizontal_6',#7160);
#7852=MANIFOLD_SOLID_BREP('D_DO-35_SOD27_P7.62mm_Horizontal_8',#7161);
#7853=MANIFOLD_SOLID_BREP('D_DO-35_SOD27_P7.62mm_Horizontal_4',#7162);
#7854=MANIFOLD_SOLID_BREP('D_DO-35_SOD27_P7.62mm_Horizontal_2',#7163);
#7855=MANIFOLD_SOLID_BREP('D_DO-35_SOD27_P7.62mm_Horizontal_6',#7164);
#7856=MANIFOLD_SOLID_BREP('D_DO-35_SOD27_P7.62mm_Horizontal_7',#7165);
#7857=MANIFOLD_SOLID_BREP('D_DO-35_SOD27_P7.62mm_Horizontal_5',#7166);
#7858=MANIFOLD_SOLID_BREP('D_DO-35_SOD27_P7.62mm_Horizontal_2',#7167);
#7859=MANIFOLD_SOLID_BREP('D_DO-35_SOD27_P7.62mm_Horizontal_5',#7168);
#7860=SHAPE_DEFINITION_REPRESENTATION(#12840,#7881);
#7861=SHAPE_DEFINITION_REPRESENTATION(#12841,#7882);
#7862=SHAPE_DEFINITION_REPRESENTATION(#12842,#7883);
#7863=SHAPE_DEFINITION_REPRESENTATION(#12843,#7884);
#7864=SHAPE_DEFINITION_REPRESENTATION(#12844,#7885);
#7865=SHAPE_DEFINITION_REPRESENTATION(#12845,#7886);
#7866=SHAPE_DEFINITION_REPRESENTATION(#12846,#7887);
#7867=SHAPE_DEFINITION_REPRESENTATION(#12847,#7888);
#7868=SHAPE_DEFINITION_REPRESENTATION(#12848,#7889);
#7869=SHAPE_DEFINITION_REPRESENTATION(#12849,#7890);
#7870=SHAPE_DEFINITION_REPRESENTATION(#12850,#7891);
#7871=SHAPE_DEFINITION_REPRESENTATION(#12851,#7892);
#7872=SHAPE_DEFINITION_REPRESENTATION(#12852,#7893);
#7873=SHAPE_DEFINITION_REPRESENTATION(#12853,#7894);
#7874=SHAPE_DEFINITION_REPRESENTATION(#12854,#7895);
#7875=SHAPE_DEFINITION_REPRESENTATION(#12855,#7896);
#7876=SHAPE_DEFINITION_REPRESENTATION(#12856,#7897);
#7877=SHAPE_DEFINITION_REPRESENTATION(#12857,#7898);
#7878=SHAPE_DEFINITION_REPRESENTATION(#12858,#7899);
#7879=SHAPE_DEFINITION_REPRESENTATION(#12859,#7900);
#7880=SHAPE_DEFINITION_REPRESENTATION(#12860,#7901);
#7881=SHAPE_REPRESENTATION('Buzzer_12x95RM76',(#7902),#12735);
#7882=SHAPE_REPRESENTATION('D_DO-35_SOD27_P7.62mm_Horizontal',(#7928),#12736);
#7883=SHAPE_REPRESENTATION('kicad_schematic_PCB',(#7942),#12737);
#7884=SHAPE_REPRESENTATION('D_DO-35_SOD27_P7.62mm_Horizontal_3',(#8234),
#12738);
#7885=SHAPE_REPRESENTATION('D_DO-35_SOD27_P7.62mm_Horizontal',(#8248),#12739);
#7886=SHAPE_REPRESENTATION('PinHeader_1x08_P254mm_Vertical',(#8266),#12740);
#7887=SHAPE_REPRESENTATION('D_DO-35_SOD27_P7.62mm_Horizontal_3',(#8463),
#12741);
#7888=SHAPE_REPRESENTATION('D_DO-35_SOD27_P7.62mm_Horizontal_1',(#8481),
#12742);
#7889=SHAPE_REPRESENTATION('D_DO-35_SOD27_P7.62mm_Horizontal_7',(#8495),
#12743);
#7890=SHAPE_REPRESENTATION('D_DO-35_SOD27_P7.62mm_Horizontal_8',(#8509),
#12744);
#7891=SHAPE_REPRESENTATION('D_DO-35_SOD27_P7.62mm_Horizontal_4',(#8527),
#12745);
#7892=SHAPE_REPRESENTATION('D_DO-35_SOD27_P7.62mm_Horizontal_1',(#8541),
#12746);
#7893=SHAPE_REPRESENTATION('D_DO-35_SOD27_P7.62mm_Horizontal_6',(#8559),
#12747);
#7894=SHAPE_REPRESENTATION('D_DO-35_SOD27_P7.62mm_Horizontal_8',(#8573),
#12748);
#7895=SHAPE_REPRESENTATION('D_DO-35_SOD27_P7.62mm_Horizontal_4',(#8587),
#12749);
#7896=SHAPE_REPRESENTATION('D_DO-35_SOD27_P7.62mm_Horizontal_2',(#8605),
#12750);
#7897=SHAPE_REPRESENTATION('D_DO-35_SOD27_P7.62mm_Horizontal_6',(#8619),
#12751);
#7898=SHAPE_REPRESENTATION('D_DO-35_SOD27_P7.62mm_Horizontal_7',(#8637),
#12752);
#7899=SHAPE_REPRESENTATION('D_DO-35_SOD27_P7.62mm_Horizontal_5',(#8655),
#12753);
#7900=SHAPE_REPRESENTATION('D_DO-35_SOD27_P7.62mm_Horizontal_2',(#8669),
#12754);
#7901=SHAPE_REPRESENTATION('D_DO-35_SOD27_P7.62mm_Horizontal_5',(#8687),
#12755);
#7902=AXIS2_PLACEMENT_3D('',#10797,#8705,#8706);
#7903=AXIS2_PLACEMENT_3D('',#10798,#8707,#8708);
#7904=AXIS2_PLACEMENT_3D('',#10799,#8709,#8710);
#7905=AXIS2_PLACEMENT_3D('',#10801,#8711,#8712);
#7906=AXIS2_PLACEMENT_3D('',#10803,#8713,#8714);
#7907=AXIS2_PLACEMENT_3D('',#10804,#8715,#8716);
#7908=AXIS2_PLACEMENT_3D('',#10806,#8717,#8718);
#7909=AXIS2_PLACEMENT_3D('',#10807,#8719,#8720);
#7910=AXIS2_PLACEMENT_3D('',#10809,#8721,#8722);
#7911=AXIS2_PLACEMENT_3D('',#10810,#8723,#8724);
#7912=AXIS2_PLACEMENT_3D('',#10812,#8725,#8726);
#7913=AXIS2_PLACEMENT_3D('',#10814,#8727,#8728);
#7914=AXIS2_PLACEMENT_3D('',#10815,#8729,#8730);
#7915=AXIS2_PLACEMENT_3D('',#10817,#8731,#8732);
#7916=AXIS2_PLACEMENT_3D('',#10818,#8733,#8734);
#7917=AXIS2_PLACEMENT_3D('',#10820,#8735,#8736);
#7918=AXIS2_PLACEMENT_3D('',#10821,#8737,#8738);
#7919=AXIS2_PLACEMENT_3D('',#10823,#8739,#8740);
#7920=AXIS2_PLACEMENT_3D('',#10824,#8741,#8742);
#7921=AXIS2_PLACEMENT_3D('',#10826,#8743,#8744);
#7922=AXIS2_PLACEMENT_3D('',#10827,#8745,#8746);
#7923=AXIS2_PLACEMENT_3D('',#10829,#8747,#8748);
#7924=AXIS2_PLACEMENT_3D('',#10830,#8749,#8750);
#7925=AXIS2_PLACEMENT_3D('',#10832,#8751,#8752);
#7926=AXIS2_PLACEMENT_3D('',#10833,#8753,#8754);
#7927=AXIS2_PLACEMENT_3D('',#10834,#8755,#8756);
#7928=AXIS2_PLACEMENT_3D('',#10835,#8757,#8758);
#7929=AXIS2_PLACEMENT_3D('',#10836,#8759,#8760);
#7930=AXIS2_PLACEMENT_3D('',#10837,#8761,#8762);
#7931=AXIS2_PLACEMENT_3D('',#10839,#8763,#8764);
#7932=AXIS2_PLACEMENT_3D('',#10841,#8765,#8766);
#7933=AXIS2_PLACEMENT_3D('',#10842,#8767,#8768);
#7934=AXIS2_PLACEMENT_3D('',#10844,#8769,#8770);
#7935=AXIS2_PLACEMENT_3D('',#10845,#8771,#8772);
#7936=AXIS2_PLACEMENT_3D('',#10847,#8773,#8774);
#7937=AXIS2_PLACEMENT_3D('',#10848,#8775,#8776);
#7938=AXIS2_PLACEMENT_3D('',#10850,#8777,#8778);
#7939=AXIS2_PLACEMENT_3D('',#10851,#8779,#8780);
#7940=AXIS2_PLACEMENT_3D('',#10853,#8781,#8782);
#7941=AXIS2_PLACEMENT_3D('',#10854,#8783,#8784);
#7942=AXIS2_PLACEMENT_3D('',#10855,#8785,#8786);
#7943=AXIS2_PLACEMENT_3D('',#10856,#8787,#8788);
#7944=AXIS2_PLACEMENT_3D('',#10860,#8790,#8791);
#7945=AXIS2_PLACEMENT_3D('',#10864,#8793,#8794);
#7946=AXIS2_PLACEMENT_3D('',#10865,#8795,#8796);
#7947=AXIS2_PLACEMENT_3D('',#10871,#8800,#8801);
#7948=AXIS2_PLACEMENT_3D('',#10877,#8805,#8806);
#7949=AXIS2_PLACEMENT_3D('',#10878,#8807,#8808);
#7950=AXIS2_PLACEMENT_3D('',#10882,#8810,#8811);
#7951=AXIS2_PLACEMENT_3D('',#10886,#8813,#8814);
#7952=AXIS2_PLACEMENT_3D('',#10887,#8815,#8816);
#7953=AXIS2_PLACEMENT_3D('',#10889,#8817,#8818);
#7954=AXIS2_PLACEMENT_3D('',#10891,#8819,#8820);
#7955=AXIS2_PLACEMENT_3D('',#10893,#8821,#8822);
#7956=AXIS2_PLACEMENT_3D('',#10895,#8823,#8824);
#7957=AXIS2_PLACEMENT_3D('',#10897,#8825,#8826);
#7958=AXIS2_PLACEMENT_3D('',#10899,#8827,#8828);
#7959=AXIS2_PLACEMENT_3D('',#10901,#8829,#8830);
#7960=AXIS2_PLACEMENT_3D('',#10903,#8831,#8832);
#7961=AXIS2_PLACEMENT_3D('',#10905,#8833,#8834);
#7962=AXIS2_PLACEMENT_3D('',#10907,#8835,#8836);
#7963=AXIS2_PLACEMENT_3D('',#10909,#8837,#8838);
#7964=AXIS2_PLACEMENT_3D('',#10911,#8839,#8840);
#7965=AXIS2_PLACEMENT_3D('',#10913,#8841,#8842);
#7966=AXIS2_PLACEMENT_3D('',#10915,#8843,#8844);
#7967=AXIS2_PLACEMENT_3D('',#10917,#8845,#8846);
#7968=AXIS2_PLACEMENT_3D('',#10919,#8847,#8848);
#7969=AXIS2_PLACEMENT_3D('',#10921,#8849,#8850);
#7970=AXIS2_PLACEMENT_3D('',#10923,#8851,#8852);
#7971=AXIS2_PLACEMENT_3D('',#10925,#8853,#8854);
#7972=AXIS2_PLACEMENT_3D('',#10927,#8855,#8856);
#7973=AXIS2_PLACEMENT_3D('',#10929,#8857,#8858);
#7974=AXIS2_PLACEMENT_3D('',#10931,#8859,#8860);
#7975=AXIS2_PLACEMENT_3D('',#10933,#8861,#8862);
#7976=AXIS2_PLACEMENT_3D('',#10935,#8863,#8864);
#7977=AXIS2_PLACEMENT_3D('',#10937,#8865,#8866);
#7978=AXIS2_PLACEMENT_3D('',#10939,#8867,#8868);
#7979=AXIS2_PLACEMENT_3D('',#10941,#8869,#8870);
#7980=AXIS2_PLACEMENT_3D('',#10943,#8871,#8872);
#7981=AXIS2_PLACEMENT_3D('',#10945,#8873,#8874);
#7982=AXIS2_PLACEMENT_3D('',#10947,#8875,#8876);
#7983=AXIS2_PLACEMENT_3D('',#10949,#8877,#8878);
#7984=AXIS2_PLACEMENT_3D('',#10951,#8879,#8880);
#7985=AXIS2_PLACEMENT_3D('',#10953,#8881,#8882);
#7986=AXIS2_PLACEMENT_3D('',#10955,#8883,#8884);
#7987=AXIS2_PLACEMENT_3D('',#10957,#8885,#8886);
#7988=AXIS2_PLACEMENT_3D('',#10959,#8887,#8888);
#7989=AXIS2_PLACEMENT_3D('',#10961,#8889,#8890);
#7990=AXIS2_PLACEMENT_3D('',#10963,#8891,#8892);
#7991=AXIS2_PLACEMENT_3D('',#10965,#8893,#8894);
#7992=AXIS2_PLACEMENT_3D('',#10967,#8895,#8896);
#7993=AXIS2_PLACEMENT_3D('',#10969,#8897,#8898);
#7994=AXIS2_PLACEMENT_3D('',#10971,#8899,#8900);
#7995=AXIS2_PLACEMENT_3D('',#10973,#8901,#8902);
#7996=AXIS2_PLACEMENT_3D('',#10975,#8903,#8904);
#7997=AXIS2_PLACEMENT_3D('',#10977,#8905,#8906);
#7998=AXIS2_PLACEMENT_3D('',#10979,#8907,#8908);
#7999=AXIS2_PLACEMENT_3D('',#10981,#8909,#8910);
#8000=AXIS2_PLACEMENT_3D('',#10983,#8911,#8912);
#8001=AXIS2_PLACEMENT_3D('',#10985,#8913,#8914);
#8002=AXIS2_PLACEMENT_3D('',#10987,#8915,#8916);
#8003=AXIS2_PLACEMENT_3D('',#10989,#8917,#8918);
#8004=AXIS2_PLACEMENT_3D('',#10991,#8919,#8920);
#8005=AXIS2_PLACEMENT_3D('',#10993,#8921,#8922);
#8006=AXIS2_PLACEMENT_3D('',#10995,#8923,#8924);
#8007=AXIS2_PLACEMENT_3D('',#10997,#8925,#8926);
#8008=AXIS2_PLACEMENT_3D('',#10999,#8927,#8928);
#8009=AXIS2_PLACEMENT_3D('',#11001,#8929,#8930);
#8010=AXIS2_PLACEMENT_3D('',#11003,#8931,#8932);
#8011=AXIS2_PLACEMENT_3D('',#11005,#8933,#8934);
#8012=AXIS2_PLACEMENT_3D('',#11007,#8935,#8936);
#8013=AXIS2_PLACEMENT_3D('',#11009,#8937,#8938);
#8014=AXIS2_PLACEMENT_3D('',#11011,#8939,#8940);
#8015=AXIS2_PLACEMENT_3D('',#11013,#8941,#8942);
#8016=AXIS2_PLACEMENT_3D('',#11015,#8943,#8944);
#8017=AXIS2_PLACEMENT_3D('',#11017,#8945,#8946);
#8018=AXIS2_PLACEMENT_3D('',#11019,#8947,#8948);
#8019=AXIS2_PLACEMENT_3D('',#11021,#8949,#8950);
#8020=AXIS2_PLACEMENT_3D('',#11023,#8951,#8952);
#8021=AXIS2_PLACEMENT_3D('',#11025,#8953,#8954);
#8022=AXIS2_PLACEMENT_3D('',#11027,#8955,#8956);
#8023=AXIS2_PLACEMENT_3D('',#11029,#8957,#8958);
#8024=AXIS2_PLACEMENT_3D('',#11031,#8959,#8960);
#8025=AXIS2_PLACEMENT_3D('',#11033,#8961,#8962);
#8026=AXIS2_PLACEMENT_3D('',#11035,#8963,#8964);
#8027=AXIS2_PLACEMENT_3D('',#11037,#8965,#8966);
#8028=AXIS2_PLACEMENT_3D('',#11039,#8967,#8968);
#8029=AXIS2_PLACEMENT_3D('',#11041,#8969,#8970);
#8030=AXIS2_PLACEMENT_3D('',#11043,#8971,#8972);
#8031=AXIS2_PLACEMENT_3D('',#11045,#8973,#8974);
#8032=AXIS2_PLACEMENT_3D('',#11047,#8975,#8976);
#8033=AXIS2_PLACEMENT_3D('',#11049,#8977,#8978);
#8034=AXIS2_PLACEMENT_3D('',#11051,#8979,#8980);
#8035=AXIS2_PLACEMENT_3D('',#11053,#8981,#8982);
#8036=AXIS2_PLACEMENT_3D('',#11055,#8983,#8984);
#8037=AXIS2_PLACEMENT_3D('',#11057,#8985,#8986);
#8038=AXIS2_PLACEMENT_3D('',#11059,#8987,#8988);
#8039=AXIS2_PLACEMENT_3D('',#11061,#8989,#8990);
#8040=AXIS2_PLACEMENT_3D('',#11063,#8991,#8992);
#8041=AXIS2_PLACEMENT_3D('',#11065,#8993,#8994);
#8042=AXIS2_PLACEMENT_3D('',#11067,#8995,#8996);
#8043=AXIS2_PLACEMENT_3D('',#11069,#8997,#8998);
#8044=AXIS2_PLACEMENT_3D('',#11070,#8999,#9000);
#8045=AXIS2_PLACEMENT_3D('',#11074,#9002,#9003);
#8046=AXIS2_PLACEMENT_3D('',#11078,#9005,#9006);
#8047=AXIS2_PLACEMENT_3D('',#11079,#9007,#9008);
#8048=AXIS2_PLACEMENT_3D('',#11081,#9009,#9010);
#8049=AXIS2_PLACEMENT_3D('',#11083,#9011,#9012);
#8050=AXIS2_PLACEMENT_3D('',#11085,#9013,#9014);
#8051=AXIS2_PLACEMENT_3D('',#11087,#9015,#9016);
#8052=AXIS2_PLACEMENT_3D('',#11089,#9017,#9018);
#8053=AXIS2_PLACEMENT_3D('',#11091,#9019,#9020);
#8054=AXIS2_PLACEMENT_3D('',#11093,#9021,#9022);
#8055=AXIS2_PLACEMENT_3D('',#11095,#9023,#9024);
#8056=AXIS2_PLACEMENT_3D('',#11097,#9025,#9026);
#8057=AXIS2_PLACEMENT_3D('',#11099,#9027,#9028);
#8058=AXIS2_PLACEMENT_3D('',#11101,#9029,#9030);
#8059=AXIS2_PLACEMENT_3D('',#11103,#9031,#9032);
#8060=AXIS2_PLACEMENT_3D('',#11105,#9033,#9034);
#8061=AXIS2_PLACEMENT_3D('',#11107,#9035,#9036);
#8062=AXIS2_PLACEMENT_3D('',#11109,#9037,#9038);
#8063=AXIS2_PLACEMENT_3D('',#11111,#9039,#9040);
#8064=AXIS2_PLACEMENT_3D('',#11113,#9041,#9042);
#8065=AXIS2_PLACEMENT_3D('',#11115,#9043,#9044);
#8066=AXIS2_PLACEMENT_3D('',#11117,#9045,#9046);
#8067=AXIS2_PLACEMENT_3D('',#11119,#9047,#9048);
#8068=AXIS2_PLACEMENT_3D('',#11121,#9049,#9050);
#8069=AXIS2_PLACEMENT_3D('',#11123,#9051,#9052);
#8070=AXIS2_PLACEMENT_3D('',#11125,#9053,#9054);
#8071=AXIS2_PLACEMENT_3D('',#11127,#9055,#9056);
#8072=AXIS2_PLACEMENT_3D('',#11129,#9057,#9058);
#8073=AXIS2_PLACEMENT_3D('',#11131,#9059,#9060);
#8074=AXIS2_PLACEMENT_3D('',#11133,#9061,#9062);
#8075=AXIS2_PLACEMENT_3D('',#11135,#9063,#9064);
#8076=AXIS2_PLACEMENT_3D('',#11137,#9065,#9066);
#8077=AXIS2_PLACEMENT_3D('',#11139,#9067,#9068);
#8078=AXIS2_PLACEMENT_3D('',#11141,#9069,#9070);
#8079=AXIS2_PLACEMENT_3D('',#11143,#9071,#9072);
#8080=AXIS2_PLACEMENT_3D('',#11145,#9073,#9074);
#8081=AXIS2_PLACEMENT_3D('',#11147,#9075,#9076);
#8082=AXIS2_PLACEMENT_3D('',#11149,#9077,#9078);
#8083=AXIS2_PLACEMENT_3D('',#11151,#9079,#9080);
#8084=AXIS2_PLACEMENT_3D('',#11153,#9081,#9082);
#8085=AXIS2_PLACEMENT_3D('',#11155,#9083,#9084);
#8086=AXIS2_PLACEMENT_3D('',#11157,#9085,#9086);
#8087=AXIS2_PLACEMENT_3D('',#11159,#9087,#9088);
#8088=AXIS2_PLACEMENT_3D('',#11161,#9089,#9090);
#8089=AXIS2_PLACEMENT_3D('',#11163,#9091,#9092);
#8090=AXIS2_PLACEMENT_3D('',#11165,#9093,#9094);
#8091=AXIS2_PLACEMENT_3D('',#11167,#9095,#9096);
#8092=AXIS2_PLACEMENT_3D('',#11169,#9097,#9098);
#8093=AXIS2_PLACEMENT_3D('',#11171,#9099,#9100);
#8094=AXIS2_PLACEMENT_3D('',#11173,#9101,#9102);
#8095=AXIS2_PLACEMENT_3D('',#11175,#9103,#9104);
#8096=AXIS2_PLACEMENT_3D('',#11177,#9105,#9106);
#8097=AXIS2_PLACEMENT_3D('',#11179,#9107,#9108);
#8098=AXIS2_PLACEMENT_3D('',#11181,#9109,#9110);
#8099=AXIS2_PLACEMENT_3D('',#11183,#9111,#9112);
#8100=AXIS2_PLACEMENT_3D('',#11185,#9113,#9114);
#8101=AXIS2_PLACEMENT_3D('',#11187,#9115,#9116);
#8102=AXIS2_PLACEMENT_3D('',#11189,#9117,#9118);
#8103=AXIS2_PLACEMENT_3D('',#11191,#9119,#9120);
#8104=AXIS2_PLACEMENT_3D('',#11193,#9121,#9122);
#8105=AXIS2_PLACEMENT_3D('',#11195,#9123,#9124);
#8106=AXIS2_PLACEMENT_3D('',#11197,#9125,#9126);
#8107=AXIS2_PLACEMENT_3D('',#11199,#9127,#9128);
#8108=AXIS2_PLACEMENT_3D('',#11201,#9129,#9130);
#8109=AXIS2_PLACEMENT_3D('',#11203,#9131,#9132);
#8110=AXIS2_PLACEMENT_3D('',#11205,#9133,#9134);
#8111=AXIS2_PLACEMENT_3D('',#11207,#9135,#9136);
#8112=AXIS2_PLACEMENT_3D('',#11209,#9137,#9138);
#8113=AXIS2_PLACEMENT_3D('',#11211,#9139,#9140);
#8114=AXIS2_PLACEMENT_3D('',#11213,#9141,#9142);
#8115=AXIS2_PLACEMENT_3D('',#11215,#9143,#9144);
#8116=AXIS2_PLACEMENT_3D('',#11217,#9145,#9146);
#8117=AXIS2_PLACEMENT_3D('',#11219,#9147,#9148);
#8118=AXIS2_PLACEMENT_3D('',#11221,#9149,#9150);
#8119=AXIS2_PLACEMENT_3D('',#11223,#9151,#9152);
#8120=AXIS2_PLACEMENT_3D('',#11225,#9153,#9154);
#8121=AXIS2_PLACEMENT_3D('',#11227,#9155,#9156);
#8122=AXIS2_PLACEMENT_3D('',#11229,#9157,#9158);
#8123=AXIS2_PLACEMENT_3D('',#11231,#9159,#9160);
#8124=AXIS2_PLACEMENT_3D('',#11233,#9161,#9162);
#8125=AXIS2_PLACEMENT_3D('',#11235,#9163,#9164);
#8126=AXIS2_PLACEMENT_3D('',#11237,#9165,#9166);
#8127=AXIS2_PLACEMENT_3D('',#11239,#9167,#9168);
#8128=AXIS2_PLACEMENT_3D('',#11241,#9169,#9170);
#8129=AXIS2_PLACEMENT_3D('',#11243,#9171,#9172);
#8130=AXIS2_PLACEMENT_3D('',#11245,#9173,#9174);
#8131=AXIS2_PLACEMENT_3D('',#11247,#9175,#9176);
#8132=AXIS2_PLACEMENT_3D('',#11249,#9177,#9178);
#8133=AXIS2_PLACEMENT_3D('',#11251,#9179,#9180);
#8134=AXIS2_PLACEMENT_3D('',#11253,#9181,#9182);
#8135=AXIS2_PLACEMENT_3D('',#11255,#9183,#9184);
#8136=AXIS2_PLACEMENT_3D('',#11257,#9185,#9186);
#8137=AXIS2_PLACEMENT_3D('',#11259,#9187,#9188);
#8138=AXIS2_PLACEMENT_3D('',#11261,#9189,#9190);
#8139=AXIS2_PLACEMENT_3D('',#11263,#9192,#9193);
#8140=AXIS2_PLACEMENT_3D('',#11265,#9195,#9196);
#8141=AXIS2_PLACEMENT_3D('',#11267,#9198,#9199);
#8142=AXIS2_PLACEMENT_3D('',#11269,#9201,#9202);
#8143=AXIS2_PLACEMENT_3D('',#11270,#9203,#9204);
#8144=AXIS2_PLACEMENT_3D('',#11271,#9205,#9206);
#8145=AXIS2_PLACEMENT_3D('',#11272,#9207,#9208);
#8146=AXIS2_PLACEMENT_3D('',#11273,#9209,#9210);
#8147=AXIS2_PLACEMENT_3D('',#11274,#9211,#9212);
#8148=AXIS2_PLACEMENT_3D('',#11275,#9213,#9214);
#8149=AXIS2_PLACEMENT_3D('',#11276,#9215,#9216);
#8150=AXIS2_PLACEMENT_3D('',#11277,#9217,#9218);
#8151=AXIS2_PLACEMENT_3D('',#11278,#9219,#9220);
#8152=AXIS2_PLACEMENT_3D('',#11279,#9221,#9222);
#8153=AXIS2_PLACEMENT_3D('',#11280,#9223,#9224);
#8154=AXIS2_PLACEMENT_3D('',#11281,#9225,#9226);
#8155=AXIS2_PLACEMENT_3D('',#11282,#9227,#9228);
#8156=AXIS2_PLACEMENT_3D('',#11283,#9229,#9230);
#8157=AXIS2_PLACEMENT_3D('',#11284,#9231,#9232);
#8158=AXIS2_PLACEMENT_3D('',#11285,#9233,#9234);
#8159=AXIS2_PLACEMENT_3D('',#11286,#9235,#9236);
#8160=AXIS2_PLACEMENT_3D('',#11287,#9237,#9238);
#8161=AXIS2_PLACEMENT_3D('',#11288,#9239,#9240);
#8162=AXIS2_PLACEMENT_3D('',#11289,#9241,#9242);
#8163=AXIS2_PLACEMENT_3D('',#11290,#9243,#9244);
#8164=AXIS2_PLACEMENT_3D('',#11291,#9245,#9246);
#8165=AXIS2_PLACEMENT_3D('',#11292,#9247,#9248);
#8166=AXIS2_PLACEMENT_3D('',#11293,#9249,#9250);
#8167=AXIS2_PLACEMENT_3D('',#11294,#9251,#9252);
#8168=AXIS2_PLACEMENT_3D('',#11295,#9253,#9254);
#8169=AXIS2_PLACEMENT_3D('',#11296,#9255,#9256);
#8170=AXIS2_PLACEMENT_3D('',#11297,#9257,#9258);
#8171=AXIS2_PLACEMENT_3D('',#11298,#9259,#9260);
#8172=AXIS2_PLACEMENT_3D('',#11299,#9261,#9262);
#8173=AXIS2_PLACEMENT_3D('',#11300,#9263,#9264);
#8174=AXIS2_PLACEMENT_3D('',#11301,#9265,#9266);
#8175=AXIS2_PLACEMENT_3D('',#11302,#9267,#9268);
#8176=AXIS2_PLACEMENT_3D('',#11303,#9269,#9270);
#8177=AXIS2_PLACEMENT_3D('',#11304,#9271,#9272);
#8178=AXIS2_PLACEMENT_3D('',#11305,#9273,#9274);
#8179=AXIS2_PLACEMENT_3D('',#11306,#9275,#9276);
#8180=AXIS2_PLACEMENT_3D('',#11307,#9277,#9278);
#8181=AXIS2_PLACEMENT_3D('',#11308,#9279,#9280);
#8182=AXIS2_PLACEMENT_3D('',#11309,#9281,#9282);
#8183=AXIS2_PLACEMENT_3D('',#11310,#9283,#9284);
#8184=AXIS2_PLACEMENT_3D('',#11311,#9285,#9286);
#8185=AXIS2_PLACEMENT_3D('',#11312,#9287,#9288);
#8186=AXIS2_PLACEMENT_3D('',#11313,#9289,#9290);
#8187=AXIS2_PLACEMENT_3D('',#11314,#9291,#9292);
#8188=AXIS2_PLACEMENT_3D('',#11315,#9293,#9294);
#8189=AXIS2_PLACEMENT_3D('',#11316,#9295,#9296);
#8190=AXIS2_PLACEMENT_3D('',#11317,#9297,#9298);
#8191=AXIS2_PLACEMENT_3D('',#11318,#9299,#9300);
#8192=AXIS2_PLACEMENT_3D('',#11319,#9301,#9302);
#8193=AXIS2_PLACEMENT_3D('',#11320,#9303,#9304);
#8194=AXIS2_PLACEMENT_3D('',#11321,#9305,#9306);
#8195=AXIS2_PLACEMENT_3D('',#11322,#9307,#9308);
#8196=AXIS2_PLACEMENT_3D('',#11323,#9309,#9310);
#8197=AXIS2_PLACEMENT_3D('',#11324,#9311,#9312);
#8198=AXIS2_PLACEMENT_3D('',#11325,#9313,#9314);
#8199=AXIS2_PLACEMENT_3D('',#11326,#9315,#9316);
#8200=AXIS2_PLACEMENT_3D('',#11327,#9317,#9318);
#8201=AXIS2_PLACEMENT_3D('',#11328,#9319,#9320);
#8202=AXIS2_PLACEMENT_3D('',#11329,#9321,#9322);
#8203=AXIS2_PLACEMENT_3D('',#11330,#9323,#9324);
#8204=AXIS2_PLACEMENT_3D('',#11331,#9325,#9326);
#8205=AXIS2_PLACEMENT_3D('',#11332,#9327,#9328);
#8206=AXIS2_PLACEMENT_3D('',#11333,#9329,#9330);
#8207=AXIS2_PLACEMENT_3D('',#11334,#9331,#9332);
#8208=AXIS2_PLACEMENT_3D('',#11335,#9333,#9334);
#8209=AXIS2_PLACEMENT_3D('',#11336,#9335,#9336);
#8210=AXIS2_PLACEMENT_3D('',#11337,#9337,#9338);
#8211=AXIS2_PLACEMENT_3D('',#11338,#9339,#9340);
#8212=AXIS2_PLACEMENT_3D('',#11339,#9341,#9342);
#8213=AXIS2_PLACEMENT_3D('',#11340,#9343,#9344);
#8214=AXIS2_PLACEMENT_3D('',#11341,#9345,#9346);
#8215=AXIS2_PLACEMENT_3D('',#11342,#9347,#9348);
#8216=AXIS2_PLACEMENT_3D('',#11343,#9349,#9350);
#8217=AXIS2_PLACEMENT_3D('',#11344,#9351,#9352);
#8218=AXIS2_PLACEMENT_3D('',#11345,#9353,#9354);
#8219=AXIS2_PLACEMENT_3D('',#11346,#9355,#9356);
#8220=AXIS2_PLACEMENT_3D('',#11347,#9357,#9358);
#8221=AXIS2_PLACEMENT_3D('',#11348,#9359,#9360);
#8222=AXIS2_PLACEMENT_3D('',#11349,#9361,#9362);
#8223=AXIS2_PLACEMENT_3D('',#11350,#9363,#9364);
#8224=AXIS2_PLACEMENT_3D('',#11351,#9365,#9366);
#8225=AXIS2_PLACEMENT_3D('',#11352,#9367,#9368);
#8226=AXIS2_PLACEMENT_3D('',#11353,#9369,#9370);
#8227=AXIS2_PLACEMENT_3D('',#11354,#9371,#9372);
#8228=AXIS2_PLACEMENT_3D('',#11355,#9373,#9374);
#8229=AXIS2_PLACEMENT_3D('',#11356,#9375,#9376);
#8230=AXIS2_PLACEMENT_3D('',#11357,#9377,#9378);
#8231=AXIS2_PLACEMENT_3D('',#11358,#9379,#9380);
#8232=AXIS2_PLACEMENT_3D('',#11359,#9381,#9382);
#8233=AXIS2_PLACEMENT_3D('',#11360,#9383,#9384);
#8234=AXIS2_PLACEMENT_3D('',#11361,#9385,#9386);
#8235=AXIS2_PLACEMENT_3D('',#11362,#9387,#9388);
#8236=AXIS2_PLACEMENT_3D('',#11363,#9389,#9390);
#8237=AXIS2_PLACEMENT_3D('',#11365,#9391,#9392);
#8238=AXIS2_PLACEMENT_3D('',#11367,#9393,#9394);
#8239=AXIS2_PLACEMENT_3D('',#11368,#9395,#9396);
#8240=AXIS2_PLACEMENT_3D('',#11370,#9397,#9398);
#8241=AXIS2_PLACEMENT_3D('',#11371,#9399,#9400);
#8242=AXIS2_PLACEMENT_3D('',#11373,#9401,#9402);
#8243=AXIS2_PLACEMENT_3D('',#11374,#9403,#9404);
#8244=AXIS2_PLACEMENT_3D('',#11376,#9405,#9406);
#8245=AXIS2_PLACEMENT_3D('',#11377,#9407,#9408);
#8246=AXIS2_PLACEMENT_3D('',#11379,#9409,#9410);
#8247=AXIS2_PLACEMENT_3D('',#11380,#9411,#9412);
#8248=AXIS2_PLACEMENT_3D('',#11381,#9413,#9414);
#8249=AXIS2_PLACEMENT_3D('',#11382,#9415,#9416);
#8250=AXIS2_PLACEMENT_3D('',#11383,#9417,#9418);
#8251=AXIS2_PLACEMENT_3D('',#11385,#9419,#9420);
#8252=AXIS2_PLACEMENT_3D('',#11387,#9421,#9422);
#8253=AXIS2_PLACEMENT_3D('',#11388,#9423,#9424);
#8254=AXIS2_PLACEMENT_3D('',#11390,#9425,#9426);
#8255=AXIS2_PLACEMENT_3D('',#11391,#9427,#9428);
#8256=AXIS2_PLACEMENT_3D('',#11393,#9429,#9430);
#8257=AXIS2_PLACEMENT_3D('',#11394,#9431,#9432);
#8258=AXIS2_PLACEMENT_3D('',#11396,#9433,#9434);
#8259=AXIS2_PLACEMENT_3D('',#11397,#9435,#9436);
#8260=AXIS2_PLACEMENT_3D('',#11399,#9437,#9438);
#8261=AXIS2_PLACEMENT_3D('',#11400,#9439,#9440);
#8262=AXIS2_PLACEMENT_3D('',#11402,#9441,#9442);
#8263=AXIS2_PLACEMENT_3D('',#11403,#9443,#9444);
#8264=AXIS2_PLACEMENT_3D('',#11405,#9445,#9446);
#8265=AXIS2_PLACEMENT_3D('',#11406,#9447,#9448);
#8266=AXIS2_PLACEMENT_3D('',#11407,#9449,#9450);
#8267=AXIS2_PLACEMENT_3D('',#11408,#9451,#9452);
#8268=AXIS2_PLACEMENT_3D('',#11417,#9457,#9458);
#8269=AXIS2_PLACEMENT_3D('',#11423,#9462,#9463);
#8270=AXIS2_PLACEMENT_3D('',#11429,#9467,#9468);
#8271=AXIS2_PLACEMENT_3D('',#11587,#9548,#9549);
#8272=AXIS2_PLACEMENT_3D('',#11745,#9629,#9630);
#8273=AXIS2_PLACEMENT_3D('',#11747,#9632,#9633);
#8274=AXIS2_PLACEMENT_3D('',#11749,#9635,#9636);
#8275=AXIS2_PLACEMENT_3D('',#11751,#9638,#9639);
#8276=AXIS2_PLACEMENT_3D('',#11753,#9641,#9642);
#8277=AXIS2_PLACEMENT_3D('',#11755,#9644,#9645);
#8278=AXIS2_PLACEMENT_3D('',#11757,#9647,#9648);
#8279=AXIS2_PLACEMENT_3D('',#11759,#9650,#9651);
#8280=AXIS2_PLACEMENT_3D('',#11761,#9653,#9654);
#8281=AXIS2_PLACEMENT_3D('',#11763,#9656,#9657);
#8282=AXIS2_PLACEMENT_3D('',#11765,#9659,#9660);
#8283=AXIS2_PLACEMENT_3D('',#11767,#9662,#9663);
#8284=AXIS2_PLACEMENT_3D('',#11769,#9665,#9666);
#8285=AXIS2_PLACEMENT_3D('',#11771,#9668,#9669);
#8286=AXIS2_PLACEMENT_3D('',#11773,#9671,#9672);
#8287=AXIS2_PLACEMENT_3D('',#11775,#9674,#9675);
#8288=AXIS2_PLACEMENT_3D('',#11777,#9677,#9678);
#8289=AXIS2_PLACEMENT_3D('',#11779,#9680,#9681);
#8290=AXIS2_PLACEMENT_3D('',#11781,#9683,#9684);
#8291=AXIS2_PLACEMENT_3D('',#11783,#9686,#9687);
#8292=AXIS2_PLACEMENT_3D('',#11785,#9689,#9690);
#8293=AXIS2_PLACEMENT_3D('',#11787,#9692,#9693);
#8294=AXIS2_PLACEMENT_3D('',#11789,#9695,#9696);
#8295=AXIS2_PLACEMENT_3D('',#11791,#9698,#9699);
#8296=AXIS2_PLACEMENT_3D('',#11793,#9701,#9702);
#8297=AXIS2_PLACEMENT_3D('',#11795,#9704,#9705);
#8298=AXIS2_PLACEMENT_3D('',#11797,#9707,#9708);
#8299=AXIS2_PLACEMENT_3D('',#11799,#9710,#9711);
#8300=AXIS2_PLACEMENT_3D('',#11801,#9713,#9714);
#8301=AXIS2_PLACEMENT_3D('',#11803,#9716,#9717);
#8302=AXIS2_PLACEMENT_3D('',#11805,#9719,#9720);
#8303=AXIS2_PLACEMENT_3D('',#11807,#9722,#9723);
#8304=AXIS2_PLACEMENT_3D('',#11809,#9725,#9726);
#8305=AXIS2_PLACEMENT_3D('',#11811,#9728,#9729);
#8306=AXIS2_PLACEMENT_3D('',#11813,#9731,#9732);
#8307=AXIS2_PLACEMENT_3D('',#11815,#9734,#9735);
#8308=AXIS2_PLACEMENT_3D('',#11817,#9737,#9738);
#8309=AXIS2_PLACEMENT_3D('',#11819,#9740,#9741);
#8310=AXIS2_PLACEMENT_3D('',#11821,#9743,#9744);
#8311=AXIS2_PLACEMENT_3D('',#11823,#9746,#9747);
#8312=AXIS2_PLACEMENT_3D('',#11825,#9749,#9750);
#8313=AXIS2_PLACEMENT_3D('',#11827,#9752,#9753);
#8314=AXIS2_PLACEMENT_3D('',#11829,#9755,#9756);
#8315=AXIS2_PLACEMENT_3D('',#11831,#9758,#9759);
#8316=AXIS2_PLACEMENT_3D('',#11833,#9761,#9762);
#8317=AXIS2_PLACEMENT_3D('',#11835,#9764,#9765);
#8318=AXIS2_PLACEMENT_3D('',#11837,#9767,#9768);
#8319=AXIS2_PLACEMENT_3D('',#11838,#9769,#9770);
#8320=AXIS2_PLACEMENT_3D('',#11844,#9774,#9775);
#8321=AXIS2_PLACEMENT_3D('',#11848,#9778,#9779);
#8322=AXIS2_PLACEMENT_3D('',#11852,#9782,#9783);
#8323=AXIS2_PLACEMENT_3D('',#11854,#9785,#9786);
#8324=AXIS2_PLACEMENT_3D('',#11860,#9790,#9791);
#8325=AXIS2_PLACEMENT_3D('',#11864,#9794,#9795);
#8326=AXIS2_PLACEMENT_3D('',#11868,#9798,#9799);
#8327=AXIS2_PLACEMENT_3D('',#11870,#9801,#9802);
#8328=AXIS2_PLACEMENT_3D('',#11876,#9806,#9807);
#8329=AXIS2_PLACEMENT_3D('',#11880,#9810,#9811);
#8330=AXIS2_PLACEMENT_3D('',#11884,#9814,#9815);
#8331=AXIS2_PLACEMENT_3D('',#11886,#9817,#9818);
#8332=AXIS2_PLACEMENT_3D('',#11892,#9822,#9823);
#8333=AXIS2_PLACEMENT_3D('',#11896,#9826,#9827);
#8334=AXIS2_PLACEMENT_3D('',#11900,#9830,#9831);
#8335=AXIS2_PLACEMENT_3D('',#11902,#9833,#9834);
#8336=AXIS2_PLACEMENT_3D('',#11908,#9838,#9839);
#8337=AXIS2_PLACEMENT_3D('',#11912,#9842,#9843);
#8338=AXIS2_PLACEMENT_3D('',#11916,#9846,#9847);
#8339=AXIS2_PLACEMENT_3D('',#11918,#9849,#9850);
#8340=AXIS2_PLACEMENT_3D('',#11924,#9854,#9855);
#8341=AXIS2_PLACEMENT_3D('',#11928,#9858,#9859);
#8342=AXIS2_PLACEMENT_3D('',#11932,#9862,#9863);
#8343=AXIS2_PLACEMENT_3D('',#11934,#9865,#9866);
#8344=AXIS2_PLACEMENT_3D('',#11940,#9870,#9871);
#8345=AXIS2_PLACEMENT_3D('',#11944,#9874,#9875);
#8346=AXIS2_PLACEMENT_3D('',#11948,#9878,#9879);
#8347=AXIS2_PLACEMENT_3D('',#11950,#9881,#9882);
#8348=AXIS2_PLACEMENT_3D('',#11956,#9886,#9887);
#8349=AXIS2_PLACEMENT_3D('',#11960,#9890,#9891);
#8350=AXIS2_PLACEMENT_3D('',#11964,#9894,#9895);
#8351=AXIS2_PLACEMENT_3D('',#11966,#9897,#9898);
#8352=AXIS2_PLACEMENT_3D('',#11972,#9902,#9903);
#8353=AXIS2_PLACEMENT_3D('',#11976,#9906,#9907);
#8354=AXIS2_PLACEMENT_3D('',#11980,#9910,#9911);
#8355=AXIS2_PLACEMENT_3D('',#11982,#9913,#9914);
#8356=AXIS2_PLACEMENT_3D('',#11988,#9918,#9919);
#8357=AXIS2_PLACEMENT_3D('',#11992,#9922,#9923);
#8358=AXIS2_PLACEMENT_3D('',#11996,#9926,#9927);
#8359=AXIS2_PLACEMENT_3D('',#11998,#9929,#9930);
#8360=AXIS2_PLACEMENT_3D('',#12004,#9934,#9935);
#8361=AXIS2_PLACEMENT_3D('',#12008,#9938,#9939);
#8362=AXIS2_PLACEMENT_3D('',#12012,#9942,#9943);
#8363=AXIS2_PLACEMENT_3D('',#12014,#9945,#9946);
#8364=AXIS2_PLACEMENT_3D('',#12020,#9950,#9951);
#8365=AXIS2_PLACEMENT_3D('',#12024,#9954,#9955);
#8366=AXIS2_PLACEMENT_3D('',#12028,#9958,#9959);
#8367=AXIS2_PLACEMENT_3D('',#12030,#9961,#9962);
#8368=AXIS2_PLACEMENT_3D('',#12036,#9966,#9967);
#8369=AXIS2_PLACEMENT_3D('',#12040,#9970,#9971);
#8370=AXIS2_PLACEMENT_3D('',#12044,#9974,#9975);
#8371=AXIS2_PLACEMENT_3D('',#12046,#9977,#9978);
#8372=AXIS2_PLACEMENT_3D('',#12052,#9982,#9983);
#8373=AXIS2_PLACEMENT_3D('',#12056,#9986,#9987);
#8374=AXIS2_PLACEMENT_3D('',#12060,#9990,#9991);
#8375=AXIS2_PLACEMENT_3D('',#12062,#9993,#9994);
#8376=AXIS2_PLACEMENT_3D('',#12068,#9998,#9999);
#8377=AXIS2_PLACEMENT_3D('',#12072,#10002,#10003);
#8378=AXIS2_PLACEMENT_3D('',#12076,#10006,#10007);
#8379=AXIS2_PLACEMENT_3D('',#12078,#10009,#10010);
#8380=AXIS2_PLACEMENT_3D('',#12084,#10014,#10015);
#8381=AXIS2_PLACEMENT_3D('',#12088,#10018,#10019);
#8382=AXIS2_PLACEMENT_3D('',#12092,#10022,#10023);
#8383=AXIS2_PLACEMENT_3D('',#12094,#10025,#10026);
#8384=AXIS2_PLACEMENT_3D('',#12100,#10030,#10031);
#8385=AXIS2_PLACEMENT_3D('',#12104,#10034,#10035);
#8386=AXIS2_PLACEMENT_3D('',#12108,#10038,#10039);
#8387=AXIS2_PLACEMENT_3D('',#12110,#10041,#10042);
#8388=AXIS2_PLACEMENT_3D('',#12116,#10046,#10047);
#8389=AXIS2_PLACEMENT_3D('',#12120,#10050,#10051);
#8390=AXIS2_PLACEMENT_3D('',#12124,#10054,#10055);
#8391=AXIS2_PLACEMENT_3D('',#12126,#10057,#10058);
#8392=AXIS2_PLACEMENT_3D('',#12132,#10062,#10063);
#8393=AXIS2_PLACEMENT_3D('',#12136,#10066,#10067);
#8394=AXIS2_PLACEMENT_3D('',#12140,#10070,#10071);
#8395=AXIS2_PLACEMENT_3D('',#12142,#10073,#10074);
#8396=AXIS2_PLACEMENT_3D('',#12148,#10078,#10079);
#8397=AXIS2_PLACEMENT_3D('',#12152,#10082,#10083);
#8398=AXIS2_PLACEMENT_3D('',#12156,#10086,#10087);
#8399=AXIS2_PLACEMENT_3D('',#12158,#10089,#10090);
#8400=AXIS2_PLACEMENT_3D('',#12164,#10094,#10095);
#8401=AXIS2_PLACEMENT_3D('',#12168,#10098,#10099);
#8402=AXIS2_PLACEMENT_3D('',#12172,#10102,#10103);
#8403=AXIS2_PLACEMENT_3D('',#12174,#10105,#10106);
#8404=AXIS2_PLACEMENT_3D('',#12180,#10110,#10111);
#8405=AXIS2_PLACEMENT_3D('',#12184,#10114,#10115);
#8406=AXIS2_PLACEMENT_3D('',#12188,#10118,#10119);
#8407=AXIS2_PLACEMENT_3D('',#12190,#10121,#10122);
#8408=AXIS2_PLACEMENT_3D('',#12196,#10126,#10127);
#8409=AXIS2_PLACEMENT_3D('',#12200,#10130,#10131);
#8410=AXIS2_PLACEMENT_3D('',#12204,#10134,#10135);
#8411=AXIS2_PLACEMENT_3D('',#12206,#10137,#10138);
#8412=AXIS2_PLACEMENT_3D('',#12212,#10142,#10143);
#8413=AXIS2_PLACEMENT_3D('',#12216,#10146,#10147);
#8414=AXIS2_PLACEMENT_3D('',#12220,#10150,#10151);
#8415=AXIS2_PLACEMENT_3D('',#12222,#10153,#10154);
#8416=AXIS2_PLACEMENT_3D('',#12228,#10158,#10159);
#8417=AXIS2_PLACEMENT_3D('',#12232,#10162,#10163);
#8418=AXIS2_PLACEMENT_3D('',#12236,#10166,#10167);
#8419=AXIS2_PLACEMENT_3D('',#12238,#10169,#10170);
#8420=AXIS2_PLACEMENT_3D('',#12244,#10174,#10175);
#8421=AXIS2_PLACEMENT_3D('',#12248,#10178,#10179);
#8422=AXIS2_PLACEMENT_3D('',#12252,#10182,#10183);
#8423=AXIS2_PLACEMENT_3D('',#12254,#10185,#10186);
#8424=AXIS2_PLACEMENT_3D('',#12260,#10190,#10191);
#8425=AXIS2_PLACEMENT_3D('',#12264,#10194,#10195);
#8426=AXIS2_PLACEMENT_3D('',#12268,#10198,#10199);
#8427=AXIS2_PLACEMENT_3D('',#12270,#10201,#10202);
#8428=AXIS2_PLACEMENT_3D('',#12276,#10206,#10207);
#8429=AXIS2_PLACEMENT_3D('',#12280,#10210,#10211);
#8430=AXIS2_PLACEMENT_3D('',#12284,#10214,#10215);
#8431=AXIS2_PLACEMENT_3D('',#12286,#10217,#10218);
#8432=AXIS2_PLACEMENT_3D('',#12292,#10222,#10223);
#8433=AXIS2_PLACEMENT_3D('',#12296,#10226,#10227);
#8434=AXIS2_PLACEMENT_3D('',#12300,#10230,#10231);
#8435=AXIS2_PLACEMENT_3D('',#12302,#10233,#10234);
#8436=AXIS2_PLACEMENT_3D('',#12308,#10238,#10239);
#8437=AXIS2_PLACEMENT_3D('',#12312,#10242,#10243);
#8438=AXIS2_PLACEMENT_3D('',#12316,#10246,#10247);
#8439=AXIS2_PLACEMENT_3D('',#12318,#10249,#10250);
#8440=AXIS2_PLACEMENT_3D('',#12324,#10254,#10255);
#8441=AXIS2_PLACEMENT_3D('',#12328,#10258,#10259);
#8442=AXIS2_PLACEMENT_3D('',#12332,#10262,#10263);
#8443=AXIS2_PLACEMENT_3D('',#12334,#10265,#10266);
#8444=AXIS2_PLACEMENT_3D('',#12340,#10270,#10271);
#8445=AXIS2_PLACEMENT_3D('',#12344,#10274,#10275);
#8446=AXIS2_PLACEMENT_3D('',#12348,#10278,#10279);
#8447=AXIS2_PLACEMENT_3D('',#12350,#10281,#10282);
#8448=AXIS2_PLACEMENT_3D('',#12351,#10283,#10284);
#8449=AXIS2_PLACEMENT_3D('',#12352,#10285,#10286);
#8450=AXIS2_PLACEMENT_3D('',#12353,#10287,#10288);
#8451=AXIS2_PLACEMENT_3D('',#12354,#10289,#10290);
#8452=AXIS2_PLACEMENT_3D('',#12355,#10291,#10292);
#8453=AXIS2_PLACEMENT_3D('',#12356,#10293,#10294);
#8454=AXIS2_PLACEMENT_3D('',#12357,#10295,#10296);
#8455=AXIS2_PLACEMENT_3D('',#12358,#10297,#10298);
#8456=AXIS2_PLACEMENT_3D('',#12359,#10299,#10300);
#8457=AXIS2_PLACEMENT_3D('',#12360,#10301,#10302);
#8458=AXIS2_PLACEMENT_3D('',#12361,#10303,#10304);
#8459=AXIS2_PLACEMENT_3D('',#12362,#10305,#10306);
#8460=AXIS2_PLACEMENT_3D('',#12363,#10307,#10308);
#8461=AXIS2_PLACEMENT_3D('',#12364,#10309,#10310);
#8462=AXIS2_PLACEMENT_3D('',#12365,#10311,#10312);
#8463=AXIS2_PLACEMENT_3D('',#12366,#10313,#10314);
#8464=AXIS2_PLACEMENT_3D('',#12367,#10315,#10316);
#8465=AXIS2_PLACEMENT_3D('',#12368,#10317,#10318);
#8466=AXIS2_PLACEMENT_3D('',#12370,#10319,#10320);
#8467=AXIS2_PLACEMENT_3D('',#12372,#10321,#10322);
#8468=AXIS2_PLACEMENT_3D('',#12373,#10323,#10324);
#8469=AXIS2_PLACEMENT_3D('',#12375,#10325,#10326);
#8470=AXIS2_PLACEMENT_3D('',#12376,#10327,#10328);
#8471=AXIS2_PLACEMENT_3D('',#12378,#10329,#10330);
#8472=AXIS2_PLACEMENT_3D('',#12379,#10331,#10332);
#8473=AXIS2_PLACEMENT_3D('',#12381,#10333,#10334);
#8474=AXIS2_PLACEMENT_3D('',#12382,#10335,#10336);
#8475=AXIS2_PLACEMENT_3D('',#12384,#10337,#10338);
#8476=AXIS2_PLACEMENT_3D('',#12385,#10339,#10340);
#8477=AXIS2_PLACEMENT_3D('',#12387,#10341,#10342);
#8478=AXIS2_PLACEMENT_3D('',#12388,#10343,#10344);
#8479=AXIS2_PLACEMENT_3D('',#12390,#10345,#10346);
#8480=AXIS2_PLACEMENT_3D('',#12391,#10347,#10348);
#8481=AXIS2_PLACEMENT_3D('',#12392,#10349,#10350);
#8482=AXIS2_PLACEMENT_3D('',#12393,#10351,#10352);
#8483=AXIS2_PLACEMENT_3D('',#12394,#10353,#10354);
#8484=AXIS2_PLACEMENT_3D('',#12396,#10355,#10356);
#8485=AXIS2_PLACEMENT_3D('',#12398,#10357,#10358);
#8486=AXIS2_PLACEMENT_3D('',#12399,#10359,#10360);
#8487=AXIS2_PLACEMENT_3D('',#12401,#10361,#10362);
#8488=AXIS2_PLACEMENT_3D('',#12402,#10363,#10364);
#8489=AXIS2_PLACEMENT_3D('',#12404,#10365,#10366);
#8490=AXIS2_PLACEMENT_3D('',#12405,#10367,#10368);
#8491=AXIS2_PLACEMENT_3D('',#12407,#10369,#10370);
#8492=AXIS2_PLACEMENT_3D('',#12408,#10371,#10372);
#8493=AXIS2_PLACEMENT_3D('',#12410,#10373,#10374);
#8494=AXIS2_PLACEMENT_3D('',#12411,#10375,#10376);
#8495=AXIS2_PLACEMENT_3D('',#12412,#10377,#10378);
#8496=AXIS2_PLACEMENT_3D('',#12413,#10379,#10380);
#8497=AXIS2_PLACEMENT_3D('',#12414,#10381,#10382);
#8498=AXIS2_PLACEMENT_3D('',#12416,#10383,#10384);
#8499=AXIS2_PLACEMENT_3D('',#12418,#10385,#10386);
#8500=AXIS2_PLACEMENT_3D('',#12419,#10387,#10388);
#8501=AXIS2_PLACEMENT_3D('',#12421,#10389,#10390);
#8502=AXIS2_PLACEMENT_3D('',#12422,#10391,#10392);
#8503=AXIS2_PLACEMENT_3D('',#12424,#10393,#10394);
#8504=AXIS2_PLACEMENT_3D('',#12425,#10395,#10396);
#8505=AXIS2_PLACEMENT_3D('',#12427,#10397,#10398);
#8506=AXIS2_PLACEMENT_3D('',#12428,#10399,#10400);
#8507=AXIS2_PLACEMENT_3D('',#12430,#10401,#10402);
#8508=AXIS2_PLACEMENT_3D('',#12431,#10403,#10404);
#8509=AXIS2_PLACEMENT_3D('',#12432,#10405,#10406);
#8510=AXIS2_PLACEMENT_3D('',#12433,#10407,#10408);
#8511=AXIS2_PLACEMENT_3D('',#12434,#10409,#10410);
#8512=AXIS2_PLACEMENT_3D('',#12436,#10411,#10412);
#8513=AXIS2_PLACEMENT_3D('',#12438,#10413,#10414);
#8514=AXIS2_PLACEMENT_3D('',#12439,#10415,#10416);
#8515=AXIS2_PLACEMENT_3D('',#12441,#10417,#10418);
#8516=AXIS2_PLACEMENT_3D('',#12442,#10419,#10420);
#8517=AXIS2_PLACEMENT_3D('',#12444,#10421,#10422);
#8518=AXIS2_PLACEMENT_3D('',#12445,#10423,#10424);
#8519=AXIS2_PLACEMENT_3D('',#12447,#10425,#10426);
#8520=AXIS2_PLACEMENT_3D('',#12448,#10427,#10428);
#8521=AXIS2_PLACEMENT_3D('',#12450,#10429,#10430);
#8522=AXIS2_PLACEMENT_3D('',#12451,#10431,#10432);
#8523=AXIS2_PLACEMENT_3D('',#12453,#10433,#10434);
#8524=AXIS2_PLACEMENT_3D('',#12454,#10435,#10436);
#8525=AXIS2_PLACEMENT_3D('',#12456,#10437,#10438);
#8526=AXIS2_PLACEMENT_3D('',#12457,#10439,#10440);
#8527=AXIS2_PLACEMENT_3D('',#12458,#10441,#10442);
#8528=AXIS2_PLACEMENT_3D('',#12459,#10443,#10444);
#8529=AXIS2_PLACEMENT_3D('',#12460,#10445,#10446);
#8530=AXIS2_PLACEMENT_3D('',#12462,#10447,#10448);
#8531=AXIS2_PLACEMENT_3D('',#12464,#10449,#10450);
#8532=AXIS2_PLACEMENT_3D('',#12465,#10451,#10452);
#8533=AXIS2_PLACEMENT_3D('',#12467,#10453,#10454);
#8534=AXIS2_PLACEMENT_3D('',#12468,#10455,#10456);
#8535=AXIS2_PLACEMENT_3D('',#12470,#10457,#10458);
#8536=AXIS2_PLACEMENT_3D('',#12471,#10459,#10460);
#8537=AXIS2_PLACEMENT_3D('',#12473,#10461,#10462);
#8538=AXIS2_PLACEMENT_3D('',#12474,#10463,#10464);
#8539=AXIS2_PLACEMENT_3D('',#12476,#10465,#10466);
#8540=AXIS2_PLACEMENT_3D('',#12477,#10467,#10468);
#8541=AXIS2_PLACEMENT_3D('',#12478,#10469,#10470);
#8542=AXIS2_PLACEMENT_3D('',#12479,#10471,#10472);
#8543=AXIS2_PLACEMENT_3D('',#12480,#10473,#10474);
#8544=AXIS2_PLACEMENT_3D('',#12482,#10475,#10476);
#8545=AXIS2_PLACEMENT_3D('',#12484,#10477,#10478);
#8546=AXIS2_PLACEMENT_3D('',#12485,#10479,#10480);
#8547=AXIS2_PLACEMENT_3D('',#12487,#10481,#10482);
#8548=AXIS2_PLACEMENT_3D('',#12488,#10483,#10484);
#8549=AXIS2_PLACEMENT_3D('',#12490,#10485,#10486);
#8550=AXIS2_PLACEMENT_3D('',#12491,#10487,#10488);
#8551=AXIS2_PLACEMENT_3D('',#12493,#10489,#10490);
#8552=AXIS2_PLACEMENT_3D('',#12494,#10491,#10492);
#8553=AXIS2_PLACEMENT_3D('',#12496,#10493,#10494);
#8554=AXIS2_PLACEMENT_3D('',#12497,#10495,#10496);
#8555=AXIS2_PLACEMENT_3D('',#12499,#10497,#10498);
#8556=AXIS2_PLACEMENT_3D('',#12500,#10499,#10500);
#8557=AXIS2_PLACEMENT_3D('',#12502,#10501,#10502);
#8558=AXIS2_PLACEMENT_3D('',#12503,#10503,#10504);
#8559=AXIS2_PLACEMENT_3D('',#12504,#10505,#10506);
#8560=AXIS2_PLACEMENT_3D('',#12505,#10507,#10508);
#8561=AXIS2_PLACEMENT_3D('',#12506,#10509,#10510);
#8562=AXIS2_PLACEMENT_3D('',#12508,#10511,#10512);
#8563=AXIS2_PLACEMENT_3D('',#12510,#10513,#10514);
#8564=AXIS2_PLACEMENT_3D('',#12511,#10515,#10516);
#8565=AXIS2_PLACEMENT_3D('',#12513,#10517,#10518);
#8566=AXIS2_PLACEMENT_3D('',#12514,#10519,#10520);
#8567=AXIS2_PLACEMENT_3D('',#12516,#10521,#10522);
#8568=AXIS2_PLACEMENT_3D('',#12517,#10523,#10524);
#8569=AXIS2_PLACEMENT_3D('',#12519,#10525,#10526);
#8570=AXIS2_PLACEMENT_3D('',#12520,#10527,#10528);
#8571=AXIS2_PLACEMENT_3D('',#12522,#10529,#10530);
#8572=AXIS2_PLACEMENT_3D('',#12523,#10531,#10532);
#8573=AXIS2_PLACEMENT_3D('',#12524,#10533,#10534);
#8574=AXIS2_PLACEMENT_3D('',#12525,#10535,#10536);
#8575=AXIS2_PLACEMENT_3D('',#12526,#10537,#10538);
#8576=AXIS2_PLACEMENT_3D('',#12528,#10539,#10540);
#8577=AXIS2_PLACEMENT_3D('',#12530,#10541,#10542);
#8578=AXIS2_PLACEMENT_3D('',#12531,#10543,#10544);
#8579=AXIS2_PLACEMENT_3D('',#12533,#10545,#10546);
#8580=AXIS2_PLACEMENT_3D('',#12534,#10547,#10548);
#8581=AXIS2_PLACEMENT_3D('',#12536,#10549,#10550);
#8582=AXIS2_PLACEMENT_3D('',#12537,#10551,#10552);
#8583=AXIS2_PLACEMENT_3D('',#12539,#10553,#10554);
#8584=AXIS2_PLACEMENT_3D('',#12540,#10555,#10556);
#8585=AXIS2_PLACEMENT_3D('',#12542,#10557,#10558);
#8586=AXIS2_PLACEMENT_3D('',#12543,#10559,#10560);
#8587=AXIS2_PLACEMENT_3D('',#12544,#10561,#10562);
#8588=AXIS2_PLACEMENT_3D('',#12545,#10563,#10564);
#8589=AXIS2_PLACEMENT_3D('',#12546,#10565,#10566);
#8590=AXIS2_PLACEMENT_3D('',#12548,#10567,#10568);
#8591=AXIS2_PLACEMENT_3D('',#12550,#10569,#10570);
#8592=AXIS2_PLACEMENT_3D('',#12551,#10571,#10572);
#8593=AXIS2_PLACEMENT_3D('',#12553,#10573,#10574);
#8594=AXIS2_PLACEMENT_3D('',#12554,#10575,#10576);
#8595=AXIS2_PLACEMENT_3D('',#12556,#10577,#10578);
#8596=AXIS2_PLACEMENT_3D('',#12557,#10579,#10580);
#8597=AXIS2_PLACEMENT_3D('',#12559,#10581,#10582);
#8598=AXIS2_PLACEMENT_3D('',#12560,#10583,#10584);
#8599=AXIS2_PLACEMENT_3D('',#12562,#10585,#10586);
#8600=AXIS2_PLACEMENT_3D('',#12563,#10587,#10588);
#8601=AXIS2_PLACEMENT_3D('',#12565,#10589,#10590);
#8602=AXIS2_PLACEMENT_3D('',#12566,#10591,#10592);
#8603=AXIS2_PLACEMENT_3D('',#12568,#10593,#10594);
#8604=AXIS2_PLACEMENT_3D('',#12569,#10595,#10596);
#8605=AXIS2_PLACEMENT_3D('',#12570,#10597,#10598);
#8606=AXIS2_PLACEMENT_3D('',#12571,#10599,#10600);
#8607=AXIS2_PLACEMENT_3D('',#12572,#10601,#10602);
#8608=AXIS2_PLACEMENT_3D('',#12574,#10603,#10604);
#8609=AXIS2_PLACEMENT_3D('',#12576,#10605,#10606);
#8610=AXIS2_PLACEMENT_3D('',#12577,#10607,#10608);
#8611=AXIS2_PLACEMENT_3D('',#12579,#10609,#10610);
#8612=AXIS2_PLACEMENT_3D('',#12580,#10611,#10612);
#8613=AXIS2_PLACEMENT_3D('',#12582,#10613,#10614);
#8614=AXIS2_PLACEMENT_3D('',#12583,#10615,#10616);
#8615=AXIS2_PLACEMENT_3D('',#12585,#10617,#10618);
#8616=AXIS2_PLACEMENT_3D('',#12586,#10619,#10620);
#8617=AXIS2_PLACEMENT_3D('',#12588,#10621,#10622);
#8618=AXIS2_PLACEMENT_3D('',#12589,#10623,#10624);
#8619=AXIS2_PLACEMENT_3D('',#12590,#10625,#10626);
#8620=AXIS2_PLACEMENT_3D('',#12591,#10627,#10628);
#8621=AXIS2_PLACEMENT_3D('',#12592,#10629,#10630);
#8622=AXIS2_PLACEMENT_3D('',#12594,#10631,#10632);
#8623=AXIS2_PLACEMENT_3D('',#12596,#10633,#10634);
#8624=AXIS2_PLACEMENT_3D('',#12597,#10635,#10636);
#8625=AXIS2_PLACEMENT_3D('',#12599,#10637,#10638);
#8626=AXIS2_PLACEMENT_3D('',#12600,#10639,#10640);
#8627=AXIS2_PLACEMENT_3D('',#12602,#10641,#10642);
#8628=AXIS2_PLACEMENT_3D('',#12603,#10643,#10644);
#8629=AXIS2_PLACEMENT_3D('',#12605,#10645,#10646);
#8630=AXIS2_PLACEMENT_3D('',#12606,#10647,#10648);
#8631=AXIS2_PLACEMENT_3D('',#12608,#10649,#10650);
#8632=AXIS2_PLACEMENT_3D('',#12609,#10651,#10652);
#8633=AXIS2_PLACEMENT_3D('',#12611,#10653,#10654);
#8634=AXIS2_PLACEMENT_3D('',#12612,#10655,#10656);
#8635=AXIS2_PLACEMENT_3D('',#12614,#10657,#10658);
#8636=AXIS2_PLACEMENT_3D('',#12615,#10659,#10660);
#8637=AXIS2_PLACEMENT_3D('',#12616,#10661,#10662);
#8638=AXIS2_PLACEMENT_3D('',#12617,#10663,#10664);
#8639=AXIS2_PLACEMENT_3D('',#12618,#10665,#10666);
#8640=AXIS2_PLACEMENT_3D('',#12620,#10667,#10668);
#8641=AXIS2_PLACEMENT_3D('',#12622,#10669,#10670);
#8642=AXIS2_PLACEMENT_3D('',#12623,#10671,#10672);
#8643=AXIS2_PLACEMENT_3D('',#12625,#10673,#10674);
#8644=AXIS2_PLACEMENT_3D('',#12626,#10675,#10676);
#8645=AXIS2_PLACEMENT_3D('',#12628,#10677,#10678);
#8646=AXIS2_PLACEMENT_3D('',#12629,#10679,#10680);
#8647=AXIS2_PLACEMENT_3D('',#12631,#10681,#10682);
#8648=AXIS2_PLACEMENT_3D('',#12632,#10683,#10684);
#8649=AXIS2_PLACEMENT_3D('',#12634,#10685,#10686);
#8650=AXIS2_PLACEMENT_3D('',#12635,#10687,#10688);
#8651=AXIS2_PLACEMENT_3D('',#12637,#10689,#10690);
#8652=AXIS2_PLACEMENT_3D('',#12638,#10691,#10692);
#8653=AXIS2_PLACEMENT_3D('',#12640,#10693,#10694);
#8654=AXIS2_PLACEMENT_3D('',#12641,#10695,#10696);
#8655=AXIS2_PLACEMENT_3D('',#12642,#10697,#10698);
#8656=AXIS2_PLACEMENT_3D('',#12643,#10699,#10700);
#8657=AXIS2_PLACEMENT_3D('',#12644,#10701,#10702);
#8658=AXIS2_PLACEMENT_3D('',#12646,#10703,#10704);
#8659=AXIS2_PLACEMENT_3D('',#12648,#10705,#10706);
#8660=AXIS2_PLACEMENT_3D('',#12649,#10707,#10708);
#8661=AXIS2_PLACEMENT_3D('',#12651,#10709,#10710);
#8662=AXIS2_PLACEMENT_3D('',#12652,#10711,#10712);
#8663=AXIS2_PLACEMENT_3D('',#12654,#10713,#10714);
#8664=AXIS2_PLACEMENT_3D('',#12655,#10715,#10716);
#8665=AXIS2_PLACEMENT_3D('',#12657,#10717,#10718);
#8666=AXIS2_PLACEMENT_3D('',#12658,#10719,#10720);
#8667=AXIS2_PLACEMENT_3D('',#12660,#10721,#10722);
#8668=AXIS2_PLACEMENT_3D('',#12661,#10723,#10724);
#8669=AXIS2_PLACEMENT_3D('',#12662,#10725,#10726);
#8670=AXIS2_PLACEMENT_3D('',#12663,#10727,#10728);
#8671=AXIS2_PLACEMENT_3D('',#12664,#10729,#10730);
#8672=AXIS2_PLACEMENT_3D('',#12666,#10731,#10732);
#8673=AXIS2_PLACEMENT_3D('',#12668,#10733,#10734);
#8674=AXIS2_PLACEMENT_3D('',#12669,#10735,#10736);
#8675=AXIS2_PLACEMENT_3D('',#12671,#10737,#10738);
#8676=AXIS2_PLACEMENT_3D('',#12672,#10739,#10740);
#8677=AXIS2_PLACEMENT_3D('',#12674,#10741,#10742);
#8678=AXIS2_PLACEMENT_3D('',#12675,#10743,#10744);
#8679=AXIS2_PLACEMENT_3D('',#12677,#10745,#10746);
#8680=AXIS2_PLACEMENT_3D('',#12678,#10747,#10748);
#8681=AXIS2_PLACEMENT_3D('',#12680,#10749,#10750);
#8682=AXIS2_PLACEMENT_3D('',#12681,#10751,#10752);
#8683=AXIS2_PLACEMENT_3D('',#12683,#10753,#10754);
#8684=AXIS2_PLACEMENT_3D('',#12684,#10755,#10756);
#8685=AXIS2_PLACEMENT_3D('',#12686,#10757,#10758);
#8686=AXIS2_PLACEMENT_3D('',#12687,#10759,#10760);
#8687=AXIS2_PLACEMENT_3D('',#12688,#10761,#10762);
#8688=AXIS2_PLACEMENT_3D('',#12689,#10763,#10764);
#8689=AXIS2_PLACEMENT_3D('',#12690,#10765,#10766);
#8690=AXIS2_PLACEMENT_3D('',#12692,#10767,#10768);
#8691=AXIS2_PLACEMENT_3D('',#12694,#10769,#10770);
#8692=AXIS2_PLACEMENT_3D('',#12695,#10771,#10772);
#8693=AXIS2_PLACEMENT_3D('',#12697,#10773,#10774);
#8694=AXIS2_PLACEMENT_3D('',#12698,#10775,#10776);
#8695=AXIS2_PLACEMENT_3D('',#12700,#10777,#10778);
#8696=AXIS2_PLACEMENT_3D('',#12701,#10779,#10780);
#8697=AXIS2_PLACEMENT_3D('',#12703,#10781,#10782);
#8698=AXIS2_PLACEMENT_3D('',#12704,#10783,#10784);
#8699=AXIS2_PLACEMENT_3D('',#12706,#10785,#10786);
#8700=AXIS2_PLACEMENT_3D('',#12707,#10787,#10788);
#8701=AXIS2_PLACEMENT_3D('',#12709,#10789,#10790);
#8702=AXIS2_PLACEMENT_3D('',#12710,#10791,#10792);
#8703=AXIS2_PLACEMENT_3D('',#12712,#10793,#10794);
#8704=AXIS2_PLACEMENT_3D('',#12713,#10795,#10796);
#8705=DIRECTION('',(0.,0.,1.));
#8706=DIRECTION('',(1.,0.,0.));
#8707=DIRECTION('',(0.,0.,-1.));
#8708=DIRECTION('',(1.,0.,0.));
#8709=DIRECTION('',(-8.559688641721E-35,6.014522413226E-35,1.));
#8710=DIRECTION('',(1.,0.,8.559688641721E-35));
#8711=DIRECTION('',(0.,0.,-1.));
#8712=DIRECTION('',(-1.,0.,0.));
#8713=DIRECTION('',(8.559688641721E-35,-6.014522413226E-35,-1.));
#8714=DIRECTION('',(1.,6.690258951221E-52,8.559688641721E-35));
#8715=DIRECTION('',(8.559688641721E-35,-6.014522413226E-35,-1.));
#8716=DIRECTION('',(-1.,0.,-8.559688641721E-35));
#8717=DIRECTION('',(-8.559688641721E-35,6.014522413226E-35,1.));
#8718=DIRECTION('',(1.,8.259101077374E-51,8.559688641721E-35));
#8719=DIRECTION('',(-8.559688641721E-35,6.014522413226E-35,1.));
#8720=DIRECTION('',(1.,0.,8.559688641721E-35));
#8721=DIRECTION('',(-8.559688641721E-35,6.014522413226E-35,1.));
#8722=DIRECTION('',(1.,0.,8.559688641721E-35));
#8723=DIRECTION('',(0.,0.,1.));
#8724=DIRECTION('',(1.,0.,0.));
#8725=DIRECTION('',(0.,0.,1.));
#8726=DIRECTION('',(1.,0.,0.));
#8727=DIRECTION('',(-8.559688641721E-35,6.014522413226E-35,1.));
#8728=DIRECTION('',(1.,0.,8.559688641721E-35));
#8729=DIRECTION('',(0.,0.,-1.));
#8730=DIRECTION('',(-1.,0.,0.));
#8731=DIRECTION('',(0.,0.,1.));
#8732=DIRECTION('',(1.,0.,0.));
#8733=DIRECTION('',(0.,0.,1.));
#8734=DIRECTION('',(1.,0.,0.));
#8735=DIRECTION('',(0.,0.,1.));
#8736=DIRECTION('',(1.,0.,0.));
#8737=DIRECTION('',(0.,0.,1.));
#8738=DIRECTION('',(1.,0.,0.));
#8739=DIRECTION('',(0.,0.,-1.));
#8740=DIRECTION('',(1.,0.,0.));
#8741=DIRECTION('',(0.,0.,-1.));
#8742=DIRECTION('',(-1.,0.,0.));
#8743=DIRECTION('',(0.,0.,-1.));
#8744=DIRECTION('',(1.,0.,0.));
#8745=DIRECTION('',(0.,0.,-1.));
#8746=DIRECTION('',(-1.,0.,0.));
#8747=DIRECTION('',(1.19708830782E-30,-3.357113761597E-32,-1.));
#8748=DIRECTION('',(1.,3.013010401886E-31,1.19708830782E-30));
#8749=DIRECTION('',(1.19708830782E-30,-3.357113761597E-32,-1.));
#8750=DIRECTION('',(-1.,0.,-1.19708830782E-30));
#8751=DIRECTION('',(-4.930380657631E-31,-1.632186346944E-32,1.));
#8752=DIRECTION('',(1.,0.,4.930380657631E-31));
#8753=DIRECTION('',(0.,0.,1.));
#8754=DIRECTION('',(1.,0.,0.));
#8755=DIRECTION('',(-1.19708830782E-30,3.357113761597E-32,1.));
#8756=DIRECTION('',(1.,0.,1.19708830782E-30));
#8757=DIRECTION('',(0.,0.,1.));
#8758=DIRECTION('',(1.,0.,0.));
#8759=DIRECTION('',(0.,2.2E-16,1.));
#8760=DIRECTION('',(1.,0.,0.));
#8761=DIRECTION('',(1.22464679914735E-16,-2.2E-16,-1.));
#8762=DIRECTION('',(0.,1.,-2.2E-16));
#8763=DIRECTION('',(0.,2.2E-16,1.));
#8764=DIRECTION('',(0.,-1.,2.2E-16));
#8765=DIRECTION('',(0.,1.,-2.2E-16));
#8766=DIRECTION('',(1.,0.,0.));
#8767=DIRECTION('',(-1.,-4.04133443718627E-32,-1.83697019872103E-16));
#8768=DIRECTION('',(-1.83697019872103E-16,0.,1.));
#8769=DIRECTION('',(1.,0.,0.));
#8770=DIRECTION('',(0.,-2.2E-16,-1.));
#8771=DIRECTION('',(-1.,-4.04133443718627E-32,-1.83697019872103E-16));
#8772=DIRECTION('',(-1.83697019872103E-16,0.,1.));
#8773=DIRECTION('',(0.,1.,-2.2E-16));
#8774=DIRECTION('',(1.,0.,0.));
#8775=DIRECTION('',(0.,2.2E-16,1.));
#8776=DIRECTION('',(0.,-1.,2.2E-16));
#8777=DIRECTION('',(0.,-2.2E-16,-1.));
#8778=DIRECTION('',(-1.,0.,0.));
#8779=DIRECTION('',(0.,-2.2E-16,-1.));
#8780=DIRECTION('',(0.,1.,-2.2E-16));
#8781=DIRECTION('',(0.,0.,-1.));
#8782=DIRECTION('',(-1.,0.,0.));
#8783=DIRECTION('',(0.,0.,1.));
#8784=DIRECTION('',(1.,0.,0.));
#8785=DIRECTION('',(0.,0.,1.));
#8786=DIRECTION('',(1.,0.,0.));
#8787=DIRECTION('',(0.,0.,-1.));
#8788=DIRECTION('',(-6.42331427561399E-8,1.,0.));
#8789=DIRECTION('',(0.,0.,-1.));
#8790=DIRECTION('',(0.,0.,-1.));
#8791=DIRECTION('',(-1.,0.,0.));
#8792=DIRECTION('',(0.,0.,-1.));
#8793=DIRECTION('',(0.,0.,-1.));
#8794=DIRECTION('',(-1.,0.,0.));
#8795=DIRECTION('',(0.,1.,0.));
#8796=DIRECTION('',(1.,0.,0.));
#8797=DIRECTION('',(0.,0.,-1.));
#8798=DIRECTION('',(1.,0.,0.));
#8799=DIRECTION('',(1.,0.,0.));
#8800=DIRECTION('',(1.,0.,0.));
#8801=DIRECTION('',(0.,-1.,0.));
#8802=DIRECTION('',(0.,-1.,0.));
#8803=DIRECTION('',(0.,0.,-1.));
#8804=DIRECTION('',(0.,1.,0.));
#8805=DIRECTION('',(0.,0.,1.));
#8806=DIRECTION('',(1.,0.,0.));
#8807=DIRECTION('',(0.,0.,-1.));
#8808=DIRECTION('',(-1.,0.,0.));
#8809=DIRECTION('',(1.,0.,0.));
#8810=DIRECTION('',(0.,0.,-1.));
#8811=DIRECTION('',(-1.,0.,0.));
#8812=DIRECTION('',(0.,1.,0.));
#8813=DIRECTION('',(0.,0.,-1.));
#8814=DIRECTION('',(-1.,0.,0.));
#8815=DIRECTION('',(0.,0.,-1.));
#8816=DIRECTION('',(-1.,0.,0.));
#8817=DIRECTION('',(0.,0.,-1.));
#8818=DIRECTION('',(-1.,0.,0.));
#8819=DIRECTION('',(0.,0.,-1.));
#8820=DIRECTION('',(-1.,0.,0.));
#8821=DIRECTION('',(0.,0.,-1.));
#8822=DIRECTION('',(-1.,0.,0.));
#8823=DIRECTION('',(0.,0.,-1.));
#8824=DIRECTION('',(-1.,0.,0.));
#8825=DIRECTION('',(0.,0.,-1.));
#8826=DIRECTION('',(-1.,0.,0.));
#8827=DIRECTION('',(0.,0.,-1.));
#8828=DIRECTION('',(-1.,0.,0.));
#8829=DIRECTION('',(0.,0.,-1.));
#8830=DIRECTION('',(-1.,0.,0.));
#8831=DIRECTION('',(0.,0.,-1.));
#8832=DIRECTION('',(-1.,0.,0.));
#8833=DIRECTION('',(0.,0.,-1.));
#8834=DIRECTION('',(-1.,0.,0.));
#8835=DIRECTION('',(0.,0.,-1.));
#8836=DIRECTION('',(-1.,0.,0.));
#8837=DIRECTION('',(0.,0.,-1.));
#8838=DIRECTION('',(-1.,0.,0.));
#8839=DIRECTION('',(0.,0.,-1.));
#8840=DIRECTION('',(-1.,0.,0.));
#8841=DIRECTION('',(0.,0.,-1.));
#8842=DIRECTION('',(-1.,0.,0.));
#8843=DIRECTION('',(0.,0.,-1.));
#8844=DIRECTION('',(-1.,0.,0.));
#8845=DIRECTION('',(0.,0.,-1.));
#8846=DIRECTION('',(-1.,0.,0.));
#8847=DIRECTION('',(0.,0.,-1.));
#8848=DIRECTION('',(-1.,0.,0.));
#8849=DIRECTION('',(0.,0.,-1.));
#8850=DIRECTION('',(-1.,0.,0.));
#8851=DIRECTION('',(0.,0.,-1.));
#8852=DIRECTION('',(-1.,0.,0.));
#8853=DIRECTION('',(0.,0.,-1.));
#8854=DIRECTION('',(-1.,0.,0.));
#8855=DIRECTION('',(0.,0.,-1.));
#8856=DIRECTION('',(-1.,0.,0.));
#8857=DIRECTION('',(0.,0.,-1.));
#8858=DIRECTION('',(-1.,0.,0.));
#8859=DIRECTION('',(0.,0.,-1.));
#8860=DIRECTION('',(-1.,0.,0.));
#8861=DIRECTION('',(0.,0.,-1.));
#8862=DIRECTION('',(-1.,0.,0.));
#8863=DIRECTION('',(0.,0.,-1.));
#8864=DIRECTION('',(-1.,0.,0.));
#8865=DIRECTION('',(0.,0.,-1.));
#8866=DIRECTION('',(-1.,0.,0.));
#8867=DIRECTION('',(0.,0.,-1.));
#8868=DIRECTION('',(-1.,0.,0.));
#8869=DIRECTION('',(0.,0.,-1.));
#8870=DIRECTION('',(-1.,0.,0.));
#8871=DIRECTION('',(0.,0.,-1.));
#8872=DIRECTION('',(-1.,0.,0.));
#8873=DIRECTION('',(0.,0.,-1.));
#8874=DIRECTION('',(-1.,0.,0.));
#8875=DIRECTION('',(0.,0.,-1.));
#8876=DIRECTION('',(-1.,0.,0.));
#8877=DIRECTION('',(0.,0.,-1.));
#8878=DIRECTION('',(-1.,0.,0.));
#8879=DIRECTION('',(0.,0.,-1.));
#8880=DIRECTION('',(-1.,0.,0.));
#8881=DIRECTION('',(0.,0.,-1.));
#8882=DIRECTION('',(-1.,0.,0.));
#8883=DIRECTION('',(0.,0.,-1.));
#8884=DIRECTION('',(-1.,0.,0.));
#8885=DIRECTION('',(0.,0.,-1.));
#8886=DIRECTION('',(-1.,0.,0.));
#8887=DIRECTION('',(0.,0.,-1.));
#8888=DIRECTION('',(-1.,0.,0.));
#8889=DIRECTION('',(0.,0.,-1.));
#8890=DIRECTION('',(-1.,0.,0.));
#8891=DIRECTION('',(0.,0.,-1.));
#8892=DIRECTION('',(-1.,0.,0.));
#8893=DIRECTION('',(0.,0.,-1.));
#8894=DIRECTION('',(-1.,0.,0.));
#8895=DIRECTION('',(0.,0.,-1.));
#8896=DIRECTION('',(-1.,0.,0.));
#8897=DIRECTION('',(0.,0.,-1.));
#8898=DIRECTION('',(-1.,0.,0.));
#8899=DIRECTION('',(0.,0.,-1.));
#8900=DIRECTION('',(-1.,0.,0.));
#8901=DIRECTION('',(0.,0.,-1.));
#8902=DIRECTION('',(-1.,0.,0.));
#8903=DIRECTION('',(0.,0.,-1.));
#8904=DIRECTION('',(-1.,0.,0.));
#8905=DIRECTION('',(0.,0.,-1.));
#8906=DIRECTION('',(-1.,0.,0.));
#8907=DIRECTION('',(0.,0.,-1.));
#8908=DIRECTION('',(-1.,0.,0.));
#8909=DIRECTION('',(0.,0.,-1.));
#8910=DIRECTION('',(-1.,0.,0.));
#8911=DIRECTION('',(0.,0.,-1.));
#8912=DIRECTION('',(-1.,0.,0.));
#8913=DIRECTION('',(0.,0.,-1.));
#8914=DIRECTION('',(-1.,0.,0.));
#8915=DIRECTION('',(0.,0.,-1.));
#8916=DIRECTION('',(-1.,0.,0.));
#8917=DIRECTION('',(0.,0.,-1.));
#8918=DIRECTION('',(-1.,0.,0.));
#8919=DIRECTION('',(0.,0.,-1.));
#8920=DIRECTION('',(-1.,0.,0.));
#8921=DIRECTION('',(0.,0.,-1.));
#8922=DIRECTION('',(-1.,0.,0.));
#8923=DIRECTION('',(0.,0.,-1.));
#8924=DIRECTION('',(-1.,0.,0.));
#8925=DIRECTION('',(0.,0.,-1.));
#8926=DIRECTION('',(-1.,0.,0.));
#8927=DIRECTION('',(0.,0.,-1.));
#8928=DIRECTION('',(-1.,0.,0.));
#8929=DIRECTION('',(0.,0.,-1.));
#8930=DIRECTION('',(-1.,0.,0.));
#8931=DIRECTION('',(0.,0.,-1.));
#8932=DIRECTION('',(-1.,0.,0.));
#8933=DIRECTION('',(0.,0.,-1.));
#8934=DIRECTION('',(-1.,0.,0.));
#8935=DIRECTION('',(0.,0.,-1.));
#8936=DIRECTION('',(-1.,0.,0.));
#8937=DIRECTION('',(0.,0.,-1.));
#8938=DIRECTION('',(-1.,0.,0.));
#8939=DIRECTION('',(0.,0.,-1.));
#8940=DIRECTION('',(-1.,0.,0.));
#8941=DIRECTION('',(0.,0.,-1.));
#8942=DIRECTION('',(-1.,0.,0.));
#8943=DIRECTION('',(0.,0.,-1.));
#8944=DIRECTION('',(-1.,0.,0.));
#8945=DIRECTION('',(0.,0.,-1.));
#8946=DIRECTION('',(-1.,0.,0.));
#8947=DIRECTION('',(0.,0.,-1.));
#8948=DIRECTION('',(-1.,0.,0.));
#8949=DIRECTION('',(0.,0.,-1.));
#8950=DIRECTION('',(-1.,0.,0.));
#8951=DIRECTION('',(0.,0.,-1.));
#8952=DIRECTION('',(-1.,0.,0.));
#8953=DIRECTION('',(0.,0.,-1.));
#8954=DIRECTION('',(-1.,0.,0.));
#8955=DIRECTION('',(0.,0.,-1.));
#8956=DIRECTION('',(-1.,0.,0.));
#8957=DIRECTION('',(0.,0.,-1.));
#8958=DIRECTION('',(-1.,0.,0.));
#8959=DIRECTION('',(0.,0.,-1.));
#8960=DIRECTION('',(-1.,0.,0.));
#8961=DIRECTION('',(0.,0.,-1.));
#8962=DIRECTION('',(-1.,0.,0.));
#8963=DIRECTION('',(0.,0.,-1.));
#8964=DIRECTION('',(-1.,0.,0.));
#8965=DIRECTION('',(0.,0.,-1.));
#8966=DIRECTION('',(-1.,0.,0.));
#8967=DIRECTION('',(0.,0.,-1.));
#8968=DIRECTION('',(-1.,0.,0.));
#8969=DIRECTION('',(0.,0.,-1.));
#8970=DIRECTION('',(-1.,0.,0.));
#8971=DIRECTION('',(0.,0.,-1.));
#8972=DIRECTION('',(-1.,0.,0.));
#8973=DIRECTION('',(0.,0.,-1.));
#8974=DIRECTION('',(-1.,0.,0.));
#8975=DIRECTION('',(0.,0.,-1.));
#8976=DIRECTION('',(-1.,0.,0.));
#8977=DIRECTION('',(0.,0.,-1.));
#8978=DIRECTION('',(-1.,0.,0.));
#8979=DIRECTION('',(0.,0.,-1.));
#8980=DIRECTION('',(-1.,0.,0.));
#8981=DIRECTION('',(0.,0.,-1.));
#8982=DIRECTION('',(-1.,0.,0.));
#8983=DIRECTION('',(0.,0.,-1.));
#8984=DIRECTION('',(-1.,0.,0.));
#8985=DIRECTION('',(0.,0.,-1.));
#8986=DIRECTION('',(-1.,0.,0.));
#8987=DIRECTION('',(0.,0.,-1.));
#8988=DIRECTION('',(-1.,0.,0.));
#8989=DIRECTION('',(0.,0.,-1.));
#8990=DIRECTION('',(-1.,0.,0.));
#8991=DIRECTION('',(0.,0.,-1.));
#8992=DIRECTION('',(-1.,0.,0.));
#8993=DIRECTION('',(0.,0.,-1.));
#8994=DIRECTION('',(-1.,0.,0.));
#8995=DIRECTION('',(0.,0.,-1.));
#8996=DIRECTION('',(-1.,0.,0.));
#8997=DIRECTION('',(0.,0.,1.));
#8998=DIRECTION('',(1.,0.,0.));
#8999=DIRECTION('',(0.,0.,-1.));
#9000=DIRECTION('',(-1.,0.,0.));
#9001=DIRECTION('',(0.,1.,0.));
#9002=DIRECTION('',(0.,0.,-1.));
#9003=DIRECTION('',(-1.,0.,0.));
#9004=DIRECTION('',(-1.,0.,0.));
#9005=DIRECTION('',(0.,0.,-1.));
#9006=DIRECTION('',(-1.,0.,0.));
#9007=DIRECTION('',(0.,0.,-1.));
#9008=DIRECTION('',(-1.,0.,0.));
#9009=DIRECTION('',(0.,0.,-1.));
#9010=DIRECTION('',(-1.,0.,0.));
#9011=DIRECTION('',(0.,0.,-1.));
#9012=DIRECTION('',(-1.,0.,0.));
#9013=DIRECTION('',(0.,0.,-1.));
#9014=DIRECTION('',(-1.,0.,0.));
#9015=DIRECTION('',(0.,0.,-1.));
#9016=DIRECTION('',(-1.,0.,0.));
#9017=DIRECTION('',(0.,0.,-1.));
#9018=DIRECTION('',(-1.,0.,0.));
#9019=DIRECTION('',(0.,0.,-1.));
#9020=DIRECTION('',(-1.,0.,0.));
#9021=DIRECTION('',(0.,0.,-1.));
#9022=DIRECTION('',(-1.,0.,0.));
#9023=DIRECTION('',(0.,0.,-1.));
#9024=DIRECTION('',(-1.,0.,0.));
#9025=DIRECTION('',(0.,0.,-1.));
#9026=DIRECTION('',(-1.,0.,0.));
#9027=DIRECTION('',(0.,0.,-1.));
#9028=DIRECTION('',(-1.,0.,0.));
#9029=DIRECTION('',(0.,0.,-1.));
#9030=DIRECTION('',(-1.,0.,0.));
#9031=DIRECTION('',(0.,0.,-1.));
#9032=DIRECTION('',(-1.,0.,0.));
#9033=DIRECTION('',(0.,0.,-1.));
#9034=DIRECTION('',(-1.,0.,0.));
#9035=DIRECTION('',(0.,0.,-1.));
#9036=DIRECTION('',(-1.,0.,0.));
#9037=DIRECTION('',(0.,0.,-1.));
#9038=DIRECTION('',(-1.,0.,0.));
#9039=DIRECTION('',(0.,0.,-1.));
#9040=DIRECTION('',(-1.,0.,0.));
#9041=DIRECTION('',(0.,0.,-1.));
#9042=DIRECTION('',(-1.,0.,0.));
#9043=DIRECTION('',(0.,0.,-1.));
#9044=DIRECTION('',(-1.,0.,0.));
#9045=DIRECTION('',(0.,0.,-1.));
#9046=DIRECTION('',(-1.,0.,0.));
#9047=DIRECTION('',(0.,0.,-1.));
#9048=DIRECTION('',(-1.,0.,0.));
#9049=DIRECTION('',(0.,0.,-1.));
#9050=DIRECTION('',(-1.,0.,0.));
#9051=DIRECTION('',(0.,0.,-1.));
#9052=DIRECTION('',(-1.,0.,0.));
#9053=DIRECTION('',(0.,0.,-1.));
#9054=DIRECTION('',(-1.,0.,0.));
#9055=DIRECTION('',(0.,0.,-1.));
#9056=DIRECTION('',(-1.,0.,0.));
#9057=DIRECTION('',(0.,0.,-1.));
#9058=DIRECTION('',(-1.,0.,0.));
#9059=DIRECTION('',(0.,0.,-1.));
#9060=DIRECTION('',(-1.,0.,0.));
#9061=DIRECTION('',(0.,0.,-1.));
#9062=DIRECTION('',(-1.,0.,0.));
#9063=DIRECTION('',(0.,0.,-1.));
#9064=DIRECTION('',(-1.,0.,0.));
#9065=DIRECTION('',(0.,0.,-1.));
#9066=DIRECTION('',(-1.,0.,0.));
#9067=DIRECTION('',(0.,0.,-1.));
#9068=DIRECTION('',(-1.,0.,0.));
#9069=DIRECTION('',(0.,0.,-1.));
#9070=DIRECTION('',(-1.,0.,0.));
#9071=DIRECTION('',(0.,0.,-1.));
#9072=DIRECTION('',(-1.,0.,0.));
#9073=DIRECTION('',(0.,0.,-1.));
#9074=DIRECTION('',(-1.,0.,0.));
#9075=DIRECTION('',(0.,0.,-1.));
#9076=DIRECTION('',(-1.,0.,0.));
#9077=DIRECTION('',(0.,0.,-1.));
#9078=DIRECTION('',(-1.,0.,0.));
#9079=DIRECTION('',(0.,0.,-1.));
#9080=DIRECTION('',(-1.,0.,0.));
#9081=DIRECTION('',(0.,0.,-1.));
#9082=DIRECTION('',(-1.,0.,0.));
#9083=DIRECTION('',(0.,0.,-1.));
#9084=DIRECTION('',(-1.,0.,0.));
#9085=DIRECTION('',(0.,0.,-1.));
#9086=DIRECTION('',(-1.,0.,0.));
#9087=DIRECTION('',(0.,0.,-1.));
#9088=DIRECTION('',(-1.,0.,0.));
#9089=DIRECTION('',(0.,0.,-1.));
#9090=DIRECTION('',(-1.,0.,0.));
#9091=DIRECTION('',(0.,0.,-1.));
#9092=DIRECTION('',(-1.,0.,0.));
#9093=DIRECTION('',(0.,0.,-1.));
#9094=DIRECTION('',(-1.,0.,0.));
#9095=DIRECTION('',(0.,0.,-1.));
#9096=DIRECTION('',(-1.,0.,0.));
#9097=DIRECTION('',(0.,0.,-1.));
#9098=DIRECTION('',(-1.,0.,0.));
#9099=DIRECTION('',(0.,0.,-1.));
#9100=DIRECTION('',(-1.,0.,0.));
#9101=DIRECTION('',(0.,0.,-1.));
#9102=DIRECTION('',(-1.,0.,0.));
#9103=DIRECTION('',(0.,0.,-1.));
#9104=DIRECTION('',(-1.,0.,0.));
#9105=DIRECTION('',(0.,0.,-1.));
#9106=DIRECTION('',(-1.,0.,0.));
#9107=DIRECTION('',(0.,0.,-1.));
#9108=DIRECTION('',(-1.,0.,0.));
#9109=DIRECTION('',(0.,0.,-1.));
#9110=DIRECTION('',(-1.,0.,0.));
#9111=DIRECTION('',(0.,0.,-1.));
#9112=DIRECTION('',(-1.,0.,0.));
#9113=DIRECTION('',(0.,0.,-1.));
#9114=DIRECTION('',(-1.,0.,0.));
#9115=DIRECTION('',(0.,0.,-1.));
#9116=DIRECTION('',(-1.,0.,0.));
#9117=DIRECTION('',(0.,0.,-1.));
#9118=DIRECTION('',(-1.,0.,0.));
#9119=DIRECTION('',(0.,0.,-1.));
#9120=DIRECTION('',(-1.,0.,0.));
#9121=DIRECTION('',(0.,0.,-1.));
#9122=DIRECTION('',(-1.,0.,0.));
#9123=DIRECTION('',(0.,0.,-1.));
#9124=DIRECTION('',(-1.,0.,0.));
#9125=DIRECTION('',(0.,0.,-1.));
#9126=DIRECTION('',(-1.,0.,0.));
#9127=DIRECTION('',(0.,0.,-1.));
#9128=DIRECTION('',(-1.,0.,0.));
#9129=DIRECTION('',(0.,0.,-1.));
#9130=DIRECTION('',(-1.,0.,0.));
#9131=DIRECTION('',(0.,0.,-1.));
#9132=DIRECTION('',(-1.,0.,0.));
#9133=DIRECTION('',(0.,0.,-1.));
#9134=DIRECTION('',(-1.,0.,0.));
#9135=DIRECTION('',(0.,0.,-1.));
#9136=DIRECTION('',(-1.,0.,0.));
#9137=DIRECTION('',(0.,0.,-1.));
#9138=DIRECTION('',(-1.,0.,0.));
#9139=DIRECTION('',(0.,0.,-1.));
#9140=DIRECTION('',(-1.,0.,0.));
#9141=DIRECTION('',(0.,0.,-1.));
#9142=DIRECTION('',(-1.,0.,0.));
#9143=DIRECTION('',(0.,0.,-1.));
#9144=DIRECTION('',(-1.,0.,0.));
#9145=DIRECTION('',(0.,0.,-1.));
#9146=DIRECTION('',(-1.,0.,0.));
#9147=DIRECTION('',(0.,0.,-1.));
#9148=DIRECTION('',(-1.,0.,0.));
#9149=DIRECTION('',(0.,0.,-1.));
#9150=DIRECTION('',(-1.,0.,0.));
#9151=DIRECTION('',(0.,0.,-1.));
#9152=DIRECTION('',(-1.,0.,0.));
#9153=DIRECTION('',(0.,0.,-1.));
#9154=DIRECTION('',(-1.,0.,0.));
#9155=DIRECTION('',(0.,0.,-1.));
#9156=DIRECTION('',(-1.,0.,0.));
#9157=DIRECTION('',(0.,0.,-1.));
#9158=DIRECTION('',(-1.,0.,0.));
#9159=DIRECTION('',(0.,0.,-1.));
#9160=DIRECTION('',(-1.,0.,0.));
#9161=DIRECTION('',(0.,0.,-1.));
#9162=DIRECTION('',(-1.,0.,0.));
#9163=DIRECTION('',(0.,0.,-1.));
#9164=DIRECTION('',(-1.,0.,0.));
#9165=DIRECTION('',(0.,0.,-1.));
#9166=DIRECTION('',(-1.,0.,0.));
#9167=DIRECTION('',(0.,0.,-1.));
#9168=DIRECTION('',(-1.,0.,0.));
#9169=DIRECTION('',(0.,0.,-1.));
#9170=DIRECTION('',(-1.,0.,0.));
#9171=DIRECTION('',(0.,0.,-1.));
#9172=DIRECTION('',(-1.,0.,0.));
#9173=DIRECTION('',(0.,0.,-1.));
#9174=DIRECTION('',(-1.,0.,0.));
#9175=DIRECTION('',(0.,0.,-1.));
#9176=DIRECTION('',(-1.,0.,0.));
#9177=DIRECTION('',(0.,0.,-1.));
#9178=DIRECTION('',(-1.,0.,0.));
#9179=DIRECTION('',(0.,0.,-1.));
#9180=DIRECTION('',(-1.,0.,0.));
#9181=DIRECTION('',(0.,0.,-1.));
#9182=DIRECTION('',(-1.,0.,0.));
#9183=DIRECTION('',(0.,0.,-1.));
#9184=DIRECTION('',(-1.,0.,0.));
#9185=DIRECTION('',(0.,0.,-1.));
#9186=DIRECTION('',(-1.,0.,0.));
#9187=DIRECTION('',(0.,0.,-1.));
#9188=DIRECTION('',(-1.,0.,0.));
#9189=DIRECTION('',(0.,0.,-1.));
#9190=DIRECTION('',(-1.,-6.42331434666799E-8,0.));
#9191=DIRECTION('',(0.,0.,-1.));
#9192=DIRECTION('',(0.,0.,-1.));
#9193=DIRECTION('',(1.,6.42331441772199E-8,0.));
#9194=DIRECTION('',(0.,0.,-1.));
#9195=DIRECTION('',(-1.,0.,0.));
#9196=DIRECTION('',(0.,1.,0.));
#9197=DIRECTION('',(0.,0.,-1.));
#9198=DIRECTION('',(0.,-1.,0.));
#9199=DIRECTION('',(-1.,0.,0.));
#9200=DIRECTION('',(0.,0.,-1.));
#9201=DIRECTION('',(0.,0.,-1.));
#9202=DIRECTION('',(6.42331427561399E-8,-1.,0.));
#9203=DIRECTION('',(0.,0.,-1.));
#9204=DIRECTION('',(0.,-1.,0.));
#9205=DIRECTION('',(0.,0.,-1.));
#9206=DIRECTION('',(0.,-1.,0.));
#9207=DIRECTION('',(0.,0.,-1.));
#9208=DIRECTION('',(0.,-1.,0.));
#9209=DIRECTION('',(0.,0.,-1.));
#9210=DIRECTION('',(0.,-1.,0.));
#9211=DIRECTION('',(0.,0.,-1.));
#9212=DIRECTION('',(0.,-1.,0.));
#9213=DIRECTION('',(0.,0.,-1.));
#9214=DIRECTION('',(0.,-1.,0.));
#9215=DIRECTION('',(0.,0.,-1.));
#9216=DIRECTION('',(3.5527136788E-14,-1.,0.));
#9217=DIRECTION('',(0.,0.,-1.));
#9218=DIRECTION('',(0.,-1.,0.));
#9219=DIRECTION('',(0.,0.,-1.));
#9220=DIRECTION('',(0.,-1.,0.));
#9221=DIRECTION('',(0.,0.,-1.));
#9222=DIRECTION('',(0.,-1.,0.));
#9223=DIRECTION('',(0.,0.,-1.));
#9224=DIRECTION('',(0.,-1.,0.));
#9225=DIRECTION('',(0.,0.,-1.));
#9226=DIRECTION('',(0.,-1.,0.));
#9227=DIRECTION('',(0.,0.,-1.));
#9228=DIRECTION('',(0.,-1.,0.));
#9229=DIRECTION('',(0.,0.,-1.));
#9230=DIRECTION('',(0.,-1.,0.));
#9231=DIRECTION('',(0.,0.,-1.));
#9232=DIRECTION('',(1.671865260612E-14,-1.,0.));
#9233=DIRECTION('',(0.,0.,-1.));
#9234=DIRECTION('',(0.,-1.,0.));
#9235=DIRECTION('',(0.,0.,-1.));
#9236=DIRECTION('',(0.,-1.,0.));
#9237=DIRECTION('',(0.,0.,-1.));
#9238=DIRECTION('',(0.,-1.,0.));
#9239=DIRECTION('',(0.,0.,-1.));
#9240=DIRECTION('',(0.,-1.,0.));
#9241=DIRECTION('',(0.,0.,-1.));
#9242=DIRECTION('',(0.,-1.,0.));
#9243=DIRECTION('',(0.,0.,-1.));
#9244=DIRECTION('',(3.5527136788E-14,-1.,0.));
#9245=DIRECTION('',(0.,0.,-1.));
#9246=DIRECTION('',(0.,-1.,0.));
#9247=DIRECTION('',(0.,0.,-1.));
#9248=DIRECTION('',(0.,-1.,0.));
#9249=DIRECTION('',(0.,0.,-1.));
#9250=DIRECTION('',(0.,-1.,0.));
#9251=DIRECTION('',(0.,0.,-1.));
#9252=DIRECTION('',(0.,-1.,0.));
#9253=DIRECTION('',(0.,0.,-1.));
#9254=DIRECTION('',(1.671865260612E-14,-1.,0.));
#9255=DIRECTION('',(0.,0.,-1.));
#9256=DIRECTION('',(0.,-1.,0.));
#9257=DIRECTION('',(0.,0.,-1.));
#9258=DIRECTION('',(0.,-1.,0.));
#9259=DIRECTION('',(0.,0.,-1.));
#9260=DIRECTION('',(0.,-1.,0.));
#9261=DIRECTION('',(0.,0.,-1.));
#9262=DIRECTION('',(0.,-1.,0.));
#9263=DIRECTION('',(0.,0.,-1.));
#9264=DIRECTION('',(0.,-1.,0.));
#9265=DIRECTION('',(0.,0.,-1.));
#9266=DIRECTION('',(0.,-1.,0.));
#9267=DIRECTION('',(0.,0.,-1.));
#9268=DIRECTION('',(-3.552713678801E-14,-1.,0.));
#9269=DIRECTION('',(0.,0.,-1.));
#9270=DIRECTION('',(0.,-1.,0.));
#9271=DIRECTION('',(0.,0.,-1.));
#9272=DIRECTION('',(-1.671865260612E-14,-1.,0.));
#9273=DIRECTION('',(0.,0.,-1.));
#9274=DIRECTION('',(0.,-1.,0.));
#9275=DIRECTION('',(0.,0.,-1.));
#9276=DIRECTION('',(0.,-1.,0.));
#9277=DIRECTION('',(0.,0.,-1.));
#9278=DIRECTION('',(0.,-1.,0.));
#9279=DIRECTION('',(0.,0.,-1.));
#9280=DIRECTION('',(0.,-1.,0.));
#9281=DIRECTION('',(0.,0.,-1.));
#9282=DIRECTION('',(0.,-1.,0.));
#9283=DIRECTION('',(0.,0.,-1.));
#9284=DIRECTION('',(0.,-1.,0.));
#9285=DIRECTION('',(0.,0.,-1.));
#9286=DIRECTION('',(0.,-1.,0.));
#9287=DIRECTION('',(0.,0.,-1.));
#9288=DIRECTION('',(0.,-1.,0.));
#9289=DIRECTION('',(0.,0.,-1.));
#9290=DIRECTION('',(-3.552713678801E-14,-1.,0.));
#9291=DIRECTION('',(0.,0.,-1.));
#9292=DIRECTION('',(0.,-1.,0.));
#9293=DIRECTION('',(0.,0.,-1.));
#9294=DIRECTION('',(-1.671865260612E-14,-1.,0.));
#9295=DIRECTION('',(0.,0.,-1.));
#9296=DIRECTION('',(0.,-1.,0.));
#9297=DIRECTION('',(0.,0.,-1.));
#9298=DIRECTION('',(0.,-1.,0.));
#9299=DIRECTION('',(0.,0.,-1.));
#9300=DIRECTION('',(0.,-1.,0.));
#9301=DIRECTION('',(0.,0.,-1.));
#9302=DIRECTION('',(0.,-1.,0.));
#9303=DIRECTION('',(0.,0.,-1.));
#9304=DIRECTION('',(0.,-1.,0.));
#9305=DIRECTION('',(0.,0.,-1.));
#9306=DIRECTION('',(0.,-1.,0.));
#9307=DIRECTION('',(0.,0.,-1.));
#9308=DIRECTION('',(0.,-1.,0.));
#9309=DIRECTION('',(0.,0.,-1.));
#9310=DIRECTION('',(0.,-1.,0.));
#9311=DIRECTION('',(0.,0.,-1.));
#9312=DIRECTION('',(0.,-1.,0.));
#9313=DIRECTION('',(0.,0.,-1.));
#9314=DIRECTION('',(0.,-1.,0.));
#9315=DIRECTION('',(0.,0.,-1.));
#9316=DIRECTION('',(3.5527136788E-14,-1.,0.));
#9317=DIRECTION('',(0.,0.,-1.));
#9318=DIRECTION('',(0.,-1.,0.));
#9319=DIRECTION('',(0.,0.,-1.));
#9320=DIRECTION('',(0.,-1.,0.));
#9321=DIRECTION('',(0.,0.,-1.));
#9322=DIRECTION('',(0.,-1.,0.));
#9323=DIRECTION('',(0.,0.,-1.));
#9324=DIRECTION('',(1.671865260612E-14,-1.,0.));
#9325=DIRECTION('',(0.,0.,-1.));
#9326=DIRECTION('',(0.,-1.,0.));
#9327=DIRECTION('',(0.,0.,-1.));
#9328=DIRECTION('',(0.,-1.,0.));
#9329=DIRECTION('',(0.,0.,-1.));
#9330=DIRECTION('',(0.,-1.,0.));
#9331=DIRECTION('',(0.,0.,-1.));
#9332=DIRECTION('',(0.,-1.,0.));
#9333=DIRECTION('',(0.,0.,-1.));
#9334=DIRECTION('',(0.,-1.,0.));
#9335=DIRECTION('',(0.,0.,-1.));
#9336=DIRECTION('',(0.,-1.,0.));
#9337=DIRECTION('',(0.,0.,-1.));
#9338=DIRECTION('',(0.,-1.,0.));
#9339=DIRECTION('',(0.,0.,-1.));
#9340=DIRECTION('',(0.,-1.,0.));
#9341=DIRECTION('',(0.,0.,-1.));
#9342=DIRECTION('',(0.,-1.,0.));
#9343=DIRECTION('',(0.,0.,-1.));
#9344=DIRECTION('',(0.,-1.,0.));
#9345=DIRECTION('',(0.,0.,-1.));
#9346=DIRECTION('',(0.,-1.,0.));
#9347=DIRECTION('',(0.,0.,-1.));
#9348=DIRECTION('',(0.,-1.,0.));
#9349=DIRECTION('',(0.,0.,-1.));
#9350=DIRECTION('',(-1.671865260612E-14,-1.,0.));
#9351=DIRECTION('',(0.,0.,-1.));
#9352=DIRECTION('',(-3.552713678801E-14,-1.,0.));
#9353=DIRECTION('',(0.,0.,-1.));
#9354=DIRECTION('',(0.,-1.,0.));
#9355=DIRECTION('',(0.,0.,-1.));
#9356=DIRECTION('',(0.,-1.,0.));
#9357=DIRECTION('',(0.,0.,-1.));
#9358=DIRECTION('',(0.,-1.,0.));
#9359=DIRECTION('',(0.,0.,-1.));
#9360=DIRECTION('',(0.,-1.,0.));
#9361=DIRECTION('',(0.,0.,-1.));
#9362=DIRECTION('',(0.,-1.,0.));
#9363=DIRECTION('',(0.,0.,-1.));
#9364=DIRECTION('',(0.,-1.,0.));
#9365=DIRECTION('',(0.,0.,-1.));
#9366=DIRECTION('',(-3.197042680585E-14,-1.,0.));
#9367=DIRECTION('',(0.,0.,-1.));
#9368=DIRECTION('',(-3.197042680585E-14,-1.,0.));
#9369=DIRECTION('',(0.,0.,-1.));
#9370=DIRECTION('',(0.,-1.,0.));
#9371=DIRECTION('',(0.,0.,-1.));
#9372=DIRECTION('',(-3.197042680585E-14,-1.,0.));
#9373=DIRECTION('',(0.,0.,-1.));
#9374=DIRECTION('',(-3.197042680585E-14,-1.,0.));
#9375=DIRECTION('',(0.,0.,-1.));
#9376=DIRECTION('',(-3.197042680585E-14,-1.,0.));
#9377=DIRECTION('',(0.,0.,-1.));
#9378=DIRECTION('',(-3.197042680585E-14,-1.,0.));
#9379=DIRECTION('',(0.,0.,-1.));
#9380=DIRECTION('',(-3.197042680585E-14,-1.,0.));
#9381=DIRECTION('',(0.,0.,-1.));
#9382=DIRECTION('',(0.,-1.,0.));
#9383=DIRECTION('',(0.,0.,-1.));
#9384=DIRECTION('',(0.,-1.,0.));
#9385=DIRECTION('',(0.,0.,1.));
#9386=DIRECTION('',(1.,0.,0.));
#9387=DIRECTION('',(0.,2.2E-16,1.));
#9388=DIRECTION('',(1.,0.,0.));
#9389=DIRECTION('',(1.22464679914735E-16,-2.2E-16,-1.));
#9390=DIRECTION('',(0.,1.,-2.2E-16));
#9391=DIRECTION('',(0.,2.2E-16,1.));
#9392=DIRECTION('',(0.,-1.,2.2E-16));
#9393=DIRECTION('',(0.,1.,-2.2E-16));
#9394=DIRECTION('',(1.,0.,0.));
#9395=DIRECTION('',(-1.,-4.04133443718627E-32,-1.83697019872103E-16));
#9396=DIRECTION('',(-1.83697019872103E-16,0.,1.));
#9397=DIRECTION('',(1.,0.,0.));
#9398=DIRECTION('',(0.,-2.2E-16,-1.));
#9399=DIRECTION('',(-1.,-4.04133443718627E-32,-1.83697019872103E-16));
#9400=DIRECTION('',(-1.83697019872103E-16,0.,1.));
#9401=DIRECTION('',(0.,1.,-2.2E-16));
#9402=DIRECTION('',(1.,0.,0.));
#9403=DIRECTION('',(0.,2.2E-16,1.));
#9404=DIRECTION('',(0.,-1.,2.2E-16));
#9405=DIRECTION('',(0.,-2.2E-16,-1.));
#9406=DIRECTION('',(-1.,0.,0.));
#9407=DIRECTION('',(0.,-2.2E-16,-1.));
#9408=DIRECTION('',(0.,1.,-2.2E-16));
#9409=DIRECTION('',(0.,0.,-1.));
#9410=DIRECTION('',(-1.,0.,0.));
#9411=DIRECTION('',(0.,0.,1.));
#9412=DIRECTION('',(1.,0.,0.));
#9413=DIRECTION('',(0.,0.,1.));
#9414=DIRECTION('',(1.,0.,0.));
#9415=DIRECTION('',(1.,0.,0.));
#9416=DIRECTION('',(0.,9.92044604925E-16,1.));
#9417=DIRECTION('',(1.,0.,0.));
#9418=DIRECTION('',(0.,0.,-1.));
#9419=DIRECTION('',(1.,0.,0.));
#9420=DIRECTION('',(0.,0.,-1.));
#9421=DIRECTION('',(1.,0.,0.));
#9422=DIRECTION('',(0.,1.002044604925E-15,1.));
#9423=DIRECTION('',(1.,0.,0.));
#9424=DIRECTION('',(0.,0.,-1.));
#9425=DIRECTION('',(1.,0.,0.));
#9426=DIRECTION('',(0.,9.92044604925E-16,1.));
#9427=DIRECTION('',(1.,0.,0.));
#9428=DIRECTION('',(0.,0.,-1.));
#9429=DIRECTION('',(1.,0.,0.));
#9430=DIRECTION('',(0.,1.002044604925E-15,1.));
#9431=DIRECTION('',(1.,0.,0.));
#9432=DIRECTION('',(0.,0.,-1.));
#9433=DIRECTION('',(1.,0.,0.));
#9434=DIRECTION('',(0.,1.002044604925E-15,1.));
#9435=DIRECTION('',(-1.,0.,0.));
#9436=DIRECTION('',(0.,0.,1.));
#9437=DIRECTION('',(-1.,0.,0.));
#9438=DIRECTION('',(0.,1.002044604925E-15,1.));
#9439=DIRECTION('',(-1.,0.,0.));
#9440=DIRECTION('',(0.,0.,1.));
#9441=DIRECTION('',(-1.,0.,0.));
#9442=DIRECTION('',(0.,1.002044604925E-15,1.));
#9443=DIRECTION('',(-1.,0.,0.));
#9444=DIRECTION('',(0.,0.,1.));
#9445=DIRECTION('',(1.,0.,0.));
#9446=DIRECTION('',(0.,1.002044604925E-15,1.));
#9447=DIRECTION('',(1.,0.,0.));
#9448=DIRECTION('',(0.,1.002044604925E-15,1.));
#9449=DIRECTION('',(0.,0.,1.));
#9450=DIRECTION('',(1.,0.,0.));
#9451=DIRECTION('',(0.707106781186548,-0.707106781186548,-8.65956056235244E-17));
#9452=DIRECTION('',(0.707106781186548,0.707106781186548,-8.65956056235244E-17));
#9453=DIRECTION('',(0.707106781186548,0.707106781186548,-8.65956056235244E-17));
#9454=DIRECTION('',(1.224646799147E-16,1.359631073447E-32,1.));
#9455=DIRECTION('',(0.707106781186546,0.707106781186549,-8.65956056235242E-17));
#9456=DIRECTION('',(1.224646799147E-16,1.359631073447E-32,1.));
#9457=DIRECTION('',(1.,1.110223024625E-16,-1.224646799147E-16));
#9458=DIRECTION('',(-1.110223024625E-16,1.,-6.92712190079319E-45));
#9459=DIRECTION('',(-1.110223024625E-16,1.,-6.92712190079319E-45));
#9460=DIRECTION('',(1.110223024625E-16,-1.,6.92712190079319E-45));
#9461=DIRECTION('',(1.224646799147E-16,1.359631073447E-32,1.));
#9462=DIRECTION('',(1.110223024625E-16,-1.,6.92712190079319E-45));
#9463=DIRECTION('',(1.,1.110223024625E-16,-1.224646799147E-16));
#9464=DIRECTION('',(1.,1.110223024625E-16,-1.224646799147E-16));
#9465=DIRECTION('',(1.224646799147E-16,1.359631073447E-32,1.));
#9466=DIRECTION('',(-1.,-1.110223024625E-16,1.224646799147E-16));
#9467=DIRECTION('',(-1.224646799147E-16,-1.359631073447E-32,-1.));
#9468=DIRECTION('',(1.110223024625E-16,-1.,6.92712190079319E-45));
#9469=DIRECTION('',(-0.707106781186548,0.707106781186548,8.65956056235244E-17));
#9470=DIRECTION('',(-1.,-1.110223024625E-16,1.224646799147E-16));
#9471=DIRECTION('',(-0.707106781186548,-0.707106781186548,8.65956056235244E-17));
#9472=DIRECTION('',(-0.707106781186548,0.707106781186548,8.65956056235244E-17));
#9473=DIRECTION('',(-1.,-1.110223024625E-16,1.224646799147E-16));
#9474=DIRECTION('',(-0.707106781186548,-0.707106781186548,8.65956056235244E-17));
#9475=DIRECTION('',(-0.707106781186548,0.707106781186548,8.65956056235244E-17));
#9476=DIRECTION('',(-1.,-1.110223024625E-16,1.224646799147E-16));
#9477=DIRECTION('',(-0.707106781186548,-0.707106781186548,8.65956056235244E-17));
#9478=DIRECTION('',(-0.707106781186548,0.707106781186548,8.65956056235244E-17));
#9479=DIRECTION('',(-1.,-1.110223024625E-16,1.224646799147E-16));
#9480=DIRECTION('',(-0.707106781186548,-0.707106781186548,8.65956056235244E-17));
#9481=DIRECTION('',(-0.707106781186548,0.707106781186548,8.65956056235244E-17));
#9482=DIRECTION('',(-1.,-1.110223024625E-16,1.224646799147E-16));
#9483=DIRECTION('',(-0.707106781186548,-0.707106781186548,8.65956056235244E-17));
#9484=DIRECTION('',(-0.707106781186548,0.707106781186548,8.65956056235244E-17));
#9485=DIRECTION('',(-1.,-1.110223024625E-16,1.224646799147E-16));
#9486=DIRECTION('',(-0.707106781186548,-0.707106781186548,8.65956056235244E-17));
#9487=DIRECTION('',(-0.707106781186548,0.707106781186548,8.65956056235244E-17));
#9488=DIRECTION('',(-1.,-1.110223024625E-16,1.224646799147E-16));
#9489=DIRECTION('',(-0.707106781186548,-0.707106781186548,8.65956056235244E-17));
#9490=DIRECTION('',(-0.707106781186548,0.707106781186548,8.65956056235244E-17));
#9491=DIRECTION('',(-1.,-1.110223024625E-16,1.224646799147E-16));
#9492=DIRECTION('',(-0.707106781186548,-0.707106781186548,8.65956056235244E-17));
#9493=DIRECTION('',(1.110223024625E-16,-1.,6.92712190079319E-45));
#9494=DIRECTION('',(0.707106781186548,-0.707106781186548,-8.65956056235244E-17));
#9495=DIRECTION('',(1.,1.110223024625E-16,-1.224646799147E-16));
#9496=DIRECTION('',(0.707106781186548,0.707106781186548,-8.65956056235244E-17));
#9497=DIRECTION('',(0.707106781186548,-0.707106781186548,-8.65956056235244E-17));
#9498=DIRECTION('',(1.,1.110223024625E-16,-1.224646799147E-16));
#9499=DIRECTION('',(0.707106781186548,0.707106781186548,-8.65956056235244E-17));
#9500=DIRECTION('',(0.707106781186548,-0.707106781186548,-8.65956056235244E-17));
#9501=DIRECTION('',(1.,1.110223024625E-16,-1.224646799147E-16));
#9502=DIRECTION('',(0.707106781186548,0.707106781186548,-8.65956056235244E-17));
#9503=DIRECTION('',(0.707106781186548,-0.707106781186548,-8.65956056235244E-17));
#9504=DIRECTION('',(1.,1.110223024625E-16,-1.224646799147E-16));
#9505=DIRECTION('',(0.707106781186548,0.707106781186548,-8.65956056235244E-17));
#9506=DIRECTION('',(0.707106781186548,-0.707106781186548,-8.65956056235244E-17));
#9507=DIRECTION('',(1.,1.110223024625E-16,-1.224646799147E-16));
#9508=DIRECTION('',(0.707106781186548,0.707106781186548,-8.65956056235244E-17));
#9509=DIRECTION('',(0.707106781186548,-0.707106781186548,-8.65956056235244E-17));
#9510=DIRECTION('',(1.,1.110223024625E-16,-1.224646799147E-16));
#9511=DIRECTION('',(0.707106781186548,0.707106781186548,-8.65956056235244E-17));
#9512=DIRECTION('',(0.707106781186548,-0.707106781186548,-8.65956056235244E-17));
#9513=DIRECTION('',(1.,1.110223024625E-16,-1.224646799147E-16));
#9514=DIRECTION('',(0.707106781186548,0.707106781186548,-8.65956056235244E-17));
#9515=DIRECTION('',(0.707106781186548,-0.707106781186548,-8.65956056235244E-17));
#9516=DIRECTION('',(-1.,-1.110223024625E-16,1.224646799147E-16));
#9517=DIRECTION('',(1.110223024625E-16,-1.,6.92712190079319E-45));
#9518=DIRECTION('',(1.,1.110223024625E-16,-1.224646799147E-16));
#9519=DIRECTION('',(1.110223024625E-16,-1.,6.92712190079319E-45));
#9520=DIRECTION('',(1.,1.110223024625E-16,-1.224646799147E-16));
#9521=DIRECTION('',(1.110223024625E-16,-1.,6.92712190079319E-45));
#9522=DIRECTION('',(-1.,-1.110223024625E-16,1.224646799147E-16));
#9523=DIRECTION('',(1.110223024625E-16,-1.,6.92712190079319E-45));
#9524=DIRECTION('',(1.110223024625E-16,-1.,6.92712190079319E-45));
#9525=DIRECTION('',(1.,1.110223024625E-16,-1.224646799147E-16));
#9526=DIRECTION('',(1.110223024625E-16,-1.,6.92712190079319E-45));
#9527=DIRECTION('',(-1.,-1.110223024625E-16,1.224646799147E-16));
#9528=DIRECTION('',(1.,1.110223024625E-16,-1.224646799147E-16));
#9529=DIRECTION('',(1.110223024625E-16,-1.,6.92712190079319E-45));
#9530=DIRECTION('',(-1.,-1.110223024625E-16,1.224646799147E-16));
#9531=DIRECTION('',(1.110223024625E-16,-1.,6.92712190079319E-45));
#9532=DIRECTION('',(1.110223024625E-16,-1.,6.92712190079319E-45));
#9533=DIRECTION('',(1.,1.110223024625E-16,-1.224646799147E-16));
#9534=DIRECTION('',(1.110223024625E-16,-1.,6.92712190079319E-45));
#9535=DIRECTION('',(-1.,-1.110223024625E-16,1.224646799147E-16));
#9536=DIRECTION('',(1.,1.110223024625E-16,-1.224646799147E-16));
#9537=DIRECTION('',(1.110223024625E-16,-1.,6.92712190079319E-45));
#9538=DIRECTION('',(-1.,-1.110223024625E-16,1.224646799147E-16));
#9539=DIRECTION('',(1.110223024625E-16,-1.,6.92712190079319E-45));
#9540=DIRECTION('',(-1.,-1.110223024625E-16,1.224646799147E-16));
#9541=DIRECTION('',(1.110223024625E-16,-1.,6.92712190079319E-45));
#9542=DIRECTION('',(1.,1.110223024625E-16,-1.224646799147E-16));
#9543=DIRECTION('',(1.110223024625E-16,-1.,6.92712190079319E-45));
#9544=DIRECTION('',(1.110223024625E-16,-1.,6.92712190079319E-45));
#9545=DIRECTION('',(1.,1.110223024625E-16,-1.224646799147E-16));
#9546=DIRECTION('',(1.110223024625E-16,-1.,6.92712190079319E-45));
#9547=DIRECTION('',(-1.,-1.110223024625E-16,1.224646799147E-16));
#9548=DIRECTION('',(-1.224646799147E-16,-1.359631073447E-32,-1.));
#9549=DIRECTION('',(1.110223024625E-16,-1.,6.92712190079319E-45));
#9550=DIRECTION('',(0.707106781186549,-0.707106781186547,-8.65956056235245E-17));
#9551=DIRECTION('',(0.707106781186547,0.707106781186548,-8.65956056235243E-17));
#9552=DIRECTION('',(-1.,-1.110223024625E-16,1.224646799147E-16));
#9553=DIRECTION('',(0.707106781186547,-0.707106781186548,-8.65956056235243E-17));
#9554=DIRECTION('',(0.707106781186547,0.707106781186548,-8.65956056235243E-17));
#9555=DIRECTION('',(-1.,-1.110223024625E-16,1.224646799147E-16));
#9556=DIRECTION('',(0.707106781186546,-0.707106781186549,-8.65956056235242E-17));
#9557=DIRECTION('',(0.707106781186549,0.707106781186547,-8.65956056235245E-17));
#9558=DIRECTION('',(-1.,-1.110223024625E-16,1.224646799147E-16));
#9559=DIRECTION('',(0.707106781186549,-0.707106781186547,-8.65956056235245E-17));
#9560=DIRECTION('',(0.707106781186546,0.707106781186549,-8.65956056235242E-17));
#9561=DIRECTION('',(-1.,-1.110223024625E-16,1.224646799147E-16));
#9562=DIRECTION('',(0.707106781186546,-0.707106781186549,-8.65956056235242E-17));
#9563=DIRECTION('',(0.707106781186549,0.707106781186547,-8.65956056235245E-17));
#9564=DIRECTION('',(-1.,-1.110223024625E-16,1.224646799147E-16));
#9565=DIRECTION('',(0.707106781186549,-0.707106781186547,-8.65956056235245E-17));
#9566=DIRECTION('',(0.707106781186549,0.707106781186547,-8.65956056235245E-17));
#9567=DIRECTION('',(-1.,-1.110223024625E-16,1.224646799147E-16));
#9568=DIRECTION('',(0.707106781186549,-0.707106781186547,-8.65956056235245E-17));
#9569=DIRECTION('',(0.707106781186549,0.707106781186547,-8.65956056235245E-17));
#9570=DIRECTION('',(-1.,-1.110223024625E-16,1.224646799147E-16));
#9571=DIRECTION('',(0.707106781186549,-0.707106781186547,-8.65956056235245E-17));
#9572=DIRECTION('',(1.110223024625E-16,-1.,6.92712190079319E-45));
#9573=DIRECTION('',(-0.707106781186549,-0.707106781186547,8.65956056235245E-17));
#9574=DIRECTION('',(-1.,-1.110223024625E-16,1.224646799147E-16));
#9575=DIRECTION('',(-0.707106781186549,0.707106781186547,8.65956056235245E-17));
#9576=DIRECTION('',(-0.707106781186549,-0.707106781186547,8.65956056235245E-17));
#9577=DIRECTION('',(-1.,-1.110223024625E-16,1.224646799147E-16));
#9578=DIRECTION('',(-0.707106781186549,0.707106781186547,8.65956056235245E-17));
#9579=DIRECTION('',(-0.707106781186549,-0.707106781186547,8.65956056235245E-17));
#9580=DIRECTION('',(-1.,-1.110223024625E-16,1.224646799147E-16));
#9581=DIRECTION('',(-0.707106781186549,0.707106781186547,8.65956056235245E-17));
#9582=DIRECTION('',(-0.707106781186546,-0.707106781186549,8.65956056235242E-17));
#9583=DIRECTION('',(-1.,-1.110223024625E-16,1.224646799147E-16));
#9584=DIRECTION('',(-0.707106781186546,0.707106781186549,8.65956056235242E-17));
#9585=DIRECTION('',(-0.707106781186549,-0.707106781186547,8.65956056235245E-17));
#9586=DIRECTION('',(-1.,-1.110223024625E-16,1.224646799147E-16));
#9587=DIRECTION('',(-0.707106781186549,0.707106781186547,8.65956056235245E-17));
#9588=DIRECTION('',(-0.707106781186546,-0.707106781186549,8.65956056235242E-17));
#9589=DIRECTION('',(-1.,-1.110223024625E-16,1.224646799147E-16));
#9590=DIRECTION('',(-0.707106781186547,0.707106781186548,8.65956056235243E-17));
#9591=DIRECTION('',(-0.707106781186547,-0.707106781186548,8.65956056235243E-17));
#9592=DIRECTION('',(-1.,-1.110223024625E-16,1.224646799147E-16));
#9593=DIRECTION('',(-0.707106781186547,0.707106781186548,8.65956056235243E-17));
#9594=DIRECTION('',(-0.707106781186549,-0.707106781186547,8.65956056235245E-17));
#9595=DIRECTION('',(-1.,-1.110223024625E-16,1.224646799147E-16));
#9596=DIRECTION('',(-0.707106781186546,0.707106781186549,8.65956056235242E-17));
#9597=DIRECTION('',(1.110223024625E-16,-1.,6.92712190079319E-45));
#9598=DIRECTION('',(-1.,-1.110223024625E-16,1.224646799147E-16));
#9599=DIRECTION('',(1.110223024625E-16,-1.,6.92712190079319E-45));
#9600=DIRECTION('',(1.,1.110223024625E-16,-1.224646799147E-16));
#9601=DIRECTION('',(1.110223024625E-16,-1.,6.92712190079319E-45));
#9602=DIRECTION('',(1.,1.110223024625E-16,-1.224646799147E-16));
#9603=DIRECTION('',(1.110223024625E-16,-1.,6.92712190079319E-45));
#9604=DIRECTION('',(-1.,-1.110223024625E-16,1.224646799147E-16));
#9605=DIRECTION('',(1.,1.110223024625E-16,-1.224646799147E-16));
#9606=DIRECTION('',(1.110223024625E-16,-1.,6.92712190079319E-45));
#9607=DIRECTION('',(-1.,-1.110223024625E-16,1.224646799147E-16));
#9608=DIRECTION('',(1.110223024625E-16,-1.,6.92712190079319E-45));
#9609=DIRECTION('',(1.110223024625E-16,-1.,6.92712190079319E-45));
#9610=DIRECTION('',(1.,1.110223024625E-16,-1.224646799147E-16));
#9611=DIRECTION('',(1.110223024625E-16,-1.,6.92712190079319E-45));
#9612=DIRECTION('',(-1.,-1.110223024625E-16,1.224646799147E-16));
#9613=DIRECTION('',(1.,1.110223024625E-16,-1.224646799147E-16));
#9614=DIRECTION('',(1.110223024625E-16,-1.,6.92712190079319E-45));
#9615=DIRECTION('',(-1.,-1.110223024625E-16,1.224646799147E-16));
#9616=DIRECTION('',(1.110223024625E-16,-1.,6.92712190079319E-45));
#9617=DIRECTION('',(1.110223024625E-16,-1.,6.92712190079319E-45));
#9618=DIRECTION('',(1.,1.110223024625E-16,-1.224646799147E-16));
#9619=DIRECTION('',(1.110223024625E-16,-1.,6.92712190079319E-45));
#9620=DIRECTION('',(-1.,-1.110223024625E-16,1.224646799147E-16));
#9621=DIRECTION('',(1.110223024625E-16,-1.,6.92712190079319E-45));
#9622=DIRECTION('',(-1.,-1.110223024625E-16,1.224646799147E-16));
#9623=DIRECTION('',(1.110223024625E-16,-1.,6.92712190079319E-45));
#9624=DIRECTION('',(1.,1.110223024625E-16,-1.224646799147E-16));
#9625=DIRECTION('',(1.,1.110223024625E-16,-1.224646799147E-16));
#9626=DIRECTION('',(1.110223024625E-16,-1.,6.92712190079319E-45));
#9627=DIRECTION('',(-1.,-1.110223024625E-16,1.224646799147E-16));
#9628=DIRECTION('',(1.110223024625E-16,-1.,6.92712190079319E-45));
#9629=DIRECTION('',(0.707106781186548,0.707106781186548,-8.65956056235244E-17));
#9630=DIRECTION('',(-0.707106781186548,0.707106781186548,8.65956056235244E-17));
#9631=DIRECTION('',(1.224646799147E-16,1.359631073447E-32,1.));
#9632=DIRECTION('',(-0.707106781186548,-0.707106781186548,8.65956056235244E-17));
#9633=DIRECTION('',(0.707106781186548,-0.707106781186548,-8.65956056235244E-17));
#9634=DIRECTION('',(1.224646799147E-16,1.359631073447E-32,1.));
#9635=DIRECTION('',(-1.110223024625E-16,1.,-6.92712190079319E-45));
#9636=DIRECTION('',(-1.,-1.110223024625E-16,1.224646799147E-16));
#9637=DIRECTION('',(1.224646799147E-16,1.359631073447E-32,1.));
#9638=DIRECTION('',(0.707106781186548,-0.707106781186548,-8.65956056235244E-17));
#9639=DIRECTION('',(0.707106781186548,0.707106781186548,-8.65956056235244E-17));
#9640=DIRECTION('',(1.224646799147E-16,1.359631073447E-32,1.));
#9641=DIRECTION('',(-0.707106781186548,0.707106781186548,8.65956056235244E-17));
#9642=DIRECTION('',(-0.707106781186548,-0.707106781186548,8.65956056235244E-17));
#9643=DIRECTION('',(1.224646799147E-16,1.359631073447E-32,1.));
#9644=DIRECTION('',(1.110223024625E-16,-1.,6.92712190079319E-45));
#9645=DIRECTION('',(1.,1.110223024625E-16,-1.224646799147E-16));
#9646=DIRECTION('',(1.224646799147E-16,1.359631073447E-32,1.));
#9647=DIRECTION('',(0.707106781186548,0.707106781186548,-8.65956056235244E-17));
#9648=DIRECTION('',(-0.707106781186548,0.707106781186548,8.65956056235244E-17));
#9649=DIRECTION('',(1.224646799147E-16,1.359631073447E-32,1.));
#9650=DIRECTION('',(-0.707106781186548,-0.707106781186548,8.65956056235244E-17));
#9651=DIRECTION('',(0.707106781186548,-0.707106781186548,-8.65956056235244E-17));
#9652=DIRECTION('',(1.224646799147E-16,1.359631073447E-32,1.));
#9653=DIRECTION('',(-1.110223024625E-16,1.,-6.92712190079319E-45));
#9654=DIRECTION('',(-1.,-1.110223024625E-16,1.224646799147E-16));
#9655=DIRECTION('',(1.224646799147E-16,1.359631073447E-32,1.));
#9656=DIRECTION('',(0.707106781186548,-0.707106781186548,-8.65956056235244E-17));
#9657=DIRECTION('',(0.707106781186548,0.707106781186548,-8.65956056235244E-17));
#9658=DIRECTION('',(1.224646799147E-16,1.359631073447E-32,1.));
#9659=DIRECTION('',(-0.707106781186548,0.707106781186548,8.65956056235244E-17));
#9660=DIRECTION('',(-0.707106781186548,-0.707106781186548,8.65956056235244E-17));
#9661=DIRECTION('',(1.224646799147E-16,1.359631073447E-32,1.));
#9662=DIRECTION('',(1.110223024625E-16,-1.,6.92712190079319E-45));
#9663=DIRECTION('',(1.,1.110223024625E-16,-1.224646799147E-16));
#9664=DIRECTION('',(1.224646799147E-16,1.359631073447E-32,1.));
#9665=DIRECTION('',(0.707106781186548,0.707106781186548,-8.65956056235244E-17));
#9666=DIRECTION('',(-0.707106781186548,0.707106781186548,8.65956056235244E-17));
#9667=DIRECTION('',(1.224646799147E-16,1.359631073447E-32,1.));
#9668=DIRECTION('',(-0.707106781186548,-0.707106781186548,8.65956056235244E-17));
#9669=DIRECTION('',(0.707106781186548,-0.707106781186548,-8.65956056235244E-17));
#9670=DIRECTION('',(1.224646799147E-16,1.359631073447E-32,1.));
#9671=DIRECTION('',(-1.110223024625E-16,1.,-6.92712190079319E-45));
#9672=DIRECTION('',(-1.,-1.110223024625E-16,1.224646799147E-16));
#9673=DIRECTION('',(1.224646799147E-16,1.359631073447E-32,1.));
#9674=DIRECTION('',(0.707106781186548,-0.707106781186548,-8.65956056235244E-17));
#9675=DIRECTION('',(0.707106781186548,0.707106781186548,-8.65956056235244E-17));
#9676=DIRECTION('',(1.224646799147E-16,1.359631073447E-32,1.));
#9677=DIRECTION('',(-0.707106781186548,0.707106781186548,8.65956056235244E-17));
#9678=DIRECTION('',(-0.707106781186548,-0.707106781186548,8.65956056235244E-17));
#9679=DIRECTION('',(1.224646799147E-16,1.359631073447E-32,1.));
#9680=DIRECTION('',(1.110223024625E-16,-1.,6.92712190079319E-45));
#9681=DIRECTION('',(1.,1.110223024625E-16,-1.224646799147E-16));
#9682=DIRECTION('',(1.224646799147E-16,1.359631073447E-32,1.));
#9683=DIRECTION('',(0.707106781186548,0.707106781186548,-8.65956056235244E-17));
#9684=DIRECTION('',(-0.707106781186548,0.707106781186548,8.65956056235244E-17));
#9685=DIRECTION('',(1.224646799147E-16,1.359631073447E-32,1.));
#9686=DIRECTION('',(-0.707106781186548,-0.707106781186548,8.65956056235244E-17));
#9687=DIRECTION('',(0.707106781186548,-0.707106781186548,-8.65956056235244E-17));
#9688=DIRECTION('',(1.224646799147E-16,1.359631073447E-32,1.));
#9689=DIRECTION('',(-1.110223024625E-16,1.,-6.92712190079319E-45));
#9690=DIRECTION('',(-1.,-1.110223024625E-16,1.224646799147E-16));
#9691=DIRECTION('',(1.224646799147E-16,1.359631073447E-32,1.));
#9692=DIRECTION('',(0.707106781186548,-0.707106781186548,-8.65956056235244E-17));
#9693=DIRECTION('',(0.707106781186548,0.707106781186548,-8.65956056235244E-17));
#9694=DIRECTION('',(1.224646799147E-16,1.359631073447E-32,1.));
#9695=DIRECTION('',(-0.707106781186548,0.707106781186548,8.65956056235244E-17));
#9696=DIRECTION('',(-0.707106781186548,-0.707106781186548,8.65956056235244E-17));
#9697=DIRECTION('',(1.224646799147E-16,1.359631073447E-32,1.));
#9698=DIRECTION('',(1.110223024625E-16,-1.,6.92712190079319E-45));
#9699=DIRECTION('',(1.,1.110223024625E-16,-1.224646799147E-16));
#9700=DIRECTION('',(1.224646799147E-16,1.359631073447E-32,1.));
#9701=DIRECTION('',(0.707106781186548,0.707106781186548,-8.65956056235244E-17));
#9702=DIRECTION('',(-0.707106781186548,0.707106781186548,8.65956056235244E-17));
#9703=DIRECTION('',(1.224646799147E-16,1.359631073447E-32,1.));
#9704=DIRECTION('',(-0.707106781186548,-0.707106781186548,8.65956056235244E-17));
#9705=DIRECTION('',(0.707106781186548,-0.707106781186548,-8.65956056235244E-17));
#9706=DIRECTION('',(1.224646799147E-16,1.359631073447E-32,1.));
#9707=DIRECTION('',(-1.110223024625E-16,1.,-6.92712190079319E-45));
#9708=DIRECTION('',(-1.,-1.110223024625E-16,1.224646799147E-16));
#9709=DIRECTION('',(1.224646799147E-16,1.359631073447E-32,1.));
#9710=DIRECTION('',(0.707106781186548,-0.707106781186548,-8.65956056235244E-17));
#9711=DIRECTION('',(0.707106781186548,0.707106781186548,-8.65956056235244E-17));
#9712=DIRECTION('',(1.224646799147E-16,1.359631073447E-32,1.));
#9713=DIRECTION('',(-0.707106781186548,0.707106781186548,8.65956056235244E-17));
#9714=DIRECTION('',(-0.707106781186548,-0.707106781186548,8.65956056235244E-17));
#9715=DIRECTION('',(1.224646799147E-16,1.359631073447E-32,1.));
#9716=DIRECTION('',(1.110223024625E-16,-1.,6.92712190079319E-45));
#9717=DIRECTION('',(1.,1.110223024625E-16,-1.224646799147E-16));
#9718=DIRECTION('',(1.224646799147E-16,1.359631073447E-32,1.));
#9719=DIRECTION('',(0.707106781186548,0.707106781186548,-8.65956056235244E-17));
#9720=DIRECTION('',(-0.707106781186548,0.707106781186548,8.65956056235244E-17));
#9721=DIRECTION('',(1.224646799147E-16,1.359631073447E-32,1.));
#9722=DIRECTION('',(-0.707106781186548,-0.707106781186548,8.65956056235244E-17));
#9723=DIRECTION('',(0.707106781186548,-0.707106781186548,-8.65956056235244E-17));
#9724=DIRECTION('',(1.224646799147E-16,1.359631073447E-32,1.));
#9725=DIRECTION('',(-1.110223024625E-16,1.,-6.92712190079319E-45));
#9726=DIRECTION('',(-1.,-1.110223024625E-16,1.224646799147E-16));
#9727=DIRECTION('',(1.224646799147E-16,1.359631073447E-32,1.));
#9728=DIRECTION('',(0.707106781186548,-0.707106781186548,-8.65956056235244E-17));
#9729=DIRECTION('',(0.707106781186548,0.707106781186548,-8.65956056235244E-17));
#9730=DIRECTION('',(1.224646799147E-16,1.359631073447E-32,1.));
#9731=DIRECTION('',(-0.707106781186548,0.707106781186548,8.65956056235244E-17));
#9732=DIRECTION('',(-0.707106781186548,-0.707106781186548,8.65956056235244E-17));
#9733=DIRECTION('',(1.224646799147E-16,1.359631073447E-32,1.));
#9734=DIRECTION('',(1.110223024625E-16,-1.,6.92712190079319E-45));
#9735=DIRECTION('',(1.,1.110223024625E-16,-1.224646799147E-16));
#9736=DIRECTION('',(1.224646799147E-16,1.359631073447E-32,1.));
#9737=DIRECTION('',(0.707106781186548,0.707106781186548,-8.65956056235244E-17));
#9738=DIRECTION('',(-0.707106781186548,0.707106781186548,8.65956056235244E-17));
#9739=DIRECTION('',(1.224646799147E-16,1.359631073447E-32,1.));
#9740=DIRECTION('',(-0.707106781186548,-0.707106781186548,8.65956056235244E-17));
#9741=DIRECTION('',(0.707106781186548,-0.707106781186548,-8.65956056235244E-17));
#9742=DIRECTION('',(1.224646799147E-16,1.359631073447E-32,1.));
#9743=DIRECTION('',(-1.110223024625E-16,1.,-6.92712190079319E-45));
#9744=DIRECTION('',(-1.,-1.110223024625E-16,1.224646799147E-16));
#9745=DIRECTION('',(1.224646799147E-16,1.359631073447E-32,1.));
#9746=DIRECTION('',(0.707106781186548,-0.707106781186548,-8.65956056235244E-17));
#9747=DIRECTION('',(0.707106781186548,0.707106781186548,-8.65956056235244E-17));
#9748=DIRECTION('',(1.224646799147E-16,1.359631073447E-32,1.));
#9749=DIRECTION('',(-0.707106781186548,0.707106781186548,8.65956056235244E-17));
#9750=DIRECTION('',(-0.707106781186548,-0.707106781186548,8.65956056235244E-17));
#9751=DIRECTION('',(1.224646799147E-16,1.359631073447E-32,1.));
#9752=DIRECTION('',(1.110223024625E-16,-1.,6.92712190079319E-45));
#9753=DIRECTION('',(1.,1.110223024625E-16,-1.224646799147E-16));
#9754=DIRECTION('',(1.224646799147E-16,1.359631073447E-32,1.));
#9755=DIRECTION('',(0.707106781186548,0.707106781186548,-8.65956056235244E-17));
#9756=DIRECTION('',(-0.707106781186548,0.707106781186548,8.65956056235244E-17));
#9757=DIRECTION('',(1.224646799147E-16,1.359631073447E-32,1.));
#9758=DIRECTION('',(-0.707106781186548,-0.707106781186548,8.65956056235244E-17));
#9759=DIRECTION('',(0.707106781186548,-0.707106781186548,-8.65956056235244E-17));
#9760=DIRECTION('',(1.224646799147E-16,1.359631073447E-32,1.));
#9761=DIRECTION('',(-1.110223024625E-16,1.,-6.92712190079319E-45));
#9762=DIRECTION('',(-1.,-1.110223024625E-16,1.224646799147E-16));
#9763=DIRECTION('',(1.224646799147E-16,1.359631073447E-32,1.));
#9764=DIRECTION('',(-1.,-1.110223024625E-16,1.224646799147E-16));
#9765=DIRECTION('',(1.110223024625E-16,-1.,6.92712190079319E-45));
#9766=DIRECTION('',(1.224646799147E-16,1.359631073447E-32,1.));
#9767=DIRECTION('',(-0.707106781186548,0.707106781186548,8.65956056235244E-17));
#9768=DIRECTION('',(-0.707106781186548,-0.707106781186548,8.65956056235244E-17));
#9769=DIRECTION('',(-1.,-1.110223024625E-16,1.224646799147E-16));
#9770=DIRECTION('',(-1.224646799147E-16,-1.359631073447E-32,-1.));
#9771=DIRECTION('',(-1.224646799147E-16,-1.359631073447E-32,-1.));
#9772=DIRECTION('',(1.110223024625E-16,-1.,6.92712190079319E-45));
#9773=DIRECTION('',(-1.224646799147E-16,-1.359631073447E-32,-1.));
#9774=DIRECTION('',(1.110223024625E-16,-1.,6.92712190079319E-45));
#9775=DIRECTION('',(-1.224646799147E-16,-1.359631073447E-32,-1.));
#9776=DIRECTION('',(1.,1.110223024625E-16,-1.224646799147E-16));
#9777=DIRECTION('',(-1.224646799147E-16,-1.359631073447E-32,-1.));
#9778=DIRECTION('',(-1.,-1.110223024625E-16,1.224646799147E-16));
#9779=DIRECTION('',(-1.224646799147E-16,-1.359631073447E-32,-1.));
#9780=DIRECTION('',(-1.12249251174153E-16,1.,1.22694871165301E-18));
#9781=DIRECTION('',(-1.224646799147E-16,-1.359631073447E-32,-1.));
#9782=DIRECTION('',(1.110223024625E-16,-1.,6.92712190079319E-45));
#9783=DIRECTION('',(-1.224646799147E-16,-1.359631073447E-32,-1.));
#9784=DIRECTION('',(-1.,-1.09795353750847E-16,1.23691628626353E-16));
#9785=DIRECTION('',(-1.,-1.110223024625E-16,1.224646799147E-16));
#9786=DIRECTION('',(-1.224646799147E-16,-1.359631073447E-32,-1.));
#9787=DIRECTION('',(-1.224646799147E-16,-1.359631073447E-32,-1.));
#9788=DIRECTION('',(-1.12249251174153E-16,1.,1.22694871165301E-18));
#9789=DIRECTION('',(-1.224646799147E-16,-1.359631073447E-32,-1.));
#9790=DIRECTION('',(1.110223024625E-16,-1.,6.92712190079319E-45));
#9791=DIRECTION('',(-1.224646799147E-16,-1.359631073447E-32,-1.));
#9792=DIRECTION('',(-1.,-1.09795353750847E-16,1.23691628626353E-16));
#9793=DIRECTION('',(-1.224646799147E-16,-1.359631073447E-32,-1.));
#9794=DIRECTION('',(-1.,-1.110223024625E-16,1.224646799147E-16));
#9795=DIRECTION('',(-1.224646799147E-16,-1.359631073447E-32,-1.));
#9796=DIRECTION('',(1.110223024625E-16,-1.,6.92712190079319E-45));
#9797=DIRECTION('',(-1.224646799147E-16,-1.359631073447E-32,-1.));
#9798=DIRECTION('',(1.110223024625E-16,-1.,6.92712190079319E-45));
#9799=DIRECTION('',(-1.224646799147E-16,-1.359631073447E-32,-1.));
#9800=DIRECTION('',(1.,1.110223024625E-16,-1.224646799147E-16));
#9801=DIRECTION('',(1.110223024625E-16,-1.,6.92712190079319E-45));
#9802=DIRECTION('',(-1.224646799147E-16,-1.359631073447E-32,-1.));
#9803=DIRECTION('',(-1.224646799147E-16,-1.359631073447E-32,-1.));
#9804=DIRECTION('',(1.,1.110223024625E-16,-1.224646799147E-16));
#9805=DIRECTION('',(-1.224646799147E-16,-1.359631073447E-32,-1.));
#9806=DIRECTION('',(-1.,-1.110223024625E-16,1.224646799147E-16));
#9807=DIRECTION('',(-1.224646799147E-16,-1.359631073447E-32,-1.));
#9808=DIRECTION('',(-1.12249251174153E-16,1.,1.22694871165301E-18));
#9809=DIRECTION('',(-1.224646799147E-16,-1.359631073447E-32,-1.));
#9810=DIRECTION('',(1.110223024625E-16,-1.,6.92712190079319E-45));
#9811=DIRECTION('',(-1.224646799147E-16,-1.359631073447E-32,-1.));
#9812=DIRECTION('',(-1.,-1.09795353750847E-16,1.23691628626353E-16));
#9813=DIRECTION('',(-1.224646799147E-16,-1.359631073447E-32,-1.));
#9814=DIRECTION('',(-1.,-1.110223024625E-16,1.224646799147E-16));
#9815=DIRECTION('',(-1.224646799147E-16,-1.359631073447E-32,-1.));
#9816=DIRECTION('',(1.110223024625E-16,-1.,6.92712190079319E-45));
#9817=DIRECTION('',(-1.,-1.110223024625E-16,1.224646799147E-16));
#9818=DIRECTION('',(-1.224646799147E-16,-1.359631073447E-32,-1.));
#9819=DIRECTION('',(-1.224646799147E-16,-1.359631073447E-32,-1.));
#9820=DIRECTION('',(-1.12249251174153E-16,1.,1.22694871165301E-18));
#9821=DIRECTION('',(-1.224646799147E-16,-1.359631073447E-32,-1.));
#9822=DIRECTION('',(1.110223024625E-16,-1.,6.92712190079319E-45));
#9823=DIRECTION('',(-1.224646799147E-16,-1.359631073447E-32,-1.));
#9824=DIRECTION('',(-1.,-1.09795353750847E-16,1.23691628626353E-16));
#9825=DIRECTION('',(-1.224646799147E-16,-1.359631073447E-32,-1.));
#9826=DIRECTION('',(-1.,-1.110223024625E-16,1.224646799147E-16));
#9827=DIRECTION('',(-1.224646799147E-16,-1.359631073447E-32,-1.));
#9828=DIRECTION('',(1.110223024625E-16,-1.,6.92712190079319E-45));
#9829=DIRECTION('',(-1.224646799147E-16,-1.359631073447E-32,-1.));
#9830=DIRECTION('',(1.110223024625E-16,-1.,6.92712190079319E-45));
#9831=DIRECTION('',(-1.224646799147E-16,-1.359631073447E-32,-1.));
#9832=DIRECTION('',(1.,1.110223024625E-16,-1.224646799147E-16));
#9833=DIRECTION('',(1.110223024625E-16,-1.,6.92712190079319E-45));
#9834=DIRECTION('',(-1.224646799147E-16,-1.359631073447E-32,-1.));
#9835=DIRECTION('',(-1.224646799147E-16,-1.359631073447E-32,-1.));
#9836=DIRECTION('',(1.,1.110223024625E-16,-1.224646799147E-16));
#9837=DIRECTION('',(-1.224646799147E-16,-1.359631073447E-32,-1.));
#9838=DIRECTION('',(-1.,-1.110223024625E-16,1.224646799147E-16));
#9839=DIRECTION('',(-1.224646799147E-16,-1.359631073447E-32,-1.));
#9840=DIRECTION('',(-1.12249251174153E-16,1.,1.22694871165301E-18));
#9841=DIRECTION('',(-1.224646799147E-16,-1.359631073447E-32,-1.));
#9842=DIRECTION('',(1.110223024625E-16,-1.,6.92712190079319E-45));
#9843=DIRECTION('',(-1.224646799147E-16,-1.359631073447E-32,-1.));
#9844=DIRECTION('',(-1.,-1.09795353750847E-16,1.23691628626353E-16));
#9845=DIRECTION('',(-1.224646799147E-16,-1.359631073447E-32,-1.));
#9846=DIRECTION('',(-1.,-1.110223024625E-16,1.224646799147E-16));
#9847=DIRECTION('',(-1.224646799147E-16,-1.359631073447E-32,-1.));
#9848=DIRECTION('',(1.110223024625E-16,-1.,6.92712190079319E-45));
#9849=DIRECTION('',(-1.,-1.110223024625E-16,1.224646799147E-16));
#9850=DIRECTION('',(-1.224646799147E-16,-1.359631073447E-32,-1.));
#9851=DIRECTION('',(-1.224646799147E-16,-1.359631073447E-32,-1.));
#9852=DIRECTION('',(-1.12249251174153E-16,1.,1.22694871165301E-18));
#9853=DIRECTION('',(-1.224646799147E-16,-1.359631073447E-32,-1.));
#9854=DIRECTION('',(1.110223024625E-16,-1.,6.92712190079319E-45));
#9855=DIRECTION('',(-1.224646799147E-16,-1.359631073447E-32,-1.));
#9856=DIRECTION('',(-1.,-1.09795353750847E-16,1.23691628626353E-16));
#9857=DIRECTION('',(-1.224646799147E-16,-1.359631073447E-32,-1.));
#9858=DIRECTION('',(-1.,-1.110223024625E-16,1.224646799147E-16));
#9859=DIRECTION('',(-1.224646799147E-16,-1.359631073447E-32,-1.));
#9860=DIRECTION('',(1.110223024625E-16,-1.,6.92712190079319E-45));
#9861=DIRECTION('',(-1.224646799147E-16,-1.359631073447E-32,-1.));
#9862=DIRECTION('',(1.110223024625E-16,-1.,6.92712190079319E-45));
#9863=DIRECTION('',(-1.224646799147E-16,-1.359631073447E-32,-1.));
#9864=DIRECTION('',(1.,1.110223024625E-16,-1.224646799147E-16));
#9865=DIRECTION('',(-1.,-1.110223024625E-16,1.224646799147E-16));
#9866=DIRECTION('',(-1.224646799147E-16,-1.359631073447E-32,-1.));
#9867=DIRECTION('',(-1.224646799147E-16,-1.359631073447E-32,-1.));
#9868=DIRECTION('',(1.110223024625E-16,-1.,6.92712190079319E-45));
#9869=DIRECTION('',(-1.224646799147E-16,-1.359631073447E-32,-1.));
#9870=DIRECTION('',(1.110223024625E-16,-1.,6.92712190079319E-45));
#9871=DIRECTION('',(-1.224646799147E-16,-1.359631073447E-32,-1.));
#9872=DIRECTION('',(1.,1.110223024625E-16,-1.224646799147E-16));
#9873=DIRECTION('',(-1.224646799147E-16,-1.359631073447E-32,-1.));
#9874=DIRECTION('',(-1.,-1.110223024625E-16,1.224646799147E-16));
#9875=DIRECTION('',(-1.224646799147E-16,-1.359631073447E-32,-1.));
#9876=DIRECTION('',(-1.12249251174153E-16,1.,1.22694871165301E-18));
#9877=DIRECTION('',(-1.224646799147E-16,-1.359631073447E-32,-1.));
#9878=DIRECTION('',(1.110223024625E-16,-1.,6.92712190079319E-45));
#9879=DIRECTION('',(-1.224646799147E-16,-1.359631073447E-32,-1.));
#9880=DIRECTION('',(-1.,-1.09795353750847E-16,1.23691628626353E-16));
#9881=DIRECTION('',(1.110223024625E-16,-1.,6.92712190079319E-45));
#9882=DIRECTION('',(-1.224646799147E-16,-1.359631073447E-32,-1.));
#9883=DIRECTION('',(-1.224646799147E-16,-1.359631073447E-32,-1.));
#9884=DIRECTION('',(1.,1.110223024625E-16,-1.224646799147E-16));
#9885=DIRECTION('',(-1.224646799147E-16,-1.359631073447E-32,-1.));
#9886=DIRECTION('',(-1.,-1.110223024625E-16,1.224646799147E-16));
#9887=DIRECTION('',(-1.224646799147E-16,-1.359631073447E-32,-1.));
#9888=DIRECTION('',(-1.12249251174153E-16,1.,1.22694871165301E-18));
#9889=DIRECTION('',(-1.224646799147E-16,-1.359631073447E-32,-1.));
#9890=DIRECTION('',(1.110223024625E-16,-1.,6.92712190079319E-45));
#9891=DIRECTION('',(-1.224646799147E-16,-1.359631073447E-32,-1.));
#9892=DIRECTION('',(-1.,-1.09795353750847E-16,1.23691628626353E-16));
#9893=DIRECTION('',(-1.224646799147E-16,-1.359631073447E-32,-1.));
#9894=DIRECTION('',(-1.,-1.110223024625E-16,1.224646799147E-16));
#9895=DIRECTION('',(-1.224646799147E-16,-1.359631073447E-32,-1.));
#9896=DIRECTION('',(1.110223024625E-16,-1.,6.92712190079319E-45));
#9897=DIRECTION('',(-1.,-1.110223024625E-16,1.224646799147E-16));
#9898=DIRECTION('',(-1.224646799147E-16,-1.359631073447E-32,-1.));
#9899=DIRECTION('',(-1.09795353750847E-16,1.,-1.22694871165301E-18));
#9900=DIRECTION('',(-1.224646799147E-16,-1.359631073447E-32,-1.));
#9901=DIRECTION('',(-1.224646799147E-16,-1.359631073447E-32,-1.));
#9902=DIRECTION('',(1.110223024625E-16,-1.,6.92712190079319E-45));
#9903=DIRECTION('',(-1.224646799147E-16,-1.359631073447E-32,-1.));
#9904=DIRECTION('',(-1.224646799147E-16,-1.359631073447E-32,-1.));
#9905=DIRECTION('',(-1.,-1.12249251174153E-16,1.21237731203047E-16));
#9906=DIRECTION('',(-1.,-1.110223024625E-16,1.224646799147E-16));
#9907=DIRECTION('',(-1.224646799147E-16,-1.359631073447E-32,-1.));
#9908=DIRECTION('',(-1.224646799147E-16,-1.359631073447E-32,-1.));
#9909=DIRECTION('',(1.110223024625E-16,-1.,6.92712190079319E-45));
#9910=DIRECTION('',(1.110223024625E-16,-1.,6.92712190079319E-45));
#9911=DIRECTION('',(-1.224646799147E-16,-1.359631073447E-32,-1.));
#9912=DIRECTION('',(1.,1.110223024625E-16,-1.224646799147E-16));
#9913=DIRECTION('',(-1.,-1.110223024625E-16,1.224646799147E-16));
#9914=DIRECTION('',(-1.224646799147E-16,-1.359631073447E-32,-1.));
#9915=DIRECTION('',(-1.224646799147E-16,-1.359631073447E-32,-1.));
#9916=DIRECTION('',(-1.224646799147E-16,-1.359631073447E-32,-1.));
#9917=DIRECTION('',(1.110223024625E-16,-1.,6.92712190079319E-45));
#9918=DIRECTION('',(1.110223024625E-16,-1.,6.92712190079319E-45));
#9919=DIRECTION('',(-1.224646799147E-16,-1.359631073447E-32,-1.));
#9920=DIRECTION('',(1.,1.110223024625E-16,-1.224646799147E-16));
#9921=DIRECTION('',(-1.224646799147E-16,-1.359631073447E-32,-1.));
#9922=DIRECTION('',(-1.,-1.110223024625E-16,1.224646799147E-16));
#9923=DIRECTION('',(-1.224646799147E-16,-1.359631073447E-32,-1.));
#9924=DIRECTION('',(-1.09795353750847E-16,1.,-1.22694871165301E-18));
#9925=DIRECTION('',(-1.224646799147E-16,-1.359631073447E-32,-1.));
#9926=DIRECTION('',(1.110223024625E-16,-1.,6.92712190079319E-45));
#9927=DIRECTION('',(-1.224646799147E-16,-1.359631073447E-32,-1.));
#9928=DIRECTION('',(-1.,-1.12249251174153E-16,1.21237731203047E-16));
#9929=DIRECTION('',(1.110223024625E-16,-1.,6.92712190079319E-45));
#9930=DIRECTION('',(-1.224646799147E-16,-1.359631073447E-32,-1.));
#9931=DIRECTION('',(-1.224646799147E-16,-1.359631073447E-32,-1.));
#9932=DIRECTION('',(-1.224646799147E-16,-1.359631073447E-32,-1.));
#9933=DIRECTION('',(-1.,-1.12249251174153E-16,1.21237731203047E-16));
#9934=DIRECTION('',(-1.,-1.110223024625E-16,1.224646799147E-16));
#9935=DIRECTION('',(-1.224646799147E-16,-1.359631073447E-32,-1.));
#9936=DIRECTION('',(-1.224646799147E-16,-1.359631073447E-32,-1.));
#9937=DIRECTION('',(1.110223024625E-16,-1.,6.92712190079319E-45));
#9938=DIRECTION('',(1.110223024625E-16,-1.,6.92712190079319E-45));
#9939=DIRECTION('',(-1.224646799147E-16,-1.359631073447E-32,-1.));
#9940=DIRECTION('',(1.,1.110223024625E-16,-1.224646799147E-16));
#9941=DIRECTION('',(-1.224646799147E-16,-1.359631073447E-32,-1.));
#9942=DIRECTION('',(-1.,-1.110223024625E-16,1.224646799147E-16));
#9943=DIRECTION('',(-1.224646799147E-16,-1.359631073447E-32,-1.));
#9944=DIRECTION('',(-1.09795353750847E-16,1.,-1.22694871165301E-18));
#9945=DIRECTION('',(-1.,-1.110223024625E-16,1.224646799147E-16));
#9946=DIRECTION('',(-1.224646799147E-16,-1.359631073447E-32,-1.));
#9947=DIRECTION('',(-1.224646799147E-16,-1.359631073447E-32,-1.));
#9948=DIRECTION('',(-1.224646799147E-16,-1.359631073447E-32,-1.));
#9949=DIRECTION('',(1.110223024625E-16,-1.,6.92712190079319E-45));
#9950=DIRECTION('',(1.110223024625E-16,-1.,6.92712190079319E-45));
#9951=DIRECTION('',(-1.224646799147E-16,-1.359631073447E-32,-1.));
#9952=DIRECTION('',(1.,1.110223024625E-16,-1.224646799147E-16));
#9953=DIRECTION('',(-1.224646799147E-16,-1.359631073447E-32,-1.));
#9954=DIRECTION('',(-1.,-1.110223024625E-16,1.224646799147E-16));
#9955=DIRECTION('',(-1.224646799147E-16,-1.359631073447E-32,-1.));
#9956=DIRECTION('',(-1.09795353750847E-16,1.,-1.22694871165301E-18));
#9957=DIRECTION('',(-1.224646799147E-16,-1.359631073447E-32,-1.));
#9958=DIRECTION('',(1.110223024625E-16,-1.,6.92712190079319E-45));
#9959=DIRECTION('',(-1.224646799147E-16,-1.359631073447E-32,-1.));
#9960=DIRECTION('',(-1.,-1.12249251174153E-16,1.21237731203047E-16));
#9961=DIRECTION('',(1.110223024625E-16,-1.,6.92712190079319E-45));
#9962=DIRECTION('',(-1.224646799147E-16,-1.359631073447E-32,-1.));
#9963=DIRECTION('',(-1.224646799147E-16,-1.359631073447E-32,-1.));
#9964=DIRECTION('',(-1.224646799147E-16,-1.359631073447E-32,-1.));
#9965=DIRECTION('',(-1.,-1.12249251174153E-16,1.21237731203047E-16));
#9966=DIRECTION('',(-1.,-1.110223024625E-16,1.224646799147E-16));
#9967=DIRECTION('',(-1.224646799147E-16,-1.359631073447E-32,-1.));
#9968=DIRECTION('',(-1.224646799147E-16,-1.359631073447E-32,-1.));
#9969=DIRECTION('',(1.110223024625E-16,-1.,6.92712190079319E-45));
#9970=DIRECTION('',(1.110223024625E-16,-1.,6.92712190079319E-45));
#9971=DIRECTION('',(-1.224646799147E-16,-1.359631073447E-32,-1.));
#9972=DIRECTION('',(1.,1.110223024625E-16,-1.224646799147E-16));
#9973=DIRECTION('',(-1.224646799147E-16,-1.359631073447E-32,-1.));
#9974=DIRECTION('',(-1.,-1.110223024625E-16,1.224646799147E-16));
#9975=DIRECTION('',(-1.224646799147E-16,-1.359631073447E-32,-1.));
#9976=DIRECTION('',(-1.09795353750847E-16,1.,-1.22694871165301E-18));
#9977=DIRECTION('',(-1.,-1.110223024625E-16,1.224646799147E-16));
#9978=DIRECTION('',(-1.224646799147E-16,-1.359631073447E-32,-1.));
#9979=DIRECTION('',(-1.224646799147E-16,-1.359631073447E-32,-1.));
#9980=DIRECTION('',(-1.224646799147E-16,-1.359631073447E-32,-1.));
#9981=DIRECTION('',(1.110223024625E-16,-1.,6.92712190079319E-45));
#9982=DIRECTION('',(1.110223024625E-16,-1.,6.92712190079319E-45));
#9983=DIRECTION('',(-1.224646799147E-16,-1.359631073447E-32,-1.));
#9984=DIRECTION('',(1.,1.110223024625E-16,-1.224646799147E-16));
#9985=DIRECTION('',(-1.224646799147E-16,-1.359631073447E-32,-1.));
#9986=DIRECTION('',(-1.,-1.110223024625E-16,1.224646799147E-16));
#9987=DIRECTION('',(-1.224646799147E-16,-1.359631073447E-32,-1.));
#9988=DIRECTION('',(-1.09795353750847E-16,1.,-1.22694871165301E-18));
#9989=DIRECTION('',(-1.224646799147E-16,-1.359631073447E-32,-1.));
#9990=DIRECTION('',(1.110223024625E-16,-1.,6.92712190079319E-45));
#9991=DIRECTION('',(-1.224646799147E-16,-1.359631073447E-32,-1.));
#9992=DIRECTION('',(-1.,-1.12249251174153E-16,1.21237731203047E-16));
#9993=DIRECTION('',(-1.,-1.110223024625E-16,1.224646799147E-16));
#9994=DIRECTION('',(-1.224646799147E-16,-1.359631073447E-32,-1.));
#9995=DIRECTION('',(-1.09795353750847E-16,1.,-1.22694871165301E-18));
#9996=DIRECTION('',(-1.224646799147E-16,-1.359631073447E-32,-1.));
#9997=DIRECTION('',(-1.224646799147E-16,-1.359631073447E-32,-1.));
#9998=DIRECTION('',(1.110223024625E-16,-1.,6.92712190079319E-45));
#9999=DIRECTION('',(-1.224646799147E-16,-1.359631073447E-32,-1.));
#10000=DIRECTION('',(-1.224646799147E-16,-1.359631073447E-32,-1.));
#10001=DIRECTION('',(-1.,-1.12249251174153E-16,1.21237731203047E-16));
#10002=DIRECTION('',(-1.,-1.110223024625E-16,1.224646799147E-16));
#10003=DIRECTION('',(-1.224646799147E-16,-1.359631073447E-32,-1.));
#10004=DIRECTION('',(-1.224646799147E-16,-1.359631073447E-32,-1.));
#10005=DIRECTION('',(1.110223024625E-16,-1.,6.92712190079319E-45));
#10006=DIRECTION('',(1.110223024625E-16,-1.,6.92712190079319E-45));
#10007=DIRECTION('',(-1.224646799147E-16,-1.359631073447E-32,-1.));
#10008=DIRECTION('',(1.,1.110223024625E-16,-1.224646799147E-16));
#10009=DIRECTION('',(1.110223024625E-16,-1.,6.92712190079319E-45));
#10010=DIRECTION('',(-1.224646799147E-16,-1.359631073447E-32,-1.));
#10011=DIRECTION('',(-1.224646799147E-16,-1.359631073447E-32,-1.));
#10012=DIRECTION('',(-1.224646799147E-16,-1.359631073447E-32,-1.));
#10013=DIRECTION('',(-1.,-1.12249251174153E-16,1.21237731203047E-16));
#10014=DIRECTION('',(-1.,-1.110223024625E-16,1.224646799147E-16));
#10015=DIRECTION('',(-1.224646799147E-16,-1.359631073447E-32,-1.));
#10016=DIRECTION('',(-1.224646799147E-16,-1.359631073447E-32,-1.));
#10017=DIRECTION('',(1.110223024625E-16,-1.,6.92712190079319E-45));
#10018=DIRECTION('',(1.110223024625E-16,-1.,6.92712190079319E-45));
#10019=DIRECTION('',(-1.224646799147E-16,-1.359631073447E-32,-1.));
#10020=DIRECTION('',(1.,1.110223024625E-16,-1.224646799147E-16));
#10021=DIRECTION('',(-1.224646799147E-16,-1.359631073447E-32,-1.));
#10022=DIRECTION('',(-1.,-1.110223024625E-16,1.224646799147E-16));
#10023=DIRECTION('',(-1.224646799147E-16,-1.359631073447E-32,-1.));
#10024=DIRECTION('',(-1.09795353750847E-16,1.,-1.22694871165301E-18));
#10025=DIRECTION('',(0.707106781186548,7.67694554258219E-17,0.707106781186548));
#10026=DIRECTION('',(-1.09795353750847E-16,1.,1.22694871165301E-18));
#10027=DIRECTION('',(-1.09795353750847E-16,1.,1.22694871165301E-18));
#10028=DIRECTION('',(-0.577350269189626,0.577350269189625,0.577350269189626));
#10029=DIRECTION('',(-0.577350269189626,-0.577350269189625,0.577350269189626));
#10030=DIRECTION('',(-1.66835396066058E-16,0.707106781186548,-0.707106781186548));
#10031=DIRECTION('',(-1.,-1.12249251174153E-16,1.23691628626353E-16));
#10032=DIRECTION('',(-1.,-1.12249251174153E-16,1.23691628626353E-16));
#10033=DIRECTION('',(0.577350269189626,0.577350269189625,0.577350269189626));
#10034=DIRECTION('',(0.707106781186548,8.02397904425336E-17,-0.707106781186548));
#10035=DIRECTION('',(-1.12249251174153E-16,1.,1.22694871165301E-18));
#10036=DIRECTION('',(0.577350269189626,-0.577350269189625,0.577350269189626));
#10037=DIRECTION('',(1.110223024625E-16,-1.,6.92712190079319E-45));
#10038=DIRECTION('',(9.82615019770256E-18,0.707106781186548,0.707106781186548));
#10039=DIRECTION('',(-1.,-1.09795353750847E-16,1.23691628626353E-16));
#10040=DIRECTION('',(-1.,-1.110223024625E-16,1.224646799147E-16));
#10041=DIRECTION('',(0.707106781186548,8.02397904425336E-17,-0.707106781186548));
#10042=DIRECTION('',(-1.12249251174153E-16,1.,1.22694871165301E-18));
#10043=DIRECTION('',(0.577350269189626,-0.577350269189625,0.577350269189626));
#10044=DIRECTION('',(0.577350269189626,0.577350269189625,0.577350269189626));
#10045=DIRECTION('',(1.110223024625E-16,-1.,6.92712190079319E-45));
#10046=DIRECTION('',(9.82615019770256E-18,0.707106781186548,0.707106781186548));
#10047=DIRECTION('',(-1.,-1.09795353750847E-16,1.23691628626353E-16));
#10048=DIRECTION('',(-0.577350269189626,-0.577350269189625,0.577350269189626));
#10049=DIRECTION('',(-1.,-1.110223024625E-16,1.224646799147E-16));
#10050=DIRECTION('',(0.707106781186548,7.67694554258219E-17,0.707106781186548));
#10051=DIRECTION('',(-1.09795353750847E-16,1.,1.22694871165301E-18));
#10052=DIRECTION('',(-1.09795353750847E-16,1.,1.22694871165301E-18));
#10053=DIRECTION('',(-0.577350269189626,0.577350269189625,0.577350269189626));
#10054=DIRECTION('',(-1.66835396066058E-16,0.707106781186548,-0.707106781186548));
#10055=DIRECTION('',(-1.,-1.12249251174153E-16,1.23691628626353E-16));
#10056=DIRECTION('',(-1.,-1.12249251174153E-16,1.23691628626353E-16));
#10057=DIRECTION('',(-1.66835396066058E-16,0.707106781186548,-0.707106781186548));
#10058=DIRECTION('',(-1.,-1.12249251174153E-16,1.23691628626353E-16));
#10059=DIRECTION('',(-1.,-1.12249251174153E-16,1.23691628626353E-16));
#10060=DIRECTION('',(0.577350269189626,0.577350269189625,0.577350269189626));
#10061=DIRECTION('',(-0.577350269189626,0.577350269189625,0.577350269189626));
#10062=DIRECTION('',(0.707106781186548,8.02397904425336E-17,-0.707106781186548));
#10063=DIRECTION('',(-1.12249251174153E-16,1.,1.22694871165301E-18));
#10064=DIRECTION('',(0.577350269189626,-0.577350269189625,0.577350269189626));
#10065=DIRECTION('',(1.110223024625E-16,-1.,6.92712190079319E-45));
#10066=DIRECTION('',(9.82615019770256E-18,0.707106781186548,0.707106781186548));
#10067=DIRECTION('',(-1.,-1.09795353750847E-16,1.23691628626353E-16));
#10068=DIRECTION('',(-0.577350269189626,-0.577350269189625,0.577350269189626));
#10069=DIRECTION('',(-1.,-1.110223024625E-16,1.224646799147E-16));
#10070=DIRECTION('',(0.707106781186548,7.67694554258219E-17,0.707106781186548));
#10071=DIRECTION('',(-1.09795353750847E-16,1.,1.22694871165301E-18));
#10072=DIRECTION('',(-1.09795353750847E-16,1.,1.22694871165301E-18));
#10073=DIRECTION('',(0.707106781186548,8.02397904425336E-17,-0.707106781186548));
#10074=DIRECTION('',(-1.12249251174153E-16,1.,1.22694871165301E-18));
#10075=DIRECTION('',(0.577350269189618,-0.577350269189629,0.57735026918963));
#10076=DIRECTION('',(0.577350269189623,0.577350269189628,0.577350269189626));
#10077=DIRECTION('',(1.110223024625E-16,-1.,6.92712190079319E-45));
#10078=DIRECTION('',(9.82615019770256E-18,0.707106781186548,0.707106781186548));
#10079=DIRECTION('',(-1.,-1.09795353750847E-16,1.23691628626353E-16));
#10080=DIRECTION('',(-0.577350269189626,-0.577350269189625,0.577350269189626));
#10081=DIRECTION('',(-1.,-1.110223024625E-16,1.224646799147E-16));
#10082=DIRECTION('',(0.707106781186548,7.67694554258219E-17,0.707106781186548));
#10083=DIRECTION('',(-1.09795353750847E-16,1.,1.22694871165301E-18));
#10084=DIRECTION('',(-1.09795353750847E-16,1.,1.22694871165301E-18));
#10085=DIRECTION('',(-0.577350269189626,0.577350269189625,0.577350269189626));
#10086=DIRECTION('',(-1.66835396066058E-16,0.707106781186548,-0.707106781186548));
#10087=DIRECTION('',(-1.,-1.12249251174153E-16,1.23691628626353E-16));
#10088=DIRECTION('',(-1.,-1.12249251174153E-16,1.23691628626353E-16));
#10089=DIRECTION('',(-1.66835396066058E-16,0.707106781186548,-0.707106781186548));
#10090=DIRECTION('',(-1.,-1.12249251174153E-16,1.23691628626353E-16));
#10091=DIRECTION('',(-1.,-1.12249251174153E-16,1.23691628626353E-16));
#10092=DIRECTION('',(0.577350269189626,0.577350269189625,0.577350269189626));
#10093=DIRECTION('',(-0.577350269189626,0.577350269189625,0.577350269189626));
#10094=DIRECTION('',(0.707106781186548,8.02397904425336E-17,-0.707106781186548));
#10095=DIRECTION('',(-1.12249251174153E-16,1.,1.22694871165301E-18));
#10096=DIRECTION('',(0.577350269189622,-0.577350269189627,0.577350269189628));
#10097=DIRECTION('',(1.110223024625E-16,-1.,6.92712190079319E-45));
#10098=DIRECTION('',(9.82615019770256E-18,0.707106781186548,0.707106781186548));
#10099=DIRECTION('',(-1.,-1.09795353750847E-16,1.23691628626353E-16));
#10100=DIRECTION('',(-0.577350269189626,-0.577350269189625,0.577350269189626));
#10101=DIRECTION('',(-1.,-1.110223024625E-16,1.224646799147E-16));
#10102=DIRECTION('',(0.707106781186548,7.67694554258219E-17,0.707106781186548));
#10103=DIRECTION('',(-1.09795353750847E-16,1.,1.22694871165301E-18));
#10104=DIRECTION('',(-1.09795353750847E-16,1.,1.22694871165301E-18));
#10105=DIRECTION('',(0.707106781186548,8.02397904425336E-17,-0.707106781186548));
#10106=DIRECTION('',(-1.12249251174153E-16,1.,1.22694871165301E-18));
#10107=DIRECTION('',(0.577350269189624,-0.577350269189626,0.577350269189627));
#10108=DIRECTION('',(0.577350269189626,0.577350269189626,0.577350269189626));
#10109=DIRECTION('',(1.110223024625E-16,-1.,6.92712190079319E-45));
#10110=DIRECTION('',(9.82615019770256E-18,0.707106781186548,0.707106781186548));
#10111=DIRECTION('',(-1.,-1.09795353750847E-16,1.23691628626353E-16));
#10112=DIRECTION('',(-0.577350269189626,-0.577350269189626,0.577350269189626));
#10113=DIRECTION('',(-1.,-1.110223024625E-16,1.224646799147E-16));
#10114=DIRECTION('',(0.707106781186548,7.67694554258219E-17,0.707106781186548));
#10115=DIRECTION('',(-1.09795353750847E-16,1.,1.22694871165301E-18));
#10116=DIRECTION('',(-1.09795353750847E-16,1.,1.22694871165301E-18));
#10117=DIRECTION('',(-0.577350269189624,0.577350269189626,0.577350269189627));
#10118=DIRECTION('',(-1.66835396066058E-16,0.707106781186548,-0.707106781186548));
#10119=DIRECTION('',(-1.,-1.12249251174153E-16,1.23691628626353E-16));
#10120=DIRECTION('',(-1.,-1.12249251174153E-16,1.23691628626353E-16));
#10121=DIRECTION('',(0.707106781186548,7.67694554258219E-17,0.707106781186548));
#10122=DIRECTION('',(-1.09795353750847E-16,1.,1.22694871165301E-18));
#10123=DIRECTION('',(-1.09795353750847E-16,1.,1.22694871165301E-18));
#10124=DIRECTION('',(-0.577350269189626,0.577350269189625,0.577350269189626));
#10125=DIRECTION('',(-0.577350269189626,-0.577350269189625,0.577350269189626));
#10126=DIRECTION('',(-1.66835396066058E-16,0.707106781186548,-0.707106781186548));
#10127=DIRECTION('',(-1.,-1.12249251174153E-16,1.23691628626353E-16));
#10128=DIRECTION('',(-1.,-1.12249251174153E-16,1.23691628626353E-16));
#10129=DIRECTION('',(0.577350269189626,0.577350269189625,0.577350269189626));
#10130=DIRECTION('',(0.707106781186548,8.02397904425336E-17,-0.707106781186548));
#10131=DIRECTION('',(-1.12249251174153E-16,1.,1.22694871165301E-18));
#10132=DIRECTION('',(0.577350269189626,-0.577350269189625,0.577350269189626));
#10133=DIRECTION('',(1.110223024625E-16,-1.,6.92712190079319E-45));
#10134=DIRECTION('',(9.82615019770256E-18,0.707106781186548,0.707106781186548));
#10135=DIRECTION('',(-1.,-1.09795353750847E-16,1.23691628626353E-16));
#10136=DIRECTION('',(-1.,-1.110223024625E-16,1.224646799147E-16));
#10137=DIRECTION('',(-1.66835396066058E-16,0.707106781186548,-0.707106781186548));
#10138=DIRECTION('',(-1.,-1.12249251174153E-16,1.23691628626353E-16));
#10139=DIRECTION('',(-1.,-1.12249251174153E-16,1.23691628626353E-16));
#10140=DIRECTION('',(0.577350269189626,0.577350269189625,0.577350269189627));
#10141=DIRECTION('',(-0.577350269189625,0.577350269189626,0.577350269189627));
#10142=DIRECTION('',(0.707106781186548,8.02397904425336E-17,-0.707106781186548));
#10143=DIRECTION('',(-1.12249251174153E-16,1.,1.22694871165301E-18));
#10144=DIRECTION('',(0.577350269189625,-0.577350269189626,0.577350269189627));
#10145=DIRECTION('',(1.110223024625E-16,-1.,6.92712190079319E-45));
#10146=DIRECTION('',(9.82615019770256E-18,0.707106781186548,0.707106781186548));
#10147=DIRECTION('',(-1.,-1.09795353750847E-16,1.23691628626353E-16));
#10148=DIRECTION('',(-0.577350269189626,-0.577350269189625,0.577350269189627));
#10149=DIRECTION('',(-1.,-1.110223024625E-16,1.224646799147E-16));
#10150=DIRECTION('',(0.707106781186548,7.67694554258219E-17,0.707106781186548));
#10151=DIRECTION('',(-1.09795353750847E-16,1.,1.22694871165301E-18));
#10152=DIRECTION('',(-1.09795353750847E-16,1.,1.22694871165301E-18));
#10153=DIRECTION('',(-0.707106781186548,-7.67694554258218E-17,0.707106781186548));
#10154=DIRECTION('',(-1.09795353750847E-16,1.,-1.22694871165301E-18));
#10155=DIRECTION('',(-0.577350269189629,-0.577350269189625,-0.577350269189623));
#10156=DIRECTION('',(-0.57735026918962,0.577350269189631,-0.577350269189626));
#10157=DIRECTION('',(1.110223024625E-16,-1.,6.92712190079319E-45));
#10158=DIRECTION('',(-6.35581518099079E-18,-0.707106781186548,-0.707106781186548));
#10159=DIRECTION('',(-1.,-1.12249251174153E-16,1.21237731203047E-16));
#10160=DIRECTION('',(0.577350269189629,0.577350269189625,-0.577350269189623));
#10161=DIRECTION('',(-1.,-1.110223024625E-16,1.224646799147E-16));
#10162=DIRECTION('',(-0.707106781186548,-8.02397904425336E-17,-0.707106781186548));
#10163=DIRECTION('',(-1.12249251174153E-16,1.,-1.22694871165301E-18));
#10164=DIRECTION('',(-1.12249251174153E-16,1.,-1.22694871165301E-18));
#10165=DIRECTION('',(0.577350269189628,-0.577350269189627,-0.577350269189622));
#10166=DIRECTION('',(1.63365061049346E-16,-0.707106781186548,0.707106781186548));
#10167=DIRECTION('',(-1.,-1.09795353750847E-16,1.21237731203047E-16));
#10168=DIRECTION('',(-1.,-1.09795353750847E-16,1.21237731203047E-16));
#10169=DIRECTION('',(-0.707106781186548,-8.02397904425336E-17,-0.707106781186548));
#10170=DIRECTION('',(-1.12249251174153E-16,1.,-1.22694871165301E-18));
#10171=DIRECTION('',(-1.12249251174153E-16,1.,-1.22694871165301E-18));
#10172=DIRECTION('',(0.577350269189629,0.577350269189625,-0.577350269189623));
#10173=DIRECTION('',(0.577350269189624,-0.577350269189629,-0.577350269189624));
#10174=DIRECTION('',(1.63365061049346E-16,-0.707106781186548,0.707106781186548));
#10175=DIRECTION('',(-1.,-1.09795353750847E-16,1.21237731203047E-16));
#10176=DIRECTION('',(-1.,-1.09795353750847E-16,1.21237731203047E-16));
#10177=DIRECTION('',(-0.577350269189629,-0.577350269189625,-0.577350269189623));
#10178=DIRECTION('',(-0.707106781186548,-7.67694554258218E-17,0.707106781186548));
#10179=DIRECTION('',(-1.09795353750847E-16,1.,-1.22694871165301E-18));
#10180=DIRECTION('',(-0.577350269189624,0.577350269189629,-0.577350269189624));
#10181=DIRECTION('',(1.110223024625E-16,-1.,6.92712190079319E-45));
#10182=DIRECTION('',(-6.35581518099079E-18,-0.707106781186548,-0.707106781186548));
#10183=DIRECTION('',(-1.,-1.12249251174153E-16,1.21237731203047E-16));
#10184=DIRECTION('',(-1.,-1.110223024625E-16,1.224646799147E-16));
#10185=DIRECTION('',(-6.35581518099079E-18,-0.707106781186548,-0.707106781186548));
#10186=DIRECTION('',(-1.,-1.12249251174153E-16,1.21237731203047E-16));
#10187=DIRECTION('',(-0.577350269189626,0.577350269189628,-0.577350269189623));
#10188=DIRECTION('',(0.577350269189629,0.577350269189625,-0.577350269189623));
#10189=DIRECTION('',(-1.,-1.110223024625E-16,1.224646799147E-16));
#10190=DIRECTION('',(-0.707106781186548,-8.02397904425336E-17,-0.707106781186548));
#10191=DIRECTION('',(-1.12249251174153E-16,1.,-1.22694871165301E-18));
#10192=DIRECTION('',(-1.12249251174153E-16,1.,-1.22694871165301E-18));
#10193=DIRECTION('',(0.577350269189626,-0.577350269189628,-0.577350269189623));
#10194=DIRECTION('',(1.63365061049346E-16,-0.707106781186548,0.707106781186548));
#10195=DIRECTION('',(-1.,-1.09795353750847E-16,1.21237731203047E-16));
#10196=DIRECTION('',(-1.,-1.09795353750847E-16,1.21237731203047E-16));
#10197=DIRECTION('',(-0.577350269189629,-0.577350269189625,-0.577350269189623));
#10198=DIRECTION('',(-0.707106781186548,-7.67694554258218E-17,0.707106781186548));
#10199=DIRECTION('',(-1.09795353750847E-16,1.,-1.22694871165301E-18));
#10200=DIRECTION('',(1.110223024625E-16,-1.,6.92712190079319E-45));
#10201=DIRECTION('',(-0.707106781186548,-8.02397904425336E-17,-0.707106781186548));
#10202=DIRECTION('',(-1.12249251174153E-16,1.,-1.22694871165301E-18));
#10203=DIRECTION('',(-1.12249251174153E-16,1.,-1.22694871165301E-18));
#10204=DIRECTION('',(0.577350269189621,0.577350269189629,-0.577350269189627));
#10205=DIRECTION('',(0.577350269189624,-0.577350269189629,-0.577350269189624));
#10206=DIRECTION('',(1.63365061049346E-16,-0.707106781186548,0.707106781186548));
#10207=DIRECTION('',(-1.,-1.09795353750847E-16,1.21237731203047E-16));
#10208=DIRECTION('',(-1.,-1.09795353750847E-16,1.21237731203047E-16));
#10209=DIRECTION('',(-0.577350269189629,-0.577350269189625,-0.577350269189623));
#10210=DIRECTION('',(-0.707106781186548,-7.67694554258218E-17,0.707106781186548));
#10211=DIRECTION('',(-1.09795353750847E-16,1.,-1.22694871165301E-18));
#10212=DIRECTION('',(-0.577350269189624,0.577350269189629,-0.577350269189624));
#10213=DIRECTION('',(1.110223024625E-16,-1.,6.92712190079319E-45));
#10214=DIRECTION('',(-6.35581518099079E-18,-0.707106781186548,-0.707106781186548));
#10215=DIRECTION('',(-1.,-1.12249251174153E-16,1.21237731203047E-16));
#10216=DIRECTION('',(-1.,-1.110223024625E-16,1.224646799147E-16));
#10217=DIRECTION('',(-6.35581518099079E-18,-0.707106781186548,-0.707106781186548));
#10218=DIRECTION('',(-1.,-1.12249251174153E-16,1.21237731203047E-16));
#10219=DIRECTION('',(-0.577350269189624,0.577350269189629,-0.577350269189624));
#10220=DIRECTION('',(0.577350269189625,0.577350269189627,-0.577350269189625));
#10221=DIRECTION('',(-1.,-1.110223024625E-16,1.224646799147E-16));
#10222=DIRECTION('',(-0.707106781186548,-8.02397904425336E-17,-0.707106781186548));
#10223=DIRECTION('',(-1.12249251174153E-16,1.,-1.22694871165301E-18));
#10224=DIRECTION('',(-1.12249251174153E-16,1.,-1.22694871165301E-18));
#10225=DIRECTION('',(0.577350269189624,-0.577350269189629,-0.577350269189624));
#10226=DIRECTION('',(1.63365061049346E-16,-0.707106781186548,0.707106781186548));
#10227=DIRECTION('',(-1.,-1.09795353750847E-16,1.21237731203047E-16));
#10228=DIRECTION('',(-1.,-1.09795353750847E-16,1.21237731203047E-16));
#10229=DIRECTION('',(-0.577350269189629,-0.577350269189625,-0.577350269189623));
#10230=DIRECTION('',(-0.707106781186548,-7.67694554258218E-17,0.707106781186548));
#10231=DIRECTION('',(-1.09795353750847E-16,1.,-1.22694871165301E-18));
#10232=DIRECTION('',(1.110223024625E-16,-1.,6.92712190079319E-45));
#10233=DIRECTION('',(-0.707106781186548,-8.02397904425336E-17,-0.707106781186548));
#10234=DIRECTION('',(-1.12249251174153E-16,1.,-1.22694871165301E-18));
#10235=DIRECTION('',(-1.12249251174153E-16,1.,-1.22694871165301E-18));
#10236=DIRECTION('',(0.577350269189627,0.577350269189626,-0.577350269189624));
#10237=DIRECTION('',(0.577350269189625,-0.577350269189629,-0.577350269189624));
#10238=DIRECTION('',(1.63365061049346E-16,-0.707106781186548,0.707106781186548));
#10239=DIRECTION('',(-1.,-1.09795353750847E-16,1.21237731203047E-16));
#10240=DIRECTION('',(-1.,-1.09795353750847E-16,1.21237731203047E-16));
#10241=DIRECTION('',(-0.577350269189627,-0.577350269189626,-0.577350269189624));
#10242=DIRECTION('',(-0.707106781186548,-7.67694554258218E-17,0.707106781186548));
#10243=DIRECTION('',(-1.09795353750847E-16,1.,-1.22694871165301E-18));
#10244=DIRECTION('',(-0.577350269189625,0.577350269189629,-0.577350269189624));
#10245=DIRECTION('',(1.110223024625E-16,-1.,6.92712190079319E-45));
#10246=DIRECTION('',(-6.35581518099079E-18,-0.707106781186548,-0.707106781186548));
#10247=DIRECTION('',(-1.,-1.12249251174153E-16,1.21237731203047E-16));
#10248=DIRECTION('',(-1.,-1.110223024625E-16,1.224646799147E-16));
#10249=DIRECTION('',(-0.707106781186548,-7.67694554258218E-17,0.707106781186548));
#10250=DIRECTION('',(-1.09795353750847E-16,1.,-1.22694871165301E-18));
#10251=DIRECTION('',(-0.577350269189629,-0.577350269189625,-0.577350269189623));
#10252=DIRECTION('',(-0.577350269189626,0.577350269189628,-0.577350269189623));
#10253=DIRECTION('',(1.110223024625E-16,-1.,6.92712190079319E-45));
#10254=DIRECTION('',(-6.35581518099079E-18,-0.707106781186548,-0.707106781186548));
#10255=DIRECTION('',(-1.,-1.12249251174153E-16,1.21237731203047E-16));
#10256=DIRECTION('',(0.577350269189629,0.577350269189625,-0.577350269189623));
#10257=DIRECTION('',(-1.,-1.110223024625E-16,1.224646799147E-16));
#10258=DIRECTION('',(-0.707106781186548,-8.02397904425336E-17,-0.707106781186548));
#10259=DIRECTION('',(-1.12249251174153E-16,1.,-1.22694871165301E-18));
#10260=DIRECTION('',(-1.12249251174153E-16,1.,-1.22694871165301E-18));
#10261=DIRECTION('',(0.577350269189626,-0.577350269189628,-0.577350269189623));
#10262=DIRECTION('',(1.63365061049346E-16,-0.707106781186548,0.707106781186548));
#10263=DIRECTION('',(-1.,-1.09795353750847E-16,1.21237731203047E-16));
#10264=DIRECTION('',(-1.,-1.09795353750847E-16,1.21237731203047E-16));
#10265=DIRECTION('',(-6.35581518099079E-18,-0.707106781186548,-0.707106781186548));
#10266=DIRECTION('',(-1.,-1.12249251174153E-16,1.21237731203047E-16));
#10267=DIRECTION('',(-0.577350269189625,0.577350269189628,-0.577350269189624));
#10268=DIRECTION('',(0.577350269189628,0.577350269189625,-0.577350269189624));
#10269=DIRECTION('',(-1.,-1.110223024625E-16,1.224646799147E-16));
#10270=DIRECTION('',(-0.707106781186548,-8.02397904425336E-17,-0.707106781186548));
#10271=DIRECTION('',(-1.12249251174153E-16,1.,-1.22694871165301E-18));
#10272=DIRECTION('',(-1.12249251174153E-16,1.,-1.22694871165301E-18));
#10273=DIRECTION('',(0.577350269189625,-0.577350269189628,-0.577350269189624));
#10274=DIRECTION('',(1.63365061049346E-16,-0.707106781186548,0.707106781186548));
#10275=DIRECTION('',(-1.,-1.09795353750847E-16,1.21237731203047E-16));
#10276=DIRECTION('',(-1.,-1.09795353750847E-16,1.21237731203047E-16));
#10277=DIRECTION('',(-0.577350269189628,-0.577350269189625,-0.577350269189624));
#10278=DIRECTION('',(-0.707106781186548,-7.67694554258218E-17,0.707106781186548));
#10279=DIRECTION('',(-1.09795353750847E-16,1.,-1.22694871165301E-18));
#10280=DIRECTION('',(1.110223024625E-16,-1.,6.92712190079319E-45));
#10281=DIRECTION('',(-1.224646799147E-16,-1.359631073447E-32,-1.));
#10282=DIRECTION('',(1.110223024625E-16,-1.,6.92712190079319E-45));
#10283=DIRECTION('',(-1.224646799147E-16,-1.359631073447E-32,-1.));
#10284=DIRECTION('',(1.110223024625E-16,-1.,6.92712190079319E-45));
#10285=DIRECTION('',(-1.224646799147E-16,-1.359631073447E-32,-1.));
#10286=DIRECTION('',(1.110223024625E-16,-1.,6.92712190079319E-45));
#10287=DIRECTION('',(-1.224646799147E-16,-1.359631073447E-32,-1.));
#10288=DIRECTION('',(1.110223024625E-16,-1.,6.92712190079319E-45));
#10289=DIRECTION('',(-1.224646799147E-16,-1.359631073447E-32,-1.));
#10290=DIRECTION('',(1.110223024625E-16,-1.,6.92712190079319E-45));
#10291=DIRECTION('',(-1.224646799147E-16,-1.359631073447E-32,-1.));
#10292=DIRECTION('',(1.110223024625E-16,-1.,6.92712190079319E-45));
#10293=DIRECTION('',(-1.224646799147E-16,-1.359631073447E-32,-1.));
#10294=DIRECTION('',(1.110223024625E-16,-1.,6.92712190079319E-45));
#10295=DIRECTION('',(-1.224646799147E-16,-1.359631073447E-32,-1.));
#10296=DIRECTION('',(1.110223024625E-16,-1.,6.92712190079319E-45));
#10297=DIRECTION('',(-1.224646799147E-16,-1.359631073447E-32,-1.));
#10298=DIRECTION('',(1.110223024625E-16,-1.,6.92712190079319E-45));
#10299=DIRECTION('',(-1.224646799147E-16,-1.359631073447E-32,-1.));
#10300=DIRECTION('',(1.110223024625E-16,-1.,6.92712190079319E-45));
#10301=DIRECTION('',(-1.224646799147E-16,-1.359631073447E-32,-1.));
#10302=DIRECTION('',(1.110223024625E-16,-1.,6.92712190079319E-45));
#10303=DIRECTION('',(-1.224646799147E-16,-1.359631073447E-32,-1.));
#10304=DIRECTION('',(1.110223024625E-16,-1.,6.92712190079319E-45));
#10305=DIRECTION('',(-1.224646799147E-16,-1.359631073447E-32,-1.));
#10306=DIRECTION('',(1.110223024625E-16,-1.,6.92712190079319E-45));
#10307=DIRECTION('',(-1.224646799147E-16,-1.359631073447E-32,-1.));
#10308=DIRECTION('',(1.110223024625E-16,-1.,6.92712190079319E-45));
#10309=DIRECTION('',(-1.224646799147E-16,-1.359631073447E-32,-1.));
#10310=DIRECTION('',(1.110223024625E-16,-1.,6.92712190079319E-45));
#10311=DIRECTION('',(-1.224646799147E-16,-1.359631073447E-32,-1.));
#10312=DIRECTION('',(1.110223024625E-16,-1.,6.92712190079319E-45));
#10313=DIRECTION('',(0.,0.,1.));
#10314=DIRECTION('',(1.,0.,0.));
#10315=DIRECTION('',(1.,0.,0.));
#10316=DIRECTION('',(0.,9.92044604925E-16,1.));
#10317=DIRECTION('',(1.,0.,0.));
#10318=DIRECTION('',(0.,0.,-1.));
#10319=DIRECTION('',(1.,0.,0.));
#10320=DIRECTION('',(0.,0.,-1.));
#10321=DIRECTION('',(1.,0.,0.));
#10322=DIRECTION('',(0.,1.002044604925E-15,1.));
#10323=DIRECTION('',(1.,0.,0.));
#10324=DIRECTION('',(0.,0.,-1.));
#10325=DIRECTION('',(1.,0.,0.));
#10326=DIRECTION('',(0.,9.92044604925E-16,1.));
#10327=DIRECTION('',(1.,0.,0.));
#10328=DIRECTION('',(0.,0.,-1.));
#10329=DIRECTION('',(1.,0.,0.));
#10330=DIRECTION('',(0.,1.002044604925E-15,1.));
#10331=DIRECTION('',(1.,0.,0.));
#10332=DIRECTION('',(0.,0.,-1.));
#10333=DIRECTION('',(1.,0.,0.));
#10334=DIRECTION('',(0.,1.002044604925E-15,1.));
#10335=DIRECTION('',(-1.,0.,0.));
#10336=DIRECTION('',(0.,0.,1.));
#10337=DIRECTION('',(-1.,0.,0.));
#10338=DIRECTION('',(0.,1.002044604925E-15,1.));
#10339=DIRECTION('',(-1.,0.,0.));
#10340=DIRECTION('',(0.,0.,1.));
#10341=DIRECTION('',(-1.,0.,0.));
#10342=DIRECTION('',(0.,1.002044604925E-15,1.));
#10343=DIRECTION('',(-1.,0.,0.));
#10344=DIRECTION('',(0.,0.,1.));
#10345=DIRECTION('',(1.,0.,0.));
#10346=DIRECTION('',(0.,1.002044604925E-15,1.));
#10347=DIRECTION('',(1.,0.,0.));
#10348=DIRECTION('',(0.,1.002044604925E-15,1.));
#10349=DIRECTION('',(0.,0.,1.));
#10350=DIRECTION('',(1.,0.,0.));
#10351=DIRECTION('',(0.,2.2E-16,1.));
#10352=DIRECTION('',(1.,0.,0.));
#10353=DIRECTION('',(1.22464679914735E-16,-2.2E-16,-1.));
#10354=DIRECTION('',(0.,1.,-2.2E-16));
#10355=DIRECTION('',(0.,2.2E-16,1.));
#10356=DIRECTION('',(0.,-1.,2.2E-16));
#10357=DIRECTION('',(0.,1.,-2.2E-16));
#10358=DIRECTION('',(1.,0.,0.));
#10359=DIRECTION('',(-1.,-4.04133443718627E-32,-1.83697019872103E-16));
#10360=DIRECTION('',(-1.83697019872103E-16,0.,1.));
#10361=DIRECTION('',(1.,0.,0.));
#10362=DIRECTION('',(0.,-2.2E-16,-1.));
#10363=DIRECTION('',(-1.,-4.04133443718627E-32,-1.83697019872103E-16));
#10364=DIRECTION('',(-1.83697019872103E-16,0.,1.));
#10365=DIRECTION('',(0.,1.,-2.2E-16));
#10366=DIRECTION('',(1.,0.,0.));
#10367=DIRECTION('',(0.,2.2E-16,1.));
#10368=DIRECTION('',(0.,-1.,2.2E-16));
#10369=DIRECTION('',(0.,-2.2E-16,-1.));
#10370=DIRECTION('',(-1.,0.,0.));
#10371=DIRECTION('',(0.,-2.2E-16,-1.));
#10372=DIRECTION('',(0.,1.,-2.2E-16));
#10373=DIRECTION('',(0.,0.,-1.));
#10374=DIRECTION('',(-1.,0.,0.));
#10375=DIRECTION('',(0.,0.,1.));
#10376=DIRECTION('',(1.,0.,0.));
#10377=DIRECTION('',(0.,0.,1.));
#10378=DIRECTION('',(1.,0.,0.));
#10379=DIRECTION('',(0.,2.2E-16,1.));
#10380=DIRECTION('',(1.,0.,0.));
#10381=DIRECTION('',(1.22464679914735E-16,-2.2E-16,-1.));
#10382=DIRECTION('',(0.,1.,-2.2E-16));
#10383=DIRECTION('',(0.,2.2E-16,1.));
#10384=DIRECTION('',(0.,-1.,2.2E-16));
#10385=DIRECTION('',(0.,1.,-2.2E-16));
#10386=DIRECTION('',(1.,0.,0.));
#10387=DIRECTION('',(-1.,-4.04133443718627E-32,-1.83697019872103E-16));
#10388=DIRECTION('',(-1.83697019872103E-16,0.,1.));
#10389=DIRECTION('',(1.,0.,0.));
#10390=DIRECTION('',(0.,-2.2E-16,-1.));
#10391=DIRECTION('',(-1.,-4.04133443718627E-32,-1.83697019872103E-16));
#10392=DIRECTION('',(-1.83697019872103E-16,0.,1.));
#10393=DIRECTION('',(0.,1.,-2.2E-16));
#10394=DIRECTION('',(1.,0.,0.));
#10395=DIRECTION('',(0.,2.2E-16,1.));
#10396=DIRECTION('',(0.,-1.,2.2E-16));
#10397=DIRECTION('',(0.,-2.2E-16,-1.));
#10398=DIRECTION('',(-1.,0.,0.));
#10399=DIRECTION('',(0.,-2.2E-16,-1.));
#10400=DIRECTION('',(0.,1.,-2.2E-16));
#10401=DIRECTION('',(0.,0.,-1.));
#10402=DIRECTION('',(-1.,0.,0.));
#10403=DIRECTION('',(0.,0.,1.));
#10404=DIRECTION('',(1.,0.,0.));
#10405=DIRECTION('',(0.,0.,1.));
#10406=DIRECTION('',(1.,0.,0.));
#10407=DIRECTION('',(1.,0.,0.));
#10408=DIRECTION('',(0.,9.92044604925E-16,1.));
#10409=DIRECTION('',(1.,0.,0.));
#10410=DIRECTION('',(0.,0.,-1.));
#10411=DIRECTION('',(1.,0.,0.));
#10412=DIRECTION('',(0.,0.,-1.));
#10413=DIRECTION('',(1.,0.,0.));
#10414=DIRECTION('',(0.,1.002044604925E-15,1.));
#10415=DIRECTION('',(1.,0.,0.));
#10416=DIRECTION('',(0.,0.,-1.));
#10417=DIRECTION('',(1.,0.,0.));
#10418=DIRECTION('',(0.,9.92044604925E-16,1.));
#10419=DIRECTION('',(1.,0.,0.));
#10420=DIRECTION('',(0.,0.,-1.));
#10421=DIRECTION('',(1.,0.,0.));
#10422=DIRECTION('',(0.,1.002044604925E-15,1.));
#10423=DIRECTION('',(1.,0.,0.));
#10424=DIRECTION('',(0.,0.,-1.));
#10425=DIRECTION('',(1.,0.,0.));
#10426=DIRECTION('',(0.,1.002044604925E-15,1.));
#10427=DIRECTION('',(-1.,0.,0.));
#10428=DIRECTION('',(0.,0.,1.));
#10429=DIRECTION('',(-1.,0.,0.));
#10430=DIRECTION('',(0.,1.002044604925E-15,1.));
#10431=DIRECTION('',(-1.,0.,0.));
#10432=DIRECTION('',(0.,0.,1.));
#10433=DIRECTION('',(-1.,0.,0.));
#10434=DIRECTION('',(0.,1.002044604925E-15,1.));
#10435=DIRECTION('',(-1.,0.,0.));
#10436=DIRECTION('',(0.,0.,1.));
#10437=DIRECTION('',(1.,0.,0.));
#10438=DIRECTION('',(0.,1.002044604925E-15,1.));
#10439=DIRECTION('',(1.,0.,0.));
#10440=DIRECTION('',(0.,1.002044604925E-15,1.));
#10441=DIRECTION('',(0.,0.,1.));
#10442=DIRECTION('',(1.,0.,0.));
#10443=DIRECTION('',(0.,2.2E-16,1.));
#10444=DIRECTION('',(1.,0.,0.));
#10445=DIRECTION('',(1.22464679914735E-16,-2.2E-16,-1.));
#10446=DIRECTION('',(0.,1.,-2.2E-16));
#10447=DIRECTION('',(0.,2.2E-16,1.));
#10448=DIRECTION('',(0.,-1.,2.2E-16));
#10449=DIRECTION('',(0.,1.,-2.2E-16));
#10450=DIRECTION('',(1.,0.,0.));
#10451=DIRECTION('',(-1.,-4.04133443718627E-32,-1.83697019872103E-16));
#10452=DIRECTION('',(-1.83697019872103E-16,0.,1.));
#10453=DIRECTION('',(1.,0.,0.));
#10454=DIRECTION('',(0.,-2.2E-16,-1.));
#10455=DIRECTION('',(-1.,-4.04133443718627E-32,-1.83697019872103E-16));
#10456=DIRECTION('',(-1.83697019872103E-16,0.,1.));
#10457=DIRECTION('',(0.,1.,-2.2E-16));
#10458=DIRECTION('',(1.,0.,0.));
#10459=DIRECTION('',(0.,2.2E-16,1.));
#10460=DIRECTION('',(0.,-1.,2.2E-16));
#10461=DIRECTION('',(0.,-2.2E-16,-1.));
#10462=DIRECTION('',(-1.,0.,0.));
#10463=DIRECTION('',(0.,-2.2E-16,-1.));
#10464=DIRECTION('',(0.,1.,-2.2E-16));
#10465=DIRECTION('',(0.,0.,-1.));
#10466=DIRECTION('',(-1.,0.,0.));
#10467=DIRECTION('',(0.,0.,1.));
#10468=DIRECTION('',(1.,0.,0.));
#10469=DIRECTION('',(0.,0.,1.));
#10470=DIRECTION('',(1.,0.,0.));
#10471=DIRECTION('',(1.,0.,0.));
#10472=DIRECTION('',(0.,9.92044604925E-16,1.));
#10473=DIRECTION('',(1.,0.,0.));
#10474=DIRECTION('',(0.,0.,-1.));
#10475=DIRECTION('',(1.,0.,0.));
#10476=DIRECTION('',(0.,0.,-1.));
#10477=DIRECTION('',(1.,0.,0.));
#10478=DIRECTION('',(0.,1.002044604925E-15,1.));
#10479=DIRECTION('',(1.,0.,0.));
#10480=DIRECTION('',(0.,0.,-1.));
#10481=DIRECTION('',(1.,0.,0.));
#10482=DIRECTION('',(0.,9.92044604925E-16,1.));
#10483=DIRECTION('',(1.,0.,0.));
#10484=DIRECTION('',(0.,0.,-1.));
#10485=DIRECTION('',(1.,0.,0.));
#10486=DIRECTION('',(0.,1.002044604925E-15,1.));
#10487=DIRECTION('',(1.,0.,0.));
#10488=DIRECTION('',(0.,0.,-1.));
#10489=DIRECTION('',(1.,0.,0.));
#10490=DIRECTION('',(0.,1.002044604925E-15,1.));
#10491=DIRECTION('',(-1.,0.,0.));
#10492=DIRECTION('',(0.,0.,1.));
#10493=DIRECTION('',(-1.,0.,0.));
#10494=DIRECTION('',(0.,1.002044604925E-15,1.));
#10495=DIRECTION('',(-1.,0.,0.));
#10496=DIRECTION('',(0.,0.,1.));
#10497=DIRECTION('',(-1.,0.,0.));
#10498=DIRECTION('',(0.,1.002044604925E-15,1.));
#10499=DIRECTION('',(-1.,0.,0.));
#10500=DIRECTION('',(0.,0.,1.));
#10501=DIRECTION('',(1.,0.,0.));
#10502=DIRECTION('',(0.,1.002044604925E-15,1.));
#10503=DIRECTION('',(1.,0.,0.));
#10504=DIRECTION('',(0.,1.002044604925E-15,1.));
#10505=DIRECTION('',(0.,0.,1.));
#10506=DIRECTION('',(1.,0.,0.));
#10507=DIRECTION('',(0.,2.2E-16,1.));
#10508=DIRECTION('',(1.,0.,0.));
#10509=DIRECTION('',(1.22464679914735E-16,-2.2E-16,-1.));
#10510=DIRECTION('',(0.,1.,-2.2E-16));
#10511=DIRECTION('',(0.,2.2E-16,1.));
#10512=DIRECTION('',(0.,-1.,2.2E-16));
#10513=DIRECTION('',(0.,1.,-2.2E-16));
#10514=DIRECTION('',(1.,0.,0.));
#10515=DIRECTION('',(-1.,-4.04133443718627E-32,-1.83697019872103E-16));
#10516=DIRECTION('',(-1.83697019872103E-16,0.,1.));
#10517=DIRECTION('',(1.,0.,0.));
#10518=DIRECTION('',(0.,-2.2E-16,-1.));
#10519=DIRECTION('',(-1.,-4.04133443718627E-32,-1.83697019872103E-16));
#10520=DIRECTION('',(-1.83697019872103E-16,0.,1.));
#10521=DIRECTION('',(0.,1.,-2.2E-16));
#10522=DIRECTION('',(1.,0.,0.));
#10523=DIRECTION('',(0.,2.2E-16,1.));
#10524=DIRECTION('',(0.,-1.,2.2E-16));
#10525=DIRECTION('',(0.,-2.2E-16,-1.));
#10526=DIRECTION('',(-1.,0.,0.));
#10527=DIRECTION('',(0.,-2.2E-16,-1.));
#10528=DIRECTION('',(0.,1.,-2.2E-16));
#10529=DIRECTION('',(0.,0.,-1.));
#10530=DIRECTION('',(-1.,0.,0.));
#10531=DIRECTION('',(0.,0.,1.));
#10532=DIRECTION('',(1.,0.,0.));
#10533=DIRECTION('',(0.,0.,1.));
#10534=DIRECTION('',(1.,0.,0.));
#10535=DIRECTION('',(0.,2.2E-16,1.));
#10536=DIRECTION('',(1.,0.,0.));
#10537=DIRECTION('',(1.22464679914735E-16,-2.2E-16,-1.));
#10538=DIRECTION('',(0.,1.,-2.2E-16));
#10539=DIRECTION('',(0.,2.2E-16,1.));
#10540=DIRECTION('',(0.,-1.,2.2E-16));
#10541=DIRECTION('',(0.,1.,-2.2E-16));
#10542=DIRECTION('',(1.,0.,0.));
#10543=DIRECTION('',(-1.,-4.04133443718627E-32,-1.83697019872103E-16));
#10544=DIRECTION('',(-1.83697019872103E-16,0.,1.));
#10545=DIRECTION('',(1.,0.,0.));
#10546=DIRECTION('',(0.,-2.2E-16,-1.));
#10547=DIRECTION('',(-1.,-4.04133443718627E-32,-1.83697019872103E-16));
#10548=DIRECTION('',(-1.83697019872103E-16,0.,1.));
#10549=DIRECTION('',(0.,1.,-2.2E-16));
#10550=DIRECTION('',(1.,0.,0.));
#10551=DIRECTION('',(0.,2.2E-16,1.));
#10552=DIRECTION('',(0.,-1.,2.2E-16));
#10553=DIRECTION('',(0.,-2.2E-16,-1.));
#10554=DIRECTION('',(-1.,0.,0.));
#10555=DIRECTION('',(0.,-2.2E-16,-1.));
#10556=DIRECTION('',(0.,1.,-2.2E-16));
#10557=DIRECTION('',(0.,0.,-1.));
#10558=DIRECTION('',(-1.,0.,0.));
#10559=DIRECTION('',(0.,0.,1.));
#10560=DIRECTION('',(1.,0.,0.));
#10561=DIRECTION('',(0.,0.,1.));
#10562=DIRECTION('',(1.,0.,0.));
#10563=DIRECTION('',(1.,0.,0.));
#10564=DIRECTION('',(0.,9.92044604925E-16,1.));
#10565=DIRECTION('',(1.,0.,0.));
#10566=DIRECTION('',(0.,0.,-1.));
#10567=DIRECTION('',(1.,0.,0.));
#10568=DIRECTION('',(0.,0.,-1.));
#10569=DIRECTION('',(1.,0.,0.));
#10570=DIRECTION('',(0.,1.002044604925E-15,1.));
#10571=DIRECTION('',(1.,0.,0.));
#10572=DIRECTION('',(0.,0.,-1.));
#10573=DIRECTION('',(1.,0.,0.));
#10574=DIRECTION('',(0.,9.92044604925E-16,1.));
#10575=DIRECTION('',(1.,0.,0.));
#10576=DIRECTION('',(0.,0.,-1.));
#10577=DIRECTION('',(1.,0.,0.));
#10578=DIRECTION('',(0.,1.002044604925E-15,1.));
#10579=DIRECTION('',(1.,0.,0.));
#10580=DIRECTION('',(0.,0.,-1.));
#10581=DIRECTION('',(1.,0.,0.));
#10582=DIRECTION('',(0.,1.002044604925E-15,1.));
#10583=DIRECTION('',(-1.,0.,0.));
#10584=DIRECTION('',(0.,0.,1.));
#10585=DIRECTION('',(-1.,0.,0.));
#10586=DIRECTION('',(0.,1.002044604925E-15,1.));
#10587=DIRECTION('',(-1.,0.,0.));
#10588=DIRECTION('',(0.,0.,1.));
#10589=DIRECTION('',(-1.,0.,0.));
#10590=DIRECTION('',(0.,1.002044604925E-15,1.));
#10591=DIRECTION('',(-1.,0.,0.));
#10592=DIRECTION('',(0.,0.,1.));
#10593=DIRECTION('',(1.,0.,0.));
#10594=DIRECTION('',(0.,1.002044604925E-15,1.));
#10595=DIRECTION('',(1.,0.,0.));
#10596=DIRECTION('',(0.,1.002044604925E-15,1.));
#10597=DIRECTION('',(0.,0.,1.));
#10598=DIRECTION('',(1.,0.,0.));
#10599=DIRECTION('',(0.,2.2E-16,1.));
#10600=DIRECTION('',(1.,0.,0.));
#10601=DIRECTION('',(1.22464679914735E-16,-2.2E-16,-1.));
#10602=DIRECTION('',(0.,1.,-2.2E-16));
#10603=DIRECTION('',(0.,2.2E-16,1.));
#10604=DIRECTION('',(0.,-1.,2.2E-16));
#10605=DIRECTION('',(0.,1.,-2.2E-16));
#10606=DIRECTION('',(1.,0.,0.));
#10607=DIRECTION('',(-1.,-4.04133443718627E-32,-1.83697019872103E-16));
#10608=DIRECTION('',(-1.83697019872103E-16,0.,1.));
#10609=DIRECTION('',(1.,0.,0.));
#10610=DIRECTION('',(0.,-2.2E-16,-1.));
#10611=DIRECTION('',(-1.,-4.04133443718627E-32,-1.83697019872103E-16));
#10612=DIRECTION('',(-1.83697019872103E-16,0.,1.));
#10613=DIRECTION('',(0.,1.,-2.2E-16));
#10614=DIRECTION('',(1.,0.,0.));
#10615=DIRECTION('',(0.,2.2E-16,1.));
#10616=DIRECTION('',(0.,-1.,2.2E-16));
#10617=DIRECTION('',(0.,-2.2E-16,-1.));
#10618=DIRECTION('',(-1.,0.,0.));
#10619=DIRECTION('',(0.,-2.2E-16,-1.));
#10620=DIRECTION('',(0.,1.,-2.2E-16));
#10621=DIRECTION('',(0.,0.,-1.));
#10622=DIRECTION('',(-1.,0.,0.));
#10623=DIRECTION('',(0.,0.,1.));
#10624=DIRECTION('',(1.,0.,0.));
#10625=DIRECTION('',(0.,0.,1.));
#10626=DIRECTION('',(1.,0.,0.));
#10627=DIRECTION('',(1.,0.,0.));
#10628=DIRECTION('',(0.,9.92044604925E-16,1.));
#10629=DIRECTION('',(1.,0.,0.));
#10630=DIRECTION('',(0.,0.,-1.));
#10631=DIRECTION('',(1.,0.,0.));
#10632=DIRECTION('',(0.,0.,-1.));
#10633=DIRECTION('',(1.,0.,0.));
#10634=DIRECTION('',(0.,1.002044604925E-15,1.));
#10635=DIRECTION('',(1.,0.,0.));
#10636=DIRECTION('',(0.,0.,-1.));
#10637=DIRECTION('',(1.,0.,0.));
#10638=DIRECTION('',(0.,9.92044604925E-16,1.));
#10639=DIRECTION('',(1.,0.,0.));
#10640=DIRECTION('',(0.,0.,-1.));
#10641=DIRECTION('',(1.,0.,0.));
#10642=DIRECTION('',(0.,1.002044604925E-15,1.));
#10643=DIRECTION('',(1.,0.,0.));
#10644=DIRECTION('',(0.,0.,-1.));
#10645=DIRECTION('',(1.,0.,0.));
#10646=DIRECTION('',(0.,1.002044604925E-15,1.));
#10647=DIRECTION('',(-1.,0.,0.));
#10648=DIRECTION('',(0.,0.,1.));
#10649=DIRECTION('',(-1.,0.,0.));
#10650=DIRECTION('',(0.,1.002044604925E-15,1.));
#10651=DIRECTION('',(-1.,0.,0.));
#10652=DIRECTION('',(0.,0.,1.));
#10653=DIRECTION('',(-1.,0.,0.));
#10654=DIRECTION('',(0.,1.002044604925E-15,1.));
#10655=DIRECTION('',(-1.,0.,0.));
#10656=DIRECTION('',(0.,0.,1.));
#10657=DIRECTION('',(1.,0.,0.));
#10658=DIRECTION('',(0.,1.002044604925E-15,1.));
#10659=DIRECTION('',(1.,0.,0.));
#10660=DIRECTION('',(0.,1.002044604925E-15,1.));
#10661=DIRECTION('',(0.,0.,1.));
#10662=DIRECTION('',(1.,0.,0.));
#10663=DIRECTION('',(1.,0.,0.));
#10664=DIRECTION('',(0.,9.92044604925E-16,1.));
#10665=DIRECTION('',(1.,0.,0.));
#10666=DIRECTION('',(0.,0.,-1.));
#10667=DIRECTION('',(1.,0.,0.));
#10668=DIRECTION('',(0.,0.,-1.));
#10669=DIRECTION('',(1.,0.,0.));
#10670=DIRECTION('',(0.,1.002044604925E-15,1.));
#10671=DIRECTION('',(1.,0.,0.));
#10672=DIRECTION('',(0.,0.,-1.));
#10673=DIRECTION('',(1.,0.,0.));
#10674=DIRECTION('',(0.,9.92044604925E-16,1.));
#10675=DIRECTION('',(1.,0.,0.));
#10676=DIRECTION('',(0.,0.,-1.));
#10677=DIRECTION('',(1.,0.,0.));
#10678=DIRECTION('',(0.,1.002044604925E-15,1.));
#10679=DIRECTION('',(1.,0.,0.));
#10680=DIRECTION('',(0.,0.,-1.));
#10681=DIRECTION('',(1.,0.,0.));
#10682=DIRECTION('',(0.,1.002044604925E-15,1.));
#10683=DIRECTION('',(-1.,0.,0.));
#10684=DIRECTION('',(0.,0.,1.));
#10685=DIRECTION('',(-1.,0.,0.));
#10686=DIRECTION('',(0.,1.002044604925E-15,1.));
#10687=DIRECTION('',(-1.,0.,0.));
#10688=DIRECTION('',(0.,0.,1.));
#10689=DIRECTION('',(-1.,0.,0.));
#10690=DIRECTION('',(0.,1.002044604925E-15,1.));
#10691=DIRECTION('',(-1.,0.,0.));
#10692=DIRECTION('',(0.,0.,1.));
#10693=DIRECTION('',(1.,0.,0.));
#10694=DIRECTION('',(0.,1.002044604925E-15,1.));
#10695=DIRECTION('',(1.,0.,0.));
#10696=DIRECTION('',(0.,1.002044604925E-15,1.));
#10697=DIRECTION('',(0.,0.,1.));
#10698=DIRECTION('',(1.,0.,0.));
#10699=DIRECTION('',(0.,2.2E-16,1.));
#10700=DIRECTION('',(1.,0.,0.));
#10701=DIRECTION('',(1.22464679914735E-16,-2.2E-16,-1.));
#10702=DIRECTION('',(0.,1.,-2.2E-16));
#10703=DIRECTION('',(0.,2.2E-16,1.));
#10704=DIRECTION('',(0.,-1.,2.2E-16));
#10705=DIRECTION('',(0.,1.,-2.2E-16));
#10706=DIRECTION('',(1.,0.,0.));
#10707=DIRECTION('',(-1.,-4.04133443718627E-32,-1.83697019872103E-16));
#10708=DIRECTION('',(-1.83697019872103E-16,0.,1.));
#10709=DIRECTION('',(1.,0.,0.));
#10710=DIRECTION('',(0.,-2.2E-16,-1.));
#10711=DIRECTION('',(-1.,-4.04133443718627E-32,-1.83697019872103E-16));
#10712=DIRECTION('',(-1.83697019872103E-16,0.,1.));
#10713=DIRECTION('',(0.,1.,-2.2E-16));
#10714=DIRECTION('',(1.,0.,0.));
#10715=DIRECTION('',(0.,2.2E-16,1.));
#10716=DIRECTION('',(0.,-1.,2.2E-16));
#10717=DIRECTION('',(0.,-2.2E-16,-1.));
#10718=DIRECTION('',(-1.,0.,0.));
#10719=DIRECTION('',(0.,-2.2E-16,-1.));
#10720=DIRECTION('',(0.,1.,-2.2E-16));
#10721=DIRECTION('',(0.,0.,-1.));
#10722=DIRECTION('',(-1.,0.,0.));
#10723=DIRECTION('',(0.,0.,1.));
#10724=DIRECTION('',(1.,0.,0.));
#10725=DIRECTION('',(0.,0.,1.));
#10726=DIRECTION('',(1.,0.,0.));
#10727=DIRECTION('',(1.,0.,0.));
#10728=DIRECTION('',(0.,9.92044604925E-16,1.));
#10729=DIRECTION('',(1.,0.,0.));
#10730=DIRECTION('',(0.,0.,-1.));
#10731=DIRECTION('',(1.,0.,0.));
#10732=DIRECTION('',(0.,0.,-1.));
#10733=DIRECTION('',(1.,0.,0.));
#10734=DIRECTION('',(0.,1.002044604925E-15,1.));
#10735=DIRECTION('',(1.,0.,0.));
#10736=DIRECTION('',(0.,0.,-1.));
#10737=DIRECTION('',(1.,0.,0.));
#10738=DIRECTION('',(0.,9.92044604925E-16,1.));
#10739=DIRECTION('',(1.,0.,0.));
#10740=DIRECTION('',(0.,0.,-1.));
#10741=DIRECTION('',(1.,0.,0.));
#10742=DIRECTION('',(0.,1.002044604925E-15,1.));
#10743=DIRECTION('',(1.,0.,0.));
#10744=DIRECTION('',(0.,0.,-1.));
#10745=DIRECTION('',(1.,0.,0.));
#10746=DIRECTION('',(0.,1.002044604925E-15,1.));
#10747=DIRECTION('',(-1.,0.,0.));
#10748=DIRECTION('',(0.,0.,1.));
#10749=DIRECTION('',(-1.,0.,0.));
#10750=DIRECTION('',(0.,1.002044604925E-15,1.));
#10751=DIRECTION('',(-1.,0.,0.));
#10752=DIRECTION('',(0.,0.,1.));
#10753=DIRECTION('',(-1.,0.,0.));
#10754=DIRECTION('',(0.,1.002044604925E-15,1.));
#10755=DIRECTION('',(-1.,0.,0.));
#10756=DIRECTION('',(0.,0.,1.));
#10757=DIRECTION('',(1.,0.,0.));
#10758=DIRECTION('',(0.,1.002044604925E-15,1.));
#10759=DIRECTION('',(1.,0.,0.));
#10760=DIRECTION('',(0.,1.002044604925E-15,1.));
#10761=DIRECTION('',(0.,0.,1.));
#10762=DIRECTION('',(1.,0.,0.));
#10763=DIRECTION('',(1.,0.,0.));
#10764=DIRECTION('',(0.,9.92044604925E-16,1.));
#10765=DIRECTION('',(1.,0.,0.));
#10766=DIRECTION('',(0.,0.,-1.));
#10767=DIRECTION('',(1.,0.,0.));
#10768=DIRECTION('',(0.,0.,-1.));
#10769=DIRECTION('',(1.,0.,0.));
#10770=DIRECTION('',(0.,1.002044604925E-15,1.));
#10771=DIRECTION('',(1.,0.,0.));
#10772=DIRECTION('',(0.,0.,-1.));
#10773=DIRECTION('',(1.,0.,0.));
#10774=DIRECTION('',(0.,9.92044604925E-16,1.));
#10775=DIRECTION('',(1.,0.,0.));
#10776=DIRECTION('',(0.,0.,-1.));
#10777=DIRECTION('',(1.,0.,0.));
#10778=DIRECTION('',(0.,1.002044604925E-15,1.));
#10779=DIRECTION('',(1.,0.,0.));
#10780=DIRECTION('',(0.,0.,-1.));
#10781=DIRECTION('',(1.,0.,0.));
#10782=DIRECTION('',(0.,1.002044604925E-15,1.));
#10783=DIRECTION('',(-1.,0.,0.));
#10784=DIRECTION('',(0.,0.,1.));
#10785=DIRECTION('',(-1.,0.,0.));
#10786=DIRECTION('',(0.,1.002044604925E-15,1.));
#10787=DIRECTION('',(-1.,0.,0.));
#10788=DIRECTION('',(0.,0.,1.));
#10789=DIRECTION('',(-1.,0.,0.));
#10790=DIRECTION('',(0.,1.002044604925E-15,1.));
#10791=DIRECTION('',(-1.,0.,0.));
#10792=DIRECTION('',(0.,0.,1.));
#10793=DIRECTION('',(1.,0.,0.));
#10794=DIRECTION('',(0.,1.002044604925E-15,1.));
#10795=DIRECTION('',(1.,0.,0.));
#10796=DIRECTION('',(0.,1.002044604925E-15,1.));
#10797=CARTESIAN_POINT('',(0.,0.,0.));
#10798=CARTESIAN_POINT('',(0.116,-0.0325,0.001625));
#10799=CARTESIAN_POINT('',(0.116,-0.0325,0.009643518518519));
#10800=CARTESIAN_POINT('',(0.122,-0.0325,0.009643518518519));
#10801=CARTESIAN_POINT('',(0.116,-0.0325,0.001925));
#10802=CARTESIAN_POINT('',(0.11,-0.0325,0.001925));
#10803=CARTESIAN_POINT('',(0.116,-0.0325,0.001925));
#10804=CARTESIAN_POINT('',(0.116,-0.0325,0.001625));
#10805=CARTESIAN_POINT('',(0.1103,-0.0325,0.001625));
#10806=CARTESIAN_POINT('',(0.116,-0.0325,0.009643518518519));
#10807=CARTESIAN_POINT('',(0.116,-0.0325,0.011125));
#10808=CARTESIAN_POINT('',(0.120518518518519,-0.0325,0.011125));
#10809=CARTESIAN_POINT('',(0.116,-0.0325,0.001625));
#10810=CARTESIAN_POINT('',(0.1122,-0.0325,0.001625));
#10811=CARTESIAN_POINT('',(0.11265,-0.0325,0.001625));
#10812=CARTESIAN_POINT('',(0.1198,-0.0325,0.001625));
#10813=CARTESIAN_POINT('',(0.12025,-0.0325,0.001625));
#10814=CARTESIAN_POINT('',(0.116,-0.0325,0.011125));
#10815=CARTESIAN_POINT('',(0.116,-0.0325,0.011125));
#10816=CARTESIAN_POINT('',(0.115,-0.0325,0.011125));
#10817=CARTESIAN_POINT('',(0.1122,-0.0325,0.002625));
#10818=CARTESIAN_POINT('',(0.1122,-0.0325,-0.001225));
#10819=CARTESIAN_POINT('',(0.11265,-0.0325,-0.001225));
#10820=CARTESIAN_POINT('',(0.1198,-0.0325,0.002625));
#10821=CARTESIAN_POINT('',(0.1198,-0.0325,-0.001225));
#10822=CARTESIAN_POINT('',(0.12025,-0.0325,-0.001225));
#10823=CARTESIAN_POINT('',(0.116,-0.0325,0.003525));
#10824=CARTESIAN_POINT('',(0.116,-0.0325,0.010925));
#10825=CARTESIAN_POINT('',(0.115,-0.0325,0.010925));
#10826=CARTESIAN_POINT('',(0.1122,-0.0325,-0.001225));
#10827=CARTESIAN_POINT('',(0.1122,-0.0325,-0.001405));
#10828=CARTESIAN_POINT('',(0.11193,-0.0325,-0.001405));
#10829=CARTESIAN_POINT('',(0.1198,-0.0325,-0.001225));
#10830=CARTESIAN_POINT('',(0.1198,-0.0325,-0.001405));
#10831=CARTESIAN_POINT('',(0.11953,-0.0325,-0.001405));
#10832=CARTESIAN_POINT('',(0.116,-0.0325,0.010925));
#10833=CARTESIAN_POINT('',(0.1122,-0.0325,-0.001405));
#10834=CARTESIAN_POINT('',(0.1198,-0.0325,-0.001405));
#10835=CARTESIAN_POINT('',(0.,0.,0.));
#10836=CARTESIAN_POINT('',(0.11199,-0.061525,0.002595));
#10837=CARTESIAN_POINT('',(0.11199,-0.061525,0.002595));
#10838=CARTESIAN_POINT('',(0.11199,-0.061275,0.002595));
#10839=CARTESIAN_POINT('',(0.11199,-0.061525,-0.000905));
#10840=CARTESIAN_POINT('',(0.11199,-0.061775,-0.000905));
#10841=CARTESIAN_POINT('',(0.11249,-0.061525,0.002595));
#10842=CARTESIAN_POINT('',(0.11249,-0.061525,0.003095));
#10843=CARTESIAN_POINT('',(0.11249,-0.061525,0.003345));
#10844=CARTESIAN_POINT('',(0.11249,-0.061525,0.003095));
#10845=CARTESIAN_POINT('',(0.11911,-0.061525,0.003095));
#10846=CARTESIAN_POINT('',(0.11911,-0.061525,0.003345));
#10847=CARTESIAN_POINT('',(0.11911,-0.061525,0.002595));
#10848=CARTESIAN_POINT('',(0.11961,-0.061525,0.002595));
#10849=CARTESIAN_POINT('',(0.11961,-0.061775,0.002595));
#10850=CARTESIAN_POINT('',(0.11961,-0.061525,0.002595));
#10851=CARTESIAN_POINT('',(0.11961,-0.061525,-0.000905));
#10852=CARTESIAN_POINT('',(0.11961,-0.061275,-0.000905));
#10853=CARTESIAN_POINT('',(0.11224,-0.061525,-0.000905));
#10854=CARTESIAN_POINT('',(0.11936,-0.061525,-0.000905));
#10855=CARTESIAN_POINT('',(0.,0.,0.));
#10856=CARTESIAN_POINT('',(0.12150000064233,-0.02449999935766,0.));
#10857=CARTESIAN_POINT('',(0.121499999999999,-0.014499999999991,0.));
#10858=CARTESIAN_POINT('',(0.121500000321164,-0.0144999999999933,0.));
#10859=CARTESIAN_POINT('',(0.121500000321164,-0.0144999999999955,0.00151));
#10860=CARTESIAN_POINT('',(0.12150000064233,-0.02449999935766,0.00151));
#10861=CARTESIAN_POINT('',(0.1315,-0.02449999967883,0.00151));
#10862=CARTESIAN_POINT('',(0.1315,-0.0245,0.));
#10863=CARTESIAN_POINT('',(0.1315,-0.02449999967883,0.));
#10864=CARTESIAN_POINT('',(0.12150000064233,-0.02449999935766,0.));
#10865=CARTESIAN_POINT('',(0.072,-0.0145,0.));
#10866=CARTESIAN_POINT('',(0.072,-0.0145,0.));
#10867=CARTESIAN_POINT('',(0.0719999996788345,-0.0144999999999978,0.));
#10868=CARTESIAN_POINT('',(0.0719999996788345,-0.0145,0.00151));
#10869=CARTESIAN_POINT('',(0.072,-0.0145,0.00151));
#10870=CARTESIAN_POINT('',(0.,-0.0144999999999955,0.));
#10871=CARTESIAN_POINT('',(0.1315,-0.0245,0.));
#10872=CARTESIAN_POINT('',(0.1315,-0.0245,0.00151));
#10873=CARTESIAN_POINT('',(0.1315,-0.10150000032115,0.00151));
#10874=CARTESIAN_POINT('',(0.1315,-0.1015,0.));
#10875=CARTESIAN_POINT('',(0.1315,-0.10150000032115,0.));
#10876=CARTESIAN_POINT('',(0.1315,0.,0.));
#10877=CARTESIAN_POINT('',(0.,0.,0.));
#10878=CARTESIAN_POINT('',(0.12150000064233,-0.1015000006423,0.));
#10879=CARTESIAN_POINT('',(0.121500000321165,-0.111499999999992,0.));
#10880=CARTESIAN_POINT('',(0.,-0.111499999999984,0.));
#10881=CARTESIAN_POINT('',(0.0719999996788347,-0.111499999999977,0.));
#10882=CARTESIAN_POINT('',(0.071999999357669,-0.1015000006423,0.));
#10883=CARTESIAN_POINT('',(0.062,-0.10150000032115,0.));
#10884=CARTESIAN_POINT('',(0.062,0.,0.));
#10885=CARTESIAN_POINT('',(0.062,-0.0244999996788257,0.));
#10886=CARTESIAN_POINT('',(0.071999999357669,-0.02449999935766,0.));
#10887=CARTESIAN_POINT('',(0.066,-0.1055,0.));
#10888=CARTESIAN_POINT('',(0.0644,-0.1055,0.));
#10889=CARTESIAN_POINT('',(0.07389,-0.099625,0.));
#10890=CARTESIAN_POINT('',(0.07349,-0.099625,0.));
#10891=CARTESIAN_POINT('',(0.07516,-0.09518,0.));
#10892=CARTESIAN_POINT('',(0.07441,-0.09518,0.));
#10893=CARTESIAN_POINT('',(0.07262,-0.0901,0.));
#10894=CARTESIAN_POINT('',(0.07177,-0.0901,0.));
#10895=CARTESIAN_POINT('',(0.0777,-0.0901,0.));
#10896=CARTESIAN_POINT('',(0.0757,-0.0901,0.));
#10897=CARTESIAN_POINT('',(0.08842,-0.1085,0.));
#10898=CARTESIAN_POINT('',(0.08792,-0.1085,0.));
#10899=CARTESIAN_POINT('',(0.08151,-0.099625,0.));
#10900=CARTESIAN_POINT('',(0.08111,-0.099625,0.));
#10901=CARTESIAN_POINT('',(0.09096,-0.1085,0.));
#10902=CARTESIAN_POINT('',(0.09046,-0.1085,0.));
#10903=CARTESIAN_POINT('',(0.0935,-0.1085,0.));
#10904=CARTESIAN_POINT('',(0.093,-0.1085,0.));
#10905=CARTESIAN_POINT('',(0.09604,-0.1085,0.));
#10906=CARTESIAN_POINT('',(0.09554,-0.1085,0.));
#10907=CARTESIAN_POINT('',(0.09294,-0.099625,0.));
#10908=CARTESIAN_POINT('',(0.09254,-0.099625,0.));
#10909=CARTESIAN_POINT('',(0.08151,-0.09264,0.));
#10910=CARTESIAN_POINT('',(0.08076,-0.09264,0.));
#10911=CARTESIAN_POINT('',(0.08278,-0.0901,0.));
#10912=CARTESIAN_POINT('',(0.08193,-0.0901,0.));
#10913=CARTESIAN_POINT('',(0.09421,-0.09518,0.));
#10914=CARTESIAN_POINT('',(0.09346,-0.09518,0.));
#10915=CARTESIAN_POINT('',(0.09167,-0.0901,0.));
#10916=CARTESIAN_POINT('',(0.09082,-0.0901,0.));
#10917=CARTESIAN_POINT('',(0.09675,-0.0901,0.));
#10918=CARTESIAN_POINT('',(0.09475,-0.0901,0.));
#10919=CARTESIAN_POINT('',(0.07389,-0.080575,0.));
#10920=CARTESIAN_POINT('',(0.07349,-0.080575,0.));
#10921=CARTESIAN_POINT('',(0.07516,-0.07613,0.));
#10922=CARTESIAN_POINT('',(0.07441,-0.07613,0.));
#10923=CARTESIAN_POINT('',(0.07262,-0.07105,0.));
#10924=CARTESIAN_POINT('',(0.07177,-0.07105,0.));
#10925=CARTESIAN_POINT('',(0.0777,-0.07105,0.));
#10926=CARTESIAN_POINT('',(0.0757,-0.07105,0.));
#10927=CARTESIAN_POINT('',(0.08151,-0.080575,0.));
#10928=CARTESIAN_POINT('',(0.08111,-0.080575,0.));
#10929=CARTESIAN_POINT('',(0.09294,-0.080575,0.));
#10930=CARTESIAN_POINT('',(0.09254,-0.080575,0.));
#10931=CARTESIAN_POINT('',(0.09421,-0.07613,0.));
#10932=CARTESIAN_POINT('',(0.09346,-0.07613,0.));
#10933=CARTESIAN_POINT('',(0.08151,-0.07359,0.));
#10934=CARTESIAN_POINT('',(0.08076,-0.07359,0.));
#10935=CARTESIAN_POINT('',(0.08278,-0.07105,0.));
#10936=CARTESIAN_POINT('',(0.08193,-0.07105,0.));
#10937=CARTESIAN_POINT('',(0.09167,-0.07105,0.));
#10938=CARTESIAN_POINT('',(0.09082,-0.07105,0.));
#10939=CARTESIAN_POINT('',(0.09675,-0.07105,0.));
#10940=CARTESIAN_POINT('',(0.09475,-0.07105,0.));
#10941=CARTESIAN_POINT('',(0.09858,-0.1085,0.));
#10942=CARTESIAN_POINT('',(0.09808,-0.1085,0.));
#10943=CARTESIAN_POINT('',(0.10112,-0.1085,0.));
#10944=CARTESIAN_POINT('',(0.10062,-0.1085,0.));
#10945=CARTESIAN_POINT('',(0.10366,-0.1085,0.));
#10946=CARTESIAN_POINT('',(0.10316,-0.1085,0.));
#10947=CARTESIAN_POINT('',(0.10056,-0.099625,0.));
#10948=CARTESIAN_POINT('',(0.10016,-0.099625,0.));
#10949=CARTESIAN_POINT('',(0.1062,-0.1085,0.));
#10950=CARTESIAN_POINT('',(0.1057,-0.1085,0.));
#10951=CARTESIAN_POINT('',(0.11199,-0.099625,0.));
#10952=CARTESIAN_POINT('',(0.11159,-0.099625,0.));
#10953=CARTESIAN_POINT('',(0.10056,-0.09264,0.));
#10954=CARTESIAN_POINT('',(0.09981,-0.09264,0.));
#10955=CARTESIAN_POINT('',(0.10183,-0.0901,0.));
#10956=CARTESIAN_POINT('',(0.10098,-0.0901,0.));
#10957=CARTESIAN_POINT('',(0.110719999,-0.0901,0.));
#10958=CARTESIAN_POINT('',(0.109869999,-0.0901,0.));
#10959=CARTESIAN_POINT('',(0.11961,-0.099625,0.));
#10960=CARTESIAN_POINT('',(0.11921,-0.099625,0.));
#10961=CARTESIAN_POINT('',(0.1275,-0.1055,0.));
#10962=CARTESIAN_POINT('',(0.1259,-0.1055,0.));
#10963=CARTESIAN_POINT('',(0.113259999,-0.09518,0.));
#10964=CARTESIAN_POINT('',(0.112509999,-0.09518,0.));
#10965=CARTESIAN_POINT('',(0.119609999,-0.09264,0.));
#10966=CARTESIAN_POINT('',(0.118859999,-0.09264,0.));
#10967=CARTESIAN_POINT('',(0.115799999,-0.0901,0.));
#10968=CARTESIAN_POINT('',(0.113799999,-0.0901,0.));
#10969=CARTESIAN_POINT('',(0.120879999,-0.0901,0.));
#10970=CARTESIAN_POINT('',(0.120029999,-0.0901,0.));
#10971=CARTESIAN_POINT('',(0.10056,-0.080575,0.));
#10972=CARTESIAN_POINT('',(0.10016,-0.080575,0.));
#10973=CARTESIAN_POINT('',(0.11199,-0.080575,0.));
#10974=CARTESIAN_POINT('',(0.11159,-0.080575,0.));
#10975=CARTESIAN_POINT('',(0.10056,-0.07359,0.));
#10976=CARTESIAN_POINT('',(0.09981,-0.07359,0.));
#10977=CARTESIAN_POINT('',(0.10183,-0.07105,0.));
#10978=CARTESIAN_POINT('',(0.10098,-0.07105,0.));
#10979=CARTESIAN_POINT('',(0.110719999,-0.07105,0.));
#10980=CARTESIAN_POINT('',(0.109869999,-0.07105,0.));
#10981=CARTESIAN_POINT('',(0.11961,-0.080575,0.));
#10982=CARTESIAN_POINT('',(0.11921,-0.080575,0.));
#10983=CARTESIAN_POINT('',(0.113259999,-0.07613,0.));
#10984=CARTESIAN_POINT('',(0.112509999,-0.07613,0.));
#10985=CARTESIAN_POINT('',(0.115799999,-0.07105,0.));
#10986=CARTESIAN_POINT('',(0.113799999,-0.07105,0.));
#10987=CARTESIAN_POINT('',(0.119609999,-0.07359,0.));
#10988=CARTESIAN_POINT('',(0.118859999,-0.07359,0.));
#10989=CARTESIAN_POINT('',(0.120879999,-0.07105,0.));
#10990=CARTESIAN_POINT('',(0.120029999,-0.07105,0.));
#10991=CARTESIAN_POINT('',(0.07389,-0.061525,0.));
#10992=CARTESIAN_POINT('',(0.07349,-0.061525,0.));
#10993=CARTESIAN_POINT('',(0.07516,-0.05708,0.));
#10994=CARTESIAN_POINT('',(0.07441,-0.05708,0.));
#10995=CARTESIAN_POINT('',(0.07262,-0.052,0.));
#10996=CARTESIAN_POINT('',(0.07177,-0.052,0.));
#10997=CARTESIAN_POINT('',(0.0777,-0.052,0.));
#10998=CARTESIAN_POINT('',(0.0757,-0.052,0.));
#10999=CARTESIAN_POINT('',(0.08151,-0.061525,0.));
#11000=CARTESIAN_POINT('',(0.08111,-0.061525,0.));
#11001=CARTESIAN_POINT('',(0.08151,-0.05454,0.));
#11002=CARTESIAN_POINT('',(0.08076,-0.05454,0.));
#11003=CARTESIAN_POINT('',(0.08278,-0.052,0.));
#11004=CARTESIAN_POINT('',(0.08193,-0.052,0.));
#11005=CARTESIAN_POINT('',(0.09294,-0.061525,0.));
#11006=CARTESIAN_POINT('',(0.09254,-0.061525,0.));
#11007=CARTESIAN_POINT('',(0.09167,-0.052,0.));
#11008=CARTESIAN_POINT('',(0.09082,-0.052,0.));
#11009=CARTESIAN_POINT('',(0.09421,-0.05708,0.));
#11010=CARTESIAN_POINT('',(0.09346,-0.05708,0.));
#11011=CARTESIAN_POINT('',(0.09675,-0.052,0.));
#11012=CARTESIAN_POINT('',(0.09475,-0.052,0.));
#11013=CARTESIAN_POINT('',(0.068,-0.0205,0.));
#11014=CARTESIAN_POINT('',(0.0664,-0.0205,0.));
#11015=CARTESIAN_POINT('',(0.0895,-0.03274,0.));
#11016=CARTESIAN_POINT('',(0.0890555,-0.03274,0.));
#11017=CARTESIAN_POINT('',(0.0895,-0.0302,0.));
#11018=CARTESIAN_POINT('',(0.0890555,-0.0302,0.));
#11019=CARTESIAN_POINT('',(0.0895,-0.02766,0.));
#11020=CARTESIAN_POINT('',(0.0890555,-0.02766,0.));
#11021=CARTESIAN_POINT('',(0.0895,-0.02512,0.));
#11022=CARTESIAN_POINT('',(0.0890555,-0.02512,0.));
#11023=CARTESIAN_POINT('',(0.0895,-0.02258,0.));
#11024=CARTESIAN_POINT('',(0.0890555,-0.02258,0.));
#11025=CARTESIAN_POINT('',(0.0895,-0.02004,0.));
#11026=CARTESIAN_POINT('',(0.0890555,-0.02004,0.));
#11027=CARTESIAN_POINT('',(0.0895,-0.0175,0.));
#11028=CARTESIAN_POINT('',(0.0890555,-0.0175,0.));
#11029=CARTESIAN_POINT('',(0.10056,-0.061525,0.));
#11030=CARTESIAN_POINT('',(0.10016,-0.061525,0.));
#11031=CARTESIAN_POINT('',(0.10056,-0.05454,0.));
#11032=CARTESIAN_POINT('',(0.09981,-0.05454,0.));
#11033=CARTESIAN_POINT('',(0.10183,-0.052,0.));
#11034=CARTESIAN_POINT('',(0.10098,-0.052,0.));
#11035=CARTESIAN_POINT('',(0.11199,-0.061525,0.));
#11036=CARTESIAN_POINT('',(0.11159,-0.061525,0.));
#11037=CARTESIAN_POINT('',(0.110719999,-0.052,0.));
#11038=CARTESIAN_POINT('',(0.109869999,-0.052,0.));
#11039=CARTESIAN_POINT('',(0.11961,-0.061525,0.));
#11040=CARTESIAN_POINT('',(0.11921,-0.061525,0.));
#11041=CARTESIAN_POINT('',(0.113259999,-0.05708,0.));
#11042=CARTESIAN_POINT('',(0.112509999,-0.05708,0.));
#11043=CARTESIAN_POINT('',(0.115799999,-0.052,0.));
#11044=CARTESIAN_POINT('',(0.113799999,-0.052,0.));
#11045=CARTESIAN_POINT('',(0.119609999,-0.05454,0.));
#11046=CARTESIAN_POINT('',(0.118859999,-0.05454,0.));
#11047=CARTESIAN_POINT('',(0.120879999,-0.052,0.));
#11048=CARTESIAN_POINT('',(0.120029999,-0.052,0.));
#11049=CARTESIAN_POINT('',(0.10474,-0.03274,0.));
#11050=CARTESIAN_POINT('',(0.1042955,-0.03274,0.));
#11051=CARTESIAN_POINT('',(0.10474,-0.0302,0.));
#11052=CARTESIAN_POINT('',(0.1042955,-0.0302,0.));
#11053=CARTESIAN_POINT('',(0.1122,-0.0325,0.));
#11054=CARTESIAN_POINT('',(0.1117,-0.0325,0.));
#11055=CARTESIAN_POINT('',(0.10474,-0.02766,0.));
#11056=CARTESIAN_POINT('',(0.1042955,-0.02766,0.));
#11057=CARTESIAN_POINT('',(0.10474,-0.02512,0.));
#11058=CARTESIAN_POINT('',(0.1042955,-0.02512,0.));
#11059=CARTESIAN_POINT('',(0.10474,-0.02258,0.));
#11060=CARTESIAN_POINT('',(0.1042955,-0.02258,0.));
#11061=CARTESIAN_POINT('',(0.10474,-0.02004,0.));
#11062=CARTESIAN_POINT('',(0.1042955,-0.02004,0.));
#11063=CARTESIAN_POINT('',(0.10474,-0.0175,0.));
#11064=CARTESIAN_POINT('',(0.1042955,-0.0175,0.));
#11065=CARTESIAN_POINT('',(0.1198,-0.0325,0.));
#11066=CARTESIAN_POINT('',(0.1193,-0.0325,0.));
#11067=CARTESIAN_POINT('',(0.125,-0.02,0.));
#11068=CARTESIAN_POINT('',(0.1234,-0.02,0.));
#11069=CARTESIAN_POINT('',(0.,0.,0.00151));
#11070=CARTESIAN_POINT('',(0.071999999357669,-0.02449999935766,0.00151));
#11071=CARTESIAN_POINT('',(0.062,-0.0244999996788257,0.00151));
#11072=CARTESIAN_POINT('',(0.062,-0.1015,0.00151));
#11073=CARTESIAN_POINT('',(0.062,-0.10150000032115,0.00151));
#11074=CARTESIAN_POINT('',(0.071999999357669,-0.1015000006423,0.00151));
#11075=CARTESIAN_POINT('',(0.0719999996788347,-0.111499999999984,0.00151));
#11076=CARTESIAN_POINT('',(0.1215,-0.1115,0.00151));
#11077=CARTESIAN_POINT('',(0.121500000321165,-0.1115,0.00151));
#11078=CARTESIAN_POINT('',(0.12150000064233,-0.1015000006423,0.00151));
#11079=CARTESIAN_POINT('',(0.066,-0.1055,0.00151));
#11080=CARTESIAN_POINT('',(0.0644,-0.1055,0.00151));
#11081=CARTESIAN_POINT('',(0.07389,-0.099625,0.00151));
#11082=CARTESIAN_POINT('',(0.07349,-0.099625,0.00151));
#11083=CARTESIAN_POINT('',(0.07516,-0.09518,0.00151));
#11084=CARTESIAN_POINT('',(0.07441,-0.09518,0.00151));
#11085=CARTESIAN_POINT('',(0.07262,-0.0901,0.00151));
#11086=CARTESIAN_POINT('',(0.07177,-0.0901,0.00151));
#11087=CARTESIAN_POINT('',(0.0777,-0.0901,0.00151));
#11088=CARTESIAN_POINT('',(0.0757,-0.0901,0.00151));
#11089=CARTESIAN_POINT('',(0.08842,-0.1085,0.00151));
#11090=CARTESIAN_POINT('',(0.08792,-0.1085,0.00151));
#11091=CARTESIAN_POINT('',(0.08151,-0.099625,0.00151));
#11092=CARTESIAN_POINT('',(0.08111,-0.099625,0.00151));
#11093=CARTESIAN_POINT('',(0.09096,-0.1085,0.00151));
#11094=CARTESIAN_POINT('',(0.09046,-0.1085,0.00151));
#11095=CARTESIAN_POINT('',(0.0935,-0.1085,0.00151));
#11096=CARTESIAN_POINT('',(0.093,-0.1085,0.00151));
#11097=CARTESIAN_POINT('',(0.09604,-0.1085,0.00151));
#11098=CARTESIAN_POINT('',(0.09554,-0.1085,0.00151));
#11099=CARTESIAN_POINT('',(0.09294,-0.099625,0.00151));
#11100=CARTESIAN_POINT('',(0.09254,-0.099625,0.00151));
#11101=CARTESIAN_POINT('',(0.08151,-0.09264,0.00151));
#11102=CARTESIAN_POINT('',(0.08076,-0.09264,0.00151));
#11103=CARTESIAN_POINT('',(0.08278,-0.0901,0.00151));
#11104=CARTESIAN_POINT('',(0.08193,-0.0901,0.00151));
#11105=CARTESIAN_POINT('',(0.09421,-0.09518,0.00151));
#11106=CARTESIAN_POINT('',(0.09346,-0.09518,0.00151));
#11107=CARTESIAN_POINT('',(0.09167,-0.0901,0.00151));
#11108=CARTESIAN_POINT('',(0.09082,-0.0901,0.00151));
#11109=CARTESIAN_POINT('',(0.09675,-0.0901,0.00151));
#11110=CARTESIAN_POINT('',(0.09475,-0.0901,0.00151));
#11111=CARTESIAN_POINT('',(0.07389,-0.080575,0.00151));
#11112=CARTESIAN_POINT('',(0.07349,-0.080575,0.00151));
#11113=CARTESIAN_POINT('',(0.07516,-0.07613,0.00151));
#11114=CARTESIAN_POINT('',(0.07441,-0.07613,0.00151));
#11115=CARTESIAN_POINT('',(0.07262,-0.07105,0.00151));
#11116=CARTESIAN_POINT('',(0.07177,-0.07105,0.00151));
#11117=CARTESIAN_POINT('',(0.0777,-0.07105,0.00151));
#11118=CARTESIAN_POINT('',(0.0757,-0.07105,0.00151));
#11119=CARTESIAN_POINT('',(0.08151,-0.080575,0.00151));
#11120=CARTESIAN_POINT('',(0.08111,-0.080575,0.00151));
#11121=CARTESIAN_POINT('',(0.09294,-0.080575,0.00151));
#11122=CARTESIAN_POINT('',(0.09254,-0.080575,0.00151));
#11123=CARTESIAN_POINT('',(0.09421,-0.07613,0.00151));
#11124=CARTESIAN_POINT('',(0.09346,-0.07613,0.00151));
#11125=CARTESIAN_POINT('',(0.08151,-0.07359,0.00151));
#11126=CARTESIAN_POINT('',(0.08076,-0.07359,0.00151));
#11127=CARTESIAN_POINT('',(0.08278,-0.07105,0.00151));
#11128=CARTESIAN_POINT('',(0.08193,-0.07105,0.00151));
#11129=CARTESIAN_POINT('',(0.09167,-0.07105,0.00151));
#11130=CARTESIAN_POINT('',(0.09082,-0.07105,0.00151));
#11131=CARTESIAN_POINT('',(0.09675,-0.07105,0.00151));
#11132=CARTESIAN_POINT('',(0.09475,-0.07105,0.00151));
#11133=CARTESIAN_POINT('',(0.09858,-0.1085,0.00151));
#11134=CARTESIAN_POINT('',(0.09808,-0.1085,0.00151));
#11135=CARTESIAN_POINT('',(0.10112,-0.1085,0.00151));
#11136=CARTESIAN_POINT('',(0.10062,-0.1085,0.00151));
#11137=CARTESIAN_POINT('',(0.10366,-0.1085,0.00151));
#11138=CARTESIAN_POINT('',(0.10316,-0.1085,0.00151));
#11139=CARTESIAN_POINT('',(0.10056,-0.099625,0.00151));
#11140=CARTESIAN_POINT('',(0.10016,-0.099625,0.00151));
#11141=CARTESIAN_POINT('',(0.1062,-0.1085,0.00151));
#11142=CARTESIAN_POINT('',(0.1057,-0.1085,0.00151));
#11143=CARTESIAN_POINT('',(0.11199,-0.099625,0.00151));
#11144=CARTESIAN_POINT('',(0.11159,-0.099625,0.00151));
#11145=CARTESIAN_POINT('',(0.10056,-0.09264,0.00151));
#11146=CARTESIAN_POINT('',(0.09981,-0.09264,0.00151));
#11147=CARTESIAN_POINT('',(0.10183,-0.0901,0.00151));
#11148=CARTESIAN_POINT('',(0.10098,-0.0901,0.00151));
#11149=CARTESIAN_POINT('',(0.110719999,-0.0901,0.00151));
#11150=CARTESIAN_POINT('',(0.109869999,-0.0901,0.00151));
#11151=CARTESIAN_POINT('',(0.11961,-0.099625,0.00151));
#11152=CARTESIAN_POINT('',(0.11921,-0.099625,0.00151));
#11153=CARTESIAN_POINT('',(0.1275,-0.1055,0.00151));
#11154=CARTESIAN_POINT('',(0.1259,-0.1055,0.00151));
#11155=CARTESIAN_POINT('',(0.113259999,-0.09518,0.00151));
#11156=CARTESIAN_POINT('',(0.112509999,-0.09518,0.00151));
#11157=CARTESIAN_POINT('',(0.119609999,-0.09264,0.00151));
#11158=CARTESIAN_POINT('',(0.118859999,-0.09264,0.00151));
#11159=CARTESIAN_POINT('',(0.115799999,-0.0901,0.00151));
#11160=CARTESIAN_POINT('',(0.113799999,-0.0901,0.00151));
#11161=CARTESIAN_POINT('',(0.120879999,-0.0901,0.00151));
#11162=CARTESIAN_POINT('',(0.120029999,-0.0901,0.00151));
#11163=CARTESIAN_POINT('',(0.10056,-0.080575,0.00151));
#11164=CARTESIAN_POINT('',(0.10016,-0.080575,0.00151));
#11165=CARTESIAN_POINT('',(0.11199,-0.080575,0.00151));
#11166=CARTESIAN_POINT('',(0.11159,-0.080575,0.00151));
#11167=CARTESIAN_POINT('',(0.10056,-0.07359,0.00151));
#11168=CARTESIAN_POINT('',(0.09981,-0.07359,0.00151));
#11169=CARTESIAN_POINT('',(0.10183,-0.07105,0.00151));
#11170=CARTESIAN_POINT('',(0.10098,-0.07105,0.00151));
#11171=CARTESIAN_POINT('',(0.110719999,-0.07105,0.00151));
#11172=CARTESIAN_POINT('',(0.109869999,-0.07105,0.00151));
#11173=CARTESIAN_POINT('',(0.11961,-0.080575,0.00151));
#11174=CARTESIAN_POINT('',(0.11921,-0.080575,0.00151));
#11175=CARTESIAN_POINT('',(0.113259999,-0.07613,0.00151));
#11176=CARTESIAN_POINT('',(0.112509999,-0.07613,0.00151));
#11177=CARTESIAN_POINT('',(0.115799999,-0.07105,0.00151));
#11178=CARTESIAN_POINT('',(0.113799999,-0.07105,0.00151));
#11179=CARTESIAN_POINT('',(0.119609999,-0.07359,0.00151));
#11180=CARTESIAN_POINT('',(0.118859999,-0.07359,0.00151));
#11181=CARTESIAN_POINT('',(0.120879999,-0.07105,0.00151));
#11182=CARTESIAN_POINT('',(0.120029999,-0.07105,0.00151));
#11183=CARTESIAN_POINT('',(0.07389,-0.061525,0.00151));
#11184=CARTESIAN_POINT('',(0.07349,-0.061525,0.00151));
#11185=CARTESIAN_POINT('',(0.07516,-0.05708,0.00151));
#11186=CARTESIAN_POINT('',(0.07441,-0.05708,0.00151));
#11187=CARTESIAN_POINT('',(0.07262,-0.052,0.00151));
#11188=CARTESIAN_POINT('',(0.07177,-0.052,0.00151));
#11189=CARTESIAN_POINT('',(0.0777,-0.052,0.00151));
#11190=CARTESIAN_POINT('',(0.0757,-0.052,0.00151));
#11191=CARTESIAN_POINT('',(0.08151,-0.061525,0.00151));
#11192=CARTESIAN_POINT('',(0.08111,-0.061525,0.00151));
#11193=CARTESIAN_POINT('',(0.08151,-0.05454,0.00151));
#11194=CARTESIAN_POINT('',(0.08076,-0.05454,0.00151));
#11195=CARTESIAN_POINT('',(0.08278,-0.052,0.00151));
#11196=CARTESIAN_POINT('',(0.08193,-0.052,0.00151));
#11197=CARTESIAN_POINT('',(0.09294,-0.061525,0.00151));
#11198=CARTESIAN_POINT('',(0.09254,-0.061525,0.00151));
#11199=CARTESIAN_POINT('',(0.09167,-0.052,0.00151));
#11200=CARTESIAN_POINT('',(0.09082,-0.052,0.00151));
#11201=CARTESIAN_POINT('',(0.09421,-0.05708,0.00151));
#11202=CARTESIAN_POINT('',(0.09346,-0.05708,0.00151));
#11203=CARTESIAN_POINT('',(0.09675,-0.052,0.00151));
#11204=CARTESIAN_POINT('',(0.09475,-0.052,0.00151));
#11205=CARTESIAN_POINT('',(0.068,-0.0205,0.00151));
#11206=CARTESIAN_POINT('',(0.0664,-0.0205,0.00151));
#11207=CARTESIAN_POINT('',(0.0895,-0.03274,0.00151));
#11208=CARTESIAN_POINT('',(0.0890555,-0.03274,0.00151));
#11209=CARTESIAN_POINT('',(0.0895,-0.0302,0.00151));
#11210=CARTESIAN_POINT('',(0.0890555,-0.0302,0.00151));
#11211=CARTESIAN_POINT('',(0.0895,-0.02766,0.00151));
#11212=CARTESIAN_POINT('',(0.0890555,-0.02766,0.00151));
#11213=CARTESIAN_POINT('',(0.0895,-0.02512,0.00151));
#11214=CARTESIAN_POINT('',(0.0890555,-0.02512,0.00151));
#11215=CARTESIAN_POINT('',(0.0895,-0.02258,0.00151));
#11216=CARTESIAN_POINT('',(0.0890555,-0.02258,0.00151));
#11217=CARTESIAN_POINT('',(0.0895,-0.02004,0.00151));
#11218=CARTESIAN_POINT('',(0.0890555,-0.02004,0.00151));
#11219=CARTESIAN_POINT('',(0.0895,-0.0175,0.00151));
#11220=CARTESIAN_POINT('',(0.0890555,-0.0175,0.00151));
#11221=CARTESIAN_POINT('',(0.10056,-0.061525,0.00151));
#11222=CARTESIAN_POINT('',(0.10016,-0.061525,0.00151));
#11223=CARTESIAN_POINT('',(0.10056,-0.05454,0.00151));
#11224=CARTESIAN_POINT('',(0.09981,-0.05454,0.00151));
#11225=CARTESIAN_POINT('',(0.10183,-0.052,0.00151));
#11226=CARTESIAN_POINT('',(0.10098,-0.052,0.00151));
#11227=CARTESIAN_POINT('',(0.11199,-0.061525,0.00151));
#11228=CARTESIAN_POINT('',(0.11159,-0.061525,0.00151));
#11229=CARTESIAN_POINT('',(0.110719999,-0.052,0.00151));
#11230=CARTESIAN_POINT('',(0.109869999,-0.052,0.00151));
#11231=CARTESIAN_POINT('',(0.11961,-0.061525,0.00151));
#11232=CARTESIAN_POINT('',(0.11921,-0.061525,0.00151));
#11233=CARTESIAN_POINT('',(0.113259999,-0.05708,0.00151));
#11234=CARTESIAN_POINT('',(0.112509999,-0.05708,0.00151));
#11235=CARTESIAN_POINT('',(0.115799999,-0.052,0.00151));
#11236=CARTESIAN_POINT('',(0.113799999,-0.052,0.00151));
#11237=CARTESIAN_POINT('',(0.119609999,-0.05454,0.00151));
#11238=CARTESIAN_POINT('',(0.118859999,-0.05454,0.00151));
#11239=CARTESIAN_POINT('',(0.120879999,-0.052,0.00151));
#11240=CARTESIAN_POINT('',(0.120029999,-0.052,0.00151));
#11241=CARTESIAN_POINT('',(0.10474,-0.03274,0.00151));
#11242=CARTESIAN_POINT('',(0.1042955,-0.03274,0.00151));
#11243=CARTESIAN_POINT('',(0.10474,-0.0302,0.00151));
#11244=CARTESIAN_POINT('',(0.1042955,-0.0302,0.00151));
#11245=CARTESIAN_POINT('',(0.1122,-0.0325,0.00151));
#11246=CARTESIAN_POINT('',(0.1117,-0.0325,0.00151));
#11247=CARTESIAN_POINT('',(0.10474,-0.02766,0.00151));
#11248=CARTESIAN_POINT('',(0.1042955,-0.02766,0.00151));
#11249=CARTESIAN_POINT('',(0.10474,-0.02512,0.00151));
#11250=CARTESIAN_POINT('',(0.1042955,-0.02512,0.00151));
#11251=CARTESIAN_POINT('',(0.10474,-0.02258,0.00151));
#11252=CARTESIAN_POINT('',(0.1042955,-0.02258,0.00151));
#11253=CARTESIAN_POINT('',(0.10474,-0.02004,0.00151));
#11254=CARTESIAN_POINT('',(0.1042955,-0.02004,0.00151));
#11255=CARTESIAN_POINT('',(0.10474,-0.0175,0.00151));
#11256=CARTESIAN_POINT('',(0.1042955,-0.0175,0.00151));
#11257=CARTESIAN_POINT('',(0.1198,-0.0325,0.00151));
#11258=CARTESIAN_POINT('',(0.1193,-0.0325,0.00151));
#11259=CARTESIAN_POINT('',(0.125,-0.02,0.00151));
#11260=CARTESIAN_POINT('',(0.1234,-0.02,0.00151));
#11261=CARTESIAN_POINT('',(0.071999999357669,-0.02449999935766,0.));
#11262=CARTESIAN_POINT('',(0.062,-0.0244999999999914,0.));
#11263=CARTESIAN_POINT('',(0.12150000064233,-0.1015000006423,0.));
#11264=CARTESIAN_POINT('',(0.1215,-0.1115,0.));
#11265=CARTESIAN_POINT('',(0.062,-0.1015,0.));
#11266=CARTESIAN_POINT('',(0.062,-0.1015,0.));
#11267=CARTESIAN_POINT('',(0.1215,-0.1115,0.));
#11268=CARTESIAN_POINT('',(0.072,-0.111499999999969,0.));
#11269=CARTESIAN_POINT('',(0.071999999357669,-0.1015000006423,0.));
#11270=CARTESIAN_POINT('',(0.066,-0.1055,-4.6E-5));
#11271=CARTESIAN_POINT('',(0.07389,-0.099625,-4.6E-5));
#11272=CARTESIAN_POINT('',(0.07516,-0.09518,-4.6E-5));
#11273=CARTESIAN_POINT('',(0.07262,-0.0901,-4.6E-5));
#11274=CARTESIAN_POINT('',(0.0777,-0.0901,-4.6E-5));
#11275=CARTESIAN_POINT('',(0.08842,-0.1085,-4.6E-5));
#11276=CARTESIAN_POINT('',(0.08151,-0.099625,-4.6E-5));
#11277=CARTESIAN_POINT('',(0.09096,-0.1085,-4.6E-5));
#11278=CARTESIAN_POINT('',(0.0935,-0.1085,-4.6E-5));
#11279=CARTESIAN_POINT('',(0.09604,-0.1085,-4.6E-5));
#11280=CARTESIAN_POINT('',(0.09294,-0.099625,-4.6E-5));
#11281=CARTESIAN_POINT('',(0.08151,-0.09264,-4.6E-5));
#11282=CARTESIAN_POINT('',(0.08278,-0.0901,-4.6E-5));
#11283=CARTESIAN_POINT('',(0.09421,-0.09518,-4.6E-5));
#11284=CARTESIAN_POINT('',(0.09167,-0.0901,-4.6E-5));
#11285=CARTESIAN_POINT('',(0.09675,-0.0901,-4.6E-5));
#11286=CARTESIAN_POINT('',(0.07389,-0.080575,-4.6E-5));
#11287=CARTESIAN_POINT('',(0.07516,-0.07613,-4.6E-5));
#11288=CARTESIAN_POINT('',(0.07262,-0.07105,-4.6E-5));
#11289=CARTESIAN_POINT('',(0.0777,-0.07105,-4.6E-5));
#11290=CARTESIAN_POINT('',(0.08151,-0.080575,-4.6E-5));
#11291=CARTESIAN_POINT('',(0.09294,-0.080575,-4.6E-5));
#11292=CARTESIAN_POINT('',(0.09421,-0.07613,-4.6E-5));
#11293=CARTESIAN_POINT('',(0.08151,-0.07359,-4.6E-5));
#11294=CARTESIAN_POINT('',(0.08278,-0.07105,-4.6E-5));
#11295=CARTESIAN_POINT('',(0.09167,-0.07105,-4.6E-5));
#11296=CARTESIAN_POINT('',(0.09675,-0.07105,-4.6E-5));
#11297=CARTESIAN_POINT('',(0.09858,-0.1085,-4.6E-5));
#11298=CARTESIAN_POINT('',(0.10112,-0.1085,-4.6E-5));
#11299=CARTESIAN_POINT('',(0.10366,-0.1085,-4.6E-5));
#11300=CARTESIAN_POINT('',(0.10056,-0.099625,-4.6E-5));
#11301=CARTESIAN_POINT('',(0.1062,-0.1085,-4.6E-5));
#11302=CARTESIAN_POINT('',(0.11199,-0.099625,-4.6E-5));
#11303=CARTESIAN_POINT('',(0.10056,-0.09264,-4.6E-5));
#11304=CARTESIAN_POINT('',(0.10183,-0.0901,-4.6E-5));
#11305=CARTESIAN_POINT('',(0.110719999,-0.0901,-4.6E-5));
#11306=CARTESIAN_POINT('',(0.11961,-0.099625,-4.6E-5));
#11307=CARTESIAN_POINT('',(0.1275,-0.1055,-4.6E-5));
#11308=CARTESIAN_POINT('',(0.113259999,-0.09518,-4.6E-5));
#11309=CARTESIAN_POINT('',(0.119609999,-0.09264,-4.6E-5));
#11310=CARTESIAN_POINT('',(0.115799999,-0.0901,-4.6E-5));
#11311=CARTESIAN_POINT('',(0.120879999,-0.0901,-4.6E-5));
#11312=CARTESIAN_POINT('',(0.10056,-0.080575,-4.6E-5));
#11313=CARTESIAN_POINT('',(0.11199,-0.080575,-4.6E-5));
#11314=CARTESIAN_POINT('',(0.10056,-0.07359,-4.6E-5));
#11315=CARTESIAN_POINT('',(0.10183,-0.07105,-4.6E-5));
#11316=CARTESIAN_POINT('',(0.110719999,-0.07105,-4.6E-5));
#11317=CARTESIAN_POINT('',(0.11961,-0.080575,-4.6E-5));
#11318=CARTESIAN_POINT('',(0.113259999,-0.07613,-4.6E-5));
#11319=CARTESIAN_POINT('',(0.115799999,-0.07105,-4.6E-5));
#11320=CARTESIAN_POINT('',(0.119609999,-0.07359,-4.6E-5));
#11321=CARTESIAN_POINT('',(0.120879999,-0.07105,-4.6E-5));
#11322=CARTESIAN_POINT('',(0.07389,-0.061525,-4.6E-5));
#11323=CARTESIAN_POINT('',(0.07516,-0.05708,-4.6E-5));
#11324=CARTESIAN_POINT('',(0.07262,-0.052,-4.6E-5));
#11325=CARTESIAN_POINT('',(0.0777,-0.052,-4.6E-5));
#11326=CARTESIAN_POINT('',(0.08151,-0.061525,-4.6E-5));
#11327=CARTESIAN_POINT('',(0.08151,-0.05454,-4.6E-5));
#11328=CARTESIAN_POINT('',(0.08278,-0.052,-4.6E-5));
#11329=CARTESIAN_POINT('',(0.09294,-0.061525,-4.6E-5));
#11330=CARTESIAN_POINT('',(0.09167,-0.052,-4.6E-5));
#11331=CARTESIAN_POINT('',(0.09421,-0.05708,-4.6E-5));
#11332=CARTESIAN_POINT('',(0.09675,-0.052,-4.6E-5));
#11333=CARTESIAN_POINT('',(0.068,-0.0205,-4.6E-5));
#11334=CARTESIAN_POINT('',(0.0895,-0.03274,-4.6E-5));
#11335=CARTESIAN_POINT('',(0.0895,-0.0302,-4.6E-5));
#11336=CARTESIAN_POINT('',(0.0895,-0.02766,-4.6E-5));
#11337=CARTESIAN_POINT('',(0.0895,-0.02512,-4.6E-5));
#11338=CARTESIAN_POINT('',(0.0895,-0.02258,-4.6E-5));
#11339=CARTESIAN_POINT('',(0.0895,-0.02004,-4.6E-5));
#11340=CARTESIAN_POINT('',(0.0895,-0.0175,-4.6E-5));
#11341=CARTESIAN_POINT('',(0.10056,-0.061525,-4.6E-5));
#11342=CARTESIAN_POINT('',(0.10056,-0.05454,-4.6E-5));
#11343=CARTESIAN_POINT('',(0.10183,-0.052,-4.6E-5));
#11344=CARTESIAN_POINT('',(0.11199,-0.061525,-4.6E-5));
#11345=CARTESIAN_POINT('',(0.110719999,-0.052,-4.6E-5));
#11346=CARTESIAN_POINT('',(0.11961,-0.061525,-4.6E-5));
#11347=CARTESIAN_POINT('',(0.113259999,-0.05708,-4.6E-5));
#11348=CARTESIAN_POINT('',(0.115799999,-0.052,-4.6E-5));
#11349=CARTESIAN_POINT('',(0.119609999,-0.05454,-4.6E-5));
#11350=CARTESIAN_POINT('',(0.120879999,-0.052,-4.6E-5));
#11351=CARTESIAN_POINT('',(0.10474,-0.03274,-4.6E-5));
#11352=CARTESIAN_POINT('',(0.10474,-0.0302,-4.6E-5));
#11353=CARTESIAN_POINT('',(0.1122,-0.0325,-4.6E-5));
#11354=CARTESIAN_POINT('',(0.10474,-0.02766,-4.6E-5));
#11355=CARTESIAN_POINT('',(0.10474,-0.02512,-4.6E-5));
#11356=CARTESIAN_POINT('',(0.10474,-0.02258,-4.6E-5));
#11357=CARTESIAN_POINT('',(0.10474,-0.02004,-4.6E-5));
#11358=CARTESIAN_POINT('',(0.10474,-0.0175,-4.6E-5));
#11359=CARTESIAN_POINT('',(0.1198,-0.0325,-4.6E-5));
#11360=CARTESIAN_POINT('',(0.125,-0.02,-4.6E-5));
#11361=CARTESIAN_POINT('',(0.,0.,0.));
#11362=CARTESIAN_POINT('',(0.07389,-0.061525,0.002595));
#11363=CARTESIAN_POINT('',(0.07389,-0.061525,0.002595));
#11364=CARTESIAN_POINT('',(0.07389,-0.061275,0.002595));
#11365=CARTESIAN_POINT('',(0.07389,-0.061525,-0.000905));
#11366=CARTESIAN_POINT('',(0.07389,-0.061775,-0.000905));
#11367=CARTESIAN_POINT('',(0.07439,-0.061525,0.002595));
#11368=CARTESIAN_POINT('',(0.07439,-0.061525,0.003095));
#11369=CARTESIAN_POINT('',(0.07439,-0.061525,0.003345));
#11370=CARTESIAN_POINT('',(0.07439,-0.061525,0.003095));
#11371=CARTESIAN_POINT('',(0.08101,-0.061525,0.003095));
#11372=CARTESIAN_POINT('',(0.08101,-0.061525,0.003345));
#11373=CARTESIAN_POINT('',(0.08101,-0.061525,0.002595));
#11374=CARTESIAN_POINT('',(0.08151,-0.061525,0.002595));
#11375=CARTESIAN_POINT('',(0.08151,-0.061775,0.002595));
#11376=CARTESIAN_POINT('',(0.08151,-0.061525,0.002595));
#11377=CARTESIAN_POINT('',(0.08151,-0.061525,-0.000905));
#11378=CARTESIAN_POINT('',(0.08151,-0.061275,-0.000905));
#11379=CARTESIAN_POINT('',(0.07414,-0.061525,-0.000905));
#11380=CARTESIAN_POINT('',(0.08126,-0.061525,-0.000905));
#11381=CARTESIAN_POINT('',(0.,0.,0.));
#11382=CARTESIAN_POINT('',(0.1144,-0.061525,0.003095));
#11383=CARTESIAN_POINT('',(0.1154,-0.061525,0.003095));
#11384=CARTESIAN_POINT('',(0.1154,-0.061525,0.002085));
#11385=CARTESIAN_POINT('',(0.1144,-0.061525,0.003095));
#11386=CARTESIAN_POINT('',(0.1144,-0.061525,0.002085));
#11387=CARTESIAN_POINT('',(0.1144,-0.061525,0.003095));
#11388=CARTESIAN_POINT('',(0.1144,-0.061525,0.003095));
#11389=CARTESIAN_POINT('',(0.1144,-0.061525,0.002095));
#11390=CARTESIAN_POINT('',(0.1154,-0.061525,0.003095));
#11391=CARTESIAN_POINT('',(0.1154,-0.061525,0.003095));
#11392=CARTESIAN_POINT('',(0.1154,-0.061525,0.002095));
#11393=CARTESIAN_POINT('',(0.1138,-0.061525,0.003095));
#11394=CARTESIAN_POINT('',(0.1142,-0.061525,0.003095));
#11395=CARTESIAN_POINT('',(0.1142,-0.061525,0.002095));
#11396=CARTESIAN_POINT('',(0.1138,-0.061525,0.003095));
#11397=CARTESIAN_POINT('',(0.1174,-0.061525,0.003095));
#11398=CARTESIAN_POINT('',(0.1174,-0.061525,0.004095));
#11399=CARTESIAN_POINT('',(0.1142,-0.061525,0.003095));
#11400=CARTESIAN_POINT('',(0.1138,-0.061525,0.003095));
#11401=CARTESIAN_POINT('',(0.1138,-0.061525,0.003695));
#11402=CARTESIAN_POINT('',(0.1174,-0.061525,0.003095));
#11403=CARTESIAN_POINT('',(0.1178,-0.061525,0.003095));
#11404=CARTESIAN_POINT('',(0.1178,-0.061525,0.003695));
#11405=CARTESIAN_POINT('',(0.1138,-0.061525,0.003095));
#11406=CARTESIAN_POINT('',(0.1178,-0.061525,0.003095));
#11407=CARTESIAN_POINT('',(0.,0.,0.));
#11408=CARTESIAN_POINT('',(0.08715,-0.107484,-8.5E-5));
#11409=CARTESIAN_POINT('',(0.08715,-0.107484,-8.5E-5));
#11410=CARTESIAN_POINT('',(0.08715,-0.107484,-8.5E-5));
#11411=CARTESIAN_POINT('',(0.087404,-0.10723,-8.5E-5));
#11412=CARTESIAN_POINT('',(0.087404,-0.10723,-8.5E-5));
#11413=CARTESIAN_POINT('',(0.087404,-0.10723,-0.002625));
#11414=CARTESIAN_POINT('',(0.08715,-0.107484,-0.002625));
#11415=CARTESIAN_POINT('',(0.08715,-0.107484,-0.002625));
#11416=CARTESIAN_POINT('',(0.08715,-0.107484,-8.5E-5));
#11417=CARTESIAN_POINT('',(0.08715,-0.109516,-8.5E-5));
#11418=CARTESIAN_POINT('',(0.08715,-0.109516,-8.5E-5));
#11419=CARTESIAN_POINT('',(0.08715,-0.109516,-8.5E-5));
#11420=CARTESIAN_POINT('',(0.08715,-0.1085,-0.002625));
#11421=CARTESIAN_POINT('',(0.08715,-0.109516,-0.002625));
#11422=CARTESIAN_POINT('',(0.08715,-0.109516,-8.5E-5));
#11423=CARTESIAN_POINT('',(0.087404,-0.10723,-8.5E-5));
#11424=CARTESIAN_POINT('',(0.087404,-0.10723,-8.5E-5));
#11425=CARTESIAN_POINT('',(0.089436,-0.10723,-8.5E-5));
#11426=CARTESIAN_POINT('',(0.089436,-0.10723,-8.5E-5));
#11427=CARTESIAN_POINT('',(0.089436,-0.10723,-0.002625));
#11428=CARTESIAN_POINT('',(0.09731,-0.10723,-0.002625));
#11429=CARTESIAN_POINT('',(0.09731,-0.1085,-8.50000000000011E-5));
#11430=CARTESIAN_POINT('',(0.087404,-0.10977,-8.5E-5));
#11431=CARTESIAN_POINT('',(0.087404,-0.10977,-8.5E-5));
#11432=CARTESIAN_POINT('',(0.089436,-0.10977,-8.5E-5));
#11433=CARTESIAN_POINT('',(0.089436,-0.10977,-8.5E-5));
#11434=CARTESIAN_POINT('',(0.08969,-0.109516,-8.5E-5));
#11435=CARTESIAN_POINT('',(0.08969,-0.109516,-8.5E-5));
#11436=CARTESIAN_POINT('',(0.089944,-0.10977,-8.5E-5));
#11437=CARTESIAN_POINT('',(0.089944,-0.10977,-8.5E-5));
#11438=CARTESIAN_POINT('',(0.091976,-0.10977,-8.5E-5));
#11439=CARTESIAN_POINT('',(0.091976,-0.10977,-8.5E-5));
#11440=CARTESIAN_POINT('',(0.09223,-0.109516,-8.5E-5));
#11441=CARTESIAN_POINT('',(0.09223,-0.109516,-8.5E-5));
#11442=CARTESIAN_POINT('',(0.092484,-0.10977,-8.5E-5));
#11443=CARTESIAN_POINT('',(0.092484,-0.10977,-8.5E-5));
#11444=CARTESIAN_POINT('',(0.094516,-0.10977,-8.5E-5));
#11445=CARTESIAN_POINT('',(0.094516,-0.10977,-8.5E-5));
#11446=CARTESIAN_POINT('',(0.09477,-0.109516,-8.5E-5));
#11447=CARTESIAN_POINT('',(0.09477,-0.109516,-8.5E-5));
#11448=CARTESIAN_POINT('',(0.095024,-0.10977,-8.5E-5));
#11449=CARTESIAN_POINT('',(0.095024,-0.10977,-8.5E-5));
#11450=CARTESIAN_POINT('',(0.097056,-0.10977,-8.50000000000011E-5));
#11451=CARTESIAN_POINT('',(0.097056,-0.10977,-8.50000000000011E-5));
#11452=CARTESIAN_POINT('',(0.09731,-0.109516,-8.50000000000011E-5));
#11453=CARTESIAN_POINT('',(0.09731,-0.109516,-8.50000000000011E-5));
#11454=CARTESIAN_POINT('',(0.097564,-0.10977,-8.50000000000011E-5));
#11455=CARTESIAN_POINT('',(0.097564,-0.10977,-8.50000000000011E-5));
#11456=CARTESIAN_POINT('',(0.099596,-0.10977,-8.50000000000014E-5));
#11457=CARTESIAN_POINT('',(0.099596,-0.10977,-8.50000000000014E-5));
#11458=CARTESIAN_POINT('',(0.09985,-0.109516,-8.50000000000014E-5));
#11459=CARTESIAN_POINT('',(0.09985,-0.109516,-8.50000000000014E-5));
#11460=CARTESIAN_POINT('',(0.100104,-0.10977,-8.50000000000014E-5));
#11461=CARTESIAN_POINT('',(0.100104,-0.10977,-8.50000000000014E-5));
#11462=CARTESIAN_POINT('',(0.102136,-0.10977,-8.50000000000017E-5));
#11463=CARTESIAN_POINT('',(0.102136,-0.10977,-8.50000000000017E-5));
#11464=CARTESIAN_POINT('',(0.10239,-0.109516,-8.50000000000017E-5));
#11465=CARTESIAN_POINT('',(0.10239,-0.109516,-8.50000000000017E-5));
#11466=CARTESIAN_POINT('',(0.102644,-0.10977,-8.50000000000018E-5));
#11467=CARTESIAN_POINT('',(0.102644,-0.10977,-8.50000000000018E-5));
#11468=CARTESIAN_POINT('',(0.104676,-0.10977,-8.5000000000002E-5));
#11469=CARTESIAN_POINT('',(0.104676,-0.10977,-8.5000000000002E-5));
#11470=CARTESIAN_POINT('',(0.10493,-0.109516,-8.5000000000002E-5));
#11471=CARTESIAN_POINT('',(0.10493,-0.109516,-8.5000000000002E-5));
#11472=CARTESIAN_POINT('',(0.105184,-0.10977,-8.50000000000021E-5));
#11473=CARTESIAN_POINT('',(0.105184,-0.10977,-8.50000000000021E-5));
#11474=CARTESIAN_POINT('',(0.107216,-0.10977,-8.50000000000023E-5));
#11475=CARTESIAN_POINT('',(0.107216,-0.10977,-8.50000000000023E-5));
#11476=CARTESIAN_POINT('',(0.10747,-0.109516,-8.50000000000023E-5));
#11477=CARTESIAN_POINT('',(0.10747,-0.109516,-8.50000000000023E-5));
#11478=CARTESIAN_POINT('',(0.10747,-0.107484,-8.50000000000023E-5));
#11479=CARTESIAN_POINT('',(0.10747,-0.107484,-8.50000000000023E-5));
#11480=CARTESIAN_POINT('',(0.107216,-0.10723,-8.50000000000023E-5));
#11481=CARTESIAN_POINT('',(0.107216,-0.10723,-8.50000000000023E-5));
#11482=CARTESIAN_POINT('',(0.105184,-0.10723,-8.50000000000021E-5));
#11483=CARTESIAN_POINT('',(0.105184,-0.10723,-8.50000000000021E-5));
#11484=CARTESIAN_POINT('',(0.10493,-0.107484,-8.5000000000002E-5));
#11485=CARTESIAN_POINT('',(0.10493,-0.107484,-8.5000000000002E-5));
#11486=CARTESIAN_POINT('',(0.104676,-0.10723,-8.5000000000002E-5));
#11487=CARTESIAN_POINT('',(0.104676,-0.10723,-8.5000000000002E-5));
#11488=CARTESIAN_POINT('',(0.102644,-0.10723,-8.50000000000018E-5));
#11489=CARTESIAN_POINT('',(0.102644,-0.10723,-8.50000000000018E-5));
#11490=CARTESIAN_POINT('',(0.10239,-0.107484,-8.50000000000017E-5));
#11491=CARTESIAN_POINT('',(0.10239,-0.107484,-8.50000000000017E-5));
#11492=CARTESIAN_POINT('',(0.102136,-0.10723,-8.50000000000017E-5));
#11493=CARTESIAN_POINT('',(0.102136,-0.10723,-8.50000000000017E-5));
#11494=CARTESIAN_POINT('',(0.100104,-0.10723,-8.50000000000014E-5));
#11495=CARTESIAN_POINT('',(0.100104,-0.10723,-8.50000000000014E-5));
#11496=CARTESIAN_POINT('',(0.09985,-0.107484,-8.50000000000014E-5));
#11497=CARTESIAN_POINT('',(0.09985,-0.107484,-8.50000000000014E-5));
#11498=CARTESIAN_POINT('',(0.099596,-0.10723,-8.50000000000014E-5));
#11499=CARTESIAN_POINT('',(0.099596,-0.10723,-8.50000000000014E-5));
#11500=CARTESIAN_POINT('',(0.097564,-0.10723,-8.50000000000011E-5));
#11501=CARTESIAN_POINT('',(0.097564,-0.10723,-8.50000000000011E-5));
#11502=CARTESIAN_POINT('',(0.09731,-0.107484,-8.50000000000011E-5));
#11503=CARTESIAN_POINT('',(0.09731,-0.107484,-8.50000000000011E-5));
#11504=CARTESIAN_POINT('',(0.097056,-0.10723,-8.50000000000011E-5));
#11505=CARTESIAN_POINT('',(0.097056,-0.10723,-8.50000000000011E-5));
#11506=CARTESIAN_POINT('',(0.095024,-0.10723,-8.5E-5));
#11507=CARTESIAN_POINT('',(0.095024,-0.10723,-8.5E-5));
#11508=CARTESIAN_POINT('',(0.09477,-0.107484,-8.5E-5));
#11509=CARTESIAN_POINT('',(0.09477,-0.107484,-8.5E-5));
#11510=CARTESIAN_POINT('',(0.094516,-0.10723,-8.5E-5));
#11511=CARTESIAN_POINT('',(0.094516,-0.10723,-8.5E-5));
#11512=CARTESIAN_POINT('',(0.092484,-0.10723,-8.5E-5));
#11513=CARTESIAN_POINT('',(0.092484,-0.10723,-8.5E-5));
#11514=CARTESIAN_POINT('',(0.09223,-0.107484,-8.5E-5));
#11515=CARTESIAN_POINT('',(0.09223,-0.107484,-8.5E-5));
#11516=CARTESIAN_POINT('',(0.091976,-0.10723,-8.5E-5));
#11517=CARTESIAN_POINT('',(0.091976,-0.10723,-8.5E-5));
#11518=CARTESIAN_POINT('',(0.089944,-0.10723,-8.5E-5));
#11519=CARTESIAN_POINT('',(0.089944,-0.10723,-8.5E-5));
#11520=CARTESIAN_POINT('',(0.08969,-0.107484,-8.5E-5));
#11521=CARTESIAN_POINT('',(0.08969,-0.107484,-8.5E-5));
#11522=CARTESIAN_POINT('',(0.089436,-0.10723,-8.5E-5));
#11523=CARTESIAN_POINT('',(0.09731,-0.10882,-8.50000000000011E-5));
#11524=CARTESIAN_POINT('',(0.10652,-0.10882,-8.50000000000022E-5));
#11525=CARTESIAN_POINT('',(0.10588,-0.10882,-8.50000000000022E-5));
#11526=CARTESIAN_POINT('',(0.10588,-0.1085,-8.50000000000022E-5));
#11527=CARTESIAN_POINT('',(0.10588,-0.10818,-8.50000000000022E-5));
#11528=CARTESIAN_POINT('',(0.10652,-0.10818,-8.50000000000022E-5));
#11529=CARTESIAN_POINT('',(0.10652,-0.10818,-8.50000000000022E-5));
#11530=CARTESIAN_POINT('',(0.10652,-0.10818,-8.50000000000022E-5));
#11531=CARTESIAN_POINT('',(0.10398,-0.10818,-8.50000000000019E-5));
#11532=CARTESIAN_POINT('',(0.10398,-0.10818,-8.50000000000019E-5));
#11533=CARTESIAN_POINT('',(0.10334,-0.10818,-8.50000000000018E-5));
#11534=CARTESIAN_POINT('',(0.10398,-0.10818,-8.50000000000019E-5));
#11535=CARTESIAN_POINT('',(0.10398,-0.10882,-8.50000000000019E-5));
#11536=CARTESIAN_POINT('',(0.09731,-0.10882,-8.50000000000011E-5));
#11537=CARTESIAN_POINT('',(0.10334,-0.10882,-8.50000000000018E-5));
#11538=CARTESIAN_POINT('',(0.10334,-0.1085,-8.50000000000018E-5));
#11539=CARTESIAN_POINT('',(0.09572,-0.1085,-8.5E-5));
#11540=CARTESIAN_POINT('',(0.09572,-0.10882,-8.5E-5));
#11541=CARTESIAN_POINT('',(0.09572,-0.10818,-8.5E-5));
#11542=CARTESIAN_POINT('',(0.09636,-0.10818,-8.5000000000001E-5));
#11543=CARTESIAN_POINT('',(0.09636,-0.10818,-8.5000000000001E-5));
#11544=CARTESIAN_POINT('',(0.09636,-0.10818,-8.5000000000001E-5));
#11545=CARTESIAN_POINT('',(0.09636,-0.10882,-8.5000000000001E-5));
#11546=CARTESIAN_POINT('',(0.09731,-0.10882,-8.50000000000011E-5));
#11547=CARTESIAN_POINT('',(0.10144,-0.10818,-8.50000000000016E-5));
#11548=CARTESIAN_POINT('',(0.10144,-0.10818,-8.50000000000016E-5));
#11549=CARTESIAN_POINT('',(0.1008,-0.10818,-8.50000000000015E-5));
#11550=CARTESIAN_POINT('',(0.10144,-0.10818,-8.50000000000016E-5));
#11551=CARTESIAN_POINT('',(0.10144,-0.10882,-8.50000000000016E-5));
#11552=CARTESIAN_POINT('',(0.09731,-0.10882,-8.50000000000011E-5));
#11553=CARTESIAN_POINT('',(0.1008,-0.10882,-8.50000000000015E-5));
#11554=CARTESIAN_POINT('',(0.1008,-0.1085,-8.50000000000015E-5));
#11555=CARTESIAN_POINT('',(0.09826,-0.1085,-8.50000000000012E-5));
#11556=CARTESIAN_POINT('',(0.09826,-0.10882,-8.50000000000012E-5));
#11557=CARTESIAN_POINT('',(0.09826,-0.10818,-8.50000000000012E-5));
#11558=CARTESIAN_POINT('',(0.0989,-0.10818,-8.50000000000013E-5));
#11559=CARTESIAN_POINT('',(0.0989,-0.10818,-8.50000000000013E-5));
#11560=CARTESIAN_POINT('',(0.0989,-0.10818,-8.50000000000013E-5));
#11561=CARTESIAN_POINT('',(0.0989,-0.10882,-8.50000000000013E-5));
#11562=CARTESIAN_POINT('',(0.09731,-0.10882,-8.50000000000011E-5));
#11563=CARTESIAN_POINT('',(0.09128,-0.10818,-8.5E-5));
#11564=CARTESIAN_POINT('',(0.09128,-0.10818,-8.5E-5));
#11565=CARTESIAN_POINT('',(0.09064,-0.10818,-8.5E-5));
#11566=CARTESIAN_POINT('',(0.09128,-0.10818,-8.5E-5));
#11567=CARTESIAN_POINT('',(0.09128,-0.10882,-8.5E-5));
#11568=CARTESIAN_POINT('',(0.09731,-0.10882,-8.50000000000011E-5));
#11569=CARTESIAN_POINT('',(0.09064,-0.10882,-8.5E-5));
#11570=CARTESIAN_POINT('',(0.09064,-0.1085,-8.5E-5));
#11571=CARTESIAN_POINT('',(0.09731,-0.10882,-8.50000000000011E-5));
#11572=CARTESIAN_POINT('',(0.09382,-0.10882,-8.5E-5));
#11573=CARTESIAN_POINT('',(0.09318,-0.10882,-8.5E-5));
#11574=CARTESIAN_POINT('',(0.09318,-0.1085,-8.5E-5));
#11575=CARTESIAN_POINT('',(0.09318,-0.10818,-8.5E-5));
#11576=CARTESIAN_POINT('',(0.09382,-0.10818,-8.5E-5));
#11577=CARTESIAN_POINT('',(0.09382,-0.10818,-8.5E-5));
#11578=CARTESIAN_POINT('',(0.09382,-0.10818,-8.5E-5));
#11579=CARTESIAN_POINT('',(0.0881,-0.1085,-8.5E-5));
#11580=CARTESIAN_POINT('',(0.0881,-0.10882,-8.5E-5));
#11581=CARTESIAN_POINT('',(0.0881,-0.10818,-8.5E-5));
#11582=CARTESIAN_POINT('',(0.08874,-0.10818,-8.5E-5));
#11583=CARTESIAN_POINT('',(0.08874,-0.10818,-8.5E-5));
#11584=CARTESIAN_POINT('',(0.08874,-0.10818,-8.5E-5));
#11585=CARTESIAN_POINT('',(0.08874,-0.10882,-8.5E-5));
#11586=CARTESIAN_POINT('',(0.09731,-0.10882,-8.50000000000011E-5));
#11587=CARTESIAN_POINT('',(0.09731,-0.1085,-0.002625));
#11588=CARTESIAN_POINT('',(0.089436,-0.10723,-0.002625));
#11589=CARTESIAN_POINT('',(0.08969,-0.107484,-0.002625));
#11590=CARTESIAN_POINT('',(0.08969,-0.107484,-0.002625));
#11591=CARTESIAN_POINT('',(0.089944,-0.10723,-0.002625));
#11592=CARTESIAN_POINT('',(0.09731,-0.10723,-0.002625));
#11593=CARTESIAN_POINT('',(0.091976,-0.10723,-0.002625));
#11594=CARTESIAN_POINT('',(0.091976,-0.10723,-0.002625));
#11595=CARTESIAN_POINT('',(0.09223,-0.107484,-0.002625));
#11596=CARTESIAN_POINT('',(0.09223,-0.107484,-0.002625));
#11597=CARTESIAN_POINT('',(0.092484,-0.10723,-0.002625));
#11598=CARTESIAN_POINT('',(0.09731,-0.10723,-0.002625));
#11599=CARTESIAN_POINT('',(0.094516,-0.10723,-0.002625));
#11600=CARTESIAN_POINT('',(0.094516,-0.10723,-0.002625));
#11601=CARTESIAN_POINT('',(0.09477,-0.107484,-0.002625));
#11602=CARTESIAN_POINT('',(0.09477,-0.107484,-0.002625));
#11603=CARTESIAN_POINT('',(0.095024,-0.10723,-0.002625));
#11604=CARTESIAN_POINT('',(0.09731,-0.10723,-0.002625));
#11605=CARTESIAN_POINT('',(0.097056,-0.10723,-0.002625));
#11606=CARTESIAN_POINT('',(0.097056,-0.10723,-0.002625));
#11607=CARTESIAN_POINT('',(0.09731,-0.107484,-0.002625));
#11608=CARTESIAN_POINT('',(0.09731,-0.107484,-0.002625));
#11609=CARTESIAN_POINT('',(0.097564,-0.10723,-0.002625));
#11610=CARTESIAN_POINT('',(0.09731,-0.10723,-0.002625));
#11611=CARTESIAN_POINT('',(0.099596,-0.10723,-0.002625));
#11612=CARTESIAN_POINT('',(0.099596,-0.10723,-0.002625));
#11613=CARTESIAN_POINT('',(0.09985,-0.107484,-0.002625));
#11614=CARTESIAN_POINT('',(0.09985,-0.107484,-0.002625));
#11615=CARTESIAN_POINT('',(0.100104,-0.10723,-0.002625));
#11616=CARTESIAN_POINT('',(0.09731,-0.10723,-0.002625));
#11617=CARTESIAN_POINT('',(0.102136,-0.10723,-0.002625));
#11618=CARTESIAN_POINT('',(0.102136,-0.10723,-0.002625));
#11619=CARTESIAN_POINT('',(0.10239,-0.107484,-0.002625));
#11620=CARTESIAN_POINT('',(0.10239,-0.107484,-0.002625));
#11621=CARTESIAN_POINT('',(0.102644,-0.10723,-0.002625));
#11622=CARTESIAN_POINT('',(0.09731,-0.10723,-0.002625));
#11623=CARTESIAN_POINT('',(0.104676,-0.10723,-0.002625));
#11624=CARTESIAN_POINT('',(0.104676,-0.10723,-0.002625));
#11625=CARTESIAN_POINT('',(0.10493,-0.107484,-0.002625));
#11626=CARTESIAN_POINT('',(0.10493,-0.107484,-0.002625));
#11627=CARTESIAN_POINT('',(0.105184,-0.10723,-0.002625));
#11628=CARTESIAN_POINT('',(0.09731,-0.10723,-0.002625));
#11629=CARTESIAN_POINT('',(0.107216,-0.10723,-0.002625));
#11630=CARTESIAN_POINT('',(0.107216,-0.10723,-0.002625));
#11631=CARTESIAN_POINT('',(0.10747,-0.107484,-0.002625));
#11632=CARTESIAN_POINT('',(0.10747,-0.1085,-0.002625));
#11633=CARTESIAN_POINT('',(0.10747,-0.109516,-0.002625));
#11634=CARTESIAN_POINT('',(0.10747,-0.109516,-0.002625));
#11635=CARTESIAN_POINT('',(0.107216,-0.10977,-0.002625));
#11636=CARTESIAN_POINT('',(0.09731,-0.10977,-0.002625));
#11637=CARTESIAN_POINT('',(0.105184,-0.10977,-0.002625));
#11638=CARTESIAN_POINT('',(0.105184,-0.10977,-0.002625));
#11639=CARTESIAN_POINT('',(0.10493,-0.109516,-0.002625));
#11640=CARTESIAN_POINT('',(0.10493,-0.109516,-0.002625));
#11641=CARTESIAN_POINT('',(0.104676,-0.10977,-0.002625));
#11642=CARTESIAN_POINT('',(0.09731,-0.10977,-0.002625));
#11643=CARTESIAN_POINT('',(0.102644,-0.10977,-0.002625));
#11644=CARTESIAN_POINT('',(0.102644,-0.10977,-0.002625));
#11645=CARTESIAN_POINT('',(0.10239,-0.109516,-0.002625));
#11646=CARTESIAN_POINT('',(0.10239,-0.109516,-0.002625));
#11647=CARTESIAN_POINT('',(0.102136,-0.10977,-0.002625));
#11648=CARTESIAN_POINT('',(0.09731,-0.10977,-0.002625));
#11649=CARTESIAN_POINT('',(0.100104,-0.10977,-0.002625));
#11650=CARTESIAN_POINT('',(0.100104,-0.10977,-0.002625));
#11651=CARTESIAN_POINT('',(0.09985,-0.109516,-0.002625));
#11652=CARTESIAN_POINT('',(0.09985,-0.109516,-0.002625));
#11653=CARTESIAN_POINT('',(0.099596,-0.10977,-0.002625));
#11654=CARTESIAN_POINT('',(0.09731,-0.10977,-0.002625));
#11655=CARTESIAN_POINT('',(0.097564,-0.10977,-0.002625));
#11656=CARTESIAN_POINT('',(0.097564,-0.10977,-0.002625));
#11657=CARTESIAN_POINT('',(0.09731,-0.109516,-0.002625));
#11658=CARTESIAN_POINT('',(0.09731,-0.109516,-0.002625));
#11659=CARTESIAN_POINT('',(0.097056,-0.10977,-0.002625));
#11660=CARTESIAN_POINT('',(0.09731,-0.10977,-0.002625));
#11661=CARTESIAN_POINT('',(0.095024,-0.10977,-0.002625));
#11662=CARTESIAN_POINT('',(0.095024,-0.10977,-0.002625));
#11663=CARTESIAN_POINT('',(0.09477,-0.109516,-0.002625));
#11664=CARTESIAN_POINT('',(0.09477,-0.109516,-0.002625));
#11665=CARTESIAN_POINT('',(0.094516,-0.10977,-0.002625));
#11666=CARTESIAN_POINT('',(0.09731,-0.10977,-0.002625));
#11667=CARTESIAN_POINT('',(0.092484,-0.10977,-0.002625));
#11668=CARTESIAN_POINT('',(0.092484,-0.10977,-0.002625));
#11669=CARTESIAN_POINT('',(0.09223,-0.109516,-0.002625));
#11670=CARTESIAN_POINT('',(0.09223,-0.109516,-0.002625));
#11671=CARTESIAN_POINT('',(0.091976,-0.10977,-0.002625));
#11672=CARTESIAN_POINT('',(0.09731,-0.10977,-0.002625));
#11673=CARTESIAN_POINT('',(0.089944,-0.10977,-0.002625));
#11674=CARTESIAN_POINT('',(0.089944,-0.10977,-0.002625));
#11675=CARTESIAN_POINT('',(0.08969,-0.109516,-0.002625));
#11676=CARTESIAN_POINT('',(0.08969,-0.109516,-0.002625));
#11677=CARTESIAN_POINT('',(0.089436,-0.10977,-0.002625));
#11678=CARTESIAN_POINT('',(0.09731,-0.10977,-0.002625));
#11679=CARTESIAN_POINT('',(0.087404,-0.10977,-0.002625));
#11680=CARTESIAN_POINT('',(0.087404,-0.10977,-0.002625));
#11681=CARTESIAN_POINT('',(0.10652,-0.1085,-0.002625));
#11682=CARTESIAN_POINT('',(0.10652,-0.10882,-0.002625));
#11683=CARTESIAN_POINT('',(0.10652,-0.10818,-0.002625));
#11684=CARTESIAN_POINT('',(0.09731,-0.10818,-0.002625));
#11685=CARTESIAN_POINT('',(0.10588,-0.10818,-0.002625));
#11686=CARTESIAN_POINT('',(0.10588,-0.10818,-0.002625));
#11687=CARTESIAN_POINT('',(0.10588,-0.10882,-0.002625));
#11688=CARTESIAN_POINT('',(0.10652,-0.10882,-0.002625));
#11689=CARTESIAN_POINT('',(0.10334,-0.10818,-0.002625));
#11690=CARTESIAN_POINT('',(0.10334,-0.10882,-0.002625));
#11691=CARTESIAN_POINT('',(0.10334,-0.10818,-0.002625));
#11692=CARTESIAN_POINT('',(0.10398,-0.10882,-0.002625));
#11693=CARTESIAN_POINT('',(0.10398,-0.10882,-0.002625));
#11694=CARTESIAN_POINT('',(0.10398,-0.1085,-0.002625));
#11695=CARTESIAN_POINT('',(0.10398,-0.10818,-0.002625));
#11696=CARTESIAN_POINT('',(0.09731,-0.10818,-0.002625));
#11697=CARTESIAN_POINT('',(0.09636,-0.10882,-0.002625));
#11698=CARTESIAN_POINT('',(0.09636,-0.10882,-0.002625));
#11699=CARTESIAN_POINT('',(0.09572,-0.10882,-0.002625));
#11700=CARTESIAN_POINT('',(0.09636,-0.1085,-0.002625));
#11701=CARTESIAN_POINT('',(0.09636,-0.10818,-0.002625));
#11702=CARTESIAN_POINT('',(0.09731,-0.10818,-0.002625));
#11703=CARTESIAN_POINT('',(0.09572,-0.10818,-0.002625));
#11704=CARTESIAN_POINT('',(0.09572,-0.10818,-0.002625));
#11705=CARTESIAN_POINT('',(0.1008,-0.10818,-0.002625));
#11706=CARTESIAN_POINT('',(0.1008,-0.10882,-0.002625));
#11707=CARTESIAN_POINT('',(0.1008,-0.10818,-0.002625));
#11708=CARTESIAN_POINT('',(0.10144,-0.10882,-0.002625));
#11709=CARTESIAN_POINT('',(0.10144,-0.10882,-0.002625));
#11710=CARTESIAN_POINT('',(0.10144,-0.1085,-0.002625));
#11711=CARTESIAN_POINT('',(0.10144,-0.10818,-0.002625));
#11712=CARTESIAN_POINT('',(0.09731,-0.10818,-0.002625));
#11713=CARTESIAN_POINT('',(0.0989,-0.10882,-0.002625));
#11714=CARTESIAN_POINT('',(0.0989,-0.10882,-0.002625));
#11715=CARTESIAN_POINT('',(0.09826,-0.10882,-0.002625));
#11716=CARTESIAN_POINT('',(0.0989,-0.1085,-0.002625));
#11717=CARTESIAN_POINT('',(0.0989,-0.10818,-0.002625));
#11718=CARTESIAN_POINT('',(0.09731,-0.10818,-0.002625));
#11719=CARTESIAN_POINT('',(0.09826,-0.10818,-0.002625));
#11720=CARTESIAN_POINT('',(0.09826,-0.10818,-0.002625));
#11721=CARTESIAN_POINT('',(0.09064,-0.10818,-0.002625));
#11722=CARTESIAN_POINT('',(0.09064,-0.10882,-0.002625));
#11723=CARTESIAN_POINT('',(0.09064,-0.10818,-0.002625));
#11724=CARTESIAN_POINT('',(0.09128,-0.10882,-0.002625));
#11725=CARTESIAN_POINT('',(0.09128,-0.10882,-0.002625));
#11726=CARTESIAN_POINT('',(0.09128,-0.1085,-0.002625));
#11727=CARTESIAN_POINT('',(0.09128,-0.10818,-0.002625));
#11728=CARTESIAN_POINT('',(0.09731,-0.10818,-0.002625));
#11729=CARTESIAN_POINT('',(0.09382,-0.1085,-0.002625));
#11730=CARTESIAN_POINT('',(0.09382,-0.10882,-0.002625));
#11731=CARTESIAN_POINT('',(0.09382,-0.10818,-0.002625));
#11732=CARTESIAN_POINT('',(0.09731,-0.10818,-0.002625));
#11733=CARTESIAN_POINT('',(0.09318,-0.10818,-0.002625));
#11734=CARTESIAN_POINT('',(0.09318,-0.10818,-0.002625));
#11735=CARTESIAN_POINT('',(0.09318,-0.10882,-0.002625));
#11736=CARTESIAN_POINT('',(0.09382,-0.10882,-0.002625));
#11737=CARTESIAN_POINT('',(0.08874,-0.10882,-0.002625));
#11738=CARTESIAN_POINT('',(0.08874,-0.10882,-0.002625));
#11739=CARTESIAN_POINT('',(0.0881,-0.10882,-0.002625));
#11740=CARTESIAN_POINT('',(0.08874,-0.1085,-0.002625));
#11741=CARTESIAN_POINT('',(0.08874,-0.10818,-0.002625));
#11742=CARTESIAN_POINT('',(0.09731,-0.10818,-0.002625));
#11743=CARTESIAN_POINT('',(0.0881,-0.10818,-0.002625));
#11744=CARTESIAN_POINT('',(0.0881,-0.10818,-0.002625));
#11745=CARTESIAN_POINT('',(0.087404,-0.10977,-8.5E-5));
#11746=CARTESIAN_POINT('',(0.087404,-0.10977,-8.5E-5));
#11747=CARTESIAN_POINT('',(0.089436,-0.10723,-8.5E-5));
#11748=CARTESIAN_POINT('',(0.08969,-0.107484,-8.5E-5));
#11749=CARTESIAN_POINT('',(0.089436,-0.10977,-8.5E-5));
#11750=CARTESIAN_POINT('',(0.089436,-0.10977,-8.5E-5));
#11751=CARTESIAN_POINT('',(0.08969,-0.107484,-8.5E-5));
#11752=CARTESIAN_POINT('',(0.089944,-0.10723,-8.5E-5));
#11753=CARTESIAN_POINT('',(0.08969,-0.109516,-8.5E-5));
#11754=CARTESIAN_POINT('',(0.08969,-0.109516,-8.5E-5));
#11755=CARTESIAN_POINT('',(0.089944,-0.10723,-8.5E-5));
#11756=CARTESIAN_POINT('',(0.091976,-0.10723,-8.5E-5));
#11757=CARTESIAN_POINT('',(0.089944,-0.10977,-8.5E-5));
#11758=CARTESIAN_POINT('',(0.089944,-0.10977,-8.5E-5));
#11759=CARTESIAN_POINT('',(0.091976,-0.10723,-8.5E-5));
#11760=CARTESIAN_POINT('',(0.09223,-0.107484,-8.5E-5));
#11761=CARTESIAN_POINT('',(0.091976,-0.10977,-8.5E-5));
#11762=CARTESIAN_POINT('',(0.091976,-0.10977,-8.5E-5));
#11763=CARTESIAN_POINT('',(0.09223,-0.107484,-8.5E-5));
#11764=CARTESIAN_POINT('',(0.092484,-0.10723,-8.5E-5));
#11765=CARTESIAN_POINT('',(0.09223,-0.109516,-8.5E-5));
#11766=CARTESIAN_POINT('',(0.09223,-0.109516,-8.5E-5));
#11767=CARTESIAN_POINT('',(0.092484,-0.10723,-8.5E-5));
#11768=CARTESIAN_POINT('',(0.094516,-0.10723,-8.5E-5));
#11769=CARTESIAN_POINT('',(0.092484,-0.10977,-8.5E-5));
#11770=CARTESIAN_POINT('',(0.092484,-0.10977,-8.5E-5));
#11771=CARTESIAN_POINT('',(0.094516,-0.10723,-8.5E-5));
#11772=CARTESIAN_POINT('',(0.09477,-0.107484,-8.5E-5));
#11773=CARTESIAN_POINT('',(0.094516,-0.10977,-8.5E-5));
#11774=CARTESIAN_POINT('',(0.094516,-0.10977,-8.5E-5));
#11775=CARTESIAN_POINT('',(0.09477,-0.107484,-8.5E-5));
#11776=CARTESIAN_POINT('',(0.095024,-0.10723,-8.5E-5));
#11777=CARTESIAN_POINT('',(0.09477,-0.109516,-8.5E-5));
#11778=CARTESIAN_POINT('',(0.09477,-0.109516,-8.5E-5));
#11779=CARTESIAN_POINT('',(0.095024,-0.10723,-8.5E-5));
#11780=CARTESIAN_POINT('',(0.097056,-0.10723,-8.50000000000011E-5));
#11781=CARTESIAN_POINT('',(0.095024,-0.10977,-8.5E-5));
#11782=CARTESIAN_POINT('',(0.095024,-0.10977,-8.5E-5));
#11783=CARTESIAN_POINT('',(0.097056,-0.10723,-8.50000000000011E-5));
#11784=CARTESIAN_POINT('',(0.09731,-0.107484,-8.50000000000011E-5));
#11785=CARTESIAN_POINT('',(0.097056,-0.10977,-8.50000000000011E-5));
#11786=CARTESIAN_POINT('',(0.097056,-0.10977,-8.50000000000011E-5));
#11787=CARTESIAN_POINT('',(0.09731,-0.107484,-8.50000000000011E-5));
#11788=CARTESIAN_POINT('',(0.097564,-0.10723,-8.50000000000011E-5));
#11789=CARTESIAN_POINT('',(0.09731,-0.109516,-8.50000000000011E-5));
#11790=CARTESIAN_POINT('',(0.09731,-0.109516,-8.50000000000011E-5));
#11791=CARTESIAN_POINT('',(0.097564,-0.10723,-8.50000000000011E-5));
#11792=CARTESIAN_POINT('',(0.099596,-0.10723,-8.50000000000014E-5));
#11793=CARTESIAN_POINT('',(0.097564,-0.10977,-8.50000000000011E-5));
#11794=CARTESIAN_POINT('',(0.097564,-0.10977,-8.50000000000011E-5));
#11795=CARTESIAN_POINT('',(0.099596,-0.10723,-8.50000000000014E-5));
#11796=CARTESIAN_POINT('',(0.09985,-0.107484,-8.50000000000014E-5));
#11797=CARTESIAN_POINT('',(0.099596,-0.10977,-8.50000000000014E-5));
#11798=CARTESIAN_POINT('',(0.099596,-0.10977,-8.50000000000014E-5));
#11799=CARTESIAN_POINT('',(0.09985,-0.107484,-8.50000000000014E-5));
#11800=CARTESIAN_POINT('',(0.100104,-0.10723,-8.50000000000014E-5));
#11801=CARTESIAN_POINT('',(0.09985,-0.109516,-8.50000000000014E-5));
#11802=CARTESIAN_POINT('',(0.09985,-0.109516,-8.50000000000014E-5));
#11803=CARTESIAN_POINT('',(0.100104,-0.10723,-8.50000000000014E-5));
#11804=CARTESIAN_POINT('',(0.102136,-0.10723,-8.50000000000017E-5));
#11805=CARTESIAN_POINT('',(0.100104,-0.10977,-8.50000000000014E-5));
#11806=CARTESIAN_POINT('',(0.100104,-0.10977,-8.50000000000014E-5));
#11807=CARTESIAN_POINT('',(0.102136,-0.10723,-8.50000000000017E-5));
#11808=CARTESIAN_POINT('',(0.10239,-0.107484,-8.50000000000017E-5));
#11809=CARTESIAN_POINT('',(0.102136,-0.10977,-8.50000000000017E-5));
#11810=CARTESIAN_POINT('',(0.102136,-0.10977,-8.50000000000017E-5));
#11811=CARTESIAN_POINT('',(0.10239,-0.107484,-8.50000000000017E-5));
#11812=CARTESIAN_POINT('',(0.102644,-0.10723,-8.50000000000018E-5));
#11813=CARTESIAN_POINT('',(0.10239,-0.109516,-8.50000000000017E-5));
#11814=CARTESIAN_POINT('',(0.10239,-0.109516,-8.50000000000017E-5));
#11815=CARTESIAN_POINT('',(0.102644,-0.10723,-8.50000000000018E-5));
#11816=CARTESIAN_POINT('',(0.104676,-0.10723,-8.5000000000002E-5));
#11817=CARTESIAN_POINT('',(0.102644,-0.10977,-8.50000000000018E-5));
#11818=CARTESIAN_POINT('',(0.102644,-0.10977,-8.50000000000018E-5));
#11819=CARTESIAN_POINT('',(0.104676,-0.10723,-8.5000000000002E-5));
#11820=CARTESIAN_POINT('',(0.10493,-0.107484,-8.5000000000002E-5));
#11821=CARTESIAN_POINT('',(0.104676,-0.10977,-8.5000000000002E-5));
#11822=CARTESIAN_POINT('',(0.104676,-0.10977,-8.5000000000002E-5));
#11823=CARTESIAN_POINT('',(0.10493,-0.107484,-8.5000000000002E-5));
#11824=CARTESIAN_POINT('',(0.105184,-0.10723,-8.50000000000021E-5));
#11825=CARTESIAN_POINT('',(0.10493,-0.109516,-8.5000000000002E-5));
#11826=CARTESIAN_POINT('',(0.10493,-0.109516,-8.5000000000002E-5));
#11827=CARTESIAN_POINT('',(0.105184,-0.10723,-8.50000000000021E-5));
#11828=CARTESIAN_POINT('',(0.107216,-0.10723,-8.50000000000023E-5));
#11829=CARTESIAN_POINT('',(0.105184,-0.10977,-8.50000000000021E-5));
#11830=CARTESIAN_POINT('',(0.105184,-0.10977,-8.50000000000021E-5));
#11831=CARTESIAN_POINT('',(0.107216,-0.10723,-8.50000000000023E-5));
#11832=CARTESIAN_POINT('',(0.10747,-0.107484,-8.50000000000023E-5));
#11833=CARTESIAN_POINT('',(0.107216,-0.10977,-8.50000000000023E-5));
#11834=CARTESIAN_POINT('',(0.107216,-0.10977,-8.50000000000023E-5));
#11835=CARTESIAN_POINT('',(0.10747,-0.107484,-8.50000000000023E-5));
#11836=CARTESIAN_POINT('',(0.10747,-0.109516,-8.50000000000023E-5));
#11837=CARTESIAN_POINT('',(0.10747,-0.109516,-8.50000000000023E-5));
#11838=CARTESIAN_POINT('',(0.10652,-0.10818,0.002915));
#11839=CARTESIAN_POINT('',(0.10652,-0.10818,0.002915));
#11840=CARTESIAN_POINT('',(0.10652,-0.10818,0.002755));
#11841=CARTESIAN_POINT('',(0.10652,-0.10818,0.002755));
#11842=CARTESIAN_POINT('',(0.10652,-0.10882,0.002755));
#11843=CARTESIAN_POINT('',(0.10652,-0.10882,0.002915));
#11844=CARTESIAN_POINT('',(0.10652,-0.10882,0.002915));
#11845=CARTESIAN_POINT('',(0.10652,-0.10882,0.002755));
#11846=CARTESIAN_POINT('',(0.10588,-0.10882,0.002755));
#11847=CARTESIAN_POINT('',(0.10588,-0.10882,0.002915));
#11848=CARTESIAN_POINT('',(0.10588,-0.10818,0.002915));
#11849=CARTESIAN_POINT('',(0.10588,-0.10818,0.002755));
#11850=CARTESIAN_POINT('',(0.10588,-0.10818,0.002755));
#11851=CARTESIAN_POINT('',(0.10588,-0.10818,0.002915));
#11852=CARTESIAN_POINT('',(0.10652,-0.10818,0.002915));
#11853=CARTESIAN_POINT('',(0.10652,-0.10818,0.002755));
#11854=CARTESIAN_POINT('',(0.10334,-0.10818,0.002915));
#11855=CARTESIAN_POINT('',(0.10334,-0.10882,0.002915));
#11856=CARTESIAN_POINT('',(0.10334,-0.10882,0.002755));
#11857=CARTESIAN_POINT('',(0.10334,-0.10818,0.002755));
#11858=CARTESIAN_POINT('',(0.10334,-0.10818,0.002755));
#11859=CARTESIAN_POINT('',(0.10334,-0.10818,0.002915));
#11860=CARTESIAN_POINT('',(0.10398,-0.10818,0.002915));
#11861=CARTESIAN_POINT('',(0.10398,-0.10818,0.002755));
#11862=CARTESIAN_POINT('',(0.10398,-0.10818,0.002755));
#11863=CARTESIAN_POINT('',(0.10398,-0.10818,0.002915));
#11864=CARTESIAN_POINT('',(0.10398,-0.10818,0.002915));
#11865=CARTESIAN_POINT('',(0.10398,-0.10818,0.002755));
#11866=CARTESIAN_POINT('',(0.10398,-0.10882,0.002755));
#11867=CARTESIAN_POINT('',(0.10398,-0.10882,0.002915));
#11868=CARTESIAN_POINT('',(0.10398,-0.10882,0.002915));
#11869=CARTESIAN_POINT('',(0.10398,-0.10882,0.002755));
#11870=CARTESIAN_POINT('',(0.09636,-0.10882,0.002915));
#11871=CARTESIAN_POINT('',(0.09636,-0.10882,0.002915));
#11872=CARTESIAN_POINT('',(0.09636,-0.10882,0.002755));
#11873=CARTESIAN_POINT('',(0.09636,-0.10882,0.002755));
#11874=CARTESIAN_POINT('',(0.09572,-0.10882,0.002755));
#11875=CARTESIAN_POINT('',(0.09572,-0.10882,0.002915));
#11876=CARTESIAN_POINT('',(0.09572,-0.10818,0.002915));
#11877=CARTESIAN_POINT('',(0.09572,-0.10818,0.002755));
#11878=CARTESIAN_POINT('',(0.09572,-0.10818,0.002755));
#11879=CARTESIAN_POINT('',(0.09572,-0.10818,0.002915));
#11880=CARTESIAN_POINT('',(0.09636,-0.10818,0.002915));
#11881=CARTESIAN_POINT('',(0.09636,-0.10818,0.002755));
#11882=CARTESIAN_POINT('',(0.09636,-0.10818,0.002755));
#11883=CARTESIAN_POINT('',(0.09636,-0.10818,0.002915));
#11884=CARTESIAN_POINT('',(0.09636,-0.10818,0.002915));
#11885=CARTESIAN_POINT('',(0.09636,-0.10818,0.002755));
#11886=CARTESIAN_POINT('',(0.1008,-0.10818,0.002915));
#11887=CARTESIAN_POINT('',(0.1008,-0.10882,0.002915));
#11888=CARTESIAN_POINT('',(0.1008,-0.10882,0.002755));
#11889=CARTESIAN_POINT('',(0.1008,-0.10818,0.002755));
#11890=CARTESIAN_POINT('',(0.1008,-0.10818,0.002755));
#11891=CARTESIAN_POINT('',(0.1008,-0.10818,0.002915));
#11892=CARTESIAN_POINT('',(0.10144,-0.10818,0.002915));
#11893=CARTESIAN_POINT('',(0.10144,-0.10818,0.002755));
#11894=CARTESIAN_POINT('',(0.10144,-0.10818,0.002755));
#11895=CARTESIAN_POINT('',(0.10144,-0.10818,0.002915));
#11896=CARTESIAN_POINT('',(0.10144,-0.10818,0.002915));
#11897=CARTESIAN_POINT('',(0.10144,-0.10818,0.002755));
#11898=CARTESIAN_POINT('',(0.10144,-0.10882,0.002755));
#11899=CARTESIAN_POINT('',(0.10144,-0.10882,0.002915));
#11900=CARTESIAN_POINT('',(0.10144,-0.10882,0.002915));
#11901=CARTESIAN_POINT('',(0.10144,-0.10882,0.002755));
#11902=CARTESIAN_POINT('',(0.0989,-0.10882,0.002915));
#11903=CARTESIAN_POINT('',(0.0989,-0.10882,0.002915));
#11904=CARTESIAN_POINT('',(0.0989,-0.10882,0.002755));
#11905=CARTESIAN_POINT('',(0.0989,-0.10882,0.002755));
#11906=CARTESIAN_POINT('',(0.09826,-0.10882,0.002755));
#11907=CARTESIAN_POINT('',(0.09826,-0.10882,0.002915));
#11908=CARTESIAN_POINT('',(0.09826,-0.10818,0.002915));
#11909=CARTESIAN_POINT('',(0.09826,-0.10818,0.002755));
#11910=CARTESIAN_POINT('',(0.09826,-0.10818,0.002755));
#11911=CARTESIAN_POINT('',(0.09826,-0.10818,0.002915));
#11912=CARTESIAN_POINT('',(0.0989,-0.10818,0.002915));
#11913=CARTESIAN_POINT('',(0.0989,-0.10818,0.002755));
#11914=CARTESIAN_POINT('',(0.0989,-0.10818,0.002755));
#11915=CARTESIAN_POINT('',(0.0989,-0.10818,0.002915));
#11916=CARTESIAN_POINT('',(0.0989,-0.10818,0.002915));
#11917=CARTESIAN_POINT('',(0.0989,-0.10818,0.002755));
#11918=CARTESIAN_POINT('',(0.09064,-0.10818,0.002915));
#11919=CARTESIAN_POINT('',(0.09064,-0.10882,0.002915));
#11920=CARTESIAN_POINT('',(0.09064,-0.10882,0.002755));
#11921=CARTESIAN_POINT('',(0.09064,-0.10818,0.002755));
#11922=CARTESIAN_POINT('',(0.09064,-0.10818,0.002755));
#11923=CARTESIAN_POINT('',(0.09064,-0.10818,0.002915));
#11924=CARTESIAN_POINT('',(0.09128,-0.10818,0.002915));
#11925=CARTESIAN_POINT('',(0.09128,-0.10818,0.002755));
#11926=CARTESIAN_POINT('',(0.09128,-0.10818,0.002755));
#11927=CARTESIAN_POINT('',(0.09128,-0.10818,0.002915));
#11928=CARTESIAN_POINT('',(0.09128,-0.10818,0.002915));
#11929=CARTESIAN_POINT('',(0.09128,-0.10818,0.002755));
#11930=CARTESIAN_POINT('',(0.09128,-0.10882,0.002755));
#11931=CARTESIAN_POINT('',(0.09128,-0.10882,0.002915));
#11932=CARTESIAN_POINT('',(0.09128,-0.10882,0.002915));
#11933=CARTESIAN_POINT('',(0.09128,-0.10882,0.002755));
#11934=CARTESIAN_POINT('',(0.09382,-0.10818,0.002915));
#11935=CARTESIAN_POINT('',(0.09382,-0.10818,0.002915));
#11936=CARTESIAN_POINT('',(0.09382,-0.10818,0.002755));
#11937=CARTESIAN_POINT('',(0.09382,-0.10818,0.002755));
#11938=CARTESIAN_POINT('',(0.09382,-0.10882,0.002755));
#11939=CARTESIAN_POINT('',(0.09382,-0.10882,0.002915));
#11940=CARTESIAN_POINT('',(0.09382,-0.10882,0.002915));
#11941=CARTESIAN_POINT('',(0.09382,-0.10882,0.002755));
#11942=CARTESIAN_POINT('',(0.09318,-0.10882,0.002755));
#11943=CARTESIAN_POINT('',(0.09318,-0.10882,0.002915));
#11944=CARTESIAN_POINT('',(0.09318,-0.10818,0.002915));
#11945=CARTESIAN_POINT('',(0.09318,-0.10818,0.002755));
#11946=CARTESIAN_POINT('',(0.09318,-0.10818,0.002755));
#11947=CARTESIAN_POINT('',(0.09318,-0.10818,0.002915));
#11948=CARTESIAN_POINT('',(0.09382,-0.10818,0.002915));
#11949=CARTESIAN_POINT('',(0.09382,-0.10818,0.002755));
#11950=CARTESIAN_POINT('',(0.08874,-0.10882,0.002915));
#11951=CARTESIAN_POINT('',(0.08874,-0.10882,0.002915));
#11952=CARTESIAN_POINT('',(0.08874,-0.10882,0.002755));
#11953=CARTESIAN_POINT('',(0.08874,-0.10882,0.002755));
#11954=CARTESIAN_POINT('',(0.0881,-0.10882,0.002755));
#11955=CARTESIAN_POINT('',(0.0881,-0.10882,0.002915));
#11956=CARTESIAN_POINT('',(0.0881,-0.10818,0.002915));
#11957=CARTESIAN_POINT('',(0.0881,-0.10818,0.002755));
#11958=CARTESIAN_POINT('',(0.0881,-0.10818,0.002755));
#11959=CARTESIAN_POINT('',(0.0881,-0.10818,0.002915));
#11960=CARTESIAN_POINT('',(0.08874,-0.10818,0.002915));
#11961=CARTESIAN_POINT('',(0.08874,-0.10818,0.002755));
#11962=CARTESIAN_POINT('',(0.08874,-0.10818,0.002755));
#11963=CARTESIAN_POINT('',(0.08874,-0.10818,0.002915));
#11964=CARTESIAN_POINT('',(0.08874,-0.10818,0.002915));
#11965=CARTESIAN_POINT('',(0.08874,-0.10818,0.002755));
#11966=CARTESIAN_POINT('',(0.10652,-0.10818,0.002915));
#11967=CARTESIAN_POINT('',(0.10652,-0.10818,-0.008465));
#11968=CARTESIAN_POINT('',(0.10652,-0.10818,-0.008465));
#11969=CARTESIAN_POINT('',(0.10652,-0.10882,-0.008465));
#11970=CARTESIAN_POINT('',(0.10652,-0.10818,0.002915));
#11971=CARTESIAN_POINT('',(0.10652,-0.10882,0.002915));
#11972=CARTESIAN_POINT('',(0.10652,-0.10882,0.002915));
#11973=CARTESIAN_POINT('',(0.10588,-0.10882,0.002915));
#11974=CARTESIAN_POINT('',(0.10588,-0.10882,-0.008465));
#11975=CARTESIAN_POINT('',(0.10652,-0.10882,-0.008465));
#11976=CARTESIAN_POINT('',(0.10588,-0.10818,0.002915));
#11977=CARTESIAN_POINT('',(0.10588,-0.10818,0.002915));
#11978=CARTESIAN_POINT('',(0.10588,-0.10818,-0.008465));
#11979=CARTESIAN_POINT('',(0.10588,-0.10818,-0.008465));
#11980=CARTESIAN_POINT('',(0.10652,-0.10818,0.002915));
#11981=CARTESIAN_POINT('',(0.10652,-0.10818,-0.008465));
#11982=CARTESIAN_POINT('',(0.10334,-0.10818,0.002915));
#11983=CARTESIAN_POINT('',(0.10334,-0.10882,0.002915));
#11984=CARTESIAN_POINT('',(0.10334,-0.10882,-0.008465));
#11985=CARTESIAN_POINT('',(0.10334,-0.10818,0.002915));
#11986=CARTESIAN_POINT('',(0.10334,-0.10818,-0.008465));
#11987=CARTESIAN_POINT('',(0.10334,-0.10818,-0.008465));
#11988=CARTESIAN_POINT('',(0.10398,-0.10818,0.002915));
#11989=CARTESIAN_POINT('',(0.10398,-0.10818,-0.008465));
#11990=CARTESIAN_POINT('',(0.10398,-0.10818,-0.008465));
#11991=CARTESIAN_POINT('',(0.10398,-0.10818,0.002915));
#11992=CARTESIAN_POINT('',(0.10398,-0.10818,0.002915));
#11993=CARTESIAN_POINT('',(0.10398,-0.10818,-0.008465));
#11994=CARTESIAN_POINT('',(0.10398,-0.10882,-0.008465));
#11995=CARTESIAN_POINT('',(0.10398,-0.10882,0.002915));
#11996=CARTESIAN_POINT('',(0.10398,-0.10882,0.002915));
#11997=CARTESIAN_POINT('',(0.10398,-0.10882,-0.008465));
#11998=CARTESIAN_POINT('',(0.09636,-0.10882,0.002915));
#11999=CARTESIAN_POINT('',(0.09636,-0.10882,0.002915));
#12000=CARTESIAN_POINT('',(0.09636,-0.10882,-0.008465));
#12001=CARTESIAN_POINT('',(0.09572,-0.10882,0.002915));
#12002=CARTESIAN_POINT('',(0.09572,-0.10882,-0.008465));
#12003=CARTESIAN_POINT('',(0.09636,-0.10882,-0.008465));
#12004=CARTESIAN_POINT('',(0.09572,-0.10818,0.002915));
#12005=CARTESIAN_POINT('',(0.09572,-0.10818,0.002915));
#12006=CARTESIAN_POINT('',(0.09572,-0.10818,-0.008465));
#12007=CARTESIAN_POINT('',(0.09572,-0.10818,-0.008465));
#12008=CARTESIAN_POINT('',(0.09636,-0.10818,0.002915));
#12009=CARTESIAN_POINT('',(0.09636,-0.10818,-0.008465));
#12010=CARTESIAN_POINT('',(0.09636,-0.10818,-0.008465));
#12011=CARTESIAN_POINT('',(0.09636,-0.10818,0.002915));
#12012=CARTESIAN_POINT('',(0.09636,-0.10818,0.002915));
#12013=CARTESIAN_POINT('',(0.09636,-0.10818,-0.008465));
#12014=CARTESIAN_POINT('',(0.1008,-0.10818,0.002915));
#12015=CARTESIAN_POINT('',(0.1008,-0.10882,0.002915));
#12016=CARTESIAN_POINT('',(0.1008,-0.10882,-0.008465));
#12017=CARTESIAN_POINT('',(0.1008,-0.10818,0.002915));
#12018=CARTESIAN_POINT('',(0.1008,-0.10818,-0.008465));
#12019=CARTESIAN_POINT('',(0.1008,-0.10818,-0.008465));
#12020=CARTESIAN_POINT('',(0.10144,-0.10818,0.002915));
#12021=CARTESIAN_POINT('',(0.10144,-0.10818,-0.008465));
#12022=CARTESIAN_POINT('',(0.10144,-0.10818,-0.008465));
#12023=CARTESIAN_POINT('',(0.10144,-0.10818,0.002915));
#12024=CARTESIAN_POINT('',(0.10144,-0.10818,0.002915));
#12025=CARTESIAN_POINT('',(0.10144,-0.10818,-0.008465));
#12026=CARTESIAN_POINT('',(0.10144,-0.10882,-0.008465));
#12027=CARTESIAN_POINT('',(0.10144,-0.10882,0.002915));
#12028=CARTESIAN_POINT('',(0.10144,-0.10882,0.002915));
#12029=CARTESIAN_POINT('',(0.10144,-0.10882,-0.008465));
#12030=CARTESIAN_POINT('',(0.0989,-0.10882,0.002915));
#12031=CARTESIAN_POINT('',(0.0989,-0.10882,0.002915));
#12032=CARTESIAN_POINT('',(0.0989,-0.10882,-0.008465));
#12033=CARTESIAN_POINT('',(0.09826,-0.10882,0.002915));
#12034=CARTESIAN_POINT('',(0.09826,-0.10882,-0.008465));
#12035=CARTESIAN_POINT('',(0.0989,-0.10882,-0.008465));
#12036=CARTESIAN_POINT('',(0.09826,-0.10818,0.002915));
#12037=CARTESIAN_POINT('',(0.09826,-0.10818,0.002915));
#12038=CARTESIAN_POINT('',(0.09826,-0.10818,-0.008465));
#12039=CARTESIAN_POINT('',(0.09826,-0.10818,-0.008465));
#12040=CARTESIAN_POINT('',(0.0989,-0.10818,0.002915));
#12041=CARTESIAN_POINT('',(0.0989,-0.10818,-0.008465));
#12042=CARTESIAN_POINT('',(0.0989,-0.10818,-0.008465));
#12043=CARTESIAN_POINT('',(0.0989,-0.10818,0.002915));
#12044=CARTESIAN_POINT('',(0.0989,-0.10818,0.002915));
#12045=CARTESIAN_POINT('',(0.0989,-0.10818,-0.008465));
#12046=CARTESIAN_POINT('',(0.09064,-0.10818,0.002915));
#12047=CARTESIAN_POINT('',(0.09064,-0.10882,0.002915));
#12048=CARTESIAN_POINT('',(0.09064,-0.10882,-0.008465));
#12049=CARTESIAN_POINT('',(0.09064,-0.10818,0.002915));
#12050=CARTESIAN_POINT('',(0.09064,-0.10818,-0.008465));
#12051=CARTESIAN_POINT('',(0.09064,-0.10818,-0.008465));
#12052=CARTESIAN_POINT('',(0.09128,-0.10818,0.002915));
#12053=CARTESIAN_POINT('',(0.09128,-0.10818,-0.008465));
#12054=CARTESIAN_POINT('',(0.09128,-0.10818,-0.008465));
#12055=CARTESIAN_POINT('',(0.09128,-0.10818,0.002915));
#12056=CARTESIAN_POINT('',(0.09128,-0.10818,0.002915));
#12057=CARTESIAN_POINT('',(0.09128,-0.10818,-0.008465));
#12058=CARTESIAN_POINT('',(0.09128,-0.10882,-0.008465));
#12059=CARTESIAN_POINT('',(0.09128,-0.10882,0.002915));
#12060=CARTESIAN_POINT('',(0.09128,-0.10882,0.002915));
#12061=CARTESIAN_POINT('',(0.09128,-0.10882,-0.008465));
#12062=CARTESIAN_POINT('',(0.09382,-0.10818,0.002915));
#12063=CARTESIAN_POINT('',(0.09382,-0.10818,-0.008465));
#12064=CARTESIAN_POINT('',(0.09382,-0.10818,-0.008465));
#12065=CARTESIAN_POINT('',(0.09382,-0.10882,-0.008465));
#12066=CARTESIAN_POINT('',(0.09382,-0.10818,0.002915));
#12067=CARTESIAN_POINT('',(0.09382,-0.10882,0.002915));
#12068=CARTESIAN_POINT('',(0.09382,-0.10882,0.002915));
#12069=CARTESIAN_POINT('',(0.09318,-0.10882,0.002915));
#12070=CARTESIAN_POINT('',(0.09318,-0.10882,-0.008465));
#12071=CARTESIAN_POINT('',(0.09382,-0.10882,-0.008465));
#12072=CARTESIAN_POINT('',(0.09318,-0.10818,0.002915));
#12073=CARTESIAN_POINT('',(0.09318,-0.10818,0.002915));
#12074=CARTESIAN_POINT('',(0.09318,-0.10818,-0.008465));
#12075=CARTESIAN_POINT('',(0.09318,-0.10818,-0.008465));
#12076=CARTESIAN_POINT('',(0.09382,-0.10818,0.002915));
#12077=CARTESIAN_POINT('',(0.09382,-0.10818,-0.008465));
#12078=CARTESIAN_POINT('',(0.08874,-0.10882,0.002915));
#12079=CARTESIAN_POINT('',(0.08874,-0.10882,0.002915));
#12080=CARTESIAN_POINT('',(0.08874,-0.10882,-0.008465));
#12081=CARTESIAN_POINT('',(0.0881,-0.10882,0.002915));
#12082=CARTESIAN_POINT('',(0.0881,-0.10882,-0.008465));
#12083=CARTESIAN_POINT('',(0.08874,-0.10882,-0.008465));
#12084=CARTESIAN_POINT('',(0.0881,-0.10818,0.002915));
#12085=CARTESIAN_POINT('',(0.0881,-0.10818,0.002915));
#12086=CARTESIAN_POINT('',(0.0881,-0.10818,-0.008465));
#12087=CARTESIAN_POINT('',(0.0881,-0.10818,-0.008465));
#12088=CARTESIAN_POINT('',(0.08874,-0.10818,0.002915));
#12089=CARTESIAN_POINT('',(0.08874,-0.10818,-0.008465));
#12090=CARTESIAN_POINT('',(0.08874,-0.10818,-0.008465));
#12091=CARTESIAN_POINT('',(0.08874,-0.10818,0.002915));
#12092=CARTESIAN_POINT('',(0.08874,-0.10818,0.002915));
#12093=CARTESIAN_POINT('',(0.08874,-0.10818,-0.008465));
#12094=CARTESIAN_POINT('',(0.10644,-0.10818,0.002835));
#12095=CARTESIAN_POINT('',(0.10636,-0.10818,0.002915));
#12096=CARTESIAN_POINT('',(0.10636,-0.10834,0.002915));
#12097=CARTESIAN_POINT('',(0.10636,-0.10866,0.002915));
#12098=CARTESIAN_POINT('',(0.10652,-0.10882,0.002755));
#12099=CARTESIAN_POINT('',(0.10652,-0.10818,0.002755));
#12100=CARTESIAN_POINT('',(0.10652,-0.10874,0.002835));
#12101=CARTESIAN_POINT('',(0.10652,-0.10866,0.002915));
#12102=CARTESIAN_POINT('',(0.10604,-0.10866,0.002915));
#12103=CARTESIAN_POINT('',(0.10588,-0.10882,0.002755));
#12104=CARTESIAN_POINT('',(0.10596,-0.10818,0.002835));
#12105=CARTESIAN_POINT('',(0.10588,-0.10818,0.002755));
#12106=CARTESIAN_POINT('',(0.10604,-0.10834,0.002915));
#12107=CARTESIAN_POINT('',(0.10604,-0.10818,0.002915));
#12108=CARTESIAN_POINT('',(0.10652,-0.10826,0.002835));
#12109=CARTESIAN_POINT('',(0.10652,-0.10834,0.002915));
#12110=CARTESIAN_POINT('',(0.10342,-0.10818,0.002835));
#12111=CARTESIAN_POINT('',(0.10334,-0.10818,0.002755));
#12112=CARTESIAN_POINT('',(0.1035,-0.10834,0.002915));
#12113=CARTESIAN_POINT('',(0.10334,-0.10882,0.002755));
#12114=CARTESIAN_POINT('',(0.1035,-0.10866,0.002915));
#12115=CARTESIAN_POINT('',(0.1035,-0.10818,0.002915));
#12116=CARTESIAN_POINT('',(0.10398,-0.10826,0.002835));
#12117=CARTESIAN_POINT('',(0.10398,-0.10818,0.002755));
#12118=CARTESIAN_POINT('',(0.10382,-0.10834,0.002915));
#12119=CARTESIAN_POINT('',(0.10398,-0.10834,0.002915));
#12120=CARTESIAN_POINT('',(0.1039,-0.10818,0.002835));
#12121=CARTESIAN_POINT('',(0.10382,-0.10818,0.002915));
#12122=CARTESIAN_POINT('',(0.10382,-0.10866,0.002915));
#12123=CARTESIAN_POINT('',(0.10398,-0.10882,0.002755));
#12124=CARTESIAN_POINT('',(0.10398,-0.10874,0.002835));
#12125=CARTESIAN_POINT('',(0.10398,-0.10866,0.002915));
#12126=CARTESIAN_POINT('',(0.09636,-0.10874,0.002835));
#12127=CARTESIAN_POINT('',(0.09636,-0.10866,0.002915));
#12128=CARTESIAN_POINT('',(0.0962,-0.10866,0.002915));
#12129=CARTESIAN_POINT('',(0.09588,-0.10866,0.002915));
#12130=CARTESIAN_POINT('',(0.09572,-0.10882,0.002755));
#12131=CARTESIAN_POINT('',(0.09636,-0.10882,0.002755));
#12132=CARTESIAN_POINT('',(0.0958,-0.10818,0.002835));
#12133=CARTESIAN_POINT('',(0.09572,-0.10818,0.002755));
#12134=CARTESIAN_POINT('',(0.09588,-0.10834,0.002915));
#12135=CARTESIAN_POINT('',(0.09588,-0.10818,0.002915));
#12136=CARTESIAN_POINT('',(0.09636,-0.10826,0.002835));
#12137=CARTESIAN_POINT('',(0.09636,-0.10818,0.002755));
#12138=CARTESIAN_POINT('',(0.0962,-0.10834,0.002915));
#12139=CARTESIAN_POINT('',(0.09636,-0.10834,0.002915));
#12140=CARTESIAN_POINT('',(0.09628,-0.10818,0.002835));
#12141=CARTESIAN_POINT('',(0.0962,-0.10818,0.002915));
#12142=CARTESIAN_POINT('',(0.10088,-0.10818,0.002835));
#12143=CARTESIAN_POINT('',(0.1008,-0.10818,0.002755));
#12144=CARTESIAN_POINT('',(0.10096,-0.10834,0.002915));
#12145=CARTESIAN_POINT('',(0.1008,-0.10882,0.002755));
#12146=CARTESIAN_POINT('',(0.10096,-0.10866,0.002915));
#12147=CARTESIAN_POINT('',(0.10096,-0.10818,0.002915));
#12148=CARTESIAN_POINT('',(0.10144,-0.10826,0.002835));
#12149=CARTESIAN_POINT('',(0.10144,-0.10818,0.002755));
#12150=CARTESIAN_POINT('',(0.10128,-0.10834,0.002915));
#12151=CARTESIAN_POINT('',(0.10144,-0.10834,0.002915));
#12152=CARTESIAN_POINT('',(0.10136,-0.10818,0.002835));
#12153=CARTESIAN_POINT('',(0.10128,-0.10818,0.002915));
#12154=CARTESIAN_POINT('',(0.10128,-0.10866,0.002915));
#12155=CARTESIAN_POINT('',(0.10144,-0.10882,0.002755));
#12156=CARTESIAN_POINT('',(0.10144,-0.10874,0.002835));
#12157=CARTESIAN_POINT('',(0.10144,-0.10866,0.002915));
#12158=CARTESIAN_POINT('',(0.0989,-0.10874,0.002835));
#12159=CARTESIAN_POINT('',(0.0989,-0.10866,0.002915));
#12160=CARTESIAN_POINT('',(0.09874,-0.10866,0.002915));
#12161=CARTESIAN_POINT('',(0.09842,-0.10866,0.002915));
#12162=CARTESIAN_POINT('',(0.09826,-0.10882,0.002755));
#12163=CARTESIAN_POINT('',(0.0989,-0.10882,0.002755));
#12164=CARTESIAN_POINT('',(0.09834,-0.10818,0.002835));
#12165=CARTESIAN_POINT('',(0.09826,-0.10818,0.002755));
#12166=CARTESIAN_POINT('',(0.09842,-0.10834,0.002915));
#12167=CARTESIAN_POINT('',(0.09842,-0.10818,0.002915));
#12168=CARTESIAN_POINT('',(0.0989,-0.10826,0.002835));
#12169=CARTESIAN_POINT('',(0.0989,-0.10818,0.002755));
#12170=CARTESIAN_POINT('',(0.09874,-0.10834,0.002915));
#12171=CARTESIAN_POINT('',(0.0989,-0.10834,0.002915));
#12172=CARTESIAN_POINT('',(0.09882,-0.10818,0.002835));
#12173=CARTESIAN_POINT('',(0.09874,-0.10818,0.002915));
#12174=CARTESIAN_POINT('',(0.09072,-0.10818,0.002835));
#12175=CARTESIAN_POINT('',(0.09064,-0.10818,0.002755));
#12176=CARTESIAN_POINT('',(0.0908,-0.10834,0.002915));
#12177=CARTESIAN_POINT('',(0.09064,-0.10882,0.002755));
#12178=CARTESIAN_POINT('',(0.0908,-0.10866,0.002915));
#12179=CARTESIAN_POINT('',(0.0908,-0.10818,0.002915));
#12180=CARTESIAN_POINT('',(0.09128,-0.10826,0.002835));
#12181=CARTESIAN_POINT('',(0.09128,-0.10818,0.002755));
#12182=CARTESIAN_POINT('',(0.09112,-0.10834,0.002915));
#12183=CARTESIAN_POINT('',(0.09128,-0.10834,0.002915));
#12184=CARTESIAN_POINT('',(0.0912,-0.10818,0.002835));
#12185=CARTESIAN_POINT('',(0.09112,-0.10818,0.002915));
#12186=CARTESIAN_POINT('',(0.09112,-0.10866,0.002915));
#12187=CARTESIAN_POINT('',(0.09128,-0.10882,0.002755));
#12188=CARTESIAN_POINT('',(0.09128,-0.10874,0.002835));
#12189=CARTESIAN_POINT('',(0.09128,-0.10866,0.002915));
#12190=CARTESIAN_POINT('',(0.09374,-0.10818,0.002835));
#12191=CARTESIAN_POINT('',(0.09366,-0.10818,0.002915));
#12192=CARTESIAN_POINT('',(0.09366,-0.10834,0.002915));
#12193=CARTESIAN_POINT('',(0.09366,-0.10866,0.002915));
#12194=CARTESIAN_POINT('',(0.09382,-0.10882,0.002755));
#12195=CARTESIAN_POINT('',(0.09382,-0.10818,0.002755));
#12196=CARTESIAN_POINT('',(0.09382,-0.10874,0.002835));
#12197=CARTESIAN_POINT('',(0.09382,-0.10866,0.002915));
#12198=CARTESIAN_POINT('',(0.09334,-0.10866,0.002915));
#12199=CARTESIAN_POINT('',(0.09318,-0.10882,0.002755));
#12200=CARTESIAN_POINT('',(0.09326,-0.10818,0.002835));
#12201=CARTESIAN_POINT('',(0.09318,-0.10818,0.002755));
#12202=CARTESIAN_POINT('',(0.09334,-0.10834,0.002915));
#12203=CARTESIAN_POINT('',(0.09334,-0.10818,0.002915));
#12204=CARTESIAN_POINT('',(0.09382,-0.10826,0.002835));
#12205=CARTESIAN_POINT('',(0.09382,-0.10834,0.002915));
#12206=CARTESIAN_POINT('',(0.08874,-0.10874,0.002835));
#12207=CARTESIAN_POINT('',(0.08874,-0.10866,0.002915));
#12208=CARTESIAN_POINT('',(0.08858,-0.10866,0.002915));
#12209=CARTESIAN_POINT('',(0.08826,-0.10866,0.002915));
#12210=CARTESIAN_POINT('',(0.0881,-0.10882,0.002755));
#12211=CARTESIAN_POINT('',(0.08874,-0.10882,0.002755));
#12212=CARTESIAN_POINT('',(0.08818,-0.10818,0.002835));
#12213=CARTESIAN_POINT('',(0.0881,-0.10818,0.002755));
#12214=CARTESIAN_POINT('',(0.08826,-0.10834,0.002915));
#12215=CARTESIAN_POINT('',(0.08826,-0.10818,0.002915));
#12216=CARTESIAN_POINT('',(0.08874,-0.10826,0.002835));
#12217=CARTESIAN_POINT('',(0.08874,-0.10818,0.002755));
#12218=CARTESIAN_POINT('',(0.08858,-0.10834,0.002915));
#12219=CARTESIAN_POINT('',(0.08874,-0.10834,0.002915));
#12220=CARTESIAN_POINT('',(0.08866,-0.10818,0.002835));
#12221=CARTESIAN_POINT('',(0.08858,-0.10818,0.002915));
#12222=CARTESIAN_POINT('',(0.10644,-0.10818,-0.008545));
#12223=CARTESIAN_POINT('',(0.10652,-0.10818,-0.008465));
#12224=CARTESIAN_POINT('',(0.10636,-0.10834,-0.008625));
#12225=CARTESIAN_POINT('',(0.10652,-0.10882,-0.008465));
#12226=CARTESIAN_POINT('',(0.10636,-0.10866,-0.008625));
#12227=CARTESIAN_POINT('',(0.10636,-0.10818,-0.008625));
#12228=CARTESIAN_POINT('',(0.10652,-0.10874,-0.008545));
#12229=CARTESIAN_POINT('',(0.10588,-0.10882,-0.008465));
#12230=CARTESIAN_POINT('',(0.10604,-0.10866,-0.008625));
#12231=CARTESIAN_POINT('',(0.10652,-0.10866,-0.008625));
#12232=CARTESIAN_POINT('',(0.10596,-0.10818,-0.008545));
#12233=CARTESIAN_POINT('',(0.10604,-0.10818,-0.008625));
#12234=CARTESIAN_POINT('',(0.10604,-0.10834,-0.008625));
#12235=CARTESIAN_POINT('',(0.10588,-0.10818,-0.008465));
#12236=CARTESIAN_POINT('',(0.10652,-0.10826,-0.008545));
#12237=CARTESIAN_POINT('',(0.10652,-0.10834,-0.008625));
#12238=CARTESIAN_POINT('',(0.10342,-0.10818,-0.008545));
#12239=CARTESIAN_POINT('',(0.1035,-0.10818,-0.008625));
#12240=CARTESIAN_POINT('',(0.1035,-0.10834,-0.008625));
#12241=CARTESIAN_POINT('',(0.1035,-0.10866,-0.008625));
#12242=CARTESIAN_POINT('',(0.10334,-0.10882,-0.008465));
#12243=CARTESIAN_POINT('',(0.10334,-0.10818,-0.008465));
#12244=CARTESIAN_POINT('',(0.10398,-0.10826,-0.008545));
#12245=CARTESIAN_POINT('',(0.10398,-0.10834,-0.008625));
#12246=CARTESIAN_POINT('',(0.10382,-0.10834,-0.008625));
#12247=CARTESIAN_POINT('',(0.10398,-0.10818,-0.008465));
#12248=CARTESIAN_POINT('',(0.1039,-0.10818,-0.008545));
#12249=CARTESIAN_POINT('',(0.10398,-0.10882,-0.008465));
#12250=CARTESIAN_POINT('',(0.10382,-0.10866,-0.008625));
#12251=CARTESIAN_POINT('',(0.10382,-0.10818,-0.008625));
#12252=CARTESIAN_POINT('',(0.10398,-0.10874,-0.008545));
#12253=CARTESIAN_POINT('',(0.10398,-0.10866,-0.008625));
#12254=CARTESIAN_POINT('',(0.09636,-0.10874,-0.008545));
#12255=CARTESIAN_POINT('',(0.09636,-0.10882,-0.008465));
#12256=CARTESIAN_POINT('',(0.0962,-0.10866,-0.008625));
#12257=CARTESIAN_POINT('',(0.09572,-0.10882,-0.008465));
#12258=CARTESIAN_POINT('',(0.09588,-0.10866,-0.008625));
#12259=CARTESIAN_POINT('',(0.09636,-0.10866,-0.008625));
#12260=CARTESIAN_POINT('',(0.0958,-0.10818,-0.008545));
#12261=CARTESIAN_POINT('',(0.09588,-0.10818,-0.008625));
#12262=CARTESIAN_POINT('',(0.09588,-0.10834,-0.008625));
#12263=CARTESIAN_POINT('',(0.09572,-0.10818,-0.008465));
#12264=CARTESIAN_POINT('',(0.09636,-0.10826,-0.008545));
#12265=CARTESIAN_POINT('',(0.09636,-0.10834,-0.008625));
#12266=CARTESIAN_POINT('',(0.0962,-0.10834,-0.008625));
#12267=CARTESIAN_POINT('',(0.09636,-0.10818,-0.008465));
#12268=CARTESIAN_POINT('',(0.09628,-0.10818,-0.008545));
#12269=CARTESIAN_POINT('',(0.0962,-0.10818,-0.008625));
#12270=CARTESIAN_POINT('',(0.10088,-0.10818,-0.008545));
#12271=CARTESIAN_POINT('',(0.10096,-0.10818,-0.008625));
#12272=CARTESIAN_POINT('',(0.10096,-0.10834,-0.008625));
#12273=CARTESIAN_POINT('',(0.10096,-0.10866,-0.008625));
#12274=CARTESIAN_POINT('',(0.1008,-0.10882,-0.008465));
#12275=CARTESIAN_POINT('',(0.1008,-0.10818,-0.008465));
#12276=CARTESIAN_POINT('',(0.10144,-0.10826,-0.008545));
#12277=CARTESIAN_POINT('',(0.10144,-0.10834,-0.008625));
#12278=CARTESIAN_POINT('',(0.10128,-0.10834,-0.008625));
#12279=CARTESIAN_POINT('',(0.10144,-0.10818,-0.008465));
#12280=CARTESIAN_POINT('',(0.10136,-0.10818,-0.008545));
#12281=CARTESIAN_POINT('',(0.10144,-0.10882,-0.008465));
#12282=CARTESIAN_POINT('',(0.10128,-0.10866,-0.008625));
#12283=CARTESIAN_POINT('',(0.10128,-0.10818,-0.008625));
#12284=CARTESIAN_POINT('',(0.10144,-0.10874,-0.008545));
#12285=CARTESIAN_POINT('',(0.10144,-0.10866,-0.008625));
#12286=CARTESIAN_POINT('',(0.0989,-0.10874,-0.008545));
#12287=CARTESIAN_POINT('',(0.0989,-0.10882,-0.008465));
#12288=CARTESIAN_POINT('',(0.09874,-0.10866,-0.008625));
#12289=CARTESIAN_POINT('',(0.09826,-0.10882,-0.008465));
#12290=CARTESIAN_POINT('',(0.09842,-0.10866,-0.008625));
#12291=CARTESIAN_POINT('',(0.0989,-0.10866,-0.008625));
#12292=CARTESIAN_POINT('',(0.09834,-0.10818,-0.008545));
#12293=CARTESIAN_POINT('',(0.09842,-0.10818,-0.008625));
#12294=CARTESIAN_POINT('',(0.09842,-0.10834,-0.008625));
#12295=CARTESIAN_POINT('',(0.09826,-0.10818,-0.008465));
#12296=CARTESIAN_POINT('',(0.0989,-0.10826,-0.008545));
#12297=CARTESIAN_POINT('',(0.0989,-0.10834,-0.008625));
#12298=CARTESIAN_POINT('',(0.09874,-0.10834,-0.008625));
#12299=CARTESIAN_POINT('',(0.0989,-0.10818,-0.008465));
#12300=CARTESIAN_POINT('',(0.09882,-0.10818,-0.008545));
#12301=CARTESIAN_POINT('',(0.09874,-0.10818,-0.008625));
#12302=CARTESIAN_POINT('',(0.09072,-0.10818,-0.008545));
#12303=CARTESIAN_POINT('',(0.0908,-0.10818,-0.008625));
#12304=CARTESIAN_POINT('',(0.0908,-0.10834,-0.008625));
#12305=CARTESIAN_POINT('',(0.0908,-0.10866,-0.008625));
#12306=CARTESIAN_POINT('',(0.09064,-0.10882,-0.008465));
#12307=CARTESIAN_POINT('',(0.09064,-0.10818,-0.008465));
#12308=CARTESIAN_POINT('',(0.09128,-0.10826,-0.008545));
#12309=CARTESIAN_POINT('',(0.09128,-0.10834,-0.008625));
#12310=CARTESIAN_POINT('',(0.09112,-0.10834,-0.008625));
#12311=CARTESIAN_POINT('',(0.09128,-0.10818,-0.008465));
#12312=CARTESIAN_POINT('',(0.0912,-0.10818,-0.008545));
#12313=CARTESIAN_POINT('',(0.09128,-0.10882,-0.008465));
#12314=CARTESIAN_POINT('',(0.09112,-0.10866,-0.008625));
#12315=CARTESIAN_POINT('',(0.09112,-0.10818,-0.008625));
#12316=CARTESIAN_POINT('',(0.09128,-0.10874,-0.008545));
#12317=CARTESIAN_POINT('',(0.09128,-0.10866,-0.008625));
#12318=CARTESIAN_POINT('',(0.09374,-0.10818,-0.008545));
#12319=CARTESIAN_POINT('',(0.09382,-0.10818,-0.008465));
#12320=CARTESIAN_POINT('',(0.09366,-0.10834,-0.008625));
#12321=CARTESIAN_POINT('',(0.09382,-0.10882,-0.008465));
#12322=CARTESIAN_POINT('',(0.09366,-0.10866,-0.008625));
#12323=CARTESIAN_POINT('',(0.09366,-0.10818,-0.008625));
#12324=CARTESIAN_POINT('',(0.09382,-0.10874,-0.008545));
#12325=CARTESIAN_POINT('',(0.09318,-0.10882,-0.008465));
#12326=CARTESIAN_POINT('',(0.09334,-0.10866,-0.008625));
#12327=CARTESIAN_POINT('',(0.09382,-0.10866,-0.008625));
#12328=CARTESIAN_POINT('',(0.09326,-0.10818,-0.008545));
#12329=CARTESIAN_POINT('',(0.09334,-0.10818,-0.008625));
#12330=CARTESIAN_POINT('',(0.09334,-0.10834,-0.008625));
#12331=CARTESIAN_POINT('',(0.09318,-0.10818,-0.008465));
#12332=CARTESIAN_POINT('',(0.09382,-0.10826,-0.008545));
#12333=CARTESIAN_POINT('',(0.09382,-0.10834,-0.008625));
#12334=CARTESIAN_POINT('',(0.08874,-0.10874,-0.008545));
#12335=CARTESIAN_POINT('',(0.08874,-0.10882,-0.008465));
#12336=CARTESIAN_POINT('',(0.08858,-0.10866,-0.008625));
#12337=CARTESIAN_POINT('',(0.0881,-0.10882,-0.008465));
#12338=CARTESIAN_POINT('',(0.08826,-0.10866,-0.008625));
#12339=CARTESIAN_POINT('',(0.08874,-0.10866,-0.008625));
#12340=CARTESIAN_POINT('',(0.08818,-0.10818,-0.008545));
#12341=CARTESIAN_POINT('',(0.08826,-0.10818,-0.008625));
#12342=CARTESIAN_POINT('',(0.08826,-0.10834,-0.008625));
#12343=CARTESIAN_POINT('',(0.0881,-0.10818,-0.008465));
#12344=CARTESIAN_POINT('',(0.08874,-0.10826,-0.008545));
#12345=CARTESIAN_POINT('',(0.08874,-0.10834,-0.008625));
#12346=CARTESIAN_POINT('',(0.08858,-0.10834,-0.008625));
#12347=CARTESIAN_POINT('',(0.08874,-0.10818,-0.008465));
#12348=CARTESIAN_POINT('',(0.08866,-0.10818,-0.008545));
#12349=CARTESIAN_POINT('',(0.08858,-0.10818,-0.008625));
#12350=CARTESIAN_POINT('',(0.10652,-0.10818,0.002915));
#12351=CARTESIAN_POINT('',(0.10398,-0.10818,0.002915));
#12352=CARTESIAN_POINT('',(0.09636,-0.10818,0.002915));
#12353=CARTESIAN_POINT('',(0.10144,-0.10818,0.002915));
#12354=CARTESIAN_POINT('',(0.0989,-0.10818,0.002915));
#12355=CARTESIAN_POINT('',(0.09128,-0.10818,0.002915));
#12356=CARTESIAN_POINT('',(0.09382,-0.10818,0.002915));
#12357=CARTESIAN_POINT('',(0.08874,-0.10818,0.002915));
#12358=CARTESIAN_POINT('',(0.10652,-0.10818,-0.008625));
#12359=CARTESIAN_POINT('',(0.10398,-0.10818,-0.008625));
#12360=CARTESIAN_POINT('',(0.09636,-0.10818,-0.008625));
#12361=CARTESIAN_POINT('',(0.10144,-0.10818,-0.008625));
#12362=CARTESIAN_POINT('',(0.0989,-0.10818,-0.008625));
#12363=CARTESIAN_POINT('',(0.09128,-0.10818,-0.008625));
#12364=CARTESIAN_POINT('',(0.09382,-0.10818,-0.008625));
#12365=CARTESIAN_POINT('',(0.08874,-0.10818,-0.008625));
#12366=CARTESIAN_POINT('',(0.,0.,0.));
#12367=CARTESIAN_POINT('',(0.0763,-0.061525,0.003095));
#12368=CARTESIAN_POINT('',(0.0773,-0.061525,0.003095));
#12369=CARTESIAN_POINT('',(0.0773,-0.061525,0.002085));
#12370=CARTESIAN_POINT('',(0.0763,-0.061525,0.003095));
#12371=CARTESIAN_POINT('',(0.0763,-0.061525,0.002085));
#12372=CARTESIAN_POINT('',(0.0763,-0.061525,0.003095));
#12373=CARTESIAN_POINT('',(0.0763,-0.061525,0.003095));
#12374=CARTESIAN_POINT('',(0.0763,-0.061525,0.002095));
#12375=CARTESIAN_POINT('',(0.0773,-0.061525,0.003095));
#12376=CARTESIAN_POINT('',(0.0773,-0.061525,0.003095));
#12377=CARTESIAN_POINT('',(0.0773,-0.061525,0.002095));
#12378=CARTESIAN_POINT('',(0.0757,-0.061525,0.003095));
#12379=CARTESIAN_POINT('',(0.0761,-0.061525,0.003095));
#12380=CARTESIAN_POINT('',(0.0761,-0.061525,0.002095));
#12381=CARTESIAN_POINT('',(0.0757,-0.061525,0.003095));
#12382=CARTESIAN_POINT('',(0.0793,-0.061525,0.003095));
#12383=CARTESIAN_POINT('',(0.0793,-0.061525,0.004095));
#12384=CARTESIAN_POINT('',(0.0761,-0.061525,0.003095));
#12385=CARTESIAN_POINT('',(0.0757,-0.061525,0.003095));
#12386=CARTESIAN_POINT('',(0.0757,-0.061525,0.003695));
#12387=CARTESIAN_POINT('',(0.0793,-0.061525,0.003095));
#12388=CARTESIAN_POINT('',(0.0797,-0.061525,0.003095));
#12389=CARTESIAN_POINT('',(0.0797,-0.061525,0.003695));
#12390=CARTESIAN_POINT('',(0.0757,-0.061525,0.003095));
#12391=CARTESIAN_POINT('',(0.0797,-0.061525,0.003095));
#12392=CARTESIAN_POINT('',(0.,0.,0.));
#12393=CARTESIAN_POINT('',(0.09294,-0.061525,0.002595));
#12394=CARTESIAN_POINT('',(0.09294,-0.061525,0.002595));
#12395=CARTESIAN_POINT('',(0.09294,-0.061275,0.002595));
#12396=CARTESIAN_POINT('',(0.09294,-0.061525,-0.000905));
#12397=CARTESIAN_POINT('',(0.09294,-0.061775,-0.000905));
#12398=CARTESIAN_POINT('',(0.09344,-0.061525,0.002595));
#12399=CARTESIAN_POINT('',(0.09344,-0.061525,0.003095));
#12400=CARTESIAN_POINT('',(0.09344,-0.061525,0.003345));
#12401=CARTESIAN_POINT('',(0.09344,-0.061525,0.003095));
#12402=CARTESIAN_POINT('',(0.10006,-0.061525,0.003095));
#12403=CARTESIAN_POINT('',(0.10006,-0.061525,0.003345));
#12404=CARTESIAN_POINT('',(0.10006,-0.061525,0.002595));
#12405=CARTESIAN_POINT('',(0.10056,-0.061525,0.002595));
#12406=CARTESIAN_POINT('',(0.10056,-0.061775,0.002595));
#12407=CARTESIAN_POINT('',(0.10056,-0.061525,0.002595));
#12408=CARTESIAN_POINT('',(0.10056,-0.061525,-0.000905));
#12409=CARTESIAN_POINT('',(0.10056,-0.061275,-0.000905));
#12410=CARTESIAN_POINT('',(0.09319,-0.061525,-0.000905));
#12411=CARTESIAN_POINT('',(0.10031,-0.061525,-0.000905));
#12412=CARTESIAN_POINT('',(0.,0.,0.));
#12413=CARTESIAN_POINT('',(0.09294,-0.080575,0.002595));
#12414=CARTESIAN_POINT('',(0.09294,-0.080575,0.002595));
#12415=CARTESIAN_POINT('',(0.09294,-0.080325,0.002595));
#12416=CARTESIAN_POINT('',(0.09294,-0.080575,-0.000905));
#12417=CARTESIAN_POINT('',(0.09294,-0.080825,-0.000905));
#12418=CARTESIAN_POINT('',(0.09344,-0.080575,0.002595));
#12419=CARTESIAN_POINT('',(0.09344,-0.080575,0.003095));
#12420=CARTESIAN_POINT('',(0.09344,-0.080575,0.003345));
#12421=CARTESIAN_POINT('',(0.09344,-0.080575,0.003095));
#12422=CARTESIAN_POINT('',(0.10006,-0.080575,0.003095));
#12423=CARTESIAN_POINT('',(0.10006,-0.080575,0.003345));
#12424=CARTESIAN_POINT('',(0.10006,-0.080575,0.002595));
#12425=CARTESIAN_POINT('',(0.10056,-0.080575,0.002595));
#12426=CARTESIAN_POINT('',(0.10056,-0.080825,0.002595));
#12427=CARTESIAN_POINT('',(0.10056,-0.080575,0.002595));
#12428=CARTESIAN_POINT('',(0.10056,-0.080575,-0.000905));
#12429=CARTESIAN_POINT('',(0.10056,-0.080325,-0.000905));
#12430=CARTESIAN_POINT('',(0.09319,-0.080575,-0.000905));
#12431=CARTESIAN_POINT('',(0.10031,-0.080575,-0.000905));
#12432=CARTESIAN_POINT('',(0.,0.,0.));
#12433=CARTESIAN_POINT('',(0.0763,-0.080575,0.003095));
#12434=CARTESIAN_POINT('',(0.0773,-0.080575,0.003095));
#12435=CARTESIAN_POINT('',(0.0773,-0.080575,0.002085));
#12436=CARTESIAN_POINT('',(0.0763,-0.080575,0.003095));
#12437=CARTESIAN_POINT('',(0.0763,-0.080575,0.002085));
#12438=CARTESIAN_POINT('',(0.0763,-0.080575,0.003095));
#12439=CARTESIAN_POINT('',(0.0763,-0.080575,0.003095));
#12440=CARTESIAN_POINT('',(0.0763,-0.080575,0.002095));
#12441=CARTESIAN_POINT('',(0.0773,-0.080575,0.003095));
#12442=CARTESIAN_POINT('',(0.0773,-0.080575,0.003095));
#12443=CARTESIAN_POINT('',(0.0773,-0.080575,0.002095));
#12444=CARTESIAN_POINT('',(0.0757,-0.080575,0.003095));
#12445=CARTESIAN_POINT('',(0.0761,-0.080575,0.003095));
#12446=CARTESIAN_POINT('',(0.0761,-0.080575,0.002095));
#12447=CARTESIAN_POINT('',(0.0757,-0.080575,0.003095));
#12448=CARTESIAN_POINT('',(0.0793,-0.080575,0.003095));
#12449=CARTESIAN_POINT('',(0.0793,-0.080575,0.004095));
#12450=CARTESIAN_POINT('',(0.0761,-0.080575,0.003095));
#12451=CARTESIAN_POINT('',(0.0757,-0.080575,0.003095));
#12452=CARTESIAN_POINT('',(0.0757,-0.080575,0.003695));
#12453=CARTESIAN_POINT('',(0.0793,-0.080575,0.003095));
#12454=CARTESIAN_POINT('',(0.0797,-0.080575,0.003095));
#12455=CARTESIAN_POINT('',(0.0797,-0.080575,0.003695));
#12456=CARTESIAN_POINT('',(0.0757,-0.080575,0.003095));
#12457=CARTESIAN_POINT('',(0.0797,-0.080575,0.003095));
#12458=CARTESIAN_POINT('',(0.,0.,0.));
#12459=CARTESIAN_POINT('',(0.09294,-0.099625,0.002595));
#12460=CARTESIAN_POINT('',(0.09294,-0.099625,0.002595));
#12461=CARTESIAN_POINT('',(0.09294,-0.099375,0.002595));
#12462=CARTESIAN_POINT('',(0.09294,-0.099625,-0.000905));
#12463=CARTESIAN_POINT('',(0.09294,-0.099875,-0.000905));
#12464=CARTESIAN_POINT('',(0.09344,-0.099625,0.002595));
#12465=CARTESIAN_POINT('',(0.09344,-0.099625,0.003095));
#12466=CARTESIAN_POINT('',(0.09344,-0.099625,0.003345));
#12467=CARTESIAN_POINT('',(0.09344,-0.099625,0.003095));
#12468=CARTESIAN_POINT('',(0.10006,-0.099625,0.003095));
#12469=CARTESIAN_POINT('',(0.10006,-0.099625,0.003345));
#12470=CARTESIAN_POINT('',(0.10006,-0.099625,0.002595));
#12471=CARTESIAN_POINT('',(0.10056,-0.099625,0.002595));
#12472=CARTESIAN_POINT('',(0.10056,-0.099875,0.002595));
#12473=CARTESIAN_POINT('',(0.10056,-0.099625,0.002595));
#12474=CARTESIAN_POINT('',(0.10056,-0.099625,-0.000905));
#12475=CARTESIAN_POINT('',(0.10056,-0.099375,-0.000905));
#12476=CARTESIAN_POINT('',(0.09319,-0.099625,-0.000905));
#12477=CARTESIAN_POINT('',(0.10031,-0.099625,-0.000905));
#12478=CARTESIAN_POINT('',(0.,0.,0.));
#12479=CARTESIAN_POINT('',(0.09535,-0.061525,0.003095));
#12480=CARTESIAN_POINT('',(0.09635,-0.061525,0.003095));
#12481=CARTESIAN_POINT('',(0.09635,-0.061525,0.002085));
#12482=CARTESIAN_POINT('',(0.09535,-0.061525,0.003095));
#12483=CARTESIAN_POINT('',(0.09535,-0.061525,0.002085));
#12484=CARTESIAN_POINT('',(0.09535,-0.061525,0.003095));
#12485=CARTESIAN_POINT('',(0.09535,-0.061525,0.003095));
#12486=CARTESIAN_POINT('',(0.09535,-0.061525,0.002095));
#12487=CARTESIAN_POINT('',(0.09635,-0.061525,0.003095));
#12488=CARTESIAN_POINT('',(0.09635,-0.061525,0.003095));
#12489=CARTESIAN_POINT('',(0.09635,-0.061525,0.002095));
#12490=CARTESIAN_POINT('',(0.09475,-0.061525,0.003095));
#12491=CARTESIAN_POINT('',(0.09515,-0.061525,0.003095));
#12492=CARTESIAN_POINT('',(0.09515,-0.061525,0.002095));
#12493=CARTESIAN_POINT('',(0.09475,-0.061525,0.003095));
#12494=CARTESIAN_POINT('',(0.09835,-0.061525,0.003095));
#12495=CARTESIAN_POINT('',(0.09835,-0.061525,0.004095));
#12496=CARTESIAN_POINT('',(0.09515,-0.061525,0.003095));
#12497=CARTESIAN_POINT('',(0.09475,-0.061525,0.003095));
#12498=CARTESIAN_POINT('',(0.09475,-0.061525,0.003695));
#12499=CARTESIAN_POINT('',(0.09835,-0.061525,0.003095));
#12500=CARTESIAN_POINT('',(0.09875,-0.061525,0.003095));
#12501=CARTESIAN_POINT('',(0.09875,-0.061525,0.003695));
#12502=CARTESIAN_POINT('',(0.09475,-0.061525,0.003095));
#12503=CARTESIAN_POINT('',(0.09875,-0.061525,0.003095));
#12504=CARTESIAN_POINT('',(0.,0.,0.));
#12505=CARTESIAN_POINT('',(0.11199,-0.080575,0.002595));
#12506=CARTESIAN_POINT('',(0.11199,-0.080575,0.002595));
#12507=CARTESIAN_POINT('',(0.11199,-0.080325,0.002595));
#12508=CARTESIAN_POINT('',(0.11199,-0.080575,-0.000905));
#12509=CARTESIAN_POINT('',(0.11199,-0.080825,-0.000905));
#12510=CARTESIAN_POINT('',(0.11249,-0.080575,0.002595));
#12511=CARTESIAN_POINT('',(0.11249,-0.080575,0.003095));
#12512=CARTESIAN_POINT('',(0.11249,-0.080575,0.003345));
#12513=CARTESIAN_POINT('',(0.11249,-0.080575,0.003095));
#12514=CARTESIAN_POINT('',(0.11911,-0.080575,0.003095));
#12515=CARTESIAN_POINT('',(0.11911,-0.080575,0.003345));
#12516=CARTESIAN_POINT('',(0.11911,-0.080575,0.002595));
#12517=CARTESIAN_POINT('',(0.11961,-0.080575,0.002595));
#12518=CARTESIAN_POINT('',(0.11961,-0.080825,0.002595));
#12519=CARTESIAN_POINT('',(0.11961,-0.080575,0.002595));
#12520=CARTESIAN_POINT('',(0.11961,-0.080575,-0.000905));
#12521=CARTESIAN_POINT('',(0.11961,-0.080325,-0.000905));
#12522=CARTESIAN_POINT('',(0.11224,-0.080575,-0.000905));
#12523=CARTESIAN_POINT('',(0.11936,-0.080575,-0.000905));
#12524=CARTESIAN_POINT('',(0.,0.,0.));
#12525=CARTESIAN_POINT('',(0.07389,-0.080575,0.002595));
#12526=CARTESIAN_POINT('',(0.07389,-0.080575,0.002595));
#12527=CARTESIAN_POINT('',(0.07389,-0.080325,0.002595));
#12528=CARTESIAN_POINT('',(0.07389,-0.080575,-0.000905));
#12529=CARTESIAN_POINT('',(0.07389,-0.080825,-0.000905));
#12530=CARTESIAN_POINT('',(0.07439,-0.080575,0.002595));
#12531=CARTESIAN_POINT('',(0.07439,-0.080575,0.003095));
#12532=CARTESIAN_POINT('',(0.07439,-0.080575,0.003345));
#12533=CARTESIAN_POINT('',(0.07439,-0.080575,0.003095));
#12534=CARTESIAN_POINT('',(0.08101,-0.080575,0.003095));
#12535=CARTESIAN_POINT('',(0.08101,-0.080575,0.003345));
#12536=CARTESIAN_POINT('',(0.08101,-0.080575,0.002595));
#12537=CARTESIAN_POINT('',(0.08151,-0.080575,0.002595));
#12538=CARTESIAN_POINT('',(0.08151,-0.080825,0.002595));
#12539=CARTESIAN_POINT('',(0.08151,-0.080575,0.002595));
#12540=CARTESIAN_POINT('',(0.08151,-0.080575,-0.000905));
#12541=CARTESIAN_POINT('',(0.08151,-0.080325,-0.000905));
#12542=CARTESIAN_POINT('',(0.07414,-0.080575,-0.000905));
#12543=CARTESIAN_POINT('',(0.08126,-0.080575,-0.000905));
#12544=CARTESIAN_POINT('',(0.,0.,0.));
#12545=CARTESIAN_POINT('',(0.09535,-0.099625,0.003095));
#12546=CARTESIAN_POINT('',(0.09635,-0.099625,0.003095));
#12547=CARTESIAN_POINT('',(0.09635,-0.099625,0.002085));
#12548=CARTESIAN_POINT('',(0.09535,-0.099625,0.003095));
#12549=CARTESIAN_POINT('',(0.09535,-0.099625,0.002085));
#12550=CARTESIAN_POINT('',(0.09535,-0.099625,0.003095));
#12551=CARTESIAN_POINT('',(0.09535,-0.099625,0.003095));
#12552=CARTESIAN_POINT('',(0.09535,-0.099625,0.002095));
#12553=CARTESIAN_POINT('',(0.09635,-0.099625,0.003095));
#12554=CARTESIAN_POINT('',(0.09635,-0.099625,0.003095));
#12555=CARTESIAN_POINT('',(0.09635,-0.099625,0.002095));
#12556=CARTESIAN_POINT('',(0.09475,-0.099625,0.003095));
#12557=CARTESIAN_POINT('',(0.09515,-0.099625,0.003095));
#12558=CARTESIAN_POINT('',(0.09515,-0.099625,0.002095));
#12559=CARTESIAN_POINT('',(0.09475,-0.099625,0.003095));
#12560=CARTESIAN_POINT('',(0.09835,-0.099625,0.003095));
#12561=CARTESIAN_POINT('',(0.09835,-0.099625,0.004095));
#12562=CARTESIAN_POINT('',(0.09515,-0.099625,0.003095));
#12563=CARTESIAN_POINT('',(0.09475,-0.099625,0.003095));
#12564=CARTESIAN_POINT('',(0.09475,-0.099625,0.003695));
#12565=CARTESIAN_POINT('',(0.09835,-0.099625,0.003095));
#12566=CARTESIAN_POINT('',(0.09875,-0.099625,0.003095));
#12567=CARTESIAN_POINT('',(0.09875,-0.099625,0.003695));
#12568=CARTESIAN_POINT('',(0.09475,-0.099625,0.003095));
#12569=CARTESIAN_POINT('',(0.09875,-0.099625,0.003095));
#12570=CARTESIAN_POINT('',(0.,0.,0.));
#12571=CARTESIAN_POINT('',(0.07389,-0.099625,0.002595));
#12572=CARTESIAN_POINT('',(0.07389,-0.099625,0.002595));
#12573=CARTESIAN_POINT('',(0.07389,-0.099375,0.002595));
#12574=CARTESIAN_POINT('',(0.07389,-0.099625,-0.000905));
#12575=CARTESIAN_POINT('',(0.07389,-0.099875,-0.000905));
#12576=CARTESIAN_POINT('',(0.07439,-0.099625,0.002595));
#12577=CARTESIAN_POINT('',(0.07439,-0.099625,0.003095));
#12578=CARTESIAN_POINT('',(0.07439,-0.099625,0.003345));
#12579=CARTESIAN_POINT('',(0.07439,-0.099625,0.003095));
#12580=CARTESIAN_POINT('',(0.08101,-0.099625,0.003095));
#12581=CARTESIAN_POINT('',(0.08101,-0.099625,0.003345));
#12582=CARTESIAN_POINT('',(0.08101,-0.099625,0.002595));
#12583=CARTESIAN_POINT('',(0.08151,-0.099625,0.002595));
#12584=CARTESIAN_POINT('',(0.08151,-0.099875,0.002595));
#12585=CARTESIAN_POINT('',(0.08151,-0.099625,0.002595));
#12586=CARTESIAN_POINT('',(0.08151,-0.099625,-0.000905));
#12587=CARTESIAN_POINT('',(0.08151,-0.099375,-0.000905));
#12588=CARTESIAN_POINT('',(0.07414,-0.099625,-0.000905));
#12589=CARTESIAN_POINT('',(0.08126,-0.099625,-0.000905));
#12590=CARTESIAN_POINT('',(0.,0.,0.));
#12591=CARTESIAN_POINT('',(0.1144,-0.080575,0.003095));
#12592=CARTESIAN_POINT('',(0.1154,-0.080575,0.003095));
#12593=CARTESIAN_POINT('',(0.1154,-0.080575,0.002085));
#12594=CARTESIAN_POINT('',(0.1144,-0.080575,0.003095));
#12595=CARTESIAN_POINT('',(0.1144,-0.080575,0.002085));
#12596=CARTESIAN_POINT('',(0.1144,-0.080575,0.003095));
#12597=CARTESIAN_POINT('',(0.1144,-0.080575,0.003095));
#12598=CARTESIAN_POINT('',(0.1144,-0.080575,0.002095));
#12599=CARTESIAN_POINT('',(0.1154,-0.080575,0.003095));
#12600=CARTESIAN_POINT('',(0.1154,-0.080575,0.003095));
#12601=CARTESIAN_POINT('',(0.1154,-0.080575,0.002095));
#12602=CARTESIAN_POINT('',(0.1138,-0.080575,0.003095));
#12603=CARTESIAN_POINT('',(0.1142,-0.080575,0.003095));
#12604=CARTESIAN_POINT('',(0.1142,-0.080575,0.002095));
#12605=CARTESIAN_POINT('',(0.1138,-0.080575,0.003095));
#12606=CARTESIAN_POINT('',(0.1174,-0.080575,0.003095));
#12607=CARTESIAN_POINT('',(0.1174,-0.080575,0.004095));
#12608=CARTESIAN_POINT('',(0.1142,-0.080575,0.003095));
#12609=CARTESIAN_POINT('',(0.1138,-0.080575,0.003095));
#12610=CARTESIAN_POINT('',(0.1138,-0.080575,0.003695));
#12611=CARTESIAN_POINT('',(0.1174,-0.080575,0.003095));
#12612=CARTESIAN_POINT('',(0.1178,-0.080575,0.003095));
#12613=CARTESIAN_POINT('',(0.1178,-0.080575,0.003695));
#12614=CARTESIAN_POINT('',(0.1138,-0.080575,0.003095));
#12615=CARTESIAN_POINT('',(0.1178,-0.080575,0.003095));
#12616=CARTESIAN_POINT('',(0.,0.,0.));
#12617=CARTESIAN_POINT('',(0.09535,-0.080575,0.003095));
#12618=CARTESIAN_POINT('',(0.09635,-0.080575,0.003095));
#12619=CARTESIAN_POINT('',(0.09635,-0.080575,0.002085));
#12620=CARTESIAN_POINT('',(0.09535,-0.080575,0.003095));
#12621=CARTESIAN_POINT('',(0.09535,-0.080575,0.002085));
#12622=CARTESIAN_POINT('',(0.09535,-0.080575,0.003095));
#12623=CARTESIAN_POINT('',(0.09535,-0.080575,0.003095));
#12624=CARTESIAN_POINT('',(0.09535,-0.080575,0.002095));
#12625=CARTESIAN_POINT('',(0.09635,-0.080575,0.003095));
#12626=CARTESIAN_POINT('',(0.09635,-0.080575,0.003095));
#12627=CARTESIAN_POINT('',(0.09635,-0.080575,0.002095));
#12628=CARTESIAN_POINT('',(0.09475,-0.080575,0.003095));
#12629=CARTESIAN_POINT('',(0.09515,-0.080575,0.003095));
#12630=CARTESIAN_POINT('',(0.09515,-0.080575,0.002095));
#12631=CARTESIAN_POINT('',(0.09475,-0.080575,0.003095));
#12632=CARTESIAN_POINT('',(0.09835,-0.080575,0.003095));
#12633=CARTESIAN_POINT('',(0.09835,-0.080575,0.004095));
#12634=CARTESIAN_POINT('',(0.09515,-0.080575,0.003095));
#12635=CARTESIAN_POINT('',(0.09475,-0.080575,0.003095));
#12636=CARTESIAN_POINT('',(0.09475,-0.080575,0.003695));
#12637=CARTESIAN_POINT('',(0.09835,-0.080575,0.003095));
#12638=CARTESIAN_POINT('',(0.09875,-0.080575,0.003095));
#12639=CARTESIAN_POINT('',(0.09875,-0.080575,0.003695));
#12640=CARTESIAN_POINT('',(0.09475,-0.080575,0.003095));
#12641=CARTESIAN_POINT('',(0.09875,-0.080575,0.003095));
#12642=CARTESIAN_POINT('',(0.,0.,0.));
#12643=CARTESIAN_POINT('',(0.11199,-0.099625,0.002595));
#12644=CARTESIAN_POINT('',(0.11199,-0.099625,0.002595));
#12645=CARTESIAN_POINT('',(0.11199,-0.099375,0.002595));
#12646=CARTESIAN_POINT('',(0.11199,-0.099625,-0.000905));
#12647=CARTESIAN_POINT('',(0.11199,-0.099875,-0.000905));
#12648=CARTESIAN_POINT('',(0.11249,-0.099625,0.002595));
#12649=CARTESIAN_POINT('',(0.11249,-0.099625,0.003095));
#12650=CARTESIAN_POINT('',(0.11249,-0.099625,0.003345));
#12651=CARTESIAN_POINT('',(0.11249,-0.099625,0.003095));
#12652=CARTESIAN_POINT('',(0.11911,-0.099625,0.003095));
#12653=CARTESIAN_POINT('',(0.11911,-0.099625,0.003345));
#12654=CARTESIAN_POINT('',(0.11911,-0.099625,0.002595));
#12655=CARTESIAN_POINT('',(0.11961,-0.099625,0.002595));
#12656=CARTESIAN_POINT('',(0.11961,-0.099875,0.002595));
#12657=CARTESIAN_POINT('',(0.11961,-0.099625,0.002595));
#12658=CARTESIAN_POINT('',(0.11961,-0.099625,-0.000905));
#12659=CARTESIAN_POINT('',(0.11961,-0.099375,-0.000905));
#12660=CARTESIAN_POINT('',(0.11224,-0.099625,-0.000905));
#12661=CARTESIAN_POINT('',(0.11936,-0.099625,-0.000905));
#12662=CARTESIAN_POINT('',(0.,0.,0.));
#12663=CARTESIAN_POINT('',(0.0763,-0.099625,0.003095));
#12664=CARTESIAN_POINT('',(0.0773,-0.099625,0.003095));
#12665=CARTESIAN_POINT('',(0.0773,-0.099625,0.002085));
#12666=CARTESIAN_POINT('',(0.0763,-0.099625,0.003095));
#12667=CARTESIAN_POINT('',(0.0763,-0.099625,0.002085));
#12668=CARTESIAN_POINT('',(0.0763,-0.099625,0.003095));
#12669=CARTESIAN_POINT('',(0.0763,-0.099625,0.003095));
#12670=CARTESIAN_POINT('',(0.0763,-0.099625,0.002095));
#12671=CARTESIAN_POINT('',(0.0773,-0.099625,0.003095));
#12672=CARTESIAN_POINT('',(0.0773,-0.099625,0.003095));
#12673=CARTESIAN_POINT('',(0.0773,-0.099625,0.002095));
#12674=CARTESIAN_POINT('',(0.0757,-0.099625,0.003095));
#12675=CARTESIAN_POINT('',(0.0761,-0.099625,0.003095));
#12676=CARTESIAN_POINT('',(0.0761,-0.099625,0.002095));
#12677=CARTESIAN_POINT('',(0.0757,-0.099625,0.003095));
#12678=CARTESIAN_POINT('',(0.0793,-0.099625,0.003095));
#12679=CARTESIAN_POINT('',(0.0793,-0.099625,0.004095));
#12680=CARTESIAN_POINT('',(0.0761,-0.099625,0.003095));
#12681=CARTESIAN_POINT('',(0.0757,-0.099625,0.003095));
#12682=CARTESIAN_POINT('',(0.0757,-0.099625,0.003695));
#12683=CARTESIAN_POINT('',(0.0793,-0.099625,0.003095));
#12684=CARTESIAN_POINT('',(0.0797,-0.099625,0.003095));
#12685=CARTESIAN_POINT('',(0.0797,-0.099625,0.003695));
#12686=CARTESIAN_POINT('',(0.0757,-0.099625,0.003095));
#12687=CARTESIAN_POINT('',(0.0797,-0.099625,0.003095));
#12688=CARTESIAN_POINT('',(0.,0.,0.));
#12689=CARTESIAN_POINT('',(0.1144,-0.099625,0.003095));
#12690=CARTESIAN_POINT('',(0.1154,-0.099625,0.003095));
#12691=CARTESIAN_POINT('',(0.1154,-0.099625,0.002085));
#12692=CARTESIAN_POINT('',(0.1144,-0.099625,0.003095));
#12693=CARTESIAN_POINT('',(0.1144,-0.099625,0.002085));
#12694=CARTESIAN_POINT('',(0.1144,-0.099625,0.003095));
#12695=CARTESIAN_POINT('',(0.1144,-0.099625,0.003095));
#12696=CARTESIAN_POINT('',(0.1144,-0.099625,0.002095));
#12697=CARTESIAN_POINT('',(0.1154,-0.099625,0.003095));
#12698=CARTESIAN_POINT('',(0.1154,-0.099625,0.003095));
#12699=CARTESIAN_POINT('',(0.1154,-0.099625,0.002095));
#12700=CARTESIAN_POINT('',(0.1138,-0.099625,0.003095));
#12701=CARTESIAN_POINT('',(0.1142,-0.099625,0.003095));
#12702=CARTESIAN_POINT('',(0.1142,-0.099625,0.002095));
#12703=CARTESIAN_POINT('',(0.1138,-0.099625,0.003095));
#12704=CARTESIAN_POINT('',(0.1174,-0.099625,0.003095));
#12705=CARTESIAN_POINT('',(0.1174,-0.099625,0.004095));
#12706=CARTESIAN_POINT('',(0.1142,-0.099625,0.003095));
#12707=CARTESIAN_POINT('',(0.1138,-0.099625,0.003095));
#12708=CARTESIAN_POINT('',(0.1138,-0.099625,0.003695));
#12709=CARTESIAN_POINT('',(0.1174,-0.099625,0.003095));
#12710=CARTESIAN_POINT('',(0.1178,-0.099625,0.003095));
#12711=CARTESIAN_POINT('',(0.1178,-0.099625,0.003695));
#12712=CARTESIAN_POINT('',(0.1138,-0.099625,0.003095));
#12713=CARTESIAN_POINT('',(0.1178,-0.099625,0.003095));
#12714=MECHANICAL_DESIGN_GEOMETRIC_PRESENTATION_REPRESENTATION('',(#7169,
#1032,#1033,#1034,#1035,#1036,#1037,#1038),#12735);
#12715=MECHANICAL_DESIGN_GEOMETRIC_PRESENTATION_REPRESENTATION('',(#7170),
#12736);
#12716=MECHANICAL_DESIGN_GEOMETRIC_PRESENTATION_REPRESENTATION('',(#7171),
#12737);
#12717=MECHANICAL_DESIGN_GEOMETRIC_PRESENTATION_REPRESENTATION('',(#7172),
#12738);
#12718=MECHANICAL_DESIGN_GEOMETRIC_PRESENTATION_REPRESENTATION('',(#7173,
#1039,#1040,#1041),#12739);
#12719=MECHANICAL_DESIGN_GEOMETRIC_PRESENTATION_REPRESENTATION('',(#7174,
#1042,#1043,#1044,#1045,#1046,#1047,#1048,#1049,#1050,#1051,#1052,#1053,
#1054,#1055,#1056,#1057,#1058,#1059,#1060,#1061,#1062,#1063,#1064,#1065,
#1066,#1067,#1068,#1069,#1070,#1071,#1072,#1073,#1074,#1075,#1076,#1077,
#1078,#1079,#1080,#1081,#1082,#1083,#1084,#1085,#1086,#1087,#1088,#1089,
#1090,#1091,#1092,#1093),#12740);
#12720=MECHANICAL_DESIGN_GEOMETRIC_PRESENTATION_REPRESENTATION('',(#7175,
#1094,#1095,#1096),#12741);
#12721=MECHANICAL_DESIGN_GEOMETRIC_PRESENTATION_REPRESENTATION('',(#7176),
#12742);
#12722=MECHANICAL_DESIGN_GEOMETRIC_PRESENTATION_REPRESENTATION('',(#7177),
#12743);
#12723=MECHANICAL_DESIGN_GEOMETRIC_PRESENTATION_REPRESENTATION('',(#7178,
#1097,#1098,#1099),#12744);
#12724=MECHANICAL_DESIGN_GEOMETRIC_PRESENTATION_REPRESENTATION('',(#7179),
#12745);
#12725=MECHANICAL_DESIGN_GEOMETRIC_PRESENTATION_REPRESENTATION('',(#7180,
#1100,#1101,#1102),#12746);
#12726=MECHANICAL_DESIGN_GEOMETRIC_PRESENTATION_REPRESENTATION('',(#7181),
#12747);
#12727=MECHANICAL_DESIGN_GEOMETRIC_PRESENTATION_REPRESENTATION('',(#7182),
#12748);
#12728=MECHANICAL_DESIGN_GEOMETRIC_PRESENTATION_REPRESENTATION('',(#7183,
#1103,#1104,#1105),#12749);
#12729=MECHANICAL_DESIGN_GEOMETRIC_PRESENTATION_REPRESENTATION('',(#7184),
#12750);
#12730=MECHANICAL_DESIGN_GEOMETRIC_PRESENTATION_REPRESENTATION('',(#7185,
#1106,#1107,#1108),#12751);
#12731=MECHANICAL_DESIGN_GEOMETRIC_PRESENTATION_REPRESENTATION('',(#7186,
#1109,#1110,#1111),#12752);
#12732=MECHANICAL_DESIGN_GEOMETRIC_PRESENTATION_REPRESENTATION('',(#7187),
#12753);
#12733=MECHANICAL_DESIGN_GEOMETRIC_PRESENTATION_REPRESENTATION('',(#7188,
#1112,#1113,#1114),#12754);
#12734=MECHANICAL_DESIGN_GEOMETRIC_PRESENTATION_REPRESENTATION('',(#7189,
#1115,#1116,#1117),#12755);
#12735=(
GEOMETRIC_REPRESENTATION_CONTEXT(3)
GLOBAL_UNCERTAINTY_ASSIGNED_CONTEXT((#12756))
GLOBAL_UNIT_ASSIGNED_CONTEXT((#12819,#12798,#12777))
REPRESENTATION_CONTEXT('Buzzer_12x95RM76','TOP_LEVEL_ASSEMBLY_PART')
);
#12736=(
GEOMETRIC_REPRESENTATION_CONTEXT(3)
GLOBAL_UNCERTAINTY_ASSIGNED_CONTEXT((#12757))
GLOBAL_UNIT_ASSIGNED_CONTEXT((#12820,#12799,#12778))
REPRESENTATION_CONTEXT('D_DO-35_SOD27_P7.62mm_Horizontal',
'TOP_LEVEL_ASSEMBLY_PART')
);
#12737=(
GEOMETRIC_REPRESENTATION_CONTEXT(3)
GLOBAL_UNCERTAINTY_ASSIGNED_CONTEXT((#12758))
GLOBAL_UNIT_ASSIGNED_CONTEXT((#12821,#12800,#12779))
REPRESENTATION_CONTEXT('kicad_schematic_PCB','TOP_LEVEL_ASSEMBLY_PART')
);
#12738=(
GEOMETRIC_REPRESENTATION_CONTEXT(3)
GLOBAL_UNCERTAINTY_ASSIGNED_CONTEXT((#12759))
GLOBAL_UNIT_ASSIGNED_CONTEXT((#12822,#12801,#12780))
REPRESENTATION_CONTEXT('D_DO-35_SOD27_P7.62mm_Horizontal_3',
'TOP_LEVEL_ASSEMBLY_PART')
);
#12739=(
GEOMETRIC_REPRESENTATION_CONTEXT(3)
GLOBAL_UNCERTAINTY_ASSIGNED_CONTEXT((#12760))
GLOBAL_UNIT_ASSIGNED_CONTEXT((#12823,#12802,#12781))
REPRESENTATION_CONTEXT('D_DO-35_SOD27_P7.62mm_Horizontal',
'TOP_LEVEL_ASSEMBLY_PART')
);
#12740=(
GEOMETRIC_REPRESENTATION_CONTEXT(3)
GLOBAL_UNCERTAINTY_ASSIGNED_CONTEXT((#12761))
GLOBAL_UNIT_ASSIGNED_CONTEXT((#12824,#12803,#12782))
REPRESENTATION_CONTEXT('PinHeader_1x08_P254mm_Vertical',
'TOP_LEVEL_ASSEMBLY_PART')
);
#12741=(
GEOMETRIC_REPRESENTATION_CONTEXT(3)
GLOBAL_UNCERTAINTY_ASSIGNED_CONTEXT((#12762))
GLOBAL_UNIT_ASSIGNED_CONTEXT((#12825,#12804,#12783))
REPRESENTATION_CONTEXT('D_DO-35_SOD27_P7.62mm_Horizontal_3',
'TOP_LEVEL_ASSEMBLY_PART')
);
#12742=(
GEOMETRIC_REPRESENTATION_CONTEXT(3)
GLOBAL_UNCERTAINTY_ASSIGNED_CONTEXT((#12763))
GLOBAL_UNIT_ASSIGNED_CONTEXT((#12826,#12805,#12784))
REPRESENTATION_CONTEXT('D_DO-35_SOD27_P7.62mm_Horizontal_1',
'TOP_LEVEL_ASSEMBLY_PART')
);
#12743=(
GEOMETRIC_REPRESENTATION_CONTEXT(3)
GLOBAL_UNCERTAINTY_ASSIGNED_CONTEXT((#12764))
GLOBAL_UNIT_ASSIGNED_CONTEXT((#12827,#12806,#12785))
REPRESENTATION_CONTEXT('D_DO-35_SOD27_P7.62mm_Horizontal_7',
'TOP_LEVEL_ASSEMBLY_PART')
);
#12744=(
GEOMETRIC_REPRESENTATION_CONTEXT(3)
GLOBAL_UNCERTAINTY_ASSIGNED_CONTEXT((#12765))
GLOBAL_UNIT_ASSIGNED_CONTEXT((#12828,#12807,#12786))
REPRESENTATION_CONTEXT('D_DO-35_SOD27_P7.62mm_Horizontal_8',
'TOP_LEVEL_ASSEMBLY_PART')
);
#12745=(
GEOMETRIC_REPRESENTATION_CONTEXT(3)
GLOBAL_UNCERTAINTY_ASSIGNED_CONTEXT((#12766))
GLOBAL_UNIT_ASSIGNED_CONTEXT((#12829,#12808,#12787))
REPRESENTATION_CONTEXT('D_DO-35_SOD27_P7.62mm_Horizontal_4',
'TOP_LEVEL_ASSEMBLY_PART')
);
#12746=(
GEOMETRIC_REPRESENTATION_CONTEXT(3)
GLOBAL_UNCERTAINTY_ASSIGNED_CONTEXT((#12767))
GLOBAL_UNIT_ASSIGNED_CONTEXT((#12830,#12809,#12788))
REPRESENTATION_CONTEXT('D_DO-35_SOD27_P7.62mm_Horizontal_1',
'TOP_LEVEL_ASSEMBLY_PART')
);
#12747=(
GEOMETRIC_REPRESENTATION_CONTEXT(3)
GLOBAL_UNCERTAINTY_ASSIGNED_CONTEXT((#12768))
GLOBAL_UNIT_ASSIGNED_CONTEXT((#12831,#12810,#12789))
REPRESENTATION_CONTEXT('D_DO-35_SOD27_P7.62mm_Horizontal_6',
'TOP_LEVEL_ASSEMBLY_PART')
);
#12748=(
GEOMETRIC_REPRESENTATION_CONTEXT(3)
GLOBAL_UNCERTAINTY_ASSIGNED_CONTEXT((#12769))
GLOBAL_UNIT_ASSIGNED_CONTEXT((#12832,#12811,#12790))
REPRESENTATION_CONTEXT('D_DO-35_SOD27_P7.62mm_Horizontal_8',
'TOP_LEVEL_ASSEMBLY_PART')
);
#12749=(
GEOMETRIC_REPRESENTATION_CONTEXT(3)
GLOBAL_UNCERTAINTY_ASSIGNED_CONTEXT((#12770))
GLOBAL_UNIT_ASSIGNED_CONTEXT((#12833,#12812,#12791))
REPRESENTATION_CONTEXT('D_DO-35_SOD27_P7.62mm_Horizontal_4',
'TOP_LEVEL_ASSEMBLY_PART')
);
#12750=(
GEOMETRIC_REPRESENTATION_CONTEXT(3)
GLOBAL_UNCERTAINTY_ASSIGNED_CONTEXT((#12771))
GLOBAL_UNIT_ASSIGNED_CONTEXT((#12834,#12813,#12792))
REPRESENTATION_CONTEXT('D_DO-35_SOD27_P7.62mm_Horizontal_2',
'TOP_LEVEL_ASSEMBLY_PART')
);
#12751=(
GEOMETRIC_REPRESENTATION_CONTEXT(3)
GLOBAL_UNCERTAINTY_ASSIGNED_CONTEXT((#12772))
GLOBAL_UNIT_ASSIGNED_CONTEXT((#12835,#12814,#12793))
REPRESENTATION_CONTEXT('D_DO-35_SOD27_P7.62mm_Horizontal_6',
'TOP_LEVEL_ASSEMBLY_PART')
);
#12752=(
GEOMETRIC_REPRESENTATION_CONTEXT(3)
GLOBAL_UNCERTAINTY_ASSIGNED_CONTEXT((#12773))
GLOBAL_UNIT_ASSIGNED_CONTEXT((#12836,#12815,#12794))
REPRESENTATION_CONTEXT('D_DO-35_SOD27_P7.62mm_Horizontal_7',
'TOP_LEVEL_ASSEMBLY_PART')
);
#12753=(
GEOMETRIC_REPRESENTATION_CONTEXT(3)
GLOBAL_UNCERTAINTY_ASSIGNED_CONTEXT((#12774))
GLOBAL_UNIT_ASSIGNED_CONTEXT((#12837,#12816,#12795))
REPRESENTATION_CONTEXT('D_DO-35_SOD27_P7.62mm_Horizontal_5',
'TOP_LEVEL_ASSEMBLY_PART')
);
#12754=(
GEOMETRIC_REPRESENTATION_CONTEXT(3)
GLOBAL_UNCERTAINTY_ASSIGNED_CONTEXT((#12775))
GLOBAL_UNIT_ASSIGNED_CONTEXT((#12838,#12817,#12796))
REPRESENTATION_CONTEXT('D_DO-35_SOD27_P7.62mm_Horizontal_2',
'TOP_LEVEL_ASSEMBLY_PART')
);
#12755=(
GEOMETRIC_REPRESENTATION_CONTEXT(3)
GLOBAL_UNCERTAINTY_ASSIGNED_CONTEXT((#12776))
GLOBAL_UNIT_ASSIGNED_CONTEXT((#12839,#12818,#12797))
REPRESENTATION_CONTEXT('D_DO-35_SOD27_P7.62mm_Horizontal_5',
'TOP_LEVEL_ASSEMBLY_PART')
);
#12756=UNCERTAINTY_MEASURE_WITH_UNIT(LENGTH_MEASURE(1.E-8),#12819,
'DISTANCE_ACCURACY_VALUE','Maximum Tolerance applied to model');
#12757=UNCERTAINTY_MEASURE_WITH_UNIT(LENGTH_MEASURE(1.E-8),#12820,
'DISTANCE_ACCURACY_VALUE','Maximum Tolerance applied to model');
#12758=UNCERTAINTY_MEASURE_WITH_UNIT(LENGTH_MEASURE(1.E-8),#12821,
'DISTANCE_ACCURACY_VALUE','Maximum Tolerance applied to model');
#12759=UNCERTAINTY_MEASURE_WITH_UNIT(LENGTH_MEASURE(1.E-8),#12822,
'DISTANCE_ACCURACY_VALUE','Maximum Tolerance applied to model');
#12760=UNCERTAINTY_MEASURE_WITH_UNIT(LENGTH_MEASURE(1.E-8),#12823,
'DISTANCE_ACCURACY_VALUE','Maximum Tolerance applied to model');
#12761=UNCERTAINTY_MEASURE_WITH_UNIT(LENGTH_MEASURE(1.E-8),#12824,
'DISTANCE_ACCURACY_VALUE','Maximum Tolerance applied to model');
#12762=UNCERTAINTY_MEASURE_WITH_UNIT(LENGTH_MEASURE(1.E-8),#12825,
'DISTANCE_ACCURACY_VALUE','Maximum Tolerance applied to model');
#12763=UNCERTAINTY_MEASURE_WITH_UNIT(LENGTH_MEASURE(1.E-8),#12826,
'DISTANCE_ACCURACY_VALUE','Maximum Tolerance applied to model');
#12764=UNCERTAINTY_MEASURE_WITH_UNIT(LENGTH_MEASURE(1.E-8),#12827,
'DISTANCE_ACCURACY_VALUE','Maximum Tolerance applied to model');
#12765=UNCERTAINTY_MEASURE_WITH_UNIT(LENGTH_MEASURE(1.E-8),#12828,
'DISTANCE_ACCURACY_VALUE','Maximum Tolerance applied to model');
#12766=UNCERTAINTY_MEASURE_WITH_UNIT(LENGTH_MEASURE(1.E-8),#12829,
'DISTANCE_ACCURACY_VALUE','Maximum Tolerance applied to model');
#12767=UNCERTAINTY_MEASURE_WITH_UNIT(LENGTH_MEASURE(1.E-8),#12830,
'DISTANCE_ACCURACY_VALUE','Maximum Tolerance applied to model');
#12768=UNCERTAINTY_MEASURE_WITH_UNIT(LENGTH_MEASURE(1.E-8),#12831,
'DISTANCE_ACCURACY_VALUE','Maximum Tolerance applied to model');
#12769=UNCERTAINTY_MEASURE_WITH_UNIT(LENGTH_MEASURE(1.E-8),#12832,
'DISTANCE_ACCURACY_VALUE','Maximum Tolerance applied to model');
#12770=UNCERTAINTY_MEASURE_WITH_UNIT(LENGTH_MEASURE(1.E-8),#12833,
'DISTANCE_ACCURACY_VALUE','Maximum Tolerance applied to model');
#12771=UNCERTAINTY_MEASURE_WITH_UNIT(LENGTH_MEASURE(1.E-8),#12834,
'DISTANCE_ACCURACY_VALUE','Maximum Tolerance applied to model');
#12772=UNCERTAINTY_MEASURE_WITH_UNIT(LENGTH_MEASURE(1.E-8),#12835,
'DISTANCE_ACCURACY_VALUE','Maximum Tolerance applied to model');
#12773=UNCERTAINTY_MEASURE_WITH_UNIT(LENGTH_MEASURE(1.E-8),#12836,
'DISTANCE_ACCURACY_VALUE','Maximum Tolerance applied to model');
#12774=UNCERTAINTY_MEASURE_WITH_UNIT(LENGTH_MEASURE(1.E-8),#12837,
'DISTANCE_ACCURACY_VALUE','Maximum Tolerance applied to model');
#12775=UNCERTAINTY_MEASURE_WITH_UNIT(LENGTH_MEASURE(1.E-8),#12838,
'DISTANCE_ACCURACY_VALUE','Maximum Tolerance applied to model');
#12776=UNCERTAINTY_MEASURE_WITH_UNIT(LENGTH_MEASURE(1.E-8),#12839,
'DISTANCE_ACCURACY_VALUE','Maximum Tolerance applied to model');
#12777=(
NAMED_UNIT(*)
SI_UNIT($,.STERADIAN.)
SOLID_ANGLE_UNIT()
);
#12778=(
NAMED_UNIT(*)
SI_UNIT($,.STERADIAN.)
SOLID_ANGLE_UNIT()
);
#12779=(
NAMED_UNIT(*)
SI_UNIT($,.STERADIAN.)
SOLID_ANGLE_UNIT()
);
#12780=(
NAMED_UNIT(*)
SI_UNIT($,.STERADIAN.)
SOLID_ANGLE_UNIT()
);
#12781=(
NAMED_UNIT(*)
SI_UNIT($,.STERADIAN.)
SOLID_ANGLE_UNIT()
);
#12782=(
NAMED_UNIT(*)
SI_UNIT($,.STERADIAN.)
SOLID_ANGLE_UNIT()
);
#12783=(
NAMED_UNIT(*)
SI_UNIT($,.STERADIAN.)
SOLID_ANGLE_UNIT()
);
#12784=(
NAMED_UNIT(*)
SI_UNIT($,.STERADIAN.)
SOLID_ANGLE_UNIT()
);
#12785=(
NAMED_UNIT(*)
SI_UNIT($,.STERADIAN.)
SOLID_ANGLE_UNIT()
);
#12786=(
NAMED_UNIT(*)
SI_UNIT($,.STERADIAN.)
SOLID_ANGLE_UNIT()
);
#12787=(
NAMED_UNIT(*)
SI_UNIT($,.STERADIAN.)
SOLID_ANGLE_UNIT()
);
#12788=(
NAMED_UNIT(*)
SI_UNIT($,.STERADIAN.)
SOLID_ANGLE_UNIT()
);
#12789=(
NAMED_UNIT(*)
SI_UNIT($,.STERADIAN.)
SOLID_ANGLE_UNIT()
);
#12790=(
NAMED_UNIT(*)
SI_UNIT($,.STERADIAN.)
SOLID_ANGLE_UNIT()
);
#12791=(
NAMED_UNIT(*)
SI_UNIT($,.STERADIAN.)
SOLID_ANGLE_UNIT()
);
#12792=(
NAMED_UNIT(*)
SI_UNIT($,.STERADIAN.)
SOLID_ANGLE_UNIT()
);
#12793=(
NAMED_UNIT(*)
SI_UNIT($,.STERADIAN.)
SOLID_ANGLE_UNIT()
);
#12794=(
NAMED_UNIT(*)
SI_UNIT($,.STERADIAN.)
SOLID_ANGLE_UNIT()
);
#12795=(
NAMED_UNIT(*)
SI_UNIT($,.STERADIAN.)
SOLID_ANGLE_UNIT()
);
#12796=(
NAMED_UNIT(*)
SI_UNIT($,.STERADIAN.)
SOLID_ANGLE_UNIT()
);
#12797=(
NAMED_UNIT(*)
SI_UNIT($,.STERADIAN.)
SOLID_ANGLE_UNIT()
);
#12798=(
NAMED_UNIT(*)
PLANE_ANGLE_UNIT()
SI_UNIT($,.RADIAN.)
);
#12799=(
NAMED_UNIT(*)
PLANE_ANGLE_UNIT()
SI_UNIT($,.RADIAN.)
);
#12800=(
NAMED_UNIT(*)
PLANE_ANGLE_UNIT()
SI_UNIT($,.RADIAN.)
);
#12801=(
NAMED_UNIT(*)
PLANE_ANGLE_UNIT()
SI_UNIT($,.RADIAN.)
);
#12802=(
NAMED_UNIT(*)
PLANE_ANGLE_UNIT()
SI_UNIT($,.RADIAN.)
);
#12803=(
NAMED_UNIT(*)
PLANE_ANGLE_UNIT()
SI_UNIT($,.RADIAN.)
);
#12804=(
NAMED_UNIT(*)
PLANE_ANGLE_UNIT()
SI_UNIT($,.RADIAN.)
);
#12805=(
NAMED_UNIT(*)
PLANE_ANGLE_UNIT()
SI_UNIT($,.RADIAN.)
);
#12806=(
NAMED_UNIT(*)
PLANE_ANGLE_UNIT()
SI_UNIT($,.RADIAN.)
);
#12807=(
NAMED_UNIT(*)
PLANE_ANGLE_UNIT()
SI_UNIT($,.RADIAN.)
);
#12808=(
NAMED_UNIT(*)
PLANE_ANGLE_UNIT()
SI_UNIT($,.RADIAN.)
);
#12809=(
NAMED_UNIT(*)
PLANE_ANGLE_UNIT()
SI_UNIT($,.RADIAN.)
);
#12810=(
NAMED_UNIT(*)
PLANE_ANGLE_UNIT()
SI_UNIT($,.RADIAN.)
);
#12811=(
NAMED_UNIT(*)
PLANE_ANGLE_UNIT()
SI_UNIT($,.RADIAN.)
);
#12812=(
NAMED_UNIT(*)
PLANE_ANGLE_UNIT()
SI_UNIT($,.RADIAN.)
);
#12813=(
NAMED_UNIT(*)
PLANE_ANGLE_UNIT()
SI_UNIT($,.RADIAN.)
);
#12814=(
NAMED_UNIT(*)
PLANE_ANGLE_UNIT()
SI_UNIT($,.RADIAN.)
);
#12815=(
NAMED_UNIT(*)
PLANE_ANGLE_UNIT()
SI_UNIT($,.RADIAN.)
);
#12816=(
NAMED_UNIT(*)
PLANE_ANGLE_UNIT()
SI_UNIT($,.RADIAN.)
);
#12817=(
NAMED_UNIT(*)
PLANE_ANGLE_UNIT()
SI_UNIT($,.RADIAN.)
);
#12818=(
NAMED_UNIT(*)
PLANE_ANGLE_UNIT()
SI_UNIT($,.RADIAN.)
);
#12819=(
LENGTH_UNIT()
NAMED_UNIT(*)
SI_UNIT($,.METRE.)
);
#12820=(
LENGTH_UNIT()
NAMED_UNIT(*)
SI_UNIT($,.METRE.)
);
#12821=(
LENGTH_UNIT()
NAMED_UNIT(*)
SI_UNIT($,.METRE.)
);
#12822=(
LENGTH_UNIT()
NAMED_UNIT(*)
SI_UNIT($,.METRE.)
);
#12823=(
LENGTH_UNIT()
NAMED_UNIT(*)
SI_UNIT($,.METRE.)
);
#12824=(
LENGTH_UNIT()
NAMED_UNIT(*)
SI_UNIT($,.METRE.)
);
#12825=(
LENGTH_UNIT()
NAMED_UNIT(*)
SI_UNIT($,.METRE.)
);
#12826=(
LENGTH_UNIT()
NAMED_UNIT(*)
SI_UNIT($,.METRE.)
);
#12827=(
LENGTH_UNIT()
NAMED_UNIT(*)
SI_UNIT($,.METRE.)
);
#12828=(
LENGTH_UNIT()
NAMED_UNIT(*)
SI_UNIT($,.METRE.)
);
#12829=(
LENGTH_UNIT()
NAMED_UNIT(*)
SI_UNIT($,.METRE.)
);
#12830=(
LENGTH_UNIT()
NAMED_UNIT(*)
SI_UNIT($,.METRE.)
);
#12831=(
LENGTH_UNIT()
NAMED_UNIT(*)
SI_UNIT($,.METRE.)
);
#12832=(
LENGTH_UNIT()
NAMED_UNIT(*)
SI_UNIT($,.METRE.)
);
#12833=(
LENGTH_UNIT()
NAMED_UNIT(*)
SI_UNIT($,.METRE.)
);
#12834=(
LENGTH_UNIT()
NAMED_UNIT(*)
SI_UNIT($,.METRE.)
);
#12835=(
LENGTH_UNIT()
NAMED_UNIT(*)
SI_UNIT($,.METRE.)
);
#12836=(
LENGTH_UNIT()
NAMED_UNIT(*)
SI_UNIT($,.METRE.)
);
#12837=(
LENGTH_UNIT()
NAMED_UNIT(*)
SI_UNIT($,.METRE.)
);
#12838=(
LENGTH_UNIT()
NAMED_UNIT(*)
SI_UNIT($,.METRE.)
);
#12839=(
LENGTH_UNIT()
NAMED_UNIT(*)
SI_UNIT($,.METRE.)
);
#12840=PRODUCT_DEFINITION_SHAPE('','',#12861);
#12841=PRODUCT_DEFINITION_SHAPE('','',#12862);
#12842=PRODUCT_DEFINITION_SHAPE('','',#12863);
#12843=PRODUCT_DEFINITION_SHAPE('','',#12864);
#12844=PRODUCT_DEFINITION_SHAPE('','',#12865);
#12845=PRODUCT_DEFINITION_SHAPE('','',#12866);
#12846=PRODUCT_DEFINITION_SHAPE('','',#12867);
#12847=PRODUCT_DEFINITION_SHAPE('','',#12868);
#12848=PRODUCT_DEFINITION_SHAPE('','',#12869);
#12849=PRODUCT_DEFINITION_SHAPE('','',#12870);
#12850=PRODUCT_DEFINITION_SHAPE('','',#12871);
#12851=PRODUCT_DEFINITION_SHAPE('','',#12872);
#12852=PRODUCT_DEFINITION_SHAPE('','',#12873);
#12853=PRODUCT_DEFINITION_SHAPE('','',#12874);
#12854=PRODUCT_DEFINITION_SHAPE('','',#12875);
#12855=PRODUCT_DEFINITION_SHAPE('','',#12876);
#12856=PRODUCT_DEFINITION_SHAPE('','',#12877);
#12857=PRODUCT_DEFINITION_SHAPE('','',#12878);
#12858=PRODUCT_DEFINITION_SHAPE('','',#12879);
#12859=PRODUCT_DEFINITION_SHAPE('','',#12880);
#12860=PRODUCT_DEFINITION_SHAPE('','',#12881);
#12861=PRODUCT_DEFINITION('','',#12903,#12882);
#12862=PRODUCT_DEFINITION('','',#12904,#12883);
#12863=PRODUCT_DEFINITION('','',#12905,#12884);
#12864=PRODUCT_DEFINITION('','',#12906,#12885);
#12865=PRODUCT_DEFINITION('','',#12907,#12886);
#12866=PRODUCT_DEFINITION('','',#12908,#12887);
#12867=PRODUCT_DEFINITION('','',#12909,#12888);
#12868=PRODUCT_DEFINITION('','',#12910,#12889);
#12869=PRODUCT_DEFINITION('','',#12911,#12890);
#12870=PRODUCT_DEFINITION('','',#12912,#12891);
#12871=PRODUCT_DEFINITION('','',#12913,#12892);
#12872=PRODUCT_DEFINITION('','',#12914,#12893);
#12873=PRODUCT_DEFINITION('','',#12915,#12894);
#12874=PRODUCT_DEFINITION('','',#12916,#12895);
#12875=PRODUCT_DEFINITION('','',#12917,#12896);
#12876=PRODUCT_DEFINITION('','',#12918,#12897);
#12877=PRODUCT_DEFINITION('','',#12919,#12898);
#12878=PRODUCT_DEFINITION('','',#12920,#12899);
#12879=PRODUCT_DEFINITION('','',#12921,#12900);
#12880=PRODUCT_DEFINITION('','',#12922,#12901);
#12881=PRODUCT_DEFINITION('','',#12923,#12902);
#12882=PRODUCT_DEFINITION_CONTEXT('',#13029,'design');
#12883=PRODUCT_DEFINITION_CONTEXT('',#13030,'design');
#12884=PRODUCT_DEFINITION_CONTEXT('',#13031,'design');
#12885=PRODUCT_DEFINITION_CONTEXT('',#13032,'design');
#12886=PRODUCT_DEFINITION_CONTEXT('',#13033,'design');
#12887=PRODUCT_DEFINITION_CONTEXT('',#13034,'design');
#12888=PRODUCT_DEFINITION_CONTEXT('',#13035,'design');
#12889=PRODUCT_DEFINITION_CONTEXT('',#13036,'design');
#12890=PRODUCT_DEFINITION_CONTEXT('',#13037,'design');
#12891=PRODUCT_DEFINITION_CONTEXT('',#13038,'design');
#12892=PRODUCT_DEFINITION_CONTEXT('',#13039,'design');
#12893=PRODUCT_DEFINITION_CONTEXT('',#13040,'design');
#12894=PRODUCT_DEFINITION_CONTEXT('',#13041,'design');
#12895=PRODUCT_DEFINITION_CONTEXT('',#13042,'design');
#12896=PRODUCT_DEFINITION_CONTEXT('',#13043,'design');
#12897=PRODUCT_DEFINITION_CONTEXT('',#13044,'design');
#12898=PRODUCT_DEFINITION_CONTEXT('',#13045,'design');
#12899=PRODUCT_DEFINITION_CONTEXT('',#13046,'design');
#12900=PRODUCT_DEFINITION_CONTEXT('',#13047,'design');
#12901=PRODUCT_DEFINITION_CONTEXT('',#13048,'design');
#12902=PRODUCT_DEFINITION_CONTEXT('',#13049,'design');
#12903=PRODUCT_DEFINITION_FORMATION_WITH_SPECIFIED_SOURCE('','',#12945,
 .NOT_KNOWN.);
#12904=PRODUCT_DEFINITION_FORMATION_WITH_SPECIFIED_SOURCE('','',#12946,
 .NOT_KNOWN.);
#12905=PRODUCT_DEFINITION_FORMATION_WITH_SPECIFIED_SOURCE('','',#12947,
 .NOT_KNOWN.);
#12906=PRODUCT_DEFINITION_FORMATION_WITH_SPECIFIED_SOURCE('','',#12948,
 .NOT_KNOWN.);
#12907=PRODUCT_DEFINITION_FORMATION_WITH_SPECIFIED_SOURCE('','',#12949,
 .NOT_KNOWN.);
#12908=PRODUCT_DEFINITION_FORMATION_WITH_SPECIFIED_SOURCE('','',#12950,
 .NOT_KNOWN.);
#12909=PRODUCT_DEFINITION_FORMATION_WITH_SPECIFIED_SOURCE('','',#12951,
 .NOT_KNOWN.);
#12910=PRODUCT_DEFINITION_FORMATION_WITH_SPECIFIED_SOURCE('','',#12952,
 .NOT_KNOWN.);
#12911=PRODUCT_DEFINITION_FORMATION_WITH_SPECIFIED_SOURCE('','',#12953,
 .NOT_KNOWN.);
#12912=PRODUCT_DEFINITION_FORMATION_WITH_SPECIFIED_SOURCE('','',#12954,
 .NOT_KNOWN.);
#12913=PRODUCT_DEFINITION_FORMATION_WITH_SPECIFIED_SOURCE('','',#12955,
 .NOT_KNOWN.);
#12914=PRODUCT_DEFINITION_FORMATION_WITH_SPECIFIED_SOURCE('','',#12956,
 .NOT_KNOWN.);
#12915=PRODUCT_DEFINITION_FORMATION_WITH_SPECIFIED_SOURCE('','',#12957,
 .NOT_KNOWN.);
#12916=PRODUCT_DEFINITION_FORMATION_WITH_SPECIFIED_SOURCE('','',#12958,
 .NOT_KNOWN.);
#12917=PRODUCT_DEFINITION_FORMATION_WITH_SPECIFIED_SOURCE('','',#12959,
 .NOT_KNOWN.);
#12918=PRODUCT_DEFINITION_FORMATION_WITH_SPECIFIED_SOURCE('','',#12960,
 .NOT_KNOWN.);
#12919=PRODUCT_DEFINITION_FORMATION_WITH_SPECIFIED_SOURCE('','',#12961,
 .NOT_KNOWN.);
#12920=PRODUCT_DEFINITION_FORMATION_WITH_SPECIFIED_SOURCE('','',#12962,
 .NOT_KNOWN.);
#12921=PRODUCT_DEFINITION_FORMATION_WITH_SPECIFIED_SOURCE('','',#12963,
 .NOT_KNOWN.);
#12922=PRODUCT_DEFINITION_FORMATION_WITH_SPECIFIED_SOURCE('','',#12964,
 .NOT_KNOWN.);
#12923=PRODUCT_DEFINITION_FORMATION_WITH_SPECIFIED_SOURCE('','',#12965,
 .NOT_KNOWN.);
#12924=PRODUCT_RELATED_PRODUCT_CATEGORY('','',(#12945));
#12925=PRODUCT_RELATED_PRODUCT_CATEGORY('','',(#12946));
#12926=PRODUCT_RELATED_PRODUCT_CATEGORY('','',(#12947));
#12927=PRODUCT_RELATED_PRODUCT_CATEGORY('','',(#12948));
#12928=PRODUCT_RELATED_PRODUCT_CATEGORY('','',(#12949));
#12929=PRODUCT_RELATED_PRODUCT_CATEGORY('','',(#12950));
#12930=PRODUCT_RELATED_PRODUCT_CATEGORY('','',(#12951));
#12931=PRODUCT_RELATED_PRODUCT_CATEGORY('','',(#12952));
#12932=PRODUCT_RELATED_PRODUCT_CATEGORY('','',(#12953));
#12933=PRODUCT_RELATED_PRODUCT_CATEGORY('','',(#12954));
#12934=PRODUCT_RELATED_PRODUCT_CATEGORY('','',(#12955));
#12935=PRODUCT_RELATED_PRODUCT_CATEGORY('','',(#12956));
#12936=PRODUCT_RELATED_PRODUCT_CATEGORY('','',(#12957));
#12937=PRODUCT_RELATED_PRODUCT_CATEGORY('','',(#12958));
#12938=PRODUCT_RELATED_PRODUCT_CATEGORY('','',(#12959));
#12939=PRODUCT_RELATED_PRODUCT_CATEGORY('','',(#12960));
#12940=PRODUCT_RELATED_PRODUCT_CATEGORY('','',(#12961));
#12941=PRODUCT_RELATED_PRODUCT_CATEGORY('','',(#12962));
#12942=PRODUCT_RELATED_PRODUCT_CATEGORY('','',(#12963));
#12943=PRODUCT_RELATED_PRODUCT_CATEGORY('','',(#12964));
#12944=PRODUCT_RELATED_PRODUCT_CATEGORY('','',(#12965));
#12945=PRODUCT('Buzzer_12x95RM76','Buzzer_12x95RM76','Buzzer_12x95RM76',
(#12987));
#12946=PRODUCT('D_DO-35_SOD27_P7.62mm_Horizontal',
'D_DO-35_SOD27_P7.62mm_Horizontal','D_DO-35_SOD27_P7.62mm_Horizontal',(#12988));
#12947=PRODUCT('kicad_schematic_PCB','kicad_schematic_PCB',
'kicad_schematic_PCB',(#12989));
#12948=PRODUCT('D_DO-35_SOD27_P7.62mm_Horizontal_3',
'D_DO-35_SOD27_P7.62mm_Horizontal_3',
'D_DO-35_SOD27_P7.62mm_Horizontal_3',(#12990));
#12949=PRODUCT('D_DO-35_SOD27_P7.62mm_Horizontal',
'D_DO-35_SOD27_P7.62mm_Horizontal','D_DO-35_SOD27_P7.62mm_Horizontal',(#12991));
#12950=PRODUCT('PinHeader_1x08_P254mm_Vertical',
'PinHeader_1x08_P254mm_Vertical','PinHeader_1x08_P254mm_Vertical',(#12992));
#12951=PRODUCT('D_DO-35_SOD27_P7.62mm_Horizontal_3',
'D_DO-35_SOD27_P7.62mm_Horizontal_3',
'D_DO-35_SOD27_P7.62mm_Horizontal_3',(#12993));
#12952=PRODUCT('D_DO-35_SOD27_P7.62mm_Horizontal_1',
'D_DO-35_SOD27_P7.62mm_Horizontal_1',
'D_DO-35_SOD27_P7.62mm_Horizontal_1',(#12994));
#12953=PRODUCT('D_DO-35_SOD27_P7.62mm_Horizontal_7',
'D_DO-35_SOD27_P7.62mm_Horizontal_7',
'D_DO-35_SOD27_P7.62mm_Horizontal_7',(#12995));
#12954=PRODUCT('D_DO-35_SOD27_P7.62mm_Horizontal_8',
'D_DO-35_SOD27_P7.62mm_Horizontal_8',
'D_DO-35_SOD27_P7.62mm_Horizontal_8',(#12996));
#12955=PRODUCT('D_DO-35_SOD27_P7.62mm_Horizontal_4',
'D_DO-35_SOD27_P7.62mm_Horizontal_4',
'D_DO-35_SOD27_P7.62mm_Horizontal_4',(#12997));
#12956=PRODUCT('D_DO-35_SOD27_P7.62mm_Horizontal_1',
'D_DO-35_SOD27_P7.62mm_Horizontal_1',
'D_DO-35_SOD27_P7.62mm_Horizontal_1',(#12998));
#12957=PRODUCT('D_DO-35_SOD27_P7.62mm_Horizontal_6',
'D_DO-35_SOD27_P7.62mm_Horizontal_6',
'D_DO-35_SOD27_P7.62mm_Horizontal_6',(#12999));
#12958=PRODUCT('D_DO-35_SOD27_P7.62mm_Horizontal_8',
'D_DO-35_SOD27_P7.62mm_Horizontal_8',
'D_DO-35_SOD27_P7.62mm_Horizontal_8',(#13000));
#12959=PRODUCT('D_DO-35_SOD27_P7.62mm_Horizontal_4',
'D_DO-35_SOD27_P7.62mm_Horizontal_4',
'D_DO-35_SOD27_P7.62mm_Horizontal_4',(#13001));
#12960=PRODUCT('D_DO-35_SOD27_P7.62mm_Horizontal_2',
'D_DO-35_SOD27_P7.62mm_Horizontal_2',
'D_DO-35_SOD27_P7.62mm_Horizontal_2',(#13002));
#12961=PRODUCT('D_DO-35_SOD27_P7.62mm_Horizontal_6',
'D_DO-35_SOD27_P7.62mm_Horizontal_6',
'D_DO-35_SOD27_P7.62mm_Horizontal_6',(#13003));
#12962=PRODUCT('D_DO-35_SOD27_P7.62mm_Horizontal_7',
'D_DO-35_SOD27_P7.62mm_Horizontal_7',
'D_DO-35_SOD27_P7.62mm_Horizontal_7',(#13004));
#12963=PRODUCT('D_DO-35_SOD27_P7.62mm_Horizontal_5',
'D_DO-35_SOD27_P7.62mm_Horizontal_5',
'D_DO-35_SOD27_P7.62mm_Horizontal_5',(#13005));
#12964=PRODUCT('D_DO-35_SOD27_P7.62mm_Horizontal_2',
'D_DO-35_SOD27_P7.62mm_Horizontal_2',
'D_DO-35_SOD27_P7.62mm_Horizontal_2',(#13006));
#12965=PRODUCT('D_DO-35_SOD27_P7.62mm_Horizontal_5',
'D_DO-35_SOD27_P7.62mm_Horizontal_5',
'D_DO-35_SOD27_P7.62mm_Horizontal_5',(#13007));
#12966=PRODUCT_CATEGORY('','');
#12967=PRODUCT_CATEGORY('','');
#12968=PRODUCT_CATEGORY('','');
#12969=PRODUCT_CATEGORY('','');
#12970=PRODUCT_CATEGORY('','');
#12971=PRODUCT_CATEGORY('','');
#12972=PRODUCT_CATEGORY('','');
#12973=PRODUCT_CATEGORY('','');
#12974=PRODUCT_CATEGORY('','');
#12975=PRODUCT_CATEGORY('','');
#12976=PRODUCT_CATEGORY('','');
#12977=PRODUCT_CATEGORY('','');
#12978=PRODUCT_CATEGORY('','');
#12979=PRODUCT_CATEGORY('','');
#12980=PRODUCT_CATEGORY('','');
#12981=PRODUCT_CATEGORY('','');
#12982=PRODUCT_CATEGORY('','');
#12983=PRODUCT_CATEGORY('','');
#12984=PRODUCT_CATEGORY('','');
#12985=PRODUCT_CATEGORY('','');
#12986=PRODUCT_CATEGORY('','');
#12987=PRODUCT_CONTEXT('',#13029,'mechanical');
#12988=PRODUCT_CONTEXT('',#13030,'mechanical');
#12989=PRODUCT_CONTEXT('',#13031,'mechanical');
#12990=PRODUCT_CONTEXT('',#13032,'mechanical');
#12991=PRODUCT_CONTEXT('',#13033,'mechanical');
#12992=PRODUCT_CONTEXT('',#13034,'mechanical');
#12993=PRODUCT_CONTEXT('',#13035,'mechanical');
#12994=PRODUCT_CONTEXT('',#13036,'mechanical');
#12995=PRODUCT_CONTEXT('',#13037,'mechanical');
#12996=PRODUCT_CONTEXT('',#13038,'mechanical');
#12997=PRODUCT_CONTEXT('',#13039,'mechanical');
#12998=PRODUCT_CONTEXT('',#13040,'mechanical');
#12999=PRODUCT_CONTEXT('',#13041,'mechanical');
#13000=PRODUCT_CONTEXT('',#13042,'mechanical');
#13001=PRODUCT_CONTEXT('',#13043,'mechanical');
#13002=PRODUCT_CONTEXT('',#13044,'mechanical');
#13003=PRODUCT_CONTEXT('',#13045,'mechanical');
#13004=PRODUCT_CONTEXT('',#13046,'mechanical');
#13005=PRODUCT_CONTEXT('',#13047,'mechanical');
#13006=PRODUCT_CONTEXT('',#13048,'mechanical');
#13007=PRODUCT_CONTEXT('',#13049,'mechanical');
#13008=APPLICATION_PROTOCOL_DEFINITION('international standard',
'automotive_design',2010,#13029);
#13009=APPLICATION_PROTOCOL_DEFINITION('international standard',
'automotive_design',2010,#13030);
#13010=APPLICATION_PROTOCOL_DEFINITION('international standard',
'automotive_design',2010,#13031);
#13011=APPLICATION_PROTOCOL_DEFINITION('international standard',
'automotive_design',2010,#13032);
#13012=APPLICATION_PROTOCOL_DEFINITION('international standard',
'automotive_design',2010,#13033);
#13013=APPLICATION_PROTOCOL_DEFINITION('international standard',
'automotive_design',2010,#13034);
#13014=APPLICATION_PROTOCOL_DEFINITION('international standard',
'automotive_design',2010,#13035);
#13015=APPLICATION_PROTOCOL_DEFINITION('international standard',
'automotive_design',2010,#13036);
#13016=APPLICATION_PROTOCOL_DEFINITION('international standard',
'automotive_design',2010,#13037);
#13017=APPLICATION_PROTOCOL_DEFINITION('international standard',
'automotive_design',2010,#13038);
#13018=APPLICATION_PROTOCOL_DEFINITION('international standard',
'automotive_design',2010,#13039);
#13019=APPLICATION_PROTOCOL_DEFINITION('international standard',
'automotive_design',2010,#13040);
#13020=APPLICATION_PROTOCOL_DEFINITION('international standard',
'automotive_design',2010,#13041);
#13021=APPLICATION_PROTOCOL_DEFINITION('international standard',
'automotive_design',2010,#13042);
#13022=APPLICATION_PROTOCOL_DEFINITION('international standard',
'automotive_design',2010,#13043);
#13023=APPLICATION_PROTOCOL_DEFINITION('international standard',
'automotive_design',2010,#13044);
#13024=APPLICATION_PROTOCOL_DEFINITION('international standard',
'automotive_design',2010,#13045);
#13025=APPLICATION_PROTOCOL_DEFINITION('international standard',
'automotive_design',2010,#13046);
#13026=APPLICATION_PROTOCOL_DEFINITION('international standard',
'automotive_design',2010,#13047);
#13027=APPLICATION_PROTOCOL_DEFINITION('international standard',
'automotive_design',2010,#13048);
#13028=APPLICATION_PROTOCOL_DEFINITION('international standard',
'automotive_design',2010,#13049);
#13029=APPLICATION_CONTEXT(
'core data for automotive mechanical design processes');
#13030=APPLICATION_CONTEXT(
'core data for automotive mechanical design processes');
#13031=APPLICATION_CONTEXT(
'core data for automotive mechanical design processes');
#13032=APPLICATION_CONTEXT(
'core data for automotive mechanical design processes');
#13033=APPLICATION_CONTEXT(
'core data for automotive mechanical design processes');
#13034=APPLICATION_CONTEXT(
'core data for automotive mechanical design processes');
#13035=APPLICATION_CONTEXT(
'core data for automotive mechanical design processes');
#13036=APPLICATION_CONTEXT(
'core data for automotive mechanical design processes');
#13037=APPLICATION_CONTEXT(
'core data for automotive mechanical design processes');
#13038=APPLICATION_CONTEXT(
'core data for automotive mechanical design processes');
#13039=APPLICATION_CONTEXT(
'core data for automotive mechanical design processes');
#13040=APPLICATION_CONTEXT(
'core data for automotive mechanical design processes');
#13041=APPLICATION_CONTEXT(
'core data for automotive mechanical design processes');
#13042=APPLICATION_CONTEXT(
'core data for automotive mechanical design processes');
#13043=APPLICATION_CONTEXT(
'core data for automotive mechanical design processes');
#13044=APPLICATION_CONTEXT(
'core data for automotive mechanical design processes');
#13045=APPLICATION_CONTEXT(
'core data for automotive mechanical design processes');
#13046=APPLICATION_CONTEXT(
'core data for automotive mechanical design processes');
#13047=APPLICATION_CONTEXT(
'core data for automotive mechanical design processes');
#13048=APPLICATION_CONTEXT(
'core data for automotive mechanical design processes');
#13049=APPLICATION_CONTEXT(
'core data for automotive mechanical design processes');
ENDSEC;
END-ISO-10303-21;
