ISO-10303-21;
HEADER;
/* Generated by software containing ST-Developer
 * from STEP Tools, Inc. (www.steptools.com) 
 */
/* OPTION: using custom renumber hook */

FILE_DESCRIPTION(
/* description */ ('STEP AP242 Edition 2',
'CAx-IF Rec.Pracs.---Representation and Presentation of Product Manufa
cturing Information (PMI)---4.0---2014-10-13',
'CAx-IF Rec.Pracs.---3D Tessellated Geometry---0.4---2014-09-14','2;1',
'CAx-IF Rec.Pracs.---User Defined Attributes---1.5---2016-08-15'),
/* implementation_level */ '2;1');

FILE_NAME(
/* name */ '6a99fb506ffce9c59fbbb59c',
/* time_stamp */ '2026-09-03T22:57:20Z',
/* author */ (''),
/* organization */ (''),
/* preprocessor_version */ 'ST-DEVELOPER v20',
/* originating_system */ 'ONSHAPE BY PTC INC, 1.220',
/* authorisation */ '  ');

FILE_SCHEMA (('AP242_MANAGED_MODEL_BASED_3D_ENGINEERING_MIM_LF { 1 0 10303 442 3 1 4 }'));
ENDSEC;

DATA;
#10=CONICAL_SURFACE('',#1868,0.0026,0.785398163397448);
#11=CONICAL_SURFACE('',#1869,0.0026,0.785398163397448);
#12=CONICAL_SURFACE('',#1870,0.0026,0.785398163397448);
#13=CONICAL_SURFACE('',#1871,0.0026,0.785398163397448);
#14=SPHERICAL_SURFACE('',#1851,0.005);
#15=SPHERICAL_SURFACE('',#1853,0.005);
#16=CYLINDRICAL_SURFACE('',#1821,0.0016);
#17=CYLINDRICAL_SURFACE('',#1825,0.0016);
#18=CYLINDRICAL_SURFACE('',#1829,0.0016);
#19=CYLINDRICAL_SURFACE('',#1833,0.0016);
#20=CYLINDRICAL_SURFACE('',#1844,0.005);
#21=CYLINDRICAL_SURFACE('',#1846,0.005);
#22=CYLINDRICAL_SURFACE('',#1848,0.005);
#23=CYLINDRICAL_SURFACE('',#1855,0.005);
#24=CYLINDRICAL_SURFACE('',#1857,0.005);
#25=CYLINDRICAL_SURFACE('',#1859,0.005);
#26=CYLINDRICAL_SURFACE('',#1861,0.005);
#27=CYLINDRICAL_SURFACE('',#1863,0.005);
#28=ELLIPSE('',#1785,0.00556395730946426,0.005);
#29=ELLIPSE('',#1786,0.00556395730946426,0.005);
#30=ELLIPSE('',#1856,0.00943766784756578,0.005);
#31=ELLIPSE('',#1858,0.00943766784756578,0.005);
#32=ELLIPSE('',#1860,0.00707106781186547,0.005);
#33=ELLIPSE('',#1862,0.00707106781186547,0.005);
#34=CONTEXT_DEPENDENT_SHAPE_REPRESENTATION(#38,#2846);
#35=CONTEXT_DEPENDENT_SHAPE_REPRESENTATION(#39,#2848);
#36=NEXT_ASSEMBLY_USAGE_OCCURRENCE('NAUO1','Part 1','Part 1',#2849,#2850,
'');
#37=NEXT_ASSEMBLY_USAGE_OCCURRENCE('NAUO2','Part 1','Part 1',#2849,#2851,
'');
#38=(
REPRESENTATION_RELATIONSHIP(' ',' ',#1750,#1749)
REPRESENTATION_RELATIONSHIP_WITH_TRANSFORMATION(#40)
SHAPE_REPRESENTATION_RELATIONSHIP()
);
#39=(
REPRESENTATION_RELATIONSHIP(' ',' ',#1751,#1749)
REPRESENTATION_RELATIONSHIP_WITH_TRANSFORMATION(#41)
SHAPE_REPRESENTATION_RELATIONSHIP()
);
#40=ITEM_DEFINED_TRANSFORMATION(' ',' ',#1752,#1771);
#41=ITEM_DEFINED_TRANSFORMATION(' ',' ',#1752,#1888);
#42=SHAPE_REPRESENTATION_RELATIONSHIP('','',#1750,#44);
#43=SHAPE_REPRESENTATION_RELATIONSHIP('','',#1751,#45);
#44=ADVANCED_BREP_SHAPE_REPRESENTATION('',(#1744),#2836);
#45=ADVANCED_BREP_SHAPE_REPRESENTATION('',(#1745),#2837);
#46=TOROIDAL_SURFACE('',#1770,0.007,0.002);
#47=LINE('',#2361,#241);
#48=LINE('',#2364,#242);
#49=LINE('',#2366,#243);
#50=LINE('',#2368,#244);
#51=LINE('',#2369,#245);
#52=LINE('',#2372,#246);
#53=LINE('',#2374,#247);
#54=LINE('',#2376,#248);
#55=LINE('',#2378,#249);
#56=LINE('',#2381,#250);
#57=LINE('',#2383,#251);
#58=LINE('',#2385,#252);
#59=LINE('',#2387,#253);
#60=LINE('',#2389,#254);
#61=LINE('',#2391,#255);
#62=LINE('',#2393,#256);
#63=LINE('',#2395,#257);
#64=LINE('',#2397,#258);
#65=LINE('',#2399,#259);
#66=LINE('',#2400,#260);
#67=LINE('',#2404,#261);
#68=LINE('',#2407,#262);
#69=LINE('',#2409,#263);
#70=LINE('',#2411,#264);
#71=LINE('',#2413,#265);
#72=LINE('',#2414,#266);
#73=LINE('',#2416,#267);
#74=LINE('',#2418,#268);
#75=LINE('',#2421,#269);
#76=LINE('',#2423,#270);
#77=LINE('',#2425,#271);
#78=LINE('',#2427,#272);
#79=LINE('',#2429,#273);
#80=LINE('',#2431,#274);
#81=LINE('',#2433,#275);
#82=LINE('',#2435,#276);
#83=LINE('',#2440,#277);
#84=LINE('',#2443,#278);
#85=LINE('',#2445,#279);
#86=LINE('',#2447,#280);
#87=LINE('',#2448,#281);
#88=LINE('',#2451,#282);
#89=LINE('',#2453,#283);
#90=LINE('',#2455,#284);
#91=LINE('',#2457,#285);
#92=LINE('',#2462,#286);
#93=LINE('',#2464,#287);
#94=LINE('',#2466,#288);
#95=LINE('',#2468,#289);
#96=LINE('',#2470,#290);
#97=LINE('',#2472,#291);
#98=LINE('',#2476,#292);
#99=LINE('',#2478,#293);
#100=LINE('',#2480,#294);
#101=LINE('',#2482,#295);
#102=LINE('',#2483,#296);
#103=LINE('',#2485,#297);
#104=LINE('',#2487,#298);
#105=LINE('',#2489,#299);
#106=LINE('',#2491,#300);
#107=LINE('',#2493,#301);
#108=LINE('',#2495,#302);
#109=LINE('',#2498,#303);
#110=LINE('',#2500,#304);
#111=LINE('',#2502,#305);
#112=LINE('',#2503,#306);
#113=LINE('',#2506,#307);
#114=LINE('',#2508,#308);
#115=LINE('',#2510,#309);
#116=LINE('',#2512,#310);
#117=LINE('',#2515,#311);
#118=LINE('',#2517,#312);
#119=LINE('',#2519,#313);
#120=LINE('',#2520,#314);
#121=LINE('',#2523,#315);
#122=LINE('',#2525,#316);
#123=LINE('',#2527,#317);
#124=LINE('',#2529,#318);
#125=LINE('',#2535,#319);
#126=LINE('',#2539,#320);
#127=LINE('',#2541,#321);
#128=LINE('',#2542,#322);
#129=LINE('',#2544,#323);
#130=LINE('',#2548,#324);
#131=LINE('',#2550,#325);
#132=LINE('',#2552,#326);
#133=LINE('',#2554,#327);
#134=LINE('',#2556,#328);
#135=LINE('',#2558,#329);
#136=LINE('',#2560,#330);
#137=LINE('',#2563,#331);
#138=LINE('',#2564,#332);
#139=LINE('',#2566,#333);
#140=LINE('',#2569,#334);
#141=LINE('',#2571,#335);
#142=LINE('',#2573,#336);
#143=LINE('',#2574,#337);
#144=LINE('',#2577,#338);
#145=LINE('',#2579,#339);
#146=LINE('',#2581,#340);
#147=LINE('',#2582,#341);
#148=LINE('',#2585,#342);
#149=LINE('',#2587,#343);
#150=LINE('',#2589,#344);
#151=LINE('',#2590,#345);
#152=LINE('',#2593,#346);
#153=LINE('',#2595,#347);
#154=LINE('',#2597,#348);
#155=LINE('',#2598,#349);
#156=LINE('',#2599,#350);
#157=LINE('',#2605,#351);
#158=LINE('',#2607,#352);
#159=LINE('',#2609,#353);
#160=LINE('',#2611,#354);
#161=LINE('',#2613,#355);
#162=LINE('',#2615,#356);
#163=LINE('',#2617,#357);
#164=LINE('',#2619,#358);
#165=LINE('',#2623,#359);
#166=LINE('',#2626,#360);
#167=LINE('',#2628,#361);
#168=LINE('',#2630,#362);
#169=LINE('',#2632,#363);
#170=LINE('',#2634,#364);
#171=LINE('',#2636,#365);
#172=LINE('',#2638,#366);
#173=LINE('',#2640,#367);
#174=LINE('',#2642,#368);
#175=LINE('',#2644,#369);
#176=LINE('',#2646,#370);
#177=LINE('',#2650,#371);
#178=LINE('',#2653,#372);
#179=LINE('',#2655,#373);
#180=LINE('',#2657,#374);
#181=LINE('',#2659,#375);
#182=LINE('',#2661,#376);
#183=LINE('',#2663,#377);
#184=LINE('',#2665,#378);
#185=LINE('',#2667,#379);
#186=LINE('',#2669,#380);
#187=LINE('',#2671,#381);
#188=LINE('',#2673,#382);
#189=LINE('',#2677,#383);
#190=LINE('',#2680,#384);
#191=LINE('',#2682,#385);
#192=LINE('',#2684,#386);
#193=LINE('',#2686,#387);
#194=LINE('',#2688,#388);
#195=LINE('',#2690,#389);
#196=LINE('',#2692,#390);
#197=LINE('',#2694,#391);
#198=LINE('',#2696,#392);
#199=LINE('',#2698,#393);
#200=LINE('',#2700,#394);
#201=LINE('',#2704,#395);
#202=LINE('',#2707,#396);
#203=LINE('',#2709,#397);
#204=LINE('',#2711,#398);
#205=LINE('',#2737,#399);
#206=LINE('',#2739,#400);
#207=LINE('',#2741,#401);
#208=LINE('',#2743,#402);
#209=LINE('',#2745,#403);
#210=LINE('',#2747,#404);
#211=LINE('',#2749,#405);
#212=LINE('',#2751,#406);
#213=LINE('',#2753,#407);
#214=LINE('',#2755,#408);
#215=LINE('',#2757,#409);
#216=LINE('',#2759,#410);
#217=LINE('',#2761,#411);
#218=LINE('',#2763,#412);
#219=LINE('',#2765,#413);
#220=LINE('',#2767,#414);
#221=LINE('',#2790,#415);
#222=LINE('',#2791,#416);
#223=LINE('',#2793,#417);
#224=LINE('',#2795,#418);
#225=LINE('',#2802,#419);
#226=LINE('',#2803,#420);
#227=LINE('',#2805,#421);
#228=LINE('',#2807,#422);
#229=LINE('',#2810,#423);
#230=LINE('',#2811,#424);
#231=LINE('',#2813,#425);
#232=LINE('',#2815,#426);
#233=LINE('',#2818,#427);
#234=LINE('',#2819,#428);
#235=LINE('',#2821,#429);
#236=LINE('',#2823,#430);
#237=LINE('',#2826,#431);
#238=LINE('',#2827,#432);
#239=LINE('',#2829,#433);
#240=LINE('',#2831,#434);
#241=VECTOR('',#1895,1.);
#242=VECTOR('',#1896,1.);
#243=VECTOR('',#1897,1.);
#244=VECTOR('',#1898,1.);
#245=VECTOR('',#1899,1.);
#246=VECTOR('',#1900,1.);
#247=VECTOR('',#1901,1.);
#248=VECTOR('',#1902,1.);
#249=VECTOR('',#1905,1.);
#250=VECTOR('',#1906,1.);
#251=VECTOR('',#1907,1.);
#252=VECTOR('',#1908,1.);
#253=VECTOR('',#1911,1.);
#254=VECTOR('',#1912,1.);
#255=VECTOR('',#1913,1.);
#256=VECTOR('',#1916,1.);
#257=VECTOR('',#1917,1.);
#258=VECTOR('',#1918,1.);
#259=VECTOR('',#1921,1.);
#260=VECTOR('',#1922,1.);
#261=VECTOR('',#1927,1.);
#262=VECTOR('',#1928,1.);
#263=VECTOR('',#1929,1.);
#264=VECTOR('',#1930,1.);
#265=VECTOR('',#1933,1.);
#266=VECTOR('',#1934,1.);
#267=VECTOR('',#1937,1.);
#268=VECTOR('',#1940,1.);
#269=VECTOR('',#1945,1.);
#270=VECTOR('',#1946,1.);
#271=VECTOR('',#1947,1.);
#272=VECTOR('',#1950,1.);
#273=VECTOR('',#1951,1.);
#274=VECTOR('',#1954,1.);
#275=VECTOR('',#1955,1.);
#276=VECTOR('',#1958,1.);
#277=VECTOR('',#1967,1.);
#278=VECTOR('',#1968,1.);
#279=VECTOR('',#1969,1.);
#280=VECTOR('',#1970,1.);
#281=VECTOR('',#1971,1.);
#282=VECTOR('',#1972,1.);
#283=VECTOR('',#1973,1.);
#284=VECTOR('',#1974,1.);
#285=VECTOR('',#1977,1.);
#286=VECTOR('',#1980,1.);
#287=VECTOR('',#1981,1.);
#288=VECTOR('',#1982,1.);
#289=VECTOR('',#1985,1.);
#290=VECTOR('',#1986,1.);
#291=VECTOR('',#1987,1.);
#292=VECTOR('',#1992,1.);
#293=VECTOR('',#1993,1.);
#294=VECTOR('',#1994,1.);
#295=VECTOR('',#1997,1.);
#296=VECTOR('',#1998,1.);
#297=VECTOR('',#2001,1.);
#298=VECTOR('',#2002,1.);
#299=VECTOR('',#2003,1.);
#300=VECTOR('',#2004,1.);
#301=VECTOR('',#2005,1.);
#302=VECTOR('',#2008,1.);
#303=VECTOR('',#2009,1.);
#304=VECTOR('',#2010,1.);
#305=VECTOR('',#2011,1.);
#306=VECTOR('',#2012,1.);
#307=VECTOR('',#2013,1.);
#308=VECTOR('',#2014,1.);
#309=VECTOR('',#2015,1.);
#310=VECTOR('',#2018,1.);
#311=VECTOR('',#2019,1.);
#312=VECTOR('',#2020,1.);
#313=VECTOR('',#2021,1.);
#314=VECTOR('',#2022,1.);
#315=VECTOR('',#2023,1.);
#316=VECTOR('',#2024,1.);
#317=VECTOR('',#2025,1.);
#318=VECTOR('',#2028,1.);
#319=VECTOR('',#2033,1.);
#320=VECTOR('',#2036,1.);
#321=VECTOR('',#2037,1.);
#322=VECTOR('',#2038,1.);
#323=VECTOR('',#2039,1.);
#324=VECTOR('',#2044,1.);
#325=VECTOR('',#2045,1.);
#326=VECTOR('',#2046,1.);
#327=VECTOR('',#2049,1.);
#328=VECTOR('',#2050,1.);
#329=VECTOR('',#2051,1.);
#330=VECTOR('',#2054,1.);
#331=VECTOR('',#2055,1.);
#332=VECTOR('',#2056,1.);
#333=VECTOR('',#2059,1.);
#334=VECTOR('',#2060,1.);
#335=VECTOR('',#2061,1.);
#336=VECTOR('',#2062,1.);
#337=VECTOR('',#2063,1.);
#338=VECTOR('',#2064,1.);
#339=VECTOR('',#2065,1.);
#340=VECTOR('',#2066,1.);
#341=VECTOR('',#2067,1.);
#342=VECTOR('',#2068,1.);
#343=VECTOR('',#2069,1.);
#344=VECTOR('',#2070,1.);
#345=VECTOR('',#2071,1.);
#346=VECTOR('',#2072,1.);
#347=VECTOR('',#2073,1.);
#348=VECTOR('',#2074,1.);
#349=VECTOR('',#2075,1.);
#350=VECTOR('',#2076,1.);
#351=VECTOR('',#2087,1.);
#352=VECTOR('',#2088,1.);
#353=VECTOR('',#2089,1.);
#354=VECTOR('',#2092,1.);
#355=VECTOR('',#2093,1.);
#356=VECTOR('',#2096,1.);
#357=VECTOR('',#2097,1.);
#358=VECTOR('',#2100,1.);
#359=VECTOR('',#2105,1.);
#360=VECTOR('',#2106,1.);
#361=VECTOR('',#2107,1.);
#362=VECTOR('',#2108,1.);
#363=VECTOR('',#2111,1.);
#364=VECTOR('',#2112,1.);
#365=VECTOR('',#2113,1.);
#366=VECTOR('',#2116,1.);
#367=VECTOR('',#2117,1.);
#368=VECTOR('',#2120,1.);
#369=VECTOR('',#2121,1.);
#370=VECTOR('',#2124,1.);
#371=VECTOR('',#2129,1.);
#372=VECTOR('',#2130,1.);
#373=VECTOR('',#2131,1.);
#374=VECTOR('',#2132,1.);
#375=VECTOR('',#2135,1.);
#376=VECTOR('',#2136,1.);
#377=VECTOR('',#2137,1.);
#378=VECTOR('',#2140,1.);
#379=VECTOR('',#2141,1.);
#380=VECTOR('',#2144,1.);
#381=VECTOR('',#2145,1.);
#382=VECTOR('',#2148,1.);
#383=VECTOR('',#2153,1.);
#384=VECTOR('',#2154,1.);
#385=VECTOR('',#2155,1.);
#386=VECTOR('',#2156,1.);
#387=VECTOR('',#2159,1.);
#388=VECTOR('',#2160,1.);
#389=VECTOR('',#2161,1.);
#390=VECTOR('',#2164,1.);
#391=VECTOR('',#2165,1.);
#392=VECTOR('',#2168,1.);
#393=VECTOR('',#2169,1.);
#394=VECTOR('',#2172,1.);
#395=VECTOR('',#2177,1.);
#396=VECTOR('',#2178,1.);
#397=VECTOR('',#2179,1.);
#398=VECTOR('',#2180,1.);
#399=VECTOR('',#2215,1.);
#400=VECTOR('',#2216,1.);
#401=VECTOR('',#2217,1.);
#402=VECTOR('',#2220,1.);
#403=VECTOR('',#2221,1.);
#404=VECTOR('',#2224,1.);
#405=VECTOR('',#2225,1.);
#406=VECTOR('',#2228,1.);
#407=VECTOR('',#2231,1.);
#408=VECTOR('',#2232,1.);
#409=VECTOR('',#2233,1.);
#410=VECTOR('',#2236,1.);
#411=VECTOR('',#2237,1.);
#412=VECTOR('',#2240,1.);
#413=VECTOR('',#2241,1.);
#414=VECTOR('',#2244,1.);
#415=VECTOR('',#2289,1.);
#416=VECTOR('',#2290,1.);
#417=VECTOR('',#2293,1.);
#418=VECTOR('',#2296,1.);
#419=VECTOR('',#2309,1.);
#420=VECTOR('',#2310,1.);
#421=VECTOR('',#2313,1.);
#422=VECTOR('',#2316,1.);
#423=VECTOR('',#2321,1.);
#424=VECTOR('',#2322,1.);
#425=VECTOR('',#2325,1.);
#426=VECTOR('',#2328,1.);
#427=VECTOR('',#2333,1.);
#428=VECTOR('',#2334,1.);
#429=VECTOR('',#2337,1.);
#430=VECTOR('',#2340,1.);
#431=VECTOR('',#2345,1.);
#432=VECTOR('',#2346,1.);
#433=VECTOR('',#2349,1.);
#434=VECTOR('',#2352,1.);
#435=ORIENTED_EDGE('',*,*,#887,.T.);
#436=ORIENTED_EDGE('',*,*,#888,.F.);
#437=ORIENTED_EDGE('',*,*,#889,.T.);
#438=ORIENTED_EDGE('',*,*,#890,.T.);
#439=ORIENTED_EDGE('',*,*,#891,.F.);
#440=ORIENTED_EDGE('',*,*,#892,.F.);
#441=ORIENTED_EDGE('',*,*,#893,.T.);
#442=ORIENTED_EDGE('',*,*,#894,.T.);
#443=ORIENTED_EDGE('',*,*,#895,.F.);
#444=ORIENTED_EDGE('',*,*,#896,.T.);
#445=ORIENTED_EDGE('',*,*,#897,.T.);
#446=ORIENTED_EDGE('',*,*,#898,.F.);
#447=ORIENTED_EDGE('',*,*,#899,.T.);
#448=ORIENTED_EDGE('',*,*,#900,.F.);
#449=ORIENTED_EDGE('',*,*,#901,.F.);
#450=ORIENTED_EDGE('',*,*,#902,.F.);
#451=ORIENTED_EDGE('',*,*,#898,.T.);
#452=ORIENTED_EDGE('',*,*,#903,.F.);
#453=ORIENTED_EDGE('',*,*,#904,.F.);
#454=ORIENTED_EDGE('',*,*,#905,.F.);
#455=ORIENTED_EDGE('',*,*,#901,.T.);
#456=ORIENTED_EDGE('',*,*,#904,.T.);
#457=ORIENTED_EDGE('',*,*,#906,.T.);
#458=ORIENTED_EDGE('',*,*,#896,.F.);
#459=ORIENTED_EDGE('',*,*,#907,.T.);
#460=ORIENTED_EDGE('',*,*,#908,.T.);
#461=ORIENTED_EDGE('',*,*,#909,.T.);
#462=ORIENTED_EDGE('',*,*,#910,.T.);
#463=ORIENTED_EDGE('',*,*,#911,.F.);
#464=ORIENTED_EDGE('',*,*,#912,.F.);
#465=ORIENTED_EDGE('',*,*,#899,.F.);
#466=ORIENTED_EDGE('',*,*,#902,.T.);
#467=ORIENTED_EDGE('',*,*,#905,.T.);
#468=ORIENTED_EDGE('',*,*,#907,.F.);
#469=ORIENTED_EDGE('',*,*,#909,.F.);
#470=ORIENTED_EDGE('',*,*,#913,.F.);
#471=ORIENTED_EDGE('',*,*,#888,.T.);
#472=ORIENTED_EDGE('',*,*,#914,.T.);
#473=ORIENTED_EDGE('',*,*,#912,.T.);
#474=ORIENTED_EDGE('',*,*,#915,.F.);
#475=ORIENTED_EDGE('',*,*,#889,.F.);
#476=ORIENTED_EDGE('',*,*,#913,.T.);
#477=ORIENTED_EDGE('',*,*,#911,.T.);
#478=ORIENTED_EDGE('',*,*,#916,.F.);
#479=ORIENTED_EDGE('',*,*,#890,.F.);
#480=ORIENTED_EDGE('',*,*,#915,.T.);
#481=ORIENTED_EDGE('',*,*,#910,.F.);
#482=ORIENTED_EDGE('',*,*,#914,.F.);
#483=ORIENTED_EDGE('',*,*,#891,.T.);
#484=ORIENTED_EDGE('',*,*,#916,.T.);
#485=ORIENTED_EDGE('',*,*,#893,.F.);
#486=ORIENTED_EDGE('',*,*,#917,.F.);
#487=ORIENTED_EDGE('',*,*,#918,.T.);
#488=ORIENTED_EDGE('',*,*,#919,.T.);
#489=ORIENTED_EDGE('',*,*,#892,.T.);
#490=ORIENTED_EDGE('',*,*,#920,.F.);
#491=ORIENTED_EDGE('',*,*,#921,.F.);
#492=ORIENTED_EDGE('',*,*,#917,.T.);
#493=ORIENTED_EDGE('',*,*,#895,.T.);
#494=ORIENTED_EDGE('',*,*,#922,.F.);
#495=ORIENTED_EDGE('',*,*,#923,.F.);
#496=ORIENTED_EDGE('',*,*,#920,.T.);
#497=ORIENTED_EDGE('',*,*,#894,.F.);
#498=ORIENTED_EDGE('',*,*,#919,.F.);
#499=ORIENTED_EDGE('',*,*,#924,.T.);
#500=ORIENTED_EDGE('',*,*,#922,.T.);
#501=ORIENTED_EDGE('',*,*,#906,.F.);
#502=ORIENTED_EDGE('',*,*,#903,.T.);
#503=ORIENTED_EDGE('',*,*,#900,.T.);
#504=ORIENTED_EDGE('',*,*,#897,.F.);
#505=ORIENTED_EDGE('',*,*,#918,.F.);
#506=ORIENTED_EDGE('',*,*,#921,.T.);
#507=ORIENTED_EDGE('',*,*,#923,.T.);
#508=ORIENTED_EDGE('',*,*,#924,.F.);
#509=ORIENTED_EDGE('',*,*,#887,.F.);
#510=ORIENTED_EDGE('',*,*,#908,.F.);
#511=ORIENTED_EDGE('',*,*,#925,.F.);
#512=ORIENTED_EDGE('',*,*,#926,.T.);
#513=ORIENTED_EDGE('',*,*,#927,.T.);
#514=ORIENTED_EDGE('',*,*,#928,.F.);
#515=ORIENTED_EDGE('',*,*,#929,.T.);
#516=ORIENTED_EDGE('',*,*,#930,.T.);
#517=ORIENTED_EDGE('',*,*,#931,.F.);
#518=ORIENTED_EDGE('',*,*,#932,.F.);
#519=ORIENTED_EDGE('',*,*,#933,.F.);
#520=ORIENTED_EDGE('',*,*,#934,.T.);
#521=ORIENTED_EDGE('',*,*,#935,.F.);
#522=ORIENTED_EDGE('',*,*,#936,.T.);
#523=ORIENTED_EDGE('',*,*,#937,.T.);
#524=ORIENTED_EDGE('',*,*,#935,.T.);
#525=ORIENTED_EDGE('',*,*,#938,.T.);
#526=ORIENTED_EDGE('',*,*,#939,.F.);
#527=ORIENTED_EDGE('',*,*,#940,.F.);
#528=ORIENTED_EDGE('',*,*,#939,.T.);
#529=ORIENTED_EDGE('',*,*,#941,.T.);
#530=ORIENTED_EDGE('',*,*,#942,.T.);
#531=ORIENTED_EDGE('',*,*,#943,.F.);
#532=ORIENTED_EDGE('',*,*,#944,.F.);
#533=ORIENTED_EDGE('',*,*,#937,.F.);
#534=ORIENTED_EDGE('',*,*,#945,.T.);
#535=ORIENTED_EDGE('',*,*,#943,.T.);
#536=ORIENTED_EDGE('',*,*,#946,.F.);
#537=ORIENTED_EDGE('',*,*,#942,.F.);
#538=ORIENTED_EDGE('',*,*,#947,.T.);
#539=ORIENTED_EDGE('',*,*,#948,.T.);
#540=ORIENTED_EDGE('',*,*,#949,.T.);
#541=ORIENTED_EDGE('',*,*,#950,.T.);
#542=ORIENTED_EDGE('',*,*,#951,.T.);
#543=ORIENTED_EDGE('',*,*,#933,.T.);
#544=ORIENTED_EDGE('',*,*,#946,.T.);
#545=ORIENTED_EDGE('',*,*,#952,.T.);
#546=ORIENTED_EDGE('',*,*,#953,.T.);
#547=ORIENTED_EDGE('',*,*,#954,.T.);
#548=ORIENTED_EDGE('',*,*,#955,.T.);
#549=ORIENTED_EDGE('',*,*,#956,.T.);
#550=ORIENTED_EDGE('',*,*,#957,.T.);
#551=ORIENTED_EDGE('',*,*,#958,.T.);
#552=ORIENTED_EDGE('',*,*,#959,.T.);
#553=ORIENTED_EDGE('',*,*,#960,.T.);
#554=ORIENTED_EDGE('',*,*,#961,.F.);
#555=ORIENTED_EDGE('',*,*,#962,.F.);
#556=ORIENTED_EDGE('',*,*,#963,.T.);
#557=ORIENTED_EDGE('',*,*,#964,.F.);
#558=ORIENTED_EDGE('',*,*,#965,.T.);
#559=ORIENTED_EDGE('',*,*,#966,.T.);
#560=ORIENTED_EDGE('',*,*,#967,.F.);
#561=ORIENTED_EDGE('',*,*,#968,.F.);
#562=ORIENTED_EDGE('',*,*,#969,.T.);
#563=ORIENTED_EDGE('',*,*,#956,.F.);
#564=ORIENTED_EDGE('',*,*,#970,.T.);
#565=ORIENTED_EDGE('',*,*,#971,.T.);
#566=ORIENTED_EDGE('',*,*,#972,.T.);
#567=ORIENTED_EDGE('',*,*,#973,.T.);
#568=ORIENTED_EDGE('',*,*,#974,.F.);
#569=ORIENTED_EDGE('',*,*,#961,.T.);
#570=ORIENTED_EDGE('',*,*,#975,.T.);
#571=ORIENTED_EDGE('',*,*,#976,.T.);
#572=ORIENTED_EDGE('',*,*,#977,.T.);
#573=ORIENTED_EDGE('',*,*,#948,.F.);
#574=ORIENTED_EDGE('',*,*,#978,.T.);
#575=ORIENTED_EDGE('',*,*,#979,.T.);
#576=ORIENTED_EDGE('',*,*,#980,.T.);
#577=ORIENTED_EDGE('',*,*,#971,.F.);
#578=ORIENTED_EDGE('',*,*,#981,.T.);
#579=ORIENTED_EDGE('',*,*,#982,.T.);
#580=ORIENTED_EDGE('',*,*,#983,.T.);
#581=ORIENTED_EDGE('',*,*,#984,.T.);
#582=ORIENTED_EDGE('',*,*,#985,.T.);
#583=ORIENTED_EDGE('',*,*,#968,.T.);
#584=ORIENTED_EDGE('',*,*,#986,.T.);
#585=ORIENTED_EDGE('',*,*,#987,.F.);
#586=ORIENTED_EDGE('',*,*,#988,.T.);
#587=ORIENTED_EDGE('',*,*,#989,.T.);
#588=ORIENTED_EDGE('',*,*,#990,.F.);
#589=ORIENTED_EDGE('',*,*,#991,.F.);
#590=ORIENTED_EDGE('',*,*,#992,.T.);
#591=ORIENTED_EDGE('',*,*,#993,.T.);
#592=ORIENTED_EDGE('',*,*,#994,.F.);
#593=ORIENTED_EDGE('',*,*,#995,.F.);
#594=ORIENTED_EDGE('',*,*,#996,.T.);
#595=ORIENTED_EDGE('',*,*,#997,.T.);
#596=ORIENTED_EDGE('',*,*,#998,.F.);
#597=ORIENTED_EDGE('',*,*,#999,.F.);
#598=ORIENTED_EDGE('',*,*,#1000,.T.);
#599=ORIENTED_EDGE('',*,*,#1001,.T.);
#600=ORIENTED_EDGE('',*,*,#1002,.F.);
#601=ORIENTED_EDGE('',*,*,#1003,.T.);
#602=ORIENTED_EDGE('',*,*,#963,.F.);
#603=ORIENTED_EDGE('',*,*,#1004,.F.);
#604=ORIENTED_EDGE('',*,*,#928,.T.);
#605=ORIENTED_EDGE('',*,*,#974,.T.);
#606=ORIENTED_EDGE('',*,*,#1005,.T.);
#607=ORIENTED_EDGE('',*,*,#925,.T.);
#608=ORIENTED_EDGE('',*,*,#1004,.T.);
#609=ORIENTED_EDGE('',*,*,#962,.T.);
#610=ORIENTED_EDGE('',*,*,#927,.F.);
#611=ORIENTED_EDGE('',*,*,#1006,.T.);
#612=ORIENTED_EDGE('',*,*,#975,.F.);
#613=ORIENTED_EDGE('',*,*,#960,.F.);
#614=ORIENTED_EDGE('',*,*,#1003,.F.);
#615=ORIENTED_EDGE('',*,*,#1007,.F.);
#616=ORIENTED_EDGE('',*,*,#1008,.T.);
#617=ORIENTED_EDGE('',*,*,#1009,.T.);
#618=ORIENTED_EDGE('',*,*,#1000,.F.);
#619=ORIENTED_EDGE('',*,*,#1010,.F.);
#620=ORIENTED_EDGE('',*,*,#1011,.T.);
#621=ORIENTED_EDGE('',*,*,#1007,.T.);
#622=ORIENTED_EDGE('',*,*,#999,.T.);
#623=ORIENTED_EDGE('',*,*,#1012,.F.);
#624=ORIENTED_EDGE('',*,*,#1013,.T.);
#625=ORIENTED_EDGE('',*,*,#1010,.T.);
#626=ORIENTED_EDGE('',*,*,#1002,.T.);
#627=ORIENTED_EDGE('',*,*,#1009,.F.);
#628=ORIENTED_EDGE('',*,*,#1014,.T.);
#629=ORIENTED_EDGE('',*,*,#1012,.T.);
#630=ORIENTED_EDGE('',*,*,#1001,.F.);
#631=ORIENTED_EDGE('',*,*,#1015,.T.);
#632=ORIENTED_EDGE('',*,*,#1016,.T.);
#633=ORIENTED_EDGE('',*,*,#1017,.T.);
#634=ORIENTED_EDGE('',*,*,#1018,.T.);
#635=ORIENTED_EDGE('',*,*,#1019,.T.);
#636=ORIENTED_EDGE('',*,*,#1020,.F.);
#637=ORIENTED_EDGE('',*,*,#1021,.T.);
#638=ORIENTED_EDGE('',*,*,#1022,.T.);
#639=ORIENTED_EDGE('',*,*,#996,.F.);
#640=ORIENTED_EDGE('',*,*,#1023,.F.);
#641=ORIENTED_EDGE('',*,*,#1024,.T.);
#642=ORIENTED_EDGE('',*,*,#1020,.T.);
#643=ORIENTED_EDGE('',*,*,#995,.T.);
#644=ORIENTED_EDGE('',*,*,#1025,.F.);
#645=ORIENTED_EDGE('',*,*,#1026,.T.);
#646=ORIENTED_EDGE('',*,*,#1023,.T.);
#647=ORIENTED_EDGE('',*,*,#998,.T.);
#648=ORIENTED_EDGE('',*,*,#1022,.F.);
#649=ORIENTED_EDGE('',*,*,#1027,.T.);
#650=ORIENTED_EDGE('',*,*,#1025,.T.);
#651=ORIENTED_EDGE('',*,*,#997,.F.);
#652=ORIENTED_EDGE('',*,*,#1028,.T.);
#653=ORIENTED_EDGE('',*,*,#1029,.T.);
#654=ORIENTED_EDGE('',*,*,#1030,.T.);
#655=ORIENTED_EDGE('',*,*,#1031,.T.);
#656=ORIENTED_EDGE('',*,*,#1032,.T.);
#657=ORIENTED_EDGE('',*,*,#1033,.F.);
#658=ORIENTED_EDGE('',*,*,#1034,.T.);
#659=ORIENTED_EDGE('',*,*,#1035,.T.);
#660=ORIENTED_EDGE('',*,*,#992,.F.);
#661=ORIENTED_EDGE('',*,*,#1036,.F.);
#662=ORIENTED_EDGE('',*,*,#1037,.T.);
#663=ORIENTED_EDGE('',*,*,#1033,.T.);
#664=ORIENTED_EDGE('',*,*,#991,.T.);
#665=ORIENTED_EDGE('',*,*,#1038,.F.);
#666=ORIENTED_EDGE('',*,*,#1039,.T.);
#667=ORIENTED_EDGE('',*,*,#1036,.T.);
#668=ORIENTED_EDGE('',*,*,#994,.T.);
#669=ORIENTED_EDGE('',*,*,#1035,.F.);
#670=ORIENTED_EDGE('',*,*,#1040,.T.);
#671=ORIENTED_EDGE('',*,*,#1038,.T.);
#672=ORIENTED_EDGE('',*,*,#993,.F.);
#673=ORIENTED_EDGE('',*,*,#1041,.T.);
#674=ORIENTED_EDGE('',*,*,#1042,.T.);
#675=ORIENTED_EDGE('',*,*,#1043,.T.);
#676=ORIENTED_EDGE('',*,*,#1044,.T.);
#677=ORIENTED_EDGE('',*,*,#1045,.T.);
#678=ORIENTED_EDGE('',*,*,#1046,.F.);
#679=ORIENTED_EDGE('',*,*,#1047,.T.);
#680=ORIENTED_EDGE('',*,*,#1048,.T.);
#681=ORIENTED_EDGE('',*,*,#988,.F.);
#682=ORIENTED_EDGE('',*,*,#1049,.F.);
#683=ORIENTED_EDGE('',*,*,#1050,.T.);
#684=ORIENTED_EDGE('',*,*,#1046,.T.);
#685=ORIENTED_EDGE('',*,*,#987,.T.);
#686=ORIENTED_EDGE('',*,*,#1051,.F.);
#687=ORIENTED_EDGE('',*,*,#1052,.T.);
#688=ORIENTED_EDGE('',*,*,#1049,.T.);
#689=ORIENTED_EDGE('',*,*,#990,.T.);
#690=ORIENTED_EDGE('',*,*,#1048,.F.);
#691=ORIENTED_EDGE('',*,*,#1053,.T.);
#692=ORIENTED_EDGE('',*,*,#1051,.T.);
#693=ORIENTED_EDGE('',*,*,#989,.F.);
#694=ORIENTED_EDGE('',*,*,#1054,.T.);
#695=ORIENTED_EDGE('',*,*,#1055,.T.);
#696=ORIENTED_EDGE('',*,*,#1056,.T.);
#697=ORIENTED_EDGE('',*,*,#1057,.T.);
#698=ORIENTED_EDGE('',*,*,#1058,.T.);
#699=ORIENTED_EDGE('',*,*,#1059,.F.);
#700=ORIENTED_EDGE('',*,*,#1060,.T.);
#701=ORIENTED_EDGE('',*,*,#1059,.T.);
#702=ORIENTED_EDGE('',*,*,#1061,.F.);
#703=ORIENTED_EDGE('',*,*,#1062,.T.);
#704=ORIENTED_EDGE('',*,*,#1061,.T.);
#705=ORIENTED_EDGE('',*,*,#1063,.F.);
#706=ORIENTED_EDGE('',*,*,#1064,.T.);
#707=ORIENTED_EDGE('',*,*,#1063,.T.);
#708=ORIENTED_EDGE('',*,*,#1065,.F.);
#709=ORIENTED_EDGE('',*,*,#1066,.T.);
#710=ORIENTED_EDGE('',*,*,#1065,.T.);
#711=ORIENTED_EDGE('',*,*,#1067,.T.);
#712=ORIENTED_EDGE('',*,*,#1068,.T.);
#713=ORIENTED_EDGE('',*,*,#1069,.F.);
#714=ORIENTED_EDGE('',*,*,#964,.T.);
#715=ORIENTED_EDGE('',*,*,#1069,.T.);
#716=ORIENTED_EDGE('',*,*,#1070,.T.);
#717=ORIENTED_EDGE('',*,*,#1071,.F.);
#718=ORIENTED_EDGE('',*,*,#965,.F.);
#719=ORIENTED_EDGE('',*,*,#1071,.T.);
#720=ORIENTED_EDGE('',*,*,#1072,.T.);
#721=ORIENTED_EDGE('',*,*,#1073,.F.);
#722=ORIENTED_EDGE('',*,*,#966,.F.);
#723=ORIENTED_EDGE('',*,*,#1073,.T.);
#724=ORIENTED_EDGE('',*,*,#1074,.T.);
#725=ORIENTED_EDGE('',*,*,#1067,.F.);
#726=ORIENTED_EDGE('',*,*,#967,.T.);
#727=ORIENTED_EDGE('',*,*,#929,.F.);
#728=ORIENTED_EDGE('',*,*,#1075,.F.);
#729=ORIENTED_EDGE('',*,*,#1076,.T.);
#730=ORIENTED_EDGE('',*,*,#1077,.T.);
#731=ORIENTED_EDGE('',*,*,#932,.T.);
#732=ORIENTED_EDGE('',*,*,#1078,.F.);
#733=ORIENTED_EDGE('',*,*,#1079,.F.);
#734=ORIENTED_EDGE('',*,*,#1075,.T.);
#735=ORIENTED_EDGE('',*,*,#931,.T.);
#736=ORIENTED_EDGE('',*,*,#1080,.F.);
#737=ORIENTED_EDGE('',*,*,#1081,.F.);
#738=ORIENTED_EDGE('',*,*,#1078,.T.);
#739=ORIENTED_EDGE('',*,*,#930,.F.);
#740=ORIENTED_EDGE('',*,*,#1077,.F.);
#741=ORIENTED_EDGE('',*,*,#1082,.T.);
#742=ORIENTED_EDGE('',*,*,#1080,.T.);
#743=ORIENTED_EDGE('',*,*,#1076,.F.);
#744=ORIENTED_EDGE('',*,*,#1079,.T.);
#745=ORIENTED_EDGE('',*,*,#1081,.T.);
#746=ORIENTED_EDGE('',*,*,#1082,.F.);
#747=ORIENTED_EDGE('',*,*,#936,.F.);
#748=ORIENTED_EDGE('',*,*,#940,.T.);
#749=ORIENTED_EDGE('',*,*,#944,.T.);
#750=ORIENTED_EDGE('',*,*,#945,.F.);
#751=ORIENTED_EDGE('',*,*,#970,.F.);
#752=ORIENTED_EDGE('',*,*,#959,.F.);
#753=ORIENTED_EDGE('',*,*,#1083,.F.);
#754=ORIENTED_EDGE('',*,*,#981,.F.);
#755=ORIENTED_EDGE('',*,*,#969,.F.);
#756=ORIENTED_EDGE('',*,*,#985,.F.);
#757=ORIENTED_EDGE('',*,*,#1084,.F.);
#758=ORIENTED_EDGE('',*,*,#957,.F.);
#759=ORIENTED_EDGE('',*,*,#1085,.F.);
#760=ORIENTED_EDGE('',*,*,#958,.F.);
#761=ORIENTED_EDGE('',*,*,#1086,.F.);
#762=ORIENTED_EDGE('',*,*,#979,.F.);
#763=ORIENTED_EDGE('',*,*,#1083,.T.);
#764=ORIENTED_EDGE('',*,*,#1085,.T.);
#765=ORIENTED_EDGE('',*,*,#1087,.F.);
#766=ORIENTED_EDGE('',*,*,#1086,.T.);
#767=ORIENTED_EDGE('',*,*,#1084,.T.);
#768=ORIENTED_EDGE('',*,*,#1088,.F.);
#769=ORIENTED_EDGE('',*,*,#1087,.T.);
#770=ORIENTED_EDGE('',*,*,#978,.F.);
#771=ORIENTED_EDGE('',*,*,#1089,.F.);
#772=ORIENTED_EDGE('',*,*,#982,.F.);
#773=ORIENTED_EDGE('',*,*,#1088,.T.);
#774=ORIENTED_EDGE('',*,*,#984,.F.);
#775=ORIENTED_EDGE('',*,*,#1090,.F.);
#776=ORIENTED_EDGE('',*,*,#980,.F.);
#777=ORIENTED_EDGE('',*,*,#934,.F.);
#778=ORIENTED_EDGE('',*,*,#951,.F.);
#779=ORIENTED_EDGE('',*,*,#1091,.F.);
#780=ORIENTED_EDGE('',*,*,#972,.F.);
#781=ORIENTED_EDGE('',*,*,#983,.F.);
#782=ORIENTED_EDGE('',*,*,#1089,.T.);
#783=ORIENTED_EDGE('',*,*,#947,.F.);
#784=ORIENTED_EDGE('',*,*,#941,.F.);
#785=ORIENTED_EDGE('',*,*,#938,.F.);
#786=ORIENTED_EDGE('',*,*,#986,.F.);
#787=ORIENTED_EDGE('',*,*,#977,.F.);
#788=ORIENTED_EDGE('',*,*,#1092,.F.);
#789=ORIENTED_EDGE('',*,*,#949,.F.);
#790=ORIENTED_EDGE('',*,*,#1090,.T.);
#791=ORIENTED_EDGE('',*,*,#1091,.T.);
#792=ORIENTED_EDGE('',*,*,#950,.F.);
#793=ORIENTED_EDGE('',*,*,#1092,.T.);
#794=ORIENTED_EDGE('',*,*,#976,.F.);
#795=ORIENTED_EDGE('',*,*,#1006,.F.);
#796=ORIENTED_EDGE('',*,*,#926,.F.);
#797=ORIENTED_EDGE('',*,*,#1005,.F.);
#798=ORIENTED_EDGE('',*,*,#973,.F.);
#799=ORIENTED_EDGE('',*,*,#1093,.F.);
#800=ORIENTED_EDGE('',*,*,#955,.F.);
#801=ORIENTED_EDGE('',*,*,#1094,.F.);
#802=ORIENTED_EDGE('',*,*,#1068,.F.);
#803=ORIENTED_EDGE('',*,*,#1094,.T.);
#804=ORIENTED_EDGE('',*,*,#954,.F.);
#805=ORIENTED_EDGE('',*,*,#1095,.F.);
#806=ORIENTED_EDGE('',*,*,#1070,.F.);
#807=ORIENTED_EDGE('',*,*,#1093,.T.);
#808=ORIENTED_EDGE('',*,*,#1074,.F.);
#809=ORIENTED_EDGE('',*,*,#1096,.F.);
#810=ORIENTED_EDGE('',*,*,#952,.F.);
#811=ORIENTED_EDGE('',*,*,#1095,.T.);
#812=ORIENTED_EDGE('',*,*,#953,.F.);
#813=ORIENTED_EDGE('',*,*,#1096,.T.);
#814=ORIENTED_EDGE('',*,*,#1072,.F.);
#815=ORIENTED_EDGE('',*,*,#1064,.F.);
#816=ORIENTED_EDGE('',*,*,#1028,.F.);
#817=ORIENTED_EDGE('',*,*,#1062,.F.);
#818=ORIENTED_EDGE('',*,*,#1041,.F.);
#819=ORIENTED_EDGE('',*,*,#1060,.F.);
#820=ORIENTED_EDGE('',*,*,#1054,.F.);
#821=ORIENTED_EDGE('',*,*,#1066,.F.);
#822=ORIENTED_EDGE('',*,*,#1015,.F.);
#823=ORIENTED_EDGE('',*,*,#1097,.F.);
#824=ORIENTED_EDGE('',*,*,#1021,.F.);
#825=ORIENTED_EDGE('',*,*,#1098,.F.);
#826=ORIENTED_EDGE('',*,*,#1032,.F.);
#827=ORIENTED_EDGE('',*,*,#1098,.T.);
#828=ORIENTED_EDGE('',*,*,#1024,.F.);
#829=ORIENTED_EDGE('',*,*,#1099,.F.);
#830=ORIENTED_EDGE('',*,*,#1029,.F.);
#831=ORIENTED_EDGE('',*,*,#1097,.T.);
#832=ORIENTED_EDGE('',*,*,#1031,.F.);
#833=ORIENTED_EDGE('',*,*,#1100,.F.);
#834=ORIENTED_EDGE('',*,*,#1027,.F.);
#835=ORIENTED_EDGE('',*,*,#1099,.T.);
#836=ORIENTED_EDGE('',*,*,#1026,.F.);
#837=ORIENTED_EDGE('',*,*,#1100,.T.);
#838=ORIENTED_EDGE('',*,*,#1030,.F.);
#839=ORIENTED_EDGE('',*,*,#1101,.F.);
#840=ORIENTED_EDGE('',*,*,#1034,.F.);
#841=ORIENTED_EDGE('',*,*,#1102,.F.);
#842=ORIENTED_EDGE('',*,*,#1045,.F.);
#843=ORIENTED_EDGE('',*,*,#1102,.T.);
#844=ORIENTED_EDGE('',*,*,#1037,.F.);
#845=ORIENTED_EDGE('',*,*,#1103,.F.);
#846=ORIENTED_EDGE('',*,*,#1042,.F.);
#847=ORIENTED_EDGE('',*,*,#1101,.T.);
#848=ORIENTED_EDGE('',*,*,#1044,.F.);
#849=ORIENTED_EDGE('',*,*,#1104,.F.);
#850=ORIENTED_EDGE('',*,*,#1040,.F.);
#851=ORIENTED_EDGE('',*,*,#1103,.T.);
#852=ORIENTED_EDGE('',*,*,#1039,.F.);
#853=ORIENTED_EDGE('',*,*,#1104,.T.);
#854=ORIENTED_EDGE('',*,*,#1043,.F.);
#855=ORIENTED_EDGE('',*,*,#1105,.F.);
#856=ORIENTED_EDGE('',*,*,#1058,.F.);
#857=ORIENTED_EDGE('',*,*,#1106,.F.);
#858=ORIENTED_EDGE('',*,*,#1050,.F.);
#859=ORIENTED_EDGE('',*,*,#1106,.T.);
#860=ORIENTED_EDGE('',*,*,#1057,.F.);
#861=ORIENTED_EDGE('',*,*,#1107,.F.);
#862=ORIENTED_EDGE('',*,*,#1047,.F.);
#863=ORIENTED_EDGE('',*,*,#1105,.T.);
#864=ORIENTED_EDGE('',*,*,#1052,.F.);
#865=ORIENTED_EDGE('',*,*,#1108,.F.);
#866=ORIENTED_EDGE('',*,*,#1055,.F.);
#867=ORIENTED_EDGE('',*,*,#1107,.T.);
#868=ORIENTED_EDGE('',*,*,#1056,.F.);
#869=ORIENTED_EDGE('',*,*,#1108,.T.);
#870=ORIENTED_EDGE('',*,*,#1053,.F.);
#871=ORIENTED_EDGE('',*,*,#1109,.F.);
#872=ORIENTED_EDGE('',*,*,#1008,.F.);
#873=ORIENTED_EDGE('',*,*,#1110,.F.);
#874=ORIENTED_EDGE('',*,*,#1019,.F.);
#875=ORIENTED_EDGE('',*,*,#1110,.T.);
#876=ORIENTED_EDGE('',*,*,#1011,.F.);
#877=ORIENTED_EDGE('',*,*,#1111,.F.);
#878=ORIENTED_EDGE('',*,*,#1016,.F.);
#879=ORIENTED_EDGE('',*,*,#1109,.T.);
#880=ORIENTED_EDGE('',*,*,#1018,.F.);
#881=ORIENTED_EDGE('',*,*,#1112,.F.);
#882=ORIENTED_EDGE('',*,*,#1014,.F.);
#883=ORIENTED_EDGE('',*,*,#1111,.T.);
#884=ORIENTED_EDGE('',*,*,#1013,.F.);
#885=ORIENTED_EDGE('',*,*,#1112,.T.);
#886=ORIENTED_EDGE('',*,*,#1017,.F.);
#887=EDGE_CURVE('',#1113,#1113,#1259,.F.);
#888=EDGE_CURVE('',#1114,#1115,#47,.T.);
#889=EDGE_CURVE('',#1114,#1116,#48,.T.);
#890=EDGE_CURVE('',#1116,#1117,#49,.T.);
#891=EDGE_CURVE('',#1115,#1117,#50,.T.);
#892=EDGE_CURVE('',#1118,#1119,#51,.T.);
#893=EDGE_CURVE('',#1118,#1120,#52,.T.);
#894=EDGE_CURVE('',#1120,#1121,#53,.T.);
#895=EDGE_CURVE('',#1119,#1121,#54,.T.);
#896=EDGE_CURVE('',#1122,#1123,#55,.T.);
#897=EDGE_CURVE('',#1123,#1124,#56,.T.);
#898=EDGE_CURVE('',#1125,#1124,#57,.T.);
#899=EDGE_CURVE('',#1125,#1122,#58,.T.);
#900=EDGE_CURVE('',#1126,#1124,#59,.T.);
#901=EDGE_CURVE('',#1127,#1126,#60,.T.);
#902=EDGE_CURVE('',#1125,#1127,#61,.T.);
#903=EDGE_CURVE('',#1128,#1126,#62,.T.);
#904=EDGE_CURVE('',#1129,#1128,#63,.T.);
#905=EDGE_CURVE('',#1127,#1129,#64,.T.);
#906=EDGE_CURVE('',#1128,#1123,#65,.T.);
#907=EDGE_CURVE('',#1122,#1129,#66,.T.);
#908=EDGE_CURVE('',#1130,#1130,#1260,.T.);
#909=EDGE_CURVE('',#1131,#1132,#67,.T.);
#910=EDGE_CURVE('',#1132,#1133,#68,.T.);
#911=EDGE_CURVE('',#1134,#1133,#69,.T.);
#912=EDGE_CURVE('',#1131,#1134,#70,.T.);
#913=EDGE_CURVE('',#1114,#1131,#71,.T.);
#914=EDGE_CURVE('',#1115,#1132,#72,.T.);
#915=EDGE_CURVE('',#1116,#1134,#73,.T.);
#916=EDGE_CURVE('',#1117,#1133,#74,.T.);
#917=EDGE_CURVE('',#1135,#1118,#75,.T.);
#918=EDGE_CURVE('',#1135,#1136,#76,.T.);
#919=EDGE_CURVE('',#1136,#1120,#77,.T.);
#920=EDGE_CURVE('',#1137,#1119,#78,.T.);
#921=EDGE_CURVE('',#1135,#1137,#79,.T.);
#922=EDGE_CURVE('',#1138,#1121,#80,.T.);
#923=EDGE_CURVE('',#1137,#1138,#81,.T.);
#924=EDGE_CURVE('',#1136,#1138,#82,.T.);
#925=EDGE_CURVE('',#1139,#1140,#83,.T.);
#926=EDGE_CURVE('',#1139,#1141,#84,.T.);
#927=EDGE_CURVE('',#1141,#1142,#85,.T.);
#928=EDGE_CURVE('',#1140,#1142,#86,.T.);
#929=EDGE_CURVE('',#1143,#1144,#87,.T.);
#930=EDGE_CURVE('',#1144,#1145,#88,.T.);
#931=EDGE_CURVE('',#1146,#1145,#89,.T.);
#932=EDGE_CURVE('',#1143,#1146,#90,.T.);
#933=EDGE_CURVE('',#1147,#1148,#91,.T.);
#934=EDGE_CURVE('',#1147,#1149,#1261,.T.);
#935=EDGE_CURVE('',#1150,#1149,#92,.T.);
#936=EDGE_CURVE('',#1150,#1151,#93,.T.);
#937=EDGE_CURVE('',#1151,#1148,#94,.T.);
#938=EDGE_CURVE('',#1149,#1152,#95,.T.);
#939=EDGE_CURVE('',#1153,#1152,#96,.T.);
#940=EDGE_CURVE('',#1150,#1153,#97,.T.);
#941=EDGE_CURVE('',#1152,#1154,#1262,.F.);
#942=EDGE_CURVE('',#1154,#1155,#98,.T.);
#943=EDGE_CURVE('',#1156,#1155,#99,.T.);
#944=EDGE_CURVE('',#1153,#1156,#100,.T.);
#945=EDGE_CURVE('',#1151,#1156,#101,.T.);
#946=EDGE_CURVE('',#1148,#1155,#102,.T.);
#947=EDGE_CURVE('',#1154,#1157,#103,.T.);
#948=EDGE_CURVE('',#1157,#1158,#104,.T.);
#949=EDGE_CURVE('',#1158,#1159,#105,.F.);
#950=EDGE_CURVE('',#1159,#1160,#106,.F.);
#951=EDGE_CURVE('',#1160,#1147,#107,.T.);
#952=EDGE_CURVE('',#1161,#1162,#108,.T.);
#953=EDGE_CURVE('',#1162,#1163,#109,.T.);
#954=EDGE_CURVE('',#1163,#1164,#110,.T.);
#955=EDGE_CURVE('',#1164,#1161,#111,.T.);
#956=EDGE_CURVE('',#1165,#1166,#112,.T.);
#957=EDGE_CURVE('',#1166,#1167,#113,.F.);
#958=EDGE_CURVE('',#1167,#1168,#114,.F.);
#959=EDGE_CURVE('',#1168,#1165,#115,.T.);
#960=EDGE_CURVE('',#1169,#1170,#116,.T.);
#961=EDGE_CURVE('',#1171,#1170,#117,.T.);
#962=EDGE_CURVE('',#1172,#1171,#118,.T.);
#963=EDGE_CURVE('',#1172,#1169,#119,.T.);
#964=EDGE_CURVE('',#1173,#1174,#120,.T.);
#965=EDGE_CURVE('',#1173,#1175,#121,.T.);
#966=EDGE_CURVE('',#1175,#1176,#122,.T.);
#967=EDGE_CURVE('',#1174,#1176,#123,.T.);
#968=EDGE_CURVE('',#1177,#1178,#124,.T.);
#969=EDGE_CURVE('',#1177,#1166,#1263,.T.);
#970=EDGE_CURVE('',#1165,#1179,#1264,.T.);
#971=EDGE_CURVE('',#1179,#1180,#125,.T.);
#972=EDGE_CURVE('',#1180,#1181,#28,.T.);
#973=EDGE_CURVE('',#1181,#1182,#126,.T.);
#974=EDGE_CURVE('',#1171,#1182,#127,.T.);
#975=EDGE_CURVE('',#1170,#1183,#128,.T.);
#976=EDGE_CURVE('',#1183,#1184,#129,.T.);
#977=EDGE_CURVE('',#1184,#1178,#29,.T.);
#978=EDGE_CURVE('',#1157,#1185,#130,.T.);
#979=EDGE_CURVE('',#1185,#1186,#131,.T.);
#980=EDGE_CURVE('',#1186,#1158,#132,.F.);
#981=EDGE_CURVE('',#1179,#1187,#133,.F.);
#982=EDGE_CURVE('',#1187,#1188,#134,.F.);
#983=EDGE_CURVE('',#1188,#1180,#135,.F.);
#984=EDGE_CURVE('',#1189,#1190,#136,.T.);
#985=EDGE_CURVE('',#1190,#1177,#137,.T.);
#986=EDGE_CURVE('',#1178,#1189,#138,.T.);
#987=EDGE_CURVE('',#1191,#1192,#139,.T.);
#988=EDGE_CURVE('',#1191,#1193,#140,.T.);
#989=EDGE_CURVE('',#1193,#1194,#141,.T.);
#990=EDGE_CURVE('',#1192,#1194,#142,.T.);
#991=EDGE_CURVE('',#1195,#1196,#143,.T.);
#992=EDGE_CURVE('',#1195,#1197,#144,.T.);
#993=EDGE_CURVE('',#1197,#1198,#145,.T.);
#994=EDGE_CURVE('',#1196,#1198,#146,.T.);
#995=EDGE_CURVE('',#1199,#1200,#147,.T.);
#996=EDGE_CURVE('',#1199,#1201,#148,.T.);
#997=EDGE_CURVE('',#1201,#1202,#149,.T.);
#998=EDGE_CURVE('',#1200,#1202,#150,.T.);
#999=EDGE_CURVE('',#1203,#1204,#151,.T.);
#1000=EDGE_CURVE('',#1203,#1205,#152,.T.);
#1001=EDGE_CURVE('',#1205,#1206,#153,.T.);
#1002=EDGE_CURVE('',#1204,#1206,#154,.T.);
#1003=EDGE_CURVE('',#1142,#1169,#155,.T.);
#1004=EDGE_CURVE('',#1140,#1172,#156,.T.);
#1005=EDGE_CURVE('',#1182,#1139,#1265,.F.);
#1006=EDGE_CURVE('',#1141,#1183,#1266,.T.);
#1007=EDGE_CURVE('',#1207,#1203,#157,.T.);
#1008=EDGE_CURVE('',#1207,#1208,#158,.T.);
#1009=EDGE_CURVE('',#1208,#1205,#159,.T.);
#1010=EDGE_CURVE('',#1209,#1204,#160,.T.);
#1011=EDGE_CURVE('',#1209,#1207,#161,.T.);
#1012=EDGE_CURVE('',#1210,#1206,#162,.T.);
#1013=EDGE_CURVE('',#1210,#1209,#163,.T.);
#1014=EDGE_CURVE('',#1208,#1210,#164,.T.);
#1015=EDGE_CURVE('',#1211,#1211,#1267,.F.);
#1016=EDGE_CURVE('',#1212,#1213,#165,.T.);
#1017=EDGE_CURVE('',#1213,#1214,#166,.T.);
#1018=EDGE_CURVE('',#1214,#1215,#167,.T.);
#1019=EDGE_CURVE('',#1215,#1212,#168,.T.);
#1020=EDGE_CURVE('',#1216,#1199,#169,.T.);
#1021=EDGE_CURVE('',#1216,#1217,#170,.T.);
#1022=EDGE_CURVE('',#1217,#1201,#171,.T.);
#1023=EDGE_CURVE('',#1218,#1200,#172,.T.);
#1024=EDGE_CURVE('',#1218,#1216,#173,.T.);
#1025=EDGE_CURVE('',#1219,#1202,#174,.T.);
#1026=EDGE_CURVE('',#1219,#1218,#175,.T.);
#1027=EDGE_CURVE('',#1217,#1219,#176,.T.);
#1028=EDGE_CURVE('',#1220,#1220,#1268,.F.);
#1029=EDGE_CURVE('',#1221,#1222,#177,.T.);
#1030=EDGE_CURVE('',#1222,#1223,#178,.T.);
#1031=EDGE_CURVE('',#1223,#1224,#179,.T.);
#1032=EDGE_CURVE('',#1224,#1221,#180,.T.);
#1033=EDGE_CURVE('',#1225,#1195,#181,.T.);
#1034=EDGE_CURVE('',#1225,#1226,#182,.T.);
#1035=EDGE_CURVE('',#1226,#1197,#183,.T.);
#1036=EDGE_CURVE('',#1227,#1196,#184,.T.);
#1037=EDGE_CURVE('',#1227,#1225,#185,.T.);
#1038=EDGE_CURVE('',#1228,#1198,#186,.T.);
#1039=EDGE_CURVE('',#1228,#1227,#187,.T.);
#1040=EDGE_CURVE('',#1226,#1228,#188,.T.);
#1041=EDGE_CURVE('',#1229,#1229,#1269,.F.);
#1042=EDGE_CURVE('',#1230,#1231,#189,.T.);
#1043=EDGE_CURVE('',#1231,#1232,#190,.T.);
#1044=EDGE_CURVE('',#1232,#1233,#191,.T.);
#1045=EDGE_CURVE('',#1233,#1230,#192,.T.);
#1046=EDGE_CURVE('',#1234,#1191,#193,.T.);
#1047=EDGE_CURVE('',#1234,#1235,#194,.T.);
#1048=EDGE_CURVE('',#1235,#1193,#195,.T.);
#1049=EDGE_CURVE('',#1236,#1192,#196,.T.);
#1050=EDGE_CURVE('',#1236,#1234,#197,.T.);
#1051=EDGE_CURVE('',#1237,#1194,#198,.T.);
#1052=EDGE_CURVE('',#1237,#1236,#199,.T.);
#1053=EDGE_CURVE('',#1235,#1237,#200,.T.);
#1054=EDGE_CURVE('',#1238,#1238,#1270,.F.);
#1055=EDGE_CURVE('',#1239,#1240,#201,.T.);
#1056=EDGE_CURVE('',#1240,#1241,#202,.T.);
#1057=EDGE_CURVE('',#1241,#1242,#203,.T.);
#1058=EDGE_CURVE('',#1242,#1239,#204,.T.);
#1059=EDGE_CURVE('',#1243,#1243,#1271,.T.);
#1060=EDGE_CURVE('',#1244,#1244,#1272,.T.);
#1061=EDGE_CURVE('',#1245,#1245,#1273,.T.);
#1062=EDGE_CURVE('',#1246,#1246,#1274,.T.);
#1063=EDGE_CURVE('',#1247,#1247,#1275,.T.);
#1064=EDGE_CURVE('',#1248,#1248,#1276,.T.);
#1065=EDGE_CURVE('',#1249,#1249,#1277,.T.);
#1066=EDGE_CURVE('',#1250,#1250,#1278,.T.);
#1067=EDGE_CURVE('',#1174,#1251,#205,.T.);
#1068=EDGE_CURVE('',#1251,#1252,#206,.T.);
#1069=EDGE_CURVE('',#1173,#1252,#207,.T.);
#1070=EDGE_CURVE('',#1252,#1253,#208,.T.);
#1071=EDGE_CURVE('',#1175,#1253,#209,.T.);
#1072=EDGE_CURVE('',#1253,#1254,#210,.T.);
#1073=EDGE_CURVE('',#1176,#1254,#211,.T.);
#1074=EDGE_CURVE('',#1254,#1251,#212,.T.);
#1075=EDGE_CURVE('',#1255,#1143,#213,.T.);
#1076=EDGE_CURVE('',#1255,#1256,#214,.T.);
#1077=EDGE_CURVE('',#1256,#1144,#215,.T.);
#1078=EDGE_CURVE('',#1257,#1146,#216,.T.);
#1079=EDGE_CURVE('',#1255,#1257,#217,.T.);
#1080=EDGE_CURVE('',#1258,#1145,#218,.T.);
#1081=EDGE_CURVE('',#1257,#1258,#219,.T.);
#1082=EDGE_CURVE('',#1256,#1258,#220,.T.);
#1083=EDGE_CURVE('',#1187,#1168,#1279,.T.);
#1084=EDGE_CURVE('',#1167,#1190,#1280,.T.);
#1085=EDGE_CURVE('',#1168,#1185,#1281,.T.);
#1086=EDGE_CURVE('',#1186,#1167,#1282,.T.);
#1087=EDGE_CURVE('',#1187,#1185,#1283,.F.);
#1088=EDGE_CURVE('',#1186,#1190,#1284,.F.);
#1089=EDGE_CURVE('',#1188,#1157,#30,.F.);
#1090=EDGE_CURVE('',#1158,#1189,#31,.T.);
#1091=EDGE_CURVE('',#1181,#1160,#32,.F.);
#1092=EDGE_CURVE('',#1159,#1184,#33,.T.);
#1093=EDGE_CURVE('',#1161,#1251,#221,.T.);
#1094=EDGE_CURVE('',#1252,#1164,#222,.T.);
#1095=EDGE_CURVE('',#1253,#1163,#223,.F.);
#1096=EDGE_CURVE('',#1162,#1254,#224,.T.);
#1097=EDGE_CURVE('',#1217,#1224,#225,.T.);
#1098=EDGE_CURVE('',#1221,#1216,#226,.T.);
#1099=EDGE_CURVE('',#1222,#1218,#227,.F.);
#1100=EDGE_CURVE('',#1219,#1223,#228,.T.);
#1101=EDGE_CURVE('',#1226,#1233,#229,.T.);
#1102=EDGE_CURVE('',#1230,#1225,#230,.T.);
#1103=EDGE_CURVE('',#1231,#1227,#231,.F.);
#1104=EDGE_CURVE('',#1228,#1232,#232,.T.);
#1105=EDGE_CURVE('',#1239,#1236,#233,.T.);
#1106=EDGE_CURVE('',#1234,#1242,#234,.T.);
#1107=EDGE_CURVE('',#1235,#1241,#235,.F.);
#1108=EDGE_CURVE('',#1240,#1237,#236,.T.);
#1109=EDGE_CURVE('',#1208,#1215,#237,.T.);
#1110=EDGE_CURVE('',#1212,#1207,#238,.T.);
#1111=EDGE_CURVE('',#1213,#1209,#239,.F.);
#1112=EDGE_CURVE('',#1210,#1214,#240,.T.);
#1113=VERTEX_POINT('',#2360);
#1114=VERTEX_POINT('',#2362);
#1115=VERTEX_POINT('',#2363);
#1116=VERTEX_POINT('',#2365);
#1117=VERTEX_POINT('',#2367);
#1118=VERTEX_POINT('',#2370);
#1119=VERTEX_POINT('',#2371);
#1120=VERTEX_POINT('',#2373);
#1121=VERTEX_POINT('',#2375);
#1122=VERTEX_POINT('',#2379);
#1123=VERTEX_POINT('',#2380);
#1124=VERTEX_POINT('',#2382);
#1125=VERTEX_POINT('',#2384);
#1126=VERTEX_POINT('',#2388);
#1127=VERTEX_POINT('',#2390);
#1128=VERTEX_POINT('',#2394);
#1129=VERTEX_POINT('',#2396);
#1130=VERTEX_POINT('',#2403);
#1131=VERTEX_POINT('',#2405);
#1132=VERTEX_POINT('',#2406);
#1133=VERTEX_POINT('',#2408);
#1134=VERTEX_POINT('',#2410);
#1135=VERTEX_POINT('',#2422);
#1136=VERTEX_POINT('',#2424);
#1137=VERTEX_POINT('',#2428);
#1138=VERTEX_POINT('',#2432);
#1139=VERTEX_POINT('',#2441);
#1140=VERTEX_POINT('',#2442);
#1141=VERTEX_POINT('',#2444);
#1142=VERTEX_POINT('',#2446);
#1143=VERTEX_POINT('',#2449);
#1144=VERTEX_POINT('',#2450);
#1145=VERTEX_POINT('',#2452);
#1146=VERTEX_POINT('',#2454);
#1147=VERTEX_POINT('',#2458);
#1148=VERTEX_POINT('',#2459);
#1149=VERTEX_POINT('',#2461);
#1150=VERTEX_POINT('',#2463);
#1151=VERTEX_POINT('',#2465);
#1152=VERTEX_POINT('',#2469);
#1153=VERTEX_POINT('',#2471);
#1154=VERTEX_POINT('',#2475);
#1155=VERTEX_POINT('',#2477);
#1156=VERTEX_POINT('',#2479);
#1157=VERTEX_POINT('',#2486);
#1158=VERTEX_POINT('',#2488);
#1159=VERTEX_POINT('',#2490);
#1160=VERTEX_POINT('',#2492);
#1161=VERTEX_POINT('',#2496);
#1162=VERTEX_POINT('',#2497);
#1163=VERTEX_POINT('',#2499);
#1164=VERTEX_POINT('',#2501);
#1165=VERTEX_POINT('',#2504);
#1166=VERTEX_POINT('',#2505);
#1167=VERTEX_POINT('',#2507);
#1168=VERTEX_POINT('',#2509);
#1169=VERTEX_POINT('',#2513);
#1170=VERTEX_POINT('',#2514);
#1171=VERTEX_POINT('',#2516);
#1172=VERTEX_POINT('',#2518);
#1173=VERTEX_POINT('',#2521);
#1174=VERTEX_POINT('',#2522);
#1175=VERTEX_POINT('',#2524);
#1176=VERTEX_POINT('',#2526);
#1177=VERTEX_POINT('',#2530);
#1178=VERTEX_POINT('',#2531);
#1179=VERTEX_POINT('',#2534);
#1180=VERTEX_POINT('',#2536);
#1181=VERTEX_POINT('',#2538);
#1182=VERTEX_POINT('',#2540);
#1183=VERTEX_POINT('',#2543);
#1184=VERTEX_POINT('',#2545);
#1185=VERTEX_POINT('',#2549);
#1186=VERTEX_POINT('',#2551);
#1187=VERTEX_POINT('',#2555);
#1188=VERTEX_POINT('',#2557);
#1189=VERTEX_POINT('',#2561);
#1190=VERTEX_POINT('',#2562);
#1191=VERTEX_POINT('',#2567);
#1192=VERTEX_POINT('',#2568);
#1193=VERTEX_POINT('',#2570);
#1194=VERTEX_POINT('',#2572);
#1195=VERTEX_POINT('',#2575);
#1196=VERTEX_POINT('',#2576);
#1197=VERTEX_POINT('',#2578);
#1198=VERTEX_POINT('',#2580);
#1199=VERTEX_POINT('',#2583);
#1200=VERTEX_POINT('',#2584);
#1201=VERTEX_POINT('',#2586);
#1202=VERTEX_POINT('',#2588);
#1203=VERTEX_POINT('',#2591);
#1204=VERTEX_POINT('',#2592);
#1205=VERTEX_POINT('',#2594);
#1206=VERTEX_POINT('',#2596);
#1207=VERTEX_POINT('',#2606);
#1208=VERTEX_POINT('',#2608);
#1209=VERTEX_POINT('',#2612);
#1210=VERTEX_POINT('',#2616);
#1211=VERTEX_POINT('',#2622);
#1212=VERTEX_POINT('',#2624);
#1213=VERTEX_POINT('',#2625);
#1214=VERTEX_POINT('',#2627);
#1215=VERTEX_POINT('',#2629);
#1216=VERTEX_POINT('',#2633);
#1217=VERTEX_POINT('',#2635);
#1218=VERTEX_POINT('',#2639);
#1219=VERTEX_POINT('',#2643);
#1220=VERTEX_POINT('',#2649);
#1221=VERTEX_POINT('',#2651);
#1222=VERTEX_POINT('',#2652);
#1223=VERTEX_POINT('',#2654);
#1224=VERTEX_POINT('',#2656);
#1225=VERTEX_POINT('',#2660);
#1226=VERTEX_POINT('',#2662);
#1227=VERTEX_POINT('',#2666);
#1228=VERTEX_POINT('',#2670);
#1229=VERTEX_POINT('',#2676);
#1230=VERTEX_POINT('',#2678);
#1231=VERTEX_POINT('',#2679);
#1232=VERTEX_POINT('',#2681);
#1233=VERTEX_POINT('',#2683);
#1234=VERTEX_POINT('',#2687);
#1235=VERTEX_POINT('',#2689);
#1236=VERTEX_POINT('',#2693);
#1237=VERTEX_POINT('',#2697);
#1238=VERTEX_POINT('',#2703);
#1239=VERTEX_POINT('',#2705);
#1240=VERTEX_POINT('',#2706);
#1241=VERTEX_POINT('',#2708);
#1242=VERTEX_POINT('',#2710);
#1243=VERTEX_POINT('',#2714);
#1244=VERTEX_POINT('',#2717);
#1245=VERTEX_POINT('',#2720);
#1246=VERTEX_POINT('',#2723);
#1247=VERTEX_POINT('',#2726);
#1248=VERTEX_POINT('',#2729);
#1249=VERTEX_POINT('',#2732);
#1250=VERTEX_POINT('',#2735);
#1251=VERTEX_POINT('',#2738);
#1252=VERTEX_POINT('',#2740);
#1253=VERTEX_POINT('',#2744);
#1254=VERTEX_POINT('',#2748);
#1255=VERTEX_POINT('',#2754);
#1256=VERTEX_POINT('',#2756);
#1257=VERTEX_POINT('',#2760);
#1258=VERTEX_POINT('',#2764);
#1259=CIRCLE('',#1754,0.007);
#1260=CIRCLE('',#1760,0.005);
#1261=CIRCLE('',#1774,0.005);
#1262=CIRCLE('',#1777,0.005);
#1263=CIRCLE('',#1783,0.005);
#1264=CIRCLE('',#1784,0.005);
#1265=CIRCLE('',#1792,0.005);
#1266=CIRCLE('',#1794,0.005);
#1267=CIRCLE('',#1800,0.0026);
#1268=CIRCLE('',#1806,0.0026);
#1269=CIRCLE('',#1812,0.0026);
#1270=CIRCLE('',#1818,0.0026);
#1271=CIRCLE('',#1820,0.0016);
#1272=CIRCLE('',#1822,0.0016);
#1273=CIRCLE('',#1824,0.0016);
#1274=CIRCLE('',#1826,0.0016);
#1275=CIRCLE('',#1828,0.0016);
#1276=CIRCLE('',#1830,0.0016);
#1277=CIRCLE('',#1832,0.0016);
#1278=CIRCLE('',#1834,0.0016);
#1279=CIRCLE('',#1845,0.005);
#1280=CIRCLE('',#1847,0.005);
#1281=CIRCLE('',#1849,0.005);
#1282=CIRCLE('',#1850,0.005);
#1283=CIRCLE('',#1852,0.005);
#1284=CIRCLE('',#1854,0.005);
#1285=EDGE_LOOP('',(#435));
#1286=EDGE_LOOP('',(#436,#437,#438,#439));
#1287=EDGE_LOOP('',(#440,#441,#442,#443));
#1288=EDGE_LOOP('',(#444,#445,#446,#447));
#1289=EDGE_LOOP('',(#448,#449,#450,#451));
#1290=EDGE_LOOP('',(#452,#453,#454,#455));
#1291=EDGE_LOOP('',(#456,#457,#458,#459));
#1292=EDGE_LOOP('',(#460));
#1293=EDGE_LOOP('',(#461,#462,#463,#464));
#1294=EDGE_LOOP('',(#465,#466,#467,#468));
#1295=EDGE_LOOP('',(#469,#470,#471,#472));
#1296=EDGE_LOOP('',(#473,#474,#475,#476));
#1297=EDGE_LOOP('',(#477,#478,#479,#480));
#1298=EDGE_LOOP('',(#481,#482,#483,#484));
#1299=EDGE_LOOP('',(#485,#486,#487,#488));
#1300=EDGE_LOOP('',(#489,#490,#491,#492));
#1301=EDGE_LOOP('',(#493,#494,#495,#496));
#1302=EDGE_LOOP('',(#497,#498,#499,#500));
#1303=EDGE_LOOP('',(#501,#502,#503,#504));
#1304=EDGE_LOOP('',(#505,#506,#507,#508));
#1305=EDGE_LOOP('',(#509));
#1306=EDGE_LOOP('',(#510));
#1307=EDGE_LOOP('',(#511,#512,#513,#514));
#1308=EDGE_LOOP('',(#515,#516,#517,#518));
#1309=EDGE_LOOP('',(#519,#520,#521,#522,#523));
#1310=EDGE_LOOP('',(#524,#525,#526,#527));
#1311=EDGE_LOOP('',(#528,#529,#530,#531,#532));
#1312=EDGE_LOOP('',(#533,#534,#535,#536));
#1313=EDGE_LOOP('',(#537,#538,#539,#540,#541,#542,#543,#544));
#1314=EDGE_LOOP('',(#545,#546,#547,#548));
#1315=EDGE_LOOP('',(#549,#550,#551,#552));
#1316=EDGE_LOOP('',(#553,#554,#555,#556));
#1317=EDGE_LOOP('',(#557,#558,#559,#560));
#1318=EDGE_LOOP('',(#561,#562,#563,#564,#565,#566,#567,#568,#569,#570,#571,
#572));
#1319=EDGE_LOOP('',(#573,#574,#575,#576));
#1320=EDGE_LOOP('',(#577,#578,#579,#580));
#1321=EDGE_LOOP('',(#581,#582,#583,#584));
#1322=EDGE_LOOP('',(#585,#586,#587,#588));
#1323=EDGE_LOOP('',(#589,#590,#591,#592));
#1324=EDGE_LOOP('',(#593,#594,#595,#596));
#1325=EDGE_LOOP('',(#597,#598,#599,#600));
#1326=EDGE_LOOP('',(#601,#602,#603,#604));
#1327=EDGE_LOOP('',(#605,#606,#607,#608,#609));
#1328=EDGE_LOOP('',(#610,#611,#612,#613,#614));
#1329=EDGE_LOOP('',(#615,#616,#617,#618));
#1330=EDGE_LOOP('',(#619,#620,#621,#622));
#1331=EDGE_LOOP('',(#623,#624,#625,#626));
#1332=EDGE_LOOP('',(#627,#628,#629,#630));
#1333=EDGE_LOOP('',(#631));
#1334=EDGE_LOOP('',(#632,#633,#634,#635));
#1335=EDGE_LOOP('',(#636,#637,#638,#639));
#1336=EDGE_LOOP('',(#640,#641,#642,#643));
#1337=EDGE_LOOP('',(#644,#645,#646,#647));
#1338=EDGE_LOOP('',(#648,#649,#650,#651));
#1339=EDGE_LOOP('',(#652));
#1340=EDGE_LOOP('',(#653,#654,#655,#656));
#1341=EDGE_LOOP('',(#657,#658,#659,#660));
#1342=EDGE_LOOP('',(#661,#662,#663,#664));
#1343=EDGE_LOOP('',(#665,#666,#667,#668));
#1344=EDGE_LOOP('',(#669,#670,#671,#672));
#1345=EDGE_LOOP('',(#673));
#1346=EDGE_LOOP('',(#674,#675,#676,#677));
#1347=EDGE_LOOP('',(#678,#679,#680,#681));
#1348=EDGE_LOOP('',(#682,#683,#684,#685));
#1349=EDGE_LOOP('',(#686,#687,#688,#689));
#1350=EDGE_LOOP('',(#690,#691,#692,#693));
#1351=EDGE_LOOP('',(#694));
#1352=EDGE_LOOP('',(#695,#696,#697,#698));
#1353=EDGE_LOOP('',(#699));
#1354=EDGE_LOOP('',(#700));
#1355=EDGE_LOOP('',(#701));
#1356=EDGE_LOOP('',(#702));
#1357=EDGE_LOOP('',(#703));
#1358=EDGE_LOOP('',(#704));
#1359=EDGE_LOOP('',(#705));
#1360=EDGE_LOOP('',(#706));
#1361=EDGE_LOOP('',(#707));
#1362=EDGE_LOOP('',(#708));
#1363=EDGE_LOOP('',(#709));
#1364=EDGE_LOOP('',(#710));
#1365=EDGE_LOOP('',(#711,#712,#713,#714));
#1366=EDGE_LOOP('',(#715,#716,#717,#718));
#1367=EDGE_LOOP('',(#719,#720,#721,#722));
#1368=EDGE_LOOP('',(#723,#724,#725,#726));
#1369=EDGE_LOOP('',(#727,#728,#729,#730));
#1370=EDGE_LOOP('',(#731,#732,#733,#734));
#1371=EDGE_LOOP('',(#735,#736,#737,#738));
#1372=EDGE_LOOP('',(#739,#740,#741,#742));
#1373=EDGE_LOOP('',(#743,#744,#745,#746));
#1374=EDGE_LOOP('',(#747,#748,#749,#750));
#1375=EDGE_LOOP('',(#751,#752,#753,#754));
#1376=EDGE_LOOP('',(#755,#756,#757,#758));
#1377=EDGE_LOOP('',(#759,#760,#761,#762));
#1378=EDGE_LOOP('',(#763,#764,#765));
#1379=EDGE_LOOP('',(#766,#767,#768));
#1380=EDGE_LOOP('',(#769,#770,#771,#772));
#1381=EDGE_LOOP('',(#773,#774,#775,#776));
#1382=EDGE_LOOP('',(#777,#778,#779,#780,#781,#782,#783,#784,#785));
#1383=EDGE_LOOP('',(#786,#787,#788,#789,#790));
#1384=EDGE_LOOP('',(#791,#792,#793,#794,#795,#796,#797,#798));
#1385=EDGE_LOOP('',(#799,#800,#801,#802));
#1386=EDGE_LOOP('',(#803,#804,#805,#806));
#1387=EDGE_LOOP('',(#807,#808,#809,#810));
#1388=EDGE_LOOP('',(#811,#812,#813,#814));
#1389=EDGE_LOOP('',(#815));
#1390=EDGE_LOOP('',(#816));
#1391=EDGE_LOOP('',(#817));
#1392=EDGE_LOOP('',(#818));
#1393=EDGE_LOOP('',(#819));
#1394=EDGE_LOOP('',(#820));
#1395=EDGE_LOOP('',(#821));
#1396=EDGE_LOOP('',(#822));
#1397=EDGE_LOOP('',(#823,#824,#825,#826));
#1398=EDGE_LOOP('',(#827,#828,#829,#830));
#1399=EDGE_LOOP('',(#831,#832,#833,#834));
#1400=EDGE_LOOP('',(#835,#836,#837,#838));
#1401=EDGE_LOOP('',(#839,#840,#841,#842));
#1402=EDGE_LOOP('',(#843,#844,#845,#846));
#1403=EDGE_LOOP('',(#847,#848,#849,#850));
#1404=EDGE_LOOP('',(#851,#852,#853,#854));
#1405=EDGE_LOOP('',(#855,#856,#857,#858));
#1406=EDGE_LOOP('',(#859,#860,#861,#862));
#1407=EDGE_LOOP('',(#863,#864,#865,#866));
#1408=EDGE_LOOP('',(#867,#868,#869,#870));
#1409=EDGE_LOOP('',(#871,#872,#873,#874));
#1410=EDGE_LOOP('',(#875,#876,#877,#878));
#1411=EDGE_LOOP('',(#879,#880,#881,#882));
#1412=EDGE_LOOP('',(#883,#884,#885,#886));
#1413=FACE_BOUND('',#1285,.T.);
#1414=FACE_BOUND('',#1286,.T.);
#1415=FACE_BOUND('',#1287,.T.);
#1416=FACE_BOUND('',#1288,.T.);
#1417=FACE_BOUND('',#1289,.T.);
#1418=FACE_BOUND('',#1290,.T.);
#1419=FACE_BOUND('',#1291,.T.);
#1420=FACE_BOUND('',#1292,.T.);
#1421=FACE_BOUND('',#1293,.T.);
#1422=FACE_BOUND('',#1294,.T.);
#1423=FACE_BOUND('',#1295,.T.);
#1424=FACE_BOUND('',#1296,.T.);
#1425=FACE_BOUND('',#1297,.T.);
#1426=FACE_BOUND('',#1298,.T.);
#1427=FACE_BOUND('',#1299,.T.);
#1428=FACE_BOUND('',#1300,.T.);
#1429=FACE_BOUND('',#1301,.T.);
#1430=FACE_BOUND('',#1302,.T.);
#1431=FACE_BOUND('',#1303,.T.);
#1432=FACE_BOUND('',#1304,.T.);
#1433=FACE_BOUND('',#1305,.T.);
#1434=FACE_BOUND('',#1306,.T.);
#1435=FACE_BOUND('',#1307,.T.);
#1436=FACE_BOUND('',#1308,.T.);
#1437=FACE_BOUND('',#1309,.T.);
#1438=FACE_BOUND('',#1310,.T.);
#1439=FACE_BOUND('',#1311,.T.);
#1440=FACE_BOUND('',#1312,.T.);
#1441=FACE_BOUND('',#1313,.T.);
#1442=FACE_BOUND('',#1314,.T.);
#1443=FACE_BOUND('',#1315,.T.);
#1444=FACE_BOUND('',#1316,.T.);
#1445=FACE_BOUND('',#1317,.T.);
#1446=FACE_BOUND('',#1318,.T.);
#1447=FACE_BOUND('',#1319,.T.);
#1448=FACE_BOUND('',#1320,.T.);
#1449=FACE_BOUND('',#1321,.T.);
#1450=FACE_BOUND('',#1322,.T.);
#1451=FACE_BOUND('',#1323,.T.);
#1452=FACE_BOUND('',#1324,.T.);
#1453=FACE_BOUND('',#1325,.T.);
#1454=FACE_BOUND('',#1326,.T.);
#1455=FACE_BOUND('',#1327,.T.);
#1456=FACE_BOUND('',#1328,.T.);
#1457=FACE_BOUND('',#1329,.T.);
#1458=FACE_BOUND('',#1330,.T.);
#1459=FACE_BOUND('',#1331,.T.);
#1460=FACE_BOUND('',#1332,.T.);
#1461=FACE_BOUND('',#1333,.T.);
#1462=FACE_BOUND('',#1334,.T.);
#1463=FACE_BOUND('',#1335,.T.);
#1464=FACE_BOUND('',#1336,.T.);
#1465=FACE_BOUND('',#1337,.T.);
#1466=FACE_BOUND('',#1338,.T.);
#1467=FACE_BOUND('',#1339,.T.);
#1468=FACE_BOUND('',#1340,.T.);
#1469=FACE_BOUND('',#1341,.T.);
#1470=FACE_BOUND('',#1342,.T.);
#1471=FACE_BOUND('',#1343,.T.);
#1472=FACE_BOUND('',#1344,.T.);
#1473=FACE_BOUND('',#1345,.T.);
#1474=FACE_BOUND('',#1346,.T.);
#1475=FACE_BOUND('',#1347,.T.);
#1476=FACE_BOUND('',#1348,.T.);
#1477=FACE_BOUND('',#1349,.T.);
#1478=FACE_BOUND('',#1350,.T.);
#1479=FACE_BOUND('',#1351,.T.);
#1480=FACE_BOUND('',#1352,.T.);
#1481=FACE_BOUND('',#1353,.T.);
#1482=FACE_BOUND('',#1354,.T.);
#1483=FACE_BOUND('',#1355,.T.);
#1484=FACE_BOUND('',#1356,.T.);
#1485=FACE_BOUND('',#1357,.T.);
#1486=FACE_BOUND('',#1358,.T.);
#1487=FACE_BOUND('',#1359,.T.);
#1488=FACE_BOUND('',#1360,.T.);
#1489=FACE_BOUND('',#1361,.T.);
#1490=FACE_BOUND('',#1362,.T.);
#1491=FACE_BOUND('',#1363,.T.);
#1492=FACE_BOUND('',#1364,.T.);
#1493=FACE_BOUND('',#1365,.T.);
#1494=FACE_BOUND('',#1366,.T.);
#1495=FACE_BOUND('',#1367,.T.);
#1496=FACE_BOUND('',#1368,.T.);
#1497=FACE_BOUND('',#1369,.T.);
#1498=FACE_BOUND('',#1370,.T.);
#1499=FACE_BOUND('',#1371,.T.);
#1500=FACE_BOUND('',#1372,.T.);
#1501=FACE_BOUND('',#1373,.T.);
#1502=FACE_BOUND('',#1374,.T.);
#1503=FACE_BOUND('',#1375,.T.);
#1504=FACE_BOUND('',#1376,.T.);
#1505=FACE_BOUND('',#1377,.T.);
#1506=FACE_BOUND('',#1378,.T.);
#1507=FACE_BOUND('',#1379,.T.);
#1508=FACE_BOUND('',#1380,.T.);
#1509=FACE_BOUND('',#1381,.T.);
#1510=FACE_BOUND('',#1382,.T.);
#1511=FACE_BOUND('',#1383,.T.);
#1512=FACE_BOUND('',#1384,.T.);
#1513=FACE_BOUND('',#1385,.T.);
#1514=FACE_BOUND('',#1386,.T.);
#1515=FACE_BOUND('',#1387,.T.);
#1516=FACE_BOUND('',#1388,.T.);
#1517=FACE_BOUND('',#1389,.T.);
#1518=FACE_BOUND('',#1390,.T.);
#1519=FACE_BOUND('',#1391,.T.);
#1520=FACE_BOUND('',#1392,.T.);
#1521=FACE_BOUND('',#1393,.T.);
#1522=FACE_BOUND('',#1394,.T.);
#1523=FACE_BOUND('',#1395,.T.);
#1524=FACE_BOUND('',#1396,.T.);
#1525=FACE_BOUND('',#1397,.T.);
#1526=FACE_BOUND('',#1398,.T.);
#1527=FACE_BOUND('',#1399,.T.);
#1528=FACE_BOUND('',#1400,.T.);
#1529=FACE_BOUND('',#1401,.T.);
#1530=FACE_BOUND('',#1402,.T.);
#1531=FACE_BOUND('',#1403,.T.);
#1532=FACE_BOUND('',#1404,.T.);
#1533=FACE_BOUND('',#1405,.T.);
#1534=FACE_BOUND('',#1406,.T.);
#1535=FACE_BOUND('',#1407,.T.);
#1536=FACE_BOUND('',#1408,.T.);
#1537=FACE_BOUND('',#1409,.T.);
#1538=FACE_BOUND('',#1410,.T.);
#1539=FACE_BOUND('',#1411,.T.);
#1540=FACE_BOUND('',#1412,.T.);
#1541=PLANE('',#1753);
#1542=PLANE('',#1755);
#1543=PLANE('',#1756);
#1544=PLANE('',#1757);
#1545=PLANE('',#1758);
#1546=PLANE('',#1759);
#1547=PLANE('',#1761);
#1548=PLANE('',#1762);
#1549=PLANE('',#1763);
#1550=PLANE('',#1764);
#1551=PLANE('',#1765);
#1552=PLANE('',#1766);
#1553=PLANE('',#1767);
#1554=PLANE('',#1768);
#1555=PLANE('',#1769);
#1556=PLANE('',#1772);
#1557=PLANE('',#1773);
#1558=PLANE('',#1775);
#1559=PLANE('',#1776);
#1560=PLANE('',#1778);
#1561=PLANE('',#1779);
#1562=PLANE('',#1780);
#1563=PLANE('',#1781);
#1564=PLANE('',#1782);
#1565=PLANE('',#1787);
#1566=PLANE('',#1788);
#1567=PLANE('',#1789);
#1568=PLANE('',#1790);
#1569=PLANE('',#1791);
#1570=PLANE('',#1793);
#1571=PLANE('',#1795);
#1572=PLANE('',#1796);
#1573=PLANE('',#1797);
#1574=PLANE('',#1798);
#1575=PLANE('',#1799);
#1576=PLANE('',#1801);
#1577=PLANE('',#1802);
#1578=PLANE('',#1803);
#1579=PLANE('',#1804);
#1580=PLANE('',#1805);
#1581=PLANE('',#1807);
#1582=PLANE('',#1808);
#1583=PLANE('',#1809);
#1584=PLANE('',#1810);
#1585=PLANE('',#1811);
#1586=PLANE('',#1813);
#1587=PLANE('',#1814);
#1588=PLANE('',#1815);
#1589=PLANE('',#1816);
#1590=PLANE('',#1817);
#1591=PLANE('',#1819);
#1592=PLANE('',#1823);
#1593=PLANE('',#1827);
#1594=PLANE('',#1831);
#1595=PLANE('',#1835);
#1596=PLANE('',#1836);
#1597=PLANE('',#1837);
#1598=PLANE('',#1838);
#1599=PLANE('',#1839);
#1600=PLANE('',#1840);
#1601=PLANE('',#1841);
#1602=PLANE('',#1842);
#1603=PLANE('',#1843);
#1604=PLANE('',#1864);
#1605=PLANE('',#1865);
#1606=PLANE('',#1866);
#1607=PLANE('',#1867);
#1608=PLANE('',#1872);
#1609=PLANE('',#1873);
#1610=PLANE('',#1874);
#1611=PLANE('',#1875);
#1612=PLANE('',#1876);
#1613=PLANE('',#1877);
#1614=PLANE('',#1878);
#1615=PLANE('',#1879);
#1616=PLANE('',#1880);
#1617=PLANE('',#1881);
#1618=PLANE('',#1882);
#1619=PLANE('',#1883);
#1620=PLANE('',#1884);
#1621=PLANE('',#1885);
#1622=PLANE('',#1886);
#1623=PLANE('',#1887);
#1624=ADVANCED_FACE('',(#1413,#1414,#1415),#1541,.T.);
#1625=ADVANCED_FACE('',(#1416),#1542,.T.);
#1626=ADVANCED_FACE('',(#1417),#1543,.F.);
#1627=ADVANCED_FACE('',(#1418),#1544,.F.);
#1628=ADVANCED_FACE('',(#1419),#1545,.T.);
#1629=ADVANCED_FACE('',(#1420,#1421,#1422),#1546,.F.);
#1630=ADVANCED_FACE('',(#1423),#1547,.T.);
#1631=ADVANCED_FACE('',(#1424),#1548,.F.);
#1632=ADVANCED_FACE('',(#1425),#1549,.F.);
#1633=ADVANCED_FACE('',(#1426),#1550,.T.);
#1634=ADVANCED_FACE('',(#1427),#1551,.T.);
#1635=ADVANCED_FACE('',(#1428),#1552,.F.);
#1636=ADVANCED_FACE('',(#1429),#1553,.F.);
#1637=ADVANCED_FACE('',(#1430),#1554,.T.);
#1638=ADVANCED_FACE('',(#1431,#1432),#1555,.T.);
#1639=ADVANCED_FACE('',(#1433,#1434),#46,.T.);
#1640=ADVANCED_FACE('',(#1435,#1436),#1556,.F.);
#1641=ADVANCED_FACE('',(#1437),#1557,.T.);
#1642=ADVANCED_FACE('',(#1438),#1558,.F.);
#1643=ADVANCED_FACE('',(#1439),#1559,.F.);
#1644=ADVANCED_FACE('',(#1440),#1560,.T.);
#1645=ADVANCED_FACE('',(#1441),#1561,.T.);
#1646=ADVANCED_FACE('',(#1442,#1443),#1562,.T.);
#1647=ADVANCED_FACE('',(#1444,#1445),#1563,.F.);
#1648=ADVANCED_FACE('',(#1446),#1564,.T.);
#1649=ADVANCED_FACE('',(#1447),#1565,.T.);
#1650=ADVANCED_FACE('',(#1448),#1566,.T.);
#1651=ADVANCED_FACE('',(#1449),#1567,.F.);
#1652=ADVANCED_FACE('',(#1450,#1451,#1452,#1453,#1454),#1568,.F.);
#1653=ADVANCED_FACE('',(#1455),#1569,.F.);
#1654=ADVANCED_FACE('',(#1456),#1570,.T.);
#1655=ADVANCED_FACE('',(#1457),#1571,.T.);
#1656=ADVANCED_FACE('',(#1458),#1572,.F.);
#1657=ADVANCED_FACE('',(#1459),#1573,.F.);
#1658=ADVANCED_FACE('',(#1460),#1574,.T.);
#1659=ADVANCED_FACE('',(#1461,#1462),#1575,.T.);
#1660=ADVANCED_FACE('',(#1463),#1576,.T.);
#1661=ADVANCED_FACE('',(#1464),#1577,.F.);
#1662=ADVANCED_FACE('',(#1465),#1578,.F.);
#1663=ADVANCED_FACE('',(#1466),#1579,.T.);
#1664=ADVANCED_FACE('',(#1467,#1468),#1580,.T.);
#1665=ADVANCED_FACE('',(#1469),#1581,.T.);
#1666=ADVANCED_FACE('',(#1470),#1582,.F.);
#1667=ADVANCED_FACE('',(#1471),#1583,.F.);
#1668=ADVANCED_FACE('',(#1472),#1584,.T.);
#1669=ADVANCED_FACE('',(#1473,#1474),#1585,.T.);
#1670=ADVANCED_FACE('',(#1475),#1586,.T.);
#1671=ADVANCED_FACE('',(#1476),#1587,.F.);
#1672=ADVANCED_FACE('',(#1477),#1588,.F.);
#1673=ADVANCED_FACE('',(#1478),#1589,.T.);
#1674=ADVANCED_FACE('',(#1479,#1480),#1590,.T.);
#1675=ADVANCED_FACE('',(#1481),#1591,.T.);
#1676=ADVANCED_FACE('',(#1482,#1483),#16,.F.);
#1677=ADVANCED_FACE('',(#1484),#1592,.T.);
#1678=ADVANCED_FACE('',(#1485,#1486),#17,.F.);
#1679=ADVANCED_FACE('',(#1487),#1593,.T.);
#1680=ADVANCED_FACE('',(#1488,#1489),#18,.F.);
#1681=ADVANCED_FACE('',(#1490),#1594,.T.);
#1682=ADVANCED_FACE('',(#1491,#1492),#19,.F.);
#1683=ADVANCED_FACE('',(#1493),#1595,.T.);
#1684=ADVANCED_FACE('',(#1494),#1596,.F.);
#1685=ADVANCED_FACE('',(#1495),#1597,.F.);
#1686=ADVANCED_FACE('',(#1496),#1598,.T.);
#1687=ADVANCED_FACE('',(#1497),#1599,.T.);
#1688=ADVANCED_FACE('',(#1498),#1600,.F.);
#1689=ADVANCED_FACE('',(#1499),#1601,.F.);
#1690=ADVANCED_FACE('',(#1500),#1602,.T.);
#1691=ADVANCED_FACE('',(#1501,#1502),#1603,.T.);
#1692=ADVANCED_FACE('',(#1503),#20,.T.);
#1693=ADVANCED_FACE('',(#1504),#21,.T.);
#1694=ADVANCED_FACE('',(#1505),#22,.T.);
#1695=ADVANCED_FACE('',(#1506),#14,.T.);
#1696=ADVANCED_FACE('',(#1507),#15,.T.);
#1697=ADVANCED_FACE('',(#1508),#23,.T.);
#1698=ADVANCED_FACE('',(#1509),#24,.T.);
#1699=ADVANCED_FACE('',(#1510),#25,.T.);
#1700=ADVANCED_FACE('',(#1511),#26,.T.);
#1701=ADVANCED_FACE('',(#1512),#27,.T.);
#1702=ADVANCED_FACE('',(#1513),#1604,.F.);
#1703=ADVANCED_FACE('',(#1514),#1605,.T.);
#1704=ADVANCED_FACE('',(#1515),#1606,.F.);
#1705=ADVANCED_FACE('',(#1516),#1607,.T.);
#1706=ADVANCED_FACE('',(#1517,#1518),#10,.F.);
#1707=ADVANCED_FACE('',(#1519,#1520),#11,.F.);
#1708=ADVANCED_FACE('',(#1521,#1522),#12,.F.);
#1709=ADVANCED_FACE('',(#1523,#1524),#13,.F.);
#1710=ADVANCED_FACE('',(#1525),#1608,.F.);
#1711=ADVANCED_FACE('',(#1526),#1609,.T.);
#1712=ADVANCED_FACE('',(#1527),#1610,.F.);
#1713=ADVANCED_FACE('',(#1528),#1611,.T.);
#1714=ADVANCED_FACE('',(#1529),#1612,.F.);
#1715=ADVANCED_FACE('',(#1530),#1613,.T.);
#1716=ADVANCED_FACE('',(#1531),#1614,.F.);
#1717=ADVANCED_FACE('',(#1532),#1615,.T.);
#1718=ADVANCED_FACE('',(#1533),#1616,.T.);
#1719=ADVANCED_FACE('',(#1534),#1617,.F.);
#1720=ADVANCED_FACE('',(#1535),#1618,.T.);
#1721=ADVANCED_FACE('',(#1536),#1619,.F.);
#1722=ADVANCED_FACE('',(#1537),#1620,.F.);
#1723=ADVANCED_FACE('',(#1538),#1621,.T.);
#1724=ADVANCED_FACE('',(#1539),#1622,.F.);
#1725=ADVANCED_FACE('',(#1540),#1623,.T.);
#1726=CLOSED_SHELL('',(#1624,#1625,#1626,#1627,#1628,#1629,#1630,#1631,
#1632,#1633,#1634,#1635,#1636,#1637,#1638,#1639));
#1727=CLOSED_SHELL('',(#1640,#1641,#1642,#1643,#1644,#1645,#1646,#1647,
#1648,#1649,#1650,#1651,#1652,#1653,#1654,#1655,#1656,#1657,#1658,#1659,
#1660,#1661,#1662,#1663,#1664,#1665,#1666,#1667,#1668,#1669,#1670,#1671,
#1672,#1673,#1674,#1675,#1676,#1677,#1678,#1679,#1680,#1681,#1682,#1683,
#1684,#1685,#1686,#1687,#1688,#1689,#1690,#1691,#1692,#1693,#1694,#1695,
#1696,#1697,#1698,#1699,#1700,#1701,#1702,#1703,#1704,#1705,#1706,#1707,
#1708,#1709,#1710,#1711,#1712,#1713,#1714,#1715,#1716,#1717,#1718,#1719,
#1720,#1721,#1722,#1723,#1724,#1725));
#1728=STYLED_ITEM('',(#1730),#1744);
#1729=STYLED_ITEM('',(#1731),#1745);
#1730=PRESENTATION_STYLE_ASSIGNMENT((#1732));
#1731=PRESENTATION_STYLE_ASSIGNMENT((#1733));
#1732=SURFACE_STYLE_USAGE(.BOTH.,#1734);
#1733=SURFACE_STYLE_USAGE(.BOTH.,#1735);
#1734=SURFACE_SIDE_STYLE('',(#1736));
#1735=SURFACE_SIDE_STYLE('',(#1737));
#1736=SURFACE_STYLE_FILL_AREA(#1738);
#1737=SURFACE_STYLE_FILL_AREA(#1739);
#1738=FILL_AREA_STYLE('',(#1740));
#1739=FILL_AREA_STYLE('',(#1741));
#1740=FILL_AREA_STYLE_COLOUR('',#1742);
#1741=FILL_AREA_STYLE_COLOUR('',#1743);
#1742=COLOUR_RGB('',0.615686274509804,0.811764705882353,0.929411764705882);
#1743=COLOUR_RGB('',0.980392156862745,0.713725490196078,0.00392156862745098);
#1744=MANIFOLD_SOLID_BREP('Part 1',#1726);
#1745=MANIFOLD_SOLID_BREP('Part 1',#1727);
#1746=SHAPE_DEFINITION_REPRESENTATION(#2844,#1749);
#1747=SHAPE_DEFINITION_REPRESENTATION(#2845,#1750);
#1748=SHAPE_DEFINITION_REPRESENTATION(#2847,#1751);
#1749=SHAPE_REPRESENTATION('Assembly 2',(#1752,#1771,#1888),#2835);
#1750=SHAPE_REPRESENTATION('Part 1',(#1752),#2836);
#1751=SHAPE_REPRESENTATION('Part 1',(#1752),#2837);
#1752=AXIS2_PLACEMENT_3D('',#2357,#1889,#1890);
#1753=AXIS2_PLACEMENT_3D('',#2358,#1891,#1892);
#1754=AXIS2_PLACEMENT_3D('',#2359,#1893,#1894);
#1755=AXIS2_PLACEMENT_3D('',#2377,#1903,#1904);
#1756=AXIS2_PLACEMENT_3D('',#2386,#1909,#1910);
#1757=AXIS2_PLACEMENT_3D('',#2392,#1914,#1915);
#1758=AXIS2_PLACEMENT_3D('',#2398,#1919,#1920);
#1759=AXIS2_PLACEMENT_3D('',#2401,#1923,#1924);
#1760=AXIS2_PLACEMENT_3D('',#2402,#1925,#1926);
#1761=AXIS2_PLACEMENT_3D('',#2412,#1931,#1932);
#1762=AXIS2_PLACEMENT_3D('',#2415,#1935,#1936);
#1763=AXIS2_PLACEMENT_3D('',#2417,#1938,#1939);
#1764=AXIS2_PLACEMENT_3D('',#2419,#1941,#1942);
#1765=AXIS2_PLACEMENT_3D('',#2420,#1943,#1944);
#1766=AXIS2_PLACEMENT_3D('',#2426,#1948,#1949);
#1767=AXIS2_PLACEMENT_3D('',#2430,#1952,#1953);
#1768=AXIS2_PLACEMENT_3D('',#2434,#1956,#1957);
#1769=AXIS2_PLACEMENT_3D('',#2436,#1959,#1960);
#1770=AXIS2_PLACEMENT_3D('',#2437,#1961,#1962);
#1771=AXIS2_PLACEMENT_3D('',#2438,#1963,#1964);
#1772=AXIS2_PLACEMENT_3D('',#2439,#1965,#1966);
#1773=AXIS2_PLACEMENT_3D('',#2456,#1975,#1976);
#1774=AXIS2_PLACEMENT_3D('',#2460,#1978,#1979);
#1775=AXIS2_PLACEMENT_3D('',#2467,#1983,#1984);
#1776=AXIS2_PLACEMENT_3D('',#2473,#1988,#1989);
#1777=AXIS2_PLACEMENT_3D('',#2474,#1990,#1991);
#1778=AXIS2_PLACEMENT_3D('',#2481,#1995,#1996);
#1779=AXIS2_PLACEMENT_3D('',#2484,#1999,#2000);
#1780=AXIS2_PLACEMENT_3D('',#2494,#2006,#2007);
#1781=AXIS2_PLACEMENT_3D('',#2511,#2016,#2017);
#1782=AXIS2_PLACEMENT_3D('',#2528,#2026,#2027);
#1783=AXIS2_PLACEMENT_3D('',#2532,#2029,#2030);
#1784=AXIS2_PLACEMENT_3D('',#2533,#2031,#2032);
#1785=AXIS2_PLACEMENT_3D('',#2537,#2034,#2035);
#1786=AXIS2_PLACEMENT_3D('',#2546,#2040,#2041);
#1787=AXIS2_PLACEMENT_3D('',#2547,#2042,#2043);
#1788=AXIS2_PLACEMENT_3D('',#2553,#2047,#2048);
#1789=AXIS2_PLACEMENT_3D('',#2559,#2052,#2053);
#1790=AXIS2_PLACEMENT_3D('',#2565,#2057,#2058);
#1791=AXIS2_PLACEMENT_3D('',#2600,#2077,#2078);
#1792=AXIS2_PLACEMENT_3D('',#2601,#2079,#2080);
#1793=AXIS2_PLACEMENT_3D('',#2602,#2081,#2082);
#1794=AXIS2_PLACEMENT_3D('',#2603,#2083,#2084);
#1795=AXIS2_PLACEMENT_3D('',#2604,#2085,#2086);
#1796=AXIS2_PLACEMENT_3D('',#2610,#2090,#2091);
#1797=AXIS2_PLACEMENT_3D('',#2614,#2094,#2095);
#1798=AXIS2_PLACEMENT_3D('',#2618,#2098,#2099);
#1799=AXIS2_PLACEMENT_3D('',#2620,#2101,#2102);
#1800=AXIS2_PLACEMENT_3D('',#2621,#2103,#2104);
#1801=AXIS2_PLACEMENT_3D('',#2631,#2109,#2110);
#1802=AXIS2_PLACEMENT_3D('',#2637,#2114,#2115);
#1803=AXIS2_PLACEMENT_3D('',#2641,#2118,#2119);
#1804=AXIS2_PLACEMENT_3D('',#2645,#2122,#2123);
#1805=AXIS2_PLACEMENT_3D('',#2647,#2125,#2126);
#1806=AXIS2_PLACEMENT_3D('',#2648,#2127,#2128);
#1807=AXIS2_PLACEMENT_3D('',#2658,#2133,#2134);
#1808=AXIS2_PLACEMENT_3D('',#2664,#2138,#2139);
#1809=AXIS2_PLACEMENT_3D('',#2668,#2142,#2143);
#1810=AXIS2_PLACEMENT_3D('',#2672,#2146,#2147);
#1811=AXIS2_PLACEMENT_3D('',#2674,#2149,#2150);
#1812=AXIS2_PLACEMENT_3D('',#2675,#2151,#2152);
#1813=AXIS2_PLACEMENT_3D('',#2685,#2157,#2158);
#1814=AXIS2_PLACEMENT_3D('',#2691,#2162,#2163);
#1815=AXIS2_PLACEMENT_3D('',#2695,#2166,#2167);
#1816=AXIS2_PLACEMENT_3D('',#2699,#2170,#2171);
#1817=AXIS2_PLACEMENT_3D('',#2701,#2173,#2174);
#1818=AXIS2_PLACEMENT_3D('',#2702,#2175,#2176);
#1819=AXIS2_PLACEMENT_3D('',#2712,#2181,#2182);
#1820=AXIS2_PLACEMENT_3D('',#2713,#2183,#2184);
#1821=AXIS2_PLACEMENT_3D('',#2715,#2185,#2186);
#1822=AXIS2_PLACEMENT_3D('',#2716,#2187,#2188);
#1823=AXIS2_PLACEMENT_3D('',#2718,#2189,#2190);
#1824=AXIS2_PLACEMENT_3D('',#2719,#2191,#2192);
#1825=AXIS2_PLACEMENT_3D('',#2721,#2193,#2194);
#1826=AXIS2_PLACEMENT_3D('',#2722,#2195,#2196);
#1827=AXIS2_PLACEMENT_3D('',#2724,#2197,#2198);
#1828=AXIS2_PLACEMENT_3D('',#2725,#2199,#2200);
#1829=AXIS2_PLACEMENT_3D('',#2727,#2201,#2202);
#1830=AXIS2_PLACEMENT_3D('',#2728,#2203,#2204);
#1831=AXIS2_PLACEMENT_3D('',#2730,#2205,#2206);
#1832=AXIS2_PLACEMENT_3D('',#2731,#2207,#2208);
#1833=AXIS2_PLACEMENT_3D('',#2733,#2209,#2210);
#1834=AXIS2_PLACEMENT_3D('',#2734,#2211,#2212);
#1835=AXIS2_PLACEMENT_3D('',#2736,#2213,#2214);
#1836=AXIS2_PLACEMENT_3D('',#2742,#2218,#2219);
#1837=AXIS2_PLACEMENT_3D('',#2746,#2222,#2223);
#1838=AXIS2_PLACEMENT_3D('',#2750,#2226,#2227);
#1839=AXIS2_PLACEMENT_3D('',#2752,#2229,#2230);
#1840=AXIS2_PLACEMENT_3D('',#2758,#2234,#2235);
#1841=AXIS2_PLACEMENT_3D('',#2762,#2238,#2239);
#1842=AXIS2_PLACEMENT_3D('',#2766,#2242,#2243);
#1843=AXIS2_PLACEMENT_3D('',#2768,#2245,#2246);
#1844=AXIS2_PLACEMENT_3D('',#2769,#2247,#2248);
#1845=AXIS2_PLACEMENT_3D('',#2770,#2249,#2250);
#1846=AXIS2_PLACEMENT_3D('',#2771,#2251,#2252);
#1847=AXIS2_PLACEMENT_3D('',#2772,#2253,#2254);
#1848=AXIS2_PLACEMENT_3D('',#2773,#2255,#2256);
#1849=AXIS2_PLACEMENT_3D('',#2774,#2257,#2258);
#1850=AXIS2_PLACEMENT_3D('',#2775,#2259,#2260);
#1851=AXIS2_PLACEMENT_3D('',#2776,#2261,#2262);
#1852=AXIS2_PLACEMENT_3D('',#2777,#2263,#2264);
#1853=AXIS2_PLACEMENT_3D('',#2778,#2265,#2266);
#1854=AXIS2_PLACEMENT_3D('',#2779,#2267,#2268);
#1855=AXIS2_PLACEMENT_3D('',#2780,#2269,#2270);
#1856=AXIS2_PLACEMENT_3D('',#2781,#2271,#2272);
#1857=AXIS2_PLACEMENT_3D('',#2782,#2273,#2274);
#1858=AXIS2_PLACEMENT_3D('',#2783,#2275,#2276);
#1859=AXIS2_PLACEMENT_3D('',#2784,#2277,#2278);
#1860=AXIS2_PLACEMENT_3D('',#2785,#2279,#2280);
#1861=AXIS2_PLACEMENT_3D('',#2786,#2281,#2282);
#1862=AXIS2_PLACEMENT_3D('',#2787,#2283,#2284);
#1863=AXIS2_PLACEMENT_3D('',#2788,#2285,#2286);
#1864=AXIS2_PLACEMENT_3D('',#2789,#2287,#2288);
#1865=AXIS2_PLACEMENT_3D('',#2792,#2291,#2292);
#1866=AXIS2_PLACEMENT_3D('',#2794,#2294,#2295);
#1867=AXIS2_PLACEMENT_3D('',#2796,#2297,#2298);
#1868=AXIS2_PLACEMENT_3D('',#2797,#2299,#2300);
#1869=AXIS2_PLACEMENT_3D('',#2798,#2301,#2302);
#1870=AXIS2_PLACEMENT_3D('',#2799,#2303,#2304);
#1871=AXIS2_PLACEMENT_3D('',#2800,#2305,#2306);
#1872=AXIS2_PLACEMENT_3D('',#2801,#2307,#2308);
#1873=AXIS2_PLACEMENT_3D('',#2804,#2311,#2312);
#1874=AXIS2_PLACEMENT_3D('',#2806,#2314,#2315);
#1875=AXIS2_PLACEMENT_3D('',#2808,#2317,#2318);
#1876=AXIS2_PLACEMENT_3D('',#2809,#2319,#2320);
#1877=AXIS2_PLACEMENT_3D('',#2812,#2323,#2324);
#1878=AXIS2_PLACEMENT_3D('',#2814,#2326,#2327);
#1879=AXIS2_PLACEMENT_3D('',#2816,#2329,#2330);
#1880=AXIS2_PLACEMENT_3D('',#2817,#2331,#2332);
#1881=AXIS2_PLACEMENT_3D('',#2820,#2335,#2336);
#1882=AXIS2_PLACEMENT_3D('',#2822,#2338,#2339);
#1883=AXIS2_PLACEMENT_3D('',#2824,#2341,#2342);
#1884=AXIS2_PLACEMENT_3D('',#2825,#2343,#2344);
#1885=AXIS2_PLACEMENT_3D('',#2828,#2347,#2348);
#1886=AXIS2_PLACEMENT_3D('',#2830,#2350,#2351);
#1887=AXIS2_PLACEMENT_3D('',#2832,#2353,#2354);
#1888=AXIS2_PLACEMENT_3D('',#2833,#2355,#2356);
#1889=DIRECTION('',(0.,0.,1.));
#1890=DIRECTION('',(1.,0.,0.));
#1891=DIRECTION('',(0.,0.,1.));
#1892=DIRECTION('',(1.,0.,0.));
#1893=DIRECTION('',(0.,0.,1.));
#1894=DIRECTION('',(1.,0.,0.));
#1895=DIRECTION('',(1.,0.,0.));
#1896=DIRECTION('',(0.,-1.,0.));
#1897=DIRECTION('',(1.,0.,0.));
#1898=DIRECTION('',(0.,-1.,0.));
#1899=DIRECTION('',(0.,-1.,0.));
#1900=DIRECTION('',(1.,0.,0.));
#1901=DIRECTION('',(0.,-1.,0.));
#1902=DIRECTION('',(1.,0.,0.));
#1903=DIRECTION('',(0.,-1.,0.));
#1904=DIRECTION('',(0.,0.,-1.));
#1905=DIRECTION('',(0.,0.,1.));
#1906=DIRECTION('',(-1.,0.,0.));
#1907=DIRECTION('',(0.,0.,1.));
#1908=DIRECTION('',(1.,0.,0.));
#1909=DIRECTION('',(-1.,-7.41651763991794E-17,0.));
#1910=DIRECTION('',(7.41651763991794E-17,-1.,0.));
#1911=DIRECTION('',(-7.41651763991794E-17,1.,0.));
#1912=DIRECTION('',(0.,0.,1.));
#1913=DIRECTION('',(7.41651763991794E-17,-1.,0.));
#1914=DIRECTION('',(0.,-1.,0.));
#1915=DIRECTION('',(0.,0.,-1.));
#1916=DIRECTION('',(-1.,0.,0.));
#1917=DIRECTION('',(0.,0.,1.));
#1918=DIRECTION('',(1.,0.,0.));
#1919=DIRECTION('',(-1.,-7.41651763991794E-17,0.));
#1920=DIRECTION('',(7.41651763991794E-17,-1.,0.));
#1921=DIRECTION('',(-7.41651763991794E-17,1.,0.));
#1922=DIRECTION('',(7.41651763991794E-17,-1.,0.));
#1923=DIRECTION('',(0.,0.,1.));
#1924=DIRECTION('',(1.,0.,0.));
#1925=DIRECTION('',(0.,0.,1.));
#1926=DIRECTION('',(1.,0.,0.));
#1927=DIRECTION('',(1.,0.,0.));
#1928=DIRECTION('',(0.,-1.,0.));
#1929=DIRECTION('',(1.,0.,0.));
#1930=DIRECTION('',(0.,-1.,0.));
#1931=DIRECTION('',(0.,1.,0.));
#1932=DIRECTION('',(0.,0.,1.));
#1933=DIRECTION('',(0.,0.,-1.));
#1934=DIRECTION('',(0.,0.,-1.));
#1935=DIRECTION('',(1.,0.,0.));
#1936=DIRECTION('',(0.,0.,-1.));
#1937=DIRECTION('',(0.,0.,-1.));
#1938=DIRECTION('',(0.,1.,0.));
#1939=DIRECTION('',(0.,0.,1.));
#1940=DIRECTION('',(0.,0.,-1.));
#1941=DIRECTION('',(1.,0.,0.));
#1942=DIRECTION('',(0.,0.,-1.));
#1943=DIRECTION('',(0.,-1.,0.));
#1944=DIRECTION('',(0.,0.,-1.));
#1945=DIRECTION('',(0.,0.,1.));
#1946=DIRECTION('',(1.,0.,0.));
#1947=DIRECTION('',(0.,0.,1.));
#1948=DIRECTION('',(-1.,0.,0.));
#1949=DIRECTION('',(0.,0.,1.));
#1950=DIRECTION('',(0.,0.,1.));
#1951=DIRECTION('',(0.,-1.,0.));
#1952=DIRECTION('',(0.,-1.,0.));
#1953=DIRECTION('',(0.,0.,-1.));
#1954=DIRECTION('',(0.,0.,1.));
#1955=DIRECTION('',(1.,0.,0.));
#1956=DIRECTION('',(-1.,0.,0.));
#1957=DIRECTION('',(0.,0.,1.));
#1958=DIRECTION('',(0.,-1.,0.));
#1959=DIRECTION('',(0.,0.,1.));
#1960=DIRECTION('',(1.,0.,0.));
#1961=DIRECTION('',(0.,0.,1.));
#1962=DIRECTION('',(1.,0.,0.));
#1963=DIRECTION('',(-3.64254251223599E-15,-2.49573936640198E-16,-1.));
#1964=DIRECTION('',(0.999096490660126,0.0424994394153799,-3.6498581934552E-15));
#1965=DIRECTION('',(0.898640971147466,0.438684858383714,0.));
#1966=DIRECTION('',(-0.438684858383715,0.898640971147466,0.));
#1967=DIRECTION('',(0.438684858383715,-0.898640971147466,0.));
#1968=DIRECTION('',(0.,0.,-1.));
#1969=DIRECTION('',(0.438684858383715,-0.898640971147466,0.));
#1970=DIRECTION('',(0.,0.,-1.));
#1971=DIRECTION('',(-5.94663489895816E-17,1.21816143377917E-16,1.));
#1972=DIRECTION('',(0.438684858383715,-0.898640971147466,0.));
#1973=DIRECTION('',(-6.50413192073549E-17,1.33236406819597E-16,1.));
#1974=DIRECTION('',(0.438684858383715,-0.898640971147466,0.));
#1975=DIRECTION('',(0.438684858383714,-0.898640971147466,-3.8145689920984E-16));
#1976=DIRECTION('',(0.898640971147466,0.438684858383715,0.));
#1977=DIRECTION('',(-1.67339365809359E-16,3.42792798356832E-16,-1.));
#1978=DIRECTION('',(0.438684858383714,-0.898640971147466,-3.8145689920984E-16));
#1979=DIRECTION('',(0.898640971147466,0.438684858383715,0.));
#1980=DIRECTION('',(0.898640971147466,0.438684858383714,0.));
#1981=DIRECTION('',(-1.67339365809359E-16,3.42792798356832E-16,-1.));
#1982=DIRECTION('',(0.898640971147466,0.438684858383714,0.));
#1983=DIRECTION('',(0.,0.,1.));
#1984=DIRECTION('',(1.,0.,0.));
#1985=DIRECTION('',(0.438684858383715,-0.898640971147466,0.));
#1986=DIRECTION('',(0.898640971147466,0.438684858383714,0.));
#1987=DIRECTION('',(0.438684858383715,-0.898640971147466,0.));
#1988=DIRECTION('',(0.438684858383714,-0.898640971147466,-2.51821272089279E-16));
#1989=DIRECTION('',(0.898640971147466,0.438684858383715,0.));
#1990=DIRECTION('',(0.438684858383714,-0.898640971147466,-2.51821272089279E-16));
#1991=DIRECTION('',(0.898640971147466,0.438684858383715,0.));
#1992=DIRECTION('',(-1.10470179084492E-16,2.262969125059E-16,-1.));
#1993=DIRECTION('',(0.898640971147466,0.438684858383714,0.));
#1994=DIRECTION('',(-1.10470179084492E-16,2.262969125059E-16,-1.));
#1995=DIRECTION('',(4.75623076496119E-17,-9.74308493202566E-17,1.));
#1996=DIRECTION('',(0.,-1.,-9.74308493202566E-17));
#1997=DIRECTION('',(0.438684858383715,-0.898640971147466,-1.0842021724855E-16));
#1998=DIRECTION('',(0.438684858383715,-0.898640971147466,-1.0842021724855E-16));
#1999=DIRECTION('',(0.898640971147466,0.438684858383714,0.));
#2000=DIRECTION('',(-0.438684858383715,0.898640971147466,0.));
#2001=DIRECTION('',(0.438684858383715,-0.898640971147466,0.));
#2002=DIRECTION('',(0.,0.,-1.));
#2003=DIRECTION('',(0.438684858383715,-0.898640971147466,0.));
#2004=DIRECTION('',(0.,0.,-1.));
#2005=DIRECTION('',(0.438684858383715,-0.898640971147466,0.));
#2006=DIRECTION('',(-1.,0.,0.));
#2007=DIRECTION('',(0.,0.,1.));
#2008=DIRECTION('',(0.,-1.,0.));
#2009=DIRECTION('',(0.,-2.66880534765662E-16,-1.));
#2010=DIRECTION('',(0.,1.,0.));
#2011=DIRECTION('',(0.,2.66880534765662E-16,1.));
#2012=DIRECTION('',(0.,0.,-1.));
#2013=DIRECTION('',(0.,1.,0.));
#2014=DIRECTION('',(0.,0.,-1.));
#2015=DIRECTION('',(0.,1.,0.));
#2016=DIRECTION('',(-1.,0.,0.));
#2017=DIRECTION('',(0.,0.,1.));
#2018=DIRECTION('',(0.,1.,0.));
#2019=DIRECTION('',(0.,0.,-1.));
#2020=DIRECTION('',(0.,1.,0.));
#2021=DIRECTION('',(0.,0.,-1.));
#2022=DIRECTION('',(0.,2.66880534765662E-16,1.));
#2023=DIRECTION('',(0.,-1.,0.));
#2024=DIRECTION('',(0.,2.66880534765662E-16,1.));
#2025=DIRECTION('',(0.,-1.,0.));
#2026=DIRECTION('',(0.,1.,0.));
#2027=DIRECTION('',(0.,0.,1.));
#2028=DIRECTION('',(1.,0.,0.));
#2029=DIRECTION('',(0.,1.,0.));
#2030=DIRECTION('',(0.,0.,1.));
#2031=DIRECTION('',(0.,1.,0.));
#2032=DIRECTION('',(0.,0.,1.));
#2033=DIRECTION('',(1.,0.,0.));
#2034=DIRECTION('',(0.,1.,0.));
#2035=DIRECTION('',(1.,0.,0.));
#2036=DIRECTION('',(0.,0.,-1.));
#2037=DIRECTION('',(1.,0.,0.));
#2038=DIRECTION('',(1.,0.,0.));
#2039=DIRECTION('',(0.,0.,-1.));
#2040=DIRECTION('',(0.,1.,0.));
#2041=DIRECTION('',(-1.,0.,0.));
#2042=DIRECTION('',(4.8714500568025E-5,-0.999999998813449,0.));
#2043=DIRECTION('',(0.999999998813449,4.87145005680251E-5,0.));
#2044=DIRECTION('',(-0.999999998813449,-4.87145005680251E-5,0.));
#2045=DIRECTION('',(0.,0.,-1.));
#2046=DIRECTION('',(-0.999999998813449,-4.87145005680251E-5,0.));
#2047=DIRECTION('',(0.,0.,1.));
#2048=DIRECTION('',(1.,0.,0.));
#2049=DIRECTION('',(0.,1.,0.));
#2050=DIRECTION('',(-0.999999998813449,-4.87145005680251E-5,0.));
#2051=DIRECTION('',(0.438684858383715,-0.898640971147466,0.));
#2052=DIRECTION('',(0.,0.,1.));
#2053=DIRECTION('',(1.,0.,0.));
#2054=DIRECTION('',(-0.999999998813449,-4.87145005680251E-5,0.));
#2055=DIRECTION('',(0.,1.,0.));
#2056=DIRECTION('',(0.438684858383715,-0.898640971147466,0.));
#2057=DIRECTION('',(4.8714500568025E-5,-0.999999998813449,0.));
#2058=DIRECTION('',(0.999999998813449,4.87145005680251E-5,0.));
#2059=DIRECTION('',(0.,0.,-1.));
#2060=DIRECTION('',(-0.999999998813449,-4.87145005680251E-5,0.));
#2061=DIRECTION('',(0.,0.,-1.));
#2062=DIRECTION('',(-0.999999998813449,-4.87145005680251E-5,0.));
#2063=DIRECTION('',(-0.999999998813449,-4.8714500568025E-5,0.));
#2064=DIRECTION('',(0.,0.,1.));
#2065=DIRECTION('',(-0.999999998813449,-4.8714500568025E-5,0.));
#2066=DIRECTION('',(0.,0.,1.));
#2067=DIRECTION('',(0.999999998813449,4.87145005680251E-5,0.));
#2068=DIRECTION('',(0.,0.,-1.));
#2069=DIRECTION('',(0.999999998813449,4.87145005680251E-5,-1.92747052886312E-16));
#2070=DIRECTION('',(0.,0.,-1.));
#2071=DIRECTION('',(-0.999999998813449,-4.87145005680251E-5,0.));
#2072=DIRECTION('',(0.,0.,1.));
#2073=DIRECTION('',(-0.999999998813449,-4.87145005680251E-5,0.));
#2074=DIRECTION('',(0.,0.,1.));
#2075=DIRECTION('',(-0.999999998813449,-4.87145005680251E-5,0.));
#2076=DIRECTION('',(-0.999999998813449,-4.87145005680251E-5,0.));
#2077=DIRECTION('',(0.,0.,1.));
#2078=DIRECTION('',(1.,0.,0.));
#2079=DIRECTION('',(0.,0.,1.));
#2080=DIRECTION('',(1.,0.,0.));
#2081=DIRECTION('',(0.,0.,1.));
#2082=DIRECTION('',(1.,0.,0.));
#2083=DIRECTION('',(0.,0.,1.));
#2084=DIRECTION('',(1.,0.,0.));
#2085=DIRECTION('',(0.999999998813449,4.8714500568025E-5,0.));
#2086=DIRECTION('',(-4.8714500568025E-5,0.999999998813449,0.));
#2087=DIRECTION('',(4.8714500568025E-5,-0.999999998813449,0.));
#2088=DIRECTION('',(0.,0.,1.));
#2089=DIRECTION('',(4.8714500568025E-5,-0.999999998813449,0.));
#2090=DIRECTION('',(0.,0.,1.));
#2091=DIRECTION('',(1.,0.,0.));
#2092=DIRECTION('',(4.8714500568025E-5,-0.999999998813449,0.));
#2093=DIRECTION('',(0.999999998813449,4.8714500568025E-5,0.));
#2094=DIRECTION('',(0.999999998813449,4.8714500568025E-5,0.));
#2095=DIRECTION('',(-4.8714500568025E-5,0.999999998813449,0.));
#2096=DIRECTION('',(4.8714500568025E-5,-0.999999998813449,0.));
#2097=DIRECTION('',(0.,0.,-1.));
#2098=DIRECTION('',(0.,0.,1.));
#2099=DIRECTION('',(1.,0.,0.));
#2100=DIRECTION('',(-0.999999998813449,-4.8714500568025E-5,0.));
#2101=DIRECTION('',(-4.8714500568025E-5,0.999999998813449,0.));
#2102=DIRECTION('',(-0.999999998813449,-4.8714500568025E-5,0.));
#2103=DIRECTION('',(-4.8714500568025E-5,0.999999998813449,0.));
#2104=DIRECTION('',(-0.999999998813449,-4.8714500568025E-5,0.));
#2105=DIRECTION('',(-0.999999998813449,-4.8714500568025E-5,0.));
#2106=DIRECTION('',(0.,0.,1.));
#2107=DIRECTION('',(0.999999998813449,4.8714500568025E-5,0.));
#2108=DIRECTION('',(0.,0.,-1.));
#2109=DIRECTION('',(-0.999999998813449,-4.8714500568025E-5,0.));
#2110=DIRECTION('',(4.8714500568025E-5,-0.999999998813449,0.));
#2111=DIRECTION('',(4.8714500568025E-5,-0.999999998813449,0.));
#2112=DIRECTION('',(0.,0.,-1.));
#2113=DIRECTION('',(4.8714500568025E-5,-0.999999998813449,0.));
#2114=DIRECTION('',(0.,0.,-1.));
#2115=DIRECTION('',(-1.,0.,0.));
#2116=DIRECTION('',(4.8714500568025E-5,-0.999999998813449,0.));
#2117=DIRECTION('',(-0.999999998813449,-4.8714500568025E-5,0.));
#2118=DIRECTION('',(-0.999999998813449,-4.8714500568025E-5,0.));
#2119=DIRECTION('',(4.8714500568025E-5,-0.999999998813449,0.));
#2120=DIRECTION('',(4.8714500568025E-5,-0.999999998813449,0.));
#2121=DIRECTION('',(0.,0.,1.));
#2122=DIRECTION('',(-1.92747052657607E-16,-9.3895764173154E-21,-1.));
#2123=DIRECTION('',(-1.,0.,1.92747052657607E-16));
#2124=DIRECTION('',(0.999999998813449,4.8714500568025E-5,-1.92747052886312E-16));
#2125=DIRECTION('',(-4.8714500568025E-5,0.999999998813449,0.));
#2126=DIRECTION('',(-0.999999998813449,-4.8714500568025E-5,0.));
#2127=DIRECTION('',(-4.8714500568025E-5,0.999999998813449,0.));
#2128=DIRECTION('',(-0.999999998813449,-4.8714500568025E-5,0.));
#2129=DIRECTION('',(0.999999998813449,4.8714500568025E-5,0.));
#2130=DIRECTION('',(0.,0.,-1.));
#2131=DIRECTION('',(-0.999999998813449,-4.8714500568025E-5,1.92747052886312E-16));
#2132=DIRECTION('',(0.,0.,1.));
#2133=DIRECTION('',(0.999999998813449,4.8714500568025E-5,0.));
#2134=DIRECTION('',(-4.8714500568025E-5,0.999999998813449,0.));
#2135=DIRECTION('',(4.8714500568025E-5,-0.999999998813449,0.));
#2136=DIRECTION('',(0.,0.,1.));
#2137=DIRECTION('',(4.8714500568025E-5,-0.999999998813449,0.));
#2138=DIRECTION('',(0.,0.,1.));
#2139=DIRECTION('',(1.,0.,0.));
#2140=DIRECTION('',(4.8714500568025E-5,-0.999999998813449,0.));
#2141=DIRECTION('',(0.999999998813449,4.8714500568025E-5,0.));
#2142=DIRECTION('',(0.999999998813449,4.8714500568025E-5,0.));
#2143=DIRECTION('',(-4.8714500568025E-5,0.999999998813449,0.));
#2144=DIRECTION('',(4.8714500568025E-5,-0.999999998813449,0.));
#2145=DIRECTION('',(0.,0.,-1.));
#2146=DIRECTION('',(0.,0.,1.));
#2147=DIRECTION('',(1.,0.,0.));
#2148=DIRECTION('',(-0.999999998813449,-4.8714500568025E-5,0.));
#2149=DIRECTION('',(-4.8714500568025E-5,0.999999998813449,0.));
#2150=DIRECTION('',(-0.999999998813449,-4.8714500568025E-5,0.));
#2151=DIRECTION('',(-4.8714500568025E-5,0.999999998813449,0.));
#2152=DIRECTION('',(-0.999999998813449,-4.8714500568025E-5,0.));
#2153=DIRECTION('',(-0.999999998813449,-4.8714500568025E-5,0.));
#2154=DIRECTION('',(0.,0.,1.));
#2155=DIRECTION('',(0.999999998813449,4.8714500568025E-5,0.));
#2156=DIRECTION('',(0.,0.,-1.));
#2157=DIRECTION('',(0.,0.,1.));
#2158=DIRECTION('',(1.,0.,0.));
#2159=DIRECTION('',(4.8714500568025E-5,-0.999999998813449,0.));
#2160=DIRECTION('',(-0.999999998813449,-4.8714500568025E-5,0.));
#2161=DIRECTION('',(4.8714500568025E-5,-0.999999998813449,0.));
#2162=DIRECTION('',(-0.999999998813449,-4.8714500568025E-5,0.));
#2163=DIRECTION('',(4.8714500568025E-5,-0.999999998813449,0.));
#2164=DIRECTION('',(4.8714500568025E-5,-0.999999998813449,0.));
#2165=DIRECTION('',(0.,0.,1.));
#2166=DIRECTION('',(0.,0.,1.));
#2167=DIRECTION('',(1.,0.,0.));
#2168=DIRECTION('',(4.8714500568025E-5,-0.999999998813449,0.));
#2169=DIRECTION('',(0.999999998813449,4.8714500568025E-5,0.));
#2170=DIRECTION('',(-0.999999998813449,-4.8714500568025E-5,0.));
#2171=DIRECTION('',(4.8714500568025E-5,-0.999999998813449,0.));
#2172=DIRECTION('',(0.,0.,-1.));
#2173=DIRECTION('',(-4.8714500568025E-5,0.999999998813449,0.));
#2174=DIRECTION('',(-0.999999998813449,-4.8714500568025E-5,0.));
#2175=DIRECTION('',(-4.8714500568025E-5,0.999999998813449,0.));
#2176=DIRECTION('',(-0.999999998813449,-4.8714500568025E-5,0.));
#2177=DIRECTION('',(-0.999999998813449,-4.8714500568025E-5,0.));
#2178=DIRECTION('',(0.,0.,1.));
#2179=DIRECTION('',(0.999999998813449,4.8714500568025E-5,0.));
#2180=DIRECTION('',(0.,0.,-1.));
#2181=DIRECTION('',(-4.8714500568025E-5,0.999999998813449,0.));
#2182=DIRECTION('',(-0.999999998813449,-4.8714500568025E-5,0.));
#2183=DIRECTION('',(4.8714500568025E-5,-0.999999998813449,0.));
#2184=DIRECTION('',(0.999999998813449,4.8714500568025E-5,0.));
#2185=DIRECTION('',(4.8714500568025E-5,-0.999999998813449,0.));
#2186=DIRECTION('',(0.999999998813449,4.8714500568025E-5,0.));
#2187=DIRECTION('',(-4.87145005653721E-5,0.999999998813449,0.));
#2188=DIRECTION('',(-0.999999998813449,-4.87145005653721E-5,0.));
#2189=DIRECTION('',(-4.8714500568025E-5,0.999999998813449,0.));
#2190=DIRECTION('',(-0.999999998813449,-4.8714500568025E-5,0.));
#2191=DIRECTION('',(4.8714500568025E-5,-0.999999998813449,0.));
#2192=DIRECTION('',(0.999999998813449,4.8714500568025E-5,0.));
#2193=DIRECTION('',(4.8714500568025E-5,-0.999999998813449,0.));
#2194=DIRECTION('',(0.999999998813449,4.8714500568025E-5,0.));
#2195=DIRECTION('',(-4.87145005653721E-5,0.999999998813449,0.));
#2196=DIRECTION('',(-0.999999998813449,-4.87145005653721E-5,0.));
#2197=DIRECTION('',(-4.8714500568025E-5,0.999999998813449,0.));
#2198=DIRECTION('',(-0.999999998813449,-4.8714500568025E-5,0.));
#2199=DIRECTION('',(4.8714500568025E-5,-0.999999998813449,0.));
#2200=DIRECTION('',(0.999999998813449,4.8714500568025E-5,0.));
#2201=DIRECTION('',(4.8714500568025E-5,-0.999999998813449,0.));
#2202=DIRECTION('',(0.999999998813449,4.8714500568025E-5,0.));
#2203=DIRECTION('',(-4.87145005653721E-5,0.999999998813449,0.));
#2204=DIRECTION('',(-0.999999998813449,-4.87145005653721E-5,0.));
#2205=DIRECTION('',(-4.8714500568025E-5,0.999999998813449,0.));
#2206=DIRECTION('',(-0.999999998813449,-4.8714500568025E-5,0.));
#2207=DIRECTION('',(4.8714500568025E-5,-0.999999998813449,0.));
#2208=DIRECTION('',(0.999999998813449,4.8714500568025E-5,0.));
#2209=DIRECTION('',(4.8714500568025E-5,-0.999999998813449,0.));
#2210=DIRECTION('',(0.999999998813449,4.8714500568025E-5,0.));
#2211=DIRECTION('',(-4.87145005653721E-5,0.999999998813449,0.));
#2212=DIRECTION('',(-0.999999998813449,-4.87145005653721E-5,0.));
#2213=DIRECTION('',(0.,-1.,2.66880534765662E-16));
#2214=DIRECTION('',(0.,-2.66880534765662E-16,-1.));
#2215=DIRECTION('',(-1.,0.,0.));
#2216=DIRECTION('',(0.,-2.66880534765662E-16,-1.));
#2217=DIRECTION('',(-1.,0.,0.));
#2218=DIRECTION('',(0.,0.,-1.));
#2219=DIRECTION('',(-1.,0.,0.));
#2220=DIRECTION('',(0.,-1.,0.));
#2221=DIRECTION('',(-1.,0.,0.));
#2222=DIRECTION('',(0.,-1.,2.66880534765662E-16));
#2223=DIRECTION('',(0.,-2.66880534765662E-16,-1.));
#2224=DIRECTION('',(0.,2.66880534765662E-16,1.));
#2225=DIRECTION('',(-1.,0.,0.));
#2226=DIRECTION('',(0.,0.,-1.));
#2227=DIRECTION('',(-1.,0.,0.));
#2228=DIRECTION('',(0.,1.,0.));
#2229=DIRECTION('',(0.438684858383715,-0.898640971147466,1.35555964271661E-16));
#2230=DIRECTION('',(0.898640971147466,0.438684858383715,0.));
#2231=DIRECTION('',(-0.898640971147466,-0.438684858383715,0.));
#2232=DIRECTION('',(-5.94663489895816E-17,1.21816143377917E-16,1.));
#2233=DIRECTION('',(-0.898640971147466,-0.438684858383715,0.));
#2234=DIRECTION('',(0.,0.,-1.));
#2235=DIRECTION('',(-1.,0.,0.));
#2236=DIRECTION('',(-0.898640971147466,-0.438684858383715,0.));
#2237=DIRECTION('',(0.438684858383715,-0.898640971147466,0.));
#2238=DIRECTION('',(0.438684858383715,-0.898640971147466,1.4826433592213E-16));
#2239=DIRECTION('',(0.898640971147466,0.438684858383715,0.));
#2240=DIRECTION('',(-0.898640971147466,-0.438684858383715,0.));
#2241=DIRECTION('',(-6.50413192073549E-17,1.33236406819597E-16,1.));
#2242=DIRECTION('',(0.,0.,-1.));
#2243=DIRECTION('',(-1.,0.,0.));
#2244=DIRECTION('',(0.438684858383715,-0.898640971147466,0.));
#2245=DIRECTION('',(-0.898640971147466,-0.438684858383715,0.));
#2246=DIRECTION('',(0.438684858383715,-0.898640971147466,0.));
#2247=DIRECTION('',(0.,1.,0.));
#2248=DIRECTION('',(0.,0.,1.));
#2249=DIRECTION('',(0.,-1.,0.));
#2250=DIRECTION('',(0.,0.,-1.));
#2251=DIRECTION('',(0.,-1.,0.));
#2252=DIRECTION('',(0.,0.,-1.));
#2253=DIRECTION('',(0.,-1.,-5.20417042793042E-16));
#2254=DIRECTION('',(0.,5.20417042793042E-16,-1.));
#2255=DIRECTION('',(0.,0.,-1.));
#2256=DIRECTION('',(-1.,0.,0.));
#2257=DIRECTION('',(0.,0.,1.));
#2258=DIRECTION('',(1.,0.,0.));
#2259=DIRECTION('',(0.,0.,-1.));
#2260=DIRECTION('',(-1.,0.,0.));
#2261=DIRECTION('',(0.,0.,1.));
#2262=DIRECTION('',(1.,0.,0.));
#2263=DIRECTION('',(-0.999999998813449,-4.87145005681477E-5,4.22530938780257E-21));
#2264=DIRECTION('',(4.87145005681477E-5,-0.999999998813449,0.));
#2265=DIRECTION('',(1.38777878078145E-15,5.20417042793042E-16,-1.));
#2266=DIRECTION('',(-1.,0.,-1.38777878078145E-15));
#2267=DIRECTION('',(-0.999999998813449,-4.87145005667599E-5,0.));
#2268=DIRECTION('',(4.87145005667599E-5,-0.999999998813449,0.));
#2269=DIRECTION('',(-0.999999998813449,-4.87145005680251E-5,0.));
#2270=DIRECTION('',(4.87145005680251E-5,-0.999999998813449,0.));
#2271=DIRECTION('',(-0.529750585318557,-0.848153475117945,0.));
#2272=DIRECTION('',(0.848153475117945,-0.529750585318558,0.));
#2273=DIRECTION('',(0.999999998813449,4.87145005680251E-5,0.));
#2274=DIRECTION('',(-4.87145005680251E-5,0.999999998813449,0.));
#2275=DIRECTION('',(0.529750585318557,0.848153475117945,0.));
#2276=DIRECTION('',(-0.848153475117945,0.529750585318558,0.));
#2277=DIRECTION('',(0.438684858383715,-0.898640971147466,0.));
#2278=DIRECTION('',(0.898640971147466,0.438684858383715,0.));
#2279=DIRECTION('',(0.310197038166984,-0.635435124550438,0.707106781186548));
#2280=DIRECTION('',(0.310197038166984,-0.635435124550438,-0.707106781186548));
#2281=DIRECTION('',(-0.438684858383715,0.898640971147466,0.));
#2282=DIRECTION('',(-0.898640971147466,-0.438684858383715,0.));
#2283=DIRECTION('',(-0.310197038166984,0.635435124550438,0.707106781186548));
#2284=DIRECTION('',(-0.310197038166984,0.635435124550438,-0.707106781186548));
#2285=DIRECTION('',(0.,0.,-1.));
#2286=DIRECTION('',(-1.,0.,0.));
#2287=DIRECTION('',(0.707106781186548,0.707106781186547,-1.88713035899492E-16));
#2288=DIRECTION('',(0.,2.66880534765662E-16,1.));
#2289=DIRECTION('',(0.577350269189626,-0.577350269189626,-0.577350269189626));
#2290=DIRECTION('',(-0.577350269189626,0.577350269189626,-0.577350269189626));
#2291=DIRECTION('',(-0.707106781186548,0.,0.707106781186548));
#2292=DIRECTION('',(0.,1.,0.));
#2293=DIRECTION('',(0.577350269189626,0.577350269189626,0.577350269189626));
#2294=DIRECTION('',(0.707106781186548,0.,0.707106781186548));
#2295=DIRECTION('',(0.,-1.,0.));
#2296=DIRECTION('',(0.577350269189626,0.577350269189626,-0.577350269189626));
#2297=DIRECTION('',(-0.707106781186547,0.707106781186548,-1.88713035899492E-16));
#2298=DIRECTION('',(0.,-2.66880534765662E-16,-1.));
#2299=DIRECTION('',(-4.87145005653721E-5,0.999999998813449,0.));
#2300=DIRECTION('',(-0.999999998813449,-4.87145005653721E-5,0.));
#2301=DIRECTION('',(-4.87145005653721E-5,0.999999998813449,0.));
#2302=DIRECTION('',(-0.999999998813449,-4.87145005653721E-5,0.));
#2303=DIRECTION('',(-4.87145005653721E-5,0.999999998813449,0.));
#2304=DIRECTION('',(-0.999999998813449,-4.87145005653721E-5,0.));
#2305=DIRECTION('',(-4.87145005653721E-5,0.999999998813449,0.));
#2306=DIRECTION('',(-0.999999998813449,-4.87145005653721E-5,0.));
#2307=DIRECTION('',(0.707141226701221,-0.707072333993837,0.));
#2308=DIRECTION('',(0.,0.,-1.));
#2309=DIRECTION('',(0.577322143174555,0.577378393834585,0.577350269189625));
#2310=DIRECTION('',(-0.577322143174556,-0.577378393834585,0.577350269189625));
#2311=DIRECTION('',(-3.44463536937664E-5,0.707106780347529,0.707106781186548));
#2312=DIRECTION('',(-0.999999998813449,-4.8714500568025E-5,0.));
#2313=DIRECTION('',(-0.577378393834587,0.577322143174554,-0.577350269189625));
#2314=DIRECTION('',(3.44463536939027E-5,-0.70710678034753,0.707106781186547));
#2315=DIRECTION('',(0.999999998813449,4.8714500568025E-5,-1.92747052886312E-16));
#2316=DIRECTION('',(-0.577378393834587,0.577322143174553,0.577350269189626));
#2317=DIRECTION('',(0.707072333993835,0.707141226701223,0.));
#2318=DIRECTION('',(0.,0.,1.));
#2319=DIRECTION('',(-0.707072333993837,-0.707141226701221,0.));
#2320=DIRECTION('',(0.,0.,1.));
#2321=DIRECTION('',(-0.577378393834584,0.577322143174555,-0.577350269189627));
#2322=DIRECTION('',(0.577378393834584,-0.577322143174555,-0.577350269189627));
#2323=DIRECTION('',(-3.44463536937664E-5,0.707106780347529,-0.707106781186547));
#2324=DIRECTION('',(0.999999998813449,4.8714500568025E-5,0.));
#2325=DIRECTION('',(0.577322143174552,0.577378393834587,0.577350269189627));
#2326=DIRECTION('',(3.44463536937664E-5,-0.707106780347529,-0.707106781186547));
#2327=DIRECTION('',(-0.999999998813449,-4.8714500568025E-5,0.));
#2328=DIRECTION('',(0.577322143174552,0.577378393834587,-0.577350269189627));
#2329=DIRECTION('',(-0.707141226701225,0.707072333993833,0.));
#2330=DIRECTION('',(0.,0.,-1.));
#2331=DIRECTION('',(0.707072333993839,0.70714122670122,0.));
#2332=DIRECTION('',(0.,0.,1.));
#2333=DIRECTION('',(0.577378393834583,-0.577322143174555,-0.577350269189627));
#2334=DIRECTION('',(-0.577378393834583,0.577322143174555,-0.577350269189627));
#2335=DIRECTION('',(3.44463536937664E-5,-0.707106780347529,-0.707106781186548));
#2336=DIRECTION('',(-0.999999998813449,-4.8714500568025E-5,0.));
#2337=DIRECTION('',(-0.577322143174555,-0.577378393834586,0.577350269189625));
#2338=DIRECTION('',(-3.44463536937664E-5,0.707106780347529,-0.707106781186548));
#2339=DIRECTION('',(0.999999998813449,4.8714500568025E-5,0.));
#2340=DIRECTION('',(-0.577322143174555,-0.577378393834586,-0.577350269189625));
#2341=DIRECTION('',(0.707141226701222,-0.707072333993836,0.));
#2342=DIRECTION('',(0.,0.,-1.));
#2343=DIRECTION('',(-0.707072333993839,-0.70714122670122,0.));
#2344=DIRECTION('',(0.,0.,1.));
#2345=DIRECTION('',(-0.577378393834583,0.577322143174555,-0.577350269189628));
#2346=DIRECTION('',(0.577378393834583,-0.577322143174555,-0.577350269189628));
#2347=DIRECTION('',(-3.44463536937664E-5,0.707106780347529,-0.707106781186547));
#2348=DIRECTION('',(0.999999998813449,4.8714500568025E-5,0.));
#2349=DIRECTION('',(0.577322143174554,0.577378393834586,0.577350269189626));
#2350=DIRECTION('',(3.44463536937664E-5,-0.707106780347529,-0.707106781186547));
#2351=DIRECTION('',(-0.999999998813449,-4.8714500568025E-5,0.));
#2352=DIRECTION('',(0.577322143174554,0.577378393834586,-0.577350269189626));
#2353=DIRECTION('',(-0.707141226701222,0.707072333993836,0.));
#2354=DIRECTION('',(0.,0.,-1.));
#2355=DIRECTION('',(-0.999096490660126,-0.0424994394153799,5.18610541352036E-15));
#2356=DIRECTION('',(-0.0424994394153799,0.999096490660126,3.86544019277058E-17));
#2357=CARTESIAN_POINT('',(0.,0.,0.));
#2358=CARTESIAN_POINT('',(0.00253089739714807,-0.0033982153981924,0.002));
#2359=CARTESIAN_POINT('',(0.0179808973971481,0.0277017846018076,0.002));
#2360=CARTESIAN_POINT('',(0.0249808973971481,0.0277017846018076,0.002));
#2361=CARTESIAN_POINT('',(0.00253089739714807,0.0486017846018076,0.002));
#2362=CARTESIAN_POINT('',(-0.0351191026028519,0.0486017846018076,0.002));
#2363=CARTESIAN_POINT('',(0.040180897397148,0.0486017846018076,0.002));
#2364=CARTESIAN_POINT('',(-0.0351191026028519,-0.00339821539819241,0.002));
#2365=CARTESIAN_POINT('',(-0.0351191026028519,-0.0553982153981924,0.002));
#2366=CARTESIAN_POINT('',(0.00253089739714807,-0.0553982153981924,0.002));
#2367=CARTESIAN_POINT('',(0.040180897397148,-0.0553982153981924,0.002));
#2368=CARTESIAN_POINT('',(0.040180897397148,-0.00339821539819242,0.002));
#2369=CARTESIAN_POINT('',(-0.0262091026028519,-0.023911716730502,0.002));
#2370=CARTESIAN_POINT('',(-0.0262091026028519,0.00247828326949794,0.002));
#2371=CARTESIAN_POINT('',(-0.0262091026028519,-0.0503017167305021,0.002));
#2372=CARTESIAN_POINT('',(0.000180897397148088,0.00247828326949794,0.002));
#2373=CARTESIAN_POINT('',(0.0265708973971481,0.00247828326949794,0.002));
#2374=CARTESIAN_POINT('',(0.0265708973971481,-0.023911716730502,0.002));
#2375=CARTESIAN_POINT('',(0.0265708973971481,-0.0503017167305021,0.002));
#2376=CARTESIAN_POINT('',(0.000180897397148088,-0.0503017167305021,0.002));
#2377=CARTESIAN_POINT('',(0.000180897397148088,-0.000998215398192401,0.));
#2378=CARTESIAN_POINT('',(0.0235708973971481,-0.000998215398192399,0.));
#2379=CARTESIAN_POINT('',(0.0235708973971481,-0.0009982153981924,0.));
#2380=CARTESIAN_POINT('',(0.0235708973971481,-0.000998215398192399,0.0005));
#2381=CARTESIAN_POINT('',(0.000180897397148088,-0.000998215398192401,0.0005));
#2382=CARTESIAN_POINT('',(-0.0232091026028519,-0.000998215398192403,0.0005));
#2383=CARTESIAN_POINT('',(-0.0232091026028519,-0.000998215398192401,0.));
#2384=CARTESIAN_POINT('',(-0.0232091026028519,-0.000998215398192401,0.));
#2385=CARTESIAN_POINT('',(0.000180897397148088,-0.000998215398192401,0.));
#2386=CARTESIAN_POINT('',(-0.0232091026028519,-0.0243882153981924,0.));
#2387=CARTESIAN_POINT('',(-0.0232091026028519,-0.0243882153981924,0.0005));
#2388=CARTESIAN_POINT('',(-0.0232091026028519,-0.0477782153981924,0.0005));
#2389=CARTESIAN_POINT('',(-0.0232091026028519,-0.0477782153981924,0.));
#2390=CARTESIAN_POINT('',(-0.0232091026028519,-0.0477782153981924,0.));
#2391=CARTESIAN_POINT('',(-0.0232091026028519,-0.0243882153981924,0.));
#2392=CARTESIAN_POINT('',(0.000180897397148091,-0.0477782153981924,0.));
#2393=CARTESIAN_POINT('',(0.000180897397148091,-0.0477782153981924,0.0005));
#2394=CARTESIAN_POINT('',(0.0235708973971481,-0.0477782153981924,0.0005));
#2395=CARTESIAN_POINT('',(0.0235708973971481,-0.0477782153981924,0.));
#2396=CARTESIAN_POINT('',(0.0235708973971481,-0.0477782153981924,0.));
#2397=CARTESIAN_POINT('',(0.000180897397148091,-0.0477782153981924,0.));
#2398=CARTESIAN_POINT('',(0.0235708973971481,-0.0243882153981924,0.));
#2399=CARTESIAN_POINT('',(0.0235708973971481,-0.0243882153981924,0.0005));
#2400=CARTESIAN_POINT('',(0.0235708973971481,-0.0243882153981924,0.));
#2401=CARTESIAN_POINT('',(0.00253089739714807,-0.0033982153981924,0.));
#2402=CARTESIAN_POINT('',(0.0179808973971481,0.0277017846018076,0.));
#2403=CARTESIAN_POINT('',(0.0229808973971481,0.0277017846018076,0.));
#2404=CARTESIAN_POINT('',(0.00253089739714807,0.0486017846018076,0.));
#2405=CARTESIAN_POINT('',(-0.0351191026028519,0.0486017846018076,0.));
#2406=CARTESIAN_POINT('',(0.040180897397148,0.0486017846018076,0.));
#2407=CARTESIAN_POINT('',(0.040180897397148,-0.00339821539819242,0.));
#2408=CARTESIAN_POINT('',(0.040180897397148,-0.0553982153981924,0.));
#2409=CARTESIAN_POINT('',(0.00253089739714807,-0.0553982153981924,0.));
#2410=CARTESIAN_POINT('',(-0.0351191026028519,-0.0553982153981924,0.));
#2411=CARTESIAN_POINT('',(-0.0351191026028519,-0.00339821539819241,0.));
#2412=CARTESIAN_POINT('',(0.00253089739714807,0.0486017846018076,0.002));
#2413=CARTESIAN_POINT('',(-0.0351191026028519,0.0486017846018076,0.002));
#2414=CARTESIAN_POINT('',(0.040180897397148,0.0486017846018076,0.002));
#2415=CARTESIAN_POINT('',(-0.0351191026028519,-0.00339821539819241,0.002));
#2416=CARTESIAN_POINT('',(-0.0351191026028519,-0.0553982153981924,0.002));
#2417=CARTESIAN_POINT('',(0.00253089739714807,-0.0553982153981924,0.002));
#2418=CARTESIAN_POINT('',(0.040180897397148,-0.0553982153981924,0.002));
#2419=CARTESIAN_POINT('',(0.040180897397148,-0.00339821539819242,0.002));
#2420=CARTESIAN_POINT('',(0.000180897397148088,0.00247828326949794,0.0005));
#2421=CARTESIAN_POINT('',(-0.0262091026028519,0.00247828326949794,0.0005));
#2422=CARTESIAN_POINT('',(-0.0262091026028519,0.00247828326949794,0.0005));
#2423=CARTESIAN_POINT('',(0.000180897397148088,0.00247828326949794,0.0005));
#2424=CARTESIAN_POINT('',(0.0265708973971481,0.00247828326949794,0.0005));
#2425=CARTESIAN_POINT('',(0.0265708973971481,0.00247828326949794,0.0005));
#2426=CARTESIAN_POINT('',(-0.0262091026028519,-0.023911716730502,0.0005));
#2427=CARTESIAN_POINT('',(-0.0262091026028519,-0.0503017167305021,0.0005));
#2428=CARTESIAN_POINT('',(-0.0262091026028519,-0.0503017167305021,0.0005));
#2429=CARTESIAN_POINT('',(-0.0262091026028519,-0.023911716730502,0.0005));
#2430=CARTESIAN_POINT('',(0.000180897397148088,-0.0503017167305021,0.0005));
#2431=CARTESIAN_POINT('',(0.0265708973971481,-0.0503017167305021,0.0005));
#2432=CARTESIAN_POINT('',(0.0265708973971481,-0.0503017167305021,0.0005));
#2433=CARTESIAN_POINT('',(0.000180897397148088,-0.0503017167305021,0.0005));
#2434=CARTESIAN_POINT('',(0.0265708973971481,-0.023911716730502,0.0005));
#2435=CARTESIAN_POINT('',(0.0265708973971481,-0.023911716730502,0.0005));
#2436=CARTESIAN_POINT('',(0.00253089739714807,-0.00339821539819241,0.0005));
#2437=CARTESIAN_POINT('',(0.0179808973971481,0.0277017846018076,0.));
#2438=CARTESIAN_POINT('',(-0.177426442139256,0.0588248802863988,-0.0731470782744637));
#2439=CARTESIAN_POINT('',(0.0611423161475164,0.0119273864378333,0.0753));
#2440=CARTESIAN_POINT('',(0.0611423161475164,0.0119273864378333,0.0729));
#2441=CARTESIAN_POINT('',(0.0503888385666214,0.0339557636471862,0.0729));
#2442=CARTESIAN_POINT('',(0.0697068508300937,-0.00561696599989164,0.0729));
#2443=CARTESIAN_POINT('',(0.0503888385666214,0.0339557636471862,0.0729));
#2444=CARTESIAN_POINT('',(0.0503888385666214,0.0339557636471862,0.0024));
#2445=CARTESIAN_POINT('',(0.0611423161475164,0.0119273864378333,0.0024));
#2446=CARTESIAN_POINT('',(0.0697068508300937,-0.00561696599989164,0.0024));
#2447=CARTESIAN_POINT('',(0.0697068508300937,-0.00561696599989164,0.0753));
#2448=CARTESIAN_POINT('',(0.0544888321656371,0.0255569731279676,0.038140445497319));
#2449=CARTESIAN_POINT('',(0.0544888321656371,0.0255569731279676,0.00364044549731902));
#2450=CARTESIAN_POINT('',(0.0544888321656371,0.0255569731279676,0.072640445497319));
#2451=CARTESIAN_POINT('',(0.0606304201830091,0.0129759995319031,0.072640445497319));
#2452=CARTESIAN_POINT('',(0.0667720082003811,0.000395025935838572,0.072640445497319));
#2453=CARTESIAN_POINT('',(0.0667720082003811,0.000395025935838568,0.038140445497319));
#2454=CARTESIAN_POINT('',(0.0667720082003811,0.000395025935838564,0.00364044549731902));
#2455=CARTESIAN_POINT('',(0.0606304201830091,0.0129759995319031,0.00364044549731902));
#2456=CARTESIAN_POINT('',(0.0558801630601935,0.0227068475255518,0.0387348202072382));
#2457=CARTESIAN_POINT('',(0.0580369013909474,0.0237596911856727,0.0387348202072382));
#2458=CARTESIAN_POINT('',(0.0580369013909474,0.0237596911856727,0.0703));
#2459=CARTESIAN_POINT('',(0.0580369013909474,0.0237596911856727,0.00623482020723817));
#2460=CARTESIAN_POINT('',(0.0535436965352101,0.0215662668937541,0.0703));
#2461=CARTESIAN_POINT('',(0.0579576716223298,0.0237210140043046,0.0712348202072382));
#2462=CARTESIAN_POINT('',(0.0558801630601935,0.0227068475255518,0.0712348202072382));
#2463=CARTESIAN_POINT('',(0.0572281245169147,0.0233648748131274,0.0712348202072382));
#2464=CARTESIAN_POINT('',(0.0572281245169147,0.0233648748131274,0.0387348202072382));
#2465=CARTESIAN_POINT('',(0.0572281245169147,0.0233648748131274,0.00623482020723817));
#2466=CARTESIAN_POINT('',(0.0558801630601935,0.0227068475255518,0.00623482020723817));
#2467=CARTESIAN_POINT('',(0.0611443813607981,0.0119231558717822,0.0712348202072382));
#2468=CARTESIAN_POINT('',(0.0579576716223298,0.0237210140043046,0.0712348202072382));
#2469=CARTESIAN_POINT('',(0.0684861082235389,0.00215363069676548,0.0712348202072382));
#2470=CARTESIAN_POINT('',(0.0664085996614026,0.00113946421801259,0.0712348202072382));
#2471=CARTESIAN_POINT('',(0.0677565611181238,0.00179749150558816,0.0712348202072382));
#2472=CARTESIAN_POINT('',(0.0624923428175193,0.0125811831593577,0.0712348202072382));
#2473=CARTESIAN_POINT('',(0.0664085996614026,0.0011394642180126,0.0387348202072382));
#2474=CARTESIAN_POINT('',(0.0640721331364192,-1.11641378506937E-6,0.0703));
#2475=CARTESIAN_POINT('',(0.0685653379921566,0.00219230787813351,0.0703));
#2476=CARTESIAN_POINT('',(0.0685653379921566,0.00219230787813352,0.0387348202072382));
#2477=CARTESIAN_POINT('',(0.0685653379921565,0.00219230787813353,0.00623482020723817));
#2478=CARTESIAN_POINT('',(0.0664085996614026,0.00113946421801261,0.00623482020723817));
#2479=CARTESIAN_POINT('',(0.0677565611181238,0.00179749150558817,0.00623482020723817));
#2480=CARTESIAN_POINT('',(0.0677565611181238,0.00179749150558817,0.0387348202072382));
#2481=CARTESIAN_POINT('',(0.0611443813607981,0.0119231558717822,0.00623482020723817));
#2482=CARTESIAN_POINT('',(0.0624923428175193,0.0125811831593578,0.00623482020723817));
#2483=CARTESIAN_POINT('',(0.063301119691552,0.0129759995319031,0.00623482020723817));
#2484=CARTESIAN_POINT('',(0.0632990544782704,0.0129802300979542,0.0753));
#2485=CARTESIAN_POINT('',(0.0632990544782704,0.0129802300979542,0.0703));
#2486=CARTESIAN_POINT('',(0.0735490544054162,-0.00801677883171089,0.0703));
#2487=CARTESIAN_POINT('',(0.0735490544054162,-0.00801677883171089,0.0753));
#2488=CARTESIAN_POINT('',(0.0735490544054162,-0.00801677883171089,0.005));
#2489=CARTESIAN_POINT('',(0.0530490545511246,0.0339772390276194,0.005));
#2490=CARTESIAN_POINT('',(0.054419125921753,0.0311706633195379,0.005));
#2491=CARTESIAN_POINT('',(0.054419125921753,0.0311706633195379,0.0753));
#2492=CARTESIAN_POINT('',(0.054419125921753,0.0311706633195379,0.0703));
#2493=CARTESIAN_POINT('',(0.0632990544782704,0.0129802300979542,0.0703));
#2494=CARTESIAN_POINT('',(-0.0492509454488754,0.0129772390276194,0.0753));
#2495=CARTESIAN_POINT('',(-0.0492509454488754,0.0129772390276194,0.04552));
#2496=CARTESIAN_POINT('',(-0.0492509454488754,0.0284772390276194,0.04552));
#2497=CARTESIAN_POINT('',(-0.0492509454488754,0.0194772390276193,0.04552));
#2498=CARTESIAN_POINT('',(-0.0492509454488754,0.0194772390276193,0.03152));
#2499=CARTESIAN_POINT('',(-0.0492509454488754,0.0194772390276193,0.03052));
#2500=CARTESIAN_POINT('',(-0.0492509454488754,0.0274772390276194,0.03052));
#2501=CARTESIAN_POINT('',(-0.0492509454488754,0.0284772390276194,0.03052));
#2502=CARTESIAN_POINT('',(-0.0492509454488754,0.0284772390276194,0.0753));
#2503=CARTESIAN_POINT('',(-0.0492509454488754,0.0339772390276194,0.0753));
#2504=CARTESIAN_POINT('',(-0.0492509454488754,0.0339772390276194,0.0703));
#2505=CARTESIAN_POINT('',(-0.0492509454488754,0.0339772390276194,0.005));
#2506=CARTESIAN_POINT('',(-0.0492509454488754,-0.00802276097238064,0.005));
#2507=CARTESIAN_POINT('',(-0.0492509454488754,-0.00302251739394475,0.005));
#2508=CARTESIAN_POINT('',(-0.0492509454488754,-0.00302251739394475,0.0753));
#2509=CARTESIAN_POINT('',(-0.0492509454488754,-0.00302251739394475,0.0703));
#2510=CARTESIAN_POINT('',(-0.0492509454488754,0.0129772390276194,0.0703));
#2511=CARTESIAN_POINT('',(-0.0468509454488754,0.0129772390276194,0.0753));
#2512=CARTESIAN_POINT('',(-0.0468509454488754,0.0129772390276194,0.0024));
#2513=CARTESIAN_POINT('',(-0.0468509454488754,-0.00562264405473141,0.0024));
#2514=CARTESIAN_POINT('',(-0.0468509454488754,0.0339772390276194,0.0024));
#2515=CARTESIAN_POINT('',(-0.0468509454488754,0.0339772390276194,0.0753));
#2516=CARTESIAN_POINT('',(-0.0468509454488754,0.0339772390276194,0.0729));
#2517=CARTESIAN_POINT('',(-0.0468509454488754,0.0129772390276194,0.0729));
#2518=CARTESIAN_POINT('',(-0.0468509454488754,-0.00562264405473141,0.0729));
#2519=CARTESIAN_POINT('',(-0.0468509454488754,-0.00562264405473141,0.0753));
#2520=CARTESIAN_POINT('',(-0.0468509454488754,0.0274772390276194,0.03802));
#2521=CARTESIAN_POINT('',(-0.0468509454488754,0.0274772390276194,0.03152));
#2522=CARTESIAN_POINT('',(-0.0468509454488754,0.0274772390276194,0.04452));
#2523=CARTESIAN_POINT('',(-0.0468509454488754,0.0239772390276194,0.03152));
#2524=CARTESIAN_POINT('',(-0.0468509454488754,0.0204772390276193,0.03152));
#2525=CARTESIAN_POINT('',(-0.0468509454488754,0.0204772390276193,0.03802));
#2526=CARTESIAN_POINT('',(-0.0468509454488754,0.0204772390276193,0.04452));
#2527=CARTESIAN_POINT('',(-0.0468509454488754,0.0239772390276194,0.04452));
#2528=CARTESIAN_POINT('',(0.00189905455112458,0.0339772390276194,0.0753));
#2529=CARTESIAN_POINT('',(0.00189905455112458,0.0339772390276194,0.));
#2530=CARTESIAN_POINT('',(-0.0442509454488755,0.0339772390276194,0.));
#2531=CARTESIAN_POINT('',(0.0474850972416603,0.0339772390276194,0.));
#2532=CARTESIAN_POINT('',(-0.0442509454488755,0.0339772390276194,0.005));
#2533=CARTESIAN_POINT('',(-0.0442509454488755,0.0339772390276194,0.0703));
#2534=CARTESIAN_POINT('',(-0.0442509454488755,0.0339772390276194,0.0753));
#2535=CARTESIAN_POINT('',(0.00189905455112458,0.0339772390276194,0.0753));
#2536=CARTESIAN_POINT('',(0.0474850972416603,0.0339772390276194,0.0753));
#2537=CARTESIAN_POINT('',(0.0474850972416603,0.0339772390276194,0.0703));
#2538=CARTESIAN_POINT('',(0.0499259210660157,0.0339772390276194,0.0747932048557373));
#2539=CARTESIAN_POINT('',(0.0499259210660157,0.0339772390276194,0.0753));
#2540=CARTESIAN_POINT('',(0.0499259210660157,0.0339772390276194,0.0729));
#2541=CARTESIAN_POINT('',(0.00189905455112458,0.0339772390276194,0.0729));
#2542=CARTESIAN_POINT('',(0.00189905455112458,0.0339772390276194,0.0024));
#2543=CARTESIAN_POINT('',(0.0499259210660157,0.0339772390276194,0.0024));
#2544=CARTESIAN_POINT('',(0.0499259210660157,0.0339772390276194,0.0753));
#2545=CARTESIAN_POINT('',(0.0499259210660157,0.0339772390276194,0.000506795144262662));
#2546=CARTESIAN_POINT('',(0.0474850972416603,0.0339772390276194,0.005));
#2547=CARTESIAN_POINT('',(0.0121490544782703,-0.00801976990204576,0.0753));
#2548=CARTESIAN_POINT('',(0.0121490544782703,-0.00801976990204576,0.0703));
#2549=CARTESIAN_POINT('',(-0.0442507018763726,-0.008022517388012,0.0703));
#2550=CARTESIAN_POINT('',(-0.0442507018763726,-0.008022517388012,0.0753));
#2551=CARTESIAN_POINT('',(-0.0442507018763726,-0.008022517388012,0.005));
#2552=CARTESIAN_POINT('',(0.0735490544054162,-0.00801677883171088,0.005));
#2553=CARTESIAN_POINT('',(0.0121490544782703,0.0129772390276194,0.0753));
#2554=CARTESIAN_POINT('',(-0.0442509454488755,0.0129772390276194,0.0753));
#2555=CARTESIAN_POINT('',(-0.0442509454488755,-0.00302251739394475,0.0753));
#2556=CARTESIAN_POINT('',(0.0121498337645697,-0.00301976985815046,0.0753));
#2557=CARTESIAN_POINT('',(0.0655444636234943,-0.00301716876542079,0.0753));
#2558=CARTESIAN_POINT('',(0.0489634974483619,0.0309487529239736,0.0753));
#2559=CARTESIAN_POINT('',(0.0121490544782703,0.0129772390276194,0.));
#2560=CARTESIAN_POINT('',(-0.0492511890213784,-0.00302276097831339,0.));
#2561=CARTESIAN_POINT('',(0.0655444636234943,-0.00301716876542078,0.));
#2562=CARTESIAN_POINT('',(-0.0442509454488755,-0.00302251739394475,0.));
#2563=CARTESIAN_POINT('',(-0.0442509454488755,0.0339772390276194,0.));
#2564=CARTESIAN_POINT('',(0.0690558495496788,-0.0102102031236295,0.));
#2565=CARTESIAN_POINT('',(0.012148937563469,-0.00561976990489348,0.0753));
#2566=CARTESIAN_POINT('',(-0.0350943792544964,-0.00562207133948018,0.0113));
#2567=CARTESIAN_POINT('',(-0.0350943792544964,-0.00562207133948018,0.0158));
#2568=CARTESIAN_POINT('',(-0.0350943792544964,-0.00562207133948018,0.0068));
#2569=CARTESIAN_POINT('',(-0.039594379249157,-0.00562229055473273,0.0158));
#2570=CARTESIAN_POINT('',(-0.0440943792438174,-0.00562250976998529,0.0158));
#2571=CARTESIAN_POINT('',(-0.0440943792438174,-0.00562250976998529,0.0113));
#2572=CARTESIAN_POINT('',(-0.0440943792438174,-0.00562250976998529,0.0068));
#2573=CARTESIAN_POINT('',(-0.039594379249157,-0.00562229055473273,0.0068));
#2574=CARTESIAN_POINT('',(0.0447730658252277,-0.00561818063677686,0.0595));
#2575=CARTESIAN_POINT('',(0.0492764426071681,-0.0056179612570258,0.0595));
#2576=CARTESIAN_POINT('',(0.0402696890432872,-0.00561840001652792,0.0595));
#2577=CARTESIAN_POINT('',(0.0492764426071681,-0.0056179612570258,0.064));
#2578=CARTESIAN_POINT('',(0.0492764426071681,-0.0056179612570258,0.0685));
#2579=CARTESIAN_POINT('',(0.0447730658252277,-0.00561818063677686,0.0685));
#2580=CARTESIAN_POINT('',(0.0402696890432872,-0.00561840001652792,0.0685));
#2581=CARTESIAN_POINT('',(0.0402696890432872,-0.00561840001652792,0.064));
#2582=CARTESIAN_POINT('',(0.0454056206499862,-0.00561814982218445,0.0158));
#2583=CARTESIAN_POINT('',(0.0409056206553257,-0.00561836903743701,0.0158));
#2584=CARTESIAN_POINT('',(0.0499056206446467,-0.0056179306069319,0.0158));
#2585=CARTESIAN_POINT('',(0.0409056206553257,-0.00561836903743701,0.0113));
#2586=CARTESIAN_POINT('',(0.0409056206553257,-0.00561836903743701,0.0068));
#2587=CARTESIAN_POINT('',(0.0454056206499862,-0.00561814982218445,0.0068));
#2588=CARTESIAN_POINT('',(0.0499056206446467,-0.0056179306069319,0.0068));
#2589=CARTESIAN_POINT('',(0.0499056206446467,-0.0056179306069319,0.0113));
#2590=CARTESIAN_POINT('',(-0.0402269340739155,-0.00562232136932514,0.0595));
#2591=CARTESIAN_POINT('',(-0.035726934079255,-0.00562210215407259,0.0595));
#2592=CARTESIAN_POINT('',(-0.044726934068576,-0.0056225405845777,0.0595));
#2593=CARTESIAN_POINT('',(-0.035726934079255,-0.00562210215407259,0.064));
#2594=CARTESIAN_POINT('',(-0.035726934079255,-0.00562210215407259,0.0685));
#2595=CARTESIAN_POINT('',(-0.0402269340739155,-0.00562232136932514,0.0685));
#2596=CARTESIAN_POINT('',(-0.0447269340685761,-0.0056225405845777,0.0685));
#2597=CARTESIAN_POINT('',(-0.044726934068576,-0.0056225405845777,0.064));
#2598=CARTESIAN_POINT('',(0.012148937563469,-0.00561976990489348,0.0024));
#2599=CARTESIAN_POINT('',(0.012148937563469,-0.00561976990489348,0.0729));
#2600=CARTESIAN_POINT('',(0.0121490544782703,0.0129772390276194,0.0729));
#2601=CARTESIAN_POINT('',(0.0499259210660157,0.0289772390276193,0.0729));
#2602=CARTESIAN_POINT('',(0.0121490544782703,0.0129772390276194,0.0024));
#2603=CARTESIAN_POINT('',(0.0499259210660157,0.0289772390276193,0.0024));
#2604=CARTESIAN_POINT('',(-0.0357283370568713,0.0231778978117547,0.064));
#2605=CARTESIAN_POINT('',(-0.0357283370568713,0.0231778978117547,0.0595));
#2606=CARTESIAN_POINT('',(-0.0357282883423708,0.0221778978129413,0.0595));
#2607=CARTESIAN_POINT('',(-0.0357282883423708,0.0221778978129413,0.064));
#2608=CARTESIAN_POINT('',(-0.0357282883423708,0.0221778978129413,0.0685));
#2609=CARTESIAN_POINT('',(-0.0357283370568713,0.0231778978117547,0.0685));
#2610=CARTESIAN_POINT('',(-0.0402283370515319,0.0231776785965022,0.0595));
#2611=CARTESIAN_POINT('',(-0.0447283370461924,0.0231774593812497,0.0595));
#2612=CARTESIAN_POINT('',(-0.0447282883316918,0.0221774593824362,0.0595));
#2613=CARTESIAN_POINT('',(-0.0357282883423708,0.0221778978129413,0.0595));
#2614=CARTESIAN_POINT('',(-0.0447283370461924,0.0231774593812497,0.064));
#2615=CARTESIAN_POINT('',(-0.0447283370461924,0.0231774593812497,0.0685));
#2616=CARTESIAN_POINT('',(-0.0447282883316918,0.0221774593824362,0.0685));
#2617=CARTESIAN_POINT('',(-0.0447282883316918,0.0221774593824362,0.0595));
#2618=CARTESIAN_POINT('',(-0.0402283370515319,0.0231776785965022,0.0685));
#2619=CARTESIAN_POINT('',(-0.0402282883370313,0.0221776785976887,0.0685));
#2620=CARTESIAN_POINT('',(0.0114265497129927,0.0231801949385158,0.03765));
#2621=CARTESIAN_POINT('',(-0.0402283370515319,0.0231776785965022,0.064));
#2622=CARTESIAN_POINT('',(-0.0428283370484468,0.0231775519388007,0.064));
#2623=CARTESIAN_POINT('',(-0.0447283370461923,0.0231774593812497,0.0605));
#2624=CARTESIAN_POINT('',(-0.0367283370556848,0.0231778490972541,0.0605));
#2625=CARTESIAN_POINT('',(-0.0437283370473789,0.0231775080957502,0.0605));
#2626=CARTESIAN_POINT('',(-0.0437283370473789,0.0231775080957502,0.0685));
#2627=CARTESIAN_POINT('',(-0.0437283370473789,0.0231775080957502,0.0675));
#2628=CARTESIAN_POINT('',(0.0114265497129927,0.0231801949385158,0.0675));
#2629=CARTESIAN_POINT('',(-0.0367283370556848,0.0231778490972541,0.0675));
#2630=CARTESIAN_POINT('',(-0.0367283370556847,0.0231778490972541,0.03765));
#2631=CARTESIAN_POINT('',(0.0409042176777093,0.0231816309283903,0.0113));
#2632=CARTESIAN_POINT('',(0.0409042176777093,0.0231816309283903,0.0158));
#2633=CARTESIAN_POINT('',(0.0409042663922099,0.0221816309295769,0.0158));
#2634=CARTESIAN_POINT('',(0.0409042663922099,0.0221816309295769,0.0113));
#2635=CARTESIAN_POINT('',(0.0409042663922099,0.0221816309295769,0.0068));
#2636=CARTESIAN_POINT('',(0.0409042176777093,0.0231816309283903,0.0068));
#2637=CARTESIAN_POINT('',(0.0454042176723698,0.0231818501436429,0.0158));
#2638=CARTESIAN_POINT('',(0.0499042176670304,0.0231820693588955,0.0158));
#2639=CARTESIAN_POINT('',(0.0499042663815309,0.022182069360082,0.0158));
#2640=CARTESIAN_POINT('',(0.0409042663922099,0.0221816309295769,0.0158));
#2641=CARTESIAN_POINT('',(0.0499042176670304,0.0231820693588955,0.0113));
#2642=CARTESIAN_POINT('',(0.0499042176670304,0.0231820693588955,0.0068));
#2643=CARTESIAN_POINT('',(0.0499042663815309,0.022182069360082,0.0068));
#2644=CARTESIAN_POINT('',(0.0499042663815309,0.0221820693600819,0.0158));
#2645=CARTESIAN_POINT('',(0.0454042176723698,0.0231818501436429,0.0068));
#2646=CARTESIAN_POINT('',(0.0454042663868704,0.0221818501448294,0.0068));
#2647=CARTESIAN_POINT('',(0.0114265497129927,0.0231801949385158,0.03765));
#2648=CARTESIAN_POINT('',(0.0454042176723698,0.0231818501436429,0.0113));
#2649=CARTESIAN_POINT('',(0.0428042176754548,0.0231817234859414,0.0113));
#2650=CARTESIAN_POINT('',(0.0499042176670304,0.0231820693588955,0.0148));
#2651=CARTESIAN_POINT('',(0.0419042176765228,0.0231816796428909,0.0148));
#2652=CARTESIAN_POINT('',(0.0489042176682169,0.0231820206443948,0.0148));
#2653=CARTESIAN_POINT('',(0.0489042176682169,0.0231820206443948,0.0068));
#2654=CARTESIAN_POINT('',(0.0489042176682169,0.0231820206443948,0.0078));
#2655=CARTESIAN_POINT('',(0.0114265497129927,0.0231801949385158,0.0078));
#2656=CARTESIAN_POINT('',(0.0419042176765228,0.0231816796428909,0.0078));
#2657=CARTESIAN_POINT('',(0.0419042176765228,0.0231816796428909,0.03765));
#2658=CARTESIAN_POINT('',(0.0492750396295518,0.0231820387088016,0.064));
#2659=CARTESIAN_POINT('',(0.0492750396295518,0.0231820387088016,0.0595));
#2660=CARTESIAN_POINT('',(0.0492750883440523,0.022182038709988,0.0595));
#2661=CARTESIAN_POINT('',(0.0492750883440523,0.022182038709988,0.064));
#2662=CARTESIAN_POINT('',(0.0492750883440523,0.0221820387099881,0.0685));
#2663=CARTESIAN_POINT('',(0.0492750396295518,0.0231820387088016,0.0685));
#2664=CARTESIAN_POINT('',(0.0447716628476113,0.0231818193290504,0.0595));
#2665=CARTESIAN_POINT('',(0.0402682860656709,0.0231815999492994,0.0595));
#2666=CARTESIAN_POINT('',(0.0402683347801714,0.022181599950486,0.0595));
#2667=CARTESIAN_POINT('',(0.0492750883440523,0.0221820387099881,0.0595));
#2668=CARTESIAN_POINT('',(0.0402682860656709,0.0231815999492994,0.064));
#2669=CARTESIAN_POINT('',(0.0402682860656709,0.0231815999492994,0.0685));
#2670=CARTESIAN_POINT('',(0.0402683347801714,0.022181599950486,0.0685));
#2671=CARTESIAN_POINT('',(0.0402683347801714,0.022181599950486,0.0595));
#2672=CARTESIAN_POINT('',(0.0447716628476113,0.0231818193290504,0.0685));
#2673=CARTESIAN_POINT('',(0.0447717115621118,0.022181819330237,0.0685));
#2674=CARTESIAN_POINT('',(0.0114265497129927,0.0231801949385158,0.03765));
#2675=CARTESIAN_POINT('',(0.0447682860603313,0.023181819164552,0.064));
#2676=CARTESIAN_POINT('',(0.0421682860634164,0.0231816925068505,0.064));
#2677=CARTESIAN_POINT('',(0.0402682860656709,0.0231815999492994,0.0605));
#2678=CARTESIAN_POINT('',(0.0482750396307383,0.023181989994301,0.0605));
#2679=CARTESIAN_POINT('',(0.0412682860644843,0.0231816486638,0.0605));
#2680=CARTESIAN_POINT('',(0.0412682860644843,0.0231816486638,0.0685));
#2681=CARTESIAN_POINT('',(0.0412682860644843,0.0231816486638,0.0675));
#2682=CARTESIAN_POINT('',(0.0114265497129927,0.0231801949385158,0.0675));
#2683=CARTESIAN_POINT('',(0.0482750396307383,0.023181989994301,0.0675));
#2684=CARTESIAN_POINT('',(0.0482750396307383,0.023181989994301,0.03765));
#2685=CARTESIAN_POINT('',(-0.0395957822267733,0.0231777094110946,0.0158));
#2686=CARTESIAN_POINT('',(-0.0350957822321128,0.0231779286263472,0.0158));
#2687=CARTESIAN_POINT('',(-0.0350957335176122,0.0221779286275337,0.0158));
#2688=CARTESIAN_POINT('',(-0.0395957335122728,0.0221777094122811,0.0158));
#2689=CARTESIAN_POINT('',(-0.0440957335069333,0.0221774901970286,0.0158));
#2690=CARTESIAN_POINT('',(-0.0440957822214339,0.023177490195842,0.0158));
#2691=CARTESIAN_POINT('',(-0.0350957822321128,0.0231779286263472,0.0113));
#2692=CARTESIAN_POINT('',(-0.0350957822321128,0.0231779286263472,0.0068));
#2693=CARTESIAN_POINT('',(-0.0350957335176122,0.0221779286275337,0.0068));
#2694=CARTESIAN_POINT('',(-0.0350957335176122,0.0221779286275337,0.0158));
#2695=CARTESIAN_POINT('',(-0.0395957822267733,0.0231777094110946,0.0068));
#2696=CARTESIAN_POINT('',(-0.0440957822214339,0.023177490195842,0.0068));
#2697=CARTESIAN_POINT('',(-0.0440957335069333,0.0221774901970286,0.0068));
#2698=CARTESIAN_POINT('',(-0.0350957335176122,0.0221779286275337,0.0068));
#2699=CARTESIAN_POINT('',(-0.0440957822214339,0.023177490195842,0.0113));
#2700=CARTESIAN_POINT('',(-0.0440957335069333,0.0221774901970286,0.0113));
#2701=CARTESIAN_POINT('',(0.0114265497129927,0.0231801949385158,0.03765));
#2702=CARTESIAN_POINT('',(-0.0395957822267733,0.0231777094110946,0.0113));
#2703=CARTESIAN_POINT('',(-0.0421957822236883,0.0231775827533931,0.0113));
#2704=CARTESIAN_POINT('',(-0.0440957822214339,0.023177490195842,0.0078));
#2705=CARTESIAN_POINT('',(-0.0360957822309263,0.0231778799118466,0.0078));
#2706=CARTESIAN_POINT('',(-0.0430957822226204,0.0231775389103426,0.0078));
#2707=CARTESIAN_POINT('',(-0.0430957822226204,0.0231775389103426,0.03765));
#2708=CARTESIAN_POINT('',(-0.0430957822226204,0.0231775389103426,0.0148));
#2709=CARTESIAN_POINT('',(0.0114265497129927,0.0231801949385158,0.0148));
#2710=CARTESIAN_POINT('',(-0.0360957822309263,0.0231778799118466,0.0148));
#2711=CARTESIAN_POINT('',(-0.0360957822309263,0.0231778799118466,0.0068));
#2712=CARTESIAN_POINT('',(-0.0379953925126673,0.0151777873637879,0.0113));
#2713=CARTESIAN_POINT('',(-0.0395953925107687,0.015177709420587,0.0113));
#2714=CARTESIAN_POINT('',(-0.0379953925126672,0.0151777873637879,0.0113));
#2715=CARTESIAN_POINT('',(-0.0395957822267733,0.0231777094110946,0.0113));
#2716=CARTESIAN_POINT('',(-0.0395957335122728,0.0221777094122811,0.0113));
#2717=CARTESIAN_POINT('',(-0.0411957335103743,0.0221776314690802,0.0113));
#2718=CARTESIAN_POINT('',(0.0463686757744374,0.0151818971172453,0.064));
#2719=CARTESIAN_POINT('',(0.0447686757763359,0.0151818191740443,0.064));
#2720=CARTESIAN_POINT('',(0.0463686757744374,0.0151818971172453,0.064));
#2721=CARTESIAN_POINT('',(0.0447682860603313,0.023181819164552,0.064));
#2722=CARTESIAN_POINT('',(0.0447683347748319,0.0221818191657385,0.064));
#2723=CARTESIAN_POINT('',(0.0431683347767304,0.0221817412225376,0.064));
#2724=CARTESIAN_POINT('',(0.0470046073864759,0.0151819280963362,0.0113));
#2725=CARTESIAN_POINT('',(0.0454046073883744,0.0151818501531353,0.0113));
#2726=CARTESIAN_POINT('',(0.0470046073864759,0.0151819280963362,0.0113));
#2727=CARTESIAN_POINT('',(0.0454042176723698,0.0231818501436429,0.0113));
#2728=CARTESIAN_POINT('',(0.0454042663868704,0.0221818501448295,0.0113));
#2729=CARTESIAN_POINT('',(0.0438042663887689,0.0221817722016285,0.0113));
#2730=CARTESIAN_POINT('',(-0.0386279473374258,0.0151777565491955,0.064));
#2731=CARTESIAN_POINT('',(-0.0402279473355273,0.0151776786059946,0.064));
#2732=CARTESIAN_POINT('',(-0.0386279473374258,0.0151777565491955,0.064));
#2733=CARTESIAN_POINT('',(-0.0402283370515319,0.0231776785965022,0.064));
#2734=CARTESIAN_POINT('',(-0.0402282883370313,0.0221776785976887,0.064));
#2735=CARTESIAN_POINT('',(-0.0418282883351328,0.0221776006544878,0.064));
#2736=CARTESIAN_POINT('',(-0.0468509454488754,0.0274772390276194,0.03802));
#2737=CARTESIAN_POINT('',(-0.0468509454488754,0.0274772390276194,0.04452));
#2738=CARTESIAN_POINT('',(-0.0482509454488754,0.0274772390276194,0.04452));
#2739=CARTESIAN_POINT('',(-0.0482509454488754,0.0274772390276194,0.03802));
#2740=CARTESIAN_POINT('',(-0.0482509454488754,0.0274772390276194,0.03152));
#2741=CARTESIAN_POINT('',(-0.0468509454488754,0.0274772390276194,0.03152));
#2742=CARTESIAN_POINT('',(-0.0468509454488754,0.0239772390276194,0.03152));
#2743=CARTESIAN_POINT('',(-0.0482509454488754,0.0204772390276193,0.03152));
#2744=CARTESIAN_POINT('',(-0.0482509454488754,0.0204772390276193,0.03152));
#2745=CARTESIAN_POINT('',(-0.0468509454488754,0.0204772390276193,0.03152));
#2746=CARTESIAN_POINT('',(-0.0468509454488754,0.0204772390276193,0.03802));
#2747=CARTESIAN_POINT('',(-0.0482509454488754,0.0204772390276193,0.04452));
#2748=CARTESIAN_POINT('',(-0.0482509454488754,0.0204772390276193,0.04452));
#2749=CARTESIAN_POINT('',(-0.0468509454488754,0.0204772390276193,0.04452));
#2750=CARTESIAN_POINT('',(-0.0468509454488754,0.0239772390276194,0.04452));
#2751=CARTESIAN_POINT('',(-0.0482509454488754,0.0239772390276194,0.04452));
#2752=CARTESIAN_POINT('',(0.0558367936223583,0.0262150004155432,0.038140445497319));
#2753=CARTESIAN_POINT('',(0.0558367936223583,0.0262150004155432,0.00364044549731902));
#2754=CARTESIAN_POINT('',(0.0558367936223583,0.0262150004155432,0.00364044549731902));
#2755=CARTESIAN_POINT('',(0.0558367936223583,0.0262150004155432,0.038140445497319));
#2756=CARTESIAN_POINT('',(0.0558367936223583,0.0262150004155432,0.072640445497319));
#2757=CARTESIAN_POINT('',(0.0558367936223583,0.0262150004155432,0.072640445497319));
#2758=CARTESIAN_POINT('',(0.0619783816397303,0.0136340268194787,0.00364044549731902));
#2759=CARTESIAN_POINT('',(0.0681199696571023,0.00105305322341413,0.00364044549731902));
#2760=CARTESIAN_POINT('',(0.0681199696571023,0.00105305322341413,0.00364044549731902));
#2761=CARTESIAN_POINT('',(0.0619783816397303,0.0136340268194787,0.00364044549731902));
#2762=CARTESIAN_POINT('',(0.0681199696571023,0.00105305322341414,0.038140445497319));
#2763=CARTESIAN_POINT('',(0.0681199696571023,0.00105305322341414,0.072640445497319));
#2764=CARTESIAN_POINT('',(0.0681199696571023,0.00105305322341414,0.072640445497319));
#2765=CARTESIAN_POINT('',(0.0681199696571023,0.00105305322341414,0.038140445497319));
#2766=CARTESIAN_POINT('',(0.0619783816397303,0.0136340268194787,0.072640445497319));
#2767=CARTESIAN_POINT('',(0.0619783816397303,0.0136340268194787,0.072640445497319));
#2768=CARTESIAN_POINT('',(0.0613905643930589,0.0148381638014394,0.03765));
#2769=CARTESIAN_POINT('',(-0.0442509454488755,0.0129772390276194,0.0703));
#2770=CARTESIAN_POINT('',(-0.0442509454488755,-0.00302251739394475,0.0703));
#2771=CARTESIAN_POINT('',(-0.0442509454488755,0.0129772390276194,0.005));
#2772=CARTESIAN_POINT('',(-0.0442509454488755,-0.00302251739394475,0.005));
#2773=CARTESIAN_POINT('',(-0.0442509454488755,-0.00302251739394475,0.0753));
#2774=CARTESIAN_POINT('',(-0.0442509454488755,-0.00302251739394475,0.0703));
#2775=CARTESIAN_POINT('',(-0.0442509454488755,-0.00302251739394476,0.005));
#2776=CARTESIAN_POINT('',(-0.0442509454488755,-0.00302251739394475,0.0703));
#2777=CARTESIAN_POINT('',(-0.0442509454488755,-0.00302251739394476,0.0703));
#2778=CARTESIAN_POINT('',(-0.0442509454488755,-0.00302251739394475,0.005));
#2779=CARTESIAN_POINT('',(-0.0442509454488755,-0.00302251739394475,0.005));
#2780=CARTESIAN_POINT('',(0.0121488109057675,-0.00301976990797852,0.0703));
#2781=CARTESIAN_POINT('',(0.0655444636234943,-0.00301716876542079,0.0703));
#2782=CARTESIAN_POINT('',(0.0121498337645697,-0.00301976985815046,0.005));
#2783=CARTESIAN_POINT('',(0.0655444636234943,-0.00301716876542078,0.005));
#2784=CARTESIAN_POINT('',(0.058805849622533,0.0107868058060357,0.0703));
#2785=CARTESIAN_POINT('',(0.0499259210660157,0.0289772390276193,0.0703));
#2786=CARTESIAN_POINT('',(0.0489634974483619,0.0309487529239736,0.005));
#2787=CARTESIAN_POINT('',(0.0499259210660157,0.0289772390276193,0.005));
#2788=CARTESIAN_POINT('',(0.0499259210660157,0.0289772390276193,0.0753));
#2789=CARTESIAN_POINT('',(-0.0492509454488754,0.0284772390276194,0.0753));
#2790=CARTESIAN_POINT('',(-0.0591776121155421,0.0384039056942861,0.0554466666666667));
#2791=CARTESIAN_POINT('',(-0.0470842787822088,0.0263105723609527,0.0326866666666666));
#2792=CARTESIAN_POINT('',(-0.0482509454488754,0.0239772390276194,0.03152));
#2793=CARTESIAN_POINT('',(-0.0460842787822088,0.0226439056942861,0.0336866666666666));
#2794=CARTESIAN_POINT('',(-0.0492509454488754,0.0129772390276194,0.04552));
#2795=CARTESIAN_POINT('',(-0.0460842787822088,0.0226439056942861,0.0423533333333333));
#2796=CARTESIAN_POINT('',(-0.0482509454488754,0.0204772390276193,0.03802));
#2797=CARTESIAN_POINT('',(0.0454042176723698,0.0231818501436429,0.0113));
#2798=CARTESIAN_POINT('',(0.0447682860603313,0.023181819164552,0.064));
#2799=CARTESIAN_POINT('',(-0.0395957822267733,0.0231777094110946,0.0113));
#2800=CARTESIAN_POINT('',(-0.0402283370515319,0.0231776785965022,0.064));
#2801=CARTESIAN_POINT('',(0.0409042663922099,0.0221816309295769,0.0113));
#2802=CARTESIAN_POINT('',(0.0424041933186792,0.0236817039995479,0.0083));
#2803=CARTESIAN_POINT('',(0.0424041933186792,0.0236817039995479,0.0143));
#2804=CARTESIAN_POINT('',(0.0114265497129927,0.0231801949385158,0.0148));
#2805=CARTESIAN_POINT('',(0.0364110531145158,0.0356739680608432,0.00230744400010222));
#2806=CARTESIAN_POINT('',(0.0454042663868704,0.0221818501448294,0.0068));
#2807=CARTESIAN_POINT('',(0.0484041933115599,0.0236819962865513,0.0083));
#2808=CARTESIAN_POINT('',(0.0489042176682169,0.0231820206443948,0.03765));
#2809=CARTESIAN_POINT('',(0.0492750883440523,0.0221820387099881,0.064));
#2810=CARTESIAN_POINT('',(0.0477738896234885,0.0236830911773846,0.0669988744042387));
#2811=CARTESIAN_POINT('',(0.0477750152740813,0.0236819656364574,0.061));
#2812=CARTESIAN_POINT('',(0.0114265497129927,0.0231801949385158,0.0605));
#2813=CARTESIAN_POINT('',(0.0313215251890819,0.0132339186382081,0.0505527545376999));
#2814=CARTESIAN_POINT('',(0.0447717115621118,0.022181819330237,0.0685));
#2815=CARTESIAN_POINT('',(0.0417693872475679,0.0236827986710498,0.0669988744042387));
#2816=CARTESIAN_POINT('',(0.0412682860644843,0.0231816486638,0.03765));
#2817=CARTESIAN_POINT('',(-0.0360957822309263,0.0231778799118466,0.03765));
#2818=CARTESIAN_POINT('',(-0.0202542332407303,0.00733787427276337,-0.0080407773334355));
#2819=CARTESIAN_POINT('',(-0.0284787445311845,0.0155615842963301,0.0224166666666667));
#2820=CARTESIAN_POINT('',(-0.0395957335122728,0.0221777094122811,0.0158));
#2821=CARTESIAN_POINT('',(-0.0425958065804639,0.0236775632669996,0.0143));
#2822=CARTESIAN_POINT('',(0.0114265497129927,0.0231801949385158,0.0078));
#2823=CARTESIAN_POINT('',(-0.0249225569201404,0.0413525348982714,0.0259741106667689));
#2824=CARTESIAN_POINT('',(-0.0440957335069333,0.0221774901970286,0.0113));
#2825=CARTESIAN_POINT('',(-0.0357282883423708,0.0221778978129413,0.064));
#2826=CARTESIAN_POINT('',(-0.0372283614123418,0.0236778247394106,0.067));
#2827=CARTESIAN_POINT('',(-0.0372283614123418,0.0236778247394106,0.061));
#2828=CARTESIAN_POINT('',(0.0114265497129927,0.0231801949385158,0.0605));
#2829=CARTESIAN_POINT('',(-0.0253442704081769,0.0415633659634626,0.0788849622752719));
#2830=CARTESIAN_POINT('',(-0.0402282883370313,0.0221776785976887,0.0685));
#2831=CARTESIAN_POINT('',(-0.0432283614052225,0.0236775324524072,0.067));
#2832=CARTESIAN_POINT('',(-0.0437283370473789,0.0231775080957502,0.03765));
#2833=CARTESIAN_POINT('',(-0.137309437530282,0.0611811202251639,-0.0391698392468445));
#2834=MECHANICAL_DESIGN_GEOMETRIC_PRESENTATION_REPRESENTATION('',(#1728,
#1729),#2835);
#2835=(
GEOMETRIC_REPRESENTATION_CONTEXT(3)
GLOBAL_UNCERTAINTY_ASSIGNED_CONTEXT((#2838))
GLOBAL_UNIT_ASSIGNED_CONTEXT((#2843,#2842,#2841))
REPRESENTATION_CONTEXT('Assembly 2','TOP_LEVEL_ASSEMBLY_PART')
);
#2836=(
GEOMETRIC_REPRESENTATION_CONTEXT(3)
GLOBAL_UNCERTAINTY_ASSIGNED_CONTEXT((#2839))
GLOBAL_UNIT_ASSIGNED_CONTEXT((#2843,#2842,#2841))
REPRESENTATION_CONTEXT('Part 1','COMPONENT_PART')
);
#2837=(
GEOMETRIC_REPRESENTATION_CONTEXT(3)
GLOBAL_UNCERTAINTY_ASSIGNED_CONTEXT((#2840))
GLOBAL_UNIT_ASSIGNED_CONTEXT((#2843,#2842,#2841))
REPRESENTATION_CONTEXT('Part 1','COMPONENT_PART')
);
#2838=UNCERTAINTY_MEASURE_WITH_UNIT(LENGTH_MEASURE(1.E-8),#2843,
'DISTANCE_ACCURACY_VALUE','Maximum Tolerance applied to model');
#2839=UNCERTAINTY_MEASURE_WITH_UNIT(LENGTH_MEASURE(1.E-8),#2843,
'DISTANCE_ACCURACY_VALUE','Maximum Tolerance applied to model');
#2840=UNCERTAINTY_MEASURE_WITH_UNIT(LENGTH_MEASURE(1.E-8),#2843,
'DISTANCE_ACCURACY_VALUE','Maximum Tolerance applied to model');
#2841=(
NAMED_UNIT(*)
SI_UNIT($,.STERADIAN.)
SOLID_ANGLE_UNIT()
);
#2842=(
NAMED_UNIT(*)
PLANE_ANGLE_UNIT()
SI_UNIT($,.RADIAN.)
);
#2843=(
LENGTH_UNIT()
NAMED_UNIT(*)
SI_UNIT($,.METRE.)
);
#2844=PRODUCT_DEFINITION_SHAPE('','',#2849);
#2845=PRODUCT_DEFINITION_SHAPE('','',#2850);
#2846=PRODUCT_DEFINITION_SHAPE(' ','NAUO PRDDFN',#36);
#2847=PRODUCT_DEFINITION_SHAPE('','',#2851);
#2848=PRODUCT_DEFINITION_SHAPE(' ','NAUO PRDDFN',#37);
#2849=PRODUCT_DEFINITION('','',#2855,#2852);
#2850=PRODUCT_DEFINITION('','',#2856,#2853);
#2851=PRODUCT_DEFINITION('','',#2857,#2854);
#2852=PRODUCT_DEFINITION_CONTEXT('',#2871,'design');
#2853=PRODUCT_DEFINITION_CONTEXT('',#2871,'design');
#2854=PRODUCT_DEFINITION_CONTEXT('',#2871,'design');
#2855=PRODUCT_DEFINITION_FORMATION_WITH_SPECIFIED_SOURCE('','',#2861,
 .NOT_KNOWN.);
#2856=PRODUCT_DEFINITION_FORMATION_WITH_SPECIFIED_SOURCE('','',#2862,
 .NOT_KNOWN.);
#2857=PRODUCT_DEFINITION_FORMATION_WITH_SPECIFIED_SOURCE('','',#2863,
 .NOT_KNOWN.);
#2858=PRODUCT_RELATED_PRODUCT_CATEGORY('','',(#2861));
#2859=PRODUCT_RELATED_PRODUCT_CATEGORY('','',(#2862));
#2860=PRODUCT_RELATED_PRODUCT_CATEGORY('','',(#2863));
#2861=PRODUCT('Assembly 2','Assembly 2','Assembly 2',(#2867));
#2862=PRODUCT('Part 1','Part 1','Part 1',(#2868));
#2863=PRODUCT('Part 1','Part 1','Part 1',(#2869));
#2864=PRODUCT_CATEGORY('','');
#2865=PRODUCT_CATEGORY('','');
#2866=PRODUCT_CATEGORY('','');
#2867=PRODUCT_CONTEXT('',#2871,'mechanical');
#2868=PRODUCT_CONTEXT('',#2871,'mechanical');
#2869=PRODUCT_CONTEXT('',#2871,'mechanical');
#2870=APPLICATION_PROTOCOL_DEFINITION('international standard',
'ap242_managed_model_based_3d_engineering',2020,#2871);
#2871=APPLICATION_CONTEXT('managed model based 3d engineering');
ENDSEC;
END-ISO-10303-21;
