ISO-10303-21;
HEADER;
/*Generated by software containing ST-Developer
 * from STEP Tools, Inc. (www.steptools.com) 
 */
/*OPTION: using custom renumber hook */
/*description */
/*implementation_level */
FILE_DESCRIPTION(('STEP AP242 Edition 2','STEP AP242 Edition 2''CAx-IF Rec.Pracs.---Representation and Presentation of Product Manufa
cturing Information (PMI)---4.0---2014-10-13','STEP AP242 Edition 2''CAx-IF Rec.Pracs.---Representation and Presentation of Product Manufa
cturing Information (PMI)---4.0---2014-10-13''CAx-IF Rec.Pracs.---3D Tessellated Geometry---0.4---2014-09-14','STEP AP242 Edition 2''CAx-IF Rec.Pracs.---Representation and Presentation of Product Manufa
cturing Information (PMI)---4.0---2014-10-13''CAx-IF Rec.Pracs.---3D Tessellated Geometry---0.4---2014-09-14''2;1','STEP AP242 Edition 2''CAx-IF Rec.Pracs.---Representation and Presentation of Product Manufa
cturing Information (PMI)---4.0---2014-10-13''CAx-IF Rec.Pracs.---3D Tessellated Geometry---0.4---2014-09-14''2;1''CAx-IF Rec.Pracs.---User Defined Attributes---1.5---2016-08-15'),'2;1');
/*name */
/*time_stamp */
/*author */
/*organization */
/*preprocessor_version */
/*originating_system */
/*authorisation */
FILE_NAME('/vol/tmp/translate-4802067087985427501/Base CAD.step','2026-09-03T22:57:28',(''),(''),'ST-DEVELOPER v20','ONSHAPE BY PTC INC, 1.220','  ');
FILE_SCHEMA(('AP242_MANAGED_MODEL_BASED_3D_ENGINEERING_MIM_LF { 1 0 10303 442 3 1 4 }'));
ENDSEC;
DATA;
#10=SHAPE_REPRESENTATION_RELATIONSHIP('','',#1437,#11);
#11=ADVANCED_BREP_SHAPE_REPRESENTATION('',(#1435),#2343);
#12=CONICAL_SURFACE('',#1535,0.0026,0.785398163397448);
#13=CONICAL_SURFACE('',#1536,0.0026,0.785398163397448);
#14=CONICAL_SURFACE('',#1537,0.0026,0.785398163397448);
#15=CONICAL_SURFACE('',#1538,0.0026,0.785398163397448);
#16=SPHERICAL_SURFACE('',#1518,0.005);
#17=SPHERICAL_SURFACE('',#1520,0.005);
#18=CYLINDRICAL_SURFACE('',#1488,0.0016);
#19=CYLINDRICAL_SURFACE('',#1492,0.0016);
#20=CYLINDRICAL_SURFACE('',#1496,0.0016);
#21=CYLINDRICAL_SURFACE('',#1500,0.0016);
#22=CYLINDRICAL_SURFACE('',#1511,0.005);
#23=CYLINDRICAL_SURFACE('',#1513,0.005);
#24=CYLINDRICAL_SURFACE('',#1515,0.005);
#25=CYLINDRICAL_SURFACE('',#1522,0.005);
#26=CYLINDRICAL_SURFACE('',#1524,0.005);
#27=CYLINDRICAL_SURFACE('',#1526,0.005);
#28=CYLINDRICAL_SURFACE('',#1528,0.005);
#29=CYLINDRICAL_SURFACE('',#1530,0.005);
#30=ELLIPSE('',#1452,0.00556395730946426,0.005);
#31=ELLIPSE('',#1453,0.00556395730946426,0.005);
#32=ELLIPSE('',#1523,0.00943766784756578,0.005);
#33=ELLIPSE('',#1525,0.00943766784756578,0.005);
#34=ELLIPSE('',#1527,0.00707106781186547,0.005);
#35=ELLIPSE('',#1529,0.00707106781186547,0.005);
#36=CIRCLE('',#1441,0.005);
#37=CIRCLE('',#1444,0.005);
#38=CIRCLE('',#1450,0.005);
#39=CIRCLE('',#1451,0.005);
#40=CIRCLE('',#1459,0.005);
#41=CIRCLE('',#1461,0.005);
#42=CIRCLE('',#1467,0.0026);
#43=CIRCLE('',#1473,0.0026);
#44=CIRCLE('',#1479,0.0026);
#45=CIRCLE('',#1485,0.0026);
#46=CIRCLE('',#1487,0.0016);
#47=CIRCLE('',#1489,0.0016);
#48=CIRCLE('',#1491,0.0016);
#49=CIRCLE('',#1493,0.0016);
#50=CIRCLE('',#1495,0.0016);
#51=CIRCLE('',#1497,0.0016);
#52=CIRCLE('',#1499,0.0016);
#53=CIRCLE('',#1501,0.0016);
#54=CIRCLE('',#1512,0.005);
#55=CIRCLE('',#1514,0.005);
#56=CIRCLE('',#1516,0.005);
#57=CIRCLE('',#1517,0.005);
#58=CIRCLE('',#1519,0.005);
#59=CIRCLE('',#1521,0.005);
#60=ORIENTED_EDGE('',*,*,#436,.F.);
#61=ORIENTED_EDGE('',*,*,#437,.T.);
#62=ORIENTED_EDGE('',*,*,#438,.T.);
#63=ORIENTED_EDGE('',*,*,#439,.F.);
#64=ORIENTED_EDGE('',*,*,#440,.T.);
#65=ORIENTED_EDGE('',*,*,#441,.T.);
#66=ORIENTED_EDGE('',*,*,#442,.F.);
#67=ORIENTED_EDGE('',*,*,#443,.F.);
#68=ORIENTED_EDGE('',*,*,#444,.F.);
#69=ORIENTED_EDGE('',*,*,#445,.T.);
#70=ORIENTED_EDGE('',*,*,#446,.F.);
#71=ORIENTED_EDGE('',*,*,#447,.T.);
#72=ORIENTED_EDGE('',*,*,#448,.T.);
#73=ORIENTED_EDGE('',*,*,#446,.T.);
#74=ORIENTED_EDGE('',*,*,#449,.T.);
#75=ORIENTED_EDGE('',*,*,#450,.F.);
#76=ORIENTED_EDGE('',*,*,#451,.F.);
#77=ORIENTED_EDGE('',*,*,#450,.T.);
#78=ORIENTED_EDGE('',*,*,#452,.T.);
#79=ORIENTED_EDGE('',*,*,#453,.T.);
#80=ORIENTED_EDGE('',*,*,#454,.F.);
#81=ORIENTED_EDGE('',*,*,#455,.F.);
#82=ORIENTED_EDGE('',*,*,#448,.F.);
#83=ORIENTED_EDGE('',*,*,#456,.T.);
#84=ORIENTED_EDGE('',*,*,#454,.T.);
#85=ORIENTED_EDGE('',*,*,#457,.F.);
#86=ORIENTED_EDGE('',*,*,#453,.F.);
#87=ORIENTED_EDGE('',*,*,#458,.T.);
#88=ORIENTED_EDGE('',*,*,#459,.T.);
#89=ORIENTED_EDGE('',*,*,#460,.T.);
#90=ORIENTED_EDGE('',*,*,#461,.T.);
#91=ORIENTED_EDGE('',*,*,#462,.T.);
#92=ORIENTED_EDGE('',*,*,#444,.T.);
#93=ORIENTED_EDGE('',*,*,#457,.T.);
#94=ORIENTED_EDGE('',*,*,#463,.T.);
#95=ORIENTED_EDGE('',*,*,#464,.T.);
#96=ORIENTED_EDGE('',*,*,#465,.T.);
#97=ORIENTED_EDGE('',*,*,#466,.T.);
#98=ORIENTED_EDGE('',*,*,#467,.T.);
#99=ORIENTED_EDGE('',*,*,#468,.T.);
#100=ORIENTED_EDGE('',*,*,#469,.T.);
#101=ORIENTED_EDGE('',*,*,#470,.T.);
#102=ORIENTED_EDGE('',*,*,#471,.T.);
#103=ORIENTED_EDGE('',*,*,#472,.F.);
#104=ORIENTED_EDGE('',*,*,#473,.F.);
#105=ORIENTED_EDGE('',*,*,#474,.T.);
#106=ORIENTED_EDGE('',*,*,#475,.F.);
#107=ORIENTED_EDGE('',*,*,#476,.T.);
#108=ORIENTED_EDGE('',*,*,#477,.T.);
#109=ORIENTED_EDGE('',*,*,#478,.F.);
#110=ORIENTED_EDGE('',*,*,#479,.F.);
#111=ORIENTED_EDGE('',*,*,#480,.T.);
#112=ORIENTED_EDGE('',*,*,#467,.F.);
#113=ORIENTED_EDGE('',*,*,#481,.T.);
#114=ORIENTED_EDGE('',*,*,#482,.T.);
#115=ORIENTED_EDGE('',*,*,#483,.T.);
#116=ORIENTED_EDGE('',*,*,#484,.T.);
#117=ORIENTED_EDGE('',*,*,#485,.F.);
#118=ORIENTED_EDGE('',*,*,#472,.T.);
#119=ORIENTED_EDGE('',*,*,#486,.T.);
#120=ORIENTED_EDGE('',*,*,#487,.T.);
#121=ORIENTED_EDGE('',*,*,#488,.T.);
#122=ORIENTED_EDGE('',*,*,#459,.F.);
#123=ORIENTED_EDGE('',*,*,#489,.T.);
#124=ORIENTED_EDGE('',*,*,#490,.T.);
#125=ORIENTED_EDGE('',*,*,#491,.T.);
#126=ORIENTED_EDGE('',*,*,#482,.F.);
#127=ORIENTED_EDGE('',*,*,#492,.T.);
#128=ORIENTED_EDGE('',*,*,#493,.T.);
#129=ORIENTED_EDGE('',*,*,#494,.T.);
#130=ORIENTED_EDGE('',*,*,#495,.T.);
#131=ORIENTED_EDGE('',*,*,#496,.T.);
#132=ORIENTED_EDGE('',*,*,#479,.T.);
#133=ORIENTED_EDGE('',*,*,#497,.T.);
#134=ORIENTED_EDGE('',*,*,#498,.F.);
#135=ORIENTED_EDGE('',*,*,#499,.T.);
#136=ORIENTED_EDGE('',*,*,#500,.T.);
#137=ORIENTED_EDGE('',*,*,#501,.F.);
#138=ORIENTED_EDGE('',*,*,#502,.F.);
#139=ORIENTED_EDGE('',*,*,#503,.T.);
#140=ORIENTED_EDGE('',*,*,#504,.T.);
#141=ORIENTED_EDGE('',*,*,#505,.F.);
#142=ORIENTED_EDGE('',*,*,#506,.F.);
#143=ORIENTED_EDGE('',*,*,#507,.T.);
#144=ORIENTED_EDGE('',*,*,#508,.T.);
#145=ORIENTED_EDGE('',*,*,#509,.F.);
#146=ORIENTED_EDGE('',*,*,#510,.F.);
#147=ORIENTED_EDGE('',*,*,#511,.T.);
#148=ORIENTED_EDGE('',*,*,#512,.T.);
#149=ORIENTED_EDGE('',*,*,#513,.F.);
#150=ORIENTED_EDGE('',*,*,#514,.T.);
#151=ORIENTED_EDGE('',*,*,#474,.F.);
#152=ORIENTED_EDGE('',*,*,#515,.F.);
#153=ORIENTED_EDGE('',*,*,#439,.T.);
#154=ORIENTED_EDGE('',*,*,#485,.T.);
#155=ORIENTED_EDGE('',*,*,#516,.T.);
#156=ORIENTED_EDGE('',*,*,#436,.T.);
#157=ORIENTED_EDGE('',*,*,#515,.T.);
#158=ORIENTED_EDGE('',*,*,#473,.T.);
#159=ORIENTED_EDGE('',*,*,#438,.F.);
#160=ORIENTED_EDGE('',*,*,#517,.T.);
#161=ORIENTED_EDGE('',*,*,#486,.F.);
#162=ORIENTED_EDGE('',*,*,#471,.F.);
#163=ORIENTED_EDGE('',*,*,#514,.F.);
#164=ORIENTED_EDGE('',*,*,#518,.F.);
#165=ORIENTED_EDGE('',*,*,#519,.T.);
#166=ORIENTED_EDGE('',*,*,#520,.T.);
#167=ORIENTED_EDGE('',*,*,#511,.F.);
#168=ORIENTED_EDGE('',*,*,#521,.F.);
#169=ORIENTED_EDGE('',*,*,#522,.T.);
#170=ORIENTED_EDGE('',*,*,#518,.T.);
#171=ORIENTED_EDGE('',*,*,#510,.T.);
#172=ORIENTED_EDGE('',*,*,#523,.F.);
#173=ORIENTED_EDGE('',*,*,#524,.T.);
#174=ORIENTED_EDGE('',*,*,#521,.T.);
#175=ORIENTED_EDGE('',*,*,#513,.T.);
#176=ORIENTED_EDGE('',*,*,#520,.F.);
#177=ORIENTED_EDGE('',*,*,#525,.T.);
#178=ORIENTED_EDGE('',*,*,#523,.T.);
#179=ORIENTED_EDGE('',*,*,#512,.F.);
#180=ORIENTED_EDGE('',*,*,#526,.T.);
#181=ORIENTED_EDGE('',*,*,#527,.T.);
#182=ORIENTED_EDGE('',*,*,#528,.T.);
#183=ORIENTED_EDGE('',*,*,#529,.T.);
#184=ORIENTED_EDGE('',*,*,#530,.T.);
#185=ORIENTED_EDGE('',*,*,#531,.F.);
#186=ORIENTED_EDGE('',*,*,#532,.T.);
#187=ORIENTED_EDGE('',*,*,#533,.T.);
#188=ORIENTED_EDGE('',*,*,#507,.F.);
#189=ORIENTED_EDGE('',*,*,#534,.F.);
#190=ORIENTED_EDGE('',*,*,#535,.T.);
#191=ORIENTED_EDGE('',*,*,#531,.T.);
#192=ORIENTED_EDGE('',*,*,#506,.T.);
#193=ORIENTED_EDGE('',*,*,#536,.F.);
#194=ORIENTED_EDGE('',*,*,#537,.T.);
#195=ORIENTED_EDGE('',*,*,#534,.T.);
#196=ORIENTED_EDGE('',*,*,#509,.T.);
#197=ORIENTED_EDGE('',*,*,#533,.F.);
#198=ORIENTED_EDGE('',*,*,#538,.T.);
#199=ORIENTED_EDGE('',*,*,#536,.T.);
#200=ORIENTED_EDGE('',*,*,#508,.F.);
#201=ORIENTED_EDGE('',*,*,#539,.T.);
#202=ORIENTED_EDGE('',*,*,#540,.T.);
#203=ORIENTED_EDGE('',*,*,#541,.T.);
#204=ORIENTED_EDGE('',*,*,#542,.T.);
#205=ORIENTED_EDGE('',*,*,#543,.T.);
#206=ORIENTED_EDGE('',*,*,#544,.F.);
#207=ORIENTED_EDGE('',*,*,#545,.T.);
#208=ORIENTED_EDGE('',*,*,#546,.T.);
#209=ORIENTED_EDGE('',*,*,#503,.F.);
#210=ORIENTED_EDGE('',*,*,#547,.F.);
#211=ORIENTED_EDGE('',*,*,#548,.T.);
#212=ORIENTED_EDGE('',*,*,#544,.T.);
#213=ORIENTED_EDGE('',*,*,#502,.T.);
#214=ORIENTED_EDGE('',*,*,#549,.F.);
#215=ORIENTED_EDGE('',*,*,#550,.T.);
#216=ORIENTED_EDGE('',*,*,#547,.T.);
#217=ORIENTED_EDGE('',*,*,#505,.T.);
#218=ORIENTED_EDGE('',*,*,#546,.F.);
#219=ORIENTED_EDGE('',*,*,#551,.T.);
#220=ORIENTED_EDGE('',*,*,#549,.T.);
#221=ORIENTED_EDGE('',*,*,#504,.F.);
#222=ORIENTED_EDGE('',*,*,#552,.T.);
#223=ORIENTED_EDGE('',*,*,#553,.T.);
#224=ORIENTED_EDGE('',*,*,#554,.T.);
#225=ORIENTED_EDGE('',*,*,#555,.T.);
#226=ORIENTED_EDGE('',*,*,#556,.T.);
#227=ORIENTED_EDGE('',*,*,#557,.F.);
#228=ORIENTED_EDGE('',*,*,#558,.T.);
#229=ORIENTED_EDGE('',*,*,#559,.T.);
#230=ORIENTED_EDGE('',*,*,#499,.F.);
#231=ORIENTED_EDGE('',*,*,#560,.F.);
#232=ORIENTED_EDGE('',*,*,#561,.T.);
#233=ORIENTED_EDGE('',*,*,#557,.T.);
#234=ORIENTED_EDGE('',*,*,#498,.T.);
#235=ORIENTED_EDGE('',*,*,#562,.F.);
#236=ORIENTED_EDGE('',*,*,#563,.T.);
#237=ORIENTED_EDGE('',*,*,#560,.T.);
#238=ORIENTED_EDGE('',*,*,#501,.T.);
#239=ORIENTED_EDGE('',*,*,#559,.F.);
#240=ORIENTED_EDGE('',*,*,#564,.T.);
#241=ORIENTED_EDGE('',*,*,#562,.T.);
#242=ORIENTED_EDGE('',*,*,#500,.F.);
#243=ORIENTED_EDGE('',*,*,#565,.T.);
#244=ORIENTED_EDGE('',*,*,#566,.T.);
#245=ORIENTED_EDGE('',*,*,#567,.T.);
#246=ORIENTED_EDGE('',*,*,#568,.T.);
#247=ORIENTED_EDGE('',*,*,#569,.T.);
#248=ORIENTED_EDGE('',*,*,#570,.F.);
#249=ORIENTED_EDGE('',*,*,#571,.T.);
#250=ORIENTED_EDGE('',*,*,#570,.T.);
#251=ORIENTED_EDGE('',*,*,#572,.F.);
#252=ORIENTED_EDGE('',*,*,#573,.T.);
#253=ORIENTED_EDGE('',*,*,#572,.T.);
#254=ORIENTED_EDGE('',*,*,#574,.F.);
#255=ORIENTED_EDGE('',*,*,#575,.T.);
#256=ORIENTED_EDGE('',*,*,#574,.T.);
#257=ORIENTED_EDGE('',*,*,#576,.F.);
#258=ORIENTED_EDGE('',*,*,#577,.T.);
#259=ORIENTED_EDGE('',*,*,#576,.T.);
#260=ORIENTED_EDGE('',*,*,#578,.T.);
#261=ORIENTED_EDGE('',*,*,#579,.T.);
#262=ORIENTED_EDGE('',*,*,#580,.F.);
#263=ORIENTED_EDGE('',*,*,#475,.T.);
#264=ORIENTED_EDGE('',*,*,#580,.T.);
#265=ORIENTED_EDGE('',*,*,#581,.T.);
#266=ORIENTED_EDGE('',*,*,#582,.F.);
#267=ORIENTED_EDGE('',*,*,#476,.F.);
#268=ORIENTED_EDGE('',*,*,#582,.T.);
#269=ORIENTED_EDGE('',*,*,#583,.T.);
#270=ORIENTED_EDGE('',*,*,#584,.F.);
#271=ORIENTED_EDGE('',*,*,#477,.F.);
#272=ORIENTED_EDGE('',*,*,#584,.T.);
#273=ORIENTED_EDGE('',*,*,#585,.T.);
#274=ORIENTED_EDGE('',*,*,#578,.F.);
#275=ORIENTED_EDGE('',*,*,#478,.T.);
#276=ORIENTED_EDGE('',*,*,#440,.F.);
#277=ORIENTED_EDGE('',*,*,#586,.F.);
#278=ORIENTED_EDGE('',*,*,#587,.T.);
#279=ORIENTED_EDGE('',*,*,#588,.T.);
#280=ORIENTED_EDGE('',*,*,#443,.T.);
#281=ORIENTED_EDGE('',*,*,#589,.F.);
#282=ORIENTED_EDGE('',*,*,#590,.F.);
#283=ORIENTED_EDGE('',*,*,#586,.T.);
#284=ORIENTED_EDGE('',*,*,#442,.T.);
#285=ORIENTED_EDGE('',*,*,#591,.F.);
#286=ORIENTED_EDGE('',*,*,#592,.F.);
#287=ORIENTED_EDGE('',*,*,#589,.T.);
#288=ORIENTED_EDGE('',*,*,#441,.F.);
#289=ORIENTED_EDGE('',*,*,#588,.F.);
#290=ORIENTED_EDGE('',*,*,#593,.T.);
#291=ORIENTED_EDGE('',*,*,#591,.T.);
#292=ORIENTED_EDGE('',*,*,#587,.F.);
#293=ORIENTED_EDGE('',*,*,#590,.T.);
#294=ORIENTED_EDGE('',*,*,#592,.T.);
#295=ORIENTED_EDGE('',*,*,#593,.F.);
#296=ORIENTED_EDGE('',*,*,#447,.F.);
#297=ORIENTED_EDGE('',*,*,#451,.T.);
#298=ORIENTED_EDGE('',*,*,#455,.T.);
#299=ORIENTED_EDGE('',*,*,#456,.F.);
#300=ORIENTED_EDGE('',*,*,#481,.F.);
#301=ORIENTED_EDGE('',*,*,#470,.F.);
#302=ORIENTED_EDGE('',*,*,#594,.F.);
#303=ORIENTED_EDGE('',*,*,#492,.F.);
#304=ORIENTED_EDGE('',*,*,#480,.F.);
#305=ORIENTED_EDGE('',*,*,#496,.F.);
#306=ORIENTED_EDGE('',*,*,#595,.F.);
#307=ORIENTED_EDGE('',*,*,#468,.F.);
#308=ORIENTED_EDGE('',*,*,#596,.F.);
#309=ORIENTED_EDGE('',*,*,#469,.F.);
#310=ORIENTED_EDGE('',*,*,#597,.F.);
#311=ORIENTED_EDGE('',*,*,#490,.F.);
#312=ORIENTED_EDGE('',*,*,#594,.T.);
#313=ORIENTED_EDGE('',*,*,#596,.T.);
#314=ORIENTED_EDGE('',*,*,#598,.F.);
#315=ORIENTED_EDGE('',*,*,#597,.T.);
#316=ORIENTED_EDGE('',*,*,#595,.T.);
#317=ORIENTED_EDGE('',*,*,#599,.F.);
#318=ORIENTED_EDGE('',*,*,#598,.T.);
#319=ORIENTED_EDGE('',*,*,#489,.F.);
#320=ORIENTED_EDGE('',*,*,#600,.F.);
#321=ORIENTED_EDGE('',*,*,#493,.F.);
#322=ORIENTED_EDGE('',*,*,#599,.T.);
#323=ORIENTED_EDGE('',*,*,#495,.F.);
#324=ORIENTED_EDGE('',*,*,#601,.F.);
#325=ORIENTED_EDGE('',*,*,#491,.F.);
#326=ORIENTED_EDGE('',*,*,#445,.F.);
#327=ORIENTED_EDGE('',*,*,#462,.F.);
#328=ORIENTED_EDGE('',*,*,#602,.F.);
#329=ORIENTED_EDGE('',*,*,#483,.F.);
#330=ORIENTED_EDGE('',*,*,#494,.F.);
#331=ORIENTED_EDGE('',*,*,#600,.T.);
#332=ORIENTED_EDGE('',*,*,#458,.F.);
#333=ORIENTED_EDGE('',*,*,#452,.F.);
#334=ORIENTED_EDGE('',*,*,#449,.F.);
#335=ORIENTED_EDGE('',*,*,#497,.F.);
#336=ORIENTED_EDGE('',*,*,#488,.F.);
#337=ORIENTED_EDGE('',*,*,#603,.F.);
#338=ORIENTED_EDGE('',*,*,#460,.F.);
#339=ORIENTED_EDGE('',*,*,#601,.T.);
#340=ORIENTED_EDGE('',*,*,#602,.T.);
#341=ORIENTED_EDGE('',*,*,#461,.F.);
#342=ORIENTED_EDGE('',*,*,#603,.T.);
#343=ORIENTED_EDGE('',*,*,#487,.F.);
#344=ORIENTED_EDGE('',*,*,#517,.F.);
#345=ORIENTED_EDGE('',*,*,#437,.F.);
#346=ORIENTED_EDGE('',*,*,#516,.F.);
#347=ORIENTED_EDGE('',*,*,#484,.F.);
#348=ORIENTED_EDGE('',*,*,#604,.F.);
#349=ORIENTED_EDGE('',*,*,#466,.F.);
#350=ORIENTED_EDGE('',*,*,#605,.F.);
#351=ORIENTED_EDGE('',*,*,#579,.F.);
#352=ORIENTED_EDGE('',*,*,#605,.T.);
#353=ORIENTED_EDGE('',*,*,#465,.F.);
#354=ORIENTED_EDGE('',*,*,#606,.F.);
#355=ORIENTED_EDGE('',*,*,#581,.F.);
#356=ORIENTED_EDGE('',*,*,#604,.T.);
#357=ORIENTED_EDGE('',*,*,#585,.F.);
#358=ORIENTED_EDGE('',*,*,#607,.F.);
#359=ORIENTED_EDGE('',*,*,#463,.F.);
#360=ORIENTED_EDGE('',*,*,#606,.T.);
#361=ORIENTED_EDGE('',*,*,#464,.F.);
#362=ORIENTED_EDGE('',*,*,#607,.T.);
#363=ORIENTED_EDGE('',*,*,#583,.F.);
#364=ORIENTED_EDGE('',*,*,#575,.F.);
#365=ORIENTED_EDGE('',*,*,#539,.F.);
#366=ORIENTED_EDGE('',*,*,#573,.F.);
#367=ORIENTED_EDGE('',*,*,#552,.F.);
#368=ORIENTED_EDGE('',*,*,#571,.F.);
#369=ORIENTED_EDGE('',*,*,#565,.F.);
#370=ORIENTED_EDGE('',*,*,#577,.F.);
#371=ORIENTED_EDGE('',*,*,#526,.F.);
#372=ORIENTED_EDGE('',*,*,#608,.F.);
#373=ORIENTED_EDGE('',*,*,#532,.F.);
#374=ORIENTED_EDGE('',*,*,#609,.F.);
#375=ORIENTED_EDGE('',*,*,#543,.F.);
#376=ORIENTED_EDGE('',*,*,#609,.T.);
#377=ORIENTED_EDGE('',*,*,#535,.F.);
#378=ORIENTED_EDGE('',*,*,#610,.F.);
#379=ORIENTED_EDGE('',*,*,#540,.F.);
#380=ORIENTED_EDGE('',*,*,#608,.T.);
#381=ORIENTED_EDGE('',*,*,#542,.F.);
#382=ORIENTED_EDGE('',*,*,#611,.F.);
#383=ORIENTED_EDGE('',*,*,#538,.F.);
#384=ORIENTED_EDGE('',*,*,#610,.T.);
#385=ORIENTED_EDGE('',*,*,#537,.F.);
#386=ORIENTED_EDGE('',*,*,#611,.T.);
#387=ORIENTED_EDGE('',*,*,#541,.F.);
#388=ORIENTED_EDGE('',*,*,#612,.F.);
#389=ORIENTED_EDGE('',*,*,#545,.F.);
#390=ORIENTED_EDGE('',*,*,#613,.F.);
#391=ORIENTED_EDGE('',*,*,#556,.F.);
#392=ORIENTED_EDGE('',*,*,#613,.T.);
#393=ORIENTED_EDGE('',*,*,#548,.F.);
#394=ORIENTED_EDGE('',*,*,#614,.F.);
#395=ORIENTED_EDGE('',*,*,#553,.F.);
#396=ORIENTED_EDGE('',*,*,#612,.T.);
#397=ORIENTED_EDGE('',*,*,#555,.F.);
#398=ORIENTED_EDGE('',*,*,#615,.F.);
#399=ORIENTED_EDGE('',*,*,#551,.F.);
#400=ORIENTED_EDGE('',*,*,#614,.T.);
#401=ORIENTED_EDGE('',*,*,#550,.F.);
#402=ORIENTED_EDGE('',*,*,#615,.T.);
#403=ORIENTED_EDGE('',*,*,#554,.F.);
#404=ORIENTED_EDGE('',*,*,#616,.F.);
#405=ORIENTED_EDGE('',*,*,#569,.F.);
#406=ORIENTED_EDGE('',*,*,#617,.F.);
#407=ORIENTED_EDGE('',*,*,#561,.F.);
#408=ORIENTED_EDGE('',*,*,#617,.T.);
#409=ORIENTED_EDGE('',*,*,#568,.F.);
#410=ORIENTED_EDGE('',*,*,#618,.F.);
#411=ORIENTED_EDGE('',*,*,#558,.F.);
#412=ORIENTED_EDGE('',*,*,#616,.T.);
#413=ORIENTED_EDGE('',*,*,#563,.F.);
#414=ORIENTED_EDGE('',*,*,#619,.F.);
#415=ORIENTED_EDGE('',*,*,#566,.F.);
#416=ORIENTED_EDGE('',*,*,#618,.T.);
#417=ORIENTED_EDGE('',*,*,#567,.F.);
#418=ORIENTED_EDGE('',*,*,#619,.T.);
#419=ORIENTED_EDGE('',*,*,#564,.F.);
#420=ORIENTED_EDGE('',*,*,#620,.F.);
#421=ORIENTED_EDGE('',*,*,#519,.F.);
#422=ORIENTED_EDGE('',*,*,#621,.F.);
#423=ORIENTED_EDGE('',*,*,#530,.F.);
#424=ORIENTED_EDGE('',*,*,#621,.T.);
#425=ORIENTED_EDGE('',*,*,#522,.F.);
#426=ORIENTED_EDGE('',*,*,#622,.F.);
#427=ORIENTED_EDGE('',*,*,#527,.F.);
#428=ORIENTED_EDGE('',*,*,#620,.T.);
#429=ORIENTED_EDGE('',*,*,#529,.F.);
#430=ORIENTED_EDGE('',*,*,#623,.F.);
#431=ORIENTED_EDGE('',*,*,#525,.F.);
#432=ORIENTED_EDGE('',*,*,#622,.T.);
#433=ORIENTED_EDGE('',*,*,#524,.F.);
#434=ORIENTED_EDGE('',*,*,#623,.T.);
#435=ORIENTED_EDGE('',*,*,#528,.F.);
#436=EDGE_CURVE('',#624,#625,#744,.T.);
#437=EDGE_CURVE('',#624,#626,#745,.T.);
#438=EDGE_CURVE('',#626,#627,#746,.T.);
#439=EDGE_CURVE('',#625,#627,#747,.T.);
#440=EDGE_CURVE('',#628,#629,#748,.T.);
#441=EDGE_CURVE('',#629,#630,#749,.T.);
#442=EDGE_CURVE('',#631,#630,#750,.T.);
#443=EDGE_CURVE('',#628,#631,#751,.T.);
#444=EDGE_CURVE('',#632,#633,#752,.T.);
#445=EDGE_CURVE('',#632,#634,#36,.T.);
#446=EDGE_CURVE('',#635,#634,#753,.T.);
#447=EDGE_CURVE('',#635,#636,#754,.T.);
#448=EDGE_CURVE('',#636,#633,#755,.T.);
#449=EDGE_CURVE('',#634,#637,#756,.T.);
#450=EDGE_CURVE('',#638,#637,#757,.T.);
#451=EDGE_CURVE('',#635,#638,#758,.T.);
#452=EDGE_CURVE('',#637,#639,#37,.F.);
#453=EDGE_CURVE('',#639,#640,#759,.T.);
#454=EDGE_CURVE('',#641,#640,#760,.T.);
#455=EDGE_CURVE('',#638,#641,#761,.T.);
#456=EDGE_CURVE('',#636,#641,#762,.T.);
#457=EDGE_CURVE('',#633,#640,#763,.T.);
#458=EDGE_CURVE('',#639,#642,#764,.T.);
#459=EDGE_CURVE('',#642,#643,#765,.T.);
#460=EDGE_CURVE('',#643,#644,#766,.F.);
#461=EDGE_CURVE('',#644,#645,#767,.F.);
#462=EDGE_CURVE('',#645,#632,#768,.T.);
#463=EDGE_CURVE('',#646,#647,#769,.T.);
#464=EDGE_CURVE('',#647,#648,#770,.T.);
#465=EDGE_CURVE('',#648,#649,#771,.T.);
#466=EDGE_CURVE('',#649,#646,#772,.T.);
#467=EDGE_CURVE('',#650,#651,#773,.T.);
#468=EDGE_CURVE('',#651,#652,#774,.F.);
#469=EDGE_CURVE('',#652,#653,#775,.F.);
#470=EDGE_CURVE('',#653,#650,#776,.T.);
#471=EDGE_CURVE('',#654,#655,#777,.T.);
#472=EDGE_CURVE('',#656,#655,#778,.T.);
#473=EDGE_CURVE('',#657,#656,#779,.T.);
#474=EDGE_CURVE('',#657,#654,#780,.T.);
#475=EDGE_CURVE('',#658,#659,#781,.T.);
#476=EDGE_CURVE('',#658,#660,#782,.T.);
#477=EDGE_CURVE('',#660,#661,#783,.T.);
#478=EDGE_CURVE('',#659,#661,#784,.T.);
#479=EDGE_CURVE('',#662,#663,#785,.T.);
#480=EDGE_CURVE('',#662,#651,#38,.T.);
#481=EDGE_CURVE('',#650,#664,#39,.T.);
#482=EDGE_CURVE('',#664,#665,#786,.T.);
#483=EDGE_CURVE('',#665,#666,#30,.T.);
#484=EDGE_CURVE('',#666,#667,#787,.T.);
#485=EDGE_CURVE('',#656,#667,#788,.T.);
#486=EDGE_CURVE('',#655,#668,#789,.T.);
#487=EDGE_CURVE('',#668,#669,#790,.T.);
#488=EDGE_CURVE('',#669,#663,#31,.T.);
#489=EDGE_CURVE('',#642,#670,#791,.T.);
#490=EDGE_CURVE('',#670,#671,#792,.T.);
#491=EDGE_CURVE('',#671,#643,#793,.F.);
#492=EDGE_CURVE('',#664,#672,#794,.F.);
#493=EDGE_CURVE('',#672,#673,#795,.F.);
#494=EDGE_CURVE('',#673,#665,#796,.F.);
#495=EDGE_CURVE('',#674,#675,#797,.T.);
#496=EDGE_CURVE('',#675,#662,#798,.T.);
#497=EDGE_CURVE('',#663,#674,#799,.T.);
#498=EDGE_CURVE('',#676,#677,#800,.T.);
#499=EDGE_CURVE('',#676,#678,#801,.T.);
#500=EDGE_CURVE('',#678,#679,#802,.T.);
#501=EDGE_CURVE('',#677,#679,#803,.T.);
#502=EDGE_CURVE('',#680,#681,#804,.T.);
#503=EDGE_CURVE('',#680,#682,#805,.T.);
#504=EDGE_CURVE('',#682,#683,#806,.T.);
#505=EDGE_CURVE('',#681,#683,#807,.T.);
#506=EDGE_CURVE('',#684,#685,#808,.T.);
#507=EDGE_CURVE('',#684,#686,#809,.T.);
#508=EDGE_CURVE('',#686,#687,#810,.T.);
#509=EDGE_CURVE('',#685,#687,#811,.T.);
#510=EDGE_CURVE('',#688,#689,#812,.T.);
#511=EDGE_CURVE('',#688,#690,#813,.T.);
#512=EDGE_CURVE('',#690,#691,#814,.T.);
#513=EDGE_CURVE('',#689,#691,#815,.T.);
#514=EDGE_CURVE('',#627,#654,#816,.T.);
#515=EDGE_CURVE('',#625,#657,#817,.T.);
#516=EDGE_CURVE('',#667,#624,#40,.F.);
#517=EDGE_CURVE('',#626,#668,#41,.T.);
#518=EDGE_CURVE('',#692,#688,#818,.T.);
#519=EDGE_CURVE('',#692,#693,#819,.T.);
#520=EDGE_CURVE('',#693,#690,#820,.T.);
#521=EDGE_CURVE('',#694,#689,#821,.T.);
#522=EDGE_CURVE('',#694,#692,#822,.T.);
#523=EDGE_CURVE('',#695,#691,#823,.T.);
#524=EDGE_CURVE('',#695,#694,#824,.T.);
#525=EDGE_CURVE('',#693,#695,#825,.T.);
#526=EDGE_CURVE('',#696,#696,#42,.F.);
#527=EDGE_CURVE('',#697,#698,#826,.T.);
#528=EDGE_CURVE('',#698,#699,#827,.T.);
#529=EDGE_CURVE('',#699,#700,#828,.T.);
#530=EDGE_CURVE('',#700,#697,#829,.T.);
#531=EDGE_CURVE('',#701,#684,#830,.T.);
#532=EDGE_CURVE('',#701,#702,#831,.T.);
#533=EDGE_CURVE('',#702,#686,#832,.T.);
#534=EDGE_CURVE('',#703,#685,#833,.T.);
#535=EDGE_CURVE('',#703,#701,#834,.T.);
#536=EDGE_CURVE('',#704,#687,#835,.T.);
#537=EDGE_CURVE('',#704,#703,#836,.T.);
#538=EDGE_CURVE('',#702,#704,#837,.T.);
#539=EDGE_CURVE('',#705,#705,#43,.F.);
#540=EDGE_CURVE('',#706,#707,#838,.T.);
#541=EDGE_CURVE('',#707,#708,#839,.T.);
#542=EDGE_CURVE('',#708,#709,#840,.T.);
#543=EDGE_CURVE('',#709,#706,#841,.T.);
#544=EDGE_CURVE('',#710,#680,#842,.T.);
#545=EDGE_CURVE('',#710,#711,#843,.T.);
#546=EDGE_CURVE('',#711,#682,#844,.T.);
#547=EDGE_CURVE('',#712,#681,#845,.T.);
#548=EDGE_CURVE('',#712,#710,#846,.T.);
#549=EDGE_CURVE('',#713,#683,#847,.T.);
#550=EDGE_CURVE('',#713,#712,#848,.T.);
#551=EDGE_CURVE('',#711,#713,#849,.T.);
#552=EDGE_CURVE('',#714,#714,#44,.F.);
#553=EDGE_CURVE('',#715,#716,#850,.T.);
#554=EDGE_CURVE('',#716,#717,#851,.T.);
#555=EDGE_CURVE('',#717,#718,#852,.T.);
#556=EDGE_CURVE('',#718,#715,#853,.T.);
#557=EDGE_CURVE('',#719,#676,#854,.T.);
#558=EDGE_CURVE('',#719,#720,#855,.T.);
#559=EDGE_CURVE('',#720,#678,#856,.T.);
#560=EDGE_CURVE('',#721,#677,#857,.T.);
#561=EDGE_CURVE('',#721,#719,#858,.T.);
#562=EDGE_CURVE('',#722,#679,#859,.T.);
#563=EDGE_CURVE('',#722,#721,#860,.T.);
#564=EDGE_CURVE('',#720,#722,#861,.T.);
#565=EDGE_CURVE('',#723,#723,#45,.F.);
#566=EDGE_CURVE('',#724,#725,#862,.T.);
#567=EDGE_CURVE('',#725,#726,#863,.T.);
#568=EDGE_CURVE('',#726,#727,#864,.T.);
#569=EDGE_CURVE('',#727,#724,#865,.T.);
#570=EDGE_CURVE('',#728,#728,#46,.T.);
#571=EDGE_CURVE('',#729,#729,#47,.T.);
#572=EDGE_CURVE('',#730,#730,#48,.T.);
#573=EDGE_CURVE('',#731,#731,#49,.T.);
#574=EDGE_CURVE('',#732,#732,#50,.T.);
#575=EDGE_CURVE('',#733,#733,#51,.T.);
#576=EDGE_CURVE('',#734,#734,#52,.T.);
#577=EDGE_CURVE('',#735,#735,#53,.T.);
#578=EDGE_CURVE('',#659,#736,#866,.T.);
#579=EDGE_CURVE('',#736,#737,#867,.T.);
#580=EDGE_CURVE('',#658,#737,#868,.T.);
#581=EDGE_CURVE('',#737,#738,#869,.T.);
#582=EDGE_CURVE('',#660,#738,#870,.T.);
#583=EDGE_CURVE('',#738,#739,#871,.T.);
#584=EDGE_CURVE('',#661,#739,#872,.T.);
#585=EDGE_CURVE('',#739,#736,#873,.T.);
#586=EDGE_CURVE('',#740,#628,#874,.T.);
#587=EDGE_CURVE('',#740,#741,#875,.T.);
#588=EDGE_CURVE('',#741,#629,#876,.T.);
#589=EDGE_CURVE('',#742,#631,#877,.T.);
#590=EDGE_CURVE('',#740,#742,#878,.T.);
#591=EDGE_CURVE('',#743,#630,#879,.T.);
#592=EDGE_CURVE('',#742,#743,#880,.T.);
#593=EDGE_CURVE('',#741,#743,#881,.T.);
#594=EDGE_CURVE('',#672,#653,#54,.T.);
#595=EDGE_CURVE('',#652,#675,#55,.T.);
#596=EDGE_CURVE('',#653,#670,#56,.T.);
#597=EDGE_CURVE('',#671,#652,#57,.T.);
#598=EDGE_CURVE('',#672,#670,#58,.F.);
#599=EDGE_CURVE('',#671,#675,#59,.F.);
#600=EDGE_CURVE('',#673,#642,#32,.F.);
#601=EDGE_CURVE('',#643,#674,#33,.T.);
#602=EDGE_CURVE('',#666,#645,#34,.F.);
#603=EDGE_CURVE('',#644,#669,#35,.T.);
#604=EDGE_CURVE('',#646,#736,#882,.T.);
#605=EDGE_CURVE('',#737,#649,#883,.T.);
#606=EDGE_CURVE('',#738,#648,#884,.F.);
#607=EDGE_CURVE('',#647,#739,#885,.T.);
#608=EDGE_CURVE('',#702,#709,#886,.T.);
#609=EDGE_CURVE('',#706,#701,#887,.T.);
#610=EDGE_CURVE('',#707,#703,#888,.F.);
#611=EDGE_CURVE('',#704,#708,#889,.T.);
#612=EDGE_CURVE('',#711,#718,#890,.T.);
#613=EDGE_CURVE('',#715,#710,#891,.T.);
#614=EDGE_CURVE('',#716,#712,#892,.F.);
#615=EDGE_CURVE('',#713,#717,#893,.T.);
#616=EDGE_CURVE('',#724,#721,#894,.T.);
#617=EDGE_CURVE('',#719,#727,#895,.T.);
#618=EDGE_CURVE('',#720,#726,#896,.F.);
#619=EDGE_CURVE('',#725,#722,#897,.T.);
#620=EDGE_CURVE('',#693,#700,#898,.T.);
#621=EDGE_CURVE('',#697,#692,#899,.T.);
#622=EDGE_CURVE('',#698,#694,#900,.F.);
#623=EDGE_CURVE('',#695,#699,#901,.T.);
#624=VERTEX_POINT('',#1950);
#625=VERTEX_POINT('',#1951);
#626=VERTEX_POINT('',#1953);
#627=VERTEX_POINT('',#1955);
#628=VERTEX_POINT('',#1958);
#629=VERTEX_POINT('',#1959);
#630=VERTEX_POINT('',#1961);
#631=VERTEX_POINT('',#1963);
#632=VERTEX_POINT('',#1967);
#633=VERTEX_POINT('',#1968);
#634=VERTEX_POINT('',#1970);
#635=VERTEX_POINT('',#1972);
#636=VERTEX_POINT('',#1974);
#637=VERTEX_POINT('',#1978);
#638=VERTEX_POINT('',#1980);
#639=VERTEX_POINT('',#1984);
#640=VERTEX_POINT('',#1986);
#641=VERTEX_POINT('',#1988);
#642=VERTEX_POINT('',#1995);
#643=VERTEX_POINT('',#1997);
#644=VERTEX_POINT('',#1999);
#645=VERTEX_POINT('',#2001);
#646=VERTEX_POINT('',#2005);
#647=VERTEX_POINT('',#2006);
#648=VERTEX_POINT('',#2008);
#649=VERTEX_POINT('',#2010);
#650=VERTEX_POINT('',#2013);
#651=VERTEX_POINT('',#2014);
#652=VERTEX_POINT('',#2016);
#653=VERTEX_POINT('',#2018);
#654=VERTEX_POINT('',#2022);
#655=VERTEX_POINT('',#2023);
#656=VERTEX_POINT('',#2025);
#657=VERTEX_POINT('',#2027);
#658=VERTEX_POINT('',#2030);
#659=VERTEX_POINT('',#2031);
#660=VERTEX_POINT('',#2033);
#661=VERTEX_POINT('',#2035);
#662=VERTEX_POINT('',#2039);
#663=VERTEX_POINT('',#2040);
#664=VERTEX_POINT('',#2043);
#665=VERTEX_POINT('',#2045);
#666=VERTEX_POINT('',#2047);
#667=VERTEX_POINT('',#2049);
#668=VERTEX_POINT('',#2052);
#669=VERTEX_POINT('',#2054);
#670=VERTEX_POINT('',#2058);
#671=VERTEX_POINT('',#2060);
#672=VERTEX_POINT('',#2064);
#673=VERTEX_POINT('',#2066);
#674=VERTEX_POINT('',#2070);
#675=VERTEX_POINT('',#2071);
#676=VERTEX_POINT('',#2076);
#677=VERTEX_POINT('',#2077);
#678=VERTEX_POINT('',#2079);
#679=VERTEX_POINT('',#2081);
#680=VERTEX_POINT('',#2084);
#681=VERTEX_POINT('',#2085);
#682=VERTEX_POINT('',#2087);
#683=VERTEX_POINT('',#2089);
#684=VERTEX_POINT('',#2092);
#685=VERTEX_POINT('',#2093);
#686=VERTEX_POINT('',#2095);
#687=VERTEX_POINT('',#2097);
#688=VERTEX_POINT('',#2100);
#689=VERTEX_POINT('',#2101);
#690=VERTEX_POINT('',#2103);
#691=VERTEX_POINT('',#2105);
#692=VERTEX_POINT('',#2115);
#693=VERTEX_POINT('',#2117);
#694=VERTEX_POINT('',#2121);
#695=VERTEX_POINT('',#2125);
#696=VERTEX_POINT('',#2131);
#697=VERTEX_POINT('',#2133);
#698=VERTEX_POINT('',#2134);
#699=VERTEX_POINT('',#2136);
#700=VERTEX_POINT('',#2138);
#701=VERTEX_POINT('',#2142);
#702=VERTEX_POINT('',#2144);
#703=VERTEX_POINT('',#2148);
#704=VERTEX_POINT('',#2152);
#705=VERTEX_POINT('',#2158);
#706=VERTEX_POINT('',#2160);
#707=VERTEX_POINT('',#2161);
#708=VERTEX_POINT('',#2163);
#709=VERTEX_POINT('',#2165);
#710=VERTEX_POINT('',#2169);
#711=VERTEX_POINT('',#2171);
#712=VERTEX_POINT('',#2175);
#713=VERTEX_POINT('',#2179);
#714=VERTEX_POINT('',#2185);
#715=VERTEX_POINT('',#2187);
#716=VERTEX_POINT('',#2188);
#717=VERTEX_POINT('',#2190);
#718=VERTEX_POINT('',#2192);
#719=VERTEX_POINT('',#2196);
#720=VERTEX_POINT('',#2198);
#721=VERTEX_POINT('',#2202);
#722=VERTEX_POINT('',#2206);
#723=VERTEX_POINT('',#2212);
#724=VERTEX_POINT('',#2214);
#725=VERTEX_POINT('',#2215);
#726=VERTEX_POINT('',#2217);
#727=VERTEX_POINT('',#2219);
#728=VERTEX_POINT('',#2223);
#729=VERTEX_POINT('',#2226);
#730=VERTEX_POINT('',#2229);
#731=VERTEX_POINT('',#2232);
#732=VERTEX_POINT('',#2235);
#733=VERTEX_POINT('',#2238);
#734=VERTEX_POINT('',#2241);
#735=VERTEX_POINT('',#2244);
#736=VERTEX_POINT('',#2247);
#737=VERTEX_POINT('',#2249);
#738=VERTEX_POINT('',#2253);
#739=VERTEX_POINT('',#2257);
#740=VERTEX_POINT('',#2263);
#741=VERTEX_POINT('',#2265);
#742=VERTEX_POINT('',#2269);
#743=VERTEX_POINT('',#2273);
#744=LINE('',#1949,#902);
#745=LINE('',#1952,#903);
#746=LINE('',#1954,#904);
#747=LINE('',#1956,#905);
#748=LINE('',#1957,#906);
#749=LINE('',#1960,#907);
#750=LINE('',#1962,#908);
#751=LINE('',#1964,#909);
#752=LINE('',#1966,#910);
#753=LINE('',#1971,#911);
#754=LINE('',#1973,#912);
#755=LINE('',#1975,#913);
#756=LINE('',#1977,#914);
#757=LINE('',#1979,#915);
#758=LINE('',#1981,#916);
#759=LINE('',#1985,#917);
#760=LINE('',#1987,#918);
#761=LINE('',#1989,#919);
#762=LINE('',#1991,#920);
#763=LINE('',#1992,#921);
#764=LINE('',#1994,#922);
#765=LINE('',#1996,#923);
#766=LINE('',#1998,#924);
#767=LINE('',#2000,#925);
#768=LINE('',#2002,#926);
#769=LINE('',#2004,#927);
#770=LINE('',#2007,#928);
#771=LINE('',#2009,#929);
#772=LINE('',#2011,#930);
#773=LINE('',#2012,#931);
#774=LINE('',#2015,#932);
#775=LINE('',#2017,#933);
#776=LINE('',#2019,#934);
#777=LINE('',#2021,#935);
#778=LINE('',#2024,#936);
#779=LINE('',#2026,#937);
#780=LINE('',#2028,#938);
#781=LINE('',#2029,#939);
#782=LINE('',#2032,#940);
#783=LINE('',#2034,#941);
#784=LINE('',#2036,#942);
#785=LINE('',#2038,#943);
#786=LINE('',#2044,#944);
#787=LINE('',#2048,#945);
#788=LINE('',#2050,#946);
#789=LINE('',#2051,#947);
#790=LINE('',#2053,#948);
#791=LINE('',#2057,#949);
#792=LINE('',#2059,#950);
#793=LINE('',#2061,#951);
#794=LINE('',#2063,#952);
#795=LINE('',#2065,#953);
#796=LINE('',#2067,#954);
#797=LINE('',#2069,#955);
#798=LINE('',#2072,#956);
#799=LINE('',#2073,#957);
#800=LINE('',#2075,#958);
#801=LINE('',#2078,#959);
#802=LINE('',#2080,#960);
#803=LINE('',#2082,#961);
#804=LINE('',#2083,#962);
#805=LINE('',#2086,#963);
#806=LINE('',#2088,#964);
#807=LINE('',#2090,#965);
#808=LINE('',#2091,#966);
#809=LINE('',#2094,#967);
#810=LINE('',#2096,#968);
#811=LINE('',#2098,#969);
#812=LINE('',#2099,#970);
#813=LINE('',#2102,#971);
#814=LINE('',#2104,#972);
#815=LINE('',#2106,#973);
#816=LINE('',#2107,#974);
#817=LINE('',#2108,#975);
#818=LINE('',#2114,#976);
#819=LINE('',#2116,#977);
#820=LINE('',#2118,#978);
#821=LINE('',#2120,#979);
#822=LINE('',#2122,#980);
#823=LINE('',#2124,#981);
#824=LINE('',#2126,#982);
#825=LINE('',#2128,#983);
#826=LINE('',#2132,#984);
#827=LINE('',#2135,#985);
#828=LINE('',#2137,#986);
#829=LINE('',#2139,#987);
#830=LINE('',#2141,#988);
#831=LINE('',#2143,#989);
#832=LINE('',#2145,#990);
#833=LINE('',#2147,#991);
#834=LINE('',#2149,#992);
#835=LINE('',#2151,#993);
#836=LINE('',#2153,#994);
#837=LINE('',#2155,#995);
#838=LINE('',#2159,#996);
#839=LINE('',#2162,#997);
#840=LINE('',#2164,#998);
#841=LINE('',#2166,#999);
#842=LINE('',#2168,#1000);
#843=LINE('',#2170,#1001);
#844=LINE('',#2172,#1002);
#845=LINE('',#2174,#1003);
#846=LINE('',#2176,#1004);
#847=LINE('',#2178,#1005);
#848=LINE('',#2180,#1006);
#849=LINE('',#2182,#1007);
#850=LINE('',#2186,#1008);
#851=LINE('',#2189,#1009);
#852=LINE('',#2191,#1010);
#853=LINE('',#2193,#1011);
#854=LINE('',#2195,#1012);
#855=LINE('',#2197,#1013);
#856=LINE('',#2199,#1014);
#857=LINE('',#2201,#1015);
#858=LINE('',#2203,#1016);
#859=LINE('',#2205,#1017);
#860=LINE('',#2207,#1018);
#861=LINE('',#2209,#1019);
#862=LINE('',#2213,#1020);
#863=LINE('',#2216,#1021);
#864=LINE('',#2218,#1022);
#865=LINE('',#2220,#1023);
#866=LINE('',#2246,#1024);
#867=LINE('',#2248,#1025);
#868=LINE('',#2250,#1026);
#869=LINE('',#2252,#1027);
#870=LINE('',#2254,#1028);
#871=LINE('',#2256,#1029);
#872=LINE('',#2258,#1030);
#873=LINE('',#2260,#1031);
#874=LINE('',#2262,#1032);
#875=LINE('',#2264,#1033);
#876=LINE('',#2266,#1034);
#877=LINE('',#2268,#1035);
#878=LINE('',#2270,#1036);
#879=LINE('',#2272,#1037);
#880=LINE('',#2274,#1038);
#881=LINE('',#2276,#1039);
#882=LINE('',#2299,#1040);
#883=LINE('',#2300,#1041);
#884=LINE('',#2302,#1042);
#885=LINE('',#2304,#1043);
#886=LINE('',#2311,#1044);
#887=LINE('',#2312,#1045);
#888=LINE('',#2314,#1046);
#889=LINE('',#2316,#1047);
#890=LINE('',#2319,#1048);
#891=LINE('',#2320,#1049);
#892=LINE('',#2322,#1050);
#893=LINE('',#2324,#1051);
#894=LINE('',#2327,#1052);
#895=LINE('',#2328,#1053);
#896=LINE('',#2330,#1054);
#897=LINE('',#2332,#1055);
#898=LINE('',#2335,#1056);
#899=LINE('',#2336,#1057);
#900=LINE('',#2338,#1058);
#901=LINE('',#2340,#1059);
#902=VECTOR('',#1559,1.);
#903=VECTOR('',#1560,1.);
#904=VECTOR('',#1561,1.);
#905=VECTOR('',#1562,1.);
#906=VECTOR('',#1563,1.);
#907=VECTOR('',#1564,1.);
#908=VECTOR('',#1565,1.);
#909=VECTOR('',#1566,1.);
#910=VECTOR('',#1569,1.);
#911=VECTOR('',#1572,1.);
#912=VECTOR('',#1573,1.);
#913=VECTOR('',#1574,1.);
#914=VECTOR('',#1577,1.);
#915=VECTOR('',#1578,1.);
#916=VECTOR('',#1579,1.);
#917=VECTOR('',#1584,1.);
#918=VECTOR('',#1585,1.);
#919=VECTOR('',#1586,1.);
#920=VECTOR('',#1589,1.);
#921=VECTOR('',#1590,1.);
#922=VECTOR('',#1593,1.);
#923=VECTOR('',#1594,1.);
#924=VECTOR('',#1595,1.);
#925=VECTOR('',#1596,1.);
#926=VECTOR('',#1597,1.);
#927=VECTOR('',#1600,1.);
#928=VECTOR('',#1601,1.);
#929=VECTOR('',#1602,1.);
#930=VECTOR('',#1603,1.);
#931=VECTOR('',#1604,1.);
#932=VECTOR('',#1605,1.);
#933=VECTOR('',#1606,1.);
#934=VECTOR('',#1607,1.);
#935=VECTOR('',#1610,1.);
#936=VECTOR('',#1611,1.);
#937=VECTOR('',#1612,1.);
#938=VECTOR('',#1613,1.);
#939=VECTOR('',#1614,1.);
#940=VECTOR('',#1615,1.);
#941=VECTOR('',#1616,1.);
#942=VECTOR('',#1617,1.);
#943=VECTOR('',#1620,1.);
#944=VECTOR('',#1625,1.);
#945=VECTOR('',#1628,1.);
#946=VECTOR('',#1629,1.);
#947=VECTOR('',#1630,1.);
#948=VECTOR('',#1631,1.);
#949=VECTOR('',#1636,1.);
#950=VECTOR('',#1637,1.);
#951=VECTOR('',#1638,1.);
#952=VECTOR('',#1641,1.);
#953=VECTOR('',#1642,1.);
#954=VECTOR('',#1643,1.);
#955=VECTOR('',#1646,1.);
#956=VECTOR('',#1647,1.);
#957=VECTOR('',#1648,1.);
#958=VECTOR('',#1651,1.);
#959=VECTOR('',#1652,1.);
#960=VECTOR('',#1653,1.);
#961=VECTOR('',#1654,1.);
#962=VECTOR('',#1655,1.);
#963=VECTOR('',#1656,1.);
#964=VECTOR('',#1657,1.);
#965=VECTOR('',#1658,1.);
#966=VECTOR('',#1659,1.);
#967=VECTOR('',#1660,1.);
#968=VECTOR('',#1661,1.);
#969=VECTOR('',#1662,1.);
#970=VECTOR('',#1663,1.);
#971=VECTOR('',#1664,1.);
#972=VECTOR('',#1665,1.);
#973=VECTOR('',#1666,1.);
#974=VECTOR('',#1667,1.);
#975=VECTOR('',#1668,1.);
#976=VECTOR('',#1679,1.);
#977=VECTOR('',#1680,1.);
#978=VECTOR('',#1681,1.);
#979=VECTOR('',#1684,1.);
#980=VECTOR('',#1685,1.);
#981=VECTOR('',#1688,1.);
#982=VECTOR('',#1689,1.);
#983=VECTOR('',#1692,1.);
#984=VECTOR('',#1697,1.);
#985=VECTOR('',#1698,1.);
#986=VECTOR('',#1699,1.);
#987=VECTOR('',#1700,1.);
#988=VECTOR('',#1703,1.);
#989=VECTOR('',#1704,1.);
#990=VECTOR('',#1705,1.);
#991=VECTOR('',#1708,1.);
#992=VECTOR('',#1709,1.);
#993=VECTOR('',#1712,1.);
#994=VECTOR('',#1713,1.);
#995=VECTOR('',#1716,1.);
#996=VECTOR('',#1721,1.);
#997=VECTOR('',#1722,1.);
#998=VECTOR('',#1723,1.);
#999=VECTOR('',#1724,1.);
#1000=VECTOR('',#1727,1.);
#1001=VECTOR('',#1728,1.);
#1002=VECTOR('',#1729,1.);
#1003=VECTOR('',#1732,1.);
#1004=VECTOR('',#1733,1.);
#1005=VECTOR('',#1736,1.);
#1006=VECTOR('',#1737,1.);
#1007=VECTOR('',#1740,1.);
#1008=VECTOR('',#1745,1.);
#1009=VECTOR('',#1746,1.);
#1010=VECTOR('',#1747,1.);
#1011=VECTOR('',#1748,1.);
#1012=VECTOR('',#1751,1.);
#1013=VECTOR('',#1752,1.);
#1014=VECTOR('',#1753,1.);
#1015=VECTOR('',#1756,1.);
#1016=VECTOR('',#1757,1.);
#1017=VECTOR('',#1760,1.);
#1018=VECTOR('',#1761,1.);
#1019=VECTOR('',#1764,1.);
#1020=VECTOR('',#1769,1.);
#1021=VECTOR('',#1770,1.);
#1022=VECTOR('',#1771,1.);
#1023=VECTOR('',#1772,1.);
#1024=VECTOR('',#1807,1.);
#1025=VECTOR('',#1808,1.);
#1026=VECTOR('',#1809,1.);
#1027=VECTOR('',#1812,1.);
#1028=VECTOR('',#1813,1.);
#1029=VECTOR('',#1816,1.);
#1030=VECTOR('',#1817,1.);
#1031=VECTOR('',#1820,1.);
#1032=VECTOR('',#1823,1.);
#1033=VECTOR('',#1824,1.);
#1034=VECTOR('',#1825,1.);
#1035=VECTOR('',#1828,1.);
#1036=VECTOR('',#1829,1.);
#1037=VECTOR('',#1832,1.);
#1038=VECTOR('',#1833,1.);
#1039=VECTOR('',#1836,1.);
#1040=VECTOR('',#1881,1.);
#1041=VECTOR('',#1882,1.);
#1042=VECTOR('',#1885,1.);
#1043=VECTOR('',#1888,1.);
#1044=VECTOR('',#1901,1.);
#1045=VECTOR('',#1902,1.);
#1046=VECTOR('',#1905,1.);
#1047=VECTOR('',#1908,1.);
#1048=VECTOR('',#1913,1.);
#1049=VECTOR('',#1914,1.);
#1050=VECTOR('',#1917,1.);
#1051=VECTOR('',#1920,1.);
#1052=VECTOR('',#1925,1.);
#1053=VECTOR('',#1926,1.);
#1054=VECTOR('',#1929,1.);
#1055=VECTOR('',#1932,1.);
#1056=VECTOR('',#1937,1.);
#1057=VECTOR('',#1938,1.);
#1058=VECTOR('',#1941,1.);
#1059=VECTOR('',#1944,1.);
#1060=EDGE_LOOP('',(#60,#61,#62,#63));
#1061=EDGE_LOOP('',(#64,#65,#66,#67));
#1062=EDGE_LOOP('',(#68,#69,#70,#71,#72));
#1063=EDGE_LOOP('',(#73,#74,#75,#76));
#1064=EDGE_LOOP('',(#77,#78,#79,#80,#81));
#1065=EDGE_LOOP('',(#82,#83,#84,#85));
#1066=EDGE_LOOP('',(#86,#87,#88,#89,#90,#91,#92,#93));
#1067=EDGE_LOOP('',(#94,#95,#96,#97));
#1068=EDGE_LOOP('',(#98,#99,#100,#101));
#1069=EDGE_LOOP('',(#102,#103,#104,#105));
#1070=EDGE_LOOP('',(#106,#107,#108,#109));
#1071=EDGE_LOOP('',(#110,#111,#112,#113,#114,#115,#116,#117,#118,#119,#120,#121));
#1072=EDGE_LOOP('',(#122,#123,#124,#125));
#1073=EDGE_LOOP('',(#126,#127,#128,#129));
#1074=EDGE_LOOP('',(#130,#131,#132,#133));
#1075=EDGE_LOOP('',(#134,#135,#136,#137));
#1076=EDGE_LOOP('',(#138,#139,#140,#141));
#1077=EDGE_LOOP('',(#142,#143,#144,#145));
#1078=EDGE_LOOP('',(#146,#147,#148,#149));
#1079=EDGE_LOOP('',(#150,#151,#152,#153));
#1080=EDGE_LOOP('',(#154,#155,#156,#157,#158));
#1081=EDGE_LOOP('',(#159,#160,#161,#162,#163));
#1082=EDGE_LOOP('',(#164,#165,#166,#167));
#1083=EDGE_LOOP('',(#168,#169,#170,#171));
#1084=EDGE_LOOP('',(#172,#173,#174,#175));
#1085=EDGE_LOOP('',(#176,#177,#178,#179));
#1086=EDGE_LOOP('',(#180));
#1087=EDGE_LOOP('',(#181,#182,#183,#184));
#1088=EDGE_LOOP('',(#185,#186,#187,#188));
#1089=EDGE_LOOP('',(#189,#190,#191,#192));
#1090=EDGE_LOOP('',(#193,#194,#195,#196));
#1091=EDGE_LOOP('',(#197,#198,#199,#200));
#1092=EDGE_LOOP('',(#201));
#1093=EDGE_LOOP('',(#202,#203,#204,#205));
#1094=EDGE_LOOP('',(#206,#207,#208,#209));
#1095=EDGE_LOOP('',(#210,#211,#212,#213));
#1096=EDGE_LOOP('',(#214,#215,#216,#217));
#1097=EDGE_LOOP('',(#218,#219,#220,#221));
#1098=EDGE_LOOP('',(#222));
#1099=EDGE_LOOP('',(#223,#224,#225,#226));
#1100=EDGE_LOOP('',(#227,#228,#229,#230));
#1101=EDGE_LOOP('',(#231,#232,#233,#234));
#1102=EDGE_LOOP('',(#235,#236,#237,#238));
#1103=EDGE_LOOP('',(#239,#240,#241,#242));
#1104=EDGE_LOOP('',(#243));
#1105=EDGE_LOOP('',(#244,#245,#246,#247));
#1106=EDGE_LOOP('',(#248));
#1107=EDGE_LOOP('',(#249));
#1108=EDGE_LOOP('',(#250));
#1109=EDGE_LOOP('',(#251));
#1110=EDGE_LOOP('',(#252));
#1111=EDGE_LOOP('',(#253));
#1112=EDGE_LOOP('',(#254));
#1113=EDGE_LOOP('',(#255));
#1114=EDGE_LOOP('',(#256));
#1115=EDGE_LOOP('',(#257));
#1116=EDGE_LOOP('',(#258));
#1117=EDGE_LOOP('',(#259));
#1118=EDGE_LOOP('',(#260,#261,#262,#263));
#1119=EDGE_LOOP('',(#264,#265,#266,#267));
#1120=EDGE_LOOP('',(#268,#269,#270,#271));
#1121=EDGE_LOOP('',(#272,#273,#274,#275));
#1122=EDGE_LOOP('',(#276,#277,#278,#279));
#1123=EDGE_LOOP('',(#280,#281,#282,#283));
#1124=EDGE_LOOP('',(#284,#285,#286,#287));
#1125=EDGE_LOOP('',(#288,#289,#290,#291));
#1126=EDGE_LOOP('',(#292,#293,#294,#295));
#1127=EDGE_LOOP('',(#296,#297,#298,#299));
#1128=EDGE_LOOP('',(#300,#301,#302,#303));
#1129=EDGE_LOOP('',(#304,#305,#306,#307));
#1130=EDGE_LOOP('',(#308,#309,#310,#311));
#1131=EDGE_LOOP('',(#312,#313,#314));
#1132=EDGE_LOOP('',(#315,#316,#317));
#1133=EDGE_LOOP('',(#318,#319,#320,#321));
#1134=EDGE_LOOP('',(#322,#323,#324,#325));
#1135=EDGE_LOOP('',(#326,#327,#328,#329,#330,#331,#332,#333,#334));
#1136=EDGE_LOOP('',(#335,#336,#337,#338,#339));
#1137=EDGE_LOOP('',(#340,#341,#342,#343,#344,#345,#346,#347));
#1138=EDGE_LOOP('',(#348,#349,#350,#351));
#1139=EDGE_LOOP('',(#352,#353,#354,#355));
#1140=EDGE_LOOP('',(#356,#357,#358,#359));
#1141=EDGE_LOOP('',(#360,#361,#362,#363));
#1142=EDGE_LOOP('',(#364));
#1143=EDGE_LOOP('',(#365));
#1144=EDGE_LOOP('',(#366));
#1145=EDGE_LOOP('',(#367));
#1146=EDGE_LOOP('',(#368));
#1147=EDGE_LOOP('',(#369));
#1148=EDGE_LOOP('',(#370));
#1149=EDGE_LOOP('',(#371));
#1150=EDGE_LOOP('',(#372,#373,#374,#375));
#1151=EDGE_LOOP('',(#376,#377,#378,#379));
#1152=EDGE_LOOP('',(#380,#381,#382,#383));
#1153=EDGE_LOOP('',(#384,#385,#386,#387));
#1154=EDGE_LOOP('',(#388,#389,#390,#391));
#1155=EDGE_LOOP('',(#392,#393,#394,#395));
#1156=EDGE_LOOP('',(#396,#397,#398,#399));
#1157=EDGE_LOOP('',(#400,#401,#402,#403));
#1158=EDGE_LOOP('',(#404,#405,#406,#407));
#1159=EDGE_LOOP('',(#408,#409,#410,#411));
#1160=EDGE_LOOP('',(#412,#413,#414,#415));
#1161=EDGE_LOOP('',(#416,#417,#418,#419));
#1162=EDGE_LOOP('',(#420,#421,#422,#423));
#1163=EDGE_LOOP('',(#424,#425,#426,#427));
#1164=EDGE_LOOP('',(#428,#429,#430,#431));
#1165=EDGE_LOOP('',(#432,#433,#434,#435));
#1166=FACE_BOUND('',#1060,.T.);
#1167=FACE_BOUND('',#1061,.T.);
#1168=FACE_BOUND('',#1062,.T.);
#1169=FACE_BOUND('',#1063,.T.);
#1170=FACE_BOUND('',#1064,.T.);
#1171=FACE_BOUND('',#1065,.T.);
#1172=FACE_BOUND('',#1066,.T.);
#1173=FACE_BOUND('',#1067,.T.);
#1174=FACE_BOUND('',#1068,.T.);
#1175=FACE_BOUND('',#1069,.T.);
#1176=FACE_BOUND('',#1070,.T.);
#1177=FACE_BOUND('',#1071,.T.);
#1178=FACE_BOUND('',#1072,.T.);
#1179=FACE_BOUND('',#1073,.T.);
#1180=FACE_BOUND('',#1074,.T.);
#1181=FACE_BOUND('',#1075,.T.);
#1182=FACE_BOUND('',#1076,.T.);
#1183=FACE_BOUND('',#1077,.T.);
#1184=FACE_BOUND('',#1078,.T.);
#1185=FACE_BOUND('',#1079,.T.);
#1186=FACE_BOUND('',#1080,.T.);
#1187=FACE_BOUND('',#1081,.T.);
#1188=FACE_BOUND('',#1082,.T.);
#1189=FACE_BOUND('',#1083,.T.);
#1190=FACE_BOUND('',#1084,.T.);
#1191=FACE_BOUND('',#1085,.T.);
#1192=FACE_BOUND('',#1086,.T.);
#1193=FACE_BOUND('',#1087,.T.);
#1194=FACE_BOUND('',#1088,.T.);
#1195=FACE_BOUND('',#1089,.T.);
#1196=FACE_BOUND('',#1090,.T.);
#1197=FACE_BOUND('',#1091,.T.);
#1198=FACE_BOUND('',#1092,.T.);
#1199=FACE_BOUND('',#1093,.T.);
#1200=FACE_BOUND('',#1094,.T.);
#1201=FACE_BOUND('',#1095,.T.);
#1202=FACE_BOUND('',#1096,.T.);
#1203=FACE_BOUND('',#1097,.T.);
#1204=FACE_BOUND('',#1098,.T.);
#1205=FACE_BOUND('',#1099,.T.);
#1206=FACE_BOUND('',#1100,.T.);
#1207=FACE_BOUND('',#1101,.T.);
#1208=FACE_BOUND('',#1102,.T.);
#1209=FACE_BOUND('',#1103,.T.);
#1210=FACE_BOUND('',#1104,.T.);
#1211=FACE_BOUND('',#1105,.T.);
#1212=FACE_BOUND('',#1106,.T.);
#1213=FACE_BOUND('',#1107,.T.);
#1214=FACE_BOUND('',#1108,.T.);
#1215=FACE_BOUND('',#1109,.T.);
#1216=FACE_BOUND('',#1110,.T.);
#1217=FACE_BOUND('',#1111,.T.);
#1218=FACE_BOUND('',#1112,.T.);
#1219=FACE_BOUND('',#1113,.T.);
#1220=FACE_BOUND('',#1114,.T.);
#1221=FACE_BOUND('',#1115,.T.);
#1222=FACE_BOUND('',#1116,.T.);
#1223=FACE_BOUND('',#1117,.T.);
#1224=FACE_BOUND('',#1118,.T.);
#1225=FACE_BOUND('',#1119,.T.);
#1226=FACE_BOUND('',#1120,.T.);
#1227=FACE_BOUND('',#1121,.T.);
#1228=FACE_BOUND('',#1122,.T.);
#1229=FACE_BOUND('',#1123,.T.);
#1230=FACE_BOUND('',#1124,.T.);
#1231=FACE_BOUND('',#1125,.T.);
#1232=FACE_BOUND('',#1126,.T.);
#1233=FACE_BOUND('',#1127,.T.);
#1234=FACE_BOUND('',#1128,.T.);
#1235=FACE_BOUND('',#1129,.T.);
#1236=FACE_BOUND('',#1130,.T.);
#1237=FACE_BOUND('',#1131,.T.);
#1238=FACE_BOUND('',#1132,.T.);
#1239=FACE_BOUND('',#1133,.T.);
#1240=FACE_BOUND('',#1134,.T.);
#1241=FACE_BOUND('',#1135,.T.);
#1242=FACE_BOUND('',#1136,.T.);
#1243=FACE_BOUND('',#1137,.T.);
#1244=FACE_BOUND('',#1138,.T.);
#1245=FACE_BOUND('',#1139,.T.);
#1246=FACE_BOUND('',#1140,.T.);
#1247=FACE_BOUND('',#1141,.T.);
#1248=FACE_BOUND('',#1142,.T.);
#1249=FACE_BOUND('',#1143,.T.);
#1250=FACE_BOUND('',#1144,.T.);
#1251=FACE_BOUND('',#1145,.T.);
#1252=FACE_BOUND('',#1146,.T.);
#1253=FACE_BOUND('',#1147,.T.);
#1254=FACE_BOUND('',#1148,.T.);
#1255=FACE_BOUND('',#1149,.T.);
#1256=FACE_BOUND('',#1150,.T.);
#1257=FACE_BOUND('',#1151,.T.);
#1258=FACE_BOUND('',#1152,.T.);
#1259=FACE_BOUND('',#1153,.T.);
#1260=FACE_BOUND('',#1154,.T.);
#1261=FACE_BOUND('',#1155,.T.);
#1262=FACE_BOUND('',#1156,.T.);
#1263=FACE_BOUND('',#1157,.T.);
#1264=FACE_BOUND('',#1158,.T.);
#1265=FACE_BOUND('',#1159,.T.);
#1266=FACE_BOUND('',#1160,.T.);
#1267=FACE_BOUND('',#1161,.T.);
#1268=FACE_BOUND('',#1162,.T.);
#1269=FACE_BOUND('',#1163,.T.);
#1270=FACE_BOUND('',#1164,.T.);
#1271=FACE_BOUND('',#1165,.T.);
#1272=PLANE('',#1439);
#1273=PLANE('',#1440);
#1274=PLANE('',#1442);
#1275=PLANE('',#1443);
#1276=PLANE('',#1445);
#1277=PLANE('',#1446);
#1278=PLANE('',#1447);
#1279=PLANE('',#1448);
#1280=PLANE('',#1449);
#1281=PLANE('',#1454);
#1282=PLANE('',#1455);
#1283=PLANE('',#1456);
#1284=PLANE('',#1457);
#1285=PLANE('',#1458);
#1286=PLANE('',#1460);
#1287=PLANE('',#1462);
#1288=PLANE('',#1463);
#1289=PLANE('',#1464);
#1290=PLANE('',#1465);
#1291=PLANE('',#1466);
#1292=PLANE('',#1468);
#1293=PLANE('',#1469);
#1294=PLANE('',#1470);
#1295=PLANE('',#1471);
#1296=PLANE('',#1472);
#1297=PLANE('',#1474);
#1298=PLANE('',#1475);
#1299=PLANE('',#1476);
#1300=PLANE('',#1477);
#1301=PLANE('',#1478);
#1302=PLANE('',#1480);
#1303=PLANE('',#1481);
#1304=PLANE('',#1482);
#1305=PLANE('',#1483);
#1306=PLANE('',#1484);
#1307=PLANE('',#1486);
#1308=PLANE('',#1490);
#1309=PLANE('',#1494);
#1310=PLANE('',#1498);
#1311=PLANE('',#1502);
#1312=PLANE('',#1503);
#1313=PLANE('',#1504);
#1314=PLANE('',#1505);
#1315=PLANE('',#1506);
#1316=PLANE('',#1507);
#1317=PLANE('',#1508);
#1318=PLANE('',#1509);
#1319=PLANE('',#1510);
#1320=PLANE('',#1531);
#1321=PLANE('',#1532);
#1322=PLANE('',#1533);
#1323=PLANE('',#1534);
#1324=PLANE('',#1539);
#1325=PLANE('',#1540);
#1326=PLANE('',#1541);
#1327=PLANE('',#1542);
#1328=PLANE('',#1543);
#1329=PLANE('',#1544);
#1330=PLANE('',#1545);
#1331=PLANE('',#1546);
#1332=PLANE('',#1547);
#1333=PLANE('',#1548);
#1334=PLANE('',#1549);
#1335=PLANE('',#1550);
#1336=PLANE('',#1551);
#1337=PLANE('',#1552);
#1338=PLANE('',#1553);
#1339=PLANE('',#1554);
#1340=ADVANCED_FACE('',(#1166,#1167),#1272,.F.);
#1341=ADVANCED_FACE('',(#1168),#1273,.T.);
#1342=ADVANCED_FACE('',(#1169),#1274,.F.);
#1343=ADVANCED_FACE('',(#1170),#1275,.F.);
#1344=ADVANCED_FACE('',(#1171),#1276,.T.);
#1345=ADVANCED_FACE('',(#1172),#1277,.T.);
#1346=ADVANCED_FACE('',(#1173,#1174),#1278,.T.);
#1347=ADVANCED_FACE('',(#1175,#1176),#1279,.F.);
#1348=ADVANCED_FACE('',(#1177),#1280,.T.);
#1349=ADVANCED_FACE('',(#1178),#1281,.T.);
#1350=ADVANCED_FACE('',(#1179),#1282,.T.);
#1351=ADVANCED_FACE('',(#1180),#1283,.F.);
#1352=ADVANCED_FACE('',(#1181,#1182,#1183,#1184,#1185),#1284,.F.);
#1353=ADVANCED_FACE('',(#1186),#1285,.F.);
#1354=ADVANCED_FACE('',(#1187),#1286,.T.);
#1355=ADVANCED_FACE('',(#1188),#1287,.T.);
#1356=ADVANCED_FACE('',(#1189),#1288,.F.);
#1357=ADVANCED_FACE('',(#1190),#1289,.F.);
#1358=ADVANCED_FACE('',(#1191),#1290,.T.);
#1359=ADVANCED_FACE('',(#1192,#1193),#1291,.T.);
#1360=ADVANCED_FACE('',(#1194),#1292,.T.);
#1361=ADVANCED_FACE('',(#1195),#1293,.F.);
#1362=ADVANCED_FACE('',(#1196),#1294,.F.);
#1363=ADVANCED_FACE('',(#1197),#1295,.T.);
#1364=ADVANCED_FACE('',(#1198,#1199),#1296,.T.);
#1365=ADVANCED_FACE('',(#1200),#1297,.T.);
#1366=ADVANCED_FACE('',(#1201),#1298,.F.);
#1367=ADVANCED_FACE('',(#1202),#1299,.F.);
#1368=ADVANCED_FACE('',(#1203),#1300,.T.);
#1369=ADVANCED_FACE('',(#1204,#1205),#1301,.T.);
#1370=ADVANCED_FACE('',(#1206),#1302,.T.);
#1371=ADVANCED_FACE('',(#1207),#1303,.F.);
#1372=ADVANCED_FACE('',(#1208),#1304,.F.);
#1373=ADVANCED_FACE('',(#1209),#1305,.T.);
#1374=ADVANCED_FACE('',(#1210,#1211),#1306,.T.);
#1375=ADVANCED_FACE('',(#1212),#1307,.T.);
#1376=ADVANCED_FACE('',(#1213,#1214),#18,.F.);
#1377=ADVANCED_FACE('',(#1215),#1308,.T.);
#1378=ADVANCED_FACE('',(#1216,#1217),#19,.F.);
#1379=ADVANCED_FACE('',(#1218),#1309,.T.);
#1380=ADVANCED_FACE('',(#1219,#1220),#20,.F.);
#1381=ADVANCED_FACE('',(#1221),#1310,.T.);
#1382=ADVANCED_FACE('',(#1222,#1223),#21,.F.);
#1383=ADVANCED_FACE('',(#1224),#1311,.T.);
#1384=ADVANCED_FACE('',(#1225),#1312,.F.);
#1385=ADVANCED_FACE('',(#1226),#1313,.F.);
#1386=ADVANCED_FACE('',(#1227),#1314,.T.);
#1387=ADVANCED_FACE('',(#1228),#1315,.T.);
#1388=ADVANCED_FACE('',(#1229),#1316,.F.);
#1389=ADVANCED_FACE('',(#1230),#1317,.F.);
#1390=ADVANCED_FACE('',(#1231),#1318,.T.);
#1391=ADVANCED_FACE('',(#1232,#1233),#1319,.T.);
#1392=ADVANCED_FACE('',(#1234),#22,.T.);
#1393=ADVANCED_FACE('',(#1235),#23,.T.);
#1394=ADVANCED_FACE('',(#1236),#24,.T.);
#1395=ADVANCED_FACE('',(#1237),#16,.T.);
#1396=ADVANCED_FACE('',(#1238),#17,.T.);
#1397=ADVANCED_FACE('',(#1239),#25,.T.);
#1398=ADVANCED_FACE('',(#1240),#26,.T.);
#1399=ADVANCED_FACE('',(#1241),#27,.T.);
#1400=ADVANCED_FACE('',(#1242),#28,.T.);
#1401=ADVANCED_FACE('',(#1243),#29,.T.);
#1402=ADVANCED_FACE('',(#1244),#1320,.F.);
#1403=ADVANCED_FACE('',(#1245),#1321,.T.);
#1404=ADVANCED_FACE('',(#1246),#1322,.F.);
#1405=ADVANCED_FACE('',(#1247),#1323,.T.);
#1406=ADVANCED_FACE('',(#1248,#1249),#12,.F.);
#1407=ADVANCED_FACE('',(#1250,#1251),#13,.F.);
#1408=ADVANCED_FACE('',(#1252,#1253),#14,.F.);
#1409=ADVANCED_FACE('',(#1254,#1255),#15,.F.);
#1410=ADVANCED_FACE('',(#1256),#1324,.F.);
#1411=ADVANCED_FACE('',(#1257),#1325,.T.);
#1412=ADVANCED_FACE('',(#1258),#1326,.F.);
#1413=ADVANCED_FACE('',(#1259),#1327,.T.);
#1414=ADVANCED_FACE('',(#1260),#1328,.F.);
#1415=ADVANCED_FACE('',(#1261),#1329,.T.);
#1416=ADVANCED_FACE('',(#1262),#1330,.F.);
#1417=ADVANCED_FACE('',(#1263),#1331,.T.);
#1418=ADVANCED_FACE('',(#1264),#1332,.T.);
#1419=ADVANCED_FACE('',(#1265),#1333,.F.);
#1420=ADVANCED_FACE('',(#1266),#1334,.T.);
#1421=ADVANCED_FACE('',(#1267),#1335,.F.);
#1422=ADVANCED_FACE('',(#1268),#1336,.F.);
#1423=ADVANCED_FACE('',(#1269),#1337,.T.);
#1424=ADVANCED_FACE('',(#1270),#1338,.F.);
#1425=ADVANCED_FACE('',(#1271),#1339,.T.);
#1426=CLOSED_SHELL('',(#1340,#1341,#1342,#1343,#1344,#1345,#1346,#1347,#1348,#1349,#1350,#1351,#1352,#1353,#1354,#1355,#1356,#1357,#1358,#1359,#1360,#1361,#1362,#1363,#1364,#1365,#1366,#1367,#1368,#1369,#1370,#1371,#1372,#1373,#1374,#1375,#1376,#1377,#1378,#1379,#1380,#1381,#1382,#1383,#1384,#1385,#1386,#1387,#1388,#1389,#1390,#1391,#1392,#1393,#1394,#1395,#1396,#1397,#1398,#1399,#1400,#1401,#1402,#1403,#1404,#1405,#1406,#1407,#1408,#1409,#1410,#1411,#1412,#1413,#1414,#1415,#1416,#1417,#1418,#1419,#1420,#1421,#1422,#1423,#1424,#1425));
#1427=STYLED_ITEM('',(#1428),#1435);
#1428=PRESENTATION_STYLE_ASSIGNMENT((#1429));
#1429=SURFACE_STYLE_USAGE(.BOTH.,#1430);
#1430=SURFACE_SIDE_STYLE('',(#1431));
#1431=SURFACE_STYLE_FILL_AREA(#1432);
#1432=FILL_AREA_STYLE('',(#1433));
#1433=FILL_AREA_STYLE_COLOUR('',#1434);
#1434=COLOUR_RGB('',0.980392156862745,0.713725490196078,0.00392156862745098);
#1435=MANIFOLD_SOLID_BREP('Part 1',#1426);
#1436=SHAPE_DEFINITION_REPRESENTATION(#2348,#1437);
#1437=SHAPE_REPRESENTATION('Part 1',(#1438),#2343);
#1438=AXIS2_PLACEMENT_3D('',#1947,#1555,#1556);
#1439=AXIS2_PLACEMENT_3D('',#1948,#1557,#1558);
#1440=AXIS2_PLACEMENT_3D('',#1965,#1567,#1568);
#1441=AXIS2_PLACEMENT_3D('',#1969,#1570,#1571);
#1442=AXIS2_PLACEMENT_3D('',#1976,#1575,#1576);
#1443=AXIS2_PLACEMENT_3D('',#1982,#1580,#1581);
#1444=AXIS2_PLACEMENT_3D('',#1983,#1582,#1583);
#1445=AXIS2_PLACEMENT_3D('',#1990,#1587,#1588);
#1446=AXIS2_PLACEMENT_3D('',#1993,#1591,#1592);
#1447=AXIS2_PLACEMENT_3D('',#2003,#1598,#1599);
#1448=AXIS2_PLACEMENT_3D('',#2020,#1608,#1609);
#1449=AXIS2_PLACEMENT_3D('',#2037,#1618,#1619);
#1450=AXIS2_PLACEMENT_3D('',#2041,#1621,#1622);
#1451=AXIS2_PLACEMENT_3D('',#2042,#1623,#1624);
#1452=AXIS2_PLACEMENT_3D('',#2046,#1626,#1627);
#1453=AXIS2_PLACEMENT_3D('',#2055,#1632,#1633);
#1454=AXIS2_PLACEMENT_3D('',#2056,#1634,#1635);
#1455=AXIS2_PLACEMENT_3D('',#2062,#1639,#1640);
#1456=AXIS2_PLACEMENT_3D('',#2068,#1644,#1645);
#1457=AXIS2_PLACEMENT_3D('',#2074,#1649,#1650);
#1458=AXIS2_PLACEMENT_3D('',#2109,#1669,#1670);
#1459=AXIS2_PLACEMENT_3D('',#2110,#1671,#1672);
#1460=AXIS2_PLACEMENT_3D('',#2111,#1673,#1674);
#1461=AXIS2_PLACEMENT_3D('',#2112,#1675,#1676);
#1462=AXIS2_PLACEMENT_3D('',#2113,#1677,#1678);
#1463=AXIS2_PLACEMENT_3D('',#2119,#1682,#1683);
#1464=AXIS2_PLACEMENT_3D('',#2123,#1686,#1687);
#1465=AXIS2_PLACEMENT_3D('',#2127,#1690,#1691);
#1466=AXIS2_PLACEMENT_3D('',#2129,#1693,#1694);
#1467=AXIS2_PLACEMENT_3D('',#2130,#1695,#1696);
#1468=AXIS2_PLACEMENT_3D('',#2140,#1701,#1702);
#1469=AXIS2_PLACEMENT_3D('',#2146,#1706,#1707);
#1470=AXIS2_PLACEMENT_3D('',#2150,#1710,#1711);
#1471=AXIS2_PLACEMENT_3D('',#2154,#1714,#1715);
#1472=AXIS2_PLACEMENT_3D('',#2156,#1717,#1718);
#1473=AXIS2_PLACEMENT_3D('',#2157,#1719,#1720);
#1474=AXIS2_PLACEMENT_3D('',#2167,#1725,#1726);
#1475=AXIS2_PLACEMENT_3D('',#2173,#1730,#1731);
#1476=AXIS2_PLACEMENT_3D('',#2177,#1734,#1735);
#1477=AXIS2_PLACEMENT_3D('',#2181,#1738,#1739);
#1478=AXIS2_PLACEMENT_3D('',#2183,#1741,#1742);
#1479=AXIS2_PLACEMENT_3D('',#2184,#1743,#1744);
#1480=AXIS2_PLACEMENT_3D('',#2194,#1749,#1750);
#1481=AXIS2_PLACEMENT_3D('',#2200,#1754,#1755);
#1482=AXIS2_PLACEMENT_3D('',#2204,#1758,#1759);
#1483=AXIS2_PLACEMENT_3D('',#2208,#1762,#1763);
#1484=AXIS2_PLACEMENT_3D('',#2210,#1765,#1766);
#1485=AXIS2_PLACEMENT_3D('',#2211,#1767,#1768);
#1486=AXIS2_PLACEMENT_3D('',#2221,#1773,#1774);
#1487=AXIS2_PLACEMENT_3D('',#2222,#1775,#1776);
#1488=AXIS2_PLACEMENT_3D('',#2224,#1777,#1778);
#1489=AXIS2_PLACEMENT_3D('',#2225,#1779,#1780);
#1490=AXIS2_PLACEMENT_3D('',#2227,#1781,#1782);
#1491=AXIS2_PLACEMENT_3D('',#2228,#1783,#1784);
#1492=AXIS2_PLACEMENT_3D('',#2230,#1785,#1786);
#1493=AXIS2_PLACEMENT_3D('',#2231,#1787,#1788);
#1494=AXIS2_PLACEMENT_3D('',#2233,#1789,#1790);
#1495=AXIS2_PLACEMENT_3D('',#2234,#1791,#1792);
#1496=AXIS2_PLACEMENT_3D('',#2236,#1793,#1794);
#1497=AXIS2_PLACEMENT_3D('',#2237,#1795,#1796);
#1498=AXIS2_PLACEMENT_3D('',#2239,#1797,#1798);
#1499=AXIS2_PLACEMENT_3D('',#2240,#1799,#1800);
#1500=AXIS2_PLACEMENT_3D('',#2242,#1801,#1802);
#1501=AXIS2_PLACEMENT_3D('',#2243,#1803,#1804);
#1502=AXIS2_PLACEMENT_3D('',#2245,#1805,#1806);
#1503=AXIS2_PLACEMENT_3D('',#2251,#1810,#1811);
#1504=AXIS2_PLACEMENT_3D('',#2255,#1814,#1815);
#1505=AXIS2_PLACEMENT_3D('',#2259,#1818,#1819);
#1506=AXIS2_PLACEMENT_3D('',#2261,#1821,#1822);
#1507=AXIS2_PLACEMENT_3D('',#2267,#1826,#1827);
#1508=AXIS2_PLACEMENT_3D('',#2271,#1830,#1831);
#1509=AXIS2_PLACEMENT_3D('',#2275,#1834,#1835);
#1510=AXIS2_PLACEMENT_3D('',#2277,#1837,#1838);
#1511=AXIS2_PLACEMENT_3D('',#2278,#1839,#1840);
#1512=AXIS2_PLACEMENT_3D('',#2279,#1841,#1842);
#1513=AXIS2_PLACEMENT_3D('',#2280,#1843,#1844);
#1514=AXIS2_PLACEMENT_3D('',#2281,#1845,#1846);
#1515=AXIS2_PLACEMENT_3D('',#2282,#1847,#1848);
#1516=AXIS2_PLACEMENT_3D('',#2283,#1849,#1850);
#1517=AXIS2_PLACEMENT_3D('',#2284,#1851,#1852);
#1518=AXIS2_PLACEMENT_3D('',#2285,#1853,#1854);
#1519=AXIS2_PLACEMENT_3D('',#2286,#1855,#1856);
#1520=AXIS2_PLACEMENT_3D('',#2287,#1857,#1858);
#1521=AXIS2_PLACEMENT_3D('',#2288,#1859,#1860);
#1522=AXIS2_PLACEMENT_3D('',#2289,#1861,#1862);
#1523=AXIS2_PLACEMENT_3D('',#2290,#1863,#1864);
#1524=AXIS2_PLACEMENT_3D('',#2291,#1865,#1866);
#1525=AXIS2_PLACEMENT_3D('',#2292,#1867,#1868);
#1526=AXIS2_PLACEMENT_3D('',#2293,#1869,#1870);
#1527=AXIS2_PLACEMENT_3D('',#2294,#1871,#1872);
#1528=AXIS2_PLACEMENT_3D('',#2295,#1873,#1874);
#1529=AXIS2_PLACEMENT_3D('',#2296,#1875,#1876);
#1530=AXIS2_PLACEMENT_3D('',#2297,#1877,#1878);
#1531=AXIS2_PLACEMENT_3D('',#2298,#1879,#1880);
#1532=AXIS2_PLACEMENT_3D('',#2301,#1883,#1884);
#1533=AXIS2_PLACEMENT_3D('',#2303,#1886,#1887);
#1534=AXIS2_PLACEMENT_3D('',#2305,#1889,#1890);
#1535=AXIS2_PLACEMENT_3D('',#2306,#1891,#1892);
#1536=AXIS2_PLACEMENT_3D('',#2307,#1893,#1894);
#1537=AXIS2_PLACEMENT_3D('',#2308,#1895,#1896);
#1538=AXIS2_PLACEMENT_3D('',#2309,#1897,#1898);
#1539=AXIS2_PLACEMENT_3D('',#2310,#1899,#1900);
#1540=AXIS2_PLACEMENT_3D('',#2313,#1903,#1904);
#1541=AXIS2_PLACEMENT_3D('',#2315,#1906,#1907);
#1542=AXIS2_PLACEMENT_3D('',#2317,#1909,#1910);
#1543=AXIS2_PLACEMENT_3D('',#2318,#1911,#1912);
#1544=AXIS2_PLACEMENT_3D('',#2321,#1915,#1916);
#1545=AXIS2_PLACEMENT_3D('',#2323,#1918,#1919);
#1546=AXIS2_PLACEMENT_3D('',#2325,#1921,#1922);
#1547=AXIS2_PLACEMENT_3D('',#2326,#1923,#1924);
#1548=AXIS2_PLACEMENT_3D('',#2329,#1927,#1928);
#1549=AXIS2_PLACEMENT_3D('',#2331,#1930,#1931);
#1550=AXIS2_PLACEMENT_3D('',#2333,#1933,#1934);
#1551=AXIS2_PLACEMENT_3D('',#2334,#1935,#1936);
#1552=AXIS2_PLACEMENT_3D('',#2337,#1939,#1940);
#1553=AXIS2_PLACEMENT_3D('',#2339,#1942,#1943);
#1554=AXIS2_PLACEMENT_3D('',#2341,#1945,#1946);
#1555=DIRECTION('',(0.,0.,1.));
#1556=DIRECTION('',(1.,0.,0.));
#1557=DIRECTION('',(0.898640971147466,0.438684858383714,0.));
#1558=DIRECTION('',(-0.438684858383715,0.898640971147466,0.));
#1559=DIRECTION('',(0.438684858383715,-0.898640971147466,0.));
#1560=DIRECTION('',(0.,0.,-1.));
#1561=DIRECTION('',(0.438684858383715,-0.898640971147466,0.));
#1562=DIRECTION('',(0.,0.,-1.));
#1563=DIRECTION('',(-5.94663489895816E-17,1.21816143377917E-16,1.));
#1564=DIRECTION('',(0.438684858383715,-0.898640971147466,0.));
#1565=DIRECTION('',(-6.50413192073549E-17,1.33236406819597E-16,1.));
#1566=DIRECTION('',(0.438684858383715,-0.898640971147466,0.));
#1567=DIRECTION('',(0.438684858383714,-0.898640971147466,-3.8145689920984E-16));
#1568=DIRECTION('',(0.898640971147466,0.438684858383715,0.));
#1569=DIRECTION('',(-1.67339365809359E-16,3.42792798356832E-16,-1.));
#1570=DIRECTION('',(0.438684858383714,-0.898640971147466,-3.8145689920984E-16));
#1571=DIRECTION('',(0.898640971147466,0.438684858383715,0.));
#1572=DIRECTION('',(0.898640971147466,0.438684858383714,0.));
#1573=DIRECTION('',(-1.67339365809359E-16,3.42792798356832E-16,-1.));
#1574=DIRECTION('',(0.898640971147466,0.438684858383714,0.));
#1575=DIRECTION('',(0.,0.,1.));
#1576=DIRECTION('',(1.,0.,0.));
#1577=DIRECTION('',(0.438684858383715,-0.898640971147466,0.));
#1578=DIRECTION('',(0.898640971147466,0.438684858383714,0.));
#1579=DIRECTION('',(0.438684858383715,-0.898640971147466,0.));
#1580=DIRECTION('',(0.438684858383714,-0.898640971147466,-2.51821272089279E-16));
#1581=DIRECTION('',(0.898640971147466,0.438684858383715,0.));
#1582=DIRECTION('',(0.438684858383714,-0.898640971147466,-2.51821272089279E-16));
#1583=DIRECTION('',(0.898640971147466,0.438684858383715,0.));
#1584=DIRECTION('',(-1.10470179084492E-16,2.262969125059E-16,-1.));
#1585=DIRECTION('',(0.898640971147466,0.438684858383714,0.));
#1586=DIRECTION('',(-1.10470179084492E-16,2.262969125059E-16,-1.));
#1587=DIRECTION('',(4.75623076496119E-17,-9.74308493202566E-17,1.));
#1588=DIRECTION('',(0.,-1.,-9.74308493202566E-17));
#1589=DIRECTION('',(0.438684858383715,-0.898640971147466,-1.0842021724855E-16));
#1590=DIRECTION('',(0.438684858383715,-0.898640971147466,-1.0842021724855E-16));
#1591=DIRECTION('',(0.898640971147466,0.438684858383714,0.));
#1592=DIRECTION('',(-0.438684858383715,0.898640971147466,0.));
#1593=DIRECTION('',(0.438684858383715,-0.898640971147466,0.));
#1594=DIRECTION('',(0.,0.,-1.));
#1595=DIRECTION('',(0.438684858383715,-0.898640971147466,0.));
#1596=DIRECTION('',(0.,0.,-1.));
#1597=DIRECTION('',(0.438684858383715,-0.898640971147466,0.));
#1598=DIRECTION('',(-1.,0.,0.));
#1599=DIRECTION('',(0.,0.,1.));
#1600=DIRECTION('',(0.,-1.,0.));
#1601=DIRECTION('',(0.,-2.66880534765662E-16,-1.));
#1602=DIRECTION('',(0.,1.,0.));
#1603=DIRECTION('',(0.,2.66880534765662E-16,1.));
#1604=DIRECTION('',(0.,0.,-1.));
#1605=DIRECTION('',(0.,1.,0.));
#1606=DIRECTION('',(0.,0.,-1.));
#1607=DIRECTION('',(0.,1.,0.));
#1608=DIRECTION('',(-1.,0.,0.));
#1609=DIRECTION('',(0.,0.,1.));
#1610=DIRECTION('',(0.,1.,0.));
#1611=DIRECTION('',(0.,0.,-1.));
#1612=DIRECTION('',(0.,1.,0.));
#1613=DIRECTION('',(0.,0.,-1.));
#1614=DIRECTION('',(0.,2.66880534765662E-16,1.));
#1615=DIRECTION('',(0.,-1.,0.));
#1616=DIRECTION('',(0.,2.66880534765662E-16,1.));
#1617=DIRECTION('',(0.,-1.,0.));
#1618=DIRECTION('',(0.,1.,0.));
#1619=DIRECTION('',(0.,0.,1.));
#1620=DIRECTION('',(1.,0.,0.));
#1621=DIRECTION('',(0.,1.,0.));
#1622=DIRECTION('',(0.,0.,1.));
#1623=DIRECTION('',(0.,1.,0.));
#1624=DIRECTION('',(0.,0.,1.));
#1625=DIRECTION('',(1.,0.,0.));
#1626=DIRECTION('',(0.,1.,0.));
#1627=DIRECTION('',(1.,0.,0.));
#1628=DIRECTION('',(0.,0.,-1.));
#1629=DIRECTION('',(1.,0.,0.));
#1630=DIRECTION('',(1.,0.,0.));
#1631=DIRECTION('',(0.,0.,-1.));
#1632=DIRECTION('',(0.,1.,0.));
#1633=DIRECTION('',(-1.,0.,0.));
#1634=DIRECTION('',(4.8714500568025E-05,-0.999999998813449,0.));
#1635=DIRECTION('',(0.999999998813449,4.87145005680251E-05,0.));
#1636=DIRECTION('',(-0.999999998813449,-4.87145005680251E-05,0.));
#1637=DIRECTION('',(0.,0.,-1.));
#1638=DIRECTION('',(-0.999999998813449,-4.87145005680251E-05,0.));
#1639=DIRECTION('',(0.,0.,1.));
#1640=DIRECTION('',(1.,0.,0.));
#1641=DIRECTION('',(0.,1.,0.));
#1642=DIRECTION('',(-0.999999998813449,-4.87145005680251E-05,0.));
#1643=DIRECTION('',(0.438684858383715,-0.898640971147466,0.));
#1644=DIRECTION('',(0.,0.,1.));
#1645=DIRECTION('',(1.,0.,0.));
#1646=DIRECTION('',(-0.999999998813449,-4.87145005680251E-05,0.));
#1647=DIRECTION('',(0.,1.,0.));
#1648=DIRECTION('',(0.438684858383715,-0.898640971147466,0.));
#1649=DIRECTION('',(4.8714500568025E-05,-0.999999998813449,0.));
#1650=DIRECTION('',(0.999999998813449,4.87145005680251E-05,0.));
#1651=DIRECTION('',(0.,0.,-1.));
#1652=DIRECTION('',(-0.999999998813449,-4.87145005680251E-05,0.));
#1653=DIRECTION('',(0.,0.,-1.));
#1654=DIRECTION('',(-0.999999998813449,-4.87145005680251E-05,0.));
#1655=DIRECTION('',(-0.999999998813449,-4.8714500568025E-05,0.));
#1656=DIRECTION('',(0.,0.,1.));
#1657=DIRECTION('',(-0.999999998813449,-4.8714500568025E-05,0.));
#1658=DIRECTION('',(0.,0.,1.));
#1659=DIRECTION('',(0.999999998813449,4.87145005680251E-05,0.));
#1660=DIRECTION('',(0.,0.,-1.));
#1661=DIRECTION('',(0.999999998813449,4.87145005680251E-05,-1.92747052886312E-16));
#1662=DIRECTION('',(0.,0.,-1.));
#1663=DIRECTION('',(-0.999999998813449,-4.87145005680251E-05,0.));
#1664=DIRECTION('',(0.,0.,1.));
#1665=DIRECTION('',(-0.999999998813449,-4.87145005680251E-05,0.));
#1666=DIRECTION('',(0.,0.,1.));
#1667=DIRECTION('',(-0.999999998813449,-4.87145005680251E-05,0.));
#1668=DIRECTION('',(-0.999999998813449,-4.87145005680251E-05,0.));
#1669=DIRECTION('',(0.,0.,1.));
#1670=DIRECTION('',(1.,0.,0.));
#1671=DIRECTION('',(0.,0.,1.));
#1672=DIRECTION('',(1.,0.,0.));
#1673=DIRECTION('',(0.,0.,1.));
#1674=DIRECTION('',(1.,0.,0.));
#1675=DIRECTION('',(0.,0.,1.));
#1676=DIRECTION('',(1.,0.,0.));
#1677=DIRECTION('',(0.999999998813449,4.8714500568025E-05,0.));
#1678=DIRECTION('',(-4.8714500568025E-05,0.999999998813449,0.));
#1679=DIRECTION('',(4.8714500568025E-05,-0.999999998813449,0.));
#1680=DIRECTION('',(0.,0.,1.));
#1681=DIRECTION('',(4.8714500568025E-05,-0.999999998813449,0.));
#1682=DIRECTION('',(0.,0.,1.));
#1683=DIRECTION('',(1.,0.,0.));
#1684=DIRECTION('',(4.8714500568025E-05,-0.999999998813449,0.));
#1685=DIRECTION('',(0.999999998813449,4.8714500568025E-05,0.));
#1686=DIRECTION('',(0.999999998813449,4.8714500568025E-05,0.));
#1687=DIRECTION('',(-4.8714500568025E-05,0.999999998813449,0.));
#1688=DIRECTION('',(4.8714500568025E-05,-0.999999998813449,0.));
#1689=DIRECTION('',(0.,0.,-1.));
#1690=DIRECTION('',(0.,0.,1.));
#1691=DIRECTION('',(1.,0.,0.));
#1692=DIRECTION('',(-0.999999998813449,-4.8714500568025E-05,0.));
#1693=DIRECTION('',(-4.8714500568025E-05,0.999999998813449,0.));
#1694=DIRECTION('',(-0.999999998813449,-4.8714500568025E-05,0.));
#1695=DIRECTION('',(-4.8714500568025E-05,0.999999998813449,0.));
#1696=DIRECTION('',(-0.999999998813449,-4.8714500568025E-05,0.));
#1697=DIRECTION('',(-0.999999998813449,-4.8714500568025E-05,0.));
#1698=DIRECTION('',(0.,0.,1.));
#1699=DIRECTION('',(0.999999998813449,4.8714500568025E-05,0.));
#1700=DIRECTION('',(0.,0.,-1.));
#1701=DIRECTION('',(-0.999999998813449,-4.8714500568025E-05,0.));
#1702=DIRECTION('',(4.8714500568025E-05,-0.999999998813449,0.));
#1703=DIRECTION('',(4.8714500568025E-05,-0.999999998813449,0.));
#1704=DIRECTION('',(0.,0.,-1.));
#1705=DIRECTION('',(4.8714500568025E-05,-0.999999998813449,0.));
#1706=DIRECTION('',(0.,0.,-1.));
#1707=DIRECTION('',(-1.,0.,0.));
#1708=DIRECTION('',(4.8714500568025E-05,-0.999999998813449,0.));
#1709=DIRECTION('',(-0.999999998813449,-4.8714500568025E-05,0.));
#1710=DIRECTION('',(-0.999999998813449,-4.8714500568025E-05,0.));
#1711=DIRECTION('',(4.8714500568025E-05,-0.999999998813449,0.));
#1712=DIRECTION('',(4.8714500568025E-05,-0.999999998813449,0.));
#1713=DIRECTION('',(0.,0.,1.));
#1714=DIRECTION('',(-1.92747052657607E-16,-9.3895764173154E-21,-1.));
#1715=DIRECTION('',(-1.,0.,1.92747052657607E-16));
#1716=DIRECTION('',(0.999999998813449,4.8714500568025E-05,-1.92747052886312E-16));
#1717=DIRECTION('',(-4.8714500568025E-05,0.999999998813449,0.));
#1718=DIRECTION('',(-0.999999998813449,-4.8714500568025E-05,0.));
#1719=DIRECTION('',(-4.8714500568025E-05,0.999999998813449,0.));
#1720=DIRECTION('',(-0.999999998813449,-4.8714500568025E-05,0.));
#1721=DIRECTION('',(0.999999998813449,4.8714500568025E-05,0.));
#1722=DIRECTION('',(0.,0.,-1.));
#1723=DIRECTION('',(-0.999999998813449,-4.8714500568025E-05,1.92747052886312E-16));
#1724=DIRECTION('',(0.,0.,1.));
#1725=DIRECTION('',(0.999999998813449,4.8714500568025E-05,0.));
#1726=DIRECTION('',(-4.8714500568025E-05,0.999999998813449,0.));
#1727=DIRECTION('',(4.8714500568025E-05,-0.999999998813449,0.));
#1728=DIRECTION('',(0.,0.,1.));
#1729=DIRECTION('',(4.8714500568025E-05,-0.999999998813449,0.));
#1730=DIRECTION('',(0.,0.,1.));
#1731=DIRECTION('',(1.,0.,0.));
#1732=DIRECTION('',(4.8714500568025E-05,-0.999999998813449,0.));
#1733=DIRECTION('',(0.999999998813449,4.8714500568025E-05,0.));
#1734=DIRECTION('',(0.999999998813449,4.8714500568025E-05,0.));
#1735=DIRECTION('',(-4.8714500568025E-05,0.999999998813449,0.));
#1736=DIRECTION('',(4.8714500568025E-05,-0.999999998813449,0.));
#1737=DIRECTION('',(0.,0.,-1.));
#1738=DIRECTION('',(0.,0.,1.));
#1739=DIRECTION('',(1.,0.,0.));
#1740=DIRECTION('',(-0.999999998813449,-4.8714500568025E-05,0.));
#1741=DIRECTION('',(-4.8714500568025E-05,0.999999998813449,0.));
#1742=DIRECTION('',(-0.999999998813449,-4.8714500568025E-05,0.));
#1743=DIRECTION('',(-4.8714500568025E-05,0.999999998813449,0.));
#1744=DIRECTION('',(-0.999999998813449,-4.8714500568025E-05,0.));
#1745=DIRECTION('',(-0.999999998813449,-4.8714500568025E-05,0.));
#1746=DIRECTION('',(0.,0.,1.));
#1747=DIRECTION('',(0.999999998813449,4.8714500568025E-05,0.));
#1748=DIRECTION('',(0.,0.,-1.));
#1749=DIRECTION('',(0.,0.,1.));
#1750=DIRECTION('',(1.,0.,0.));
#1751=DIRECTION('',(4.8714500568025E-05,-0.999999998813449,0.));
#1752=DIRECTION('',(-0.999999998813449,-4.8714500568025E-05,0.));
#1753=DIRECTION('',(4.8714500568025E-05,-0.999999998813449,0.));
#1754=DIRECTION('',(-0.999999998813449,-4.8714500568025E-05,0.));
#1755=DIRECTION('',(4.8714500568025E-05,-0.999999998813449,0.));
#1756=DIRECTION('',(4.8714500568025E-05,-0.999999998813449,0.));
#1757=DIRECTION('',(0.,0.,1.));
#1758=DIRECTION('',(0.,0.,1.));
#1759=DIRECTION('',(1.,0.,0.));
#1760=DIRECTION('',(4.8714500568025E-05,-0.999999998813449,0.));
#1761=DIRECTION('',(0.999999998813449,4.8714500568025E-05,0.));
#1762=DIRECTION('',(-0.999999998813449,-4.8714500568025E-05,0.));
#1763=DIRECTION('',(4.8714500568025E-05,-0.999999998813449,0.));
#1764=DIRECTION('',(0.,0.,-1.));
#1765=DIRECTION('',(-4.8714500568025E-05,0.999999998813449,0.));
#1766=DIRECTION('',(-0.999999998813449,-4.8714500568025E-05,0.));
#1767=DIRECTION('',(-4.8714500568025E-05,0.999999998813449,0.));
#1768=DIRECTION('',(-0.999999998813449,-4.8714500568025E-05,0.));
#1769=DIRECTION('',(-0.999999998813449,-4.8714500568025E-05,0.));
#1770=DIRECTION('',(0.,0.,1.));
#1771=DIRECTION('',(0.999999998813449,4.8714500568025E-05,0.));
#1772=DIRECTION('',(0.,0.,-1.));
#1773=DIRECTION('',(-4.8714500568025E-05,0.999999998813449,0.));
#1774=DIRECTION('',(-0.999999998813449,-4.8714500568025E-05,0.));
#1775=DIRECTION('',(4.8714500568025E-05,-0.999999998813449,0.));
#1776=DIRECTION('',(0.999999998813449,4.8714500568025E-05,0.));
#1777=DIRECTION('',(4.8714500568025E-05,-0.999999998813449,0.));
#1778=DIRECTION('',(0.999999998813449,4.8714500568025E-05,0.));
#1779=DIRECTION('',(-4.87145005653721E-05,0.999999998813449,0.));
#1780=DIRECTION('',(-0.999999998813449,-4.87145005653721E-05,0.));
#1781=DIRECTION('',(-4.8714500568025E-05,0.999999998813449,0.));
#1782=DIRECTION('',(-0.999999998813449,-4.8714500568025E-05,0.));
#1783=DIRECTION('',(4.8714500568025E-05,-0.999999998813449,0.));
#1784=DIRECTION('',(0.999999998813449,4.8714500568025E-05,0.));
#1785=DIRECTION('',(4.8714500568025E-05,-0.999999998813449,0.));
#1786=DIRECTION('',(0.999999998813449,4.8714500568025E-05,0.));
#1787=DIRECTION('',(-4.87145005653721E-05,0.999999998813449,0.));
#1788=DIRECTION('',(-0.999999998813449,-4.87145005653721E-05,0.));
#1789=DIRECTION('',(-4.8714500568025E-05,0.999999998813449,0.));
#1790=DIRECTION('',(-0.999999998813449,-4.8714500568025E-05,0.));
#1791=DIRECTION('',(4.8714500568025E-05,-0.999999998813449,0.));
#1792=DIRECTION('',(0.999999998813449,4.8714500568025E-05,0.));
#1793=DIRECTION('',(4.8714500568025E-05,-0.999999998813449,0.));
#1794=DIRECTION('',(0.999999998813449,4.8714500568025E-05,0.));
#1795=DIRECTION('',(-4.87145005653721E-05,0.999999998813449,0.));
#1796=DIRECTION('',(-0.999999998813449,-4.87145005653721E-05,0.));
#1797=DIRECTION('',(-4.8714500568025E-05,0.999999998813449,0.));
#1798=DIRECTION('',(-0.999999998813449,-4.8714500568025E-05,0.));
#1799=DIRECTION('',(4.8714500568025E-05,-0.999999998813449,0.));
#1800=DIRECTION('',(0.999999998813449,4.8714500568025E-05,0.));
#1801=DIRECTION('',(4.8714500568025E-05,-0.999999998813449,0.));
#1802=DIRECTION('',(0.999999998813449,4.8714500568025E-05,0.));
#1803=DIRECTION('',(-4.87145005653721E-05,0.999999998813449,0.));
#1804=DIRECTION('',(-0.999999998813449,-4.87145005653721E-05,0.));
#1805=DIRECTION('',(0.,-1.,2.66880534765662E-16));
#1806=DIRECTION('',(0.,-2.66880534765662E-16,-1.));
#1807=DIRECTION('',(-1.,0.,0.));
#1808=DIRECTION('',(0.,-2.66880534765662E-16,-1.));
#1809=DIRECTION('',(-1.,0.,0.));
#1810=DIRECTION('',(0.,0.,-1.));
#1811=DIRECTION('',(-1.,0.,0.));
#1812=DIRECTION('',(0.,-1.,0.));
#1813=DIRECTION('',(-1.,0.,0.));
#1814=DIRECTION('',(0.,-1.,2.66880534765662E-16));
#1815=DIRECTION('',(0.,-2.66880534765662E-16,-1.));
#1816=DIRECTION('',(0.,2.66880534765662E-16,1.));
#1817=DIRECTION('',(-1.,0.,0.));
#1818=DIRECTION('',(0.,0.,-1.));
#1819=DIRECTION('',(-1.,0.,0.));
#1820=DIRECTION('',(0.,1.,0.));
#1821=DIRECTION('',(0.438684858383715,-0.898640971147466,1.35555964271661E-16));
#1822=DIRECTION('',(0.898640971147466,0.438684858383715,0.));
#1823=DIRECTION('',(-0.898640971147466,-0.438684858383715,0.));
#1824=DIRECTION('',(-5.94663489895816E-17,1.21816143377917E-16,1.));
#1825=DIRECTION('',(-0.898640971147466,-0.438684858383715,0.));
#1826=DIRECTION('',(0.,0.,-1.));
#1827=DIRECTION('',(-1.,0.,0.));
#1828=DIRECTION('',(-0.898640971147466,-0.438684858383715,0.));
#1829=DIRECTION('',(0.438684858383715,-0.898640971147466,0.));
#1830=DIRECTION('',(0.438684858383715,-0.898640971147466,1.4826433592213E-16));
#1831=DIRECTION('',(0.898640971147466,0.438684858383715,0.));
#1832=DIRECTION('',(-0.898640971147466,-0.438684858383715,0.));
#1833=DIRECTION('',(-6.50413192073549E-17,1.33236406819597E-16,1.));
#1834=DIRECTION('',(0.,0.,-1.));
#1835=DIRECTION('',(-1.,0.,0.));
#1836=DIRECTION('',(0.438684858383715,-0.898640971147466,0.));
#1837=DIRECTION('',(-0.898640971147466,-0.438684858383715,0.));
#1838=DIRECTION('',(0.438684858383715,-0.898640971147466,0.));
#1839=DIRECTION('',(0.,1.,0.));
#1840=DIRECTION('',(0.,0.,1.));
#1841=DIRECTION('',(0.,-1.,0.));
#1842=DIRECTION('',(0.,0.,-1.));
#1843=DIRECTION('',(0.,-1.,0.));
#1844=DIRECTION('',(0.,0.,-1.));
#1845=DIRECTION('',(0.,-1.,-5.20417042793042E-16));
#1846=DIRECTION('',(0.,5.20417042793042E-16,-1.));
#1847=DIRECTION('',(0.,0.,-1.));
#1848=DIRECTION('',(-1.,0.,0.));
#1849=DIRECTION('',(0.,0.,1.));
#1850=DIRECTION('',(1.,0.,0.));
#1851=DIRECTION('',(0.,0.,-1.));
#1852=DIRECTION('',(-1.,0.,0.));
#1853=DIRECTION('',(0.,0.,1.));
#1854=DIRECTION('',(1.,0.,0.));
#1855=DIRECTION('',(-0.999999998813449,-4.87145005681477E-05,4.22530938780257E-21));
#1856=DIRECTION('',(4.87145005681477E-05,-0.999999998813449,0.));
#1857=DIRECTION('',(1.38777878078145E-15,5.20417042793042E-16,-1.));
#1858=DIRECTION('',(-1.,0.,-1.38777878078145E-15));
#1859=DIRECTION('',(-0.999999998813449,-4.87145005667599E-05,0.));
#1860=DIRECTION('',(4.87145005667599E-05,-0.999999998813449,0.));
#1861=DIRECTION('',(-0.999999998813449,-4.87145005680251E-05,0.));
#1862=DIRECTION('',(4.87145005680251E-05,-0.999999998813449,0.));
#1863=DIRECTION('',(-0.529750585318557,-0.848153475117945,0.));
#1864=DIRECTION('',(0.848153475117945,-0.529750585318558,0.));
#1865=DIRECTION('',(0.999999998813449,4.87145005680251E-05,0.));
#1866=DIRECTION('',(-4.87145005680251E-05,0.999999998813449,0.));
#1867=DIRECTION('',(0.529750585318557,0.848153475117945,0.));
#1868=DIRECTION('',(-0.848153475117945,0.529750585318558,0.));
#1869=DIRECTION('',(0.438684858383715,-0.898640971147466,0.));
#1870=DIRECTION('',(0.898640971147466,0.438684858383715,0.));
#1871=DIRECTION('',(0.310197038166984,-0.635435124550438,0.707106781186548));
#1872=DIRECTION('',(0.310197038166984,-0.635435124550438,-0.707106781186548));
#1873=DIRECTION('',(-0.438684858383715,0.898640971147466,0.));
#1874=DIRECTION('',(-0.898640971147466,-0.438684858383715,0.));
#1875=DIRECTION('',(-0.310197038166984,0.635435124550438,0.707106781186548));
#1876=DIRECTION('',(-0.310197038166984,0.635435124550438,-0.707106781186548));
#1877=DIRECTION('',(0.,0.,-1.));
#1878=DIRECTION('',(-1.,0.,0.));
#1879=DIRECTION('',(0.707106781186548,0.707106781186547,-1.88713035899492E-16));
#1880=DIRECTION('',(0.,2.66880534765662E-16,1.));
#1881=DIRECTION('',(0.577350269189626,-0.577350269189626,-0.577350269189626));
#1882=DIRECTION('',(-0.577350269189626,0.577350269189626,-0.577350269189626));
#1883=DIRECTION('',(-0.707106781186548,0.,0.707106781186548));
#1884=DIRECTION('',(0.,1.,0.));
#1885=DIRECTION('',(0.577350269189626,0.577350269189626,0.577350269189626));
#1886=DIRECTION('',(0.707106781186548,0.,0.707106781186548));
#1887=DIRECTION('',(0.,-1.,0.));
#1888=DIRECTION('',(0.577350269189626,0.577350269189626,-0.577350269189626));
#1889=DIRECTION('',(-0.707106781186547,0.707106781186548,-1.88713035899492E-16));
#1890=DIRECTION('',(0.,-2.66880534765662E-16,-1.));
#1891=DIRECTION('',(-4.87145005653721E-05,0.999999998813449,0.));
#1892=DIRECTION('',(-0.999999998813449,-4.87145005653721E-05,0.));
#1893=DIRECTION('',(-4.87145005653721E-05,0.999999998813449,0.));
#1894=DIRECTION('',(-0.999999998813449,-4.87145005653721E-05,0.));
#1895=DIRECTION('',(-4.87145005653721E-05,0.999999998813449,0.));
#1896=DIRECTION('',(-0.999999998813449,-4.87145005653721E-05,0.));
#1897=DIRECTION('',(-4.87145005653721E-05,0.999999998813449,0.));
#1898=DIRECTION('',(-0.999999998813449,-4.87145005653721E-05,0.));
#1899=DIRECTION('',(0.707141226701221,-0.707072333993837,0.));
#1900=DIRECTION('',(0.,0.,-1.));
#1901=DIRECTION('',(0.577322143174555,0.577378393834585,0.577350269189625));
#1902=DIRECTION('',(-0.577322143174556,-0.577378393834585,0.577350269189625));
#1903=DIRECTION('',(-3.44463536937664E-05,0.707106780347529,0.707106781186548));
#1904=DIRECTION('',(-0.999999998813449,-4.8714500568025E-05,0.));
#1905=DIRECTION('',(-0.577378393834587,0.577322143174554,-0.577350269189625));
#1906=DIRECTION('',(3.44463536939027E-05,-0.70710678034753,0.707106781186547));
#1907=DIRECTION('',(0.999999998813449,4.8714500568025E-05,-1.92747052886312E-16));
#1908=DIRECTION('',(-0.577378393834587,0.577322143174553,0.577350269189626));
#1909=DIRECTION('',(0.707072333993835,0.707141226701223,0.));
#1910=DIRECTION('',(0.,0.,1.));
#1911=DIRECTION('',(-0.707072333993837,-0.707141226701221,0.));
#1912=DIRECTION('',(0.,0.,1.));
#1913=DIRECTION('',(-0.577378393834584,0.577322143174555,-0.577350269189627));
#1914=DIRECTION('',(0.577378393834584,-0.577322143174555,-0.577350269189627));
#1915=DIRECTION('',(-3.44463536937664E-05,0.707106780347529,-0.707106781186547));
#1916=DIRECTION('',(0.999999998813449,4.8714500568025E-05,0.));
#1917=DIRECTION('',(0.577322143174552,0.577378393834587,0.577350269189627));
#1918=DIRECTION('',(3.44463536937664E-05,-0.707106780347529,-0.707106781186547));
#1919=DIRECTION('',(-0.999999998813449,-4.8714500568025E-05,0.));
#1920=DIRECTION('',(0.577322143174552,0.577378393834587,-0.577350269189627));
#1921=DIRECTION('',(-0.707141226701225,0.707072333993833,0.));
#1922=DIRECTION('',(0.,0.,-1.));
#1923=DIRECTION('',(0.707072333993839,0.70714122670122,0.));
#1924=DIRECTION('',(0.,0.,1.));
#1925=DIRECTION('',(0.577378393834583,-0.577322143174555,-0.577350269189627));
#1926=DIRECTION('',(-0.577378393834583,0.577322143174555,-0.577350269189627));
#1927=DIRECTION('',(3.44463536937664E-05,-0.707106780347529,-0.707106781186548));
#1928=DIRECTION('',(-0.999999998813449,-4.8714500568025E-05,0.));
#1929=DIRECTION('',(-0.577322143174555,-0.577378393834586,0.577350269189625));
#1930=DIRECTION('',(-3.44463536937664E-05,0.707106780347529,-0.707106781186548));
#1931=DIRECTION('',(0.999999998813449,4.8714500568025E-05,0.));
#1932=DIRECTION('',(-0.577322143174555,-0.577378393834586,-0.577350269189625));
#1933=DIRECTION('',(0.707141226701222,-0.707072333993836,0.));
#1934=DIRECTION('',(0.,0.,-1.));
#1935=DIRECTION('',(-0.707072333993839,-0.70714122670122,0.));
#1936=DIRECTION('',(0.,0.,1.));
#1937=DIRECTION('',(-0.577378393834583,0.577322143174555,-0.577350269189628));
#1938=DIRECTION('',(0.577378393834583,-0.577322143174555,-0.577350269189628));
#1939=DIRECTION('',(-3.44463536937664E-05,0.707106780347529,-0.707106781186547));
#1940=DIRECTION('',(0.999999998813449,4.8714500568025E-05,0.));
#1941=DIRECTION('',(0.577322143174554,0.577378393834586,0.577350269189626));
#1942=DIRECTION('',(3.44463536937664E-05,-0.707106780347529,-0.707106781186547));
#1943=DIRECTION('',(-0.999999998813449,-4.8714500568025E-05,0.));
#1944=DIRECTION('',(0.577322143174554,0.577378393834586,-0.577350269189626));
#1945=DIRECTION('',(-0.707141226701222,0.707072333993836,0.));
#1946=DIRECTION('',(0.,0.,-1.));
#1947=CARTESIAN_POINT('',(0.,0.,0.));
#1948=CARTESIAN_POINT('',(0.0611423161475164,0.0119273864378333,0.0753));
#1949=CARTESIAN_POINT('',(0.0611423161475164,0.0119273864378333,0.0729));
#1950=CARTESIAN_POINT('',(0.0503888385666214,0.0339557636471862,0.0729));
#1951=CARTESIAN_POINT('',(0.0697068508300937,-0.00561696599989164,0.0729));
#1952=CARTESIAN_POINT('',(0.0503888385666214,0.0339557636471862,0.0729));
#1953=CARTESIAN_POINT('',(0.0503888385666214,0.0339557636471862,0.0024));
#1954=CARTESIAN_POINT('',(0.0611423161475164,0.0119273864378333,0.0024));
#1955=CARTESIAN_POINT('',(0.0697068508300937,-0.00561696599989164,0.0024));
#1956=CARTESIAN_POINT('',(0.0697068508300937,-0.00561696599989164,0.0753));
#1957=CARTESIAN_POINT('',(0.0544888321656371,0.0255569731279676,0.038140445497319));
#1958=CARTESIAN_POINT('',(0.0544888321656371,0.0255569731279676,0.00364044549731902));
#1959=CARTESIAN_POINT('',(0.0544888321656371,0.0255569731279676,0.072640445497319));
#1960=CARTESIAN_POINT('',(0.0606304201830091,0.0129759995319031,0.072640445497319));
#1961=CARTESIAN_POINT('',(0.0667720082003811,0.000395025935838572,0.072640445497319));
#1962=CARTESIAN_POINT('',(0.0667720082003811,0.000395025935838568,0.038140445497319));
#1963=CARTESIAN_POINT('',(0.0667720082003811,0.000395025935838564,0.00364044549731902));
#1964=CARTESIAN_POINT('',(0.0606304201830091,0.0129759995319031,0.00364044549731902));
#1965=CARTESIAN_POINT('',(0.0558801630601935,0.0227068475255518,0.0387348202072382));
#1966=CARTESIAN_POINT('',(0.0580369013909474,0.0237596911856727,0.0387348202072382));
#1967=CARTESIAN_POINT('',(0.0580369013909474,0.0237596911856727,0.0703));
#1968=CARTESIAN_POINT('',(0.0580369013909474,0.0237596911856727,0.00623482020723817));
#1969=CARTESIAN_POINT('',(0.0535436965352101,0.0215662668937541,0.0703));
#1970=CARTESIAN_POINT('',(0.0579576716223298,0.0237210140043046,0.0712348202072382));
#1971=CARTESIAN_POINT('',(0.0558801630601935,0.0227068475255518,0.0712348202072382));
#1972=CARTESIAN_POINT('',(0.0572281245169147,0.0233648748131274,0.0712348202072382));
#1973=CARTESIAN_POINT('',(0.0572281245169147,0.0233648748131274,0.0387348202072382));
#1974=CARTESIAN_POINT('',(0.0572281245169147,0.0233648748131274,0.00623482020723817));
#1975=CARTESIAN_POINT('',(0.0558801630601935,0.0227068475255518,0.00623482020723817));
#1976=CARTESIAN_POINT('',(0.0611443813607981,0.0119231558717822,0.0712348202072382));
#1977=CARTESIAN_POINT('',(0.0579576716223298,0.0237210140043046,0.0712348202072382));
#1978=CARTESIAN_POINT('',(0.0684861082235389,0.00215363069676548,0.0712348202072382));
#1979=CARTESIAN_POINT('',(0.0664085996614026,0.00113946421801259,0.0712348202072382));
#1980=CARTESIAN_POINT('',(0.0677565611181238,0.00179749150558816,0.0712348202072382));
#1981=CARTESIAN_POINT('',(0.0624923428175193,0.0125811831593577,0.0712348202072382));
#1982=CARTESIAN_POINT('',(0.0664085996614026,0.0011394642180126,0.0387348202072382));
#1983=CARTESIAN_POINT('',(0.0640721331364192,-1.11641378506937E-06,0.0703));
#1984=CARTESIAN_POINT('',(0.0685653379921566,0.00219230787813351,0.0703));
#1985=CARTESIAN_POINT('',(0.0685653379921566,0.00219230787813352,0.0387348202072382));
#1986=CARTESIAN_POINT('',(0.0685653379921565,0.00219230787813353,0.00623482020723817));
#1987=CARTESIAN_POINT('',(0.0664085996614026,0.00113946421801261,0.00623482020723817));
#1988=CARTESIAN_POINT('',(0.0677565611181238,0.00179749150558817,0.00623482020723817));
#1989=CARTESIAN_POINT('',(0.0677565611181238,0.00179749150558817,0.0387348202072382));
#1990=CARTESIAN_POINT('',(0.0611443813607981,0.0119231558717822,0.00623482020723817));
#1991=CARTESIAN_POINT('',(0.0624923428175193,0.0125811831593578,0.00623482020723817));
#1992=CARTESIAN_POINT('',(0.063301119691552,0.0129759995319031,0.00623482020723817));
#1993=CARTESIAN_POINT('',(0.0632990544782704,0.0129802300979542,0.0753));
#1994=CARTESIAN_POINT('',(0.0632990544782704,0.0129802300979542,0.0703));
#1995=CARTESIAN_POINT('',(0.0735490544054162,-0.00801677883171089,0.0703));
#1996=CARTESIAN_POINT('',(0.0735490544054162,-0.00801677883171089,0.0753));
#1997=CARTESIAN_POINT('',(0.0735490544054162,-0.00801677883171089,0.005));
#1998=CARTESIAN_POINT('',(0.0530490545511246,0.0339772390276194,0.005));
#1999=CARTESIAN_POINT('',(0.054419125921753,0.0311706633195379,0.005));
#2000=CARTESIAN_POINT('',(0.054419125921753,0.0311706633195379,0.0753));
#2001=CARTESIAN_POINT('',(0.054419125921753,0.0311706633195379,0.0703));
#2002=CARTESIAN_POINT('',(0.0632990544782704,0.0129802300979542,0.0703));
#2003=CARTESIAN_POINT('',(-0.0492509454488754,0.0129772390276194,0.0753));
#2004=CARTESIAN_POINT('',(-0.0492509454488754,0.0129772390276194,0.04552));
#2005=CARTESIAN_POINT('',(-0.0492509454488754,0.0284772390276194,0.04552));
#2006=CARTESIAN_POINT('',(-0.0492509454488754,0.0194772390276193,0.04552));
#2007=CARTESIAN_POINT('',(-0.0492509454488754,0.0194772390276193,0.03152));
#2008=CARTESIAN_POINT('',(-0.0492509454488754,0.0194772390276193,0.03052));
#2009=CARTESIAN_POINT('',(-0.0492509454488754,0.0274772390276194,0.03052));
#2010=CARTESIAN_POINT('',(-0.0492509454488754,0.0284772390276194,0.03052));
#2011=CARTESIAN_POINT('',(-0.0492509454488754,0.0284772390276194,0.0753));
#2012=CARTESIAN_POINT('',(-0.0492509454488754,0.0339772390276194,0.0753));
#2013=CARTESIAN_POINT('',(-0.0492509454488754,0.0339772390276194,0.0703));
#2014=CARTESIAN_POINT('',(-0.0492509454488754,0.0339772390276194,0.005));
#2015=CARTESIAN_POINT('',(-0.0492509454488754,-0.00802276097238064,0.005));
#2016=CARTESIAN_POINT('',(-0.0492509454488754,-0.00302251739394475,0.005));
#2017=CARTESIAN_POINT('',(-0.0492509454488754,-0.00302251739394475,0.0753));
#2018=CARTESIAN_POINT('',(-0.0492509454488754,-0.00302251739394475,0.0703));
#2019=CARTESIAN_POINT('',(-0.0492509454488754,0.0129772390276194,0.0703));
#2020=CARTESIAN_POINT('',(-0.0468509454488754,0.0129772390276194,0.0753));
#2021=CARTESIAN_POINT('',(-0.0468509454488754,0.0129772390276194,0.0024));
#2022=CARTESIAN_POINT('',(-0.0468509454488754,-0.00562264405473141,0.0024));
#2023=CARTESIAN_POINT('',(-0.0468509454488754,0.0339772390276194,0.0024));
#2024=CARTESIAN_POINT('',(-0.0468509454488754,0.0339772390276194,0.0753));
#2025=CARTESIAN_POINT('',(-0.0468509454488754,0.0339772390276194,0.0729));
#2026=CARTESIAN_POINT('',(-0.0468509454488754,0.0129772390276194,0.0729));
#2027=CARTESIAN_POINT('',(-0.0468509454488754,-0.00562264405473141,0.0729));
#2028=CARTESIAN_POINT('',(-0.0468509454488754,-0.00562264405473141,0.0753));
#2029=CARTESIAN_POINT('',(-0.0468509454488754,0.0274772390276194,0.03802));
#2030=CARTESIAN_POINT('',(-0.0468509454488754,0.0274772390276194,0.03152));
#2031=CARTESIAN_POINT('',(-0.0468509454488754,0.0274772390276194,0.04452));
#2032=CARTESIAN_POINT('',(-0.0468509454488754,0.0239772390276194,0.03152));
#2033=CARTESIAN_POINT('',(-0.0468509454488754,0.0204772390276193,0.03152));
#2034=CARTESIAN_POINT('',(-0.0468509454488754,0.0204772390276193,0.03802));
#2035=CARTESIAN_POINT('',(-0.0468509454488754,0.0204772390276193,0.04452));
#2036=CARTESIAN_POINT('',(-0.0468509454488754,0.0239772390276194,0.04452));
#2037=CARTESIAN_POINT('',(0.00189905455112458,0.0339772390276194,0.0753));
#2038=CARTESIAN_POINT('',(0.00189905455112458,0.0339772390276194,0.));
#2039=CARTESIAN_POINT('',(-0.0442509454488755,0.0339772390276194,0.));
#2040=CARTESIAN_POINT('',(0.0474850972416603,0.0339772390276194,0.));
#2041=CARTESIAN_POINT('',(-0.0442509454488755,0.0339772390276194,0.005));
#2042=CARTESIAN_POINT('',(-0.0442509454488755,0.0339772390276194,0.0703));
#2043=CARTESIAN_POINT('',(-0.0442509454488755,0.0339772390276194,0.0753));
#2044=CARTESIAN_POINT('',(0.00189905455112458,0.0339772390276194,0.0753));
#2045=CARTESIAN_POINT('',(0.0474850972416603,0.0339772390276194,0.0753));
#2046=CARTESIAN_POINT('',(0.0474850972416603,0.0339772390276194,0.0703));
#2047=CARTESIAN_POINT('',(0.0499259210660157,0.0339772390276194,0.0747932048557373));
#2048=CARTESIAN_POINT('',(0.0499259210660157,0.0339772390276194,0.0753));
#2049=CARTESIAN_POINT('',(0.0499259210660157,0.0339772390276194,0.0729));
#2050=CARTESIAN_POINT('',(0.00189905455112458,0.0339772390276194,0.0729));
#2051=CARTESIAN_POINT('',(0.00189905455112458,0.0339772390276194,0.0024));
#2052=CARTESIAN_POINT('',(0.0499259210660157,0.0339772390276194,0.0024));
#2053=CARTESIAN_POINT('',(0.0499259210660157,0.0339772390276194,0.0753));
#2054=CARTESIAN_POINT('',(0.0499259210660157,0.0339772390276194,0.000506795144262662));
#2055=CARTESIAN_POINT('',(0.0474850972416603,0.0339772390276194,0.005));
#2056=CARTESIAN_POINT('',(0.0121490544782703,-0.00801976990204576,0.0753));
#2057=CARTESIAN_POINT('',(0.0121490544782703,-0.00801976990204576,0.0703));
#2058=CARTESIAN_POINT('',(-0.0442507018763726,-0.008022517388012,0.0703));
#2059=CARTESIAN_POINT('',(-0.0442507018763726,-0.008022517388012,0.0753));
#2060=CARTESIAN_POINT('',(-0.0442507018763726,-0.008022517388012,0.005));
#2061=CARTESIAN_POINT('',(0.0735490544054162,-0.00801677883171088,0.005));
#2062=CARTESIAN_POINT('',(0.0121490544782703,0.0129772390276194,0.0753));
#2063=CARTESIAN_POINT('',(-0.0442509454488755,0.0129772390276194,0.0753));
#2064=CARTESIAN_POINT('',(-0.0442509454488755,-0.00302251739394475,0.0753));
#2065=CARTESIAN_POINT('',(0.0121498337645697,-0.00301976985815046,0.0753));
#2066=CARTESIAN_POINT('',(0.0655444636234943,-0.00301716876542079,0.0753));
#2067=CARTESIAN_POINT('',(0.0489634974483619,0.0309487529239736,0.0753));
#2068=CARTESIAN_POINT('',(0.0121490544782703,0.0129772390276194,0.));
#2069=CARTESIAN_POINT('',(-0.0492511890213784,-0.00302276097831339,0.));
#2070=CARTESIAN_POINT('',(0.0655444636234943,-0.00301716876542078,0.));
#2071=CARTESIAN_POINT('',(-0.0442509454488755,-0.00302251739394475,0.));
#2072=CARTESIAN_POINT('',(-0.0442509454488755,0.0339772390276194,0.));
#2073=CARTESIAN_POINT('',(0.0690558495496788,-0.0102102031236295,0.));
#2074=CARTESIAN_POINT('',(0.012148937563469,-0.00561976990489348,0.0753));
#2075=CARTESIAN_POINT('',(-0.0350943792544964,-0.00562207133948018,0.0113));
#2076=CARTESIAN_POINT('',(-0.0350943792544964,-0.00562207133948018,0.0158));
#2077=CARTESIAN_POINT('',(-0.0350943792544964,-0.00562207133948018,0.0068));
#2078=CARTESIAN_POINT('',(-0.039594379249157,-0.00562229055473273,0.0158));
#2079=CARTESIAN_POINT('',(-0.0440943792438174,-0.00562250976998529,0.0158));
#2080=CARTESIAN_POINT('',(-0.0440943792438174,-0.00562250976998529,0.0113));
#2081=CARTESIAN_POINT('',(-0.0440943792438174,-0.00562250976998529,0.0068));
#2082=CARTESIAN_POINT('',(-0.039594379249157,-0.00562229055473273,0.0068));
#2083=CARTESIAN_POINT('',(0.0447730658252277,-0.00561818063677686,0.0595));
#2084=CARTESIAN_POINT('',(0.0492764426071681,-0.0056179612570258,0.0595));
#2085=CARTESIAN_POINT('',(0.0402696890432872,-0.00561840001652792,0.0595));
#2086=CARTESIAN_POINT('',(0.0492764426071681,-0.0056179612570258,0.064));
#2087=CARTESIAN_POINT('',(0.0492764426071681,-0.0056179612570258,0.0685));
#2088=CARTESIAN_POINT('',(0.0447730658252277,-0.00561818063677686,0.0685));
#2089=CARTESIAN_POINT('',(0.0402696890432872,-0.00561840001652792,0.0685));
#2090=CARTESIAN_POINT('',(0.0402696890432872,-0.00561840001652792,0.064));
#2091=CARTESIAN_POINT('',(0.0454056206499862,-0.00561814982218445,0.0158));
#2092=CARTESIAN_POINT('',(0.0409056206553257,-0.00561836903743701,0.0158));
#2093=CARTESIAN_POINT('',(0.0499056206446467,-0.0056179306069319,0.0158));
#2094=CARTESIAN_POINT('',(0.0409056206553257,-0.00561836903743701,0.0113));
#2095=CARTESIAN_POINT('',(0.0409056206553257,-0.00561836903743701,0.0068));
#2096=CARTESIAN_POINT('',(0.0454056206499862,-0.00561814982218445,0.0068));
#2097=CARTESIAN_POINT('',(0.0499056206446467,-0.0056179306069319,0.0068));
#2098=CARTESIAN_POINT('',(0.0499056206446467,-0.0056179306069319,0.0113));
#2099=CARTESIAN_POINT('',(-0.0402269340739155,-0.00562232136932514,0.0595));
#2100=CARTESIAN_POINT('',(-0.035726934079255,-0.00562210215407259,0.0595));
#2101=CARTESIAN_POINT('',(-0.044726934068576,-0.0056225405845777,0.0595));
#2102=CARTESIAN_POINT('',(-0.035726934079255,-0.00562210215407259,0.064));
#2103=CARTESIAN_POINT('',(-0.035726934079255,-0.00562210215407259,0.0685));
#2104=CARTESIAN_POINT('',(-0.0402269340739155,-0.00562232136932514,0.0685));
#2105=CARTESIAN_POINT('',(-0.0447269340685761,-0.0056225405845777,0.0685));
#2106=CARTESIAN_POINT('',(-0.044726934068576,-0.0056225405845777,0.064));
#2107=CARTESIAN_POINT('',(0.012148937563469,-0.00561976990489348,0.0024));
#2108=CARTESIAN_POINT('',(0.012148937563469,-0.00561976990489348,0.0729));
#2109=CARTESIAN_POINT('',(0.0121490544782703,0.0129772390276194,0.0729));
#2110=CARTESIAN_POINT('',(0.0499259210660157,0.0289772390276193,0.0729));
#2111=CARTESIAN_POINT('',(0.0121490544782703,0.0129772390276194,0.0024));
#2112=CARTESIAN_POINT('',(0.0499259210660157,0.0289772390276193,0.0024));
#2113=CARTESIAN_POINT('',(-0.0357283370568713,0.0231778978117547,0.064));
#2114=CARTESIAN_POINT('',(-0.0357283370568713,0.0231778978117547,0.0595));
#2115=CARTESIAN_POINT('',(-0.0357282883423708,0.0221778978129413,0.0595));
#2116=CARTESIAN_POINT('',(-0.0357282883423708,0.0221778978129413,0.064));
#2117=CARTESIAN_POINT('',(-0.0357282883423708,0.0221778978129413,0.0685));
#2118=CARTESIAN_POINT('',(-0.0357283370568713,0.0231778978117547,0.0685));
#2119=CARTESIAN_POINT('',(-0.0402283370515319,0.0231776785965022,0.0595));
#2120=CARTESIAN_POINT('',(-0.0447283370461924,0.0231774593812497,0.0595));
#2121=CARTESIAN_POINT('',(-0.0447282883316918,0.0221774593824362,0.0595));
#2122=CARTESIAN_POINT('',(-0.0357282883423708,0.0221778978129413,0.0595));
#2123=CARTESIAN_POINT('',(-0.0447283370461924,0.0231774593812497,0.064));
#2124=CARTESIAN_POINT('',(-0.0447283370461924,0.0231774593812497,0.0685));
#2125=CARTESIAN_POINT('',(-0.0447282883316918,0.0221774593824362,0.0685));
#2126=CARTESIAN_POINT('',(-0.0447282883316918,0.0221774593824362,0.0595));
#2127=CARTESIAN_POINT('',(-0.0402283370515319,0.0231776785965022,0.0685));
#2128=CARTESIAN_POINT('',(-0.0402282883370313,0.0221776785976887,0.0685));
#2129=CARTESIAN_POINT('',(0.0114265497129927,0.0231801949385158,0.03765));
#2130=CARTESIAN_POINT('',(-0.0402283370515319,0.0231776785965022,0.064));
#2131=CARTESIAN_POINT('',(-0.0428283370484468,0.0231775519388007,0.064));
#2132=CARTESIAN_POINT('',(-0.0447283370461923,0.0231774593812497,0.0605));
#2133=CARTESIAN_POINT('',(-0.0367283370556848,0.0231778490972541,0.0605));
#2134=CARTESIAN_POINT('',(-0.0437283370473789,0.0231775080957502,0.0605));
#2135=CARTESIAN_POINT('',(-0.0437283370473789,0.0231775080957502,0.0685));
#2136=CARTESIAN_POINT('',(-0.0437283370473789,0.0231775080957502,0.0675));
#2137=CARTESIAN_POINT('',(0.0114265497129927,0.0231801949385158,0.0675));
#2138=CARTESIAN_POINT('',(-0.0367283370556848,0.0231778490972541,0.0675));
#2139=CARTESIAN_POINT('',(-0.0367283370556847,0.0231778490972541,0.03765));
#2140=CARTESIAN_POINT('',(0.0409042176777093,0.0231816309283903,0.0113));
#2141=CARTESIAN_POINT('',(0.0409042176777093,0.0231816309283903,0.0158));
#2142=CARTESIAN_POINT('',(0.0409042663922099,0.0221816309295769,0.0158));
#2143=CARTESIAN_POINT('',(0.0409042663922099,0.0221816309295769,0.0113));
#2144=CARTESIAN_POINT('',(0.0409042663922099,0.0221816309295769,0.0068));
#2145=CARTESIAN_POINT('',(0.0409042176777093,0.0231816309283903,0.0068));
#2146=CARTESIAN_POINT('',(0.0454042176723698,0.0231818501436429,0.0158));
#2147=CARTESIAN_POINT('',(0.0499042176670304,0.0231820693588955,0.0158));
#2148=CARTESIAN_POINT('',(0.0499042663815309,0.022182069360082,0.0158));
#2149=CARTESIAN_POINT('',(0.0409042663922099,0.0221816309295769,0.0158));
#2150=CARTESIAN_POINT('',(0.0499042176670304,0.0231820693588955,0.0113));
#2151=CARTESIAN_POINT('',(0.0499042176670304,0.0231820693588955,0.0068));
#2152=CARTESIAN_POINT('',(0.0499042663815309,0.022182069360082,0.0068));
#2153=CARTESIAN_POINT('',(0.0499042663815309,0.0221820693600819,0.0158));
#2154=CARTESIAN_POINT('',(0.0454042176723698,0.0231818501436429,0.0068));
#2155=CARTESIAN_POINT('',(0.0454042663868704,0.0221818501448294,0.0068));
#2156=CARTESIAN_POINT('',(0.0114265497129927,0.0231801949385158,0.03765));
#2157=CARTESIAN_POINT('',(0.0454042176723698,0.0231818501436429,0.0113));
#2158=CARTESIAN_POINT('',(0.0428042176754548,0.0231817234859414,0.0113));
#2159=CARTESIAN_POINT('',(0.0499042176670304,0.0231820693588955,0.0148));
#2160=CARTESIAN_POINT('',(0.0419042176765228,0.0231816796428909,0.0148));
#2161=CARTESIAN_POINT('',(0.0489042176682169,0.0231820206443948,0.0148));
#2162=CARTESIAN_POINT('',(0.0489042176682169,0.0231820206443948,0.0068));
#2163=CARTESIAN_POINT('',(0.0489042176682169,0.0231820206443948,0.0078));
#2164=CARTESIAN_POINT('',(0.0114265497129927,0.0231801949385158,0.0078));
#2165=CARTESIAN_POINT('',(0.0419042176765228,0.0231816796428909,0.0078));
#2166=CARTESIAN_POINT('',(0.0419042176765228,0.0231816796428909,0.03765));
#2167=CARTESIAN_POINT('',(0.0492750396295518,0.0231820387088016,0.064));
#2168=CARTESIAN_POINT('',(0.0492750396295518,0.0231820387088016,0.0595));
#2169=CARTESIAN_POINT('',(0.0492750883440523,0.022182038709988,0.0595));
#2170=CARTESIAN_POINT('',(0.0492750883440523,0.022182038709988,0.064));
#2171=CARTESIAN_POINT('',(0.0492750883440523,0.0221820387099881,0.0685));
#2172=CARTESIAN_POINT('',(0.0492750396295518,0.0231820387088016,0.0685));
#2173=CARTESIAN_POINT('',(0.0447716628476113,0.0231818193290504,0.0595));
#2174=CARTESIAN_POINT('',(0.0402682860656709,0.0231815999492994,0.0595));
#2175=CARTESIAN_POINT('',(0.0402683347801714,0.022181599950486,0.0595));
#2176=CARTESIAN_POINT('',(0.0492750883440523,0.0221820387099881,0.0595));
#2177=CARTESIAN_POINT('',(0.0402682860656709,0.0231815999492994,0.064));
#2178=CARTESIAN_POINT('',(0.0402682860656709,0.0231815999492994,0.0685));
#2179=CARTESIAN_POINT('',(0.0402683347801714,0.022181599950486,0.0685));
#2180=CARTESIAN_POINT('',(0.0402683347801714,0.022181599950486,0.0595));
#2181=CARTESIAN_POINT('',(0.0447716628476113,0.0231818193290504,0.0685));
#2182=CARTESIAN_POINT('',(0.0447717115621118,0.022181819330237,0.0685));
#2183=CARTESIAN_POINT('',(0.0114265497129927,0.0231801949385158,0.03765));
#2184=CARTESIAN_POINT('',(0.0447682860603313,0.023181819164552,0.064));
#2185=CARTESIAN_POINT('',(0.0421682860634164,0.0231816925068505,0.064));
#2186=CARTESIAN_POINT('',(0.0402682860656709,0.0231815999492994,0.0605));
#2187=CARTESIAN_POINT('',(0.0482750396307383,0.023181989994301,0.0605));
#2188=CARTESIAN_POINT('',(0.0412682860644843,0.0231816486638,0.0605));
#2189=CARTESIAN_POINT('',(0.0412682860644843,0.0231816486638,0.0685));
#2190=CARTESIAN_POINT('',(0.0412682860644843,0.0231816486638,0.0675));
#2191=CARTESIAN_POINT('',(0.0114265497129927,0.0231801949385158,0.0675));
#2192=CARTESIAN_POINT('',(0.0482750396307383,0.023181989994301,0.0675));
#2193=CARTESIAN_POINT('',(0.0482750396307383,0.023181989994301,0.03765));
#2194=CARTESIAN_POINT('',(-0.0395957822267733,0.0231777094110946,0.0158));
#2195=CARTESIAN_POINT('',(-0.0350957822321128,0.0231779286263472,0.0158));
#2196=CARTESIAN_POINT('',(-0.0350957335176122,0.0221779286275337,0.0158));
#2197=CARTESIAN_POINT('',(-0.0395957335122728,0.0221777094122811,0.0158));
#2198=CARTESIAN_POINT('',(-0.0440957335069333,0.0221774901970286,0.0158));
#2199=CARTESIAN_POINT('',(-0.0440957822214339,0.023177490195842,0.0158));
#2200=CARTESIAN_POINT('',(-0.0350957822321128,0.0231779286263472,0.0113));
#2201=CARTESIAN_POINT('',(-0.0350957822321128,0.0231779286263472,0.0068));
#2202=CARTESIAN_POINT('',(-0.0350957335176122,0.0221779286275337,0.0068));
#2203=CARTESIAN_POINT('',(-0.0350957335176122,0.0221779286275337,0.0158));
#2204=CARTESIAN_POINT('',(-0.0395957822267733,0.0231777094110946,0.0068));
#2205=CARTESIAN_POINT('',(-0.0440957822214339,0.023177490195842,0.0068));
#2206=CARTESIAN_POINT('',(-0.0440957335069333,0.0221774901970286,0.0068));
#2207=CARTESIAN_POINT('',(-0.0350957335176122,0.0221779286275337,0.0068));
#2208=CARTESIAN_POINT('',(-0.0440957822214339,0.023177490195842,0.0113));
#2209=CARTESIAN_POINT('',(-0.0440957335069333,0.0221774901970286,0.0113));
#2210=CARTESIAN_POINT('',(0.0114265497129927,0.0231801949385158,0.03765));
#2211=CARTESIAN_POINT('',(-0.0395957822267733,0.0231777094110946,0.0113));
#2212=CARTESIAN_POINT('',(-0.0421957822236883,0.0231775827533931,0.0113));
#2213=CARTESIAN_POINT('',(-0.0440957822214339,0.023177490195842,0.0078));
#2214=CARTESIAN_POINT('',(-0.0360957822309263,0.0231778799118466,0.0078));
#2215=CARTESIAN_POINT('',(-0.0430957822226204,0.0231775389103426,0.0078));
#2216=CARTESIAN_POINT('',(-0.0430957822226204,0.0231775389103426,0.03765));
#2217=CARTESIAN_POINT('',(-0.0430957822226204,0.0231775389103426,0.0148));
#2218=CARTESIAN_POINT('',(0.0114265497129927,0.0231801949385158,0.0148));
#2219=CARTESIAN_POINT('',(-0.0360957822309263,0.0231778799118466,0.0148));
#2220=CARTESIAN_POINT('',(-0.0360957822309263,0.0231778799118466,0.0068));
#2221=CARTESIAN_POINT('',(-0.0379953925126673,0.0151777873637879,0.0113));
#2222=CARTESIAN_POINT('',(-0.0395953925107687,0.015177709420587,0.0113));
#2223=CARTESIAN_POINT('',(-0.0379953925126672,0.0151777873637879,0.0113));
#2224=CARTESIAN_POINT('',(-0.0395957822267733,0.0231777094110946,0.0113));
#2225=CARTESIAN_POINT('',(-0.0395957335122728,0.0221777094122811,0.0113));
#2226=CARTESIAN_POINT('',(-0.0411957335103743,0.0221776314690802,0.0113));
#2227=CARTESIAN_POINT('',(0.0463686757744374,0.0151818971172453,0.064));
#2228=CARTESIAN_POINT('',(0.0447686757763359,0.0151818191740443,0.064));
#2229=CARTESIAN_POINT('',(0.0463686757744374,0.0151818971172453,0.064));
#2230=CARTESIAN_POINT('',(0.0447682860603313,0.023181819164552,0.064));
#2231=CARTESIAN_POINT('',(0.0447683347748319,0.0221818191657385,0.064));
#2232=CARTESIAN_POINT('',(0.0431683347767304,0.0221817412225376,0.064));
#2233=CARTESIAN_POINT('',(0.0470046073864759,0.0151819280963362,0.0113));
#2234=CARTESIAN_POINT('',(0.0454046073883744,0.0151818501531353,0.0113));
#2235=CARTESIAN_POINT('',(0.0470046073864759,0.0151819280963362,0.0113));
#2236=CARTESIAN_POINT('',(0.0454042176723698,0.0231818501436429,0.0113));
#2237=CARTESIAN_POINT('',(0.0454042663868704,0.0221818501448295,0.0113));
#2238=CARTESIAN_POINT('',(0.0438042663887689,0.0221817722016285,0.0113));
#2239=CARTESIAN_POINT('',(-0.0386279473374258,0.0151777565491955,0.064));
#2240=CARTESIAN_POINT('',(-0.0402279473355273,0.0151776786059946,0.064));
#2241=CARTESIAN_POINT('',(-0.0386279473374258,0.0151777565491955,0.064));
#2242=CARTESIAN_POINT('',(-0.0402283370515319,0.0231776785965022,0.064));
#2243=CARTESIAN_POINT('',(-0.0402282883370313,0.0221776785976887,0.064));
#2244=CARTESIAN_POINT('',(-0.0418282883351328,0.0221776006544878,0.064));
#2245=CARTESIAN_POINT('',(-0.0468509454488754,0.0274772390276194,0.03802));
#2246=CARTESIAN_POINT('',(-0.0468509454488754,0.0274772390276194,0.04452));
#2247=CARTESIAN_POINT('',(-0.0482509454488754,0.0274772390276194,0.04452));
#2248=CARTESIAN_POINT('',(-0.0482509454488754,0.0274772390276194,0.03802));
#2249=CARTESIAN_POINT('',(-0.0482509454488754,0.0274772390276194,0.03152));
#2250=CARTESIAN_POINT('',(-0.0468509454488754,0.0274772390276194,0.03152));
#2251=CARTESIAN_POINT('',(-0.0468509454488754,0.0239772390276194,0.03152));
#2252=CARTESIAN_POINT('',(-0.0482509454488754,0.0204772390276193,0.03152));
#2253=CARTESIAN_POINT('',(-0.0482509454488754,0.0204772390276193,0.03152));
#2254=CARTESIAN_POINT('',(-0.0468509454488754,0.0204772390276193,0.03152));
#2255=CARTESIAN_POINT('',(-0.0468509454488754,0.0204772390276193,0.03802));
#2256=CARTESIAN_POINT('',(-0.0482509454488754,0.0204772390276193,0.04452));
#2257=CARTESIAN_POINT('',(-0.0482509454488754,0.0204772390276193,0.04452));
#2258=CARTESIAN_POINT('',(-0.0468509454488754,0.0204772390276193,0.04452));
#2259=CARTESIAN_POINT('',(-0.0468509454488754,0.0239772390276194,0.04452));
#2260=CARTESIAN_POINT('',(-0.0482509454488754,0.0239772390276194,0.04452));
#2261=CARTESIAN_POINT('',(0.0558367936223583,0.0262150004155432,0.038140445497319));
#2262=CARTESIAN_POINT('',(0.0558367936223583,0.0262150004155432,0.00364044549731902));
#2263=CARTESIAN_POINT('',(0.0558367936223583,0.0262150004155432,0.00364044549731902));
#2264=CARTESIAN_POINT('',(0.0558367936223583,0.0262150004155432,0.038140445497319));
#2265=CARTESIAN_POINT('',(0.0558367936223583,0.0262150004155432,0.072640445497319));
#2266=CARTESIAN_POINT('',(0.0558367936223583,0.0262150004155432,0.072640445497319));
#2267=CARTESIAN_POINT('',(0.0619783816397303,0.0136340268194787,0.00364044549731902));
#2268=CARTESIAN_POINT('',(0.0681199696571023,0.00105305322341413,0.00364044549731902));
#2269=CARTESIAN_POINT('',(0.0681199696571023,0.00105305322341413,0.00364044549731902));
#2270=CARTESIAN_POINT('',(0.0619783816397303,0.0136340268194787,0.00364044549731902));
#2271=CARTESIAN_POINT('',(0.0681199696571023,0.00105305322341414,0.038140445497319));
#2272=CARTESIAN_POINT('',(0.0681199696571023,0.00105305322341414,0.072640445497319));
#2273=CARTESIAN_POINT('',(0.0681199696571023,0.00105305322341414,0.072640445497319));
#2274=CARTESIAN_POINT('',(0.0681199696571023,0.00105305322341414,0.038140445497319));
#2275=CARTESIAN_POINT('',(0.0619783816397303,0.0136340268194787,0.072640445497319));
#2276=CARTESIAN_POINT('',(0.0619783816397303,0.0136340268194787,0.072640445497319));
#2277=CARTESIAN_POINT('',(0.0613905643930589,0.0148381638014394,0.03765));
#2278=CARTESIAN_POINT('',(-0.0442509454488755,0.0129772390276194,0.0703));
#2279=CARTESIAN_POINT('',(-0.0442509454488755,-0.00302251739394475,0.0703));
#2280=CARTESIAN_POINT('',(-0.0442509454488755,0.0129772390276194,0.005));
#2281=CARTESIAN_POINT('',(-0.0442509454488755,-0.00302251739394475,0.005));
#2282=CARTESIAN_POINT('',(-0.0442509454488755,-0.00302251739394475,0.0753));
#2283=CARTESIAN_POINT('',(-0.0442509454488755,-0.00302251739394475,0.0703));
#2284=CARTESIAN_POINT('',(-0.0442509454488755,-0.00302251739394476,0.005));
#2285=CARTESIAN_POINT('',(-0.0442509454488755,-0.00302251739394475,0.0703));
#2286=CARTESIAN_POINT('',(-0.0442509454488755,-0.00302251739394476,0.0703));
#2287=CARTESIAN_POINT('',(-0.0442509454488755,-0.00302251739394475,0.005));
#2288=CARTESIAN_POINT('',(-0.0442509454488755,-0.00302251739394475,0.005));
#2289=CARTESIAN_POINT('',(0.0121488109057675,-0.00301976990797852,0.0703));
#2290=CARTESIAN_POINT('',(0.0655444636234943,-0.00301716876542079,0.0703));
#2291=CARTESIAN_POINT('',(0.0121498337645697,-0.00301976985815046,0.005));
#2292=CARTESIAN_POINT('',(0.0655444636234943,-0.00301716876542078,0.005));
#2293=CARTESIAN_POINT('',(0.058805849622533,0.0107868058060357,0.0703));
#2294=CARTESIAN_POINT('',(0.0499259210660157,0.0289772390276193,0.0703));
#2295=CARTESIAN_POINT('',(0.0489634974483619,0.0309487529239736,0.005));
#2296=CARTESIAN_POINT('',(0.0499259210660157,0.0289772390276193,0.005));
#2297=CARTESIAN_POINT('',(0.0499259210660157,0.0289772390276193,0.0753));
#2298=CARTESIAN_POINT('',(-0.0492509454488754,0.0284772390276194,0.0753));
#2299=CARTESIAN_POINT('',(-0.0591776121155421,0.0384039056942861,0.0554466666666667));
#2300=CARTESIAN_POINT('',(-0.0470842787822088,0.0263105723609527,0.0326866666666666));
#2301=CARTESIAN_POINT('',(-0.0482509454488754,0.0239772390276194,0.03152));
#2302=CARTESIAN_POINT('',(-0.0460842787822088,0.0226439056942861,0.0336866666666666));
#2303=CARTESIAN_POINT('',(-0.0492509454488754,0.0129772390276194,0.04552));
#2304=CARTESIAN_POINT('',(-0.0460842787822088,0.0226439056942861,0.0423533333333333));
#2305=CARTESIAN_POINT('',(-0.0482509454488754,0.0204772390276193,0.03802));
#2306=CARTESIAN_POINT('',(0.0454042176723698,0.0231818501436429,0.0113));
#2307=CARTESIAN_POINT('',(0.0447682860603313,0.023181819164552,0.064));
#2308=CARTESIAN_POINT('',(-0.0395957822267733,0.0231777094110946,0.0113));
#2309=CARTESIAN_POINT('',(-0.0402283370515319,0.0231776785965022,0.064));
#2310=CARTESIAN_POINT('',(0.0409042663922099,0.0221816309295769,0.0113));
#2311=CARTESIAN_POINT('',(0.0424041933186792,0.0236817039995479,0.0083));
#2312=CARTESIAN_POINT('',(0.0424041933186792,0.0236817039995479,0.0143));
#2313=CARTESIAN_POINT('',(0.0114265497129927,0.0231801949385158,0.0148));
#2314=CARTESIAN_POINT('',(0.0364110531145158,0.0356739680608432,0.00230744400010222));
#2315=CARTESIAN_POINT('',(0.0454042663868704,0.0221818501448294,0.0068));
#2316=CARTESIAN_POINT('',(0.0484041933115599,0.0236819962865513,0.0083));
#2317=CARTESIAN_POINT('',(0.0489042176682169,0.0231820206443948,0.03765));
#2318=CARTESIAN_POINT('',(0.0492750883440523,0.0221820387099881,0.064));
#2319=CARTESIAN_POINT('',(0.0477738896234885,0.0236830911773846,0.0669988744042387));
#2320=CARTESIAN_POINT('',(0.0477750152740813,0.0236819656364574,0.061));
#2321=CARTESIAN_POINT('',(0.0114265497129927,0.0231801949385158,0.0605));
#2322=CARTESIAN_POINT('',(0.0313215251890819,0.0132339186382081,0.0505527545376999));
#2323=CARTESIAN_POINT('',(0.0447717115621118,0.022181819330237,0.0685));
#2324=CARTESIAN_POINT('',(0.0417693872475679,0.0236827986710498,0.0669988744042387));
#2325=CARTESIAN_POINT('',(0.0412682860644843,0.0231816486638,0.03765));
#2326=CARTESIAN_POINT('',(-0.0360957822309263,0.0231778799118466,0.03765));
#2327=CARTESIAN_POINT('',(-0.0202542332407303,0.00733787427276337,-0.0080407773334355));
#2328=CARTESIAN_POINT('',(-0.0284787445311845,0.0155615842963301,0.0224166666666667));
#2329=CARTESIAN_POINT('',(-0.0395957335122728,0.0221777094122811,0.0158));
#2330=CARTESIAN_POINT('',(-0.0425958065804639,0.0236775632669996,0.0143));
#2331=CARTESIAN_POINT('',(0.0114265497129927,0.0231801949385158,0.0078));
#2332=CARTESIAN_POINT('',(-0.0249225569201404,0.0413525348982714,0.0259741106667689));
#2333=CARTESIAN_POINT('',(-0.0440957335069333,0.0221774901970286,0.0113));
#2334=CARTESIAN_POINT('',(-0.0357282883423708,0.0221778978129413,0.064));
#2335=CARTESIAN_POINT('',(-0.0372283614123418,0.0236778247394106,0.067));
#2336=CARTESIAN_POINT('',(-0.0372283614123418,0.0236778247394106,0.061));
#2337=CARTESIAN_POINT('',(0.0114265497129927,0.0231801949385158,0.0605));
#2338=CARTESIAN_POINT('',(-0.0253442704081769,0.0415633659634626,0.0788849622752719));
#2339=CARTESIAN_POINT('',(-0.0402282883370313,0.0221776785976887,0.0685));
#2340=CARTESIAN_POINT('',(-0.0432283614052225,0.0236775324524072,0.067));
#2341=CARTESIAN_POINT('',(-0.0437283370473789,0.0231775080957502,0.03765));
#2342=MECHANICAL_DESIGN_GEOMETRIC_PRESENTATION_REPRESENTATION('',(#1427),#2343);
#2343=(
GEOMETRIC_REPRESENTATION_CONTEXT(3)
GLOBAL_UNCERTAINTY_ASSIGNED_CONTEXT((#2344))
GLOBAL_UNIT_ASSIGNED_CONTEXT((#2347,#2346,#2345))
REPRESENTATION_CONTEXT('Part 1','TOP_LEVEL_ASSEMBLY_PART')
);
#2344=UNCERTAINTY_MEASURE_WITH_UNIT(LENGTH_MEASURE(1.E-08),#2347,'DISTANCE_ACCURACY_VALUE','Maximum Tolerance applied to model');
#2345=(
NAMED_UNIT(*)
SI_UNIT($,.STERADIAN.)
SOLID_ANGLE_UNIT()
);
#2346=(
NAMED_UNIT(*)
PLANE_ANGLE_UNIT()
SI_UNIT($,.RADIAN.)
);
#2347=(
LENGTH_UNIT()
NAMED_UNIT(*)
SI_UNIT($,.METRE.)
);
#2348=PRODUCT_DEFINITION_SHAPE('','',#2349);
#2349=PRODUCT_DEFINITION('','',#2351,#2350);
#2350=PRODUCT_DEFINITION_CONTEXT('',#2357,'design');
#2351=PRODUCT_DEFINITION_FORMATION_WITH_SPECIFIED_SOURCE('','',#2353,.NOT_KNOWN.);
#2352=PRODUCT_RELATED_PRODUCT_CATEGORY('','',(#2353));
#2353=PRODUCT('Part 1','Part 1','Part 1',(#2355));
#2354=PRODUCT_CATEGORY('','');
#2355=PRODUCT_CONTEXT('',#2357,'mechanical');
#2356=APPLICATION_PROTOCOL_DEFINITION('international standard','ap242_managed_model_based_3d_engineering',2020,#2357);
#2357=APPLICATION_CONTEXT('managed model based 3d engineering');
#2358=COMPOSITE_SHAPE_ASPECT('hole_callout.Fo0MVI94kQXjQzA_1.JHD.0',$,#2348,$);
#2359=SHAPE_ASPECT('hole_callout.Fo0MVI94kQXjQzA_1.JHD.0',$,#2348,.T.);
#2360=GEOMETRIC_ITEM_SPECIFIC_USAGE('','',#2359,#11,#1382);
#2361=SHAPE_ASPECT_RELATIONSHIP('','',#2358,#2359);
#2362=SHAPE_ASPECT('hole_callout.Fo0MVI94kQXjQzA_1.JHD.0',$,#2348,.T.);
#2363=GEOMETRIC_ITEM_SPECIFIC_USAGE('','',#2362,#11,#1381);
#2364=SHAPE_ASPECT_RELATIONSHIP('','',#2358,#2362);
#2365=SHAPE_ASPECT('hole_callout.Fo0MVI94kQXjQzA_1.JHD.0',$,#2348,.T.);
#2366=GEOMETRIC_ITEM_SPECIFIC_USAGE('','',#2365,#11,#1380);
#2367=SHAPE_ASPECT_RELATIONSHIP('','',#2358,#2365);
#2368=SHAPE_ASPECT('hole_callout.Fo0MVI94kQXjQzA_1.JHD.0',$,#2348,.T.);
#2369=GEOMETRIC_ITEM_SPECIFIC_USAGE('','',#2368,#11,#1379);
#2370=SHAPE_ASPECT_RELATIONSHIP('','',#2358,#2368);
#2371=SHAPE_ASPECT('hole_callout.Fo0MVI94kQXjQzA_1.JHD.0',$,#2348,.T.);
#2372=GEOMETRIC_ITEM_SPECIFIC_USAGE('','',#2371,#11,#1378);
#2373=SHAPE_ASPECT_RELATIONSHIP('','',#2358,#2371);
#2374=SHAPE_ASPECT('hole_callout.Fo0MVI94kQXjQzA_1.JHD.0',$,#2348,.T.);
#2375=GEOMETRIC_ITEM_SPECIFIC_USAGE('','',#2374,#11,#1377);
#2376=SHAPE_ASPECT_RELATIONSHIP('','',#2358,#2374);
#2377=SHAPE_ASPECT('hole_callout.Fo0MVI94kQXjQzA_1.JHD.0',$,#2348,.T.);
#2378=GEOMETRIC_ITEM_SPECIFIC_USAGE('','',#2377,#11,#1376);
#2379=SHAPE_ASPECT_RELATIONSHIP('','',#2358,#2377);
#2380=SHAPE_ASPECT('hole_callout.Fo0MVI94kQXjQzA_1.JHD.0',$,#2348,.T.);
#2381=GEOMETRIC_ITEM_SPECIFIC_USAGE('','',#2380,#11,#1375);
#2382=SHAPE_ASPECT_RELATIONSHIP('','',#2358,#2380);
#2383=DIMENSIONAL_SIZE(#2358,'depth');
#2384=(
LENGTH_UNIT()
NAMED_UNIT(*)
SI_UNIT(.MILLI.,.METRE.)
);
#2386=PRECISION_QUALIFIER(3);
#2385=(
LENGTH_MEASURE_WITH_UNIT()
MEASURE_REPRESENTATION_ITEM()
MEASURE_WITH_UNIT(POSITIVE_LENGTH_MEASURE(8.00000000000001),#2384)
QUALIFIED_REPRESENTATION_ITEM((#2386))
REPRESENTATION_ITEM('nominal value')
);
#2387=COMPOUND_REPRESENTATION_ITEM('modifiers',SET_REPRESENTATION_ITEM((#2388)));
#2388=DESCRIPTIVE_REPRESENTATION_ITEM('dimensional note','depth');
#2389=SHAPE_DIMENSION_REPRESENTATION('',(#2385,#2387),#2343);
#2390=DIMENSIONAL_CHARACTERISTIC_REPRESENTATION(#2383,#2389);
#2391=DIMENSIONAL_SIZE(#2358,'diameter');
#2392=(
LENGTH_UNIT()
NAMED_UNIT(*)
SI_UNIT(.MILLI.,.METRE.)
);
#2394=PRECISION_QUALIFIER(3);
#2393=(
LENGTH_MEASURE_WITH_UNIT()
MEASURE_REPRESENTATION_ITEM()
MEASURE_WITH_UNIT(POSITIVE_LENGTH_MEASURE(3.2),#2392)
QUALIFIED_REPRESENTATION_ITEM((#2394))
REPRESENTATION_ITEM('nominal value')
);
#2395=COMPOUND_REPRESENTATION_ITEM('modifiers',SET_REPRESENTATION_ITEM((#2396)));
#2396=DESCRIPTIVE_REPRESENTATION_ITEM('dimensional note','diameter');
#2397=SHAPE_DIMENSION_REPRESENTATION('',(#2393,#2395),#2343);
#2398=DIMENSIONAL_CHARACTERISTIC_REPRESENTATION(#2391,#2397);
#2399=PRESENTATION_STYLE_ASSIGNMENT((NULL_STYLE(.NULL.)));
#2400=CARTESIAN_POINT('',(-0.0402282883370313,0.0221776785976887,0.064));
#2401=DIRECTION('',(-4.8714500568025E-05,0.999999998813449,0.));
#2402=DIRECTION('',(-0.999999998813449,-4.8714500568025E-05,0.));
#2403=AXIS2_PLACEMENT_3D('',#2400,#2401,#2402);
#2404=PLANE('',#2403);
#2405=ANNOTATION_PLANE('',(#2399),#2404,(#2432));
#2406=CARTESIAN_POINT('',(0.,0.,0.));
#2407=DIRECTION('',(0.,0.,1.));
#2408=DIRECTION('',(1.,0.,0.));
#2409=AXIS2_PLACEMENT_3D('',#2406,#2407,#2408);
#2410=CARTESIAN_POINT('',(0.,0.,0.));
#2411=DIRECTION('',(0.,0.,1.));
#2412=DIRECTION('',(1.,0.,0.));
#2413=AXIS2_PLACEMENT_3D('',#2410,#2411,#2412);
#2414=SHAPE_REPRESENTATION('',(#2413,#1435),#2343);
#2415=REPRESENTATION_MAP(#2409,#2414);
#2416=MAPPED_ITEM('',#2415,#2409);
#2417=PRESENTATION_STYLE_ASSIGNMENT((NULL_STYLE(.NULL.)));
#2418=STYLED_ITEM('',(#2417),#2416);
#2419=DRAUGHTING_MODEL('',(#2405,#2409,#2416,#2418),#2343);
#2420=DRAUGHTING_PRE_DEFINED_CURVE_FONT('continuous');
#2421=COLOUR_RGB('',0.,0.,0.);
#2422=CURVE_STYLE('',#2420,POSITIVE_LENGTH_MEASURE(0.02),#2421);
#2423=PRESENTATION_STYLE_ASSIGNMENT((#2422));
#2424=COORDINATES_LIST('coordinates',2076,((-0.0413597,0.0221776,0.0651314),(-0.0427739,0.0221776,0.0679598),(-0.0441881,0.0221775,0.0665456),(-0.0523757,0.0221771,0.0726151),(-0.0524727,0.0221771,0.0725744),(-0.0525707,0.0221771,0.0725392),(-0.0523757,0.0221771,0.0726151),(-0.0525707,0.0221771,0.0725392),(-0.0526697,0.0221771,0.0725093),(-0.0523757,0.0221771,0.0726151),(-0.0526697,0.0221771,0.0725093),(-0.0527696,0.0221771,0.0724849),(-0.0523757,0.0221771,0.0726151),(-0.0527696,0.0221771,0.0724849),(-0.0528705,0.0221771,0.0724659),(-0.0523757,0.0221771,0.0726151),(-0.0528705,0.0221771,0.0724659),(-0.0529724,0.0221771,0.0724524),(-0.0523757,0.0221771,0.0726151),(-0.0529724,0.0221771,0.0724524),(-0.0530752,0.0221771,0.0724442),(-0.0523757,0.0221771,0.0726151),(-0.0530752,0.0221771,0.0724442),(-0.0531790,0.0221770,0.0724415),(-0.0523757,0.0221771,0.0726151),(-0.0531790,0.0221770,0.0724415),(-0.0533147,0.0221770,0.0724459),(-0.0523757,0.0221771,0.0726151),(-0.0533147,0.0221770,0.0724459),(-0.0534480,0.0221770,0.0724588),(-0.0523757,0.0221771,0.0726151),(-0.0534480,0.0221770,0.0724588),(-0.0535787,0.0221770,0.0724804),(-0.0523757,0.0221771,0.0726151),(-0.0535787,0.0221770,0.0724804),(-0.0537068,0.0221770,0.0725106),(-0.0523757,0.0221771,0.0726151),(-0.0537068,0.0221770,0.0725106),(-0.0538324,0.0221770,0.0725494),(-0.0523757,0.0221771,0.0726151),(-0.0538324,0.0221770,0.0725494),(-0.0539554,0.0221770,0.0725969),(-0.0523757,0.0221771,0.0726151),(-0.0539554,0.0221770,0.0725969),(-0.0540759,0.0221770,0.0726530),(-0.0523757,0.0221771,0.0726151),(-0.0540759,0.0221770,0.0726530),(-0.0541939,0.0221770,0.0727178),(-0.0523757,0.0221771,0.0726151),(-0.0541939,0.0221770,0.0727178),(-0.0543075,0.0221770,0.0727902),(-0.0523757,0.0221771,0.0726151),(-0.0543075,0.0221770,0.0727902),(-0.0544148,0.0221770,0.0728687),(-0.0523757,0.0221771,0.0726151),(-0.0544148,0.0221770,0.0728687),(-0.0545160,0.0221770,0.0729534),(-0.0523757,0.0221771,0.0726151),(-0.0545160,0.0221770,0.0729534),(-0.0546109,0.0221770,0.0730443),(-0.0523757,0.0221771,0.0726151),(-0.0546109,0.0221770,0.0730443),(-0.0546996,0.0221770,0.0731413),(-0.0546996,0.0221770,0.0731413),(-0.0547821,0.0221770,0.0732444),(-0.0548583,0.0221770,0.0733537),(-0.0546996,0.0221770,0.0731413),(-0.0548583,0.0221770,0.0733537),(-0.0549284,0.0221770,0.0734692),(-0.0546996,0.0221770,0.0731413),(-0.0549284,0.0221770,0.0734692),(-0.0549914,0.0221770,0.0735890),(-0.0546996,0.0221770,0.0731413),(-0.0549914,0.0221770,0.0735890),(-0.0550460,0.0221770,0.0737112),(-0.0546996,0.0221770,0.0731413),(-0.0550460,0.0221770,0.0737112),(-0.0550922,0.0221770,0.0738359),(-0.0546996,0.0221770,0.0731413),(-0.0550922,0.0221770,0.0738359),(-0.0551300,0.0221770,0.0739632),(-0.0546996,0.0221770,0.0731413),(-0.0551300,0.0221770,0.0739632),(-0.0551594,0.0221770,0.0740929),(-0.0546996,0.0221770,0.0731413),(-0.0551594,0.0221770,0.0740929),(-0.0551804,0.0221770,0.0742250),(-0.0546996,0.0221770,0.0731413),(-0.0551804,0.0221770,0.0742250),(-0.0551930,0.0221769,0.0743597),(-0.0546996,0.0221770,0.0731413),(-0.0551930,0.0221769,0.0743597),(-0.0551972,0.0221769,0.0744968),(-0.0546996,0.0221770,0.0731413),(-0.0551972,0.0221769,0.0744968),(-0.0551930,0.0221769,0.0746285),(-0.0546996,0.0221770,0.0731413),(-0.0551930,0.0221769,0.0746285),(-0.0551804,0.0221770,0.0747593),(-0.0546996,0.0221770,0.0731413),(-0.0551804,0.0221770,0.0747593),(-0.0551594,0.0221770,0.0748893),(-0.0546996,0.0221770,0.0731413),(-0.0551594,0.0221770,0.0748893),(-0.0551300,0.0221770,0.0750186),(-0.0546996,0.0221770,0.0731413),(-0.0551300,0.0221770,0.0750186),(-0.0550922,0.0221770,0.0751470),(-0.0546996,0.0221770,0.0731413),(-0.0550922,0.0221770,0.0751470),(-0.0550460,0.0221770,0.0752747),(-0.0550460,0.0221770,0.0752747),(-0.0546542,0.0221770,0.0751332),(-0.0546908,0.0221770,0.0750353),(-0.0550460,0.0221770,0.0752747),(-0.0546908,0.0221770,0.0750353),(-0.0547207,0.0221770,0.0749342),(-0.0550460,0.0221770,0.0752747),(-0.0547207,0.0221770,0.0749342),(-0.0547440,0.0221770,0.0748297),(-0.0550460,0.0221770,0.0752747),(-0.0547440,0.0221770,0.0748297),(-0.0547606,0.0221770,0.0747220),(-0.0550460,0.0221770,0.0752747),(-0.0547606,0.0221770,0.0747220),(-0.0547705,0.0221770,0.0746111),(-0.0550460,0.0221770,0.0752747),(-0.0547705,0.0221770,0.0746111),(-0.0547739,0.0221770,0.0744968),(-0.0550460,0.0221770,0.0752747),(-0.0547739,0.0221770,0.0744968),(-0.0547705,0.0221770,0.0743868),(-0.0546996,0.0221770,0.0731413),(-0.0550460,0.0221770,0.0752747),(-0.0547705,0.0221770,0.0743868),(-0.0546996,0.0221770,0.0731413),(-0.0547705,0.0221770,0.0743868),(-0.0547604,0.0221770,0.0742789),(-0.0546996,0.0221770,0.0731413),(-0.0547604,0.0221770,0.0742789),(-0.0547437,0.0221770,0.0741733),(-0.0546996,0.0221770,0.0731413),(-0.0547437,0.0221770,0.0741733),(-0.0547202,0.0221770,0.0740698),(-0.0546996,0.0221770,0.0731413),(-0.0547202,0.0221770,0.0740698),(-0.0546899,0.0221770,0.0739685),(-0.0546996,0.0221770,0.0731413),(-0.0546899,0.0221770,0.0739685),(-0.0546530,0.0221770,0.0738694),(-0.0546996,0.0221770,0.0731413),(-0.0546530,0.0221770,0.0738694),(-0.0546094,0.0221770,0.0737724),(-0.0546996,0.0221770,0.0731413),(-0.0546094,0.0221770,0.0737724),(-0.0545590,0.0221770,0.0736777),(-0.0546996,0.0221770,0.0731413),(-0.0545590,0.0221770,0.0736777),(-0.0545032,0.0221770,0.0735865),(-0.0546996,0.0221770,0.0731413),(-0.0545032,0.0221770,0.0735865),(-0.0544425,0.0221770,0.0735001),(-0.0546996,0.0221770,0.0731413),(-0.0544425,0.0221770,0.0735001),(-0.0543771,0.0221770,0.0734187),(-0.0546996,0.0221770,0.0731413),(-0.0543771,0.0221770,0.0734187),(-0.0543069,0.0221770,0.0733422),(-0.0546996,0.0221770,0.0731413),(-0.0543069,0.0221770,0.0733422),(-0.0542319,0.0221770,0.0732705),(-0.0546996,0.0221770,0.0731413),(-0.0542319,0.0221770,0.0732705),(-0.0541520,0.0221770,0.0732038),(-0.0546996,0.0221770,0.0731413),(-0.0541520,0.0221770,0.0732038),(-0.0540674,0.0221770,0.0731420),(-0.0546996,0.0221770,0.0731413),(-0.0540674,0.0221770,0.0731420),(-0.0539780,0.0221770,0.0730850),(-0.0546996,0.0221770,0.0731413),(-0.0539780,0.0221770,0.0730850),(-0.0538854,0.0221770,0.0730339),(-0.0546996,0.0221770,0.0731413),(-0.0538854,0.0221770,0.0730339),(-0.0537907,0.0221770,0.0729896),(-0.0546996,0.0221770,0.0731413),(-0.0537907,0.0221770,0.0729896),(-0.0536940,0.0221770,0.0729522),(-0.0546996,0.0221770,0.0731413),(-0.0536940,0.0221770,0.0729522),(-0.0535951,0.0221770,0.0729215),(-0.0523757,0.0221771,0.0726151),(-0.0546996,0.0221770,0.0731413),(-0.0535951,0.0221770,0.0729215),(-0.0523757,0.0221771,0.0726151),(-0.0535951,0.0221770,0.0729215),(-0.0534942,0.0221770,0.0728976),(-0.0523757,0.0221771,0.0726151),(-0.0534942,0.0221770,0.0728976),(-0.0533912,0.0221770,0.0728806),(-0.0523757,0.0221771,0.0726151),(-0.0533912,0.0221770,0.0728806),(-0.0532861,0.0221770,0.0728704),(-0.0523757,0.0221771,0.0726151),(-0.0532861,0.0221770,0.0728704),(-0.0531790,0.0221770,0.0728670),(-0.0523757,0.0221771,0.0726151),(-0.0531790,0.0221770,0.0728670),(-0.0530254,0.0221771,0.0728741),(-0.0523757,0.0221771,0.0726151),(-0.0530254,0.0221771,0.0728741),(-0.0528757,0.0221771,0.0728953),(-0.0523757,0.0221771,0.0726151),(-0.0528757,0.0221771,0.0728953),(-0.0527301,0.0221771,0.0729307),(-0.0523757,0.0221771,0.0726151),(-0.0527301,0.0221771,0.0729307),(-0.0525884,0.0221771,0.0729802),(-0.0523757,0.0221771,0.0726151),(-0.0525884,0.0221771,0.0729802),(-0.0541854,0.0221770,0.0757636),(-0.0518148,0.0221771,0.0716404),(-0.0523757,0.0221771,0.0726151),(-0.0541854,0.0221770,0.0757636),(-0.0546110,0.0221770,0.0752278),(-0.0546542,0.0221770,0.0751332),(-0.0550460,0.0221770,0.0752747),(-0.0545611,0.0221770,0.0753191),(-0.0546110,0.0221770,0.0752278),(-0.0550460,0.0221770,0.0752747),(-0.0544932,0.0221770,0.0754231),(-0.0545611,0.0221770,0.0753191),(-0.0550460,0.0221770,0.0752747),(-0.0544079,0.0221770,0.0755319),(-0.0544932,0.0221770,0.0754231),(-0.0550460,0.0221770,0.0752747),(-0.0543588,0.0221770,0.0755880),(-0.0544079,0.0221770,0.0755319),(-0.0550460,0.0221770,0.0752747),(-0.0543054,0.0221770,0.0756454),(-0.0543588,0.0221770,0.0755880),(-0.0550460,0.0221770,0.0752747),(-0.0542476,0.0221770,0.0757039),(-0.0543054,0.0221770,0.0756454),(-0.0550460,0.0221770,0.0752747),(-0.0541854,0.0221770,0.0757636),(-0.0542476,0.0221770,0.0757039),(-0.0550460,0.0221770,0.0752747),(-0.0541854,0.0221770,0.0757636),(-0.0550460,0.0221770,0.0752747),(-0.0549914,0.0221770,0.0754016),(-0.0541854,0.0221770,0.0757636),(-0.0549914,0.0221770,0.0754016),(-0.0549284,0.0221770,0.0755276),(-0.0541854,0.0221770,0.0757636),(-0.0549284,0.0221770,0.0755276),(-0.0548782,0.0221770,0.0756144),(-0.0541854,0.0221770,0.0757636),(-0.0548782,0.0221770,0.0756144),(-0.0548234,0.0221770,0.0756978),(-0.0541854,0.0221770,0.0757636),(-0.0548234,0.0221770,0.0756978),(-0.0547640,0.0221770,0.0757779),(-0.0541854,0.0221770,0.0757636),(-0.0547640,0.0221770,0.0757779),(-0.0547000,0.0221770,0.0758547),(-0.0541854,0.0221770,0.0757636),(-0.0547000,0.0221770,0.0758547),(-0.0546315,0.0221770,0.0759282),(-0.0541854,0.0221770,0.0757636),(-0.0546315,0.0221770,0.0759282),(-0.0545583,0.0221770,0.0759983),(-0.0541854,0.0221770,0.0757636),(-0.0545583,0.0221770,0.0759983),(-0.0544805,0.0221770,0.0760652),(-0.0541854,0.0221770,0.0757636),(-0.0544805,0.0221770,0.0760652),(-0.0543982,0.0221770,0.0761288),(-0.0541854,0.0221770,0.0757636),(-0.0543982,0.0221770,0.0761288),(-0.0549400,0.0221770,0.0770813),(-0.0518148,0.0221771,0.0716404),(-0.0541854,0.0221770,0.0757636),(-0.0549400,0.0221770,0.0770813),(-0.0518148,0.0221771,0.0716404),(-0.0549400,0.0221770,0.0770813),(-0.0549686,0.0221770,0.0771850),(-0.0518148,0.0221771,0.0716404),(-0.0549686,0.0221770,0.0771850),(-0.0549612,0.0221770,0.0772453),(-0.0518148,0.0221771,0.0716404),(-0.0549612,0.0221770,0.0772453),(-0.0549226,0.0221770,0.0773205),(-0.0518148,0.0221771,0.0716404),(-0.0549226,0.0221770,0.0773205),(-0.0548575,0.0221770,0.0773744),(-0.0518148,0.0221771,0.0716404),(-0.0548575,0.0221770,0.0773744),(-0.0547548,0.0221770,0.0774051),(-0.0518148,0.0221771,0.0716404),(-0.0547548,0.0221770,0.0774051),(-0.0546945,0.0221770,0.0773977),(-0.0518148,0.0221771,0.0716404),(-0.0546945,0.0221770,0.0773977),(-0.0546188,0.0221770,0.0773591),(-0.0518148,0.0221771,0.0716404),(-0.0546188,0.0221770,0.0773591),(-0.0545633,0.0221770,0.0772940),(-0.0518148,0.0221771,0.0716404),(-0.0545633,0.0221770,0.0772940),(-0.0540277,0.0221770,0.0763658),(-0.0540277,0.0221770,0.0763658),(-0.0539271,0.0221770,0.0764102),(-0.0538232,0.0221770,0.0764487),(-0.0540277,0.0221770,0.0763658),(-0.0538232,0.0221770,0.0764487),(-0.0537160,0.0221770,0.0764813),(-0.0540277,0.0221770,0.0763658),(-0.0537160,0.0221770,0.0764813),(-0.0536055,0.0221770,0.0765079),(-0.0540277,0.0221770,0.0763658),(-0.0536055,0.0221770,0.0765079),(-0.0534916,0.0221770,0.0765286),(-0.0540277,0.0221770,0.0763658),(-0.0534916,0.0221770,0.0765286),(-0.0533745,0.0221770,0.0765434),(-0.0540277,0.0221770,0.0763658),(-0.0533745,0.0221770,0.0765434),(-0.0532540,0.0221770,0.0765523),(-0.0540277,0.0221770,0.0763658),(-0.0532540,0.0221770,0.0765523),(-0.0531303,0.0221771,0.0765553),(-0.0540277,0.0221770,0.0763658),(-0.0531303,0.0221771,0.0765553),(-0.0530057,0.0221771,0.0765509),(-0.0540277,0.0221770,0.0763658),(-0.0530057,0.0221771,0.0765509),(-0.0528822,0.0221771,0.0765379),(-0.0540277,0.0221770,0.0763658),(-0.0528822,0.0221771,0.0765379),(-0.0527597,0.0221771,0.0765163),(-0.0540277,0.0221770,0.0763658),(-0.0527597,0.0221771,0.0765163),(-0.0526384,0.0221771,0.0764860),(-0.0540277,0.0221770,0.0763658),(-0.0526384,0.0221771,0.0764860),(-0.0525182,0.0221771,0.0764470),(-0.0540277,0.0221770,0.0763658),(-0.0525182,0.0221771,0.0764470),(-0.0523990,0.0221771,0.0763993),(-0.0540277,0.0221770,0.0763658),(-0.0523990,0.0221771,0.0763993),(-0.0522810,0.0221771,0.0763430),(-0.0540277,0.0221770,0.0763658),(-0.0522810,0.0221771,0.0763430),(-0.0521640,0.0221771,0.0762780),(-0.0540277,0.0221770,0.0763658),(-0.0521640,0.0221771,0.0762780),(-0.0520509,0.0221771,0.0762058),(-0.0540277,0.0221770,0.0763658),(-0.0520509,0.0221771,0.0762058),(-0.0519439,0.0221771,0.0761274),(-0.0540277,0.0221770,0.0763658),(-0.0519439,0.0221771,0.0761274),(-0.0518429,0.0221771,0.0760428),(-0.0540277,0.0221770,0.0763658),(-0.0518429,0.0221771,0.0760428),(-0.0517481,0.0221771,0.0759520),(-0.0540277,0.0221770,0.0763658),(-0.0517481,0.0221771,0.0759520),(-0.0516593,0.0221771,0.0758550),(-0.0516593,0.0221771,0.0758550),(-0.0515766,0.0221771,0.0757517),(-0.0515000,0.0221771,0.0756423),(-0.0516593,0.0221771,0.0758550),(-0.0515000,0.0221771,0.0756423),(-0.0514295,0.0221771,0.0755266),(-0.0516593,0.0221771,0.0758550),(-0.0514295,0.0221771,0.0755266),(-0.0513663,0.0221771,0.0754068),(-0.0516593,0.0221771,0.0758550),(-0.0513663,0.0221771,0.0754068),(-0.0513115,0.0221771,0.0752844),(-0.0516593,0.0221771,0.0758550),(-0.0513115,0.0221771,0.0752844),(-0.0512651,0.0221771,0.0751595),(-0.0516593,0.0221771,0.0758550),(-0.0512651,0.0221771,0.0751595),(-0.0512271,0.0221771,0.0750321),(-0.0516593,0.0221771,0.0758550),(-0.0512271,0.0221771,0.0750321),(-0.0511976,0.0221771,0.0749021),(-0.0516593,0.0221771,0.0758550),(-0.0511976,0.0221771,0.0749021),(-0.0511765,0.0221771,0.0747695),(-0.0516593,0.0221771,0.0758550),(-0.0511765,0.0221771,0.0747695),(-0.0511639,0.0221771,0.0746345),(-0.0516593,0.0221771,0.0758550),(-0.0511639,0.0221771,0.0746345),(-0.0511597,0.0221771,0.0744968),(-0.0516593,0.0221771,0.0758550),(-0.0511597,0.0221771,0.0744968),(-0.0511639,0.0221771,0.0743588),(-0.0516593,0.0221771,0.0758550),(-0.0511639,0.0221771,0.0743588),(-0.0511765,0.0221771,0.0742234),(-0.0516593,0.0221771,0.0758550),(-0.0511765,0.0221771,0.0742234),(-0.0511975,0.0221771,0.0740909),(-0.0516593,0.0221771,0.0758550),(-0.0511975,0.0221771,0.0740909),(-0.0512269,0.0221771,0.0739610),(-0.0516593,0.0221771,0.0758550),(-0.0512269,0.0221771,0.0739610),(-0.0512647,0.0221771,0.0738340),(-0.0516593,0.0221771,0.0758550),(-0.0512647,0.0221771,0.0738340),(-0.0513109,0.0221771,0.0737096),(-0.0516593,0.0221771,0.0758550),(-0.0513109,0.0221771,0.0737096),(-0.0513655,0.0221771,0.0735880),(-0.0516593,0.0221771,0.0758550),(-0.0513655,0.0221771,0.0735880),(-0.0514285,0.0221771,0.0734692),(-0.0514285,0.0221771,0.0734692),(-0.0517968,0.0221771,0.0736777),(-0.0517474,0.0221771,0.0737724),(-0.0514285,0.0221771,0.0734692),(-0.0517474,0.0221771,0.0737724),(-0.0517046,0.0221771,0.0738693),(-0.0514285,0.0221771,0.0734692),(-0.0517046,0.0221771,0.0738693),(-0.0516684,0.0221771,0.0739683),(-0.0514285,0.0221771,0.0734692),(-0.0516684,0.0221771,0.0739683),(-0.0516388,0.0221771,0.0740695),(-0.0514285,0.0221771,0.0734692),(-0.0516388,0.0221771,0.0740695),(-0.0516158,0.0221771,0.0741729),(-0.0514285,0.0221771,0.0734692),(-0.0516158,0.0221771,0.0741729),(-0.0515993,0.0221771,0.0742783),(-0.0514285,0.0221771,0.0734692),(-0.0515993,0.0221771,0.0742783),(-0.0515895,0.0221771,0.0743860),(-0.0514285,0.0221771,0.0734692),(-0.0515895,0.0221771,0.0743860),(-0.0515862,0.0221771,0.0744958),(-0.0514285,0.0221771,0.0734692),(-0.0515862,0.0221771,0.0744958),(-0.0515895,0.0221771,0.0746056),(-0.0516593,0.0221771,0.0758550),(-0.0514285,0.0221771,0.0734692),(-0.0515895,0.0221771,0.0746056),(-0.0516593,0.0221771,0.0758550),(-0.0515895,0.0221771,0.0746056),(-0.0515995,0.0221771,0.0747133),(-0.0516593,0.0221771,0.0758550),(-0.0515995,0.0221771,0.0747133),(-0.0516162,0.0221771,0.0748190),(-0.0516593,0.0221771,0.0758550),(-0.0516162,0.0221771,0.0748190),(-0.0516396,0.0221771,0.0749225),(-0.0516593,0.0221771,0.0758550),(-0.0516396,0.0221771,0.0749225),(-0.0516697,0.0221771,0.0750240),(-0.0516593,0.0221771,0.0758550),(-0.0516697,0.0221771,0.0750240),(-0.0517064,0.0221771,0.0751234),(-0.0516593,0.0221771,0.0758550),(-0.0517064,0.0221771,0.0751234),(-0.0517498,0.0221771,0.0752207),(-0.0516593,0.0221771,0.0758550),(-0.0517498,0.0221771,0.0752207),(-0.0518000,0.0221771,0.0753160),(-0.0516593,0.0221771,0.0758550),(-0.0518000,0.0221771,0.0753160),(-0.0518558,0.0221771,0.0754079),(-0.0516593,0.0221771,0.0758550),(-0.0518558,0.0221771,0.0754079),(-0.0519164,0.0221771,0.0754948),(-0.0516593,0.0221771,0.0758550),(-0.0519164,0.0221771,0.0754948),(-0.0519819,0.0221771,0.0755767),(-0.0516593,0.0221771,0.0758550),(-0.0519819,0.0221771,0.0755767),(-0.0520521,0.0221771,0.0756536),(-0.0516593,0.0221771,0.0758550),(-0.0520521,0.0221771,0.0756536),(-0.0521271,0.0221771,0.0757254),(-0.0516593,0.0221771,0.0758550),(-0.0521271,0.0221771,0.0757254),(-0.0522069,0.0221771,0.0757922),(-0.0516593,0.0221771,0.0758550),(-0.0522069,0.0221771,0.0757922),(-0.0522916,0.0221771,0.0758540),(-0.0516593,0.0221771,0.0758550),(-0.0522916,0.0221771,0.0758540),(-0.0523810,0.0221771,0.0759108),(-0.0516593,0.0221771,0.0758550),(-0.0523810,0.0221771,0.0759108),(-0.0524731,0.0221771,0.0759619),(-0.0516593,0.0221771,0.0758550),(-0.0524731,0.0221771,0.0759619),(-0.0525657,0.0221771,0.0760061),(-0.0516593,0.0221771,0.0758550),(-0.0525657,0.0221771,0.0760061),(-0.0526588,0.0221771,0.0760436),(-0.0516593,0.0221771,0.0758550),(-0.0526588,0.0221771,0.0760436),(-0.0527525,0.0221771,0.0760743),(-0.0516593,0.0221771,0.0758550),(-0.0527525,0.0221771,0.0760743),(-0.0528466,0.0221771,0.0760981),(-0.0540277,0.0221770,0.0763658),(-0.0516593,0.0221771,0.0758550),(-0.0528466,0.0221771,0.0760981),(-0.0540277,0.0221770,0.0763658),(-0.0528466,0.0221771,0.0760981),(-0.0529414,0.0221771,0.0761151),(-0.0540277,0.0221770,0.0763658),(-0.0529414,0.0221771,0.0761151),(-0.0530366,0.0221771,0.0761254),(-0.0540277,0.0221770,0.0763658),(-0.0530366,0.0221771,0.0761254),(-0.0531324,0.0221770,0.0761288),(-0.0540277,0.0221770,0.0763658),(-0.0531324,0.0221770,0.0761288),(-0.0531387,0.0221770,0.0761288),(-0.0540277,0.0221770,0.0763658),(-0.0531387,0.0221770,0.0761288),(-0.0532325,0.0221770,0.0761267),(-0.0540277,0.0221770,0.0763658),(-0.0532325,0.0221770,0.0761267),(-0.0533236,0.0221770,0.0761204),(-0.0540277,0.0221770,0.0763658),(-0.0533236,0.0221770,0.0761204),(-0.0534122,0.0221770,0.0761100),(-0.0540277,0.0221770,0.0763658),(-0.0534122,0.0221770,0.0761100),(-0.0534983,0.0221770,0.0760954),(-0.0540277,0.0221770,0.0763658),(-0.0534983,0.0221770,0.0760954),(-0.0535818,0.0221770,0.0760767),(-0.0540277,0.0221770,0.0763658),(-0.0535818,0.0221770,0.0760767),(-0.0536628,0.0221770,0.0760538),(-0.0540277,0.0221770,0.0763658),(-0.0536628,0.0221770,0.0760538),(-0.0537412,0.0221770,0.0760267),(-0.0540277,0.0221770,0.0763658),(-0.0537412,0.0221770,0.0760267),(-0.0538171,0.0221770,0.0759954),(-0.0518148,0.0221771,0.0716404),(-0.0540277,0.0221770,0.0763658),(-0.0538171,0.0221770,0.0759954),(-0.0518148,0.0221771,0.0716404),(-0.0538171,0.0221770,0.0759954),(-0.0522127,0.0221771,0.0732004),(-0.0518148,0.0221771,0.0716404),(-0.0522127,0.0221771,0.0732004),(-0.0520922,0.0221771,0.0733032),(-0.0518392,0.0221771,0.0736084),(-0.0517968,0.0221771,0.0736777),(-0.0514285,0.0221771,0.0734692),(-0.0518843,0.0221771,0.0735419),(-0.0518392,0.0221771,0.0736084),(-0.0514285,0.0221771,0.0734692),(-0.0519828,0.0221771,0.0734171),(-0.0518843,0.0221771,0.0735419),(-0.0514285,0.0221771,0.0734692),(-0.0520922,0.0221771,0.0733032),(-0.0519828,0.0221771,0.0734171),(-0.0514285,0.0221771,0.0734692),(-0.0520922,0.0221771,0.0733032),(-0.0514285,0.0221771,0.0734692),(-0.0514864,0.0221771,0.0733741),(-0.0520922,0.0221771,0.0733032),(-0.0514864,0.0221771,0.0733741),(-0.0515481,0.0221771,0.0732832),(-0.0520922,0.0221771,0.0733032),(-0.0515481,0.0221771,0.0732832),(-0.0516134,0.0221771,0.0731963),(-0.0520922,0.0221771,0.0733032),(-0.0516134,0.0221771,0.0731963),(-0.0516825,0.0221771,0.0731136),(-0.0520922,0.0221771,0.0733032),(-0.0516825,0.0221771,0.0731136),(-0.0517552,0.0221771,0.0730349),(-0.0520922,0.0221771,0.0733032),(-0.0517552,0.0221771,0.0730349),(-0.0518317,0.0221771,0.0729604),(-0.0520922,0.0221771,0.0733032),(-0.0518317,0.0221771,0.0729604),(-0.0519119,0.0221771,0.0728899),(-0.0520922,0.0221771,0.0733032),(-0.0519119,0.0221771,0.0728899),(-0.0519957,0.0221771,0.0728236),(-0.0518148,0.0221771,0.0716404),(-0.0520922,0.0221771,0.0733032),(-0.0519957,0.0221771,0.0728236),(-0.0518148,0.0221771,0.0716404),(-0.0519957,0.0221771,0.0728236),(-0.0514401,0.0221771,0.0718531),(-0.0518148,0.0221771,0.0716404),(-0.0514401,0.0221771,0.0718531),(-0.0514126,0.0221771,0.0717515),(-0.0518148,0.0221771,0.0716404),(-0.0514126,0.0221771,0.0717515),(-0.0514190,0.0221771,0.0716912),(-0.0518148,0.0221771,0.0716404),(-0.0514190,0.0221771,0.0716912),(-0.0514581,0.0221771,0.0716142),(-0.0518148,0.0221771,0.0716404),(-0.0514581,0.0221771,0.0716142),(-0.0515206,0.0221771,0.0715589),(-0.0518148,0.0221771,0.0716404),(-0.0515206,0.0221771,0.0715589),(-0.0516253,0.0221771,0.0715314),(-0.0518148,0.0221771,0.0716404),(-0.0516253,0.0221771,0.0715314),(-0.0516857,0.0221771,0.0715388),(-0.0518148,0.0221771,0.0716404),(-0.0516857,0.0221771,0.0715388),(-0.0517581,0.0221771,0.0715742),(-0.0573276,0.0221768,0.0747868),(-0.0573753,0.0221768,0.0748355),(-0.0574313,0.0221768,0.0749131),(-0.0573276,0.0221768,0.0747868),(-0.0574313,0.0221768,0.0749131),(-0.0574799,0.0221768,0.0749944),(-0.0573276,0.0221768,0.0747868),(-0.0574799,0.0221768,0.0749944),(-0.0575210,0.0221768,0.0750796),(-0.0573276,0.0221768,0.0747868),(-0.0575210,0.0221768,0.0750796),(-0.0575546,0.0221768,0.0751686),(-0.0573276,0.0221768,0.0747868),(-0.0575546,0.0221768,0.0751686),(-0.0575808,0.0221768,0.0752614),(-0.0573276,0.0221768,0.0747868),(-0.0575808,0.0221768,0.0752614),(-0.0575995,0.0221768,0.0753580),(-0.0573276,0.0221768,0.0747868),(-0.0575995,0.0221768,0.0753580),(-0.0576107,0.0221768,0.0754584),(-0.0573276,0.0221768,0.0747868),(-0.0576107,0.0221768,0.0754584),(-0.0576144,0.0221768,0.0755626),(-0.0573276,0.0221768,0.0747868),(-0.0576144,0.0221768,0.0755626),(-0.0576107,0.0221768,0.0756667),(-0.0573276,0.0221768,0.0747868),(-0.0576107,0.0221768,0.0756667),(-0.0575996,0.0221768,0.0757663),(-0.0573276,0.0221768,0.0747868),(-0.0575996,0.0221768,0.0757663),(-0.0575809,0.0221768,0.0758614),(-0.0573276,0.0221768,0.0747868),(-0.0575809,0.0221768,0.0758614),(-0.0575549,0.0221768,0.0759520),(-0.0573276,0.0221768,0.0747868),(-0.0575549,0.0221768,0.0759520),(-0.0575214,0.0221768,0.0760382),(-0.0573276,0.0221768,0.0747868),(-0.0575214,0.0221768,0.0760382),(-0.0574805,0.0221768,0.0761198),(-0.0573276,0.0221768,0.0747868),(-0.0574805,0.0221768,0.0761198),(-0.0574321,0.0221768,0.0761969),(-0.0573276,0.0221768,0.0747868),(-0.0574321,0.0221768,0.0761969),(-0.0573763,0.0221768,0.0762695),(-0.0573276,0.0221768,0.0747868),(-0.0573763,0.0221768,0.0762695),(-0.0573146,0.0221768,0.0763355),(-0.0573276,0.0221768,0.0747868),(-0.0573146,0.0221768,0.0763355),(-0.0572479,0.0221768,0.0763927),(-0.0573276,0.0221768,0.0747868),(-0.0572479,0.0221768,0.0763927),(-0.0571762,0.0221769,0.0764411),(-0.0573276,0.0221768,0.0747868),(-0.0571762,0.0221769,0.0764411),(-0.0570996,0.0221769,0.0764807),(-0.0570996,0.0221769,0.0764807),(-0.0570180,0.0221769,0.0765115),(-0.0569314,0.0221769,0.0765335),(-0.0570996,0.0221769,0.0764807),(-0.0569314,0.0221769,0.0765335),(-0.0568399,0.0221769,0.0765466),(-0.0570996,0.0221769,0.0764807),(-0.0568399,0.0221769,0.0765466),(-0.0567434,0.0221769,0.0765510),(-0.0570996,0.0221769,0.0764807),(-0.0567434,0.0221769,0.0765510),(-0.0566479,0.0221769,0.0765467),(-0.0570996,0.0221769,0.0764807),(-0.0566479,0.0221769,0.0765467),(-0.0565566,0.0221769,0.0765335),(-0.0570996,0.0221769,0.0764807),(-0.0565566,0.0221769,0.0765335),(-0.0564696,0.0221769,0.0765116),(-0.0570996,0.0221769,0.0764807),(-0.0564696,0.0221769,0.0765116),(-0.0563868,0.0221769,0.0764809),(-0.0570996,0.0221769,0.0764807),(-0.0563868,0.0221769,0.0764809),(-0.0563082,0.0221769,0.0764415),(-0.0570996,0.0221769,0.0764807),(-0.0563082,0.0221769,0.0764415),(-0.0562338,0.0221769,0.0763933),(-0.0570996,0.0221769,0.0764807),(-0.0562338,0.0221769,0.0763933),(-0.0561637,0.0221769,0.0763363),(-0.0570996,0.0221769,0.0764807),(-0.0561637,0.0221769,0.0763363),(-0.0560978,0.0221769,0.0762706),(-0.0570996,0.0221769,0.0764807),(-0.0560978,0.0221769,0.0762706),(-0.0560381,0.0221769,0.0761982),(-0.0570996,0.0221769,0.0764807),(-0.0560381,0.0221769,0.0761982),(-0.0559863,0.0221769,0.0761212),(-0.0570996,0.0221769,0.0764807),(-0.0559863,0.0221769,0.0761212),(-0.0559424,0.0221769,0.0760396),(-0.0570996,0.0221769,0.0764807),(-0.0559424,0.0221769,0.0760396),(-0.0559065,0.0221769,0.0759534),(-0.0570996,0.0221769,0.0764807),(-0.0559065,0.0221769,0.0759534),(-0.0558787,0.0221769,0.0758626),(-0.0570996,0.0221769,0.0764807),(-0.0558787,0.0221769,0.0758626),(-0.0558587,0.0221769,0.0757672),(-0.0570996,0.0221769,0.0764807),(-0.0558587,0.0221769,0.0757672),(-0.0558468,0.0221769,0.0756672),(-0.0558468,0.0221769,0.0756672),(-0.0558428,0.0221769,0.0755626),(-0.0558581,0.0221769,0.0754803),(-0.0558468,0.0221769,0.0756672),(-0.0558581,0.0221769,0.0754803),(-0.0559042,0.0221769,0.0754112),(-0.0558468,0.0221769,0.0756672),(-0.0559042,0.0221769,0.0754112),(-0.0559724,0.0221769,0.0753644),(-0.0558468,0.0221769,0.0756672),(-0.0559724,0.0221769,0.0753644),(-0.0560545,0.0221769,0.0753488),(-0.0558468,0.0221769,0.0756672),(-0.0560545,0.0221769,0.0753488),(-0.0561373,0.0221769,0.0753644),(-0.0558468,0.0221769,0.0756672),(-0.0561373,0.0221769,0.0753644),(-0.0562058,0.0221769,0.0754112),(-0.0558468,0.0221769,0.0756672),(-0.0562058,0.0221769,0.0754112),(-0.0562518,0.0221769,0.0754803),(-0.0558468,0.0221769,0.0756672),(-0.0562518,0.0221769,0.0754803),(-0.0562672,0.0221769,0.0755626),(-0.0558468,0.0221769,0.0756672),(-0.0562672,0.0221769,0.0755626),(-0.0562758,0.0221769,0.0756888),(-0.0558468,0.0221769,0.0756672),(-0.0562758,0.0221769,0.0756888),(-0.0563018,0.0221769,0.0757999),(-0.0558468,0.0221769,0.0756672),(-0.0563018,0.0221769,0.0757999),(-0.0563452,0.0221769,0.0758957),(-0.0558468,0.0221769,0.0756672),(-0.0563452,0.0221769,0.0758957),(-0.0564058,0.0221769,0.0759764),(-0.0558468,0.0221769,0.0756672),(-0.0564058,0.0221769,0.0759764),(-0.0564773,0.0221769,0.0760412),(-0.0570996,0.0221769,0.0764807),(-0.0558468,0.0221769,0.0756672),(-0.0564773,0.0221769,0.0760412),(-0.0570996,0.0221769,0.0764807),(-0.0564773,0.0221769,0.0760412),(-0.0565574,0.0221769,0.0760875),(-0.0570996,0.0221769,0.0764807),(-0.0565574,0.0221769,0.0760875),(-0.0566461,0.0221769,0.0761153),(-0.0570996,0.0221769,0.0764807),(-0.0566461,0.0221769,0.0761153),(-0.0567434,0.0221769,0.0761245),(-0.0570996,0.0221769,0.0764807),(-0.0567434,0.0221769,0.0761245),(-0.0568373,0.0221769,0.0761153),(-0.0570996,0.0221769,0.0764807),(-0.0568373,0.0221769,0.0761153),(-0.0569220,0.0221769,0.0760878),(-0.0570996,0.0221769,0.0764807),(-0.0569220,0.0221769,0.0760878),(-0.0569976,0.0221769,0.0760418),(-0.0570996,0.0221769,0.0764807),(-0.0569976,0.0221769,0.0760418),(-0.0570641,0.0221769,0.0759774),(-0.0570996,0.0221769,0.0764807),(-0.0570641,0.0221769,0.0759774),(-0.0571183,0.0221769,0.0758963),(-0.0570996,0.0221769,0.0764807),(-0.0571183,0.0221769,0.0758963),(-0.0571570,0.0221769,0.0758002),(-0.0570996,0.0221769,0.0764807),(-0.0571570,0.0221769,0.0758002),(-0.0571802,0.0221769,0.0756889),(-0.0573276,0.0221768,0.0747868),(-0.0570996,0.0221769,0.0764807),(-0.0571802,0.0221769,0.0756889),(-0.0573276,0.0221768,0.0747868),(-0.0571802,0.0221769,0.0756889),(-0.0571879,0.0221769,0.0755626),(-0.0573276,0.0221768,0.0747868),(-0.0571879,0.0221769,0.0755626),(-0.0571803,0.0221769,0.0754345),(-0.0573276,0.0221768,0.0747868),(-0.0571803,0.0221769,0.0754345),(-0.0571572,0.0221769,0.0753191),(-0.0573276,0.0221768,0.0747868),(-0.0571572,0.0221769,0.0753191),(-0.0571189,0.0221769,0.0752165),(-0.0573276,0.0221768,0.0747868),(-0.0571189,0.0221769,0.0752165),(-0.0570652,0.0221769,0.0751265),(-0.0573276,0.0221768,0.0747868),(-0.0570652,0.0221769,0.0751265),(-0.0570029,0.0221769,0.0750617),(-0.0574120,0.0221768,0.0747106),(-0.0573276,0.0221768,0.0747868),(-0.0570029,0.0221769,0.0750617),(-0.0574120,0.0221768,0.0747106),(-0.0570029,0.0221769,0.0750617),(-0.0569337,0.0221769,0.0750154),(-0.0574120,0.0221768,0.0747106),(-0.0569337,0.0221769,0.0750154),(-0.0568574,0.0221769,0.0749876),(-0.0574120,0.0221768,0.0747106),(-0.0568574,0.0221769,0.0749876),(-0.0567741,0.0221769,0.0749784),(-0.0574120,0.0221768,0.0747106),(-0.0567741,0.0221769,0.0749784),(-0.0567318,0.0221769,0.0749784),(-0.0574120,0.0221768,0.0747106),(-0.0567318,0.0221769,0.0749784),(-0.0566651,0.0221769,0.0749784),(-0.0574120,0.0221768,0.0747106),(-0.0566651,0.0221769,0.0749784),(-0.0565836,0.0221769,0.0749628),(-0.0574120,0.0221768,0.0747106),(-0.0565836,0.0221769,0.0749628),(-0.0565148,0.0221769,0.0749159),(-0.0574120,0.0221768,0.0747106),(-0.0565148,0.0221769,0.0749159),(-0.0564680,0.0221769,0.0748474),(-0.0574120,0.0221768,0.0747106),(-0.0564680,0.0221769,0.0748474),(-0.0564524,0.0221769,0.0747667),(-0.0574120,0.0221768,0.0747106),(-0.0564524,0.0221769,0.0747667),(-0.0564680,0.0221769,0.0746857),(-0.0574120,0.0221768,0.0747106),(-0.0564680,0.0221769,0.0746857),(-0.0565148,0.0221769,0.0746164),(-0.0574120,0.0221768,0.0747106),(-0.0565148,0.0221769,0.0746164),(-0.0565836,0.0221769,0.0745688),(-0.0574120,0.0221768,0.0747106),(-0.0565836,0.0221769,0.0745688),(-0.0566651,0.0221769,0.0745529),(-0.0574120,0.0221768,0.0747106),(-0.0566651,0.0221769,0.0745529),(-0.0567318,0.0221769,0.0745529),(-0.0574120,0.0221768,0.0747106),(-0.0567318,0.0221769,0.0745529),(-0.0568622,0.0221769,0.0745390),(-0.0574120,0.0221768,0.0747106),(-0.0568622,0.0221769,0.0745390),(-0.0569802,0.0221769,0.0744971),(-0.0574120,0.0221768,0.0747106),(-0.0569802,0.0221769,0.0744971),(-0.0570860,0.0221769,0.0744273),(-0.0574120,0.0221768,0.0747106),(-0.0570860,0.0221769,0.0744273),(-0.0571795,0.0221769,0.0743296),(-0.0574120,0.0221768,0.0747106),(-0.0571795,0.0221769,0.0743296),(-0.0572563,0.0221768,0.0742084),(-0.0574120,0.0221768,0.0747106),(-0.0572563,0.0221768,0.0742084),(-0.0573112,0.0221768,0.0740682),(-0.0574120,0.0221768,0.0747106),(-0.0573112,0.0221768,0.0740682),(-0.0573442,0.0221768,0.0739089),(-0.0574120,0.0221768,0.0747106),(-0.0573442,0.0221768,0.0739089),(-0.0573524,0.0221768,0.0738221),(-0.0574120,0.0221768,0.0747106),(-0.0573524,0.0221768,0.0738221),(-0.0573551,0.0221768,0.0737306),(-0.0574120,0.0221768,0.0747106),(-0.0573551,0.0221768,0.0737306),(-0.0573524,0.0221768,0.0736399),(-0.0561334,0.0221769,0.0736951),(-0.0561307,0.0221769,0.0737951),(-0.0561148,0.0221769,0.0738772),(-0.0561415,0.0221769,0.0736007),(-0.0561334,0.0221769,0.0736951),(-0.0561148,0.0221769,0.0738772),(-0.0561415,0.0221769,0.0736007),(-0.0561148,0.0221769,0.0738772),(-0.0560672,0.0221769,0.0739454),(-0.0561551,0.0221769,0.0735121),(-0.0561415,0.0221769,0.0736007),(-0.0560672,0.0221769,0.0739454),(-0.0561551,0.0221769,0.0735121),(-0.0560672,0.0221769,0.0739454),(-0.0559978,0.0221769,0.0739915),(-0.0561740,0.0221769,0.0734292),(-0.0561551,0.0221769,0.0735121),(-0.0559978,0.0221769,0.0739915),(-0.0561740,0.0221769,0.0734292),(-0.0559978,0.0221769,0.0739915),(-0.0559148,0.0221769,0.0740068),(-0.0562283,0.0221769,0.0732806),(-0.0561740,0.0221769,0.0734292),(-0.0559148,0.0221769,0.0740068),(-0.0562283,0.0221769,0.0732806),(-0.0559148,0.0221769,0.0740068),(-0.0558319,0.0221769,0.0739915),(-0.0562283,0.0221769,0.0732806),(-0.0558319,0.0221769,0.0739915),(-0.0557634,0.0221769,0.0739454),(-0.0563042,0.0221769,0.0731549),(-0.0562283,0.0221769,0.0732806),(-0.0557634,0.0221769,0.0739454),(-0.0563042,0.0221769,0.0731549),(-0.0557634,0.0221769,0.0739454),(-0.0557174,0.0221769,0.0738772),(-0.0563042,0.0221769,0.0731549),(-0.0557174,0.0221769,0.0738772),(-0.0557020,0.0221769,0.0737951),(-0.0563948,0.0221769,0.0730553),(-0.0563042,0.0221769,0.0731549),(-0.0557020,0.0221769,0.0737951),(-0.0563948,0.0221769,0.0730553),(-0.0557020,0.0221769,0.0737951),(-0.0557064,0.0221769,0.0736582),(-0.0563948,0.0221769,0.0730553),(-0.0557064,0.0221769,0.0736582),(-0.0557197,0.0221769,0.0735272),(-0.0563948,0.0221769,0.0730553),(-0.0557197,0.0221769,0.0735272),(-0.0557418,0.0221769,0.0734022),(-0.0564982,0.0221769,0.0729842),(-0.0563948,0.0221769,0.0730553),(-0.0557418,0.0221769,0.0734022),(-0.0564982,0.0221769,0.0729842),(-0.0557418,0.0221769,0.0734022),(-0.0557727,0.0221769,0.0732832),(-0.0564982,0.0221769,0.0729842),(-0.0557727,0.0221769,0.0732832),(-0.0558124,0.0221769,0.0731702),(-0.0566144,0.0221769,0.0729415),(-0.0564982,0.0221769,0.0729842),(-0.0558124,0.0221769,0.0731702),(-0.0566144,0.0221769,0.0729415),(-0.0558124,0.0221769,0.0731702),(-0.0558610,0.0221769,0.0730631),(-0.0566144,0.0221769,0.0729415),(-0.0558610,0.0221769,0.0730631),(-0.0559184,0.0221769,0.0729621),(-0.0567434,0.0221769,0.0729273),(-0.0566144,0.0221769,0.0729415),(-0.0559184,0.0221769,0.0729621),(-0.0567434,0.0221769,0.0729273),(-0.0559184,0.0221769,0.0729621),(-0.0559846,0.0221769,0.0728670),(-0.0567434,0.0221769,0.0729273),(-0.0559846,0.0221769,0.0728670),(-0.0560567,0.0221769,0.0727814),(-0.0568670,0.0221769,0.0729407),(-0.0567434,0.0221769,0.0729273),(-0.0560567,0.0221769,0.0727814),(-0.0568670,0.0221769,0.0729407),(-0.0560567,0.0221769,0.0727814),(-0.0561352,0.0221769,0.0727072),(-0.0568670,0.0221769,0.0729407),(-0.0561352,0.0221769,0.0727072),(-0.0562203,0.0221769,0.0726445),(-0.0569805,0.0221769,0.0729810),(-0.0568670,0.0221769,0.0729407),(-0.0562203,0.0221769,0.0726445),(-0.0569805,0.0221769,0.0729810),(-0.0562203,0.0221769,0.0726445),(-0.0563119,0.0221769,0.0725931),(-0.0569805,0.0221769,0.0729810),(-0.0563119,0.0221769,0.0725931),(-0.0564100,0.0221769,0.0725532),(-0.0570839,0.0221769,0.0730482),(-0.0569805,0.0221769,0.0729810),(-0.0564100,0.0221769,0.0725532),(-0.0570839,0.0221769,0.0730482),(-0.0564100,0.0221769,0.0725532),(-0.0565146,0.0221769,0.0725247),(-0.0570839,0.0221769,0.0730482),(-0.0565146,0.0221769,0.0725247),(-0.0566258,0.0221769,0.0725076),(-0.0571773,0.0221769,0.0731422),(-0.0570839,0.0221769,0.0730482),(-0.0566258,0.0221769,0.0725076),(-0.0571773,0.0221769,0.0731422),(-0.0566258,0.0221769,0.0725076),(-0.0567434,0.0221769,0.0725019),(-0.0571773,0.0221769,0.0731422),(-0.0567434,0.0221769,0.0725019),(-0.0568566,0.0221769,0.0725074),(-0.0572551,0.0221768,0.0732599),(-0.0571773,0.0221769,0.0731422),(-0.0568566,0.0221769,0.0725074),(-0.0572551,0.0221768,0.0732599),(-0.0568566,0.0221769,0.0725074),(-0.0569642,0.0221769,0.0725238),(-0.0573107,0.0221768,0.0733972),(-0.0572551,0.0221768,0.0732599),(-0.0569642,0.0221769,0.0725238),(-0.0573107,0.0221768,0.0733972),(-0.0569642,0.0221769,0.0725238),(-0.0570662,0.0221769,0.0725513),(-0.0573107,0.0221768,0.0733972),(-0.0570662,0.0221769,0.0725513),(-0.0571628,0.0221769,0.0725897),(-0.0573301,0.0221768,0.0734732),(-0.0573107,0.0221768,0.0733972),(-0.0571628,0.0221769,0.0725897),(-0.0573301,0.0221768,0.0734732),(-0.0571628,0.0221769,0.0725897),(-0.0572538,0.0221768,0.0726391),(-0.0573440,0.0221768,0.0735541),(-0.0573301,0.0221768,0.0734732),(-0.0572538,0.0221768,0.0726391),(-0.0573440,0.0221768,0.0735541),(-0.0572538,0.0221768,0.0726391),(-0.0573393,0.0221768,0.0726995),(-0.0573524,0.0221768,0.0736399),(-0.0573440,0.0221768,0.0735541),(-0.0573393,0.0221768,0.0726995),(-0.0574120,0.0221768,0.0747106),(-0.0573524,0.0221768,0.0736399),(-0.0573393,0.0221768,0.0726995),(-0.0574120,0.0221768,0.0747106),(-0.0573393,0.0221768,0.0726995),(-0.0574193,0.0221768,0.0727709),(-0.0574120,0.0221768,0.0747106),(-0.0574193,0.0221768,0.0727709),(-0.0574938,0.0221768,0.0728532),(-0.0574120,0.0221768,0.0747106),(-0.0574938,0.0221768,0.0728532),(-0.0575615,0.0221768,0.0729445),(-0.0574120,0.0221768,0.0747106),(-0.0575615,0.0221768,0.0729445),(-0.0576202,0.0221768,0.0730410),(-0.0574120,0.0221768,0.0747106),(-0.0576202,0.0221768,0.0730410),(-0.0576698,0.0221768,0.0731428),(-0.0574120,0.0221768,0.0747106),(-0.0576698,0.0221768,0.0731428),(-0.0577105,0.0221768,0.0732498),(-0.0574120,0.0221768,0.0747106),(-0.0577105,0.0221768,0.0732498),(-0.0577421,0.0221768,0.0733621),(-0.0574120,0.0221768,0.0747106),(-0.0577421,0.0221768,0.0733621),(-0.0577647,0.0221768,0.0734797),(-0.0574120,0.0221768,0.0747106),(-0.0577647,0.0221768,0.0734797),(-0.0577782,0.0221768,0.0736025),(-0.0574120,0.0221768,0.0747106),(-0.0577782,0.0221768,0.0736025),(-0.0577827,0.0221768,0.0737306),(-0.0574120,0.0221768,0.0747106),(-0.0577827,0.0221768,0.0737306),(-0.0577782,0.0221768,0.0738600),(-0.0574120,0.0221768,0.0747106),(-0.0577782,0.0221768,0.0738600),(-0.0577648,0.0221768,0.0739841),(-0.0574120,0.0221768,0.0747106),(-0.0577648,0.0221768,0.0739841),(-0.0577424,0.0221768,0.0741029),(-0.0574120,0.0221768,0.0747106),(-0.0577424,0.0221768,0.0741029),(-0.0577110,0.0221768,0.0742164),(-0.0574120,0.0221768,0.0747106),(-0.0577110,0.0221768,0.0742164),(-0.0576707,0.0221768,0.0743246),(-0.0574120,0.0221768,0.0747106),(-0.0576707,0.0221768,0.0743246),(-0.0576214,0.0221768,0.0744275),(-0.0574120,0.0221768,0.0747106),(-0.0576214,0.0221768,0.0744275),(-0.0575631,0.0221768,0.0745251),(-0.0574120,0.0221768,0.0747106),(-0.0575631,0.0221768,0.0745251),(-0.0574959,0.0221768,0.0746175),(-0.0599258,0.0221767,0.0729231),(-0.0610974,0.0221767,0.0745138),(-0.0611619,0.0221767,0.0746075),(-0.0599258,0.0221767,0.0729231),(-0.0611619,0.0221767,0.0746075),(-0.0612178,0.0221767,0.0747051),(-0.0599258,0.0221767,0.0729231),(-0.0612178,0.0221767,0.0747051),(-0.0612651,0.0221767,0.0748066),(-0.0599258,0.0221767,0.0729231),(-0.0612651,0.0221767,0.0748066),(-0.0613038,0.0221767,0.0749120),(-0.0599258,0.0221767,0.0729231),(-0.0613038,0.0221767,0.0749120),(-0.0613339,0.0221767,0.0750212),(-0.0599258,0.0221767,0.0729231),(-0.0613339,0.0221767,0.0750212),(-0.0613554,0.0221766,0.0751343),(-0.0599258,0.0221767,0.0729231),(-0.0613554,0.0221766,0.0751343),(-0.0613683,0.0221766,0.0752512),(-0.0599258,0.0221767,0.0729231),(-0.0613683,0.0221766,0.0752512),(-0.0613726,0.0221766,0.0753721),(-0.0599258,0.0221767,0.0729231),(-0.0613726,0.0221766,0.0753721),(-0.0613674,0.0221766,0.0754970),(-0.0599258,0.0221767,0.0729231),(-0.0613674,0.0221766,0.0754970),(-0.0613521,0.0221766,0.0756174),(-0.0599258,0.0221767,0.0729231),(-0.0613521,0.0221766,0.0756174),(-0.0613264,0.0221767,0.0757332),(-0.0599258,0.0221767,0.0729231),(-0.0613264,0.0221767,0.0757332),(-0.0612906,0.0221767,0.0758443),(-0.0612906,0.0221767,0.0758443),(-0.0612444,0.0221767,0.0759509),(-0.0611880,0.0221767,0.0760529),(-0.0612906,0.0221767,0.0758443),(-0.0611880,0.0221767,0.0760529),(-0.0611214,0.0221767,0.0761503),(-0.0612906,0.0221767,0.0758443),(-0.0611214,0.0221767,0.0761503),(-0.0610445,0.0221767,0.0762431),(-0.0612906,0.0221767,0.0758443),(-0.0610445,0.0221767,0.0762431),(-0.0609716,0.0221767,0.0763162),(-0.0612906,0.0221767,0.0758443),(-0.0609716,0.0221767,0.0763162),(-0.0608942,0.0221767,0.0763797),(-0.0612906,0.0221767,0.0758443),(-0.0608942,0.0221767,0.0763797),(-0.0608123,0.0221767,0.0764333),(-0.0612906,0.0221767,0.0758443),(-0.0608123,0.0221767,0.0764333),(-0.0607259,0.0221767,0.0764772),(-0.0612906,0.0221767,0.0758443),(-0.0607259,0.0221767,0.0764772),(-0.0606350,0.0221767,0.0765114),(-0.0612906,0.0221767,0.0758443),(-0.0606350,0.0221767,0.0765114),(-0.0605397,0.0221767,0.0765358),(-0.0612906,0.0221767,0.0758443),(-0.0605397,0.0221767,0.0765358),(-0.0604398,0.0221767,0.0765504),(-0.0612906,0.0221767,0.0758443),(-0.0604398,0.0221767,0.0765504),(-0.0603354,0.0221767,0.0765553),(-0.0612906,0.0221767,0.0758443),(-0.0603354,0.0221767,0.0765553),(-0.0602369,0.0221767,0.0765505),(-0.0612906,0.0221767,0.0758443),(-0.0602369,0.0221767,0.0765505),(-0.0601414,0.0221767,0.0765362),(-0.0612906,0.0221767,0.0758443),(-0.0601414,0.0221767,0.0765362),(-0.0600489,0.0221767,0.0765123),(-0.0612906,0.0221767,0.0758443),(-0.0600489,0.0221767,0.0765123),(-0.0599594,0.0221767,0.0764788),(-0.0612906,0.0221767,0.0758443),(-0.0599594,0.0221767,0.0764788),(-0.0598730,0.0221767,0.0764358),(-0.0612906,0.0221767,0.0758443),(-0.0598730,0.0221767,0.0764358),(-0.0597895,0.0221767,0.0763832),(-0.0597895,0.0221767,0.0763832),(-0.0597091,0.0221767,0.0763211),(-0.0596316,0.0221767,0.0762494),(-0.0597895,0.0221767,0.0763832),(-0.0596316,0.0221767,0.0762494),(-0.0595525,0.0221767,0.0761629),(-0.0597895,0.0221767,0.0763832),(-0.0595525,0.0221767,0.0761629),(-0.0594839,0.0221767,0.0760700),(-0.0597895,0.0221767,0.0763832),(-0.0594839,0.0221767,0.0760700),(-0.0594259,0.0221767,0.0759708),(-0.0597895,0.0221767,0.0763832),(-0.0594259,0.0221767,0.0759708),(-0.0593784,0.0221767,0.0758652),(-0.0597895,0.0221767,0.0763832),(-0.0593784,0.0221767,0.0758652),(-0.0593415,0.0221767,0.0757533),(-0.0597895,0.0221767,0.0763832),(-0.0593415,0.0221767,0.0757533),(-0.0593151,0.0221767,0.0756351),(-0.0597895,0.0221767,0.0763832),(-0.0593151,0.0221767,0.0756351),(-0.0592993,0.0221767,0.0755104),(-0.0597895,0.0221767,0.0763832),(-0.0592993,0.0221767,0.0755104),(-0.0592940,0.0221767,0.0753795),(-0.0597895,0.0221767,0.0763832),(-0.0592940,0.0221767,0.0753795),(-0.0592940,0.0221767,0.0753742),(-0.0597895,0.0221767,0.0763832),(-0.0592940,0.0221767,0.0753742),(-0.0593096,0.0221767,0.0752927),(-0.0597895,0.0221767,0.0763832),(-0.0593096,0.0221767,0.0752927),(-0.0593565,0.0221767,0.0752239),(-0.0597895,0.0221767,0.0763832),(-0.0593565,0.0221767,0.0752239),(-0.0594252,0.0221767,0.0751771),(-0.0597895,0.0221767,0.0763832),(-0.0594252,0.0221767,0.0751771),(-0.0595067,0.0221767,0.0751615),(-0.0597895,0.0221767,0.0763832),(-0.0595067,0.0221767,0.0751615),(-0.0595882,0.0221767,0.0751771),(-0.0597895,0.0221767,0.0763832),(-0.0595882,0.0221767,0.0751771),(-0.0596570,0.0221767,0.0752239),(-0.0597895,0.0221767,0.0763832),(-0.0596570,0.0221767,0.0752239),(-0.0597046,0.0221767,0.0752927),(-0.0597046,0.0221767,0.0752927),(-0.0597205,0.0221767,0.0753742),(-0.0597205,0.0221767,0.0753795),(-0.0597046,0.0221767,0.0752927),(-0.0597205,0.0221767,0.0753795),(-0.0597238,0.0221767,0.0754664),(-0.0597895,0.0221767,0.0763832),(-0.0597046,0.0221767,0.0752927),(-0.0597238,0.0221767,0.0754664),(-0.0597895,0.0221767,0.0763832),(-0.0597238,0.0221767,0.0754664),(-0.0597338,0.0221767,0.0755488),(-0.0597895,0.0221767,0.0763832),(-0.0597338,0.0221767,0.0755488),(-0.0597504,0.0221767,0.0756267),(-0.0597895,0.0221767,0.0763832),(-0.0597504,0.0221767,0.0756267),(-0.0597737,0.0221767,0.0757001),(-0.0597895,0.0221767,0.0763832),(-0.0597737,0.0221767,0.0757001),(-0.0598402,0.0221767,0.0758335),(-0.0597895,0.0221767,0.0763832),(-0.0598402,0.0221767,0.0758335),(-0.0599332,0.0221767,0.0759489),(-0.0597895,0.0221767,0.0763832),(-0.0599332,0.0221767,0.0759489),(-0.0600241,0.0221767,0.0760276),(-0.0597895,0.0221767,0.0763832),(-0.0600241,0.0221767,0.0760276),(-0.0601211,0.0221767,0.0760838),(-0.0597895,0.0221767,0.0763832),(-0.0601211,0.0221767,0.0760838),(-0.0602242,0.0221767,0.0761175),(-0.0597895,0.0221767,0.0763832),(-0.0602242,0.0221767,0.0761175),(-0.0603333,0.0221767,0.0761288),(-0.0597895,0.0221767,0.0763832),(-0.0603333,0.0221767,0.0761288),(-0.0604465,0.0221767,0.0761179),(-0.0597895,0.0221767,0.0763832),(-0.0604465,0.0221767,0.0761179),(-0.0605503,0.0221767,0.0760854),(-0.0612906,0.0221767,0.0758443),(-0.0597895,0.0221767,0.0763832),(-0.0605503,0.0221767,0.0760854),(-0.0612906,0.0221767,0.0758443),(-0.0605503,0.0221767,0.0760854),(-0.0606444,0.0221767,0.0760311),(-0.0612906,0.0221767,0.0758443),(-0.0606444,0.0221767,0.0760311),(-0.0607291,0.0221767,0.0759552),(-0.0612906,0.0221767,0.0758443),(-0.0607291,0.0221767,0.0759552),(-0.0607807,0.0221767,0.0758940),(-0.0612906,0.0221767,0.0758443),(-0.0607807,0.0221767,0.0758940),(-0.0608254,0.0221767,0.0758296),(-0.0612906,0.0221767,0.0758443),(-0.0608254,0.0221767,0.0758296),(-0.0608942,0.0221767,0.0756909),(-0.0612906,0.0221767,0.0758443),(-0.0608942,0.0221767,0.0756909),(-0.0609355,0.0221767,0.0755391),(-0.0612906,0.0221767,0.0758443),(-0.0609355,0.0221767,0.0755391),(-0.0609458,0.0221767,0.0754583),(-0.0612906,0.0221767,0.0758443),(-0.0609458,0.0221767,0.0754583),(-0.0609492,0.0221767,0.0753742),(-0.0612906,0.0221767,0.0758443),(-0.0609492,0.0221767,0.0753742),(-0.0609463,0.0221767,0.0752875),(-0.0612906,0.0221767,0.0758443),(-0.0609463,0.0221767,0.0752875),(-0.0609375,0.0221767,0.0752041),(-0.0612906,0.0221767,0.0758443),(-0.0609375,0.0221767,0.0752041),(-0.0609229,0.0221767,0.0751239),(-0.0612906,0.0221767,0.0758443),(-0.0609229,0.0221767,0.0751239),(-0.0609024,0.0221767,0.0750472),(-0.0612906,0.0221767,0.0758443),(-0.0609024,0.0221767,0.0750472),(-0.0608439,0.0221767,0.0749035),(-0.0599258,0.0221767,0.0729231),(-0.0612906,0.0221767,0.0758443),(-0.0608439,0.0221767,0.0749035),(-0.0599258,0.0221767,0.0729231),(-0.0608439,0.0221767,0.0749035),(-0.0607619,0.0221767,0.0747730),(-0.0599258,0.0221767,0.0729231),(-0.0607619,0.0221767,0.0747730),(-0.0593385,0.0221767,0.0728395),(-0.0611620,0.0221767,0.0729231),(-0.0599258,0.0221767,0.0729231),(-0.0593385,0.0221767,0.0728395),(-0.0611620,0.0221767,0.0729231),(-0.0593385,0.0221767,0.0728395),(-0.0592919,0.0221767,0.0727146),(-0.0611620,0.0221767,0.0729231),(-0.0592919,0.0221767,0.0727146),(-0.0592940,0.0221767,0.0726797),(-0.0611620,0.0221767,0.0729231),(-0.0592940,0.0221767,0.0726797),(-0.0593205,0.0221767,0.0726011),(-0.0611620,0.0221767,0.0729231),(-0.0593205,0.0221767,0.0726011),(-0.0593723,0.0221767,0.0725453),(-0.0611620,0.0221767,0.0729231),(-0.0593723,0.0221767,0.0725453),(-0.0594409,0.0221767,0.0725103),(-0.0611620,0.0221767,0.0729231),(-0.0594409,0.0221767,0.0725103),(-0.0595067,0.0221767,0.0724987),(-0.0611620,0.0221767,0.0729231),(-0.0595067,0.0221767,0.0724987),(-0.0611620,0.0221767,0.0724987),(-0.0611620,0.0221767,0.0729231),(-0.0611620,0.0221767,0.0724987),(-0.0612453,0.0221767,0.0725138),(-0.0611620,0.0221767,0.0729231),(-0.0612453,0.0221767,0.0725138),(-0.0613133,0.0221767,0.0725590),(-0.0611620,0.0221767,0.0729231),(-0.0613133,0.0221767,0.0725590),(-0.0613578,0.0221766,0.0726270),(-0.0611620,0.0221767,0.0729231),(-0.0613578,0.0221766,0.0726270),(-0.0613726,0.0221766,0.0727104),(-0.0611620,0.0221767,0.0729231),(-0.0613726,0.0221766,0.0727104),(-0.0613578,0.0221766,0.0727945),(-0.0611620,0.0221767,0.0729231),(-0.0613578,0.0221766,0.0727945),(-0.0613133,0.0221767,0.0728628),(-0.0611620,0.0221767,0.0729231),(-0.0613133,0.0221767,0.0728628),(-0.0612474,0.0221767,0.0729080),(-0.0582410,0.0221768,0.0725291),(-0.0583140,0.0221768,0.0724225),(-0.0584206,0.0221768,0.0723495),(-0.0582410,0.0221768,0.0725291),(-0.0584206,0.0221768,0.0723495),(-0.0585458,0.0221768,0.0723251),(-0.0582410,0.0221768,0.0725291),(-0.0585458,0.0221768,0.0723251),(-0.0586707,0.0221768,0.0723495),(-0.0582410,0.0221768,0.0725291),(-0.0586707,0.0221768,0.0723495),(-0.0587765,0.0221768,0.0724225),(-0.0582410,0.0221768,0.0725291),(-0.0587765,0.0221768,0.0724225),(-0.0588495,0.0221768,0.0725291),(-0.0582410,0.0221768,0.0725291),(-0.0588495,0.0221768,0.0725291),(-0.0588739,0.0221768,0.0726543),(-0.0582410,0.0221768,0.0725291),(-0.0588739,0.0221768,0.0726543),(-0.0588495,0.0221768,0.0727794),(-0.0582410,0.0221768,0.0725291),(-0.0588495,0.0221768,0.0727794),(-0.0587765,0.0221768,0.0728860),(-0.0582410,0.0221768,0.0725291),(-0.0587765,0.0221768,0.0728860),(-0.0586707,0.0221768,0.0729591),(-0.0582410,0.0221768,0.0725291),(-0.0586707,0.0221768,0.0729591),(-0.0585458,0.0221768,0.0729834),(-0.0582410,0.0221768,0.0725291),(-0.0585458,0.0221768,0.0729834),(-0.0584206,0.0221768,0.0729591),(-0.0582410,0.0221768,0.0725291),(-0.0584206,0.0221768,0.0729591),(-0.0583140,0.0221768,0.0728860),(-0.0582410,0.0221768,0.0725291),(-0.0583140,0.0221768,0.0728860),(-0.0582410,0.0221768,0.0727794),(-0.0582410,0.0221768,0.0725291),(-0.0582410,0.0221768,0.0727794),(-0.0582166,0.0221768,0.0726543),(-0.0687999,0.0221763,0.0763085),(-0.0687377,0.0221763,0.0762425),(-0.0686816,0.0221763,0.0761699),(-0.0687999,0.0221763,0.0763085),(-0.0686816,0.0221763,0.0761699),(-0.0686331,0.0221763,0.0760928),(-0.0687999,0.0221763,0.0763085),(-0.0686331,0.0221763,0.0760928),(-0.0685919,0.0221763,0.0760112),(-0.0687999,0.0221763,0.0763085),(-0.0685919,0.0221763,0.0760112),(-0.0685583,0.0221763,0.0759250),(-0.0687999,0.0221763,0.0763085),(-0.0685583,0.0221763,0.0759250),(-0.0685322,0.0221763,0.0758344),(-0.0687999,0.0221763,0.0763085),(-0.0685322,0.0221763,0.0758344),(-0.0685135,0.0221763,0.0757393),(-0.0687999,0.0221763,0.0763085),(-0.0685135,0.0221763,0.0757393),(-0.0685023,0.0221763,0.0756397),(-0.0687999,0.0221763,0.0763085),(-0.0685023,0.0221763,0.0756397),(-0.0684985,0.0221763,0.0755356),(-0.0687999,0.0221763,0.0763085),(-0.0684985,0.0221763,0.0755356),(-0.0685022,0.0221763,0.0754314),(-0.0687999,0.0221763,0.0763085),(-0.0685022,0.0221763,0.0754314),(-0.0685134,0.0221763,0.0753310),(-0.0687999,0.0221763,0.0763085),(-0.0685134,0.0221763,0.0753310),(-0.0685320,0.0221763,0.0752344),(-0.0687999,0.0221763,0.0763085),(-0.0685320,0.0221763,0.0752344),(-0.0685580,0.0221763,0.0751416),(-0.0687999,0.0221763,0.0763085),(-0.0685580,0.0221763,0.0751416),(-0.0685915,0.0221763,0.0750526),(-0.0687999,0.0221763,0.0763085),(-0.0685915,0.0221763,0.0750526),(-0.0686325,0.0221763,0.0749674),(-0.0686325,0.0221763,0.0749674),(-0.0689930,0.0221763,0.0751895),(-0.0689547,0.0221763,0.0752922),(-0.0686325,0.0221763,0.0749674),(-0.0689547,0.0221763,0.0752922),(-0.0689316,0.0221763,0.0754075),(-0.0687999,0.0221763,0.0763085),(-0.0686325,0.0221763,0.0749674),(-0.0689316,0.0221763,0.0754075),(-0.0687999,0.0221763,0.0763085),(-0.0689316,0.0221763,0.0754075),(-0.0689240,0.0221763,0.0755356),(-0.0687999,0.0221763,0.0763085),(-0.0689240,0.0221763,0.0755356),(-0.0689317,0.0221763,0.0756611),(-0.0687999,0.0221763,0.0763085),(-0.0689317,0.0221763,0.0756611),(-0.0689549,0.0221763,0.0757718),(-0.0687999,0.0221763,0.0763085),(-0.0689549,0.0221763,0.0757718),(-0.0689936,0.0221763,0.0758680),(-0.0687999,0.0221763,0.0763085),(-0.0689936,0.0221763,0.0758680),(-0.0690478,0.0221763,0.0759494),(-0.0687999,0.0221763,0.0763085),(-0.0690478,0.0221763,0.0759494),(-0.0691143,0.0221763,0.0760142),(-0.0687999,0.0221763,0.0763085),(-0.0691143,0.0221763,0.0760142),(-0.0691901,0.0221763,0.0760605),(-0.0687999,0.0221763,0.0763085),(-0.0691901,0.0221763,0.0760605),(-0.0692752,0.0221763,0.0760883),(-0.0687999,0.0221763,0.0763085),(-0.0692752,0.0221763,0.0760883),(-0.0693695,0.0221763,0.0760976),(-0.0687999,0.0221763,0.0763085),(-0.0693695,0.0221763,0.0760976),(-0.0694638,0.0221763,0.0760883),(-0.0687999,0.0221763,0.0763085),(-0.0694638,0.0221763,0.0760883),(-0.0695489,0.0221763,0.0760605),(-0.0690467,0.0221763,0.0750995),(-0.0689930,0.0221763,0.0751895),(-0.0686325,0.0221763,0.0749674),(-0.0691094,0.0221763,0.0750347),(-0.0690467,0.0221763,0.0750995),(-0.0686325,0.0221763,0.0749674),(-0.0691790,0.0221763,0.0749884),(-0.0691094,0.0221763,0.0750347),(-0.0686325,0.0221763,0.0749674),(-0.0692555,0.0221763,0.0749606),(-0.0691790,0.0221763,0.0749884),(-0.0686325,0.0221763,0.0749674),(-0.0693388,0.0221763,0.0749514),(-0.0692555,0.0221763,0.0749606),(-0.0686325,0.0221763,0.0749674),(-0.0693388,0.0221763,0.0749514),(-0.0686325,0.0221763,0.0749674),(-0.0686808,0.0221763,0.0748861),(-0.0694013,0.0221763,0.0749514),(-0.0693388,0.0221763,0.0749514),(-0.0686808,0.0221763,0.0748861),(-0.0694013,0.0221763,0.0749514),(-0.0686808,0.0221763,0.0748861),(-0.0687366,0.0221763,0.0748085),(-0.0694861,0.0221763,0.0749606),(-0.0694013,0.0221763,0.0749514),(-0.0687366,0.0221763,0.0748085),(-0.0694861,0.0221763,0.0749606),(-0.0687366,0.0221763,0.0748085),(-0.0687853,0.0221763,0.0747598),(-0.0694861,0.0221763,0.0749606),(-0.0687853,0.0221763,0.0747598),(-0.0687001,0.0221763,0.0746836),(-0.0694861,0.0221763,0.0749606),(-0.0687001,0.0221763,0.0746836),(-0.0686160,0.0221763,0.0745905),(-0.0695629,0.0221762,0.0749884),(-0.0694861,0.0221763,0.0749606),(-0.0686160,0.0221763,0.0745905),(-0.0695629,0.0221762,0.0749884),(-0.0686160,0.0221763,0.0745905),(-0.0685488,0.0221763,0.0744981),(-0.0695629,0.0221762,0.0749884),(-0.0685488,0.0221763,0.0744981),(-0.0684905,0.0221763,0.0744005),(-0.0695629,0.0221762,0.0749884),(-0.0684905,0.0221763,0.0744005),(-0.0684412,0.0221763,0.0742976),(-0.0695629,0.0221762,0.0749884),(-0.0684412,0.0221763,0.0742976),(-0.0684009,0.0221763,0.0741894),(-0.0696317,0.0221762,0.0750347),(-0.0695629,0.0221762,0.0749884),(-0.0684009,0.0221763,0.0741894),(-0.0696317,0.0221762,0.0750347),(-0.0684009,0.0221763,0.0741894),(-0.0683695,0.0221763,0.0740759),(-0.0696317,0.0221762,0.0750347),(-0.0683695,0.0221763,0.0740759),(-0.0683471,0.0221763,0.0739571),(-0.0696317,0.0221762,0.0750347),(-0.0683471,0.0221763,0.0739571),(-0.0683337,0.0221763,0.0738330),(-0.0696317,0.0221762,0.0750347),(-0.0683337,0.0221763,0.0738330),(-0.0683292,0.0221763,0.0737036),(-0.0683292,0.0221763,0.0737036),(-0.0683337,0.0221763,0.0735755),(-0.0683472,0.0221763,0.0734527),(-0.0683292,0.0221763,0.0737036),(-0.0683472,0.0221763,0.0734527),(-0.0683698,0.0221763,0.0733352),(-0.0683292,0.0221763,0.0737036),(-0.0683698,0.0221763,0.0733352),(-0.0684014,0.0221763,0.0732229),(-0.0683292,0.0221763,0.0737036),(-0.0684014,0.0221763,0.0732229),(-0.0684420,0.0221763,0.0731158),(-0.0683292,0.0221763,0.0737036),(-0.0684420,0.0221763,0.0731158),(-0.0684917,0.0221763,0.0730140),(-0.0683292,0.0221763,0.0737036),(-0.0684917,0.0221763,0.0730140),(-0.0685504,0.0221763,0.0729175),(-0.0683292,0.0221763,0.0737036),(-0.0685504,0.0221763,0.0729175),(-0.0686181,0.0221763,0.0728262),(-0.0683292,0.0221763,0.0737036),(-0.0686181,0.0221763,0.0728262),(-0.0686928,0.0221763,0.0727439),(-0.0683292,0.0221763,0.0737036),(-0.0686928,0.0221763,0.0727439),(-0.0687730,0.0221763,0.0726725),(-0.0683292,0.0221763,0.0737036),(-0.0687730,0.0221763,0.0726725),(-0.0688587,0.0221763,0.0726121),(-0.0683292,0.0221763,0.0737036),(-0.0688587,0.0221763,0.0726121),(-0.0689499,0.0221763,0.0725627),(-0.0683292,0.0221763,0.0737036),(-0.0689499,0.0221763,0.0725627),(-0.0690466,0.0221763,0.0725243),(-0.0683292,0.0221763,0.0737036),(-0.0690466,0.0221763,0.0725243),(-0.0691487,0.0221763,0.0724968),(-0.0683292,0.0221763,0.0737036),(-0.0691487,0.0221763,0.0724968),(-0.0692564,0.0221763,0.0724804),(-0.0683292,0.0221763,0.0737036),(-0.0692564,0.0221763,0.0724804),(-0.0693695,0.0221763,0.0724749),(-0.0683292,0.0221763,0.0737036),(-0.0693695,0.0221763,0.0724749),(-0.0694829,0.0221763,0.0724804),(-0.0694829,0.0221763,0.0724804),(-0.0695907,0.0221762,0.0724968),(-0.0696930,0.0221762,0.0725243),(-0.0694829,0.0221763,0.0724804),(-0.0696930,0.0221762,0.0725243),(-0.0697897,0.0221762,0.0725627),(-0.0694829,0.0221763,0.0724804),(-0.0697897,0.0221762,0.0725627),(-0.0698808,0.0221762,0.0726121),(-0.0694829,0.0221763,0.0724804),(-0.0698808,0.0221762,0.0726121),(-0.0699664,0.0221762,0.0726725),(-0.0694829,0.0221763,0.0724804),(-0.0699664,0.0221762,0.0726725),(-0.0700465,0.0221762,0.0727439),(-0.0694829,0.0221763,0.0724804),(-0.0700465,0.0221762,0.0727439),(-0.0701209,0.0221762,0.0728262),(-0.0694829,0.0221763,0.0724804),(-0.0701209,0.0221762,0.0728262),(-0.0701887,0.0221762,0.0729175),(-0.0694829,0.0221763,0.0724804),(-0.0701887,0.0221762,0.0729175),(-0.0702473,0.0221762,0.0730140),(-0.0694829,0.0221763,0.0724804),(-0.0702473,0.0221762,0.0730140),(-0.0702970,0.0221762,0.0731158),(-0.0694829,0.0221763,0.0724804),(-0.0702970,0.0221762,0.0731158),(-0.0703376,0.0221762,0.0732229),(-0.0694829,0.0221763,0.0724804),(-0.0703376,0.0221762,0.0732229),(-0.0703692,0.0221762,0.0733352),(-0.0694829,0.0221763,0.0724804),(-0.0703692,0.0221762,0.0733352),(-0.0703918,0.0221762,0.0734527),(-0.0694829,0.0221763,0.0724804),(-0.0703918,0.0221762,0.0734527),(-0.0704054,0.0221762,0.0735755),(-0.0694829,0.0221763,0.0724804),(-0.0704054,0.0221762,0.0735755),(-0.0704099,0.0221762,0.0737036),(-0.0694829,0.0221763,0.0724804),(-0.0704099,0.0221762,0.0737036),(-0.0704054,0.0221762,0.0738330),(-0.0694829,0.0221763,0.0724804),(-0.0704054,0.0221762,0.0738330),(-0.0703919,0.0221762,0.0739571),(-0.0694829,0.0221763,0.0724804),(-0.0703919,0.0221762,0.0739571),(-0.0703695,0.0221762,0.0740759),(-0.0703695,0.0221762,0.0740759),(-0.0703382,0.0221762,0.0741894),(-0.0702978,0.0221762,0.0742976),(-0.0703695,0.0221762,0.0740759),(-0.0702978,0.0221762,0.0742976),(-0.0702485,0.0221762,0.0744005),(-0.0703695,0.0221762,0.0740759),(-0.0702485,0.0221762,0.0744005),(-0.0698847,0.0221762,0.0741808),(-0.0703695,0.0221762,0.0740759),(-0.0698847,0.0221762,0.0741808),(-0.0699389,0.0221762,0.0740399),(-0.0703695,0.0221762,0.0740759),(-0.0699389,0.0221762,0.0740399),(-0.0699715,0.0221762,0.0738808),(-0.0703695,0.0221762,0.0740759),(-0.0699715,0.0221762,0.0738808),(-0.0699796,0.0221762,0.0737945),(-0.0703695,0.0221762,0.0740759),(-0.0699796,0.0221762,0.0737945),(-0.0699823,0.0221762,0.0737036),(-0.0703695,0.0221762,0.0740759),(-0.0699823,0.0221762,0.0737036),(-0.0699795,0.0221762,0.0736129),(-0.0703695,0.0221762,0.0740759),(-0.0699795,0.0221762,0.0736129),(-0.0699712,0.0221762,0.0735271),(-0.0703695,0.0221762,0.0740759),(-0.0699712,0.0221762,0.0735271),(-0.0699573,0.0221762,0.0734462),(-0.0703695,0.0221762,0.0740759),(-0.0699573,0.0221762,0.0734462),(-0.0699379,0.0221762,0.0733702),(-0.0703695,0.0221762,0.0740759),(-0.0699379,0.0221762,0.0733702),(-0.0698823,0.0221762,0.0732329),(-0.0694829,0.0221763,0.0724804),(-0.0703695,0.0221762,0.0740759),(-0.0698823,0.0221762,0.0732329),(-0.0694829,0.0221763,0.0724804),(-0.0698823,0.0221762,0.0732329),(-0.0698045,0.0221762,0.0731152),(-0.0694829,0.0221763,0.0724804),(-0.0698045,0.0221762,0.0731152),(-0.0697110,0.0221762,0.0730212),(-0.0694829,0.0221763,0.0724804),(-0.0697110,0.0221762,0.0730212),(-0.0696074,0.0221762,0.0729540),(-0.0694829,0.0221763,0.0724804),(-0.0696074,0.0221762,0.0729540),(-0.0694935,0.0221763,0.0729138),(-0.0694829,0.0221763,0.0724804),(-0.0694935,0.0221763,0.0729138),(-0.0693695,0.0221763,0.0729003),(-0.0694829,0.0221763,0.0724804),(-0.0693695,0.0221763,0.0729003),(-0.0692455,0.0221763,0.0729138),(-0.0694829,0.0221763,0.0724804),(-0.0692455,0.0221763,0.0729138),(-0.0691317,0.0221763,0.0729540),(-0.0694829,0.0221763,0.0724804),(-0.0691317,0.0221763,0.0729540),(-0.0690280,0.0221763,0.0730212),(-0.0683292,0.0221763,0.0737036),(-0.0694829,0.0221763,0.0724804),(-0.0690280,0.0221763,0.0730212),(-0.0683292,0.0221763,0.0737036),(-0.0690280,0.0221763,0.0730212),(-0.0689346,0.0221763,0.0731152),(-0.0683292,0.0221763,0.0737036),(-0.0689346,0.0221763,0.0731152),(-0.0688572,0.0221763,0.0732329),(-0.0683292,0.0221763,0.0737036),(-0.0688572,0.0221763,0.0732329),(-0.0688020,0.0221763,0.0733702),(-0.0683292,0.0221763,0.0737036),(-0.0688020,0.0221763,0.0733702),(-0.0687689,0.0221763,0.0735271),(-0.0683292,0.0221763,0.0737036),(-0.0687689,0.0221763,0.0735271),(-0.0687606,0.0221763,0.0736129),(-0.0683292,0.0221763,0.0737036),(-0.0687606,0.0221763,0.0736129),(-0.0687578,0.0221763,0.0737036),(-0.0683292,0.0221763,0.0737036),(-0.0687578,0.0221763,0.0737036),(-0.0687605,0.0221763,0.0737945),(-0.0683292,0.0221763,0.0737036),(-0.0687605,0.0221763,0.0737945),(-0.0687687,0.0221763,0.0738808),(-0.0683292,0.0221763,0.0737036),(-0.0687687,0.0221763,0.0738808),(-0.0687822,0.0221763,0.0739626),(-0.0683292,0.0221763,0.0737036),(-0.0687822,0.0221763,0.0739626),(-0.0688012,0.0221763,0.0740399),(-0.0683292,0.0221763,0.0737036),(-0.0688012,0.0221763,0.0740399),(-0.0688554,0.0221763,0.0741808),(-0.0683292,0.0221763,0.0737036),(-0.0688554,0.0221763,0.0741808),(-0.0689314,0.0221763,0.0743037),(-0.0683292,0.0221763,0.0737036),(-0.0689314,0.0221763,0.0743037),(-0.0690238,0.0221763,0.0744009),(-0.0696317,0.0221762,0.0750347),(-0.0683292,0.0221763,0.0737036),(-0.0690238,0.0221763,0.0744009),(-0.0696317,0.0221762,0.0750347),(-0.0690238,0.0221763,0.0744009),(-0.0691277,0.0221763,0.0744704),(-0.0696923,0.0221762,0.0750995),(-0.0696317,0.0221762,0.0750347),(-0.0691277,0.0221763,0.0744704),(-0.0696923,0.0221762,0.0750995),(-0.0691277,0.0221763,0.0744704),(-0.0692429,0.0221763,0.0745120),(-0.0696923,0.0221762,0.0750995),(-0.0692429,0.0221763,0.0745120),(-0.0693695,0.0221763,0.0745259),(-0.0697460,0.0221762,0.0751895),(-0.0696923,0.0221762,0.0750995),(-0.0693695,0.0221763,0.0745259),(-0.0697460,0.0221762,0.0751895),(-0.0693695,0.0221763,0.0745259),(-0.0694966,0.0221763,0.0745120),(-0.0697844,0.0221762,0.0752922),(-0.0697460,0.0221762,0.0751895),(-0.0694966,0.0221763,0.0745120),(-0.0697844,0.0221762,0.0752922),(-0.0694966,0.0221763,0.0745120),(-0.0696121,0.0221762,0.0744704),(-0.0697844,0.0221762,0.0752922),(-0.0696121,0.0221762,0.0744704),(-0.0697162,0.0221762,0.0744009),(-0.0698074,0.0221762,0.0754075),(-0.0697844,0.0221762,0.0752922),(-0.0697162,0.0221762,0.0744009),(-0.0698074,0.0221762,0.0754075),(-0.0697162,0.0221762,0.0744009),(-0.0698087,0.0221762,0.0743037),(-0.0698151,0.0221762,0.0755356),(-0.0698074,0.0221762,0.0754075),(-0.0698087,0.0221762,0.0743037),(-0.0698151,0.0221762,0.0755356),(-0.0698087,0.0221762,0.0743037),(-0.0698847,0.0221762,0.0741808),(-0.0698847,0.0221762,0.0741808),(-0.0702485,0.0221762,0.0744005),(-0.0701903,0.0221762,0.0744981),(-0.0698847,0.0221762,0.0741808),(-0.0701903,0.0221762,0.0744981),(-0.0701231,0.0221762,0.0745905),(-0.0698847,0.0221762,0.0741808),(-0.0701231,0.0221762,0.0745905),(-0.0700392,0.0221762,0.0746836),(-0.0698847,0.0221762,0.0741808),(-0.0700392,0.0221762,0.0746836),(-0.0699548,0.0221762,0.0747598),(-0.0698151,0.0221762,0.0755356),(-0.0698847,0.0221762,0.0741808),(-0.0699548,0.0221762,0.0747598),(-0.0698073,0.0221762,0.0756611),(-0.0698151,0.0221762,0.0755356),(-0.0699548,0.0221762,0.0747598),(-0.0698073,0.0221762,0.0756611),(-0.0699548,0.0221762,0.0747598),(-0.0700024,0.0221762,0.0748085),(-0.0697841,0.0221762,0.0757718),(-0.0698073,0.0221762,0.0756611),(-0.0700024,0.0221762,0.0748085),(-0.0697841,0.0221762,0.0757718),(-0.0700024,0.0221762,0.0748085),(-0.0700585,0.0221762,0.0748861),(-0.0697841,0.0221762,0.0757718),(-0.0700585,0.0221762,0.0748861),(-0.0701071,0.0221762,0.0749674),(-0.0697841,0.0221762,0.0757718),(-0.0701071,0.0221762,0.0749674),(-0.0701482,0.0221762,0.0750526),(-0.0697454,0.0221762,0.0758680),(-0.0697841,0.0221762,0.0757718),(-0.0701482,0.0221762,0.0750526),(-0.0697454,0.0221762,0.0758680),(-0.0701482,0.0221762,0.0750526),(-0.0701818,0.0221762,0.0751416),(-0.0697454,0.0221762,0.0758680),(-0.0701818,0.0221762,0.0751416),(-0.0702080,0.0221762,0.0752344),(-0.0696913,0.0221762,0.0759494),(-0.0697454,0.0221762,0.0758680),(-0.0702080,0.0221762,0.0752344),(-0.0696913,0.0221762,0.0759494),(-0.0702080,0.0221762,0.0752344),(-0.0702266,0.0221762,0.0753310),(-0.0696913,0.0221762,0.0759494),(-0.0702266,0.0221762,0.0753310),(-0.0702379,0.0221762,0.0754314),(-0.0696247,0.0221762,0.0760142),(-0.0696913,0.0221762,0.0759494),(-0.0702379,0.0221762,0.0754314),(-0.0696247,0.0221762,0.0760142),(-0.0702379,0.0221762,0.0754314),(-0.0702416,0.0221762,0.0755356),(-0.0696247,0.0221762,0.0760142),(-0.0702416,0.0221762,0.0755356),(-0.0702378,0.0221762,0.0756397),(-0.0696247,0.0221762,0.0760142),(-0.0702378,0.0221762,0.0756397),(-0.0702266,0.0221762,0.0757393),(-0.0695489,0.0221763,0.0760605),(-0.0696247,0.0221762,0.0760142),(-0.0702266,0.0221762,0.0757393),(-0.0695489,0.0221763,0.0760605),(-0.0702266,0.0221762,0.0757393),(-0.0702078,0.0221762,0.0758344),(-0.0695489,0.0221763,0.0760605),(-0.0702078,0.0221762,0.0758344),(-0.0701815,0.0221762,0.0759250),(-0.0687999,0.0221763,0.0763085),(-0.0695489,0.0221763,0.0760605),(-0.0701815,0.0221762,0.0759250),(-0.0687999,0.0221763,0.0763085),(-0.0701815,0.0221762,0.0759250),(-0.0701477,0.0221762,0.0760112),(-0.0687999,0.0221763,0.0763085),(-0.0701477,0.0221762,0.0760112),(-0.0701065,0.0221762,0.0760928),(-0.0687999,0.0221763,0.0763085),(-0.0701065,0.0221762,0.0760928),(-0.0700577,0.0221762,0.0761699),(-0.0687999,0.0221763,0.0763085),(-0.0700577,0.0221762,0.0761699),(-0.0700014,0.0221762,0.0762425),(-0.0687999,0.0221763,0.0763085),(-0.0700014,0.0221762,0.0762425),(-0.0699392,0.0221762,0.0763085),(-0.0687999,0.0221763,0.0763085),(-0.0699392,0.0221762,0.0763085),(-0.0698722,0.0221762,0.0763657),(-0.0687999,0.0221763,0.0763085),(-0.0698722,0.0221762,0.0763657),(-0.0698004,0.0221762,0.0764141),(-0.0687999,0.0221763,0.0763085),(-0.0698004,0.0221762,0.0764141),(-0.0697238,0.0221762,0.0764537),(-0.0687999,0.0221763,0.0763085),(-0.0697238,0.0221762,0.0764537),(-0.0696424,0.0221762,0.0764845),(-0.0687999,0.0221763,0.0763085),(-0.0696424,0.0221762,0.0764845),(-0.0695563,0.0221762,0.0765065),(-0.0687999,0.0221763,0.0763085),(-0.0695563,0.0221762,0.0765065),(-0.0694653,0.0221763,0.0765197),(-0.0687999,0.0221763,0.0763085),(-0.0694653,0.0221763,0.0765197),(-0.0693695,0.0221763,0.0765241),(-0.0687999,0.0221763,0.0763085),(-0.0693695,0.0221763,0.0765241),(-0.0692738,0.0221763,0.0765197),(-0.0687999,0.0221763,0.0763085),(-0.0692738,0.0221763,0.0765197),(-0.0691828,0.0221763,0.0765065),(-0.0687999,0.0221763,0.0763085),(-0.0691828,0.0221763,0.0765065),(-0.0690966,0.0221763,0.0764845),(-0.0687999,0.0221763,0.0763085),(-0.0690966,0.0221763,0.0764845),(-0.0690152,0.0221763,0.0764537),(-0.0687999,0.0221763,0.0763085),(-0.0690152,0.0221763,0.0764537),(-0.0689387,0.0221763,0.0764141),(-0.0687999,0.0221763,0.0763085),(-0.0689387,0.0221763,0.0764141),(-0.0688669,0.0221763,0.0763657),(-0.0651055,0.0221765,0.0725490),(-0.0652050,0.0221765,0.0724400),(-0.0653182,0.0221765,0.0724124),(-0.0651055,0.0221765,0.0725490),(-0.0653182,0.0221765,0.0724124),(-0.0654193,0.0221765,0.0724378),(-0.0651055,0.0221765,0.0725490),(-0.0654193,0.0221765,0.0724378),(-0.0654960,0.0221764,0.0725140),(-0.0651055,0.0221765,0.0725490),(-0.0654960,0.0221764,0.0725140),(-0.0655034,0.0221764,0.0725204),(-0.0651055,0.0221765,0.0725490),(-0.0655034,0.0221764,0.0725204),(-0.0667491,0.0221764,0.0746879),(-0.0651055,0.0221765,0.0725490),(-0.0667491,0.0221764,0.0746879),(-0.0667766,0.0221764,0.0747947),(-0.0651055,0.0221765,0.0725490),(-0.0667766,0.0221764,0.0747947),(-0.0667488,0.0221764,0.0749040),(-0.0651055,0.0221765,0.0725490),(-0.0667488,0.0221764,0.0749040),(-0.0666655,0.0221764,0.0749821),(-0.0651055,0.0221765,0.0725490),(-0.0666655,0.0221764,0.0749821),(-0.0665586,0.0221764,0.0750117),(-0.0651055,0.0221765,0.0725490),(-0.0665586,0.0221764,0.0750117),(-0.0664498,0.0221764,0.0749839),(-0.0651055,0.0221765,0.0725490),(-0.0664498,0.0221764,0.0749839),(-0.0663734,0.0221764,0.0749006),(-0.0651055,0.0221765,0.0725490),(-0.0663734,0.0221764,0.0749006),(-0.0655310,0.0221764,0.0734348),(-0.0651055,0.0221765,0.0725490),(-0.0655310,0.0221764,0.0734348),(-0.0655310,0.0221764,0.0760425),(-0.0655310,0.0221764,0.0760425),(-0.0671174,0.0221764,0.0760425),(-0.0672023,0.0221764,0.0760584),(-0.0655310,0.0221764,0.0760425),(-0.0672023,0.0221764,0.0760584),(-0.0672730,0.0221764,0.0761060),(-0.0655310,0.0221764,0.0760425),(-0.0672730,0.0221764,0.0761060),(-0.0673206,0.0221764,0.0761756),(-0.0655310,0.0221764,0.0760425),(-0.0673206,0.0221764,0.0761756),(-0.0673365,0.0221764,0.0762574),(-0.0655310,0.0221764,0.0760425),(-0.0673365,0.0221764,0.0762574),(-0.0673206,0.0221764,0.0763394),(-0.0655310,0.0221764,0.0760425),(-0.0673206,0.0221764,0.0763394),(-0.0672730,0.0221764,0.0764098),(-0.0655310,0.0221764,0.0760425),(-0.0672730,0.0221764,0.0764098),(-0.0672023,0.0221764,0.0764590),(-0.0655310,0.0221764,0.0760425),(-0.0672023,0.0221764,0.0764590),(-0.0671174,0.0221764,0.0764754),(-0.0655310,0.0221764,0.0760425),(-0.0671174,0.0221764,0.0764754),(-0.0653108,0.0221765,0.0764754),(-0.0651055,0.0221765,0.0725490),(-0.0655310,0.0221764,0.0760425),(-0.0653108,0.0221765,0.0764754),(-0.0653108,0.0221765,0.0764754),(-0.0635053,0.0221765,0.0764754),(-0.0634225,0.0221765,0.0764590),(-0.0653108,0.0221765,0.0764754),(-0.0634225,0.0221765,0.0764590),(-0.0633540,0.0221766,0.0764098),(-0.0653108,0.0221765,0.0764754),(-0.0633540,0.0221766,0.0764098),(-0.0633079,0.0221766,0.0763394),(-0.0653108,0.0221765,0.0764754),(-0.0633079,0.0221766,0.0763394),(-0.0632926,0.0221766,0.0762574),(-0.0653108,0.0221765,0.0764754),(-0.0632926,0.0221766,0.0762574),(-0.0633079,0.0221766,0.0761756),(-0.0653108,0.0221765,0.0764754),(-0.0633079,0.0221766,0.0761756),(-0.0633540,0.0221766,0.0761060),(-0.0653108,0.0221765,0.0764754),(-0.0633540,0.0221766,0.0761060),(-0.0634225,0.0221765,0.0760584),(-0.0653108,0.0221765,0.0764754),(-0.0634225,0.0221765,0.0760584),(-0.0635053,0.0221765,0.0760425),(-0.0653108,0.0221765,0.0764754),(-0.0635053,0.0221765,0.0760425),(-0.0650981,0.0221765,0.0760425),(-0.0651055,0.0221765,0.0725490),(-0.0653108,0.0221765,0.0764754),(-0.0650981,0.0221765,0.0760425),(-0.0651055,0.0221765,0.0725490),(-0.0650981,0.0221765,0.0760425),(-0.0650981,0.0221765,0.0734306),(-0.0651055,0.0221765,0.0725490),(-0.0650981,0.0221765,0.0734306),(-0.0642419,0.0221765,0.0749196),(-0.0651055,0.0221765,0.0725490),(-0.0642419,0.0221765,0.0749196),(-0.0641623,0.0221765,0.0749990),(-0.0651055,0.0221765,0.0725490),(-0.0641623,0.0221765,0.0749990),(-0.0640546,0.0221765,0.0750255),(-0.0651055,0.0221765,0.0725490),(-0.0640546,0.0221765,0.0750255),(-0.0639435,0.0221765,0.0749979),(-0.0651055,0.0221765,0.0725490),(-0.0639435,0.0221765,0.0749979),(-0.0638617,0.0221765,0.0749183),(-0.0651055,0.0221765,0.0725490),(-0.0638617,0.0221765,0.0749183),(-0.0638344,0.0221765,0.0748085),(-0.0651055,0.0221765,0.0725490),(-0.0638344,0.0221765,0.0748085),(-0.0638662,0.0221765,0.0746995)));
#2425=COMPLEX_TRIANGULATED_SURFACE_SET('surface set',#2424,2076,(),(),(),((1,2,3),(4,5,6),(7,8,9),(10,11,12),(13,14,15),(16,17,18),(19,20,21),(22,23,24),(25,26,27),(28,29,30),(31,32,33),(34,35,36),(37,38,39),(40,41,42),(43,44,45),(46,47,48),(49,50,51),(52,53,54),(55,56,57),(58,59,60),(61,62,63),(64,65,66),(67,68,69),(70,71,72),(73,74,75),(76,77,78),(79,80,81),(82,83,84),(85,86,87),(88,89,90),(91,92,93),(94,95,96),(97,98,99),(100,101,102),(103,104,105),(106,107,108),(109,110,111),(112,113,114),(115,116,117),(118,119,120),(121,122,123),(124,125,126),(127,128,129),(130,131,132),(133,134,135),(136,137,138),(139,140,141),(142,143,144),(145,146,147),(148,149,150),(151,152,153),(154,155,156),(157,158,159),(160,161,162),(163,164,165),(166,167,168),(169,170,171),(172,173,174),(175,176,177),(178,179,180),(181,182,183),(184,185,186),(187,188,189),(190,191,192),(193,194,195),(196,197,198),(199,200,201),(202,203,204),(205,206,207),(208,209,210),(211,212,213),(214,215,216),(217,218,219),(220,221,222),(223,224,225),(226,227,228),(229,230,231),(232,233,234),(235,236,237),(238,239,240),(241,242,243),(244,245,246),(247,248,249),(250,251,252),(253,254,255),(256,257,258),(259,260,261),(262,263,264),(265,266,267),(268,269,270),(271,272,273),(274,275,276),(277,278,279),(280,281,282),(283,284,285),(286,287,288),(289,290,291),(292,293,294),(295,296,297),(298,299,300),(301,302,303),(304,305,306),(307,308,309),(310,311,312),(313,314,315),(316,317,318),(319,320,321),(322,323,324),(325,326,327),(328,329,330),(331,332,333),(334,335,336),(337,338,339),(340,341,342),(343,344,345),(346,347,348),(349,350,351),(352,353,354),(355,356,357),(358,359,360),(361,362,363),(364,365,366),(367,368,369),(370,371,372),(373,374,375),(376,377,378),(379,380,381),(382,383,384),(385,386,387),(388,389,390),(391,392,393),(394,395,396),(397,398,399),(400,401,402),(403,404,405),(406,407,408),(409,410,411),(412,413,414),(415,416,417),(418,419,420),(421,422,423),(424,425,426),(427,428,429),(430,431,432),(433,434,435),(436,437,438),(439,440,441),(442,443,444),(445,446,447),(448,449,450),(451,452,453),(454,455,456),(457,458,459),(460,461,462),(463,464,465),(466,467,468),(469,470,471),(472,473,474),(475,476,477),(478,479,480),(481,482,483),(484,485,486),(487,488,489),(490,491,492),(493,494,495),(496,497,498),(499,500,501),(502,503,504),(505,506,507),(508,509,510),(511,512,513),(514,515,516),(517,518,519),(520,521,522),(523,524,525),(526,527,528),(529,530,531),(532,533,534),(535,536,537),(538,539,540),(541,542,543),(544,545,546),(547,548,549),(550,551,552),(553,554,555),(556,557,558),(559,560,561),(562,563,564),(565,566,567),(568,569,570),(571,572,573),(574,575,576),(577,578,579),(580,581,582),(583,584,585),(586,587,588),(589,590,591),(592,593,594),(595,596,597),(598,599,600),(601,602,603),(604,605,606),(607,608,609),(610,611,612),(613,614,615),(616,617,618),(619,620,621),(622,623,624),(625,626,627),(628,629,630),(631,632,633),(634,635,636),(637,638,639),(640,641,642),(643,644,645),(646,647,648),(649,650,651),(652,653,654),(655,656,657),(658,659,660),(661,662,663),(664,665,666),(667,668,669),(670,671,672),(673,674,675),(676,677,678),(679,680,681),(682,683,684),(685,686,687),(688,689,690),(691,692,693),(694,695,696),(697,698,699),(700,701,702),(703,704,705),(706,707,708),(709,710,711),(712,713,714),(715,716,717),(718,719,720),(721,722,723),(724,725,726),(727,728,729),(730,731,732),(733,734,735),(736,737,738),(739,740,741),(742,743,744),(745,746,747),(748,749,750),(751,752,753),(754,755,756),(757,758,759),(760,761,762),(763,764,765),(766,767,768),(769,770,771),(772,773,774),(775,776,777),(778,779,780),(781,782,783),(784,785,786),(787,788,789),(790,791,792),(793,794,795),(796,797,798),(799,800,801),(802,803,804),(805,806,807),(808,809,810),(811,812,813),(814,815,816),(817,818,819),(820,821,822),(823,824,825),(826,827,828),(829,830,831),(832,833,834),(835,836,837),(838,839,840),(841,842,843),(844,845,846),(847,848,849),(850,851,852),(853,854,855),(856,857,858),(859,860,861),(862,863,864),(865,866,867),(868,869,870),(871,872,873),(874,875,876),(877,878,879),(880,881,882),(883,884,885),(886,887,888),(889,890,891),(892,893,894),(895,896,897),(898,899,900),(901,902,903),(904,905,906),(907,908,909),(910,911,912),(913,914,915),(916,917,918),(919,920,921),(922,923,924),(925,926,927),(928,929,930),(931,932,933),(934,935,936),(937,938,939),(940,941,942),(943,944,945),(946,947,948),(949,950,951),(952,953,954),(955,956,957),(958,959,960),(961,962,963),(964,965,966),(967,968,969),(970,971,972),(973,974,975),(976,977,978),(979,980,981),(982,983,984),(985,986,987),(988,989,990),(991,992,993),(994,995,996),(997,998,999),(1000,1001,1002),(1003,1004,1005),(1006,1007,1008),(1009,1010,1011),(1012,1013,1014),(1015,1016,1017),(1018,1019,1020),(1021,1022,1023),(1024,1025,1026),(1027,1028,1029),(1030,1031,1032),(1033,1034,1035),(1036,1037,1038),(1039,1040,1041),(1042,1043,1044),(1045,1046,1047),(1048,1049,1050),(1051,1052,1053),(1054,1055,1056),(1057,1058,1059),(1060,1061,1062),(1063,1064,1065),(1066,1067,1068),(1069,1070,1071),(1072,1073,1074),(1075,1076,1077),(1078,1079,1080),(1081,1082,1083),(1084,1085,1086),(1087,1088,1089),(1090,1091,1092),(1093,1094,1095),(1096,1097,1098),(1099,1100,1101),(1102,1103,1104),(1105,1106,1107),(1108,1109,1110),(1111,1112,1113),(1114,1115,1116),(1117,1118,1119),(1120,1121,1122),(1123,1124,1125),(1126,1127,1128),(1129,1130,1131),(1132,1133,1134),(1135,1136,1137),(1138,1139,1140),(1141,1142,1143),(1144,1145,1146),(1147,1148,1149),(1150,1151,1152),(1153,1154,1155),(1156,1157,1158),(1159,1160,1161),(1162,1163,1164),(1165,1166,1167),(1168,1169,1170),(1171,1172,1173),(1174,1175,1176),(1177,1178,1179),(1180,1181,1182),(1183,1184,1185),(1186,1187,1188),(1189,1190,1191),(1192,1193,1194),(1195,1196,1197),(1198,1199,1200),(1201,1202,1203),(1204,1205,1206),(1207,1208,1209),(1210,1211,1212),(1213,1214,1215),(1216,1217,1218),(1219,1220,1221),(1222,1223,1224),(1225,1226,1227),(1228,1229,1230),(1231,1232,1233),(1234,1235,1236),(1237,1238,1239),(1240,1241,1242),(1243,1244,1245),(1246,1247,1248),(1249,1250,1251),(1252,1253,1254),(1255,1256,1257),(1258,1259,1260),(1261,1262,1263),(1264,1265,1266),(1267,1268,1269),(1270,1271,1272),(1273,1274,1275),(1276,1277,1278),(1279,1280,1281),(1282,1283,1284),(1285,1286,1287),(1288,1289,1290),(1291,1292,1293),(1294,1295,1296),(1297,1298,1299),(1300,1301,1302),(1303,1304,1305),(1306,1307,1308),(1309,1310,1311),(1312,1313,1314),(1315,1316,1317),(1318,1319,1320),(1321,1322,1323),(1324,1325,1326),(1327,1328,1329),(1330,1331,1332),(1333,1334,1335),(1336,1337,1338),(1339,1340,1341),(1342,1343,1344),(1345,1346,1347),(1348,1349,1350),(1351,1352,1353),(1354,1355,1356),(1357,1358,1359),(1360,1361,1362),(1363,1364,1365),(1366,1367,1368),(1369,1370,1371),(1372,1373,1374),(1375,1376,1377),(1378,1379,1380),(1381,1382,1383),(1384,1385,1386),(1387,1388,1389),(1390,1391,1392),(1393,1394,1395),(1396,1397,1398),(1399,1400,1401),(1402,1403,1404),(1405,1406,1407),(1408,1409,1410),(1411,1412,1413),(1414,1415,1416),(1417,1418,1419),(1420,1421,1422),(1423,1424,1425),(1426,1427,1428),(1429,1430,1431),(1432,1433,1434),(1435,1436,1437),(1438,1439,1440),(1441,1442,1443),(1444,1445,1446),(1447,1448,1449),(1450,1451,1452),(1453,1454,1455),(1456,1457,1458),(1459,1460,1461),(1462,1463,1464),(1465,1466,1467),(1468,1469,1470),(1471,1472,1473),(1474,1475,1476),(1477,1478,1479),(1480,1481,1482),(1483,1484,1485),(1486,1487,1488),(1489,1490,1491),(1492,1493,1494),(1495,1496,1497),(1498,1499,1500),(1501,1502,1503),(1504,1505,1506),(1507,1508,1509),(1510,1511,1512),(1513,1514,1515),(1516,1517,1518),(1519,1520,1521),(1522,1523,1524),(1525,1526,1527),(1528,1529,1530),(1531,1532,1533),(1534,1535,1536),(1537,1538,1539),(1540,1541,1542),(1543,1544,1545),(1546,1547,1548),(1549,1550,1551),(1552,1553,1554),(1555,1556,1557),(1558,1559,1560),(1561,1562,1563),(1564,1565,1566),(1567,1568,1569),(1570,1571,1572),(1573,1574,1575),(1576,1577,1578),(1579,1580,1581),(1582,1583,1584),(1585,1586,1587),(1588,1589,1590),(1591,1592,1593),(1594,1595,1596),(1597,1598,1599),(1600,1601,1602),(1603,1604,1605),(1606,1607,1608),(1609,1610,1611),(1612,1613,1614),(1615,1616,1617),(1618,1619,1620),(1621,1622,1623),(1624,1625,1626),(1627,1628,1629),(1630,1631,1632),(1633,1634,1635),(1636,1637,1638),(1639,1640,1641),(1642,1643,1644),(1645,1646,1647),(1648,1649,1650),(1651,1652,1653),(1654,1655,1656),(1657,1658,1659),(1660,1661,1662),(1663,1664,1665),(1666,1667,1668),(1669,1670,1671),(1672,1673,1674),(1675,1676,1677),(1678,1679,1680),(1681,1682,1683),(1684,1685,1686),(1687,1688,1689),(1690,1691,1692),(1693,1694,1695),(1696,1697,1698),(1699,1700,1701),(1702,1703,1704),(1705,1706,1707),(1708,1709,1710),(1711,1712,1713),(1714,1715,1716),(1717,1718,1719),(1720,1721,1722),(1723,1724,1725),(1726,1727,1728),(1729,1730,1731),(1732,1733,1734),(1735,1736,1737),(1738,1739,1740),(1741,1742,1743),(1744,1745,1746),(1747,1748,1749),(1750,1751,1752),(1753,1754,1755),(1756,1757,1758),(1759,1760,1761),(1762,1763,1764),(1765,1766,1767),(1768,1769,1770),(1771,1772,1773),(1774,1775,1776),(1777,1778,1779),(1780,1781,1782),(1783,1784,1785),(1786,1787,1788),(1789,1790,1791),(1792,1793,1794),(1795,1796,1797),(1798,1799,1800),(1801,1802,1803),(1804,1805,1806),(1807,1808,1809),(1810,1811,1812),(1813,1814,1815),(1816,1817,1818),(1819,1820,1821),(1822,1823,1824),(1825,1826,1827),(1828,1829,1830),(1831,1832,1833),(1834,1835,1836),(1837,1838,1839),(1840,1841,1842),(1843,1844,1845),(1846,1847,1848),(1849,1850,1851),(1852,1853,1854),(1855,1856,1857),(1858,1859,1860),(1861,1862,1863),(1864,1865,1866),(1867,1868,1869),(1870,1871,1872),(1873,1874,1875),(1876,1877,1878),(1879,1880,1881),(1882,1883,1884),(1885,1886,1887),(1888,1889,1890),(1891,1892,1893),(1894,1895,1896),(1897,1898,1899),(1900,1901,1902),(1903,1904,1905),(1906,1907,1908),(1909,1910,1911),(1912,1913,1914),(1915,1916,1917),(1918,1919,1920),(1921,1922,1923),(1924,1925,1926),(1927,1928,1929),(1930,1931,1932),(1933,1934,1935),(1936,1937,1938),(1939,1940,1941),(1942,1943,1944),(1945,1946,1947),(1948,1949,1950),(1951,1952,1953),(1954,1955,1956),(1957,1958,1959),(1960,1961,1962),(1963,1964,1965),(1966,1967,1968),(1969,1970,1971),(1972,1973,1974),(1975,1976,1977),(1978,1979,1980),(1981,1982,1983),(1984,1985,1986),(1987,1988,1989),(1990,1991,1992),(1993,1994,1995),(1996,1997,1998),(1999,2000,2001),(2002,2003,2004),(2005,2006,2007),(2008,2009,2010),(2011,2012,2013),(2014,2015,2016),(2017,2018,2019),(2020,2021,2022),(2023,2024,2025),(2026,2027,2028),(2029,2030,2031),(2032,2033,2034),(2035,2036,2037),(2038,2039,2040),(2041,2042,2043),(2044,2045,2046),(2047,2048,2049),(2050,2051,2052),(2053,2054,2055),(2056,2057,2058),(2059,2060,2061),(2062,2063,2064),(2065,2066,2067),(2068,2069,2070),(2071,2072,2073),(2074,2075,2076)));
#2426=TESSELLATED_GEOMETRIC_SET('hole callout',(#2425));
#2427=COORDINATES_LIST('coordinates',5,((-0.0511597,0.0221771,0.0699314),(-0.0710499,0.0221762,0.0699314),(-0.0413597,0.0221776,0.0651314),(-0.0461597,0.0221774,0.0699314),(-0.0511597,0.0221771,0.0699314)));
#2428=TESSELLATED_CURVE_SET('curve set',#2427,((1,2),(3,4,5)));
#2429=TESSELLATED_GEOMETRIC_SET('hole callout',(#2428));
#2430=TESSELLATED_ANNOTATION_OCCURRENCE('hole callout',(#2423),#2426);
#2431=TESSELLATED_ANNOTATION_OCCURRENCE('hole callout',(#2423),#2429);
#2432=DRAUGHTING_CALLOUT('hole callout',(#2430,#2431));
#2433=DRAUGHTING_MODEL_ITEM_ASSOCIATION('','',#2383,#2419,#2432);
#2434=DRAUGHTING_MODEL_ITEM_ASSOCIATION('','',#2391,#2419,#2432);
#2435=DRAUGHTING_MODEL_ITEM_ASSOCIATION('','',#2358,#2419,#2432);
ENDSEC;
END-ISO-10303-21;
