ISO-10303-21;
HEADER;
/* Generated by software containing ST-Developer
 * from STEP Tools, Inc. (www.steptools.com) 
 */
/* OPTION: using custom renumber hook */

FILE_DESCRIPTION(
/* description */ ('STEP AP242 Edition 2',
'CAx-IF Rec.Pracs.---Representation and Presentation of Product Manufa
cturing Information (PMI)---4.0---2014-10-13',
'CAx-IF Rec.Pracs.---3D Tessellated Geometry---0.4---2014-09-14','2;1',
'CAx-IF Rec.Pracs.---User Defined Attributes---1.5---2016-08-15'),
/* implementation_level */ '2;1');

FILE_NAME(
/* name */ '6ab84944dfe544ce60671a35',
/* time_stamp */ '2026-09-26T22:38:09Z',
/* author */ (''),
/* organization */ (''),
/* preprocessor_version */ 'ST-DEVELOPER v20',
/* originating_system */ 'ONSHAPE BY PTC INC, 1.221',
/* authorisation */ '  ');

FILE_SCHEMA (('AP242_MANAGED_MODEL_BASED_3D_ENGINEERING_MIM_LF { 1 0 10303 442 3 1 4 }'));
ENDSEC;

DATA;
#10=OVER_RIDING_STYLED_ITEM('',(#10490),#9987,#10462);
#11=OVER_RIDING_STYLED_ITEM('',(#10491),#9988,#10462);
#12=OVER_RIDING_STYLED_ITEM('',(#10492),#9989,#10462);
#13=OVER_RIDING_STYLED_ITEM('',(#10495),#10003,#10464);
#14=OVER_RIDING_STYLED_ITEM('',(#10496),#10004,#10464);
#15=OVER_RIDING_STYLED_ITEM('',(#10497),#10005,#10464);
#16=OVER_RIDING_STYLED_ITEM('',(#10498),#10006,#10464);
#17=OVER_RIDING_STYLED_ITEM('',(#10499),#10007,#10464);
#18=OVER_RIDING_STYLED_ITEM('',(#10500),#10008,#10464);
#19=OVER_RIDING_STYLED_ITEM('',(#10501),#10009,#10464);
#20=OVER_RIDING_STYLED_ITEM('',(#10502),#10010,#10464);
#21=OVER_RIDING_STYLED_ITEM('',(#10503),#10011,#10464);
#22=OVER_RIDING_STYLED_ITEM('',(#10504),#10012,#10464);
#23=OVER_RIDING_STYLED_ITEM('',(#10505),#10013,#10464);
#24=OVER_RIDING_STYLED_ITEM('',(#10506),#10014,#10464);
#25=OVER_RIDING_STYLED_ITEM('',(#10507),#10015,#10464);
#26=OVER_RIDING_STYLED_ITEM('',(#10508),#10016,#10464);
#27=OVER_RIDING_STYLED_ITEM('',(#10509),#10017,#10464);
#28=OVER_RIDING_STYLED_ITEM('',(#10510),#10018,#10464);
#29=OVER_RIDING_STYLED_ITEM('',(#10511),#10019,#10464);
#30=OVER_RIDING_STYLED_ITEM('',(#10512),#10020,#10464);
#31=OVER_RIDING_STYLED_ITEM('',(#10513),#10021,#10464);
#32=OVER_RIDING_STYLED_ITEM('',(#10514),#10022,#10464);
#33=OVER_RIDING_STYLED_ITEM('',(#10515),#10023,#10464);
#34=OVER_RIDING_STYLED_ITEM('',(#10516),#10024,#10464);
#35=OVER_RIDING_STYLED_ITEM('',(#10517),#10025,#10464);
#36=OVER_RIDING_STYLED_ITEM('',(#10518),#10026,#10464);
#37=OVER_RIDING_STYLED_ITEM('',(#10519),#10027,#10464);
#38=OVER_RIDING_STYLED_ITEM('',(#10520),#10028,#10464);
#39=OVER_RIDING_STYLED_ITEM('',(#10521),#10029,#10464);
#40=OVER_RIDING_STYLED_ITEM('',(#10522),#10030,#10464);
#41=OVER_RIDING_STYLED_ITEM('',(#10523),#10031,#10464);
#42=OVER_RIDING_STYLED_ITEM('',(#10524),#10032,#10464);
#43=OVER_RIDING_STYLED_ITEM('',(#10525),#10033,#10464);
#44=OVER_RIDING_STYLED_ITEM('',(#10526),#10034,#10464);
#45=OVER_RIDING_STYLED_ITEM('',(#10527),#10035,#10464);
#46=OVER_RIDING_STYLED_ITEM('',(#10528),#10036,#10464);
#47=OVER_RIDING_STYLED_ITEM('',(#10529),#10037,#10464);
#48=OVER_RIDING_STYLED_ITEM('',(#10530),#10038,#10464);
#49=OVER_RIDING_STYLED_ITEM('',(#10531),#10039,#10464);
#50=OVER_RIDING_STYLED_ITEM('',(#10532),#10040,#10464);
#51=OVER_RIDING_STYLED_ITEM('',(#10533),#10041,#10464);
#52=OVER_RIDING_STYLED_ITEM('',(#10534),#10042,#10464);
#53=OVER_RIDING_STYLED_ITEM('',(#10535),#10043,#10464);
#54=OVER_RIDING_STYLED_ITEM('',(#10536),#10044,#10464);
#55=OVER_RIDING_STYLED_ITEM('',(#10537),#10045,#10464);
#56=OVER_RIDING_STYLED_ITEM('',(#10538),#10046,#10464);
#57=OVER_RIDING_STYLED_ITEM('',(#10539),#10047,#10464);
#58=OVER_RIDING_STYLED_ITEM('',(#10540),#10048,#10464);
#59=OVER_RIDING_STYLED_ITEM('',(#10541),#10049,#10464);
#60=OVER_RIDING_STYLED_ITEM('',(#10542),#10050,#10464);
#61=OVER_RIDING_STYLED_ITEM('',(#10543),#10051,#10464);
#62=OVER_RIDING_STYLED_ITEM('',(#10544),#10052,#10464);
#63=OVER_RIDING_STYLED_ITEM('',(#10545),#10053,#10464);
#64=OVER_RIDING_STYLED_ITEM('',(#10546),#10054,#10464);
#65=OVER_RIDING_STYLED_ITEM('',(#10549),#10206,#10466);
#66=OVER_RIDING_STYLED_ITEM('',(#10550),#10207,#10466);
#67=OVER_RIDING_STYLED_ITEM('',(#10551),#10208,#10466);
#68=OVER_RIDING_STYLED_ITEM('',(#10553),#10220,#10467);
#69=OVER_RIDING_STYLED_ITEM('',(#10554),#10221,#10467);
#70=OVER_RIDING_STYLED_ITEM('',(#10555),#10223,#10467);
#71=OVER_RIDING_STYLED_ITEM('',(#10556),#10224,#10467);
#72=OVER_RIDING_STYLED_ITEM('',(#10557),#10225,#10467);
#73=OVER_RIDING_STYLED_ITEM('',(#10558),#10226,#10467);
#74=OVER_RIDING_STYLED_ITEM('',(#10559),#10227,#10467);
#75=OVER_RIDING_STYLED_ITEM('',(#10562),#10235,#10469);
#76=OVER_RIDING_STYLED_ITEM('',(#10563),#10236,#10469);
#77=OVER_RIDING_STYLED_ITEM('',(#10564),#10237,#10469);
#78=OVER_RIDING_STYLED_ITEM('',(#10566),#10244,#10470);
#79=OVER_RIDING_STYLED_ITEM('',(#10567),#10245,#10470);
#80=OVER_RIDING_STYLED_ITEM('',(#10568),#10246,#10470);
#81=OVER_RIDING_STYLED_ITEM('',(#10570),#10253,#10471);
#82=OVER_RIDING_STYLED_ITEM('',(#10571),#10254,#10471);
#83=OVER_RIDING_STYLED_ITEM('',(#10572),#10255,#10471);
#84=OVER_RIDING_STYLED_ITEM('',(#10574),#10262,#10472);
#85=OVER_RIDING_STYLED_ITEM('',(#10575),#10263,#10472);
#86=OVER_RIDING_STYLED_ITEM('',(#10576),#10264,#10472);
#87=OVER_RIDING_STYLED_ITEM('',(#10578),#10271,#10473);
#88=OVER_RIDING_STYLED_ITEM('',(#10579),#10272,#10473);
#89=OVER_RIDING_STYLED_ITEM('',(#10580),#10273,#10473);
#90=OVER_RIDING_STYLED_ITEM('',(#10584),#10294,#10476);
#91=OVER_RIDING_STYLED_ITEM('',(#10585),#10295,#10476);
#92=OVER_RIDING_STYLED_ITEM('',(#10586),#10296,#10476);
#93=OVER_RIDING_STYLED_ITEM('',(#10591),#10418,#10480);
#94=OVER_RIDING_STYLED_ITEM('',(#10592),#10419,#10480);
#95=OVER_RIDING_STYLED_ITEM('',(#10593),#10420,#10480);
#96=TOROIDAL_SURFACE('',#11522,0.0005,0.00025);
#97=TOROIDAL_SURFACE('',#11526,0.0005,0.00025);
#98=TOROIDAL_SURFACE('',#11536,0.0005,0.00025);
#99=TOROIDAL_SURFACE('',#11540,0.0005,0.00025);
#100=TOROIDAL_SURFACE('',#11558,0.0006,0.0004);
#101=TOROIDAL_SURFACE('',#11560,0.0006,0.0004);
#102=TOROIDAL_SURFACE('',#11568,0.0005,0.00025);
#103=TOROIDAL_SURFACE('',#11572,0.0005,0.00025);
#104=TOROIDAL_SURFACE('',#11779,0.0005,0.00025);
#105=TOROIDAL_SURFACE('',#11783,0.0005,0.00025);
#106=TOROIDAL_SURFACE('',#11801,0.0006,0.0004);
#107=TOROIDAL_SURFACE('',#11803,0.0006,0.0004);
#108=TOROIDAL_SURFACE('',#11811,0.0057,0.0003);
#109=TOROIDAL_SURFACE('',#11813,0.004518518518519,0.001481481481481);
#110=TOROIDAL_SURFACE('',#11826,0.00027,0.00018);
#111=TOROIDAL_SURFACE('',#11828,0.00027,0.00018);
#112=TOROIDAL_SURFACE('',#11837,0.0005,0.00025);
#113=TOROIDAL_SURFACE('',#11841,0.0005,0.00025);
#114=TOROIDAL_SURFACE('',#11859,0.0006,0.0004);
#115=TOROIDAL_SURFACE('',#11861,0.0006,0.0004);
#116=TOROIDAL_SURFACE('',#11877,0.0006,0.0004);
#117=TOROIDAL_SURFACE('',#11879,0.0006,0.0004);
#118=TOROIDAL_SURFACE('',#11895,0.0006,0.0004);
#119=TOROIDAL_SURFACE('',#11897,0.0006,0.0004);
#120=TOROIDAL_SURFACE('',#11913,0.0006,0.0004);
#121=TOROIDAL_SURFACE('',#11915,0.0006,0.0004);
#122=TOROIDAL_SURFACE('',#11931,0.0006,0.0004);
#123=TOROIDAL_SURFACE('',#11933,0.0006,0.0004);
#124=TOROIDAL_SURFACE('',#11941,0.0005,0.00025);
#125=TOROIDAL_SURFACE('',#11945,0.0005,0.00025);
#126=TOROIDAL_SURFACE('',#11955,0.0005,0.00025);
#127=TOROIDAL_SURFACE('',#11959,0.0005,0.00025);
#128=TOROIDAL_SURFACE('',#11977,0.0006,0.0004);
#129=TOROIDAL_SURFACE('',#11979,0.0006,0.0004);
#130=TOROIDAL_SURFACE('',#11987,0.0005,0.00025);
#131=TOROIDAL_SURFACE('',#11991,0.0005,0.00025);
#132=TOROIDAL_SURFACE('',#12293,0.0005,0.00025);
#133=TOROIDAL_SURFACE('',#12297,0.0005,0.00025);
#134=TOROIDAL_SURFACE('',#12315,0.0006,0.0004);
#135=TOROIDAL_SURFACE('',#12317,0.0006,0.0004);
#136=SPHERICAL_SURFACE('',#11418,0.005);
#137=SPHERICAL_SURFACE('',#11419,0.005);
#138=(
BOUNDED_CURVE()
B_SPLINE_CURVE(2,(#15805,#15806,#15807),.UNSPECIFIED.,.F.,.F.)
B_SPLINE_CURVE_WITH_KNOTS((3,3),(270.,296.020000000009),
 .PIECEWISE_BEZIER_KNOTS.)
CURVE()
GEOMETRIC_REPRESENTATION_ITEM()
RATIONAL_B_SPLINE_CURVE((1.,0.974330788579371,1.))
REPRESENTATION_ITEM('')
);
#139=(
BOUNDED_CURVE()
B_SPLINE_CURVE(2,(#15814,#15815,#15816),.UNSPECIFIED.,.F.,.F.)
B_SPLINE_CURVE_WITH_KNOTS((3,3),(243.979999999991,270.),
 .PIECEWISE_BEZIER_KNOTS.)
CURVE()
GEOMETRIC_REPRESENTATION_ITEM()
RATIONAL_B_SPLINE_CURVE((1.,0.974330788579371,1.))
REPRESENTATION_ITEM('')
);
#140=ELLIPSE('',#11366,0.00707106781186547,0.005);
#141=ELLIPSE('',#11367,0.00707106781186547,0.005);
#142=ELLIPSE('',#11371,0.00943766784756926,0.005);
#143=ELLIPSE('',#11373,0.00943766784756926,0.005);
#144=DRAUGHTING_PRE_DEFINED_COLOUR('red');
#145=B_SPLINE_CURVE_WITH_KNOTS('',3,(#15542,#15543,#15544,#15545),
 .UNSPECIFIED.,.F.,.F.,(4,4),(0.,0.999999823151021),.UNSPECIFIED.);
#146=B_SPLINE_CURVE_WITH_KNOTS('',3,(#15550,#15551,#15552,#15553),
 .UNSPECIFIED.,.F.,.F.,(4,4),(0.,1.),.UNSPECIFIED.);
#147=B_SPLINE_CURVE_WITH_KNOTS('',3,(#15557,#15558,#15559,#15560),
 .UNSPECIFIED.,.F.,.F.,(4,4),(0.,1.),.UNSPECIFIED.);
#148=B_SPLINE_CURVE_WITH_KNOTS('',3,(#15562,#15563,#15564,#15565),
 .UNSPECIFIED.,.F.,.F.,(4,4),(0.,1.),.UNSPECIFIED.);
#149=B_SPLINE_CURVE_WITH_KNOTS('',3,(#15567,#15568,#15569,#15570),
 .UNSPECIFIED.,.F.,.F.,(4,4),(0.,1.),.UNSPECIFIED.);
#150=B_SPLINE_CURVE_WITH_KNOTS('',3,(#15572,#15573,#15574,#15575,#15576),
 .UNSPECIFIED.,.F.,.F.,(4,1,4),(0.,0.5,1.),.UNSPECIFIED.);
#151=B_SPLINE_CURVE_WITH_KNOTS('',3,(#15584,#15585,#15586,#15587),
 .UNSPECIFIED.,.F.,.F.,(4,4),(0.,1.),.UNSPECIFIED.);
#152=B_SPLINE_CURVE_WITH_KNOTS('',3,(#15589,#15590,#15591,#15592,#15593),
 .UNSPECIFIED.,.F.,.F.,(4,1,4),(0.,0.5,1.),.UNSPECIFIED.);
#153=B_SPLINE_CURVE_WITH_KNOTS('',3,(#15595,#15596,#15597,#15598),
 .UNSPECIFIED.,.F.,.F.,(4,4),(0.,0.999999690057071),.UNSPECIFIED.);
#154=B_SPLINE_CURVE_WITH_KNOTS('',3,(#15600,#15601,#15602,#15603),
 .UNSPECIFIED.,.F.,.F.,(4,4),(0.,1.),.UNSPECIFIED.);
#155=B_SPLINE_CURVE_WITH_KNOTS('',3,(#15607,#15608,#15609,#15610,#15611),
 .UNSPECIFIED.,.F.,.F.,(4,1,4),(0.,0.5,1.),.UNSPECIFIED.);
#156=B_SPLINE_CURVE_WITH_KNOTS('',3,(#15615,#15616,#15617,#15618,#15619),
 .UNSPECIFIED.,.F.,.F.,(4,1,4),(0.,0.5,1.),.UNSPECIFIED.);
#157=B_SPLINE_CURVE_WITH_KNOTS('',3,(#15630,#15631,#15632,#15633),
 .UNSPECIFIED.,.F.,.F.,(4,4),(0.,1.),.UNSPECIFIED.);
#158=B_SPLINE_CURVE_WITH_KNOTS('',3,(#15637,#15638,#15639,#15640),
 .UNSPECIFIED.,.F.,.F.,(4,4),(0.,0.999999778612197),.UNSPECIFIED.);
#159=B_SPLINE_CURVE_WITH_KNOTS('',3,(#15644,#15645,#15646,#15647),
 .UNSPECIFIED.,.F.,.F.,(4,4),(0.,1.),.UNSPECIFIED.);
#160=B_SPLINE_CURVE_WITH_KNOTS('',3,(#15651,#15652,#15653,#15654),
 .UNSPECIFIED.,.F.,.F.,(4,4),(0.,1.),.UNSPECIFIED.);
#161=B_SPLINE_CURVE_WITH_KNOTS('',3,(#15656,#15657,#15658,#15659),
 .UNSPECIFIED.,.F.,.F.,(4,4),(0.,1.),.UNSPECIFIED.);
#162=B_SPLINE_CURVE_WITH_KNOTS('',3,(#15661,#15662,#15663,#15664),
 .UNSPECIFIED.,.F.,.F.,(4,4),(0.,1.),.UNSPECIFIED.);
#163=B_SPLINE_CURVE_WITH_KNOTS('',3,(#15666,#15667,#15668,#15669),
 .UNSPECIFIED.,.F.,.F.,(4,4),(0.,0.999999778612197),.UNSPECIFIED.);
#164=B_SPLINE_CURVE_WITH_KNOTS('',3,(#15671,#15672,#15673,#15674),
 .UNSPECIFIED.,.F.,.F.,(4,4),(0.,1.),.UNSPECIFIED.);
#165=CONTEXT_DEPENDENT_SHAPE_REPRESENTATION(#255,#18221);
#166=CONTEXT_DEPENDENT_SHAPE_REPRESENTATION(#256,#18223);
#167=CONTEXT_DEPENDENT_SHAPE_REPRESENTATION(#257,#18225);
#168=CONTEXT_DEPENDENT_SHAPE_REPRESENTATION(#258,#18226);
#169=CONTEXT_DEPENDENT_SHAPE_REPRESENTATION(#259,#18227);
#170=CONTEXT_DEPENDENT_SHAPE_REPRESENTATION(#260,#18230);
#171=CONTEXT_DEPENDENT_SHAPE_REPRESENTATION(#261,#18232);
#172=CONTEXT_DEPENDENT_SHAPE_REPRESENTATION(#262,#18233);
#173=CONTEXT_DEPENDENT_SHAPE_REPRESENTATION(#263,#18234);
#174=CONTEXT_DEPENDENT_SHAPE_REPRESENTATION(#264,#18235);
#175=CONTEXT_DEPENDENT_SHAPE_REPRESENTATION(#265,#18236);
#176=CONTEXT_DEPENDENT_SHAPE_REPRESENTATION(#266,#18237);
#177=CONTEXT_DEPENDENT_SHAPE_REPRESENTATION(#267,#18238);
#178=CONTEXT_DEPENDENT_SHAPE_REPRESENTATION(#268,#18239);
#179=CONTEXT_DEPENDENT_SHAPE_REPRESENTATION(#269,#18240);
#180=CONTEXT_DEPENDENT_SHAPE_REPRESENTATION(#270,#18241);
#181=CONTEXT_DEPENDENT_SHAPE_REPRESENTATION(#271,#18242);
#182=CONTEXT_DEPENDENT_SHAPE_REPRESENTATION(#272,#18243);
#183=CONTEXT_DEPENDENT_SHAPE_REPRESENTATION(#273,#18244);
#184=CONTEXT_DEPENDENT_SHAPE_REPRESENTATION(#274,#18246);
#185=CONTEXT_DEPENDENT_SHAPE_REPRESENTATION(#275,#18247);
#186=CONTEXT_DEPENDENT_SHAPE_REPRESENTATION(#276,#18248);
#187=CONTEXT_DEPENDENT_SHAPE_REPRESENTATION(#277,#18249);
#188=CONTEXT_DEPENDENT_SHAPE_REPRESENTATION(#278,#18252);
#189=CONTEXT_DEPENDENT_SHAPE_REPRESENTATION(#279,#18254);
#190=CONTEXT_DEPENDENT_SHAPE_REPRESENTATION(#280,#18256);
#191=CONTEXT_DEPENDENT_SHAPE_REPRESENTATION(#281,#18258);
#192=CONTEXT_DEPENDENT_SHAPE_REPRESENTATION(#282,#18260);
#193=CONTEXT_DEPENDENT_SHAPE_REPRESENTATION(#283,#18262);
#194=CONTEXT_DEPENDENT_SHAPE_REPRESENTATION(#284,#18264);
#195=CONTEXT_DEPENDENT_SHAPE_REPRESENTATION(#285,#18266);
#196=CONTEXT_DEPENDENT_SHAPE_REPRESENTATION(#286,#18268);
#197=CONTEXT_DEPENDENT_SHAPE_REPRESENTATION(#287,#18270);
#198=CONTEXT_DEPENDENT_SHAPE_REPRESENTATION(#288,#18272);
#199=CONTEXT_DEPENDENT_SHAPE_REPRESENTATION(#289,#18274);
#200=CONTEXT_DEPENDENT_SHAPE_REPRESENTATION(#290,#18276);
#201=CONTEXT_DEPENDENT_SHAPE_REPRESENTATION(#291,#18278);
#202=CONTEXT_DEPENDENT_SHAPE_REPRESENTATION(#292,#18280);
#203=CONTEXT_DEPENDENT_SHAPE_REPRESENTATION(#293,#18282);
#204=CONTEXT_DEPENDENT_SHAPE_REPRESENTATION(#294,#18284);
#205=CONTEXT_DEPENDENT_SHAPE_REPRESENTATION(#295,#18286);
#206=CONTEXT_DEPENDENT_SHAPE_REPRESENTATION(#296,#18288);
#207=CONTEXT_DEPENDENT_SHAPE_REPRESENTATION(#297,#18290);
#208=CONTEXT_DEPENDENT_SHAPE_REPRESENTATION(#298,#18292);
#209=CONTEXT_DEPENDENT_SHAPE_REPRESENTATION(#299,#18293);
#210=NEXT_ASSEMBLY_USAGE_OCCURRENCE('NAUO1','MX switch','MX switch',#18294,
#18295,'');
#211=NEXT_ASSEMBLY_USAGE_OCCURRENCE('NAUO2','XIAO ESP32C3 on sockets',
'XIAO ESP32C3 on sockets',#18294,#18296,'');
#212=NEXT_ASSEMBLY_USAGE_OCCURRENCE('NAUO3',
'Open CASCADE STEP translator 7.9 1.1',
'Open CASCADE STEP translator 7.9 1.1',#18294,#18297,'');
#213=NEXT_ASSEMBLY_USAGE_OCCURRENCE('NAUO4',
'Open CASCADE STEP translator 7.9 1.1',
'Open CASCADE STEP translator 7.9 1.1',#18294,#18297,'');
#214=NEXT_ASSEMBLY_USAGE_OCCURRENCE('NAUO5',
'Open CASCADE STEP translator 7.9 1.1',
'Open CASCADE STEP translator 7.9 1.1',#18294,#18297,'');
#215=NEXT_ASSEMBLY_USAGE_OCCURRENCE('NAUO6','Part 1','Part 1',#18298,#18299,
'');
#216=NEXT_ASSEMBLY_USAGE_OCCURRENCE('NAUO7','Part 1','Part 1',#18298,#18300,
'');
#217=NEXT_ASSEMBLY_USAGE_OCCURRENCE('NAUO8','Top and Bottom <1>',
'Top and Bottom <1>',#18294,#18298,'');
#218=NEXT_ASSEMBLY_USAGE_OCCURRENCE('NAUO9','MX switch','MX switch',#18294,
#18295,'');
#219=NEXT_ASSEMBLY_USAGE_OCCURRENCE('NAUO10','MX switch','MX switch',#18294,
#18295,'');
#220=NEXT_ASSEMBLY_USAGE_OCCURRENCE('NAUO11',
'Open CASCADE STEP translator 7.9 1.1',
'Open CASCADE STEP translator 7.9 1.1',#18294,#18297,'');
#221=NEXT_ASSEMBLY_USAGE_OCCURRENCE('NAUO12',
'Open CASCADE STEP translator 7.9 1.1',
'Open CASCADE STEP translator 7.9 1.1',#18294,#18297,'');
#222=NEXT_ASSEMBLY_USAGE_OCCURRENCE('NAUO13','MX switch','MX switch',#18294,
#18295,'');
#223=NEXT_ASSEMBLY_USAGE_OCCURRENCE('NAUO14','MX switch','MX switch',#18294,
#18295,'');
#224=NEXT_ASSEMBLY_USAGE_OCCURRENCE('NAUO15','MX switch','MX switch',#18294,
#18295,'');
#225=NEXT_ASSEMBLY_USAGE_OCCURRENCE('NAUO16','MX switch','MX switch',#18294,
#18295,'');
#226=NEXT_ASSEMBLY_USAGE_OCCURRENCE('NAUO17',
'Open CASCADE STEP translator 7.9 1.1',
'Open CASCADE STEP translator 7.9 1.1',#18294,#18297,'');
#227=NEXT_ASSEMBLY_USAGE_OCCURRENCE('NAUO18',
'Open CASCADE STEP translator 7.9 1.1',
'Open CASCADE STEP translator 7.9 1.1',#18294,#18297,'');
#228=NEXT_ASSEMBLY_USAGE_OCCURRENCE('NAUO19',
'Open CASCADE STEP translator 7.9 1.1',
'Open CASCADE STEP translator 7.9 1.1',#18294,#18297,'');
#229=NEXT_ASSEMBLY_USAGE_OCCURRENCE('NAUO20','TFT display',
'TFT display',#18294,#18301,'');
#230=NEXT_ASSEMBLY_USAGE_OCCURRENCE('NAUO21','MX switch','MX switch',#18294,
#18295,'');
#231=NEXT_ASSEMBLY_USAGE_OCCURRENCE('NAUO22',
'Open CASCADE STEP translator 7.9 1.1',
'Open CASCADE STEP translator 7.9 1.1',#18294,#18297,'');
#232=NEXT_ASSEMBLY_USAGE_OCCURRENCE('NAUO23','MX switch','MX switch',#18294,
#18295,'');
#233=NEXT_ASSEMBLY_USAGE_OCCURRENCE('NAUO24',
'D_DO-35_SOD27_P7.62mm_Horizontal_8',
'D_DO-35_SOD27_P7.62mm_Horizontal_8',#18302,#18303,'');
#234=NEXT_ASSEMBLY_USAGE_OCCURRENCE('NAUO25',
'D_DO-35_SOD27_P7.62mm_Horizontal_4',
'D_DO-35_SOD27_P7.62mm_Horizontal_4',#18302,#18304,'');
#235=NEXT_ASSEMBLY_USAGE_OCCURRENCE('NAUO26',
'D_DO-35_SOD27_P7.62mm_Horizontal_1',
'D_DO-35_SOD27_P7.62mm_Horizontal_1',#18302,#18305,'');
#236=NEXT_ASSEMBLY_USAGE_OCCURRENCE('NAUO27',
'D_DO-35_SOD27_P7.62mm_Horizontal_7',
'D_DO-35_SOD27_P7.62mm_Horizontal_7',#18302,#18306,'');
#237=NEXT_ASSEMBLY_USAGE_OCCURRENCE('NAUO28',
'PinHeader_1x08_P254mm_Vertical','PinHeader_1x08_P254mm_Vertical',#18302,
#18307,'');
#238=NEXT_ASSEMBLY_USAGE_OCCURRENCE('NAUO29',
'D_DO-35_SOD27_P7.62mm_Horizontal_6',
'D_DO-35_SOD27_P7.62mm_Horizontal_6',#18302,#18308,'');
#239=NEXT_ASSEMBLY_USAGE_OCCURRENCE('NAUO30',
'D_DO-35_SOD27_P7.62mm_Horizontal_5',
'D_DO-35_SOD27_P7.62mm_Horizontal_5',#18302,#18309,'');
#240=NEXT_ASSEMBLY_USAGE_OCCURRENCE('NAUO31','Buzzer_12x95RM76',
'Buzzer_12x95RM76',#18302,#18310,'');
#241=NEXT_ASSEMBLY_USAGE_OCCURRENCE('NAUO32',
'D_DO-35_SOD27_P7.62mm_Horizontal','D_DO-35_SOD27_P7.62mm_Horizontal',#18302,
#18311,'');
#242=NEXT_ASSEMBLY_USAGE_OCCURRENCE('NAUO33',
'D_DO-35_SOD27_P7.62mm_Horizontal','D_DO-35_SOD27_P7.62mm_Horizontal',#18302,
#18312,'');
#243=NEXT_ASSEMBLY_USAGE_OCCURRENCE('NAUO34',
'D_DO-35_SOD27_P7.62mm_Horizontal_4',
'D_DO-35_SOD27_P7.62mm_Horizontal_4',#18302,#18313,'');
#244=NEXT_ASSEMBLY_USAGE_OCCURRENCE('NAUO35',
'D_DO-35_SOD27_P7.62mm_Horizontal_7',
'D_DO-35_SOD27_P7.62mm_Horizontal_7',#18302,#18314,'');
#245=NEXT_ASSEMBLY_USAGE_OCCURRENCE('NAUO36',
'D_DO-35_SOD27_P7.62mm_Horizontal_8',
'D_DO-35_SOD27_P7.62mm_Horizontal_8',#18302,#18315,'');
#246=NEXT_ASSEMBLY_USAGE_OCCURRENCE('NAUO37',
'D_DO-35_SOD27_P7.62mm_Horizontal_3',
'D_DO-35_SOD27_P7.62mm_Horizontal_3',#18302,#18316,'');
#247=NEXT_ASSEMBLY_USAGE_OCCURRENCE('NAUO38',
'D_DO-35_SOD27_P7.62mm_Horizontal_5',
'D_DO-35_SOD27_P7.62mm_Horizontal_5',#18302,#18317,'');
#248=NEXT_ASSEMBLY_USAGE_OCCURRENCE('NAUO39',
'D_DO-35_SOD27_P7.62mm_Horizontal_2',
'D_DO-35_SOD27_P7.62mm_Horizontal_2',#18302,#18318,'');
#249=NEXT_ASSEMBLY_USAGE_OCCURRENCE('NAUO40',
'D_DO-35_SOD27_P7.62mm_Horizontal_2',
'D_DO-35_SOD27_P7.62mm_Horizontal_2',#18302,#18319,'');
#250=NEXT_ASSEMBLY_USAGE_OCCURRENCE('NAUO41',
'D_DO-35_SOD27_P7.62mm_Horizontal_1',
'D_DO-35_SOD27_P7.62mm_Horizontal_1',#18302,#18320,'');
#251=NEXT_ASSEMBLY_USAGE_OCCURRENCE('NAUO42','kicad_schematic_PCB',
'kicad_schematic_PCB',#18302,#18321,'');
#252=NEXT_ASSEMBLY_USAGE_OCCURRENCE('NAUO43',
'D_DO-35_SOD27_P7.62mm_Horizontal_3',
'D_DO-35_SOD27_P7.62mm_Horizontal_3',#18302,#18322,'');
#253=NEXT_ASSEMBLY_USAGE_OCCURRENCE('NAUO44',
'D_DO-35_SOD27_P7.62mm_Horizontal_6',
'D_DO-35_SOD27_P7.62mm_Horizontal_6',#18302,#18323,'');
#254=NEXT_ASSEMBLY_USAGE_OCCURRENCE('NAUO45','PCB assembly <1>',
'PCB assembly <1>',#18294,#18302,'');
#255=(
REPRESENTATION_RELATIONSHIP(' ',' ',#11228,#11227)
REPRESENTATION_RELATIONSHIP_WITH_TRANSFORMATION(#300)
SHAPE_REPRESENTATION_RELATIONSHIP()
);
#256=(
REPRESENTATION_RELATIONSHIP(' ',' ',#11229,#11227)
REPRESENTATION_RELATIONSHIP_WITH_TRANSFORMATION(#301)
SHAPE_REPRESENTATION_RELATIONSHIP()
);
#257=(
REPRESENTATION_RELATIONSHIP(' ',' ',#11230,#11227)
REPRESENTATION_RELATIONSHIP_WITH_TRANSFORMATION(#302)
SHAPE_REPRESENTATION_RELATIONSHIP()
);
#258=(
REPRESENTATION_RELATIONSHIP(' ',' ',#11230,#11227)
REPRESENTATION_RELATIONSHIP_WITH_TRANSFORMATION(#303)
SHAPE_REPRESENTATION_RELATIONSHIP()
);
#259=(
REPRESENTATION_RELATIONSHIP(' ',' ',#11230,#11227)
REPRESENTATION_RELATIONSHIP_WITH_TRANSFORMATION(#304)
SHAPE_REPRESENTATION_RELATIONSHIP()
);
#260=(
REPRESENTATION_RELATIONSHIP(' ',' ',#11232,#11231)
REPRESENTATION_RELATIONSHIP_WITH_TRANSFORMATION(#305)
SHAPE_REPRESENTATION_RELATIONSHIP()
);
#261=(
REPRESENTATION_RELATIONSHIP(' ',' ',#11233,#11231)
REPRESENTATION_RELATIONSHIP_WITH_TRANSFORMATION(#306)
SHAPE_REPRESENTATION_RELATIONSHIP()
);
#262=(
REPRESENTATION_RELATIONSHIP(' ',' ',#11231,#11227)
REPRESENTATION_RELATIONSHIP_WITH_TRANSFORMATION(#307)
SHAPE_REPRESENTATION_RELATIONSHIP()
);
#263=(
REPRESENTATION_RELATIONSHIP(' ',' ',#11228,#11227)
REPRESENTATION_RELATIONSHIP_WITH_TRANSFORMATION(#308)
SHAPE_REPRESENTATION_RELATIONSHIP()
);
#264=(
REPRESENTATION_RELATIONSHIP(' ',' ',#11228,#11227)
REPRESENTATION_RELATIONSHIP_WITH_TRANSFORMATION(#309)
SHAPE_REPRESENTATION_RELATIONSHIP()
);
#265=(
REPRESENTATION_RELATIONSHIP(' ',' ',#11230,#11227)
REPRESENTATION_RELATIONSHIP_WITH_TRANSFORMATION(#310)
SHAPE_REPRESENTATION_RELATIONSHIP()
);
#266=(
REPRESENTATION_RELATIONSHIP(' ',' ',#11230,#11227)
REPRESENTATION_RELATIONSHIP_WITH_TRANSFORMATION(#311)
SHAPE_REPRESENTATION_RELATIONSHIP()
);
#267=(
REPRESENTATION_RELATIONSHIP(' ',' ',#11228,#11227)
REPRESENTATION_RELATIONSHIP_WITH_TRANSFORMATION(#312)
SHAPE_REPRESENTATION_RELATIONSHIP()
);
#268=(
REPRESENTATION_RELATIONSHIP(' ',' ',#11228,#11227)
REPRESENTATION_RELATIONSHIP_WITH_TRANSFORMATION(#313)
SHAPE_REPRESENTATION_RELATIONSHIP()
);
#269=(
REPRESENTATION_RELATIONSHIP(' ',' ',#11228,#11227)
REPRESENTATION_RELATIONSHIP_WITH_TRANSFORMATION(#314)
SHAPE_REPRESENTATION_RELATIONSHIP()
);
#270=(
REPRESENTATION_RELATIONSHIP(' ',' ',#11228,#11227)
REPRESENTATION_RELATIONSHIP_WITH_TRANSFORMATION(#315)
SHAPE_REPRESENTATION_RELATIONSHIP()
);
#271=(
REPRESENTATION_RELATIONSHIP(' ',' ',#11230,#11227)
REPRESENTATION_RELATIONSHIP_WITH_TRANSFORMATION(#316)
SHAPE_REPRESENTATION_RELATIONSHIP()
);
#272=(
REPRESENTATION_RELATIONSHIP(' ',' ',#11230,#11227)
REPRESENTATION_RELATIONSHIP_WITH_TRANSFORMATION(#317)
SHAPE_REPRESENTATION_RELATIONSHIP()
);
#273=(
REPRESENTATION_RELATIONSHIP(' ',' ',#11230,#11227)
REPRESENTATION_RELATIONSHIP_WITH_TRANSFORMATION(#318)
SHAPE_REPRESENTATION_RELATIONSHIP()
);
#274=(
REPRESENTATION_RELATIONSHIP(' ',' ',#11234,#11227)
REPRESENTATION_RELATIONSHIP_WITH_TRANSFORMATION(#319)
SHAPE_REPRESENTATION_RELATIONSHIP()
);
#275=(
REPRESENTATION_RELATIONSHIP(' ',' ',#11228,#11227)
REPRESENTATION_RELATIONSHIP_WITH_TRANSFORMATION(#320)
SHAPE_REPRESENTATION_RELATIONSHIP()
);
#276=(
REPRESENTATION_RELATIONSHIP(' ',' ',#11230,#11227)
REPRESENTATION_RELATIONSHIP_WITH_TRANSFORMATION(#321)
SHAPE_REPRESENTATION_RELATIONSHIP()
);
#277=(
REPRESENTATION_RELATIONSHIP(' ',' ',#11228,#11227)
REPRESENTATION_RELATIONSHIP_WITH_TRANSFORMATION(#322)
SHAPE_REPRESENTATION_RELATIONSHIP()
);
#278=(
REPRESENTATION_RELATIONSHIP(' ',' ',#11236,#11235)
REPRESENTATION_RELATIONSHIP_WITH_TRANSFORMATION(#323)
SHAPE_REPRESENTATION_RELATIONSHIP()
);
#279=(
REPRESENTATION_RELATIONSHIP(' ',' ',#11237,#11235)
REPRESENTATION_RELATIONSHIP_WITH_TRANSFORMATION(#324)
SHAPE_REPRESENTATION_RELATIONSHIP()
);
#280=(
REPRESENTATION_RELATIONSHIP(' ',' ',#11238,#11235)
REPRESENTATION_RELATIONSHIP_WITH_TRANSFORMATION(#325)
SHAPE_REPRESENTATION_RELATIONSHIP()
);
#281=(
REPRESENTATION_RELATIONSHIP(' ',' ',#11239,#11235)
REPRESENTATION_RELATIONSHIP_WITH_TRANSFORMATION(#326)
SHAPE_REPRESENTATION_RELATIONSHIP()
);
#282=(
REPRESENTATION_RELATIONSHIP(' ',' ',#11240,#11235)
REPRESENTATION_RELATIONSHIP_WITH_TRANSFORMATION(#327)
SHAPE_REPRESENTATION_RELATIONSHIP()
);
#283=(
REPRESENTATION_RELATIONSHIP(' ',' ',#11241,#11235)
REPRESENTATION_RELATIONSHIP_WITH_TRANSFORMATION(#328)
SHAPE_REPRESENTATION_RELATIONSHIP()
);
#284=(
REPRESENTATION_RELATIONSHIP(' ',' ',#11242,#11235)
REPRESENTATION_RELATIONSHIP_WITH_TRANSFORMATION(#329)
SHAPE_REPRESENTATION_RELATIONSHIP()
);
#285=(
REPRESENTATION_RELATIONSHIP(' ',' ',#11243,#11235)
REPRESENTATION_RELATIONSHIP_WITH_TRANSFORMATION(#330)
SHAPE_REPRESENTATION_RELATIONSHIP()
);
#286=(
REPRESENTATION_RELATIONSHIP(' ',' ',#11244,#11235)
REPRESENTATION_RELATIONSHIP_WITH_TRANSFORMATION(#331)
SHAPE_REPRESENTATION_RELATIONSHIP()
);
#287=(
REPRESENTATION_RELATIONSHIP(' ',' ',#11245,#11235)
REPRESENTATION_RELATIONSHIP_WITH_TRANSFORMATION(#332)
SHAPE_REPRESENTATION_RELATIONSHIP()
);
#288=(
REPRESENTATION_RELATIONSHIP(' ',' ',#11246,#11235)
REPRESENTATION_RELATIONSHIP_WITH_TRANSFORMATION(#333)
SHAPE_REPRESENTATION_RELATIONSHIP()
);
#289=(
REPRESENTATION_RELATIONSHIP(' ',' ',#11247,#11235)
REPRESENTATION_RELATIONSHIP_WITH_TRANSFORMATION(#334)
SHAPE_REPRESENTATION_RELATIONSHIP()
);
#290=(
REPRESENTATION_RELATIONSHIP(' ',' ',#11248,#11235)
REPRESENTATION_RELATIONSHIP_WITH_TRANSFORMATION(#335)
SHAPE_REPRESENTATION_RELATIONSHIP()
);
#291=(
REPRESENTATION_RELATIONSHIP(' ',' ',#11249,#11235)
REPRESENTATION_RELATIONSHIP_WITH_TRANSFORMATION(#336)
SHAPE_REPRESENTATION_RELATIONSHIP()
);
#292=(
REPRESENTATION_RELATIONSHIP(' ',' ',#11250,#11235)
REPRESENTATION_RELATIONSHIP_WITH_TRANSFORMATION(#337)
SHAPE_REPRESENTATION_RELATIONSHIP()
);
#293=(
REPRESENTATION_RELATIONSHIP(' ',' ',#11251,#11235)
REPRESENTATION_RELATIONSHIP_WITH_TRANSFORMATION(#338)
SHAPE_REPRESENTATION_RELATIONSHIP()
);
#294=(
REPRESENTATION_RELATIONSHIP(' ',' ',#11252,#11235)
REPRESENTATION_RELATIONSHIP_WITH_TRANSFORMATION(#339)
SHAPE_REPRESENTATION_RELATIONSHIP()
);
#295=(
REPRESENTATION_RELATIONSHIP(' ',' ',#11253,#11235)
REPRESENTATION_RELATIONSHIP_WITH_TRANSFORMATION(#340)
SHAPE_REPRESENTATION_RELATIONSHIP()
);
#296=(
REPRESENTATION_RELATIONSHIP(' ',' ',#11254,#11235)
REPRESENTATION_RELATIONSHIP_WITH_TRANSFORMATION(#341)
SHAPE_REPRESENTATION_RELATIONSHIP()
);
#297=(
REPRESENTATION_RELATIONSHIP(' ',' ',#11255,#11235)
REPRESENTATION_RELATIONSHIP_WITH_TRANSFORMATION(#342)
SHAPE_REPRESENTATION_RELATIONSHIP()
);
#298=(
REPRESENTATION_RELATIONSHIP(' ',' ',#11256,#11235)
REPRESENTATION_RELATIONSHIP_WITH_TRANSFORMATION(#343)
SHAPE_REPRESENTATION_RELATIONSHIP()
);
#299=(
REPRESENTATION_RELATIONSHIP(' ',' ',#11235,#11227)
REPRESENTATION_RELATIONSHIP_WITH_TRANSFORMATION(#344)
SHAPE_REPRESENTATION_RELATIONSHIP()
);
#300=ITEM_DEFINED_TRANSFORMATION(' ',' ',#11257,#11286);
#301=ITEM_DEFINED_TRANSFORMATION(' ',' ',#11257,#11314);
#302=ITEM_DEFINED_TRANSFORMATION(' ',' ',#11257,#11328);
#303=ITEM_DEFINED_TRANSFORMATION(' ',' ',#11257,#11329);
#304=ITEM_DEFINED_TRANSFORMATION(' ',' ',#11257,#11330);
#305=ITEM_DEFINED_TRANSFORMATION(' ',' ',#11257,#11356);
#306=ITEM_DEFINED_TRANSFORMATION(' ',' ',#11257,#11485);
#307=ITEM_DEFINED_TRANSFORMATION(' ',' ',#11257,#11486);
#308=ITEM_DEFINED_TRANSFORMATION(' ',' ',#11257,#11487);
#309=ITEM_DEFINED_TRANSFORMATION(' ',' ',#11257,#11488);
#310=ITEM_DEFINED_TRANSFORMATION(' ',' ',#11257,#11489);
#311=ITEM_DEFINED_TRANSFORMATION(' ',' ',#11257,#11490);
#312=ITEM_DEFINED_TRANSFORMATION(' ',' ',#11257,#11491);
#313=ITEM_DEFINED_TRANSFORMATION(' ',' ',#11257,#11492);
#314=ITEM_DEFINED_TRANSFORMATION(' ',' ',#11257,#11493);
#315=ITEM_DEFINED_TRANSFORMATION(' ',' ',#11257,#11494);
#316=ITEM_DEFINED_TRANSFORMATION(' ',' ',#11257,#11495);
#317=ITEM_DEFINED_TRANSFORMATION(' ',' ',#11257,#11496);
#318=ITEM_DEFINED_TRANSFORMATION(' ',' ',#11257,#11497);
#319=ITEM_DEFINED_TRANSFORMATION(' ',' ',#11257,#11515);
#320=ITEM_DEFINED_TRANSFORMATION(' ',' ',#11257,#11516);
#321=ITEM_DEFINED_TRANSFORMATION(' ',' ',#11257,#11517);
#322=ITEM_DEFINED_TRANSFORMATION(' ',' ',#11257,#11518);
#323=ITEM_DEFINED_TRANSFORMATION(' ',' ',#11257,#11532);
#324=ITEM_DEFINED_TRANSFORMATION(' ',' ',#11257,#11546);
#325=ITEM_DEFINED_TRANSFORMATION(' ',' ',#11257,#11564);
#326=ITEM_DEFINED_TRANSFORMATION(' ',' ',#11257,#11578);
#327=ITEM_DEFINED_TRANSFORMATION(' ',' ',#11257,#11775);
#328=ITEM_DEFINED_TRANSFORMATION(' ',' ',#11257,#11789);
#329=ITEM_DEFINED_TRANSFORMATION(' ',' ',#11257,#11807);
#330=ITEM_DEFINED_TRANSFORMATION(' ',' ',#11257,#11833);
#331=ITEM_DEFINED_TRANSFORMATION(' ',' ',#11257,#11847);
#332=ITEM_DEFINED_TRANSFORMATION(' ',' ',#11257,#11865);
#333=ITEM_DEFINED_TRANSFORMATION(' ',' ',#11257,#11883);
#334=ITEM_DEFINED_TRANSFORMATION(' ',' ',#11257,#11901);
#335=ITEM_DEFINED_TRANSFORMATION(' ',' ',#11257,#11919);
#336=ITEM_DEFINED_TRANSFORMATION(' ',' ',#11257,#11937);
#337=ITEM_DEFINED_TRANSFORMATION(' ',' ',#11257,#11951);
#338=ITEM_DEFINED_TRANSFORMATION(' ',' ',#11257,#11965);
#339=ITEM_DEFINED_TRANSFORMATION(' ',' ',#11257,#11983);
#340=ITEM_DEFINED_TRANSFORMATION(' ',' ',#11257,#11997);
#341=ITEM_DEFINED_TRANSFORMATION(' ',' ',#11257,#12289);
#342=ITEM_DEFINED_TRANSFORMATION(' ',' ',#11257,#12303);
#343=ITEM_DEFINED_TRANSFORMATION(' ',' ',#11257,#12321);
#344=ITEM_DEFINED_TRANSFORMATION(' ',' ',#11257,#12322);
#345=SHAPE_REPRESENTATION_RELATIONSHIP('','',#11228,#372);
#346=SHAPE_REPRESENTATION_RELATIONSHIP('','',#11229,#373);
#347=SHAPE_REPRESENTATION_RELATIONSHIP('','',#11230,#374);
#348=SHAPE_REPRESENTATION_RELATIONSHIP('','',#11232,#375);
#349=SHAPE_REPRESENTATION_RELATIONSHIP('','',#11233,#376);
#350=SHAPE_REPRESENTATION_RELATIONSHIP('','',#11234,#377);
#351=SHAPE_REPRESENTATION_RELATIONSHIP('','',#11236,#378);
#352=SHAPE_REPRESENTATION_RELATIONSHIP('','',#11237,#379);
#353=SHAPE_REPRESENTATION_RELATIONSHIP('','',#11238,#380);
#354=SHAPE_REPRESENTATION_RELATIONSHIP('','',#11239,#381);
#355=SHAPE_REPRESENTATION_RELATIONSHIP('','',#11240,#382);
#356=SHAPE_REPRESENTATION_RELATIONSHIP('','',#11241,#383);
#357=SHAPE_REPRESENTATION_RELATIONSHIP('','',#11242,#384);
#358=SHAPE_REPRESENTATION_RELATIONSHIP('','',#11243,#385);
#359=SHAPE_REPRESENTATION_RELATIONSHIP('','',#11244,#386);
#360=SHAPE_REPRESENTATION_RELATIONSHIP('','',#11245,#387);
#361=SHAPE_REPRESENTATION_RELATIONSHIP('','',#11246,#388);
#362=SHAPE_REPRESENTATION_RELATIONSHIP('','',#11247,#389);
#363=SHAPE_REPRESENTATION_RELATIONSHIP('','',#11248,#390);
#364=SHAPE_REPRESENTATION_RELATIONSHIP('','',#11249,#391);
#365=SHAPE_REPRESENTATION_RELATIONSHIP('','',#11250,#392);
#366=SHAPE_REPRESENTATION_RELATIONSHIP('','',#11251,#393);
#367=SHAPE_REPRESENTATION_RELATIONSHIP('','',#11252,#394);
#368=SHAPE_REPRESENTATION_RELATIONSHIP('','',#11253,#395);
#369=SHAPE_REPRESENTATION_RELATIONSHIP('','',#11254,#396);
#370=SHAPE_REPRESENTATION_RELATIONSHIP('','',#11255,#397);
#371=SHAPE_REPRESENTATION_RELATIONSHIP('','',#11256,#398);
#372=ADVANCED_BREP_SHAPE_REPRESENTATION('',(#11170),#18157);
#373=ADVANCED_BREP_SHAPE_REPRESENTATION('',(#11171),#18158);
#374=ADVANCED_BREP_SHAPE_REPRESENTATION('',(#11172),#18159);
#375=ADVANCED_BREP_SHAPE_REPRESENTATION('',(#11173),#18161);
#376=ADVANCED_BREP_SHAPE_REPRESENTATION('',(#11174),#18162);
#377=ADVANCED_BREP_SHAPE_REPRESENTATION('',(#11175),#18163);
#378=ADVANCED_BREP_SHAPE_REPRESENTATION('',(#11176),#18165);
#379=ADVANCED_BREP_SHAPE_REPRESENTATION('',(#11177),#18166);
#380=ADVANCED_BREP_SHAPE_REPRESENTATION('',(#11178),#18167);
#381=ADVANCED_BREP_SHAPE_REPRESENTATION('',(#11179),#18168);
#382=ADVANCED_BREP_SHAPE_REPRESENTATION('',(#11180),#18169);
#383=ADVANCED_BREP_SHAPE_REPRESENTATION('',(#11181),#18170);
#384=ADVANCED_BREP_SHAPE_REPRESENTATION('',(#11182),#18171);
#385=ADVANCED_BREP_SHAPE_REPRESENTATION('',(#11183),#18172);
#386=ADVANCED_BREP_SHAPE_REPRESENTATION('',(#11184),#18173);
#387=ADVANCED_BREP_SHAPE_REPRESENTATION('',(#11185),#18174);
#388=ADVANCED_BREP_SHAPE_REPRESENTATION('',(#11186),#18175);
#389=ADVANCED_BREP_SHAPE_REPRESENTATION('',(#11187),#18176);
#390=ADVANCED_BREP_SHAPE_REPRESENTATION('',(#11188),#18177);
#391=ADVANCED_BREP_SHAPE_REPRESENTATION('',(#11189),#18178);
#392=ADVANCED_BREP_SHAPE_REPRESENTATION('',(#11190),#18179);
#393=ADVANCED_BREP_SHAPE_REPRESENTATION('',(#11191),#18180);
#394=ADVANCED_BREP_SHAPE_REPRESENTATION('',(#11192),#18181);
#395=ADVANCED_BREP_SHAPE_REPRESENTATION('',(#11193),#18182);
#396=ADVANCED_BREP_SHAPE_REPRESENTATION('',(#11194),#18183);
#397=ADVANCED_BREP_SHAPE_REPRESENTATION('',(#11195),#18184);
#398=ADVANCED_BREP_SHAPE_REPRESENTATION('',(#11196),#18185);
#399=CYLINDRICAL_SURFACE('',#11269,0.002);
#400=CYLINDRICAL_SURFACE('',#11316,0.000799999999998819);
#401=CYLINDRICAL_SURFACE('',#11318,0.000799999999998819);
#402=CYLINDRICAL_SURFACE('',#11324,0.000799999999998819);
#403=CYLINDRICAL_SURFACE('',#11325,0.000799999999998819);
#404=CYLINDRICAL_SURFACE('',#11351,0.0065);
#405=CYLINDRICAL_SURFACE('',#11352,0.0016);
#406=CYLINDRICAL_SURFACE('',#11353,0.0016);
#407=CYLINDRICAL_SURFACE('',#11354,0.0016);
#408=CYLINDRICAL_SURFACE('',#11355,0.0016);
#409=CYLINDRICAL_SURFACE('',#11357,0.00162);
#410=CYLINDRICAL_SURFACE('',#11365,0.005);
#411=CYLINDRICAL_SURFACE('',#11370,0.005);
#412=CYLINDRICAL_SURFACE('',#11372,0.005);
#413=CYLINDRICAL_SURFACE('',#11375,0.00125);
#414=CYLINDRICAL_SURFACE('',#11377,0.00125);
#415=CYLINDRICAL_SURFACE('',#11379,0.00162);
#416=CYLINDRICAL_SURFACE('',#11393,0.005);
#417=CYLINDRICAL_SURFACE('',#11397,0.005);
#418=CYLINDRICAL_SURFACE('',#11399,0.005);
#419=CYLINDRICAL_SURFACE('',#11403,0.005);
#420=CYLINDRICAL_SURFACE('',#11406,0.005);
#421=CYLINDRICAL_SURFACE('',#11410,0.00162);
#422=CYLINDRICAL_SURFACE('',#11412,0.00162);
#423=CYLINDRICAL_SURFACE('',#11457,0.0023);
#424=CYLINDRICAL_SURFACE('',#11459,0.0023);
#425=CYLINDRICAL_SURFACE('',#11461,0.0023);
#426=CYLINDRICAL_SURFACE('',#11463,0.0023);
#427=CYLINDRICAL_SURFACE('',#11473,0.0016);
#428=CYLINDRICAL_SURFACE('',#11475,0.0016);
#429=CYLINDRICAL_SURFACE('',#11477,0.0016);
#430=CYLINDRICAL_SURFACE('',#11479,0.0016);
#431=CYLINDRICAL_SURFACE('',#11501,0.00125);
#432=CYLINDRICAL_SURFACE('',#11504,0.00125);
#433=CYLINDRICAL_SURFACE('',#11519,0.00025);
#434=CYLINDRICAL_SURFACE('',#11524,0.00025);
#435=CYLINDRICAL_SURFACE('',#11528,0.00025);
#436=CYLINDRICAL_SURFACE('',#11533,0.00025);
#437=CYLINDRICAL_SURFACE('',#11538,0.00025);
#438=CYLINDRICAL_SURFACE('',#11542,0.00025);
#439=CYLINDRICAL_SURFACE('',#11547,0.00101);
#440=CYLINDRICAL_SURFACE('',#11554,0.001);
#441=CYLINDRICAL_SURFACE('',#11556,0.001);
#442=CYLINDRICAL_SURFACE('',#11565,0.00025);
#443=CYLINDRICAL_SURFACE('',#11570,0.00025);
#444=CYLINDRICAL_SURFACE('',#11574,0.00025);
#445=CYLINDRICAL_SURFACE('',#11776,0.00025);
#446=CYLINDRICAL_SURFACE('',#11781,0.00025);
#447=CYLINDRICAL_SURFACE('',#11785,0.00025);
#448=CYLINDRICAL_SURFACE('',#11790,0.00101);
#449=CYLINDRICAL_SURFACE('',#11797,0.001);
#450=CYLINDRICAL_SURFACE('',#11799,0.001);
#451=CYLINDRICAL_SURFACE('',#11808,0.006);
#452=CYLINDRICAL_SURFACE('',#11820,0.00045);
#453=CYLINDRICAL_SURFACE('',#11822,0.00045);
#454=CYLINDRICAL_SURFACE('',#11824,0.001);
#455=CYLINDRICAL_SURFACE('',#11834,0.00025);
#456=CYLINDRICAL_SURFACE('',#11839,0.00025);
#457=CYLINDRICAL_SURFACE('',#11843,0.00025);
#458=CYLINDRICAL_SURFACE('',#11848,0.00101);
#459=CYLINDRICAL_SURFACE('',#11855,0.001);
#460=CYLINDRICAL_SURFACE('',#11857,0.001);
#461=CYLINDRICAL_SURFACE('',#11866,0.00101);
#462=CYLINDRICAL_SURFACE('',#11873,0.001);
#463=CYLINDRICAL_SURFACE('',#11875,0.001);
#464=CYLINDRICAL_SURFACE('',#11884,0.00101);
#465=CYLINDRICAL_SURFACE('',#11891,0.001);
#466=CYLINDRICAL_SURFACE('',#11893,0.001);
#467=CYLINDRICAL_SURFACE('',#11902,0.00101);
#468=CYLINDRICAL_SURFACE('',#11909,0.001);
#469=CYLINDRICAL_SURFACE('',#11911,0.001);
#470=CYLINDRICAL_SURFACE('',#11920,0.00101);
#471=CYLINDRICAL_SURFACE('',#11927,0.001);
#472=CYLINDRICAL_SURFACE('',#11929,0.001);
#473=CYLINDRICAL_SURFACE('',#11938,0.00025);
#474=CYLINDRICAL_SURFACE('',#11943,0.00025);
#475=CYLINDRICAL_SURFACE('',#11947,0.00025);
#476=CYLINDRICAL_SURFACE('',#11952,0.00025);
#477=CYLINDRICAL_SURFACE('',#11957,0.00025);
#478=CYLINDRICAL_SURFACE('',#11961,0.00025);
#479=CYLINDRICAL_SURFACE('',#11966,0.00101);
#480=CYLINDRICAL_SURFACE('',#11973,0.001);
#481=CYLINDRICAL_SURFACE('',#11975,0.001);
#482=CYLINDRICAL_SURFACE('',#11984,0.00025);
#483=CYLINDRICAL_SURFACE('',#11989,0.00025);
#484=CYLINDRICAL_SURFACE('',#11993,0.00025);
#485=CYLINDRICAL_SURFACE('',#11998,0.009999999357669);
#486=CYLINDRICAL_SURFACE('',#12193,0.009999999357669);
#487=CYLINDRICAL_SURFACE('',#12194,0.009999999357669);
#488=CYLINDRICAL_SURFACE('',#12197,0.009999999357669);
#489=CYLINDRICAL_SURFACE('',#12198,0.0016);
#490=CYLINDRICAL_SURFACE('',#12199,0.0004);
#491=CYLINDRICAL_SURFACE('',#12200,0.00075);
#492=CYLINDRICAL_SURFACE('',#12201,0.00085);
#493=CYLINDRICAL_SURFACE('',#12202,0.002);
#494=CYLINDRICAL_SURFACE('',#12203,0.0005);
#495=CYLINDRICAL_SURFACE('',#12204,0.0004);
#496=CYLINDRICAL_SURFACE('',#12205,0.0005);
#497=CYLINDRICAL_SURFACE('',#12206,0.0005);
#498=CYLINDRICAL_SURFACE('',#12207,0.0005);
#499=CYLINDRICAL_SURFACE('',#12208,0.0004);
#500=CYLINDRICAL_SURFACE('',#12209,0.00075);
#501=CYLINDRICAL_SURFACE('',#12210,0.00085);
#502=CYLINDRICAL_SURFACE('',#12211,0.00075);
#503=CYLINDRICAL_SURFACE('',#12212,0.00085);
#504=CYLINDRICAL_SURFACE('',#12213,0.002);
#505=CYLINDRICAL_SURFACE('',#12214,0.0004);
#506=CYLINDRICAL_SURFACE('',#12215,0.00075);
#507=CYLINDRICAL_SURFACE('',#12216,0.00085);
#508=CYLINDRICAL_SURFACE('',#12217,0.002);
#509=CYLINDRICAL_SURFACE('',#12218,0.0004);
#510=CYLINDRICAL_SURFACE('',#12219,0.0004);
#511=CYLINDRICAL_SURFACE('',#12220,0.00075);
#512=CYLINDRICAL_SURFACE('',#12221,0.00075);
#513=CYLINDRICAL_SURFACE('',#12222,0.00085);
#514=CYLINDRICAL_SURFACE('',#12223,0.00085);
#515=CYLINDRICAL_SURFACE('',#12224,0.002);
#516=CYLINDRICAL_SURFACE('',#12225,0.0005);
#517=CYLINDRICAL_SURFACE('',#12226,0.0005);
#518=CYLINDRICAL_SURFACE('',#12227,0.0005);
#519=CYLINDRICAL_SURFACE('',#12228,0.0004);
#520=CYLINDRICAL_SURFACE('',#12229,0.0005);
#521=CYLINDRICAL_SURFACE('',#12230,0.0004);
#522=CYLINDRICAL_SURFACE('',#12231,0.00075);
#523=CYLINDRICAL_SURFACE('',#12232,0.00085);
#524=CYLINDRICAL_SURFACE('',#12233,0.00085);
#525=CYLINDRICAL_SURFACE('',#12234,0.0004);
#526=CYLINDRICAL_SURFACE('',#12235,0.0016);
#527=CYLINDRICAL_SURFACE('',#12236,0.00075);
#528=CYLINDRICAL_SURFACE('',#12237,0.00075);
#529=CYLINDRICAL_SURFACE('',#12238,0.002);
#530=CYLINDRICAL_SURFACE('',#12239,0.00085);
#531=CYLINDRICAL_SURFACE('',#12240,0.0004);
#532=CYLINDRICAL_SURFACE('',#12241,0.0004);
#533=CYLINDRICAL_SURFACE('',#12242,0.00075);
#534=CYLINDRICAL_SURFACE('',#12243,0.00085);
#535=CYLINDRICAL_SURFACE('',#12244,0.00085);
#536=CYLINDRICAL_SURFACE('',#12245,0.0004);
#537=CYLINDRICAL_SURFACE('',#12246,0.00075);
#538=CYLINDRICAL_SURFACE('',#12247,0.002);
#539=CYLINDRICAL_SURFACE('',#12248,0.00075);
#540=CYLINDRICAL_SURFACE('',#12249,0.00085);
#541=CYLINDRICAL_SURFACE('',#12250,0.0004);
#542=CYLINDRICAL_SURFACE('',#12251,0.00075);
#543=CYLINDRICAL_SURFACE('',#12252,0.00085);
#544=CYLINDRICAL_SURFACE('',#12253,0.002);
#545=CYLINDRICAL_SURFACE('',#12254,0.0004);
#546=CYLINDRICAL_SURFACE('',#12255,0.00075);
#547=CYLINDRICAL_SURFACE('',#12256,0.00085);
#548=CYLINDRICAL_SURFACE('',#12257,0.0004);
#549=CYLINDRICAL_SURFACE('',#12258,0.00085);
#550=CYLINDRICAL_SURFACE('',#12259,0.00075);
#551=CYLINDRICAL_SURFACE('',#12260,0.002);
#552=CYLINDRICAL_SURFACE('',#12261,0.0016);
#553=CYLINDRICAL_SURFACE('',#12262,0.0004445);
#554=CYLINDRICAL_SURFACE('',#12263,0.0004445);
#555=CYLINDRICAL_SURFACE('',#12264,0.0004445);
#556=CYLINDRICAL_SURFACE('',#12265,0.0004445);
#557=CYLINDRICAL_SURFACE('',#12266,0.0004445);
#558=CYLINDRICAL_SURFACE('',#12267,0.0004445);
#559=CYLINDRICAL_SURFACE('',#12268,0.0004445);
#560=CYLINDRICAL_SURFACE('',#12269,0.0004);
#561=CYLINDRICAL_SURFACE('',#12270,0.00075);
#562=CYLINDRICAL_SURFACE('',#12271,0.00085);
#563=CYLINDRICAL_SURFACE('',#12272,0.0004);
#564=CYLINDRICAL_SURFACE('',#12273,0.00085);
#565=CYLINDRICAL_SURFACE('',#12274,0.0004);
#566=CYLINDRICAL_SURFACE('',#12275,0.00075);
#567=CYLINDRICAL_SURFACE('',#12276,0.002);
#568=CYLINDRICAL_SURFACE('',#12277,0.00075);
#569=CYLINDRICAL_SURFACE('',#12278,0.00085);
#570=CYLINDRICAL_SURFACE('',#12279,0.0004445);
#571=CYLINDRICAL_SURFACE('',#12280,0.0004445);
#572=CYLINDRICAL_SURFACE('',#12281,0.0005);
#573=CYLINDRICAL_SURFACE('',#12282,0.0004445);
#574=CYLINDRICAL_SURFACE('',#12283,0.0004445);
#575=CYLINDRICAL_SURFACE('',#12284,0.0004445);
#576=CYLINDRICAL_SURFACE('',#12285,0.0004445);
#577=CYLINDRICAL_SURFACE('',#12286,0.0004445);
#578=CYLINDRICAL_SURFACE('',#12287,0.0005);
#579=CYLINDRICAL_SURFACE('',#12288,0.0016);
#580=CYLINDRICAL_SURFACE('',#12290,0.00025);
#581=CYLINDRICAL_SURFACE('',#12295,0.00025);
#582=CYLINDRICAL_SURFACE('',#12299,0.00025);
#583=CYLINDRICAL_SURFACE('',#12304,0.00101);
#584=CYLINDRICAL_SURFACE('',#12311,0.001);
#585=CYLINDRICAL_SURFACE('',#12313,0.001);
#586=CIRCLE('',#11263,0.002);
#587=CIRCLE('',#11270,0.002);
#588=CIRCLE('',#11332,0.0065);
#589=CIRCLE('',#11333,0.0016);
#590=CIRCLE('',#11334,0.0016);
#591=CIRCLE('',#11335,0.0016);
#592=CIRCLE('',#11336,0.0016);
#593=CIRCLE('',#11338,0.0016);
#594=CIRCLE('',#11339,0.0016);
#595=CIRCLE('',#11340,0.0016);
#596=CIRCLE('',#11341,0.0065);
#597=CIRCLE('',#11342,0.0016);
#598=CIRCLE('',#11358,0.00162);
#599=CIRCLE('',#11359,0.00162);
#600=CIRCLE('',#11361,0.00125);
#601=CIRCLE('',#11362,0.00125);
#602=CIRCLE('',#11363,0.00162);
#603=CIRCLE('',#11368,0.005);
#604=CIRCLE('',#11369,0.005);
#605=CIRCLE('',#11376,0.00125);
#606=CIRCLE('',#11378,0.00125);
#607=CIRCLE('',#11380,0.00162);
#608=CIRCLE('',#11386,0.005);
#609=CIRCLE('',#11387,0.005);
#610=CIRCLE('',#11390,0.00162);
#611=CIRCLE('',#11391,0.00162);
#612=CIRCLE('',#11394,0.005);
#613=CIRCLE('',#11398,0.005);
#614=CIRCLE('',#11400,0.005);
#615=CIRCLE('',#11401,0.005);
#616=CIRCLE('',#11404,0.005);
#617=CIRCLE('',#11407,0.005);
#618=CIRCLE('',#11411,0.00162);
#619=CIRCLE('',#11413,0.00162);
#620=CIRCLE('',#11450,0.0023);
#621=CIRCLE('',#11452,0.0023);
#622=CIRCLE('',#11454,0.0023);
#623=CIRCLE('',#11456,0.0023);
#624=CIRCLE('',#11458,0.0023);
#625=CIRCLE('',#11460,0.0023);
#626=CIRCLE('',#11462,0.0023);
#627=CIRCLE('',#11464,0.0023);
#628=CIRCLE('',#11466,0.0016);
#629=CIRCLE('',#11468,0.0016);
#630=CIRCLE('',#11470,0.0016);
#631=CIRCLE('',#11472,0.0016);
#632=CIRCLE('',#11474,0.0016);
#633=CIRCLE('',#11476,0.0016);
#634=CIRCLE('',#11478,0.0016);
#635=CIRCLE('',#11480,0.0016);
#636=CIRCLE('',#11502,0.00125);
#637=CIRCLE('',#11503,0.00125);
#638=CIRCLE('',#11505,0.00125);
#639=CIRCLE('',#11506,0.00125);
#640=CIRCLE('',#11520,0.00025);
#641=CIRCLE('',#11521,0.00025);
#642=CIRCLE('',#11523,0.00025);
#643=CIRCLE('',#11525,0.00025);
#644=CIRCLE('',#11527,0.00025);
#645=CIRCLE('',#11529,0.00025);
#646=CIRCLE('',#11534,0.00025);
#647=CIRCLE('',#11535,0.00025);
#648=CIRCLE('',#11537,0.00025);
#649=CIRCLE('',#11539,0.00025);
#650=CIRCLE('',#11541,0.00025);
#651=CIRCLE('',#11543,0.00025);
#652=CIRCLE('',#11548,0.00101);
#653=CIRCLE('',#11549,0.00101);
#654=CIRCLE('',#11551,0.001);
#655=CIRCLE('',#11553,0.001);
#656=CIRCLE('',#11555,0.001);
#657=CIRCLE('',#11557,0.001);
#658=CIRCLE('',#11559,0.0006);
#659=CIRCLE('',#11561,0.0006);
#660=CIRCLE('',#11566,0.00025);
#661=CIRCLE('',#11567,0.00025);
#662=CIRCLE('',#11569,0.00025);
#663=CIRCLE('',#11571,0.00025);
#664=CIRCLE('',#11573,0.00025);
#665=CIRCLE('',#11575,0.00025);
#666=CIRCLE('',#11777,0.00025);
#667=CIRCLE('',#11778,0.00025);
#668=CIRCLE('',#11780,0.00025);
#669=CIRCLE('',#11782,0.00025);
#670=CIRCLE('',#11784,0.00025);
#671=CIRCLE('',#11786,0.00025);
#672=CIRCLE('',#11791,0.00101);
#673=CIRCLE('',#11792,0.00101);
#674=CIRCLE('',#11794,0.001);
#675=CIRCLE('',#11796,0.001);
#676=CIRCLE('',#11798,0.001);
#677=CIRCLE('',#11800,0.001);
#678=CIRCLE('',#11802,0.0006);
#679=CIRCLE('',#11804,0.0006);
#680=CIRCLE('',#11809,0.006);
#681=CIRCLE('',#11810,0.006);
#682=CIRCLE('',#11812,0.0057);
#683=CIRCLE('',#11814,0.004518518518519);
#684=CIRCLE('',#11816,0.00045);
#685=CIRCLE('',#11817,0.00045);
#686=CIRCLE('',#11819,0.001);
#687=CIRCLE('',#11821,0.00045);
#688=CIRCLE('',#11823,0.00045);
#689=CIRCLE('',#11825,0.001);
#690=CIRCLE('',#11827,0.00027);
#691=CIRCLE('',#11829,0.00027);
#692=CIRCLE('',#11835,0.00025);
#693=CIRCLE('',#11836,0.00025);
#694=CIRCLE('',#11838,0.00025);
#695=CIRCLE('',#11840,0.00025);
#696=CIRCLE('',#11842,0.00025);
#697=CIRCLE('',#11844,0.00025);
#698=CIRCLE('',#11849,0.00101);
#699=CIRCLE('',#11850,0.00101);
#700=CIRCLE('',#11852,0.001);
#701=CIRCLE('',#11854,0.001);
#702=CIRCLE('',#11856,0.001);
#703=CIRCLE('',#11858,0.001);
#704=CIRCLE('',#11860,0.0006);
#705=CIRCLE('',#11862,0.0006);
#706=CIRCLE('',#11867,0.00101);
#707=CIRCLE('',#11868,0.00101);
#708=CIRCLE('',#11870,0.001);
#709=CIRCLE('',#11872,0.001);
#710=CIRCLE('',#11874,0.001);
#711=CIRCLE('',#11876,0.001);
#712=CIRCLE('',#11878,0.0006);
#713=CIRCLE('',#11880,0.0006);
#714=CIRCLE('',#11885,0.00101);
#715=CIRCLE('',#11886,0.00101);
#716=CIRCLE('',#11888,0.001);
#717=CIRCLE('',#11890,0.001);
#718=CIRCLE('',#11892,0.001);
#719=CIRCLE('',#11894,0.001);
#720=CIRCLE('',#11896,0.0006);
#721=CIRCLE('',#11898,0.0006);
#722=CIRCLE('',#11903,0.00101);
#723=CIRCLE('',#11904,0.00101);
#724=CIRCLE('',#11906,0.001);
#725=CIRCLE('',#11908,0.001);
#726=CIRCLE('',#11910,0.001);
#727=CIRCLE('',#11912,0.001);
#728=CIRCLE('',#11914,0.0006);
#729=CIRCLE('',#11916,0.0006);
#730=CIRCLE('',#11921,0.00101);
#731=CIRCLE('',#11922,0.00101);
#732=CIRCLE('',#11924,0.001);
#733=CIRCLE('',#11926,0.001);
#734=CIRCLE('',#11928,0.001);
#735=CIRCLE('',#11930,0.001);
#736=CIRCLE('',#11932,0.0006);
#737=CIRCLE('',#11934,0.0006);
#738=CIRCLE('',#11939,0.00025);
#739=CIRCLE('',#11940,0.00025);
#740=CIRCLE('',#11942,0.00025);
#741=CIRCLE('',#11944,0.00025);
#742=CIRCLE('',#11946,0.00025);
#743=CIRCLE('',#11948,0.00025);
#744=CIRCLE('',#11953,0.00025);
#745=CIRCLE('',#11954,0.00025);
#746=CIRCLE('',#11956,0.00025);
#747=CIRCLE('',#11958,0.00025);
#748=CIRCLE('',#11960,0.00025);
#749=CIRCLE('',#11962,0.00025);
#750=CIRCLE('',#11967,0.00101);
#751=CIRCLE('',#11968,0.00101);
#752=CIRCLE('',#11970,0.001);
#753=CIRCLE('',#11972,0.001);
#754=CIRCLE('',#11974,0.001);
#755=CIRCLE('',#11976,0.001);
#756=CIRCLE('',#11978,0.0006);
#757=CIRCLE('',#11980,0.0006);
#758=CIRCLE('',#11985,0.00025);
#759=CIRCLE('',#11986,0.00025);
#760=CIRCLE('',#11988,0.00025);
#761=CIRCLE('',#11990,0.00025);
#762=CIRCLE('',#11992,0.00025);
#763=CIRCLE('',#11994,0.00025);
#764=CIRCLE('',#11999,0.009999999357669);
#765=CIRCLE('',#12000,0.009999999357669);
#766=CIRCLE('',#12004,0.009999999357669);
#767=CIRCLE('',#12005,0.009999999357669);
#768=CIRCLE('',#12006,0.009999999357669);
#769=CIRCLE('',#12007,0.0016);
#770=CIRCLE('',#12008,0.0004);
#771=CIRCLE('',#12009,0.00075);
#772=CIRCLE('',#12010,0.00085);
#773=CIRCLE('',#12011,0.002);
#774=CIRCLE('',#12012,0.0005);
#775=CIRCLE('',#12013,0.0004);
#776=CIRCLE('',#12014,0.0005);
#777=CIRCLE('',#12015,0.0005);
#778=CIRCLE('',#12016,0.0005);
#779=CIRCLE('',#12017,0.0004);
#780=CIRCLE('',#12018,0.00075);
#781=CIRCLE('',#12019,0.00085);
#782=CIRCLE('',#12020,0.00075);
#783=CIRCLE('',#12021,0.00085);
#784=CIRCLE('',#12022,0.002);
#785=CIRCLE('',#12023,0.0004);
#786=CIRCLE('',#12024,0.00075);
#787=CIRCLE('',#12025,0.00085);
#788=CIRCLE('',#12026,0.002);
#789=CIRCLE('',#12027,0.0004);
#790=CIRCLE('',#12028,0.0004);
#791=CIRCLE('',#12029,0.00075);
#792=CIRCLE('',#12030,0.00075);
#793=CIRCLE('',#12031,0.00085);
#794=CIRCLE('',#12032,0.00085);
#795=CIRCLE('',#12033,0.002);
#796=CIRCLE('',#12034,0.0005);
#797=CIRCLE('',#12035,0.0005);
#798=CIRCLE('',#12036,0.0005);
#799=CIRCLE('',#12037,0.0004);
#800=CIRCLE('',#12038,0.0005);
#801=CIRCLE('',#12039,0.0004);
#802=CIRCLE('',#12040,0.00075);
#803=CIRCLE('',#12041,0.00085);
#804=CIRCLE('',#12042,0.00085);
#805=CIRCLE('',#12043,0.0004);
#806=CIRCLE('',#12044,0.0016);
#807=CIRCLE('',#12045,0.00075);
#808=CIRCLE('',#12046,0.00075);
#809=CIRCLE('',#12047,0.002);
#810=CIRCLE('',#12048,0.00085);
#811=CIRCLE('',#12049,0.0004);
#812=CIRCLE('',#12050,0.0004);
#813=CIRCLE('',#12051,0.00075);
#814=CIRCLE('',#12052,0.00085);
#815=CIRCLE('',#12053,0.00085);
#816=CIRCLE('',#12054,0.0004);
#817=CIRCLE('',#12055,0.00075);
#818=CIRCLE('',#12056,0.002);
#819=CIRCLE('',#12057,0.00075);
#820=CIRCLE('',#12058,0.00085);
#821=CIRCLE('',#12059,0.0004);
#822=CIRCLE('',#12060,0.00075);
#823=CIRCLE('',#12061,0.00085);
#824=CIRCLE('',#12062,0.002);
#825=CIRCLE('',#12063,0.0004);
#826=CIRCLE('',#12064,0.00075);
#827=CIRCLE('',#12065,0.00085);
#828=CIRCLE('',#12066,0.0004);
#829=CIRCLE('',#12067,0.00085);
#830=CIRCLE('',#12068,0.00075);
#831=CIRCLE('',#12069,0.002);
#832=CIRCLE('',#12070,0.0016);
#833=CIRCLE('',#12071,0.0004445);
#834=CIRCLE('',#12072,0.0004445);
#835=CIRCLE('',#12073,0.0004445);
#836=CIRCLE('',#12074,0.0004445);
#837=CIRCLE('',#12075,0.0004445);
#838=CIRCLE('',#12076,0.0004445);
#839=CIRCLE('',#12077,0.0004445);
#840=CIRCLE('',#12078,0.0004);
#841=CIRCLE('',#12079,0.00075);
#842=CIRCLE('',#12080,0.00085);
#843=CIRCLE('',#12081,0.0004);
#844=CIRCLE('',#12082,0.00085);
#845=CIRCLE('',#12083,0.0004);
#846=CIRCLE('',#12084,0.00075);
#847=CIRCLE('',#12085,0.002);
#848=CIRCLE('',#12086,0.00075);
#849=CIRCLE('',#12087,0.00085);
#850=CIRCLE('',#12088,0.0004445);
#851=CIRCLE('',#12089,0.0004445);
#852=CIRCLE('',#12090,0.0005);
#853=CIRCLE('',#12091,0.0004445);
#854=CIRCLE('',#12092,0.0004445);
#855=CIRCLE('',#12093,0.0004445);
#856=CIRCLE('',#12094,0.0004445);
#857=CIRCLE('',#12095,0.0004445);
#858=CIRCLE('',#12096,0.0005);
#859=CIRCLE('',#12097,0.0016);
#860=CIRCLE('',#12099,0.009999999357669);
#861=CIRCLE('',#12100,0.009999999357669);
#862=CIRCLE('',#12101,0.009999999357669);
#863=CIRCLE('',#12102,0.0016);
#864=CIRCLE('',#12103,0.0004);
#865=CIRCLE('',#12104,0.00075);
#866=CIRCLE('',#12105,0.00085);
#867=CIRCLE('',#12106,0.002);
#868=CIRCLE('',#12107,0.0005);
#869=CIRCLE('',#12108,0.0004);
#870=CIRCLE('',#12109,0.0005);
#871=CIRCLE('',#12110,0.0005);
#872=CIRCLE('',#12111,0.0005);
#873=CIRCLE('',#12112,0.0004);
#874=CIRCLE('',#12113,0.00075);
#875=CIRCLE('',#12114,0.00085);
#876=CIRCLE('',#12115,0.00075);
#877=CIRCLE('',#12116,0.00085);
#878=CIRCLE('',#12117,0.002);
#879=CIRCLE('',#12118,0.0004);
#880=CIRCLE('',#12119,0.00075);
#881=CIRCLE('',#12120,0.00085);
#882=CIRCLE('',#12121,0.002);
#883=CIRCLE('',#12122,0.0004);
#884=CIRCLE('',#12123,0.0004);
#885=CIRCLE('',#12124,0.00075);
#886=CIRCLE('',#12125,0.00075);
#887=CIRCLE('',#12126,0.00085);
#888=CIRCLE('',#12127,0.00085);
#889=CIRCLE('',#12128,0.002);
#890=CIRCLE('',#12129,0.0005);
#891=CIRCLE('',#12130,0.0005);
#892=CIRCLE('',#12131,0.0005);
#893=CIRCLE('',#12132,0.0004);
#894=CIRCLE('',#12133,0.0005);
#895=CIRCLE('',#12134,0.0004);
#896=CIRCLE('',#12135,0.00075);
#897=CIRCLE('',#12136,0.00085);
#898=CIRCLE('',#12137,0.00085);
#899=CIRCLE('',#12138,0.0004);
#900=CIRCLE('',#12139,0.0016);
#901=CIRCLE('',#12140,0.00075);
#902=CIRCLE('',#12141,0.00075);
#903=CIRCLE('',#12142,0.002);
#904=CIRCLE('',#12143,0.00085);
#905=CIRCLE('',#12144,0.0004);
#906=CIRCLE('',#12145,0.0004);
#907=CIRCLE('',#12146,0.00075);
#908=CIRCLE('',#12147,0.00085);
#909=CIRCLE('',#12148,0.00085);
#910=CIRCLE('',#12149,0.0004);
#911=CIRCLE('',#12150,0.00075);
#912=CIRCLE('',#12151,0.002);
#913=CIRCLE('',#12152,0.00075);
#914=CIRCLE('',#12153,0.00085);
#915=CIRCLE('',#12154,0.0004);
#916=CIRCLE('',#12155,0.00075);
#917=CIRCLE('',#12156,0.00085);
#918=CIRCLE('',#12157,0.002);
#919=CIRCLE('',#12158,0.0004);
#920=CIRCLE('',#12159,0.00075);
#921=CIRCLE('',#12160,0.00085);
#922=CIRCLE('',#12161,0.0004);
#923=CIRCLE('',#12162,0.00085);
#924=CIRCLE('',#12163,0.00075);
#925=CIRCLE('',#12164,0.002);
#926=CIRCLE('',#12165,0.0016);
#927=CIRCLE('',#12166,0.0004445);
#928=CIRCLE('',#12167,0.0004445);
#929=CIRCLE('',#12168,0.0004445);
#930=CIRCLE('',#12169,0.0004445);
#931=CIRCLE('',#12170,0.0004445);
#932=CIRCLE('',#12171,0.0004445);
#933=CIRCLE('',#12172,0.0004445);
#934=CIRCLE('',#12173,0.0004);
#935=CIRCLE('',#12174,0.00075);
#936=CIRCLE('',#12175,0.00085);
#937=CIRCLE('',#12176,0.0004);
#938=CIRCLE('',#12177,0.00085);
#939=CIRCLE('',#12178,0.0004);
#940=CIRCLE('',#12179,0.00075);
#941=CIRCLE('',#12180,0.002);
#942=CIRCLE('',#12181,0.00075);
#943=CIRCLE('',#12182,0.00085);
#944=CIRCLE('',#12183,0.0004445);
#945=CIRCLE('',#12184,0.0004445);
#946=CIRCLE('',#12185,0.0005);
#947=CIRCLE('',#12186,0.0004445);
#948=CIRCLE('',#12187,0.0004445);
#949=CIRCLE('',#12188,0.0004445);
#950=CIRCLE('',#12189,0.0004445);
#951=CIRCLE('',#12190,0.0004445);
#952=CIRCLE('',#12191,0.0005);
#953=CIRCLE('',#12192,0.0016);
#954=CIRCLE('',#12291,0.00025);
#955=CIRCLE('',#12292,0.00025);
#956=CIRCLE('',#12294,0.00025);
#957=CIRCLE('',#12296,0.00025);
#958=CIRCLE('',#12298,0.00025);
#959=CIRCLE('',#12300,0.00025);
#960=CIRCLE('',#12305,0.00101);
#961=CIRCLE('',#12306,0.00101);
#962=CIRCLE('',#12308,0.001);
#963=CIRCLE('',#12310,0.001);
#964=CIRCLE('',#12312,0.001);
#965=CIRCLE('',#12314,0.001);
#966=CIRCLE('',#12316,0.0006);
#967=CIRCLE('',#12318,0.0006);
#968=ORIENTED_EDGE('',*,*,#3424,.T.);
#969=ORIENTED_EDGE('',*,*,#3425,.F.);
#970=ORIENTED_EDGE('',*,*,#3426,.F.);
#971=ORIENTED_EDGE('',*,*,#3427,.T.);
#972=ORIENTED_EDGE('',*,*,#3428,.T.);
#973=ORIENTED_EDGE('',*,*,#3429,.F.);
#974=ORIENTED_EDGE('',*,*,#3427,.F.);
#975=ORIENTED_EDGE('',*,*,#3430,.T.);
#976=ORIENTED_EDGE('',*,*,#3424,.F.);
#977=ORIENTED_EDGE('',*,*,#3429,.T.);
#978=ORIENTED_EDGE('',*,*,#3431,.T.);
#979=ORIENTED_EDGE('',*,*,#3432,.F.);
#980=ORIENTED_EDGE('',*,*,#3433,.T.);
#981=ORIENTED_EDGE('',*,*,#3434,.T.);
#982=ORIENTED_EDGE('',*,*,#3435,.F.);
#983=ORIENTED_EDGE('',*,*,#3436,.F.);
#984=ORIENTED_EDGE('',*,*,#3437,.F.);
#985=ORIENTED_EDGE('',*,*,#3425,.T.);
#986=ORIENTED_EDGE('',*,*,#3432,.T.);
#987=ORIENTED_EDGE('',*,*,#3438,.F.);
#988=ORIENTED_EDGE('',*,*,#3437,.T.);
#989=ORIENTED_EDGE('',*,*,#3439,.F.);
#990=ORIENTED_EDGE('',*,*,#3430,.F.);
#991=ORIENTED_EDGE('',*,*,#3426,.T.);
#992=ORIENTED_EDGE('',*,*,#3440,.T.);
#993=ORIENTED_EDGE('',*,*,#3428,.F.);
#994=ORIENTED_EDGE('',*,*,#3439,.T.);
#995=ORIENTED_EDGE('',*,*,#3438,.T.);
#996=ORIENTED_EDGE('',*,*,#3431,.F.);
#997=ORIENTED_EDGE('',*,*,#3441,.T.);
#998=ORIENTED_EDGE('',*,*,#3442,.F.);
#999=ORIENTED_EDGE('',*,*,#3433,.F.);
#1000=ORIENTED_EDGE('',*,*,#3443,.T.);
#1001=ORIENTED_EDGE('',*,*,#3444,.T.);
#1002=ORIENTED_EDGE('',*,*,#3445,.F.);
#1003=ORIENTED_EDGE('',*,*,#3443,.F.);
#1004=ORIENTED_EDGE('',*,*,#3436,.T.);
#1005=ORIENTED_EDGE('',*,*,#3444,.F.);
#1006=ORIENTED_EDGE('',*,*,#3435,.T.);
#1007=ORIENTED_EDGE('',*,*,#3446,.T.);
#1008=ORIENTED_EDGE('',*,*,#3447,.F.);
#1009=ORIENTED_EDGE('',*,*,#3434,.F.);
#1010=ORIENTED_EDGE('',*,*,#3442,.T.);
#1011=ORIENTED_EDGE('',*,*,#3448,.T.);
#1012=ORIENTED_EDGE('',*,*,#3446,.F.);
#1013=ORIENTED_EDGE('',*,*,#3449,.T.);
#1014=ORIENTED_EDGE('',*,*,#3440,.F.);
#1015=ORIENTED_EDGE('',*,*,#3441,.F.);
#1016=ORIENTED_EDGE('',*,*,#3445,.T.);
#1017=ORIENTED_EDGE('',*,*,#3447,.T.);
#1018=ORIENTED_EDGE('',*,*,#3448,.F.);
#1019=ORIENTED_EDGE('',*,*,#3450,.T.);
#1020=ORIENTED_EDGE('',*,*,#3451,.T.);
#1021=ORIENTED_EDGE('',*,*,#3452,.T.);
#1022=ORIENTED_EDGE('',*,*,#3453,.T.);
#1023=ORIENTED_EDGE('',*,*,#3454,.F.);
#1024=ORIENTED_EDGE('',*,*,#3455,.T.);
#1025=ORIENTED_EDGE('',*,*,#3456,.F.);
#1026=ORIENTED_EDGE('',*,*,#3457,.F.);
#1027=ORIENTED_EDGE('',*,*,#3458,.F.);
#1028=ORIENTED_EDGE('',*,*,#3459,.F.);
#1029=ORIENTED_EDGE('',*,*,#3460,.T.);
#1030=ORIENTED_EDGE('',*,*,#3461,.F.);
#1031=ORIENTED_EDGE('',*,*,#3449,.F.);
#1032=ORIENTED_EDGE('',*,*,#3462,.T.);
#1033=ORIENTED_EDGE('',*,*,#3463,.F.);
#1034=ORIENTED_EDGE('',*,*,#3450,.F.);
#1035=ORIENTED_EDGE('',*,*,#3464,.T.);
#1036=ORIENTED_EDGE('',*,*,#3465,.F.);
#1037=ORIENTED_EDGE('',*,*,#3466,.F.);
#1038=ORIENTED_EDGE('',*,*,#3464,.F.);
#1039=ORIENTED_EDGE('',*,*,#3461,.T.);
#1040=ORIENTED_EDGE('',*,*,#3465,.T.);
#1041=ORIENTED_EDGE('',*,*,#3460,.F.);
#1042=ORIENTED_EDGE('',*,*,#3467,.T.);
#1043=ORIENTED_EDGE('',*,*,#3468,.T.);
#1044=ORIENTED_EDGE('',*,*,#3469,.T.);
#1045=ORIENTED_EDGE('',*,*,#3470,.F.);
#1046=ORIENTED_EDGE('',*,*,#3467,.F.);
#1047=ORIENTED_EDGE('',*,*,#3459,.T.);
#1048=ORIENTED_EDGE('',*,*,#3471,.F.);
#1049=ORIENTED_EDGE('',*,*,#3469,.F.);
#1050=ORIENTED_EDGE('',*,*,#3458,.T.);
#1051=ORIENTED_EDGE('',*,*,#3472,.F.);
#1052=ORIENTED_EDGE('',*,*,#3473,.T.);
#1053=ORIENTED_EDGE('',*,*,#3474,.F.);
#1054=ORIENTED_EDGE('',*,*,#3472,.T.);
#1055=ORIENTED_EDGE('',*,*,#3457,.T.);
#1056=ORIENTED_EDGE('',*,*,#3473,.F.);
#1057=ORIENTED_EDGE('',*,*,#3456,.T.);
#1058=ORIENTED_EDGE('',*,*,#3475,.T.);
#1059=ORIENTED_EDGE('',*,*,#3476,.F.);
#1060=ORIENTED_EDGE('',*,*,#3455,.F.);
#1061=ORIENTED_EDGE('',*,*,#3477,.F.);
#1062=ORIENTED_EDGE('',*,*,#3478,.T.);
#1063=ORIENTED_EDGE('',*,*,#3475,.F.);
#1064=ORIENTED_EDGE('',*,*,#3479,.F.);
#1065=ORIENTED_EDGE('',*,*,#3477,.T.);
#1066=ORIENTED_EDGE('',*,*,#3454,.T.);
#1067=ORIENTED_EDGE('',*,*,#3480,.T.);
#1068=ORIENTED_EDGE('',*,*,#3453,.F.);
#1069=ORIENTED_EDGE('',*,*,#3481,.T.);
#1070=ORIENTED_EDGE('',*,*,#3482,.T.);
#1071=ORIENTED_EDGE('',*,*,#3480,.F.);
#1072=ORIENTED_EDGE('',*,*,#3481,.F.);
#1073=ORIENTED_EDGE('',*,*,#3452,.F.);
#1074=ORIENTED_EDGE('',*,*,#3483,.F.);
#1075=ORIENTED_EDGE('',*,*,#3484,.T.);
#1076=ORIENTED_EDGE('',*,*,#3451,.F.);
#1077=ORIENTED_EDGE('',*,*,#3463,.T.);
#1078=ORIENTED_EDGE('',*,*,#3485,.T.);
#1079=ORIENTED_EDGE('',*,*,#3483,.T.);
#1080=ORIENTED_EDGE('',*,*,#3485,.F.);
#1081=ORIENTED_EDGE('',*,*,#3462,.F.);
#1082=ORIENTED_EDGE('',*,*,#3466,.T.);
#1083=ORIENTED_EDGE('',*,*,#3468,.F.);
#1084=ORIENTED_EDGE('',*,*,#3470,.T.);
#1085=ORIENTED_EDGE('',*,*,#3471,.T.);
#1086=ORIENTED_EDGE('',*,*,#3474,.T.);
#1087=ORIENTED_EDGE('',*,*,#3476,.T.);
#1088=ORIENTED_EDGE('',*,*,#3478,.F.);
#1089=ORIENTED_EDGE('',*,*,#3479,.T.);
#1090=ORIENTED_EDGE('',*,*,#3482,.F.);
#1091=ORIENTED_EDGE('',*,*,#3484,.F.);
#1092=ORIENTED_EDGE('',*,*,#3486,.F.);
#1093=ORIENTED_EDGE('',*,*,#3487,.F.);
#1094=ORIENTED_EDGE('',*,*,#3488,.T.);
#1095=ORIENTED_EDGE('',*,*,#3489,.T.);
#1096=ORIENTED_EDGE('',*,*,#3490,.F.);
#1097=ORIENTED_EDGE('',*,*,#3489,.F.);
#1098=ORIENTED_EDGE('',*,*,#3491,.T.);
#1099=ORIENTED_EDGE('',*,*,#3492,.T.);
#1100=ORIENTED_EDGE('',*,*,#3493,.F.);
#1101=ORIENTED_EDGE('',*,*,#3492,.F.);
#1102=ORIENTED_EDGE('',*,*,#3494,.T.);
#1103=ORIENTED_EDGE('',*,*,#3495,.T.);
#1104=ORIENTED_EDGE('',*,*,#3496,.F.);
#1105=ORIENTED_EDGE('',*,*,#3495,.F.);
#1106=ORIENTED_EDGE('',*,*,#3497,.T.);
#1107=ORIENTED_EDGE('',*,*,#3487,.T.);
#1108=ORIENTED_EDGE('',*,*,#3486,.T.);
#1109=ORIENTED_EDGE('',*,*,#3490,.T.);
#1110=ORIENTED_EDGE('',*,*,#3493,.T.);
#1111=ORIENTED_EDGE('',*,*,#3496,.T.);
#1112=ORIENTED_EDGE('',*,*,#3498,.F.);
#1113=ORIENTED_EDGE('',*,*,#3499,.F.);
#1114=ORIENTED_EDGE('',*,*,#3500,.T.);
#1115=ORIENTED_EDGE('',*,*,#3501,.T.);
#1116=ORIENTED_EDGE('',*,*,#3502,.F.);
#1117=ORIENTED_EDGE('',*,*,#3501,.F.);
#1118=ORIENTED_EDGE('',*,*,#3503,.T.);
#1119=ORIENTED_EDGE('',*,*,#3504,.T.);
#1120=ORIENTED_EDGE('',*,*,#3505,.F.);
#1121=ORIENTED_EDGE('',*,*,#3504,.F.);
#1122=ORIENTED_EDGE('',*,*,#3506,.T.);
#1123=ORIENTED_EDGE('',*,*,#3507,.T.);
#1124=ORIENTED_EDGE('',*,*,#3508,.F.);
#1125=ORIENTED_EDGE('',*,*,#3507,.F.);
#1126=ORIENTED_EDGE('',*,*,#3509,.T.);
#1127=ORIENTED_EDGE('',*,*,#3499,.T.);
#1128=ORIENTED_EDGE('',*,*,#3498,.T.);
#1129=ORIENTED_EDGE('',*,*,#3502,.T.);
#1130=ORIENTED_EDGE('',*,*,#3505,.T.);
#1131=ORIENTED_EDGE('',*,*,#3508,.T.);
#1132=ORIENTED_EDGE('',*,*,#3510,.F.);
#1133=ORIENTED_EDGE('',*,*,#3511,.F.);
#1134=ORIENTED_EDGE('',*,*,#3512,.T.);
#1135=ORIENTED_EDGE('',*,*,#3513,.T.);
#1136=ORIENTED_EDGE('',*,*,#3514,.F.);
#1137=ORIENTED_EDGE('',*,*,#3513,.F.);
#1138=ORIENTED_EDGE('',*,*,#3515,.T.);
#1139=ORIENTED_EDGE('',*,*,#3516,.T.);
#1140=ORIENTED_EDGE('',*,*,#3517,.F.);
#1141=ORIENTED_EDGE('',*,*,#3516,.F.);
#1142=ORIENTED_EDGE('',*,*,#3518,.T.);
#1143=ORIENTED_EDGE('',*,*,#3519,.T.);
#1144=ORIENTED_EDGE('',*,*,#3520,.F.);
#1145=ORIENTED_EDGE('',*,*,#3519,.F.);
#1146=ORIENTED_EDGE('',*,*,#3521,.T.);
#1147=ORIENTED_EDGE('',*,*,#3522,.T.);
#1148=ORIENTED_EDGE('',*,*,#3523,.T.);
#1149=ORIENTED_EDGE('',*,*,#3511,.T.);
#1150=ORIENTED_EDGE('',*,*,#3524,.T.);
#1151=ORIENTED_EDGE('',*,*,#3525,.T.);
#1152=ORIENTED_EDGE('',*,*,#3526,.T.);
#1153=ORIENTED_EDGE('',*,*,#3527,.T.);
#1154=ORIENTED_EDGE('',*,*,#3523,.F.);
#1155=ORIENTED_EDGE('',*,*,#3528,.T.);
#1156=ORIENTED_EDGE('',*,*,#3529,.T.);
#1157=ORIENTED_EDGE('',*,*,#3530,.T.);
#1158=ORIENTED_EDGE('',*,*,#3521,.F.);
#1159=ORIENTED_EDGE('',*,*,#3518,.F.);
#1160=ORIENTED_EDGE('',*,*,#3515,.F.);
#1161=ORIENTED_EDGE('',*,*,#3512,.F.);
#1162=ORIENTED_EDGE('',*,*,#3491,.F.);
#1163=ORIENTED_EDGE('',*,*,#3488,.F.);
#1164=ORIENTED_EDGE('',*,*,#3497,.F.);
#1165=ORIENTED_EDGE('',*,*,#3494,.F.);
#1166=ORIENTED_EDGE('',*,*,#3503,.F.);
#1167=ORIENTED_EDGE('',*,*,#3500,.F.);
#1168=ORIENTED_EDGE('',*,*,#3509,.F.);
#1169=ORIENTED_EDGE('',*,*,#3506,.F.);
#1170=ORIENTED_EDGE('',*,*,#3510,.T.);
#1171=ORIENTED_EDGE('',*,*,#3514,.T.);
#1172=ORIENTED_EDGE('',*,*,#3517,.T.);
#1173=ORIENTED_EDGE('',*,*,#3520,.T.);
#1174=ORIENTED_EDGE('',*,*,#3522,.F.);
#1175=ORIENTED_EDGE('',*,*,#3531,.T.);
#1176=ORIENTED_EDGE('',*,*,#3532,.T.);
#1177=ORIENTED_EDGE('',*,*,#3533,.T.);
#1178=ORIENTED_EDGE('',*,*,#3533,.F.);
#1179=ORIENTED_EDGE('',*,*,#3534,.F.);
#1180=ORIENTED_EDGE('',*,*,#3535,.T.);
#1181=ORIENTED_EDGE('',*,*,#3536,.T.);
#1182=ORIENTED_EDGE('',*,*,#3528,.F.);
#1183=ORIENTED_EDGE('',*,*,#3529,.F.);
#1184=ORIENTED_EDGE('',*,*,#3536,.F.);
#1185=ORIENTED_EDGE('',*,*,#3537,.T.);
#1186=ORIENTED_EDGE('',*,*,#3538,.T.);
#1187=ORIENTED_EDGE('',*,*,#3530,.F.);
#1188=ORIENTED_EDGE('',*,*,#3538,.F.);
#1189=ORIENTED_EDGE('',*,*,#3539,.T.);
#1190=ORIENTED_EDGE('',*,*,#3540,.T.);
#1191=ORIENTED_EDGE('',*,*,#3531,.F.);
#1192=ORIENTED_EDGE('',*,*,#3532,.F.);
#1193=ORIENTED_EDGE('',*,*,#3540,.F.);
#1194=ORIENTED_EDGE('',*,*,#3541,.T.);
#1195=ORIENTED_EDGE('',*,*,#3534,.T.);
#1196=ORIENTED_EDGE('',*,*,#3535,.F.);
#1197=ORIENTED_EDGE('',*,*,#3541,.F.);
#1198=ORIENTED_EDGE('',*,*,#3539,.F.);
#1199=ORIENTED_EDGE('',*,*,#3537,.F.);
#1200=ORIENTED_EDGE('',*,*,#3525,.F.);
#1201=ORIENTED_EDGE('',*,*,#3542,.F.);
#1202=ORIENTED_EDGE('',*,*,#3543,.T.);
#1203=ORIENTED_EDGE('',*,*,#3544,.T.);
#1204=ORIENTED_EDGE('',*,*,#3526,.F.);
#1205=ORIENTED_EDGE('',*,*,#3544,.F.);
#1206=ORIENTED_EDGE('',*,*,#3545,.T.);
#1207=ORIENTED_EDGE('',*,*,#3546,.T.);
#1208=ORIENTED_EDGE('',*,*,#3527,.F.);
#1209=ORIENTED_EDGE('',*,*,#3546,.F.);
#1210=ORIENTED_EDGE('',*,*,#3547,.T.);
#1211=ORIENTED_EDGE('',*,*,#3548,.T.);
#1212=ORIENTED_EDGE('',*,*,#3524,.F.);
#1213=ORIENTED_EDGE('',*,*,#3548,.F.);
#1214=ORIENTED_EDGE('',*,*,#3549,.T.);
#1215=ORIENTED_EDGE('',*,*,#3542,.T.);
#1216=ORIENTED_EDGE('',*,*,#3543,.F.);
#1217=ORIENTED_EDGE('',*,*,#3549,.F.);
#1218=ORIENTED_EDGE('',*,*,#3547,.F.);
#1219=ORIENTED_EDGE('',*,*,#3545,.F.);
#1220=ORIENTED_EDGE('',*,*,#3550,.F.);
#1221=ORIENTED_EDGE('',*,*,#3551,.T.);
#1222=ORIENTED_EDGE('',*,*,#3552,.T.);
#1223=ORIENTED_EDGE('',*,*,#3553,.T.);
#1224=ORIENTED_EDGE('',*,*,#3554,.F.);
#1225=ORIENTED_EDGE('',*,*,#3555,.F.);
#1226=ORIENTED_EDGE('',*,*,#3556,.F.);
#1227=ORIENTED_EDGE('',*,*,#3557,.F.);
#1228=ORIENTED_EDGE('',*,*,#3550,.T.);
#1229=ORIENTED_EDGE('',*,*,#3558,.F.);
#1230=ORIENTED_EDGE('',*,*,#3559,.F.);
#1231=ORIENTED_EDGE('',*,*,#3560,.T.);
#1232=ORIENTED_EDGE('',*,*,#3554,.T.);
#1233=ORIENTED_EDGE('',*,*,#3553,.F.);
#1234=ORIENTED_EDGE('',*,*,#3561,.F.);
#1235=ORIENTED_EDGE('',*,*,#3552,.F.);
#1236=ORIENTED_EDGE('',*,*,#3562,.T.);
#1237=ORIENTED_EDGE('',*,*,#3563,.T.);
#1238=ORIENTED_EDGE('',*,*,#3564,.T.);
#1239=ORIENTED_EDGE('',*,*,#3561,.T.);
#1240=ORIENTED_EDGE('',*,*,#3551,.F.);
#1241=ORIENTED_EDGE('',*,*,#3557,.T.);
#1242=ORIENTED_EDGE('',*,*,#3565,.F.);
#1243=ORIENTED_EDGE('',*,*,#3566,.F.);
#1244=ORIENTED_EDGE('',*,*,#3567,.F.);
#1245=ORIENTED_EDGE('',*,*,#3568,.F.);
#1246=ORIENTED_EDGE('',*,*,#3569,.F.);
#1247=ORIENTED_EDGE('',*,*,#3562,.F.);
#1248=ORIENTED_EDGE('',*,*,#3570,.F.);
#1249=ORIENTED_EDGE('',*,*,#3571,.F.);
#1250=ORIENTED_EDGE('',*,*,#3559,.T.);
#1251=ORIENTED_EDGE('',*,*,#3572,.T.);
#1252=ORIENTED_EDGE('',*,*,#3560,.F.);
#1253=ORIENTED_EDGE('',*,*,#3571,.T.);
#1254=ORIENTED_EDGE('',*,*,#3573,.T.);
#1255=ORIENTED_EDGE('',*,*,#3574,.F.);
#1256=ORIENTED_EDGE('',*,*,#3575,.F.);
#1257=ORIENTED_EDGE('',*,*,#3555,.T.);
#1258=ORIENTED_EDGE('',*,*,#3576,.F.);
#1259=ORIENTED_EDGE('',*,*,#3565,.T.);
#1260=ORIENTED_EDGE('',*,*,#3556,.T.);
#1261=ORIENTED_EDGE('',*,*,#3575,.T.);
#1262=ORIENTED_EDGE('',*,*,#3564,.F.);
#1263=ORIENTED_EDGE('',*,*,#3577,.F.);
#1264=ORIENTED_EDGE('',*,*,#3578,.F.);
#1265=ORIENTED_EDGE('',*,*,#3579,.F.);
#1266=ORIENTED_EDGE('',*,*,#3572,.F.);
#1267=ORIENTED_EDGE('',*,*,#3558,.T.);
#1268=ORIENTED_EDGE('',*,*,#3563,.F.);
#1269=ORIENTED_EDGE('',*,*,#3569,.T.);
#1270=ORIENTED_EDGE('',*,*,#3580,.T.);
#1271=ORIENTED_EDGE('',*,*,#3577,.T.);
#1272=ORIENTED_EDGE('',*,*,#3581,.F.);
#1273=ORIENTED_EDGE('',*,*,#3566,.T.);
#1274=ORIENTED_EDGE('',*,*,#3576,.T.);
#1275=ORIENTED_EDGE('',*,*,#3574,.T.);
#1276=ORIENTED_EDGE('',*,*,#3582,.T.);
#1277=ORIENTED_EDGE('',*,*,#3580,.F.);
#1278=ORIENTED_EDGE('',*,*,#3568,.T.);
#1279=ORIENTED_EDGE('',*,*,#3583,.T.);
#1280=ORIENTED_EDGE('',*,*,#3584,.T.);
#1281=ORIENTED_EDGE('',*,*,#3578,.T.);
#1282=ORIENTED_EDGE('',*,*,#3583,.F.);
#1283=ORIENTED_EDGE('',*,*,#3567,.T.);
#1284=ORIENTED_EDGE('',*,*,#3581,.T.);
#1285=ORIENTED_EDGE('',*,*,#3585,.T.);
#1286=ORIENTED_EDGE('',*,*,#3584,.F.);
#1287=ORIENTED_EDGE('',*,*,#3585,.F.);
#1288=ORIENTED_EDGE('',*,*,#3582,.F.);
#1289=ORIENTED_EDGE('',*,*,#3573,.F.);
#1290=ORIENTED_EDGE('',*,*,#3570,.T.);
#1291=ORIENTED_EDGE('',*,*,#3579,.T.);
#1292=ORIENTED_EDGE('',*,*,#3586,.F.);
#1293=ORIENTED_EDGE('',*,*,#3587,.T.);
#1294=ORIENTED_EDGE('',*,*,#3588,.T.);
#1295=ORIENTED_EDGE('',*,*,#3589,.F.);
#1296=ORIENTED_EDGE('',*,*,#3590,.F.);
#1297=ORIENTED_EDGE('',*,*,#3591,.F.);
#1298=ORIENTED_EDGE('',*,*,#3592,.F.);
#1299=ORIENTED_EDGE('',*,*,#3593,.F.);
#1300=ORIENTED_EDGE('',*,*,#3594,.F.);
#1301=ORIENTED_EDGE('',*,*,#3595,.F.);
#1302=ORIENTED_EDGE('',*,*,#3596,.F.);
#1303=ORIENTED_EDGE('',*,*,#3597,.F.);
#1304=ORIENTED_EDGE('',*,*,#3598,.F.);
#1305=ORIENTED_EDGE('',*,*,#3599,.T.);
#1306=ORIENTED_EDGE('',*,*,#3600,.T.);
#1307=ORIENTED_EDGE('',*,*,#3601,.T.);
#1308=ORIENTED_EDGE('',*,*,#3602,.T.);
#1309=ORIENTED_EDGE('',*,*,#3603,.T.);
#1310=ORIENTED_EDGE('',*,*,#3604,.T.);
#1311=ORIENTED_EDGE('',*,*,#3605,.F.);
#1312=ORIENTED_EDGE('',*,*,#3606,.F.);
#1313=ORIENTED_EDGE('',*,*,#3607,.T.);
#1314=ORIENTED_EDGE('',*,*,#3608,.T.);
#1315=ORIENTED_EDGE('',*,*,#3609,.T.);
#1316=ORIENTED_EDGE('',*,*,#3610,.T.);
#1317=ORIENTED_EDGE('',*,*,#3611,.T.);
#1318=ORIENTED_EDGE('',*,*,#3612,.F.);
#1319=ORIENTED_EDGE('',*,*,#3607,.F.);
#1320=ORIENTED_EDGE('',*,*,#3613,.T.);
#1321=ORIENTED_EDGE('',*,*,#3595,.T.);
#1322=ORIENTED_EDGE('',*,*,#3614,.F.);
#1323=ORIENTED_EDGE('',*,*,#3598,.T.);
#1324=ORIENTED_EDGE('',*,*,#3615,.F.);
#1325=ORIENTED_EDGE('',*,*,#3609,.F.);
#1326=ORIENTED_EDGE('',*,*,#3603,.F.);
#1327=ORIENTED_EDGE('',*,*,#3616,.F.);
#1328=ORIENTED_EDGE('',*,*,#3586,.T.);
#1329=ORIENTED_EDGE('',*,*,#3617,.T.);
#1330=ORIENTED_EDGE('',*,*,#3606,.T.);
#1331=ORIENTED_EDGE('',*,*,#3618,.F.);
#1332=ORIENTED_EDGE('',*,*,#3587,.F.);
#1333=ORIENTED_EDGE('',*,*,#3616,.T.);
#1334=ORIENTED_EDGE('',*,*,#3605,.T.);
#1335=ORIENTED_EDGE('',*,*,#3619,.F.);
#1336=ORIENTED_EDGE('',*,*,#3588,.F.);
#1337=ORIENTED_EDGE('',*,*,#3618,.T.);
#1338=ORIENTED_EDGE('',*,*,#3604,.F.);
#1339=ORIENTED_EDGE('',*,*,#3617,.F.);
#1340=ORIENTED_EDGE('',*,*,#3589,.T.);
#1341=ORIENTED_EDGE('',*,*,#3619,.T.);
#1342=ORIENTED_EDGE('',*,*,#3597,.T.);
#1343=ORIENTED_EDGE('',*,*,#3620,.F.);
#1344=ORIENTED_EDGE('',*,*,#3610,.F.);
#1345=ORIENTED_EDGE('',*,*,#3615,.T.);
#1346=ORIENTED_EDGE('',*,*,#3596,.T.);
#1347=ORIENTED_EDGE('',*,*,#3613,.F.);
#1348=ORIENTED_EDGE('',*,*,#3611,.F.);
#1349=ORIENTED_EDGE('',*,*,#3620,.T.);
#1350=ORIENTED_EDGE('',*,*,#3602,.F.);
#1351=ORIENTED_EDGE('',*,*,#3590,.T.);
#1352=ORIENTED_EDGE('',*,*,#3612,.T.);
#1353=ORIENTED_EDGE('',*,*,#3594,.T.);
#1354=ORIENTED_EDGE('',*,*,#3614,.T.);
#1355=ORIENTED_EDGE('',*,*,#3608,.F.);
#1356=ORIENTED_EDGE('',*,*,#3591,.T.);
#1357=ORIENTED_EDGE('',*,*,#3601,.F.);
#1358=ORIENTED_EDGE('',*,*,#3592,.T.);
#1359=ORIENTED_EDGE('',*,*,#3600,.F.);
#1360=ORIENTED_EDGE('',*,*,#3593,.T.);
#1361=ORIENTED_EDGE('',*,*,#3599,.F.);
#1362=ORIENTED_EDGE('',*,*,#3621,.T.);
#1363=ORIENTED_EDGE('',*,*,#3622,.F.);
#1364=ORIENTED_EDGE('',*,*,#3621,.F.);
#1365=ORIENTED_EDGE('',*,*,#3623,.T.);
#1366=ORIENTED_EDGE('',*,*,#3624,.F.);
#1367=ORIENTED_EDGE('',*,*,#3625,.T.);
#1368=ORIENTED_EDGE('',*,*,#3626,.T.);
#1369=ORIENTED_EDGE('',*,*,#3627,.F.);
#1370=ORIENTED_EDGE('',*,*,#3623,.F.);
#1371=ORIENTED_EDGE('',*,*,#3628,.F.);
#1372=ORIENTED_EDGE('',*,*,#3629,.F.);
#1373=ORIENTED_EDGE('',*,*,#3630,.F.);
#1374=ORIENTED_EDGE('',*,*,#3631,.F.);
#1375=ORIENTED_EDGE('',*,*,#3632,.T.);
#1376=ORIENTED_EDGE('',*,*,#3633,.T.);
#1377=ORIENTED_EDGE('',*,*,#3634,.F.);
#1378=ORIENTED_EDGE('',*,*,#3622,.T.);
#1379=ORIENTED_EDGE('',*,*,#3635,.F.);
#1380=ORIENTED_EDGE('',*,*,#3624,.T.);
#1381=ORIENTED_EDGE('',*,*,#3636,.T.);
#1382=ORIENTED_EDGE('',*,*,#3637,.F.);
#1383=ORIENTED_EDGE('',*,*,#3638,.F.);
#1384=ORIENTED_EDGE('',*,*,#3639,.F.);
#1385=ORIENTED_EDGE('',*,*,#3640,.T.);
#1386=ORIENTED_EDGE('',*,*,#3641,.F.);
#1387=ORIENTED_EDGE('',*,*,#3642,.F.);
#1388=ORIENTED_EDGE('',*,*,#3625,.F.);
#1389=ORIENTED_EDGE('',*,*,#3635,.T.);
#1390=ORIENTED_EDGE('',*,*,#3643,.F.);
#1391=ORIENTED_EDGE('',*,*,#3644,.T.);
#1392=ORIENTED_EDGE('',*,*,#3645,.F.);
#1393=ORIENTED_EDGE('',*,*,#3646,.F.);
#1394=ORIENTED_EDGE('',*,*,#3636,.F.);
#1395=ORIENTED_EDGE('',*,*,#3627,.T.);
#1396=ORIENTED_EDGE('',*,*,#3647,.T.);
#1397=ORIENTED_EDGE('',*,*,#3626,.F.);
#1398=ORIENTED_EDGE('',*,*,#3648,.T.);
#1399=ORIENTED_EDGE('',*,*,#3649,.T.);
#1400=ORIENTED_EDGE('',*,*,#3650,.F.);
#1401=ORIENTED_EDGE('',*,*,#3651,.F.);
#1402=ORIENTED_EDGE('',*,*,#3652,.F.);
#1403=ORIENTED_EDGE('',*,*,#3651,.T.);
#1404=ORIENTED_EDGE('',*,*,#3628,.T.);
#1405=ORIENTED_EDGE('',*,*,#3653,.F.);
#1406=ORIENTED_EDGE('',*,*,#3654,.F.);
#1407=ORIENTED_EDGE('',*,*,#3653,.T.);
#1408=ORIENTED_EDGE('',*,*,#3629,.T.);
#1409=ORIENTED_EDGE('',*,*,#3655,.T.);
#1410=ORIENTED_EDGE('',*,*,#3656,.F.);
#1411=ORIENTED_EDGE('',*,*,#3655,.F.);
#1412=ORIENTED_EDGE('',*,*,#3630,.T.);
#1413=ORIENTED_EDGE('',*,*,#3631,.T.);
#1414=ORIENTED_EDGE('',*,*,#3657,.F.);
#1415=ORIENTED_EDGE('',*,*,#3658,.F.);
#1416=ORIENTED_EDGE('',*,*,#3659,.T.);
#1417=ORIENTED_EDGE('',*,*,#3632,.F.);
#1418=ORIENTED_EDGE('',*,*,#3659,.F.);
#1419=ORIENTED_EDGE('',*,*,#3660,.T.);
#1420=ORIENTED_EDGE('',*,*,#3661,.T.);
#1421=ORIENTED_EDGE('',*,*,#3634,.T.);
#1422=ORIENTED_EDGE('',*,*,#3662,.F.);
#1423=ORIENTED_EDGE('',*,*,#3663,.F.);
#1424=ORIENTED_EDGE('',*,*,#3657,.T.);
#1425=ORIENTED_EDGE('',*,*,#3633,.F.);
#1426=ORIENTED_EDGE('',*,*,#3661,.F.);
#1427=ORIENTED_EDGE('',*,*,#3664,.T.);
#1428=ORIENTED_EDGE('',*,*,#3662,.T.);
#1429=ORIENTED_EDGE('',*,*,#3665,.F.);
#1430=ORIENTED_EDGE('',*,*,#3666,.T.);
#1431=ORIENTED_EDGE('',*,*,#3667,.F.);
#1432=ORIENTED_EDGE('',*,*,#3668,.T.);
#1433=ORIENTED_EDGE('',*,*,#3669,.T.);
#1434=ORIENTED_EDGE('',*,*,#3643,.T.);
#1435=ORIENTED_EDGE('',*,*,#3641,.T.);
#1436=ORIENTED_EDGE('',*,*,#3670,.F.);
#1437=ORIENTED_EDGE('',*,*,#3671,.T.);
#1438=ORIENTED_EDGE('',*,*,#3672,.T.);
#1439=ORIENTED_EDGE('',*,*,#3637,.T.);
#1440=ORIENTED_EDGE('',*,*,#3646,.T.);
#1441=ORIENTED_EDGE('',*,*,#3673,.F.);
#1442=ORIENTED_EDGE('',*,*,#3638,.T.);
#1443=ORIENTED_EDGE('',*,*,#3672,.F.);
#1444=ORIENTED_EDGE('',*,*,#3674,.F.);
#1445=ORIENTED_EDGE('',*,*,#3675,.F.);
#1446=ORIENTED_EDGE('',*,*,#3639,.T.);
#1447=ORIENTED_EDGE('',*,*,#3673,.T.);
#1448=ORIENTED_EDGE('',*,*,#3676,.F.);
#1449=ORIENTED_EDGE('',*,*,#3677,.F.);
#1450=ORIENTED_EDGE('',*,*,#3678,.T.);
#1451=ORIENTED_EDGE('',*,*,#3652,.T.);
#1452=ORIENTED_EDGE('',*,*,#3654,.T.);
#1453=ORIENTED_EDGE('',*,*,#3679,.T.);
#1454=ORIENTED_EDGE('',*,*,#3658,.T.);
#1455=ORIENTED_EDGE('',*,*,#3663,.T.);
#1456=ORIENTED_EDGE('',*,*,#3664,.F.);
#1457=ORIENTED_EDGE('',*,*,#3660,.F.);
#1458=ORIENTED_EDGE('',*,*,#3680,.T.);
#1459=ORIENTED_EDGE('',*,*,#3681,.F.);
#1460=ORIENTED_EDGE('',*,*,#3682,.F.);
#1461=ORIENTED_EDGE('',*,*,#3683,.F.);
#1462=ORIENTED_EDGE('',*,*,#3670,.T.);
#1463=ORIENTED_EDGE('',*,*,#3640,.F.);
#1464=ORIENTED_EDGE('',*,*,#3677,.T.);
#1465=ORIENTED_EDGE('',*,*,#3684,.T.);
#1466=ORIENTED_EDGE('',*,*,#3685,.T.);
#1467=ORIENTED_EDGE('',*,*,#3686,.F.);
#1468=ORIENTED_EDGE('',*,*,#3648,.F.);
#1469=ORIENTED_EDGE('',*,*,#3642,.T.);
#1470=ORIENTED_EDGE('',*,*,#3687,.T.);
#1471=ORIENTED_EDGE('',*,*,#3669,.F.);
#1472=ORIENTED_EDGE('',*,*,#3688,.F.);
#1473=ORIENTED_EDGE('',*,*,#3687,.F.);
#1474=ORIENTED_EDGE('',*,*,#3644,.F.);
#1475=ORIENTED_EDGE('',*,*,#3689,.T.);
#1476=ORIENTED_EDGE('',*,*,#3690,.T.);
#1477=ORIENTED_EDGE('',*,*,#3665,.T.);
#1478=ORIENTED_EDGE('',*,*,#3645,.T.);
#1479=ORIENTED_EDGE('',*,*,#3691,.F.);
#1480=ORIENTED_EDGE('',*,*,#3689,.F.);
#1481=ORIENTED_EDGE('',*,*,#3647,.F.);
#1482=ORIENTED_EDGE('',*,*,#3650,.T.);
#1483=ORIENTED_EDGE('',*,*,#3692,.F.);
#1484=ORIENTED_EDGE('',*,*,#3693,.T.);
#1485=ORIENTED_EDGE('',*,*,#3694,.F.);
#1486=ORIENTED_EDGE('',*,*,#3649,.F.);
#1487=ORIENTED_EDGE('',*,*,#3656,.T.);
#1488=ORIENTED_EDGE('',*,*,#3666,.F.);
#1489=ORIENTED_EDGE('',*,*,#3690,.F.);
#1490=ORIENTED_EDGE('',*,*,#3695,.F.);
#1491=ORIENTED_EDGE('',*,*,#3696,.T.);
#1492=ORIENTED_EDGE('',*,*,#3697,.T.);
#1493=ORIENTED_EDGE('',*,*,#3698,.T.);
#1494=ORIENTED_EDGE('',*,*,#3699,.T.);
#1495=ORIENTED_EDGE('',*,*,#3700,.T.);
#1496=ORIENTED_EDGE('',*,*,#3667,.T.);
#1497=ORIENTED_EDGE('',*,*,#3696,.F.);
#1498=ORIENTED_EDGE('',*,*,#3693,.F.);
#1499=ORIENTED_EDGE('',*,*,#3701,.T.);
#1500=ORIENTED_EDGE('',*,*,#3668,.F.);
#1501=ORIENTED_EDGE('',*,*,#3701,.F.);
#1502=ORIENTED_EDGE('',*,*,#3702,.F.);
#1503=ORIENTED_EDGE('',*,*,#3688,.T.);
#1504=ORIENTED_EDGE('',*,*,#3674,.T.);
#1505=ORIENTED_EDGE('',*,*,#3671,.F.);
#1506=ORIENTED_EDGE('',*,*,#3685,.F.);
#1507=ORIENTED_EDGE('',*,*,#3703,.T.);
#1508=ORIENTED_EDGE('',*,*,#3704,.F.);
#1509=ORIENTED_EDGE('',*,*,#3705,.T.);
#1510=ORIENTED_EDGE('',*,*,#3706,.T.);
#1511=ORIENTED_EDGE('',*,*,#3707,.F.);
#1512=ORIENTED_EDGE('',*,*,#3708,.T.);
#1513=ORIENTED_EDGE('',*,*,#3709,.T.);
#1514=ORIENTED_EDGE('',*,*,#3710,.T.);
#1515=ORIENTED_EDGE('',*,*,#3711,.T.);
#1516=ORIENTED_EDGE('',*,*,#3712,.T.);
#1517=ORIENTED_EDGE('',*,*,#3713,.T.);
#1518=ORIENTED_EDGE('',*,*,#3714,.T.);
#1519=ORIENTED_EDGE('',*,*,#3715,.T.);
#1520=ORIENTED_EDGE('',*,*,#3716,.T.);
#1521=ORIENTED_EDGE('',*,*,#3717,.T.);
#1522=ORIENTED_EDGE('',*,*,#3718,.T.);
#1523=ORIENTED_EDGE('',*,*,#3719,.T.);
#1524=ORIENTED_EDGE('',*,*,#3720,.T.);
#1525=ORIENTED_EDGE('',*,*,#3721,.T.);
#1526=ORIENTED_EDGE('',*,*,#3722,.T.);
#1527=ORIENTED_EDGE('',*,*,#3723,.T.);
#1528=ORIENTED_EDGE('',*,*,#3675,.T.);
#1529=ORIENTED_EDGE('',*,*,#3703,.F.);
#1530=ORIENTED_EDGE('',*,*,#3684,.F.);
#1531=ORIENTED_EDGE('',*,*,#3676,.T.);
#1532=ORIENTED_EDGE('',*,*,#3678,.F.);
#1533=ORIENTED_EDGE('',*,*,#3724,.F.);
#1534=ORIENTED_EDGE('',*,*,#3725,.T.);
#1535=ORIENTED_EDGE('',*,*,#3724,.T.);
#1536=ORIENTED_EDGE('',*,*,#3679,.F.);
#1537=ORIENTED_EDGE('',*,*,#3726,.F.);
#1538=ORIENTED_EDGE('',*,*,#3727,.T.);
#1539=ORIENTED_EDGE('',*,*,#3726,.T.);
#1540=ORIENTED_EDGE('',*,*,#3728,.F.);
#1541=ORIENTED_EDGE('',*,*,#3683,.T.);
#1542=ORIENTED_EDGE('',*,*,#3729,.T.);
#1543=ORIENTED_EDGE('',*,*,#3730,.F.);
#1544=ORIENTED_EDGE('',*,*,#3680,.F.);
#1545=ORIENTED_EDGE('',*,*,#3728,.T.);
#1546=ORIENTED_EDGE('',*,*,#3731,.T.);
#1547=ORIENTED_EDGE('',*,*,#3732,.T.);
#1548=ORIENTED_EDGE('',*,*,#3733,.T.);
#1549=ORIENTED_EDGE('',*,*,#3734,.T.);
#1550=ORIENTED_EDGE('',*,*,#3729,.F.);
#1551=ORIENTED_EDGE('',*,*,#3682,.T.);
#1552=ORIENTED_EDGE('',*,*,#3735,.F.);
#1553=ORIENTED_EDGE('',*,*,#3736,.F.);
#1554=ORIENTED_EDGE('',*,*,#3737,.F.);
#1555=ORIENTED_EDGE('',*,*,#3738,.F.);
#1556=ORIENTED_EDGE('',*,*,#3735,.T.);
#1557=ORIENTED_EDGE('',*,*,#3681,.T.);
#1558=ORIENTED_EDGE('',*,*,#3734,.F.);
#1559=ORIENTED_EDGE('',*,*,#3739,.T.);
#1560=ORIENTED_EDGE('',*,*,#3702,.T.);
#1561=ORIENTED_EDGE('',*,*,#3692,.T.);
#1562=ORIENTED_EDGE('',*,*,#3686,.T.);
#1563=ORIENTED_EDGE('',*,*,#3694,.T.);
#1564=ORIENTED_EDGE('',*,*,#3695,.T.);
#1565=ORIENTED_EDGE('',*,*,#3691,.T.);
#1566=ORIENTED_EDGE('',*,*,#3740,.T.);
#1567=ORIENTED_EDGE('',*,*,#3741,.F.);
#1568=ORIENTED_EDGE('',*,*,#3742,.F.);
#1569=ORIENTED_EDGE('',*,*,#3697,.F.);
#1570=ORIENTED_EDGE('',*,*,#3743,.F.);
#1571=ORIENTED_EDGE('',*,*,#3698,.F.);
#1572=ORIENTED_EDGE('',*,*,#3742,.T.);
#1573=ORIENTED_EDGE('',*,*,#3744,.F.);
#1574=ORIENTED_EDGE('',*,*,#3745,.T.);
#1575=ORIENTED_EDGE('',*,*,#3699,.F.);
#1576=ORIENTED_EDGE('',*,*,#3743,.T.);
#1577=ORIENTED_EDGE('',*,*,#3746,.F.);
#1578=ORIENTED_EDGE('',*,*,#3740,.F.);
#1579=ORIENTED_EDGE('',*,*,#3700,.F.);
#1580=ORIENTED_EDGE('',*,*,#3745,.F.);
#1581=ORIENTED_EDGE('',*,*,#3747,.F.);
#1582=ORIENTED_EDGE('',*,*,#3748,.T.);
#1583=ORIENTED_EDGE('',*,*,#3747,.T.);
#1584=ORIENTED_EDGE('',*,*,#3749,.F.);
#1585=ORIENTED_EDGE('',*,*,#3704,.T.);
#1586=ORIENTED_EDGE('',*,*,#3749,.T.);
#1587=ORIENTED_EDGE('',*,*,#3746,.T.);
#1588=ORIENTED_EDGE('',*,*,#3750,.F.);
#1589=ORIENTED_EDGE('',*,*,#3705,.F.);
#1590=ORIENTED_EDGE('',*,*,#3750,.T.);
#1591=ORIENTED_EDGE('',*,*,#3744,.T.);
#1592=ORIENTED_EDGE('',*,*,#3751,.F.);
#1593=ORIENTED_EDGE('',*,*,#3706,.F.);
#1594=ORIENTED_EDGE('',*,*,#3751,.T.);
#1595=ORIENTED_EDGE('',*,*,#3741,.T.);
#1596=ORIENTED_EDGE('',*,*,#3748,.F.);
#1597=ORIENTED_EDGE('',*,*,#3707,.T.);
#1598=ORIENTED_EDGE('',*,*,#3708,.F.);
#1599=ORIENTED_EDGE('',*,*,#3752,.F.);
#1600=ORIENTED_EDGE('',*,*,#3753,.T.);
#1601=ORIENTED_EDGE('',*,*,#3754,.T.);
#1602=ORIENTED_EDGE('',*,*,#3709,.F.);
#1603=ORIENTED_EDGE('',*,*,#3754,.F.);
#1604=ORIENTED_EDGE('',*,*,#3755,.T.);
#1605=ORIENTED_EDGE('',*,*,#3756,.T.);
#1606=ORIENTED_EDGE('',*,*,#3710,.F.);
#1607=ORIENTED_EDGE('',*,*,#3756,.F.);
#1608=ORIENTED_EDGE('',*,*,#3757,.T.);
#1609=ORIENTED_EDGE('',*,*,#3758,.T.);
#1610=ORIENTED_EDGE('',*,*,#3711,.F.);
#1611=ORIENTED_EDGE('',*,*,#3758,.F.);
#1612=ORIENTED_EDGE('',*,*,#3759,.T.);
#1613=ORIENTED_EDGE('',*,*,#3752,.T.);
#1614=ORIENTED_EDGE('',*,*,#3712,.F.);
#1615=ORIENTED_EDGE('',*,*,#3760,.F.);
#1616=ORIENTED_EDGE('',*,*,#3761,.T.);
#1617=ORIENTED_EDGE('',*,*,#3762,.T.);
#1618=ORIENTED_EDGE('',*,*,#3713,.F.);
#1619=ORIENTED_EDGE('',*,*,#3762,.F.);
#1620=ORIENTED_EDGE('',*,*,#3763,.T.);
#1621=ORIENTED_EDGE('',*,*,#3764,.T.);
#1622=ORIENTED_EDGE('',*,*,#3714,.F.);
#1623=ORIENTED_EDGE('',*,*,#3764,.F.);
#1624=ORIENTED_EDGE('',*,*,#3765,.T.);
#1625=ORIENTED_EDGE('',*,*,#3766,.T.);
#1626=ORIENTED_EDGE('',*,*,#3715,.F.);
#1627=ORIENTED_EDGE('',*,*,#3766,.F.);
#1628=ORIENTED_EDGE('',*,*,#3767,.T.);
#1629=ORIENTED_EDGE('',*,*,#3760,.T.);
#1630=ORIENTED_EDGE('',*,*,#3716,.F.);
#1631=ORIENTED_EDGE('',*,*,#3768,.F.);
#1632=ORIENTED_EDGE('',*,*,#3769,.T.);
#1633=ORIENTED_EDGE('',*,*,#3770,.T.);
#1634=ORIENTED_EDGE('',*,*,#3717,.F.);
#1635=ORIENTED_EDGE('',*,*,#3770,.F.);
#1636=ORIENTED_EDGE('',*,*,#3771,.T.);
#1637=ORIENTED_EDGE('',*,*,#3772,.T.);
#1638=ORIENTED_EDGE('',*,*,#3718,.F.);
#1639=ORIENTED_EDGE('',*,*,#3772,.F.);
#1640=ORIENTED_EDGE('',*,*,#3773,.T.);
#1641=ORIENTED_EDGE('',*,*,#3774,.T.);
#1642=ORIENTED_EDGE('',*,*,#3719,.F.);
#1643=ORIENTED_EDGE('',*,*,#3774,.F.);
#1644=ORIENTED_EDGE('',*,*,#3775,.T.);
#1645=ORIENTED_EDGE('',*,*,#3768,.T.);
#1646=ORIENTED_EDGE('',*,*,#3720,.F.);
#1647=ORIENTED_EDGE('',*,*,#3776,.F.);
#1648=ORIENTED_EDGE('',*,*,#3777,.T.);
#1649=ORIENTED_EDGE('',*,*,#3778,.T.);
#1650=ORIENTED_EDGE('',*,*,#3721,.F.);
#1651=ORIENTED_EDGE('',*,*,#3778,.F.);
#1652=ORIENTED_EDGE('',*,*,#3779,.T.);
#1653=ORIENTED_EDGE('',*,*,#3780,.T.);
#1654=ORIENTED_EDGE('',*,*,#3722,.F.);
#1655=ORIENTED_EDGE('',*,*,#3780,.F.);
#1656=ORIENTED_EDGE('',*,*,#3781,.T.);
#1657=ORIENTED_EDGE('',*,*,#3782,.T.);
#1658=ORIENTED_EDGE('',*,*,#3723,.F.);
#1659=ORIENTED_EDGE('',*,*,#3782,.F.);
#1660=ORIENTED_EDGE('',*,*,#3783,.T.);
#1661=ORIENTED_EDGE('',*,*,#3776,.T.);
#1662=ORIENTED_EDGE('',*,*,#3725,.F.);
#1663=ORIENTED_EDGE('',*,*,#3727,.F.);
#1664=ORIENTED_EDGE('',*,*,#3738,.T.);
#1665=ORIENTED_EDGE('',*,*,#3784,.F.);
#1666=ORIENTED_EDGE('',*,*,#3731,.F.);
#1667=ORIENTED_EDGE('',*,*,#3730,.T.);
#1668=ORIENTED_EDGE('',*,*,#3737,.T.);
#1669=ORIENTED_EDGE('',*,*,#3785,.F.);
#1670=ORIENTED_EDGE('',*,*,#3732,.F.);
#1671=ORIENTED_EDGE('',*,*,#3784,.T.);
#1672=ORIENTED_EDGE('',*,*,#3736,.T.);
#1673=ORIENTED_EDGE('',*,*,#3739,.F.);
#1674=ORIENTED_EDGE('',*,*,#3733,.F.);
#1675=ORIENTED_EDGE('',*,*,#3785,.T.);
#1676=ORIENTED_EDGE('',*,*,#3786,.T.);
#1677=ORIENTED_EDGE('',*,*,#3755,.F.);
#1678=ORIENTED_EDGE('',*,*,#3753,.F.);
#1679=ORIENTED_EDGE('',*,*,#3759,.F.);
#1680=ORIENTED_EDGE('',*,*,#3757,.F.);
#1681=ORIENTED_EDGE('',*,*,#3787,.T.);
#1682=ORIENTED_EDGE('',*,*,#3763,.F.);
#1683=ORIENTED_EDGE('',*,*,#3761,.F.);
#1684=ORIENTED_EDGE('',*,*,#3767,.F.);
#1685=ORIENTED_EDGE('',*,*,#3765,.F.);
#1686=ORIENTED_EDGE('',*,*,#3788,.T.);
#1687=ORIENTED_EDGE('',*,*,#3771,.F.);
#1688=ORIENTED_EDGE('',*,*,#3769,.F.);
#1689=ORIENTED_EDGE('',*,*,#3775,.F.);
#1690=ORIENTED_EDGE('',*,*,#3773,.F.);
#1691=ORIENTED_EDGE('',*,*,#3789,.T.);
#1692=ORIENTED_EDGE('',*,*,#3779,.F.);
#1693=ORIENTED_EDGE('',*,*,#3777,.F.);
#1694=ORIENTED_EDGE('',*,*,#3783,.F.);
#1695=ORIENTED_EDGE('',*,*,#3781,.F.);
#1696=ORIENTED_EDGE('',*,*,#3790,.T.);
#1697=ORIENTED_EDGE('',*,*,#3786,.F.);
#1698=ORIENTED_EDGE('',*,*,#3790,.F.);
#1699=ORIENTED_EDGE('',*,*,#3791,.T.);
#1700=ORIENTED_EDGE('',*,*,#3792,.T.);
#1701=ORIENTED_EDGE('',*,*,#3787,.F.);
#1702=ORIENTED_EDGE('',*,*,#3792,.F.);
#1703=ORIENTED_EDGE('',*,*,#3793,.T.);
#1704=ORIENTED_EDGE('',*,*,#3794,.T.);
#1705=ORIENTED_EDGE('',*,*,#3788,.F.);
#1706=ORIENTED_EDGE('',*,*,#3794,.F.);
#1707=ORIENTED_EDGE('',*,*,#3795,.T.);
#1708=ORIENTED_EDGE('',*,*,#3796,.T.);
#1709=ORIENTED_EDGE('',*,*,#3789,.F.);
#1710=ORIENTED_EDGE('',*,*,#3796,.F.);
#1711=ORIENTED_EDGE('',*,*,#3797,.T.);
#1712=ORIENTED_EDGE('',*,*,#3798,.T.);
#1713=ORIENTED_EDGE('',*,*,#3791,.F.);
#1714=ORIENTED_EDGE('',*,*,#3799,.T.);
#1715=ORIENTED_EDGE('',*,*,#3793,.F.);
#1716=ORIENTED_EDGE('',*,*,#3800,.T.);
#1717=ORIENTED_EDGE('',*,*,#3795,.F.);
#1718=ORIENTED_EDGE('',*,*,#3801,.T.);
#1719=ORIENTED_EDGE('',*,*,#3797,.F.);
#1720=ORIENTED_EDGE('',*,*,#3802,.T.);
#1721=ORIENTED_EDGE('',*,*,#3798,.F.);
#1722=ORIENTED_EDGE('',*,*,#3802,.F.);
#1723=ORIENTED_EDGE('',*,*,#3803,.T.);
#1724=ORIENTED_EDGE('',*,*,#3804,.T.);
#1725=ORIENTED_EDGE('',*,*,#3799,.F.);
#1726=ORIENTED_EDGE('',*,*,#3804,.F.);
#1727=ORIENTED_EDGE('',*,*,#3805,.T.);
#1728=ORIENTED_EDGE('',*,*,#3806,.T.);
#1729=ORIENTED_EDGE('',*,*,#3800,.F.);
#1730=ORIENTED_EDGE('',*,*,#3806,.F.);
#1731=ORIENTED_EDGE('',*,*,#3807,.T.);
#1732=ORIENTED_EDGE('',*,*,#3808,.T.);
#1733=ORIENTED_EDGE('',*,*,#3801,.F.);
#1734=ORIENTED_EDGE('',*,*,#3808,.F.);
#1735=ORIENTED_EDGE('',*,*,#3809,.T.);
#1736=ORIENTED_EDGE('',*,*,#3803,.F.);
#1737=ORIENTED_EDGE('',*,*,#3805,.F.);
#1738=ORIENTED_EDGE('',*,*,#3807,.F.);
#1739=ORIENTED_EDGE('',*,*,#3809,.F.);
#1740=ORIENTED_EDGE('',*,*,#3810,.F.);
#1741=ORIENTED_EDGE('',*,*,#3811,.F.);
#1742=ORIENTED_EDGE('',*,*,#3812,.T.);
#1743=ORIENTED_EDGE('',*,*,#3813,.T.);
#1744=ORIENTED_EDGE('',*,*,#3814,.T.);
#1745=ORIENTED_EDGE('',*,*,#3815,.F.);
#1746=ORIENTED_EDGE('',*,*,#3816,.F.);
#1747=ORIENTED_EDGE('',*,*,#3811,.T.);
#1748=ORIENTED_EDGE('',*,*,#3817,.T.);
#1749=ORIENTED_EDGE('',*,*,#3818,.F.);
#1750=ORIENTED_EDGE('',*,*,#3819,.F.);
#1751=ORIENTED_EDGE('',*,*,#3815,.T.);
#1752=ORIENTED_EDGE('',*,*,#3820,.T.);
#1753=ORIENTED_EDGE('',*,*,#3821,.F.);
#1754=ORIENTED_EDGE('',*,*,#3822,.T.);
#1755=ORIENTED_EDGE('',*,*,#3823,.F.);
#1756=ORIENTED_EDGE('',*,*,#3824,.F.);
#1757=ORIENTED_EDGE('',*,*,#3813,.F.);
#1758=ORIENTED_EDGE('',*,*,#3825,.T.);
#1759=ORIENTED_EDGE('',*,*,#3818,.T.);
#1760=ORIENTED_EDGE('',*,*,#3826,.F.);
#1761=ORIENTED_EDGE('',*,*,#3827,.F.);
#1762=ORIENTED_EDGE('',*,*,#3828,.T.);
#1763=ORIENTED_EDGE('',*,*,#3829,.T.);
#1764=ORIENTED_EDGE('',*,*,#3822,.F.);
#1765=ORIENTED_EDGE('',*,*,#3820,.F.);
#1766=ORIENTED_EDGE('',*,*,#3812,.F.);
#1767=ORIENTED_EDGE('',*,*,#3816,.T.);
#1768=ORIENTED_EDGE('',*,*,#3819,.T.);
#1769=ORIENTED_EDGE('',*,*,#3825,.F.);
#1770=ORIENTED_EDGE('',*,*,#3823,.T.);
#1771=ORIENTED_EDGE('',*,*,#3821,.T.);
#1772=ORIENTED_EDGE('',*,*,#3810,.T.);
#1773=ORIENTED_EDGE('',*,*,#3824,.T.);
#1774=ORIENTED_EDGE('',*,*,#3817,.F.);
#1775=ORIENTED_EDGE('',*,*,#3814,.F.);
#1776=ORIENTED_EDGE('',*,*,#3830,.T.);
#1777=ORIENTED_EDGE('',*,*,#3826,.T.);
#1778=ORIENTED_EDGE('',*,*,#3831,.F.);
#1779=ORIENTED_EDGE('',*,*,#3832,.T.);
#1780=ORIENTED_EDGE('',*,*,#3829,.F.);
#1781=ORIENTED_EDGE('',*,*,#3833,.F.);
#1782=ORIENTED_EDGE('',*,*,#3834,.F.);
#1783=ORIENTED_EDGE('',*,*,#3831,.T.);
#1784=ORIENTED_EDGE('',*,*,#3828,.F.);
#1785=ORIENTED_EDGE('',*,*,#3835,.F.);
#1786=ORIENTED_EDGE('',*,*,#3836,.F.);
#1787=ORIENTED_EDGE('',*,*,#3833,.T.);
#1788=ORIENTED_EDGE('',*,*,#3835,.T.);
#1789=ORIENTED_EDGE('',*,*,#3827,.T.);
#1790=ORIENTED_EDGE('',*,*,#3830,.F.);
#1791=ORIENTED_EDGE('',*,*,#3837,.T.);
#1792=ORIENTED_EDGE('',*,*,#3832,.F.);
#1793=ORIENTED_EDGE('',*,*,#3834,.T.);
#1794=ORIENTED_EDGE('',*,*,#3836,.T.);
#1795=ORIENTED_EDGE('',*,*,#3837,.F.);
#1796=ORIENTED_EDGE('',*,*,#3838,.F.);
#1797=ORIENTED_EDGE('',*,*,#3839,.T.);
#1798=ORIENTED_EDGE('',*,*,#3840,.T.);
#1799=ORIENTED_EDGE('',*,*,#3838,.T.);
#1800=ORIENTED_EDGE('',*,*,#3841,.F.);
#1801=ORIENTED_EDGE('',*,*,#3840,.F.);
#1802=ORIENTED_EDGE('',*,*,#3842,.T.);
#1803=ORIENTED_EDGE('',*,*,#3841,.T.);
#1804=ORIENTED_EDGE('',*,*,#3843,.F.);
#1805=ORIENTED_EDGE('',*,*,#3842,.F.);
#1806=ORIENTED_EDGE('',*,*,#3839,.F.);
#1807=ORIENTED_EDGE('',*,*,#3843,.T.);
#1808=ORIENTED_EDGE('',*,*,#3844,.F.);
#1809=ORIENTED_EDGE('',*,*,#3845,.T.);
#1810=ORIENTED_EDGE('',*,*,#3846,.T.);
#1811=ORIENTED_EDGE('',*,*,#3844,.T.);
#1812=ORIENTED_EDGE('',*,*,#3847,.F.);
#1813=ORIENTED_EDGE('',*,*,#3846,.F.);
#1814=ORIENTED_EDGE('',*,*,#3848,.T.);
#1815=ORIENTED_EDGE('',*,*,#3847,.T.);
#1816=ORIENTED_EDGE('',*,*,#3849,.F.);
#1817=ORIENTED_EDGE('',*,*,#3848,.F.);
#1818=ORIENTED_EDGE('',*,*,#3845,.F.);
#1819=ORIENTED_EDGE('',*,*,#3849,.T.);
#1820=ORIENTED_EDGE('',*,*,#3850,.F.);
#1821=ORIENTED_EDGE('',*,*,#3851,.T.);
#1822=ORIENTED_EDGE('',*,*,#3851,.F.);
#1823=ORIENTED_EDGE('',*,*,#3852,.T.);
#1824=ORIENTED_EDGE('',*,*,#3850,.T.);
#1825=ORIENTED_EDGE('',*,*,#3853,.F.);
#1826=ORIENTED_EDGE('',*,*,#3852,.F.);
#1827=ORIENTED_EDGE('',*,*,#3854,.T.);
#1828=ORIENTED_EDGE('',*,*,#3855,.F.);
#1829=ORIENTED_EDGE('',*,*,#3853,.T.);
#1830=ORIENTED_EDGE('',*,*,#3856,.T.);
#1831=ORIENTED_EDGE('',*,*,#3854,.F.);
#1832=ORIENTED_EDGE('',*,*,#3855,.T.);
#1833=ORIENTED_EDGE('',*,*,#3857,.F.);
#1834=ORIENTED_EDGE('',*,*,#3856,.F.);
#1835=ORIENTED_EDGE('',*,*,#3857,.T.);
#1836=ORIENTED_EDGE('',*,*,#3858,.F.);
#1837=ORIENTED_EDGE('',*,*,#3859,.T.);
#1838=ORIENTED_EDGE('',*,*,#3860,.T.);
#1839=ORIENTED_EDGE('',*,*,#3858,.T.);
#1840=ORIENTED_EDGE('',*,*,#3861,.F.);
#1841=ORIENTED_EDGE('',*,*,#3860,.F.);
#1842=ORIENTED_EDGE('',*,*,#3862,.T.);
#1843=ORIENTED_EDGE('',*,*,#3861,.T.);
#1844=ORIENTED_EDGE('',*,*,#3863,.F.);
#1845=ORIENTED_EDGE('',*,*,#3862,.F.);
#1846=ORIENTED_EDGE('',*,*,#3859,.F.);
#1847=ORIENTED_EDGE('',*,*,#3863,.T.);
#1848=ORIENTED_EDGE('',*,*,#3864,.T.);
#1849=ORIENTED_EDGE('',*,*,#3865,.T.);
#1850=ORIENTED_EDGE('',*,*,#3866,.F.);
#1851=ORIENTED_EDGE('',*,*,#3867,.F.);
#1852=ORIENTED_EDGE('',*,*,#3868,.T.);
#1853=ORIENTED_EDGE('',*,*,#3867,.T.);
#1854=ORIENTED_EDGE('',*,*,#3869,.F.);
#1855=ORIENTED_EDGE('',*,*,#3870,.F.);
#1856=ORIENTED_EDGE('',*,*,#3871,.T.);
#1857=ORIENTED_EDGE('',*,*,#3872,.T.);
#1858=ORIENTED_EDGE('',*,*,#3873,.F.);
#1859=ORIENTED_EDGE('',*,*,#3865,.F.);
#1860=ORIENTED_EDGE('',*,*,#3868,.F.);
#1861=ORIENTED_EDGE('',*,*,#3874,.F.);
#1862=ORIENTED_EDGE('',*,*,#3875,.F.);
#1863=ORIENTED_EDGE('',*,*,#3876,.F.);
#1864=ORIENTED_EDGE('',*,*,#3877,.F.);
#1865=ORIENTED_EDGE('',*,*,#3878,.F.);
#1866=ORIENTED_EDGE('',*,*,#3879,.F.);
#1867=ORIENTED_EDGE('',*,*,#3880,.F.);
#1868=ORIENTED_EDGE('',*,*,#3881,.F.);
#1869=ORIENTED_EDGE('',*,*,#3882,.F.);
#1870=ORIENTED_EDGE('',*,*,#3883,.F.);
#1871=ORIENTED_EDGE('',*,*,#3884,.F.);
#1872=ORIENTED_EDGE('',*,*,#3885,.F.);
#1873=ORIENTED_EDGE('',*,*,#3886,.F.);
#1874=ORIENTED_EDGE('',*,*,#3887,.F.);
#1875=ORIENTED_EDGE('',*,*,#3888,.F.);
#1876=ORIENTED_EDGE('',*,*,#3889,.F.);
#1877=ORIENTED_EDGE('',*,*,#3890,.F.);
#1878=ORIENTED_EDGE('',*,*,#3891,.F.);
#1879=ORIENTED_EDGE('',*,*,#3892,.F.);
#1880=ORIENTED_EDGE('',*,*,#3893,.F.);
#1881=ORIENTED_EDGE('',*,*,#3894,.F.);
#1882=ORIENTED_EDGE('',*,*,#3895,.F.);
#1883=ORIENTED_EDGE('',*,*,#3896,.F.);
#1884=ORIENTED_EDGE('',*,*,#3897,.F.);
#1885=ORIENTED_EDGE('',*,*,#3898,.F.);
#1886=ORIENTED_EDGE('',*,*,#3899,.F.);
#1887=ORIENTED_EDGE('',*,*,#3900,.F.);
#1888=ORIENTED_EDGE('',*,*,#3901,.F.);
#1889=ORIENTED_EDGE('',*,*,#3902,.F.);
#1890=ORIENTED_EDGE('',*,*,#3903,.F.);
#1891=ORIENTED_EDGE('',*,*,#3904,.F.);
#1892=ORIENTED_EDGE('',*,*,#3905,.F.);
#1893=ORIENTED_EDGE('',*,*,#3906,.F.);
#1894=ORIENTED_EDGE('',*,*,#3907,.F.);
#1895=ORIENTED_EDGE('',*,*,#3908,.F.);
#1896=ORIENTED_EDGE('',*,*,#3909,.F.);
#1897=ORIENTED_EDGE('',*,*,#3910,.F.);
#1898=ORIENTED_EDGE('',*,*,#3911,.F.);
#1899=ORIENTED_EDGE('',*,*,#3912,.F.);
#1900=ORIENTED_EDGE('',*,*,#3913,.F.);
#1901=ORIENTED_EDGE('',*,*,#3914,.F.);
#1902=ORIENTED_EDGE('',*,*,#3915,.F.);
#1903=ORIENTED_EDGE('',*,*,#3916,.F.);
#1904=ORIENTED_EDGE('',*,*,#3917,.F.);
#1905=ORIENTED_EDGE('',*,*,#3918,.F.);
#1906=ORIENTED_EDGE('',*,*,#3919,.F.);
#1907=ORIENTED_EDGE('',*,*,#3920,.F.);
#1908=ORIENTED_EDGE('',*,*,#3871,.F.);
#1909=ORIENTED_EDGE('',*,*,#3864,.F.);
#1910=ORIENTED_EDGE('',*,*,#3921,.T.);
#1911=ORIENTED_EDGE('',*,*,#3922,.T.);
#1912=ORIENTED_EDGE('',*,*,#3923,.F.);
#1913=ORIENTED_EDGE('',*,*,#3924,.F.);
#1914=ORIENTED_EDGE('',*,*,#3925,.F.);
#1915=ORIENTED_EDGE('',*,*,#3926,.F.);
#1916=ORIENTED_EDGE('',*,*,#3927,.T.);
#1917=ORIENTED_EDGE('',*,*,#3928,.T.);
#1918=ORIENTED_EDGE('',*,*,#3929,.T.);
#1919=ORIENTED_EDGE('',*,*,#3930,.F.);
#1920=ORIENTED_EDGE('',*,*,#3931,.F.);
#1921=ORIENTED_EDGE('',*,*,#3932,.T.);
#1922=ORIENTED_EDGE('',*,*,#3933,.F.);
#1923=ORIENTED_EDGE('',*,*,#3934,.F.);
#1924=ORIENTED_EDGE('',*,*,#3935,.T.);
#1925=ORIENTED_EDGE('',*,*,#3936,.T.);
#1926=ORIENTED_EDGE('',*,*,#3937,.T.);
#1927=ORIENTED_EDGE('',*,*,#3938,.F.);
#1928=ORIENTED_EDGE('',*,*,#3939,.F.);
#1929=ORIENTED_EDGE('',*,*,#3940,.T.);
#1930=ORIENTED_EDGE('',*,*,#3941,.F.);
#1931=ORIENTED_EDGE('',*,*,#3942,.F.);
#1932=ORIENTED_EDGE('',*,*,#3943,.T.);
#1933=ORIENTED_EDGE('',*,*,#3944,.T.);
#1934=ORIENTED_EDGE('',*,*,#3945,.T.);
#1935=ORIENTED_EDGE('',*,*,#3946,.T.);
#1936=ORIENTED_EDGE('',*,*,#3947,.F.);
#1937=ORIENTED_EDGE('',*,*,#3948,.F.);
#1938=ORIENTED_EDGE('',*,*,#3949,.T.);
#1939=ORIENTED_EDGE('',*,*,#3950,.F.);
#1940=ORIENTED_EDGE('',*,*,#3951,.F.);
#1941=ORIENTED_EDGE('',*,*,#3952,.T.);
#1942=ORIENTED_EDGE('',*,*,#3866,.T.);
#1943=ORIENTED_EDGE('',*,*,#3873,.T.);
#1944=ORIENTED_EDGE('',*,*,#3953,.T.);
#1945=ORIENTED_EDGE('',*,*,#3954,.T.);
#1946=ORIENTED_EDGE('',*,*,#3955,.T.);
#1947=ORIENTED_EDGE('',*,*,#3956,.T.);
#1948=ORIENTED_EDGE('',*,*,#3957,.T.);
#1949=ORIENTED_EDGE('',*,*,#3958,.T.);
#1950=ORIENTED_EDGE('',*,*,#3959,.T.);
#1951=ORIENTED_EDGE('',*,*,#3960,.T.);
#1952=ORIENTED_EDGE('',*,*,#3961,.T.);
#1953=ORIENTED_EDGE('',*,*,#3962,.T.);
#1954=ORIENTED_EDGE('',*,*,#3963,.T.);
#1955=ORIENTED_EDGE('',*,*,#3964,.T.);
#1956=ORIENTED_EDGE('',*,*,#3965,.T.);
#1957=ORIENTED_EDGE('',*,*,#3966,.T.);
#1958=ORIENTED_EDGE('',*,*,#3967,.T.);
#1959=ORIENTED_EDGE('',*,*,#3968,.T.);
#1960=ORIENTED_EDGE('',*,*,#3969,.T.);
#1961=ORIENTED_EDGE('',*,*,#3970,.T.);
#1962=ORIENTED_EDGE('',*,*,#3971,.T.);
#1963=ORIENTED_EDGE('',*,*,#3972,.T.);
#1964=ORIENTED_EDGE('',*,*,#3973,.T.);
#1965=ORIENTED_EDGE('',*,*,#3974,.T.);
#1966=ORIENTED_EDGE('',*,*,#3975,.T.);
#1967=ORIENTED_EDGE('',*,*,#3976,.T.);
#1968=ORIENTED_EDGE('',*,*,#3977,.T.);
#1969=ORIENTED_EDGE('',*,*,#3978,.T.);
#1970=ORIENTED_EDGE('',*,*,#3979,.T.);
#1971=ORIENTED_EDGE('',*,*,#3980,.T.);
#1972=ORIENTED_EDGE('',*,*,#3981,.T.);
#1973=ORIENTED_EDGE('',*,*,#3982,.T.);
#1974=ORIENTED_EDGE('',*,*,#3983,.T.);
#1975=ORIENTED_EDGE('',*,*,#3984,.T.);
#1976=ORIENTED_EDGE('',*,*,#3985,.T.);
#1977=ORIENTED_EDGE('',*,*,#3986,.T.);
#1978=ORIENTED_EDGE('',*,*,#3987,.T.);
#1979=ORIENTED_EDGE('',*,*,#3988,.T.);
#1980=ORIENTED_EDGE('',*,*,#3989,.T.);
#1981=ORIENTED_EDGE('',*,*,#3990,.T.);
#1982=ORIENTED_EDGE('',*,*,#3991,.T.);
#1983=ORIENTED_EDGE('',*,*,#3992,.T.);
#1984=ORIENTED_EDGE('',*,*,#3993,.T.);
#1985=ORIENTED_EDGE('',*,*,#3994,.T.);
#1986=ORIENTED_EDGE('',*,*,#3995,.T.);
#1987=ORIENTED_EDGE('',*,*,#3996,.T.);
#1988=ORIENTED_EDGE('',*,*,#3997,.T.);
#1989=ORIENTED_EDGE('',*,*,#3998,.T.);
#1990=ORIENTED_EDGE('',*,*,#3999,.T.);
#1991=ORIENTED_EDGE('',*,*,#3869,.T.);
#1992=ORIENTED_EDGE('',*,*,#4000,.T.);
#1993=ORIENTED_EDGE('',*,*,#4001,.T.);
#1994=ORIENTED_EDGE('',*,*,#4002,.F.);
#1995=ORIENTED_EDGE('',*,*,#4003,.F.);
#1996=ORIENTED_EDGE('',*,*,#4004,.F.);
#1997=ORIENTED_EDGE('',*,*,#4005,.F.);
#1998=ORIENTED_EDGE('',*,*,#4006,.T.);
#1999=ORIENTED_EDGE('',*,*,#4007,.T.);
#2000=ORIENTED_EDGE('',*,*,#4008,.F.);
#2001=ORIENTED_EDGE('',*,*,#4009,.T.);
#2002=ORIENTED_EDGE('',*,*,#4010,.T.);
#2003=ORIENTED_EDGE('',*,*,#4011,.F.);
#2004=ORIENTED_EDGE('',*,*,#4012,.F.);
#2005=ORIENTED_EDGE('',*,*,#4013,.F.);
#2006=ORIENTED_EDGE('',*,*,#4014,.T.);
#2007=ORIENTED_EDGE('',*,*,#4015,.T.);
#2008=ORIENTED_EDGE('',*,*,#4016,.F.);
#2009=ORIENTED_EDGE('',*,*,#4017,.T.);
#2010=ORIENTED_EDGE('',*,*,#4018,.T.);
#2011=ORIENTED_EDGE('',*,*,#4019,.F.);
#2012=ORIENTED_EDGE('',*,*,#4020,.F.);
#2013=ORIENTED_EDGE('',*,*,#4021,.F.);
#2014=ORIENTED_EDGE('',*,*,#4022,.T.);
#2015=ORIENTED_EDGE('',*,*,#4023,.T.);
#2016=ORIENTED_EDGE('',*,*,#4024,.T.);
#2017=ORIENTED_EDGE('',*,*,#4025,.T.);
#2018=ORIENTED_EDGE('',*,*,#4026,.F.);
#2019=ORIENTED_EDGE('',*,*,#4027,.F.);
#2020=ORIENTED_EDGE('',*,*,#4028,.F.);
#2021=ORIENTED_EDGE('',*,*,#4029,.T.);
#2022=ORIENTED_EDGE('',*,*,#4030,.T.);
#2023=ORIENTED_EDGE('',*,*,#4031,.F.);
#2024=ORIENTED_EDGE('',*,*,#3874,.T.);
#2025=ORIENTED_EDGE('',*,*,#3870,.T.);
#2026=ORIENTED_EDGE('',*,*,#3999,.F.);
#2027=ORIENTED_EDGE('',*,*,#4032,.F.);
#2028=ORIENTED_EDGE('',*,*,#3920,.T.);
#2029=ORIENTED_EDGE('',*,*,#4033,.T.);
#2030=ORIENTED_EDGE('',*,*,#3953,.F.);
#2031=ORIENTED_EDGE('',*,*,#3872,.F.);
#2032=ORIENTED_EDGE('',*,*,#3875,.T.);
#2033=ORIENTED_EDGE('',*,*,#4032,.T.);
#2034=ORIENTED_EDGE('',*,*,#3998,.F.);
#2035=ORIENTED_EDGE('',*,*,#4034,.F.);
#2036=ORIENTED_EDGE('',*,*,#3919,.T.);
#2037=ORIENTED_EDGE('',*,*,#4035,.T.);
#2038=ORIENTED_EDGE('',*,*,#3954,.F.);
#2039=ORIENTED_EDGE('',*,*,#4033,.F.);
#2040=ORIENTED_EDGE('',*,*,#3876,.T.);
#2041=ORIENTED_EDGE('',*,*,#4034,.T.);
#2042=ORIENTED_EDGE('',*,*,#3997,.F.);
#2043=ORIENTED_EDGE('',*,*,#4036,.F.);
#2044=ORIENTED_EDGE('',*,*,#3918,.T.);
#2045=ORIENTED_EDGE('',*,*,#4037,.T.);
#2046=ORIENTED_EDGE('',*,*,#3955,.F.);
#2047=ORIENTED_EDGE('',*,*,#4035,.F.);
#2048=ORIENTED_EDGE('',*,*,#3877,.T.);
#2049=ORIENTED_EDGE('',*,*,#4036,.T.);
#2050=ORIENTED_EDGE('',*,*,#3996,.F.);
#2051=ORIENTED_EDGE('',*,*,#4038,.F.);
#2052=ORIENTED_EDGE('',*,*,#3917,.T.);
#2053=ORIENTED_EDGE('',*,*,#4039,.T.);
#2054=ORIENTED_EDGE('',*,*,#3956,.F.);
#2055=ORIENTED_EDGE('',*,*,#4037,.F.);
#2056=ORIENTED_EDGE('',*,*,#3878,.T.);
#2057=ORIENTED_EDGE('',*,*,#4038,.T.);
#2058=ORIENTED_EDGE('',*,*,#3995,.F.);
#2059=ORIENTED_EDGE('',*,*,#4040,.F.);
#2060=ORIENTED_EDGE('',*,*,#3916,.T.);
#2061=ORIENTED_EDGE('',*,*,#4041,.T.);
#2062=ORIENTED_EDGE('',*,*,#3957,.F.);
#2063=ORIENTED_EDGE('',*,*,#4039,.F.);
#2064=ORIENTED_EDGE('',*,*,#3879,.T.);
#2065=ORIENTED_EDGE('',*,*,#4040,.T.);
#2066=ORIENTED_EDGE('',*,*,#3994,.F.);
#2067=ORIENTED_EDGE('',*,*,#4042,.F.);
#2068=ORIENTED_EDGE('',*,*,#3915,.T.);
#2069=ORIENTED_EDGE('',*,*,#4043,.T.);
#2070=ORIENTED_EDGE('',*,*,#3958,.F.);
#2071=ORIENTED_EDGE('',*,*,#4041,.F.);
#2072=ORIENTED_EDGE('',*,*,#3880,.T.);
#2073=ORIENTED_EDGE('',*,*,#4042,.T.);
#2074=ORIENTED_EDGE('',*,*,#3993,.F.);
#2075=ORIENTED_EDGE('',*,*,#4044,.F.);
#2076=ORIENTED_EDGE('',*,*,#3914,.T.);
#2077=ORIENTED_EDGE('',*,*,#4045,.T.);
#2078=ORIENTED_EDGE('',*,*,#3959,.F.);
#2079=ORIENTED_EDGE('',*,*,#4043,.F.);
#2080=ORIENTED_EDGE('',*,*,#3881,.T.);
#2081=ORIENTED_EDGE('',*,*,#4044,.T.);
#2082=ORIENTED_EDGE('',*,*,#3992,.F.);
#2083=ORIENTED_EDGE('',*,*,#4046,.F.);
#2084=ORIENTED_EDGE('',*,*,#3913,.T.);
#2085=ORIENTED_EDGE('',*,*,#4047,.T.);
#2086=ORIENTED_EDGE('',*,*,#3960,.F.);
#2087=ORIENTED_EDGE('',*,*,#4045,.F.);
#2088=ORIENTED_EDGE('',*,*,#3882,.T.);
#2089=ORIENTED_EDGE('',*,*,#4046,.T.);
#2090=ORIENTED_EDGE('',*,*,#3991,.F.);
#2091=ORIENTED_EDGE('',*,*,#4048,.F.);
#2092=ORIENTED_EDGE('',*,*,#3912,.T.);
#2093=ORIENTED_EDGE('',*,*,#4049,.T.);
#2094=ORIENTED_EDGE('',*,*,#3961,.F.);
#2095=ORIENTED_EDGE('',*,*,#4047,.F.);
#2096=ORIENTED_EDGE('',*,*,#3883,.T.);
#2097=ORIENTED_EDGE('',*,*,#4048,.T.);
#2098=ORIENTED_EDGE('',*,*,#3990,.F.);
#2099=ORIENTED_EDGE('',*,*,#4050,.F.);
#2100=ORIENTED_EDGE('',*,*,#3911,.T.);
#2101=ORIENTED_EDGE('',*,*,#4051,.T.);
#2102=ORIENTED_EDGE('',*,*,#3962,.F.);
#2103=ORIENTED_EDGE('',*,*,#4049,.F.);
#2104=ORIENTED_EDGE('',*,*,#3884,.T.);
#2105=ORIENTED_EDGE('',*,*,#4050,.T.);
#2106=ORIENTED_EDGE('',*,*,#3989,.F.);
#2107=ORIENTED_EDGE('',*,*,#4052,.F.);
#2108=ORIENTED_EDGE('',*,*,#3910,.T.);
#2109=ORIENTED_EDGE('',*,*,#4053,.T.);
#2110=ORIENTED_EDGE('',*,*,#3963,.F.);
#2111=ORIENTED_EDGE('',*,*,#4051,.F.);
#2112=ORIENTED_EDGE('',*,*,#3885,.T.);
#2113=ORIENTED_EDGE('',*,*,#4052,.T.);
#2114=ORIENTED_EDGE('',*,*,#3988,.F.);
#2115=ORIENTED_EDGE('',*,*,#4054,.F.);
#2116=ORIENTED_EDGE('',*,*,#3909,.T.);
#2117=ORIENTED_EDGE('',*,*,#4055,.T.);
#2118=ORIENTED_EDGE('',*,*,#3964,.F.);
#2119=ORIENTED_EDGE('',*,*,#4053,.F.);
#2120=ORIENTED_EDGE('',*,*,#3886,.T.);
#2121=ORIENTED_EDGE('',*,*,#4054,.T.);
#2122=ORIENTED_EDGE('',*,*,#3987,.F.);
#2123=ORIENTED_EDGE('',*,*,#4056,.F.);
#2124=ORIENTED_EDGE('',*,*,#3908,.T.);
#2125=ORIENTED_EDGE('',*,*,#4057,.T.);
#2126=ORIENTED_EDGE('',*,*,#3965,.F.);
#2127=ORIENTED_EDGE('',*,*,#4055,.F.);
#2128=ORIENTED_EDGE('',*,*,#3887,.T.);
#2129=ORIENTED_EDGE('',*,*,#4056,.T.);
#2130=ORIENTED_EDGE('',*,*,#3986,.F.);
#2131=ORIENTED_EDGE('',*,*,#4058,.F.);
#2132=ORIENTED_EDGE('',*,*,#3907,.T.);
#2133=ORIENTED_EDGE('',*,*,#4059,.T.);
#2134=ORIENTED_EDGE('',*,*,#3966,.F.);
#2135=ORIENTED_EDGE('',*,*,#4057,.F.);
#2136=ORIENTED_EDGE('',*,*,#3888,.T.);
#2137=ORIENTED_EDGE('',*,*,#4058,.T.);
#2138=ORIENTED_EDGE('',*,*,#3985,.F.);
#2139=ORIENTED_EDGE('',*,*,#4060,.F.);
#2140=ORIENTED_EDGE('',*,*,#3906,.T.);
#2141=ORIENTED_EDGE('',*,*,#4061,.T.);
#2142=ORIENTED_EDGE('',*,*,#3967,.F.);
#2143=ORIENTED_EDGE('',*,*,#4059,.F.);
#2144=ORIENTED_EDGE('',*,*,#3889,.T.);
#2145=ORIENTED_EDGE('',*,*,#4060,.T.);
#2146=ORIENTED_EDGE('',*,*,#3984,.F.);
#2147=ORIENTED_EDGE('',*,*,#4062,.F.);
#2148=ORIENTED_EDGE('',*,*,#3905,.T.);
#2149=ORIENTED_EDGE('',*,*,#4063,.T.);
#2150=ORIENTED_EDGE('',*,*,#3968,.F.);
#2151=ORIENTED_EDGE('',*,*,#4061,.F.);
#2152=ORIENTED_EDGE('',*,*,#3890,.T.);
#2153=ORIENTED_EDGE('',*,*,#4062,.T.);
#2154=ORIENTED_EDGE('',*,*,#3983,.F.);
#2155=ORIENTED_EDGE('',*,*,#4064,.F.);
#2156=ORIENTED_EDGE('',*,*,#3904,.T.);
#2157=ORIENTED_EDGE('',*,*,#4065,.T.);
#2158=ORIENTED_EDGE('',*,*,#3969,.F.);
#2159=ORIENTED_EDGE('',*,*,#4063,.F.);
#2160=ORIENTED_EDGE('',*,*,#3891,.T.);
#2161=ORIENTED_EDGE('',*,*,#4064,.T.);
#2162=ORIENTED_EDGE('',*,*,#3982,.F.);
#2163=ORIENTED_EDGE('',*,*,#4066,.F.);
#2164=ORIENTED_EDGE('',*,*,#3903,.T.);
#2165=ORIENTED_EDGE('',*,*,#4067,.T.);
#2166=ORIENTED_EDGE('',*,*,#3970,.F.);
#2167=ORIENTED_EDGE('',*,*,#4065,.F.);
#2168=ORIENTED_EDGE('',*,*,#3892,.T.);
#2169=ORIENTED_EDGE('',*,*,#4066,.T.);
#2170=ORIENTED_EDGE('',*,*,#3981,.F.);
#2171=ORIENTED_EDGE('',*,*,#4068,.F.);
#2172=ORIENTED_EDGE('',*,*,#3902,.T.);
#2173=ORIENTED_EDGE('',*,*,#4069,.T.);
#2174=ORIENTED_EDGE('',*,*,#3971,.F.);
#2175=ORIENTED_EDGE('',*,*,#4067,.F.);
#2176=ORIENTED_EDGE('',*,*,#3893,.T.);
#2177=ORIENTED_EDGE('',*,*,#4068,.T.);
#2178=ORIENTED_EDGE('',*,*,#3980,.F.);
#2179=ORIENTED_EDGE('',*,*,#4070,.F.);
#2180=ORIENTED_EDGE('',*,*,#3901,.T.);
#2181=ORIENTED_EDGE('',*,*,#4071,.T.);
#2182=ORIENTED_EDGE('',*,*,#3972,.F.);
#2183=ORIENTED_EDGE('',*,*,#4069,.F.);
#2184=ORIENTED_EDGE('',*,*,#3894,.T.);
#2185=ORIENTED_EDGE('',*,*,#4070,.T.);
#2186=ORIENTED_EDGE('',*,*,#3979,.F.);
#2187=ORIENTED_EDGE('',*,*,#4072,.F.);
#2188=ORIENTED_EDGE('',*,*,#3900,.T.);
#2189=ORIENTED_EDGE('',*,*,#4073,.T.);
#2190=ORIENTED_EDGE('',*,*,#3973,.F.);
#2191=ORIENTED_EDGE('',*,*,#4071,.F.);
#2192=ORIENTED_EDGE('',*,*,#3895,.T.);
#2193=ORIENTED_EDGE('',*,*,#4072,.T.);
#2194=ORIENTED_EDGE('',*,*,#3978,.F.);
#2195=ORIENTED_EDGE('',*,*,#4074,.F.);
#2196=ORIENTED_EDGE('',*,*,#3899,.T.);
#2197=ORIENTED_EDGE('',*,*,#4075,.T.);
#2198=ORIENTED_EDGE('',*,*,#3974,.F.);
#2199=ORIENTED_EDGE('',*,*,#4073,.F.);
#2200=ORIENTED_EDGE('',*,*,#3896,.T.);
#2201=ORIENTED_EDGE('',*,*,#4074,.T.);
#2202=ORIENTED_EDGE('',*,*,#3977,.F.);
#2203=ORIENTED_EDGE('',*,*,#4076,.F.);
#2204=ORIENTED_EDGE('',*,*,#3898,.T.);
#2205=ORIENTED_EDGE('',*,*,#4077,.T.);
#2206=ORIENTED_EDGE('',*,*,#3975,.F.);
#2207=ORIENTED_EDGE('',*,*,#4075,.F.);
#2208=ORIENTED_EDGE('',*,*,#3897,.T.);
#2209=ORIENTED_EDGE('',*,*,#4076,.T.);
#2210=ORIENTED_EDGE('',*,*,#3976,.F.);
#2211=ORIENTED_EDGE('',*,*,#4077,.F.);
#2212=ORIENTED_EDGE('',*,*,#3924,.T.);
#2213=ORIENTED_EDGE('',*,*,#4078,.F.);
#2214=ORIENTED_EDGE('',*,*,#4079,.T.);
#2215=ORIENTED_EDGE('',*,*,#4080,.T.);
#2216=ORIENTED_EDGE('',*,*,#4080,.F.);
#2217=ORIENTED_EDGE('',*,*,#4081,.T.);
#2218=ORIENTED_EDGE('',*,*,#4082,.T.);
#2219=ORIENTED_EDGE('',*,*,#3921,.F.);
#2220=ORIENTED_EDGE('',*,*,#4082,.F.);
#2221=ORIENTED_EDGE('',*,*,#4083,.F.);
#2222=ORIENTED_EDGE('',*,*,#4084,.T.);
#2223=ORIENTED_EDGE('',*,*,#3922,.F.);
#2224=ORIENTED_EDGE('',*,*,#3923,.T.);
#2225=ORIENTED_EDGE('',*,*,#4084,.F.);
#2226=ORIENTED_EDGE('',*,*,#4085,.F.);
#2227=ORIENTED_EDGE('',*,*,#4078,.T.);
#2228=ORIENTED_EDGE('',*,*,#4086,.F.);
#2229=ORIENTED_EDGE('',*,*,#4087,.F.);
#2230=ORIENTED_EDGE('',*,*,#4088,.T.);
#2231=ORIENTED_EDGE('',*,*,#3928,.F.);
#2232=ORIENTED_EDGE('',*,*,#3925,.T.);
#2233=ORIENTED_EDGE('',*,*,#4088,.F.);
#2234=ORIENTED_EDGE('',*,*,#4089,.F.);
#2235=ORIENTED_EDGE('',*,*,#4090,.T.);
#2236=ORIENTED_EDGE('',*,*,#3926,.T.);
#2237=ORIENTED_EDGE('',*,*,#4090,.F.);
#2238=ORIENTED_EDGE('',*,*,#4091,.T.);
#2239=ORIENTED_EDGE('',*,*,#4092,.T.);
#2240=ORIENTED_EDGE('',*,*,#4092,.F.);
#2241=ORIENTED_EDGE('',*,*,#4093,.T.);
#2242=ORIENTED_EDGE('',*,*,#4086,.T.);
#2243=ORIENTED_EDGE('',*,*,#3927,.F.);
#2244=ORIENTED_EDGE('',*,*,#4094,.F.);
#2245=ORIENTED_EDGE('',*,*,#4095,.T.);
#2246=ORIENTED_EDGE('',*,*,#4096,.T.);
#2247=ORIENTED_EDGE('',*,*,#3932,.F.);
#2248=ORIENTED_EDGE('',*,*,#4096,.F.);
#2249=ORIENTED_EDGE('',*,*,#4097,.F.);
#2250=ORIENTED_EDGE('',*,*,#4098,.T.);
#2251=ORIENTED_EDGE('',*,*,#3929,.F.);
#2252=ORIENTED_EDGE('',*,*,#3930,.T.);
#2253=ORIENTED_EDGE('',*,*,#4098,.F.);
#2254=ORIENTED_EDGE('',*,*,#4099,.F.);
#2255=ORIENTED_EDGE('',*,*,#4100,.T.);
#2256=ORIENTED_EDGE('',*,*,#3931,.T.);
#2257=ORIENTED_EDGE('',*,*,#4100,.F.);
#2258=ORIENTED_EDGE('',*,*,#4101,.T.);
#2259=ORIENTED_EDGE('',*,*,#4094,.T.);
#2260=ORIENTED_EDGE('',*,*,#4102,.F.);
#2261=ORIENTED_EDGE('',*,*,#4103,.F.);
#2262=ORIENTED_EDGE('',*,*,#4104,.T.);
#2263=ORIENTED_EDGE('',*,*,#3936,.F.);
#2264=ORIENTED_EDGE('',*,*,#3933,.T.);
#2265=ORIENTED_EDGE('',*,*,#4104,.F.);
#2266=ORIENTED_EDGE('',*,*,#4105,.F.);
#2267=ORIENTED_EDGE('',*,*,#4106,.T.);
#2268=ORIENTED_EDGE('',*,*,#3934,.T.);
#2269=ORIENTED_EDGE('',*,*,#4106,.F.);
#2270=ORIENTED_EDGE('',*,*,#4107,.T.);
#2271=ORIENTED_EDGE('',*,*,#4108,.T.);
#2272=ORIENTED_EDGE('',*,*,#4108,.F.);
#2273=ORIENTED_EDGE('',*,*,#4109,.T.);
#2274=ORIENTED_EDGE('',*,*,#4102,.T.);
#2275=ORIENTED_EDGE('',*,*,#3935,.F.);
#2276=ORIENTED_EDGE('',*,*,#4110,.F.);
#2277=ORIENTED_EDGE('',*,*,#4111,.T.);
#2278=ORIENTED_EDGE('',*,*,#4112,.T.);
#2279=ORIENTED_EDGE('',*,*,#3940,.F.);
#2280=ORIENTED_EDGE('',*,*,#4112,.F.);
#2281=ORIENTED_EDGE('',*,*,#4113,.F.);
#2282=ORIENTED_EDGE('',*,*,#4114,.T.);
#2283=ORIENTED_EDGE('',*,*,#3937,.F.);
#2284=ORIENTED_EDGE('',*,*,#3938,.T.);
#2285=ORIENTED_EDGE('',*,*,#4114,.F.);
#2286=ORIENTED_EDGE('',*,*,#4115,.F.);
#2287=ORIENTED_EDGE('',*,*,#4116,.T.);
#2288=ORIENTED_EDGE('',*,*,#3939,.T.);
#2289=ORIENTED_EDGE('',*,*,#4116,.F.);
#2290=ORIENTED_EDGE('',*,*,#4117,.T.);
#2291=ORIENTED_EDGE('',*,*,#4110,.T.);
#2292=ORIENTED_EDGE('',*,*,#4118,.F.);
#2293=ORIENTED_EDGE('',*,*,#4119,.F.);
#2294=ORIENTED_EDGE('',*,*,#4120,.T.);
#2295=ORIENTED_EDGE('',*,*,#3944,.F.);
#2296=ORIENTED_EDGE('',*,*,#3941,.T.);
#2297=ORIENTED_EDGE('',*,*,#4120,.F.);
#2298=ORIENTED_EDGE('',*,*,#4121,.F.);
#2299=ORIENTED_EDGE('',*,*,#4122,.T.);
#2300=ORIENTED_EDGE('',*,*,#3942,.T.);
#2301=ORIENTED_EDGE('',*,*,#4122,.F.);
#2302=ORIENTED_EDGE('',*,*,#4123,.T.);
#2303=ORIENTED_EDGE('',*,*,#4124,.T.);
#2304=ORIENTED_EDGE('',*,*,#4124,.F.);
#2305=ORIENTED_EDGE('',*,*,#4125,.T.);
#2306=ORIENTED_EDGE('',*,*,#4118,.T.);
#2307=ORIENTED_EDGE('',*,*,#3943,.F.);
#2308=ORIENTED_EDGE('',*,*,#3948,.T.);
#2309=ORIENTED_EDGE('',*,*,#4126,.F.);
#2310=ORIENTED_EDGE('',*,*,#4127,.T.);
#2311=ORIENTED_EDGE('',*,*,#4128,.T.);
#2312=ORIENTED_EDGE('',*,*,#4128,.F.);
#2313=ORIENTED_EDGE('',*,*,#4129,.T.);
#2314=ORIENTED_EDGE('',*,*,#4130,.T.);
#2315=ORIENTED_EDGE('',*,*,#3945,.F.);
#2316=ORIENTED_EDGE('',*,*,#4130,.F.);
#2317=ORIENTED_EDGE('',*,*,#4131,.F.);
#2318=ORIENTED_EDGE('',*,*,#4132,.T.);
#2319=ORIENTED_EDGE('',*,*,#3946,.F.);
#2320=ORIENTED_EDGE('',*,*,#3947,.T.);
#2321=ORIENTED_EDGE('',*,*,#4132,.F.);
#2322=ORIENTED_EDGE('',*,*,#4133,.F.);
#2323=ORIENTED_EDGE('',*,*,#4126,.T.);
#2324=ORIENTED_EDGE('',*,*,#4134,.F.);
#2325=ORIENTED_EDGE('',*,*,#4135,.T.);
#2326=ORIENTED_EDGE('',*,*,#4136,.T.);
#2327=ORIENTED_EDGE('',*,*,#3952,.F.);
#2328=ORIENTED_EDGE('',*,*,#4136,.F.);
#2329=ORIENTED_EDGE('',*,*,#4137,.F.);
#2330=ORIENTED_EDGE('',*,*,#4138,.T.);
#2331=ORIENTED_EDGE('',*,*,#3949,.F.);
#2332=ORIENTED_EDGE('',*,*,#3950,.T.);
#2333=ORIENTED_EDGE('',*,*,#4138,.F.);
#2334=ORIENTED_EDGE('',*,*,#4139,.F.);
#2335=ORIENTED_EDGE('',*,*,#4140,.T.);
#2336=ORIENTED_EDGE('',*,*,#3951,.T.);
#2337=ORIENTED_EDGE('',*,*,#4140,.F.);
#2338=ORIENTED_EDGE('',*,*,#4141,.T.);
#2339=ORIENTED_EDGE('',*,*,#4134,.T.);
#2340=ORIENTED_EDGE('',*,*,#4142,.F.);
#2341=ORIENTED_EDGE('',*,*,#4143,.F.);
#2342=ORIENTED_EDGE('',*,*,#4000,.F.);
#2343=ORIENTED_EDGE('',*,*,#4144,.T.);
#2344=ORIENTED_EDGE('',*,*,#4144,.F.);
#2345=ORIENTED_EDGE('',*,*,#4003,.T.);
#2346=ORIENTED_EDGE('',*,*,#4145,.T.);
#2347=ORIENTED_EDGE('',*,*,#4146,.F.);
#2348=ORIENTED_EDGE('',*,*,#4145,.F.);
#2349=ORIENTED_EDGE('',*,*,#4002,.T.);
#2350=ORIENTED_EDGE('',*,*,#4147,.T.);
#2351=ORIENTED_EDGE('',*,*,#4148,.T.);
#2352=ORIENTED_EDGE('',*,*,#4149,.T.);
#2353=ORIENTED_EDGE('',*,*,#4147,.F.);
#2354=ORIENTED_EDGE('',*,*,#4001,.F.);
#2355=ORIENTED_EDGE('',*,*,#4143,.T.);
#2356=ORIENTED_EDGE('',*,*,#4150,.F.);
#2357=ORIENTED_EDGE('',*,*,#4004,.T.);
#2358=ORIENTED_EDGE('',*,*,#4151,.T.);
#2359=ORIENTED_EDGE('',*,*,#4152,.T.);
#2360=ORIENTED_EDGE('',*,*,#4153,.T.);
#2361=ORIENTED_EDGE('',*,*,#4151,.F.);
#2362=ORIENTED_EDGE('',*,*,#4007,.F.);
#2363=ORIENTED_EDGE('',*,*,#4154,.T.);
#2364=ORIENTED_EDGE('',*,*,#4155,.F.);
#2365=ORIENTED_EDGE('',*,*,#4154,.F.);
#2366=ORIENTED_EDGE('',*,*,#4006,.F.);
#2367=ORIENTED_EDGE('',*,*,#4156,.T.);
#2368=ORIENTED_EDGE('',*,*,#4156,.F.);
#2369=ORIENTED_EDGE('',*,*,#4005,.T.);
#2370=ORIENTED_EDGE('',*,*,#4150,.T.);
#2371=ORIENTED_EDGE('',*,*,#4157,.F.);
#2372=ORIENTED_EDGE('',*,*,#4158,.F.);
#2373=ORIENTED_EDGE('',*,*,#4008,.T.);
#2374=ORIENTED_EDGE('',*,*,#4159,.T.);
#2375=ORIENTED_EDGE('',*,*,#4160,.F.);
#2376=ORIENTED_EDGE('',*,*,#4159,.F.);
#2377=ORIENTED_EDGE('',*,*,#4011,.T.);
#2378=ORIENTED_EDGE('',*,*,#4161,.T.);
#2379=ORIENTED_EDGE('',*,*,#4162,.T.);
#2380=ORIENTED_EDGE('',*,*,#4163,.T.);
#2381=ORIENTED_EDGE('',*,*,#4161,.F.);
#2382=ORIENTED_EDGE('',*,*,#4010,.F.);
#2383=ORIENTED_EDGE('',*,*,#4164,.T.);
#2384=ORIENTED_EDGE('',*,*,#4165,.F.);
#2385=ORIENTED_EDGE('',*,*,#4164,.F.);
#2386=ORIENTED_EDGE('',*,*,#4009,.F.);
#2387=ORIENTED_EDGE('',*,*,#4158,.T.);
#2388=ORIENTED_EDGE('',*,*,#4166,.F.);
#2389=ORIENTED_EDGE('',*,*,#4012,.T.);
#2390=ORIENTED_EDGE('',*,*,#4167,.T.);
#2391=ORIENTED_EDGE('',*,*,#4168,.T.);
#2392=ORIENTED_EDGE('',*,*,#4169,.T.);
#2393=ORIENTED_EDGE('',*,*,#4167,.F.);
#2394=ORIENTED_EDGE('',*,*,#4015,.F.);
#2395=ORIENTED_EDGE('',*,*,#4170,.T.);
#2396=ORIENTED_EDGE('',*,*,#4171,.F.);
#2397=ORIENTED_EDGE('',*,*,#4170,.F.);
#2398=ORIENTED_EDGE('',*,*,#4014,.F.);
#2399=ORIENTED_EDGE('',*,*,#4172,.T.);
#2400=ORIENTED_EDGE('',*,*,#4172,.F.);
#2401=ORIENTED_EDGE('',*,*,#4013,.T.);
#2402=ORIENTED_EDGE('',*,*,#4166,.T.);
#2403=ORIENTED_EDGE('',*,*,#4173,.F.);
#2404=ORIENTED_EDGE('',*,*,#4174,.F.);
#2405=ORIENTED_EDGE('',*,*,#4016,.T.);
#2406=ORIENTED_EDGE('',*,*,#4175,.T.);
#2407=ORIENTED_EDGE('',*,*,#4176,.F.);
#2408=ORIENTED_EDGE('',*,*,#4175,.F.);
#2409=ORIENTED_EDGE('',*,*,#4019,.T.);
#2410=ORIENTED_EDGE('',*,*,#4177,.T.);
#2411=ORIENTED_EDGE('',*,*,#4178,.T.);
#2412=ORIENTED_EDGE('',*,*,#4179,.T.);
#2413=ORIENTED_EDGE('',*,*,#4177,.F.);
#2414=ORIENTED_EDGE('',*,*,#4018,.F.);
#2415=ORIENTED_EDGE('',*,*,#4180,.T.);
#2416=ORIENTED_EDGE('',*,*,#4181,.F.);
#2417=ORIENTED_EDGE('',*,*,#4180,.F.);
#2418=ORIENTED_EDGE('',*,*,#4017,.F.);
#2419=ORIENTED_EDGE('',*,*,#4174,.T.);
#2420=ORIENTED_EDGE('',*,*,#4182,.F.);
#2421=ORIENTED_EDGE('',*,*,#4020,.T.);
#2422=ORIENTED_EDGE('',*,*,#4183,.T.);
#2423=ORIENTED_EDGE('',*,*,#4184,.T.);
#2424=ORIENTED_EDGE('',*,*,#4185,.T.);
#2425=ORIENTED_EDGE('',*,*,#4183,.F.);
#2426=ORIENTED_EDGE('',*,*,#4023,.F.);
#2427=ORIENTED_EDGE('',*,*,#4186,.T.);
#2428=ORIENTED_EDGE('',*,*,#4187,.F.);
#2429=ORIENTED_EDGE('',*,*,#4186,.F.);
#2430=ORIENTED_EDGE('',*,*,#4022,.F.);
#2431=ORIENTED_EDGE('',*,*,#4188,.T.);
#2432=ORIENTED_EDGE('',*,*,#4188,.F.);
#2433=ORIENTED_EDGE('',*,*,#4021,.T.);
#2434=ORIENTED_EDGE('',*,*,#4182,.T.);
#2435=ORIENTED_EDGE('',*,*,#4189,.F.);
#2436=ORIENTED_EDGE('',*,*,#4190,.F.);
#2437=ORIENTED_EDGE('',*,*,#4191,.F.);
#2438=ORIENTED_EDGE('',*,*,#4024,.F.);
#2439=ORIENTED_EDGE('',*,*,#4192,.T.);
#2440=ORIENTED_EDGE('',*,*,#4192,.F.);
#2441=ORIENTED_EDGE('',*,*,#4027,.T.);
#2442=ORIENTED_EDGE('',*,*,#4193,.T.);
#2443=ORIENTED_EDGE('',*,*,#4194,.F.);
#2444=ORIENTED_EDGE('',*,*,#4193,.F.);
#2445=ORIENTED_EDGE('',*,*,#4026,.T.);
#2446=ORIENTED_EDGE('',*,*,#4195,.T.);
#2447=ORIENTED_EDGE('',*,*,#4196,.T.);
#2448=ORIENTED_EDGE('',*,*,#4197,.T.);
#2449=ORIENTED_EDGE('',*,*,#4195,.F.);
#2450=ORIENTED_EDGE('',*,*,#4025,.F.);
#2451=ORIENTED_EDGE('',*,*,#4191,.T.);
#2452=ORIENTED_EDGE('',*,*,#4198,.F.);
#2453=ORIENTED_EDGE('',*,*,#4028,.T.);
#2454=ORIENTED_EDGE('',*,*,#4199,.T.);
#2455=ORIENTED_EDGE('',*,*,#4200,.F.);
#2456=ORIENTED_EDGE('',*,*,#4199,.F.);
#2457=ORIENTED_EDGE('',*,*,#4031,.T.);
#2458=ORIENTED_EDGE('',*,*,#4201,.T.);
#2459=ORIENTED_EDGE('',*,*,#4202,.T.);
#2460=ORIENTED_EDGE('',*,*,#4203,.T.);
#2461=ORIENTED_EDGE('',*,*,#4201,.F.);
#2462=ORIENTED_EDGE('',*,*,#4030,.F.);
#2463=ORIENTED_EDGE('',*,*,#4204,.T.);
#2464=ORIENTED_EDGE('',*,*,#4205,.F.);
#2465=ORIENTED_EDGE('',*,*,#4204,.F.);
#2466=ORIENTED_EDGE('',*,*,#4029,.F.);
#2467=ORIENTED_EDGE('',*,*,#4198,.T.);
#2468=ORIENTED_EDGE('',*,*,#4206,.T.);
#2469=ORIENTED_EDGE('',*,*,#4207,.F.);
#2470=ORIENTED_EDGE('',*,*,#4079,.F.);
#2471=ORIENTED_EDGE('',*,*,#4208,.T.);
#2472=ORIENTED_EDGE('',*,*,#4209,.T.);
#2473=ORIENTED_EDGE('',*,*,#4210,.F.);
#2474=ORIENTED_EDGE('',*,*,#4081,.F.);
#2475=ORIENTED_EDGE('',*,*,#4207,.T.);
#2476=ORIENTED_EDGE('',*,*,#4211,.F.);
#2477=ORIENTED_EDGE('',*,*,#4083,.T.);
#2478=ORIENTED_EDGE('',*,*,#4210,.T.);
#2479=ORIENTED_EDGE('',*,*,#4212,.F.);
#2480=ORIENTED_EDGE('',*,*,#4208,.F.);
#2481=ORIENTED_EDGE('',*,*,#4085,.T.);
#2482=ORIENTED_EDGE('',*,*,#4211,.T.);
#2483=ORIENTED_EDGE('',*,*,#4213,.F.);
#2484=ORIENTED_EDGE('',*,*,#4214,.F.);
#2485=ORIENTED_EDGE('',*,*,#4087,.T.);
#2486=ORIENTED_EDGE('',*,*,#4215,.T.);
#2487=ORIENTED_EDGE('',*,*,#4216,.F.);
#2488=ORIENTED_EDGE('',*,*,#4217,.F.);
#2489=ORIENTED_EDGE('',*,*,#4089,.T.);
#2490=ORIENTED_EDGE('',*,*,#4214,.T.);
#2491=ORIENTED_EDGE('',*,*,#4218,.F.);
#2492=ORIENTED_EDGE('',*,*,#4219,.T.);
#2493=ORIENTED_EDGE('',*,*,#4220,.F.);
#2494=ORIENTED_EDGE('',*,*,#4091,.F.);
#2495=ORIENTED_EDGE('',*,*,#4217,.T.);
#2496=ORIENTED_EDGE('',*,*,#4221,.T.);
#2497=ORIENTED_EDGE('',*,*,#4215,.F.);
#2498=ORIENTED_EDGE('',*,*,#4093,.F.);
#2499=ORIENTED_EDGE('',*,*,#4220,.T.);
#2500=ORIENTED_EDGE('',*,*,#4222,.T.);
#2501=ORIENTED_EDGE('',*,*,#4223,.F.);
#2502=ORIENTED_EDGE('',*,*,#4095,.F.);
#2503=ORIENTED_EDGE('',*,*,#4224,.T.);
#2504=ORIENTED_EDGE('',*,*,#4225,.F.);
#2505=ORIENTED_EDGE('',*,*,#4097,.T.);
#2506=ORIENTED_EDGE('',*,*,#4223,.T.);
#2507=ORIENTED_EDGE('',*,*,#4226,.F.);
#2508=ORIENTED_EDGE('',*,*,#4227,.F.);
#2509=ORIENTED_EDGE('',*,*,#4099,.T.);
#2510=ORIENTED_EDGE('',*,*,#4225,.T.);
#2511=ORIENTED_EDGE('',*,*,#4228,.F.);
#2512=ORIENTED_EDGE('',*,*,#4229,.T.);
#2513=ORIENTED_EDGE('',*,*,#4224,.F.);
#2514=ORIENTED_EDGE('',*,*,#4101,.F.);
#2515=ORIENTED_EDGE('',*,*,#4227,.T.);
#2516=ORIENTED_EDGE('',*,*,#4230,.F.);
#2517=ORIENTED_EDGE('',*,*,#4103,.T.);
#2518=ORIENTED_EDGE('',*,*,#4231,.T.);
#2519=ORIENTED_EDGE('',*,*,#4232,.F.);
#2520=ORIENTED_EDGE('',*,*,#4233,.F.);
#2521=ORIENTED_EDGE('',*,*,#4105,.T.);
#2522=ORIENTED_EDGE('',*,*,#4230,.T.);
#2523=ORIENTED_EDGE('',*,*,#4234,.F.);
#2524=ORIENTED_EDGE('',*,*,#4235,.T.);
#2525=ORIENTED_EDGE('',*,*,#4236,.F.);
#2526=ORIENTED_EDGE('',*,*,#4107,.F.);
#2527=ORIENTED_EDGE('',*,*,#4233,.T.);
#2528=ORIENTED_EDGE('',*,*,#4237,.T.);
#2529=ORIENTED_EDGE('',*,*,#4231,.F.);
#2530=ORIENTED_EDGE('',*,*,#4109,.F.);
#2531=ORIENTED_EDGE('',*,*,#4236,.T.);
#2532=ORIENTED_EDGE('',*,*,#4238,.T.);
#2533=ORIENTED_EDGE('',*,*,#4239,.F.);
#2534=ORIENTED_EDGE('',*,*,#4111,.F.);
#2535=ORIENTED_EDGE('',*,*,#4240,.T.);
#2536=ORIENTED_EDGE('',*,*,#4241,.F.);
#2537=ORIENTED_EDGE('',*,*,#4113,.T.);
#2538=ORIENTED_EDGE('',*,*,#4239,.T.);
#2539=ORIENTED_EDGE('',*,*,#4242,.F.);
#2540=ORIENTED_EDGE('',*,*,#4243,.F.);
#2541=ORIENTED_EDGE('',*,*,#4115,.T.);
#2542=ORIENTED_EDGE('',*,*,#4241,.T.);
#2543=ORIENTED_EDGE('',*,*,#4244,.F.);
#2544=ORIENTED_EDGE('',*,*,#4245,.T.);
#2545=ORIENTED_EDGE('',*,*,#4240,.F.);
#2546=ORIENTED_EDGE('',*,*,#4117,.F.);
#2547=ORIENTED_EDGE('',*,*,#4243,.T.);
#2548=ORIENTED_EDGE('',*,*,#4246,.F.);
#2549=ORIENTED_EDGE('',*,*,#4119,.T.);
#2550=ORIENTED_EDGE('',*,*,#4247,.T.);
#2551=ORIENTED_EDGE('',*,*,#4248,.F.);
#2552=ORIENTED_EDGE('',*,*,#4249,.F.);
#2553=ORIENTED_EDGE('',*,*,#4121,.T.);
#2554=ORIENTED_EDGE('',*,*,#4246,.T.);
#2555=ORIENTED_EDGE('',*,*,#4250,.F.);
#2556=ORIENTED_EDGE('',*,*,#4251,.T.);
#2557=ORIENTED_EDGE('',*,*,#4252,.F.);
#2558=ORIENTED_EDGE('',*,*,#4123,.F.);
#2559=ORIENTED_EDGE('',*,*,#4249,.T.);
#2560=ORIENTED_EDGE('',*,*,#4253,.T.);
#2561=ORIENTED_EDGE('',*,*,#4247,.F.);
#2562=ORIENTED_EDGE('',*,*,#4125,.F.);
#2563=ORIENTED_EDGE('',*,*,#4252,.T.);
#2564=ORIENTED_EDGE('',*,*,#4254,.T.);
#2565=ORIENTED_EDGE('',*,*,#4255,.F.);
#2566=ORIENTED_EDGE('',*,*,#4127,.F.);
#2567=ORIENTED_EDGE('',*,*,#4256,.T.);
#2568=ORIENTED_EDGE('',*,*,#4257,.T.);
#2569=ORIENTED_EDGE('',*,*,#4258,.F.);
#2570=ORIENTED_EDGE('',*,*,#4129,.F.);
#2571=ORIENTED_EDGE('',*,*,#4255,.T.);
#2572=ORIENTED_EDGE('',*,*,#4259,.F.);
#2573=ORIENTED_EDGE('',*,*,#4131,.T.);
#2574=ORIENTED_EDGE('',*,*,#4258,.T.);
#2575=ORIENTED_EDGE('',*,*,#4260,.F.);
#2576=ORIENTED_EDGE('',*,*,#4256,.F.);
#2577=ORIENTED_EDGE('',*,*,#4133,.T.);
#2578=ORIENTED_EDGE('',*,*,#4259,.T.);
#2579=ORIENTED_EDGE('',*,*,#4261,.F.);
#2580=ORIENTED_EDGE('',*,*,#4262,.T.);
#2581=ORIENTED_EDGE('',*,*,#4263,.F.);
#2582=ORIENTED_EDGE('',*,*,#4135,.F.);
#2583=ORIENTED_EDGE('',*,*,#4264,.T.);
#2584=ORIENTED_EDGE('',*,*,#4265,.F.);
#2585=ORIENTED_EDGE('',*,*,#4137,.T.);
#2586=ORIENTED_EDGE('',*,*,#4263,.T.);
#2587=ORIENTED_EDGE('',*,*,#4266,.F.);
#2588=ORIENTED_EDGE('',*,*,#4267,.F.);
#2589=ORIENTED_EDGE('',*,*,#4139,.T.);
#2590=ORIENTED_EDGE('',*,*,#4265,.T.);
#2591=ORIENTED_EDGE('',*,*,#4268,.F.);
#2592=ORIENTED_EDGE('',*,*,#4269,.T.);
#2593=ORIENTED_EDGE('',*,*,#4264,.F.);
#2594=ORIENTED_EDGE('',*,*,#4141,.F.);
#2595=ORIENTED_EDGE('',*,*,#4267,.T.);
#2596=ORIENTED_EDGE('',*,*,#4270,.F.);
#2597=ORIENTED_EDGE('',*,*,#4142,.T.);
#2598=ORIENTED_EDGE('',*,*,#4271,.T.);
#2599=ORIENTED_EDGE('',*,*,#4272,.F.);
#2600=ORIENTED_EDGE('',*,*,#4271,.F.);
#2601=ORIENTED_EDGE('',*,*,#4146,.T.);
#2602=ORIENTED_EDGE('',*,*,#4273,.T.);
#2603=ORIENTED_EDGE('',*,*,#4274,.F.);
#2604=ORIENTED_EDGE('',*,*,#4275,.T.);
#2605=ORIENTED_EDGE('',*,*,#4273,.F.);
#2606=ORIENTED_EDGE('',*,*,#4148,.F.);
#2607=ORIENTED_EDGE('',*,*,#4276,.T.);
#2608=ORIENTED_EDGE('',*,*,#4277,.T.);
#2609=ORIENTED_EDGE('',*,*,#4276,.F.);
#2610=ORIENTED_EDGE('',*,*,#4149,.F.);
#2611=ORIENTED_EDGE('',*,*,#4270,.T.);
#2612=ORIENTED_EDGE('',*,*,#4278,.T.);
#2613=ORIENTED_EDGE('',*,*,#4279,.F.);
#2614=ORIENTED_EDGE('',*,*,#4152,.F.);
#2615=ORIENTED_EDGE('',*,*,#4280,.T.);
#2616=ORIENTED_EDGE('',*,*,#4281,.T.);
#2617=ORIENTED_EDGE('',*,*,#4280,.F.);
#2618=ORIENTED_EDGE('',*,*,#4153,.F.);
#2619=ORIENTED_EDGE('',*,*,#4282,.T.);
#2620=ORIENTED_EDGE('',*,*,#4282,.F.);
#2621=ORIENTED_EDGE('',*,*,#4155,.T.);
#2622=ORIENTED_EDGE('',*,*,#4283,.T.);
#2623=ORIENTED_EDGE('',*,*,#4284,.F.);
#2624=ORIENTED_EDGE('',*,*,#4283,.F.);
#2625=ORIENTED_EDGE('',*,*,#4157,.T.);
#2626=ORIENTED_EDGE('',*,*,#4279,.T.);
#2627=ORIENTED_EDGE('',*,*,#4285,.F.);
#2628=ORIENTED_EDGE('',*,*,#4286,.F.);
#2629=ORIENTED_EDGE('',*,*,#4160,.T.);
#2630=ORIENTED_EDGE('',*,*,#4287,.T.);
#2631=ORIENTED_EDGE('',*,*,#4288,.F.);
#2632=ORIENTED_EDGE('',*,*,#4289,.T.);
#2633=ORIENTED_EDGE('',*,*,#4287,.F.);
#2634=ORIENTED_EDGE('',*,*,#4162,.F.);
#2635=ORIENTED_EDGE('',*,*,#4290,.T.);
#2636=ORIENTED_EDGE('',*,*,#4291,.T.);
#2637=ORIENTED_EDGE('',*,*,#4290,.F.);
#2638=ORIENTED_EDGE('',*,*,#4163,.F.);
#2639=ORIENTED_EDGE('',*,*,#4292,.T.);
#2640=ORIENTED_EDGE('',*,*,#4292,.F.);
#2641=ORIENTED_EDGE('',*,*,#4165,.T.);
#2642=ORIENTED_EDGE('',*,*,#4286,.T.);
#2643=ORIENTED_EDGE('',*,*,#4293,.F.);
#2644=ORIENTED_EDGE('',*,*,#4294,.T.);
#2645=ORIENTED_EDGE('',*,*,#4295,.F.);
#2646=ORIENTED_EDGE('',*,*,#4168,.F.);
#2647=ORIENTED_EDGE('',*,*,#4296,.T.);
#2648=ORIENTED_EDGE('',*,*,#4297,.T.);
#2649=ORIENTED_EDGE('',*,*,#4296,.F.);
#2650=ORIENTED_EDGE('',*,*,#4169,.F.);
#2651=ORIENTED_EDGE('',*,*,#4298,.T.);
#2652=ORIENTED_EDGE('',*,*,#4298,.F.);
#2653=ORIENTED_EDGE('',*,*,#4171,.T.);
#2654=ORIENTED_EDGE('',*,*,#4299,.T.);
#2655=ORIENTED_EDGE('',*,*,#4300,.F.);
#2656=ORIENTED_EDGE('',*,*,#4299,.F.);
#2657=ORIENTED_EDGE('',*,*,#4173,.T.);
#2658=ORIENTED_EDGE('',*,*,#4295,.T.);
#2659=ORIENTED_EDGE('',*,*,#4301,.F.);
#2660=ORIENTED_EDGE('',*,*,#4302,.F.);
#2661=ORIENTED_EDGE('',*,*,#4176,.T.);
#2662=ORIENTED_EDGE('',*,*,#4303,.T.);
#2663=ORIENTED_EDGE('',*,*,#4304,.F.);
#2664=ORIENTED_EDGE('',*,*,#4305,.T.);
#2665=ORIENTED_EDGE('',*,*,#4303,.F.);
#2666=ORIENTED_EDGE('',*,*,#4178,.F.);
#2667=ORIENTED_EDGE('',*,*,#4306,.T.);
#2668=ORIENTED_EDGE('',*,*,#4307,.T.);
#2669=ORIENTED_EDGE('',*,*,#4306,.F.);
#2670=ORIENTED_EDGE('',*,*,#4179,.F.);
#2671=ORIENTED_EDGE('',*,*,#4308,.T.);
#2672=ORIENTED_EDGE('',*,*,#4308,.F.);
#2673=ORIENTED_EDGE('',*,*,#4181,.T.);
#2674=ORIENTED_EDGE('',*,*,#4302,.T.);
#2675=ORIENTED_EDGE('',*,*,#4309,.F.);
#2676=ORIENTED_EDGE('',*,*,#4310,.T.);
#2677=ORIENTED_EDGE('',*,*,#4311,.F.);
#2678=ORIENTED_EDGE('',*,*,#4184,.F.);
#2679=ORIENTED_EDGE('',*,*,#4312,.T.);
#2680=ORIENTED_EDGE('',*,*,#4313,.T.);
#2681=ORIENTED_EDGE('',*,*,#4312,.F.);
#2682=ORIENTED_EDGE('',*,*,#4185,.F.);
#2683=ORIENTED_EDGE('',*,*,#4314,.T.);
#2684=ORIENTED_EDGE('',*,*,#4314,.F.);
#2685=ORIENTED_EDGE('',*,*,#4187,.T.);
#2686=ORIENTED_EDGE('',*,*,#4315,.T.);
#2687=ORIENTED_EDGE('',*,*,#4316,.F.);
#2688=ORIENTED_EDGE('',*,*,#4315,.F.);
#2689=ORIENTED_EDGE('',*,*,#4189,.T.);
#2690=ORIENTED_EDGE('',*,*,#4311,.T.);
#2691=ORIENTED_EDGE('',*,*,#4317,.F.);
#2692=ORIENTED_EDGE('',*,*,#4318,.F.);
#2693=ORIENTED_EDGE('',*,*,#4190,.T.);
#2694=ORIENTED_EDGE('',*,*,#4319,.T.);
#2695=ORIENTED_EDGE('',*,*,#4320,.F.);
#2696=ORIENTED_EDGE('',*,*,#4319,.F.);
#2697=ORIENTED_EDGE('',*,*,#4194,.T.);
#2698=ORIENTED_EDGE('',*,*,#4321,.T.);
#2699=ORIENTED_EDGE('',*,*,#4322,.F.);
#2700=ORIENTED_EDGE('',*,*,#4323,.T.);
#2701=ORIENTED_EDGE('',*,*,#4321,.F.);
#2702=ORIENTED_EDGE('',*,*,#4196,.F.);
#2703=ORIENTED_EDGE('',*,*,#4324,.T.);
#2704=ORIENTED_EDGE('',*,*,#4325,.T.);
#2705=ORIENTED_EDGE('',*,*,#4324,.F.);
#2706=ORIENTED_EDGE('',*,*,#4197,.F.);
#2707=ORIENTED_EDGE('',*,*,#4318,.T.);
#2708=ORIENTED_EDGE('',*,*,#4326,.F.);
#2709=ORIENTED_EDGE('',*,*,#4200,.T.);
#2710=ORIENTED_EDGE('',*,*,#4327,.T.);
#2711=ORIENTED_EDGE('',*,*,#4328,.F.);
#2712=ORIENTED_EDGE('',*,*,#4329,.T.);
#2713=ORIENTED_EDGE('',*,*,#4327,.F.);
#2714=ORIENTED_EDGE('',*,*,#4202,.F.);
#2715=ORIENTED_EDGE('',*,*,#4330,.T.);
#2716=ORIENTED_EDGE('',*,*,#4331,.T.);
#2717=ORIENTED_EDGE('',*,*,#4330,.F.);
#2718=ORIENTED_EDGE('',*,*,#4203,.F.);
#2719=ORIENTED_EDGE('',*,*,#4332,.T.);
#2720=ORIENTED_EDGE('',*,*,#4332,.F.);
#2721=ORIENTED_EDGE('',*,*,#4205,.T.);
#2722=ORIENTED_EDGE('',*,*,#4326,.T.);
#2723=ORIENTED_EDGE('',*,*,#4333,.F.);
#2724=ORIENTED_EDGE('',*,*,#4213,.T.);
#2725=ORIENTED_EDGE('',*,*,#4212,.T.);
#2726=ORIENTED_EDGE('',*,*,#4209,.F.);
#2727=ORIENTED_EDGE('',*,*,#4206,.F.);
#2728=ORIENTED_EDGE('',*,*,#4218,.T.);
#2729=ORIENTED_EDGE('',*,*,#4216,.T.);
#2730=ORIENTED_EDGE('',*,*,#4221,.F.);
#2731=ORIENTED_EDGE('',*,*,#4219,.F.);
#2732=ORIENTED_EDGE('',*,*,#4228,.T.);
#2733=ORIENTED_EDGE('',*,*,#4226,.T.);
#2734=ORIENTED_EDGE('',*,*,#4222,.F.);
#2735=ORIENTED_EDGE('',*,*,#4229,.F.);
#2736=ORIENTED_EDGE('',*,*,#4234,.T.);
#2737=ORIENTED_EDGE('',*,*,#4232,.T.);
#2738=ORIENTED_EDGE('',*,*,#4237,.F.);
#2739=ORIENTED_EDGE('',*,*,#4235,.F.);
#2740=ORIENTED_EDGE('',*,*,#4244,.T.);
#2741=ORIENTED_EDGE('',*,*,#4242,.T.);
#2742=ORIENTED_EDGE('',*,*,#4238,.F.);
#2743=ORIENTED_EDGE('',*,*,#4245,.F.);
#2744=ORIENTED_EDGE('',*,*,#4250,.T.);
#2745=ORIENTED_EDGE('',*,*,#4248,.T.);
#2746=ORIENTED_EDGE('',*,*,#4253,.F.);
#2747=ORIENTED_EDGE('',*,*,#4251,.F.);
#2748=ORIENTED_EDGE('',*,*,#4261,.T.);
#2749=ORIENTED_EDGE('',*,*,#4260,.T.);
#2750=ORIENTED_EDGE('',*,*,#4257,.F.);
#2751=ORIENTED_EDGE('',*,*,#4254,.F.);
#2752=ORIENTED_EDGE('',*,*,#4268,.T.);
#2753=ORIENTED_EDGE('',*,*,#4266,.T.);
#2754=ORIENTED_EDGE('',*,*,#4262,.F.);
#2755=ORIENTED_EDGE('',*,*,#4269,.F.);
#2756=ORIENTED_EDGE('',*,*,#4272,.T.);
#2757=ORIENTED_EDGE('',*,*,#4274,.T.);
#2758=ORIENTED_EDGE('',*,*,#4275,.F.);
#2759=ORIENTED_EDGE('',*,*,#4277,.F.);
#2760=ORIENTED_EDGE('',*,*,#4284,.T.);
#2761=ORIENTED_EDGE('',*,*,#4285,.T.);
#2762=ORIENTED_EDGE('',*,*,#4278,.F.);
#2763=ORIENTED_EDGE('',*,*,#4281,.F.);
#2764=ORIENTED_EDGE('',*,*,#4293,.T.);
#2765=ORIENTED_EDGE('',*,*,#4288,.T.);
#2766=ORIENTED_EDGE('',*,*,#4289,.F.);
#2767=ORIENTED_EDGE('',*,*,#4291,.F.);
#2768=ORIENTED_EDGE('',*,*,#4300,.T.);
#2769=ORIENTED_EDGE('',*,*,#4301,.T.);
#2770=ORIENTED_EDGE('',*,*,#4294,.F.);
#2771=ORIENTED_EDGE('',*,*,#4297,.F.);
#2772=ORIENTED_EDGE('',*,*,#4309,.T.);
#2773=ORIENTED_EDGE('',*,*,#4304,.T.);
#2774=ORIENTED_EDGE('',*,*,#4305,.F.);
#2775=ORIENTED_EDGE('',*,*,#4307,.F.);
#2776=ORIENTED_EDGE('',*,*,#4316,.T.);
#2777=ORIENTED_EDGE('',*,*,#4317,.T.);
#2778=ORIENTED_EDGE('',*,*,#4310,.F.);
#2779=ORIENTED_EDGE('',*,*,#4313,.F.);
#2780=ORIENTED_EDGE('',*,*,#4320,.T.);
#2781=ORIENTED_EDGE('',*,*,#4322,.T.);
#2782=ORIENTED_EDGE('',*,*,#4323,.F.);
#2783=ORIENTED_EDGE('',*,*,#4325,.F.);
#2784=ORIENTED_EDGE('',*,*,#4333,.T.);
#2785=ORIENTED_EDGE('',*,*,#4328,.T.);
#2786=ORIENTED_EDGE('',*,*,#4329,.F.);
#2787=ORIENTED_EDGE('',*,*,#4331,.F.);
#2788=ORIENTED_EDGE('',*,*,#4334,.F.);
#2789=ORIENTED_EDGE('',*,*,#4335,.T.);
#2790=ORIENTED_EDGE('',*,*,#4336,.T.);
#2791=ORIENTED_EDGE('',*,*,#4334,.T.);
#2792=ORIENTED_EDGE('',*,*,#4337,.F.);
#2793=ORIENTED_EDGE('',*,*,#4336,.F.);
#2794=ORIENTED_EDGE('',*,*,#4338,.T.);
#2795=ORIENTED_EDGE('',*,*,#4337,.T.);
#2796=ORIENTED_EDGE('',*,*,#4339,.F.);
#2797=ORIENTED_EDGE('',*,*,#4338,.F.);
#2798=ORIENTED_EDGE('',*,*,#4335,.F.);
#2799=ORIENTED_EDGE('',*,*,#4339,.T.);
#2800=ORIENTED_EDGE('',*,*,#4340,.F.);
#2801=ORIENTED_EDGE('',*,*,#4341,.T.);
#2802=ORIENTED_EDGE('',*,*,#4341,.F.);
#2803=ORIENTED_EDGE('',*,*,#4342,.T.);
#2804=ORIENTED_EDGE('',*,*,#4340,.T.);
#2805=ORIENTED_EDGE('',*,*,#4343,.F.);
#2806=ORIENTED_EDGE('',*,*,#4342,.F.);
#2807=ORIENTED_EDGE('',*,*,#4344,.T.);
#2808=ORIENTED_EDGE('',*,*,#4345,.F.);
#2809=ORIENTED_EDGE('',*,*,#4343,.T.);
#2810=ORIENTED_EDGE('',*,*,#4346,.T.);
#2811=ORIENTED_EDGE('',*,*,#4344,.F.);
#2812=ORIENTED_EDGE('',*,*,#4345,.T.);
#2813=ORIENTED_EDGE('',*,*,#4347,.F.);
#2814=ORIENTED_EDGE('',*,*,#4346,.F.);
#2815=ORIENTED_EDGE('',*,*,#4347,.T.);
#2816=ORIENTED_EDGE('',*,*,#4348,.F.);
#2817=ORIENTED_EDGE('',*,*,#4349,.T.);
#2818=ORIENTED_EDGE('',*,*,#4350,.T.);
#2819=ORIENTED_EDGE('',*,*,#4349,.F.);
#2820=ORIENTED_EDGE('',*,*,#4351,.F.);
#2821=ORIENTED_EDGE('',*,*,#4348,.T.);
#2822=ORIENTED_EDGE('',*,*,#4350,.F.);
#2823=ORIENTED_EDGE('',*,*,#4352,.T.);
#2824=ORIENTED_EDGE('',*,*,#4353,.T.);
#2825=ORIENTED_EDGE('',*,*,#4351,.T.);
#2826=ORIENTED_EDGE('',*,*,#4354,.T.);
#2827=ORIENTED_EDGE('',*,*,#4355,.T.);
#2828=ORIENTED_EDGE('',*,*,#4352,.F.);
#2829=ORIENTED_EDGE('',*,*,#4356,.T.);
#2830=ORIENTED_EDGE('',*,*,#4353,.F.);
#2831=ORIENTED_EDGE('',*,*,#4354,.F.);
#2832=ORIENTED_EDGE('',*,*,#4357,.F.);
#2833=ORIENTED_EDGE('',*,*,#4358,.T.);
#2834=ORIENTED_EDGE('',*,*,#4355,.F.);
#2835=ORIENTED_EDGE('',*,*,#4359,.T.);
#2836=ORIENTED_EDGE('',*,*,#4356,.F.);
#2837=ORIENTED_EDGE('',*,*,#4357,.T.);
#2838=ORIENTED_EDGE('',*,*,#4358,.F.);
#2839=ORIENTED_EDGE('',*,*,#4359,.F.);
#2840=ORIENTED_EDGE('',*,*,#4360,.F.);
#2841=ORIENTED_EDGE('',*,*,#4361,.T.);
#2842=ORIENTED_EDGE('',*,*,#4362,.T.);
#2843=ORIENTED_EDGE('',*,*,#4360,.T.);
#2844=ORIENTED_EDGE('',*,*,#4363,.F.);
#2845=ORIENTED_EDGE('',*,*,#4362,.F.);
#2846=ORIENTED_EDGE('',*,*,#4364,.T.);
#2847=ORIENTED_EDGE('',*,*,#4363,.T.);
#2848=ORIENTED_EDGE('',*,*,#4365,.F.);
#2849=ORIENTED_EDGE('',*,*,#4364,.F.);
#2850=ORIENTED_EDGE('',*,*,#4361,.F.);
#2851=ORIENTED_EDGE('',*,*,#4365,.T.);
#2852=ORIENTED_EDGE('',*,*,#4366,.F.);
#2853=ORIENTED_EDGE('',*,*,#4367,.T.);
#2854=ORIENTED_EDGE('',*,*,#4367,.F.);
#2855=ORIENTED_EDGE('',*,*,#4368,.T.);
#2856=ORIENTED_EDGE('',*,*,#4366,.T.);
#2857=ORIENTED_EDGE('',*,*,#4369,.F.);
#2858=ORIENTED_EDGE('',*,*,#4368,.F.);
#2859=ORIENTED_EDGE('',*,*,#4370,.T.);
#2860=ORIENTED_EDGE('',*,*,#4371,.F.);
#2861=ORIENTED_EDGE('',*,*,#4369,.T.);
#2862=ORIENTED_EDGE('',*,*,#4372,.T.);
#2863=ORIENTED_EDGE('',*,*,#4370,.F.);
#2864=ORIENTED_EDGE('',*,*,#4371,.T.);
#2865=ORIENTED_EDGE('',*,*,#4373,.F.);
#2866=ORIENTED_EDGE('',*,*,#4372,.F.);
#2867=ORIENTED_EDGE('',*,*,#4373,.T.);
#2868=ORIENTED_EDGE('',*,*,#4374,.F.);
#2869=ORIENTED_EDGE('',*,*,#4375,.T.);
#2870=ORIENTED_EDGE('',*,*,#4375,.F.);
#2871=ORIENTED_EDGE('',*,*,#4376,.T.);
#2872=ORIENTED_EDGE('',*,*,#4374,.T.);
#2873=ORIENTED_EDGE('',*,*,#4377,.F.);
#2874=ORIENTED_EDGE('',*,*,#4376,.F.);
#2875=ORIENTED_EDGE('',*,*,#4378,.T.);
#2876=ORIENTED_EDGE('',*,*,#4379,.F.);
#2877=ORIENTED_EDGE('',*,*,#4377,.T.);
#2878=ORIENTED_EDGE('',*,*,#4380,.T.);
#2879=ORIENTED_EDGE('',*,*,#4378,.F.);
#2880=ORIENTED_EDGE('',*,*,#4379,.T.);
#2881=ORIENTED_EDGE('',*,*,#4381,.F.);
#2882=ORIENTED_EDGE('',*,*,#4380,.F.);
#2883=ORIENTED_EDGE('',*,*,#4381,.T.);
#2884=ORIENTED_EDGE('',*,*,#4382,.F.);
#2885=ORIENTED_EDGE('',*,*,#4383,.T.);
#2886=ORIENTED_EDGE('',*,*,#4383,.F.);
#2887=ORIENTED_EDGE('',*,*,#4384,.T.);
#2888=ORIENTED_EDGE('',*,*,#4382,.T.);
#2889=ORIENTED_EDGE('',*,*,#4385,.F.);
#2890=ORIENTED_EDGE('',*,*,#4384,.F.);
#2891=ORIENTED_EDGE('',*,*,#4386,.T.);
#2892=ORIENTED_EDGE('',*,*,#4387,.F.);
#2893=ORIENTED_EDGE('',*,*,#4385,.T.);
#2894=ORIENTED_EDGE('',*,*,#4388,.T.);
#2895=ORIENTED_EDGE('',*,*,#4386,.F.);
#2896=ORIENTED_EDGE('',*,*,#4387,.T.);
#2897=ORIENTED_EDGE('',*,*,#4389,.F.);
#2898=ORIENTED_EDGE('',*,*,#4388,.F.);
#2899=ORIENTED_EDGE('',*,*,#4389,.T.);
#2900=ORIENTED_EDGE('',*,*,#4390,.F.);
#2901=ORIENTED_EDGE('',*,*,#4391,.T.);
#2902=ORIENTED_EDGE('',*,*,#4391,.F.);
#2903=ORIENTED_EDGE('',*,*,#4392,.T.);
#2904=ORIENTED_EDGE('',*,*,#4390,.T.);
#2905=ORIENTED_EDGE('',*,*,#4393,.F.);
#2906=ORIENTED_EDGE('',*,*,#4392,.F.);
#2907=ORIENTED_EDGE('',*,*,#4394,.T.);
#2908=ORIENTED_EDGE('',*,*,#4395,.F.);
#2909=ORIENTED_EDGE('',*,*,#4393,.T.);
#2910=ORIENTED_EDGE('',*,*,#4396,.T.);
#2911=ORIENTED_EDGE('',*,*,#4394,.F.);
#2912=ORIENTED_EDGE('',*,*,#4395,.T.);
#2913=ORIENTED_EDGE('',*,*,#4397,.F.);
#2914=ORIENTED_EDGE('',*,*,#4396,.F.);
#2915=ORIENTED_EDGE('',*,*,#4397,.T.);
#2916=ORIENTED_EDGE('',*,*,#4398,.F.);
#2917=ORIENTED_EDGE('',*,*,#4399,.T.);
#2918=ORIENTED_EDGE('',*,*,#4399,.F.);
#2919=ORIENTED_EDGE('',*,*,#4400,.T.);
#2920=ORIENTED_EDGE('',*,*,#4398,.T.);
#2921=ORIENTED_EDGE('',*,*,#4401,.F.);
#2922=ORIENTED_EDGE('',*,*,#4400,.F.);
#2923=ORIENTED_EDGE('',*,*,#4402,.T.);
#2924=ORIENTED_EDGE('',*,*,#4403,.F.);
#2925=ORIENTED_EDGE('',*,*,#4401,.T.);
#2926=ORIENTED_EDGE('',*,*,#4404,.T.);
#2927=ORIENTED_EDGE('',*,*,#4402,.F.);
#2928=ORIENTED_EDGE('',*,*,#4403,.T.);
#2929=ORIENTED_EDGE('',*,*,#4405,.F.);
#2930=ORIENTED_EDGE('',*,*,#4404,.F.);
#2931=ORIENTED_EDGE('',*,*,#4405,.T.);
#2932=ORIENTED_EDGE('',*,*,#4406,.F.);
#2933=ORIENTED_EDGE('',*,*,#4407,.T.);
#2934=ORIENTED_EDGE('',*,*,#4408,.T.);
#2935=ORIENTED_EDGE('',*,*,#4406,.T.);
#2936=ORIENTED_EDGE('',*,*,#4409,.F.);
#2937=ORIENTED_EDGE('',*,*,#4408,.F.);
#2938=ORIENTED_EDGE('',*,*,#4410,.T.);
#2939=ORIENTED_EDGE('',*,*,#4409,.T.);
#2940=ORIENTED_EDGE('',*,*,#4411,.F.);
#2941=ORIENTED_EDGE('',*,*,#4410,.F.);
#2942=ORIENTED_EDGE('',*,*,#4407,.F.);
#2943=ORIENTED_EDGE('',*,*,#4411,.T.);
#2944=ORIENTED_EDGE('',*,*,#4412,.F.);
#2945=ORIENTED_EDGE('',*,*,#4413,.T.);
#2946=ORIENTED_EDGE('',*,*,#4414,.T.);
#2947=ORIENTED_EDGE('',*,*,#4412,.T.);
#2948=ORIENTED_EDGE('',*,*,#4415,.F.);
#2949=ORIENTED_EDGE('',*,*,#4414,.F.);
#2950=ORIENTED_EDGE('',*,*,#4416,.T.);
#2951=ORIENTED_EDGE('',*,*,#4415,.T.);
#2952=ORIENTED_EDGE('',*,*,#4417,.F.);
#2953=ORIENTED_EDGE('',*,*,#4416,.F.);
#2954=ORIENTED_EDGE('',*,*,#4413,.F.);
#2955=ORIENTED_EDGE('',*,*,#4417,.T.);
#2956=ORIENTED_EDGE('',*,*,#4418,.F.);
#2957=ORIENTED_EDGE('',*,*,#4419,.T.);
#2958=ORIENTED_EDGE('',*,*,#4419,.F.);
#2959=ORIENTED_EDGE('',*,*,#4420,.T.);
#2960=ORIENTED_EDGE('',*,*,#4418,.T.);
#2961=ORIENTED_EDGE('',*,*,#4421,.F.);
#2962=ORIENTED_EDGE('',*,*,#4420,.F.);
#2963=ORIENTED_EDGE('',*,*,#4422,.T.);
#2964=ORIENTED_EDGE('',*,*,#4423,.F.);
#2965=ORIENTED_EDGE('',*,*,#4421,.T.);
#2966=ORIENTED_EDGE('',*,*,#4424,.T.);
#2967=ORIENTED_EDGE('',*,*,#4422,.F.);
#2968=ORIENTED_EDGE('',*,*,#4423,.T.);
#2969=ORIENTED_EDGE('',*,*,#4425,.F.);
#2970=ORIENTED_EDGE('',*,*,#4424,.F.);
#2971=ORIENTED_EDGE('',*,*,#4425,.T.);
#2972=ORIENTED_EDGE('',*,*,#4426,.F.);
#2973=ORIENTED_EDGE('',*,*,#4427,.T.);
#2974=ORIENTED_EDGE('',*,*,#4428,.T.);
#2975=ORIENTED_EDGE('',*,*,#4426,.T.);
#2976=ORIENTED_EDGE('',*,*,#4429,.F.);
#2977=ORIENTED_EDGE('',*,*,#4428,.F.);
#2978=ORIENTED_EDGE('',*,*,#4430,.T.);
#2979=ORIENTED_EDGE('',*,*,#4429,.T.);
#2980=ORIENTED_EDGE('',*,*,#4431,.F.);
#2981=ORIENTED_EDGE('',*,*,#4430,.F.);
#2982=ORIENTED_EDGE('',*,*,#4427,.F.);
#2983=ORIENTED_EDGE('',*,*,#4431,.T.);
#2984=ORIENTED_EDGE('',*,*,#4432,.T.);
#2985=ORIENTED_EDGE('',*,*,#4433,.T.);
#2986=ORIENTED_EDGE('',*,*,#4434,.F.);
#2987=ORIENTED_EDGE('',*,*,#4435,.F.);
#2988=ORIENTED_EDGE('',*,*,#4436,.T.);
#2989=ORIENTED_EDGE('',*,*,#4437,.T.);
#2990=ORIENTED_EDGE('',*,*,#4432,.F.);
#2991=ORIENTED_EDGE('',*,*,#4438,.F.);
#2992=ORIENTED_EDGE('',*,*,#4434,.T.);
#2993=ORIENTED_EDGE('',*,*,#4439,.T.);
#2994=ORIENTED_EDGE('',*,*,#4440,.F.);
#2995=ORIENTED_EDGE('',*,*,#4441,.F.);
#2996=ORIENTED_EDGE('',*,*,#4441,.T.);
#2997=ORIENTED_EDGE('',*,*,#4442,.T.);
#2998=ORIENTED_EDGE('',*,*,#4443,.T.);
#2999=ORIENTED_EDGE('',*,*,#4444,.T.);
#3000=ORIENTED_EDGE('',*,*,#4445,.T.);
#3001=ORIENTED_EDGE('',*,*,#4446,.T.);
#3002=ORIENTED_EDGE('',*,*,#4438,.T.);
#3003=ORIENTED_EDGE('',*,*,#4435,.T.);
#3004=ORIENTED_EDGE('',*,*,#4447,.F.);
#3005=ORIENTED_EDGE('',*,*,#4448,.F.);
#3006=ORIENTED_EDGE('',*,*,#4449,.F.);
#3007=ORIENTED_EDGE('',*,*,#4450,.F.);
#3008=ORIENTED_EDGE('',*,*,#4451,.F.);
#3009=ORIENTED_EDGE('',*,*,#4452,.F.);
#3010=ORIENTED_EDGE('',*,*,#4453,.F.);
#3011=ORIENTED_EDGE('',*,*,#4454,.F.);
#3012=ORIENTED_EDGE('',*,*,#4455,.F.);
#3013=ORIENTED_EDGE('',*,*,#4456,.F.);
#3014=ORIENTED_EDGE('',*,*,#4457,.F.);
#3015=ORIENTED_EDGE('',*,*,#4458,.F.);
#3016=ORIENTED_EDGE('',*,*,#4459,.F.);
#3017=ORIENTED_EDGE('',*,*,#4460,.F.);
#3018=ORIENTED_EDGE('',*,*,#4461,.F.);
#3019=ORIENTED_EDGE('',*,*,#4462,.F.);
#3020=ORIENTED_EDGE('',*,*,#4463,.F.);
#3021=ORIENTED_EDGE('',*,*,#4464,.F.);
#3022=ORIENTED_EDGE('',*,*,#4465,.F.);
#3023=ORIENTED_EDGE('',*,*,#4466,.F.);
#3024=ORIENTED_EDGE('',*,*,#4467,.F.);
#3025=ORIENTED_EDGE('',*,*,#4468,.F.);
#3026=ORIENTED_EDGE('',*,*,#4469,.F.);
#3027=ORIENTED_EDGE('',*,*,#4470,.F.);
#3028=ORIENTED_EDGE('',*,*,#4471,.F.);
#3029=ORIENTED_EDGE('',*,*,#4472,.F.);
#3030=ORIENTED_EDGE('',*,*,#4473,.F.);
#3031=ORIENTED_EDGE('',*,*,#4474,.F.);
#3032=ORIENTED_EDGE('',*,*,#4475,.F.);
#3033=ORIENTED_EDGE('',*,*,#4476,.F.);
#3034=ORIENTED_EDGE('',*,*,#4477,.F.);
#3035=ORIENTED_EDGE('',*,*,#4478,.F.);
#3036=ORIENTED_EDGE('',*,*,#4479,.F.);
#3037=ORIENTED_EDGE('',*,*,#4480,.F.);
#3038=ORIENTED_EDGE('',*,*,#4481,.F.);
#3039=ORIENTED_EDGE('',*,*,#4482,.F.);
#3040=ORIENTED_EDGE('',*,*,#4483,.F.);
#3041=ORIENTED_EDGE('',*,*,#4484,.F.);
#3042=ORIENTED_EDGE('',*,*,#4485,.F.);
#3043=ORIENTED_EDGE('',*,*,#4486,.F.);
#3044=ORIENTED_EDGE('',*,*,#4487,.F.);
#3045=ORIENTED_EDGE('',*,*,#4488,.F.);
#3046=ORIENTED_EDGE('',*,*,#4489,.F.);
#3047=ORIENTED_EDGE('',*,*,#4490,.F.);
#3048=ORIENTED_EDGE('',*,*,#4491,.F.);
#3049=ORIENTED_EDGE('',*,*,#4492,.F.);
#3050=ORIENTED_EDGE('',*,*,#4493,.F.);
#3051=ORIENTED_EDGE('',*,*,#4494,.F.);
#3052=ORIENTED_EDGE('',*,*,#4495,.F.);
#3053=ORIENTED_EDGE('',*,*,#4496,.F.);
#3054=ORIENTED_EDGE('',*,*,#4497,.F.);
#3055=ORIENTED_EDGE('',*,*,#4498,.F.);
#3056=ORIENTED_EDGE('',*,*,#4499,.F.);
#3057=ORIENTED_EDGE('',*,*,#4500,.F.);
#3058=ORIENTED_EDGE('',*,*,#4501,.F.);
#3059=ORIENTED_EDGE('',*,*,#4502,.F.);
#3060=ORIENTED_EDGE('',*,*,#4503,.F.);
#3061=ORIENTED_EDGE('',*,*,#4504,.F.);
#3062=ORIENTED_EDGE('',*,*,#4505,.F.);
#3063=ORIENTED_EDGE('',*,*,#4506,.F.);
#3064=ORIENTED_EDGE('',*,*,#4507,.F.);
#3065=ORIENTED_EDGE('',*,*,#4508,.F.);
#3066=ORIENTED_EDGE('',*,*,#4509,.F.);
#3067=ORIENTED_EDGE('',*,*,#4510,.F.);
#3068=ORIENTED_EDGE('',*,*,#4511,.F.);
#3069=ORIENTED_EDGE('',*,*,#4512,.F.);
#3070=ORIENTED_EDGE('',*,*,#4513,.F.);
#3071=ORIENTED_EDGE('',*,*,#4514,.F.);
#3072=ORIENTED_EDGE('',*,*,#4515,.F.);
#3073=ORIENTED_EDGE('',*,*,#4516,.F.);
#3074=ORIENTED_EDGE('',*,*,#4517,.F.);
#3075=ORIENTED_EDGE('',*,*,#4518,.F.);
#3076=ORIENTED_EDGE('',*,*,#4519,.F.);
#3077=ORIENTED_EDGE('',*,*,#4520,.F.);
#3078=ORIENTED_EDGE('',*,*,#4521,.F.);
#3079=ORIENTED_EDGE('',*,*,#4522,.F.);
#3080=ORIENTED_EDGE('',*,*,#4523,.F.);
#3081=ORIENTED_EDGE('',*,*,#4524,.F.);
#3082=ORIENTED_EDGE('',*,*,#4525,.F.);
#3083=ORIENTED_EDGE('',*,*,#4526,.F.);
#3084=ORIENTED_EDGE('',*,*,#4527,.F.);
#3085=ORIENTED_EDGE('',*,*,#4528,.F.);
#3086=ORIENTED_EDGE('',*,*,#4529,.F.);
#3087=ORIENTED_EDGE('',*,*,#4530,.F.);
#3088=ORIENTED_EDGE('',*,*,#4531,.F.);
#3089=ORIENTED_EDGE('',*,*,#4532,.F.);
#3090=ORIENTED_EDGE('',*,*,#4533,.F.);
#3091=ORIENTED_EDGE('',*,*,#4534,.F.);
#3092=ORIENTED_EDGE('',*,*,#4535,.F.);
#3093=ORIENTED_EDGE('',*,*,#4536,.F.);
#3094=ORIENTED_EDGE('',*,*,#4537,.F.);
#3095=ORIENTED_EDGE('',*,*,#4433,.F.);
#3096=ORIENTED_EDGE('',*,*,#4437,.F.);
#3097=ORIENTED_EDGE('',*,*,#4538,.F.);
#3098=ORIENTED_EDGE('',*,*,#4539,.F.);
#3099=ORIENTED_EDGE('',*,*,#4540,.F.);
#3100=ORIENTED_EDGE('',*,*,#4541,.F.);
#3101=ORIENTED_EDGE('',*,*,#4542,.F.);
#3102=ORIENTED_EDGE('',*,*,#4439,.F.);
#3103=ORIENTED_EDGE('',*,*,#4543,.T.);
#3104=ORIENTED_EDGE('',*,*,#4544,.T.);
#3105=ORIENTED_EDGE('',*,*,#4545,.T.);
#3106=ORIENTED_EDGE('',*,*,#4546,.T.);
#3107=ORIENTED_EDGE('',*,*,#4547,.T.);
#3108=ORIENTED_EDGE('',*,*,#4548,.T.);
#3109=ORIENTED_EDGE('',*,*,#4549,.T.);
#3110=ORIENTED_EDGE('',*,*,#4550,.T.);
#3111=ORIENTED_EDGE('',*,*,#4551,.T.);
#3112=ORIENTED_EDGE('',*,*,#4552,.T.);
#3113=ORIENTED_EDGE('',*,*,#4553,.T.);
#3114=ORIENTED_EDGE('',*,*,#4554,.T.);
#3115=ORIENTED_EDGE('',*,*,#4555,.T.);
#3116=ORIENTED_EDGE('',*,*,#4556,.T.);
#3117=ORIENTED_EDGE('',*,*,#4557,.T.);
#3118=ORIENTED_EDGE('',*,*,#4558,.T.);
#3119=ORIENTED_EDGE('',*,*,#4559,.T.);
#3120=ORIENTED_EDGE('',*,*,#4560,.T.);
#3121=ORIENTED_EDGE('',*,*,#4561,.T.);
#3122=ORIENTED_EDGE('',*,*,#4562,.T.);
#3123=ORIENTED_EDGE('',*,*,#4563,.T.);
#3124=ORIENTED_EDGE('',*,*,#4564,.T.);
#3125=ORIENTED_EDGE('',*,*,#4565,.T.);
#3126=ORIENTED_EDGE('',*,*,#4566,.T.);
#3127=ORIENTED_EDGE('',*,*,#4567,.T.);
#3128=ORIENTED_EDGE('',*,*,#4568,.T.);
#3129=ORIENTED_EDGE('',*,*,#4569,.T.);
#3130=ORIENTED_EDGE('',*,*,#4570,.T.);
#3131=ORIENTED_EDGE('',*,*,#4571,.T.);
#3132=ORIENTED_EDGE('',*,*,#4572,.T.);
#3133=ORIENTED_EDGE('',*,*,#4573,.T.);
#3134=ORIENTED_EDGE('',*,*,#4574,.T.);
#3135=ORIENTED_EDGE('',*,*,#4575,.T.);
#3136=ORIENTED_EDGE('',*,*,#4576,.T.);
#3137=ORIENTED_EDGE('',*,*,#4577,.T.);
#3138=ORIENTED_EDGE('',*,*,#4578,.T.);
#3139=ORIENTED_EDGE('',*,*,#4579,.T.);
#3140=ORIENTED_EDGE('',*,*,#4580,.T.);
#3141=ORIENTED_EDGE('',*,*,#4581,.T.);
#3142=ORIENTED_EDGE('',*,*,#4582,.T.);
#3143=ORIENTED_EDGE('',*,*,#4583,.T.);
#3144=ORIENTED_EDGE('',*,*,#4584,.T.);
#3145=ORIENTED_EDGE('',*,*,#4585,.T.);
#3146=ORIENTED_EDGE('',*,*,#4586,.T.);
#3147=ORIENTED_EDGE('',*,*,#4587,.T.);
#3148=ORIENTED_EDGE('',*,*,#4588,.T.);
#3149=ORIENTED_EDGE('',*,*,#4589,.T.);
#3150=ORIENTED_EDGE('',*,*,#4590,.T.);
#3151=ORIENTED_EDGE('',*,*,#4591,.T.);
#3152=ORIENTED_EDGE('',*,*,#4592,.T.);
#3153=ORIENTED_EDGE('',*,*,#4593,.T.);
#3154=ORIENTED_EDGE('',*,*,#4594,.T.);
#3155=ORIENTED_EDGE('',*,*,#4595,.T.);
#3156=ORIENTED_EDGE('',*,*,#4596,.T.);
#3157=ORIENTED_EDGE('',*,*,#4597,.T.);
#3158=ORIENTED_EDGE('',*,*,#4598,.T.);
#3159=ORIENTED_EDGE('',*,*,#4599,.T.);
#3160=ORIENTED_EDGE('',*,*,#4600,.T.);
#3161=ORIENTED_EDGE('',*,*,#4601,.T.);
#3162=ORIENTED_EDGE('',*,*,#4602,.T.);
#3163=ORIENTED_EDGE('',*,*,#4603,.T.);
#3164=ORIENTED_EDGE('',*,*,#4604,.T.);
#3165=ORIENTED_EDGE('',*,*,#4605,.T.);
#3166=ORIENTED_EDGE('',*,*,#4606,.T.);
#3167=ORIENTED_EDGE('',*,*,#4607,.T.);
#3168=ORIENTED_EDGE('',*,*,#4608,.T.);
#3169=ORIENTED_EDGE('',*,*,#4609,.T.);
#3170=ORIENTED_EDGE('',*,*,#4610,.T.);
#3171=ORIENTED_EDGE('',*,*,#4611,.T.);
#3172=ORIENTED_EDGE('',*,*,#4612,.T.);
#3173=ORIENTED_EDGE('',*,*,#4613,.T.);
#3174=ORIENTED_EDGE('',*,*,#4614,.T.);
#3175=ORIENTED_EDGE('',*,*,#4615,.T.);
#3176=ORIENTED_EDGE('',*,*,#4616,.T.);
#3177=ORIENTED_EDGE('',*,*,#4617,.T.);
#3178=ORIENTED_EDGE('',*,*,#4618,.T.);
#3179=ORIENTED_EDGE('',*,*,#4619,.T.);
#3180=ORIENTED_EDGE('',*,*,#4620,.T.);
#3181=ORIENTED_EDGE('',*,*,#4621,.T.);
#3182=ORIENTED_EDGE('',*,*,#4622,.T.);
#3183=ORIENTED_EDGE('',*,*,#4623,.T.);
#3184=ORIENTED_EDGE('',*,*,#4624,.T.);
#3185=ORIENTED_EDGE('',*,*,#4625,.T.);
#3186=ORIENTED_EDGE('',*,*,#4626,.T.);
#3187=ORIENTED_EDGE('',*,*,#4627,.T.);
#3188=ORIENTED_EDGE('',*,*,#4628,.T.);
#3189=ORIENTED_EDGE('',*,*,#4629,.T.);
#3190=ORIENTED_EDGE('',*,*,#4630,.T.);
#3191=ORIENTED_EDGE('',*,*,#4631,.T.);
#3192=ORIENTED_EDGE('',*,*,#4632,.T.);
#3193=ORIENTED_EDGE('',*,*,#4633,.T.);
#3194=ORIENTED_EDGE('',*,*,#4634,.T.);
#3195=ORIENTED_EDGE('',*,*,#4538,.T.);
#3196=ORIENTED_EDGE('',*,*,#4436,.F.);
#3197=ORIENTED_EDGE('',*,*,#4446,.F.);
#3198=ORIENTED_EDGE('',*,*,#4440,.T.);
#3199=ORIENTED_EDGE('',*,*,#4542,.T.);
#3200=ORIENTED_EDGE('',*,*,#4635,.F.);
#3201=ORIENTED_EDGE('',*,*,#4442,.F.);
#3202=ORIENTED_EDGE('',*,*,#4636,.T.);
#3203=ORIENTED_EDGE('',*,*,#4539,.T.);
#3204=ORIENTED_EDGE('',*,*,#4634,.F.);
#3205=ORIENTED_EDGE('',*,*,#4445,.F.);
#3206=ORIENTED_EDGE('',*,*,#4635,.T.);
#3207=ORIENTED_EDGE('',*,*,#4541,.T.);
#3208=ORIENTED_EDGE('',*,*,#4637,.F.);
#3209=ORIENTED_EDGE('',*,*,#4443,.F.);
#3210=ORIENTED_EDGE('',*,*,#4637,.T.);
#3211=ORIENTED_EDGE('',*,*,#4540,.T.);
#3212=ORIENTED_EDGE('',*,*,#4636,.F.);
#3213=ORIENTED_EDGE('',*,*,#4444,.F.);
#3214=ORIENTED_EDGE('',*,*,#4543,.F.);
#3215=ORIENTED_EDGE('',*,*,#4447,.T.);
#3216=ORIENTED_EDGE('',*,*,#4544,.F.);
#3217=ORIENTED_EDGE('',*,*,#4448,.T.);
#3218=ORIENTED_EDGE('',*,*,#4545,.F.);
#3219=ORIENTED_EDGE('',*,*,#4449,.T.);
#3220=ORIENTED_EDGE('',*,*,#4546,.F.);
#3221=ORIENTED_EDGE('',*,*,#4450,.T.);
#3222=ORIENTED_EDGE('',*,*,#4547,.F.);
#3223=ORIENTED_EDGE('',*,*,#4451,.T.);
#3224=ORIENTED_EDGE('',*,*,#4548,.F.);
#3225=ORIENTED_EDGE('',*,*,#4452,.T.);
#3226=ORIENTED_EDGE('',*,*,#4549,.F.);
#3227=ORIENTED_EDGE('',*,*,#4453,.T.);
#3228=ORIENTED_EDGE('',*,*,#4550,.F.);
#3229=ORIENTED_EDGE('',*,*,#4454,.T.);
#3230=ORIENTED_EDGE('',*,*,#4551,.F.);
#3231=ORIENTED_EDGE('',*,*,#4455,.T.);
#3232=ORIENTED_EDGE('',*,*,#4552,.F.);
#3233=ORIENTED_EDGE('',*,*,#4456,.T.);
#3234=ORIENTED_EDGE('',*,*,#4553,.F.);
#3235=ORIENTED_EDGE('',*,*,#4457,.T.);
#3236=ORIENTED_EDGE('',*,*,#4554,.F.);
#3237=ORIENTED_EDGE('',*,*,#4458,.T.);
#3238=ORIENTED_EDGE('',*,*,#4555,.F.);
#3239=ORIENTED_EDGE('',*,*,#4459,.T.);
#3240=ORIENTED_EDGE('',*,*,#4556,.F.);
#3241=ORIENTED_EDGE('',*,*,#4460,.T.);
#3242=ORIENTED_EDGE('',*,*,#4557,.F.);
#3243=ORIENTED_EDGE('',*,*,#4461,.T.);
#3244=ORIENTED_EDGE('',*,*,#4558,.F.);
#3245=ORIENTED_EDGE('',*,*,#4462,.T.);
#3246=ORIENTED_EDGE('',*,*,#4559,.F.);
#3247=ORIENTED_EDGE('',*,*,#4463,.T.);
#3248=ORIENTED_EDGE('',*,*,#4560,.F.);
#3249=ORIENTED_EDGE('',*,*,#4464,.T.);
#3250=ORIENTED_EDGE('',*,*,#4561,.F.);
#3251=ORIENTED_EDGE('',*,*,#4465,.T.);
#3252=ORIENTED_EDGE('',*,*,#4562,.F.);
#3253=ORIENTED_EDGE('',*,*,#4466,.T.);
#3254=ORIENTED_EDGE('',*,*,#4563,.F.);
#3255=ORIENTED_EDGE('',*,*,#4467,.T.);
#3256=ORIENTED_EDGE('',*,*,#4564,.F.);
#3257=ORIENTED_EDGE('',*,*,#4468,.T.);
#3258=ORIENTED_EDGE('',*,*,#4565,.F.);
#3259=ORIENTED_EDGE('',*,*,#4469,.T.);
#3260=ORIENTED_EDGE('',*,*,#4566,.F.);
#3261=ORIENTED_EDGE('',*,*,#4470,.T.);
#3262=ORIENTED_EDGE('',*,*,#4567,.F.);
#3263=ORIENTED_EDGE('',*,*,#4471,.T.);
#3264=ORIENTED_EDGE('',*,*,#4568,.F.);
#3265=ORIENTED_EDGE('',*,*,#4472,.T.);
#3266=ORIENTED_EDGE('',*,*,#4569,.F.);
#3267=ORIENTED_EDGE('',*,*,#4473,.T.);
#3268=ORIENTED_EDGE('',*,*,#4570,.F.);
#3269=ORIENTED_EDGE('',*,*,#4474,.T.);
#3270=ORIENTED_EDGE('',*,*,#4571,.F.);
#3271=ORIENTED_EDGE('',*,*,#4475,.T.);
#3272=ORIENTED_EDGE('',*,*,#4572,.F.);
#3273=ORIENTED_EDGE('',*,*,#4476,.T.);
#3274=ORIENTED_EDGE('',*,*,#4573,.F.);
#3275=ORIENTED_EDGE('',*,*,#4477,.T.);
#3276=ORIENTED_EDGE('',*,*,#4574,.F.);
#3277=ORIENTED_EDGE('',*,*,#4478,.T.);
#3278=ORIENTED_EDGE('',*,*,#4575,.F.);
#3279=ORIENTED_EDGE('',*,*,#4479,.T.);
#3280=ORIENTED_EDGE('',*,*,#4576,.F.);
#3281=ORIENTED_EDGE('',*,*,#4480,.T.);
#3282=ORIENTED_EDGE('',*,*,#4577,.F.);
#3283=ORIENTED_EDGE('',*,*,#4481,.T.);
#3284=ORIENTED_EDGE('',*,*,#4578,.F.);
#3285=ORIENTED_EDGE('',*,*,#4482,.T.);
#3286=ORIENTED_EDGE('',*,*,#4579,.F.);
#3287=ORIENTED_EDGE('',*,*,#4483,.T.);
#3288=ORIENTED_EDGE('',*,*,#4580,.F.);
#3289=ORIENTED_EDGE('',*,*,#4484,.T.);
#3290=ORIENTED_EDGE('',*,*,#4581,.F.);
#3291=ORIENTED_EDGE('',*,*,#4485,.T.);
#3292=ORIENTED_EDGE('',*,*,#4582,.F.);
#3293=ORIENTED_EDGE('',*,*,#4486,.T.);
#3294=ORIENTED_EDGE('',*,*,#4583,.F.);
#3295=ORIENTED_EDGE('',*,*,#4487,.T.);
#3296=ORIENTED_EDGE('',*,*,#4584,.F.);
#3297=ORIENTED_EDGE('',*,*,#4488,.T.);
#3298=ORIENTED_EDGE('',*,*,#4585,.F.);
#3299=ORIENTED_EDGE('',*,*,#4489,.T.);
#3300=ORIENTED_EDGE('',*,*,#4586,.F.);
#3301=ORIENTED_EDGE('',*,*,#4490,.T.);
#3302=ORIENTED_EDGE('',*,*,#4587,.F.);
#3303=ORIENTED_EDGE('',*,*,#4491,.T.);
#3304=ORIENTED_EDGE('',*,*,#4588,.F.);
#3305=ORIENTED_EDGE('',*,*,#4492,.T.);
#3306=ORIENTED_EDGE('',*,*,#4589,.F.);
#3307=ORIENTED_EDGE('',*,*,#4493,.T.);
#3308=ORIENTED_EDGE('',*,*,#4590,.F.);
#3309=ORIENTED_EDGE('',*,*,#4494,.T.);
#3310=ORIENTED_EDGE('',*,*,#4591,.F.);
#3311=ORIENTED_EDGE('',*,*,#4495,.T.);
#3312=ORIENTED_EDGE('',*,*,#4592,.F.);
#3313=ORIENTED_EDGE('',*,*,#4496,.T.);
#3314=ORIENTED_EDGE('',*,*,#4593,.F.);
#3315=ORIENTED_EDGE('',*,*,#4497,.T.);
#3316=ORIENTED_EDGE('',*,*,#4594,.F.);
#3317=ORIENTED_EDGE('',*,*,#4498,.T.);
#3318=ORIENTED_EDGE('',*,*,#4595,.F.);
#3319=ORIENTED_EDGE('',*,*,#4499,.T.);
#3320=ORIENTED_EDGE('',*,*,#4596,.F.);
#3321=ORIENTED_EDGE('',*,*,#4500,.T.);
#3322=ORIENTED_EDGE('',*,*,#4597,.F.);
#3323=ORIENTED_EDGE('',*,*,#4501,.T.);
#3324=ORIENTED_EDGE('',*,*,#4598,.F.);
#3325=ORIENTED_EDGE('',*,*,#4502,.T.);
#3326=ORIENTED_EDGE('',*,*,#4599,.F.);
#3327=ORIENTED_EDGE('',*,*,#4503,.T.);
#3328=ORIENTED_EDGE('',*,*,#4600,.F.);
#3329=ORIENTED_EDGE('',*,*,#4504,.T.);
#3330=ORIENTED_EDGE('',*,*,#4601,.F.);
#3331=ORIENTED_EDGE('',*,*,#4505,.T.);
#3332=ORIENTED_EDGE('',*,*,#4602,.F.);
#3333=ORIENTED_EDGE('',*,*,#4506,.T.);
#3334=ORIENTED_EDGE('',*,*,#4603,.F.);
#3335=ORIENTED_EDGE('',*,*,#4507,.T.);
#3336=ORIENTED_EDGE('',*,*,#4604,.F.);
#3337=ORIENTED_EDGE('',*,*,#4508,.T.);
#3338=ORIENTED_EDGE('',*,*,#4605,.F.);
#3339=ORIENTED_EDGE('',*,*,#4509,.T.);
#3340=ORIENTED_EDGE('',*,*,#4606,.F.);
#3341=ORIENTED_EDGE('',*,*,#4510,.T.);
#3342=ORIENTED_EDGE('',*,*,#4607,.F.);
#3343=ORIENTED_EDGE('',*,*,#4511,.T.);
#3344=ORIENTED_EDGE('',*,*,#4608,.F.);
#3345=ORIENTED_EDGE('',*,*,#4512,.T.);
#3346=ORIENTED_EDGE('',*,*,#4609,.F.);
#3347=ORIENTED_EDGE('',*,*,#4513,.T.);
#3348=ORIENTED_EDGE('',*,*,#4610,.F.);
#3349=ORIENTED_EDGE('',*,*,#4514,.T.);
#3350=ORIENTED_EDGE('',*,*,#4611,.F.);
#3351=ORIENTED_EDGE('',*,*,#4515,.T.);
#3352=ORIENTED_EDGE('',*,*,#4612,.F.);
#3353=ORIENTED_EDGE('',*,*,#4516,.T.);
#3354=ORIENTED_EDGE('',*,*,#4613,.F.);
#3355=ORIENTED_EDGE('',*,*,#4517,.T.);
#3356=ORIENTED_EDGE('',*,*,#4614,.F.);
#3357=ORIENTED_EDGE('',*,*,#4518,.T.);
#3358=ORIENTED_EDGE('',*,*,#4615,.F.);
#3359=ORIENTED_EDGE('',*,*,#4519,.T.);
#3360=ORIENTED_EDGE('',*,*,#4616,.F.);
#3361=ORIENTED_EDGE('',*,*,#4520,.T.);
#3362=ORIENTED_EDGE('',*,*,#4617,.F.);
#3363=ORIENTED_EDGE('',*,*,#4521,.T.);
#3364=ORIENTED_EDGE('',*,*,#4618,.F.);
#3365=ORIENTED_EDGE('',*,*,#4522,.T.);
#3366=ORIENTED_EDGE('',*,*,#4619,.F.);
#3367=ORIENTED_EDGE('',*,*,#4523,.T.);
#3368=ORIENTED_EDGE('',*,*,#4620,.F.);
#3369=ORIENTED_EDGE('',*,*,#4524,.T.);
#3370=ORIENTED_EDGE('',*,*,#4621,.F.);
#3371=ORIENTED_EDGE('',*,*,#4525,.T.);
#3372=ORIENTED_EDGE('',*,*,#4622,.F.);
#3373=ORIENTED_EDGE('',*,*,#4526,.T.);
#3374=ORIENTED_EDGE('',*,*,#4623,.F.);
#3375=ORIENTED_EDGE('',*,*,#4527,.T.);
#3376=ORIENTED_EDGE('',*,*,#4624,.F.);
#3377=ORIENTED_EDGE('',*,*,#4528,.T.);
#3378=ORIENTED_EDGE('',*,*,#4625,.F.);
#3379=ORIENTED_EDGE('',*,*,#4529,.T.);
#3380=ORIENTED_EDGE('',*,*,#4626,.F.);
#3381=ORIENTED_EDGE('',*,*,#4530,.T.);
#3382=ORIENTED_EDGE('',*,*,#4627,.F.);
#3383=ORIENTED_EDGE('',*,*,#4531,.T.);
#3384=ORIENTED_EDGE('',*,*,#4628,.F.);
#3385=ORIENTED_EDGE('',*,*,#4532,.T.);
#3386=ORIENTED_EDGE('',*,*,#4629,.F.);
#3387=ORIENTED_EDGE('',*,*,#4533,.T.);
#3388=ORIENTED_EDGE('',*,*,#4630,.F.);
#3389=ORIENTED_EDGE('',*,*,#4534,.T.);
#3390=ORIENTED_EDGE('',*,*,#4631,.F.);
#3391=ORIENTED_EDGE('',*,*,#4535,.T.);
#3392=ORIENTED_EDGE('',*,*,#4632,.F.);
#3393=ORIENTED_EDGE('',*,*,#4536,.T.);
#3394=ORIENTED_EDGE('',*,*,#4633,.F.);
#3395=ORIENTED_EDGE('',*,*,#4537,.T.);
#3396=ORIENTED_EDGE('',*,*,#4638,.F.);
#3397=ORIENTED_EDGE('',*,*,#4639,.T.);
#3398=ORIENTED_EDGE('',*,*,#4640,.T.);
#3399=ORIENTED_EDGE('',*,*,#4638,.T.);
#3400=ORIENTED_EDGE('',*,*,#4641,.F.);
#3401=ORIENTED_EDGE('',*,*,#4640,.F.);
#3402=ORIENTED_EDGE('',*,*,#4642,.T.);
#3403=ORIENTED_EDGE('',*,*,#4641,.T.);
#3404=ORIENTED_EDGE('',*,*,#4643,.F.);
#3405=ORIENTED_EDGE('',*,*,#4642,.F.);
#3406=ORIENTED_EDGE('',*,*,#4639,.F.);
#3407=ORIENTED_EDGE('',*,*,#4643,.T.);
#3408=ORIENTED_EDGE('',*,*,#4644,.F.);
#3409=ORIENTED_EDGE('',*,*,#4645,.T.);
#3410=ORIENTED_EDGE('',*,*,#4645,.F.);
#3411=ORIENTED_EDGE('',*,*,#4646,.T.);
#3412=ORIENTED_EDGE('',*,*,#4644,.T.);
#3413=ORIENTED_EDGE('',*,*,#4647,.F.);
#3414=ORIENTED_EDGE('',*,*,#4646,.F.);
#3415=ORIENTED_EDGE('',*,*,#4648,.T.);
#3416=ORIENTED_EDGE('',*,*,#4649,.F.);
#3417=ORIENTED_EDGE('',*,*,#4647,.T.);
#3418=ORIENTED_EDGE('',*,*,#4650,.T.);
#3419=ORIENTED_EDGE('',*,*,#4648,.F.);
#3420=ORIENTED_EDGE('',*,*,#4649,.T.);
#3421=ORIENTED_EDGE('',*,*,#4651,.F.);
#3422=ORIENTED_EDGE('',*,*,#4650,.F.);
#3423=ORIENTED_EDGE('',*,*,#4651,.T.);
#3424=EDGE_CURVE('',#4652,#4653,#5556,.F.);
#3425=EDGE_CURVE('',#4654,#4653,#5557,.T.);
#3426=EDGE_CURVE('',#4655,#4654,#5558,.T.);
#3427=EDGE_CURVE('',#4655,#4652,#5559,.T.);
#3428=EDGE_CURVE('',#4656,#4657,#5560,.T.);
#3429=EDGE_CURVE('',#4652,#4657,#5561,.T.);
#3430=EDGE_CURVE('',#4655,#4656,#5562,.T.);
#3431=EDGE_CURVE('',#4657,#4658,#5563,.T.);
#3432=EDGE_CURVE('',#4653,#4658,#5564,.T.);
#3433=EDGE_CURVE('',#4659,#4660,#5565,.T.);
#3434=EDGE_CURVE('',#4660,#4661,#5566,.T.);
#3435=EDGE_CURVE('',#4662,#4661,#5567,.F.);
#3436=EDGE_CURVE('',#4659,#4662,#5568,.T.);
#3437=EDGE_CURVE('',#4654,#4663,#5569,.T.);
#3438=EDGE_CURVE('',#4663,#4658,#5570,.T.);
#3439=EDGE_CURVE('',#4656,#4663,#5571,.F.);
#3440=EDGE_CURVE('',#4664,#4664,#586,.T.);
#3441=EDGE_CURVE('',#4665,#4666,#5572,.F.);
#3442=EDGE_CURVE('',#4660,#4666,#5573,.T.);
#3443=EDGE_CURVE('',#4659,#4665,#5574,.T.);
#3444=EDGE_CURVE('',#4662,#4667,#5575,.T.);
#3445=EDGE_CURVE('',#4665,#4667,#5576,.T.);
#3446=EDGE_CURVE('',#4661,#4668,#5577,.T.);
#3447=EDGE_CURVE('',#4667,#4668,#5578,.T.);
#3448=EDGE_CURVE('',#4666,#4668,#5579,.T.);
#3449=EDGE_CURVE('',#4669,#4669,#587,.T.);
#3450=EDGE_CURVE('',#4670,#4671,#5580,.T.);
#3451=EDGE_CURVE('',#4671,#4672,#5581,.T.);
#3452=EDGE_CURVE('',#4672,#4673,#5582,.T.);
#3453=EDGE_CURVE('',#4673,#4674,#5583,.T.);
#3454=EDGE_CURVE('',#4675,#4674,#5584,.F.);
#3455=EDGE_CURVE('',#4675,#4676,#5585,.T.);
#3456=EDGE_CURVE('',#4677,#4676,#5586,.F.);
#3457=EDGE_CURVE('',#4678,#4677,#5587,.T.);
#3458=EDGE_CURVE('',#4679,#4678,#5588,.F.);
#3459=EDGE_CURVE('',#4680,#4679,#5589,.T.);
#3460=EDGE_CURVE('',#4680,#4681,#5590,.T.);
#3461=EDGE_CURVE('',#4670,#4681,#5591,.T.);
#3462=EDGE_CURVE('',#4682,#4683,#5592,.F.);
#3463=EDGE_CURVE('',#4671,#4683,#5593,.T.);
#3464=EDGE_CURVE('',#4670,#4682,#5594,.T.);
#3465=EDGE_CURVE('',#4684,#4681,#5595,.F.);
#3466=EDGE_CURVE('',#4682,#4684,#5596,.T.);
#3467=EDGE_CURVE('',#4680,#4685,#5597,.T.);
#3468=EDGE_CURVE('',#4685,#4684,#5598,.F.);
#3469=EDGE_CURVE('',#4679,#4686,#5599,.T.);
#3470=EDGE_CURVE('',#4685,#4686,#5600,.T.);
#3471=EDGE_CURVE('',#4686,#4687,#5601,.T.);
#3472=EDGE_CURVE('',#4687,#4678,#5602,.F.);
#3473=EDGE_CURVE('',#4677,#4688,#5603,.T.);
#3474=EDGE_CURVE('',#4687,#4688,#5604,.T.);
#3475=EDGE_CURVE('',#4676,#4689,#5605,.T.);
#3476=EDGE_CURVE('',#4688,#4689,#5606,.T.);
#3477=EDGE_CURVE('',#4690,#4675,#5607,.F.);
#3478=EDGE_CURVE('',#4690,#4689,#5608,.T.);
#3479=EDGE_CURVE('',#4690,#4691,#5609,.T.);
#3480=EDGE_CURVE('',#4674,#4691,#5610,.T.);
#3481=EDGE_CURVE('',#4673,#4692,#5611,.T.);
#3482=EDGE_CURVE('',#4692,#4691,#5612,.T.);
#3483=EDGE_CURVE('',#4693,#4672,#5613,.F.);
#3484=EDGE_CURVE('',#4693,#4692,#5614,.F.);
#3485=EDGE_CURVE('',#4683,#4693,#5615,.T.);
#3486=EDGE_CURVE('',#4694,#4695,#5616,.T.);
#3487=EDGE_CURVE('',#4696,#4694,#5617,.T.);
#3488=EDGE_CURVE('',#4696,#4697,#5618,.T.);
#3489=EDGE_CURVE('',#4697,#4695,#5619,.T.);
#3490=EDGE_CURVE('',#4695,#4698,#5620,.T.);
#3491=EDGE_CURVE('',#4697,#4699,#5621,.T.);
#3492=EDGE_CURVE('',#4699,#4698,#5622,.T.);
#3493=EDGE_CURVE('',#4698,#4700,#5623,.T.);
#3494=EDGE_CURVE('',#4699,#4701,#5624,.T.);
#3495=EDGE_CURVE('',#4701,#4700,#5625,.T.);
#3496=EDGE_CURVE('',#4700,#4694,#5626,.T.);
#3497=EDGE_CURVE('',#4701,#4696,#5627,.T.);
#3498=EDGE_CURVE('',#4702,#4703,#5628,.T.);
#3499=EDGE_CURVE('',#4704,#4702,#5629,.T.);
#3500=EDGE_CURVE('',#4704,#4705,#5630,.T.);
#3501=EDGE_CURVE('',#4705,#4703,#5631,.T.);
#3502=EDGE_CURVE('',#4703,#4706,#5632,.T.);
#3503=EDGE_CURVE('',#4705,#4707,#5633,.T.);
#3504=EDGE_CURVE('',#4707,#4706,#5634,.T.);
#3505=EDGE_CURVE('',#4706,#4708,#5635,.T.);
#3506=EDGE_CURVE('',#4707,#4709,#5636,.T.);
#3507=EDGE_CURVE('',#4709,#4708,#5637,.T.);
#3508=EDGE_CURVE('',#4708,#4702,#5638,.T.);
#3509=EDGE_CURVE('',#4709,#4704,#5639,.T.);
#3510=EDGE_CURVE('',#4710,#4711,#5640,.T.);
#3511=EDGE_CURVE('',#4712,#4710,#5641,.T.);
#3512=EDGE_CURVE('',#4712,#4713,#5642,.T.);
#3513=EDGE_CURVE('',#4713,#4711,#5643,.T.);
#3514=EDGE_CURVE('',#4711,#4714,#5644,.T.);
#3515=EDGE_CURVE('',#4713,#4715,#5645,.T.);
#3516=EDGE_CURVE('',#4715,#4714,#5646,.T.);
#3517=EDGE_CURVE('',#4714,#4716,#5647,.T.);
#3518=EDGE_CURVE('',#4715,#4717,#5648,.T.);
#3519=EDGE_CURVE('',#4717,#4716,#5649,.T.);
#3520=EDGE_CURVE('',#4716,#4710,#5650,.T.);
#3521=EDGE_CURVE('',#4717,#4718,#5651,.T.);
#3522=EDGE_CURVE('',#4718,#4719,#5652,.T.);
#3523=EDGE_CURVE('',#4719,#4712,#5653,.T.);
#3524=EDGE_CURVE('',#4720,#4721,#5654,.T.);
#3525=EDGE_CURVE('',#4721,#4722,#5655,.T.);
#3526=EDGE_CURVE('',#4722,#4723,#5656,.T.);
#3527=EDGE_CURVE('',#4723,#4720,#5657,.T.);
#3528=EDGE_CURVE('',#4719,#4724,#5658,.T.);
#3529=EDGE_CURVE('',#4724,#4725,#5659,.T.);
#3530=EDGE_CURVE('',#4725,#4718,#5660,.T.);
#3531=EDGE_CURVE('',#4718,#4726,#5661,.T.);
#3532=EDGE_CURVE('',#4726,#4727,#5662,.T.);
#3533=EDGE_CURVE('',#4727,#4719,#5663,.T.);
#3534=EDGE_CURVE('',#4728,#4727,#5664,.T.);
#3535=EDGE_CURVE('',#4728,#4729,#5665,.T.);
#3536=EDGE_CURVE('',#4729,#4724,#5666,.T.);
#3537=EDGE_CURVE('',#4729,#4730,#5667,.T.);
#3538=EDGE_CURVE('',#4730,#4725,#5668,.T.);
#3539=EDGE_CURVE('',#4730,#4731,#5669,.T.);
#3540=EDGE_CURVE('',#4731,#4726,#5670,.T.);
#3541=EDGE_CURVE('',#4731,#4728,#5671,.T.);
#3542=EDGE_CURVE('',#4732,#4721,#5672,.T.);
#3543=EDGE_CURVE('',#4732,#4733,#5673,.T.);
#3544=EDGE_CURVE('',#4733,#4722,#5674,.T.);
#3545=EDGE_CURVE('',#4733,#4734,#5675,.T.);
#3546=EDGE_CURVE('',#4734,#4723,#5676,.T.);
#3547=EDGE_CURVE('',#4734,#4735,#5677,.T.);
#3548=EDGE_CURVE('',#4735,#4720,#5678,.T.);
#3549=EDGE_CURVE('',#4735,#4732,#5679,.T.);
#3550=EDGE_CURVE('',#4736,#4737,#145,.F.);
#3551=EDGE_CURVE('',#4736,#4738,#5680,.T.);
#3552=EDGE_CURVE('',#4738,#4739,#146,.T.);
#3553=EDGE_CURVE('',#4739,#4737,#5681,.T.);
#3554=EDGE_CURVE('',#4740,#4737,#147,.T.);
#3555=EDGE_CURVE('',#4741,#4740,#148,.T.);
#3556=EDGE_CURVE('',#4742,#4741,#149,.T.);
#3557=EDGE_CURVE('',#4736,#4742,#150,.T.);
#3558=EDGE_CURVE('',#4743,#4744,#5682,.T.);
#3559=EDGE_CURVE('',#4745,#4743,#5683,.T.);
#3560=EDGE_CURVE('',#4745,#4740,#5684,.T.);
#3561=EDGE_CURVE('',#4744,#4739,#151,.F.);
#3562=EDGE_CURVE('',#4738,#4746,#152,.F.);
#3563=EDGE_CURVE('',#4746,#4747,#153,.F.);
#3564=EDGE_CURVE('',#4747,#4744,#154,.F.);
#3565=EDGE_CURVE('',#4748,#4742,#5685,.T.);
#3566=EDGE_CURVE('',#4749,#4748,#155,.F.);
#3567=EDGE_CURVE('',#4750,#4749,#5686,.T.);
#3568=EDGE_CURVE('',#4751,#4750,#156,.F.);
#3569=EDGE_CURVE('',#4746,#4751,#5687,.T.);
#3570=EDGE_CURVE('',#4752,#4753,#5688,.T.);
#3571=EDGE_CURVE('',#4745,#4752,#5689,.F.);
#3572=EDGE_CURVE('',#4743,#4753,#5690,.T.);
#3573=EDGE_CURVE('',#4752,#4754,#5691,.T.);
#3574=EDGE_CURVE('',#4755,#4754,#157,.F.);
#3575=EDGE_CURVE('',#4741,#4755,#5692,.T.);
#3576=EDGE_CURVE('',#4748,#4755,#158,.F.);
#3577=EDGE_CURVE('',#4756,#4747,#5693,.T.);
#3578=EDGE_CURVE('',#4757,#4756,#159,.F.);
#3579=EDGE_CURVE('',#4753,#4757,#5694,.T.);
#3580=EDGE_CURVE('',#4751,#4756,#160,.T.);
#3581=EDGE_CURVE('',#4749,#4758,#161,.T.);
#3582=EDGE_CURVE('',#4754,#4758,#162,.F.);
#3583=EDGE_CURVE('',#4750,#4759,#163,.F.);
#3584=EDGE_CURVE('',#4759,#4757,#164,.F.);
#3585=EDGE_CURVE('',#4758,#4759,#5695,.T.);
#3586=EDGE_CURVE('',#4760,#4761,#5696,.T.);
#3587=EDGE_CURVE('',#4760,#4762,#5697,.T.);
#3588=EDGE_CURVE('',#4762,#4763,#5698,.T.);
#3589=EDGE_CURVE('',#4761,#4763,#5699,.T.);
#3590=EDGE_CURVE('',#4764,#4764,#588,.T.);
#3591=EDGE_CURVE('',#4765,#4765,#589,.T.);
#3592=EDGE_CURVE('',#4766,#4766,#590,.T.);
#3593=EDGE_CURVE('',#4767,#4767,#591,.T.);
#3594=EDGE_CURVE('',#4768,#4769,#592,.T.);
#3595=EDGE_CURVE('',#4770,#4768,#5700,.T.);
#3596=EDGE_CURVE('',#4771,#4770,#5701,.T.);
#3597=EDGE_CURVE('',#4772,#4771,#5702,.T.);
#3598=EDGE_CURVE('',#4769,#4772,#5703,.T.);
#3599=EDGE_CURVE('',#4773,#4773,#593,.T.);
#3600=EDGE_CURVE('',#4774,#4774,#594,.T.);
#3601=EDGE_CURVE('',#4775,#4775,#595,.T.);
#3602=EDGE_CURVE('',#4776,#4776,#596,.T.);
#3603=EDGE_CURVE('',#4777,#4778,#5704,.T.);
#3604=EDGE_CURVE('',#4778,#4779,#5705,.T.);
#3605=EDGE_CURVE('',#4780,#4779,#5706,.T.);
#3606=EDGE_CURVE('',#4777,#4780,#5707,.T.);
#3607=EDGE_CURVE('',#4781,#4782,#5708,.T.);
#3608=EDGE_CURVE('',#4782,#4783,#597,.T.);
#3609=EDGE_CURVE('',#4783,#4784,#5709,.T.);
#3610=EDGE_CURVE('',#4784,#4785,#5710,.T.);
#3611=EDGE_CURVE('',#4785,#4781,#5711,.T.);
#3612=EDGE_CURVE('',#4782,#4768,#5712,.F.);
#3613=EDGE_CURVE('',#4781,#4770,#5713,.T.);
#3614=EDGE_CURVE('',#4769,#4783,#5714,.T.);
#3615=EDGE_CURVE('',#4784,#4772,#5715,.T.);
#3616=EDGE_CURVE('',#4760,#4777,#5716,.T.);
#3617=EDGE_CURVE('',#4761,#4778,#5717,.T.);
#3618=EDGE_CURVE('',#4762,#4780,#5718,.T.);
#3619=EDGE_CURVE('',#4763,#4779,#5719,.T.);
#3620=EDGE_CURVE('',#4785,#4771,#5720,.T.);
#3621=EDGE_CURVE('',#4786,#4787,#5721,.T.);
#3622=EDGE_CURVE('',#4787,#4787,#598,.T.);
#3623=EDGE_CURVE('',#4786,#4786,#599,.T.);
#3624=EDGE_CURVE('',#4788,#4789,#5722,.T.);
#3625=EDGE_CURVE('',#4788,#4790,#5723,.F.);
#3626=EDGE_CURVE('',#4790,#4791,#5724,.F.);
#3627=EDGE_CURVE('',#4789,#4791,#5725,.F.);
#3628=EDGE_CURVE('',#4792,#4792,#600,.T.);
#3629=EDGE_CURVE('',#4793,#4793,#601,.T.);
#3630=EDGE_CURVE('',#4794,#4794,#602,.T.);
#3631=EDGE_CURVE('',#4795,#4796,#5726,.T.);
#3632=EDGE_CURVE('',#4795,#4797,#5727,.F.);
#3633=EDGE_CURVE('',#4797,#4798,#5728,.F.);
#3634=EDGE_CURVE('',#4796,#4798,#5729,.F.);
#3635=EDGE_CURVE('',#4788,#4799,#140,.T.);
#3636=EDGE_CURVE('',#4789,#4800,#141,.F.);
#3637=EDGE_CURVE('',#4801,#4800,#5730,.F.);
#3638=EDGE_CURVE('',#4802,#4801,#603,.F.);
#3639=EDGE_CURVE('',#4803,#4802,#5731,.F.);
#3640=EDGE_CURVE('',#4803,#4804,#604,.F.);
#3641=EDGE_CURVE('',#4799,#4804,#5732,.F.);
#3642=EDGE_CURVE('',#4790,#4805,#142,.T.);
#3643=EDGE_CURVE('',#4806,#4799,#138,.T.);
#3644=EDGE_CURVE('',#4806,#4805,#5733,.T.);
#3645=EDGE_CURVE('',#4807,#4808,#5734,.T.);
#3646=EDGE_CURVE('',#4800,#4807,#139,.T.);
#3647=EDGE_CURVE('',#4791,#4808,#143,.T.);
#3648=EDGE_CURVE('',#4790,#4809,#5735,.F.);
#3649=EDGE_CURVE('',#4809,#4810,#5736,.F.);
#3650=EDGE_CURVE('',#4791,#4810,#5737,.F.);
#3651=EDGE_CURVE('',#4811,#4792,#5738,.T.);
#3652=EDGE_CURVE('',#4811,#4811,#605,.T.);
#3653=EDGE_CURVE('',#4812,#4793,#5739,.T.);
#3654=EDGE_CURVE('',#4812,#4812,#606,.T.);
#3655=EDGE_CURVE('',#4794,#4813,#5740,.T.);
#3656=EDGE_CURVE('',#4813,#4813,#607,.T.);
#3657=EDGE_CURVE('',#4814,#4796,#5741,.T.);
#3658=EDGE_CURVE('',#4815,#4814,#5742,.F.);
#3659=EDGE_CURVE('',#4815,#4795,#5743,.T.);
#3660=EDGE_CURVE('',#4815,#4816,#5744,.F.);
#3661=EDGE_CURVE('',#4816,#4797,#5745,.T.);
#3662=EDGE_CURVE('',#4817,#4798,#5746,.T.);
#3663=EDGE_CURVE('',#4814,#4817,#5747,.F.);
#3664=EDGE_CURVE('',#4816,#4817,#5748,.T.);
#3665=EDGE_CURVE('',#4818,#4807,#5749,.T.);
#3666=EDGE_CURVE('',#4818,#4819,#608,.F.);
#3667=EDGE_CURVE('',#4820,#4819,#5750,.F.);
#3668=EDGE_CURVE('',#4820,#4821,#609,.T.);
#3669=EDGE_CURVE('',#4821,#4806,#5751,.T.);
#3670=EDGE_CURVE('',#4822,#4804,#5752,.T.);
#3671=EDGE_CURVE('',#4822,#4823,#5753,.F.);
#3672=EDGE_CURVE('',#4823,#4801,#5754,.T.);
#3673=EDGE_CURVE('',#4802,#4824,#5755,.F.);
#3674=EDGE_CURVE('',#4825,#4823,#5756,.T.);
#3675=EDGE_CURVE('',#4824,#4825,#5757,.F.);
#3676=EDGE_CURVE('',#4826,#4824,#5758,.F.);
#3677=EDGE_CURVE('',#4803,#4826,#5759,.T.);
#3678=EDGE_CURVE('',#4827,#4827,#610,.T.);
#3679=EDGE_CURVE('',#4828,#4828,#611,.T.);
#3680=EDGE_CURVE('',#4829,#4830,#5760,.F.);
#3681=EDGE_CURVE('',#4831,#4830,#5761,.T.);
#3682=EDGE_CURVE('',#4832,#4831,#5762,.T.);
#3683=EDGE_CURVE('',#4829,#4832,#5763,.F.);
#3684=EDGE_CURVE('',#4826,#4833,#5764,.T.);
#3685=EDGE_CURVE('',#4833,#4822,#5765,.T.);
#3686=EDGE_CURVE('',#4809,#4834,#612,.T.);
#3687=EDGE_CURVE('',#4805,#4834,#5766,.T.);
#3688=EDGE_CURVE('',#4834,#4821,#5767,.T.);
#3689=EDGE_CURVE('',#4808,#4835,#5768,.T.);
#3690=EDGE_CURVE('',#4835,#4818,#5769,.T.);
#3691=EDGE_CURVE('',#4835,#4810,#613,.F.);
#3692=EDGE_CURVE('',#4836,#4809,#614,.T.);
#3693=EDGE_CURVE('',#4836,#4837,#5770,.T.);
#3694=EDGE_CURVE('',#4810,#4837,#615,.T.);
#3695=EDGE_CURVE('',#4837,#4835,#616,.T.);
#3696=EDGE_CURVE('',#4837,#4819,#5771,.F.);
#3697=EDGE_CURVE('',#4838,#4839,#5772,.F.);
#3698=EDGE_CURVE('',#4839,#4840,#5773,.F.);
#3699=EDGE_CURVE('',#4840,#4841,#5774,.T.);
#3700=EDGE_CURVE('',#4841,#4838,#5775,.T.);
#3701=EDGE_CURVE('',#4836,#4820,#5776,.T.);
#3702=EDGE_CURVE('',#4834,#4836,#617,.F.);
#3703=EDGE_CURVE('',#4833,#4825,#5777,.F.);
#3704=EDGE_CURVE('',#4842,#4843,#5778,.F.);
#3705=EDGE_CURVE('',#4842,#4844,#5779,.F.);
#3706=EDGE_CURVE('',#4844,#4845,#5780,.T.);
#3707=EDGE_CURVE('',#4843,#4845,#5781,.F.);
#3708=EDGE_CURVE('',#4846,#4847,#5782,.F.);
#3709=EDGE_CURVE('',#4847,#4848,#5783,.F.);
#3710=EDGE_CURVE('',#4848,#4849,#5784,.T.);
#3711=EDGE_CURVE('',#4849,#4846,#5785,.T.);
#3712=EDGE_CURVE('',#4850,#4851,#5786,.F.);
#3713=EDGE_CURVE('',#4851,#4852,#5787,.F.);
#3714=EDGE_CURVE('',#4852,#4853,#5788,.T.);
#3715=EDGE_CURVE('',#4853,#4850,#5789,.T.);
#3716=EDGE_CURVE('',#4854,#4855,#5790,.F.);
#3717=EDGE_CURVE('',#4855,#4856,#5791,.F.);
#3718=EDGE_CURVE('',#4856,#4857,#5792,.T.);
#3719=EDGE_CURVE('',#4857,#4854,#5793,.T.);
#3720=EDGE_CURVE('',#4858,#4859,#5794,.F.);
#3721=EDGE_CURVE('',#4859,#4860,#5795,.F.);
#3722=EDGE_CURVE('',#4860,#4861,#5796,.T.);
#3723=EDGE_CURVE('',#4861,#4858,#5797,.T.);
#3724=EDGE_CURVE('',#4862,#4827,#5798,.T.);
#3725=EDGE_CURVE('',#4862,#4862,#618,.T.);
#3726=EDGE_CURVE('',#4863,#4828,#5799,.T.);
#3727=EDGE_CURVE('',#4863,#4863,#619,.T.);
#3728=EDGE_CURVE('',#4829,#4864,#5800,.T.);
#3729=EDGE_CURVE('',#4832,#4865,#5801,.F.);
#3730=EDGE_CURVE('',#4864,#4865,#5802,.F.);
#3731=EDGE_CURVE('',#4864,#4866,#5803,.T.);
#3732=EDGE_CURVE('',#4866,#4867,#5804,.T.);
#3733=EDGE_CURVE('',#4867,#4868,#5805,.T.);
#3734=EDGE_CURVE('',#4868,#4830,#5806,.T.);
#3735=EDGE_CURVE('',#4869,#4831,#5807,.F.);
#3736=EDGE_CURVE('',#4870,#4869,#5808,.F.);
#3737=EDGE_CURVE('',#4871,#4870,#5809,.F.);
#3738=EDGE_CURVE('',#4865,#4871,#5810,.F.);
#3739=EDGE_CURVE('',#4868,#4869,#5811,.F.);
#3740=EDGE_CURVE('',#4838,#4872,#5812,.T.);
#3741=EDGE_CURVE('',#4873,#4872,#5813,.T.);
#3742=EDGE_CURVE('',#4839,#4873,#5814,.T.);
#3743=EDGE_CURVE('',#4840,#4874,#5815,.T.);
#3744=EDGE_CURVE('',#4874,#4873,#5816,.F.);
#3745=EDGE_CURVE('',#4875,#4841,#5817,.T.);
#3746=EDGE_CURVE('',#4875,#4874,#5818,.F.);
#3747=EDGE_CURVE('',#4872,#4875,#5819,.T.);
#3748=EDGE_CURVE('',#4843,#4872,#5820,.F.);
#3749=EDGE_CURVE('',#4842,#4875,#5821,.T.);
#3750=EDGE_CURVE('',#4844,#4874,#5822,.F.);
#3751=EDGE_CURVE('',#4845,#4873,#5823,.T.);
#3752=EDGE_CURVE('',#4876,#4846,#5824,.F.);
#3753=EDGE_CURVE('',#4876,#4877,#5825,.F.);
#3754=EDGE_CURVE('',#4877,#4847,#5826,.F.);
#3755=EDGE_CURVE('',#4877,#4878,#5827,.F.);
#3756=EDGE_CURVE('',#4878,#4848,#5828,.F.);
#3757=EDGE_CURVE('',#4878,#4879,#5829,.F.);
#3758=EDGE_CURVE('',#4879,#4849,#5830,.F.);
#3759=EDGE_CURVE('',#4879,#4876,#5831,.F.);
#3760=EDGE_CURVE('',#4880,#4850,#5832,.F.);
#3761=EDGE_CURVE('',#4880,#4881,#5833,.F.);
#3762=EDGE_CURVE('',#4881,#4851,#5834,.F.);
#3763=EDGE_CURVE('',#4881,#4882,#5835,.F.);
#3764=EDGE_CURVE('',#4882,#4852,#5836,.F.);
#3765=EDGE_CURVE('',#4882,#4883,#5837,.F.);
#3766=EDGE_CURVE('',#4883,#4853,#5838,.F.);
#3767=EDGE_CURVE('',#4883,#4880,#5839,.F.);
#3768=EDGE_CURVE('',#4884,#4854,#5840,.F.);
#3769=EDGE_CURVE('',#4884,#4885,#5841,.F.);
#3770=EDGE_CURVE('',#4885,#4855,#5842,.F.);
#3771=EDGE_CURVE('',#4885,#4886,#5843,.F.);
#3772=EDGE_CURVE('',#4886,#4856,#5844,.F.);
#3773=EDGE_CURVE('',#4886,#4887,#5845,.F.);
#3774=EDGE_CURVE('',#4887,#4857,#5846,.F.);
#3775=EDGE_CURVE('',#4887,#4884,#5847,.F.);
#3776=EDGE_CURVE('',#4888,#4858,#5848,.F.);
#3777=EDGE_CURVE('',#4888,#4889,#5849,.F.);
#3778=EDGE_CURVE('',#4889,#4859,#5850,.F.);
#3779=EDGE_CURVE('',#4889,#4890,#5851,.F.);
#3780=EDGE_CURVE('',#4890,#4860,#5852,.F.);
#3781=EDGE_CURVE('',#4890,#4891,#5853,.F.);
#3782=EDGE_CURVE('',#4891,#4861,#5854,.F.);
#3783=EDGE_CURVE('',#4891,#4888,#5855,.F.);
#3784=EDGE_CURVE('',#4866,#4871,#5856,.F.);
#3785=EDGE_CURVE('',#4867,#4870,#5857,.F.);
#3786=EDGE_CURVE('',#4892,#4892,#620,.F.);
#3787=EDGE_CURVE('',#4893,#4893,#621,.F.);
#3788=EDGE_CURVE('',#4894,#4894,#622,.F.);
#3789=EDGE_CURVE('',#4895,#4895,#623,.F.);
#3790=EDGE_CURVE('',#4896,#4892,#5858,.T.);
#3791=EDGE_CURVE('',#4896,#4896,#624,.F.);
#3792=EDGE_CURVE('',#4897,#4893,#5859,.T.);
#3793=EDGE_CURVE('',#4897,#4897,#625,.F.);
#3794=EDGE_CURVE('',#4898,#4894,#5860,.T.);
#3795=EDGE_CURVE('',#4898,#4898,#626,.F.);
#3796=EDGE_CURVE('',#4899,#4895,#5861,.T.);
#3797=EDGE_CURVE('',#4899,#4899,#627,.F.);
#3798=EDGE_CURVE('',#4900,#4900,#628,.F.);
#3799=EDGE_CURVE('',#4901,#4901,#629,.F.);
#3800=EDGE_CURVE('',#4902,#4902,#630,.F.);
#3801=EDGE_CURVE('',#4903,#4903,#631,.F.);
#3802=EDGE_CURVE('',#4904,#4900,#5862,.T.);
#3803=EDGE_CURVE('',#4904,#4904,#632,.F.);
#3804=EDGE_CURVE('',#4905,#4901,#5863,.T.);
#3805=EDGE_CURVE('',#4905,#4905,#633,.F.);
#3806=EDGE_CURVE('',#4906,#4902,#5864,.T.);
#3807=EDGE_CURVE('',#4906,#4906,#634,.F.);
#3808=EDGE_CURVE('',#4907,#4903,#5865,.T.);
#3809=EDGE_CURVE('',#4907,#4907,#635,.F.);
#3810=EDGE_CURVE('',#4908,#4909,#5866,.T.);
#3811=EDGE_CURVE('',#4910,#4908,#5867,.T.);
#3812=EDGE_CURVE('',#4910,#4911,#5868,.T.);
#3813=EDGE_CURVE('',#4911,#4909,#5869,.F.);
#3814=EDGE_CURVE('',#4908,#4912,#5870,.F.);
#3815=EDGE_CURVE('',#4913,#4912,#5871,.F.);
#3816=EDGE_CURVE('',#4910,#4913,#5872,.F.);
#3817=EDGE_CURVE('',#4912,#4914,#5873,.T.);
#3818=EDGE_CURVE('',#4915,#4914,#5874,.T.);
#3819=EDGE_CURVE('',#4913,#4915,#5875,.T.);
#3820=EDGE_CURVE('',#4916,#4916,#636,.F.);
#3821=EDGE_CURVE('',#4917,#4917,#637,.F.);
#3822=EDGE_CURVE('',#4918,#4918,#638,.F.);
#3823=EDGE_CURVE('',#4919,#4919,#639,.F.);
#3824=EDGE_CURVE('',#4909,#4914,#5876,.F.);
#3825=EDGE_CURVE('',#4911,#4915,#5877,.F.);
#3826=EDGE_CURVE('',#4920,#4921,#5878,.F.);
#3827=EDGE_CURVE('',#4922,#4920,#5879,.T.);
#3828=EDGE_CURVE('',#4922,#4923,#5880,.F.);
#3829=EDGE_CURVE('',#4923,#4921,#5881,.T.);
#3830=EDGE_CURVE('',#4924,#4920,#5882,.F.);
#3831=EDGE_CURVE('',#4925,#4921,#5883,.F.);
#3832=EDGE_CURVE('',#4925,#4924,#5884,.T.);
#3833=EDGE_CURVE('',#4926,#4923,#5885,.F.);
#3834=EDGE_CURVE('',#4925,#4926,#5886,.F.);
#3835=EDGE_CURVE('',#4927,#4922,#5887,.T.);
#3836=EDGE_CURVE('',#4926,#4927,#5888,.T.);
#3837=EDGE_CURVE('',#4924,#4927,#5889,.F.);
#3838=EDGE_CURVE('',#4928,#4928,#640,.F.);
#3839=EDGE_CURVE('',#4929,#4929,#641,.T.);
#3840=EDGE_CURVE('',#4930,#4930,#642,.T.);
#3841=EDGE_CURVE('',#4931,#4931,#643,.F.);
#3842=EDGE_CURVE('',#4932,#4932,#644,.T.);
#3843=EDGE_CURVE('',#4933,#4933,#645,.T.);
#3844=EDGE_CURVE('',#4934,#4934,#646,.F.);
#3845=EDGE_CURVE('',#4935,#4935,#647,.T.);
#3846=EDGE_CURVE('',#4936,#4936,#648,.T.);
#3847=EDGE_CURVE('',#4937,#4937,#649,.F.);
#3848=EDGE_CURVE('',#4938,#4938,#650,.T.);
#3849=EDGE_CURVE('',#4939,#4939,#651,.T.);
#3850=EDGE_CURVE('',#4940,#4940,#652,.T.);
#3851=EDGE_CURVE('',#4941,#4941,#653,.T.);
#3852=EDGE_CURVE('',#4942,#4942,#654,.T.);
#3853=EDGE_CURVE('',#4943,#4943,#655,.T.);
#3854=EDGE_CURVE('',#4944,#4944,#656,.T.);
#3855=EDGE_CURVE('',#4945,#4945,#657,.F.);
#3856=EDGE_CURVE('',#4946,#4946,#658,.F.);
#3857=EDGE_CURVE('',#4947,#4947,#659,.F.);
#3858=EDGE_CURVE('',#4948,#4948,#660,.F.);
#3859=EDGE_CURVE('',#4949,#4949,#661,.T.);
#3860=EDGE_CURVE('',#4950,#4950,#662,.T.);
#3861=EDGE_CURVE('',#4951,#4951,#663,.F.);
#3862=EDGE_CURVE('',#4952,#4952,#664,.T.);
#3863=EDGE_CURVE('',#4953,#4953,#665,.T.);
#3864=EDGE_CURVE('',#4954,#4955,#5890,.T.);
#3865=EDGE_CURVE('',#4955,#4956,#5891,.F.);
#3866=EDGE_CURVE('',#4957,#4956,#5892,.T.);
#3867=EDGE_CURVE('',#4954,#4957,#5893,.F.);
#3868=EDGE_CURVE('',#4958,#4954,#5894,.T.);
#3869=EDGE_CURVE('',#4959,#4957,#5895,.F.);
#3870=EDGE_CURVE('',#4958,#4959,#5896,.F.);
#3871=EDGE_CURVE('',#4955,#4960,#5897,.T.);
#3872=EDGE_CURVE('',#4960,#4961,#5898,.F.);
#3873=EDGE_CURVE('',#4956,#4961,#5899,.F.);
#3874=EDGE_CURVE('',#4962,#4958,#5900,.T.);
#3875=EDGE_CURVE('',#4963,#4962,#5901,.T.);
#3876=EDGE_CURVE('',#4964,#4963,#5902,.T.);
#3877=EDGE_CURVE('',#4965,#4964,#5903,.T.);
#3878=EDGE_CURVE('',#4966,#4965,#5904,.T.);
#3879=EDGE_CURVE('',#4967,#4966,#5905,.T.);
#3880=EDGE_CURVE('',#4968,#4967,#5906,.T.);
#3881=EDGE_CURVE('',#4969,#4968,#5907,.T.);
#3882=EDGE_CURVE('',#4970,#4969,#5908,.T.);
#3883=EDGE_CURVE('',#4971,#4970,#5909,.T.);
#3884=EDGE_CURVE('',#4972,#4971,#5910,.T.);
#3885=EDGE_CURVE('',#4973,#4972,#5911,.T.);
#3886=EDGE_CURVE('',#4974,#4973,#5912,.T.);
#3887=EDGE_CURVE('',#4975,#4974,#5913,.T.);
#3888=EDGE_CURVE('',#4976,#4975,#5914,.T.);
#3889=EDGE_CURVE('',#4977,#4976,#5915,.T.);
#3890=EDGE_CURVE('',#4978,#4977,#5916,.T.);
#3891=EDGE_CURVE('',#4979,#4978,#5917,.T.);
#3892=EDGE_CURVE('',#4980,#4979,#5918,.T.);
#3893=EDGE_CURVE('',#4981,#4980,#5919,.T.);
#3894=EDGE_CURVE('',#4982,#4981,#5920,.T.);
#3895=EDGE_CURVE('',#4983,#4982,#5921,.T.);
#3896=EDGE_CURVE('',#4984,#4983,#5922,.T.);
#3897=EDGE_CURVE('',#4985,#4984,#5923,.T.);
#3898=EDGE_CURVE('',#4986,#4985,#5924,.T.);
#3899=EDGE_CURVE('',#4987,#4986,#5925,.T.);
#3900=EDGE_CURVE('',#4988,#4987,#5926,.T.);
#3901=EDGE_CURVE('',#4989,#4988,#5927,.T.);
#3902=EDGE_CURVE('',#4990,#4989,#5928,.T.);
#3903=EDGE_CURVE('',#4991,#4990,#5929,.T.);
#3904=EDGE_CURVE('',#4992,#4991,#5930,.T.);
#3905=EDGE_CURVE('',#4993,#4992,#5931,.T.);
#3906=EDGE_CURVE('',#4994,#4993,#5932,.T.);
#3907=EDGE_CURVE('',#4995,#4994,#5933,.T.);
#3908=EDGE_CURVE('',#4996,#4995,#5934,.T.);
#3909=EDGE_CURVE('',#4997,#4996,#5935,.T.);
#3910=EDGE_CURVE('',#4998,#4997,#5936,.T.);
#3911=EDGE_CURVE('',#4999,#4998,#5937,.T.);
#3912=EDGE_CURVE('',#5000,#4999,#5938,.T.);
#3913=EDGE_CURVE('',#5001,#5000,#5939,.T.);
#3914=EDGE_CURVE('',#5002,#5001,#5940,.T.);
#3915=EDGE_CURVE('',#5003,#5002,#5941,.T.);
#3916=EDGE_CURVE('',#5004,#5003,#5942,.T.);
#3917=EDGE_CURVE('',#5005,#5004,#5943,.T.);
#3918=EDGE_CURVE('',#5006,#5005,#5944,.T.);
#3919=EDGE_CURVE('',#5007,#5006,#5945,.T.);
#3920=EDGE_CURVE('',#4960,#5007,#5946,.T.);
#3921=EDGE_CURVE('',#5008,#5009,#5947,.T.);
#3922=EDGE_CURVE('',#5009,#5010,#5948,.F.);
#3923=EDGE_CURVE('',#5011,#5010,#5949,.F.);
#3924=EDGE_CURVE('',#5008,#5011,#5950,.F.);
#3925=EDGE_CURVE('',#5012,#5013,#5951,.F.);
#3926=EDGE_CURVE('',#5014,#5012,#5952,.F.);
#3927=EDGE_CURVE('',#5014,#5015,#5953,.T.);
#3928=EDGE_CURVE('',#5015,#5013,#5954,.F.);
#3929=EDGE_CURVE('',#5016,#5017,#5955,.F.);
#3930=EDGE_CURVE('',#5018,#5017,#5956,.F.);
#3931=EDGE_CURVE('',#5019,#5018,#5957,.F.);
#3932=EDGE_CURVE('',#5019,#5016,#5958,.T.);
#3933=EDGE_CURVE('',#5020,#5021,#5959,.F.);
#3934=EDGE_CURVE('',#5022,#5020,#5960,.F.);
#3935=EDGE_CURVE('',#5022,#5023,#5961,.T.);
#3936=EDGE_CURVE('',#5023,#5021,#5962,.F.);
#3937=EDGE_CURVE('',#5024,#5025,#5963,.F.);
#3938=EDGE_CURVE('',#5026,#5025,#5964,.F.);
#3939=EDGE_CURVE('',#5027,#5026,#5965,.F.);
#3940=EDGE_CURVE('',#5027,#5024,#5966,.T.);
#3941=EDGE_CURVE('',#5028,#5029,#5967,.F.);
#3942=EDGE_CURVE('',#5030,#5028,#5968,.F.);
#3943=EDGE_CURVE('',#5030,#5031,#5969,.T.);
#3944=EDGE_CURVE('',#5031,#5029,#5970,.F.);
#3945=EDGE_CURVE('',#5032,#5033,#5971,.T.);
#3946=EDGE_CURVE('',#5033,#5034,#5972,.F.);
#3947=EDGE_CURVE('',#5035,#5034,#5973,.F.);
#3948=EDGE_CURVE('',#5032,#5035,#5974,.F.);
#3949=EDGE_CURVE('',#5036,#5037,#5975,.F.);
#3950=EDGE_CURVE('',#5038,#5037,#5976,.F.);
#3951=EDGE_CURVE('',#5039,#5038,#5977,.F.);
#3952=EDGE_CURVE('',#5039,#5036,#5978,.T.);
#3953=EDGE_CURVE('',#4961,#5040,#5979,.T.);
#3954=EDGE_CURVE('',#5040,#5041,#5980,.T.);
#3955=EDGE_CURVE('',#5041,#5042,#5981,.F.);
#3956=EDGE_CURVE('',#5042,#5043,#5982,.T.);
#3957=EDGE_CURVE('',#5043,#5044,#5983,.T.);
#3958=EDGE_CURVE('',#5044,#5045,#5984,.F.);
#3959=EDGE_CURVE('',#5045,#5046,#5985,.T.);
#3960=EDGE_CURVE('',#5046,#5047,#5986,.T.);
#3961=EDGE_CURVE('',#5047,#5048,#5987,.F.);
#3962=EDGE_CURVE('',#5048,#5049,#5988,.T.);
#3963=EDGE_CURVE('',#5049,#5050,#5989,.T.);
#3964=EDGE_CURVE('',#5050,#5051,#5990,.F.);
#3965=EDGE_CURVE('',#5051,#5052,#5991,.T.);
#3966=EDGE_CURVE('',#5052,#5053,#5992,.T.);
#3967=EDGE_CURVE('',#5053,#5054,#5993,.F.);
#3968=EDGE_CURVE('',#5054,#5055,#5994,.T.);
#3969=EDGE_CURVE('',#5055,#5056,#5995,.T.);
#3970=EDGE_CURVE('',#5056,#5057,#5996,.F.);
#3971=EDGE_CURVE('',#5057,#5058,#5997,.T.);
#3972=EDGE_CURVE('',#5058,#5059,#5998,.T.);
#3973=EDGE_CURVE('',#5059,#5060,#5999,.F.);
#3974=EDGE_CURVE('',#5060,#5061,#6000,.T.);
#3975=EDGE_CURVE('',#5061,#5062,#6001,.T.);
#3976=EDGE_CURVE('',#5062,#5063,#6002,.T.);
#3977=EDGE_CURVE('',#5063,#5064,#6003,.T.);
#3978=EDGE_CURVE('',#5064,#5065,#6004,.T.);
#3979=EDGE_CURVE('',#5065,#5066,#6005,.T.);
#3980=EDGE_CURVE('',#5066,#5067,#6006,.T.);
#3981=EDGE_CURVE('',#5067,#5068,#6007,.T.);
#3982=EDGE_CURVE('',#5068,#5069,#6008,.T.);
#3983=EDGE_CURVE('',#5069,#5070,#6009,.T.);
#3984=EDGE_CURVE('',#5070,#5071,#6010,.T.);
#3985=EDGE_CURVE('',#5071,#5072,#6011,.T.);
#3986=EDGE_CURVE('',#5072,#5073,#6012,.T.);
#3987=EDGE_CURVE('',#5073,#5074,#6013,.T.);
#3988=EDGE_CURVE('',#5074,#5075,#6014,.T.);
#3989=EDGE_CURVE('',#5075,#5076,#6015,.T.);
#3990=EDGE_CURVE('',#5076,#5077,#6016,.T.);
#3991=EDGE_CURVE('',#5077,#5078,#6017,.T.);
#3992=EDGE_CURVE('',#5078,#5079,#6018,.T.);
#3993=EDGE_CURVE('',#5079,#5080,#6019,.T.);
#3994=EDGE_CURVE('',#5080,#5081,#6020,.T.);
#3995=EDGE_CURVE('',#5081,#5082,#6021,.T.);
#3996=EDGE_CURVE('',#5082,#5083,#6022,.T.);
#3997=EDGE_CURVE('',#5083,#5084,#6023,.T.);
#3998=EDGE_CURVE('',#5084,#5085,#6024,.T.);
#3999=EDGE_CURVE('',#5085,#4959,#6025,.T.);
#4000=EDGE_CURVE('',#5086,#5087,#6026,.F.);
#4001=EDGE_CURVE('',#5087,#5088,#6027,.T.);
#4002=EDGE_CURVE('',#5089,#5088,#6028,.F.);
#4003=EDGE_CURVE('',#5086,#5089,#6029,.F.);
#4004=EDGE_CURVE('',#5090,#5091,#6030,.F.);
#4005=EDGE_CURVE('',#5092,#5090,#6031,.F.);
#4006=EDGE_CURVE('',#5092,#5093,#6032,.F.);
#4007=EDGE_CURVE('',#5093,#5091,#6033,.T.);
#4008=EDGE_CURVE('',#5094,#5095,#6034,.F.);
#4009=EDGE_CURVE('',#5094,#5096,#6035,.F.);
#4010=EDGE_CURVE('',#5096,#5097,#6036,.T.);
#4011=EDGE_CURVE('',#5095,#5097,#6037,.F.);
#4012=EDGE_CURVE('',#5098,#5099,#6038,.F.);
#4013=EDGE_CURVE('',#5100,#5098,#6039,.F.);
#4014=EDGE_CURVE('',#5100,#5101,#6040,.F.);
#4015=EDGE_CURVE('',#5101,#5099,#6041,.T.);
#4016=EDGE_CURVE('',#5102,#5103,#6042,.F.);
#4017=EDGE_CURVE('',#5102,#5104,#6043,.F.);
#4018=EDGE_CURVE('',#5104,#5105,#6044,.T.);
#4019=EDGE_CURVE('',#5103,#5105,#6045,.F.);
#4020=EDGE_CURVE('',#5106,#5107,#6046,.F.);
#4021=EDGE_CURVE('',#5108,#5106,#6047,.F.);
#4022=EDGE_CURVE('',#5108,#5109,#6048,.F.);
#4023=EDGE_CURVE('',#5109,#5107,#6049,.T.);
#4024=EDGE_CURVE('',#5110,#5111,#6050,.F.);
#4025=EDGE_CURVE('',#5111,#5112,#6051,.T.);
#4026=EDGE_CURVE('',#5113,#5112,#6052,.F.);
#4027=EDGE_CURVE('',#5110,#5113,#6053,.F.);
#4028=EDGE_CURVE('',#5114,#5115,#6054,.F.);
#4029=EDGE_CURVE('',#5114,#5116,#6055,.F.);
#4030=EDGE_CURVE('',#5116,#5117,#6056,.T.);
#4031=EDGE_CURVE('',#5115,#5117,#6057,.F.);
#4032=EDGE_CURVE('',#4962,#5085,#6058,.F.);
#4033=EDGE_CURVE('',#5007,#5040,#6059,.F.);
#4034=EDGE_CURVE('',#4963,#5084,#6060,.F.);
#4035=EDGE_CURVE('',#5006,#5041,#6061,.F.);
#4036=EDGE_CURVE('',#4964,#5083,#6062,.F.);
#4037=EDGE_CURVE('',#5005,#5042,#6063,.F.);
#4038=EDGE_CURVE('',#4965,#5082,#6064,.F.);
#4039=EDGE_CURVE('',#5004,#5043,#6065,.F.);
#4040=EDGE_CURVE('',#4966,#5081,#6066,.F.);
#4041=EDGE_CURVE('',#5003,#5044,#6067,.F.);
#4042=EDGE_CURVE('',#4967,#5080,#6068,.F.);
#4043=EDGE_CURVE('',#5002,#5045,#6069,.F.);
#4044=EDGE_CURVE('',#4968,#5079,#6070,.F.);
#4045=EDGE_CURVE('',#5001,#5046,#6071,.F.);
#4046=EDGE_CURVE('',#4969,#5078,#6072,.F.);
#4047=EDGE_CURVE('',#5000,#5047,#6073,.F.);
#4048=EDGE_CURVE('',#4970,#5077,#6074,.F.);
#4049=EDGE_CURVE('',#4999,#5048,#6075,.F.);
#4050=EDGE_CURVE('',#4971,#5076,#6076,.F.);
#4051=EDGE_CURVE('',#4998,#5049,#6077,.F.);
#4052=EDGE_CURVE('',#4972,#5075,#6078,.F.);
#4053=EDGE_CURVE('',#4997,#5050,#6079,.F.);
#4054=EDGE_CURVE('',#4973,#5074,#6080,.F.);
#4055=EDGE_CURVE('',#4996,#5051,#6081,.F.);
#4056=EDGE_CURVE('',#4974,#5073,#6082,.F.);
#4057=EDGE_CURVE('',#4995,#5052,#6083,.F.);
#4058=EDGE_CURVE('',#4975,#5072,#6084,.F.);
#4059=EDGE_CURVE('',#4994,#5053,#6085,.F.);
#4060=EDGE_CURVE('',#4976,#5071,#6086,.F.);
#4061=EDGE_CURVE('',#4993,#5054,#6087,.F.);
#4062=EDGE_CURVE('',#4977,#5070,#6088,.F.);
#4063=EDGE_CURVE('',#4992,#5055,#6089,.F.);
#4064=EDGE_CURVE('',#4978,#5069,#6090,.F.);
#4065=EDGE_CURVE('',#4991,#5056,#6091,.F.);
#4066=EDGE_CURVE('',#4979,#5068,#6092,.F.);
#4067=EDGE_CURVE('',#4990,#5057,#6093,.F.);
#4068=EDGE_CURVE('',#4980,#5067,#6094,.F.);
#4069=EDGE_CURVE('',#4989,#5058,#6095,.F.);
#4070=EDGE_CURVE('',#4981,#5066,#6096,.F.);
#4071=EDGE_CURVE('',#4988,#5059,#6097,.F.);
#4072=EDGE_CURVE('',#4982,#5065,#6098,.F.);
#4073=EDGE_CURVE('',#4987,#5060,#6099,.F.);
#4074=EDGE_CURVE('',#4983,#5064,#6100,.F.);
#4075=EDGE_CURVE('',#4986,#5061,#6101,.F.);
#4076=EDGE_CURVE('',#4984,#5063,#6102,.F.);
#4077=EDGE_CURVE('',#4985,#5062,#6103,.F.);
#4078=EDGE_CURVE('',#5118,#5011,#6104,.T.);
#4079=EDGE_CURVE('',#5118,#5119,#6105,.T.);
#4080=EDGE_CURVE('',#5119,#5008,#6106,.T.);
#4081=EDGE_CURVE('',#5119,#5120,#6107,.F.);
#4082=EDGE_CURVE('',#5120,#5009,#6108,.T.);
#4083=EDGE_CURVE('',#5121,#5120,#6109,.F.);
#4084=EDGE_CURVE('',#5121,#5010,#6110,.T.);
#4085=EDGE_CURVE('',#5118,#5121,#6111,.T.);
#4086=EDGE_CURVE('',#5122,#5015,#6112,.T.);
#4087=EDGE_CURVE('',#5123,#5122,#6113,.F.);
#4088=EDGE_CURVE('',#5123,#5013,#6114,.T.);
#4089=EDGE_CURVE('',#5124,#5123,#6115,.T.);
#4090=EDGE_CURVE('',#5124,#5012,#6116,.T.);
#4091=EDGE_CURVE('',#5124,#5125,#6117,.T.);
#4092=EDGE_CURVE('',#5125,#5014,#6118,.T.);
#4093=EDGE_CURVE('',#5125,#5122,#6119,.F.);
#4094=EDGE_CURVE('',#5126,#5019,#6120,.T.);
#4095=EDGE_CURVE('',#5126,#5127,#6121,.F.);
#4096=EDGE_CURVE('',#5127,#5016,#6122,.T.);
#4097=EDGE_CURVE('',#5128,#5127,#6123,.F.);
#4098=EDGE_CURVE('',#5128,#5017,#6124,.T.);
#4099=EDGE_CURVE('',#5129,#5128,#6125,.T.);
#4100=EDGE_CURVE('',#5129,#5018,#6126,.T.);
#4101=EDGE_CURVE('',#5129,#5126,#6127,.T.);
#4102=EDGE_CURVE('',#5130,#5023,#6128,.T.);
#4103=EDGE_CURVE('',#5131,#5130,#6129,.F.);
#4104=EDGE_CURVE('',#5131,#5021,#6130,.T.);
#4105=EDGE_CURVE('',#5132,#5131,#6131,.T.);
#4106=EDGE_CURVE('',#5132,#5020,#6132,.T.);
#4107=EDGE_CURVE('',#5132,#5133,#6133,.T.);
#4108=EDGE_CURVE('',#5133,#5022,#6134,.T.);
#4109=EDGE_CURVE('',#5133,#5130,#6135,.F.);
#4110=EDGE_CURVE('',#5134,#5027,#6136,.T.);
#4111=EDGE_CURVE('',#5134,#5135,#6137,.F.);
#4112=EDGE_CURVE('',#5135,#5024,#6138,.T.);
#4113=EDGE_CURVE('',#5136,#5135,#6139,.F.);
#4114=EDGE_CURVE('',#5136,#5025,#6140,.T.);
#4115=EDGE_CURVE('',#5137,#5136,#6141,.T.);
#4116=EDGE_CURVE('',#5137,#5026,#6142,.T.);
#4117=EDGE_CURVE('',#5137,#5134,#6143,.T.);
#4118=EDGE_CURVE('',#5138,#5031,#6144,.T.);
#4119=EDGE_CURVE('',#5139,#5138,#6145,.F.);
#4120=EDGE_CURVE('',#5139,#5029,#6146,.T.);
#4121=EDGE_CURVE('',#5140,#5139,#6147,.T.);
#4122=EDGE_CURVE('',#5140,#5028,#6148,.T.);
#4123=EDGE_CURVE('',#5140,#5141,#6149,.T.);
#4124=EDGE_CURVE('',#5141,#5030,#6150,.T.);
#4125=EDGE_CURVE('',#5141,#5138,#6151,.F.);
#4126=EDGE_CURVE('',#5142,#5035,#6152,.T.);
#4127=EDGE_CURVE('',#5142,#5143,#6153,.T.);
#4128=EDGE_CURVE('',#5143,#5032,#6154,.T.);
#4129=EDGE_CURVE('',#5143,#5144,#6155,.F.);
#4130=EDGE_CURVE('',#5144,#5033,#6156,.T.);
#4131=EDGE_CURVE('',#5145,#5144,#6157,.F.);
#4132=EDGE_CURVE('',#5145,#5034,#6158,.T.);
#4133=EDGE_CURVE('',#5142,#5145,#6159,.T.);
#4134=EDGE_CURVE('',#5146,#5039,#6160,.T.);
#4135=EDGE_CURVE('',#5146,#5147,#6161,.F.);
#4136=EDGE_CURVE('',#5147,#5036,#6162,.T.);
#4137=EDGE_CURVE('',#5148,#5147,#6163,.F.);
#4138=EDGE_CURVE('',#5148,#5037,#6164,.T.);
#4139=EDGE_CURVE('',#5149,#5148,#6165,.T.);
#4140=EDGE_CURVE('',#5149,#5038,#6166,.T.);
#4141=EDGE_CURVE('',#5149,#5146,#6167,.T.);
#4142=EDGE_CURVE('',#5150,#5151,#6168,.F.);
#4143=EDGE_CURVE('',#5087,#5150,#6169,.T.);
#4144=EDGE_CURVE('',#5086,#5151,#6170,.T.);
#4145=EDGE_CURVE('',#5089,#5152,#6171,.T.);
#4146=EDGE_CURVE('',#5151,#5152,#6172,.T.);
#4147=EDGE_CURVE('',#5088,#5153,#6173,.T.);
#4148=EDGE_CURVE('',#5153,#5152,#6174,.T.);
#4149=EDGE_CURVE('',#5150,#5153,#6175,.F.);
#4150=EDGE_CURVE('',#5090,#5154,#6176,.T.);
#4151=EDGE_CURVE('',#5091,#5155,#6177,.T.);
#4152=EDGE_CURVE('',#5155,#5154,#6178,.T.);
#4153=EDGE_CURVE('',#5156,#5155,#6179,.F.);
#4154=EDGE_CURVE('',#5093,#5156,#6180,.T.);
#4155=EDGE_CURVE('',#5156,#5157,#6181,.F.);
#4156=EDGE_CURVE('',#5092,#5157,#6182,.T.);
#4157=EDGE_CURVE('',#5157,#5154,#6183,.T.);
#4158=EDGE_CURVE('',#5094,#5158,#6184,.T.);
#4159=EDGE_CURVE('',#5095,#5159,#6185,.T.);
#4160=EDGE_CURVE('',#5158,#5159,#6186,.T.);
#4161=EDGE_CURVE('',#5097,#5160,#6187,.T.);
#4162=EDGE_CURVE('',#5160,#5159,#6188,.T.);
#4163=EDGE_CURVE('',#5161,#5160,#6189,.F.);
#4164=EDGE_CURVE('',#5096,#5161,#6190,.T.);
#4165=EDGE_CURVE('',#5161,#5158,#6191,.F.);
#4166=EDGE_CURVE('',#5098,#5162,#6192,.T.);
#4167=EDGE_CURVE('',#5099,#5163,#6193,.T.);
#4168=EDGE_CURVE('',#5163,#5162,#6194,.T.);
#4169=EDGE_CURVE('',#5164,#5163,#6195,.F.);
#4170=EDGE_CURVE('',#5101,#5164,#6196,.T.);
#4171=EDGE_CURVE('',#5164,#5165,#6197,.F.);
#4172=EDGE_CURVE('',#5100,#5165,#6198,.T.);
#4173=EDGE_CURVE('',#5165,#5162,#6199,.T.);
#4174=EDGE_CURVE('',#5102,#5166,#6200,.T.);
#4175=EDGE_CURVE('',#5103,#5167,#6201,.T.);
#4176=EDGE_CURVE('',#5166,#5167,#6202,.T.);
#4177=EDGE_CURVE('',#5105,#5168,#6203,.T.);
#4178=EDGE_CURVE('',#5168,#5167,#6204,.T.);
#4179=EDGE_CURVE('',#5169,#5168,#6205,.F.);
#4180=EDGE_CURVE('',#5104,#5169,#6206,.T.);
#4181=EDGE_CURVE('',#5169,#5166,#6207,.F.);
#4182=EDGE_CURVE('',#5106,#5170,#6208,.T.);
#4183=EDGE_CURVE('',#5107,#5171,#6209,.T.);
#4184=EDGE_CURVE('',#5171,#5170,#6210,.T.);
#4185=EDGE_CURVE('',#5172,#5171,#6211,.F.);
#4186=EDGE_CURVE('',#5109,#5172,#6212,.T.);
#4187=EDGE_CURVE('',#5172,#5173,#6213,.F.);
#4188=EDGE_CURVE('',#5108,#5173,#6214,.T.);
#4189=EDGE_CURVE('',#5173,#5170,#6215,.T.);
#4190=EDGE_CURVE('',#5174,#5175,#6216,.F.);
#4191=EDGE_CURVE('',#5111,#5174,#6217,.T.);
#4192=EDGE_CURVE('',#5110,#5175,#6218,.T.);
#4193=EDGE_CURVE('',#5113,#5176,#6219,.T.);
#4194=EDGE_CURVE('',#5175,#5176,#6220,.T.);
#4195=EDGE_CURVE('',#5112,#5177,#6221,.T.);
#4196=EDGE_CURVE('',#5177,#5176,#6222,.T.);
#4197=EDGE_CURVE('',#5174,#5177,#6223,.F.);
#4198=EDGE_CURVE('',#5114,#5178,#6224,.T.);
#4199=EDGE_CURVE('',#5115,#5179,#6225,.T.);
#4200=EDGE_CURVE('',#5178,#5179,#6226,.T.);
#4201=EDGE_CURVE('',#5117,#5180,#6227,.T.);
#4202=EDGE_CURVE('',#5180,#5179,#6228,.T.);
#4203=EDGE_CURVE('',#5181,#5180,#6229,.F.);
#4204=EDGE_CURVE('',#5116,#5181,#6230,.T.);
#4205=EDGE_CURVE('',#5181,#5178,#6231,.F.);
#4206=EDGE_CURVE('',#5182,#5183,#6232,.F.);
#4207=EDGE_CURVE('',#5119,#5183,#6233,.T.);
#4208=EDGE_CURVE('',#5118,#5182,#6234,.T.);
#4209=EDGE_CURVE('',#5183,#5184,#6235,.T.);
#4210=EDGE_CURVE('',#5120,#5184,#6236,.T.);
#4211=EDGE_CURVE('',#5121,#5185,#6237,.T.);
#4212=EDGE_CURVE('',#5185,#5184,#6238,.T.);
#4213=EDGE_CURVE('',#5182,#5185,#6239,.T.);
#4214=EDGE_CURVE('',#5123,#5186,#6240,.T.);
#4215=EDGE_CURVE('',#5122,#5187,#6241,.T.);
#4216=EDGE_CURVE('',#5186,#5187,#6242,.T.);
#4217=EDGE_CURVE('',#5124,#5188,#6243,.T.);
#4218=EDGE_CURVE('',#5188,#5186,#6244,.T.);
#4219=EDGE_CURVE('',#5188,#5189,#6245,.F.);
#4220=EDGE_CURVE('',#5125,#5189,#6246,.T.);
#4221=EDGE_CURVE('',#5189,#5187,#6247,.T.);
#4222=EDGE_CURVE('',#5190,#5191,#6248,.T.);
#4223=EDGE_CURVE('',#5127,#5191,#6249,.T.);
#4224=EDGE_CURVE('',#5126,#5190,#6250,.T.);
#4225=EDGE_CURVE('',#5128,#5192,#6251,.T.);
#4226=EDGE_CURVE('',#5192,#5191,#6252,.T.);
#4227=EDGE_CURVE('',#5129,#5193,#6253,.T.);
#4228=EDGE_CURVE('',#5193,#5192,#6254,.T.);
#4229=EDGE_CURVE('',#5193,#5190,#6255,.F.);
#4230=EDGE_CURVE('',#5131,#5194,#6256,.T.);
#4231=EDGE_CURVE('',#5130,#5195,#6257,.T.);
#4232=EDGE_CURVE('',#5194,#5195,#6258,.T.);
#4233=EDGE_CURVE('',#5132,#5196,#6259,.T.);
#4234=EDGE_CURVE('',#5196,#5194,#6260,.T.);
#4235=EDGE_CURVE('',#5196,#5197,#6261,.F.);
#4236=EDGE_CURVE('',#5133,#5197,#6262,.T.);
#4237=EDGE_CURVE('',#5197,#5195,#6263,.T.);
#4238=EDGE_CURVE('',#5198,#5199,#6264,.T.);
#4239=EDGE_CURVE('',#5135,#5199,#6265,.T.);
#4240=EDGE_CURVE('',#5134,#5198,#6266,.T.);
#4241=EDGE_CURVE('',#5136,#5200,#6267,.T.);
#4242=EDGE_CURVE('',#5200,#5199,#6268,.T.);
#4243=EDGE_CURVE('',#5137,#5201,#6269,.T.);
#4244=EDGE_CURVE('',#5201,#5200,#6270,.T.);
#4245=EDGE_CURVE('',#5201,#5198,#6271,.F.);
#4246=EDGE_CURVE('',#5139,#5202,#6272,.T.);
#4247=EDGE_CURVE('',#5138,#5203,#6273,.T.);
#4248=EDGE_CURVE('',#5202,#5203,#6274,.T.);
#4249=EDGE_CURVE('',#5140,#5204,#6275,.T.);
#4250=EDGE_CURVE('',#5204,#5202,#6276,.T.);
#4251=EDGE_CURVE('',#5204,#5205,#6277,.F.);
#4252=EDGE_CURVE('',#5141,#5205,#6278,.T.);
#4253=EDGE_CURVE('',#5205,#5203,#6279,.T.);
#4254=EDGE_CURVE('',#5206,#5207,#6280,.F.);
#4255=EDGE_CURVE('',#5143,#5207,#6281,.T.);
#4256=EDGE_CURVE('',#5142,#5206,#6282,.T.);
#4257=EDGE_CURVE('',#5207,#5208,#6283,.T.);
#4258=EDGE_CURVE('',#5144,#5208,#6284,.T.);
#4259=EDGE_CURVE('',#5145,#5209,#6285,.T.);
#4260=EDGE_CURVE('',#5209,#5208,#6286,.T.);
#4261=EDGE_CURVE('',#5206,#5209,#6287,.T.);
#4262=EDGE_CURVE('',#5210,#5211,#6288,.T.);
#4263=EDGE_CURVE('',#5147,#5211,#6289,.T.);
#4264=EDGE_CURVE('',#5146,#5210,#6290,.T.);
#4265=EDGE_CURVE('',#5148,#5212,#6291,.T.);
#4266=EDGE_CURVE('',#5212,#5211,#6292,.T.);
#4267=EDGE_CURVE('',#5149,#5213,#6293,.T.);
#4268=EDGE_CURVE('',#5213,#5212,#6294,.T.);
#4269=EDGE_CURVE('',#5213,#5210,#6295,.F.);
#4270=EDGE_CURVE('',#5150,#5214,#6296,.T.);
#4271=EDGE_CURVE('',#5151,#5215,#6297,.T.);
#4272=EDGE_CURVE('',#5214,#5215,#6298,.T.);
#4273=EDGE_CURVE('',#5152,#5216,#6299,.T.);
#4274=EDGE_CURVE('',#5215,#5216,#6300,.T.);
#4275=EDGE_CURVE('',#5217,#5216,#6301,.F.);
#4276=EDGE_CURVE('',#5153,#5217,#6302,.T.);
#4277=EDGE_CURVE('',#5214,#5217,#6303,.T.);
#4278=EDGE_CURVE('',#5218,#5219,#6304,.F.);
#4279=EDGE_CURVE('',#5154,#5219,#6305,.T.);
#4280=EDGE_CURVE('',#5155,#5218,#6306,.T.);
#4281=EDGE_CURVE('',#5220,#5218,#6307,.T.);
#4282=EDGE_CURVE('',#5156,#5220,#6308,.T.);
#4283=EDGE_CURVE('',#5157,#5221,#6309,.T.);
#4284=EDGE_CURVE('',#5220,#5221,#6310,.T.);
#4285=EDGE_CURVE('',#5221,#5219,#6311,.T.);
#4286=EDGE_CURVE('',#5158,#5222,#6312,.T.);
#4287=EDGE_CURVE('',#5159,#5223,#6313,.T.);
#4288=EDGE_CURVE('',#5222,#5223,#6314,.T.);
#4289=EDGE_CURVE('',#5224,#5223,#6315,.F.);
#4290=EDGE_CURVE('',#5160,#5224,#6316,.T.);
#4291=EDGE_CURVE('',#5225,#5224,#6317,.T.);
#4292=EDGE_CURVE('',#5161,#5225,#6318,.T.);
#4293=EDGE_CURVE('',#5225,#5222,#6319,.T.);
#4294=EDGE_CURVE('',#5226,#5227,#6320,.F.);
#4295=EDGE_CURVE('',#5162,#5227,#6321,.T.);
#4296=EDGE_CURVE('',#5163,#5226,#6322,.T.);
#4297=EDGE_CURVE('',#5228,#5226,#6323,.T.);
#4298=EDGE_CURVE('',#5164,#5228,#6324,.T.);
#4299=EDGE_CURVE('',#5165,#5229,#6325,.T.);
#4300=EDGE_CURVE('',#5228,#5229,#6326,.T.);
#4301=EDGE_CURVE('',#5229,#5227,#6327,.T.);
#4302=EDGE_CURVE('',#5166,#5230,#6328,.T.);
#4303=EDGE_CURVE('',#5167,#5231,#6329,.T.);
#4304=EDGE_CURVE('',#5230,#5231,#6330,.T.);
#4305=EDGE_CURVE('',#5232,#5231,#6331,.F.);
#4306=EDGE_CURVE('',#5168,#5232,#6332,.T.);
#4307=EDGE_CURVE('',#5233,#5232,#6333,.T.);
#4308=EDGE_CURVE('',#5169,#5233,#6334,.T.);
#4309=EDGE_CURVE('',#5233,#5230,#6335,.T.);
#4310=EDGE_CURVE('',#5234,#5235,#6336,.F.);
#4311=EDGE_CURVE('',#5170,#5235,#6337,.T.);
#4312=EDGE_CURVE('',#5171,#5234,#6338,.T.);
#4313=EDGE_CURVE('',#5236,#5234,#6339,.T.);
#4314=EDGE_CURVE('',#5172,#5236,#6340,.T.);
#4315=EDGE_CURVE('',#5173,#5237,#6341,.T.);
#4316=EDGE_CURVE('',#5236,#5237,#6342,.T.);
#4317=EDGE_CURVE('',#5237,#5235,#6343,.T.);
#4318=EDGE_CURVE('',#5174,#5238,#6344,.T.);
#4319=EDGE_CURVE('',#5175,#5239,#6345,.T.);
#4320=EDGE_CURVE('',#5238,#5239,#6346,.T.);
#4321=EDGE_CURVE('',#5176,#5240,#6347,.T.);
#4322=EDGE_CURVE('',#5239,#5240,#6348,.T.);
#4323=EDGE_CURVE('',#5241,#5240,#6349,.F.);
#4324=EDGE_CURVE('',#5177,#5241,#6350,.T.);
#4325=EDGE_CURVE('',#5238,#5241,#6351,.T.);
#4326=EDGE_CURVE('',#5178,#5242,#6352,.T.);
#4327=EDGE_CURVE('',#5179,#5243,#6353,.T.);
#4328=EDGE_CURVE('',#5242,#5243,#6354,.T.);
#4329=EDGE_CURVE('',#5244,#5243,#6355,.F.);
#4330=EDGE_CURVE('',#5180,#5244,#6356,.T.);
#4331=EDGE_CURVE('',#5245,#5244,#6357,.T.);
#4332=EDGE_CURVE('',#5181,#5245,#6358,.T.);
#4333=EDGE_CURVE('',#5245,#5242,#6359,.T.);
#4334=EDGE_CURVE('',#5246,#5246,#666,.F.);
#4335=EDGE_CURVE('',#5247,#5247,#667,.T.);
#4336=EDGE_CURVE('',#5248,#5248,#668,.T.);
#4337=EDGE_CURVE('',#5249,#5249,#669,.F.);
#4338=EDGE_CURVE('',#5250,#5250,#670,.T.);
#4339=EDGE_CURVE('',#5251,#5251,#671,.T.);
#4340=EDGE_CURVE('',#5252,#5252,#672,.T.);
#4341=EDGE_CURVE('',#5253,#5253,#673,.T.);
#4342=EDGE_CURVE('',#5254,#5254,#674,.T.);
#4343=EDGE_CURVE('',#5255,#5255,#675,.T.);
#4344=EDGE_CURVE('',#5256,#5256,#676,.T.);
#4345=EDGE_CURVE('',#5257,#5257,#677,.F.);
#4346=EDGE_CURVE('',#5258,#5258,#678,.F.);
#4347=EDGE_CURVE('',#5259,#5259,#679,.F.);
#4348=EDGE_CURVE('',#5260,#5260,#680,.T.);
#4349=EDGE_CURVE('',#5261,#5261,#681,.F.);
#4350=EDGE_CURVE('',#5262,#5262,#682,.F.);
#4351=EDGE_CURVE('',#5263,#5263,#683,.T.);
#4352=EDGE_CURVE('',#5264,#5264,#684,.T.);
#4353=EDGE_CURVE('',#5265,#5265,#685,.T.);
#4354=EDGE_CURVE('',#5266,#5266,#686,.T.);
#4355=EDGE_CURVE('',#5267,#5267,#687,.T.);
#4356=EDGE_CURVE('',#5268,#5268,#688,.T.);
#4357=EDGE_CURVE('',#5269,#5269,#689,.F.);
#4358=EDGE_CURVE('',#5270,#5270,#690,.F.);
#4359=EDGE_CURVE('',#5271,#5271,#691,.F.);
#4360=EDGE_CURVE('',#5272,#5272,#692,.F.);
#4361=EDGE_CURVE('',#5273,#5273,#693,.T.);
#4362=EDGE_CURVE('',#5274,#5274,#694,.T.);
#4363=EDGE_CURVE('',#5275,#5275,#695,.F.);
#4364=EDGE_CURVE('',#5276,#5276,#696,.T.);
#4365=EDGE_CURVE('',#5277,#5277,#697,.T.);
#4366=EDGE_CURVE('',#5278,#5278,#698,.T.);
#4367=EDGE_CURVE('',#5279,#5279,#699,.T.);
#4368=EDGE_CURVE('',#5280,#5280,#700,.T.);
#4369=EDGE_CURVE('',#5281,#5281,#701,.T.);
#4370=EDGE_CURVE('',#5282,#5282,#702,.T.);
#4371=EDGE_CURVE('',#5283,#5283,#703,.F.);
#4372=EDGE_CURVE('',#5284,#5284,#704,.F.);
#4373=EDGE_CURVE('',#5285,#5285,#705,.F.);
#4374=EDGE_CURVE('',#5286,#5286,#706,.T.);
#4375=EDGE_CURVE('',#5287,#5287,#707,.T.);
#4376=EDGE_CURVE('',#5288,#5288,#708,.T.);
#4377=EDGE_CURVE('',#5289,#5289,#709,.T.);
#4378=EDGE_CURVE('',#5290,#5290,#710,.T.);
#4379=EDGE_CURVE('',#5291,#5291,#711,.F.);
#4380=EDGE_CURVE('',#5292,#5292,#712,.F.);
#4381=EDGE_CURVE('',#5293,#5293,#713,.F.);
#4382=EDGE_CURVE('',#5294,#5294,#714,.T.);
#4383=EDGE_CURVE('',#5295,#5295,#715,.T.);
#4384=EDGE_CURVE('',#5296,#5296,#716,.T.);
#4385=EDGE_CURVE('',#5297,#5297,#717,.T.);
#4386=EDGE_CURVE('',#5298,#5298,#718,.T.);
#4387=EDGE_CURVE('',#5299,#5299,#719,.F.);
#4388=EDGE_CURVE('',#5300,#5300,#720,.F.);
#4389=EDGE_CURVE('',#5301,#5301,#721,.F.);
#4390=EDGE_CURVE('',#5302,#5302,#722,.T.);
#4391=EDGE_CURVE('',#5303,#5303,#723,.T.);
#4392=EDGE_CURVE('',#5304,#5304,#724,.T.);
#4393=EDGE_CURVE('',#5305,#5305,#725,.T.);
#4394=EDGE_CURVE('',#5306,#5306,#726,.T.);
#4395=EDGE_CURVE('',#5307,#5307,#727,.F.);
#4396=EDGE_CURVE('',#5308,#5308,#728,.F.);
#4397=EDGE_CURVE('',#5309,#5309,#729,.F.);
#4398=EDGE_CURVE('',#5310,#5310,#730,.T.);
#4399=EDGE_CURVE('',#5311,#5311,#731,.T.);
#4400=EDGE_CURVE('',#5312,#5312,#732,.T.);
#4401=EDGE_CURVE('',#5313,#5313,#733,.T.);
#4402=EDGE_CURVE('',#5314,#5314,#734,.T.);
#4403=EDGE_CURVE('',#5315,#5315,#735,.F.);
#4404=EDGE_CURVE('',#5316,#5316,#736,.F.);
#4405=EDGE_CURVE('',#5317,#5317,#737,.F.);
#4406=EDGE_CURVE('',#5318,#5318,#738,.F.);
#4407=EDGE_CURVE('',#5319,#5319,#739,.T.);
#4408=EDGE_CURVE('',#5320,#5320,#740,.T.);
#4409=EDGE_CURVE('',#5321,#5321,#741,.F.);
#4410=EDGE_CURVE('',#5322,#5322,#742,.T.);
#4411=EDGE_CURVE('',#5323,#5323,#743,.T.);
#4412=EDGE_CURVE('',#5324,#5324,#744,.F.);
#4413=EDGE_CURVE('',#5325,#5325,#745,.T.);
#4414=EDGE_CURVE('',#5326,#5326,#746,.T.);
#4415=EDGE_CURVE('',#5327,#5327,#747,.F.);
#4416=EDGE_CURVE('',#5328,#5328,#748,.T.);
#4417=EDGE_CURVE('',#5329,#5329,#749,.T.);
#4418=EDGE_CURVE('',#5330,#5330,#750,.T.);
#4419=EDGE_CURVE('',#5331,#5331,#751,.T.);
#4420=EDGE_CURVE('',#5332,#5332,#752,.T.);
#4421=EDGE_CURVE('',#5333,#5333,#753,.T.);
#4422=EDGE_CURVE('',#5334,#5334,#754,.T.);
#4423=EDGE_CURVE('',#5335,#5335,#755,.F.);
#4424=EDGE_CURVE('',#5336,#5336,#756,.F.);
#4425=EDGE_CURVE('',#5337,#5337,#757,.F.);
#4426=EDGE_CURVE('',#5338,#5338,#758,.F.);
#4427=EDGE_CURVE('',#5339,#5339,#759,.T.);
#4428=EDGE_CURVE('',#5340,#5340,#760,.T.);
#4429=EDGE_CURVE('',#5341,#5341,#761,.F.);
#4430=EDGE_CURVE('',#5342,#5342,#762,.T.);
#4431=EDGE_CURVE('',#5343,#5343,#763,.T.);
#4432=EDGE_CURVE('',#5344,#5345,#6360,.F.);
#4433=EDGE_CURVE('',#5345,#5346,#764,.T.);
#4434=EDGE_CURVE('',#5347,#5346,#6361,.F.);
#4435=EDGE_CURVE('',#5344,#5347,#765,.T.);
#4436=EDGE_CURVE('',#5348,#5349,#6362,.F.);
#4437=EDGE_CURVE('',#5349,#5345,#6363,.T.);
#4438=EDGE_CURVE('',#5348,#5344,#6364,.T.);
#4439=EDGE_CURVE('',#5346,#5350,#6365,.T.);
#4440=EDGE_CURVE('',#5351,#5350,#6366,.F.);
#4441=EDGE_CURVE('',#5347,#5351,#6367,.F.);
#4442=EDGE_CURVE('',#5351,#5352,#766,.T.);
#4443=EDGE_CURVE('',#5352,#5353,#6368,.F.);
#4444=EDGE_CURVE('',#5353,#5354,#767,.T.);
#4445=EDGE_CURVE('',#5354,#5355,#6369,.T.);
#4446=EDGE_CURVE('',#5355,#5348,#768,.T.);
#4447=EDGE_CURVE('',#5356,#5356,#769,.T.);
#4448=EDGE_CURVE('',#5357,#5357,#770,.T.);
#4449=EDGE_CURVE('',#5358,#5358,#771,.T.);
#4450=EDGE_CURVE('',#5359,#5359,#772,.T.);
#4451=EDGE_CURVE('',#5360,#5360,#773,.T.);
#4452=EDGE_CURVE('',#5361,#5361,#774,.T.);
#4453=EDGE_CURVE('',#5362,#5362,#775,.T.);
#4454=EDGE_CURVE('',#5363,#5363,#776,.T.);
#4455=EDGE_CURVE('',#5364,#5364,#777,.T.);
#4456=EDGE_CURVE('',#5365,#5365,#778,.T.);
#4457=EDGE_CURVE('',#5366,#5366,#779,.T.);
#4458=EDGE_CURVE('',#5367,#5367,#780,.T.);
#4459=EDGE_CURVE('',#5368,#5368,#781,.T.);
#4460=EDGE_CURVE('',#5369,#5369,#782,.T.);
#4461=EDGE_CURVE('',#5370,#5370,#783,.T.);
#4462=EDGE_CURVE('',#5371,#5371,#784,.T.);
#4463=EDGE_CURVE('',#5372,#5372,#785,.T.);
#4464=EDGE_CURVE('',#5373,#5373,#786,.T.);
#4465=EDGE_CURVE('',#5374,#5374,#787,.T.);
#4466=EDGE_CURVE('',#5375,#5375,#788,.T.);
#4467=EDGE_CURVE('',#5376,#5376,#789,.T.);
#4468=EDGE_CURVE('',#5377,#5377,#790,.T.);
#4469=EDGE_CURVE('',#5378,#5378,#791,.T.);
#4470=EDGE_CURVE('',#5379,#5379,#792,.T.);
#4471=EDGE_CURVE('',#5380,#5380,#793,.T.);
#4472=EDGE_CURVE('',#5381,#5381,#794,.T.);
#4473=EDGE_CURVE('',#5382,#5382,#795,.T.);
#4474=EDGE_CURVE('',#5383,#5383,#796,.T.);
#4475=EDGE_CURVE('',#5384,#5384,#797,.T.);
#4476=EDGE_CURVE('',#5385,#5385,#798,.T.);
#4477=EDGE_CURVE('',#5386,#5386,#799,.T.);
#4478=EDGE_CURVE('',#5387,#5387,#800,.T.);
#4479=EDGE_CURVE('',#5388,#5388,#801,.T.);
#4480=EDGE_CURVE('',#5389,#5389,#802,.T.);
#4481=EDGE_CURVE('',#5390,#5390,#803,.T.);
#4482=EDGE_CURVE('',#5391,#5391,#804,.T.);
#4483=EDGE_CURVE('',#5392,#5392,#805,.T.);
#4484=EDGE_CURVE('',#5393,#5393,#806,.T.);
#4485=EDGE_CURVE('',#5394,#5394,#807,.T.);
#4486=EDGE_CURVE('',#5395,#5395,#808,.T.);
#4487=EDGE_CURVE('',#5396,#5396,#809,.T.);
#4488=EDGE_CURVE('',#5397,#5397,#810,.T.);
#4489=EDGE_CURVE('',#5398,#5398,#811,.T.);
#4490=EDGE_CURVE('',#5399,#5399,#812,.T.);
#4491=EDGE_CURVE('',#5400,#5400,#813,.T.);
#4492=EDGE_CURVE('',#5401,#5401,#814,.T.);
#4493=EDGE_CURVE('',#5402,#5402,#815,.T.);
#4494=EDGE_CURVE('',#5403,#5403,#816,.T.);
#4495=EDGE_CURVE('',#5404,#5404,#817,.T.);
#4496=EDGE_CURVE('',#5405,#5405,#818,.T.);
#4497=EDGE_CURVE('',#5406,#5406,#819,.T.);
#4498=EDGE_CURVE('',#5407,#5407,#820,.T.);
#4499=EDGE_CURVE('',#5408,#5408,#821,.T.);
#4500=EDGE_CURVE('',#5409,#5409,#822,.T.);
#4501=EDGE_CURVE('',#5410,#5410,#823,.T.);
#4502=EDGE_CURVE('',#5411,#5411,#824,.T.);
#4503=EDGE_CURVE('',#5412,#5412,#825,.T.);
#4504=EDGE_CURVE('',#5413,#5413,#826,.T.);
#4505=EDGE_CURVE('',#5414,#5414,#827,.T.);
#4506=EDGE_CURVE('',#5415,#5415,#828,.T.);
#4507=EDGE_CURVE('',#5416,#5416,#829,.T.);
#4508=EDGE_CURVE('',#5417,#5417,#830,.T.);
#4509=EDGE_CURVE('',#5418,#5418,#831,.T.);
#4510=EDGE_CURVE('',#5419,#5419,#832,.T.);
#4511=EDGE_CURVE('',#5420,#5420,#833,.T.);
#4512=EDGE_CURVE('',#5421,#5421,#834,.T.);
#4513=EDGE_CURVE('',#5422,#5422,#835,.T.);
#4514=EDGE_CURVE('',#5423,#5423,#836,.T.);
#4515=EDGE_CURVE('',#5424,#5424,#837,.T.);
#4516=EDGE_CURVE('',#5425,#5425,#838,.T.);
#4517=EDGE_CURVE('',#5426,#5426,#839,.T.);
#4518=EDGE_CURVE('',#5427,#5427,#840,.T.);
#4519=EDGE_CURVE('',#5428,#5428,#841,.T.);
#4520=EDGE_CURVE('',#5429,#5429,#842,.T.);
#4521=EDGE_CURVE('',#5430,#5430,#843,.T.);
#4522=EDGE_CURVE('',#5431,#5431,#844,.T.);
#4523=EDGE_CURVE('',#5432,#5432,#845,.T.);
#4524=EDGE_CURVE('',#5433,#5433,#846,.T.);
#4525=EDGE_CURVE('',#5434,#5434,#847,.T.);
#4526=EDGE_CURVE('',#5435,#5435,#848,.T.);
#4527=EDGE_CURVE('',#5436,#5436,#849,.T.);
#4528=EDGE_CURVE('',#5437,#5437,#850,.T.);
#4529=EDGE_CURVE('',#5438,#5438,#851,.T.);
#4530=EDGE_CURVE('',#5439,#5439,#852,.T.);
#4531=EDGE_CURVE('',#5440,#5440,#853,.T.);
#4532=EDGE_CURVE('',#5441,#5441,#854,.T.);
#4533=EDGE_CURVE('',#5442,#5442,#855,.T.);
#4534=EDGE_CURVE('',#5443,#5443,#856,.T.);
#4535=EDGE_CURVE('',#5444,#5444,#857,.T.);
#4536=EDGE_CURVE('',#5445,#5445,#858,.T.);
#4537=EDGE_CURVE('',#5446,#5446,#859,.T.);
#4538=EDGE_CURVE('',#5447,#5349,#860,.T.);
#4539=EDGE_CURVE('',#5448,#5447,#6370,.T.);
#4540=EDGE_CURVE('',#5449,#5448,#861,.T.);
#4541=EDGE_CURVE('',#5450,#5449,#6371,.T.);
#4542=EDGE_CURVE('',#5350,#5450,#862,.T.);
#4543=EDGE_CURVE('',#5451,#5451,#863,.T.);
#4544=EDGE_CURVE('',#5452,#5452,#864,.T.);
#4545=EDGE_CURVE('',#5453,#5453,#865,.T.);
#4546=EDGE_CURVE('',#5454,#5454,#866,.T.);
#4547=EDGE_CURVE('',#5455,#5455,#867,.T.);
#4548=EDGE_CURVE('',#5456,#5456,#868,.T.);
#4549=EDGE_CURVE('',#5457,#5457,#869,.T.);
#4550=EDGE_CURVE('',#5458,#5458,#870,.T.);
#4551=EDGE_CURVE('',#5459,#5459,#871,.T.);
#4552=EDGE_CURVE('',#5460,#5460,#872,.T.);
#4553=EDGE_CURVE('',#5461,#5461,#873,.T.);
#4554=EDGE_CURVE('',#5462,#5462,#874,.T.);
#4555=EDGE_CURVE('',#5463,#5463,#875,.T.);
#4556=EDGE_CURVE('',#5464,#5464,#876,.T.);
#4557=EDGE_CURVE('',#5465,#5465,#877,.T.);
#4558=EDGE_CURVE('',#5466,#5466,#878,.T.);
#4559=EDGE_CURVE('',#5467,#5467,#879,.T.);
#4560=EDGE_CURVE('',#5468,#5468,#880,.T.);
#4561=EDGE_CURVE('',#5469,#5469,#881,.T.);
#4562=EDGE_CURVE('',#5470,#5470,#882,.T.);
#4563=EDGE_CURVE('',#5471,#5471,#883,.T.);
#4564=EDGE_CURVE('',#5472,#5472,#884,.T.);
#4565=EDGE_CURVE('',#5473,#5473,#885,.T.);
#4566=EDGE_CURVE('',#5474,#5474,#886,.T.);
#4567=EDGE_CURVE('',#5475,#5475,#887,.T.);
#4568=EDGE_CURVE('',#5476,#5476,#888,.T.);
#4569=EDGE_CURVE('',#5477,#5477,#889,.T.);
#4570=EDGE_CURVE('',#5478,#5478,#890,.T.);
#4571=EDGE_CURVE('',#5479,#5479,#891,.T.);
#4572=EDGE_CURVE('',#5480,#5480,#892,.T.);
#4573=EDGE_CURVE('',#5481,#5481,#893,.T.);
#4574=EDGE_CURVE('',#5482,#5482,#894,.T.);
#4575=EDGE_CURVE('',#5483,#5483,#895,.T.);
#4576=EDGE_CURVE('',#5484,#5484,#896,.T.);
#4577=EDGE_CURVE('',#5485,#5485,#897,.T.);
#4578=EDGE_CURVE('',#5486,#5486,#898,.T.);
#4579=EDGE_CURVE('',#5487,#5487,#899,.T.);
#4580=EDGE_CURVE('',#5488,#5488,#900,.T.);
#4581=EDGE_CURVE('',#5489,#5489,#901,.T.);
#4582=EDGE_CURVE('',#5490,#5490,#902,.T.);
#4583=EDGE_CURVE('',#5491,#5491,#903,.T.);
#4584=EDGE_CURVE('',#5492,#5492,#904,.T.);
#4585=EDGE_CURVE('',#5493,#5493,#905,.T.);
#4586=EDGE_CURVE('',#5494,#5494,#906,.T.);
#4587=EDGE_CURVE('',#5495,#5495,#907,.T.);
#4588=EDGE_CURVE('',#5496,#5496,#908,.T.);
#4589=EDGE_CURVE('',#5497,#5497,#909,.T.);
#4590=EDGE_CURVE('',#5498,#5498,#910,.T.);
#4591=EDGE_CURVE('',#5499,#5499,#911,.T.);
#4592=EDGE_CURVE('',#5500,#5500,#912,.T.);
#4593=EDGE_CURVE('',#5501,#5501,#913,.T.);
#4594=EDGE_CURVE('',#5502,#5502,#914,.T.);
#4595=EDGE_CURVE('',#5503,#5503,#915,.T.);
#4596=EDGE_CURVE('',#5504,#5504,#916,.T.);
#4597=EDGE_CURVE('',#5505,#5505,#917,.T.);
#4598=EDGE_CURVE('',#5506,#5506,#918,.T.);
#4599=EDGE_CURVE('',#5507,#5507,#919,.T.);
#4600=EDGE_CURVE('',#5508,#5508,#920,.T.);
#4601=EDGE_CURVE('',#5509,#5509,#921,.T.);
#4602=EDGE_CURVE('',#5510,#5510,#922,.T.);
#4603=EDGE_CURVE('',#5511,#5511,#923,.T.);
#4604=EDGE_CURVE('',#5512,#5512,#924,.T.);
#4605=EDGE_CURVE('',#5513,#5513,#925,.T.);
#4606=EDGE_CURVE('',#5514,#5514,#926,.T.);
#4607=EDGE_CURVE('',#5515,#5515,#927,.T.);
#4608=EDGE_CURVE('',#5516,#5516,#928,.T.);
#4609=EDGE_CURVE('',#5517,#5517,#929,.T.);
#4610=EDGE_CURVE('',#5518,#5518,#930,.T.);
#4611=EDGE_CURVE('',#5519,#5519,#931,.T.);
#4612=EDGE_CURVE('',#5520,#5520,#932,.T.);
#4613=EDGE_CURVE('',#5521,#5521,#933,.T.);
#4614=EDGE_CURVE('',#5522,#5522,#934,.T.);
#4615=EDGE_CURVE('',#5523,#5523,#935,.T.);
#4616=EDGE_CURVE('',#5524,#5524,#936,.T.);
#4617=EDGE_CURVE('',#5525,#5525,#937,.T.);
#4618=EDGE_CURVE('',#5526,#5526,#938,.T.);
#4619=EDGE_CURVE('',#5527,#5527,#939,.T.);
#4620=EDGE_CURVE('',#5528,#5528,#940,.T.);
#4621=EDGE_CURVE('',#5529,#5529,#941,.T.);
#4622=EDGE_CURVE('',#5530,#5530,#942,.T.);
#4623=EDGE_CURVE('',#5531,#5531,#943,.T.);
#4624=EDGE_CURVE('',#5532,#5532,#944,.T.);
#4625=EDGE_CURVE('',#5533,#5533,#945,.T.);
#4626=EDGE_CURVE('',#5534,#5534,#946,.T.);
#4627=EDGE_CURVE('',#5535,#5535,#947,.T.);
#4628=EDGE_CURVE('',#5536,#5536,#948,.T.);
#4629=EDGE_CURVE('',#5537,#5537,#949,.T.);
#4630=EDGE_CURVE('',#5538,#5538,#950,.T.);
#4631=EDGE_CURVE('',#5539,#5539,#951,.T.);
#4632=EDGE_CURVE('',#5540,#5540,#952,.T.);
#4633=EDGE_CURVE('',#5541,#5541,#953,.T.);
#4634=EDGE_CURVE('',#5355,#5447,#6372,.F.);
#4635=EDGE_CURVE('',#5352,#5450,#6373,.F.);
#4636=EDGE_CURVE('',#5354,#5448,#6374,.F.);
#4637=EDGE_CURVE('',#5353,#5449,#6375,.F.);
#4638=EDGE_CURVE('',#5542,#5542,#954,.F.);
#4639=EDGE_CURVE('',#5543,#5543,#955,.T.);
#4640=EDGE_CURVE('',#5544,#5544,#956,.T.);
#4641=EDGE_CURVE('',#5545,#5545,#957,.F.);
#4642=EDGE_CURVE('',#5546,#5546,#958,.T.);
#4643=EDGE_CURVE('',#5547,#5547,#959,.T.);
#4644=EDGE_CURVE('',#5548,#5548,#960,.T.);
#4645=EDGE_CURVE('',#5549,#5549,#961,.T.);
#4646=EDGE_CURVE('',#5550,#5550,#962,.T.);
#4647=EDGE_CURVE('',#5551,#5551,#963,.T.);
#4648=EDGE_CURVE('',#5552,#5552,#964,.T.);
#4649=EDGE_CURVE('',#5553,#5553,#965,.F.);
#4650=EDGE_CURVE('',#5554,#5554,#966,.F.);
#4651=EDGE_CURVE('',#5555,#5555,#967,.F.);
#4652=VERTEX_POINT('',#15278);
#4653=VERTEX_POINT('',#15279);
#4654=VERTEX_POINT('',#15281);
#4655=VERTEX_POINT('',#15283);
#4656=VERTEX_POINT('',#15287);
#4657=VERTEX_POINT('',#15288);
#4658=VERTEX_POINT('',#15293);
#4659=VERTEX_POINT('',#15296);
#4660=VERTEX_POINT('',#15297);
#4661=VERTEX_POINT('',#15299);
#4662=VERTEX_POINT('',#15301);
#4663=VERTEX_POINT('',#15305);
#4664=VERTEX_POINT('',#15310);
#4665=VERTEX_POINT('',#15314);
#4666=VERTEX_POINT('',#15315);
#4667=VERTEX_POINT('',#15320);
#4668=VERTEX_POINT('',#15324);
#4669=VERTEX_POINT('',#15330);
#4670=VERTEX_POINT('',#15333);
#4671=VERTEX_POINT('',#15334);
#4672=VERTEX_POINT('',#15336);
#4673=VERTEX_POINT('',#15338);
#4674=VERTEX_POINT('',#15340);
#4675=VERTEX_POINT('',#15342);
#4676=VERTEX_POINT('',#15344);
#4677=VERTEX_POINT('',#15346);
#4678=VERTEX_POINT('',#15348);
#4679=VERTEX_POINT('',#15350);
#4680=VERTEX_POINT('',#15352);
#4681=VERTEX_POINT('',#15354);
#4682=VERTEX_POINT('',#15359);
#4683=VERTEX_POINT('',#15360);
#4684=VERTEX_POINT('',#15365);
#4685=VERTEX_POINT('',#15369);
#4686=VERTEX_POINT('',#15373);
#4687=VERTEX_POINT('',#15377);
#4688=VERTEX_POINT('',#15381);
#4689=VERTEX_POINT('',#15385);
#4690=VERTEX_POINT('',#15389);
#4691=VERTEX_POINT('',#15393);
#4692=VERTEX_POINT('',#15397);
#4693=VERTEX_POINT('',#15401);
#4694=VERTEX_POINT('',#15409);
#4695=VERTEX_POINT('',#15410);
#4696=VERTEX_POINT('',#15412);
#4697=VERTEX_POINT('',#15414);
#4698=VERTEX_POINT('',#15418);
#4699=VERTEX_POINT('',#15420);
#4700=VERTEX_POINT('',#15424);
#4701=VERTEX_POINT('',#15426);
#4702=VERTEX_POINT('',#15434);
#4703=VERTEX_POINT('',#15435);
#4704=VERTEX_POINT('',#15437);
#4705=VERTEX_POINT('',#15439);
#4706=VERTEX_POINT('',#15443);
#4707=VERTEX_POINT('',#15445);
#4708=VERTEX_POINT('',#15449);
#4709=VERTEX_POINT('',#15451);
#4710=VERTEX_POINT('',#15459);
#4711=VERTEX_POINT('',#15460);
#4712=VERTEX_POINT('',#15462);
#4713=VERTEX_POINT('',#15464);
#4714=VERTEX_POINT('',#15468);
#4715=VERTEX_POINT('',#15470);
#4716=VERTEX_POINT('',#15474);
#4717=VERTEX_POINT('',#15476);
#4718=VERTEX_POINT('',#15481);
#4719=VERTEX_POINT('',#15483);
#4720=VERTEX_POINT('',#15487);
#4721=VERTEX_POINT('',#15488);
#4722=VERTEX_POINT('',#15490);
#4723=VERTEX_POINT('',#15492);
#4724=VERTEX_POINT('',#15495);
#4725=VERTEX_POINT('',#15497);
#4726=VERTEX_POINT('',#15502);
#4727=VERTEX_POINT('',#15504);
#4728=VERTEX_POINT('',#15508);
#4729=VERTEX_POINT('',#15510);
#4730=VERTEX_POINT('',#15514);
#4731=VERTEX_POINT('',#15518);
#4732=VERTEX_POINT('',#15525);
#4733=VERTEX_POINT('',#15527);
#4734=VERTEX_POINT('',#15531);
#4735=VERTEX_POINT('',#15535);
#4736=VERTEX_POINT('',#15546);
#4737=VERTEX_POINT('',#15547);
#4738=VERTEX_POINT('',#15549);
#4739=VERTEX_POINT('',#15554);
#4740=VERTEX_POINT('',#15561);
#4741=VERTEX_POINT('',#15566);
#4742=VERTEX_POINT('',#15571);
#4743=VERTEX_POINT('',#15579);
#4744=VERTEX_POINT('',#15580);
#4745=VERTEX_POINT('',#15582);
#4746=VERTEX_POINT('',#15594);
#4747=VERTEX_POINT('',#15599);
#4748=VERTEX_POINT('',#15606);
#4749=VERTEX_POINT('',#15612);
#4750=VERTEX_POINT('',#15614);
#4751=VERTEX_POINT('',#15620);
#4752=VERTEX_POINT('',#15623);
#4753=VERTEX_POINT('',#15624);
#4754=VERTEX_POINT('',#15629);
#4755=VERTEX_POINT('',#15634);
#4756=VERTEX_POINT('',#15643);
#4757=VERTEX_POINT('',#15648);
#4758=VERTEX_POINT('',#15660);
#4759=VERTEX_POINT('',#15670);
#4760=VERTEX_POINT('',#15683);
#4761=VERTEX_POINT('',#15684);
#4762=VERTEX_POINT('',#15686);
#4763=VERTEX_POINT('',#15688);
#4764=VERTEX_POINT('',#15691);
#4765=VERTEX_POINT('',#15693);
#4766=VERTEX_POINT('',#15695);
#4767=VERTEX_POINT('',#15697);
#4768=VERTEX_POINT('',#15699);
#4769=VERTEX_POINT('',#15700);
#4770=VERTEX_POINT('',#15702);
#4771=VERTEX_POINT('',#15704);
#4772=VERTEX_POINT('',#15706);
#4773=VERTEX_POINT('',#15710);
#4774=VERTEX_POINT('',#15712);
#4775=VERTEX_POINT('',#15714);
#4776=VERTEX_POINT('',#15716);
#4777=VERTEX_POINT('',#15718);
#4778=VERTEX_POINT('',#15719);
#4779=VERTEX_POINT('',#15721);
#4780=VERTEX_POINT('',#15723);
#4781=VERTEX_POINT('',#15726);
#4782=VERTEX_POINT('',#15727);
#4783=VERTEX_POINT('',#15729);
#4784=VERTEX_POINT('',#15731);
#4785=VERTEX_POINT('',#15733);
#4786=VERTEX_POINT('',#15760);
#4787=VERTEX_POINT('',#15761);
#4788=VERTEX_POINT('',#15766);
#4789=VERTEX_POINT('',#15767);
#4790=VERTEX_POINT('',#15769);
#4791=VERTEX_POINT('',#15771);
#4792=VERTEX_POINT('',#15774);
#4793=VERTEX_POINT('',#15776);
#4794=VERTEX_POINT('',#15778);
#4795=VERTEX_POINT('',#15780);
#4796=VERTEX_POINT('',#15781);
#4797=VERTEX_POINT('',#15783);
#4798=VERTEX_POINT('',#15785);
#4799=VERTEX_POINT('',#15790);
#4800=VERTEX_POINT('',#15792);
#4801=VERTEX_POINT('',#15794);
#4802=VERTEX_POINT('',#15796);
#4803=VERTEX_POINT('',#15798);
#4804=VERTEX_POINT('',#15800);
#4805=VERTEX_POINT('',#15804);
#4806=VERTEX_POINT('',#15808);
#4807=VERTEX_POINT('',#15812);
#4808=VERTEX_POINT('',#15813);
#4809=VERTEX_POINT('',#15820);
#4810=VERTEX_POINT('',#15822);
#4811=VERTEX_POINT('',#15826);
#4812=VERTEX_POINT('',#15830);
#4813=VERTEX_POINT('',#15834);
#4814=VERTEX_POINT('',#15838);
#4815=VERTEX_POINT('',#15840);
#4816=VERTEX_POINT('',#15844);
#4817=VERTEX_POINT('',#15848);
#4818=VERTEX_POINT('',#15854);
#4819=VERTEX_POINT('',#15856);
#4820=VERTEX_POINT('',#15858);
#4821=VERTEX_POINT('',#15860);
#4822=VERTEX_POINT('',#15863);
#4823=VERTEX_POINT('',#15865);
#4824=VERTEX_POINT('',#15869);
#4825=VERTEX_POINT('',#15871);
#4826=VERTEX_POINT('',#15875);
#4827=VERTEX_POINT('',#15878);
#4828=VERTEX_POINT('',#15880);
#4829=VERTEX_POINT('',#15882);
#4830=VERTEX_POINT('',#15883);
#4831=VERTEX_POINT('',#15885);
#4832=VERTEX_POINT('',#15887);
#4833=VERTEX_POINT('',#15891);
#4834=VERTEX_POINT('',#15895);
#4835=VERTEX_POINT('',#15901);
#4836=VERTEX_POINT('',#15907);
#4837=VERTEX_POINT('',#15909);
#4838=VERTEX_POINT('',#15917);
#4839=VERTEX_POINT('',#15918);
#4840=VERTEX_POINT('',#15920);
#4841=VERTEX_POINT('',#15922);
#4842=VERTEX_POINT('',#15930);
#4843=VERTEX_POINT('',#15931);
#4844=VERTEX_POINT('',#15933);
#4845=VERTEX_POINT('',#15935);
#4846=VERTEX_POINT('',#15939);
#4847=VERTEX_POINT('',#15940);
#4848=VERTEX_POINT('',#15942);
#4849=VERTEX_POINT('',#15944);
#4850=VERTEX_POINT('',#15947);
#4851=VERTEX_POINT('',#15948);
#4852=VERTEX_POINT('',#15950);
#4853=VERTEX_POINT('',#15952);
#4854=VERTEX_POINT('',#15955);
#4855=VERTEX_POINT('',#15956);
#4856=VERTEX_POINT('',#15958);
#4857=VERTEX_POINT('',#15960);
#4858=VERTEX_POINT('',#15963);
#4859=VERTEX_POINT('',#15964);
#4860=VERTEX_POINT('',#15966);
#4861=VERTEX_POINT('',#15968);
#4862=VERTEX_POINT('',#15972);
#4863=VERTEX_POINT('',#15976);
#4864=VERTEX_POINT('',#15980);
#4865=VERTEX_POINT('',#15982);
#4866=VERTEX_POINT('',#15986);
#4867=VERTEX_POINT('',#15988);
#4868=VERTEX_POINT('',#15990);
#4869=VERTEX_POINT('',#15994);
#4870=VERTEX_POINT('',#15996);
#4871=VERTEX_POINT('',#15998);
#4872=VERTEX_POINT('',#16006);
#4873=VERTEX_POINT('',#16008);
#4874=VERTEX_POINT('',#16012);
#4875=VERTEX_POINT('',#16016);
#4876=VERTEX_POINT('',#16030);
#4877=VERTEX_POINT('',#16032);
#4878=VERTEX_POINT('',#16036);
#4879=VERTEX_POINT('',#16040);
#4880=VERTEX_POINT('',#16046);
#4881=VERTEX_POINT('',#16048);
#4882=VERTEX_POINT('',#16052);
#4883=VERTEX_POINT('',#16056);
#4884=VERTEX_POINT('',#16062);
#4885=VERTEX_POINT('',#16064);
#4886=VERTEX_POINT('',#16068);
#4887=VERTEX_POINT('',#16072);
#4888=VERTEX_POINT('',#16078);
#4889=VERTEX_POINT('',#16080);
#4890=VERTEX_POINT('',#16084);
#4891=VERTEX_POINT('',#16088);
#4892=VERTEX_POINT('',#16101);
#4893=VERTEX_POINT('',#16104);
#4894=VERTEX_POINT('',#16107);
#4895=VERTEX_POINT('',#16110);
#4896=VERTEX_POINT('',#16113);
#4897=VERTEX_POINT('',#16117);
#4898=VERTEX_POINT('',#16121);
#4899=VERTEX_POINT('',#16125);
#4900=VERTEX_POINT('',#16129);
#4901=VERTEX_POINT('',#16132);
#4902=VERTEX_POINT('',#16135);
#4903=VERTEX_POINT('',#16138);
#4904=VERTEX_POINT('',#16141);
#4905=VERTEX_POINT('',#16145);
#4906=VERTEX_POINT('',#16149);
#4907=VERTEX_POINT('',#16153);
#4908=VERTEX_POINT('',#16174);
#4909=VERTEX_POINT('',#16175);
#4910=VERTEX_POINT('',#16177);
#4911=VERTEX_POINT('',#16179);
#4912=VERTEX_POINT('',#16183);
#4913=VERTEX_POINT('',#16185);
#4914=VERTEX_POINT('',#16189);
#4915=VERTEX_POINT('',#16191);
#4916=VERTEX_POINT('',#16195);
#4917=VERTEX_POINT('',#16197);
#4918=VERTEX_POINT('',#16200);
#4919=VERTEX_POINT('',#16202);
#4920=VERTEX_POINT('',#16208);
#4921=VERTEX_POINT('',#16209);
#4922=VERTEX_POINT('',#16211);
#4923=VERTEX_POINT('',#16213);
#4924=VERTEX_POINT('',#16218);
#4925=VERTEX_POINT('',#16220);
#4926=VERTEX_POINT('',#16224);
#4927=VERTEX_POINT('',#16228);
#4928=VERTEX_POINT('',#16239);
#4929=VERTEX_POINT('',#16241);
#4930=VERTEX_POINT('',#16244);
#4931=VERTEX_POINT('',#16247);
#4932=VERTEX_POINT('',#16250);
#4933=VERTEX_POINT('',#16253);
#4934=VERTEX_POINT('',#16259);
#4935=VERTEX_POINT('',#16261);
#4936=VERTEX_POINT('',#16264);
#4937=VERTEX_POINT('',#16267);
#4938=VERTEX_POINT('',#16270);
#4939=VERTEX_POINT('',#16273);
#4940=VERTEX_POINT('',#16279);
#4941=VERTEX_POINT('',#16281);
#4942=VERTEX_POINT('',#16284);
#4943=VERTEX_POINT('',#16287);
#4944=VERTEX_POINT('',#16290);
#4945=VERTEX_POINT('',#16293);
#4946=VERTEX_POINT('',#16296);
#4947=VERTEX_POINT('',#16299);
#4948=VERTEX_POINT('',#16305);
#4949=VERTEX_POINT('',#16307);
#4950=VERTEX_POINT('',#16310);
#4951=VERTEX_POINT('',#16313);
#4952=VERTEX_POINT('',#16316);
#4953=VERTEX_POINT('',#16319);
#4954=VERTEX_POINT('',#16325);
#4955=VERTEX_POINT('',#16326);
#4956=VERTEX_POINT('',#16328);
#4957=VERTEX_POINT('',#16330);
#4958=VERTEX_POINT('',#16334);
#4959=VERTEX_POINT('',#16336);
#4960=VERTEX_POINT('',#16340);
#4961=VERTEX_POINT('',#16342);
#4962=VERTEX_POINT('',#16346);
#4963=VERTEX_POINT('',#16348);
#4964=VERTEX_POINT('',#16350);
#4965=VERTEX_POINT('',#16352);
#4966=VERTEX_POINT('',#16354);
#4967=VERTEX_POINT('',#16356);
#4968=VERTEX_POINT('',#16358);
#4969=VERTEX_POINT('',#16360);
#4970=VERTEX_POINT('',#16362);
#4971=VERTEX_POINT('',#16364);
#4972=VERTEX_POINT('',#16366);
#4973=VERTEX_POINT('',#16368);
#4974=VERTEX_POINT('',#16370);
#4975=VERTEX_POINT('',#16372);
#4976=VERTEX_POINT('',#16374);
#4977=VERTEX_POINT('',#16376);
#4978=VERTEX_POINT('',#16378);
#4979=VERTEX_POINT('',#16380);
#4980=VERTEX_POINT('',#16382);
#4981=VERTEX_POINT('',#16384);
#4982=VERTEX_POINT('',#16386);
#4983=VERTEX_POINT('',#16388);
#4984=VERTEX_POINT('',#16390);
#4985=VERTEX_POINT('',#16392);
#4986=VERTEX_POINT('',#16394);
#4987=VERTEX_POINT('',#16396);
#4988=VERTEX_POINT('',#16398);
#4989=VERTEX_POINT('',#16400);
#4990=VERTEX_POINT('',#16402);
#4991=VERTEX_POINT('',#16404);
#4992=VERTEX_POINT('',#16406);
#4993=VERTEX_POINT('',#16408);
#4994=VERTEX_POINT('',#16410);
#4995=VERTEX_POINT('',#16412);
#4996=VERTEX_POINT('',#16414);
#4997=VERTEX_POINT('',#16416);
#4998=VERTEX_POINT('',#16418);
#4999=VERTEX_POINT('',#16420);
#5000=VERTEX_POINT('',#16422);
#5001=VERTEX_POINT('',#16424);
#5002=VERTEX_POINT('',#16426);
#5003=VERTEX_POINT('',#16428);
#5004=VERTEX_POINT('',#16430);
#5005=VERTEX_POINT('',#16432);
#5006=VERTEX_POINT('',#16434);
#5007=VERTEX_POINT('',#16436);
#5008=VERTEX_POINT('',#16439);
#5009=VERTEX_POINT('',#16440);
#5010=VERTEX_POINT('',#16442);
#5011=VERTEX_POINT('',#16444);
#5012=VERTEX_POINT('',#16447);
#5013=VERTEX_POINT('',#16448);
#5014=VERTEX_POINT('',#16450);
#5015=VERTEX_POINT('',#16452);
#5016=VERTEX_POINT('',#16455);
#5017=VERTEX_POINT('',#16456);
#5018=VERTEX_POINT('',#16458);
#5019=VERTEX_POINT('',#16460);
#5020=VERTEX_POINT('',#16463);
#5021=VERTEX_POINT('',#16464);
#5022=VERTEX_POINT('',#16466);
#5023=VERTEX_POINT('',#16468);
#5024=VERTEX_POINT('',#16471);
#5025=VERTEX_POINT('',#16472);
#5026=VERTEX_POINT('',#16474);
#5027=VERTEX_POINT('',#16476);
#5028=VERTEX_POINT('',#16479);
#5029=VERTEX_POINT('',#16480);
#5030=VERTEX_POINT('',#16482);
#5031=VERTEX_POINT('',#16484);
#5032=VERTEX_POINT('',#16487);
#5033=VERTEX_POINT('',#16488);
#5034=VERTEX_POINT('',#16490);
#5035=VERTEX_POINT('',#16492);
#5036=VERTEX_POINT('',#16495);
#5037=VERTEX_POINT('',#16496);
#5038=VERTEX_POINT('',#16498);
#5039=VERTEX_POINT('',#16500);
#5040=VERTEX_POINT('',#16504);
#5041=VERTEX_POINT('',#16506);
#5042=VERTEX_POINT('',#16508);
#5043=VERTEX_POINT('',#16510);
#5044=VERTEX_POINT('',#16512);
#5045=VERTEX_POINT('',#16514);
#5046=VERTEX_POINT('',#16516);
#5047=VERTEX_POINT('',#16518);
#5048=VERTEX_POINT('',#16520);
#5049=VERTEX_POINT('',#16522);
#5050=VERTEX_POINT('',#16524);
#5051=VERTEX_POINT('',#16526);
#5052=VERTEX_POINT('',#16528);
#5053=VERTEX_POINT('',#16530);
#5054=VERTEX_POINT('',#16532);
#5055=VERTEX_POINT('',#16534);
#5056=VERTEX_POINT('',#16536);
#5057=VERTEX_POINT('',#16538);
#5058=VERTEX_POINT('',#16540);
#5059=VERTEX_POINT('',#16542);
#5060=VERTEX_POINT('',#16544);
#5061=VERTEX_POINT('',#16546);
#5062=VERTEX_POINT('',#16548);
#5063=VERTEX_POINT('',#16550);
#5064=VERTEX_POINT('',#16552);
#5065=VERTEX_POINT('',#16554);
#5066=VERTEX_POINT('',#16556);
#5067=VERTEX_POINT('',#16558);
#5068=VERTEX_POINT('',#16560);
#5069=VERTEX_POINT('',#16562);
#5070=VERTEX_POINT('',#16564);
#5071=VERTEX_POINT('',#16566);
#5072=VERTEX_POINT('',#16568);
#5073=VERTEX_POINT('',#16570);
#5074=VERTEX_POINT('',#16572);
#5075=VERTEX_POINT('',#16574);
#5076=VERTEX_POINT('',#16576);
#5077=VERTEX_POINT('',#16578);
#5078=VERTEX_POINT('',#16580);
#5079=VERTEX_POINT('',#16582);
#5080=VERTEX_POINT('',#16584);
#5081=VERTEX_POINT('',#16586);
#5082=VERTEX_POINT('',#16588);
#5083=VERTEX_POINT('',#16590);
#5084=VERTEX_POINT('',#16592);
#5085=VERTEX_POINT('',#16594);
#5086=VERTEX_POINT('',#16597);
#5087=VERTEX_POINT('',#16598);
#5088=VERTEX_POINT('',#16600);
#5089=VERTEX_POINT('',#16602);
#5090=VERTEX_POINT('',#16605);
#5091=VERTEX_POINT('',#16606);
#5092=VERTEX_POINT('',#16608);
#5093=VERTEX_POINT('',#16610);
#5094=VERTEX_POINT('',#16613);
#5095=VERTEX_POINT('',#16614);
#5096=VERTEX_POINT('',#16616);
#5097=VERTEX_POINT('',#16618);
#5098=VERTEX_POINT('',#16621);
#5099=VERTEX_POINT('',#16622);
#5100=VERTEX_POINT('',#16624);
#5101=VERTEX_POINT('',#16626);
#5102=VERTEX_POINT('',#16629);
#5103=VERTEX_POINT('',#16630);
#5104=VERTEX_POINT('',#16632);
#5105=VERTEX_POINT('',#16634);
#5106=VERTEX_POINT('',#16637);
#5107=VERTEX_POINT('',#16638);
#5108=VERTEX_POINT('',#16640);
#5109=VERTEX_POINT('',#16642);
#5110=VERTEX_POINT('',#16645);
#5111=VERTEX_POINT('',#16646);
#5112=VERTEX_POINT('',#16648);
#5113=VERTEX_POINT('',#16650);
#5114=VERTEX_POINT('',#16653);
#5115=VERTEX_POINT('',#16654);
#5116=VERTEX_POINT('',#16656);
#5117=VERTEX_POINT('',#16658);
#5118=VERTEX_POINT('',#16755);
#5119=VERTEX_POINT('',#16757);
#5120=VERTEX_POINT('',#16761);
#5121=VERTEX_POINT('',#16765);
#5122=VERTEX_POINT('',#16771);
#5123=VERTEX_POINT('',#16773);
#5124=VERTEX_POINT('',#16777);
#5125=VERTEX_POINT('',#16781);
#5126=VERTEX_POINT('',#16787);
#5127=VERTEX_POINT('',#16789);
#5128=VERTEX_POINT('',#16793);
#5129=VERTEX_POINT('',#16797);
#5130=VERTEX_POINT('',#16803);
#5131=VERTEX_POINT('',#16805);
#5132=VERTEX_POINT('',#16809);
#5133=VERTEX_POINT('',#16813);
#5134=VERTEX_POINT('',#16819);
#5135=VERTEX_POINT('',#16821);
#5136=VERTEX_POINT('',#16825);
#5137=VERTEX_POINT('',#16829);
#5138=VERTEX_POINT('',#16835);
#5139=VERTEX_POINT('',#16837);
#5140=VERTEX_POINT('',#16841);
#5141=VERTEX_POINT('',#16845);
#5142=VERTEX_POINT('',#16851);
#5143=VERTEX_POINT('',#16853);
#5144=VERTEX_POINT('',#16857);
#5145=VERTEX_POINT('',#16861);
#5146=VERTEX_POINT('',#16867);
#5147=VERTEX_POINT('',#16869);
#5148=VERTEX_POINT('',#16873);
#5149=VERTEX_POINT('',#16877);
#5150=VERTEX_POINT('',#16883);
#5151=VERTEX_POINT('',#16884);
#5152=VERTEX_POINT('',#16889);
#5153=VERTEX_POINT('',#16893);
#5154=VERTEX_POINT('',#16899);
#5155=VERTEX_POINT('',#16901);
#5156=VERTEX_POINT('',#16905);
#5157=VERTEX_POINT('',#16909);
#5158=VERTEX_POINT('',#16915);
#5159=VERTEX_POINT('',#16917);
#5160=VERTEX_POINT('',#16921);
#5161=VERTEX_POINT('',#16925);
#5162=VERTEX_POINT('',#16931);
#5163=VERTEX_POINT('',#16933);
#5164=VERTEX_POINT('',#16937);
#5165=VERTEX_POINT('',#16941);
#5166=VERTEX_POINT('',#16947);
#5167=VERTEX_POINT('',#16949);
#5168=VERTEX_POINT('',#16953);
#5169=VERTEX_POINT('',#16957);
#5170=VERTEX_POINT('',#16963);
#5171=VERTEX_POINT('',#16965);
#5172=VERTEX_POINT('',#16969);
#5173=VERTEX_POINT('',#16973);
#5174=VERTEX_POINT('',#16979);
#5175=VERTEX_POINT('',#16980);
#5176=VERTEX_POINT('',#16985);
#5177=VERTEX_POINT('',#16989);
#5178=VERTEX_POINT('',#16995);
#5179=VERTEX_POINT('',#16997);
#5180=VERTEX_POINT('',#17001);
#5181=VERTEX_POINT('',#17005);
#5182=VERTEX_POINT('',#17011);
#5183=VERTEX_POINT('',#17012);
#5184=VERTEX_POINT('',#17017);
#5185=VERTEX_POINT('',#17021);
#5186=VERTEX_POINT('',#17027);
#5187=VERTEX_POINT('',#17029);
#5188=VERTEX_POINT('',#17033);
#5189=VERTEX_POINT('',#17037);
#5190=VERTEX_POINT('',#17043);
#5191=VERTEX_POINT('',#17044);
#5192=VERTEX_POINT('',#17049);
#5193=VERTEX_POINT('',#17053);
#5194=VERTEX_POINT('',#17059);
#5195=VERTEX_POINT('',#17061);
#5196=VERTEX_POINT('',#17065);
#5197=VERTEX_POINT('',#17069);
#5198=VERTEX_POINT('',#17075);
#5199=VERTEX_POINT('',#17076);
#5200=VERTEX_POINT('',#17081);
#5201=VERTEX_POINT('',#17085);
#5202=VERTEX_POINT('',#17091);
#5203=VERTEX_POINT('',#17093);
#5204=VERTEX_POINT('',#17097);
#5205=VERTEX_POINT('',#17101);
#5206=VERTEX_POINT('',#17107);
#5207=VERTEX_POINT('',#17108);
#5208=VERTEX_POINT('',#17113);
#5209=VERTEX_POINT('',#17117);
#5210=VERTEX_POINT('',#17123);
#5211=VERTEX_POINT('',#17124);
#5212=VERTEX_POINT('',#17129);
#5213=VERTEX_POINT('',#17133);
#5214=VERTEX_POINT('',#17139);
#5215=VERTEX_POINT('',#17141);
#5216=VERTEX_POINT('',#17145);
#5217=VERTEX_POINT('',#17149);
#5218=VERTEX_POINT('',#17155);
#5219=VERTEX_POINT('',#17156);
#5220=VERTEX_POINT('',#17161);
#5221=VERTEX_POINT('',#17165);
#5222=VERTEX_POINT('',#17171);
#5223=VERTEX_POINT('',#17173);
#5224=VERTEX_POINT('',#17177);
#5225=VERTEX_POINT('',#17181);
#5226=VERTEX_POINT('',#17187);
#5227=VERTEX_POINT('',#17188);
#5228=VERTEX_POINT('',#17193);
#5229=VERTEX_POINT('',#17197);
#5230=VERTEX_POINT('',#17203);
#5231=VERTEX_POINT('',#17205);
#5232=VERTEX_POINT('',#17209);
#5233=VERTEX_POINT('',#17213);
#5234=VERTEX_POINT('',#17219);
#5235=VERTEX_POINT('',#17220);
#5236=VERTEX_POINT('',#17225);
#5237=VERTEX_POINT('',#17229);
#5238=VERTEX_POINT('',#17235);
#5239=VERTEX_POINT('',#17237);
#5240=VERTEX_POINT('',#17241);
#5241=VERTEX_POINT('',#17245);
#5242=VERTEX_POINT('',#17251);
#5243=VERTEX_POINT('',#17253);
#5244=VERTEX_POINT('',#17257);
#5245=VERTEX_POINT('',#17261);
#5246=VERTEX_POINT('',#17284);
#5247=VERTEX_POINT('',#17286);
#5248=VERTEX_POINT('',#17289);
#5249=VERTEX_POINT('',#17292);
#5250=VERTEX_POINT('',#17295);
#5251=VERTEX_POINT('',#17298);
#5252=VERTEX_POINT('',#17304);
#5253=VERTEX_POINT('',#17306);
#5254=VERTEX_POINT('',#17309);
#5255=VERTEX_POINT('',#17312);
#5256=VERTEX_POINT('',#17315);
#5257=VERTEX_POINT('',#17318);
#5258=VERTEX_POINT('',#17321);
#5259=VERTEX_POINT('',#17324);
#5260=VERTEX_POINT('',#17330);
#5261=VERTEX_POINT('',#17332);
#5262=VERTEX_POINT('',#17335);
#5263=VERTEX_POINT('',#17338);
#5264=VERTEX_POINT('',#17341);
#5265=VERTEX_POINT('',#17343);
#5266=VERTEX_POINT('',#17346);
#5267=VERTEX_POINT('',#17349);
#5268=VERTEX_POINT('',#17352);
#5269=VERTEX_POINT('',#17355);
#5270=VERTEX_POINT('',#17358);
#5271=VERTEX_POINT('',#17361);
#5272=VERTEX_POINT('',#17368);
#5273=VERTEX_POINT('',#17370);
#5274=VERTEX_POINT('',#17373);
#5275=VERTEX_POINT('',#17376);
#5276=VERTEX_POINT('',#17379);
#5277=VERTEX_POINT('',#17382);
#5278=VERTEX_POINT('',#17388);
#5279=VERTEX_POINT('',#17390);
#5280=VERTEX_POINT('',#17393);
#5281=VERTEX_POINT('',#17396);
#5282=VERTEX_POINT('',#17399);
#5283=VERTEX_POINT('',#17402);
#5284=VERTEX_POINT('',#17405);
#5285=VERTEX_POINT('',#17408);
#5286=VERTEX_POINT('',#17414);
#5287=VERTEX_POINT('',#17416);
#5288=VERTEX_POINT('',#17419);
#5289=VERTEX_POINT('',#17422);
#5290=VERTEX_POINT('',#17425);
#5291=VERTEX_POINT('',#17428);
#5292=VERTEX_POINT('',#17431);
#5293=VERTEX_POINT('',#17434);
#5294=VERTEX_POINT('',#17440);
#5295=VERTEX_POINT('',#17442);
#5296=VERTEX_POINT('',#17445);
#5297=VERTEX_POINT('',#17448);
#5298=VERTEX_POINT('',#17451);
#5299=VERTEX_POINT('',#17454);
#5300=VERTEX_POINT('',#17457);
#5301=VERTEX_POINT('',#17460);
#5302=VERTEX_POINT('',#17466);
#5303=VERTEX_POINT('',#17468);
#5304=VERTEX_POINT('',#17471);
#5305=VERTEX_POINT('',#17474);
#5306=VERTEX_POINT('',#17477);
#5307=VERTEX_POINT('',#17480);
#5308=VERTEX_POINT('',#17483);
#5309=VERTEX_POINT('',#17486);
#5310=VERTEX_POINT('',#17492);
#5311=VERTEX_POINT('',#17494);
#5312=VERTEX_POINT('',#17497);
#5313=VERTEX_POINT('',#17500);
#5314=VERTEX_POINT('',#17503);
#5315=VERTEX_POINT('',#17506);
#5316=VERTEX_POINT('',#17509);
#5317=VERTEX_POINT('',#17512);
#5318=VERTEX_POINT('',#17518);
#5319=VERTEX_POINT('',#17520);
#5320=VERTEX_POINT('',#17523);
#5321=VERTEX_POINT('',#17526);
#5322=VERTEX_POINT('',#17529);
#5323=VERTEX_POINT('',#17532);
#5324=VERTEX_POINT('',#17538);
#5325=VERTEX_POINT('',#17540);
#5326=VERTEX_POINT('',#17543);
#5327=VERTEX_POINT('',#17546);
#5328=VERTEX_POINT('',#17549);
#5329=VERTEX_POINT('',#17552);
#5330=VERTEX_POINT('',#17558);
#5331=VERTEX_POINT('',#17560);
#5332=VERTEX_POINT('',#17563);
#5333=VERTEX_POINT('',#17566);
#5334=VERTEX_POINT('',#17569);
#5335=VERTEX_POINT('',#17572);
#5336=VERTEX_POINT('',#17575);
#5337=VERTEX_POINT('',#17578);
#5338=VERTEX_POINT('',#17584);
#5339=VERTEX_POINT('',#17586);
#5340=VERTEX_POINT('',#17589);
#5341=VERTEX_POINT('',#17592);
#5342=VERTEX_POINT('',#17595);
#5343=VERTEX_POINT('',#17598);
#5344=VERTEX_POINT('',#17604);
#5345=VERTEX_POINT('',#17605);
#5346=VERTEX_POINT('',#17607);
#5347=VERTEX_POINT('',#17609);
#5348=VERTEX_POINT('',#17613);
#5349=VERTEX_POINT('',#17614);
#5350=VERTEX_POINT('',#17619);
#5351=VERTEX_POINT('',#17621);
#5352=VERTEX_POINT('',#17625);
#5353=VERTEX_POINT('',#17627);
#5354=VERTEX_POINT('',#17629);
#5355=VERTEX_POINT('',#17631);
#5356=VERTEX_POINT('',#17634);
#5357=VERTEX_POINT('',#17636);
#5358=VERTEX_POINT('',#17638);
#5359=VERTEX_POINT('',#17640);
#5360=VERTEX_POINT('',#17642);
#5361=VERTEX_POINT('',#17644);
#5362=VERTEX_POINT('',#17646);
#5363=VERTEX_POINT('',#17648);
#5364=VERTEX_POINT('',#17650);
#5365=VERTEX_POINT('',#17652);
#5366=VERTEX_POINT('',#17654);
#5367=VERTEX_POINT('',#17656);
#5368=VERTEX_POINT('',#17658);
#5369=VERTEX_POINT('',#17660);
#5370=VERTEX_POINT('',#17662);
#5371=VERTEX_POINT('',#17664);
#5372=VERTEX_POINT('',#17666);
#5373=VERTEX_POINT('',#17668);
#5374=VERTEX_POINT('',#17670);
#5375=VERTEX_POINT('',#17672);
#5376=VERTEX_POINT('',#17674);
#5377=VERTEX_POINT('',#17676);
#5378=VERTEX_POINT('',#17678);
#5379=VERTEX_POINT('',#17680);
#5380=VERTEX_POINT('',#17682);
#5381=VERTEX_POINT('',#17684);
#5382=VERTEX_POINT('',#17686);
#5383=VERTEX_POINT('',#17688);
#5384=VERTEX_POINT('',#17690);
#5385=VERTEX_POINT('',#17692);
#5386=VERTEX_POINT('',#17694);
#5387=VERTEX_POINT('',#17696);
#5388=VERTEX_POINT('',#17698);
#5389=VERTEX_POINT('',#17700);
#5390=VERTEX_POINT('',#17702);
#5391=VERTEX_POINT('',#17704);
#5392=VERTEX_POINT('',#17706);
#5393=VERTEX_POINT('',#17708);
#5394=VERTEX_POINT('',#17710);
#5395=VERTEX_POINT('',#17712);
#5396=VERTEX_POINT('',#17714);
#5397=VERTEX_POINT('',#17716);
#5398=VERTEX_POINT('',#17718);
#5399=VERTEX_POINT('',#17720);
#5400=VERTEX_POINT('',#17722);
#5401=VERTEX_POINT('',#17724);
#5402=VERTEX_POINT('',#17726);
#5403=VERTEX_POINT('',#17728);
#5404=VERTEX_POINT('',#17730);
#5405=VERTEX_POINT('',#17732);
#5406=VERTEX_POINT('',#17734);
#5407=VERTEX_POINT('',#17736);
#5408=VERTEX_POINT('',#17738);
#5409=VERTEX_POINT('',#17740);
#5410=VERTEX_POINT('',#17742);
#5411=VERTEX_POINT('',#17744);
#5412=VERTEX_POINT('',#17746);
#5413=VERTEX_POINT('',#17748);
#5414=VERTEX_POINT('',#17750);
#5415=VERTEX_POINT('',#17752);
#5416=VERTEX_POINT('',#17754);
#5417=VERTEX_POINT('',#17756);
#5418=VERTEX_POINT('',#17758);
#5419=VERTEX_POINT('',#17760);
#5420=VERTEX_POINT('',#17762);
#5421=VERTEX_POINT('',#17764);
#5422=VERTEX_POINT('',#17766);
#5423=VERTEX_POINT('',#17768);
#5424=VERTEX_POINT('',#17770);
#5425=VERTEX_POINT('',#17772);
#5426=VERTEX_POINT('',#17774);
#5427=VERTEX_POINT('',#17776);
#5428=VERTEX_POINT('',#17778);
#5429=VERTEX_POINT('',#17780);
#5430=VERTEX_POINT('',#17782);
#5431=VERTEX_POINT('',#17784);
#5432=VERTEX_POINT('',#17786);
#5433=VERTEX_POINT('',#17788);
#5434=VERTEX_POINT('',#17790);
#5435=VERTEX_POINT('',#17792);
#5436=VERTEX_POINT('',#17794);
#5437=VERTEX_POINT('',#17796);
#5438=VERTEX_POINT('',#17798);
#5439=VERTEX_POINT('',#17800);
#5440=VERTEX_POINT('',#17802);
#5441=VERTEX_POINT('',#17804);
#5442=VERTEX_POINT('',#17806);
#5443=VERTEX_POINT('',#17808);
#5444=VERTEX_POINT('',#17810);
#5445=VERTEX_POINT('',#17812);
#5446=VERTEX_POINT('',#17814);
#5447=VERTEX_POINT('',#17817);
#5448=VERTEX_POINT('',#17819);
#5449=VERTEX_POINT('',#17821);
#5450=VERTEX_POINT('',#17823);
#5451=VERTEX_POINT('',#17826);
#5452=VERTEX_POINT('',#17828);
#5453=VERTEX_POINT('',#17830);
#5454=VERTEX_POINT('',#17832);
#5455=VERTEX_POINT('',#17834);
#5456=VERTEX_POINT('',#17836);
#5457=VERTEX_POINT('',#17838);
#5458=VERTEX_POINT('',#17840);
#5459=VERTEX_POINT('',#17842);
#5460=VERTEX_POINT('',#17844);
#5461=VERTEX_POINT('',#17846);
#5462=VERTEX_POINT('',#17848);
#5463=VERTEX_POINT('',#17850);
#5464=VERTEX_POINT('',#17852);
#5465=VERTEX_POINT('',#17854);
#5466=VERTEX_POINT('',#17856);
#5467=VERTEX_POINT('',#17858);
#5468=VERTEX_POINT('',#17860);
#5469=VERTEX_POINT('',#17862);
#5470=VERTEX_POINT('',#17864);
#5471=VERTEX_POINT('',#17866);
#5472=VERTEX_POINT('',#17868);
#5473=VERTEX_POINT('',#17870);
#5474=VERTEX_POINT('',#17872);
#5475=VERTEX_POINT('',#17874);
#5476=VERTEX_POINT('',#17876);
#5477=VERTEX_POINT('',#17878);
#5478=VERTEX_POINT('',#17880);
#5479=VERTEX_POINT('',#17882);
#5480=VERTEX_POINT('',#17884);
#5481=VERTEX_POINT('',#17886);
#5482=VERTEX_POINT('',#17888);
#5483=VERTEX_POINT('',#17890);
#5484=VERTEX_POINT('',#17892);
#5485=VERTEX_POINT('',#17894);
#5486=VERTEX_POINT('',#17896);
#5487=VERTEX_POINT('',#17898);
#5488=VERTEX_POINT('',#17900);
#5489=VERTEX_POINT('',#17902);
#5490=VERTEX_POINT('',#17904);
#5491=VERTEX_POINT('',#17906);
#5492=VERTEX_POINT('',#17908);
#5493=VERTEX_POINT('',#17910);
#5494=VERTEX_POINT('',#17912);
#5495=VERTEX_POINT('',#17914);
#5496=VERTEX_POINT('',#17916);
#5497=VERTEX_POINT('',#17918);
#5498=VERTEX_POINT('',#17920);
#5499=VERTEX_POINT('',#17922);
#5500=VERTEX_POINT('',#17924);
#5501=VERTEX_POINT('',#17926);
#5502=VERTEX_POINT('',#17928);
#5503=VERTEX_POINT('',#17930);
#5504=VERTEX_POINT('',#17932);
#5505=VERTEX_POINT('',#17934);
#5506=VERTEX_POINT('',#17936);
#5507=VERTEX_POINT('',#17938);
#5508=VERTEX_POINT('',#17940);
#5509=VERTEX_POINT('',#17942);
#5510=VERTEX_POINT('',#17944);
#5511=VERTEX_POINT('',#17946);
#5512=VERTEX_POINT('',#17948);
#5513=VERTEX_POINT('',#17950);
#5514=VERTEX_POINT('',#17952);
#5515=VERTEX_POINT('',#17954);
#5516=VERTEX_POINT('',#17956);
#5517=VERTEX_POINT('',#17958);
#5518=VERTEX_POINT('',#17960);
#5519=VERTEX_POINT('',#17962);
#5520=VERTEX_POINT('',#17964);
#5521=VERTEX_POINT('',#17966);
#5522=VERTEX_POINT('',#17968);
#5523=VERTEX_POINT('',#17970);
#5524=VERTEX_POINT('',#17972);
#5525=VERTEX_POINT('',#17974);
#5526=VERTEX_POINT('',#17976);
#5527=VERTEX_POINT('',#17978);
#5528=VERTEX_POINT('',#17980);
#5529=VERTEX_POINT('',#17982);
#5530=VERTEX_POINT('',#17984);
#5531=VERTEX_POINT('',#17986);
#5532=VERTEX_POINT('',#17988);
#5533=VERTEX_POINT('',#17990);
#5534=VERTEX_POINT('',#17992);
#5535=VERTEX_POINT('',#17994);
#5536=VERTEX_POINT('',#17996);
#5537=VERTEX_POINT('',#17998);
#5538=VERTEX_POINT('',#18000);
#5539=VERTEX_POINT('',#18002);
#5540=VERTEX_POINT('',#18004);
#5541=VERTEX_POINT('',#18006);
#5542=VERTEX_POINT('',#18110);
#5543=VERTEX_POINT('',#18112);
#5544=VERTEX_POINT('',#18115);
#5545=VERTEX_POINT('',#18118);
#5546=VERTEX_POINT('',#18121);
#5547=VERTEX_POINT('',#18124);
#5548=VERTEX_POINT('',#18130);
#5549=VERTEX_POINT('',#18132);
#5550=VERTEX_POINT('',#18135);
#5551=VERTEX_POINT('',#18138);
#5552=VERTEX_POINT('',#18141);
#5553=VERTEX_POINT('',#18144);
#5554=VERTEX_POINT('',#18147);
#5555=VERTEX_POINT('',#18150);
#5556=LINE('',#15277,#6376);
#5557=LINE('',#15280,#6377);
#5558=LINE('',#15282,#6378);
#5559=LINE('',#15284,#6379);
#5560=LINE('',#15286,#6380);
#5561=LINE('',#15289,#6381);
#5562=LINE('',#15290,#6382);
#5563=LINE('',#15292,#6383);
#5564=LINE('',#15294,#6384);
#5565=LINE('',#15295,#6385);
#5566=LINE('',#15298,#6386);
#5567=LINE('',#15300,#6387);
#5568=LINE('',#15302,#6388);
#5569=LINE('',#15304,#6389);
#5570=LINE('',#15306,#6390);
#5571=LINE('',#15308,#6391);
#5572=LINE('',#15313,#6392);
#5573=LINE('',#15316,#6393);
#5574=LINE('',#15317,#6394);
#5575=LINE('',#15319,#6395);
#5576=LINE('',#15321,#6396);
#5577=LINE('',#15323,#6397);
#5578=LINE('',#15325,#6398);
#5579=LINE('',#15327,#6399);
#5580=LINE('',#15332,#6400);
#5581=LINE('',#15335,#6401);
#5582=LINE('',#15337,#6402);
#5583=LINE('',#15339,#6403);
#5584=LINE('',#15341,#6404);
#5585=LINE('',#15343,#6405);
#5586=LINE('',#15345,#6406);
#5587=LINE('',#15347,#6407);
#5588=LINE('',#15349,#6408);
#5589=LINE('',#15351,#6409);
#5590=LINE('',#15353,#6410);
#5591=LINE('',#15355,#6411);
#5592=LINE('',#15358,#6412);
#5593=LINE('',#15361,#6413);
#5594=LINE('',#15362,#6414);
#5595=LINE('',#15364,#6415);
#5596=LINE('',#15366,#6416);
#5597=LINE('',#15368,#6417);
#5598=LINE('',#15370,#6418);
#5599=LINE('',#15372,#6419);
#5600=LINE('',#15374,#6420);
#5601=LINE('',#15376,#6421);
#5602=LINE('',#15378,#6422);
#5603=LINE('',#15380,#6423);
#5604=LINE('',#15382,#6424);
#5605=LINE('',#15384,#6425);
#5606=LINE('',#15386,#6426);
#5607=LINE('',#15388,#6427);
#5608=LINE('',#15390,#6428);
#5609=LINE('',#15392,#6429);
#5610=LINE('',#15394,#6430);
#5611=LINE('',#15396,#6431);
#5612=LINE('',#15398,#6432);
#5613=LINE('',#15400,#6433);
#5614=LINE('',#15402,#6434);
#5615=LINE('',#15404,#6435);
#5616=LINE('',#15408,#6436);
#5617=LINE('',#15411,#6437);
#5618=LINE('',#15413,#6438);
#5619=LINE('',#15415,#6439);
#5620=LINE('',#15417,#6440);
#5621=LINE('',#15419,#6441);
#5622=LINE('',#15421,#6442);
#5623=LINE('',#15423,#6443);
#5624=LINE('',#15425,#6444);
#5625=LINE('',#15427,#6445);
#5626=LINE('',#15429,#6446);
#5627=LINE('',#15430,#6447);
#5628=LINE('',#15433,#6448);
#5629=LINE('',#15436,#6449);
#5630=LINE('',#15438,#6450);
#5631=LINE('',#15440,#6451);
#5632=LINE('',#15442,#6452);
#5633=LINE('',#15444,#6453);
#5634=LINE('',#15446,#6454);
#5635=LINE('',#15448,#6455);
#5636=LINE('',#15450,#6456);
#5637=LINE('',#15452,#6457);
#5638=LINE('',#15454,#6458);
#5639=LINE('',#15455,#6459);
#5640=LINE('',#15458,#6460);
#5641=LINE('',#15461,#6461);
#5642=LINE('',#15463,#6462);
#5643=LINE('',#15465,#6463);
#5644=LINE('',#15467,#6464);
#5645=LINE('',#15469,#6465);
#5646=LINE('',#15471,#6466);
#5647=LINE('',#15473,#6467);
#5648=LINE('',#15475,#6468);
#5649=LINE('',#15477,#6469);
#5650=LINE('',#15479,#6470);
#5651=LINE('',#15480,#6471);
#5652=LINE('',#15482,#6472);
#5653=LINE('',#15484,#6473);
#5654=LINE('',#15486,#6474);
#5655=LINE('',#15489,#6475);
#5656=LINE('',#15491,#6476);
#5657=LINE('',#15493,#6477);
#5658=LINE('',#15494,#6478);
#5659=LINE('',#15496,#6479);
#5660=LINE('',#15498,#6480);
#5661=LINE('',#15501,#6481);
#5662=LINE('',#15503,#6482);
#5663=LINE('',#15505,#6483);
#5664=LINE('',#15507,#6484);
#5665=LINE('',#15509,#6485);
#5666=LINE('',#15511,#6486);
#5667=LINE('',#15513,#6487);
#5668=LINE('',#15515,#6488);
#5669=LINE('',#15517,#6489);
#5670=LINE('',#15519,#6490);
#5671=LINE('',#15521,#6491);
#5672=LINE('',#15524,#6492);
#5673=LINE('',#15526,#6493);
#5674=LINE('',#15528,#6494);
#5675=LINE('',#15530,#6495);
#5676=LINE('',#15532,#6496);
#5677=LINE('',#15534,#6497);
#5678=LINE('',#15536,#6498);
#5679=LINE('',#15538,#6499);
#5680=LINE('',#15548,#6500);
#5681=LINE('',#15555,#6501);
#5682=LINE('',#15578,#6502);
#5683=LINE('',#15581,#6503);
#5684=LINE('',#15583,#6504);
#5685=LINE('',#15605,#6505);
#5686=LINE('',#15613,#6506);
#5687=LINE('',#15621,#6507);
#5688=LINE('',#15622,#6508);
#5689=LINE('',#15625,#6509);
#5690=LINE('',#15626,#6510);
#5691=LINE('',#15628,#6511);
#5692=LINE('',#15635,#6512);
#5693=LINE('',#15642,#6513);
#5694=LINE('',#15649,#6514);
#5695=LINE('',#15676,#6515);
#5696=LINE('',#15682,#6516);
#5697=LINE('',#15685,#6517);
#5698=LINE('',#15687,#6518);
#5699=LINE('',#15689,#6519);
#5700=LINE('',#15701,#6520);
#5701=LINE('',#15703,#6521);
#5702=LINE('',#15705,#6522);
#5703=LINE('',#15707,#6523);
#5704=LINE('',#15717,#6524);
#5705=LINE('',#15720,#6525);
#5706=LINE('',#15722,#6526);
#5707=LINE('',#15724,#6527);
#5708=LINE('',#15725,#6528);
#5709=LINE('',#15730,#6529);
#5710=LINE('',#15732,#6530);
#5711=LINE('',#15734,#6531);
#5712=LINE('',#15736,#6532);
#5713=LINE('',#15737,#6533);
#5714=LINE('',#15739,#6534);
#5715=LINE('',#15740,#6535);
#5716=LINE('',#15742,#6536);
#5717=LINE('',#15743,#6537);
#5718=LINE('',#15745,#6538);
#5719=LINE('',#15747,#6539);
#5720=LINE('',#15750,#6540);
#5721=LINE('',#15759,#6541);
#5722=LINE('',#15765,#6542);
#5723=LINE('',#15768,#6543);
#5724=LINE('',#15770,#6544);
#5725=LINE('',#15772,#6545);
#5726=LINE('',#15779,#6546);
#5727=LINE('',#15782,#6547);
#5728=LINE('',#15784,#6548);
#5729=LINE('',#15786,#6549);
#5730=LINE('',#15793,#6550);
#5731=LINE('',#15797,#6551);
#5732=LINE('',#15801,#6552);
#5733=LINE('',#15809,#6553);
#5734=LINE('',#15811,#6554);
#5735=LINE('',#15819,#6555);
#5736=LINE('',#15821,#6556);
#5737=LINE('',#15823,#6557);
#5738=LINE('',#15825,#6558);
#5739=LINE('',#15829,#6559);
#5740=LINE('',#15833,#6560);
#5741=LINE('',#15837,#6561);
#5742=LINE('',#15839,#6562);
#5743=LINE('',#15841,#6563);
#5744=LINE('',#15843,#6564);
#5745=LINE('',#15845,#6565);
#5746=LINE('',#15847,#6566);
#5747=LINE('',#15849,#6567);
#5748=LINE('',#15851,#6568);
#5749=LINE('',#15853,#6569);
#5750=LINE('',#15857,#6570);
#5751=LINE('',#15861,#6571);
#5752=LINE('',#15862,#6572);
#5753=LINE('',#15864,#6573);
#5754=LINE('',#15866,#6574);
#5755=LINE('',#15868,#6575);
#5756=LINE('',#15870,#6576);
#5757=LINE('',#15872,#6577);
#5758=LINE('',#15874,#6578);
#5759=LINE('',#15876,#6579);
#5760=LINE('',#15881,#6580);
#5761=LINE('',#15884,#6581);
#5762=LINE('',#15886,#6582);
#5763=LINE('',#15888,#6583);
#5764=LINE('',#15890,#6584);
#5765=LINE('',#15892,#6585);
#5766=LINE('',#15896,#6586);
#5767=LINE('',#15898,#6587);
#5768=LINE('',#15900,#6588);
#5769=LINE('',#15902,#6589);
#5770=LINE('',#15908,#6590);
#5771=LINE('',#15914,#6591);
#5772=LINE('',#15916,#6592);
#5773=LINE('',#15919,#6593);
#5774=LINE('',#15921,#6594);
#5775=LINE('',#15923,#6595);
#5776=LINE('',#15924,#6596);
#5777=LINE('',#15928,#6597);
#5778=LINE('',#15929,#6598);
#5779=LINE('',#15932,#6599);
#5780=LINE('',#15934,#6600);
#5781=LINE('',#15936,#6601);
#5782=LINE('',#15938,#6602);
#5783=LINE('',#15941,#6603);
#5784=LINE('',#15943,#6604);
#5785=LINE('',#15945,#6605);
#5786=LINE('',#15946,#6606);
#5787=LINE('',#15949,#6607);
#5788=LINE('',#15951,#6608);
#5789=LINE('',#15953,#6609);
#5790=LINE('',#15954,#6610);
#5791=LINE('',#15957,#6611);
#5792=LINE('',#15959,#6612);
#5793=LINE('',#15961,#6613);
#5794=LINE('',#15962,#6614);
#5795=LINE('',#15965,#6615);
#5796=LINE('',#15967,#6616);
#5797=LINE('',#15969,#6617);
#5798=LINE('',#15971,#6618);
#5799=LINE('',#15975,#6619);
#5800=LINE('',#15979,#6620);
#5801=LINE('',#15981,#6621);
#5802=LINE('',#15983,#6622);
#5803=LINE('',#15985,#6623);
#5804=LINE('',#15987,#6624);
#5805=LINE('',#15989,#6625);
#5806=LINE('',#15991,#6626);
#5807=LINE('',#15993,#6627);
#5808=LINE('',#15995,#6628);
#5809=LINE('',#15997,#6629);
#5810=LINE('',#15999,#6630);
#5811=LINE('',#16001,#6631);
#5812=LINE('',#16005,#6632);
#5813=LINE('',#16007,#6633);
#5814=LINE('',#16009,#6634);
#5815=LINE('',#16011,#6635);
#5816=LINE('',#16013,#6636);
#5817=LINE('',#16015,#6637);
#5818=LINE('',#16017,#6638);
#5819=LINE('',#16019,#6639);
#5820=LINE('',#16021,#6640);
#5821=LINE('',#16022,#6641);
#5822=LINE('',#16024,#6642);
#5823=LINE('',#16026,#6643);
#5824=LINE('',#16029,#6644);
#5825=LINE('',#16031,#6645);
#5826=LINE('',#16033,#6646);
#5827=LINE('',#16035,#6647);
#5828=LINE('',#16037,#6648);
#5829=LINE('',#16039,#6649);
#5830=LINE('',#16041,#6650);
#5831=LINE('',#16043,#6651);
#5832=LINE('',#16045,#6652);
#5833=LINE('',#16047,#6653);
#5834=LINE('',#16049,#6654);
#5835=LINE('',#16051,#6655);
#5836=LINE('',#16053,#6656);
#5837=LINE('',#16055,#6657);
#5838=LINE('',#16057,#6658);
#5839=LINE('',#16059,#6659);
#5840=LINE('',#16061,#6660);
#5841=LINE('',#16063,#6661);
#5842=LINE('',#16065,#6662);
#5843=LINE('',#16067,#6663);
#5844=LINE('',#16069,#6664);
#5845=LINE('',#16071,#6665);
#5846=LINE('',#16073,#6666);
#5847=LINE('',#16075,#6667);
#5848=LINE('',#16077,#6668);
#5849=LINE('',#16079,#6669);
#5850=LINE('',#16081,#6670);
#5851=LINE('',#16083,#6671);
#5852=LINE('',#16085,#6672);
#5853=LINE('',#16087,#6673);
#5854=LINE('',#16089,#6674);
#5855=LINE('',#16091,#6675);
#5856=LINE('',#16095,#6676);
#5857=LINE('',#16097,#6677);
#5858=LINE('',#16112,#6678);
#5859=LINE('',#16116,#6679);
#5860=LINE('',#16120,#6680);
#5861=LINE('',#16124,#6681);
#5862=LINE('',#16140,#6682);
#5863=LINE('',#16144,#6683);
#5864=LINE('',#16148,#6684);
#5865=LINE('',#16152,#6685);
#5866=LINE('',#16173,#6686);
#5867=LINE('',#16176,#6687);
#5868=LINE('',#16178,#6688);
#5869=LINE('',#16180,#6689);
#5870=LINE('',#16182,#6690);
#5871=LINE('',#16184,#6691);
#5872=LINE('',#16186,#6692);
#5873=LINE('',#16188,#6693);
#5874=LINE('',#16190,#6694);
#5875=LINE('',#16192,#6695);
#5876=LINE('',#16204,#6696);
#5877=LINE('',#16205,#6697);
#5878=LINE('',#16207,#6698);
#5879=LINE('',#16210,#6699);
#5880=LINE('',#16212,#6700);
#5881=LINE('',#16214,#6701);
#5882=LINE('',#16217,#6702);
#5883=LINE('',#16219,#6703);
#5884=LINE('',#16221,#6704);
#5885=LINE('',#16223,#6705);
#5886=LINE('',#16225,#6706);
#5887=LINE('',#16227,#6707);
#5888=LINE('',#16229,#6708);
#5889=LINE('',#16231,#6709);
#5890=LINE('',#16324,#6710);
#5891=LINE('',#16327,#6711);
#5892=LINE('',#16329,#6712);
#5893=LINE('',#16331,#6713);
#5894=LINE('',#16333,#6714);
#5895=LINE('',#16335,#6715);
#5896=LINE('',#16337,#6716);
#5897=LINE('',#16339,#6717);
#5898=LINE('',#16341,#6718);
#5899=LINE('',#16343,#6719);
#5900=LINE('',#16345,#6720);
#5901=LINE('',#16347,#6721);
#5902=LINE('',#16349,#6722);
#5903=LINE('',#16351,#6723);
#5904=LINE('',#16353,#6724);
#5905=LINE('',#16355,#6725);
#5906=LINE('',#16357,#6726);
#5907=LINE('',#16359,#6727);
#5908=LINE('',#16361,#6728);
#5909=LINE('',#16363,#6729);
#5910=LINE('',#16365,#6730);
#5911=LINE('',#16367,#6731);
#5912=LINE('',#16369,#6732);
#5913=LINE('',#16371,#6733);
#5914=LINE('',#16373,#6734);
#5915=LINE('',#16375,#6735);
#5916=LINE('',#16377,#6736);
#5917=LINE('',#16379,#6737);
#5918=LINE('',#16381,#6738);
#5919=LINE('',#16383,#6739);
#5920=LINE('',#16385,#6740);
#5921=LINE('',#16387,#6741);
#5922=LINE('',#16389,#6742);
#5923=LINE('',#16391,#6743);
#5924=LINE('',#16393,#6744);
#5925=LINE('',#16395,#6745);
#5926=LINE('',#16397,#6746);
#5927=LINE('',#16399,#6747);
#5928=LINE('',#16401,#6748);
#5929=LINE('',#16403,#6749);
#5930=LINE('',#16405,#6750);
#5931=LINE('',#16407,#6751);
#5932=LINE('',#16409,#6752);
#5933=LINE('',#16411,#6753);
#5934=LINE('',#16413,#6754);
#5935=LINE('',#16415,#6755);
#5936=LINE('',#16417,#6756);
#5937=LINE('',#16419,#6757);
#5938=LINE('',#16421,#6758);
#5939=LINE('',#16423,#6759);
#5940=LINE('',#16425,#6760);
#5941=LINE('',#16427,#6761);
#5942=LINE('',#16429,#6762);
#5943=LINE('',#16431,#6763);
#5944=LINE('',#16433,#6764);
#5945=LINE('',#16435,#6765);
#5946=LINE('',#16437,#6766);
#5947=LINE('',#16438,#6767);
#5948=LINE('',#16441,#6768);
#5949=LINE('',#16443,#6769);
#5950=LINE('',#16445,#6770);
#5951=LINE('',#16446,#6771);
#5952=LINE('',#16449,#6772);
#5953=LINE('',#16451,#6773);
#5954=LINE('',#16453,#6774);
#5955=LINE('',#16454,#6775);
#5956=LINE('',#16457,#6776);
#5957=LINE('',#16459,#6777);
#5958=LINE('',#16461,#6778);
#5959=LINE('',#16462,#6779);
#5960=LINE('',#16465,#6780);
#5961=LINE('',#16467,#6781);
#5962=LINE('',#16469,#6782);
#5963=LINE('',#16470,#6783);
#5964=LINE('',#16473,#6784);
#5965=LINE('',#16475,#6785);
#5966=LINE('',#16477,#6786);
#5967=LINE('',#16478,#6787);
#5968=LINE('',#16481,#6788);
#5969=LINE('',#16483,#6789);
#5970=LINE('',#16485,#6790);
#5971=LINE('',#16486,#6791);
#5972=LINE('',#16489,#6792);
#5973=LINE('',#16491,#6793);
#5974=LINE('',#16493,#6794);
#5975=LINE('',#16494,#6795);
#5976=LINE('',#16497,#6796);
#5977=LINE('',#16499,#6797);
#5978=LINE('',#16501,#6798);
#5979=LINE('',#16503,#6799);
#5980=LINE('',#16505,#6800);
#5981=LINE('',#16507,#6801);
#5982=LINE('',#16509,#6802);
#5983=LINE('',#16511,#6803);
#5984=LINE('',#16513,#6804);
#5985=LINE('',#16515,#6805);
#5986=LINE('',#16517,#6806);
#5987=LINE('',#16519,#6807);
#5988=LINE('',#16521,#6808);
#5989=LINE('',#16523,#6809);
#5990=LINE('',#16525,#6810);
#5991=LINE('',#16527,#6811);
#5992=LINE('',#16529,#6812);
#5993=LINE('',#16531,#6813);
#5994=LINE('',#16533,#6814);
#5995=LINE('',#16535,#6815);
#5996=LINE('',#16537,#6816);
#5997=LINE('',#16539,#6817);
#5998=LINE('',#16541,#6818);
#5999=LINE('',#16543,#6819);
#6000=LINE('',#16545,#6820);
#6001=LINE('',#16547,#6821);
#6002=LINE('',#16549,#6822);
#6003=LINE('',#16551,#6823);
#6004=LINE('',#16553,#6824);
#6005=LINE('',#16555,#6825);
#6006=LINE('',#16557,#6826);
#6007=LINE('',#16559,#6827);
#6008=LINE('',#16561,#6828);
#6009=LINE('',#16563,#6829);
#6010=LINE('',#16565,#6830);
#6011=LINE('',#16567,#6831);
#6012=LINE('',#16569,#6832);
#6013=LINE('',#16571,#6833);
#6014=LINE('',#16573,#6834);
#6015=LINE('',#16575,#6835);
#6016=LINE('',#16577,#6836);
#6017=LINE('',#16579,#6837);
#6018=LINE('',#16581,#6838);
#6019=LINE('',#16583,#6839);
#6020=LINE('',#16585,#6840);
#6021=LINE('',#16587,#6841);
#6022=LINE('',#16589,#6842);
#6023=LINE('',#16591,#6843);
#6024=LINE('',#16593,#6844);
#6025=LINE('',#16595,#6845);
#6026=LINE('',#16596,#6846);
#6027=LINE('',#16599,#6847);
#6028=LINE('',#16601,#6848);
#6029=LINE('',#16603,#6849);
#6030=LINE('',#16604,#6850);
#6031=LINE('',#16607,#6851);
#6032=LINE('',#16609,#6852);
#6033=LINE('',#16611,#6853);
#6034=LINE('',#16612,#6854);
#6035=LINE('',#16615,#6855);
#6036=LINE('',#16617,#6856);
#6037=LINE('',#16619,#6857);
#6038=LINE('',#16620,#6858);
#6039=LINE('',#16623,#6859);
#6040=LINE('',#16625,#6860);
#6041=LINE('',#16627,#6861);
#6042=LINE('',#16628,#6862);
#6043=LINE('',#16631,#6863);
#6044=LINE('',#16633,#6864);
#6045=LINE('',#16635,#6865);
#6046=LINE('',#16636,#6866);
#6047=LINE('',#16639,#6867);
#6048=LINE('',#16641,#6868);
#6049=LINE('',#16643,#6869);
#6050=LINE('',#16644,#6870);
#6051=LINE('',#16647,#6871);
#6052=LINE('',#16649,#6872);
#6053=LINE('',#16651,#6873);
#6054=LINE('',#16652,#6874);
#6055=LINE('',#16655,#6875);
#6056=LINE('',#16657,#6876);
#6057=LINE('',#16659,#6877);
#6058=LINE('',#16661,#6878);
#6059=LINE('',#16663,#6879);
#6060=LINE('',#16665,#6880);
#6061=LINE('',#16667,#6881);
#6062=LINE('',#16669,#6882);
#6063=LINE('',#16671,#6883);
#6064=LINE('',#16673,#6884);
#6065=LINE('',#16675,#6885);
#6066=LINE('',#16677,#6886);
#6067=LINE('',#16679,#6887);
#6068=LINE('',#16681,#6888);
#6069=LINE('',#16683,#6889);
#6070=LINE('',#16685,#6890);
#6071=LINE('',#16687,#6891);
#6072=LINE('',#16689,#6892);
#6073=LINE('',#16691,#6893);
#6074=LINE('',#16693,#6894);
#6075=LINE('',#16695,#6895);
#6076=LINE('',#16697,#6896);
#6077=LINE('',#16699,#6897);
#6078=LINE('',#16701,#6898);
#6079=LINE('',#16703,#6899);
#6080=LINE('',#16705,#6900);
#6081=LINE('',#16707,#6901);
#6082=LINE('',#16709,#6902);
#6083=LINE('',#16711,#6903);
#6084=LINE('',#16713,#6904);
#6085=LINE('',#16715,#6905);
#6086=LINE('',#16717,#6906);
#6087=LINE('',#16719,#6907);
#6088=LINE('',#16721,#6908);
#6089=LINE('',#16723,#6909);
#6090=LINE('',#16725,#6910);
#6091=LINE('',#16727,#6911);
#6092=LINE('',#16729,#6912);
#6093=LINE('',#16731,#6913);
#6094=LINE('',#16733,#6914);
#6095=LINE('',#16735,#6915);
#6096=LINE('',#16737,#6916);
#6097=LINE('',#16739,#6917);
#6098=LINE('',#16741,#6918);
#6099=LINE('',#16743,#6919);
#6100=LINE('',#16745,#6920);
#6101=LINE('',#16747,#6921);
#6102=LINE('',#16749,#6922);
#6103=LINE('',#16751,#6923);
#6104=LINE('',#16754,#6924);
#6105=LINE('',#16756,#6925);
#6106=LINE('',#16758,#6926);
#6107=LINE('',#16760,#6927);
#6108=LINE('',#16762,#6928);
#6109=LINE('',#16764,#6929);
#6110=LINE('',#16766,#6930);
#6111=LINE('',#16768,#6931);
#6112=LINE('',#16770,#6932);
#6113=LINE('',#16772,#6933);
#6114=LINE('',#16774,#6934);
#6115=LINE('',#16776,#6935);
#6116=LINE('',#16778,#6936);
#6117=LINE('',#16780,#6937);
#6118=LINE('',#16782,#6938);
#6119=LINE('',#16784,#6939);
#6120=LINE('',#16786,#6940);
#6121=LINE('',#16788,#6941);
#6122=LINE('',#16790,#6942);
#6123=LINE('',#16792,#6943);
#6124=LINE('',#16794,#6944);
#6125=LINE('',#16796,#6945);
#6126=LINE('',#16798,#6946);
#6127=LINE('',#16800,#6947);
#6128=LINE('',#16802,#6948);
#6129=LINE('',#16804,#6949);
#6130=LINE('',#16806,#6950);
#6131=LINE('',#16808,#6951);
#6132=LINE('',#16810,#6952);
#6133=LINE('',#16812,#6953);
#6134=LINE('',#16814,#6954);
#6135=LINE('',#16816,#6955);
#6136=LINE('',#16818,#6956);
#6137=LINE('',#16820,#6957);
#6138=LINE('',#16822,#6958);
#6139=LINE('',#16824,#6959);
#6140=LINE('',#16826,#6960);
#6141=LINE('',#16828,#6961);
#6142=LINE('',#16830,#6962);
#6143=LINE('',#16832,#6963);
#6144=LINE('',#16834,#6964);
#6145=LINE('',#16836,#6965);
#6146=LINE('',#16838,#6966);
#6147=LINE('',#16840,#6967);
#6148=LINE('',#16842,#6968);
#6149=LINE('',#16844,#6969);
#6150=LINE('',#16846,#6970);
#6151=LINE('',#16848,#6971);
#6152=LINE('',#16850,#6972);
#6153=LINE('',#16852,#6973);
#6154=LINE('',#16854,#6974);
#6155=LINE('',#16856,#6975);
#6156=LINE('',#16858,#6976);
#6157=LINE('',#16860,#6977);
#6158=LINE('',#16862,#6978);
#6159=LINE('',#16864,#6979);
#6160=LINE('',#16866,#6980);
#6161=LINE('',#16868,#6981);
#6162=LINE('',#16870,#6982);
#6163=LINE('',#16872,#6983);
#6164=LINE('',#16874,#6984);
#6165=LINE('',#16876,#6985);
#6166=LINE('',#16878,#6986);
#6167=LINE('',#16880,#6987);
#6168=LINE('',#16882,#6988);
#6169=LINE('',#16885,#6989);
#6170=LINE('',#16886,#6990);
#6171=LINE('',#16888,#6991);
#6172=LINE('',#16890,#6992);
#6173=LINE('',#16892,#6993);
#6174=LINE('',#16894,#6994);
#6175=LINE('',#16896,#6995);
#6176=LINE('',#16898,#6996);
#6177=LINE('',#16900,#6997);
#6178=LINE('',#16902,#6998);
#6179=LINE('',#16904,#6999);
#6180=LINE('',#16906,#7000);
#6181=LINE('',#16908,#7001);
#6182=LINE('',#16910,#7002);
#6183=LINE('',#16912,#7003);
#6184=LINE('',#16914,#7004);
#6185=LINE('',#16916,#7005);
#6186=LINE('',#16918,#7006);
#6187=LINE('',#16920,#7007);
#6188=LINE('',#16922,#7008);
#6189=LINE('',#16924,#7009);
#6190=LINE('',#16926,#7010);
#6191=LINE('',#16928,#7011);
#6192=LINE('',#16930,#7012);
#6193=LINE('',#16932,#7013);
#6194=LINE('',#16934,#7014);
#6195=LINE('',#16936,#7015);
#6196=LINE('',#16938,#7016);
#6197=LINE('',#16940,#7017);
#6198=LINE('',#16942,#7018);
#6199=LINE('',#16944,#7019);
#6200=LINE('',#16946,#7020);
#6201=LINE('',#16948,#7021);
#6202=LINE('',#16950,#7022);
#6203=LINE('',#16952,#7023);
#6204=LINE('',#16954,#7024);
#6205=LINE('',#16956,#7025);
#6206=LINE('',#16958,#7026);
#6207=LINE('',#16960,#7027);
#6208=LINE('',#16962,#7028);
#6209=LINE('',#16964,#7029);
#6210=LINE('',#16966,#7030);
#6211=LINE('',#16968,#7031);
#6212=LINE('',#16970,#7032);
#6213=LINE('',#16972,#7033);
#6214=LINE('',#16974,#7034);
#6215=LINE('',#16976,#7035);
#6216=LINE('',#16978,#7036);
#6217=LINE('',#16981,#7037);
#6218=LINE('',#16982,#7038);
#6219=LINE('',#16984,#7039);
#6220=LINE('',#16986,#7040);
#6221=LINE('',#16988,#7041);
#6222=LINE('',#16990,#7042);
#6223=LINE('',#16992,#7043);
#6224=LINE('',#16994,#7044);
#6225=LINE('',#16996,#7045);
#6226=LINE('',#16998,#7046);
#6227=LINE('',#17000,#7047);
#6228=LINE('',#17002,#7048);
#6229=LINE('',#17004,#7049);
#6230=LINE('',#17006,#7050);
#6231=LINE('',#17008,#7051);
#6232=LINE('',#17010,#7052);
#6233=LINE('',#17013,#7053);
#6234=LINE('',#17014,#7054);
#6235=LINE('',#17016,#7055);
#6236=LINE('',#17018,#7056);
#6237=LINE('',#17020,#7057);
#6238=LINE('',#17022,#7058);
#6239=LINE('',#17024,#7059);
#6240=LINE('',#17026,#7060);
#6241=LINE('',#17028,#7061);
#6242=LINE('',#17030,#7062);
#6243=LINE('',#17032,#7063);
#6244=LINE('',#17034,#7064);
#6245=LINE('',#17036,#7065);
#6246=LINE('',#17038,#7066);
#6247=LINE('',#17040,#7067);
#6248=LINE('',#17042,#7068);
#6249=LINE('',#17045,#7069);
#6250=LINE('',#17046,#7070);
#6251=LINE('',#17048,#7071);
#6252=LINE('',#17050,#7072);
#6253=LINE('',#17052,#7073);
#6254=LINE('',#17054,#7074);
#6255=LINE('',#17056,#7075);
#6256=LINE('',#17058,#7076);
#6257=LINE('',#17060,#7077);
#6258=LINE('',#17062,#7078);
#6259=LINE('',#17064,#7079);
#6260=LINE('',#17066,#7080);
#6261=LINE('',#17068,#7081);
#6262=LINE('',#17070,#7082);
#6263=LINE('',#17072,#7083);
#6264=LINE('',#17074,#7084);
#6265=LINE('',#17077,#7085);
#6266=LINE('',#17078,#7086);
#6267=LINE('',#17080,#7087);
#6268=LINE('',#17082,#7088);
#6269=LINE('',#17084,#7089);
#6270=LINE('',#17086,#7090);
#6271=LINE('',#17088,#7091);
#6272=LINE('',#17090,#7092);
#6273=LINE('',#17092,#7093);
#6274=LINE('',#17094,#7094);
#6275=LINE('',#17096,#7095);
#6276=LINE('',#17098,#7096);
#6277=LINE('',#17100,#7097);
#6278=LINE('',#17102,#7098);
#6279=LINE('',#17104,#7099);
#6280=LINE('',#17106,#7100);
#6281=LINE('',#17109,#7101);
#6282=LINE('',#17110,#7102);
#6283=LINE('',#17112,#7103);
#6284=LINE('',#17114,#7104);
#6285=LINE('',#17116,#7105);
#6286=LINE('',#17118,#7106);
#6287=LINE('',#17120,#7107);
#6288=LINE('',#17122,#7108);
#6289=LINE('',#17125,#7109);
#6290=LINE('',#17126,#7110);
#6291=LINE('',#17128,#7111);
#6292=LINE('',#17130,#7112);
#6293=LINE('',#17132,#7113);
#6294=LINE('',#17134,#7114);
#6295=LINE('',#17136,#7115);
#6296=LINE('',#17138,#7116);
#6297=LINE('',#17140,#7117);
#6298=LINE('',#17142,#7118);
#6299=LINE('',#17144,#7119);
#6300=LINE('',#17146,#7120);
#6301=LINE('',#17148,#7121);
#6302=LINE('',#17150,#7122);
#6303=LINE('',#17152,#7123);
#6304=LINE('',#17154,#7124);
#6305=LINE('',#17157,#7125);
#6306=LINE('',#17158,#7126);
#6307=LINE('',#17160,#7127);
#6308=LINE('',#17162,#7128);
#6309=LINE('',#17164,#7129);
#6310=LINE('',#17166,#7130);
#6311=LINE('',#17168,#7131);
#6312=LINE('',#17170,#7132);
#6313=LINE('',#17172,#7133);
#6314=LINE('',#17174,#7134);
#6315=LINE('',#17176,#7135);
#6316=LINE('',#17178,#7136);
#6317=LINE('',#17180,#7137);
#6318=LINE('',#17182,#7138);
#6319=LINE('',#17184,#7139);
#6320=LINE('',#17186,#7140);
#6321=LINE('',#17189,#7141);
#6322=LINE('',#17190,#7142);
#6323=LINE('',#17192,#7143);
#6324=LINE('',#17194,#7144);
#6325=LINE('',#17196,#7145);
#6326=LINE('',#17198,#7146);
#6327=LINE('',#17200,#7147);
#6328=LINE('',#17202,#7148);
#6329=LINE('',#17204,#7149);
#6330=LINE('',#17206,#7150);
#6331=LINE('',#17208,#7151);
#6332=LINE('',#17210,#7152);
#6333=LINE('',#17212,#7153);
#6334=LINE('',#17214,#7154);
#6335=LINE('',#17216,#7155);
#6336=LINE('',#17218,#7156);
#6337=LINE('',#17221,#7157);
#6338=LINE('',#17222,#7158);
#6339=LINE('',#17224,#7159);
#6340=LINE('',#17226,#7160);
#6341=LINE('',#17228,#7161);
#6342=LINE('',#17230,#7162);
#6343=LINE('',#17232,#7163);
#6344=LINE('',#17234,#7164);
#6345=LINE('',#17236,#7165);
#6346=LINE('',#17238,#7166);
#6347=LINE('',#17240,#7167);
#6348=LINE('',#17242,#7168);
#6349=LINE('',#17244,#7169);
#6350=LINE('',#17246,#7170);
#6351=LINE('',#17248,#7171);
#6352=LINE('',#17250,#7172);
#6353=LINE('',#17252,#7173);
#6354=LINE('',#17254,#7174);
#6355=LINE('',#17256,#7175);
#6356=LINE('',#17258,#7176);
#6357=LINE('',#17260,#7177);
#6358=LINE('',#17262,#7178);
#6359=LINE('',#17264,#7179);
#6360=LINE('',#17603,#7180);
#6361=LINE('',#17608,#7181);
#6362=LINE('',#17612,#7182);
#6363=LINE('',#17615,#7183);
#6364=LINE('',#17616,#7184);
#6365=LINE('',#17618,#7185);
#6366=LINE('',#17620,#7186);
#6367=LINE('',#17622,#7187);
#6368=LINE('',#17626,#7188);
#6369=LINE('',#17630,#7189);
#6370=LINE('',#17818,#7190);
#6371=LINE('',#17822,#7191);
#6372=LINE('',#18008,#7192);
#6373=LINE('',#18010,#7193);
#6374=LINE('',#18012,#7194);
#6375=LINE('',#18014,#7195);
#6376=VECTOR('',#12327,1.);
#6377=VECTOR('',#12328,1.);
#6378=VECTOR('',#12329,1.);
#6379=VECTOR('',#12330,1.);
#6380=VECTOR('',#12333,1.);
#6381=VECTOR('',#12334,1.);
#6382=VECTOR('',#12335,1.);
#6383=VECTOR('',#12338,1.);
#6384=VECTOR('',#12339,1.);
#6385=VECTOR('',#12340,1.);
#6386=VECTOR('',#12341,1.);
#6387=VECTOR('',#12342,1.);
#6388=VECTOR('',#12343,1.);
#6389=VECTOR('',#12346,1.);
#6390=VECTOR('',#12347,1.);
#6391=VECTOR('',#12350,1.);
#6392=VECTOR('',#12357,1.);
#6393=VECTOR('',#12358,1.);
#6394=VECTOR('',#12359,1.);
#6395=VECTOR('',#12362,1.);
#6396=VECTOR('',#12363,1.);
#6397=VECTOR('',#12366,1.);
#6398=VECTOR('',#12367,1.);
#6399=VECTOR('',#12370,1.);
#6400=VECTOR('',#12377,1.);
#6401=VECTOR('',#12378,1.);
#6402=VECTOR('',#12379,1.);
#6403=VECTOR('',#12380,1.);
#6404=VECTOR('',#12381,1.);
#6405=VECTOR('',#12382,1.);
#6406=VECTOR('',#12383,1.);
#6407=VECTOR('',#12384,1.);
#6408=VECTOR('',#12385,1.);
#6409=VECTOR('',#12386,1.);
#6410=VECTOR('',#12387,1.);
#6411=VECTOR('',#12388,1.);
#6412=VECTOR('',#12393,1.);
#6413=VECTOR('',#12394,1.);
#6414=VECTOR('',#12395,1.);
#6415=VECTOR('',#12398,1.);
#6416=VECTOR('',#12399,1.);
#6417=VECTOR('',#12402,1.);
#6418=VECTOR('',#12403,1.);
#6419=VECTOR('',#12406,1.);
#6420=VECTOR('',#12407,1.);
#6421=VECTOR('',#12410,1.);
#6422=VECTOR('',#12411,1.);
#6423=VECTOR('',#12414,1.);
#6424=VECTOR('',#12415,1.);
#6425=VECTOR('',#12418,1.);
#6426=VECTOR('',#12419,1.);
#6427=VECTOR('',#12422,1.);
#6428=VECTOR('',#12423,1.);
#6429=VECTOR('',#12426,1.);
#6430=VECTOR('',#12427,1.);
#6431=VECTOR('',#12430,1.);
#6432=VECTOR('',#12431,1.);
#6433=VECTOR('',#12434,1.);
#6434=VECTOR('',#12435,1.);
#6435=VECTOR('',#12438,1.);
#6436=VECTOR('',#12445,1.);
#6437=VECTOR('',#12446,1.);
#6438=VECTOR('',#12447,1.);
#6439=VECTOR('',#12448,1.);
#6440=VECTOR('',#12451,1.);
#6441=VECTOR('',#12452,1.);
#6442=VECTOR('',#12453,1.);
#6443=VECTOR('',#12456,1.);
#6444=VECTOR('',#12457,1.);
#6445=VECTOR('',#12458,1.);
#6446=VECTOR('',#12461,1.);
#6447=VECTOR('',#12462,1.);
#6448=VECTOR('',#12467,1.);
#6449=VECTOR('',#12468,1.);
#6450=VECTOR('',#12469,1.);
#6451=VECTOR('',#12470,1.);
#6452=VECTOR('',#12473,1.);
#6453=VECTOR('',#12474,1.);
#6454=VECTOR('',#12475,1.);
#6455=VECTOR('',#12478,1.);
#6456=VECTOR('',#12479,1.);
#6457=VECTOR('',#12480,1.);
#6458=VECTOR('',#12483,1.);
#6459=VECTOR('',#12484,1.);
#6460=VECTOR('',#12489,1.);
#6461=VECTOR('',#12490,1.);
#6462=VECTOR('',#12491,1.);
#6463=VECTOR('',#12492,1.);
#6464=VECTOR('',#12495,1.);
#6465=VECTOR('',#12496,1.);
#6466=VECTOR('',#12497,1.);
#6467=VECTOR('',#12500,1.);
#6468=VECTOR('',#12501,1.);
#6469=VECTOR('',#12502,1.);
#6470=VECTOR('',#12505,1.);
#6471=VECTOR('',#12506,1.);
#6472=VECTOR('',#12507,1.);
#6473=VECTOR('',#12508,1.);
#6474=VECTOR('',#12511,1.);
#6475=VECTOR('',#12512,1.);
#6476=VECTOR('',#12513,1.);
#6477=VECTOR('',#12514,1.);
#6478=VECTOR('',#12515,1.);
#6479=VECTOR('',#12516,1.);
#6480=VECTOR('',#12517,1.);
#6481=VECTOR('',#12522,1.);
#6482=VECTOR('',#12523,1.);
#6483=VECTOR('',#12524,1.);
#6484=VECTOR('',#12527,1.);
#6485=VECTOR('',#12528,1.);
#6486=VECTOR('',#12529,1.);
#6487=VECTOR('',#12532,1.);
#6488=VECTOR('',#12533,1.);
#6489=VECTOR('',#12536,1.);
#6490=VECTOR('',#12537,1.);
#6491=VECTOR('',#12540,1.);
#6492=VECTOR('',#12545,1.);
#6493=VECTOR('',#12546,1.);
#6494=VECTOR('',#12547,1.);
#6495=VECTOR('',#12550,1.);
#6496=VECTOR('',#12551,1.);
#6497=VECTOR('',#12554,1.);
#6498=VECTOR('',#12555,1.);
#6499=VECTOR('',#12558,1.);
#6500=VECTOR('',#12565,1.);
#6501=VECTOR('',#12566,1.);
#6502=VECTOR('',#12571,1.);
#6503=VECTOR('',#12572,1.);
#6504=VECTOR('',#12573,1.);
#6505=VECTOR('',#12578,1.);
#6506=VECTOR('',#12579,1.);
#6507=VECTOR('',#12580,1.);
#6508=VECTOR('',#12581,1.);
#6509=VECTOR('',#12582,1.);
#6510=VECTOR('',#12583,1.);
#6511=VECTOR('',#12586,1.);
#6512=VECTOR('',#12587,1.);
#6513=VECTOR('',#12592,1.);
#6514=VECTOR('',#12593,1.);
#6515=VECTOR('',#12602,1.);
#6516=VECTOR('',#12613,1.);
#6517=VECTOR('',#12614,1.);
#6518=VECTOR('',#12615,1.);
#6519=VECTOR('',#12616,1.);
#6520=VECTOR('',#12627,1.);
#6521=VECTOR('',#12628,1.);
#6522=VECTOR('',#12629,1.);
#6523=VECTOR('',#12630,1.);
#6524=VECTOR('',#12641,1.);
#6525=VECTOR('',#12642,1.);
#6526=VECTOR('',#12643,1.);
#6527=VECTOR('',#12644,1.);
#6528=VECTOR('',#12645,1.);
#6529=VECTOR('',#12648,1.);
#6530=VECTOR('',#12649,1.);
#6531=VECTOR('',#12650,1.);
#6532=VECTOR('',#12653,1.);
#6533=VECTOR('',#12654,1.);
#6534=VECTOR('',#12657,1.);
#6535=VECTOR('',#12658,1.);
#6536=VECTOR('',#12661,1.);
#6537=VECTOR('',#12662,1.);
#6538=VECTOR('',#12665,1.);
#6539=VECTOR('',#12668,1.);
#6540=VECTOR('',#12673,1.);
#6541=VECTOR('',#12690,1.);
#6542=VECTOR('',#12697,1.);
#6543=VECTOR('',#12698,1.);
#6544=VECTOR('',#12699,1.);
#6545=VECTOR('',#12700,1.);
#6546=VECTOR('',#12707,1.);
#6547=VECTOR('',#12708,1.);
#6548=VECTOR('',#12709,1.);
#6549=VECTOR('',#12710,1.);
#6550=VECTOR('',#12719,1.);
#6551=VECTOR('',#12722,1.);
#6552=VECTOR('',#12725,1.);
#6553=VECTOR('',#12730,1.);
#6554=VECTOR('',#12733,1.);
#6555=VECTOR('',#12738,1.);
#6556=VECTOR('',#12739,1.);
#6557=VECTOR('',#12740,1.);
#6558=VECTOR('',#12743,1.);
#6559=VECTOR('',#12748,1.);
#6560=VECTOR('',#12753,1.);
#6561=VECTOR('',#12758,1.);
#6562=VECTOR('',#12759,1.);
#6563=VECTOR('',#12760,1.);
#6564=VECTOR('',#12763,1.);
#6565=VECTOR('',#12764,1.);
#6566=VECTOR('',#12767,1.);
#6567=VECTOR('',#12768,1.);
#6568=VECTOR('',#12771,1.);
#6569=VECTOR('',#12774,1.);
#6570=VECTOR('',#12777,1.);
#6571=VECTOR('',#12780,1.);
#6572=VECTOR('',#12781,1.);
#6573=VECTOR('',#12782,1.);
#6574=VECTOR('',#12783,1.);
#6575=VECTOR('',#12786,1.);
#6576=VECTOR('',#12787,1.);
#6577=VECTOR('',#12788,1.);
#6578=VECTOR('',#12791,1.);
#6579=VECTOR('',#12792,1.);
#6580=VECTOR('',#12797,1.);
#6581=VECTOR('',#12798,1.);
#6582=VECTOR('',#12799,1.);
#6583=VECTOR('',#12800,1.);
#6584=VECTOR('',#12803,1.);
#6585=VECTOR('',#12804,1.);
#6586=VECTOR('',#12809,1.);
#6587=VECTOR('',#12812,1.);
#6588=VECTOR('',#12815,1.);
#6589=VECTOR('',#12816,1.);
#6590=VECTOR('',#12825,1.);
#6591=VECTOR('',#12834,1.);
#6592=VECTOR('',#12837,1.);
#6593=VECTOR('',#12838,1.);
#6594=VECTOR('',#12839,1.);
#6595=VECTOR('',#12840,1.);
#6596=VECTOR('',#12841,1.);
#6597=VECTOR('',#12848,1.);
#6598=VECTOR('',#12849,1.);
#6599=VECTOR('',#12850,1.);
#6600=VECTOR('',#12851,1.);
#6601=VECTOR('',#12852,1.);
#6602=VECTOR('',#12855,1.);
#6603=VECTOR('',#12856,1.);
#6604=VECTOR('',#12857,1.);
#6605=VECTOR('',#12858,1.);
#6606=VECTOR('',#12859,1.);
#6607=VECTOR('',#12860,1.);
#6608=VECTOR('',#12861,1.);
#6609=VECTOR('',#12862,1.);
#6610=VECTOR('',#12863,1.);
#6611=VECTOR('',#12864,1.);
#6612=VECTOR('',#12865,1.);
#6613=VECTOR('',#12866,1.);
#6614=VECTOR('',#12867,1.);
#6615=VECTOR('',#12868,1.);
#6616=VECTOR('',#12869,1.);
#6617=VECTOR('',#12870,1.);
#6618=VECTOR('',#12873,1.);
#6619=VECTOR('',#12878,1.);
#6620=VECTOR('',#12883,1.);
#6621=VECTOR('',#12884,1.);
#6622=VECTOR('',#12885,1.);
#6623=VECTOR('',#12888,1.);
#6624=VECTOR('',#12889,1.);
#6625=VECTOR('',#12890,1.);
#6626=VECTOR('',#12891,1.);
#6627=VECTOR('',#12894,1.);
#6628=VECTOR('',#12895,1.);
#6629=VECTOR('',#12896,1.);
#6630=VECTOR('',#12897,1.);
#6631=VECTOR('',#12900,1.);
#6632=VECTOR('',#12907,1.);
#6633=VECTOR('',#12908,1.);
#6634=VECTOR('',#12909,1.);
#6635=VECTOR('',#12912,1.);
#6636=VECTOR('',#12913,1.);
#6637=VECTOR('',#12916,1.);
#6638=VECTOR('',#12917,1.);
#6639=VECTOR('',#12920,1.);
#6640=VECTOR('',#12923,1.);
#6641=VECTOR('',#12924,1.);
#6642=VECTOR('',#12927,1.);
#6643=VECTOR('',#12930,1.);
#6644=VECTOR('',#12935,1.);
#6645=VECTOR('',#12936,1.);
#6646=VECTOR('',#12937,1.);
#6647=VECTOR('',#12940,1.);
#6648=VECTOR('',#12941,1.);
#6649=VECTOR('',#12944,1.);
#6650=VECTOR('',#12945,1.);
#6651=VECTOR('',#12948,1.);
#6652=VECTOR('',#12951,1.);
#6653=VECTOR('',#12952,1.);
#6654=VECTOR('',#12953,1.);
#6655=VECTOR('',#12956,1.);
#6656=VECTOR('',#12957,1.);
#6657=VECTOR('',#12960,1.);
#6658=VECTOR('',#12961,1.);
#6659=VECTOR('',#12964,1.);
#6660=VECTOR('',#12967,1.);
#6661=VECTOR('',#12968,1.);
#6662=VECTOR('',#12969,1.);
#6663=VECTOR('',#12972,1.);
#6664=VECTOR('',#12973,1.);
#6665=VECTOR('',#12976,1.);
#6666=VECTOR('',#12977,1.);
#6667=VECTOR('',#12980,1.);
#6668=VECTOR('',#12983,1.);
#6669=VECTOR('',#12984,1.);
#6670=VECTOR('',#12985,1.);
#6671=VECTOR('',#12988,1.);
#6672=VECTOR('',#12989,1.);
#6673=VECTOR('',#12992,1.);
#6674=VECTOR('',#12993,1.);
#6675=VECTOR('',#12996,1.);
#6676=VECTOR('',#13003,1.);
#6677=VECTOR('',#13006,1.);
#6678=VECTOR('',#13027,1.);
#6679=VECTOR('',#13032,1.);
#6680=VECTOR('',#13037,1.);
#6681=VECTOR('',#13042,1.);
#6682=VECTOR('',#13063,1.);
#6683=VECTOR('',#13068,1.);
#6684=VECTOR('',#13073,1.);
#6685=VECTOR('',#13078,1.);
#6686=VECTOR('',#13117,1.);
#6687=VECTOR('',#13118,1.);
#6688=VECTOR('',#13119,1.);
#6689=VECTOR('',#13120,1.);
#6690=VECTOR('',#13123,1.);
#6691=VECTOR('',#13124,1.);
#6692=VECTOR('',#13125,1.);
#6693=VECTOR('',#13128,1.);
#6694=VECTOR('',#13129,1.);
#6695=VECTOR('',#13130,1.);
#6696=VECTOR('',#13145,1.);
#6697=VECTOR('',#13146,1.);
#6698=VECTOR('',#13149,1.);
#6699=VECTOR('',#13150,1.);
#6700=VECTOR('',#13151,1.);
#6701=VECTOR('',#13152,1.);
#6702=VECTOR('',#13157,1.);
#6703=VECTOR('',#13158,1.);
#6704=VECTOR('',#13159,1.);
#6705=VECTOR('',#13162,1.);
#6706=VECTOR('',#13163,1.);
#6707=VECTOR('',#13166,1.);
#6708=VECTOR('',#13167,1.);
#6709=VECTOR('',#13170,1.);
#6710=VECTOR('',#13303,1.);
#6711=VECTOR('',#13304,1.);
#6712=VECTOR('',#13305,1.);
#6713=VECTOR('',#13306,1.);
#6714=VECTOR('',#13309,1.);
#6715=VECTOR('',#13310,1.);
#6716=VECTOR('',#13311,1.);
#6717=VECTOR('',#13314,1.);
#6718=VECTOR('',#13315,1.);
#6719=VECTOR('',#13316,1.);
#6720=VECTOR('',#13319,1.);
#6721=VECTOR('',#13320,1.);
#6722=VECTOR('',#13321,1.);
#6723=VECTOR('',#13322,1.);
#6724=VECTOR('',#13323,1.);
#6725=VECTOR('',#13324,1.);
#6726=VECTOR('',#13325,1.);
#6727=VECTOR('',#13326,1.);
#6728=VECTOR('',#13327,1.);
#6729=VECTOR('',#13328,1.);
#6730=VECTOR('',#13329,1.);
#6731=VECTOR('',#13330,1.);
#6732=VECTOR('',#13331,1.);
#6733=VECTOR('',#13332,1.);
#6734=VECTOR('',#13333,1.);
#6735=VECTOR('',#13334,1.);
#6736=VECTOR('',#13335,1.);
#6737=VECTOR('',#13336,1.);
#6738=VECTOR('',#13337,1.);
#6739=VECTOR('',#13338,1.);
#6740=VECTOR('',#13339,1.);
#6741=VECTOR('',#13340,1.);
#6742=VECTOR('',#13341,1.);
#6743=VECTOR('',#13342,1.);
#6744=VECTOR('',#13343,1.);
#6745=VECTOR('',#13344,1.);
#6746=VECTOR('',#13345,1.);
#6747=VECTOR('',#13346,1.);
#6748=VECTOR('',#13347,1.);
#6749=VECTOR('',#13348,1.);
#6750=VECTOR('',#13349,1.);
#6751=VECTOR('',#13350,1.);
#6752=VECTOR('',#13351,1.);
#6753=VECTOR('',#13352,1.);
#6754=VECTOR('',#13353,1.);
#6755=VECTOR('',#13354,1.);
#6756=VECTOR('',#13355,1.);
#6757=VECTOR('',#13356,1.);
#6758=VECTOR('',#13357,1.);
#6759=VECTOR('',#13358,1.);
#6760=VECTOR('',#13359,1.);
#6761=VECTOR('',#13360,1.);
#6762=VECTOR('',#13361,1.);
#6763=VECTOR('',#13362,1.);
#6764=VECTOR('',#13363,1.);
#6765=VECTOR('',#13364,1.);
#6766=VECTOR('',#13365,1.);
#6767=VECTOR('',#13366,1.);
#6768=VECTOR('',#13367,1.);
#6769=VECTOR('',#13368,1.);
#6770=VECTOR('',#13369,1.);
#6771=VECTOR('',#13370,1.);
#6772=VECTOR('',#13371,1.);
#6773=VECTOR('',#13372,1.);
#6774=VECTOR('',#13373,1.);
#6775=VECTOR('',#13374,1.);
#6776=VECTOR('',#13375,1.);
#6777=VECTOR('',#13376,1.);
#6778=VECTOR('',#13377,1.);
#6779=VECTOR('',#13378,1.);
#6780=VECTOR('',#13379,1.);
#6781=VECTOR('',#13380,1.);
#6782=VECTOR('',#13381,1.);
#6783=VECTOR('',#13382,1.);
#6784=VECTOR('',#13383,1.);
#6785=VECTOR('',#13384,1.);
#6786=VECTOR('',#13385,1.);
#6787=VECTOR('',#13386,1.);
#6788=VECTOR('',#13387,1.);
#6789=VECTOR('',#13388,1.);
#6790=VECTOR('',#13389,1.);
#6791=VECTOR('',#13390,1.);
#6792=VECTOR('',#13391,1.);
#6793=VECTOR('',#13392,1.);
#6794=VECTOR('',#13393,1.);
#6795=VECTOR('',#13394,1.);
#6796=VECTOR('',#13395,1.);
#6797=VECTOR('',#13396,1.);
#6798=VECTOR('',#13397,1.);
#6799=VECTOR('',#13400,1.);
#6800=VECTOR('',#13401,1.);
#6801=VECTOR('',#13402,1.);
#6802=VECTOR('',#13403,1.);
#6803=VECTOR('',#13404,1.);
#6804=VECTOR('',#13405,1.);
#6805=VECTOR('',#13406,1.);
#6806=VECTOR('',#13407,1.);
#6807=VECTOR('',#13408,1.);
#6808=VECTOR('',#13409,1.);
#6809=VECTOR('',#13410,1.);
#6810=VECTOR('',#13411,1.);
#6811=VECTOR('',#13412,1.);
#6812=VECTOR('',#13413,1.);
#6813=VECTOR('',#13414,1.);
#6814=VECTOR('',#13415,1.);
#6815=VECTOR('',#13416,1.);
#6816=VECTOR('',#13417,1.);
#6817=VECTOR('',#13418,1.);
#6818=VECTOR('',#13419,1.);
#6819=VECTOR('',#13420,1.);
#6820=VECTOR('',#13421,1.);
#6821=VECTOR('',#13422,1.);
#6822=VECTOR('',#13423,1.);
#6823=VECTOR('',#13424,1.);
#6824=VECTOR('',#13425,1.);
#6825=VECTOR('',#13426,1.);
#6826=VECTOR('',#13427,1.);
#6827=VECTOR('',#13428,1.);
#6828=VECTOR('',#13429,1.);
#6829=VECTOR('',#13430,1.);
#6830=VECTOR('',#13431,1.);
#6831=VECTOR('',#13432,1.);
#6832=VECTOR('',#13433,1.);
#6833=VECTOR('',#13434,1.);
#6834=VECTOR('',#13435,1.);
#6835=VECTOR('',#13436,1.);
#6836=VECTOR('',#13437,1.);
#6837=VECTOR('',#13438,1.);
#6838=VECTOR('',#13439,1.);
#6839=VECTOR('',#13440,1.);
#6840=VECTOR('',#13441,1.);
#6841=VECTOR('',#13442,1.);
#6842=VECTOR('',#13443,1.);
#6843=VECTOR('',#13444,1.);
#6844=VECTOR('',#13445,1.);
#6845=VECTOR('',#13446,1.);
#6846=VECTOR('',#13447,1.);
#6847=VECTOR('',#13448,1.);
#6848=VECTOR('',#13449,1.);
#6849=VECTOR('',#13450,1.);
#6850=VECTOR('',#13451,1.);
#6851=VECTOR('',#13452,1.);
#6852=VECTOR('',#13453,1.);
#6853=VECTOR('',#13454,1.);
#6854=VECTOR('',#13455,1.);
#6855=VECTOR('',#13456,1.);
#6856=VECTOR('',#13457,1.);
#6857=VECTOR('',#13458,1.);
#6858=VECTOR('',#13459,1.);
#6859=VECTOR('',#13460,1.);
#6860=VECTOR('',#13461,1.);
#6861=VECTOR('',#13462,1.);
#6862=VECTOR('',#13463,1.);
#6863=VECTOR('',#13464,1.);
#6864=VECTOR('',#13465,1.);
#6865=VECTOR('',#13466,1.);
#6866=VECTOR('',#13467,1.);
#6867=VECTOR('',#13468,1.);
#6868=VECTOR('',#13469,1.);
#6869=VECTOR('',#13470,1.);
#6870=VECTOR('',#13471,1.);
#6871=VECTOR('',#13472,1.);
#6872=VECTOR('',#13473,1.);
#6873=VECTOR('',#13474,1.);
#6874=VECTOR('',#13475,1.);
#6875=VECTOR('',#13476,1.);
#6876=VECTOR('',#13477,1.);
#6877=VECTOR('',#13478,1.);
#6878=VECTOR('',#13481,1.);
#6879=VECTOR('',#13484,1.);
#6880=VECTOR('',#13487,1.);
#6881=VECTOR('',#13490,1.);
#6882=VECTOR('',#13493,1.);
#6883=VECTOR('',#13496,1.);
#6884=VECTOR('',#13499,1.);
#6885=VECTOR('',#13502,1.);
#6886=VECTOR('',#13505,1.);
#6887=VECTOR('',#13508,1.);
#6888=VECTOR('',#13511,1.);
#6889=VECTOR('',#13514,1.);
#6890=VECTOR('',#13517,1.);
#6891=VECTOR('',#13520,1.);
#6892=VECTOR('',#13523,1.);
#6893=VECTOR('',#13526,1.);
#6894=VECTOR('',#13529,1.);
#6895=VECTOR('',#13532,1.);
#6896=VECTOR('',#13535,1.);
#6897=VECTOR('',#13538,1.);
#6898=VECTOR('',#13541,1.);
#6899=VECTOR('',#13544,1.);
#6900=VECTOR('',#13547,1.);
#6901=VECTOR('',#13550,1.);
#6902=VECTOR('',#13553,1.);
#6903=VECTOR('',#13556,1.);
#6904=VECTOR('',#13559,1.);
#6905=VECTOR('',#13562,1.);
#6906=VECTOR('',#13565,1.);
#6907=VECTOR('',#13568,1.);
#6908=VECTOR('',#13571,1.);
#6909=VECTOR('',#13574,1.);
#6910=VECTOR('',#13577,1.);
#6911=VECTOR('',#13580,1.);
#6912=VECTOR('',#13583,1.);
#6913=VECTOR('',#13586,1.);
#6914=VECTOR('',#13589,1.);
#6915=VECTOR('',#13592,1.);
#6916=VECTOR('',#13595,1.);
#6917=VECTOR('',#13598,1.);
#6918=VECTOR('',#13601,1.);
#6919=VECTOR('',#13604,1.);
#6920=VECTOR('',#13607,1.);
#6921=VECTOR('',#13610,1.);
#6922=VECTOR('',#13613,1.);
#6923=VECTOR('',#13616,1.);
#6924=VECTOR('',#13621,1.);
#6925=VECTOR('',#13622,1.);
#6926=VECTOR('',#13623,1.);
#6927=VECTOR('',#13626,1.);
#6928=VECTOR('',#13627,1.);
#6929=VECTOR('',#13630,1.);
#6930=VECTOR('',#13631,1.);
#6931=VECTOR('',#13634,1.);
#6932=VECTOR('',#13637,1.);
#6933=VECTOR('',#13638,1.);
#6934=VECTOR('',#13639,1.);
#6935=VECTOR('',#13642,1.);
#6936=VECTOR('',#13643,1.);
#6937=VECTOR('',#13646,1.);
#6938=VECTOR('',#13647,1.);
#6939=VECTOR('',#13650,1.);
#6940=VECTOR('',#13653,1.);
#6941=VECTOR('',#13654,1.);
#6942=VECTOR('',#13655,1.);
#6943=VECTOR('',#13658,1.);
#6944=VECTOR('',#13659,1.);
#6945=VECTOR('',#13662,1.);
#6946=VECTOR('',#13663,1.);
#6947=VECTOR('',#13666,1.);
#6948=VECTOR('',#13669,1.);
#6949=VECTOR('',#13670,1.);
#6950=VECTOR('',#13671,1.);
#6951=VECTOR('',#13674,1.);
#6952=VECTOR('',#13675,1.);
#6953=VECTOR('',#13678,1.);
#6954=VECTOR('',#13679,1.);
#6955=VECTOR('',#13682,1.);
#6956=VECTOR('',#13685,1.);
#6957=VECTOR('',#13686,1.);
#6958=VECTOR('',#13687,1.);
#6959=VECTOR('',#13690,1.);
#6960=VECTOR('',#13691,1.);
#6961=VECTOR('',#13694,1.);
#6962=VECTOR('',#13695,1.);
#6963=VECTOR('',#13698,1.);
#6964=VECTOR('',#13701,1.);
#6965=VECTOR('',#13702,1.);
#6966=VECTOR('',#13703,1.);
#6967=VECTOR('',#13706,1.);
#6968=VECTOR('',#13707,1.);
#6969=VECTOR('',#13710,1.);
#6970=VECTOR('',#13711,1.);
#6971=VECTOR('',#13714,1.);
#6972=VECTOR('',#13717,1.);
#6973=VECTOR('',#13718,1.);
#6974=VECTOR('',#13719,1.);
#6975=VECTOR('',#13722,1.);
#6976=VECTOR('',#13723,1.);
#6977=VECTOR('',#13726,1.);
#6978=VECTOR('',#13727,1.);
#6979=VECTOR('',#13730,1.);
#6980=VECTOR('',#13733,1.);
#6981=VECTOR('',#13734,1.);
#6982=VECTOR('',#13735,1.);
#6983=VECTOR('',#13738,1.);
#6984=VECTOR('',#13739,1.);
#6985=VECTOR('',#13742,1.);
#6986=VECTOR('',#13743,1.);
#6987=VECTOR('',#13746,1.);
#6988=VECTOR('',#13749,1.);
#6989=VECTOR('',#13750,1.);
#6990=VECTOR('',#13751,1.);
#6991=VECTOR('',#13754,1.);
#6992=VECTOR('',#13755,1.);
#6993=VECTOR('',#13758,1.);
#6994=VECTOR('',#13759,1.);
#6995=VECTOR('',#13762,1.);
#6996=VECTOR('',#13765,1.);
#6997=VECTOR('',#13766,1.);
#6998=VECTOR('',#13767,1.);
#6999=VECTOR('',#13770,1.);
#7000=VECTOR('',#13771,1.);
#7001=VECTOR('',#13774,1.);
#7002=VECTOR('',#13775,1.);
#7003=VECTOR('',#13778,1.);
#7004=VECTOR('',#13781,1.);
#7005=VECTOR('',#13782,1.);
#7006=VECTOR('',#13783,1.);
#7007=VECTOR('',#13786,1.);
#7008=VECTOR('',#13787,1.);
#7009=VECTOR('',#13790,1.);
#7010=VECTOR('',#13791,1.);
#7011=VECTOR('',#13794,1.);
#7012=VECTOR('',#13797,1.);
#7013=VECTOR('',#13798,1.);
#7014=VECTOR('',#13799,1.);
#7015=VECTOR('',#13802,1.);
#7016=VECTOR('',#13803,1.);
#7017=VECTOR('',#13806,1.);
#7018=VECTOR('',#13807,1.);
#7019=VECTOR('',#13810,1.);
#7020=VECTOR('',#13813,1.);
#7021=VECTOR('',#13814,1.);
#7022=VECTOR('',#13815,1.);
#7023=VECTOR('',#13818,1.);
#7024=VECTOR('',#13819,1.);
#7025=VECTOR('',#13822,1.);
#7026=VECTOR('',#13823,1.);
#7027=VECTOR('',#13826,1.);
#7028=VECTOR('',#13829,1.);
#7029=VECTOR('',#13830,1.);
#7030=VECTOR('',#13831,1.);
#7031=VECTOR('',#13834,1.);
#7032=VECTOR('',#13835,1.);
#7033=VECTOR('',#13838,1.);
#7034=VECTOR('',#13839,1.);
#7035=VECTOR('',#13842,1.);
#7036=VECTOR('',#13845,1.);
#7037=VECTOR('',#13846,1.);
#7038=VECTOR('',#13847,1.);
#7039=VECTOR('',#13850,1.);
#7040=VECTOR('',#13851,1.);
#7041=VECTOR('',#13854,1.);
#7042=VECTOR('',#13855,1.);
#7043=VECTOR('',#13858,1.);
#7044=VECTOR('',#13861,1.);
#7045=VECTOR('',#13862,1.);
#7046=VECTOR('',#13863,1.);
#7047=VECTOR('',#13866,1.);
#7048=VECTOR('',#13867,1.);
#7049=VECTOR('',#13870,1.);
#7050=VECTOR('',#13871,1.);
#7051=VECTOR('',#13874,1.);
#7052=VECTOR('',#13877,1.);
#7053=VECTOR('',#13878,1.);
#7054=VECTOR('',#13879,1.);
#7055=VECTOR('',#13882,1.);
#7056=VECTOR('',#13883,1.);
#7057=VECTOR('',#13886,1.);
#7058=VECTOR('',#13887,1.);
#7059=VECTOR('',#13890,1.);
#7060=VECTOR('',#13893,1.);
#7061=VECTOR('',#13894,1.);
#7062=VECTOR('',#13895,1.);
#7063=VECTOR('',#13898,1.);
#7064=VECTOR('',#13899,1.);
#7065=VECTOR('',#13902,1.);
#7066=VECTOR('',#13903,1.);
#7067=VECTOR('',#13906,1.);
#7068=VECTOR('',#13909,1.);
#7069=VECTOR('',#13910,1.);
#7070=VECTOR('',#13911,1.);
#7071=VECTOR('',#13914,1.);
#7072=VECTOR('',#13915,1.);
#7073=VECTOR('',#13918,1.);
#7074=VECTOR('',#13919,1.);
#7075=VECTOR('',#13922,1.);
#7076=VECTOR('',#13925,1.);
#7077=VECTOR('',#13926,1.);
#7078=VECTOR('',#13927,1.);
#7079=VECTOR('',#13930,1.);
#7080=VECTOR('',#13931,1.);
#7081=VECTOR('',#13934,1.);
#7082=VECTOR('',#13935,1.);
#7083=VECTOR('',#13938,1.);
#7084=VECTOR('',#13941,1.);
#7085=VECTOR('',#13942,1.);
#7086=VECTOR('',#13943,1.);
#7087=VECTOR('',#13946,1.);
#7088=VECTOR('',#13947,1.);
#7089=VECTOR('',#13950,1.);
#7090=VECTOR('',#13951,1.);
#7091=VECTOR('',#13954,1.);
#7092=VECTOR('',#13957,1.);
#7093=VECTOR('',#13958,1.);
#7094=VECTOR('',#13959,1.);
#7095=VECTOR('',#13962,1.);
#7096=VECTOR('',#13963,1.);
#7097=VECTOR('',#13966,1.);
#7098=VECTOR('',#13967,1.);
#7099=VECTOR('',#13970,1.);
#7100=VECTOR('',#13973,1.);
#7101=VECTOR('',#13974,1.);
#7102=VECTOR('',#13975,1.);
#7103=VECTOR('',#13978,1.);
#7104=VECTOR('',#13979,1.);
#7105=VECTOR('',#13982,1.);
#7106=VECTOR('',#13983,1.);
#7107=VECTOR('',#13986,1.);
#7108=VECTOR('',#13989,1.);
#7109=VECTOR('',#13990,1.);
#7110=VECTOR('',#13991,1.);
#7111=VECTOR('',#13994,1.);
#7112=VECTOR('',#13995,1.);
#7113=VECTOR('',#13998,1.);
#7114=VECTOR('',#13999,1.);
#7115=VECTOR('',#14002,1.);
#7116=VECTOR('',#14005,1.);
#7117=VECTOR('',#14006,1.);
#7118=VECTOR('',#14007,1.);
#7119=VECTOR('',#14010,1.);
#7120=VECTOR('',#14011,1.);
#7121=VECTOR('',#14014,1.);
#7122=VECTOR('',#14015,1.);
#7123=VECTOR('',#14018,1.);
#7124=VECTOR('',#14021,1.);
#7125=VECTOR('',#14022,1.);
#7126=VECTOR('',#14023,1.);
#7127=VECTOR('',#14026,1.);
#7128=VECTOR('',#14027,1.);
#7129=VECTOR('',#14030,1.);
#7130=VECTOR('',#14031,1.);
#7131=VECTOR('',#14034,1.);
#7132=VECTOR('',#14037,1.);
#7133=VECTOR('',#14038,1.);
#7134=VECTOR('',#14039,1.);
#7135=VECTOR('',#14042,1.);
#7136=VECTOR('',#14043,1.);
#7137=VECTOR('',#14046,1.);
#7138=VECTOR('',#14047,1.);
#7139=VECTOR('',#14050,1.);
#7140=VECTOR('',#14053,1.);
#7141=VECTOR('',#14054,1.);
#7142=VECTOR('',#14055,1.);
#7143=VECTOR('',#14058,1.);
#7144=VECTOR('',#14059,1.);
#7145=VECTOR('',#14062,1.);
#7146=VECTOR('',#14063,1.);
#7147=VECTOR('',#14066,1.);
#7148=VECTOR('',#14069,1.);
#7149=VECTOR('',#14070,1.);
#7150=VECTOR('',#14071,1.);
#7151=VECTOR('',#14074,1.);
#7152=VECTOR('',#14075,1.);
#7153=VECTOR('',#14078,1.);
#7154=VECTOR('',#14079,1.);
#7155=VECTOR('',#14082,1.);
#7156=VECTOR('',#14085,1.);
#7157=VECTOR('',#14086,1.);
#7158=VECTOR('',#14087,1.);
#7159=VECTOR('',#14090,1.);
#7160=VECTOR('',#14091,1.);
#7161=VECTOR('',#14094,1.);
#7162=VECTOR('',#14095,1.);
#7163=VECTOR('',#14098,1.);
#7164=VECTOR('',#14101,1.);
#7165=VECTOR('',#14102,1.);
#7166=VECTOR('',#14103,1.);
#7167=VECTOR('',#14106,1.);
#7168=VECTOR('',#14107,1.);
#7169=VECTOR('',#14110,1.);
#7170=VECTOR('',#14111,1.);
#7171=VECTOR('',#14114,1.);
#7172=VECTOR('',#14117,1.);
#7173=VECTOR('',#14118,1.);
#7174=VECTOR('',#14119,1.);
#7175=VECTOR('',#14122,1.);
#7176=VECTOR('',#14123,1.);
#7177=VECTOR('',#14126,1.);
#7178=VECTOR('',#14127,1.);
#7179=VECTOR('',#14130,1.);
#7180=VECTOR('',#14611,1.);
#7181=VECTOR('',#14614,1.);
#7182=VECTOR('',#14619,1.);
#7183=VECTOR('',#14620,1.);
#7184=VECTOR('',#14621,1.);
#7185=VECTOR('',#14624,1.);
#7186=VECTOR('',#14625,1.);
#7187=VECTOR('',#14626,1.);
#7188=VECTOR('',#14631,1.);
#7189=VECTOR('',#14634,1.);
#7190=VECTOR('',#14823,1.);
#7191=VECTOR('',#14826,1.);
#7192=VECTOR('',#15013,1.);
#7193=VECTOR('',#15016,1.);
#7194=VECTOR('',#15019,1.);
#7195=VECTOR('',#15022,1.);
#7196=EDGE_LOOP('',(#968,#969,#970,#971));
#7197=EDGE_LOOP('',(#972,#973,#974,#975));
#7198=EDGE_LOOP('',(#976,#977,#978,#979));
#7199=EDGE_LOOP('',(#980,#981,#982,#983));
#7200=EDGE_LOOP('',(#984,#985,#986,#987));
#7201=EDGE_LOOP('',(#988,#989,#990,#991));
#7202=EDGE_LOOP('',(#992));
#7203=EDGE_LOOP('',(#993,#994,#995,#996));
#7204=EDGE_LOOP('',(#997,#998,#999,#1000));
#7205=EDGE_LOOP('',(#1001,#1002,#1003,#1004));
#7206=EDGE_LOOP('',(#1005,#1006,#1007,#1008));
#7207=EDGE_LOOP('',(#1009,#1010,#1011,#1012));
#7208=EDGE_LOOP('',(#1013));
#7209=EDGE_LOOP('',(#1014));
#7210=EDGE_LOOP('',(#1015,#1016,#1017,#1018));
#7211=EDGE_LOOP('',(#1019,#1020,#1021,#1022,#1023,#1024,#1025,#1026,#1027,
#1028,#1029,#1030));
#7212=EDGE_LOOP('',(#1031));
#7213=EDGE_LOOP('',(#1032,#1033,#1034,#1035));
#7214=EDGE_LOOP('',(#1036,#1037,#1038,#1039));
#7215=EDGE_LOOP('',(#1040,#1041,#1042,#1043));
#7216=EDGE_LOOP('',(#1044,#1045,#1046,#1047));
#7217=EDGE_LOOP('',(#1048,#1049,#1050,#1051));
#7218=EDGE_LOOP('',(#1052,#1053,#1054,#1055));
#7219=EDGE_LOOP('',(#1056,#1057,#1058,#1059));
#7220=EDGE_LOOP('',(#1060,#1061,#1062,#1063));
#7221=EDGE_LOOP('',(#1064,#1065,#1066,#1067));
#7222=EDGE_LOOP('',(#1068,#1069,#1070,#1071));
#7223=EDGE_LOOP('',(#1072,#1073,#1074,#1075));
#7224=EDGE_LOOP('',(#1076,#1077,#1078,#1079));
#7225=EDGE_LOOP('',(#1080,#1081,#1082,#1083,#1084,#1085,#1086,#1087,#1088,
#1089,#1090,#1091));
#7226=EDGE_LOOP('',(#1092,#1093,#1094,#1095));
#7227=EDGE_LOOP('',(#1096,#1097,#1098,#1099));
#7228=EDGE_LOOP('',(#1100,#1101,#1102,#1103));
#7229=EDGE_LOOP('',(#1104,#1105,#1106,#1107));
#7230=EDGE_LOOP('',(#1108,#1109,#1110,#1111));
#7231=EDGE_LOOP('',(#1112,#1113,#1114,#1115));
#7232=EDGE_LOOP('',(#1116,#1117,#1118,#1119));
#7233=EDGE_LOOP('',(#1120,#1121,#1122,#1123));
#7234=EDGE_LOOP('',(#1124,#1125,#1126,#1127));
#7235=EDGE_LOOP('',(#1128,#1129,#1130,#1131));
#7236=EDGE_LOOP('',(#1132,#1133,#1134,#1135));
#7237=EDGE_LOOP('',(#1136,#1137,#1138,#1139));
#7238=EDGE_LOOP('',(#1140,#1141,#1142,#1143));
#7239=EDGE_LOOP('',(#1144,#1145,#1146,#1147,#1148,#1149));
#7240=EDGE_LOOP('',(#1150,#1151,#1152,#1153));
#7241=EDGE_LOOP('',(#1154,#1155,#1156,#1157,#1158,#1159,#1160,#1161));
#7242=EDGE_LOOP('',(#1162,#1163,#1164,#1165));
#7243=EDGE_LOOP('',(#1166,#1167,#1168,#1169));
#7244=EDGE_LOOP('',(#1170,#1171,#1172,#1173));
#7245=EDGE_LOOP('',(#1174,#1175,#1176,#1177));
#7246=EDGE_LOOP('',(#1178,#1179,#1180,#1181,#1182));
#7247=EDGE_LOOP('',(#1183,#1184,#1185,#1186));
#7248=EDGE_LOOP('',(#1187,#1188,#1189,#1190,#1191));
#7249=EDGE_LOOP('',(#1192,#1193,#1194,#1195));
#7250=EDGE_LOOP('',(#1196,#1197,#1198,#1199));
#7251=EDGE_LOOP('',(#1200,#1201,#1202,#1203));
#7252=EDGE_LOOP('',(#1204,#1205,#1206,#1207));
#7253=EDGE_LOOP('',(#1208,#1209,#1210,#1211));
#7254=EDGE_LOOP('',(#1212,#1213,#1214,#1215));
#7255=EDGE_LOOP('',(#1216,#1217,#1218,#1219));
#7256=EDGE_LOOP('',(#1220,#1221,#1222,#1223));
#7257=EDGE_LOOP('',(#1224,#1225,#1226,#1227,#1228));
#7258=EDGE_LOOP('',(#1229,#1230,#1231,#1232,#1233,#1234));
#7259=EDGE_LOOP('',(#1235,#1236,#1237,#1238,#1239));
#7260=EDGE_LOOP('',(#1240,#1241,#1242,#1243,#1244,#1245,#1246,#1247));
#7261=EDGE_LOOP('',(#1248,#1249,#1250,#1251));
#7262=EDGE_LOOP('',(#1252,#1253,#1254,#1255,#1256,#1257));
#7263=EDGE_LOOP('',(#1258,#1259,#1260,#1261));
#7264=EDGE_LOOP('',(#1262,#1263,#1264,#1265,#1266,#1267));
#7265=EDGE_LOOP('',(#1268,#1269,#1270,#1271));
#7266=EDGE_LOOP('',(#1272,#1273,#1274,#1275,#1276));
#7267=EDGE_LOOP('',(#1277,#1278,#1279,#1280,#1281));
#7268=EDGE_LOOP('',(#1282,#1283,#1284,#1285));
#7269=EDGE_LOOP('',(#1286,#1287,#1288,#1289,#1290,#1291));
#7270=EDGE_LOOP('',(#1292,#1293,#1294,#1295));
#7271=EDGE_LOOP('',(#1296));
#7272=EDGE_LOOP('',(#1297));
#7273=EDGE_LOOP('',(#1298));
#7274=EDGE_LOOP('',(#1299));
#7275=EDGE_LOOP('',(#1300,#1301,#1302,#1303,#1304));
#7276=EDGE_LOOP('',(#1305));
#7277=EDGE_LOOP('',(#1306));
#7278=EDGE_LOOP('',(#1307));
#7279=EDGE_LOOP('',(#1308));
#7280=EDGE_LOOP('',(#1309,#1310,#1311,#1312));
#7281=EDGE_LOOP('',(#1313,#1314,#1315,#1316,#1317));
#7282=EDGE_LOOP('',(#1318,#1319,#1320,#1321));
#7283=EDGE_LOOP('',(#1322,#1323,#1324,#1325));
#7284=EDGE_LOOP('',(#1326,#1327,#1328,#1329));
#7285=EDGE_LOOP('',(#1330,#1331,#1332,#1333));
#7286=EDGE_LOOP('',(#1334,#1335,#1336,#1337));
#7287=EDGE_LOOP('',(#1338,#1339,#1340,#1341));
#7288=EDGE_LOOP('',(#1342,#1343,#1344,#1345));
#7289=EDGE_LOOP('',(#1346,#1347,#1348,#1349));
#7290=EDGE_LOOP('',(#1350));
#7291=EDGE_LOOP('',(#1351));
#7292=EDGE_LOOP('',(#1352,#1353,#1354,#1355));
#7293=EDGE_LOOP('',(#1356));
#7294=EDGE_LOOP('',(#1357));
#7295=EDGE_LOOP('',(#1358));
#7296=EDGE_LOOP('',(#1359));
#7297=EDGE_LOOP('',(#1360));
#7298=EDGE_LOOP('',(#1361));
#7299=EDGE_LOOP('',(#1362,#1363,#1364,#1365));
#7300=EDGE_LOOP('',(#1366,#1367,#1368,#1369));
#7301=EDGE_LOOP('',(#1370));
#7302=EDGE_LOOP('',(#1371));
#7303=EDGE_LOOP('',(#1372));
#7304=EDGE_LOOP('',(#1373));
#7305=EDGE_LOOP('',(#1374,#1375,#1376,#1377));
#7306=EDGE_LOOP('',(#1378));
#7307=EDGE_LOOP('',(#1379,#1380,#1381,#1382,#1383,#1384,#1385,#1386));
#7308=EDGE_LOOP('',(#1387,#1388,#1389,#1390,#1391));
#7309=EDGE_LOOP('',(#1392,#1393,#1394,#1395,#1396));
#7310=EDGE_LOOP('',(#1397,#1398,#1399,#1400));
#7311=EDGE_LOOP('',(#1401,#1402,#1403,#1404));
#7312=EDGE_LOOP('',(#1405,#1406,#1407,#1408));
#7313=EDGE_LOOP('',(#1409,#1410,#1411,#1412));
#7314=EDGE_LOOP('',(#1413,#1414,#1415,#1416));
#7315=EDGE_LOOP('',(#1417,#1418,#1419,#1420));
#7316=EDGE_LOOP('',(#1421,#1422,#1423,#1424));
#7317=EDGE_LOOP('',(#1425,#1426,#1427,#1428));
#7318=EDGE_LOOP('',(#1429,#1430,#1431,#1432,#1433,#1434,#1435,#1436,#1437,
#1438,#1439,#1440));
#7319=EDGE_LOOP('',(#1441,#1442,#1443,#1444,#1445));
#7320=EDGE_LOOP('',(#1446,#1447,#1448,#1449));
#7321=EDGE_LOOP('',(#1450));
#7322=EDGE_LOOP('',(#1451));
#7323=EDGE_LOOP('',(#1452));
#7324=EDGE_LOOP('',(#1453));
#7325=EDGE_LOOP('',(#1454,#1455,#1456,#1457));
#7326=EDGE_LOOP('',(#1458,#1459,#1460,#1461));
#7327=EDGE_LOOP('',(#1462,#1463,#1464,#1465,#1466));
#7328=EDGE_LOOP('',(#1467,#1468,#1469,#1470));
#7329=EDGE_LOOP('',(#1471,#1472,#1473,#1474));
#7330=EDGE_LOOP('',(#1475,#1476,#1477,#1478));
#7331=EDGE_LOOP('',(#1479,#1480,#1481,#1482));
#7332=EDGE_LOOP('',(#1483,#1484,#1485,#1486));
#7333=EDGE_LOOP('',(#1487));
#7334=EDGE_LOOP('',(#1488,#1489,#1490,#1491));
#7335=EDGE_LOOP('',(#1492,#1493,#1494,#1495));
#7336=EDGE_LOOP('',(#1496,#1497,#1498,#1499));
#7337=EDGE_LOOP('',(#1500,#1501,#1502,#1503));
#7338=EDGE_LOOP('',(#1504,#1505,#1506,#1507));
#7339=EDGE_LOOP('',(#1508,#1509,#1510,#1511));
#7340=EDGE_LOOP('',(#1512,#1513,#1514,#1515));
#7341=EDGE_LOOP('',(#1516,#1517,#1518,#1519));
#7342=EDGE_LOOP('',(#1520,#1521,#1522,#1523));
#7343=EDGE_LOOP('',(#1524,#1525,#1526,#1527));
#7344=EDGE_LOOP('',(#1528,#1529,#1530,#1531));
#7345=EDGE_LOOP('',(#1532,#1533,#1534,#1535));
#7346=EDGE_LOOP('',(#1536,#1537,#1538,#1539));
#7347=EDGE_LOOP('',(#1540,#1541,#1542,#1543));
#7348=EDGE_LOOP('',(#1544,#1545,#1546,#1547,#1548,#1549));
#7349=EDGE_LOOP('',(#1550,#1551,#1552,#1553,#1554,#1555));
#7350=EDGE_LOOP('',(#1556,#1557,#1558,#1559));
#7351=EDGE_LOOP('',(#1560,#1561,#1562));
#7352=EDGE_LOOP('',(#1563,#1564,#1565));
#7353=EDGE_LOOP('',(#1566,#1567,#1568,#1569));
#7354=EDGE_LOOP('',(#1570,#1571,#1572,#1573));
#7355=EDGE_LOOP('',(#1574,#1575,#1576,#1577));
#7356=EDGE_LOOP('',(#1578,#1579,#1580,#1581));
#7357=EDGE_LOOP('',(#1582,#1583,#1584,#1585));
#7358=EDGE_LOOP('',(#1586,#1587,#1588,#1589));
#7359=EDGE_LOOP('',(#1590,#1591,#1592,#1593));
#7360=EDGE_LOOP('',(#1594,#1595,#1596,#1597));
#7361=EDGE_LOOP('',(#1598,#1599,#1600,#1601));
#7362=EDGE_LOOP('',(#1602,#1603,#1604,#1605));
#7363=EDGE_LOOP('',(#1606,#1607,#1608,#1609));
#7364=EDGE_LOOP('',(#1610,#1611,#1612,#1613));
#7365=EDGE_LOOP('',(#1614,#1615,#1616,#1617));
#7366=EDGE_LOOP('',(#1618,#1619,#1620,#1621));
#7367=EDGE_LOOP('',(#1622,#1623,#1624,#1625));
#7368=EDGE_LOOP('',(#1626,#1627,#1628,#1629));
#7369=EDGE_LOOP('',(#1630,#1631,#1632,#1633));
#7370=EDGE_LOOP('',(#1634,#1635,#1636,#1637));
#7371=EDGE_LOOP('',(#1638,#1639,#1640,#1641));
#7372=EDGE_LOOP('',(#1642,#1643,#1644,#1645));
#7373=EDGE_LOOP('',(#1646,#1647,#1648,#1649));
#7374=EDGE_LOOP('',(#1650,#1651,#1652,#1653));
#7375=EDGE_LOOP('',(#1654,#1655,#1656,#1657));
#7376=EDGE_LOOP('',(#1658,#1659,#1660,#1661));
#7377=EDGE_LOOP('',(#1662));
#7378=EDGE_LOOP('',(#1663));
#7379=EDGE_LOOP('',(#1664,#1665,#1666,#1667));
#7380=EDGE_LOOP('',(#1668,#1669,#1670,#1671));
#7381=EDGE_LOOP('',(#1672,#1673,#1674,#1675));
#7382=EDGE_LOOP('',(#1676));
#7383=EDGE_LOOP('',(#1677,#1678,#1679,#1680));
#7384=EDGE_LOOP('',(#1681));
#7385=EDGE_LOOP('',(#1682,#1683,#1684,#1685));
#7386=EDGE_LOOP('',(#1686));
#7387=EDGE_LOOP('',(#1687,#1688,#1689,#1690));
#7388=EDGE_LOOP('',(#1691));
#7389=EDGE_LOOP('',(#1692,#1693,#1694,#1695));
#7390=EDGE_LOOP('',(#1696,#1697,#1698,#1699));
#7391=EDGE_LOOP('',(#1700,#1701,#1702,#1703));
#7392=EDGE_LOOP('',(#1704,#1705,#1706,#1707));
#7393=EDGE_LOOP('',(#1708,#1709,#1710,#1711));
#7394=EDGE_LOOP('',(#1712));
#7395=EDGE_LOOP('',(#1713));
#7396=EDGE_LOOP('',(#1714));
#7397=EDGE_LOOP('',(#1715));
#7398=EDGE_LOOP('',(#1716));
#7399=EDGE_LOOP('',(#1717));
#7400=EDGE_LOOP('',(#1718));
#7401=EDGE_LOOP('',(#1719));
#7402=EDGE_LOOP('',(#1720,#1721,#1722,#1723));
#7403=EDGE_LOOP('',(#1724,#1725,#1726,#1727));
#7404=EDGE_LOOP('',(#1728,#1729,#1730,#1731));
#7405=EDGE_LOOP('',(#1732,#1733,#1734,#1735));
#7406=EDGE_LOOP('',(#1736));
#7407=EDGE_LOOP('',(#1737));
#7408=EDGE_LOOP('',(#1738));
#7409=EDGE_LOOP('',(#1739));
#7410=EDGE_LOOP('',(#1740,#1741,#1742,#1743));
#7411=EDGE_LOOP('',(#1744,#1745,#1746,#1747));
#7412=EDGE_LOOP('',(#1748,#1749,#1750,#1751));
#7413=EDGE_LOOP('',(#1752));
#7414=EDGE_LOOP('',(#1753));
#7415=EDGE_LOOP('',(#1754));
#7416=EDGE_LOOP('',(#1755));
#7417=EDGE_LOOP('',(#1756,#1757,#1758,#1759));
#7418=EDGE_LOOP('',(#1760,#1761,#1762,#1763));
#7419=EDGE_LOOP('',(#1764));
#7420=EDGE_LOOP('',(#1765));
#7421=EDGE_LOOP('',(#1766,#1767,#1768,#1769));
#7422=EDGE_LOOP('',(#1770));
#7423=EDGE_LOOP('',(#1771));
#7424=EDGE_LOOP('',(#1772,#1773,#1774,#1775));
#7425=EDGE_LOOP('',(#1776,#1777,#1778,#1779));
#7426=EDGE_LOOP('',(#1780,#1781,#1782,#1783));
#7427=EDGE_LOOP('',(#1784,#1785,#1786,#1787));
#7428=EDGE_LOOP('',(#1788,#1789,#1790,#1791));
#7429=EDGE_LOOP('',(#1792,#1793,#1794,#1795));
#7430=EDGE_LOOP('',(#1796));
#7431=EDGE_LOOP('',(#1797));
#7432=EDGE_LOOP('',(#1798));
#7433=EDGE_LOOP('',(#1799));
#7434=EDGE_LOOP('',(#1800));
#7435=EDGE_LOOP('',(#1801));
#7436=EDGE_LOOP('',(#1802));
#7437=EDGE_LOOP('',(#1803));
#7438=EDGE_LOOP('',(#1804));
#7439=EDGE_LOOP('',(#1805));
#7440=EDGE_LOOP('',(#1806));
#7441=EDGE_LOOP('',(#1807));
#7442=EDGE_LOOP('',(#1808));
#7443=EDGE_LOOP('',(#1809));
#7444=EDGE_LOOP('',(#1810));
#7445=EDGE_LOOP('',(#1811));
#7446=EDGE_LOOP('',(#1812));
#7447=EDGE_LOOP('',(#1813));
#7448=EDGE_LOOP('',(#1814));
#7449=EDGE_LOOP('',(#1815));
#7450=EDGE_LOOP('',(#1816));
#7451=EDGE_LOOP('',(#1817));
#7452=EDGE_LOOP('',(#1818));
#7453=EDGE_LOOP('',(#1819));
#7454=EDGE_LOOP('',(#1820));
#7455=EDGE_LOOP('',(#1821));
#7456=EDGE_LOOP('',(#1822));
#7457=EDGE_LOOP('',(#1823));
#7458=EDGE_LOOP('',(#1824));
#7459=EDGE_LOOP('',(#1825));
#7460=EDGE_LOOP('',(#1826));
#7461=EDGE_LOOP('',(#1827));
#7462=EDGE_LOOP('',(#1828));
#7463=EDGE_LOOP('',(#1829));
#7464=EDGE_LOOP('',(#1830));
#7465=EDGE_LOOP('',(#1831));
#7466=EDGE_LOOP('',(#1832));
#7467=EDGE_LOOP('',(#1833));
#7468=EDGE_LOOP('',(#1834));
#7469=EDGE_LOOP('',(#1835));
#7470=EDGE_LOOP('',(#1836));
#7471=EDGE_LOOP('',(#1837));
#7472=EDGE_LOOP('',(#1838));
#7473=EDGE_LOOP('',(#1839));
#7474=EDGE_LOOP('',(#1840));
#7475=EDGE_LOOP('',(#1841));
#7476=EDGE_LOOP('',(#1842));
#7477=EDGE_LOOP('',(#1843));
#7478=EDGE_LOOP('',(#1844));
#7479=EDGE_LOOP('',(#1845));
#7480=EDGE_LOOP('',(#1846));
#7481=EDGE_LOOP('',(#1847));
#7482=EDGE_LOOP('',(#1848,#1849,#1850,#1851));
#7483=EDGE_LOOP('',(#1852,#1853,#1854,#1855));
#7484=EDGE_LOOP('',(#1856,#1857,#1858,#1859));
#7485=EDGE_LOOP('',(#1860,#1861,#1862,#1863,#1864,#1865,#1866,#1867,#1868,
#1869,#1870,#1871,#1872,#1873,#1874,#1875,#1876,#1877,#1878,#1879,#1880,
#1881,#1882,#1883,#1884,#1885,#1886,#1887,#1888,#1889,#1890,#1891,#1892,
#1893,#1894,#1895,#1896,#1897,#1898,#1899,#1900,#1901,#1902,#1903,#1904,
#1905,#1906,#1907,#1908,#1909));
#7486=EDGE_LOOP('',(#1910,#1911,#1912,#1913));
#7487=EDGE_LOOP('',(#1914,#1915,#1916,#1917));
#7488=EDGE_LOOP('',(#1918,#1919,#1920,#1921));
#7489=EDGE_LOOP('',(#1922,#1923,#1924,#1925));
#7490=EDGE_LOOP('',(#1926,#1927,#1928,#1929));
#7491=EDGE_LOOP('',(#1930,#1931,#1932,#1933));
#7492=EDGE_LOOP('',(#1934,#1935,#1936,#1937));
#7493=EDGE_LOOP('',(#1938,#1939,#1940,#1941));
#7494=EDGE_LOOP('',(#1942,#1943,#1944,#1945,#1946,#1947,#1948,#1949,#1950,
#1951,#1952,#1953,#1954,#1955,#1956,#1957,#1958,#1959,#1960,#1961,#1962,
#1963,#1964,#1965,#1966,#1967,#1968,#1969,#1970,#1971,#1972,#1973,#1974,
#1975,#1976,#1977,#1978,#1979,#1980,#1981,#1982,#1983,#1984,#1985,#1986,
#1987,#1988,#1989,#1990,#1991));
#7495=EDGE_LOOP('',(#1992,#1993,#1994,#1995));
#7496=EDGE_LOOP('',(#1996,#1997,#1998,#1999));
#7497=EDGE_LOOP('',(#2000,#2001,#2002,#2003));
#7498=EDGE_LOOP('',(#2004,#2005,#2006,#2007));
#7499=EDGE_LOOP('',(#2008,#2009,#2010,#2011));
#7500=EDGE_LOOP('',(#2012,#2013,#2014,#2015));
#7501=EDGE_LOOP('',(#2016,#2017,#2018,#2019));
#7502=EDGE_LOOP('',(#2020,#2021,#2022,#2023));
#7503=EDGE_LOOP('',(#2024,#2025,#2026,#2027));
#7504=EDGE_LOOP('',(#2028,#2029,#2030,#2031));
#7505=EDGE_LOOP('',(#2032,#2033,#2034,#2035));
#7506=EDGE_LOOP('',(#2036,#2037,#2038,#2039));
#7507=EDGE_LOOP('',(#2040,#2041,#2042,#2043));
#7508=EDGE_LOOP('',(#2044,#2045,#2046,#2047));
#7509=EDGE_LOOP('',(#2048,#2049,#2050,#2051));
#7510=EDGE_LOOP('',(#2052,#2053,#2054,#2055));
#7511=EDGE_LOOP('',(#2056,#2057,#2058,#2059));
#7512=EDGE_LOOP('',(#2060,#2061,#2062,#2063));
#7513=EDGE_LOOP('',(#2064,#2065,#2066,#2067));
#7514=EDGE_LOOP('',(#2068,#2069,#2070,#2071));
#7515=EDGE_LOOP('',(#2072,#2073,#2074,#2075));
#7516=EDGE_LOOP('',(#2076,#2077,#2078,#2079));
#7517=EDGE_LOOP('',(#2080,#2081,#2082,#2083));
#7518=EDGE_LOOP('',(#2084,#2085,#2086,#2087));
#7519=EDGE_LOOP('',(#2088,#2089,#2090,#2091));
#7520=EDGE_LOOP('',(#2092,#2093,#2094,#2095));
#7521=EDGE_LOOP('',(#2096,#2097,#2098,#2099));
#7522=EDGE_LOOP('',(#2100,#2101,#2102,#2103));
#7523=EDGE_LOOP('',(#2104,#2105,#2106,#2107));
#7524=EDGE_LOOP('',(#2108,#2109,#2110,#2111));
#7525=EDGE_LOOP('',(#2112,#2113,#2114,#2115));
#7526=EDGE_LOOP('',(#2116,#2117,#2118,#2119));
#7527=EDGE_LOOP('',(#2120,#2121,#2122,#2123));
#7528=EDGE_LOOP('',(#2124,#2125,#2126,#2127));
#7529=EDGE_LOOP('',(#2128,#2129,#2130,#2131));
#7530=EDGE_LOOP('',(#2132,#2133,#2134,#2135));
#7531=EDGE_LOOP('',(#2136,#2137,#2138,#2139));
#7532=EDGE_LOOP('',(#2140,#2141,#2142,#2143));
#7533=EDGE_LOOP('',(#2144,#2145,#2146,#2147));
#7534=EDGE_LOOP('',(#2148,#2149,#2150,#2151));
#7535=EDGE_LOOP('',(#2152,#2153,#2154,#2155));
#7536=EDGE_LOOP('',(#2156,#2157,#2158,#2159));
#7537=EDGE_LOOP('',(#2160,#2161,#2162,#2163));
#7538=EDGE_LOOP('',(#2164,#2165,#2166,#2167));
#7539=EDGE_LOOP('',(#2168,#2169,#2170,#2171));
#7540=EDGE_LOOP('',(#2172,#2173,#2174,#2175));
#7541=EDGE_LOOP('',(#2176,#2177,#2178,#2179));
#7542=EDGE_LOOP('',(#2180,#2181,#2182,#2183));
#7543=EDGE_LOOP('',(#2184,#2185,#2186,#2187));
#7544=EDGE_LOOP('',(#2188,#2189,#2190,#2191));
#7545=EDGE_LOOP('',(#2192,#2193,#2194,#2195));
#7546=EDGE_LOOP('',(#2196,#2197,#2198,#2199));
#7547=EDGE_LOOP('',(#2200,#2201,#2202,#2203));
#7548=EDGE_LOOP('',(#2204,#2205,#2206,#2207));
#7549=EDGE_LOOP('',(#2208,#2209,#2210,#2211));
#7550=EDGE_LOOP('',(#2212,#2213,#2214,#2215));
#7551=EDGE_LOOP('',(#2216,#2217,#2218,#2219));
#7552=EDGE_LOOP('',(#2220,#2221,#2222,#2223));
#7553=EDGE_LOOP('',(#2224,#2225,#2226,#2227));
#7554=EDGE_LOOP('',(#2228,#2229,#2230,#2231));
#7555=EDGE_LOOP('',(#2232,#2233,#2234,#2235));
#7556=EDGE_LOOP('',(#2236,#2237,#2238,#2239));
#7557=EDGE_LOOP('',(#2240,#2241,#2242,#2243));
#7558=EDGE_LOOP('',(#2244,#2245,#2246,#2247));
#7559=EDGE_LOOP('',(#2248,#2249,#2250,#2251));
#7560=EDGE_LOOP('',(#2252,#2253,#2254,#2255));
#7561=EDGE_LOOP('',(#2256,#2257,#2258,#2259));
#7562=EDGE_LOOP('',(#2260,#2261,#2262,#2263));
#7563=EDGE_LOOP('',(#2264,#2265,#2266,#2267));
#7564=EDGE_LOOP('',(#2268,#2269,#2270,#2271));
#7565=EDGE_LOOP('',(#2272,#2273,#2274,#2275));
#7566=EDGE_LOOP('',(#2276,#2277,#2278,#2279));
#7567=EDGE_LOOP('',(#2280,#2281,#2282,#2283));
#7568=EDGE_LOOP('',(#2284,#2285,#2286,#2287));
#7569=EDGE_LOOP('',(#2288,#2289,#2290,#2291));
#7570=EDGE_LOOP('',(#2292,#2293,#2294,#2295));
#7571=EDGE_LOOP('',(#2296,#2297,#2298,#2299));
#7572=EDGE_LOOP('',(#2300,#2301,#2302,#2303));
#7573=EDGE_LOOP('',(#2304,#2305,#2306,#2307));
#7574=EDGE_LOOP('',(#2308,#2309,#2310,#2311));
#7575=EDGE_LOOP('',(#2312,#2313,#2314,#2315));
#7576=EDGE_LOOP('',(#2316,#2317,#2318,#2319));
#7577=EDGE_LOOP('',(#2320,#2321,#2322,#2323));
#7578=EDGE_LOOP('',(#2324,#2325,#2326,#2327));
#7579=EDGE_LOOP('',(#2328,#2329,#2330,#2331));
#7580=EDGE_LOOP('',(#2332,#2333,#2334,#2335));
#7581=EDGE_LOOP('',(#2336,#2337,#2338,#2339));
#7582=EDGE_LOOP('',(#2340,#2341,#2342,#2343));
#7583=EDGE_LOOP('',(#2344,#2345,#2346,#2347));
#7584=EDGE_LOOP('',(#2348,#2349,#2350,#2351));
#7585=EDGE_LOOP('',(#2352,#2353,#2354,#2355));
#7586=EDGE_LOOP('',(#2356,#2357,#2358,#2359));
#7587=EDGE_LOOP('',(#2360,#2361,#2362,#2363));
#7588=EDGE_LOOP('',(#2364,#2365,#2366,#2367));
#7589=EDGE_LOOP('',(#2368,#2369,#2370,#2371));
#7590=EDGE_LOOP('',(#2372,#2373,#2374,#2375));
#7591=EDGE_LOOP('',(#2376,#2377,#2378,#2379));
#7592=EDGE_LOOP('',(#2380,#2381,#2382,#2383));
#7593=EDGE_LOOP('',(#2384,#2385,#2386,#2387));
#7594=EDGE_LOOP('',(#2388,#2389,#2390,#2391));
#7595=EDGE_LOOP('',(#2392,#2393,#2394,#2395));
#7596=EDGE_LOOP('',(#2396,#2397,#2398,#2399));
#7597=EDGE_LOOP('',(#2400,#2401,#2402,#2403));
#7598=EDGE_LOOP('',(#2404,#2405,#2406,#2407));
#7599=EDGE_LOOP('',(#2408,#2409,#2410,#2411));
#7600=EDGE_LOOP('',(#2412,#2413,#2414,#2415));
#7601=EDGE_LOOP('',(#2416,#2417,#2418,#2419));
#7602=EDGE_LOOP('',(#2420,#2421,#2422,#2423));
#7603=EDGE_LOOP('',(#2424,#2425,#2426,#2427));
#7604=EDGE_LOOP('',(#2428,#2429,#2430,#2431));
#7605=EDGE_LOOP('',(#2432,#2433,#2434,#2435));
#7606=EDGE_LOOP('',(#2436,#2437,#2438,#2439));
#7607=EDGE_LOOP('',(#2440,#2441,#2442,#2443));
#7608=EDGE_LOOP('',(#2444,#2445,#2446,#2447));
#7609=EDGE_LOOP('',(#2448,#2449,#2450,#2451));
#7610=EDGE_LOOP('',(#2452,#2453,#2454,#2455));
#7611=EDGE_LOOP('',(#2456,#2457,#2458,#2459));
#7612=EDGE_LOOP('',(#2460,#2461,#2462,#2463));
#7613=EDGE_LOOP('',(#2464,#2465,#2466,#2467));
#7614=EDGE_LOOP('',(#2468,#2469,#2470,#2471));
#7615=EDGE_LOOP('',(#2472,#2473,#2474,#2475));
#7616=EDGE_LOOP('',(#2476,#2477,#2478,#2479));
#7617=EDGE_LOOP('',(#2480,#2481,#2482,#2483));
#7618=EDGE_LOOP('',(#2484,#2485,#2486,#2487));
#7619=EDGE_LOOP('',(#2488,#2489,#2490,#2491));
#7620=EDGE_LOOP('',(#2492,#2493,#2494,#2495));
#7621=EDGE_LOOP('',(#2496,#2497,#2498,#2499));
#7622=EDGE_LOOP('',(#2500,#2501,#2502,#2503));
#7623=EDGE_LOOP('',(#2504,#2505,#2506,#2507));
#7624=EDGE_LOOP('',(#2508,#2509,#2510,#2511));
#7625=EDGE_LOOP('',(#2512,#2513,#2514,#2515));
#7626=EDGE_LOOP('',(#2516,#2517,#2518,#2519));
#7627=EDGE_LOOP('',(#2520,#2521,#2522,#2523));
#7628=EDGE_LOOP('',(#2524,#2525,#2526,#2527));
#7629=EDGE_LOOP('',(#2528,#2529,#2530,#2531));
#7630=EDGE_LOOP('',(#2532,#2533,#2534,#2535));
#7631=EDGE_LOOP('',(#2536,#2537,#2538,#2539));
#7632=EDGE_LOOP('',(#2540,#2541,#2542,#2543));
#7633=EDGE_LOOP('',(#2544,#2545,#2546,#2547));
#7634=EDGE_LOOP('',(#2548,#2549,#2550,#2551));
#7635=EDGE_LOOP('',(#2552,#2553,#2554,#2555));
#7636=EDGE_LOOP('',(#2556,#2557,#2558,#2559));
#7637=EDGE_LOOP('',(#2560,#2561,#2562,#2563));
#7638=EDGE_LOOP('',(#2564,#2565,#2566,#2567));
#7639=EDGE_LOOP('',(#2568,#2569,#2570,#2571));
#7640=EDGE_LOOP('',(#2572,#2573,#2574,#2575));
#7641=EDGE_LOOP('',(#2576,#2577,#2578,#2579));
#7642=EDGE_LOOP('',(#2580,#2581,#2582,#2583));
#7643=EDGE_LOOP('',(#2584,#2585,#2586,#2587));
#7644=EDGE_LOOP('',(#2588,#2589,#2590,#2591));
#7645=EDGE_LOOP('',(#2592,#2593,#2594,#2595));
#7646=EDGE_LOOP('',(#2596,#2597,#2598,#2599));
#7647=EDGE_LOOP('',(#2600,#2601,#2602,#2603));
#7648=EDGE_LOOP('',(#2604,#2605,#2606,#2607));
#7649=EDGE_LOOP('',(#2608,#2609,#2610,#2611));
#7650=EDGE_LOOP('',(#2612,#2613,#2614,#2615));
#7651=EDGE_LOOP('',(#2616,#2617,#2618,#2619));
#7652=EDGE_LOOP('',(#2620,#2621,#2622,#2623));
#7653=EDGE_LOOP('',(#2624,#2625,#2626,#2627));
#7654=EDGE_LOOP('',(#2628,#2629,#2630,#2631));
#7655=EDGE_LOOP('',(#2632,#2633,#2634,#2635));
#7656=EDGE_LOOP('',(#2636,#2637,#2638,#2639));
#7657=EDGE_LOOP('',(#2640,#2641,#2642,#2643));
#7658=EDGE_LOOP('',(#2644,#2645,#2646,#2647));
#7659=EDGE_LOOP('',(#2648,#2649,#2650,#2651));
#7660=EDGE_LOOP('',(#2652,#2653,#2654,#2655));
#7661=EDGE_LOOP('',(#2656,#2657,#2658,#2659));
#7662=EDGE_LOOP('',(#2660,#2661,#2662,#2663));
#7663=EDGE_LOOP('',(#2664,#2665,#2666,#2667));
#7664=EDGE_LOOP('',(#2668,#2669,#2670,#2671));
#7665=EDGE_LOOP('',(#2672,#2673,#2674,#2675));
#7666=EDGE_LOOP('',(#2676,#2677,#2678,#2679));
#7667=EDGE_LOOP('',(#2680,#2681,#2682,#2683));
#7668=EDGE_LOOP('',(#2684,#2685,#2686,#2687));
#7669=EDGE_LOOP('',(#2688,#2689,#2690,#2691));
#7670=EDGE_LOOP('',(#2692,#2693,#2694,#2695));
#7671=EDGE_LOOP('',(#2696,#2697,#2698,#2699));
#7672=EDGE_LOOP('',(#2700,#2701,#2702,#2703));
#7673=EDGE_LOOP('',(#2704,#2705,#2706,#2707));
#7674=EDGE_LOOP('',(#2708,#2709,#2710,#2711));
#7675=EDGE_LOOP('',(#2712,#2713,#2714,#2715));
#7676=EDGE_LOOP('',(#2716,#2717,#2718,#2719));
#7677=EDGE_LOOP('',(#2720,#2721,#2722,#2723));
#7678=EDGE_LOOP('',(#2724,#2725,#2726,#2727));
#7679=EDGE_LOOP('',(#2728,#2729,#2730,#2731));
#7680=EDGE_LOOP('',(#2732,#2733,#2734,#2735));
#7681=EDGE_LOOP('',(#2736,#2737,#2738,#2739));
#7682=EDGE_LOOP('',(#2740,#2741,#2742,#2743));
#7683=EDGE_LOOP('',(#2744,#2745,#2746,#2747));
#7684=EDGE_LOOP('',(#2748,#2749,#2750,#2751));
#7685=EDGE_LOOP('',(#2752,#2753,#2754,#2755));
#7686=EDGE_LOOP('',(#2756,#2757,#2758,#2759));
#7687=EDGE_LOOP('',(#2760,#2761,#2762,#2763));
#7688=EDGE_LOOP('',(#2764,#2765,#2766,#2767));
#7689=EDGE_LOOP('',(#2768,#2769,#2770,#2771));
#7690=EDGE_LOOP('',(#2772,#2773,#2774,#2775));
#7691=EDGE_LOOP('',(#2776,#2777,#2778,#2779));
#7692=EDGE_LOOP('',(#2780,#2781,#2782,#2783));
#7693=EDGE_LOOP('',(#2784,#2785,#2786,#2787));
#7694=EDGE_LOOP('',(#2788));
#7695=EDGE_LOOP('',(#2789));
#7696=EDGE_LOOP('',(#2790));
#7697=EDGE_LOOP('',(#2791));
#7698=EDGE_LOOP('',(#2792));
#7699=EDGE_LOOP('',(#2793));
#7700=EDGE_LOOP('',(#2794));
#7701=EDGE_LOOP('',(#2795));
#7702=EDGE_LOOP('',(#2796));
#7703=EDGE_LOOP('',(#2797));
#7704=EDGE_LOOP('',(#2798));
#7705=EDGE_LOOP('',(#2799));
#7706=EDGE_LOOP('',(#2800));
#7707=EDGE_LOOP('',(#2801));
#7708=EDGE_LOOP('',(#2802));
#7709=EDGE_LOOP('',(#2803));
#7710=EDGE_LOOP('',(#2804));
#7711=EDGE_LOOP('',(#2805));
#7712=EDGE_LOOP('',(#2806));
#7713=EDGE_LOOP('',(#2807));
#7714=EDGE_LOOP('',(#2808));
#7715=EDGE_LOOP('',(#2809));
#7716=EDGE_LOOP('',(#2810));
#7717=EDGE_LOOP('',(#2811));
#7718=EDGE_LOOP('',(#2812));
#7719=EDGE_LOOP('',(#2813));
#7720=EDGE_LOOP('',(#2814));
#7721=EDGE_LOOP('',(#2815));
#7722=EDGE_LOOP('',(#2816));
#7723=EDGE_LOOP('',(#2817));
#7724=EDGE_LOOP('',(#2818));
#7725=EDGE_LOOP('',(#2819));
#7726=EDGE_LOOP('',(#2820));
#7727=EDGE_LOOP('',(#2821));
#7728=EDGE_LOOP('',(#2822));
#7729=EDGE_LOOP('',(#2823));
#7730=EDGE_LOOP('',(#2824));
#7731=EDGE_LOOP('',(#2825));
#7732=EDGE_LOOP('',(#2826));
#7733=EDGE_LOOP('',(#2827));
#7734=EDGE_LOOP('',(#2828));
#7735=EDGE_LOOP('',(#2829));
#7736=EDGE_LOOP('',(#2830));
#7737=EDGE_LOOP('',(#2831));
#7738=EDGE_LOOP('',(#2832));
#7739=EDGE_LOOP('',(#2833));
#7740=EDGE_LOOP('',(#2834));
#7741=EDGE_LOOP('',(#2835));
#7742=EDGE_LOOP('',(#2836));
#7743=EDGE_LOOP('',(#2837));
#7744=EDGE_LOOP('',(#2838));
#7745=EDGE_LOOP('',(#2839));
#7746=EDGE_LOOP('',(#2840));
#7747=EDGE_LOOP('',(#2841));
#7748=EDGE_LOOP('',(#2842));
#7749=EDGE_LOOP('',(#2843));
#7750=EDGE_LOOP('',(#2844));
#7751=EDGE_LOOP('',(#2845));
#7752=EDGE_LOOP('',(#2846));
#7753=EDGE_LOOP('',(#2847));
#7754=EDGE_LOOP('',(#2848));
#7755=EDGE_LOOP('',(#2849));
#7756=EDGE_LOOP('',(#2850));
#7757=EDGE_LOOP('',(#2851));
#7758=EDGE_LOOP('',(#2852));
#7759=EDGE_LOOP('',(#2853));
#7760=EDGE_LOOP('',(#2854));
#7761=EDGE_LOOP('',(#2855));
#7762=EDGE_LOOP('',(#2856));
#7763=EDGE_LOOP('',(#2857));
#7764=EDGE_LOOP('',(#2858));
#7765=EDGE_LOOP('',(#2859));
#7766=EDGE_LOOP('',(#2860));
#7767=EDGE_LOOP('',(#2861));
#7768=EDGE_LOOP('',(#2862));
#7769=EDGE_LOOP('',(#2863));
#7770=EDGE_LOOP('',(#2864));
#7771=EDGE_LOOP('',(#2865));
#7772=EDGE_LOOP('',(#2866));
#7773=EDGE_LOOP('',(#2867));
#7774=EDGE_LOOP('',(#2868));
#7775=EDGE_LOOP('',(#2869));
#7776=EDGE_LOOP('',(#2870));
#7777=EDGE_LOOP('',(#2871));
#7778=EDGE_LOOP('',(#2872));
#7779=EDGE_LOOP('',(#2873));
#7780=EDGE_LOOP('',(#2874));
#7781=EDGE_LOOP('',(#2875));
#7782=EDGE_LOOP('',(#2876));
#7783=EDGE_LOOP('',(#2877));
#7784=EDGE_LOOP('',(#2878));
#7785=EDGE_LOOP('',(#2879));
#7786=EDGE_LOOP('',(#2880));
#7787=EDGE_LOOP('',(#2881));
#7788=EDGE_LOOP('',(#2882));
#7789=EDGE_LOOP('',(#2883));
#7790=EDGE_LOOP('',(#2884));
#7791=EDGE_LOOP('',(#2885));
#7792=EDGE_LOOP('',(#2886));
#7793=EDGE_LOOP('',(#2887));
#7794=EDGE_LOOP('',(#2888));
#7795=EDGE_LOOP('',(#2889));
#7796=EDGE_LOOP('',(#2890));
#7797=EDGE_LOOP('',(#2891));
#7798=EDGE_LOOP('',(#2892));
#7799=EDGE_LOOP('',(#2893));
#7800=EDGE_LOOP('',(#2894));
#7801=EDGE_LOOP('',(#2895));
#7802=EDGE_LOOP('',(#2896));
#7803=EDGE_LOOP('',(#2897));
#7804=EDGE_LOOP('',(#2898));
#7805=EDGE_LOOP('',(#2899));
#7806=EDGE_LOOP('',(#2900));
#7807=EDGE_LOOP('',(#2901));
#7808=EDGE_LOOP('',(#2902));
#7809=EDGE_LOOP('',(#2903));
#7810=EDGE_LOOP('',(#2904));
#7811=EDGE_LOOP('',(#2905));
#7812=EDGE_LOOP('',(#2906));
#7813=EDGE_LOOP('',(#2907));
#7814=EDGE_LOOP('',(#2908));
#7815=EDGE_LOOP('',(#2909));
#7816=EDGE_LOOP('',(#2910));
#7817=EDGE_LOOP('',(#2911));
#7818=EDGE_LOOP('',(#2912));
#7819=EDGE_LOOP('',(#2913));
#7820=EDGE_LOOP('',(#2914));
#7821=EDGE_LOOP('',(#2915));
#7822=EDGE_LOOP('',(#2916));
#7823=EDGE_LOOP('',(#2917));
#7824=EDGE_LOOP('',(#2918));
#7825=EDGE_LOOP('',(#2919));
#7826=EDGE_LOOP('',(#2920));
#7827=EDGE_LOOP('',(#2921));
#7828=EDGE_LOOP('',(#2922));
#7829=EDGE_LOOP('',(#2923));
#7830=EDGE_LOOP('',(#2924));
#7831=EDGE_LOOP('',(#2925));
#7832=EDGE_LOOP('',(#2926));
#7833=EDGE_LOOP('',(#2927));
#7834=EDGE_LOOP('',(#2928));
#7835=EDGE_LOOP('',(#2929));
#7836=EDGE_LOOP('',(#2930));
#7837=EDGE_LOOP('',(#2931));
#7838=EDGE_LOOP('',(#2932));
#7839=EDGE_LOOP('',(#2933));
#7840=EDGE_LOOP('',(#2934));
#7841=EDGE_LOOP('',(#2935));
#7842=EDGE_LOOP('',(#2936));
#7843=EDGE_LOOP('',(#2937));
#7844=EDGE_LOOP('',(#2938));
#7845=EDGE_LOOP('',(#2939));
#7846=EDGE_LOOP('',(#2940));
#7847=EDGE_LOOP('',(#2941));
#7848=EDGE_LOOP('',(#2942));
#7849=EDGE_LOOP('',(#2943));
#7850=EDGE_LOOP('',(#2944));
#7851=EDGE_LOOP('',(#2945));
#7852=EDGE_LOOP('',(#2946));
#7853=EDGE_LOOP('',(#2947));
#7854=EDGE_LOOP('',(#2948));
#7855=EDGE_LOOP('',(#2949));
#7856=EDGE_LOOP('',(#2950));
#7857=EDGE_LOOP('',(#2951));
#7858=EDGE_LOOP('',(#2952));
#7859=EDGE_LOOP('',(#2953));
#7860=EDGE_LOOP('',(#2954));
#7861=EDGE_LOOP('',(#2955));
#7862=EDGE_LOOP('',(#2956));
#7863=EDGE_LOOP('',(#2957));
#7864=EDGE_LOOP('',(#2958));
#7865=EDGE_LOOP('',(#2959));
#7866=EDGE_LOOP('',(#2960));
#7867=EDGE_LOOP('',(#2961));
#7868=EDGE_LOOP('',(#2962));
#7869=EDGE_LOOP('',(#2963));
#7870=EDGE_LOOP('',(#2964));
#7871=EDGE_LOOP('',(#2965));
#7872=EDGE_LOOP('',(#2966));
#7873=EDGE_LOOP('',(#2967));
#7874=EDGE_LOOP('',(#2968));
#7875=EDGE_LOOP('',(#2969));
#7876=EDGE_LOOP('',(#2970));
#7877=EDGE_LOOP('',(#2971));
#7878=EDGE_LOOP('',(#2972));
#7879=EDGE_LOOP('',(#2973));
#7880=EDGE_LOOP('',(#2974));
#7881=EDGE_LOOP('',(#2975));
#7882=EDGE_LOOP('',(#2976));
#7883=EDGE_LOOP('',(#2977));
#7884=EDGE_LOOP('',(#2978));
#7885=EDGE_LOOP('',(#2979));
#7886=EDGE_LOOP('',(#2980));
#7887=EDGE_LOOP('',(#2981));
#7888=EDGE_LOOP('',(#2982));
#7889=EDGE_LOOP('',(#2983));
#7890=EDGE_LOOP('',(#2984,#2985,#2986,#2987));
#7891=EDGE_LOOP('',(#2988,#2989,#2990,#2991));
#7892=EDGE_LOOP('',(#2992,#2993,#2994,#2995));
#7893=EDGE_LOOP('',(#2996,#2997,#2998,#2999,#3000,#3001,#3002,#3003));
#7894=EDGE_LOOP('',(#3004));
#7895=EDGE_LOOP('',(#3005));
#7896=EDGE_LOOP('',(#3006));
#7897=EDGE_LOOP('',(#3007));
#7898=EDGE_LOOP('',(#3008));
#7899=EDGE_LOOP('',(#3009));
#7900=EDGE_LOOP('',(#3010));
#7901=EDGE_LOOP('',(#3011));
#7902=EDGE_LOOP('',(#3012));
#7903=EDGE_LOOP('',(#3013));
#7904=EDGE_LOOP('',(#3014));
#7905=EDGE_LOOP('',(#3015));
#7906=EDGE_LOOP('',(#3016));
#7907=EDGE_LOOP('',(#3017));
#7908=EDGE_LOOP('',(#3018));
#7909=EDGE_LOOP('',(#3019));
#7910=EDGE_LOOP('',(#3020));
#7911=EDGE_LOOP('',(#3021));
#7912=EDGE_LOOP('',(#3022));
#7913=EDGE_LOOP('',(#3023));
#7914=EDGE_LOOP('',(#3024));
#7915=EDGE_LOOP('',(#3025));
#7916=EDGE_LOOP('',(#3026));
#7917=EDGE_LOOP('',(#3027));
#7918=EDGE_LOOP('',(#3028));
#7919=EDGE_LOOP('',(#3029));
#7920=EDGE_LOOP('',(#3030));
#7921=EDGE_LOOP('',(#3031));
#7922=EDGE_LOOP('',(#3032));
#7923=EDGE_LOOP('',(#3033));
#7924=EDGE_LOOP('',(#3034));
#7925=EDGE_LOOP('',(#3035));
#7926=EDGE_LOOP('',(#3036));
#7927=EDGE_LOOP('',(#3037));
#7928=EDGE_LOOP('',(#3038));
#7929=EDGE_LOOP('',(#3039));
#7930=EDGE_LOOP('',(#3040));
#7931=EDGE_LOOP('',(#3041));
#7932=EDGE_LOOP('',(#3042));
#7933=EDGE_LOOP('',(#3043));
#7934=EDGE_LOOP('',(#3044));
#7935=EDGE_LOOP('',(#3045));
#7936=EDGE_LOOP('',(#3046));
#7937=EDGE_LOOP('',(#3047));
#7938=EDGE_LOOP('',(#3048));
#7939=EDGE_LOOP('',(#3049));
#7940=EDGE_LOOP('',(#3050));
#7941=EDGE_LOOP('',(#3051));
#7942=EDGE_LOOP('',(#3052));
#7943=EDGE_LOOP('',(#3053));
#7944=EDGE_LOOP('',(#3054));
#7945=EDGE_LOOP('',(#3055));
#7946=EDGE_LOOP('',(#3056));
#7947=EDGE_LOOP('',(#3057));
#7948=EDGE_LOOP('',(#3058));
#7949=EDGE_LOOP('',(#3059));
#7950=EDGE_LOOP('',(#3060));
#7951=EDGE_LOOP('',(#3061));
#7952=EDGE_LOOP('',(#3062));
#7953=EDGE_LOOP('',(#3063));
#7954=EDGE_LOOP('',(#3064));
#7955=EDGE_LOOP('',(#3065));
#7956=EDGE_LOOP('',(#3066));
#7957=EDGE_LOOP('',(#3067));
#7958=EDGE_LOOP('',(#3068));
#7959=EDGE_LOOP('',(#3069));
#7960=EDGE_LOOP('',(#3070));
#7961=EDGE_LOOP('',(#3071));
#7962=EDGE_LOOP('',(#3072));
#7963=EDGE_LOOP('',(#3073));
#7964=EDGE_LOOP('',(#3074));
#7965=EDGE_LOOP('',(#3075));
#7966=EDGE_LOOP('',(#3076));
#7967=EDGE_LOOP('',(#3077));
#7968=EDGE_LOOP('',(#3078));
#7969=EDGE_LOOP('',(#3079));
#7970=EDGE_LOOP('',(#3080));
#7971=EDGE_LOOP('',(#3081));
#7972=EDGE_LOOP('',(#3082));
#7973=EDGE_LOOP('',(#3083));
#7974=EDGE_LOOP('',(#3084));
#7975=EDGE_LOOP('',(#3085));
#7976=EDGE_LOOP('',(#3086));
#7977=EDGE_LOOP('',(#3087));
#7978=EDGE_LOOP('',(#3088));
#7979=EDGE_LOOP('',(#3089));
#7980=EDGE_LOOP('',(#3090));
#7981=EDGE_LOOP('',(#3091));
#7982=EDGE_LOOP('',(#3092));
#7983=EDGE_LOOP('',(#3093));
#7984=EDGE_LOOP('',(#3094));
#7985=EDGE_LOOP('',(#3095,#3096,#3097,#3098,#3099,#3100,#3101,#3102));
#7986=EDGE_LOOP('',(#3103));
#7987=EDGE_LOOP('',(#3104));
#7988=EDGE_LOOP('',(#3105));
#7989=EDGE_LOOP('',(#3106));
#7990=EDGE_LOOP('',(#3107));
#7991=EDGE_LOOP('',(#3108));
#7992=EDGE_LOOP('',(#3109));
#7993=EDGE_LOOP('',(#3110));
#7994=EDGE_LOOP('',(#3111));
#7995=EDGE_LOOP('',(#3112));
#7996=EDGE_LOOP('',(#3113));
#7997=EDGE_LOOP('',(#3114));
#7998=EDGE_LOOP('',(#3115));
#7999=EDGE_LOOP('',(#3116));
#8000=EDGE_LOOP('',(#3117));
#8001=EDGE_LOOP('',(#3118));
#8002=EDGE_LOOP('',(#3119));
#8003=EDGE_LOOP('',(#3120));
#8004=EDGE_LOOP('',(#3121));
#8005=EDGE_LOOP('',(#3122));
#8006=EDGE_LOOP('',(#3123));
#8007=EDGE_LOOP('',(#3124));
#8008=EDGE_LOOP('',(#3125));
#8009=EDGE_LOOP('',(#3126));
#8010=EDGE_LOOP('',(#3127));
#8011=EDGE_LOOP('',(#3128));
#8012=EDGE_LOOP('',(#3129));
#8013=EDGE_LOOP('',(#3130));
#8014=EDGE_LOOP('',(#3131));
#8015=EDGE_LOOP('',(#3132));
#8016=EDGE_LOOP('',(#3133));
#8017=EDGE_LOOP('',(#3134));
#8018=EDGE_LOOP('',(#3135));
#8019=EDGE_LOOP('',(#3136));
#8020=EDGE_LOOP('',(#3137));
#8021=EDGE_LOOP('',(#3138));
#8022=EDGE_LOOP('',(#3139));
#8023=EDGE_LOOP('',(#3140));
#8024=EDGE_LOOP('',(#3141));
#8025=EDGE_LOOP('',(#3142));
#8026=EDGE_LOOP('',(#3143));
#8027=EDGE_LOOP('',(#3144));
#8028=EDGE_LOOP('',(#3145));
#8029=EDGE_LOOP('',(#3146));
#8030=EDGE_LOOP('',(#3147));
#8031=EDGE_LOOP('',(#3148));
#8032=EDGE_LOOP('',(#3149));
#8033=EDGE_LOOP('',(#3150));
#8034=EDGE_LOOP('',(#3151));
#8035=EDGE_LOOP('',(#3152));
#8036=EDGE_LOOP('',(#3153));
#8037=EDGE_LOOP('',(#3154));
#8038=EDGE_LOOP('',(#3155));
#8039=EDGE_LOOP('',(#3156));
#8040=EDGE_LOOP('',(#3157));
#8041=EDGE_LOOP('',(#3158));
#8042=EDGE_LOOP('',(#3159));
#8043=EDGE_LOOP('',(#3160));
#8044=EDGE_LOOP('',(#3161));
#8045=EDGE_LOOP('',(#3162));
#8046=EDGE_LOOP('',(#3163));
#8047=EDGE_LOOP('',(#3164));
#8048=EDGE_LOOP('',(#3165));
#8049=EDGE_LOOP('',(#3166));
#8050=EDGE_LOOP('',(#3167));
#8051=EDGE_LOOP('',(#3168));
#8052=EDGE_LOOP('',(#3169));
#8053=EDGE_LOOP('',(#3170));
#8054=EDGE_LOOP('',(#3171));
#8055=EDGE_LOOP('',(#3172));
#8056=EDGE_LOOP('',(#3173));
#8057=EDGE_LOOP('',(#3174));
#8058=EDGE_LOOP('',(#3175));
#8059=EDGE_LOOP('',(#3176));
#8060=EDGE_LOOP('',(#3177));
#8061=EDGE_LOOP('',(#3178));
#8062=EDGE_LOOP('',(#3179));
#8063=EDGE_LOOP('',(#3180));
#8064=EDGE_LOOP('',(#3181));
#8065=EDGE_LOOP('',(#3182));
#8066=EDGE_LOOP('',(#3183));
#8067=EDGE_LOOP('',(#3184));
#8068=EDGE_LOOP('',(#3185));
#8069=EDGE_LOOP('',(#3186));
#8070=EDGE_LOOP('',(#3187));
#8071=EDGE_LOOP('',(#3188));
#8072=EDGE_LOOP('',(#3189));
#8073=EDGE_LOOP('',(#3190));
#8074=EDGE_LOOP('',(#3191));
#8075=EDGE_LOOP('',(#3192));
#8076=EDGE_LOOP('',(#3193));
#8077=EDGE_LOOP('',(#3194,#3195,#3196,#3197));
#8078=EDGE_LOOP('',(#3198,#3199,#3200,#3201));
#8079=EDGE_LOOP('',(#3202,#3203,#3204,#3205));
#8080=EDGE_LOOP('',(#3206,#3207,#3208,#3209));
#8081=EDGE_LOOP('',(#3210,#3211,#3212,#3213));
#8082=EDGE_LOOP('',(#3214));
#8083=EDGE_LOOP('',(#3215));
#8084=EDGE_LOOP('',(#3216));
#8085=EDGE_LOOP('',(#3217));
#8086=EDGE_LOOP('',(#3218));
#8087=EDGE_LOOP('',(#3219));
#8088=EDGE_LOOP('',(#3220));
#8089=EDGE_LOOP('',(#3221));
#8090=EDGE_LOOP('',(#3222));
#8091=EDGE_LOOP('',(#3223));
#8092=EDGE_LOOP('',(#3224));
#8093=EDGE_LOOP('',(#3225));
#8094=EDGE_LOOP('',(#3226));
#8095=EDGE_LOOP('',(#3227));
#8096=EDGE_LOOP('',(#3228));
#8097=EDGE_LOOP('',(#3229));
#8098=EDGE_LOOP('',(#3230));
#8099=EDGE_LOOP('',(#3231));
#8100=EDGE_LOOP('',(#3232));
#8101=EDGE_LOOP('',(#3233));
#8102=EDGE_LOOP('',(#3234));
#8103=EDGE_LOOP('',(#3235));
#8104=EDGE_LOOP('',(#3236));
#8105=EDGE_LOOP('',(#3237));
#8106=EDGE_LOOP('',(#3238));
#8107=EDGE_LOOP('',(#3239));
#8108=EDGE_LOOP('',(#3240));
#8109=EDGE_LOOP('',(#3241));
#8110=EDGE_LOOP('',(#3242));
#8111=EDGE_LOOP('',(#3243));
#8112=EDGE_LOOP('',(#3244));
#8113=EDGE_LOOP('',(#3245));
#8114=EDGE_LOOP('',(#3246));
#8115=EDGE_LOOP('',(#3247));
#8116=EDGE_LOOP('',(#3248));
#8117=EDGE_LOOP('',(#3249));
#8118=EDGE_LOOP('',(#3250));
#8119=EDGE_LOOP('',(#3251));
#8120=EDGE_LOOP('',(#3252));
#8121=EDGE_LOOP('',(#3253));
#8122=EDGE_LOOP('',(#3254));
#8123=EDGE_LOOP('',(#3255));
#8124=EDGE_LOOP('',(#3256));
#8125=EDGE_LOOP('',(#3257));
#8126=EDGE_LOOP('',(#3258));
#8127=EDGE_LOOP('',(#3259));
#8128=EDGE_LOOP('',(#3260));
#8129=EDGE_LOOP('',(#3261));
#8130=EDGE_LOOP('',(#3262));
#8131=EDGE_LOOP('',(#3263));
#8132=EDGE_LOOP('',(#3264));
#8133=EDGE_LOOP('',(#3265));
#8134=EDGE_LOOP('',(#3266));
#8135=EDGE_LOOP('',(#3267));
#8136=EDGE_LOOP('',(#3268));
#8137=EDGE_LOOP('',(#3269));
#8138=EDGE_LOOP('',(#3270));
#8139=EDGE_LOOP('',(#3271));
#8140=EDGE_LOOP('',(#3272));
#8141=EDGE_LOOP('',(#3273));
#8142=EDGE_LOOP('',(#3274));
#8143=EDGE_LOOP('',(#3275));
#8144=EDGE_LOOP('',(#3276));
#8145=EDGE_LOOP('',(#3277));
#8146=EDGE_LOOP('',(#3278));
#8147=EDGE_LOOP('',(#3279));
#8148=EDGE_LOOP('',(#3280));
#8149=EDGE_LOOP('',(#3281));
#8150=EDGE_LOOP('',(#3282));
#8151=EDGE_LOOP('',(#3283));
#8152=EDGE_LOOP('',(#3284));
#8153=EDGE_LOOP('',(#3285));
#8154=EDGE_LOOP('',(#3286));
#8155=EDGE_LOOP('',(#3287));
#8156=EDGE_LOOP('',(#3288));
#8157=EDGE_LOOP('',(#3289));
#8158=EDGE_LOOP('',(#3290));
#8159=EDGE_LOOP('',(#3291));
#8160=EDGE_LOOP('',(#3292));
#8161=EDGE_LOOP('',(#3293));
#8162=EDGE_LOOP('',(#3294));
#8163=EDGE_LOOP('',(#3295));
#8164=EDGE_LOOP('',(#3296));
#8165=EDGE_LOOP('',(#3297));
#8166=EDGE_LOOP('',(#3298));
#8167=EDGE_LOOP('',(#3299));
#8168=EDGE_LOOP('',(#3300));
#8169=EDGE_LOOP('',(#3301));
#8170=EDGE_LOOP('',(#3302));
#8171=EDGE_LOOP('',(#3303));
#8172=EDGE_LOOP('',(#3304));
#8173=EDGE_LOOP('',(#3305));
#8174=EDGE_LOOP('',(#3306));
#8175=EDGE_LOOP('',(#3307));
#8176=EDGE_LOOP('',(#3308));
#8177=EDGE_LOOP('',(#3309));
#8178=EDGE_LOOP('',(#3310));
#8179=EDGE_LOOP('',(#3311));
#8180=EDGE_LOOP('',(#3312));
#8181=EDGE_LOOP('',(#3313));
#8182=EDGE_LOOP('',(#3314));
#8183=EDGE_LOOP('',(#3315));
#8184=EDGE_LOOP('',(#3316));
#8185=EDGE_LOOP('',(#3317));
#8186=EDGE_LOOP('',(#3318));
#8187=EDGE_LOOP('',(#3319));
#8188=EDGE_LOOP('',(#3320));
#8189=EDGE_LOOP('',(#3321));
#8190=EDGE_LOOP('',(#3322));
#8191=EDGE_LOOP('',(#3323));
#8192=EDGE_LOOP('',(#3324));
#8193=EDGE_LOOP('',(#3325));
#8194=EDGE_LOOP('',(#3326));
#8195=EDGE_LOOP('',(#3327));
#8196=EDGE_LOOP('',(#3328));
#8197=EDGE_LOOP('',(#3329));
#8198=EDGE_LOOP('',(#3330));
#8199=EDGE_LOOP('',(#3331));
#8200=EDGE_LOOP('',(#3332));
#8201=EDGE_LOOP('',(#3333));
#8202=EDGE_LOOP('',(#3334));
#8203=EDGE_LOOP('',(#3335));
#8204=EDGE_LOOP('',(#3336));
#8205=EDGE_LOOP('',(#3337));
#8206=EDGE_LOOP('',(#3338));
#8207=EDGE_LOOP('',(#3339));
#8208=EDGE_LOOP('',(#3340));
#8209=EDGE_LOOP('',(#3341));
#8210=EDGE_LOOP('',(#3342));
#8211=EDGE_LOOP('',(#3343));
#8212=EDGE_LOOP('',(#3344));
#8213=EDGE_LOOP('',(#3345));
#8214=EDGE_LOOP('',(#3346));
#8215=EDGE_LOOP('',(#3347));
#8216=EDGE_LOOP('',(#3348));
#8217=EDGE_LOOP('',(#3349));
#8218=EDGE_LOOP('',(#3350));
#8219=EDGE_LOOP('',(#3351));
#8220=EDGE_LOOP('',(#3352));
#8221=EDGE_LOOP('',(#3353));
#8222=EDGE_LOOP('',(#3354));
#8223=EDGE_LOOP('',(#3355));
#8224=EDGE_LOOP('',(#3356));
#8225=EDGE_LOOP('',(#3357));
#8226=EDGE_LOOP('',(#3358));
#8227=EDGE_LOOP('',(#3359));
#8228=EDGE_LOOP('',(#3360));
#8229=EDGE_LOOP('',(#3361));
#8230=EDGE_LOOP('',(#3362));
#8231=EDGE_LOOP('',(#3363));
#8232=EDGE_LOOP('',(#3364));
#8233=EDGE_LOOP('',(#3365));
#8234=EDGE_LOOP('',(#3366));
#8235=EDGE_LOOP('',(#3367));
#8236=EDGE_LOOP('',(#3368));
#8237=EDGE_LOOP('',(#3369));
#8238=EDGE_LOOP('',(#3370));
#8239=EDGE_LOOP('',(#3371));
#8240=EDGE_LOOP('',(#3372));
#8241=EDGE_LOOP('',(#3373));
#8242=EDGE_LOOP('',(#3374));
#8243=EDGE_LOOP('',(#3375));
#8244=EDGE_LOOP('',(#3376));
#8245=EDGE_LOOP('',(#3377));
#8246=EDGE_LOOP('',(#3378));
#8247=EDGE_LOOP('',(#3379));
#8248=EDGE_LOOP('',(#3380));
#8249=EDGE_LOOP('',(#3381));
#8250=EDGE_LOOP('',(#3382));
#8251=EDGE_LOOP('',(#3383));
#8252=EDGE_LOOP('',(#3384));
#8253=EDGE_LOOP('',(#3385));
#8254=EDGE_LOOP('',(#3386));
#8255=EDGE_LOOP('',(#3387));
#8256=EDGE_LOOP('',(#3388));
#8257=EDGE_LOOP('',(#3389));
#8258=EDGE_LOOP('',(#3390));
#8259=EDGE_LOOP('',(#3391));
#8260=EDGE_LOOP('',(#3392));
#8261=EDGE_LOOP('',(#3393));
#8262=EDGE_LOOP('',(#3394));
#8263=EDGE_LOOP('',(#3395));
#8264=EDGE_LOOP('',(#3396));
#8265=EDGE_LOOP('',(#3397));
#8266=EDGE_LOOP('',(#3398));
#8267=EDGE_LOOP('',(#3399));
#8268=EDGE_LOOP('',(#3400));
#8269=EDGE_LOOP('',(#3401));
#8270=EDGE_LOOP('',(#3402));
#8271=EDGE_LOOP('',(#3403));
#8272=EDGE_LOOP('',(#3404));
#8273=EDGE_LOOP('',(#3405));
#8274=EDGE_LOOP('',(#3406));
#8275=EDGE_LOOP('',(#3407));
#8276=EDGE_LOOP('',(#3408));
#8277=EDGE_LOOP('',(#3409));
#8278=EDGE_LOOP('',(#3410));
#8279=EDGE_LOOP('',(#3411));
#8280=EDGE_LOOP('',(#3412));
#8281=EDGE_LOOP('',(#3413));
#8282=EDGE_LOOP('',(#3414));
#8283=EDGE_LOOP('',(#3415));
#8284=EDGE_LOOP('',(#3416));
#8285=EDGE_LOOP('',(#3417));
#8286=EDGE_LOOP('',(#3418));
#8287=EDGE_LOOP('',(#3419));
#8288=EDGE_LOOP('',(#3420));
#8289=EDGE_LOOP('',(#3421));
#8290=EDGE_LOOP('',(#3422));
#8291=EDGE_LOOP('',(#3423));
#8292=FACE_BOUND('',#7196,.T.);
#8293=FACE_BOUND('',#7197,.T.);
#8294=FACE_BOUND('',#7198,.T.);
#8295=FACE_BOUND('',#7199,.T.);
#8296=FACE_BOUND('',#7200,.T.);
#8297=FACE_BOUND('',#7201,.T.);
#8298=FACE_BOUND('',#7202,.T.);
#8299=FACE_BOUND('',#7203,.T.);
#8300=FACE_BOUND('',#7204,.T.);
#8301=FACE_BOUND('',#7205,.T.);
#8302=FACE_BOUND('',#7206,.T.);
#8303=FACE_BOUND('',#7207,.T.);
#8304=FACE_BOUND('',#7208,.T.);
#8305=FACE_BOUND('',#7209,.T.);
#8306=FACE_BOUND('',#7210,.T.);
#8307=FACE_BOUND('',#7211,.T.);
#8308=FACE_BOUND('',#7212,.T.);
#8309=FACE_BOUND('',#7213,.T.);
#8310=FACE_BOUND('',#7214,.T.);
#8311=FACE_BOUND('',#7215,.T.);
#8312=FACE_BOUND('',#7216,.T.);
#8313=FACE_BOUND('',#7217,.T.);
#8314=FACE_BOUND('',#7218,.T.);
#8315=FACE_BOUND('',#7219,.T.);
#8316=FACE_BOUND('',#7220,.T.);
#8317=FACE_BOUND('',#7221,.T.);
#8318=FACE_BOUND('',#7222,.T.);
#8319=FACE_BOUND('',#7223,.T.);
#8320=FACE_BOUND('',#7224,.T.);
#8321=FACE_BOUND('',#7225,.T.);
#8322=FACE_BOUND('',#7226,.T.);
#8323=FACE_BOUND('',#7227,.T.);
#8324=FACE_BOUND('',#7228,.T.);
#8325=FACE_BOUND('',#7229,.T.);
#8326=FACE_BOUND('',#7230,.T.);
#8327=FACE_BOUND('',#7231,.T.);
#8328=FACE_BOUND('',#7232,.T.);
#8329=FACE_BOUND('',#7233,.T.);
#8330=FACE_BOUND('',#7234,.T.);
#8331=FACE_BOUND('',#7235,.T.);
#8332=FACE_BOUND('',#7236,.T.);
#8333=FACE_BOUND('',#7237,.T.);
#8334=FACE_BOUND('',#7238,.T.);
#8335=FACE_BOUND('',#7239,.T.);
#8336=FACE_BOUND('',#7240,.T.);
#8337=FACE_BOUND('',#7241,.T.);
#8338=FACE_BOUND('',#7242,.T.);
#8339=FACE_BOUND('',#7243,.T.);
#8340=FACE_BOUND('',#7244,.T.);
#8341=FACE_BOUND('',#7245,.T.);
#8342=FACE_BOUND('',#7246,.T.);
#8343=FACE_BOUND('',#7247,.T.);
#8344=FACE_BOUND('',#7248,.T.);
#8345=FACE_BOUND('',#7249,.T.);
#8346=FACE_BOUND('',#7250,.T.);
#8347=FACE_BOUND('',#7251,.T.);
#8348=FACE_BOUND('',#7252,.T.);
#8349=FACE_BOUND('',#7253,.T.);
#8350=FACE_BOUND('',#7254,.T.);
#8351=FACE_BOUND('',#7255,.T.);
#8352=FACE_BOUND('',#7256,.T.);
#8353=FACE_BOUND('',#7257,.T.);
#8354=FACE_BOUND('',#7258,.T.);
#8355=FACE_BOUND('',#7259,.T.);
#8356=FACE_BOUND('',#7260,.T.);
#8357=FACE_BOUND('',#7261,.T.);
#8358=FACE_BOUND('',#7262,.T.);
#8359=FACE_BOUND('',#7263,.T.);
#8360=FACE_BOUND('',#7264,.T.);
#8361=FACE_BOUND('',#7265,.T.);
#8362=FACE_BOUND('',#7266,.T.);
#8363=FACE_BOUND('',#7267,.T.);
#8364=FACE_BOUND('',#7268,.T.);
#8365=FACE_BOUND('',#7269,.T.);
#8366=FACE_BOUND('',#7270,.T.);
#8367=FACE_BOUND('',#7271,.T.);
#8368=FACE_BOUND('',#7272,.T.);
#8369=FACE_BOUND('',#7273,.T.);
#8370=FACE_BOUND('',#7274,.T.);
#8371=FACE_BOUND('',#7275,.T.);
#8372=FACE_BOUND('',#7276,.T.);
#8373=FACE_BOUND('',#7277,.T.);
#8374=FACE_BOUND('',#7278,.T.);
#8375=FACE_BOUND('',#7279,.T.);
#8376=FACE_BOUND('',#7280,.T.);
#8377=FACE_BOUND('',#7281,.T.);
#8378=FACE_BOUND('',#7282,.T.);
#8379=FACE_BOUND('',#7283,.T.);
#8380=FACE_BOUND('',#7284,.T.);
#8381=FACE_BOUND('',#7285,.T.);
#8382=FACE_BOUND('',#7286,.T.);
#8383=FACE_BOUND('',#7287,.T.);
#8384=FACE_BOUND('',#7288,.T.);
#8385=FACE_BOUND('',#7289,.T.);
#8386=FACE_BOUND('',#7290,.T.);
#8387=FACE_BOUND('',#7291,.T.);
#8388=FACE_BOUND('',#7292,.T.);
#8389=FACE_BOUND('',#7293,.T.);
#8390=FACE_BOUND('',#7294,.T.);
#8391=FACE_BOUND('',#7295,.T.);
#8392=FACE_BOUND('',#7296,.T.);
#8393=FACE_BOUND('',#7297,.T.);
#8394=FACE_BOUND('',#7298,.T.);
#8395=FACE_BOUND('',#7299,.T.);
#8396=FACE_BOUND('',#7300,.T.);
#8397=FACE_BOUND('',#7301,.T.);
#8398=FACE_BOUND('',#7302,.T.);
#8399=FACE_BOUND('',#7303,.T.);
#8400=FACE_BOUND('',#7304,.T.);
#8401=FACE_BOUND('',#7305,.T.);
#8402=FACE_BOUND('',#7306,.T.);
#8403=FACE_BOUND('',#7307,.T.);
#8404=FACE_BOUND('',#7308,.T.);
#8405=FACE_BOUND('',#7309,.T.);
#8406=FACE_BOUND('',#7310,.T.);
#8407=FACE_BOUND('',#7311,.T.);
#8408=FACE_BOUND('',#7312,.T.);
#8409=FACE_BOUND('',#7313,.T.);
#8410=FACE_BOUND('',#7314,.T.);
#8411=FACE_BOUND('',#7315,.T.);
#8412=FACE_BOUND('',#7316,.T.);
#8413=FACE_BOUND('',#7317,.T.);
#8414=FACE_BOUND('',#7318,.T.);
#8415=FACE_BOUND('',#7319,.T.);
#8416=FACE_BOUND('',#7320,.T.);
#8417=FACE_BOUND('',#7321,.T.);
#8418=FACE_BOUND('',#7322,.T.);
#8419=FACE_BOUND('',#7323,.T.);
#8420=FACE_BOUND('',#7324,.T.);
#8421=FACE_BOUND('',#7325,.T.);
#8422=FACE_BOUND('',#7326,.T.);
#8423=FACE_BOUND('',#7327,.T.);
#8424=FACE_BOUND('',#7328,.T.);
#8425=FACE_BOUND('',#7329,.T.);
#8426=FACE_BOUND('',#7330,.T.);
#8427=FACE_BOUND('',#7331,.T.);
#8428=FACE_BOUND('',#7332,.T.);
#8429=FACE_BOUND('',#7333,.T.);
#8430=FACE_BOUND('',#7334,.T.);
#8431=FACE_BOUND('',#7335,.T.);
#8432=FACE_BOUND('',#7336,.T.);
#8433=FACE_BOUND('',#7337,.T.);
#8434=FACE_BOUND('',#7338,.T.);
#8435=FACE_BOUND('',#7339,.T.);
#8436=FACE_BOUND('',#7340,.T.);
#8437=FACE_BOUND('',#7341,.T.);
#8438=FACE_BOUND('',#7342,.T.);
#8439=FACE_BOUND('',#7343,.T.);
#8440=FACE_BOUND('',#7344,.T.);
#8441=FACE_BOUND('',#7345,.T.);
#8442=FACE_BOUND('',#7346,.T.);
#8443=FACE_BOUND('',#7347,.T.);
#8444=FACE_BOUND('',#7348,.T.);
#8445=FACE_BOUND('',#7349,.T.);
#8446=FACE_BOUND('',#7350,.T.);
#8447=FACE_BOUND('',#7351,.T.);
#8448=FACE_BOUND('',#7352,.T.);
#8449=FACE_BOUND('',#7353,.T.);
#8450=FACE_BOUND('',#7354,.T.);
#8451=FACE_BOUND('',#7355,.T.);
#8452=FACE_BOUND('',#7356,.T.);
#8453=FACE_BOUND('',#7357,.T.);
#8454=FACE_BOUND('',#7358,.T.);
#8455=FACE_BOUND('',#7359,.T.);
#8456=FACE_BOUND('',#7360,.T.);
#8457=FACE_BOUND('',#7361,.T.);
#8458=FACE_BOUND('',#7362,.T.);
#8459=FACE_BOUND('',#7363,.T.);
#8460=FACE_BOUND('',#7364,.T.);
#8461=FACE_BOUND('',#7365,.T.);
#8462=FACE_BOUND('',#7366,.T.);
#8463=FACE_BOUND('',#7367,.T.);
#8464=FACE_BOUND('',#7368,.T.);
#8465=FACE_BOUND('',#7369,.T.);
#8466=FACE_BOUND('',#7370,.T.);
#8467=FACE_BOUND('',#7371,.T.);
#8468=FACE_BOUND('',#7372,.T.);
#8469=FACE_BOUND('',#7373,.T.);
#8470=FACE_BOUND('',#7374,.T.);
#8471=FACE_BOUND('',#7375,.T.);
#8472=FACE_BOUND('',#7376,.T.);
#8473=FACE_BOUND('',#7377,.T.);
#8474=FACE_BOUND('',#7378,.T.);
#8475=FACE_BOUND('',#7379,.T.);
#8476=FACE_BOUND('',#7380,.T.);
#8477=FACE_BOUND('',#7381,.T.);
#8478=FACE_BOUND('',#7382,.T.);
#8479=FACE_BOUND('',#7383,.T.);
#8480=FACE_BOUND('',#7384,.T.);
#8481=FACE_BOUND('',#7385,.T.);
#8482=FACE_BOUND('',#7386,.T.);
#8483=FACE_BOUND('',#7387,.T.);
#8484=FACE_BOUND('',#7388,.T.);
#8485=FACE_BOUND('',#7389,.T.);
#8486=FACE_BOUND('',#7390,.T.);
#8487=FACE_BOUND('',#7391,.T.);
#8488=FACE_BOUND('',#7392,.T.);
#8489=FACE_BOUND('',#7393,.T.);
#8490=FACE_BOUND('',#7394,.T.);
#8491=FACE_BOUND('',#7395,.T.);
#8492=FACE_BOUND('',#7396,.T.);
#8493=FACE_BOUND('',#7397,.T.);
#8494=FACE_BOUND('',#7398,.T.);
#8495=FACE_BOUND('',#7399,.T.);
#8496=FACE_BOUND('',#7400,.T.);
#8497=FACE_BOUND('',#7401,.T.);
#8498=FACE_BOUND('',#7402,.T.);
#8499=FACE_BOUND('',#7403,.T.);
#8500=FACE_BOUND('',#7404,.T.);
#8501=FACE_BOUND('',#7405,.T.);
#8502=FACE_BOUND('',#7406,.T.);
#8503=FACE_BOUND('',#7407,.T.);
#8504=FACE_BOUND('',#7408,.T.);
#8505=FACE_BOUND('',#7409,.T.);
#8506=FACE_BOUND('',#7410,.T.);
#8507=FACE_BOUND('',#7411,.T.);
#8508=FACE_BOUND('',#7412,.T.);
#8509=FACE_BOUND('',#7413,.T.);
#8510=FACE_BOUND('',#7414,.T.);
#8511=FACE_BOUND('',#7415,.T.);
#8512=FACE_BOUND('',#7416,.T.);
#8513=FACE_BOUND('',#7417,.T.);
#8514=FACE_BOUND('',#7418,.T.);
#8515=FACE_BOUND('',#7419,.T.);
#8516=FACE_BOUND('',#7420,.T.);
#8517=FACE_BOUND('',#7421,.T.);
#8518=FACE_BOUND('',#7422,.T.);
#8519=FACE_BOUND('',#7423,.T.);
#8520=FACE_BOUND('',#7424,.T.);
#8521=FACE_BOUND('',#7425,.T.);
#8522=FACE_BOUND('',#7426,.T.);
#8523=FACE_BOUND('',#7427,.T.);
#8524=FACE_BOUND('',#7428,.T.);
#8525=FACE_BOUND('',#7429,.T.);
#8526=FACE_BOUND('',#7430,.T.);
#8527=FACE_BOUND('',#7431,.T.);
#8528=FACE_BOUND('',#7432,.T.);
#8529=FACE_BOUND('',#7433,.T.);
#8530=FACE_BOUND('',#7434,.T.);
#8531=FACE_BOUND('',#7435,.T.);
#8532=FACE_BOUND('',#7436,.T.);
#8533=FACE_BOUND('',#7437,.T.);
#8534=FACE_BOUND('',#7438,.T.);
#8535=FACE_BOUND('',#7439,.T.);
#8536=FACE_BOUND('',#7440,.T.);
#8537=FACE_BOUND('',#7441,.T.);
#8538=FACE_BOUND('',#7442,.T.);
#8539=FACE_BOUND('',#7443,.T.);
#8540=FACE_BOUND('',#7444,.T.);
#8541=FACE_BOUND('',#7445,.T.);
#8542=FACE_BOUND('',#7446,.T.);
#8543=FACE_BOUND('',#7447,.T.);
#8544=FACE_BOUND('',#7448,.T.);
#8545=FACE_BOUND('',#7449,.T.);
#8546=FACE_BOUND('',#7450,.T.);
#8547=FACE_BOUND('',#7451,.T.);
#8548=FACE_BOUND('',#7452,.T.);
#8549=FACE_BOUND('',#7453,.T.);
#8550=FACE_BOUND('',#7454,.T.);
#8551=FACE_BOUND('',#7455,.T.);
#8552=FACE_BOUND('',#7456,.T.);
#8553=FACE_BOUND('',#7457,.T.);
#8554=FACE_BOUND('',#7458,.T.);
#8555=FACE_BOUND('',#7459,.T.);
#8556=FACE_BOUND('',#7460,.T.);
#8557=FACE_BOUND('',#7461,.T.);
#8558=FACE_BOUND('',#7462,.T.);
#8559=FACE_BOUND('',#7463,.T.);
#8560=FACE_BOUND('',#7464,.T.);
#8561=FACE_BOUND('',#7465,.T.);
#8562=FACE_BOUND('',#7466,.T.);
#8563=FACE_BOUND('',#7467,.T.);
#8564=FACE_BOUND('',#7468,.T.);
#8565=FACE_BOUND('',#7469,.T.);
#8566=FACE_BOUND('',#7470,.T.);
#8567=FACE_BOUND('',#7471,.T.);
#8568=FACE_BOUND('',#7472,.T.);
#8569=FACE_BOUND('',#7473,.T.);
#8570=FACE_BOUND('',#7474,.T.);
#8571=FACE_BOUND('',#7475,.T.);
#8572=FACE_BOUND('',#7476,.T.);
#8573=FACE_BOUND('',#7477,.T.);
#8574=FACE_BOUND('',#7478,.T.);
#8575=FACE_BOUND('',#7479,.T.);
#8576=FACE_BOUND('',#7480,.T.);
#8577=FACE_BOUND('',#7481,.T.);
#8578=FACE_BOUND('',#7482,.T.);
#8579=FACE_BOUND('',#7483,.T.);
#8580=FACE_BOUND('',#7484,.T.);
#8581=FACE_BOUND('',#7485,.T.);
#8582=FACE_BOUND('',#7486,.T.);
#8583=FACE_BOUND('',#7487,.T.);
#8584=FACE_BOUND('',#7488,.T.);
#8585=FACE_BOUND('',#7489,.T.);
#8586=FACE_BOUND('',#7490,.T.);
#8587=FACE_BOUND('',#7491,.T.);
#8588=FACE_BOUND('',#7492,.T.);
#8589=FACE_BOUND('',#7493,.T.);
#8590=FACE_BOUND('',#7494,.T.);
#8591=FACE_BOUND('',#7495,.T.);
#8592=FACE_BOUND('',#7496,.T.);
#8593=FACE_BOUND('',#7497,.T.);
#8594=FACE_BOUND('',#7498,.T.);
#8595=FACE_BOUND('',#7499,.T.);
#8596=FACE_BOUND('',#7500,.T.);
#8597=FACE_BOUND('',#7501,.T.);
#8598=FACE_BOUND('',#7502,.T.);
#8599=FACE_BOUND('',#7503,.T.);
#8600=FACE_BOUND('',#7504,.T.);
#8601=FACE_BOUND('',#7505,.T.);
#8602=FACE_BOUND('',#7506,.T.);
#8603=FACE_BOUND('',#7507,.T.);
#8604=FACE_BOUND('',#7508,.T.);
#8605=FACE_BOUND('',#7509,.T.);
#8606=FACE_BOUND('',#7510,.T.);
#8607=FACE_BOUND('',#7511,.T.);
#8608=FACE_BOUND('',#7512,.T.);
#8609=FACE_BOUND('',#7513,.T.);
#8610=FACE_BOUND('',#7514,.T.);
#8611=FACE_BOUND('',#7515,.T.);
#8612=FACE_BOUND('',#7516,.T.);
#8613=FACE_BOUND('',#7517,.T.);
#8614=FACE_BOUND('',#7518,.T.);
#8615=FACE_BOUND('',#7519,.T.);
#8616=FACE_BOUND('',#7520,.T.);
#8617=FACE_BOUND('',#7521,.T.);
#8618=FACE_BOUND('',#7522,.T.);
#8619=FACE_BOUND('',#7523,.T.);
#8620=FACE_BOUND('',#7524,.T.);
#8621=FACE_BOUND('',#7525,.T.);
#8622=FACE_BOUND('',#7526,.T.);
#8623=FACE_BOUND('',#7527,.T.);
#8624=FACE_BOUND('',#7528,.T.);
#8625=FACE_BOUND('',#7529,.T.);
#8626=FACE_BOUND('',#7530,.T.);
#8627=FACE_BOUND('',#7531,.T.);
#8628=FACE_BOUND('',#7532,.T.);
#8629=FACE_BOUND('',#7533,.T.);
#8630=FACE_BOUND('',#7534,.T.);
#8631=FACE_BOUND('',#7535,.T.);
#8632=FACE_BOUND('',#7536,.T.);
#8633=FACE_BOUND('',#7537,.T.);
#8634=FACE_BOUND('',#7538,.T.);
#8635=FACE_BOUND('',#7539,.T.);
#8636=FACE_BOUND('',#7540,.T.);
#8637=FACE_BOUND('',#7541,.T.);
#8638=FACE_BOUND('',#7542,.T.);
#8639=FACE_BOUND('',#7543,.T.);
#8640=FACE_BOUND('',#7544,.T.);
#8641=FACE_BOUND('',#7545,.T.);
#8642=FACE_BOUND('',#7546,.T.);
#8643=FACE_BOUND('',#7547,.T.);
#8644=FACE_BOUND('',#7548,.T.);
#8645=FACE_BOUND('',#7549,.T.);
#8646=FACE_BOUND('',#7550,.T.);
#8647=FACE_BOUND('',#7551,.T.);
#8648=FACE_BOUND('',#7552,.T.);
#8649=FACE_BOUND('',#7553,.T.);
#8650=FACE_BOUND('',#7554,.T.);
#8651=FACE_BOUND('',#7555,.T.);
#8652=FACE_BOUND('',#7556,.T.);
#8653=FACE_BOUND('',#7557,.T.);
#8654=FACE_BOUND('',#7558,.T.);
#8655=FACE_BOUND('',#7559,.T.);
#8656=FACE_BOUND('',#7560,.T.);
#8657=FACE_BOUND('',#7561,.T.);
#8658=FACE_BOUND('',#7562,.T.);
#8659=FACE_BOUND('',#7563,.T.);
#8660=FACE_BOUND('',#7564,.T.);
#8661=FACE_BOUND('',#7565,.T.);
#8662=FACE_BOUND('',#7566,.T.);
#8663=FACE_BOUND('',#7567,.T.);
#8664=FACE_BOUND('',#7568,.T.);
#8665=FACE_BOUND('',#7569,.T.);
#8666=FACE_BOUND('',#7570,.T.);
#8667=FACE_BOUND('',#7571,.T.);
#8668=FACE_BOUND('',#7572,.T.);
#8669=FACE_BOUND('',#7573,.T.);
#8670=FACE_BOUND('',#7574,.T.);
#8671=FACE_BOUND('',#7575,.T.);
#8672=FACE_BOUND('',#7576,.T.);
#8673=FACE_BOUND('',#7577,.T.);
#8674=FACE_BOUND('',#7578,.T.);
#8675=FACE_BOUND('',#7579,.T.);
#8676=FACE_BOUND('',#7580,.T.);
#8677=FACE_BOUND('',#7581,.T.);
#8678=FACE_BOUND('',#7582,.T.);
#8679=FACE_BOUND('',#7583,.T.);
#8680=FACE_BOUND('',#7584,.T.);
#8681=FACE_BOUND('',#7585,.T.);
#8682=FACE_BOUND('',#7586,.T.);
#8683=FACE_BOUND('',#7587,.T.);
#8684=FACE_BOUND('',#7588,.T.);
#8685=FACE_BOUND('',#7589,.T.);
#8686=FACE_BOUND('',#7590,.T.);
#8687=FACE_BOUND('',#7591,.T.);
#8688=FACE_BOUND('',#7592,.T.);
#8689=FACE_BOUND('',#7593,.T.);
#8690=FACE_BOUND('',#7594,.T.);
#8691=FACE_BOUND('',#7595,.T.);
#8692=FACE_BOUND('',#7596,.T.);
#8693=FACE_BOUND('',#7597,.T.);
#8694=FACE_BOUND('',#7598,.T.);
#8695=FACE_BOUND('',#7599,.T.);
#8696=FACE_BOUND('',#7600,.T.);
#8697=FACE_BOUND('',#7601,.T.);
#8698=FACE_BOUND('',#7602,.T.);
#8699=FACE_BOUND('',#7603,.T.);
#8700=FACE_BOUND('',#7604,.T.);
#8701=FACE_BOUND('',#7605,.T.);
#8702=FACE_BOUND('',#7606,.T.);
#8703=FACE_BOUND('',#7607,.T.);
#8704=FACE_BOUND('',#7608,.T.);
#8705=FACE_BOUND('',#7609,.T.);
#8706=FACE_BOUND('',#7610,.T.);
#8707=FACE_BOUND('',#7611,.T.);
#8708=FACE_BOUND('',#7612,.T.);
#8709=FACE_BOUND('',#7613,.T.);
#8710=FACE_BOUND('',#7614,.T.);
#8711=FACE_BOUND('',#7615,.T.);
#8712=FACE_BOUND('',#7616,.T.);
#8713=FACE_BOUND('',#7617,.T.);
#8714=FACE_BOUND('',#7618,.T.);
#8715=FACE_BOUND('',#7619,.T.);
#8716=FACE_BOUND('',#7620,.T.);
#8717=FACE_BOUND('',#7621,.T.);
#8718=FACE_BOUND('',#7622,.T.);
#8719=FACE_BOUND('',#7623,.T.);
#8720=FACE_BOUND('',#7624,.T.);
#8721=FACE_BOUND('',#7625,.T.);
#8722=FACE_BOUND('',#7626,.T.);
#8723=FACE_BOUND('',#7627,.T.);
#8724=FACE_BOUND('',#7628,.T.);
#8725=FACE_BOUND('',#7629,.T.);
#8726=FACE_BOUND('',#7630,.T.);
#8727=FACE_BOUND('',#7631,.T.);
#8728=FACE_BOUND('',#7632,.T.);
#8729=FACE_BOUND('',#7633,.T.);
#8730=FACE_BOUND('',#7634,.T.);
#8731=FACE_BOUND('',#7635,.T.);
#8732=FACE_BOUND('',#7636,.T.);
#8733=FACE_BOUND('',#7637,.T.);
#8734=FACE_BOUND('',#7638,.T.);
#8735=FACE_BOUND('',#7639,.T.);
#8736=FACE_BOUND('',#7640,.T.);
#8737=FACE_BOUND('',#7641,.T.);
#8738=FACE_BOUND('',#7642,.T.);
#8739=FACE_BOUND('',#7643,.T.);
#8740=FACE_BOUND('',#7644,.T.);
#8741=FACE_BOUND('',#7645,.T.);
#8742=FACE_BOUND('',#7646,.T.);
#8743=FACE_BOUND('',#7647,.T.);
#8744=FACE_BOUND('',#7648,.T.);
#8745=FACE_BOUND('',#7649,.T.);
#8746=FACE_BOUND('',#7650,.T.);
#8747=FACE_BOUND('',#7651,.T.);
#8748=FACE_BOUND('',#7652,.T.);
#8749=FACE_BOUND('',#7653,.T.);
#8750=FACE_BOUND('',#7654,.T.);
#8751=FACE_BOUND('',#7655,.T.);
#8752=FACE_BOUND('',#7656,.T.);
#8753=FACE_BOUND('',#7657,.T.);
#8754=FACE_BOUND('',#7658,.T.);
#8755=FACE_BOUND('',#7659,.T.);
#8756=FACE_BOUND('',#7660,.T.);
#8757=FACE_BOUND('',#7661,.T.);
#8758=FACE_BOUND('',#7662,.T.);
#8759=FACE_BOUND('',#7663,.T.);
#8760=FACE_BOUND('',#7664,.T.);
#8761=FACE_BOUND('',#7665,.T.);
#8762=FACE_BOUND('',#7666,.T.);
#8763=FACE_BOUND('',#7667,.T.);
#8764=FACE_BOUND('',#7668,.T.);
#8765=FACE_BOUND('',#7669,.T.);
#8766=FACE_BOUND('',#7670,.T.);
#8767=FACE_BOUND('',#7671,.T.);
#8768=FACE_BOUND('',#7672,.T.);
#8769=FACE_BOUND('',#7673,.T.);
#8770=FACE_BOUND('',#7674,.T.);
#8771=FACE_BOUND('',#7675,.T.);
#8772=FACE_BOUND('',#7676,.T.);
#8773=FACE_BOUND('',#7677,.T.);
#8774=FACE_BOUND('',#7678,.T.);
#8775=FACE_BOUND('',#7679,.T.);
#8776=FACE_BOUND('',#7680,.T.);
#8777=FACE_BOUND('',#7681,.T.);
#8778=FACE_BOUND('',#7682,.T.);
#8779=FACE_BOUND('',#7683,.T.);
#8780=FACE_BOUND('',#7684,.T.);
#8781=FACE_BOUND('',#7685,.T.);
#8782=FACE_BOUND('',#7686,.T.);
#8783=FACE_BOUND('',#7687,.T.);
#8784=FACE_BOUND('',#7688,.T.);
#8785=FACE_BOUND('',#7689,.T.);
#8786=FACE_BOUND('',#7690,.T.);
#8787=FACE_BOUND('',#7691,.T.);
#8788=FACE_BOUND('',#7692,.T.);
#8789=FACE_BOUND('',#7693,.T.);
#8790=FACE_BOUND('',#7694,.T.);
#8791=FACE_BOUND('',#7695,.T.);
#8792=FACE_BOUND('',#7696,.T.);
#8793=FACE_BOUND('',#7697,.T.);
#8794=FACE_BOUND('',#7698,.T.);
#8795=FACE_BOUND('',#7699,.T.);
#8796=FACE_BOUND('',#7700,.T.);
#8797=FACE_BOUND('',#7701,.T.);
#8798=FACE_BOUND('',#7702,.T.);
#8799=FACE_BOUND('',#7703,.T.);
#8800=FACE_BOUND('',#7704,.T.);
#8801=FACE_BOUND('',#7705,.T.);
#8802=FACE_BOUND('',#7706,.T.);
#8803=FACE_BOUND('',#7707,.T.);
#8804=FACE_BOUND('',#7708,.T.);
#8805=FACE_BOUND('',#7709,.T.);
#8806=FACE_BOUND('',#7710,.T.);
#8807=FACE_BOUND('',#7711,.T.);
#8808=FACE_BOUND('',#7712,.T.);
#8809=FACE_BOUND('',#7713,.T.);
#8810=FACE_BOUND('',#7714,.T.);
#8811=FACE_BOUND('',#7715,.T.);
#8812=FACE_BOUND('',#7716,.T.);
#8813=FACE_BOUND('',#7717,.T.);
#8814=FACE_BOUND('',#7718,.T.);
#8815=FACE_BOUND('',#7719,.T.);
#8816=FACE_BOUND('',#7720,.T.);
#8817=FACE_BOUND('',#7721,.T.);
#8818=FACE_BOUND('',#7722,.T.);
#8819=FACE_BOUND('',#7723,.T.);
#8820=FACE_BOUND('',#7724,.T.);
#8821=FACE_BOUND('',#7725,.T.);
#8822=FACE_BOUND('',#7726,.T.);
#8823=FACE_BOUND('',#7727,.T.);
#8824=FACE_BOUND('',#7728,.T.);
#8825=FACE_BOUND('',#7729,.T.);
#8826=FACE_BOUND('',#7730,.T.);
#8827=FACE_BOUND('',#7731,.T.);
#8828=FACE_BOUND('',#7732,.T.);
#8829=FACE_BOUND('',#7733,.T.);
#8830=FACE_BOUND('',#7734,.T.);
#8831=FACE_BOUND('',#7735,.T.);
#8832=FACE_BOUND('',#7736,.T.);
#8833=FACE_BOUND('',#7737,.T.);
#8834=FACE_BOUND('',#7738,.T.);
#8835=FACE_BOUND('',#7739,.T.);
#8836=FACE_BOUND('',#7740,.T.);
#8837=FACE_BOUND('',#7741,.T.);
#8838=FACE_BOUND('',#7742,.T.);
#8839=FACE_BOUND('',#7743,.T.);
#8840=FACE_BOUND('',#7744,.T.);
#8841=FACE_BOUND('',#7745,.T.);
#8842=FACE_BOUND('',#7746,.T.);
#8843=FACE_BOUND('',#7747,.T.);
#8844=FACE_BOUND('',#7748,.T.);
#8845=FACE_BOUND('',#7749,.T.);
#8846=FACE_BOUND('',#7750,.T.);
#8847=FACE_BOUND('',#7751,.T.);
#8848=FACE_BOUND('',#7752,.T.);
#8849=FACE_BOUND('',#7753,.T.);
#8850=FACE_BOUND('',#7754,.T.);
#8851=FACE_BOUND('',#7755,.T.);
#8852=FACE_BOUND('',#7756,.T.);
#8853=FACE_BOUND('',#7757,.T.);
#8854=FACE_BOUND('',#7758,.T.);
#8855=FACE_BOUND('',#7759,.T.);
#8856=FACE_BOUND('',#7760,.T.);
#8857=FACE_BOUND('',#7761,.T.);
#8858=FACE_BOUND('',#7762,.T.);
#8859=FACE_BOUND('',#7763,.T.);
#8860=FACE_BOUND('',#7764,.T.);
#8861=FACE_BOUND('',#7765,.T.);
#8862=FACE_BOUND('',#7766,.T.);
#8863=FACE_BOUND('',#7767,.T.);
#8864=FACE_BOUND('',#7768,.T.);
#8865=FACE_BOUND('',#7769,.T.);
#8866=FACE_BOUND('',#7770,.T.);
#8867=FACE_BOUND('',#7771,.T.);
#8868=FACE_BOUND('',#7772,.T.);
#8869=FACE_BOUND('',#7773,.T.);
#8870=FACE_BOUND('',#7774,.T.);
#8871=FACE_BOUND('',#7775,.T.);
#8872=FACE_BOUND('',#7776,.T.);
#8873=FACE_BOUND('',#7777,.T.);
#8874=FACE_BOUND('',#7778,.T.);
#8875=FACE_BOUND('',#7779,.T.);
#8876=FACE_BOUND('',#7780,.T.);
#8877=FACE_BOUND('',#7781,.T.);
#8878=FACE_BOUND('',#7782,.T.);
#8879=FACE_BOUND('',#7783,.T.);
#8880=FACE_BOUND('',#7784,.T.);
#8881=FACE_BOUND('',#7785,.T.);
#8882=FACE_BOUND('',#7786,.T.);
#8883=FACE_BOUND('',#7787,.T.);
#8884=FACE_BOUND('',#7788,.T.);
#8885=FACE_BOUND('',#7789,.T.);
#8886=FACE_BOUND('',#7790,.T.);
#8887=FACE_BOUND('',#7791,.T.);
#8888=FACE_BOUND('',#7792,.T.);
#8889=FACE_BOUND('',#7793,.T.);
#8890=FACE_BOUND('',#7794,.T.);
#8891=FACE_BOUND('',#7795,.T.);
#8892=FACE_BOUND('',#7796,.T.);
#8893=FACE_BOUND('',#7797,.T.);
#8894=FACE_BOUND('',#7798,.T.);
#8895=FACE_BOUND('',#7799,.T.);
#8896=FACE_BOUND('',#7800,.T.);
#8897=FACE_BOUND('',#7801,.T.);
#8898=FACE_BOUND('',#7802,.T.);
#8899=FACE_BOUND('',#7803,.T.);
#8900=FACE_BOUND('',#7804,.T.);
#8901=FACE_BOUND('',#7805,.T.);
#8902=FACE_BOUND('',#7806,.T.);
#8903=FACE_BOUND('',#7807,.T.);
#8904=FACE_BOUND('',#7808,.T.);
#8905=FACE_BOUND('',#7809,.T.);
#8906=FACE_BOUND('',#7810,.T.);
#8907=FACE_BOUND('',#7811,.T.);
#8908=FACE_BOUND('',#7812,.T.);
#8909=FACE_BOUND('',#7813,.T.);
#8910=FACE_BOUND('',#7814,.T.);
#8911=FACE_BOUND('',#7815,.T.);
#8912=FACE_BOUND('',#7816,.T.);
#8913=FACE_BOUND('',#7817,.T.);
#8914=FACE_BOUND('',#7818,.T.);
#8915=FACE_BOUND('',#7819,.T.);
#8916=FACE_BOUND('',#7820,.T.);
#8917=FACE_BOUND('',#7821,.T.);
#8918=FACE_BOUND('',#7822,.T.);
#8919=FACE_BOUND('',#7823,.T.);
#8920=FACE_BOUND('',#7824,.T.);
#8921=FACE_BOUND('',#7825,.T.);
#8922=FACE_BOUND('',#7826,.T.);
#8923=FACE_BOUND('',#7827,.T.);
#8924=FACE_BOUND('',#7828,.T.);
#8925=FACE_BOUND('',#7829,.T.);
#8926=FACE_BOUND('',#7830,.T.);
#8927=FACE_BOUND('',#7831,.T.);
#8928=FACE_BOUND('',#7832,.T.);
#8929=FACE_BOUND('',#7833,.T.);
#8930=FACE_BOUND('',#7834,.T.);
#8931=FACE_BOUND('',#7835,.T.);
#8932=FACE_BOUND('',#7836,.T.);
#8933=FACE_BOUND('',#7837,.T.);
#8934=FACE_BOUND('',#7838,.T.);
#8935=FACE_BOUND('',#7839,.T.);
#8936=FACE_BOUND('',#7840,.T.);
#8937=FACE_BOUND('',#7841,.T.);
#8938=FACE_BOUND('',#7842,.T.);
#8939=FACE_BOUND('',#7843,.T.);
#8940=FACE_BOUND('',#7844,.T.);
#8941=FACE_BOUND('',#7845,.T.);
#8942=FACE_BOUND('',#7846,.T.);
#8943=FACE_BOUND('',#7847,.T.);
#8944=FACE_BOUND('',#7848,.T.);
#8945=FACE_BOUND('',#7849,.T.);
#8946=FACE_BOUND('',#7850,.T.);
#8947=FACE_BOUND('',#7851,.T.);
#8948=FACE_BOUND('',#7852,.T.);
#8949=FACE_BOUND('',#7853,.T.);
#8950=FACE_BOUND('',#7854,.T.);
#8951=FACE_BOUND('',#7855,.T.);
#8952=FACE_BOUND('',#7856,.T.);
#8953=FACE_BOUND('',#7857,.T.);
#8954=FACE_BOUND('',#7858,.T.);
#8955=FACE_BOUND('',#7859,.T.);
#8956=FACE_BOUND('',#7860,.T.);
#8957=FACE_BOUND('',#7861,.T.);
#8958=FACE_BOUND('',#7862,.T.);
#8959=FACE_BOUND('',#7863,.T.);
#8960=FACE_BOUND('',#7864,.T.);
#8961=FACE_BOUND('',#7865,.T.);
#8962=FACE_BOUND('',#7866,.T.);
#8963=FACE_BOUND('',#7867,.T.);
#8964=FACE_BOUND('',#7868,.T.);
#8965=FACE_BOUND('',#7869,.T.);
#8966=FACE_BOUND('',#7870,.T.);
#8967=FACE_BOUND('',#7871,.T.);
#8968=FACE_BOUND('',#7872,.T.);
#8969=FACE_BOUND('',#7873,.T.);
#8970=FACE_BOUND('',#7874,.T.);
#8971=FACE_BOUND('',#7875,.T.);
#8972=FACE_BOUND('',#7876,.T.);
#8973=FACE_BOUND('',#7877,.T.);
#8974=FACE_BOUND('',#7878,.T.);
#8975=FACE_BOUND('',#7879,.T.);
#8976=FACE_BOUND('',#7880,.T.);
#8977=FACE_BOUND('',#7881,.T.);
#8978=FACE_BOUND('',#7882,.T.);
#8979=FACE_BOUND('',#7883,.T.);
#8980=FACE_BOUND('',#7884,.T.);
#8981=FACE_BOUND('',#7885,.T.);
#8982=FACE_BOUND('',#7886,.T.);
#8983=FACE_BOUND('',#7887,.T.);
#8984=FACE_BOUND('',#7888,.T.);
#8985=FACE_BOUND('',#7889,.T.);
#8986=FACE_BOUND('',#7890,.T.);
#8987=FACE_BOUND('',#7891,.T.);
#8988=FACE_BOUND('',#7892,.T.);
#8989=FACE_BOUND('',#7893,.T.);
#8990=FACE_BOUND('',#7894,.T.);
#8991=FACE_BOUND('',#7895,.T.);
#8992=FACE_BOUND('',#7896,.T.);
#8993=FACE_BOUND('',#7897,.T.);
#8994=FACE_BOUND('',#7898,.T.);
#8995=FACE_BOUND('',#7899,.T.);
#8996=FACE_BOUND('',#7900,.T.);
#8997=FACE_BOUND('',#7901,.T.);
#8998=FACE_BOUND('',#7902,.T.);
#8999=FACE_BOUND('',#7903,.T.);
#9000=FACE_BOUND('',#7904,.T.);
#9001=FACE_BOUND('',#7905,.T.);
#9002=FACE_BOUND('',#7906,.T.);
#9003=FACE_BOUND('',#7907,.T.);
#9004=FACE_BOUND('',#7908,.T.);
#9005=FACE_BOUND('',#7909,.T.);
#9006=FACE_BOUND('',#7910,.T.);
#9007=FACE_BOUND('',#7911,.T.);
#9008=FACE_BOUND('',#7912,.T.);
#9009=FACE_BOUND('',#7913,.T.);
#9010=FACE_BOUND('',#7914,.T.);
#9011=FACE_BOUND('',#7915,.T.);
#9012=FACE_BOUND('',#7916,.T.);
#9013=FACE_BOUND('',#7917,.T.);
#9014=FACE_BOUND('',#7918,.T.);
#9015=FACE_BOUND('',#7919,.T.);
#9016=FACE_BOUND('',#7920,.T.);
#9017=FACE_BOUND('',#7921,.T.);
#9018=FACE_BOUND('',#7922,.T.);
#9019=FACE_BOUND('',#7923,.T.);
#9020=FACE_BOUND('',#7924,.T.);
#9021=FACE_BOUND('',#7925,.T.);
#9022=FACE_BOUND('',#7926,.T.);
#9023=FACE_BOUND('',#7927,.T.);
#9024=FACE_BOUND('',#7928,.T.);
#9025=FACE_BOUND('',#7929,.T.);
#9026=FACE_BOUND('',#7930,.T.);
#9027=FACE_BOUND('',#7931,.T.);
#9028=FACE_BOUND('',#7932,.T.);
#9029=FACE_BOUND('',#7933,.T.);
#9030=FACE_BOUND('',#7934,.T.);
#9031=FACE_BOUND('',#7935,.T.);
#9032=FACE_BOUND('',#7936,.T.);
#9033=FACE_BOUND('',#7937,.T.);
#9034=FACE_BOUND('',#7938,.T.);
#9035=FACE_BOUND('',#7939,.T.);
#9036=FACE_BOUND('',#7940,.T.);
#9037=FACE_BOUND('',#7941,.T.);
#9038=FACE_BOUND('',#7942,.T.);
#9039=FACE_BOUND('',#7943,.T.);
#9040=FACE_BOUND('',#7944,.T.);
#9041=FACE_BOUND('',#7945,.T.);
#9042=FACE_BOUND('',#7946,.T.);
#9043=FACE_BOUND('',#7947,.T.);
#9044=FACE_BOUND('',#7948,.T.);
#9045=FACE_BOUND('',#7949,.T.);
#9046=FACE_BOUND('',#7950,.T.);
#9047=FACE_BOUND('',#7951,.T.);
#9048=FACE_BOUND('',#7952,.T.);
#9049=FACE_BOUND('',#7953,.T.);
#9050=FACE_BOUND('',#7954,.T.);
#9051=FACE_BOUND('',#7955,.T.);
#9052=FACE_BOUND('',#7956,.T.);
#9053=FACE_BOUND('',#7957,.T.);
#9054=FACE_BOUND('',#7958,.T.);
#9055=FACE_BOUND('',#7959,.T.);
#9056=FACE_BOUND('',#7960,.T.);
#9057=FACE_BOUND('',#7961,.T.);
#9058=FACE_BOUND('',#7962,.T.);
#9059=FACE_BOUND('',#7963,.T.);
#9060=FACE_BOUND('',#7964,.T.);
#9061=FACE_BOUND('',#7965,.T.);
#9062=FACE_BOUND('',#7966,.T.);
#9063=FACE_BOUND('',#7967,.T.);
#9064=FACE_BOUND('',#7968,.T.);
#9065=FACE_BOUND('',#7969,.T.);
#9066=FACE_BOUND('',#7970,.T.);
#9067=FACE_BOUND('',#7971,.T.);
#9068=FACE_BOUND('',#7972,.T.);
#9069=FACE_BOUND('',#7973,.T.);
#9070=FACE_BOUND('',#7974,.T.);
#9071=FACE_BOUND('',#7975,.T.);
#9072=FACE_BOUND('',#7976,.T.);
#9073=FACE_BOUND('',#7977,.T.);
#9074=FACE_BOUND('',#7978,.T.);
#9075=FACE_BOUND('',#7979,.T.);
#9076=FACE_BOUND('',#7980,.T.);
#9077=FACE_BOUND('',#7981,.T.);
#9078=FACE_BOUND('',#7982,.T.);
#9079=FACE_BOUND('',#7983,.T.);
#9080=FACE_BOUND('',#7984,.T.);
#9081=FACE_BOUND('',#7985,.T.);
#9082=FACE_BOUND('',#7986,.T.);
#9083=FACE_BOUND('',#7987,.T.);
#9084=FACE_BOUND('',#7988,.T.);
#9085=FACE_BOUND('',#7989,.T.);
#9086=FACE_BOUND('',#7990,.T.);
#9087=FACE_BOUND('',#7991,.T.);
#9088=FACE_BOUND('',#7992,.T.);
#9089=FACE_BOUND('',#7993,.T.);
#9090=FACE_BOUND('',#7994,.T.);
#9091=FACE_BOUND('',#7995,.T.);
#9092=FACE_BOUND('',#7996,.T.);
#9093=FACE_BOUND('',#7997,.T.);
#9094=FACE_BOUND('',#7998,.T.);
#9095=FACE_BOUND('',#7999,.T.);
#9096=FACE_BOUND('',#8000,.T.);
#9097=FACE_BOUND('',#8001,.T.);
#9098=FACE_BOUND('',#8002,.T.);
#9099=FACE_BOUND('',#8003,.T.);
#9100=FACE_BOUND('',#8004,.T.);
#9101=FACE_BOUND('',#8005,.T.);
#9102=FACE_BOUND('',#8006,.T.);
#9103=FACE_BOUND('',#8007,.T.);
#9104=FACE_BOUND('',#8008,.T.);
#9105=FACE_BOUND('',#8009,.T.);
#9106=FACE_BOUND('',#8010,.T.);
#9107=FACE_BOUND('',#8011,.T.);
#9108=FACE_BOUND('',#8012,.T.);
#9109=FACE_BOUND('',#8013,.T.);
#9110=FACE_BOUND('',#8014,.T.);
#9111=FACE_BOUND('',#8015,.T.);
#9112=FACE_BOUND('',#8016,.T.);
#9113=FACE_BOUND('',#8017,.T.);
#9114=FACE_BOUND('',#8018,.T.);
#9115=FACE_BOUND('',#8019,.T.);
#9116=FACE_BOUND('',#8020,.T.);
#9117=FACE_BOUND('',#8021,.T.);
#9118=FACE_BOUND('',#8022,.T.);
#9119=FACE_BOUND('',#8023,.T.);
#9120=FACE_BOUND('',#8024,.T.);
#9121=FACE_BOUND('',#8025,.T.);
#9122=FACE_BOUND('',#8026,.T.);
#9123=FACE_BOUND('',#8027,.T.);
#9124=FACE_BOUND('',#8028,.T.);
#9125=FACE_BOUND('',#8029,.T.);
#9126=FACE_BOUND('',#8030,.T.);
#9127=FACE_BOUND('',#8031,.T.);
#9128=FACE_BOUND('',#8032,.T.);
#9129=FACE_BOUND('',#8033,.T.);
#9130=FACE_BOUND('',#8034,.T.);
#9131=FACE_BOUND('',#8035,.T.);
#9132=FACE_BOUND('',#8036,.T.);
#9133=FACE_BOUND('',#8037,.T.);
#9134=FACE_BOUND('',#8038,.T.);
#9135=FACE_BOUND('',#8039,.T.);
#9136=FACE_BOUND('',#8040,.T.);
#9137=FACE_BOUND('',#8041,.T.);
#9138=FACE_BOUND('',#8042,.T.);
#9139=FACE_BOUND('',#8043,.T.);
#9140=FACE_BOUND('',#8044,.T.);
#9141=FACE_BOUND('',#8045,.T.);
#9142=FACE_BOUND('',#8046,.T.);
#9143=FACE_BOUND('',#8047,.T.);
#9144=FACE_BOUND('',#8048,.T.);
#9145=FACE_BOUND('',#8049,.T.);
#9146=FACE_BOUND('',#8050,.T.);
#9147=FACE_BOUND('',#8051,.T.);
#9148=FACE_BOUND('',#8052,.T.);
#9149=FACE_BOUND('',#8053,.T.);
#9150=FACE_BOUND('',#8054,.T.);
#9151=FACE_BOUND('',#8055,.T.);
#9152=FACE_BOUND('',#8056,.T.);
#9153=FACE_BOUND('',#8057,.T.);
#9154=FACE_BOUND('',#8058,.T.);
#9155=FACE_BOUND('',#8059,.T.);
#9156=FACE_BOUND('',#8060,.T.);
#9157=FACE_BOUND('',#8061,.T.);
#9158=FACE_BOUND('',#8062,.T.);
#9159=FACE_BOUND('',#8063,.T.);
#9160=FACE_BOUND('',#8064,.T.);
#9161=FACE_BOUND('',#8065,.T.);
#9162=FACE_BOUND('',#8066,.T.);
#9163=FACE_BOUND('',#8067,.T.);
#9164=FACE_BOUND('',#8068,.T.);
#9165=FACE_BOUND('',#8069,.T.);
#9166=FACE_BOUND('',#8070,.T.);
#9167=FACE_BOUND('',#8071,.T.);
#9168=FACE_BOUND('',#8072,.T.);
#9169=FACE_BOUND('',#8073,.T.);
#9170=FACE_BOUND('',#8074,.T.);
#9171=FACE_BOUND('',#8075,.T.);
#9172=FACE_BOUND('',#8076,.T.);
#9173=FACE_BOUND('',#8077,.T.);
#9174=FACE_BOUND('',#8078,.T.);
#9175=FACE_BOUND('',#8079,.T.);
#9176=FACE_BOUND('',#8080,.T.);
#9177=FACE_BOUND('',#8081,.T.);
#9178=FACE_BOUND('',#8082,.T.);
#9179=FACE_BOUND('',#8083,.T.);
#9180=FACE_BOUND('',#8084,.T.);
#9181=FACE_BOUND('',#8085,.T.);
#9182=FACE_BOUND('',#8086,.T.);
#9183=FACE_BOUND('',#8087,.T.);
#9184=FACE_BOUND('',#8088,.T.);
#9185=FACE_BOUND('',#8089,.T.);
#9186=FACE_BOUND('',#8090,.T.);
#9187=FACE_BOUND('',#8091,.T.);
#9188=FACE_BOUND('',#8092,.T.);
#9189=FACE_BOUND('',#8093,.T.);
#9190=FACE_BOUND('',#8094,.T.);
#9191=FACE_BOUND('',#8095,.T.);
#9192=FACE_BOUND('',#8096,.T.);
#9193=FACE_BOUND('',#8097,.T.);
#9194=FACE_BOUND('',#8098,.T.);
#9195=FACE_BOUND('',#8099,.T.);
#9196=FACE_BOUND('',#8100,.T.);
#9197=FACE_BOUND('',#8101,.T.);
#9198=FACE_BOUND('',#8102,.T.);
#9199=FACE_BOUND('',#8103,.T.);
#9200=FACE_BOUND('',#8104,.T.);
#9201=FACE_BOUND('',#8105,.T.);
#9202=FACE_BOUND('',#8106,.T.);
#9203=FACE_BOUND('',#8107,.T.);
#9204=FACE_BOUND('',#8108,.T.);
#9205=FACE_BOUND('',#8109,.T.);
#9206=FACE_BOUND('',#8110,.T.);
#9207=FACE_BOUND('',#8111,.T.);
#9208=FACE_BOUND('',#8112,.T.);
#9209=FACE_BOUND('',#8113,.T.);
#9210=FACE_BOUND('',#8114,.T.);
#9211=FACE_BOUND('',#8115,.T.);
#9212=FACE_BOUND('',#8116,.T.);
#9213=FACE_BOUND('',#8117,.T.);
#9214=FACE_BOUND('',#8118,.T.);
#9215=FACE_BOUND('',#8119,.T.);
#9216=FACE_BOUND('',#8120,.T.);
#9217=FACE_BOUND('',#8121,.T.);
#9218=FACE_BOUND('',#8122,.T.);
#9219=FACE_BOUND('',#8123,.T.);
#9220=FACE_BOUND('',#8124,.T.);
#9221=FACE_BOUND('',#8125,.T.);
#9222=FACE_BOUND('',#8126,.T.);
#9223=FACE_BOUND('',#8127,.T.);
#9224=FACE_BOUND('',#8128,.T.);
#9225=FACE_BOUND('',#8129,.T.);
#9226=FACE_BOUND('',#8130,.T.);
#9227=FACE_BOUND('',#8131,.T.);
#9228=FACE_BOUND('',#8132,.T.);
#9229=FACE_BOUND('',#8133,.T.);
#9230=FACE_BOUND('',#8134,.T.);
#9231=FACE_BOUND('',#8135,.T.);
#9232=FACE_BOUND('',#8136,.T.);
#9233=FACE_BOUND('',#8137,.T.);
#9234=FACE_BOUND('',#8138,.T.);
#9235=FACE_BOUND('',#8139,.T.);
#9236=FACE_BOUND('',#8140,.T.);
#9237=FACE_BOUND('',#8141,.T.);
#9238=FACE_BOUND('',#8142,.T.);
#9239=FACE_BOUND('',#8143,.T.);
#9240=FACE_BOUND('',#8144,.T.);
#9241=FACE_BOUND('',#8145,.T.);
#9242=FACE_BOUND('',#8146,.T.);
#9243=FACE_BOUND('',#8147,.T.);
#9244=FACE_BOUND('',#8148,.T.);
#9245=FACE_BOUND('',#8149,.T.);
#9246=FACE_BOUND('',#8150,.T.);
#9247=FACE_BOUND('',#8151,.T.);
#9248=FACE_BOUND('',#8152,.T.);
#9249=FACE_BOUND('',#8153,.T.);
#9250=FACE_BOUND('',#8154,.T.);
#9251=FACE_BOUND('',#8155,.T.);
#9252=FACE_BOUND('',#8156,.T.);
#9253=FACE_BOUND('',#8157,.T.);
#9254=FACE_BOUND('',#8158,.T.);
#9255=FACE_BOUND('',#8159,.T.);
#9256=FACE_BOUND('',#8160,.T.);
#9257=FACE_BOUND('',#8161,.T.);
#9258=FACE_BOUND('',#8162,.T.);
#9259=FACE_BOUND('',#8163,.T.);
#9260=FACE_BOUND('',#8164,.T.);
#9261=FACE_BOUND('',#8165,.T.);
#9262=FACE_BOUND('',#8166,.T.);
#9263=FACE_BOUND('',#8167,.T.);
#9264=FACE_BOUND('',#8168,.T.);
#9265=FACE_BOUND('',#8169,.T.);
#9266=FACE_BOUND('',#8170,.T.);
#9267=FACE_BOUND('',#8171,.T.);
#9268=FACE_BOUND('',#8172,.T.);
#9269=FACE_BOUND('',#8173,.T.);
#9270=FACE_BOUND('',#8174,.T.);
#9271=FACE_BOUND('',#8175,.T.);
#9272=FACE_BOUND('',#8176,.T.);
#9273=FACE_BOUND('',#8177,.T.);
#9274=FACE_BOUND('',#8178,.T.);
#9275=FACE_BOUND('',#8179,.T.);
#9276=FACE_BOUND('',#8180,.T.);
#9277=FACE_BOUND('',#8181,.T.);
#9278=FACE_BOUND('',#8182,.T.);
#9279=FACE_BOUND('',#8183,.T.);
#9280=FACE_BOUND('',#8184,.T.);
#9281=FACE_BOUND('',#8185,.T.);
#9282=FACE_BOUND('',#8186,.T.);
#9283=FACE_BOUND('',#8187,.T.);
#9284=FACE_BOUND('',#8188,.T.);
#9285=FACE_BOUND('',#8189,.T.);
#9286=FACE_BOUND('',#8190,.T.);
#9287=FACE_BOUND('',#8191,.T.);
#9288=FACE_BOUND('',#8192,.T.);
#9289=FACE_BOUND('',#8193,.T.);
#9290=FACE_BOUND('',#8194,.T.);
#9291=FACE_BOUND('',#8195,.T.);
#9292=FACE_BOUND('',#8196,.T.);
#9293=FACE_BOUND('',#8197,.T.);
#9294=FACE_BOUND('',#8198,.T.);
#9295=FACE_BOUND('',#8199,.T.);
#9296=FACE_BOUND('',#8200,.T.);
#9297=FACE_BOUND('',#8201,.T.);
#9298=FACE_BOUND('',#8202,.T.);
#9299=FACE_BOUND('',#8203,.T.);
#9300=FACE_BOUND('',#8204,.T.);
#9301=FACE_BOUND('',#8205,.T.);
#9302=FACE_BOUND('',#8206,.T.);
#9303=FACE_BOUND('',#8207,.T.);
#9304=FACE_BOUND('',#8208,.T.);
#9305=FACE_BOUND('',#8209,.T.);
#9306=FACE_BOUND('',#8210,.T.);
#9307=FACE_BOUND('',#8211,.T.);
#9308=FACE_BOUND('',#8212,.T.);
#9309=FACE_BOUND('',#8213,.T.);
#9310=FACE_BOUND('',#8214,.T.);
#9311=FACE_BOUND('',#8215,.T.);
#9312=FACE_BOUND('',#8216,.T.);
#9313=FACE_BOUND('',#8217,.T.);
#9314=FACE_BOUND('',#8218,.T.);
#9315=FACE_BOUND('',#8219,.T.);
#9316=FACE_BOUND('',#8220,.T.);
#9317=FACE_BOUND('',#8221,.T.);
#9318=FACE_BOUND('',#8222,.T.);
#9319=FACE_BOUND('',#8223,.T.);
#9320=FACE_BOUND('',#8224,.T.);
#9321=FACE_BOUND('',#8225,.T.);
#9322=FACE_BOUND('',#8226,.T.);
#9323=FACE_BOUND('',#8227,.T.);
#9324=FACE_BOUND('',#8228,.T.);
#9325=FACE_BOUND('',#8229,.T.);
#9326=FACE_BOUND('',#8230,.T.);
#9327=FACE_BOUND('',#8231,.T.);
#9328=FACE_BOUND('',#8232,.T.);
#9329=FACE_BOUND('',#8233,.T.);
#9330=FACE_BOUND('',#8234,.T.);
#9331=FACE_BOUND('',#8235,.T.);
#9332=FACE_BOUND('',#8236,.T.);
#9333=FACE_BOUND('',#8237,.T.);
#9334=FACE_BOUND('',#8238,.T.);
#9335=FACE_BOUND('',#8239,.T.);
#9336=FACE_BOUND('',#8240,.T.);
#9337=FACE_BOUND('',#8241,.T.);
#9338=FACE_BOUND('',#8242,.T.);
#9339=FACE_BOUND('',#8243,.T.);
#9340=FACE_BOUND('',#8244,.T.);
#9341=FACE_BOUND('',#8245,.T.);
#9342=FACE_BOUND('',#8246,.T.);
#9343=FACE_BOUND('',#8247,.T.);
#9344=FACE_BOUND('',#8248,.T.);
#9345=FACE_BOUND('',#8249,.T.);
#9346=FACE_BOUND('',#8250,.T.);
#9347=FACE_BOUND('',#8251,.T.);
#9348=FACE_BOUND('',#8252,.T.);
#9349=FACE_BOUND('',#8253,.T.);
#9350=FACE_BOUND('',#8254,.T.);
#9351=FACE_BOUND('',#8255,.T.);
#9352=FACE_BOUND('',#8256,.T.);
#9353=FACE_BOUND('',#8257,.T.);
#9354=FACE_BOUND('',#8258,.T.);
#9355=FACE_BOUND('',#8259,.T.);
#9356=FACE_BOUND('',#8260,.T.);
#9357=FACE_BOUND('',#8261,.T.);
#9358=FACE_BOUND('',#8262,.T.);
#9359=FACE_BOUND('',#8263,.T.);
#9360=FACE_BOUND('',#8264,.T.);
#9361=FACE_BOUND('',#8265,.T.);
#9362=FACE_BOUND('',#8266,.T.);
#9363=FACE_BOUND('',#8267,.T.);
#9364=FACE_BOUND('',#8268,.T.);
#9365=FACE_BOUND('',#8269,.T.);
#9366=FACE_BOUND('',#8270,.T.);
#9367=FACE_BOUND('',#8271,.T.);
#9368=FACE_BOUND('',#8272,.T.);
#9369=FACE_BOUND('',#8273,.T.);
#9370=FACE_BOUND('',#8274,.T.);
#9371=FACE_BOUND('',#8275,.T.);
#9372=FACE_BOUND('',#8276,.T.);
#9373=FACE_BOUND('',#8277,.T.);
#9374=FACE_BOUND('',#8278,.T.);
#9375=FACE_BOUND('',#8279,.T.);
#9376=FACE_BOUND('',#8280,.T.);
#9377=FACE_BOUND('',#8281,.T.);
#9378=FACE_BOUND('',#8282,.T.);
#9379=FACE_BOUND('',#8283,.T.);
#9380=FACE_BOUND('',#8284,.T.);
#9381=FACE_BOUND('',#8285,.T.);
#9382=FACE_BOUND('',#8286,.T.);
#9383=FACE_BOUND('',#8287,.T.);
#9384=FACE_BOUND('',#8288,.T.);
#9385=FACE_BOUND('',#8289,.T.);
#9386=FACE_BOUND('',#8290,.T.);
#9387=FACE_BOUND('',#8291,.T.);
#9388=PLANE('',#11258);
#9389=PLANE('',#11259);
#9390=PLANE('',#11260);
#9391=PLANE('',#11261);
#9392=PLANE('',#11262);
#9393=PLANE('',#11264);
#9394=PLANE('',#11265);
#9395=PLANE('',#11266);
#9396=PLANE('',#11267);
#9397=PLANE('',#11268);
#9398=PLANE('',#11271);
#9399=PLANE('',#11272);
#9400=PLANE('',#11273);
#9401=PLANE('',#11274);
#9402=PLANE('',#11275);
#9403=PLANE('',#11276);
#9404=PLANE('',#11277);
#9405=PLANE('',#11278);
#9406=PLANE('',#11279);
#9407=PLANE('',#11280);
#9408=PLANE('',#11281);
#9409=PLANE('',#11282);
#9410=PLANE('',#11283);
#9411=PLANE('',#11284);
#9412=PLANE('',#11285);
#9413=PLANE('',#11287);
#9414=PLANE('',#11288);
#9415=PLANE('',#11289);
#9416=PLANE('',#11290);
#9417=PLANE('',#11291);
#9418=PLANE('',#11292);
#9419=PLANE('',#11293);
#9420=PLANE('',#11294);
#9421=PLANE('',#11295);
#9422=PLANE('',#11296);
#9423=PLANE('',#11297);
#9424=PLANE('',#11298);
#9425=PLANE('',#11299);
#9426=PLANE('',#11300);
#9427=PLANE('',#11301);
#9428=PLANE('',#11302);
#9429=PLANE('',#11303);
#9430=PLANE('',#11304);
#9431=PLANE('',#11305);
#9432=PLANE('',#11306);
#9433=PLANE('',#11307);
#9434=PLANE('',#11308);
#9435=PLANE('',#11309);
#9436=PLANE('',#11310);
#9437=PLANE('',#11311);
#9438=PLANE('',#11312);
#9439=PLANE('',#11313);
#9440=PLANE('',#11315);
#9441=PLANE('',#11317);
#9442=PLANE('',#11319);
#9443=PLANE('',#11320);
#9444=PLANE('',#11321);
#9445=PLANE('',#11322);
#9446=PLANE('',#11323);
#9447=PLANE('',#11326);
#9448=PLANE('',#11327);
#9449=PLANE('',#11331);
#9450=PLANE('',#11337);
#9451=PLANE('',#11343);
#9452=PLANE('',#11344);
#9453=PLANE('',#11345);
#9454=PLANE('',#11346);
#9455=PLANE('',#11347);
#9456=PLANE('',#11348);
#9457=PLANE('',#11349);
#9458=PLANE('',#11350);
#9459=PLANE('',#11360);
#9460=PLANE('',#11364);
#9461=PLANE('',#11374);
#9462=PLANE('',#11381);
#9463=PLANE('',#11382);
#9464=PLANE('',#11383);
#9465=PLANE('',#11384);
#9466=PLANE('',#11385);
#9467=PLANE('',#11388);
#9468=PLANE('',#11389);
#9469=PLANE('',#11392);
#9470=PLANE('',#11395);
#9471=PLANE('',#11396);
#9472=PLANE('',#11402);
#9473=PLANE('',#11405);
#9474=PLANE('',#11408);
#9475=PLANE('',#11409);
#9476=PLANE('',#11414);
#9477=PLANE('',#11415);
#9478=PLANE('',#11416);
#9479=PLANE('',#11417);
#9480=PLANE('',#11420);
#9481=PLANE('',#11421);
#9482=PLANE('',#11422);
#9483=PLANE('',#11423);
#9484=PLANE('',#11424);
#9485=PLANE('',#11425);
#9486=PLANE('',#11426);
#9487=PLANE('',#11427);
#9488=PLANE('',#11428);
#9489=PLANE('',#11429);
#9490=PLANE('',#11430);
#9491=PLANE('',#11431);
#9492=PLANE('',#11432);
#9493=PLANE('',#11433);
#9494=PLANE('',#11434);
#9495=PLANE('',#11435);
#9496=PLANE('',#11436);
#9497=PLANE('',#11437);
#9498=PLANE('',#11438);
#9499=PLANE('',#11439);
#9500=PLANE('',#11440);
#9501=PLANE('',#11441);
#9502=PLANE('',#11442);
#9503=PLANE('',#11443);
#9504=PLANE('',#11444);
#9505=PLANE('',#11445);
#9506=PLANE('',#11446);
#9507=PLANE('',#11447);
#9508=PLANE('',#11448);
#9509=PLANE('',#11449);
#9510=PLANE('',#11451);
#9511=PLANE('',#11453);
#9512=PLANE('',#11455);
#9513=PLANE('',#11465);
#9514=PLANE('',#11467);
#9515=PLANE('',#11469);
#9516=PLANE('',#11471);
#9517=PLANE('',#11481);
#9518=PLANE('',#11482);
#9519=PLANE('',#11483);
#9520=PLANE('',#11484);
#9521=PLANE('',#11498);
#9522=PLANE('',#11499);
#9523=PLANE('',#11500);
#9524=PLANE('',#11507);
#9525=PLANE('',#11508);
#9526=PLANE('',#11509);
#9527=PLANE('',#11510);
#9528=PLANE('',#11511);
#9529=PLANE('',#11512);
#9530=PLANE('',#11513);
#9531=PLANE('',#11514);
#9532=PLANE('',#11530);
#9533=PLANE('',#11531);
#9534=PLANE('',#11544);
#9535=PLANE('',#11545);
#9536=PLANE('',#11550);
#9537=PLANE('',#11552);
#9538=PLANE('',#11562);
#9539=PLANE('',#11563);
#9540=PLANE('',#11576);
#9541=PLANE('',#11577);
#9542=PLANE('',#11579);
#9543=PLANE('',#11580);
#9544=PLANE('',#11581);
#9545=PLANE('',#11582);
#9546=PLANE('',#11583);
#9547=PLANE('',#11584);
#9548=PLANE('',#11585);
#9549=PLANE('',#11586);
#9550=PLANE('',#11587);
#9551=PLANE('',#11588);
#9552=PLANE('',#11589);
#9553=PLANE('',#11590);
#9554=PLANE('',#11591);
#9555=PLANE('',#11592);
#9556=PLANE('',#11593);
#9557=PLANE('',#11594);
#9558=PLANE('',#11595);
#9559=PLANE('',#11596);
#9560=PLANE('',#11597);
#9561=PLANE('',#11598);
#9562=PLANE('',#11599);
#9563=PLANE('',#11600);
#9564=PLANE('',#11601);
#9565=PLANE('',#11602);
#9566=PLANE('',#11603);
#9567=PLANE('',#11604);
#9568=PLANE('',#11605);
#9569=PLANE('',#11606);
#9570=PLANE('',#11607);
#9571=PLANE('',#11608);
#9572=PLANE('',#11609);
#9573=PLANE('',#11610);
#9574=PLANE('',#11611);
#9575=PLANE('',#11612);
#9576=PLANE('',#11613);
#9577=PLANE('',#11614);
#9578=PLANE('',#11615);
#9579=PLANE('',#11616);
#9580=PLANE('',#11617);
#9581=PLANE('',#11618);
#9582=PLANE('',#11619);
#9583=PLANE('',#11620);
#9584=PLANE('',#11621);
#9585=PLANE('',#11622);
#9586=PLANE('',#11623);
#9587=PLANE('',#11624);
#9588=PLANE('',#11625);
#9589=PLANE('',#11626);
#9590=PLANE('',#11627);
#9591=PLANE('',#11628);
#9592=PLANE('',#11629);
#9593=PLANE('',#11630);
#9594=PLANE('',#11631);
#9595=PLANE('',#11632);
#9596=PLANE('',#11633);
#9597=PLANE('',#11634);
#9598=PLANE('',#11635);
#9599=PLANE('',#11636);
#9600=PLANE('',#11637);
#9601=PLANE('',#11638);
#9602=PLANE('',#11639);
#9603=PLANE('',#11640);
#9604=PLANE('',#11641);
#9605=PLANE('',#11642);
#9606=PLANE('',#11643);
#9607=PLANE('',#11644);
#9608=PLANE('',#11645);
#9609=PLANE('',#11646);
#9610=PLANE('',#11647);
#9611=PLANE('',#11648);
#9612=PLANE('',#11649);
#9613=PLANE('',#11650);
#9614=PLANE('',#11651);
#9615=PLANE('',#11652);
#9616=PLANE('',#11653);
#9617=PLANE('',#11654);
#9618=PLANE('',#11655);
#9619=PLANE('',#11656);
#9620=PLANE('',#11657);
#9621=PLANE('',#11658);
#9622=PLANE('',#11659);
#9623=PLANE('',#11660);
#9624=PLANE('',#11661);
#9625=PLANE('',#11662);
#9626=PLANE('',#11663);
#9627=PLANE('',#11664);
#9628=PLANE('',#11665);
#9629=PLANE('',#11666);
#9630=PLANE('',#11667);
#9631=PLANE('',#11668);
#9632=PLANE('',#11669);
#9633=PLANE('',#11670);
#9634=PLANE('',#11671);
#9635=PLANE('',#11672);
#9636=PLANE('',#11673);
#9637=PLANE('',#11674);
#9638=PLANE('',#11675);
#9639=PLANE('',#11676);
#9640=PLANE('',#11677);
#9641=PLANE('',#11678);
#9642=PLANE('',#11679);
#9643=PLANE('',#11680);
#9644=PLANE('',#11681);
#9645=PLANE('',#11682);
#9646=PLANE('',#11683);
#9647=PLANE('',#11684);
#9648=PLANE('',#11685);
#9649=PLANE('',#11686);
#9650=PLANE('',#11687);
#9651=PLANE('',#11688);
#9652=PLANE('',#11689);
#9653=PLANE('',#11690);
#9654=PLANE('',#11691);
#9655=PLANE('',#11692);
#9656=PLANE('',#11693);
#9657=PLANE('',#11694);
#9658=PLANE('',#11695);
#9659=PLANE('',#11696);
#9660=PLANE('',#11697);
#9661=PLANE('',#11698);
#9662=PLANE('',#11699);
#9663=PLANE('',#11700);
#9664=PLANE('',#11701);
#9665=PLANE('',#11702);
#9666=PLANE('',#11703);
#9667=PLANE('',#11704);
#9668=PLANE('',#11705);
#9669=PLANE('',#11706);
#9670=PLANE('',#11707);
#9671=PLANE('',#11708);
#9672=PLANE('',#11709);
#9673=PLANE('',#11710);
#9674=PLANE('',#11711);
#9675=PLANE('',#11712);
#9676=PLANE('',#11713);
#9677=PLANE('',#11714);
#9678=PLANE('',#11715);
#9679=PLANE('',#11716);
#9680=PLANE('',#11717);
#9681=PLANE('',#11718);
#9682=PLANE('',#11719);
#9683=PLANE('',#11720);
#9684=PLANE('',#11721);
#9685=PLANE('',#11722);
#9686=PLANE('',#11723);
#9687=PLANE('',#11724);
#9688=PLANE('',#11725);
#9689=PLANE('',#11726);
#9690=PLANE('',#11727);
#9691=PLANE('',#11728);
#9692=PLANE('',#11729);
#9693=PLANE('',#11730);
#9694=PLANE('',#11731);
#9695=PLANE('',#11732);
#9696=PLANE('',#11733);
#9697=PLANE('',#11734);
#9698=PLANE('',#11735);
#9699=PLANE('',#11736);
#9700=PLANE('',#11737);
#9701=PLANE('',#11738);
#9702=PLANE('',#11739);
#9703=PLANE('',#11740);
#9704=PLANE('',#11741);
#9705=PLANE('',#11742);
#9706=PLANE('',#11743);
#9707=PLANE('',#11744);
#9708=PLANE('',#11745);
#9709=PLANE('',#11746);
#9710=PLANE('',#11747);
#9711=PLANE('',#11748);
#9712=PLANE('',#11749);
#9713=PLANE('',#11750);
#9714=PLANE('',#11751);
#9715=PLANE('',#11752);
#9716=PLANE('',#11753);
#9717=PLANE('',#11754);
#9718=PLANE('',#11755);
#9719=PLANE('',#11756);
#9720=PLANE('',#11757);
#9721=PLANE('',#11758);
#9722=PLANE('',#11759);
#9723=PLANE('',#11760);
#9724=PLANE('',#11761);
#9725=PLANE('',#11762);
#9726=PLANE('',#11763);
#9727=PLANE('',#11764);
#9728=PLANE('',#11765);
#9729=PLANE('',#11766);
#9730=PLANE('',#11767);
#9731=PLANE('',#11768);
#9732=PLANE('',#11769);
#9733=PLANE('',#11770);
#9734=PLANE('',#11771);
#9735=PLANE('',#11772);
#9736=PLANE('',#11773);
#9737=PLANE('',#11774);
#9738=PLANE('',#11787);
#9739=PLANE('',#11788);
#9740=PLANE('',#11793);
#9741=PLANE('',#11795);
#9742=PLANE('',#11805);
#9743=PLANE('',#11806);
#9744=PLANE('',#11815);
#9745=PLANE('',#11818);
#9746=PLANE('',#11830);
#9747=PLANE('',#11831);
#9748=PLANE('',#11832);
#9749=PLANE('',#11845);
#9750=PLANE('',#11846);
#9751=PLANE('',#11851);
#9752=PLANE('',#11853);
#9753=PLANE('',#11863);
#9754=PLANE('',#11864);
#9755=PLANE('',#11869);
#9756=PLANE('',#11871);
#9757=PLANE('',#11881);
#9758=PLANE('',#11882);
#9759=PLANE('',#11887);
#9760=PLANE('',#11889);
#9761=PLANE('',#11899);
#9762=PLANE('',#11900);
#9763=PLANE('',#11905);
#9764=PLANE('',#11907);
#9765=PLANE('',#11917);
#9766=PLANE('',#11918);
#9767=PLANE('',#11923);
#9768=PLANE('',#11925);
#9769=PLANE('',#11935);
#9770=PLANE('',#11936);
#9771=PLANE('',#11949);
#9772=PLANE('',#11950);
#9773=PLANE('',#11963);
#9774=PLANE('',#11964);
#9775=PLANE('',#11969);
#9776=PLANE('',#11971);
#9777=PLANE('',#11981);
#9778=PLANE('',#11982);
#9779=PLANE('',#11995);
#9780=PLANE('',#11996);
#9781=PLANE('',#12001);
#9782=PLANE('',#12002);
#9783=PLANE('',#12003);
#9784=PLANE('',#12098);
#9785=PLANE('',#12195);
#9786=PLANE('',#12196);
#9787=PLANE('',#12301);
#9788=PLANE('',#12302);
#9789=PLANE('',#12307);
#9790=PLANE('',#12309);
#9791=PLANE('',#12319);
#9792=PLANE('',#12320);
#9793=ADVANCED_FACE('',(#8292),#9388,.F.);
#9794=ADVANCED_FACE('',(#8293),#9389,.F.);
#9795=ADVANCED_FACE('',(#8294,#8295),#9390,.T.);
#9796=ADVANCED_FACE('',(#8296),#9391,.T.);
#9797=ADVANCED_FACE('',(#8297,#8298),#9392,.F.);
#9798=ADVANCED_FACE('',(#8299),#9393,.T.);
#9799=ADVANCED_FACE('',(#8300),#9394,.F.);
#9800=ADVANCED_FACE('',(#8301),#9395,.F.);
#9801=ADVANCED_FACE('',(#8302),#9396,.T.);
#9802=ADVANCED_FACE('',(#8303),#9397,.T.);
#9803=ADVANCED_FACE('',(#8304,#8305),#399,.T.);
#9804=ADVANCED_FACE('',(#8306,#8307),#9398,.T.);
#9805=ADVANCED_FACE('',(#8308),#9399,.F.);
#9806=ADVANCED_FACE('',(#8309),#9400,.F.);
#9807=ADVANCED_FACE('',(#8310),#9401,.F.);
#9808=ADVANCED_FACE('',(#8311),#9402,.F.);
#9809=ADVANCED_FACE('',(#8312),#9403,.F.);
#9810=ADVANCED_FACE('',(#8313),#9404,.T.);
#9811=ADVANCED_FACE('',(#8314),#9405,.F.);
#9812=ADVANCED_FACE('',(#8315),#9406,.T.);
#9813=ADVANCED_FACE('',(#8316),#9407,.T.);
#9814=ADVANCED_FACE('',(#8317),#9408,.T.);
#9815=ADVANCED_FACE('',(#8318),#9409,.T.);
#9816=ADVANCED_FACE('',(#8319),#9410,.F.);
#9817=ADVANCED_FACE('',(#8320),#9411,.T.);
#9818=ADVANCED_FACE('',(#8321),#9412,.T.);
#9819=ADVANCED_FACE('',(#8322),#9413,.T.);
#9820=ADVANCED_FACE('',(#8323),#9414,.T.);
#9821=ADVANCED_FACE('',(#8324),#9415,.T.);
#9822=ADVANCED_FACE('',(#8325),#9416,.T.);
#9823=ADVANCED_FACE('',(#8326),#9417,.T.);
#9824=ADVANCED_FACE('',(#8327),#9418,.T.);
#9825=ADVANCED_FACE('',(#8328),#9419,.T.);
#9826=ADVANCED_FACE('',(#8329),#9420,.T.);
#9827=ADVANCED_FACE('',(#8330),#9421,.T.);
#9828=ADVANCED_FACE('',(#8331),#9422,.T.);
#9829=ADVANCED_FACE('',(#8332),#9423,.T.);
#9830=ADVANCED_FACE('',(#8333),#9424,.T.);
#9831=ADVANCED_FACE('',(#8334),#9425,.T.);
#9832=ADVANCED_FACE('',(#8335),#9426,.T.);
#9833=ADVANCED_FACE('',(#8336,#8337),#9427,.F.);
#9834=ADVANCED_FACE('',(#8338,#8339,#8340),#9428,.T.);
#9835=ADVANCED_FACE('',(#8341),#9429,.T.);
#9836=ADVANCED_FACE('',(#8342),#9430,.T.);
#9837=ADVANCED_FACE('',(#8343),#9431,.T.);
#9838=ADVANCED_FACE('',(#8344),#9432,.T.);
#9839=ADVANCED_FACE('',(#8345),#9433,.T.);
#9840=ADVANCED_FACE('',(#8346),#9434,.F.);
#9841=ADVANCED_FACE('',(#8347),#9435,.T.);
#9842=ADVANCED_FACE('',(#8348),#9436,.T.);
#9843=ADVANCED_FACE('',(#8349),#9437,.T.);
#9844=ADVANCED_FACE('',(#8350),#9438,.T.);
#9845=ADVANCED_FACE('',(#8351),#9439,.F.);
#9846=ADVANCED_FACE('',(#8352),#9440,.T.);
#9847=ADVANCED_FACE('',(#8353),#400,.T.);
#9848=ADVANCED_FACE('',(#8354),#9441,.T.);
#9849=ADVANCED_FACE('',(#8355),#401,.T.);
#9850=ADVANCED_FACE('',(#8356,#8357),#9442,.T.);
#9851=ADVANCED_FACE('',(#8358),#9443,.T.);
#9852=ADVANCED_FACE('',(#8359),#9444,.T.);
#9853=ADVANCED_FACE('',(#8360),#9445,.F.);
#9854=ADVANCED_FACE('',(#8361),#9446,.T.);
#9855=ADVANCED_FACE('',(#8362),#402,.T.);
#9856=ADVANCED_FACE('',(#8363),#403,.T.);
#9857=ADVANCED_FACE('',(#8364),#9447,.T.);
#9858=ADVANCED_FACE('',(#8365),#9448,.F.);
#9859=ADVANCED_FACE('',(#8366,#8367,#8368,#8369,#8370,#8371),#9449,.T.);
#9860=ADVANCED_FACE('',(#8372,#8373,#8374,#8375,#8376,#8377),#9450,.F.);
#9861=ADVANCED_FACE('',(#8378),#9451,.F.);
#9862=ADVANCED_FACE('',(#8379),#9452,.F.);
#9863=ADVANCED_FACE('',(#8380),#9453,.T.);
#9864=ADVANCED_FACE('',(#8381),#9454,.F.);
#9865=ADVANCED_FACE('',(#8382),#9455,.F.);
#9866=ADVANCED_FACE('',(#8383),#9456,.T.);
#9867=ADVANCED_FACE('',(#8384),#9457,.F.);
#9868=ADVANCED_FACE('',(#8385),#9458,.F.);
#9869=ADVANCED_FACE('',(#8386,#8387),#404,.F.);
#9870=ADVANCED_FACE('',(#8388),#405,.F.);
#9871=ADVANCED_FACE('',(#8389,#8390),#406,.F.);
#9872=ADVANCED_FACE('',(#8391,#8392),#407,.F.);
#9873=ADVANCED_FACE('',(#8393,#8394),#408,.F.);
#9874=ADVANCED_FACE('',(#8395),#409,.T.);
#9875=ADVANCED_FACE('',(#8396,#8397,#8398,#8399,#8400,#8401),#9459,.T.);
#9876=ADVANCED_FACE('',(#8402),#9460,.T.);
#9877=ADVANCED_FACE('',(#8403),#410,.T.);
#9878=ADVANCED_FACE('',(#8404),#411,.T.);
#9879=ADVANCED_FACE('',(#8405),#412,.T.);
#9880=ADVANCED_FACE('',(#8406),#9461,.T.);
#9881=ADVANCED_FACE('',(#8407),#413,.F.);
#9882=ADVANCED_FACE('',(#8408),#414,.F.);
#9883=ADVANCED_FACE('',(#8409),#415,.T.);
#9884=ADVANCED_FACE('',(#8410),#9462,.F.);
#9885=ADVANCED_FACE('',(#8411),#9463,.T.);
#9886=ADVANCED_FACE('',(#8412),#9464,.F.);
#9887=ADVANCED_FACE('',(#8413),#9465,.T.);
#9888=ADVANCED_FACE('',(#8414),#9466,.T.);
#9889=ADVANCED_FACE('',(#8415),#9467,.T.);
#9890=ADVANCED_FACE('',(#8416,#8417,#8418,#8419,#8420,#8421,#8422),#9468,
 .F.);
#9891=ADVANCED_FACE('',(#8423),#9469,.F.);
#9892=ADVANCED_FACE('',(#8424),#416,.T.);
#9893=ADVANCED_FACE('',(#8425),#9470,.T.);
#9894=ADVANCED_FACE('',(#8426),#9471,.F.);
#9895=ADVANCED_FACE('',(#8427),#417,.T.);
#9896=ADVANCED_FACE('',(#8428),#418,.T.);
#9897=ADVANCED_FACE('',(#8429),#9472,.T.);
#9898=ADVANCED_FACE('',(#8430),#419,.T.);
#9899=ADVANCED_FACE('',(#8431,#8432),#9473,.T.);
#9900=ADVANCED_FACE('',(#8433),#420,.T.);
#9901=ADVANCED_FACE('',(#8434,#8435),#9474,.F.);
#9902=ADVANCED_FACE('',(#8436,#8437,#8438,#8439,#8440),#9475,.F.);
#9903=ADVANCED_FACE('',(#8441),#421,.T.);
#9904=ADVANCED_FACE('',(#8442),#422,.T.);
#9905=ADVANCED_FACE('',(#8443),#9476,.F.);
#9906=ADVANCED_FACE('',(#8444),#9477,.T.);
#9907=ADVANCED_FACE('',(#8445),#9478,.F.);
#9908=ADVANCED_FACE('',(#8446),#9479,.F.);
#9909=ADVANCED_FACE('',(#8447),#136,.T.);
#9910=ADVANCED_FACE('',(#8448),#137,.T.);
#9911=ADVANCED_FACE('',(#8449),#9480,.F.);
#9912=ADVANCED_FACE('',(#8450),#9481,.T.);
#9913=ADVANCED_FACE('',(#8451),#9482,.T.);
#9914=ADVANCED_FACE('',(#8452),#9483,.F.);
#9915=ADVANCED_FACE('',(#8453),#9484,.T.);
#9916=ADVANCED_FACE('',(#8454),#9485,.F.);
#9917=ADVANCED_FACE('',(#8455),#9486,.F.);
#9918=ADVANCED_FACE('',(#8456),#9487,.T.);
#9919=ADVANCED_FACE('',(#8457),#9488,.T.);
#9920=ADVANCED_FACE('',(#8458),#9489,.T.);
#9921=ADVANCED_FACE('',(#8459),#9490,.T.);
#9922=ADVANCED_FACE('',(#8460),#9491,.T.);
#9923=ADVANCED_FACE('',(#8461),#9492,.T.);
#9924=ADVANCED_FACE('',(#8462),#9493,.T.);
#9925=ADVANCED_FACE('',(#8463),#9494,.T.);
#9926=ADVANCED_FACE('',(#8464),#9495,.T.);
#9927=ADVANCED_FACE('',(#8465),#9496,.T.);
#9928=ADVANCED_FACE('',(#8466),#9497,.T.);
#9929=ADVANCED_FACE('',(#8467),#9498,.T.);
#9930=ADVANCED_FACE('',(#8468),#9499,.T.);
#9931=ADVANCED_FACE('',(#8469),#9500,.T.);
#9932=ADVANCED_FACE('',(#8470),#9501,.T.);
#9933=ADVANCED_FACE('',(#8471),#9502,.T.);
#9934=ADVANCED_FACE('',(#8472),#9503,.T.);
#9935=ADVANCED_FACE('',(#8473),#9504,.F.);
#9936=ADVANCED_FACE('',(#8474),#9505,.F.);
#9937=ADVANCED_FACE('',(#8475),#9506,.F.);
#9938=ADVANCED_FACE('',(#8476),#9507,.F.);
#9939=ADVANCED_FACE('',(#8477),#9508,.F.);
#9940=ADVANCED_FACE('',(#8478,#8479),#9509,.F.);
#9941=ADVANCED_FACE('',(#8480,#8481),#9510,.F.);
#9942=ADVANCED_FACE('',(#8482,#8483),#9511,.F.);
#9943=ADVANCED_FACE('',(#8484,#8485),#9512,.F.);
#9944=ADVANCED_FACE('',(#8486),#423,.F.);
#9945=ADVANCED_FACE('',(#8487),#424,.F.);
#9946=ADVANCED_FACE('',(#8488),#425,.F.);
#9947=ADVANCED_FACE('',(#8489),#426,.F.);
#9948=ADVANCED_FACE('',(#8490,#8491),#9513,.F.);
#9949=ADVANCED_FACE('',(#8492,#8493),#9514,.F.);
#9950=ADVANCED_FACE('',(#8494,#8495),#9515,.F.);
#9951=ADVANCED_FACE('',(#8496,#8497),#9516,.F.);
#9952=ADVANCED_FACE('',(#8498),#427,.F.);
#9953=ADVANCED_FACE('',(#8499),#428,.F.);
#9954=ADVANCED_FACE('',(#8500),#429,.F.);
#9955=ADVANCED_FACE('',(#8501),#430,.F.);
#9956=ADVANCED_FACE('',(#8502),#9517,.F.);
#9957=ADVANCED_FACE('',(#8503),#9518,.F.);
#9958=ADVANCED_FACE('',(#8504),#9519,.F.);
#9959=ADVANCED_FACE('',(#8505),#9520,.F.);
#9960=ADVANCED_FACE('',(#8506),#9521,.T.);
#9961=ADVANCED_FACE('',(#8507),#9522,.F.);
#9962=ADVANCED_FACE('',(#8508),#9523,.F.);
#9963=ADVANCED_FACE('',(#8509,#8510),#431,.F.);
#9964=ADVANCED_FACE('',(#8511,#8512),#432,.F.);
#9965=ADVANCED_FACE('',(#8513),#9524,.T.);
#9966=ADVANCED_FACE('',(#8514,#8515,#8516,#8517),#9525,.T.);
#9967=ADVANCED_FACE('',(#8518,#8519,#8520),#9526,.F.);
#9968=ADVANCED_FACE('',(#8521),#9527,.T.);
#9969=ADVANCED_FACE('',(#8522),#9528,.F.);
#9970=ADVANCED_FACE('',(#8523),#9529,.F.);
#9971=ADVANCED_FACE('',(#8524),#9530,.T.);
#9972=ADVANCED_FACE('',(#8525),#9531,.T.);
#9973=ADVANCED_FACE('',(#8526,#8527),#433,.T.);
#9974=ADVANCED_FACE('',(#8528,#8529),#96,.T.);
#9975=ADVANCED_FACE('',(#8530,#8531),#434,.T.);
#9976=ADVANCED_FACE('',(#8532,#8533),#97,.T.);
#9977=ADVANCED_FACE('',(#8534,#8535),#435,.T.);
#9978=ADVANCED_FACE('',(#8536),#9532,.T.);
#9979=ADVANCED_FACE('',(#8537),#9533,.F.);
#9980=ADVANCED_FACE('',(#8538,#8539),#436,.T.);
#9981=ADVANCED_FACE('',(#8540,#8541),#98,.T.);
#9982=ADVANCED_FACE('',(#8542,#8543),#437,.T.);
#9983=ADVANCED_FACE('',(#8544,#8545),#99,.T.);
#9984=ADVANCED_FACE('',(#8546,#8547),#438,.T.);
#9985=ADVANCED_FACE('',(#8548),#9534,.T.);
#9986=ADVANCED_FACE('',(#8549),#9535,.F.);
#9987=ADVANCED_FACE('',(#8550,#8551),#439,.T.);
#9988=ADVANCED_FACE('',(#8552,#8553),#9536,.F.);
#9989=ADVANCED_FACE('',(#8554,#8555),#9537,.T.);
#9990=ADVANCED_FACE('',(#8556,#8557),#440,.T.);
#9991=ADVANCED_FACE('',(#8558,#8559),#441,.T.);
#9992=ADVANCED_FACE('',(#8560,#8561),#100,.T.);
#9993=ADVANCED_FACE('',(#8562,#8563),#101,.T.);
#9994=ADVANCED_FACE('',(#8564),#9538,.F.);
#9995=ADVANCED_FACE('',(#8565),#9539,.T.);
#9996=ADVANCED_FACE('',(#8566,#8567),#442,.T.);
#9997=ADVANCED_FACE('',(#8568,#8569),#102,.T.);
#9998=ADVANCED_FACE('',(#8570,#8571),#443,.T.);
#9999=ADVANCED_FACE('',(#8572,#8573),#103,.T.);
#10000=ADVANCED_FACE('',(#8574,#8575),#444,.T.);
#10001=ADVANCED_FACE('',(#8576),#9540,.T.);
#10002=ADVANCED_FACE('',(#8577),#9541,.F.);
#10003=ADVANCED_FACE('',(#8578),#9542,.F.);
#10004=ADVANCED_FACE('',(#8579),#9543,.F.);
#10005=ADVANCED_FACE('',(#8580),#9544,.F.);
#10006=ADVANCED_FACE('',(#8581,#8582,#8583,#8584,#8585,#8586,#8587,#8588,
#8589),#9545,.F.);
#10007=ADVANCED_FACE('',(#8590,#8591,#8592,#8593,#8594,#8595,#8596,#8597,
#8598),#9546,.T.);
#10008=ADVANCED_FACE('',(#8599),#9547,.F.);
#10009=ADVANCED_FACE('',(#8600),#9548,.F.);
#10010=ADVANCED_FACE('',(#8601),#9549,.F.);
#10011=ADVANCED_FACE('',(#8602),#9550,.F.);
#10012=ADVANCED_FACE('',(#8603),#9551,.F.);
#10013=ADVANCED_FACE('',(#8604),#9552,.F.);
#10014=ADVANCED_FACE('',(#8605),#9553,.F.);
#10015=ADVANCED_FACE('',(#8606),#9554,.F.);
#10016=ADVANCED_FACE('',(#8607),#9555,.F.);
#10017=ADVANCED_FACE('',(#8608),#9556,.F.);
#10018=ADVANCED_FACE('',(#8609),#9557,.F.);
#10019=ADVANCED_FACE('',(#8610),#9558,.F.);
#10020=ADVANCED_FACE('',(#8611),#9559,.F.);
#10021=ADVANCED_FACE('',(#8612),#9560,.F.);
#10022=ADVANCED_FACE('',(#8613),#9561,.F.);
#10023=ADVANCED_FACE('',(#8614),#9562,.F.);
#10024=ADVANCED_FACE('',(#8615),#9563,.F.);
#10025=ADVANCED_FACE('',(#8616),#9564,.F.);
#10026=ADVANCED_FACE('',(#8617),#9565,.F.);
#10027=ADVANCED_FACE('',(#8618),#9566,.F.);
#10028=ADVANCED_FACE('',(#8619),#9567,.F.);
#10029=ADVANCED_FACE('',(#8620),#9568,.F.);
#10030=ADVANCED_FACE('',(#8621),#9569,.F.);
#10031=ADVANCED_FACE('',(#8622),#9570,.F.);
#10032=ADVANCED_FACE('',(#8623),#9571,.F.);
#10033=ADVANCED_FACE('',(#8624),#9572,.F.);
#10034=ADVANCED_FACE('',(#8625),#9573,.F.);
#10035=ADVANCED_FACE('',(#8626),#9574,.F.);
#10036=ADVANCED_FACE('',(#8627),#9575,.F.);
#10037=ADVANCED_FACE('',(#8628),#9576,.F.);
#10038=ADVANCED_FACE('',(#8629),#9577,.F.);
#10039=ADVANCED_FACE('',(#8630),#9578,.F.);
#10040=ADVANCED_FACE('',(#8631),#9579,.F.);
#10041=ADVANCED_FACE('',(#8632),#9580,.F.);
#10042=ADVANCED_FACE('',(#8633),#9581,.F.);
#10043=ADVANCED_FACE('',(#8634),#9582,.F.);
#10044=ADVANCED_FACE('',(#8635),#9583,.F.);
#10045=ADVANCED_FACE('',(#8636),#9584,.F.);
#10046=ADVANCED_FACE('',(#8637),#9585,.F.);
#10047=ADVANCED_FACE('',(#8638),#9586,.F.);
#10048=ADVANCED_FACE('',(#8639),#9587,.F.);
#10049=ADVANCED_FACE('',(#8640),#9588,.F.);
#10050=ADVANCED_FACE('',(#8641),#9589,.F.);
#10051=ADVANCED_FACE('',(#8642),#9590,.F.);
#10052=ADVANCED_FACE('',(#8643),#9591,.F.);
#10053=ADVANCED_FACE('',(#8644),#9592,.F.);
#10054=ADVANCED_FACE('',(#8645),#9593,.F.);
#10055=ADVANCED_FACE('',(#8646),#9594,.F.);
#10056=ADVANCED_FACE('',(#8647),#9595,.T.);
#10057=ADVANCED_FACE('',(#8648),#9596,.T.);
#10058=ADVANCED_FACE('',(#8649),#9597,.F.);
#10059=ADVANCED_FACE('',(#8650),#9598,.T.);
#10060=ADVANCED_FACE('',(#8651),#9599,.F.);
#10061=ADVANCED_FACE('',(#8652),#9600,.F.);
#10062=ADVANCED_FACE('',(#8653),#9601,.T.);
#10063=ADVANCED_FACE('',(#8654),#9602,.T.);
#10064=ADVANCED_FACE('',(#8655),#9603,.T.);
#10065=ADVANCED_FACE('',(#8656),#9604,.F.);
#10066=ADVANCED_FACE('',(#8657),#9605,.F.);
#10067=ADVANCED_FACE('',(#8658),#9606,.T.);
#10068=ADVANCED_FACE('',(#8659),#9607,.F.);
#10069=ADVANCED_FACE('',(#8660),#9608,.F.);
#10070=ADVANCED_FACE('',(#8661),#9609,.T.);
#10071=ADVANCED_FACE('',(#8662),#9610,.T.);
#10072=ADVANCED_FACE('',(#8663),#9611,.T.);
#10073=ADVANCED_FACE('',(#8664),#9612,.F.);
#10074=ADVANCED_FACE('',(#8665),#9613,.F.);
#10075=ADVANCED_FACE('',(#8666),#9614,.T.);
#10076=ADVANCED_FACE('',(#8667),#9615,.F.);
#10077=ADVANCED_FACE('',(#8668),#9616,.F.);
#10078=ADVANCED_FACE('',(#8669),#9617,.T.);
#10079=ADVANCED_FACE('',(#8670),#9618,.F.);
#10080=ADVANCED_FACE('',(#8671),#9619,.T.);
#10081=ADVANCED_FACE('',(#8672),#9620,.T.);
#10082=ADVANCED_FACE('',(#8673),#9621,.F.);
#10083=ADVANCED_FACE('',(#8674),#9622,.T.);
#10084=ADVANCED_FACE('',(#8675),#9623,.T.);
#10085=ADVANCED_FACE('',(#8676),#9624,.F.);
#10086=ADVANCED_FACE('',(#8677),#9625,.F.);
#10087=ADVANCED_FACE('',(#8678),#9626,.F.);
#10088=ADVANCED_FACE('',(#8679),#9627,.T.);
#10089=ADVANCED_FACE('',(#8680),#9628,.T.);
#10090=ADVANCED_FACE('',(#8681),#9629,.F.);
#10091=ADVANCED_FACE('',(#8682),#9630,.T.);
#10092=ADVANCED_FACE('',(#8683),#9631,.F.);
#10093=ADVANCED_FACE('',(#8684),#9632,.F.);
#10094=ADVANCED_FACE('',(#8685),#9633,.T.);
#10095=ADVANCED_FACE('',(#8686),#9634,.T.);
#10096=ADVANCED_FACE('',(#8687),#9635,.T.);
#10097=ADVANCED_FACE('',(#8688),#9636,.F.);
#10098=ADVANCED_FACE('',(#8689),#9637,.F.);
#10099=ADVANCED_FACE('',(#8690),#9638,.T.);
#10100=ADVANCED_FACE('',(#8691),#9639,.F.);
#10101=ADVANCED_FACE('',(#8692),#9640,.F.);
#10102=ADVANCED_FACE('',(#8693),#9641,.T.);
#10103=ADVANCED_FACE('',(#8694),#9642,.T.);
#10104=ADVANCED_FACE('',(#8695),#9643,.T.);
#10105=ADVANCED_FACE('',(#8696),#9644,.F.);
#10106=ADVANCED_FACE('',(#8697),#9645,.F.);
#10107=ADVANCED_FACE('',(#8698),#9646,.T.);
#10108=ADVANCED_FACE('',(#8699),#9647,.F.);
#10109=ADVANCED_FACE('',(#8700),#9648,.F.);
#10110=ADVANCED_FACE('',(#8701),#9649,.T.);
#10111=ADVANCED_FACE('',(#8702),#9650,.F.);
#10112=ADVANCED_FACE('',(#8703),#9651,.T.);
#10113=ADVANCED_FACE('',(#8704),#9652,.T.);
#10114=ADVANCED_FACE('',(#8705),#9653,.F.);
#10115=ADVANCED_FACE('',(#8706),#9654,.T.);
#10116=ADVANCED_FACE('',(#8707),#9655,.T.);
#10117=ADVANCED_FACE('',(#8708),#9656,.F.);
#10118=ADVANCED_FACE('',(#8709),#9657,.F.);
#10119=ADVANCED_FACE('',(#8710),#9658,.T.);
#10120=ADVANCED_FACE('',(#8711),#9659,.F.);
#10121=ADVANCED_FACE('',(#8712),#9660,.F.);
#10122=ADVANCED_FACE('',(#8713),#9661,.T.);
#10123=ADVANCED_FACE('',(#8714),#9662,.F.);
#10124=ADVANCED_FACE('',(#8715),#9663,.T.);
#10125=ADVANCED_FACE('',(#8716),#9664,.T.);
#10126=ADVANCED_FACE('',(#8717),#9665,.F.);
#10127=ADVANCED_FACE('',(#8718),#9666,.F.);
#10128=ADVANCED_FACE('',(#8719),#9667,.F.);
#10129=ADVANCED_FACE('',(#8720),#9668,.T.);
#10130=ADVANCED_FACE('',(#8721),#9669,.T.);
#10131=ADVANCED_FACE('',(#8722),#9670,.F.);
#10132=ADVANCED_FACE('',(#8723),#9671,.T.);
#10133=ADVANCED_FACE('',(#8724),#9672,.T.);
#10134=ADVANCED_FACE('',(#8725),#9673,.F.);
#10135=ADVANCED_FACE('',(#8726),#9674,.F.);
#10136=ADVANCED_FACE('',(#8727),#9675,.F.);
#10137=ADVANCED_FACE('',(#8728),#9676,.T.);
#10138=ADVANCED_FACE('',(#8729),#9677,.T.);
#10139=ADVANCED_FACE('',(#8730),#9678,.F.);
#10140=ADVANCED_FACE('',(#8731),#9679,.T.);
#10141=ADVANCED_FACE('',(#8732),#9680,.T.);
#10142=ADVANCED_FACE('',(#8733),#9681,.F.);
#10143=ADVANCED_FACE('',(#8734),#9682,.T.);
#10144=ADVANCED_FACE('',(#8735),#9683,.F.);
#10145=ADVANCED_FACE('',(#8736),#9684,.F.);
#10146=ADVANCED_FACE('',(#8737),#9685,.T.);
#10147=ADVANCED_FACE('',(#8738),#9686,.F.);
#10148=ADVANCED_FACE('',(#8739),#9687,.F.);
#10149=ADVANCED_FACE('',(#8740),#9688,.T.);
#10150=ADVANCED_FACE('',(#8741),#9689,.T.);
#10151=ADVANCED_FACE('',(#8742),#9690,.F.);
#10152=ADVANCED_FACE('',(#8743),#9691,.T.);
#10153=ADVANCED_FACE('',(#8744),#9692,.T.);
#10154=ADVANCED_FACE('',(#8745),#9693,.F.);
#10155=ADVANCED_FACE('',(#8746),#9694,.T.);
#10156=ADVANCED_FACE('',(#8747),#9695,.F.);
#10157=ADVANCED_FACE('',(#8748),#9696,.F.);
#10158=ADVANCED_FACE('',(#8749),#9697,.T.);
#10159=ADVANCED_FACE('',(#8750),#9698,.T.);
#10160=ADVANCED_FACE('',(#8751),#9699,.T.);
#10161=ADVANCED_FACE('',(#8752),#9700,.F.);
#10162=ADVANCED_FACE('',(#8753),#9701,.F.);
#10163=ADVANCED_FACE('',(#8754),#9702,.T.);
#10164=ADVANCED_FACE('',(#8755),#9703,.F.);
#10165=ADVANCED_FACE('',(#8756),#9704,.F.);
#10166=ADVANCED_FACE('',(#8757),#9705,.T.);
#10167=ADVANCED_FACE('',(#8758),#9706,.T.);
#10168=ADVANCED_FACE('',(#8759),#9707,.T.);
#10169=ADVANCED_FACE('',(#8760),#9708,.F.);
#10170=ADVANCED_FACE('',(#8761),#9709,.F.);
#10171=ADVANCED_FACE('',(#8762),#9710,.T.);
#10172=ADVANCED_FACE('',(#8763),#9711,.F.);
#10173=ADVANCED_FACE('',(#8764),#9712,.F.);
#10174=ADVANCED_FACE('',(#8765),#9713,.T.);
#10175=ADVANCED_FACE('',(#8766),#9714,.F.);
#10176=ADVANCED_FACE('',(#8767),#9715,.T.);
#10177=ADVANCED_FACE('',(#8768),#9716,.T.);
#10178=ADVANCED_FACE('',(#8769),#9717,.F.);
#10179=ADVANCED_FACE('',(#8770),#9718,.T.);
#10180=ADVANCED_FACE('',(#8771),#9719,.T.);
#10181=ADVANCED_FACE('',(#8772),#9720,.F.);
#10182=ADVANCED_FACE('',(#8773),#9721,.F.);
#10183=ADVANCED_FACE('',(#8774),#9722,.F.);
#10184=ADVANCED_FACE('',(#8775),#9723,.F.);
#10185=ADVANCED_FACE('',(#8776),#9724,.F.);
#10186=ADVANCED_FACE('',(#8777),#9725,.F.);
#10187=ADVANCED_FACE('',(#8778),#9726,.F.);
#10188=ADVANCED_FACE('',(#8779),#9727,.F.);
#10189=ADVANCED_FACE('',(#8780),#9728,.F.);
#10190=ADVANCED_FACE('',(#8781),#9729,.F.);
#10191=ADVANCED_FACE('',(#8782),#9730,.T.);
#10192=ADVANCED_FACE('',(#8783),#9731,.T.);
#10193=ADVANCED_FACE('',(#8784),#9732,.T.);
#10194=ADVANCED_FACE('',(#8785),#9733,.T.);
#10195=ADVANCED_FACE('',(#8786),#9734,.T.);
#10196=ADVANCED_FACE('',(#8787),#9735,.T.);
#10197=ADVANCED_FACE('',(#8788),#9736,.T.);
#10198=ADVANCED_FACE('',(#8789),#9737,.T.);
#10199=ADVANCED_FACE('',(#8790,#8791),#445,.T.);
#10200=ADVANCED_FACE('',(#8792,#8793),#104,.T.);
#10201=ADVANCED_FACE('',(#8794,#8795),#446,.T.);
#10202=ADVANCED_FACE('',(#8796,#8797),#105,.T.);
#10203=ADVANCED_FACE('',(#8798,#8799),#447,.T.);
#10204=ADVANCED_FACE('',(#8800),#9738,.T.);
#10205=ADVANCED_FACE('',(#8801),#9739,.F.);
#10206=ADVANCED_FACE('',(#8802,#8803),#448,.T.);
#10207=ADVANCED_FACE('',(#8804,#8805),#9740,.F.);
#10208=ADVANCED_FACE('',(#8806,#8807),#9741,.T.);
#10209=ADVANCED_FACE('',(#8808,#8809),#449,.T.);
#10210=ADVANCED_FACE('',(#8810,#8811),#450,.T.);
#10211=ADVANCED_FACE('',(#8812,#8813),#106,.T.);
#10212=ADVANCED_FACE('',(#8814,#8815),#107,.T.);
#10213=ADVANCED_FACE('',(#8816),#9742,.F.);
#10214=ADVANCED_FACE('',(#8817),#9743,.T.);
#10215=ADVANCED_FACE('',(#8818,#8819),#451,.T.);
#10216=ADVANCED_FACE('',(#8820,#8821),#108,.T.);
#10217=ADVANCED_FACE('',(#8822,#8823),#109,.T.);
#10218=ADVANCED_FACE('',(#8824,#8825,#8826),#9744,.F.);
#10219=ADVANCED_FACE('',(#8827,#8828),#9745,.T.);
#10220=ADVANCED_FACE('',(#8829,#8830),#452,.T.);
#10221=ADVANCED_FACE('',(#8831,#8832),#453,.T.);
#10222=ADVANCED_FACE('',(#8833,#8834),#454,.F.);
#10223=ADVANCED_FACE('',(#8835,#8836),#110,.T.);
#10224=ADVANCED_FACE('',(#8837,#8838),#111,.T.);
#10225=ADVANCED_FACE('',(#8839),#9746,.T.);
#10226=ADVANCED_FACE('',(#8840),#9747,.F.);
#10227=ADVANCED_FACE('',(#8841),#9748,.F.);
#10228=ADVANCED_FACE('',(#8842,#8843),#455,.T.);
#10229=ADVANCED_FACE('',(#8844,#8845),#112,.T.);
#10230=ADVANCED_FACE('',(#8846,#8847),#456,.T.);
#10231=ADVANCED_FACE('',(#8848,#8849),#113,.T.);
#10232=ADVANCED_FACE('',(#8850,#8851),#457,.T.);
#10233=ADVANCED_FACE('',(#8852),#9749,.T.);
#10234=ADVANCED_FACE('',(#8853),#9750,.F.);
#10235=ADVANCED_FACE('',(#8854,#8855),#458,.T.);
#10236=ADVANCED_FACE('',(#8856,#8857),#9751,.F.);
#10237=ADVANCED_FACE('',(#8858,#8859),#9752,.T.);
#10238=ADVANCED_FACE('',(#8860,#8861),#459,.T.);
#10239=ADVANCED_FACE('',(#8862,#8863),#460,.T.);
#10240=ADVANCED_FACE('',(#8864,#8865),#114,.T.);
#10241=ADVANCED_FACE('',(#8866,#8867),#115,.T.);
#10242=ADVANCED_FACE('',(#8868),#9753,.F.);
#10243=ADVANCED_FACE('',(#8869),#9754,.T.);
#10244=ADVANCED_FACE('',(#8870,#8871),#461,.T.);
#10245=ADVANCED_FACE('',(#8872,#8873),#9755,.F.);
#10246=ADVANCED_FACE('',(#8874,#8875),#9756,.T.);
#10247=ADVANCED_FACE('',(#8876,#8877),#462,.T.);
#10248=ADVANCED_FACE('',(#8878,#8879),#463,.T.);
#10249=ADVANCED_FACE('',(#8880,#8881),#116,.T.);
#10250=ADVANCED_FACE('',(#8882,#8883),#117,.T.);
#10251=ADVANCED_FACE('',(#8884),#9757,.F.);
#10252=ADVANCED_FACE('',(#8885),#9758,.T.);
#10253=ADVANCED_FACE('',(#8886,#8887),#464,.T.);
#10254=ADVANCED_FACE('',(#8888,#8889),#9759,.F.);
#10255=ADVANCED_FACE('',(#8890,#8891),#9760,.T.);
#10256=ADVANCED_FACE('',(#8892,#8893),#465,.T.);
#10257=ADVANCED_FACE('',(#8894,#8895),#466,.T.);
#10258=ADVANCED_FACE('',(#8896,#8897),#118,.T.);
#10259=ADVANCED_FACE('',(#8898,#8899),#119,.T.);
#10260=ADVANCED_FACE('',(#8900),#9761,.F.);
#10261=ADVANCED_FACE('',(#8901),#9762,.T.);
#10262=ADVANCED_FACE('',(#8902,#8903),#467,.T.);
#10263=ADVANCED_FACE('',(#8904,#8905),#9763,.F.);
#10264=ADVANCED_FACE('',(#8906,#8907),#9764,.T.);
#10265=ADVANCED_FACE('',(#8908,#8909),#468,.T.);
#10266=ADVANCED_FACE('',(#8910,#8911),#469,.T.);
#10267=ADVANCED_FACE('',(#8912,#8913),#120,.T.);
#10268=ADVANCED_FACE('',(#8914,#8915),#121,.T.);
#10269=ADVANCED_FACE('',(#8916),#9765,.F.);
#10270=ADVANCED_FACE('',(#8917),#9766,.T.);
#10271=ADVANCED_FACE('',(#8918,#8919),#470,.T.);
#10272=ADVANCED_FACE('',(#8920,#8921),#9767,.F.);
#10273=ADVANCED_FACE('',(#8922,#8923),#9768,.T.);
#10274=ADVANCED_FACE('',(#8924,#8925),#471,.T.);
#10275=ADVANCED_FACE('',(#8926,#8927),#472,.T.);
#10276=ADVANCED_FACE('',(#8928,#8929),#122,.T.);
#10277=ADVANCED_FACE('',(#8930,#8931),#123,.T.);
#10278=ADVANCED_FACE('',(#8932),#9769,.F.);
#10279=ADVANCED_FACE('',(#8933),#9770,.T.);
#10280=ADVANCED_FACE('',(#8934,#8935),#473,.T.);
#10281=ADVANCED_FACE('',(#8936,#8937),#124,.T.);
#10282=ADVANCED_FACE('',(#8938,#8939),#474,.T.);
#10283=ADVANCED_FACE('',(#8940,#8941),#125,.T.);
#10284=ADVANCED_FACE('',(#8942,#8943),#475,.T.);
#10285=ADVANCED_FACE('',(#8944),#9771,.T.);
#10286=ADVANCED_FACE('',(#8945),#9772,.F.);
#10287=ADVANCED_FACE('',(#8946,#8947),#476,.T.);
#10288=ADVANCED_FACE('',(#8948,#8949),#126,.T.);
#10289=ADVANCED_FACE('',(#8950,#8951),#477,.T.);
#10290=ADVANCED_FACE('',(#8952,#8953),#127,.T.);
#10291=ADVANCED_FACE('',(#8954,#8955),#478,.T.);
#10292=ADVANCED_FACE('',(#8956),#9773,.T.);
#10293=ADVANCED_FACE('',(#8957),#9774,.F.);
#10294=ADVANCED_FACE('',(#8958,#8959),#479,.T.);
#10295=ADVANCED_FACE('',(#8960,#8961),#9775,.F.);
#10296=ADVANCED_FACE('',(#8962,#8963),#9776,.T.);
#10297=ADVANCED_FACE('',(#8964,#8965),#480,.T.);
#10298=ADVANCED_FACE('',(#8966,#8967),#481,.T.);
#10299=ADVANCED_FACE('',(#8968,#8969),#128,.T.);
#10300=ADVANCED_FACE('',(#8970,#8971),#129,.T.);
#10301=ADVANCED_FACE('',(#8972),#9777,.F.);
#10302=ADVANCED_FACE('',(#8973),#9778,.T.);
#10303=ADVANCED_FACE('',(#8974,#8975),#482,.T.);
#10304=ADVANCED_FACE('',(#8976,#8977),#130,.T.);
#10305=ADVANCED_FACE('',(#8978,#8979),#483,.T.);
#10306=ADVANCED_FACE('',(#8980,#8981),#131,.T.);
#10307=ADVANCED_FACE('',(#8982,#8983),#484,.T.);
#10308=ADVANCED_FACE('',(#8984),#9779,.T.);
#10309=ADVANCED_FACE('',(#8985),#9780,.F.);
#10310=ADVANCED_FACE('',(#8986),#485,.T.);
#10311=ADVANCED_FACE('',(#8987),#9781,.T.);
#10312=ADVANCED_FACE('',(#8988),#9782,.T.);
#10313=ADVANCED_FACE('',(#8989,#8990,#8991,#8992,#8993,#8994,#8995,#8996,
#8997,#8998,#8999,#9000,#9001,#9002,#9003,#9004,#9005,#9006,#9007,#9008,
#9009,#9010,#9011,#9012,#9013,#9014,#9015,#9016,#9017,#9018,#9019,#9020,
#9021,#9022,#9023,#9024,#9025,#9026,#9027,#9028,#9029,#9030,#9031,#9032,
#9033,#9034,#9035,#9036,#9037,#9038,#9039,#9040,#9041,#9042,#9043,#9044,
#9045,#9046,#9047,#9048,#9049,#9050,#9051,#9052,#9053,#9054,#9055,#9056,
#9057,#9058,#9059,#9060,#9061,#9062,#9063,#9064,#9065,#9066,#9067,#9068,
#9069,#9070,#9071,#9072,#9073,#9074,#9075,#9076,#9077,#9078,#9079,#9080),
#9783,.F.);
#10314=ADVANCED_FACE('',(#9081,#9082,#9083,#9084,#9085,#9086,#9087,#9088,
#9089,#9090,#9091,#9092,#9093,#9094,#9095,#9096,#9097,#9098,#9099,#9100,
#9101,#9102,#9103,#9104,#9105,#9106,#9107,#9108,#9109,#9110,#9111,#9112,
#9113,#9114,#9115,#9116,#9117,#9118,#9119,#9120,#9121,#9122,#9123,#9124,
#9125,#9126,#9127,#9128,#9129,#9130,#9131,#9132,#9133,#9134,#9135,#9136,
#9137,#9138,#9139,#9140,#9141,#9142,#9143,#9144,#9145,#9146,#9147,#9148,
#9149,#9150,#9151,#9152,#9153,#9154,#9155,#9156,#9157,#9158,#9159,#9160,
#9161,#9162,#9163,#9164,#9165,#9166,#9167,#9168,#9169,#9170,#9171,#9172),
#9784,.T.);
#10315=ADVANCED_FACE('',(#9173),#486,.T.);
#10316=ADVANCED_FACE('',(#9174),#487,.T.);
#10317=ADVANCED_FACE('',(#9175),#9785,.T.);
#10318=ADVANCED_FACE('',(#9176),#9786,.T.);
#10319=ADVANCED_FACE('',(#9177),#488,.T.);
#10320=ADVANCED_FACE('',(#9178,#9179),#489,.F.);
#10321=ADVANCED_FACE('',(#9180,#9181),#490,.F.);
#10322=ADVANCED_FACE('',(#9182,#9183),#491,.F.);
#10323=ADVANCED_FACE('',(#9184,#9185),#492,.F.);
#10324=ADVANCED_FACE('',(#9186,#9187),#493,.F.);
#10325=ADVANCED_FACE('',(#9188,#9189),#494,.F.);
#10326=ADVANCED_FACE('',(#9190,#9191),#495,.F.);
#10327=ADVANCED_FACE('',(#9192,#9193),#496,.F.);
#10328=ADVANCED_FACE('',(#9194,#9195),#497,.F.);
#10329=ADVANCED_FACE('',(#9196,#9197),#498,.F.);
#10330=ADVANCED_FACE('',(#9198,#9199),#499,.F.);
#10331=ADVANCED_FACE('',(#9200,#9201),#500,.F.);
#10332=ADVANCED_FACE('',(#9202,#9203),#501,.F.);
#10333=ADVANCED_FACE('',(#9204,#9205),#502,.F.);
#10334=ADVANCED_FACE('',(#9206,#9207),#503,.F.);
#10335=ADVANCED_FACE('',(#9208,#9209),#504,.F.);
#10336=ADVANCED_FACE('',(#9210,#9211),#505,.F.);
#10337=ADVANCED_FACE('',(#9212,#9213),#506,.F.);
#10338=ADVANCED_FACE('',(#9214,#9215),#507,.F.);
#10339=ADVANCED_FACE('',(#9216,#9217),#508,.F.);
#10340=ADVANCED_FACE('',(#9218,#9219),#509,.F.);
#10341=ADVANCED_FACE('',(#9220,#9221),#510,.F.);
#10342=ADVANCED_FACE('',(#9222,#9223),#511,.F.);
#10343=ADVANCED_FACE('',(#9224,#9225),#512,.F.);
#10344=ADVANCED_FACE('',(#9226,#9227),#513,.F.);
#10345=ADVANCED_FACE('',(#9228,#9229),#514,.F.);
#10346=ADVANCED_FACE('',(#9230,#9231),#515,.F.);
#10347=ADVANCED_FACE('',(#9232,#9233),#516,.F.);
#10348=ADVANCED_FACE('',(#9234,#9235),#517,.F.);
#10349=ADVANCED_FACE('',(#9236,#9237),#518,.F.);
#10350=ADVANCED_FACE('',(#9238,#9239),#519,.F.);
#10351=ADVANCED_FACE('',(#9240,#9241),#520,.F.);
#10352=ADVANCED_FACE('',(#9242,#9243),#521,.F.);
#10353=ADVANCED_FACE('',(#9244,#9245),#522,.F.);
#10354=ADVANCED_FACE('',(#9246,#9247),#523,.F.);
#10355=ADVANCED_FACE('',(#9248,#9249),#524,.F.);
#10356=ADVANCED_FACE('',(#9250,#9251),#525,.F.);
#10357=ADVANCED_FACE('',(#9252,#9253),#526,.F.);
#10358=ADVANCED_FACE('',(#9254,#9255),#527,.F.);
#10359=ADVANCED_FACE('',(#9256,#9257),#528,.F.);
#10360=ADVANCED_FACE('',(#9258,#9259),#529,.F.);
#10361=ADVANCED_FACE('',(#9260,#9261),#530,.F.);
#10362=ADVANCED_FACE('',(#9262,#9263),#531,.F.);
#10363=ADVANCED_FACE('',(#9264,#9265),#532,.F.);
#10364=ADVANCED_FACE('',(#9266,#9267),#533,.F.);
#10365=ADVANCED_FACE('',(#9268,#9269),#534,.F.);
#10366=ADVANCED_FACE('',(#9270,#9271),#535,.F.);
#10367=ADVANCED_FACE('',(#9272,#9273),#536,.F.);
#10368=ADVANCED_FACE('',(#9274,#9275),#537,.F.);
#10369=ADVANCED_FACE('',(#9276,#9277),#538,.F.);
#10370=ADVANCED_FACE('',(#9278,#9279),#539,.F.);
#10371=ADVANCED_FACE('',(#9280,#9281),#540,.F.);
#10372=ADVANCED_FACE('',(#9282,#9283),#541,.F.);
#10373=ADVANCED_FACE('',(#9284,#9285),#542,.F.);
#10374=ADVANCED_FACE('',(#9286,#9287),#543,.F.);
#10375=ADVANCED_FACE('',(#9288,#9289),#544,.F.);
#10376=ADVANCED_FACE('',(#9290,#9291),#545,.F.);
#10377=ADVANCED_FACE('',(#9292,#9293),#546,.F.);
#10378=ADVANCED_FACE('',(#9294,#9295),#547,.F.);
#10379=ADVANCED_FACE('',(#9296,#9297),#548,.F.);
#10380=ADVANCED_FACE('',(#9298,#9299),#549,.F.);
#10381=ADVANCED_FACE('',(#9300,#9301),#550,.F.);
#10382=ADVANCED_FACE('',(#9302,#9303),#551,.F.);
#10383=ADVANCED_FACE('',(#9304,#9305),#552,.F.);
#10384=ADVANCED_FACE('',(#9306,#9307),#553,.F.);
#10385=ADVANCED_FACE('',(#9308,#9309),#554,.F.);
#10386=ADVANCED_FACE('',(#9310,#9311),#555,.F.);
#10387=ADVANCED_FACE('',(#9312,#9313),#556,.F.);
#10388=ADVANCED_FACE('',(#9314,#9315),#557,.F.);
#10389=ADVANCED_FACE('',(#9316,#9317),#558,.F.);
#10390=ADVANCED_FACE('',(#9318,#9319),#559,.F.);
#10391=ADVANCED_FACE('',(#9320,#9321),#560,.F.);
#10392=ADVANCED_FACE('',(#9322,#9323),#561,.F.);
#10393=ADVANCED_FACE('',(#9324,#9325),#562,.F.);
#10394=ADVANCED_FACE('',(#9326,#9327),#563,.F.);
#10395=ADVANCED_FACE('',(#9328,#9329),#564,.F.);
#10396=ADVANCED_FACE('',(#9330,#9331),#565,.F.);
#10397=ADVANCED_FACE('',(#9332,#9333),#566,.F.);
#10398=ADVANCED_FACE('',(#9334,#9335),#567,.F.);
#10399=ADVANCED_FACE('',(#9336,#9337),#568,.F.);
#10400=ADVANCED_FACE('',(#9338,#9339),#569,.F.);
#10401=ADVANCED_FACE('',(#9340,#9341),#570,.F.);
#10402=ADVANCED_FACE('',(#9342,#9343),#571,.F.);
#10403=ADVANCED_FACE('',(#9344,#9345),#572,.F.);
#10404=ADVANCED_FACE('',(#9346,#9347),#573,.F.);
#10405=ADVANCED_FACE('',(#9348,#9349),#574,.F.);
#10406=ADVANCED_FACE('',(#9350,#9351),#575,.F.);
#10407=ADVANCED_FACE('',(#9352,#9353),#576,.F.);
#10408=ADVANCED_FACE('',(#9354,#9355),#577,.F.);
#10409=ADVANCED_FACE('',(#9356,#9357),#578,.F.);
#10410=ADVANCED_FACE('',(#9358,#9359),#579,.F.);
#10411=ADVANCED_FACE('',(#9360,#9361),#580,.T.);
#10412=ADVANCED_FACE('',(#9362,#9363),#132,.T.);
#10413=ADVANCED_FACE('',(#9364,#9365),#581,.T.);
#10414=ADVANCED_FACE('',(#9366,#9367),#133,.T.);
#10415=ADVANCED_FACE('',(#9368,#9369),#582,.T.);
#10416=ADVANCED_FACE('',(#9370),#9787,.T.);
#10417=ADVANCED_FACE('',(#9371),#9788,.F.);
#10418=ADVANCED_FACE('',(#9372,#9373),#583,.T.);
#10419=ADVANCED_FACE('',(#9374,#9375),#9789,.F.);
#10420=ADVANCED_FACE('',(#9376,#9377),#9790,.T.);
#10421=ADVANCED_FACE('',(#9378,#9379),#584,.T.);
#10422=ADVANCED_FACE('',(#9380,#9381),#585,.T.);
#10423=ADVANCED_FACE('',(#9382,#9383),#134,.T.);
#10424=ADVANCED_FACE('',(#9384,#9385),#135,.T.);
#10425=ADVANCED_FACE('',(#9386),#9791,.F.);
#10426=ADVANCED_FACE('',(#9387),#9792,.T.);
#10427=CLOSED_SHELL('',(#9793,#9794,#9795,#9796,#9797,#9798,#9799,#9800,
#9801,#9802,#9803,#9804,#9805,#9806,#9807,#9808,#9809,#9810,#9811,#9812,
#9813,#9814,#9815,#9816,#9817,#9818));
#10428=CLOSED_SHELL('',(#9819,#9820,#9821,#9822,#9823,#9824,#9825,#9826,
#9827,#9828,#9829,#9830,#9831,#9832,#9833,#9834,#9835,#9836,#9837,#9838,
#9839,#9840,#9841,#9842,#9843,#9844,#9845));
#10429=CLOSED_SHELL('',(#9846,#9847,#9848,#9849,#9850,#9851,#9852,#9853,
#9854,#9855,#9856,#9857,#9858));
#10430=CLOSED_SHELL('',(#9859,#9860,#9861,#9862,#9863,#9864,#9865,#9866,
#9867,#9868,#9869,#9870,#9871,#9872,#9873));
#10431=CLOSED_SHELL('',(#9874,#9875,#9876,#9877,#9878,#9879,#9880,#9881,
#9882,#9883,#9884,#9885,#9886,#9887,#9888,#9889,#9890,#9891,#9892,#9893,
#9894,#9895,#9896,#9897,#9898,#9899,#9900,#9901,#9902,#9903,#9904,#9905,
#9906,#9907,#9908,#9909,#9910,#9911,#9912,#9913,#9914,#9915,#9916,#9917,
#9918,#9919,#9920,#9921,#9922,#9923,#9924,#9925,#9926,#9927,#9928,#9929,
#9930,#9931,#9932,#9933,#9934,#9935,#9936,#9937,#9938,#9939,#9940,#9941,
#9942,#9943,#9944,#9945,#9946,#9947,#9948,#9949,#9950,#9951,#9952,#9953,
#9954,#9955,#9956,#9957,#9958,#9959));
#10432=CLOSED_SHELL('',(#9960,#9961,#9962,#9963,#9964,#9965,#9966,#9967,
#9968,#9969,#9970,#9971,#9972));
#10433=CLOSED_SHELL('',(#9973,#9974,#9975,#9976,#9977,#9978,#9979));
#10434=CLOSED_SHELL('',(#9980,#9981,#9982,#9983,#9984,#9985,#9986));
#10435=CLOSED_SHELL('',(#9987,#9988,#9989,#9990,#9991,#9992,#9993,#9994,
#9995));
#10436=CLOSED_SHELL('',(#9996,#9997,#9998,#9999,#10000,#10001,#10002));
#10437=CLOSED_SHELL('',(#10003,#10004,#10005,#10006,#10007,#10008,#10009,
#10010,#10011,#10012,#10013,#10014,#10015,#10016,#10017,#10018,#10019,#10020,
#10021,#10022,#10023,#10024,#10025,#10026,#10027,#10028,#10029,#10030,#10031,
#10032,#10033,#10034,#10035,#10036,#10037,#10038,#10039,#10040,#10041,#10042,
#10043,#10044,#10045,#10046,#10047,#10048,#10049,#10050,#10051,#10052,#10053,
#10054,#10055,#10056,#10057,#10058,#10059,#10060,#10061,#10062,#10063,#10064,
#10065,#10066,#10067,#10068,#10069,#10070,#10071,#10072,#10073,#10074,#10075,
#10076,#10077,#10078,#10079,#10080,#10081,#10082,#10083,#10084,#10085,#10086,
#10087,#10088,#10089,#10090,#10091,#10092,#10093,#10094,#10095,#10096,#10097,
#10098,#10099,#10100,#10101,#10102,#10103,#10104,#10105,#10106,#10107,#10108,
#10109,#10110,#10111,#10112,#10113,#10114,#10115,#10116,#10117,#10118,#10119,
#10120,#10121,#10122,#10123,#10124,#10125,#10126,#10127,#10128,#10129,#10130,
#10131,#10132,#10133,#10134,#10135,#10136,#10137,#10138,#10139,#10140,#10141,
#10142,#10143,#10144,#10145,#10146,#10147,#10148,#10149,#10150,#10151,#10152,
#10153,#10154,#10155,#10156,#10157,#10158,#10159,#10160,#10161,#10162,#10163,
#10164,#10165,#10166,#10167,#10168,#10169,#10170,#10171,#10172,#10173,#10174,
#10175,#10176,#10177,#10178,#10179,#10180,#10181,#10182,#10183,#10184,#10185,
#10186,#10187,#10188,#10189,#10190,#10191,#10192,#10193,#10194,#10195,#10196,
#10197,#10198));
#10438=CLOSED_SHELL('',(#10199,#10200,#10201,#10202,#10203,#10204,#10205));
#10439=CLOSED_SHELL('',(#10206,#10207,#10208,#10209,#10210,#10211,#10212,
#10213,#10214));
#10440=CLOSED_SHELL('',(#10215,#10216,#10217,#10218,#10219,#10220,#10221,
#10222,#10223,#10224,#10225,#10226,#10227));
#10441=CLOSED_SHELL('',(#10228,#10229,#10230,#10231,#10232,#10233,#10234));
#10442=CLOSED_SHELL('',(#10235,#10236,#10237,#10238,#10239,#10240,#10241,
#10242,#10243));
#10443=CLOSED_SHELL('',(#10244,#10245,#10246,#10247,#10248,#10249,#10250,
#10251,#10252));
#10444=CLOSED_SHELL('',(#10253,#10254,#10255,#10256,#10257,#10258,#10259,
#10260,#10261));
#10445=CLOSED_SHELL('',(#10262,#10263,#10264,#10265,#10266,#10267,#10268,
#10269,#10270));
#10446=CLOSED_SHELL('',(#10271,#10272,#10273,#10274,#10275,#10276,#10277,
#10278,#10279));
#10447=CLOSED_SHELL('',(#10280,#10281,#10282,#10283,#10284,#10285,#10286));
#10448=CLOSED_SHELL('',(#10287,#10288,#10289,#10290,#10291,#10292,#10293));
#10449=CLOSED_SHELL('',(#10294,#10295,#10296,#10297,#10298,#10299,#10300,
#10301,#10302));
#10450=CLOSED_SHELL('',(#10303,#10304,#10305,#10306,#10307,#10308,#10309));
#10451=CLOSED_SHELL('',(#10310,#10311,#10312,#10313,#10314,#10315,#10316,
#10317,#10318,#10319,#10320,#10321,#10322,#10323,#10324,#10325,#10326,#10327,
#10328,#10329,#10330,#10331,#10332,#10333,#10334,#10335,#10336,#10337,#10338,
#10339,#10340,#10341,#10342,#10343,#10344,#10345,#10346,#10347,#10348,#10349,
#10350,#10351,#10352,#10353,#10354,#10355,#10356,#10357,#10358,#10359,#10360,
#10361,#10362,#10363,#10364,#10365,#10366,#10367,#10368,#10369,#10370,#10371,
#10372,#10373,#10374,#10375,#10376,#10377,#10378,#10379,#10380,#10381,#10382,
#10383,#10384,#10385,#10386,#10387,#10388,#10389,#10390,#10391,#10392,#10393,
#10394,#10395,#10396,#10397,#10398,#10399,#10400,#10401,#10402,#10403,#10404,
#10405,#10406,#10407,#10408,#10409,#10410));
#10452=CLOSED_SHELL('',(#10411,#10412,#10413,#10414,#10415,#10416,#10417));
#10453=CLOSED_SHELL('',(#10418,#10419,#10420,#10421,#10422,#10423,#10424,
#10425,#10426));
#10454=STYLED_ITEM('',(#10481),#11170);
#10455=STYLED_ITEM('',(#10482),#11171);
#10456=STYLED_ITEM('',(#10483),#11172);
#10457=STYLED_ITEM('',(#10484),#11173);
#10458=STYLED_ITEM('',(#10485),#11174);
#10459=STYLED_ITEM('',(#10486),#11175);
#10460=STYLED_ITEM('',(#10487),#11176);
#10461=STYLED_ITEM('',(#10488),#11177);
#10462=STYLED_ITEM('',(#10489),#11178);
#10463=STYLED_ITEM('',(#10493),#11179);
#10464=STYLED_ITEM('',(#10494),#11180);
#10465=STYLED_ITEM('',(#10547),#11181);
#10466=STYLED_ITEM('',(#10548),#11182);
#10467=STYLED_ITEM('',(#10552),#11183);
#10468=STYLED_ITEM('',(#10560),#11184);
#10469=STYLED_ITEM('',(#10561),#11185);
#10470=STYLED_ITEM('',(#10565),#11186);
#10471=STYLED_ITEM('',(#10569),#11187);
#10472=STYLED_ITEM('',(#10573),#11188);
#10473=STYLED_ITEM('',(#10577),#11189);
#10474=STYLED_ITEM('',(#10581),#11190);
#10475=STYLED_ITEM('',(#10582),#11191);
#10476=STYLED_ITEM('',(#10583),#11192);
#10477=STYLED_ITEM('',(#10587),#11193);
#10478=STYLED_ITEM('',(#10588),#11194);
#10479=STYLED_ITEM('',(#10589),#11195);
#10480=STYLED_ITEM('',(#10590),#11196);
#10481=PRESENTATION_STYLE_ASSIGNMENT((#10594));
#10482=PRESENTATION_STYLE_ASSIGNMENT((#10595));
#10483=PRESENTATION_STYLE_ASSIGNMENT((#10596));
#10484=PRESENTATION_STYLE_ASSIGNMENT((#10597));
#10485=PRESENTATION_STYLE_ASSIGNMENT((#10598));
#10486=PRESENTATION_STYLE_ASSIGNMENT((#10599));
#10487=PRESENTATION_STYLE_ASSIGNMENT((#10600));
#10488=PRESENTATION_STYLE_ASSIGNMENT((#10601));
#10489=PRESENTATION_STYLE_ASSIGNMENT((#10602));
#10490=PRESENTATION_STYLE_ASSIGNMENT((#10603));
#10491=PRESENTATION_STYLE_ASSIGNMENT((#10604));
#10492=PRESENTATION_STYLE_ASSIGNMENT((#10605));
#10493=PRESENTATION_STYLE_ASSIGNMENT((#10606));
#10494=PRESENTATION_STYLE_ASSIGNMENT((#10607));
#10495=PRESENTATION_STYLE_ASSIGNMENT((#10608));
#10496=PRESENTATION_STYLE_ASSIGNMENT((#10609));
#10497=PRESENTATION_STYLE_ASSIGNMENT((#10610));
#10498=PRESENTATION_STYLE_ASSIGNMENT((#10611));
#10499=PRESENTATION_STYLE_ASSIGNMENT((#10612));
#10500=PRESENTATION_STYLE_ASSIGNMENT((#10613));
#10501=PRESENTATION_STYLE_ASSIGNMENT((#10614));
#10502=PRESENTATION_STYLE_ASSIGNMENT((#10615));
#10503=PRESENTATION_STYLE_ASSIGNMENT((#10616));
#10504=PRESENTATION_STYLE_ASSIGNMENT((#10617));
#10505=PRESENTATION_STYLE_ASSIGNMENT((#10618));
#10506=PRESENTATION_STYLE_ASSIGNMENT((#10619));
#10507=PRESENTATION_STYLE_ASSIGNMENT((#10620));
#10508=PRESENTATION_STYLE_ASSIGNMENT((#10621));
#10509=PRESENTATION_STYLE_ASSIGNMENT((#10622));
#10510=PRESENTATION_STYLE_ASSIGNMENT((#10623));
#10511=PRESENTATION_STYLE_ASSIGNMENT((#10624));
#10512=PRESENTATION_STYLE_ASSIGNMENT((#10625));
#10513=PRESENTATION_STYLE_ASSIGNMENT((#10626));
#10514=PRESENTATION_STYLE_ASSIGNMENT((#10627));
#10515=PRESENTATION_STYLE_ASSIGNMENT((#10628));
#10516=PRESENTATION_STYLE_ASSIGNMENT((#10629));
#10517=PRESENTATION_STYLE_ASSIGNMENT((#10630));
#10518=PRESENTATION_STYLE_ASSIGNMENT((#10631));
#10519=PRESENTATION_STYLE_ASSIGNMENT((#10632));
#10520=PRESENTATION_STYLE_ASSIGNMENT((#10633));
#10521=PRESENTATION_STYLE_ASSIGNMENT((#10634));
#10522=PRESENTATION_STYLE_ASSIGNMENT((#10635));
#10523=PRESENTATION_STYLE_ASSIGNMENT((#10636));
#10524=PRESENTATION_STYLE_ASSIGNMENT((#10637));
#10525=PRESENTATION_STYLE_ASSIGNMENT((#10638));
#10526=PRESENTATION_STYLE_ASSIGNMENT((#10639));
#10527=PRESENTATION_STYLE_ASSIGNMENT((#10640));
#10528=PRESENTATION_STYLE_ASSIGNMENT((#10641));
#10529=PRESENTATION_STYLE_ASSIGNMENT((#10642));
#10530=PRESENTATION_STYLE_ASSIGNMENT((#10643));
#10531=PRESENTATION_STYLE_ASSIGNMENT((#10644));
#10532=PRESENTATION_STYLE_ASSIGNMENT((#10645));
#10533=PRESENTATION_STYLE_ASSIGNMENT((#10646));
#10534=PRESENTATION_STYLE_ASSIGNMENT((#10647));
#10535=PRESENTATION_STYLE_ASSIGNMENT((#10648));
#10536=PRESENTATION_STYLE_ASSIGNMENT((#10649));
#10537=PRESENTATION_STYLE_ASSIGNMENT((#10650));
#10538=PRESENTATION_STYLE_ASSIGNMENT((#10651));
#10539=PRESENTATION_STYLE_ASSIGNMENT((#10652));
#10540=PRESENTATION_STYLE_ASSIGNMENT((#10653));
#10541=PRESENTATION_STYLE_ASSIGNMENT((#10654));
#10542=PRESENTATION_STYLE_ASSIGNMENT((#10655));
#10543=PRESENTATION_STYLE_ASSIGNMENT((#10656));
#10544=PRESENTATION_STYLE_ASSIGNMENT((#10657));
#10545=PRESENTATION_STYLE_ASSIGNMENT((#10658));
#10546=PRESENTATION_STYLE_ASSIGNMENT((#10659));
#10547=PRESENTATION_STYLE_ASSIGNMENT((#10660));
#10548=PRESENTATION_STYLE_ASSIGNMENT((#10661));
#10549=PRESENTATION_STYLE_ASSIGNMENT((#10662));
#10550=PRESENTATION_STYLE_ASSIGNMENT((#10663));
#10551=PRESENTATION_STYLE_ASSIGNMENT((#10664));
#10552=PRESENTATION_STYLE_ASSIGNMENT((#10665));
#10553=PRESENTATION_STYLE_ASSIGNMENT((#10666));
#10554=PRESENTATION_STYLE_ASSIGNMENT((#10667));
#10555=PRESENTATION_STYLE_ASSIGNMENT((#10668));
#10556=PRESENTATION_STYLE_ASSIGNMENT((#10669));
#10557=PRESENTATION_STYLE_ASSIGNMENT((#10670));
#10558=PRESENTATION_STYLE_ASSIGNMENT((#10671));
#10559=PRESENTATION_STYLE_ASSIGNMENT((#10672));
#10560=PRESENTATION_STYLE_ASSIGNMENT((#10673));
#10561=PRESENTATION_STYLE_ASSIGNMENT((#10674));
#10562=PRESENTATION_STYLE_ASSIGNMENT((#10675));
#10563=PRESENTATION_STYLE_ASSIGNMENT((#10676));
#10564=PRESENTATION_STYLE_ASSIGNMENT((#10677));
#10565=PRESENTATION_STYLE_ASSIGNMENT((#10678));
#10566=PRESENTATION_STYLE_ASSIGNMENT((#10679));
#10567=PRESENTATION_STYLE_ASSIGNMENT((#10680));
#10568=PRESENTATION_STYLE_ASSIGNMENT((#10681));
#10569=PRESENTATION_STYLE_ASSIGNMENT((#10682));
#10570=PRESENTATION_STYLE_ASSIGNMENT((#10683));
#10571=PRESENTATION_STYLE_ASSIGNMENT((#10684));
#10572=PRESENTATION_STYLE_ASSIGNMENT((#10685));
#10573=PRESENTATION_STYLE_ASSIGNMENT((#10686));
#10574=PRESENTATION_STYLE_ASSIGNMENT((#10687));
#10575=PRESENTATION_STYLE_ASSIGNMENT((#10688));
#10576=PRESENTATION_STYLE_ASSIGNMENT((#10689));
#10577=PRESENTATION_STYLE_ASSIGNMENT((#10690));
#10578=PRESENTATION_STYLE_ASSIGNMENT((#10691));
#10579=PRESENTATION_STYLE_ASSIGNMENT((#10692));
#10580=PRESENTATION_STYLE_ASSIGNMENT((#10693));
#10581=PRESENTATION_STYLE_ASSIGNMENT((#10694));
#10582=PRESENTATION_STYLE_ASSIGNMENT((#10695));
#10583=PRESENTATION_STYLE_ASSIGNMENT((#10696));
#10584=PRESENTATION_STYLE_ASSIGNMENT((#10697));
#10585=PRESENTATION_STYLE_ASSIGNMENT((#10698));
#10586=PRESENTATION_STYLE_ASSIGNMENT((#10699));
#10587=PRESENTATION_STYLE_ASSIGNMENT((#10700));
#10588=PRESENTATION_STYLE_ASSIGNMENT((#10701));
#10589=PRESENTATION_STYLE_ASSIGNMENT((#10702));
#10590=PRESENTATION_STYLE_ASSIGNMENT((#10703));
#10591=PRESENTATION_STYLE_ASSIGNMENT((#10704));
#10592=PRESENTATION_STYLE_ASSIGNMENT((#10705));
#10593=PRESENTATION_STYLE_ASSIGNMENT((#10706));
#10594=SURFACE_STYLE_USAGE(.BOTH.,#10707);
#10595=SURFACE_STYLE_USAGE(.BOTH.,#10708);
#10596=SURFACE_STYLE_USAGE(.BOTH.,#10709);
#10597=SURFACE_STYLE_USAGE(.BOTH.,#10710);
#10598=SURFACE_STYLE_USAGE(.BOTH.,#10711);
#10599=SURFACE_STYLE_USAGE(.BOTH.,#10712);
#10600=SURFACE_STYLE_USAGE(.BOTH.,#10713);
#10601=SURFACE_STYLE_USAGE(.BOTH.,#10714);
#10602=SURFACE_STYLE_USAGE(.BOTH.,#10715);
#10603=SURFACE_STYLE_USAGE(.BOTH.,#10716);
#10604=SURFACE_STYLE_USAGE(.BOTH.,#10717);
#10605=SURFACE_STYLE_USAGE(.BOTH.,#10718);
#10606=SURFACE_STYLE_USAGE(.BOTH.,#10719);
#10607=SURFACE_STYLE_USAGE(.BOTH.,#10720);
#10608=SURFACE_STYLE_USAGE(.BOTH.,#10721);
#10609=SURFACE_STYLE_USAGE(.BOTH.,#10722);
#10610=SURFACE_STYLE_USAGE(.BOTH.,#10723);
#10611=SURFACE_STYLE_USAGE(.BOTH.,#10724);
#10612=SURFACE_STYLE_USAGE(.BOTH.,#10725);
#10613=SURFACE_STYLE_USAGE(.BOTH.,#10726);
#10614=SURFACE_STYLE_USAGE(.BOTH.,#10727);
#10615=SURFACE_STYLE_USAGE(.BOTH.,#10728);
#10616=SURFACE_STYLE_USAGE(.BOTH.,#10729);
#10617=SURFACE_STYLE_USAGE(.BOTH.,#10730);
#10618=SURFACE_STYLE_USAGE(.BOTH.,#10731);
#10619=SURFACE_STYLE_USAGE(.BOTH.,#10732);
#10620=SURFACE_STYLE_USAGE(.BOTH.,#10733);
#10621=SURFACE_STYLE_USAGE(.BOTH.,#10734);
#10622=SURFACE_STYLE_USAGE(.BOTH.,#10735);
#10623=SURFACE_STYLE_USAGE(.BOTH.,#10736);
#10624=SURFACE_STYLE_USAGE(.BOTH.,#10737);
#10625=SURFACE_STYLE_USAGE(.BOTH.,#10738);
#10626=SURFACE_STYLE_USAGE(.BOTH.,#10739);
#10627=SURFACE_STYLE_USAGE(.BOTH.,#10740);
#10628=SURFACE_STYLE_USAGE(.BOTH.,#10741);
#10629=SURFACE_STYLE_USAGE(.BOTH.,#10742);
#10630=SURFACE_STYLE_USAGE(.BOTH.,#10743);
#10631=SURFACE_STYLE_USAGE(.BOTH.,#10744);
#10632=SURFACE_STYLE_USAGE(.BOTH.,#10745);
#10633=SURFACE_STYLE_USAGE(.BOTH.,#10746);
#10634=SURFACE_STYLE_USAGE(.BOTH.,#10747);
#10635=SURFACE_STYLE_USAGE(.BOTH.,#10748);
#10636=SURFACE_STYLE_USAGE(.BOTH.,#10749);
#10637=SURFACE_STYLE_USAGE(.BOTH.,#10750);
#10638=SURFACE_STYLE_USAGE(.BOTH.,#10751);
#10639=SURFACE_STYLE_USAGE(.BOTH.,#10752);
#10640=SURFACE_STYLE_USAGE(.BOTH.,#10753);
#10641=SURFACE_STYLE_USAGE(.BOTH.,#10754);
#10642=SURFACE_STYLE_USAGE(.BOTH.,#10755);
#10643=SURFACE_STYLE_USAGE(.BOTH.,#10756);
#10644=SURFACE_STYLE_USAGE(.BOTH.,#10757);
#10645=SURFACE_STYLE_USAGE(.BOTH.,#10758);
#10646=SURFACE_STYLE_USAGE(.BOTH.,#10759);
#10647=SURFACE_STYLE_USAGE(.BOTH.,#10760);
#10648=SURFACE_STYLE_USAGE(.BOTH.,#10761);
#10649=SURFACE_STYLE_USAGE(.BOTH.,#10762);
#10650=SURFACE_STYLE_USAGE(.BOTH.,#10763);
#10651=SURFACE_STYLE_USAGE(.BOTH.,#10764);
#10652=SURFACE_STYLE_USAGE(.BOTH.,#10765);
#10653=SURFACE_STYLE_USAGE(.BOTH.,#10766);
#10654=SURFACE_STYLE_USAGE(.BOTH.,#10767);
#10655=SURFACE_STYLE_USAGE(.BOTH.,#10768);
#10656=SURFACE_STYLE_USAGE(.BOTH.,#10769);
#10657=SURFACE_STYLE_USAGE(.BOTH.,#10770);
#10658=SURFACE_STYLE_USAGE(.BOTH.,#10771);
#10659=SURFACE_STYLE_USAGE(.BOTH.,#10772);
#10660=SURFACE_STYLE_USAGE(.BOTH.,#10773);
#10661=SURFACE_STYLE_USAGE(.BOTH.,#10774);
#10662=SURFACE_STYLE_USAGE(.BOTH.,#10775);
#10663=SURFACE_STYLE_USAGE(.BOTH.,#10776);
#10664=SURFACE_STYLE_USAGE(.BOTH.,#10777);
#10665=SURFACE_STYLE_USAGE(.BOTH.,#10778);
#10666=SURFACE_STYLE_USAGE(.BOTH.,#10779);
#10667=SURFACE_STYLE_USAGE(.BOTH.,#10780);
#10668=SURFACE_STYLE_USAGE(.BOTH.,#10781);
#10669=SURFACE_STYLE_USAGE(.BOTH.,#10782);
#10670=SURFACE_STYLE_USAGE(.BOTH.,#10783);
#10671=SURFACE_STYLE_USAGE(.BOTH.,#10784);
#10672=SURFACE_STYLE_USAGE(.BOTH.,#10785);
#10673=SURFACE_STYLE_USAGE(.BOTH.,#10786);
#10674=SURFACE_STYLE_USAGE(.BOTH.,#10787);
#10675=SURFACE_STYLE_USAGE(.BOTH.,#10788);
#10676=SURFACE_STYLE_USAGE(.BOTH.,#10789);
#10677=SURFACE_STYLE_USAGE(.BOTH.,#10790);
#10678=SURFACE_STYLE_USAGE(.BOTH.,#10791);
#10679=SURFACE_STYLE_USAGE(.BOTH.,#10792);
#10680=SURFACE_STYLE_USAGE(.BOTH.,#10793);
#10681=SURFACE_STYLE_USAGE(.BOTH.,#10794);
#10682=SURFACE_STYLE_USAGE(.BOTH.,#10795);
#10683=SURFACE_STYLE_USAGE(.BOTH.,#10796);
#10684=SURFACE_STYLE_USAGE(.BOTH.,#10797);
#10685=SURFACE_STYLE_USAGE(.BOTH.,#10798);
#10686=SURFACE_STYLE_USAGE(.BOTH.,#10799);
#10687=SURFACE_STYLE_USAGE(.BOTH.,#10800);
#10688=SURFACE_STYLE_USAGE(.BOTH.,#10801);
#10689=SURFACE_STYLE_USAGE(.BOTH.,#10802);
#10690=SURFACE_STYLE_USAGE(.BOTH.,#10803);
#10691=SURFACE_STYLE_USAGE(.BOTH.,#10804);
#10692=SURFACE_STYLE_USAGE(.BOTH.,#10805);
#10693=SURFACE_STYLE_USAGE(.BOTH.,#10806);
#10694=SURFACE_STYLE_USAGE(.BOTH.,#10807);
#10695=SURFACE_STYLE_USAGE(.BOTH.,#10808);
#10696=SURFACE_STYLE_USAGE(.BOTH.,#10809);
#10697=SURFACE_STYLE_USAGE(.BOTH.,#10810);
#10698=SURFACE_STYLE_USAGE(.BOTH.,#10811);
#10699=SURFACE_STYLE_USAGE(.BOTH.,#10812);
#10700=SURFACE_STYLE_USAGE(.BOTH.,#10813);
#10701=SURFACE_STYLE_USAGE(.BOTH.,#10814);
#10702=SURFACE_STYLE_USAGE(.BOTH.,#10815);
#10703=SURFACE_STYLE_USAGE(.BOTH.,#10816);
#10704=SURFACE_STYLE_USAGE(.BOTH.,#10817);
#10705=SURFACE_STYLE_USAGE(.BOTH.,#10818);
#10706=SURFACE_STYLE_USAGE(.BOTH.,#10819);
#10707=SURFACE_SIDE_STYLE('',(#10820));
#10708=SURFACE_SIDE_STYLE('',(#10821));
#10709=SURFACE_SIDE_STYLE('',(#10822));
#10710=SURFACE_SIDE_STYLE('',(#10823));
#10711=SURFACE_SIDE_STYLE('',(#10824));
#10712=SURFACE_SIDE_STYLE('',(#10825));
#10713=SURFACE_SIDE_STYLE('',(#10826));
#10714=SURFACE_SIDE_STYLE('',(#10827));
#10715=SURFACE_SIDE_STYLE('',(#10828));
#10716=SURFACE_SIDE_STYLE('',(#10829));
#10717=SURFACE_SIDE_STYLE('',(#10830));
#10718=SURFACE_SIDE_STYLE('',(#10831));
#10719=SURFACE_SIDE_STYLE('',(#10832));
#10720=SURFACE_SIDE_STYLE('',(#10833));
#10721=SURFACE_SIDE_STYLE('',(#10834));
#10722=SURFACE_SIDE_STYLE('',(#10835));
#10723=SURFACE_SIDE_STYLE('',(#10836));
#10724=SURFACE_SIDE_STYLE('',(#10837));
#10725=SURFACE_SIDE_STYLE('',(#10838));
#10726=SURFACE_SIDE_STYLE('',(#10839));
#10727=SURFACE_SIDE_STYLE('',(#10840));
#10728=SURFACE_SIDE_STYLE('',(#10841));
#10729=SURFACE_SIDE_STYLE('',(#10842));
#10730=SURFACE_SIDE_STYLE('',(#10843));
#10731=SURFACE_SIDE_STYLE('',(#10844));
#10732=SURFACE_SIDE_STYLE('',(#10845));
#10733=SURFACE_SIDE_STYLE('',(#10846));
#10734=SURFACE_SIDE_STYLE('',(#10847));
#10735=SURFACE_SIDE_STYLE('',(#10848));
#10736=SURFACE_SIDE_STYLE('',(#10849));
#10737=SURFACE_SIDE_STYLE('',(#10850));
#10738=SURFACE_SIDE_STYLE('',(#10851));
#10739=SURFACE_SIDE_STYLE('',(#10852));
#10740=SURFACE_SIDE_STYLE('',(#10853));
#10741=SURFACE_SIDE_STYLE('',(#10854));
#10742=SURFACE_SIDE_STYLE('',(#10855));
#10743=SURFACE_SIDE_STYLE('',(#10856));
#10744=SURFACE_SIDE_STYLE('',(#10857));
#10745=SURFACE_SIDE_STYLE('',(#10858));
#10746=SURFACE_SIDE_STYLE('',(#10859));
#10747=SURFACE_SIDE_STYLE('',(#10860));
#10748=SURFACE_SIDE_STYLE('',(#10861));
#10749=SURFACE_SIDE_STYLE('',(#10862));
#10750=SURFACE_SIDE_STYLE('',(#10863));
#10751=SURFACE_SIDE_STYLE('',(#10864));
#10752=SURFACE_SIDE_STYLE('',(#10865));
#10753=SURFACE_SIDE_STYLE('',(#10866));
#10754=SURFACE_SIDE_STYLE('',(#10867));
#10755=SURFACE_SIDE_STYLE('',(#10868));
#10756=SURFACE_SIDE_STYLE('',(#10869));
#10757=SURFACE_SIDE_STYLE('',(#10870));
#10758=SURFACE_SIDE_STYLE('',(#10871));
#10759=SURFACE_SIDE_STYLE('',(#10872));
#10760=SURFACE_SIDE_STYLE('',(#10873));
#10761=SURFACE_SIDE_STYLE('',(#10874));
#10762=SURFACE_SIDE_STYLE('',(#10875));
#10763=SURFACE_SIDE_STYLE('',(#10876));
#10764=SURFACE_SIDE_STYLE('',(#10877));
#10765=SURFACE_SIDE_STYLE('',(#10878));
#10766=SURFACE_SIDE_STYLE('',(#10879));
#10767=SURFACE_SIDE_STYLE('',(#10880));
#10768=SURFACE_SIDE_STYLE('',(#10881));
#10769=SURFACE_SIDE_STYLE('',(#10882));
#10770=SURFACE_SIDE_STYLE('',(#10883));
#10771=SURFACE_SIDE_STYLE('',(#10884));
#10772=SURFACE_SIDE_STYLE('',(#10885));
#10773=SURFACE_SIDE_STYLE('',(#10886));
#10774=SURFACE_SIDE_STYLE('',(#10887));
#10775=SURFACE_SIDE_STYLE('',(#10888));
#10776=SURFACE_SIDE_STYLE('',(#10889));
#10777=SURFACE_SIDE_STYLE('',(#10890));
#10778=SURFACE_SIDE_STYLE('',(#10891));
#10779=SURFACE_SIDE_STYLE('',(#10892));
#10780=SURFACE_SIDE_STYLE('',(#10893));
#10781=SURFACE_SIDE_STYLE('',(#10894));
#10782=SURFACE_SIDE_STYLE('',(#10895));
#10783=SURFACE_SIDE_STYLE('',(#10896));
#10784=SURFACE_SIDE_STYLE('',(#10897));
#10785=SURFACE_SIDE_STYLE('',(#10898));
#10786=SURFACE_SIDE_STYLE('',(#10899));
#10787=SURFACE_SIDE_STYLE('',(#10900));
#10788=SURFACE_SIDE_STYLE('',(#10901));
#10789=SURFACE_SIDE_STYLE('',(#10902));
#10790=SURFACE_SIDE_STYLE('',(#10903));
#10791=SURFACE_SIDE_STYLE('',(#10904));
#10792=SURFACE_SIDE_STYLE('',(#10905));
#10793=SURFACE_SIDE_STYLE('',(#10906));
#10794=SURFACE_SIDE_STYLE('',(#10907));
#10795=SURFACE_SIDE_STYLE('',(#10908));
#10796=SURFACE_SIDE_STYLE('',(#10909));
#10797=SURFACE_SIDE_STYLE('',(#10910));
#10798=SURFACE_SIDE_STYLE('',(#10911));
#10799=SURFACE_SIDE_STYLE('',(#10912));
#10800=SURFACE_SIDE_STYLE('',(#10913));
#10801=SURFACE_SIDE_STYLE('',(#10914));
#10802=SURFACE_SIDE_STYLE('',(#10915));
#10803=SURFACE_SIDE_STYLE('',(#10916));
#10804=SURFACE_SIDE_STYLE('',(#10917));
#10805=SURFACE_SIDE_STYLE('',(#10918));
#10806=SURFACE_SIDE_STYLE('',(#10919));
#10807=SURFACE_SIDE_STYLE('',(#10920));
#10808=SURFACE_SIDE_STYLE('',(#10921));
#10809=SURFACE_SIDE_STYLE('',(#10922));
#10810=SURFACE_SIDE_STYLE('',(#10923));
#10811=SURFACE_SIDE_STYLE('',(#10924));
#10812=SURFACE_SIDE_STYLE('',(#10925));
#10813=SURFACE_SIDE_STYLE('',(#10926));
#10814=SURFACE_SIDE_STYLE('',(#10927));
#10815=SURFACE_SIDE_STYLE('',(#10928));
#10816=SURFACE_SIDE_STYLE('',(#10929));
#10817=SURFACE_SIDE_STYLE('',(#10930));
#10818=SURFACE_SIDE_STYLE('',(#10931));
#10819=SURFACE_SIDE_STYLE('',(#10932));
#10820=SURFACE_STYLE_FILL_AREA(#10933);
#10821=SURFACE_STYLE_FILL_AREA(#10934);
#10822=SURFACE_STYLE_FILL_AREA(#10935);
#10823=SURFACE_STYLE_FILL_AREA(#10936);
#10824=SURFACE_STYLE_FILL_AREA(#10937);
#10825=SURFACE_STYLE_FILL_AREA(#10938);
#10826=SURFACE_STYLE_FILL_AREA(#10939);
#10827=SURFACE_STYLE_FILL_AREA(#10940);
#10828=SURFACE_STYLE_FILL_AREA(#10941);
#10829=SURFACE_STYLE_FILL_AREA(#10942);
#10830=SURFACE_STYLE_FILL_AREA(#10943);
#10831=SURFACE_STYLE_FILL_AREA(#10944);
#10832=SURFACE_STYLE_FILL_AREA(#10945);
#10833=SURFACE_STYLE_FILL_AREA(#10946);
#10834=SURFACE_STYLE_FILL_AREA(#10947);
#10835=SURFACE_STYLE_FILL_AREA(#10948);
#10836=SURFACE_STYLE_FILL_AREA(#10949);
#10837=SURFACE_STYLE_FILL_AREA(#10950);
#10838=SURFACE_STYLE_FILL_AREA(#10951);
#10839=SURFACE_STYLE_FILL_AREA(#10952);
#10840=SURFACE_STYLE_FILL_AREA(#10953);
#10841=SURFACE_STYLE_FILL_AREA(#10954);
#10842=SURFACE_STYLE_FILL_AREA(#10955);
#10843=SURFACE_STYLE_FILL_AREA(#10956);
#10844=SURFACE_STYLE_FILL_AREA(#10957);
#10845=SURFACE_STYLE_FILL_AREA(#10958);
#10846=SURFACE_STYLE_FILL_AREA(#10959);
#10847=SURFACE_STYLE_FILL_AREA(#10960);
#10848=SURFACE_STYLE_FILL_AREA(#10961);
#10849=SURFACE_STYLE_FILL_AREA(#10962);
#10850=SURFACE_STYLE_FILL_AREA(#10963);
#10851=SURFACE_STYLE_FILL_AREA(#10964);
#10852=SURFACE_STYLE_FILL_AREA(#10965);
#10853=SURFACE_STYLE_FILL_AREA(#10966);
#10854=SURFACE_STYLE_FILL_AREA(#10967);
#10855=SURFACE_STYLE_FILL_AREA(#10968);
#10856=SURFACE_STYLE_FILL_AREA(#10969);
#10857=SURFACE_STYLE_FILL_AREA(#10970);
#10858=SURFACE_STYLE_FILL_AREA(#10971);
#10859=SURFACE_STYLE_FILL_AREA(#10972);
#10860=SURFACE_STYLE_FILL_AREA(#10973);
#10861=SURFACE_STYLE_FILL_AREA(#10974);
#10862=SURFACE_STYLE_FILL_AREA(#10975);
#10863=SURFACE_STYLE_FILL_AREA(#10976);
#10864=SURFACE_STYLE_FILL_AREA(#10977);
#10865=SURFACE_STYLE_FILL_AREA(#10978);
#10866=SURFACE_STYLE_FILL_AREA(#10979);
#10867=SURFACE_STYLE_FILL_AREA(#10980);
#10868=SURFACE_STYLE_FILL_AREA(#10981);
#10869=SURFACE_STYLE_FILL_AREA(#10982);
#10870=SURFACE_STYLE_FILL_AREA(#10983);
#10871=SURFACE_STYLE_FILL_AREA(#10984);
#10872=SURFACE_STYLE_FILL_AREA(#10985);
#10873=SURFACE_STYLE_FILL_AREA(#10986);
#10874=SURFACE_STYLE_FILL_AREA(#10987);
#10875=SURFACE_STYLE_FILL_AREA(#10988);
#10876=SURFACE_STYLE_FILL_AREA(#10989);
#10877=SURFACE_STYLE_FILL_AREA(#10990);
#10878=SURFACE_STYLE_FILL_AREA(#10991);
#10879=SURFACE_STYLE_FILL_AREA(#10992);
#10880=SURFACE_STYLE_FILL_AREA(#10993);
#10881=SURFACE_STYLE_FILL_AREA(#10994);
#10882=SURFACE_STYLE_FILL_AREA(#10995);
#10883=SURFACE_STYLE_FILL_AREA(#10996);
#10884=SURFACE_STYLE_FILL_AREA(#10997);
#10885=SURFACE_STYLE_FILL_AREA(#10998);
#10886=SURFACE_STYLE_FILL_AREA(#10999);
#10887=SURFACE_STYLE_FILL_AREA(#11000);
#10888=SURFACE_STYLE_FILL_AREA(#11001);
#10889=SURFACE_STYLE_FILL_AREA(#11002);
#10890=SURFACE_STYLE_FILL_AREA(#11003);
#10891=SURFACE_STYLE_FILL_AREA(#11004);
#10892=SURFACE_STYLE_FILL_AREA(#11005);
#10893=SURFACE_STYLE_FILL_AREA(#11006);
#10894=SURFACE_STYLE_FILL_AREA(#11007);
#10895=SURFACE_STYLE_FILL_AREA(#11008);
#10896=SURFACE_STYLE_FILL_AREA(#11009);
#10897=SURFACE_STYLE_FILL_AREA(#11010);
#10898=SURFACE_STYLE_FILL_AREA(#11011);
#10899=SURFACE_STYLE_FILL_AREA(#11012);
#10900=SURFACE_STYLE_FILL_AREA(#11013);
#10901=SURFACE_STYLE_FILL_AREA(#11014);
#10902=SURFACE_STYLE_FILL_AREA(#11015);
#10903=SURFACE_STYLE_FILL_AREA(#11016);
#10904=SURFACE_STYLE_FILL_AREA(#11017);
#10905=SURFACE_STYLE_FILL_AREA(#11018);
#10906=SURFACE_STYLE_FILL_AREA(#11019);
#10907=SURFACE_STYLE_FILL_AREA(#11020);
#10908=SURFACE_STYLE_FILL_AREA(#11021);
#10909=SURFACE_STYLE_FILL_AREA(#11022);
#10910=SURFACE_STYLE_FILL_AREA(#11023);
#10911=SURFACE_STYLE_FILL_AREA(#11024);
#10912=SURFACE_STYLE_FILL_AREA(#11025);
#10913=SURFACE_STYLE_FILL_AREA(#11026);
#10914=SURFACE_STYLE_FILL_AREA(#11027);
#10915=SURFACE_STYLE_FILL_AREA(#11028);
#10916=SURFACE_STYLE_FILL_AREA(#11029);
#10917=SURFACE_STYLE_FILL_AREA(#11030);
#10918=SURFACE_STYLE_FILL_AREA(#11031);
#10919=SURFACE_STYLE_FILL_AREA(#11032);
#10920=SURFACE_STYLE_FILL_AREA(#11033);
#10921=SURFACE_STYLE_FILL_AREA(#11034);
#10922=SURFACE_STYLE_FILL_AREA(#11035);
#10923=SURFACE_STYLE_FILL_AREA(#11036);
#10924=SURFACE_STYLE_FILL_AREA(#11037);
#10925=SURFACE_STYLE_FILL_AREA(#11038);
#10926=SURFACE_STYLE_FILL_AREA(#11039);
#10927=SURFACE_STYLE_FILL_AREA(#11040);
#10928=SURFACE_STYLE_FILL_AREA(#11041);
#10929=SURFACE_STYLE_FILL_AREA(#11042);
#10930=SURFACE_STYLE_FILL_AREA(#11043);
#10931=SURFACE_STYLE_FILL_AREA(#11044);
#10932=SURFACE_STYLE_FILL_AREA(#11045);
#10933=FILL_AREA_STYLE('',(#11046));
#10934=FILL_AREA_STYLE('',(#11047));
#10935=FILL_AREA_STYLE('',(#11048));
#10936=FILL_AREA_STYLE('',(#11049));
#10937=FILL_AREA_STYLE('',(#11050));
#10938=FILL_AREA_STYLE('',(#11051));
#10939=FILL_AREA_STYLE('',(#11052));
#10940=FILL_AREA_STYLE('',(#11053));
#10941=FILL_AREA_STYLE('',(#11054));
#10942=FILL_AREA_STYLE('',(#11055));
#10943=FILL_AREA_STYLE('',(#11056));
#10944=FILL_AREA_STYLE('',(#11057));
#10945=FILL_AREA_STYLE('',(#11058));
#10946=FILL_AREA_STYLE('',(#11059));
#10947=FILL_AREA_STYLE('',(#11060));
#10948=FILL_AREA_STYLE('',(#11061));
#10949=FILL_AREA_STYLE('',(#11062));
#10950=FILL_AREA_STYLE('',(#11063));
#10951=FILL_AREA_STYLE('',(#11064));
#10952=FILL_AREA_STYLE('',(#11065));
#10953=FILL_AREA_STYLE('',(#11066));
#10954=FILL_AREA_STYLE('',(#11067));
#10955=FILL_AREA_STYLE('',(#11068));
#10956=FILL_AREA_STYLE('',(#11069));
#10957=FILL_AREA_STYLE('',(#11070));
#10958=FILL_AREA_STYLE('',(#11071));
#10959=FILL_AREA_STYLE('',(#11072));
#10960=FILL_AREA_STYLE('',(#11073));
#10961=FILL_AREA_STYLE('',(#11074));
#10962=FILL_AREA_STYLE('',(#11075));
#10963=FILL_AREA_STYLE('',(#11076));
#10964=FILL_AREA_STYLE('',(#11077));
#10965=FILL_AREA_STYLE('',(#11078));
#10966=FILL_AREA_STYLE('',(#11079));
#10967=FILL_AREA_STYLE('',(#11080));
#10968=FILL_AREA_STYLE('',(#11081));
#10969=FILL_AREA_STYLE('',(#11082));
#10970=FILL_AREA_STYLE('',(#11083));
#10971=FILL_AREA_STYLE('',(#11084));
#10972=FILL_AREA_STYLE('',(#11085));
#10973=FILL_AREA_STYLE('',(#11086));
#10974=FILL_AREA_STYLE('',(#11087));
#10975=FILL_AREA_STYLE('',(#11088));
#10976=FILL_AREA_STYLE('',(#11089));
#10977=FILL_AREA_STYLE('',(#11090));
#10978=FILL_AREA_STYLE('',(#11091));
#10979=FILL_AREA_STYLE('',(#11092));
#10980=FILL_AREA_STYLE('',(#11093));
#10981=FILL_AREA_STYLE('',(#11094));
#10982=FILL_AREA_STYLE('',(#11095));
#10983=FILL_AREA_STYLE('',(#11096));
#10984=FILL_AREA_STYLE('',(#11097));
#10985=FILL_AREA_STYLE('',(#11098));
#10986=FILL_AREA_STYLE('',(#11099));
#10987=FILL_AREA_STYLE('',(#11100));
#10988=FILL_AREA_STYLE('',(#11101));
#10989=FILL_AREA_STYLE('',(#11102));
#10990=FILL_AREA_STYLE('',(#11103));
#10991=FILL_AREA_STYLE('',(#11104));
#10992=FILL_AREA_STYLE('',(#11105));
#10993=FILL_AREA_STYLE('',(#11106));
#10994=FILL_AREA_STYLE('',(#11107));
#10995=FILL_AREA_STYLE('',(#11108));
#10996=FILL_AREA_STYLE('',(#11109));
#10997=FILL_AREA_STYLE('',(#11110));
#10998=FILL_AREA_STYLE('',(#11111));
#10999=FILL_AREA_STYLE('',(#11112));
#11000=FILL_AREA_STYLE('',(#11113));
#11001=FILL_AREA_STYLE('',(#11114));
#11002=FILL_AREA_STYLE('',(#11115));
#11003=FILL_AREA_STYLE('',(#11116));
#11004=FILL_AREA_STYLE('',(#11117));
#11005=FILL_AREA_STYLE('',(#11118));
#11006=FILL_AREA_STYLE('',(#11119));
#11007=FILL_AREA_STYLE('',(#11120));
#11008=FILL_AREA_STYLE('',(#11121));
#11009=FILL_AREA_STYLE('',(#11122));
#11010=FILL_AREA_STYLE('',(#11123));
#11011=FILL_AREA_STYLE('',(#11124));
#11012=FILL_AREA_STYLE('',(#11125));
#11013=FILL_AREA_STYLE('',(#11126));
#11014=FILL_AREA_STYLE('',(#11127));
#11015=FILL_AREA_STYLE('',(#11128));
#11016=FILL_AREA_STYLE('',(#11129));
#11017=FILL_AREA_STYLE('',(#11130));
#11018=FILL_AREA_STYLE('',(#11131));
#11019=FILL_AREA_STYLE('',(#11132));
#11020=FILL_AREA_STYLE('',(#11133));
#11021=FILL_AREA_STYLE('',(#11134));
#11022=FILL_AREA_STYLE('',(#11135));
#11023=FILL_AREA_STYLE('',(#11136));
#11024=FILL_AREA_STYLE('',(#11137));
#11025=FILL_AREA_STYLE('',(#11138));
#11026=FILL_AREA_STYLE('',(#11139));
#11027=FILL_AREA_STYLE('',(#11140));
#11028=FILL_AREA_STYLE('',(#11141));
#11029=FILL_AREA_STYLE('',(#11142));
#11030=FILL_AREA_STYLE('',(#11143));
#11031=FILL_AREA_STYLE('',(#11144));
#11032=FILL_AREA_STYLE('',(#11145));
#11033=FILL_AREA_STYLE('',(#11146));
#11034=FILL_AREA_STYLE('',(#11147));
#11035=FILL_AREA_STYLE('',(#11148));
#11036=FILL_AREA_STYLE('',(#11149));
#11037=FILL_AREA_STYLE('',(#11150));
#11038=FILL_AREA_STYLE('',(#11151));
#11039=FILL_AREA_STYLE('',(#11152));
#11040=FILL_AREA_STYLE('',(#11153));
#11041=FILL_AREA_STYLE('',(#11154));
#11042=FILL_AREA_STYLE('',(#11155));
#11043=FILL_AREA_STYLE('',(#11156));
#11044=FILL_AREA_STYLE('',(#11157));
#11045=FILL_AREA_STYLE('',(#11158));
#11046=FILL_AREA_STYLE_COLOUR('',#11159);
#11047=FILL_AREA_STYLE_COLOUR('',#11160);
#11048=FILL_AREA_STYLE_COLOUR('',#11161);
#11049=FILL_AREA_STYLE_COLOUR('',#144);
#11050=FILL_AREA_STYLE_COLOUR('',#11162);
#11051=FILL_AREA_STYLE_COLOUR('',#11160);
#11052=FILL_AREA_STYLE_COLOUR('',#11163);
#11053=FILL_AREA_STYLE_COLOUR('',#11163);
#11054=FILL_AREA_STYLE_COLOUR('',#11164);
#11055=FILL_AREA_STYLE_COLOUR('',#11165);
#11056=FILL_AREA_STYLE_COLOUR('',#11165);
#11057=FILL_AREA_STYLE_COLOUR('',#11165);
#11058=FILL_AREA_STYLE_COLOUR('',#11163);
#11059=FILL_AREA_STYLE_COLOUR('',#11166);
#11060=FILL_AREA_STYLE_COLOUR('',#11167);
#11061=FILL_AREA_STYLE_COLOUR('',#11167);
#11062=FILL_AREA_STYLE_COLOUR('',#11167);
#11063=FILL_AREA_STYLE_COLOUR('',#11167);
#11064=FILL_AREA_STYLE_COLOUR('',#11167);
#11065=FILL_AREA_STYLE_COLOUR('',#11167);
#11066=FILL_AREA_STYLE_COLOUR('',#11167);
#11067=FILL_AREA_STYLE_COLOUR('',#11167);
#11068=FILL_AREA_STYLE_COLOUR('',#11167);
#11069=FILL_AREA_STYLE_COLOUR('',#11167);
#11070=FILL_AREA_STYLE_COLOUR('',#11167);
#11071=FILL_AREA_STYLE_COLOUR('',#11167);
#11072=FILL_AREA_STYLE_COLOUR('',#11167);
#11073=FILL_AREA_STYLE_COLOUR('',#11167);
#11074=FILL_AREA_STYLE_COLOUR('',#11167);
#11075=FILL_AREA_STYLE_COLOUR('',#11167);
#11076=FILL_AREA_STYLE_COLOUR('',#11167);
#11077=FILL_AREA_STYLE_COLOUR('',#11167);
#11078=FILL_AREA_STYLE_COLOUR('',#11167);
#11079=FILL_AREA_STYLE_COLOUR('',#11167);
#11080=FILL_AREA_STYLE_COLOUR('',#11167);
#11081=FILL_AREA_STYLE_COLOUR('',#11167);
#11082=FILL_AREA_STYLE_COLOUR('',#11167);
#11083=FILL_AREA_STYLE_COLOUR('',#11167);
#11084=FILL_AREA_STYLE_COLOUR('',#11167);
#11085=FILL_AREA_STYLE_COLOUR('',#11167);
#11086=FILL_AREA_STYLE_COLOUR('',#11167);
#11087=FILL_AREA_STYLE_COLOUR('',#11167);
#11088=FILL_AREA_STYLE_COLOUR('',#11167);
#11089=FILL_AREA_STYLE_COLOUR('',#11167);
#11090=FILL_AREA_STYLE_COLOUR('',#11167);
#11091=FILL_AREA_STYLE_COLOUR('',#11167);
#11092=FILL_AREA_STYLE_COLOUR('',#11167);
#11093=FILL_AREA_STYLE_COLOUR('',#11167);
#11094=FILL_AREA_STYLE_COLOUR('',#11167);
#11095=FILL_AREA_STYLE_COLOUR('',#11167);
#11096=FILL_AREA_STYLE_COLOUR('',#11167);
#11097=FILL_AREA_STYLE_COLOUR('',#11167);
#11098=FILL_AREA_STYLE_COLOUR('',#11167);
#11099=FILL_AREA_STYLE_COLOUR('',#11167);
#11100=FILL_AREA_STYLE_COLOUR('',#11167);
#11101=FILL_AREA_STYLE_COLOUR('',#11167);
#11102=FILL_AREA_STYLE_COLOUR('',#11167);
#11103=FILL_AREA_STYLE_COLOUR('',#11167);
#11104=FILL_AREA_STYLE_COLOUR('',#11167);
#11105=FILL_AREA_STYLE_COLOUR('',#11167);
#11106=FILL_AREA_STYLE_COLOUR('',#11167);
#11107=FILL_AREA_STYLE_COLOUR('',#11167);
#11108=FILL_AREA_STYLE_COLOUR('',#11167);
#11109=FILL_AREA_STYLE_COLOUR('',#11167);
#11110=FILL_AREA_STYLE_COLOUR('',#11167);
#11111=FILL_AREA_STYLE_COLOUR('',#11167);
#11112=FILL_AREA_STYLE_COLOUR('',#11163);
#11113=FILL_AREA_STYLE_COLOUR('',#11164);
#11114=FILL_AREA_STYLE_COLOUR('',#11165);
#11115=FILL_AREA_STYLE_COLOUR('',#11165);
#11116=FILL_AREA_STYLE_COLOUR('',#11165);
#11117=FILL_AREA_STYLE_COLOUR('',#11167);
#11118=FILL_AREA_STYLE_COLOUR('',#11163);
#11119=FILL_AREA_STYLE_COLOUR('',#11163);
#11120=FILL_AREA_STYLE_COLOUR('',#11163);
#11121=FILL_AREA_STYLE_COLOUR('',#11163);
#11122=FILL_AREA_STYLE_COLOUR('',#11168);
#11123=FILL_AREA_STYLE_COLOUR('',#11163);
#11124=FILL_AREA_STYLE_COLOUR('',#11163);
#11125=FILL_AREA_STYLE_COLOUR('',#11163);
#11126=FILL_AREA_STYLE_COLOUR('',#11164);
#11127=FILL_AREA_STYLE_COLOUR('',#11165);
#11128=FILL_AREA_STYLE_COLOUR('',#11165);
#11129=FILL_AREA_STYLE_COLOUR('',#11165);
#11130=FILL_AREA_STYLE_COLOUR('',#11164);
#11131=FILL_AREA_STYLE_COLOUR('',#11165);
#11132=FILL_AREA_STYLE_COLOUR('',#11165);
#11133=FILL_AREA_STYLE_COLOUR('',#11165);
#11134=FILL_AREA_STYLE_COLOUR('',#11164);
#11135=FILL_AREA_STYLE_COLOUR('',#11165);
#11136=FILL_AREA_STYLE_COLOUR('',#11165);
#11137=FILL_AREA_STYLE_COLOUR('',#11165);
#11138=FILL_AREA_STYLE_COLOUR('',#11164);
#11139=FILL_AREA_STYLE_COLOUR('',#11165);
#11140=FILL_AREA_STYLE_COLOUR('',#11165);
#11141=FILL_AREA_STYLE_COLOUR('',#11165);
#11142=FILL_AREA_STYLE_COLOUR('',#11164);
#11143=FILL_AREA_STYLE_COLOUR('',#11165);
#11144=FILL_AREA_STYLE_COLOUR('',#11165);
#11145=FILL_AREA_STYLE_COLOUR('',#11165);
#11146=FILL_AREA_STYLE_COLOUR('',#11163);
#11147=FILL_AREA_STYLE_COLOUR('',#11163);
#11148=FILL_AREA_STYLE_COLOUR('',#11164);
#11149=FILL_AREA_STYLE_COLOUR('',#11165);
#11150=FILL_AREA_STYLE_COLOUR('',#11165);
#11151=FILL_AREA_STYLE_COLOUR('',#11165);
#11152=FILL_AREA_STYLE_COLOUR('',#11163);
#11153=FILL_AREA_STYLE_COLOUR('',#11169);
#11154=FILL_AREA_STYLE_COLOUR('',#11163);
#11155=FILL_AREA_STYLE_COLOUR('',#11164);
#11156=FILL_AREA_STYLE_COLOUR('',#11165);
#11157=FILL_AREA_STYLE_COLOUR('',#11165);
#11158=FILL_AREA_STYLE_COLOUR('',#11165);
#11159=COLOUR_RGB('',0.768627450980392,0.886274509803922,0.952941176470588);
#11160=COLOUR_RGB('',0.615686274509804,0.811764705882353,0.929411764705882);
#11161=COLOUR_RGB('',0.980392156862745,0.713725490196078,0.00392156862745098);
#11162=COLOUR_RGB('',0.917647058823529,0.917647058823529,0.917647058823529);
#11163=COLOUR_RGB('',0.823529411764706,0.819607843137255,0.780392156862745);
#11164=COLOUR_RGB('',0.,0.631372549019608,0.749019607843137);
#11165=COLOUR_RGB('',0.698039215686275,0.101960784313725,0.0509803921568627);
#11166=COLOUR_RGB('',0.858823529411765,0.737254901960784,0.494117647058824);
#11167=COLOUR_RGB('',0.149019607843137,0.145098039215686,0.145098039215686);
#11168=COLOUR_RGB('',0.807843137254902,0.427450980392157,0.149019607843137);
#11169=COLOUR_RGB('',0.313725490196078,0.486274509803922,0.411764705882353);
#11170=MANIFOLD_SOLID_BREP('MX switch',#10427);
#11171=MANIFOLD_SOLID_BREP('XIAO ESP32C3 on sockets',#10428);
#11172=MANIFOLD_SOLID_BREP('Open CASCADE STEP translator 7.9 1.1',#10429);
#11173=MANIFOLD_SOLID_BREP('Part 1',#10430);
#11174=MANIFOLD_SOLID_BREP('Part 1',#10431);
#11175=MANIFOLD_SOLID_BREP('TFT display',#10432);
#11176=MANIFOLD_SOLID_BREP('D_DO-35_SOD27_P7.62mm_Horizontal_8',#10433);
#11177=MANIFOLD_SOLID_BREP('D_DO-35_SOD27_P7.62mm_Horizontal_4',#10434);
#11178=MANIFOLD_SOLID_BREP('D_DO-35_SOD27_P7.62mm_Horizontal_1',#10435);
#11179=MANIFOLD_SOLID_BREP('D_DO-35_SOD27_P7.62mm_Horizontal_7',#10436);
#11180=MANIFOLD_SOLID_BREP('PinHeader_1x08_P254mm_Vertical',#10437);
#11181=MANIFOLD_SOLID_BREP('D_DO-35_SOD27_P7.62mm_Horizontal_6',#10438);
#11182=MANIFOLD_SOLID_BREP('D_DO-35_SOD27_P7.62mm_Horizontal_5',#10439);
#11183=MANIFOLD_SOLID_BREP('Buzzer_12x95RM76',#10440);
#11184=MANIFOLD_SOLID_BREP('D_DO-35_SOD27_P7.62mm_Horizontal',#10441);
#11185=MANIFOLD_SOLID_BREP('D_DO-35_SOD27_P7.62mm_Horizontal',#10442);
#11186=MANIFOLD_SOLID_BREP('D_DO-35_SOD27_P7.62mm_Horizontal_4',#10443);
#11187=MANIFOLD_SOLID_BREP('D_DO-35_SOD27_P7.62mm_Horizontal_7',#10444);
#11188=MANIFOLD_SOLID_BREP('D_DO-35_SOD27_P7.62mm_Horizontal_8',#10445);
#11189=MANIFOLD_SOLID_BREP('D_DO-35_SOD27_P7.62mm_Horizontal_3',#10446);
#11190=MANIFOLD_SOLID_BREP('D_DO-35_SOD27_P7.62mm_Horizontal_5',#10447);
#11191=MANIFOLD_SOLID_BREP('D_DO-35_SOD27_P7.62mm_Horizontal_2',#10448);
#11192=MANIFOLD_SOLID_BREP('D_DO-35_SOD27_P7.62mm_Horizontal_2',#10449);
#11193=MANIFOLD_SOLID_BREP('D_DO-35_SOD27_P7.62mm_Horizontal_1',#10450);
#11194=MANIFOLD_SOLID_BREP('kicad_schematic_PCB',#10451);
#11195=MANIFOLD_SOLID_BREP('D_DO-35_SOD27_P7.62mm_Horizontal_3',#10452);
#11196=MANIFOLD_SOLID_BREP('D_DO-35_SOD27_P7.62mm_Horizontal_6',#10453);
#11197=SHAPE_DEFINITION_REPRESENTATION(#18219,#11227);
#11198=SHAPE_DEFINITION_REPRESENTATION(#18220,#11228);
#11199=SHAPE_DEFINITION_REPRESENTATION(#18222,#11229);
#11200=SHAPE_DEFINITION_REPRESENTATION(#18224,#11230);
#11201=SHAPE_DEFINITION_REPRESENTATION(#18228,#11231);
#11202=SHAPE_DEFINITION_REPRESENTATION(#18229,#11232);
#11203=SHAPE_DEFINITION_REPRESENTATION(#18231,#11233);
#11204=SHAPE_DEFINITION_REPRESENTATION(#18245,#11234);
#11205=SHAPE_DEFINITION_REPRESENTATION(#18250,#11235);
#11206=SHAPE_DEFINITION_REPRESENTATION(#18251,#11236);
#11207=SHAPE_DEFINITION_REPRESENTATION(#18253,#11237);
#11208=SHAPE_DEFINITION_REPRESENTATION(#18255,#11238);
#11209=SHAPE_DEFINITION_REPRESENTATION(#18257,#11239);
#11210=SHAPE_DEFINITION_REPRESENTATION(#18259,#11240);
#11211=SHAPE_DEFINITION_REPRESENTATION(#18261,#11241);
#11212=SHAPE_DEFINITION_REPRESENTATION(#18263,#11242);
#11213=SHAPE_DEFINITION_REPRESENTATION(#18265,#11243);
#11214=SHAPE_DEFINITION_REPRESENTATION(#18267,#11244);
#11215=SHAPE_DEFINITION_REPRESENTATION(#18269,#11245);
#11216=SHAPE_DEFINITION_REPRESENTATION(#18271,#11246);
#11217=SHAPE_DEFINITION_REPRESENTATION(#18273,#11247);
#11218=SHAPE_DEFINITION_REPRESENTATION(#18275,#11248);
#11219=SHAPE_DEFINITION_REPRESENTATION(#18277,#11249);
#11220=SHAPE_DEFINITION_REPRESENTATION(#18279,#11250);
#11221=SHAPE_DEFINITION_REPRESENTATION(#18281,#11251);
#11222=SHAPE_DEFINITION_REPRESENTATION(#18283,#11252);
#11223=SHAPE_DEFINITION_REPRESENTATION(#18285,#11253);
#11224=SHAPE_DEFINITION_REPRESENTATION(#18287,#11254);
#11225=SHAPE_DEFINITION_REPRESENTATION(#18289,#11255);
#11226=SHAPE_DEFINITION_REPRESENTATION(#18291,#11256);
#11227=SHAPE_REPRESENTATION('Full Assembly',(#11257,#11286,#11314,#11328,
#11329,#11330,#11486,#11487,#11488,#11489,#11490,#11491,#11492,#11493,#11494,
#11495,#11496,#11497,#11515,#11516,#11517,#11518,#12322),#18156);
#11228=SHAPE_REPRESENTATION('MX switch',(#11257),#18157);
#11229=SHAPE_REPRESENTATION('XIAO ESP32C3 on sockets',(#11257),#18158);
#11230=SHAPE_REPRESENTATION('Open CASCADE STEP translator 7.9 1.1',(#11257),
#18159);
#11231=SHAPE_REPRESENTATION('Top and Bottom <1>',(#11257,#11356,#11485),
#18160);
#11232=SHAPE_REPRESENTATION('Part 1',(#11257),#18161);
#11233=SHAPE_REPRESENTATION('Part 1',(#11257),#18162);
#11234=SHAPE_REPRESENTATION('TFT display',(#11257),#18163);
#11235=SHAPE_REPRESENTATION('PCB assembly <1>',(#11257,#11532,#11546,#11564,
#11578,#11775,#11789,#11807,#11833,#11847,#11865,#11883,#11901,#11919,#11937,
#11951,#11965,#11983,#11997,#12289,#12303,#12321),#18164);
#11236=SHAPE_REPRESENTATION('D_DO-35_SOD27_P7.62mm_Horizontal_8',(#11257),
#18165);
#11237=SHAPE_REPRESENTATION('D_DO-35_SOD27_P7.62mm_Horizontal_4',(#11257),
#18166);
#11238=SHAPE_REPRESENTATION('D_DO-35_SOD27_P7.62mm_Horizontal_1',(#11257),
#18167);
#11239=SHAPE_REPRESENTATION('D_DO-35_SOD27_P7.62mm_Horizontal_7',(#11257),
#18168);
#11240=SHAPE_REPRESENTATION('PinHeader_1x08_P254mm_Vertical',(#11257),#18169);
#11241=SHAPE_REPRESENTATION('D_DO-35_SOD27_P7.62mm_Horizontal_6',(#11257),
#18170);
#11242=SHAPE_REPRESENTATION('D_DO-35_SOD27_P7.62mm_Horizontal_5',(#11257),
#18171);
#11243=SHAPE_REPRESENTATION('Buzzer_12x95RM76',(#11257),#18172);
#11244=SHAPE_REPRESENTATION('D_DO-35_SOD27_P7.62mm_Horizontal',(#11257),
#18173);
#11245=SHAPE_REPRESENTATION('D_DO-35_SOD27_P7.62mm_Horizontal',(#11257),
#18174);
#11246=SHAPE_REPRESENTATION('D_DO-35_SOD27_P7.62mm_Horizontal_4',(#11257),
#18175);
#11247=SHAPE_REPRESENTATION('D_DO-35_SOD27_P7.62mm_Horizontal_7',(#11257),
#18176);
#11248=SHAPE_REPRESENTATION('D_DO-35_SOD27_P7.62mm_Horizontal_8',(#11257),
#18177);
#11249=SHAPE_REPRESENTATION('D_DO-35_SOD27_P7.62mm_Horizontal_3',(#11257),
#18178);
#11250=SHAPE_REPRESENTATION('D_DO-35_SOD27_P7.62mm_Horizontal_5',(#11257),
#18179);
#11251=SHAPE_REPRESENTATION('D_DO-35_SOD27_P7.62mm_Horizontal_2',(#11257),
#18180);
#11252=SHAPE_REPRESENTATION('D_DO-35_SOD27_P7.62mm_Horizontal_2',(#11257),
#18181);
#11253=SHAPE_REPRESENTATION('D_DO-35_SOD27_P7.62mm_Horizontal_1',(#11257),
#18182);
#11254=SHAPE_REPRESENTATION('kicad_schematic_PCB',(#11257),#18183);
#11255=SHAPE_REPRESENTATION('D_DO-35_SOD27_P7.62mm_Horizontal_3',(#11257),
#18184);
#11256=SHAPE_REPRESENTATION('D_DO-35_SOD27_P7.62mm_Horizontal_6',(#11257),
#18185);
#11257=AXIS2_PLACEMENT_3D('',#15275,#12323,#12324);
#11258=AXIS2_PLACEMENT_3D('',#15276,#12325,#12326);
#11259=AXIS2_PLACEMENT_3D('',#15285,#12331,#12332);
#11260=AXIS2_PLACEMENT_3D('',#15291,#12336,#12337);
#11261=AXIS2_PLACEMENT_3D('',#15303,#12344,#12345);
#11262=AXIS2_PLACEMENT_3D('',#15307,#12348,#12349);
#11263=AXIS2_PLACEMENT_3D('',#15309,#12351,#12352);
#11264=AXIS2_PLACEMENT_3D('',#15311,#12353,#12354);
#11265=AXIS2_PLACEMENT_3D('',#15312,#12355,#12356);
#11266=AXIS2_PLACEMENT_3D('',#15318,#12360,#12361);
#11267=AXIS2_PLACEMENT_3D('',#15322,#12364,#12365);
#11268=AXIS2_PLACEMENT_3D('',#15326,#12368,#12369);
#11269=AXIS2_PLACEMENT_3D('',#15328,#12371,#12372);
#11270=AXIS2_PLACEMENT_3D('',#15329,#12373,#12374);
#11271=AXIS2_PLACEMENT_3D('',#15331,#12375,#12376);
#11272=AXIS2_PLACEMENT_3D('',#15356,#12389,#12390);
#11273=AXIS2_PLACEMENT_3D('',#15357,#12391,#12392);
#11274=AXIS2_PLACEMENT_3D('',#15363,#12396,#12397);
#11275=AXIS2_PLACEMENT_3D('',#15367,#12400,#12401);
#11276=AXIS2_PLACEMENT_3D('',#15371,#12404,#12405);
#11277=AXIS2_PLACEMENT_3D('',#15375,#12408,#12409);
#11278=AXIS2_PLACEMENT_3D('',#15379,#12412,#12413);
#11279=AXIS2_PLACEMENT_3D('',#15383,#12416,#12417);
#11280=AXIS2_PLACEMENT_3D('',#15387,#12420,#12421);
#11281=AXIS2_PLACEMENT_3D('',#15391,#12424,#12425);
#11282=AXIS2_PLACEMENT_3D('',#15395,#12428,#12429);
#11283=AXIS2_PLACEMENT_3D('',#15399,#12432,#12433);
#11284=AXIS2_PLACEMENT_3D('',#15403,#12436,#12437);
#11285=AXIS2_PLACEMENT_3D('',#15405,#12439,#12440);
#11286=AXIS2_PLACEMENT_3D('',#15406,#12441,#12442);
#11287=AXIS2_PLACEMENT_3D('',#15407,#12443,#12444);
#11288=AXIS2_PLACEMENT_3D('',#15416,#12449,#12450);
#11289=AXIS2_PLACEMENT_3D('',#15422,#12454,#12455);
#11290=AXIS2_PLACEMENT_3D('',#15428,#12459,#12460);
#11291=AXIS2_PLACEMENT_3D('',#15431,#12463,#12464);
#11292=AXIS2_PLACEMENT_3D('',#15432,#12465,#12466);
#11293=AXIS2_PLACEMENT_3D('',#15441,#12471,#12472);
#11294=AXIS2_PLACEMENT_3D('',#15447,#12476,#12477);
#11295=AXIS2_PLACEMENT_3D('',#15453,#12481,#12482);
#11296=AXIS2_PLACEMENT_3D('',#15456,#12485,#12486);
#11297=AXIS2_PLACEMENT_3D('',#15457,#12487,#12488);
#11298=AXIS2_PLACEMENT_3D('',#15466,#12493,#12494);
#11299=AXIS2_PLACEMENT_3D('',#15472,#12498,#12499);
#11300=AXIS2_PLACEMENT_3D('',#15478,#12503,#12504);
#11301=AXIS2_PLACEMENT_3D('',#15485,#12509,#12510);
#11302=AXIS2_PLACEMENT_3D('',#15499,#12518,#12519);
#11303=AXIS2_PLACEMENT_3D('',#15500,#12520,#12521);
#11304=AXIS2_PLACEMENT_3D('',#15506,#12525,#12526);
#11305=AXIS2_PLACEMENT_3D('',#15512,#12530,#12531);
#11306=AXIS2_PLACEMENT_3D('',#15516,#12534,#12535);
#11307=AXIS2_PLACEMENT_3D('',#15520,#12538,#12539);
#11308=AXIS2_PLACEMENT_3D('',#15522,#12541,#12542);
#11309=AXIS2_PLACEMENT_3D('',#15523,#12543,#12544);
#11310=AXIS2_PLACEMENT_3D('',#15529,#12548,#12549);
#11311=AXIS2_PLACEMENT_3D('',#15533,#12552,#12553);
#11312=AXIS2_PLACEMENT_3D('',#15537,#12556,#12557);
#11313=AXIS2_PLACEMENT_3D('',#15539,#12559,#12560);
#11314=AXIS2_PLACEMENT_3D('',#15540,#12561,#12562);
#11315=AXIS2_PLACEMENT_3D('',#15541,#12563,#12564);
#11316=AXIS2_PLACEMENT_3D('',#15556,#12567,#12568);
#11317=AXIS2_PLACEMENT_3D('',#15577,#12569,#12570);
#11318=AXIS2_PLACEMENT_3D('',#15588,#12574,#12575);
#11319=AXIS2_PLACEMENT_3D('',#15604,#12576,#12577);
#11320=AXIS2_PLACEMENT_3D('',#15627,#12584,#12585);
#11321=AXIS2_PLACEMENT_3D('',#15636,#12588,#12589);
#11322=AXIS2_PLACEMENT_3D('',#15641,#12590,#12591);
#11323=AXIS2_PLACEMENT_3D('',#15650,#12594,#12595);
#11324=AXIS2_PLACEMENT_3D('',#15655,#12596,#12597);
#11325=AXIS2_PLACEMENT_3D('',#15665,#12598,#12599);
#11326=AXIS2_PLACEMENT_3D('',#15675,#12600,#12601);
#11327=AXIS2_PLACEMENT_3D('',#15677,#12603,#12604);
#11328=AXIS2_PLACEMENT_3D('',#15678,#12605,#12606);
#11329=AXIS2_PLACEMENT_3D('',#15679,#12607,#12608);
#11330=AXIS2_PLACEMENT_3D('',#15680,#12609,#12610);
#11331=AXIS2_PLACEMENT_3D('',#15681,#12611,#12612);
#11332=AXIS2_PLACEMENT_3D('',#15690,#12617,#12618);
#11333=AXIS2_PLACEMENT_3D('',#15692,#12619,#12620);
#11334=AXIS2_PLACEMENT_3D('',#15694,#12621,#12622);
#11335=AXIS2_PLACEMENT_3D('',#15696,#12623,#12624);
#11336=AXIS2_PLACEMENT_3D('',#15698,#12625,#12626);
#11337=AXIS2_PLACEMENT_3D('',#15708,#12631,#12632);
#11338=AXIS2_PLACEMENT_3D('',#15709,#12633,#12634);
#11339=AXIS2_PLACEMENT_3D('',#15711,#12635,#12636);
#11340=AXIS2_PLACEMENT_3D('',#15713,#12637,#12638);
#11341=AXIS2_PLACEMENT_3D('',#15715,#12639,#12640);
#11342=AXIS2_PLACEMENT_3D('',#15728,#12646,#12647);
#11343=AXIS2_PLACEMENT_3D('',#15735,#12651,#12652);
#11344=AXIS2_PLACEMENT_3D('',#15738,#12655,#12656);
#11345=AXIS2_PLACEMENT_3D('',#15741,#12659,#12660);
#11346=AXIS2_PLACEMENT_3D('',#15744,#12663,#12664);
#11347=AXIS2_PLACEMENT_3D('',#15746,#12666,#12667);
#11348=AXIS2_PLACEMENT_3D('',#15748,#12669,#12670);
#11349=AXIS2_PLACEMENT_3D('',#15749,#12671,#12672);
#11350=AXIS2_PLACEMENT_3D('',#15751,#12674,#12675);
#11351=AXIS2_PLACEMENT_3D('',#15752,#12676,#12677);
#11352=AXIS2_PLACEMENT_3D('',#15753,#12678,#12679);
#11353=AXIS2_PLACEMENT_3D('',#15754,#12680,#12681);
#11354=AXIS2_PLACEMENT_3D('',#15755,#12682,#12683);
#11355=AXIS2_PLACEMENT_3D('',#15756,#12684,#12685);
#11356=AXIS2_PLACEMENT_3D('',#15757,#12686,#12687);
#11357=AXIS2_PLACEMENT_3D('',#15758,#12688,#12689);
#11358=AXIS2_PLACEMENT_3D('',#15762,#12691,#12692);
#11359=AXIS2_PLACEMENT_3D('',#15763,#12693,#12694);
#11360=AXIS2_PLACEMENT_3D('',#15764,#12695,#12696);
#11361=AXIS2_PLACEMENT_3D('',#15773,#12701,#12702);
#11362=AXIS2_PLACEMENT_3D('',#15775,#12703,#12704);
#11363=AXIS2_PLACEMENT_3D('',#15777,#12705,#12706);
#11364=AXIS2_PLACEMENT_3D('',#15787,#12711,#12712);
#11365=AXIS2_PLACEMENT_3D('',#15788,#12713,#12714);
#11366=AXIS2_PLACEMENT_3D('',#15789,#12715,#12716);
#11367=AXIS2_PLACEMENT_3D('',#15791,#12717,#12718);
#11368=AXIS2_PLACEMENT_3D('',#15795,#12720,#12721);
#11369=AXIS2_PLACEMENT_3D('',#15799,#12723,#12724);
#11370=AXIS2_PLACEMENT_3D('',#15802,#12726,#12727);
#11371=AXIS2_PLACEMENT_3D('',#15803,#12728,#12729);
#11372=AXIS2_PLACEMENT_3D('',#15810,#12731,#12732);
#11373=AXIS2_PLACEMENT_3D('',#15817,#12734,#12735);
#11374=AXIS2_PLACEMENT_3D('',#15818,#12736,#12737);
#11375=AXIS2_PLACEMENT_3D('',#15824,#12741,#12742);
#11376=AXIS2_PLACEMENT_3D('',#15827,#12744,#12745);
#11377=AXIS2_PLACEMENT_3D('',#15828,#12746,#12747);
#11378=AXIS2_PLACEMENT_3D('',#15831,#12749,#12750);
#11379=AXIS2_PLACEMENT_3D('',#15832,#12751,#12752);
#11380=AXIS2_PLACEMENT_3D('',#15835,#12754,#12755);
#11381=AXIS2_PLACEMENT_3D('',#15836,#12756,#12757);
#11382=AXIS2_PLACEMENT_3D('',#15842,#12761,#12762);
#11383=AXIS2_PLACEMENT_3D('',#15846,#12765,#12766);
#11384=AXIS2_PLACEMENT_3D('',#15850,#12769,#12770);
#11385=AXIS2_PLACEMENT_3D('',#15852,#12772,#12773);
#11386=AXIS2_PLACEMENT_3D('',#15855,#12775,#12776);
#11387=AXIS2_PLACEMENT_3D('',#15859,#12778,#12779);
#11388=AXIS2_PLACEMENT_3D('',#15867,#12784,#12785);
#11389=AXIS2_PLACEMENT_3D('',#15873,#12789,#12790);
#11390=AXIS2_PLACEMENT_3D('',#15877,#12793,#12794);
#11391=AXIS2_PLACEMENT_3D('',#15879,#12795,#12796);
#11392=AXIS2_PLACEMENT_3D('',#15889,#12801,#12802);
#11393=AXIS2_PLACEMENT_3D('',#15893,#12805,#12806);
#11394=AXIS2_PLACEMENT_3D('',#15894,#12807,#12808);
#11395=AXIS2_PLACEMENT_3D('',#15897,#12810,#12811);
#11396=AXIS2_PLACEMENT_3D('',#15899,#12813,#12814);
#11397=AXIS2_PLACEMENT_3D('',#15903,#12817,#12818);
#11398=AXIS2_PLACEMENT_3D('',#15904,#12819,#12820);
#11399=AXIS2_PLACEMENT_3D('',#15905,#12821,#12822);
#11400=AXIS2_PLACEMENT_3D('',#15906,#12823,#12824);
#11401=AXIS2_PLACEMENT_3D('',#15910,#12826,#12827);
#11402=AXIS2_PLACEMENT_3D('',#15911,#12828,#12829);
#11403=AXIS2_PLACEMENT_3D('',#15912,#12830,#12831);
#11404=AXIS2_PLACEMENT_3D('',#15913,#12832,#12833);
#11405=AXIS2_PLACEMENT_3D('',#15915,#12835,#12836);
#11406=AXIS2_PLACEMENT_3D('',#15925,#12842,#12843);
#11407=AXIS2_PLACEMENT_3D('',#15926,#12844,#12845);
#11408=AXIS2_PLACEMENT_3D('',#15927,#12846,#12847);
#11409=AXIS2_PLACEMENT_3D('',#15937,#12853,#12854);
#11410=AXIS2_PLACEMENT_3D('',#15970,#12871,#12872);
#11411=AXIS2_PLACEMENT_3D('',#15973,#12874,#12875);
#11412=AXIS2_PLACEMENT_3D('',#15974,#12876,#12877);
#11413=AXIS2_PLACEMENT_3D('',#15977,#12879,#12880);
#11414=AXIS2_PLACEMENT_3D('',#15978,#12881,#12882);
#11415=AXIS2_PLACEMENT_3D('',#15984,#12886,#12887);
#11416=AXIS2_PLACEMENT_3D('',#15992,#12892,#12893);
#11417=AXIS2_PLACEMENT_3D('',#16000,#12898,#12899);
#11418=AXIS2_PLACEMENT_3D('',#16002,#12901,#12902);
#11419=AXIS2_PLACEMENT_3D('',#16003,#12903,#12904);
#11420=AXIS2_PLACEMENT_3D('',#16004,#12905,#12906);
#11421=AXIS2_PLACEMENT_3D('',#16010,#12910,#12911);
#11422=AXIS2_PLACEMENT_3D('',#16014,#12914,#12915);
#11423=AXIS2_PLACEMENT_3D('',#16018,#12918,#12919);
#11424=AXIS2_PLACEMENT_3D('',#16020,#12921,#12922);
#11425=AXIS2_PLACEMENT_3D('',#16023,#12925,#12926);
#11426=AXIS2_PLACEMENT_3D('',#16025,#12928,#12929);
#11427=AXIS2_PLACEMENT_3D('',#16027,#12931,#12932);
#11428=AXIS2_PLACEMENT_3D('',#16028,#12933,#12934);
#11429=AXIS2_PLACEMENT_3D('',#16034,#12938,#12939);
#11430=AXIS2_PLACEMENT_3D('',#16038,#12942,#12943);
#11431=AXIS2_PLACEMENT_3D('',#16042,#12946,#12947);
#11432=AXIS2_PLACEMENT_3D('',#16044,#12949,#12950);
#11433=AXIS2_PLACEMENT_3D('',#16050,#12954,#12955);
#11434=AXIS2_PLACEMENT_3D('',#16054,#12958,#12959);
#11435=AXIS2_PLACEMENT_3D('',#16058,#12962,#12963);
#11436=AXIS2_PLACEMENT_3D('',#16060,#12965,#12966);
#11437=AXIS2_PLACEMENT_3D('',#16066,#12970,#12971);
#11438=AXIS2_PLACEMENT_3D('',#16070,#12974,#12975);
#11439=AXIS2_PLACEMENT_3D('',#16074,#12978,#12979);
#11440=AXIS2_PLACEMENT_3D('',#16076,#12981,#12982);
#11441=AXIS2_PLACEMENT_3D('',#16082,#12986,#12987);
#11442=AXIS2_PLACEMENT_3D('',#16086,#12990,#12991);
#11443=AXIS2_PLACEMENT_3D('',#16090,#12994,#12995);
#11444=AXIS2_PLACEMENT_3D('',#16092,#12997,#12998);
#11445=AXIS2_PLACEMENT_3D('',#16093,#12999,#13000);
#11446=AXIS2_PLACEMENT_3D('',#16094,#13001,#13002);
#11447=AXIS2_PLACEMENT_3D('',#16096,#13004,#13005);
#11448=AXIS2_PLACEMENT_3D('',#16098,#13007,#13008);
#11449=AXIS2_PLACEMENT_3D('',#16099,#13009,#13010);
#11450=AXIS2_PLACEMENT_3D('',#16100,#13011,#13012);
#11451=AXIS2_PLACEMENT_3D('',#16102,#13013,#13014);
#11452=AXIS2_PLACEMENT_3D('',#16103,#13015,#13016);
#11453=AXIS2_PLACEMENT_3D('',#16105,#13017,#13018);
#11454=AXIS2_PLACEMENT_3D('',#16106,#13019,#13020);
#11455=AXIS2_PLACEMENT_3D('',#16108,#13021,#13022);
#11456=AXIS2_PLACEMENT_3D('',#16109,#13023,#13024);
#11457=AXIS2_PLACEMENT_3D('',#16111,#13025,#13026);
#11458=AXIS2_PLACEMENT_3D('',#16114,#13028,#13029);
#11459=AXIS2_PLACEMENT_3D('',#16115,#13030,#13031);
#11460=AXIS2_PLACEMENT_3D('',#16118,#13033,#13034);
#11461=AXIS2_PLACEMENT_3D('',#16119,#13035,#13036);
#11462=AXIS2_PLACEMENT_3D('',#16122,#13038,#13039);
#11463=AXIS2_PLACEMENT_3D('',#16123,#13040,#13041);
#11464=AXIS2_PLACEMENT_3D('',#16126,#13043,#13044);
#11465=AXIS2_PLACEMENT_3D('',#16127,#13045,#13046);
#11466=AXIS2_PLACEMENT_3D('',#16128,#13047,#13048);
#11467=AXIS2_PLACEMENT_3D('',#16130,#13049,#13050);
#11468=AXIS2_PLACEMENT_3D('',#16131,#13051,#13052);
#11469=AXIS2_PLACEMENT_3D('',#16133,#13053,#13054);
#11470=AXIS2_PLACEMENT_3D('',#16134,#13055,#13056);
#11471=AXIS2_PLACEMENT_3D('',#16136,#13057,#13058);
#11472=AXIS2_PLACEMENT_3D('',#16137,#13059,#13060);
#11473=AXIS2_PLACEMENT_3D('',#16139,#13061,#13062);
#11474=AXIS2_PLACEMENT_3D('',#16142,#13064,#13065);
#11475=AXIS2_PLACEMENT_3D('',#16143,#13066,#13067);
#11476=AXIS2_PLACEMENT_3D('',#16146,#13069,#13070);
#11477=AXIS2_PLACEMENT_3D('',#16147,#13071,#13072);
#11478=AXIS2_PLACEMENT_3D('',#16150,#13074,#13075);
#11479=AXIS2_PLACEMENT_3D('',#16151,#13076,#13077);
#11480=AXIS2_PLACEMENT_3D('',#16154,#13079,#13080);
#11481=AXIS2_PLACEMENT_3D('',#16155,#13081,#13082);
#11482=AXIS2_PLACEMENT_3D('',#16156,#13083,#13084);
#11483=AXIS2_PLACEMENT_3D('',#16157,#13085,#13086);
#11484=AXIS2_PLACEMENT_3D('',#16158,#13087,#13088);
#11485=AXIS2_PLACEMENT_3D('',#16159,#13089,#13090);
#11486=AXIS2_PLACEMENT_3D('',#16160,#13091,#13092);
#11487=AXIS2_PLACEMENT_3D('',#16161,#13093,#13094);
#11488=AXIS2_PLACEMENT_3D('',#16162,#13095,#13096);
#11489=AXIS2_PLACEMENT_3D('',#16163,#13097,#13098);
#11490=AXIS2_PLACEMENT_3D('',#16164,#13099,#13100);
#11491=AXIS2_PLACEMENT_3D('',#16165,#13101,#13102);
#11492=AXIS2_PLACEMENT_3D('',#16166,#13103,#13104);
#11493=AXIS2_PLACEMENT_3D('',#16167,#13105,#13106);
#11494=AXIS2_PLACEMENT_3D('',#16168,#13107,#13108);
#11495=AXIS2_PLACEMENT_3D('',#16169,#13109,#13110);
#11496=AXIS2_PLACEMENT_3D('',#16170,#13111,#13112);
#11497=AXIS2_PLACEMENT_3D('',#16171,#13113,#13114);
#11498=AXIS2_PLACEMENT_3D('',#16172,#13115,#13116);
#11499=AXIS2_PLACEMENT_3D('',#16181,#13121,#13122);
#11500=AXIS2_PLACEMENT_3D('',#16187,#13126,#13127);
#11501=AXIS2_PLACEMENT_3D('',#16193,#13131,#13132);
#11502=AXIS2_PLACEMENT_3D('',#16194,#13133,#13134);
#11503=AXIS2_PLACEMENT_3D('',#16196,#13135,#13136);
#11504=AXIS2_PLACEMENT_3D('',#16198,#13137,#13138);
#11505=AXIS2_PLACEMENT_3D('',#16199,#13139,#13140);
#11506=AXIS2_PLACEMENT_3D('',#16201,#13141,#13142);
#11507=AXIS2_PLACEMENT_3D('',#16203,#13143,#13144);
#11508=AXIS2_PLACEMENT_3D('',#16206,#13147,#13148);
#11509=AXIS2_PLACEMENT_3D('',#16215,#13153,#13154);
#11510=AXIS2_PLACEMENT_3D('',#16216,#13155,#13156);
#11511=AXIS2_PLACEMENT_3D('',#16222,#13160,#13161);
#11512=AXIS2_PLACEMENT_3D('',#16226,#13164,#13165);
#11513=AXIS2_PLACEMENT_3D('',#16230,#13168,#13169);
#11514=AXIS2_PLACEMENT_3D('',#16232,#13171,#13172);
#11515=AXIS2_PLACEMENT_3D('',#16233,#13173,#13174);
#11516=AXIS2_PLACEMENT_3D('',#16234,#13175,#13176);
#11517=AXIS2_PLACEMENT_3D('',#16235,#13177,#13178);
#11518=AXIS2_PLACEMENT_3D('',#16236,#13179,#13180);
#11519=AXIS2_PLACEMENT_3D('',#16237,#13181,#13182);
#11520=AXIS2_PLACEMENT_3D('',#16238,#13183,#13184);
#11521=AXIS2_PLACEMENT_3D('',#16240,#13185,#13186);
#11522=AXIS2_PLACEMENT_3D('',#16242,#13187,#13188);
#11523=AXIS2_PLACEMENT_3D('',#16243,#13189,#13190);
#11524=AXIS2_PLACEMENT_3D('',#16245,#13191,#13192);
#11525=AXIS2_PLACEMENT_3D('',#16246,#13193,#13194);
#11526=AXIS2_PLACEMENT_3D('',#16248,#13195,#13196);
#11527=AXIS2_PLACEMENT_3D('',#16249,#13197,#13198);
#11528=AXIS2_PLACEMENT_3D('',#16251,#13199,#13200);
#11529=AXIS2_PLACEMENT_3D('',#16252,#13201,#13202);
#11530=AXIS2_PLACEMENT_3D('',#16254,#13203,#13204);
#11531=AXIS2_PLACEMENT_3D('',#16255,#13205,#13206);
#11532=AXIS2_PLACEMENT_3D('',#16256,#13207,#13208);
#11533=AXIS2_PLACEMENT_3D('',#16257,#13209,#13210);
#11534=AXIS2_PLACEMENT_3D('',#16258,#13211,#13212);
#11535=AXIS2_PLACEMENT_3D('',#16260,#13213,#13214);
#11536=AXIS2_PLACEMENT_3D('',#16262,#13215,#13216);
#11537=AXIS2_PLACEMENT_3D('',#16263,#13217,#13218);
#11538=AXIS2_PLACEMENT_3D('',#16265,#13219,#13220);
#11539=AXIS2_PLACEMENT_3D('',#16266,#13221,#13222);
#11540=AXIS2_PLACEMENT_3D('',#16268,#13223,#13224);
#11541=AXIS2_PLACEMENT_3D('',#16269,#13225,#13226);
#11542=AXIS2_PLACEMENT_3D('',#16271,#13227,#13228);
#11543=AXIS2_PLACEMENT_3D('',#16272,#13229,#13230);
#11544=AXIS2_PLACEMENT_3D('',#16274,#13231,#13232);
#11545=AXIS2_PLACEMENT_3D('',#16275,#13233,#13234);
#11546=AXIS2_PLACEMENT_3D('',#16276,#13235,#13236);
#11547=AXIS2_PLACEMENT_3D('',#16277,#13237,#13238);
#11548=AXIS2_PLACEMENT_3D('',#16278,#13239,#13240);
#11549=AXIS2_PLACEMENT_3D('',#16280,#13241,#13242);
#11550=AXIS2_PLACEMENT_3D('',#16282,#13243,#13244);
#11551=AXIS2_PLACEMENT_3D('',#16283,#13245,#13246);
#11552=AXIS2_PLACEMENT_3D('',#16285,#13247,#13248);
#11553=AXIS2_PLACEMENT_3D('',#16286,#13249,#13250);
#11554=AXIS2_PLACEMENT_3D('',#16288,#13251,#13252);
#11555=AXIS2_PLACEMENT_3D('',#16289,#13253,#13254);
#11556=AXIS2_PLACEMENT_3D('',#16291,#13255,#13256);
#11557=AXIS2_PLACEMENT_3D('',#16292,#13257,#13258);
#11558=AXIS2_PLACEMENT_3D('',#16294,#13259,#13260);
#11559=AXIS2_PLACEMENT_3D('',#16295,#13261,#13262);
#11560=AXIS2_PLACEMENT_3D('',#16297,#13263,#13264);
#11561=AXIS2_PLACEMENT_3D('',#16298,#13265,#13266);
#11562=AXIS2_PLACEMENT_3D('',#16300,#13267,#13268);
#11563=AXIS2_PLACEMENT_3D('',#16301,#13269,#13270);
#11564=AXIS2_PLACEMENT_3D('',#16302,#13271,#13272);
#11565=AXIS2_PLACEMENT_3D('',#16303,#13273,#13274);
#11566=AXIS2_PLACEMENT_3D('',#16304,#13275,#13276);
#11567=AXIS2_PLACEMENT_3D('',#16306,#13277,#13278);
#11568=AXIS2_PLACEMENT_3D('',#16308,#13279,#13280);
#11569=AXIS2_PLACEMENT_3D('',#16309,#13281,#13282);
#11570=AXIS2_PLACEMENT_3D('',#16311,#13283,#13284);
#11571=AXIS2_PLACEMENT_3D('',#16312,#13285,#13286);
#11572=AXIS2_PLACEMENT_3D('',#16314,#13287,#13288);
#11573=AXIS2_PLACEMENT_3D('',#16315,#13289,#13290);
#11574=AXIS2_PLACEMENT_3D('',#16317,#13291,#13292);
#11575=AXIS2_PLACEMENT_3D('',#16318,#13293,#13294);
#11576=AXIS2_PLACEMENT_3D('',#16320,#13295,#13296);
#11577=AXIS2_PLACEMENT_3D('',#16321,#13297,#13298);
#11578=AXIS2_PLACEMENT_3D('',#16322,#13299,#13300);
#11579=AXIS2_PLACEMENT_3D('',#16323,#13301,#13302);
#11580=AXIS2_PLACEMENT_3D('',#16332,#13307,#13308);
#11581=AXIS2_PLACEMENT_3D('',#16338,#13312,#13313);
#11582=AXIS2_PLACEMENT_3D('',#16344,#13317,#13318);
#11583=AXIS2_PLACEMENT_3D('',#16502,#13398,#13399);
#11584=AXIS2_PLACEMENT_3D('',#16660,#13479,#13480);
#11585=AXIS2_PLACEMENT_3D('',#16662,#13482,#13483);
#11586=AXIS2_PLACEMENT_3D('',#16664,#13485,#13486);
#11587=AXIS2_PLACEMENT_3D('',#16666,#13488,#13489);
#11588=AXIS2_PLACEMENT_3D('',#16668,#13491,#13492);
#11589=AXIS2_PLACEMENT_3D('',#16670,#13494,#13495);
#11590=AXIS2_PLACEMENT_3D('',#16672,#13497,#13498);
#11591=AXIS2_PLACEMENT_3D('',#16674,#13500,#13501);
#11592=AXIS2_PLACEMENT_3D('',#16676,#13503,#13504);
#11593=AXIS2_PLACEMENT_3D('',#16678,#13506,#13507);
#11594=AXIS2_PLACEMENT_3D('',#16680,#13509,#13510);
#11595=AXIS2_PLACEMENT_3D('',#16682,#13512,#13513);
#11596=AXIS2_PLACEMENT_3D('',#16684,#13515,#13516);
#11597=AXIS2_PLACEMENT_3D('',#16686,#13518,#13519);
#11598=AXIS2_PLACEMENT_3D('',#16688,#13521,#13522);
#11599=AXIS2_PLACEMENT_3D('',#16690,#13524,#13525);
#11600=AXIS2_PLACEMENT_3D('',#16692,#13527,#13528);
#11601=AXIS2_PLACEMENT_3D('',#16694,#13530,#13531);
#11602=AXIS2_PLACEMENT_3D('',#16696,#13533,#13534);
#11603=AXIS2_PLACEMENT_3D('',#16698,#13536,#13537);
#11604=AXIS2_PLACEMENT_3D('',#16700,#13539,#13540);
#11605=AXIS2_PLACEMENT_3D('',#16702,#13542,#13543);
#11606=AXIS2_PLACEMENT_3D('',#16704,#13545,#13546);
#11607=AXIS2_PLACEMENT_3D('',#16706,#13548,#13549);
#11608=AXIS2_PLACEMENT_3D('',#16708,#13551,#13552);
#11609=AXIS2_PLACEMENT_3D('',#16710,#13554,#13555);
#11610=AXIS2_PLACEMENT_3D('',#16712,#13557,#13558);
#11611=AXIS2_PLACEMENT_3D('',#16714,#13560,#13561);
#11612=AXIS2_PLACEMENT_3D('',#16716,#13563,#13564);
#11613=AXIS2_PLACEMENT_3D('',#16718,#13566,#13567);
#11614=AXIS2_PLACEMENT_3D('',#16720,#13569,#13570);
#11615=AXIS2_PLACEMENT_3D('',#16722,#13572,#13573);
#11616=AXIS2_PLACEMENT_3D('',#16724,#13575,#13576);
#11617=AXIS2_PLACEMENT_3D('',#16726,#13578,#13579);
#11618=AXIS2_PLACEMENT_3D('',#16728,#13581,#13582);
#11619=AXIS2_PLACEMENT_3D('',#16730,#13584,#13585);
#11620=AXIS2_PLACEMENT_3D('',#16732,#13587,#13588);
#11621=AXIS2_PLACEMENT_3D('',#16734,#13590,#13591);
#11622=AXIS2_PLACEMENT_3D('',#16736,#13593,#13594);
#11623=AXIS2_PLACEMENT_3D('',#16738,#13596,#13597);
#11624=AXIS2_PLACEMENT_3D('',#16740,#13599,#13600);
#11625=AXIS2_PLACEMENT_3D('',#16742,#13602,#13603);
#11626=AXIS2_PLACEMENT_3D('',#16744,#13605,#13606);
#11627=AXIS2_PLACEMENT_3D('',#16746,#13608,#13609);
#11628=AXIS2_PLACEMENT_3D('',#16748,#13611,#13612);
#11629=AXIS2_PLACEMENT_3D('',#16750,#13614,#13615);
#11630=AXIS2_PLACEMENT_3D('',#16752,#13617,#13618);
#11631=AXIS2_PLACEMENT_3D('',#16753,#13619,#13620);
#11632=AXIS2_PLACEMENT_3D('',#16759,#13624,#13625);
#11633=AXIS2_PLACEMENT_3D('',#16763,#13628,#13629);
#11634=AXIS2_PLACEMENT_3D('',#16767,#13632,#13633);
#11635=AXIS2_PLACEMENT_3D('',#16769,#13635,#13636);
#11636=AXIS2_PLACEMENT_3D('',#16775,#13640,#13641);
#11637=AXIS2_PLACEMENT_3D('',#16779,#13644,#13645);
#11638=AXIS2_PLACEMENT_3D('',#16783,#13648,#13649);
#11639=AXIS2_PLACEMENT_3D('',#16785,#13651,#13652);
#11640=AXIS2_PLACEMENT_3D('',#16791,#13656,#13657);
#11641=AXIS2_PLACEMENT_3D('',#16795,#13660,#13661);
#11642=AXIS2_PLACEMENT_3D('',#16799,#13664,#13665);
#11643=AXIS2_PLACEMENT_3D('',#16801,#13667,#13668);
#11644=AXIS2_PLACEMENT_3D('',#16807,#13672,#13673);
#11645=AXIS2_PLACEMENT_3D('',#16811,#13676,#13677);
#11646=AXIS2_PLACEMENT_3D('',#16815,#13680,#13681);
#11647=AXIS2_PLACEMENT_3D('',#16817,#13683,#13684);
#11648=AXIS2_PLACEMENT_3D('',#16823,#13688,#13689);
#11649=AXIS2_PLACEMENT_3D('',#16827,#13692,#13693);
#11650=AXIS2_PLACEMENT_3D('',#16831,#13696,#13697);
#11651=AXIS2_PLACEMENT_3D('',#16833,#13699,#13700);
#11652=AXIS2_PLACEMENT_3D('',#16839,#13704,#13705);
#11653=AXIS2_PLACEMENT_3D('',#16843,#13708,#13709);
#11654=AXIS2_PLACEMENT_3D('',#16847,#13712,#13713);
#11655=AXIS2_PLACEMENT_3D('',#16849,#13715,#13716);
#11656=AXIS2_PLACEMENT_3D('',#16855,#13720,#13721);
#11657=AXIS2_PLACEMENT_3D('',#16859,#13724,#13725);
#11658=AXIS2_PLACEMENT_3D('',#16863,#13728,#13729);
#11659=AXIS2_PLACEMENT_3D('',#16865,#13731,#13732);
#11660=AXIS2_PLACEMENT_3D('',#16871,#13736,#13737);
#11661=AXIS2_PLACEMENT_3D('',#16875,#13740,#13741);
#11662=AXIS2_PLACEMENT_3D('',#16879,#13744,#13745);
#11663=AXIS2_PLACEMENT_3D('',#16881,#13747,#13748);
#11664=AXIS2_PLACEMENT_3D('',#16887,#13752,#13753);
#11665=AXIS2_PLACEMENT_3D('',#16891,#13756,#13757);
#11666=AXIS2_PLACEMENT_3D('',#16895,#13760,#13761);
#11667=AXIS2_PLACEMENT_3D('',#16897,#13763,#13764);
#11668=AXIS2_PLACEMENT_3D('',#16903,#13768,#13769);
#11669=AXIS2_PLACEMENT_3D('',#16907,#13772,#13773);
#11670=AXIS2_PLACEMENT_3D('',#16911,#13776,#13777);
#11671=AXIS2_PLACEMENT_3D('',#16913,#13779,#13780);
#11672=AXIS2_PLACEMENT_3D('',#16919,#13784,#13785);
#11673=AXIS2_PLACEMENT_3D('',#16923,#13788,#13789);
#11674=AXIS2_PLACEMENT_3D('',#16927,#13792,#13793);
#11675=AXIS2_PLACEMENT_3D('',#16929,#13795,#13796);
#11676=AXIS2_PLACEMENT_3D('',#16935,#13800,#13801);
#11677=AXIS2_PLACEMENT_3D('',#16939,#13804,#13805);
#11678=AXIS2_PLACEMENT_3D('',#16943,#13808,#13809);
#11679=AXIS2_PLACEMENT_3D('',#16945,#13811,#13812);
#11680=AXIS2_PLACEMENT_3D('',#16951,#13816,#13817);
#11681=AXIS2_PLACEMENT_3D('',#16955,#13820,#13821);
#11682=AXIS2_PLACEMENT_3D('',#16959,#13824,#13825);
#11683=AXIS2_PLACEMENT_3D('',#16961,#13827,#13828);
#11684=AXIS2_PLACEMENT_3D('',#16967,#13832,#13833);
#11685=AXIS2_PLACEMENT_3D('',#16971,#13836,#13837);
#11686=AXIS2_PLACEMENT_3D('',#16975,#13840,#13841);
#11687=AXIS2_PLACEMENT_3D('',#16977,#13843,#13844);
#11688=AXIS2_PLACEMENT_3D('',#16983,#13848,#13849);
#11689=AXIS2_PLACEMENT_3D('',#16987,#13852,#13853);
#11690=AXIS2_PLACEMENT_3D('',#16991,#13856,#13857);
#11691=AXIS2_PLACEMENT_3D('',#16993,#13859,#13860);
#11692=AXIS2_PLACEMENT_3D('',#16999,#13864,#13865);
#11693=AXIS2_PLACEMENT_3D('',#17003,#13868,#13869);
#11694=AXIS2_PLACEMENT_3D('',#17007,#13872,#13873);
#11695=AXIS2_PLACEMENT_3D('',#17009,#13875,#13876);
#11696=AXIS2_PLACEMENT_3D('',#17015,#13880,#13881);
#11697=AXIS2_PLACEMENT_3D('',#17019,#13884,#13885);
#11698=AXIS2_PLACEMENT_3D('',#17023,#13888,#13889);
#11699=AXIS2_PLACEMENT_3D('',#17025,#13891,#13892);
#11700=AXIS2_PLACEMENT_3D('',#17031,#13896,#13897);
#11701=AXIS2_PLACEMENT_3D('',#17035,#13900,#13901);
#11702=AXIS2_PLACEMENT_3D('',#17039,#13904,#13905);
#11703=AXIS2_PLACEMENT_3D('',#17041,#13907,#13908);
#11704=AXIS2_PLACEMENT_3D('',#17047,#13912,#13913);
#11705=AXIS2_PLACEMENT_3D('',#17051,#13916,#13917);
#11706=AXIS2_PLACEMENT_3D('',#17055,#13920,#13921);
#11707=AXIS2_PLACEMENT_3D('',#17057,#13923,#13924);
#11708=AXIS2_PLACEMENT_3D('',#17063,#13928,#13929);
#11709=AXIS2_PLACEMENT_3D('',#17067,#13932,#13933);
#11710=AXIS2_PLACEMENT_3D('',#17071,#13936,#13937);
#11711=AXIS2_PLACEMENT_3D('',#17073,#13939,#13940);
#11712=AXIS2_PLACEMENT_3D('',#17079,#13944,#13945);
#11713=AXIS2_PLACEMENT_3D('',#17083,#13948,#13949);
#11714=AXIS2_PLACEMENT_3D('',#17087,#13952,#13953);
#11715=AXIS2_PLACEMENT_3D('',#17089,#13955,#13956);
#11716=AXIS2_PLACEMENT_3D('',#17095,#13960,#13961);
#11717=AXIS2_PLACEMENT_3D('',#17099,#13964,#13965);
#11718=AXIS2_PLACEMENT_3D('',#17103,#13968,#13969);
#11719=AXIS2_PLACEMENT_3D('',#17105,#13971,#13972);
#11720=AXIS2_PLACEMENT_3D('',#17111,#13976,#13977);
#11721=AXIS2_PLACEMENT_3D('',#17115,#13980,#13981);
#11722=AXIS2_PLACEMENT_3D('',#17119,#13984,#13985);
#11723=AXIS2_PLACEMENT_3D('',#17121,#13987,#13988);
#11724=AXIS2_PLACEMENT_3D('',#17127,#13992,#13993);
#11725=AXIS2_PLACEMENT_3D('',#17131,#13996,#13997);
#11726=AXIS2_PLACEMENT_3D('',#17135,#14000,#14001);
#11727=AXIS2_PLACEMENT_3D('',#17137,#14003,#14004);
#11728=AXIS2_PLACEMENT_3D('',#17143,#14008,#14009);
#11729=AXIS2_PLACEMENT_3D('',#17147,#14012,#14013);
#11730=AXIS2_PLACEMENT_3D('',#17151,#14016,#14017);
#11731=AXIS2_PLACEMENT_3D('',#17153,#14019,#14020);
#11732=AXIS2_PLACEMENT_3D('',#17159,#14024,#14025);
#11733=AXIS2_PLACEMENT_3D('',#17163,#14028,#14029);
#11734=AXIS2_PLACEMENT_3D('',#17167,#14032,#14033);
#11735=AXIS2_PLACEMENT_3D('',#17169,#14035,#14036);
#11736=AXIS2_PLACEMENT_3D('',#17175,#14040,#14041);
#11737=AXIS2_PLACEMENT_3D('',#17179,#14044,#14045);
#11738=AXIS2_PLACEMENT_3D('',#17183,#14048,#14049);
#11739=AXIS2_PLACEMENT_3D('',#17185,#14051,#14052);
#11740=AXIS2_PLACEMENT_3D('',#17191,#14056,#14057);
#11741=AXIS2_PLACEMENT_3D('',#17195,#14060,#14061);
#11742=AXIS2_PLACEMENT_3D('',#17199,#14064,#14065);
#11743=AXIS2_PLACEMENT_3D('',#17201,#14067,#14068);
#11744=AXIS2_PLACEMENT_3D('',#17207,#14072,#14073);
#11745=AXIS2_PLACEMENT_3D('',#17211,#14076,#14077);
#11746=AXIS2_PLACEMENT_3D('',#17215,#14080,#14081);
#11747=AXIS2_PLACEMENT_3D('',#17217,#14083,#14084);
#11748=AXIS2_PLACEMENT_3D('',#17223,#14088,#14089);
#11749=AXIS2_PLACEMENT_3D('',#17227,#14092,#14093);
#11750=AXIS2_PLACEMENT_3D('',#17231,#14096,#14097);
#11751=AXIS2_PLACEMENT_3D('',#17233,#14099,#14100);
#11752=AXIS2_PLACEMENT_3D('',#17239,#14104,#14105);
#11753=AXIS2_PLACEMENT_3D('',#17243,#14108,#14109);
#11754=AXIS2_PLACEMENT_3D('',#17247,#14112,#14113);
#11755=AXIS2_PLACEMENT_3D('',#17249,#14115,#14116);
#11756=AXIS2_PLACEMENT_3D('',#17255,#14120,#14121);
#11757=AXIS2_PLACEMENT_3D('',#17259,#14124,#14125);
#11758=AXIS2_PLACEMENT_3D('',#17263,#14128,#14129);
#11759=AXIS2_PLACEMENT_3D('',#17265,#14131,#14132);
#11760=AXIS2_PLACEMENT_3D('',#17266,#14133,#14134);
#11761=AXIS2_PLACEMENT_3D('',#17267,#14135,#14136);
#11762=AXIS2_PLACEMENT_3D('',#17268,#14137,#14138);
#11763=AXIS2_PLACEMENT_3D('',#17269,#14139,#14140);
#11764=AXIS2_PLACEMENT_3D('',#17270,#14141,#14142);
#11765=AXIS2_PLACEMENT_3D('',#17271,#14143,#14144);
#11766=AXIS2_PLACEMENT_3D('',#17272,#14145,#14146);
#11767=AXIS2_PLACEMENT_3D('',#17273,#14147,#14148);
#11768=AXIS2_PLACEMENT_3D('',#17274,#14149,#14150);
#11769=AXIS2_PLACEMENT_3D('',#17275,#14151,#14152);
#11770=AXIS2_PLACEMENT_3D('',#17276,#14153,#14154);
#11771=AXIS2_PLACEMENT_3D('',#17277,#14155,#14156);
#11772=AXIS2_PLACEMENT_3D('',#17278,#14157,#14158);
#11773=AXIS2_PLACEMENT_3D('',#17279,#14159,#14160);
#11774=AXIS2_PLACEMENT_3D('',#17280,#14161,#14162);
#11775=AXIS2_PLACEMENT_3D('',#17281,#14163,#14164);
#11776=AXIS2_PLACEMENT_3D('',#17282,#14165,#14166);
#11777=AXIS2_PLACEMENT_3D('',#17283,#14167,#14168);
#11778=AXIS2_PLACEMENT_3D('',#17285,#14169,#14170);
#11779=AXIS2_PLACEMENT_3D('',#17287,#14171,#14172);
#11780=AXIS2_PLACEMENT_3D('',#17288,#14173,#14174);
#11781=AXIS2_PLACEMENT_3D('',#17290,#14175,#14176);
#11782=AXIS2_PLACEMENT_3D('',#17291,#14177,#14178);
#11783=AXIS2_PLACEMENT_3D('',#17293,#14179,#14180);
#11784=AXIS2_PLACEMENT_3D('',#17294,#14181,#14182);
#11785=AXIS2_PLACEMENT_3D('',#17296,#14183,#14184);
#11786=AXIS2_PLACEMENT_3D('',#17297,#14185,#14186);
#11787=AXIS2_PLACEMENT_3D('',#17299,#14187,#14188);
#11788=AXIS2_PLACEMENT_3D('',#17300,#14189,#14190);
#11789=AXIS2_PLACEMENT_3D('',#17301,#14191,#14192);
#11790=AXIS2_PLACEMENT_3D('',#17302,#14193,#14194);
#11791=AXIS2_PLACEMENT_3D('',#17303,#14195,#14196);
#11792=AXIS2_PLACEMENT_3D('',#17305,#14197,#14198);
#11793=AXIS2_PLACEMENT_3D('',#17307,#14199,#14200);
#11794=AXIS2_PLACEMENT_3D('',#17308,#14201,#14202);
#11795=AXIS2_PLACEMENT_3D('',#17310,#14203,#14204);
#11796=AXIS2_PLACEMENT_3D('',#17311,#14205,#14206);
#11797=AXIS2_PLACEMENT_3D('',#17313,#14207,#14208);
#11798=AXIS2_PLACEMENT_3D('',#17314,#14209,#14210);
#11799=AXIS2_PLACEMENT_3D('',#17316,#14211,#14212);
#11800=AXIS2_PLACEMENT_3D('',#17317,#14213,#14214);
#11801=AXIS2_PLACEMENT_3D('',#17319,#14215,#14216);
#11802=AXIS2_PLACEMENT_3D('',#17320,#14217,#14218);
#11803=AXIS2_PLACEMENT_3D('',#17322,#14219,#14220);
#11804=AXIS2_PLACEMENT_3D('',#17323,#14221,#14222);
#11805=AXIS2_PLACEMENT_3D('',#17325,#14223,#14224);
#11806=AXIS2_PLACEMENT_3D('',#17326,#14225,#14226);
#11807=AXIS2_PLACEMENT_3D('',#17327,#14227,#14228);
#11808=AXIS2_PLACEMENT_3D('',#17328,#14229,#14230);
#11809=AXIS2_PLACEMENT_3D('',#17329,#14231,#14232);
#11810=AXIS2_PLACEMENT_3D('',#17331,#14233,#14234);
#11811=AXIS2_PLACEMENT_3D('',#17333,#14235,#14236);
#11812=AXIS2_PLACEMENT_3D('',#17334,#14237,#14238);
#11813=AXIS2_PLACEMENT_3D('',#17336,#14239,#14240);
#11814=AXIS2_PLACEMENT_3D('',#17337,#14241,#14242);
#11815=AXIS2_PLACEMENT_3D('',#17339,#14243,#14244);
#11816=AXIS2_PLACEMENT_3D('',#17340,#14245,#14246);
#11817=AXIS2_PLACEMENT_3D('',#17342,#14247,#14248);
#11818=AXIS2_PLACEMENT_3D('',#17344,#14249,#14250);
#11819=AXIS2_PLACEMENT_3D('',#17345,#14251,#14252);
#11820=AXIS2_PLACEMENT_3D('',#17347,#14253,#14254);
#11821=AXIS2_PLACEMENT_3D('',#17348,#14255,#14256);
#11822=AXIS2_PLACEMENT_3D('',#17350,#14257,#14258);
#11823=AXIS2_PLACEMENT_3D('',#17351,#14259,#14260);
#11824=AXIS2_PLACEMENT_3D('',#17353,#14261,#14262);
#11825=AXIS2_PLACEMENT_3D('',#17354,#14263,#14264);
#11826=AXIS2_PLACEMENT_3D('',#17356,#14265,#14266);
#11827=AXIS2_PLACEMENT_3D('',#17357,#14267,#14268);
#11828=AXIS2_PLACEMENT_3D('',#17359,#14269,#14270);
#11829=AXIS2_PLACEMENT_3D('',#17360,#14271,#14272);
#11830=AXIS2_PLACEMENT_3D('',#17362,#14273,#14274);
#11831=AXIS2_PLACEMENT_3D('',#17363,#14275,#14276);
#11832=AXIS2_PLACEMENT_3D('',#17364,#14277,#14278);
#11833=AXIS2_PLACEMENT_3D('',#17365,#14279,#14280);
#11834=AXIS2_PLACEMENT_3D('',#17366,#14281,#14282);
#11835=AXIS2_PLACEMENT_3D('',#17367,#14283,#14284);
#11836=AXIS2_PLACEMENT_3D('',#17369,#14285,#14286);
#11837=AXIS2_PLACEMENT_3D('',#17371,#14287,#14288);
#11838=AXIS2_PLACEMENT_3D('',#17372,#14289,#14290);
#11839=AXIS2_PLACEMENT_3D('',#17374,#14291,#14292);
#11840=AXIS2_PLACEMENT_3D('',#17375,#14293,#14294);
#11841=AXIS2_PLACEMENT_3D('',#17377,#14295,#14296);
#11842=AXIS2_PLACEMENT_3D('',#17378,#14297,#14298);
#11843=AXIS2_PLACEMENT_3D('',#17380,#14299,#14300);
#11844=AXIS2_PLACEMENT_3D('',#17381,#14301,#14302);
#11845=AXIS2_PLACEMENT_3D('',#17383,#14303,#14304);
#11846=AXIS2_PLACEMENT_3D('',#17384,#14305,#14306);
#11847=AXIS2_PLACEMENT_3D('',#17385,#14307,#14308);
#11848=AXIS2_PLACEMENT_3D('',#17386,#14309,#14310);
#11849=AXIS2_PLACEMENT_3D('',#17387,#14311,#14312);
#11850=AXIS2_PLACEMENT_3D('',#17389,#14313,#14314);
#11851=AXIS2_PLACEMENT_3D('',#17391,#14315,#14316);
#11852=AXIS2_PLACEMENT_3D('',#17392,#14317,#14318);
#11853=AXIS2_PLACEMENT_3D('',#17394,#14319,#14320);
#11854=AXIS2_PLACEMENT_3D('',#17395,#14321,#14322);
#11855=AXIS2_PLACEMENT_3D('',#17397,#14323,#14324);
#11856=AXIS2_PLACEMENT_3D('',#17398,#14325,#14326);
#11857=AXIS2_PLACEMENT_3D('',#17400,#14327,#14328);
#11858=AXIS2_PLACEMENT_3D('',#17401,#14329,#14330);
#11859=AXIS2_PLACEMENT_3D('',#17403,#14331,#14332);
#11860=AXIS2_PLACEMENT_3D('',#17404,#14333,#14334);
#11861=AXIS2_PLACEMENT_3D('',#17406,#14335,#14336);
#11862=AXIS2_PLACEMENT_3D('',#17407,#14337,#14338);
#11863=AXIS2_PLACEMENT_3D('',#17409,#14339,#14340);
#11864=AXIS2_PLACEMENT_3D('',#17410,#14341,#14342);
#11865=AXIS2_PLACEMENT_3D('',#17411,#14343,#14344);
#11866=AXIS2_PLACEMENT_3D('',#17412,#14345,#14346);
#11867=AXIS2_PLACEMENT_3D('',#17413,#14347,#14348);
#11868=AXIS2_PLACEMENT_3D('',#17415,#14349,#14350);
#11869=AXIS2_PLACEMENT_3D('',#17417,#14351,#14352);
#11870=AXIS2_PLACEMENT_3D('',#17418,#14353,#14354);
#11871=AXIS2_PLACEMENT_3D('',#17420,#14355,#14356);
#11872=AXIS2_PLACEMENT_3D('',#17421,#14357,#14358);
#11873=AXIS2_PLACEMENT_3D('',#17423,#14359,#14360);
#11874=AXIS2_PLACEMENT_3D('',#17424,#14361,#14362);
#11875=AXIS2_PLACEMENT_3D('',#17426,#14363,#14364);
#11876=AXIS2_PLACEMENT_3D('',#17427,#14365,#14366);
#11877=AXIS2_PLACEMENT_3D('',#17429,#14367,#14368);
#11878=AXIS2_PLACEMENT_3D('',#17430,#14369,#14370);
#11879=AXIS2_PLACEMENT_3D('',#17432,#14371,#14372);
#11880=AXIS2_PLACEMENT_3D('',#17433,#14373,#14374);
#11881=AXIS2_PLACEMENT_3D('',#17435,#14375,#14376);
#11882=AXIS2_PLACEMENT_3D('',#17436,#14377,#14378);
#11883=AXIS2_PLACEMENT_3D('',#17437,#14379,#14380);
#11884=AXIS2_PLACEMENT_3D('',#17438,#14381,#14382);
#11885=AXIS2_PLACEMENT_3D('',#17439,#14383,#14384);
#11886=AXIS2_PLACEMENT_3D('',#17441,#14385,#14386);
#11887=AXIS2_PLACEMENT_3D('',#17443,#14387,#14388);
#11888=AXIS2_PLACEMENT_3D('',#17444,#14389,#14390);
#11889=AXIS2_PLACEMENT_3D('',#17446,#14391,#14392);
#11890=AXIS2_PLACEMENT_3D('',#17447,#14393,#14394);
#11891=AXIS2_PLACEMENT_3D('',#17449,#14395,#14396);
#11892=AXIS2_PLACEMENT_3D('',#17450,#14397,#14398);
#11893=AXIS2_PLACEMENT_3D('',#17452,#14399,#14400);
#11894=AXIS2_PLACEMENT_3D('',#17453,#14401,#14402);
#11895=AXIS2_PLACEMENT_3D('',#17455,#14403,#14404);
#11896=AXIS2_PLACEMENT_3D('',#17456,#14405,#14406);
#11897=AXIS2_PLACEMENT_3D('',#17458,#14407,#14408);
#11898=AXIS2_PLACEMENT_3D('',#17459,#14409,#14410);
#11899=AXIS2_PLACEMENT_3D('',#17461,#14411,#14412);
#11900=AXIS2_PLACEMENT_3D('',#17462,#14413,#14414);
#11901=AXIS2_PLACEMENT_3D('',#17463,#14415,#14416);
#11902=AXIS2_PLACEMENT_3D('',#17464,#14417,#14418);
#11903=AXIS2_PLACEMENT_3D('',#17465,#14419,#14420);
#11904=AXIS2_PLACEMENT_3D('',#17467,#14421,#14422);
#11905=AXIS2_PLACEMENT_3D('',#17469,#14423,#14424);
#11906=AXIS2_PLACEMENT_3D('',#17470,#14425,#14426);
#11907=AXIS2_PLACEMENT_3D('',#17472,#14427,#14428);
#11908=AXIS2_PLACEMENT_3D('',#17473,#14429,#14430);
#11909=AXIS2_PLACEMENT_3D('',#17475,#14431,#14432);
#11910=AXIS2_PLACEMENT_3D('',#17476,#14433,#14434);
#11911=AXIS2_PLACEMENT_3D('',#17478,#14435,#14436);
#11912=AXIS2_PLACEMENT_3D('',#17479,#14437,#14438);
#11913=AXIS2_PLACEMENT_3D('',#17481,#14439,#14440);
#11914=AXIS2_PLACEMENT_3D('',#17482,#14441,#14442);
#11915=AXIS2_PLACEMENT_3D('',#17484,#14443,#14444);
#11916=AXIS2_PLACEMENT_3D('',#17485,#14445,#14446);
#11917=AXIS2_PLACEMENT_3D('',#17487,#14447,#14448);
#11918=AXIS2_PLACEMENT_3D('',#17488,#14449,#14450);
#11919=AXIS2_PLACEMENT_3D('',#17489,#14451,#14452);
#11920=AXIS2_PLACEMENT_3D('',#17490,#14453,#14454);
#11921=AXIS2_PLACEMENT_3D('',#17491,#14455,#14456);
#11922=AXIS2_PLACEMENT_3D('',#17493,#14457,#14458);
#11923=AXIS2_PLACEMENT_3D('',#17495,#14459,#14460);
#11924=AXIS2_PLACEMENT_3D('',#17496,#14461,#14462);
#11925=AXIS2_PLACEMENT_3D('',#17498,#14463,#14464);
#11926=AXIS2_PLACEMENT_3D('',#17499,#14465,#14466);
#11927=AXIS2_PLACEMENT_3D('',#17501,#14467,#14468);
#11928=AXIS2_PLACEMENT_3D('',#17502,#14469,#14470);
#11929=AXIS2_PLACEMENT_3D('',#17504,#14471,#14472);
#11930=AXIS2_PLACEMENT_3D('',#17505,#14473,#14474);
#11931=AXIS2_PLACEMENT_3D('',#17507,#14475,#14476);
#11932=AXIS2_PLACEMENT_3D('',#17508,#14477,#14478);
#11933=AXIS2_PLACEMENT_3D('',#17510,#14479,#14480);
#11934=AXIS2_PLACEMENT_3D('',#17511,#14481,#14482);
#11935=AXIS2_PLACEMENT_3D('',#17513,#14483,#14484);
#11936=AXIS2_PLACEMENT_3D('',#17514,#14485,#14486);
#11937=AXIS2_PLACEMENT_3D('',#17515,#14487,#14488);
#11938=AXIS2_PLACEMENT_3D('',#17516,#14489,#14490);
#11939=AXIS2_PLACEMENT_3D('',#17517,#14491,#14492);
#11940=AXIS2_PLACEMENT_3D('',#17519,#14493,#14494);
#11941=AXIS2_PLACEMENT_3D('',#17521,#14495,#14496);
#11942=AXIS2_PLACEMENT_3D('',#17522,#14497,#14498);
#11943=AXIS2_PLACEMENT_3D('',#17524,#14499,#14500);
#11944=AXIS2_PLACEMENT_3D('',#17525,#14501,#14502);
#11945=AXIS2_PLACEMENT_3D('',#17527,#14503,#14504);
#11946=AXIS2_PLACEMENT_3D('',#17528,#14505,#14506);
#11947=AXIS2_PLACEMENT_3D('',#17530,#14507,#14508);
#11948=AXIS2_PLACEMENT_3D('',#17531,#14509,#14510);
#11949=AXIS2_PLACEMENT_3D('',#17533,#14511,#14512);
#11950=AXIS2_PLACEMENT_3D('',#17534,#14513,#14514);
#11951=AXIS2_PLACEMENT_3D('',#17535,#14515,#14516);
#11952=AXIS2_PLACEMENT_3D('',#17536,#14517,#14518);
#11953=AXIS2_PLACEMENT_3D('',#17537,#14519,#14520);
#11954=AXIS2_PLACEMENT_3D('',#17539,#14521,#14522);
#11955=AXIS2_PLACEMENT_3D('',#17541,#14523,#14524);
#11956=AXIS2_PLACEMENT_3D('',#17542,#14525,#14526);
#11957=AXIS2_PLACEMENT_3D('',#17544,#14527,#14528);
#11958=AXIS2_PLACEMENT_3D('',#17545,#14529,#14530);
#11959=AXIS2_PLACEMENT_3D('',#17547,#14531,#14532);
#11960=AXIS2_PLACEMENT_3D('',#17548,#14533,#14534);
#11961=AXIS2_PLACEMENT_3D('',#17550,#14535,#14536);
#11962=AXIS2_PLACEMENT_3D('',#17551,#14537,#14538);
#11963=AXIS2_PLACEMENT_3D('',#17553,#14539,#14540);
#11964=AXIS2_PLACEMENT_3D('',#17554,#14541,#14542);
#11965=AXIS2_PLACEMENT_3D('',#17555,#14543,#14544);
#11966=AXIS2_PLACEMENT_3D('',#17556,#14545,#14546);
#11967=AXIS2_PLACEMENT_3D('',#17557,#14547,#14548);
#11968=AXIS2_PLACEMENT_3D('',#17559,#14549,#14550);
#11969=AXIS2_PLACEMENT_3D('',#17561,#14551,#14552);
#11970=AXIS2_PLACEMENT_3D('',#17562,#14553,#14554);
#11971=AXIS2_PLACEMENT_3D('',#17564,#14555,#14556);
#11972=AXIS2_PLACEMENT_3D('',#17565,#14557,#14558);
#11973=AXIS2_PLACEMENT_3D('',#17567,#14559,#14560);
#11974=AXIS2_PLACEMENT_3D('',#17568,#14561,#14562);
#11975=AXIS2_PLACEMENT_3D('',#17570,#14563,#14564);
#11976=AXIS2_PLACEMENT_3D('',#17571,#14565,#14566);
#11977=AXIS2_PLACEMENT_3D('',#17573,#14567,#14568);
#11978=AXIS2_PLACEMENT_3D('',#17574,#14569,#14570);
#11979=AXIS2_PLACEMENT_3D('',#17576,#14571,#14572);
#11980=AXIS2_PLACEMENT_3D('',#17577,#14573,#14574);
#11981=AXIS2_PLACEMENT_3D('',#17579,#14575,#14576);
#11982=AXIS2_PLACEMENT_3D('',#17580,#14577,#14578);
#11983=AXIS2_PLACEMENT_3D('',#17581,#14579,#14580);
#11984=AXIS2_PLACEMENT_3D('',#17582,#14581,#14582);
#11985=AXIS2_PLACEMENT_3D('',#17583,#14583,#14584);
#11986=AXIS2_PLACEMENT_3D('',#17585,#14585,#14586);
#11987=AXIS2_PLACEMENT_3D('',#17587,#14587,#14588);
#11988=AXIS2_PLACEMENT_3D('',#17588,#14589,#14590);
#11989=AXIS2_PLACEMENT_3D('',#17590,#14591,#14592);
#11990=AXIS2_PLACEMENT_3D('',#17591,#14593,#14594);
#11991=AXIS2_PLACEMENT_3D('',#17593,#14595,#14596);
#11992=AXIS2_PLACEMENT_3D('',#17594,#14597,#14598);
#11993=AXIS2_PLACEMENT_3D('',#17596,#14599,#14600);
#11994=AXIS2_PLACEMENT_3D('',#17597,#14601,#14602);
#11995=AXIS2_PLACEMENT_3D('',#17599,#14603,#14604);
#11996=AXIS2_PLACEMENT_3D('',#17600,#14605,#14606);
#11997=AXIS2_PLACEMENT_3D('',#17601,#14607,#14608);
#11998=AXIS2_PLACEMENT_3D('',#17602,#14609,#14610);
#11999=AXIS2_PLACEMENT_3D('',#17606,#14612,#14613);
#12000=AXIS2_PLACEMENT_3D('',#17610,#14615,#14616);
#12001=AXIS2_PLACEMENT_3D('',#17611,#14617,#14618);
#12002=AXIS2_PLACEMENT_3D('',#17617,#14622,#14623);
#12003=AXIS2_PLACEMENT_3D('',#17623,#14627,#14628);
#12004=AXIS2_PLACEMENT_3D('',#17624,#14629,#14630);
#12005=AXIS2_PLACEMENT_3D('',#17628,#14632,#14633);
#12006=AXIS2_PLACEMENT_3D('',#17632,#14635,#14636);
#12007=AXIS2_PLACEMENT_3D('',#17633,#14637,#14638);
#12008=AXIS2_PLACEMENT_3D('',#17635,#14639,#14640);
#12009=AXIS2_PLACEMENT_3D('',#17637,#14641,#14642);
#12010=AXIS2_PLACEMENT_3D('',#17639,#14643,#14644);
#12011=AXIS2_PLACEMENT_3D('',#17641,#14645,#14646);
#12012=AXIS2_PLACEMENT_3D('',#17643,#14647,#14648);
#12013=AXIS2_PLACEMENT_3D('',#17645,#14649,#14650);
#12014=AXIS2_PLACEMENT_3D('',#17647,#14651,#14652);
#12015=AXIS2_PLACEMENT_3D('',#17649,#14653,#14654);
#12016=AXIS2_PLACEMENT_3D('',#17651,#14655,#14656);
#12017=AXIS2_PLACEMENT_3D('',#17653,#14657,#14658);
#12018=AXIS2_PLACEMENT_3D('',#17655,#14659,#14660);
#12019=AXIS2_PLACEMENT_3D('',#17657,#14661,#14662);
#12020=AXIS2_PLACEMENT_3D('',#17659,#14663,#14664);
#12021=AXIS2_PLACEMENT_3D('',#17661,#14665,#14666);
#12022=AXIS2_PLACEMENT_3D('',#17663,#14667,#14668);
#12023=AXIS2_PLACEMENT_3D('',#17665,#14669,#14670);
#12024=AXIS2_PLACEMENT_3D('',#17667,#14671,#14672);
#12025=AXIS2_PLACEMENT_3D('',#17669,#14673,#14674);
#12026=AXIS2_PLACEMENT_3D('',#17671,#14675,#14676);
#12027=AXIS2_PLACEMENT_3D('',#17673,#14677,#14678);
#12028=AXIS2_PLACEMENT_3D('',#17675,#14679,#14680);
#12029=AXIS2_PLACEMENT_3D('',#17677,#14681,#14682);
#12030=AXIS2_PLACEMENT_3D('',#17679,#14683,#14684);
#12031=AXIS2_PLACEMENT_3D('',#17681,#14685,#14686);
#12032=AXIS2_PLACEMENT_3D('',#17683,#14687,#14688);
#12033=AXIS2_PLACEMENT_3D('',#17685,#14689,#14690);
#12034=AXIS2_PLACEMENT_3D('',#17687,#14691,#14692);
#12035=AXIS2_PLACEMENT_3D('',#17689,#14693,#14694);
#12036=AXIS2_PLACEMENT_3D('',#17691,#14695,#14696);
#12037=AXIS2_PLACEMENT_3D('',#17693,#14697,#14698);
#12038=AXIS2_PLACEMENT_3D('',#17695,#14699,#14700);
#12039=AXIS2_PLACEMENT_3D('',#17697,#14701,#14702);
#12040=AXIS2_PLACEMENT_3D('',#17699,#14703,#14704);
#12041=AXIS2_PLACEMENT_3D('',#17701,#14705,#14706);
#12042=AXIS2_PLACEMENT_3D('',#17703,#14707,#14708);
#12043=AXIS2_PLACEMENT_3D('',#17705,#14709,#14710);
#12044=AXIS2_PLACEMENT_3D('',#17707,#14711,#14712);
#12045=AXIS2_PLACEMENT_3D('',#17709,#14713,#14714);
#12046=AXIS2_PLACEMENT_3D('',#17711,#14715,#14716);
#12047=AXIS2_PLACEMENT_3D('',#17713,#14717,#14718);
#12048=AXIS2_PLACEMENT_3D('',#17715,#14719,#14720);
#12049=AXIS2_PLACEMENT_3D('',#17717,#14721,#14722);
#12050=AXIS2_PLACEMENT_3D('',#17719,#14723,#14724);
#12051=AXIS2_PLACEMENT_3D('',#17721,#14725,#14726);
#12052=AXIS2_PLACEMENT_3D('',#17723,#14727,#14728);
#12053=AXIS2_PLACEMENT_3D('',#17725,#14729,#14730);
#12054=AXIS2_PLACEMENT_3D('',#17727,#14731,#14732);
#12055=AXIS2_PLACEMENT_3D('',#17729,#14733,#14734);
#12056=AXIS2_PLACEMENT_3D('',#17731,#14735,#14736);
#12057=AXIS2_PLACEMENT_3D('',#17733,#14737,#14738);
#12058=AXIS2_PLACEMENT_3D('',#17735,#14739,#14740);
#12059=AXIS2_PLACEMENT_3D('',#17737,#14741,#14742);
#12060=AXIS2_PLACEMENT_3D('',#17739,#14743,#14744);
#12061=AXIS2_PLACEMENT_3D('',#17741,#14745,#14746);
#12062=AXIS2_PLACEMENT_3D('',#17743,#14747,#14748);
#12063=AXIS2_PLACEMENT_3D('',#17745,#14749,#14750);
#12064=AXIS2_PLACEMENT_3D('',#17747,#14751,#14752);
#12065=AXIS2_PLACEMENT_3D('',#17749,#14753,#14754);
#12066=AXIS2_PLACEMENT_3D('',#17751,#14755,#14756);
#12067=AXIS2_PLACEMENT_3D('',#17753,#14757,#14758);
#12068=AXIS2_PLACEMENT_3D('',#17755,#14759,#14760);
#12069=AXIS2_PLACEMENT_3D('',#17757,#14761,#14762);
#12070=AXIS2_PLACEMENT_3D('',#17759,#14763,#14764);
#12071=AXIS2_PLACEMENT_3D('',#17761,#14765,#14766);
#12072=AXIS2_PLACEMENT_3D('',#17763,#14767,#14768);
#12073=AXIS2_PLACEMENT_3D('',#17765,#14769,#14770);
#12074=AXIS2_PLACEMENT_3D('',#17767,#14771,#14772);
#12075=AXIS2_PLACEMENT_3D('',#17769,#14773,#14774);
#12076=AXIS2_PLACEMENT_3D('',#17771,#14775,#14776);
#12077=AXIS2_PLACEMENT_3D('',#17773,#14777,#14778);
#12078=AXIS2_PLACEMENT_3D('',#17775,#14779,#14780);
#12079=AXIS2_PLACEMENT_3D('',#17777,#14781,#14782);
#12080=AXIS2_PLACEMENT_3D('',#17779,#14783,#14784);
#12081=AXIS2_PLACEMENT_3D('',#17781,#14785,#14786);
#12082=AXIS2_PLACEMENT_3D('',#17783,#14787,#14788);
#12083=AXIS2_PLACEMENT_3D('',#17785,#14789,#14790);
#12084=AXIS2_PLACEMENT_3D('',#17787,#14791,#14792);
#12085=AXIS2_PLACEMENT_3D('',#17789,#14793,#14794);
#12086=AXIS2_PLACEMENT_3D('',#17791,#14795,#14796);
#12087=AXIS2_PLACEMENT_3D('',#17793,#14797,#14798);
#12088=AXIS2_PLACEMENT_3D('',#17795,#14799,#14800);
#12089=AXIS2_PLACEMENT_3D('',#17797,#14801,#14802);
#12090=AXIS2_PLACEMENT_3D('',#17799,#14803,#14804);
#12091=AXIS2_PLACEMENT_3D('',#17801,#14805,#14806);
#12092=AXIS2_PLACEMENT_3D('',#17803,#14807,#14808);
#12093=AXIS2_PLACEMENT_3D('',#17805,#14809,#14810);
#12094=AXIS2_PLACEMENT_3D('',#17807,#14811,#14812);
#12095=AXIS2_PLACEMENT_3D('',#17809,#14813,#14814);
#12096=AXIS2_PLACEMENT_3D('',#17811,#14815,#14816);
#12097=AXIS2_PLACEMENT_3D('',#17813,#14817,#14818);
#12098=AXIS2_PLACEMENT_3D('',#17815,#14819,#14820);
#12099=AXIS2_PLACEMENT_3D('',#17816,#14821,#14822);
#12100=AXIS2_PLACEMENT_3D('',#17820,#14824,#14825);
#12101=AXIS2_PLACEMENT_3D('',#17824,#14827,#14828);
#12102=AXIS2_PLACEMENT_3D('',#17825,#14829,#14830);
#12103=AXIS2_PLACEMENT_3D('',#17827,#14831,#14832);
#12104=AXIS2_PLACEMENT_3D('',#17829,#14833,#14834);
#12105=AXIS2_PLACEMENT_3D('',#17831,#14835,#14836);
#12106=AXIS2_PLACEMENT_3D('',#17833,#14837,#14838);
#12107=AXIS2_PLACEMENT_3D('',#17835,#14839,#14840);
#12108=AXIS2_PLACEMENT_3D('',#17837,#14841,#14842);
#12109=AXIS2_PLACEMENT_3D('',#17839,#14843,#14844);
#12110=AXIS2_PLACEMENT_3D('',#17841,#14845,#14846);
#12111=AXIS2_PLACEMENT_3D('',#17843,#14847,#14848);
#12112=AXIS2_PLACEMENT_3D('',#17845,#14849,#14850);
#12113=AXIS2_PLACEMENT_3D('',#17847,#14851,#14852);
#12114=AXIS2_PLACEMENT_3D('',#17849,#14853,#14854);
#12115=AXIS2_PLACEMENT_3D('',#17851,#14855,#14856);
#12116=AXIS2_PLACEMENT_3D('',#17853,#14857,#14858);
#12117=AXIS2_PLACEMENT_3D('',#17855,#14859,#14860);
#12118=AXIS2_PLACEMENT_3D('',#17857,#14861,#14862);
#12119=AXIS2_PLACEMENT_3D('',#17859,#14863,#14864);
#12120=AXIS2_PLACEMENT_3D('',#17861,#14865,#14866);
#12121=AXIS2_PLACEMENT_3D('',#17863,#14867,#14868);
#12122=AXIS2_PLACEMENT_3D('',#17865,#14869,#14870);
#12123=AXIS2_PLACEMENT_3D('',#17867,#14871,#14872);
#12124=AXIS2_PLACEMENT_3D('',#17869,#14873,#14874);
#12125=AXIS2_PLACEMENT_3D('',#17871,#14875,#14876);
#12126=AXIS2_PLACEMENT_3D('',#17873,#14877,#14878);
#12127=AXIS2_PLACEMENT_3D('',#17875,#14879,#14880);
#12128=AXIS2_PLACEMENT_3D('',#17877,#14881,#14882);
#12129=AXIS2_PLACEMENT_3D('',#17879,#14883,#14884);
#12130=AXIS2_PLACEMENT_3D('',#17881,#14885,#14886);
#12131=AXIS2_PLACEMENT_3D('',#17883,#14887,#14888);
#12132=AXIS2_PLACEMENT_3D('',#17885,#14889,#14890);
#12133=AXIS2_PLACEMENT_3D('',#17887,#14891,#14892);
#12134=AXIS2_PLACEMENT_3D('',#17889,#14893,#14894);
#12135=AXIS2_PLACEMENT_3D('',#17891,#14895,#14896);
#12136=AXIS2_PLACEMENT_3D('',#17893,#14897,#14898);
#12137=AXIS2_PLACEMENT_3D('',#17895,#14899,#14900);
#12138=AXIS2_PLACEMENT_3D('',#17897,#14901,#14902);
#12139=AXIS2_PLACEMENT_3D('',#17899,#14903,#14904);
#12140=AXIS2_PLACEMENT_3D('',#17901,#14905,#14906);
#12141=AXIS2_PLACEMENT_3D('',#17903,#14907,#14908);
#12142=AXIS2_PLACEMENT_3D('',#17905,#14909,#14910);
#12143=AXIS2_PLACEMENT_3D('',#17907,#14911,#14912);
#12144=AXIS2_PLACEMENT_3D('',#17909,#14913,#14914);
#12145=AXIS2_PLACEMENT_3D('',#17911,#14915,#14916);
#12146=AXIS2_PLACEMENT_3D('',#17913,#14917,#14918);
#12147=AXIS2_PLACEMENT_3D('',#17915,#14919,#14920);
#12148=AXIS2_PLACEMENT_3D('',#17917,#14921,#14922);
#12149=AXIS2_PLACEMENT_3D('',#17919,#14923,#14924);
#12150=AXIS2_PLACEMENT_3D('',#17921,#14925,#14926);
#12151=AXIS2_PLACEMENT_3D('',#17923,#14927,#14928);
#12152=AXIS2_PLACEMENT_3D('',#17925,#14929,#14930);
#12153=AXIS2_PLACEMENT_3D('',#17927,#14931,#14932);
#12154=AXIS2_PLACEMENT_3D('',#17929,#14933,#14934);
#12155=AXIS2_PLACEMENT_3D('',#17931,#14935,#14936);
#12156=AXIS2_PLACEMENT_3D('',#17933,#14937,#14938);
#12157=AXIS2_PLACEMENT_3D('',#17935,#14939,#14940);
#12158=AXIS2_PLACEMENT_3D('',#17937,#14941,#14942);
#12159=AXIS2_PLACEMENT_3D('',#17939,#14943,#14944);
#12160=AXIS2_PLACEMENT_3D('',#17941,#14945,#14946);
#12161=AXIS2_PLACEMENT_3D('',#17943,#14947,#14948);
#12162=AXIS2_PLACEMENT_3D('',#17945,#14949,#14950);
#12163=AXIS2_PLACEMENT_3D('',#17947,#14951,#14952);
#12164=AXIS2_PLACEMENT_3D('',#17949,#14953,#14954);
#12165=AXIS2_PLACEMENT_3D('',#17951,#14955,#14956);
#12166=AXIS2_PLACEMENT_3D('',#17953,#14957,#14958);
#12167=AXIS2_PLACEMENT_3D('',#17955,#14959,#14960);
#12168=AXIS2_PLACEMENT_3D('',#17957,#14961,#14962);
#12169=AXIS2_PLACEMENT_3D('',#17959,#14963,#14964);
#12170=AXIS2_PLACEMENT_3D('',#17961,#14965,#14966);
#12171=AXIS2_PLACEMENT_3D('',#17963,#14967,#14968);
#12172=AXIS2_PLACEMENT_3D('',#17965,#14969,#14970);
#12173=AXIS2_PLACEMENT_3D('',#17967,#14971,#14972);
#12174=AXIS2_PLACEMENT_3D('',#17969,#14973,#14974);
#12175=AXIS2_PLACEMENT_3D('',#17971,#14975,#14976);
#12176=AXIS2_PLACEMENT_3D('',#17973,#14977,#14978);
#12177=AXIS2_PLACEMENT_3D('',#17975,#14979,#14980);
#12178=AXIS2_PLACEMENT_3D('',#17977,#14981,#14982);
#12179=AXIS2_PLACEMENT_3D('',#17979,#14983,#14984);
#12180=AXIS2_PLACEMENT_3D('',#17981,#14985,#14986);
#12181=AXIS2_PLACEMENT_3D('',#17983,#14987,#14988);
#12182=AXIS2_PLACEMENT_3D('',#17985,#14989,#14990);
#12183=AXIS2_PLACEMENT_3D('',#17987,#14991,#14992);
#12184=AXIS2_PLACEMENT_3D('',#17989,#14993,#14994);
#12185=AXIS2_PLACEMENT_3D('',#17991,#14995,#14996);
#12186=AXIS2_PLACEMENT_3D('',#17993,#14997,#14998);
#12187=AXIS2_PLACEMENT_3D('',#17995,#14999,#15000);
#12188=AXIS2_PLACEMENT_3D('',#17997,#15001,#15002);
#12189=AXIS2_PLACEMENT_3D('',#17999,#15003,#15004);
#12190=AXIS2_PLACEMENT_3D('',#18001,#15005,#15006);
#12191=AXIS2_PLACEMENT_3D('',#18003,#15007,#15008);
#12192=AXIS2_PLACEMENT_3D('',#18005,#15009,#15010);
#12193=AXIS2_PLACEMENT_3D('',#18007,#15011,#15012);
#12194=AXIS2_PLACEMENT_3D('',#18009,#15014,#15015);
#12195=AXIS2_PLACEMENT_3D('',#18011,#15017,#15018);
#12196=AXIS2_PLACEMENT_3D('',#18013,#15020,#15021);
#12197=AXIS2_PLACEMENT_3D('',#18015,#15023,#15024);
#12198=AXIS2_PLACEMENT_3D('',#18016,#15025,#15026);
#12199=AXIS2_PLACEMENT_3D('',#18017,#15027,#15028);
#12200=AXIS2_PLACEMENT_3D('',#18018,#15029,#15030);
#12201=AXIS2_PLACEMENT_3D('',#18019,#15031,#15032);
#12202=AXIS2_PLACEMENT_3D('',#18020,#15033,#15034);
#12203=AXIS2_PLACEMENT_3D('',#18021,#15035,#15036);
#12204=AXIS2_PLACEMENT_3D('',#18022,#15037,#15038);
#12205=AXIS2_PLACEMENT_3D('',#18023,#15039,#15040);
#12206=AXIS2_PLACEMENT_3D('',#18024,#15041,#15042);
#12207=AXIS2_PLACEMENT_3D('',#18025,#15043,#15044);
#12208=AXIS2_PLACEMENT_3D('',#18026,#15045,#15046);
#12209=AXIS2_PLACEMENT_3D('',#18027,#15047,#15048);
#12210=AXIS2_PLACEMENT_3D('',#18028,#15049,#15050);
#12211=AXIS2_PLACEMENT_3D('',#18029,#15051,#15052);
#12212=AXIS2_PLACEMENT_3D('',#18030,#15053,#15054);
#12213=AXIS2_PLACEMENT_3D('',#18031,#15055,#15056);
#12214=AXIS2_PLACEMENT_3D('',#18032,#15057,#15058);
#12215=AXIS2_PLACEMENT_3D('',#18033,#15059,#15060);
#12216=AXIS2_PLACEMENT_3D('',#18034,#15061,#15062);
#12217=AXIS2_PLACEMENT_3D('',#18035,#15063,#15064);
#12218=AXIS2_PLACEMENT_3D('',#18036,#15065,#15066);
#12219=AXIS2_PLACEMENT_3D('',#18037,#15067,#15068);
#12220=AXIS2_PLACEMENT_3D('',#18038,#15069,#15070);
#12221=AXIS2_PLACEMENT_3D('',#18039,#15071,#15072);
#12222=AXIS2_PLACEMENT_3D('',#18040,#15073,#15074);
#12223=AXIS2_PLACEMENT_3D('',#18041,#15075,#15076);
#12224=AXIS2_PLACEMENT_3D('',#18042,#15077,#15078);
#12225=AXIS2_PLACEMENT_3D('',#18043,#15079,#15080);
#12226=AXIS2_PLACEMENT_3D('',#18044,#15081,#15082);
#12227=AXIS2_PLACEMENT_3D('',#18045,#15083,#15084);
#12228=AXIS2_PLACEMENT_3D('',#18046,#15085,#15086);
#12229=AXIS2_PLACEMENT_3D('',#18047,#15087,#15088);
#12230=AXIS2_PLACEMENT_3D('',#18048,#15089,#15090);
#12231=AXIS2_PLACEMENT_3D('',#18049,#15091,#15092);
#12232=AXIS2_PLACEMENT_3D('',#18050,#15093,#15094);
#12233=AXIS2_PLACEMENT_3D('',#18051,#15095,#15096);
#12234=AXIS2_PLACEMENT_3D('',#18052,#15097,#15098);
#12235=AXIS2_PLACEMENT_3D('',#18053,#15099,#15100);
#12236=AXIS2_PLACEMENT_3D('',#18054,#15101,#15102);
#12237=AXIS2_PLACEMENT_3D('',#18055,#15103,#15104);
#12238=AXIS2_PLACEMENT_3D('',#18056,#15105,#15106);
#12239=AXIS2_PLACEMENT_3D('',#18057,#15107,#15108);
#12240=AXIS2_PLACEMENT_3D('',#18058,#15109,#15110);
#12241=AXIS2_PLACEMENT_3D('',#18059,#15111,#15112);
#12242=AXIS2_PLACEMENT_3D('',#18060,#15113,#15114);
#12243=AXIS2_PLACEMENT_3D('',#18061,#15115,#15116);
#12244=AXIS2_PLACEMENT_3D('',#18062,#15117,#15118);
#12245=AXIS2_PLACEMENT_3D('',#18063,#15119,#15120);
#12246=AXIS2_PLACEMENT_3D('',#18064,#15121,#15122);
#12247=AXIS2_PLACEMENT_3D('',#18065,#15123,#15124);
#12248=AXIS2_PLACEMENT_3D('',#18066,#15125,#15126);
#12249=AXIS2_PLACEMENT_3D('',#18067,#15127,#15128);
#12250=AXIS2_PLACEMENT_3D('',#18068,#15129,#15130);
#12251=AXIS2_PLACEMENT_3D('',#18069,#15131,#15132);
#12252=AXIS2_PLACEMENT_3D('',#18070,#15133,#15134);
#12253=AXIS2_PLACEMENT_3D('',#18071,#15135,#15136);
#12254=AXIS2_PLACEMENT_3D('',#18072,#15137,#15138);
#12255=AXIS2_PLACEMENT_3D('',#18073,#15139,#15140);
#12256=AXIS2_PLACEMENT_3D('',#18074,#15141,#15142);
#12257=AXIS2_PLACEMENT_3D('',#18075,#15143,#15144);
#12258=AXIS2_PLACEMENT_3D('',#18076,#15145,#15146);
#12259=AXIS2_PLACEMENT_3D('',#18077,#15147,#15148);
#12260=AXIS2_PLACEMENT_3D('',#18078,#15149,#15150);
#12261=AXIS2_PLACEMENT_3D('',#18079,#15151,#15152);
#12262=AXIS2_PLACEMENT_3D('',#18080,#15153,#15154);
#12263=AXIS2_PLACEMENT_3D('',#18081,#15155,#15156);
#12264=AXIS2_PLACEMENT_3D('',#18082,#15157,#15158);
#12265=AXIS2_PLACEMENT_3D('',#18083,#15159,#15160);
#12266=AXIS2_PLACEMENT_3D('',#18084,#15161,#15162);
#12267=AXIS2_PLACEMENT_3D('',#18085,#15163,#15164);
#12268=AXIS2_PLACEMENT_3D('',#18086,#15165,#15166);
#12269=AXIS2_PLACEMENT_3D('',#18087,#15167,#15168);
#12270=AXIS2_PLACEMENT_3D('',#18088,#15169,#15170);
#12271=AXIS2_PLACEMENT_3D('',#18089,#15171,#15172);
#12272=AXIS2_PLACEMENT_3D('',#18090,#15173,#15174);
#12273=AXIS2_PLACEMENT_3D('',#18091,#15175,#15176);
#12274=AXIS2_PLACEMENT_3D('',#18092,#15177,#15178);
#12275=AXIS2_PLACEMENT_3D('',#18093,#15179,#15180);
#12276=AXIS2_PLACEMENT_3D('',#18094,#15181,#15182);
#12277=AXIS2_PLACEMENT_3D('',#18095,#15183,#15184);
#12278=AXIS2_PLACEMENT_3D('',#18096,#15185,#15186);
#12279=AXIS2_PLACEMENT_3D('',#18097,#15187,#15188);
#12280=AXIS2_PLACEMENT_3D('',#18098,#15189,#15190);
#12281=AXIS2_PLACEMENT_3D('',#18099,#15191,#15192);
#12282=AXIS2_PLACEMENT_3D('',#18100,#15193,#15194);
#12283=AXIS2_PLACEMENT_3D('',#18101,#15195,#15196);
#12284=AXIS2_PLACEMENT_3D('',#18102,#15197,#15198);
#12285=AXIS2_PLACEMENT_3D('',#18103,#15199,#15200);
#12286=AXIS2_PLACEMENT_3D('',#18104,#15201,#15202);
#12287=AXIS2_PLACEMENT_3D('',#18105,#15203,#15204);
#12288=AXIS2_PLACEMENT_3D('',#18106,#15205,#15206);
#12289=AXIS2_PLACEMENT_3D('',#18107,#15207,#15208);
#12290=AXIS2_PLACEMENT_3D('',#18108,#15209,#15210);
#12291=AXIS2_PLACEMENT_3D('',#18109,#15211,#15212);
#12292=AXIS2_PLACEMENT_3D('',#18111,#15213,#15214);
#12293=AXIS2_PLACEMENT_3D('',#18113,#15215,#15216);
#12294=AXIS2_PLACEMENT_3D('',#18114,#15217,#15218);
#12295=AXIS2_PLACEMENT_3D('',#18116,#15219,#15220);
#12296=AXIS2_PLACEMENT_3D('',#18117,#15221,#15222);
#12297=AXIS2_PLACEMENT_3D('',#18119,#15223,#15224);
#12298=AXIS2_PLACEMENT_3D('',#18120,#15225,#15226);
#12299=AXIS2_PLACEMENT_3D('',#18122,#15227,#15228);
#12300=AXIS2_PLACEMENT_3D('',#18123,#15229,#15230);
#12301=AXIS2_PLACEMENT_3D('',#18125,#15231,#15232);
#12302=AXIS2_PLACEMENT_3D('',#18126,#15233,#15234);
#12303=AXIS2_PLACEMENT_3D('',#18127,#15235,#15236);
#12304=AXIS2_PLACEMENT_3D('',#18128,#15237,#15238);
#12305=AXIS2_PLACEMENT_3D('',#18129,#15239,#15240);
#12306=AXIS2_PLACEMENT_3D('',#18131,#15241,#15242);
#12307=AXIS2_PLACEMENT_3D('',#18133,#15243,#15244);
#12308=AXIS2_PLACEMENT_3D('',#18134,#15245,#15246);
#12309=AXIS2_PLACEMENT_3D('',#18136,#15247,#15248);
#12310=AXIS2_PLACEMENT_3D('',#18137,#15249,#15250);
#12311=AXIS2_PLACEMENT_3D('',#18139,#15251,#15252);
#12312=AXIS2_PLACEMENT_3D('',#18140,#15253,#15254);
#12313=AXIS2_PLACEMENT_3D('',#18142,#15255,#15256);
#12314=AXIS2_PLACEMENT_3D('',#18143,#15257,#15258);
#12315=AXIS2_PLACEMENT_3D('',#18145,#15259,#15260);
#12316=AXIS2_PLACEMENT_3D('',#18146,#15261,#15262);
#12317=AXIS2_PLACEMENT_3D('',#18148,#15263,#15264);
#12318=AXIS2_PLACEMENT_3D('',#18149,#15265,#15266);
#12319=AXIS2_PLACEMENT_3D('',#18151,#15267,#15268);
#12320=AXIS2_PLACEMENT_3D('',#18152,#15269,#15270);
#12321=AXIS2_PLACEMENT_3D('',#18153,#15271,#15272);
#12322=AXIS2_PLACEMENT_3D('',#18154,#15273,#15274);
#12323=DIRECTION('',(0.,0.,1.));
#12324=DIRECTION('',(1.,0.,0.));
#12325=DIRECTION('',(1.,0.,0.));
#12326=DIRECTION('',(0.,0.,1.));
#12327=DIRECTION('',(0.,-1.,0.));
#12328=DIRECTION('',(0.,0.,1.));
#12329=DIRECTION('',(0.,1.,0.));
#12330=DIRECTION('',(0.,0.,1.));
#12331=DIRECTION('',(0.,1.,0.));
#12332=DIRECTION('',(0.,0.,1.));
#12333=DIRECTION('',(0.,0.,1.));
#12334=DIRECTION('',(1.,0.,0.));
#12335=DIRECTION('',(1.,0.,0.));
#12336=DIRECTION('',(0.,0.,1.));
#12337=DIRECTION('',(1.,0.,0.));
#12338=DIRECTION('',(0.,1.,0.));
#12339=DIRECTION('',(1.,0.,0.));
#12340=DIRECTION('',(0.,1.,0.));
#12341=DIRECTION('',(1.,0.,0.));
#12342=DIRECTION('',(0.,-1.,0.));
#12343=DIRECTION('',(1.,0.,0.));
#12344=DIRECTION('',(0.,1.,0.));
#12345=DIRECTION('',(0.,0.,1.));
#12346=DIRECTION('',(1.,0.,0.));
#12347=DIRECTION('',(0.,0.,1.));
#12348=DIRECTION('',(0.,0.,1.));
#12349=DIRECTION('',(1.,0.,0.));
#12350=DIRECTION('',(0.,-1.,0.));
#12351=DIRECTION('',(0.,0.,1.));
#12352=DIRECTION('',(1.,0.,0.));
#12353=DIRECTION('',(1.,0.,0.));
#12354=DIRECTION('',(0.,0.,1.));
#12355=DIRECTION('',(1.,0.,0.));
#12356=DIRECTION('',(0.,0.,1.));
#12357=DIRECTION('',(0.,-1.,0.));
#12358=DIRECTION('',(0.,0.,1.));
#12359=DIRECTION('',(0.,0.,1.));
#12360=DIRECTION('',(0.,1.,0.));
#12361=DIRECTION('',(0.,0.,1.));
#12362=DIRECTION('',(0.,0.,1.));
#12363=DIRECTION('',(1.,0.,0.));
#12364=DIRECTION('',(1.,0.,0.));
#12365=DIRECTION('',(0.,0.,1.));
#12366=DIRECTION('',(0.,0.,1.));
#12367=DIRECTION('',(0.,1.,0.));
#12368=DIRECTION('',(0.,1.,0.));
#12369=DIRECTION('',(0.,0.,1.));
#12370=DIRECTION('',(1.,0.,0.));
#12371=DIRECTION('',(0.,0.,1.));
#12372=DIRECTION('',(1.,0.,0.));
#12373=DIRECTION('',(0.,0.,1.));
#12374=DIRECTION('',(1.,0.,0.));
#12375=DIRECTION('',(0.,0.,1.));
#12376=DIRECTION('',(1.,0.,0.));
#12377=DIRECTION('',(0.,1.,0.));
#12378=DIRECTION('',(1.,0.,0.));
#12379=DIRECTION('',(0.,1.,0.));
#12380=DIRECTION('',(1.,0.,0.));
#12381=DIRECTION('',(0.,-1.,0.));
#12382=DIRECTION('',(1.,0.,0.));
#12383=DIRECTION('',(0.,-1.,0.));
#12384=DIRECTION('',(1.,0.,0.));
#12385=DIRECTION('',(0.,-1.,0.));
#12386=DIRECTION('',(1.,0.,0.));
#12387=DIRECTION('',(0.,1.,0.));
#12388=DIRECTION('',(1.,0.,0.));
#12389=DIRECTION('',(0.,0.,1.));
#12390=DIRECTION('',(1.,0.,0.));
#12391=DIRECTION('',(1.,0.,0.));
#12392=DIRECTION('',(0.,0.,1.));
#12393=DIRECTION('',(0.,-1.,0.));
#12394=DIRECTION('',(0.,0.,1.));
#12395=DIRECTION('',(0.,0.,1.));
#12396=DIRECTION('',(0.,1.,0.));
#12397=DIRECTION('',(0.,0.,1.));
#12398=DIRECTION('',(0.,0.,1.));
#12399=DIRECTION('',(1.,0.,0.));
#12400=DIRECTION('',(1.,0.,0.));
#12401=DIRECTION('',(0.,0.,1.));
#12402=DIRECTION('',(0.,0.,1.));
#12403=DIRECTION('',(0.,-1.,0.));
#12404=DIRECTION('',(0.,1.,0.));
#12405=DIRECTION('',(0.,0.,1.));
#12406=DIRECTION('',(0.,0.,1.));
#12407=DIRECTION('',(1.,0.,0.));
#12408=DIRECTION('',(1.,0.,0.));
#12409=DIRECTION('',(0.,0.,1.));
#12410=DIRECTION('',(0.,1.,0.));
#12411=DIRECTION('',(0.,0.,1.));
#12412=DIRECTION('',(0.,1.,0.));
#12413=DIRECTION('',(0.,0.,1.));
#12414=DIRECTION('',(0.,0.,1.));
#12415=DIRECTION('',(1.,0.,0.));
#12416=DIRECTION('',(1.,0.,0.));
#12417=DIRECTION('',(0.,0.,1.));
#12418=DIRECTION('',(0.,0.,1.));
#12419=DIRECTION('',(0.,1.,0.));
#12420=DIRECTION('',(0.,1.,0.));
#12421=DIRECTION('',(0.,0.,1.));
#12422=DIRECTION('',(0.,0.,1.));
#12423=DIRECTION('',(1.,0.,0.));
#12424=DIRECTION('',(1.,0.,0.));
#12425=DIRECTION('',(0.,0.,1.));
#12426=DIRECTION('',(0.,1.,0.));
#12427=DIRECTION('',(0.,0.,1.));
#12428=DIRECTION('',(0.,1.,0.));
#12429=DIRECTION('',(0.,0.,1.));
#12430=DIRECTION('',(0.,0.,1.));
#12431=DIRECTION('',(1.,0.,0.));
#12432=DIRECTION('',(1.,0.,0.));
#12433=DIRECTION('',(0.,0.,1.));
#12434=DIRECTION('',(0.,0.,1.));
#12435=DIRECTION('',(0.,-1.,0.));
#12436=DIRECTION('',(0.,1.,0.));
#12437=DIRECTION('',(0.,0.,1.));
#12438=DIRECTION('',(1.,0.,0.));
#12439=DIRECTION('',(0.,0.,1.));
#12440=DIRECTION('',(1.,0.,0.));
#12441=DIRECTION('',(0.,0.,1.));
#12442=DIRECTION('',(1.,0.,0.));
#12443=DIRECTION('',(-1.,0.,0.));
#12444=DIRECTION('',(0.,0.,1.));
#12445=DIRECTION('',(0.,-1.,0.));
#12446=DIRECTION('',(0.,0.,1.));
#12447=DIRECTION('',(0.,-1.,0.));
#12448=DIRECTION('',(0.,0.,1.));
#12449=DIRECTION('',(0.,-1.,0.));
#12450=DIRECTION('',(0.,0.,-1.));
#12451=DIRECTION('',(1.,0.,0.));
#12452=DIRECTION('',(1.,0.,0.));
#12453=DIRECTION('',(0.,0.,1.));
#12454=DIRECTION('',(1.,0.,0.));
#12455=DIRECTION('',(0.,0.,-1.));
#12456=DIRECTION('',(0.,1.,0.));
#12457=DIRECTION('',(0.,1.,0.));
#12458=DIRECTION('',(0.,0.,1.));
#12459=DIRECTION('',(0.,1.,0.));
#12460=DIRECTION('',(0.,0.,1.));
#12461=DIRECTION('',(-1.,0.,0.));
#12462=DIRECTION('',(-1.,0.,0.));
#12463=DIRECTION('',(0.,0.,1.));
#12464=DIRECTION('',(1.,0.,0.));
#12465=DIRECTION('',(-1.,0.,0.));
#12466=DIRECTION('',(0.,0.,1.));
#12467=DIRECTION('',(0.,-1.,0.));
#12468=DIRECTION('',(0.,0.,1.));
#12469=DIRECTION('',(0.,-1.,0.));
#12470=DIRECTION('',(0.,0.,1.));
#12471=DIRECTION('',(0.,-1.,0.));
#12472=DIRECTION('',(0.,0.,-1.));
#12473=DIRECTION('',(1.,0.,0.));
#12474=DIRECTION('',(1.,0.,0.));
#12475=DIRECTION('',(0.,0.,1.));
#12476=DIRECTION('',(1.,0.,0.));
#12477=DIRECTION('',(0.,0.,-1.));
#12478=DIRECTION('',(0.,1.,0.));
#12479=DIRECTION('',(0.,1.,0.));
#12480=DIRECTION('',(0.,0.,1.));
#12481=DIRECTION('',(0.,1.,0.));
#12482=DIRECTION('',(0.,0.,1.));
#12483=DIRECTION('',(-1.,0.,0.));
#12484=DIRECTION('',(-1.,0.,0.));
#12485=DIRECTION('',(0.,0.,1.));
#12486=DIRECTION('',(1.,0.,0.));
#12487=DIRECTION('',(-1.,0.,0.));
#12488=DIRECTION('',(0.,0.,1.));
#12489=DIRECTION('',(0.,-1.,0.));
#12490=DIRECTION('',(0.,0.,1.));
#12491=DIRECTION('',(0.,-1.,0.));
#12492=DIRECTION('',(0.,0.,1.));
#12493=DIRECTION('',(0.,-1.,0.));
#12494=DIRECTION('',(0.,0.,-1.));
#12495=DIRECTION('',(1.,0.,0.));
#12496=DIRECTION('',(1.,0.,0.));
#12497=DIRECTION('',(0.,0.,1.));
#12498=DIRECTION('',(1.,0.,0.));
#12499=DIRECTION('',(0.,0.,-1.));
#12500=DIRECTION('',(0.,1.,0.));
#12501=DIRECTION('',(0.,1.,0.));
#12502=DIRECTION('',(0.,0.,1.));
#12503=DIRECTION('',(0.,1.,0.));
#12504=DIRECTION('',(0.,0.,1.));
#12505=DIRECTION('',(-1.,0.,0.));
#12506=DIRECTION('',(-1.,0.,0.));
#12507=DIRECTION('',(-1.,0.,0.));
#12508=DIRECTION('',(-1.,0.,0.));
#12509=DIRECTION('',(0.,0.,1.));
#12510=DIRECTION('',(1.,0.,0.));
#12511=DIRECTION('',(-1.,0.,0.));
#12512=DIRECTION('',(0.,-1.,0.));
#12513=DIRECTION('',(1.,0.,0.));
#12514=DIRECTION('',(0.,1.,0.));
#12515=DIRECTION('',(0.,-1.,0.));
#12516=DIRECTION('',(1.,0.,0.));
#12517=DIRECTION('',(0.,1.,0.));
#12518=DIRECTION('',(0.,0.,1.));
#12519=DIRECTION('',(1.,0.,0.));
#12520=DIRECTION('',(0.,0.,1.));
#12521=DIRECTION('',(1.,0.,0.));
#12522=DIRECTION('',(0.,1.,0.));
#12523=DIRECTION('',(-1.,0.,0.));
#12524=DIRECTION('',(0.,-1.,0.));
#12525=DIRECTION('',(-1.,0.,0.));
#12526=DIRECTION('',(0.,0.,1.));
#12527=DIRECTION('',(0.,0.,1.));
#12528=DIRECTION('',(0.,-1.,0.));
#12529=DIRECTION('',(0.,0.,1.));
#12530=DIRECTION('',(0.,-1.,0.));
#12531=DIRECTION('',(0.,0.,-1.));
#12532=DIRECTION('',(1.,0.,0.));
#12533=DIRECTION('',(0.,0.,1.));
#12534=DIRECTION('',(1.,0.,0.));
#12535=DIRECTION('',(0.,0.,-1.));
#12536=DIRECTION('',(0.,1.,0.));
#12537=DIRECTION('',(0.,0.,1.));
#12538=DIRECTION('',(0.,1.,0.));
#12539=DIRECTION('',(0.,0.,1.));
#12540=DIRECTION('',(-1.,0.,0.));
#12541=DIRECTION('',(0.,0.,1.));
#12542=DIRECTION('',(1.,0.,0.));
#12543=DIRECTION('',(-1.,0.,0.));
#12544=DIRECTION('',(0.,0.,1.));
#12545=DIRECTION('',(0.,0.,1.));
#12546=DIRECTION('',(0.,-1.,0.));
#12547=DIRECTION('',(0.,0.,1.));
#12548=DIRECTION('',(0.,-1.,0.));
#12549=DIRECTION('',(0.,0.,-1.));
#12550=DIRECTION('',(1.,0.,0.));
#12551=DIRECTION('',(0.,0.,1.));
#12552=DIRECTION('',(1.,0.,0.));
#12553=DIRECTION('',(0.,0.,-1.));
#12554=DIRECTION('',(0.,1.,0.));
#12555=DIRECTION('',(0.,0.,1.));
#12556=DIRECTION('',(0.,1.,0.));
#12557=DIRECTION('',(0.,0.,1.));
#12558=DIRECTION('',(-1.,0.,0.));
#12559=DIRECTION('',(0.,0.,1.));
#12560=DIRECTION('',(1.,0.,0.));
#12561=DIRECTION('',(0.,0.,1.));
#12562=DIRECTION('',(1.,0.,0.));
#12563=DIRECTION('',(2.77555756156289E-17,-0.939422216860461,0.342762160205844));
#12564=DIRECTION('',(0.893807335933961,0.153712089619216,0.421284986363778));
#12565=DIRECTION('',(1.,0.,1.90892914146555E-16));
#12566=DIRECTION('',(-1.,-6.83127430739211E-17,-2.73250972295685E-16));
#12567=DIRECTION('',(0.324243923179858,0.324243923179858,0.888668530196647));
#12568=DIRECTION('',(0.,-0.939422216860461,0.342762160205844));
#12569=DIRECTION('',(0.,1.,0.));
#12570=DIRECTION('',(0.,0.,1.));
#12571=DIRECTION('',(0.,0.,1.));
#12572=DIRECTION('',(1.,4.88654500275157E-16,0.));
#12573=DIRECTION('',(0.,0.,1.));
#12574=DIRECTION('',(-0.324243923179858,0.324243923179858,0.888668530196648));
#12575=DIRECTION('',(0.,-0.939422216860461,0.342762160205843));
#12576=DIRECTION('',(0.,0.,-1.));
#12577=DIRECTION('',(0.707106781186548,0.707106781186548,0.));
#12578=DIRECTION('',(0.,-1.,2.02121909252414E-16));
#12579=DIRECTION('',(-1.,0.,1.74851492924707E-16));
#12580=DIRECTION('',(0.,1.,2.02121909252414E-16));
#12581=DIRECTION('',(1.,0.,0.));
#12582=DIRECTION('',(0.,-1.,0.));
#12583=DIRECTION('',(0.,1.,0.));
#12584=DIRECTION('',(1.,0.,0.));
#12585=DIRECTION('',(0.,0.,1.));
#12586=DIRECTION('',(0.,0.,1.));
#12587=DIRECTION('',(-6.83127430739211E-17,1.,-2.73250972295685E-16));
#12588=DIRECTION('',(-0.939422216860461,-2.77555756156289E-17,0.342762160205844));
#12589=DIRECTION('',(0.153712089619216,-0.893807335933961,0.421284986363778));
#12590=DIRECTION('',(1.,0.,0.));
#12591=DIRECTION('',(0.,0.,1.));
#12592=DIRECTION('',(6.83127430739211E-17,-1.,-2.73250972295685E-16));
#12593=DIRECTION('',(0.,0.,1.));
#12594=DIRECTION('',(0.939422216860461,2.77555756156289E-17,0.342762160205844));
#12595=DIRECTION('',(-0.153712089619216,0.893807335933961,0.421284986363778));
#12596=DIRECTION('',(0.324243923179858,-0.324243923179858,0.888668530196647));
#12597=DIRECTION('',(0.,-0.939422216860461,-0.342762160205843));
#12598=DIRECTION('',(-0.324243923179858,-0.324243923179858,0.888668530196647));
#12599=DIRECTION('',(0.939422216860461,0.,0.342762160205843));
#12600=DIRECTION('',(-2.77555756156289E-17,0.939422216860461,0.342762160205844));
#12601=DIRECTION('',(-0.893807335933961,-0.153712089619216,0.421284986363778));
#12602=DIRECTION('',(1.,6.83127430739211E-17,-2.73250972295685E-16));
#12603=DIRECTION('',(0.,1.,0.));
#12604=DIRECTION('',(0.,0.,1.));
#12605=DIRECTION('',(0.,0.,1.));
#12606=DIRECTION('',(1.,0.,0.));
#12607=DIRECTION('',(0.,0.,1.));
#12608=DIRECTION('',(1.,0.,0.));
#12609=DIRECTION('',(0.,0.,1.));
#12610=DIRECTION('',(1.,0.,0.));
#12611=DIRECTION('',(0.,0.,1.));
#12612=DIRECTION('',(1.,0.,0.));
#12613=DIRECTION('',(1.,0.,0.));
#12614=DIRECTION('',(0.,-1.,0.));
#12615=DIRECTION('',(1.,0.,0.));
#12616=DIRECTION('',(0.,-1.,0.));
#12617=DIRECTION('',(0.,0.,1.));
#12618=DIRECTION('',(1.,0.,0.));
#12619=DIRECTION('',(0.,0.,1.));
#12620=DIRECTION('',(1.,0.,0.));
#12621=DIRECTION('',(0.,0.,1.));
#12622=DIRECTION('',(1.,0.,0.));
#12623=DIRECTION('',(0.,0.,1.));
#12624=DIRECTION('',(1.,0.,0.));
#12625=DIRECTION('',(0.,0.,1.));
#12626=DIRECTION('',(1.,0.,0.));
#12627=DIRECTION('',(0.,-1.,0.));
#12628=DIRECTION('',(-1.,0.,0.));
#12629=DIRECTION('',(0.,1.,0.));
#12630=DIRECTION('',(1.,0.,0.));
#12631=DIRECTION('',(0.,0.,1.));
#12632=DIRECTION('',(1.,0.,0.));
#12633=DIRECTION('',(0.,0.,1.));
#12634=DIRECTION('',(1.,0.,0.));
#12635=DIRECTION('',(0.,0.,1.));
#12636=DIRECTION('',(1.,0.,0.));
#12637=DIRECTION('',(0.,0.,1.));
#12638=DIRECTION('',(1.,0.,0.));
#12639=DIRECTION('',(0.,0.,1.));
#12640=DIRECTION('',(1.,0.,0.));
#12641=DIRECTION('',(1.,0.,0.));
#12642=DIRECTION('',(0.,-1.,0.));
#12643=DIRECTION('',(1.,0.,0.));
#12644=DIRECTION('',(0.,-1.,0.));
#12645=DIRECTION('',(0.,-1.,0.));
#12646=DIRECTION('',(0.,0.,1.));
#12647=DIRECTION('',(1.,0.,0.));
#12648=DIRECTION('',(1.,0.,0.));
#12649=DIRECTION('',(0.,1.,0.));
#12650=DIRECTION('',(-1.,0.,0.));
#12651=DIRECTION('',(-1.,0.,0.));
#12652=DIRECTION('',(0.,0.,1.));
#12653=DIRECTION('',(0.,0.,-1.));
#12654=DIRECTION('',(0.,0.,1.));
#12655=DIRECTION('',(0.,-1.,0.));
#12656=DIRECTION('',(0.,0.,-1.));
#12657=DIRECTION('',(0.,0.,-1.));
#12658=DIRECTION('',(0.,0.,1.));
#12659=DIRECTION('',(0.,1.,0.));
#12660=DIRECTION('',(0.,0.,1.));
#12661=DIRECTION('',(0.,0.,-1.));
#12662=DIRECTION('',(0.,0.,-1.));
#12663=DIRECTION('',(1.,0.,0.));
#12664=DIRECTION('',(0.,0.,-1.));
#12665=DIRECTION('',(0.,0.,-1.));
#12666=DIRECTION('',(0.,1.,0.));
#12667=DIRECTION('',(0.,0.,1.));
#12668=DIRECTION('',(0.,0.,-1.));
#12669=DIRECTION('',(1.,0.,0.));
#12670=DIRECTION('',(0.,0.,-1.));
#12671=DIRECTION('',(1.,0.,0.));
#12672=DIRECTION('',(0.,0.,-1.));
#12673=DIRECTION('',(0.,0.,1.));
#12674=DIRECTION('',(0.,1.,0.));
#12675=DIRECTION('',(0.,0.,1.));
#12676=DIRECTION('',(0.,0.,1.));
#12677=DIRECTION('',(1.,0.,0.));
#12678=DIRECTION('',(0.,0.,-1.));
#12679=DIRECTION('',(-1.,0.,0.));
#12680=DIRECTION('',(0.,0.,-1.));
#12681=DIRECTION('',(-1.,0.,0.));
#12682=DIRECTION('',(0.,0.,-1.));
#12683=DIRECTION('',(-1.,0.,0.));
#12684=DIRECTION('',(0.,0.,-1.));
#12685=DIRECTION('',(-1.,0.,0.));
#12686=DIRECTION('',(0.,0.,1.));
#12687=DIRECTION('',(1.,0.,0.));
#12688=DIRECTION('',(0.898640971147264,0.438684858384129,0.));
#12689=DIRECTION('',(-0.438684858384129,0.898640971147264,0.));
#12690=DIRECTION('',(0.898640971147264,0.438684858384129,0.));
#12691=DIRECTION('',(0.898640971147264,0.438684858384129,0.));
#12692=DIRECTION('',(-0.438684858384129,0.898640971147264,0.));
#12693=DIRECTION('',(0.898640971147264,0.438684858384129,0.));
#12694=DIRECTION('',(-0.438684858384129,0.898640971147264,0.));
#12695=DIRECTION('',(0.898640971147264,0.438684858384129,0.));
#12696=DIRECTION('',(-0.438684858384129,0.898640971147264,0.));
#12697=DIRECTION('',(0.,0.,-1.));
#12698=DIRECTION('',(-0.438684858384129,0.898640971147264,0.));
#12699=DIRECTION('',(0.,0.,1.));
#12700=DIRECTION('',(-0.438684858384129,0.898640971147264,0.));
#12701=DIRECTION('',(0.898640971147264,0.438684858384129,0.));
#12702=DIRECTION('',(-0.438684858384129,0.898640971147264,0.));
#12703=DIRECTION('',(0.898640971147264,0.438684858384129,0.));
#12704=DIRECTION('',(-0.438684858384129,0.898640971147264,0.));
#12705=DIRECTION('',(0.898640971147264,0.438684858384129,0.));
#12706=DIRECTION('',(-0.438684858384129,0.898640971147264,0.));
#12707=DIRECTION('',(0.438684858383707,-0.898640971147469,0.));
#12708=DIRECTION('',(0.,0.,1.));
#12709=DIRECTION('',(-0.438684858384129,0.898640971147264,0.));
#12710=DIRECTION('',(1.08549684663658E-16,-2.22362801404153E-16,1.));
#12711=DIRECTION('',(0.898640971147264,0.438684858384129,0.));
#12712=DIRECTION('',(-0.438684858384129,0.898640971147264,0.));
#12713=DIRECTION('',(0.,0.,-1.));
#12714=DIRECTION('',(-1.,0.,0.));
#12715=DIRECTION('',(0.310197038167278,-0.635435124550295,0.707106781186548));
#12716=DIRECTION('',(0.310197038167278,-0.635435124550295,-0.707106781186548));
#12717=DIRECTION('',(0.310197038167278,-0.635435124550295,-0.707106781186548));
#12718=DIRECTION('',(-0.310197038167278,0.635435124550295,-0.707106781186548));
#12719=DIRECTION('',(0.,0.,1.));
#12720=DIRECTION('',(0.,0.,-1.));
#12721=DIRECTION('',(-1.,0.,0.));
#12722=DIRECTION('',(0.,0.,1.));
#12723=DIRECTION('',(0.,0.,-1.));
#12724=DIRECTION('',(-1.,0.,0.));
#12725=DIRECTION('',(0.,0.,1.));
#12726=DIRECTION('',(0.438684858384129,-0.898640971147264,0.));
#12727=DIRECTION('',(0.898640971147264,0.438684858384129,0.));
#12728=DIRECTION('',(-0.529750585318362,-0.848153475118067,0.));
#12729=DIRECTION('',(-0.848153475118067,0.529750585318362,0.));
#12730=DIRECTION('',(0.438684858384129,-0.898640971147264,0.));
#12731=DIRECTION('',(-0.438684858384129,0.898640971147264,0.));
#12732=DIRECTION('',(-0.898640971147264,-0.438684858384129,0.));
#12733=DIRECTION('',(0.438684858383716,-0.898640971147465,0.));
#12734=DIRECTION('',(0.529750585318362,0.848153475118067,0.));
#12735=DIRECTION('',(-0.848153475118067,0.529750585318362,0.));
#12736=DIRECTION('',(4.87145005680419E-5,-0.999999998813449,0.));
#12737=DIRECTION('',(0.999999998813449,4.87145005680419E-5,0.));
#12738=DIRECTION('',(0.999999998813449,4.87145005680419E-5,0.));
#12739=DIRECTION('',(0.,0.,1.));
#12740=DIRECTION('',(0.999999998813449,4.87145005680419E-5,0.));
#12741=DIRECTION('',(0.898640971147264,0.438684858384129,0.));
#12742=DIRECTION('',(-0.438684858384129,0.898640971147264,0.));
#12743=DIRECTION('',(0.898640971147264,0.438684858384129,0.));
#12744=DIRECTION('',(0.898640971147264,0.438684858384129,0.));
#12745=DIRECTION('',(-0.438684858384129,0.898640971147264,0.));
#12746=DIRECTION('',(0.898640971147264,0.438684858384129,0.));
#12747=DIRECTION('',(-0.438684858384129,0.898640971147264,0.));
#12748=DIRECTION('',(0.898640971147264,0.438684858384129,0.));
#12749=DIRECTION('',(0.898640971147264,0.438684858384129,0.));
#12750=DIRECTION('',(-0.438684858384129,0.898640971147264,0.));
#12751=DIRECTION('',(0.898640971147264,0.438684858384129,0.));
#12752=DIRECTION('',(-0.438684858384129,0.898640971147264,0.));
#12753=DIRECTION('',(0.898640971147264,0.438684858384129,0.));
#12754=DIRECTION('',(0.898640971147264,0.438684858384129,0.));
#12755=DIRECTION('',(-0.438684858384129,0.898640971147264,0.));
#12756=DIRECTION('',(0.,0.,1.));
#12757=DIRECTION('',(1.,0.,0.));
#12758=DIRECTION('',(0.898640971147264,0.438684858384129,-2.21867129593409E-31));
#12759=DIRECTION('',(-0.438684858384129,0.898640971147264,0.));
#12760=DIRECTION('',(0.898640971147459,0.438684858383729,0.));
#12761=DIRECTION('',(0.438684858384129,-0.898640971147264,-2.94589271303987E-16));
#12762=DIRECTION('',(0.898640971147264,0.438684858384129,-1.97215226305253E-31));
#12763=DIRECTION('',(1.29231852763473E-16,-2.64729988854179E-16,1.));
#12764=DIRECTION('',(0.898640971147264,0.438684858384129,-1.97215226305253E-31));
#12765=DIRECTION('',(0.438684858384129,-0.898640971147264,-2.47443426845173E-16));
#12766=DIRECTION('',(0.898640971147264,0.438684858384129,-2.21867129593409E-31));
#12767=DIRECTION('',(0.898640971147457,0.438684858383732,0.));
#12768=DIRECTION('',(0.,0.,1.));
#12769=DIRECTION('',(8.271705678193E-17,-1.694449553396E-16,1.));
#12770=DIRECTION('',(0.,-1.,-1.694449553396E-16));
#12771=DIRECTION('',(0.438684858383708,-0.898640971147469,-1.88556899562701E-16));
#12772=DIRECTION('',(0.,1.,0.));
#12773=DIRECTION('',(0.,0.,1.));
#12774=DIRECTION('',(1.,0.,0.));
#12775=DIRECTION('',(0.,-1.,0.));
#12776=DIRECTION('',(0.,0.,-1.));
#12777=DIRECTION('',(0.,0.,1.));
#12778=DIRECTION('',(0.,1.,0.));
#12779=DIRECTION('',(0.,0.,1.));
#12780=DIRECTION('',(1.,0.,0.));
#12781=DIRECTION('',(1.,0.,0.));
#12782=DIRECTION('',(0.,0.,1.));
#12783=DIRECTION('',(1.,0.,0.));
#12784=DIRECTION('',(0.,0.,1.));
#12785=DIRECTION('',(1.,0.,0.));
#12786=DIRECTION('',(-0.438684858384129,0.898640971147264,0.));
#12787=DIRECTION('',(0.,1.,0.));
#12788=DIRECTION('',(0.999999998813449,4.87145005680419E-5,0.));
#12789=DIRECTION('',(0.898640971147264,0.438684858384129,0.));
#12790=DIRECTION('',(-0.438684858384129,0.898640971147264,0.));
#12791=DIRECTION('',(0.,0.,1.));
#12792=DIRECTION('',(0.438684858383727,-0.89864097114746,0.));
#12793=DIRECTION('',(0.898640971147264,0.438684858384129,0.));
#12794=DIRECTION('',(-0.438684858384129,0.898640971147264,0.));
#12795=DIRECTION('',(0.898640971147264,0.438684858384129,0.));
#12796=DIRECTION('',(-0.438684858384129,0.898640971147264,0.));
#12797=DIRECTION('',(-0.438684858384129,0.898640971147264,0.));
#12798=DIRECTION('',(0.,0.,1.));
#12799=DIRECTION('',(0.438684858383529,-0.898640971147556,0.));
#12800=DIRECTION('',(0.,0.,1.));
#12801=DIRECTION('',(0.,0.,1.));
#12802=DIRECTION('',(1.,0.,0.));
#12803=DIRECTION('',(-0.999999998813449,-4.87145005613614E-5,0.));
#12804=DIRECTION('',(0.,1.,0.));
#12805=DIRECTION('',(-0.999999998813449,-4.87145005680419E-5,0.));
#12806=DIRECTION('',(4.87145005680419E-5,-0.999999998813449,0.));
#12807=DIRECTION('',(-0.999999998813449,-4.87145002835199E-5,0.));
#12808=DIRECTION('',(4.87145002835199E-5,-0.999999998813449,0.));
#12809=DIRECTION('',(-0.999999998813449,-4.87145005680419E-5,0.));
#12810=DIRECTION('',(0.,0.,1.));
#12811=DIRECTION('',(1.,0.,0.));
#12812=DIRECTION('',(0.,1.,0.));
#12813=DIRECTION('',(0.,0.,1.));
#12814=DIRECTION('',(1.,0.,0.));
#12815=DIRECTION('',(-0.999999998813449,-4.87145005683014E-5,0.));
#12816=DIRECTION('',(0.,1.,0.));
#12817=DIRECTION('',(0.999999998813449,4.87145005680419E-5,0.));
#12818=DIRECTION('',(-4.87145005680419E-5,0.999999998813449,0.));
#12819=DIRECTION('',(0.999999998813449,4.87145005609989E-5,1.38777032851555E-15));
#12820=DIRECTION('',(-4.87145005609989E-5,0.999999998813449,0.));
#12821=DIRECTION('',(0.,0.,-1.));
#12822=DIRECTION('',(-1.,0.,0.));
#12823=DIRECTION('',(0.,0.,1.));
#12824=DIRECTION('',(1.,0.,0.));
#12825=DIRECTION('',(0.,0.,-1.));
#12826=DIRECTION('',(1.387778780781E-15,-1.734723475977E-16,-1.));
#12827=DIRECTION('',(-1.,0.,-1.387778780781E-15));
#12828=DIRECTION('',(0.898640971147264,0.438684858384129,0.));
#12829=DIRECTION('',(-0.438684858384129,0.898640971147264,0.));
#12830=DIRECTION('',(0.,-1.,0.));
#12831=DIRECTION('',(0.,0.,-1.));
#12832=DIRECTION('',(-2.40741243048354E-31,-1.,1.734723475977E-16));
#12833=DIRECTION('',(0.,-1.734723475977E-16,-1.));
#12834=DIRECTION('',(0.,-1.,0.));
#12835=DIRECTION('',(-1.,0.,0.));
#12836=DIRECTION('',(0.,0.,1.));
#12837=DIRECTION('',(0.,1.,0.));
#12838=DIRECTION('',(0.,0.,1.));
#12839=DIRECTION('',(0.,1.,0.));
#12840=DIRECTION('',(0.,0.,1.));
#12841=DIRECTION('',(0.,1.,0.));
#12842=DIRECTION('',(0.,1.,0.));
#12843=DIRECTION('',(0.,0.,1.));
#12844=DIRECTION('',(1.22464679914735E-16,1.,0.));
#12845=DIRECTION('',(-1.,1.22464679914735E-16,0.));
#12846=DIRECTION('',(-1.,0.,0.));
#12847=DIRECTION('',(0.,0.,1.));
#12848=DIRECTION('',(0.,0.,1.));
#12849=DIRECTION('',(0.,0.,-1.));
#12850=DIRECTION('',(0.,1.,0.));
#12851=DIRECTION('',(0.,0.,1.));
#12852=DIRECTION('',(0.,1.,0.));
#12853=DIRECTION('',(4.87145005680419E-5,-0.999999998813449,0.));
#12854=DIRECTION('',(0.999999998813449,4.87145005680419E-5,0.));
#12855=DIRECTION('',(0.999999998813449,4.87145005680419E-5,0.));
#12856=DIRECTION('',(0.,0.,1.));
#12857=DIRECTION('',(0.999999998813449,4.87145005680419E-5,0.));
#12858=DIRECTION('',(0.,0.,1.));
#12859=DIRECTION('',(0.999999998813449,4.87145005680419E-5,0.));
#12860=DIRECTION('',(0.,0.,1.));
#12861=DIRECTION('',(0.999999998813449,4.87145005680419E-5,0.));
#12862=DIRECTION('',(0.,0.,1.));
#12863=DIRECTION('',(0.999999998813449,4.87145005680419E-5,0.));
#12864=DIRECTION('',(0.,0.,1.));
#12865=DIRECTION('',(0.999999998813449,4.87145005680419E-5,0.));
#12866=DIRECTION('',(0.,0.,1.));
#12867=DIRECTION('',(0.999999998813449,4.87145005680419E-5,0.));
#12868=DIRECTION('',(0.,0.,1.));
#12869=DIRECTION('',(0.999999998813449,4.87145005680419E-5,0.));
#12870=DIRECTION('',(0.,0.,1.));
#12871=DIRECTION('',(0.898640971147264,0.438684858384129,0.));
#12872=DIRECTION('',(-0.438684858384129,0.898640971147264,0.));
#12873=DIRECTION('',(0.898640971147264,0.438684858384129,0.));
#12874=DIRECTION('',(0.898640971147264,0.438684858384129,0.));
#12875=DIRECTION('',(-0.438684858384129,0.898640971147264,0.));
#12876=DIRECTION('',(0.898640971147264,0.438684858384129,0.));
#12877=DIRECTION('',(-0.438684858384129,0.898640971147264,0.));
#12878=DIRECTION('',(0.898640971147264,0.438684858384129,0.));
#12879=DIRECTION('',(0.898640971147264,0.438684858384129,0.));
#12880=DIRECTION('',(-0.438684858384129,0.898640971147264,0.));
#12881=DIRECTION('',(0.438684858384129,-0.898640971147264,0.));
#12882=DIRECTION('',(0.898640971147264,0.438684858384129,0.));
#12883=DIRECTION('',(-0.898640971147539,-0.438684858383564,0.));
#12884=DIRECTION('',(0.898640971147264,0.438684858384129,0.));
#12885=DIRECTION('',(0.,0.,1.));
#12886=DIRECTION('',(0.,0.,1.));
#12887=DIRECTION('',(1.,0.,0.));
#12888=DIRECTION('',(0.438684858383842,-0.898640971147403,0.));
#12889=DIRECTION('',(0.898640971147237,0.438684858384183,0.));
#12890=DIRECTION('',(-0.438684858383731,0.898640971147458,0.));
#12891=DIRECTION('',(0.898640971147588,0.438684858383464,0.));
#12892=DIRECTION('',(0.,0.,1.));
#12893=DIRECTION('',(1.,0.,0.));
#12894=DIRECTION('',(-0.898640971147264,-0.438684858384129,0.));
#12895=DIRECTION('',(0.438684858384129,-0.898640971147264,0.));
#12896=DIRECTION('',(-0.898640971147264,-0.438684858384129,0.));
#12897=DIRECTION('',(-0.438684858384129,0.898640971147264,0.));
#12898=DIRECTION('',(-0.438684858384129,0.898640971147264,0.));
#12899=DIRECTION('',(-0.898640971147264,-0.438684858384129,0.));
#12900=DIRECTION('',(0.,0.,1.));
#12901=DIRECTION('',(0.,0.,1.));
#12902=DIRECTION('',(1.,0.,0.));
#12903=DIRECTION('',(1.387778780781E-15,-1.734723475977E-16,-1.));
#12904=DIRECTION('',(-1.,0.,-1.387778780781E-15));
#12905=DIRECTION('',(0.707106781186548,0.,0.707106781186548));
#12906=DIRECTION('',(0.,-1.,0.));
#12907=DIRECTION('',(0.577350269189626,-0.577350269189626,-0.577350269189626));
#12908=DIRECTION('',(0.,1.,0.));
#12909=DIRECTION('',(0.577350269189626,0.577350269189625,-0.577350269189626));
#12910=DIRECTION('',(-0.707106781186548,0.707106781186548,0.));
#12911=DIRECTION('',(0.,0.,-1.));
#12912=DIRECTION('',(0.577350269189626,0.577350269189625,0.577350269189626));
#12913=DIRECTION('',(0.,0.,-1.));
#12914=DIRECTION('',(-0.707106781186548,0.,0.707106781186548));
#12915=DIRECTION('',(0.,1.,0.));
#12916=DIRECTION('',(-0.577350269189626,0.577350269189626,-0.577350269189626));
#12917=DIRECTION('',(0.,1.,0.));
#12918=DIRECTION('',(0.707106781186548,0.707106781186548,0.));
#12919=DIRECTION('',(0.,0.,1.));
#12920=DIRECTION('',(0.,0.,-1.));
#12921=DIRECTION('',(0.,-1.,0.));
#12922=DIRECTION('',(0.,0.,-1.));
#12923=DIRECTION('',(1.,0.,0.));
#12924=DIRECTION('',(-1.,0.,0.));
#12925=DIRECTION('',(0.,0.,-1.));
#12926=DIRECTION('',(-1.,0.,0.));
#12927=DIRECTION('',(1.,0.,0.));
#12928=DIRECTION('',(0.,-1.,0.));
#12929=DIRECTION('',(0.,0.,-1.));
#12930=DIRECTION('',(-1.,0.,0.));
#12931=DIRECTION('',(0.,0.,-1.));
#12932=DIRECTION('',(-1.,0.,0.));
#12933=DIRECTION('',(0.,0.,1.));
#12934=DIRECTION('',(1.,0.,0.));
#12935=DIRECTION('',(0.,1.,0.));
#12936=DIRECTION('',(1.,0.,0.));
#12937=DIRECTION('',(0.,1.,0.));
#12938=DIRECTION('',(-1.,0.,0.));
#12939=DIRECTION('',(0.,0.,1.));
#12940=DIRECTION('',(0.,0.,1.));
#12941=DIRECTION('',(0.,1.,0.));
#12942=DIRECTION('',(0.,0.,-1.));
#12943=DIRECTION('',(-1.,0.,0.));
#12944=DIRECTION('',(-1.,0.,0.));
#12945=DIRECTION('',(0.,1.,0.));
#12946=DIRECTION('',(1.,0.,0.));
#12947=DIRECTION('',(0.,0.,-1.));
#12948=DIRECTION('',(0.,0.,-1.));
#12949=DIRECTION('',(0.,0.,1.));
#12950=DIRECTION('',(1.,0.,0.));
#12951=DIRECTION('',(0.,1.,0.));
#12952=DIRECTION('',(1.,0.,0.));
#12953=DIRECTION('',(0.,1.,0.));
#12954=DIRECTION('',(-1.,0.,0.));
#12955=DIRECTION('',(0.,0.,1.));
#12956=DIRECTION('',(0.,0.,1.));
#12957=DIRECTION('',(0.,1.,0.));
#12958=DIRECTION('',(0.,0.,-1.));
#12959=DIRECTION('',(-1.,0.,0.));
#12960=DIRECTION('',(-1.,0.,0.));
#12961=DIRECTION('',(0.,1.,0.));
#12962=DIRECTION('',(1.,0.,0.));
#12963=DIRECTION('',(0.,0.,-1.));
#12964=DIRECTION('',(0.,0.,-1.));
#12965=DIRECTION('',(0.,0.,1.));
#12966=DIRECTION('',(1.,0.,0.));
#12967=DIRECTION('',(0.,1.,0.));
#12968=DIRECTION('',(1.,0.,0.));
#12969=DIRECTION('',(0.,1.,0.));
#12970=DIRECTION('',(-1.,0.,0.));
#12971=DIRECTION('',(0.,0.,1.));
#12972=DIRECTION('',(0.,0.,1.));
#12973=DIRECTION('',(0.,1.,0.));
#12974=DIRECTION('',(0.,0.,-1.));
#12975=DIRECTION('',(-1.,0.,0.));
#12976=DIRECTION('',(-1.,0.,0.));
#12977=DIRECTION('',(0.,1.,0.));
#12978=DIRECTION('',(1.,0.,0.));
#12979=DIRECTION('',(0.,0.,-1.));
#12980=DIRECTION('',(0.,0.,-1.));
#12981=DIRECTION('',(0.,0.,1.));
#12982=DIRECTION('',(1.,0.,0.));
#12983=DIRECTION('',(0.,1.,0.));
#12984=DIRECTION('',(1.,0.,0.));
#12985=DIRECTION('',(0.,1.,0.));
#12986=DIRECTION('',(-1.,0.,0.));
#12987=DIRECTION('',(0.,0.,1.));
#12988=DIRECTION('',(0.,0.,1.));
#12989=DIRECTION('',(0.,1.,0.));
#12990=DIRECTION('',(0.,0.,-1.));
#12991=DIRECTION('',(-1.,0.,0.));
#12992=DIRECTION('',(-1.,0.,0.));
#12993=DIRECTION('',(0.,1.,0.));
#12994=DIRECTION('',(1.,0.,0.));
#12995=DIRECTION('',(0.,0.,-1.));
#12996=DIRECTION('',(0.,0.,-1.));
#12997=DIRECTION('',(0.898640971147264,0.438684858384129,0.));
#12998=DIRECTION('',(-0.438684858384129,0.898640971147264,0.));
#12999=DIRECTION('',(0.898640971147264,0.438684858384129,0.));
#13000=DIRECTION('',(-0.438684858384129,0.898640971147264,0.));
#13001=DIRECTION('',(0.898640971147264,0.438684858384129,0.));
#13002=DIRECTION('',(-0.438684858384129,0.898640971147264,0.));
#13003=DIRECTION('',(0.,0.,1.));
#13004=DIRECTION('',(-0.438684858384129,0.898640971147264,0.));
#13005=DIRECTION('',(-0.898640971147264,-0.438684858384129,0.));
#13006=DIRECTION('',(0.,0.,1.));
#13007=DIRECTION('',(-0.898640971147264,-0.438684858384129,0.));
#13008=DIRECTION('',(0.438684858384129,-0.898640971147264,0.));
#13009=DIRECTION('',(0.,-1.,0.));
#13010=DIRECTION('',(1.,0.,0.));
#13011=DIRECTION('',(0.,1.,0.));
#13012=DIRECTION('',(0.,0.,1.));
#13013=DIRECTION('',(0.,-1.,0.));
#13014=DIRECTION('',(1.,0.,0.));
#13015=DIRECTION('',(0.,1.,0.));
#13016=DIRECTION('',(0.,0.,1.));
#13017=DIRECTION('',(0.,-1.,0.));
#13018=DIRECTION('',(1.,0.,0.));
#13019=DIRECTION('',(0.,1.,0.));
#13020=DIRECTION('',(0.,0.,1.));
#13021=DIRECTION('',(0.,-1.,0.));
#13022=DIRECTION('',(1.,0.,0.));
#13023=DIRECTION('',(0.,1.,0.));
#13024=DIRECTION('',(0.,0.,1.));
#13025=DIRECTION('',(0.,1.,0.));
#13026=DIRECTION('',(0.,0.,1.));
#13027=DIRECTION('',(0.,1.,0.));
#13028=DIRECTION('',(0.,1.,0.));
#13029=DIRECTION('',(0.,0.,1.));
#13030=DIRECTION('',(0.,1.,0.));
#13031=DIRECTION('',(0.,0.,1.));
#13032=DIRECTION('',(0.,1.,0.));
#13033=DIRECTION('',(0.,1.,0.));
#13034=DIRECTION('',(0.,0.,1.));
#13035=DIRECTION('',(0.,1.,0.));
#13036=DIRECTION('',(0.,0.,1.));
#13037=DIRECTION('',(0.,1.,0.));
#13038=DIRECTION('',(0.,1.,0.));
#13039=DIRECTION('',(0.,0.,1.));
#13040=DIRECTION('',(0.,1.,0.));
#13041=DIRECTION('',(0.,0.,1.));
#13042=DIRECTION('',(0.,1.,0.));
#13043=DIRECTION('',(0.,1.,0.));
#13044=DIRECTION('',(0.,0.,1.));
#13045=DIRECTION('',(0.,-1.,0.));
#13046=DIRECTION('',(1.,0.,0.));
#13047=DIRECTION('',(0.,1.,0.));
#13048=DIRECTION('',(0.,0.,1.));
#13049=DIRECTION('',(0.,-1.,0.));
#13050=DIRECTION('',(1.,0.,0.));
#13051=DIRECTION('',(0.,1.,0.));
#13052=DIRECTION('',(0.,0.,1.));
#13053=DIRECTION('',(0.,-1.,0.));
#13054=DIRECTION('',(1.,0.,0.));
#13055=DIRECTION('',(0.,1.,0.));
#13056=DIRECTION('',(0.,0.,1.));
#13057=DIRECTION('',(0.,-1.,0.));
#13058=DIRECTION('',(1.,0.,0.));
#13059=DIRECTION('',(0.,1.,0.));
#13060=DIRECTION('',(0.,0.,1.));
#13061=DIRECTION('',(0.,1.,0.));
#13062=DIRECTION('',(0.,0.,1.));
#13063=DIRECTION('',(0.,1.,0.));
#13064=DIRECTION('',(0.,1.,0.));
#13065=DIRECTION('',(0.,0.,1.));
#13066=DIRECTION('',(0.,1.,0.));
#13067=DIRECTION('',(0.,0.,1.));
#13068=DIRECTION('',(0.,1.,0.));
#13069=DIRECTION('',(0.,1.,0.));
#13070=DIRECTION('',(0.,0.,1.));
#13071=DIRECTION('',(0.,1.,0.));
#13072=DIRECTION('',(0.,0.,1.));
#13073=DIRECTION('',(0.,1.,0.));
#13074=DIRECTION('',(0.,1.,0.));
#13075=DIRECTION('',(0.,0.,1.));
#13076=DIRECTION('',(0.,1.,0.));
#13077=DIRECTION('',(0.,0.,1.));
#13078=DIRECTION('',(0.,1.,0.));
#13079=DIRECTION('',(0.,1.,0.));
#13080=DIRECTION('',(0.,0.,1.));
#13081=DIRECTION('',(0.,-1.,0.));
#13082=DIRECTION('',(1.,0.,0.));
#13083=DIRECTION('',(0.,-1.,0.));
#13084=DIRECTION('',(1.,0.,0.));
#13085=DIRECTION('',(0.,-1.,0.));
#13086=DIRECTION('',(1.,0.,0.));
#13087=DIRECTION('',(0.,-1.,0.));
#13088=DIRECTION('',(1.,0.,0.));
#13089=DIRECTION('',(-1.,-4.85722573273506E-17,-8.82337283151929E-17));
#13090=DIRECTION('',(4.85722573273506E-17,-1.,1.47688664683257E-16));
#13091=DIRECTION('',(0.,0.,1.));
#13092=DIRECTION('',(1.,0.,0.));
#13093=DIRECTION('',(0.,0.,1.));
#13094=DIRECTION('',(1.,0.,0.));
#13095=DIRECTION('',(0.,0.,1.));
#13096=DIRECTION('',(1.,0.,0.));
#13097=DIRECTION('',(0.,0.,1.));
#13098=DIRECTION('',(1.,0.,0.));
#13099=DIRECTION('',(0.,0.,1.));
#13100=DIRECTION('',(1.,0.,0.));
#13101=DIRECTION('',(0.,0.,1.));
#13102=DIRECTION('',(1.,0.,0.));
#13103=DIRECTION('',(0.,0.,1.));
#13104=DIRECTION('',(1.,0.,0.));
#13105=DIRECTION('',(0.,0.,1.));
#13106=DIRECTION('',(1.,0.,0.));
#13107=DIRECTION('',(0.,0.,1.));
#13108=DIRECTION('',(1.,0.,0.));
#13109=DIRECTION('',(0.,0.,1.));
#13110=DIRECTION('',(1.,0.,0.));
#13111=DIRECTION('',(0.,0.,1.));
#13112=DIRECTION('',(1.,0.,0.));
#13113=DIRECTION('',(0.,0.,1.));
#13114=DIRECTION('',(1.,0.,0.));
#13115=DIRECTION('',(0.,1.,0.));
#13116=DIRECTION('',(0.,0.,1.));
#13117=DIRECTION('',(1.,0.,0.));
#13118=DIRECTION('',(0.,0.,-1.));
#13119=DIRECTION('',(1.,0.,0.));
#13120=DIRECTION('',(0.,0.,1.));
#13121=DIRECTION('',(1.,0.,0.));
#13122=DIRECTION('',(0.,0.,-1.));
#13123=DIRECTION('',(0.,1.,0.));
#13124=DIRECTION('',(0.,0.,1.));
#13125=DIRECTION('',(0.,1.,0.));
#13126=DIRECTION('',(0.,1.,0.));
#13127=DIRECTION('',(0.,0.,1.));
#13128=DIRECTION('',(1.,0.,0.));
#13129=DIRECTION('',(0.,0.,-1.));
#13130=DIRECTION('',(1.,0.,0.));
#13131=DIRECTION('',(0.,0.,-1.));
#13132=DIRECTION('',(-1.,0.,0.));
#13133=DIRECTION('',(0.,0.,-1.));
#13134=DIRECTION('',(-1.,0.,0.));
#13135=DIRECTION('',(0.,0.,-1.));
#13136=DIRECTION('',(-1.,0.,0.));
#13137=DIRECTION('',(0.,0.,-1.));
#13138=DIRECTION('',(-1.,0.,0.));
#13139=DIRECTION('',(0.,0.,-1.));
#13140=DIRECTION('',(-1.,0.,0.));
#13141=DIRECTION('',(0.,0.,-1.));
#13142=DIRECTION('',(-1.,0.,0.));
#13143=DIRECTION('',(1.,0.,0.));
#13144=DIRECTION('',(0.,0.,-1.));
#13145=DIRECTION('',(0.,1.,0.));
#13146=DIRECTION('',(0.,1.,0.));
#13147=DIRECTION('',(0.,0.,1.));
#13148=DIRECTION('',(1.,0.,0.));
#13149=DIRECTION('',(1.,0.,0.));
#13150=DIRECTION('',(0.,1.,0.));
#13151=DIRECTION('',(1.,0.,0.));
#13152=DIRECTION('',(0.,1.,0.));
#13153=DIRECTION('',(0.,0.,1.));
#13154=DIRECTION('',(1.,0.,0.));
#13155=DIRECTION('',(0.,1.,0.));
#13156=DIRECTION('',(0.,0.,1.));
#13157=DIRECTION('',(0.,0.,1.));
#13158=DIRECTION('',(0.,0.,1.));
#13159=DIRECTION('',(1.,0.,0.));
#13160=DIRECTION('',(1.,9.69119260322239E-17,0.));
#13161=DIRECTION('',(-9.69119260322239E-17,1.,0.));
#13162=DIRECTION('',(0.,0.,1.));
#13163=DIRECTION('',(0.,1.,0.));
#13164=DIRECTION('',(0.,1.,0.));
#13165=DIRECTION('',(0.,0.,1.));
#13166=DIRECTION('',(0.,0.,-1.));
#13167=DIRECTION('',(1.,0.,0.));
#13168=DIRECTION('',(1.,0.,0.));
#13169=DIRECTION('',(0.,0.,-1.));
#13170=DIRECTION('',(0.,1.,0.));
#13171=DIRECTION('',(0.,0.,1.));
#13172=DIRECTION('',(1.,0.,0.));
#13173=DIRECTION('',(0.,-0.898640971147466,0.438684858383714));
#13174=DIRECTION('',(-1.,0.,0.));
#13175=DIRECTION('',(0.,0.,1.));
#13176=DIRECTION('',(1.,0.,0.));
#13177=DIRECTION('',(0.,0.,1.));
#13178=DIRECTION('',(1.,0.,0.));
#13179=DIRECTION('',(0.,0.,1.));
#13180=DIRECTION('',(1.,0.,0.));
#13181=DIRECTION('',(0.,2.2E-16,1.));
#13182=DIRECTION('',(1.,0.,0.));
#13183=DIRECTION('',(1.22464679914735E-16,-2.2E-16,-1.));
#13184=DIRECTION('',(0.,1.,-2.2E-16));
#13185=DIRECTION('',(0.,2.2E-16,1.));
#13186=DIRECTION('',(0.,-1.,2.2E-16));
#13187=DIRECTION('',(0.,1.,-2.2E-16));
#13188=DIRECTION('',(1.,0.,0.));
#13189=DIRECTION('',(-1.,-4.04133443718627E-32,-1.83697019872103E-16));
#13190=DIRECTION('',(-1.83697019872103E-16,0.,1.));
#13191=DIRECTION('',(1.,0.,0.));
#13192=DIRECTION('',(0.,-2.2E-16,-1.));
#13193=DIRECTION('',(-1.,-4.04133443718627E-32,-1.83697019872103E-16));
#13194=DIRECTION('',(-1.83697019872103E-16,0.,1.));
#13195=DIRECTION('',(0.,1.,-2.2E-16));
#13196=DIRECTION('',(1.,0.,0.));
#13197=DIRECTION('',(0.,2.2E-16,1.));
#13198=DIRECTION('',(0.,-1.,2.2E-16));
#13199=DIRECTION('',(0.,-2.2E-16,-1.));
#13200=DIRECTION('',(-1.,0.,0.));
#13201=DIRECTION('',(0.,-2.2E-16,-1.));
#13202=DIRECTION('',(0.,1.,-2.2E-16));
#13203=DIRECTION('',(0.,0.,-1.));
#13204=DIRECTION('',(-1.,0.,0.));
#13205=DIRECTION('',(0.,0.,1.));
#13206=DIRECTION('',(1.,0.,0.));
#13207=DIRECTION('',(0.,0.,1.));
#13208=DIRECTION('',(1.,0.,0.));
#13209=DIRECTION('',(0.,2.2E-16,1.));
#13210=DIRECTION('',(1.,0.,0.));
#13211=DIRECTION('',(1.22464679914735E-16,-2.2E-16,-1.));
#13212=DIRECTION('',(0.,1.,-2.2E-16));
#13213=DIRECTION('',(0.,2.2E-16,1.));
#13214=DIRECTION('',(0.,-1.,2.2E-16));
#13215=DIRECTION('',(0.,1.,-2.2E-16));
#13216=DIRECTION('',(1.,0.,0.));
#13217=DIRECTION('',(-1.,-4.04133443718627E-32,-1.83697019872103E-16));
#13218=DIRECTION('',(-1.83697019872103E-16,0.,1.));
#13219=DIRECTION('',(1.,0.,0.));
#13220=DIRECTION('',(0.,-2.2E-16,-1.));
#13221=DIRECTION('',(-1.,-4.04133443718627E-32,-1.83697019872103E-16));
#13222=DIRECTION('',(-1.83697019872103E-16,0.,1.));
#13223=DIRECTION('',(0.,1.,-2.2E-16));
#13224=DIRECTION('',(1.,0.,0.));
#13225=DIRECTION('',(0.,2.2E-16,1.));
#13226=DIRECTION('',(0.,-1.,2.2E-16));
#13227=DIRECTION('',(0.,-2.2E-16,-1.));
#13228=DIRECTION('',(-1.,0.,0.));
#13229=DIRECTION('',(0.,-2.2E-16,-1.));
#13230=DIRECTION('',(0.,1.,-2.2E-16));
#13231=DIRECTION('',(0.,0.,-1.));
#13232=DIRECTION('',(-1.,0.,0.));
#13233=DIRECTION('',(0.,0.,1.));
#13234=DIRECTION('',(1.,0.,0.));
#13235=DIRECTION('',(0.,0.,1.));
#13236=DIRECTION('',(1.,0.,0.));
#13237=DIRECTION('',(1.,0.,0.));
#13238=DIRECTION('',(0.,9.92044604925E-16,1.));
#13239=DIRECTION('',(1.,0.,0.));
#13240=DIRECTION('',(0.,0.,-1.));
#13241=DIRECTION('',(1.,0.,0.));
#13242=DIRECTION('',(0.,0.,-1.));
#13243=DIRECTION('',(1.,0.,0.));
#13244=DIRECTION('',(0.,1.002044604925E-15,1.));
#13245=DIRECTION('',(1.,0.,0.));
#13246=DIRECTION('',(0.,0.,-1.));
#13247=DIRECTION('',(1.,0.,0.));
#13248=DIRECTION('',(0.,9.92044604925E-16,1.));
#13249=DIRECTION('',(1.,0.,0.));
#13250=DIRECTION('',(0.,0.,-1.));
#13251=DIRECTION('',(1.,0.,0.));
#13252=DIRECTION('',(0.,1.002044604925E-15,1.));
#13253=DIRECTION('',(1.,0.,0.));
#13254=DIRECTION('',(0.,0.,-1.));
#13255=DIRECTION('',(1.,0.,0.));
#13256=DIRECTION('',(0.,1.002044604925E-15,1.));
#13257=DIRECTION('',(-1.,0.,0.));
#13258=DIRECTION('',(0.,0.,1.));
#13259=DIRECTION('',(-1.,0.,0.));
#13260=DIRECTION('',(0.,1.002044604925E-15,1.));
#13261=DIRECTION('',(-1.,0.,0.));
#13262=DIRECTION('',(0.,0.,1.));
#13263=DIRECTION('',(-1.,0.,0.));
#13264=DIRECTION('',(0.,1.002044604925E-15,1.));
#13265=DIRECTION('',(-1.,0.,0.));
#13266=DIRECTION('',(0.,0.,1.));
#13267=DIRECTION('',(1.,0.,0.));
#13268=DIRECTION('',(0.,1.002044604925E-15,1.));
#13269=DIRECTION('',(1.,0.,0.));
#13270=DIRECTION('',(0.,1.002044604925E-15,1.));
#13271=DIRECTION('',(0.,0.,1.));
#13272=DIRECTION('',(1.,0.,0.));
#13273=DIRECTION('',(0.,2.2E-16,1.));
#13274=DIRECTION('',(1.,0.,0.));
#13275=DIRECTION('',(1.22464679914735E-16,-2.2E-16,-1.));
#13276=DIRECTION('',(0.,1.,-2.2E-16));
#13277=DIRECTION('',(0.,2.2E-16,1.));
#13278=DIRECTION('',(0.,-1.,2.2E-16));
#13279=DIRECTION('',(0.,1.,-2.2E-16));
#13280=DIRECTION('',(1.,0.,0.));
#13281=DIRECTION('',(-1.,-4.04133443718627E-32,-1.83697019872103E-16));
#13282=DIRECTION('',(-1.83697019872103E-16,0.,1.));
#13283=DIRECTION('',(1.,0.,0.));
#13284=DIRECTION('',(0.,-2.2E-16,-1.));
#13285=DIRECTION('',(-1.,-4.04133443718627E-32,-1.83697019872103E-16));
#13286=DIRECTION('',(-1.83697019872103E-16,0.,1.));
#13287=DIRECTION('',(0.,1.,-2.2E-16));
#13288=DIRECTION('',(1.,0.,0.));
#13289=DIRECTION('',(0.,2.2E-16,1.));
#13290=DIRECTION('',(0.,-1.,2.2E-16));
#13291=DIRECTION('',(0.,-2.2E-16,-1.));
#13292=DIRECTION('',(-1.,0.,0.));
#13293=DIRECTION('',(0.,-2.2E-16,-1.));
#13294=DIRECTION('',(0.,1.,-2.2E-16));
#13295=DIRECTION('',(0.,0.,-1.));
#13296=DIRECTION('',(-1.,0.,0.));
#13297=DIRECTION('',(0.,0.,1.));
#13298=DIRECTION('',(1.,0.,0.));
#13299=DIRECTION('',(0.,0.,1.));
#13300=DIRECTION('',(1.,0.,0.));
#13301=DIRECTION('',(0.707106781186548,-0.707106781186548,-8.65956056235244E-17));
#13302=DIRECTION('',(0.707106781186548,0.707106781186548,-8.65956056235244E-17));
#13303=DIRECTION('',(0.707106781186548,0.707106781186548,-8.65956056235244E-17));
#13304=DIRECTION('',(1.224646799147E-16,1.359631073447E-32,1.));
#13305=DIRECTION('',(0.707106781186546,0.707106781186549,-8.65956056235242E-17));
#13306=DIRECTION('',(1.224646799147E-16,1.359631073447E-32,1.));
#13307=DIRECTION('',(1.,1.110223024625E-16,-1.224646799147E-16));
#13308=DIRECTION('',(-1.110223024625E-16,1.,-6.92712190079319E-45));
#13309=DIRECTION('',(-1.110223024625E-16,1.,-6.92712190079319E-45));
#13310=DIRECTION('',(1.110223024625E-16,-1.,6.92712190079319E-45));
#13311=DIRECTION('',(1.224646799147E-16,1.359631073447E-32,1.));
#13312=DIRECTION('',(1.110223024625E-16,-1.,6.92712190079319E-45));
#13313=DIRECTION('',(1.,1.110223024625E-16,-1.224646799147E-16));
#13314=DIRECTION('',(1.,1.110223024625E-16,-1.224646799147E-16));
#13315=DIRECTION('',(1.224646799147E-16,1.359631073447E-32,1.));
#13316=DIRECTION('',(-1.,-1.110223024625E-16,1.224646799147E-16));
#13317=DIRECTION('',(-1.224646799147E-16,-1.359631073447E-32,-1.));
#13318=DIRECTION('',(1.110223024625E-16,-1.,6.92712190079319E-45));
#13319=DIRECTION('',(-0.707106781186548,0.707106781186548,8.65956056235244E-17));
#13320=DIRECTION('',(-1.,-1.110223024625E-16,1.224646799147E-16));
#13321=DIRECTION('',(-0.707106781186548,-0.707106781186548,8.65956056235244E-17));
#13322=DIRECTION('',(-0.707106781186548,0.707106781186548,8.65956056235244E-17));
#13323=DIRECTION('',(-1.,-1.110223024625E-16,1.224646799147E-16));
#13324=DIRECTION('',(-0.707106781186548,-0.707106781186548,8.65956056235244E-17));
#13325=DIRECTION('',(-0.707106781186548,0.707106781186548,8.65956056235244E-17));
#13326=DIRECTION('',(-1.,-1.110223024625E-16,1.224646799147E-16));
#13327=DIRECTION('',(-0.707106781186548,-0.707106781186548,8.65956056235244E-17));
#13328=DIRECTION('',(-0.707106781186548,0.707106781186548,8.65956056235244E-17));
#13329=DIRECTION('',(-1.,-1.110223024625E-16,1.224646799147E-16));
#13330=DIRECTION('',(-0.707106781186548,-0.707106781186548,8.65956056235244E-17));
#13331=DIRECTION('',(-0.707106781186548,0.707106781186548,8.65956056235244E-17));
#13332=DIRECTION('',(-1.,-1.110223024625E-16,1.224646799147E-16));
#13333=DIRECTION('',(-0.707106781186548,-0.707106781186548,8.65956056235244E-17));
#13334=DIRECTION('',(-0.707106781186548,0.707106781186548,8.65956056235244E-17));
#13335=DIRECTION('',(-1.,-1.110223024625E-16,1.224646799147E-16));
#13336=DIRECTION('',(-0.707106781186548,-0.707106781186548,8.65956056235244E-17));
#13337=DIRECTION('',(-0.707106781186548,0.707106781186548,8.65956056235244E-17));
#13338=DIRECTION('',(-1.,-1.110223024625E-16,1.224646799147E-16));
#13339=DIRECTION('',(-0.707106781186548,-0.707106781186548,8.65956056235244E-17));
#13340=DIRECTION('',(-0.707106781186548,0.707106781186548,8.65956056235244E-17));
#13341=DIRECTION('',(-1.,-1.110223024625E-16,1.224646799147E-16));
#13342=DIRECTION('',(-0.707106781186548,-0.707106781186548,8.65956056235244E-17));
#13343=DIRECTION('',(1.110223024625E-16,-1.,6.92712190079319E-45));
#13344=DIRECTION('',(0.707106781186548,-0.707106781186548,-8.65956056235244E-17));
#13345=DIRECTION('',(1.,1.110223024625E-16,-1.224646799147E-16));
#13346=DIRECTION('',(0.707106781186548,0.707106781186548,-8.65956056235244E-17));
#13347=DIRECTION('',(0.707106781186548,-0.707106781186548,-8.65956056235244E-17));
#13348=DIRECTION('',(1.,1.110223024625E-16,-1.224646799147E-16));
#13349=DIRECTION('',(0.707106781186548,0.707106781186548,-8.65956056235244E-17));
#13350=DIRECTION('',(0.707106781186548,-0.707106781186548,-8.65956056235244E-17));
#13351=DIRECTION('',(1.,1.110223024625E-16,-1.224646799147E-16));
#13352=DIRECTION('',(0.707106781186548,0.707106781186548,-8.65956056235244E-17));
#13353=DIRECTION('',(0.707106781186548,-0.707106781186548,-8.65956056235244E-17));
#13354=DIRECTION('',(1.,1.110223024625E-16,-1.224646799147E-16));
#13355=DIRECTION('',(0.707106781186548,0.707106781186548,-8.65956056235244E-17));
#13356=DIRECTION('',(0.707106781186548,-0.707106781186548,-8.65956056235244E-17));
#13357=DIRECTION('',(1.,1.110223024625E-16,-1.224646799147E-16));
#13358=DIRECTION('',(0.707106781186548,0.707106781186548,-8.65956056235244E-17));
#13359=DIRECTION('',(0.707106781186548,-0.707106781186548,-8.65956056235244E-17));
#13360=DIRECTION('',(1.,1.110223024625E-16,-1.224646799147E-16));
#13361=DIRECTION('',(0.707106781186548,0.707106781186548,-8.65956056235244E-17));
#13362=DIRECTION('',(0.707106781186548,-0.707106781186548,-8.65956056235244E-17));
#13363=DIRECTION('',(1.,1.110223024625E-16,-1.224646799147E-16));
#13364=DIRECTION('',(0.707106781186548,0.707106781186548,-8.65956056235244E-17));
#13365=DIRECTION('',(0.707106781186548,-0.707106781186548,-8.65956056235244E-17));
#13366=DIRECTION('',(-1.,-1.110223024625E-16,1.224646799147E-16));
#13367=DIRECTION('',(1.110223024625E-16,-1.,6.92712190079319E-45));
#13368=DIRECTION('',(1.,1.110223024625E-16,-1.224646799147E-16));
#13369=DIRECTION('',(1.110223024625E-16,-1.,6.92712190079319E-45));
#13370=DIRECTION('',(1.,1.110223024625E-16,-1.224646799147E-16));
#13371=DIRECTION('',(1.110223024625E-16,-1.,6.92712190079319E-45));
#13372=DIRECTION('',(-1.,-1.110223024625E-16,1.224646799147E-16));
#13373=DIRECTION('',(1.110223024625E-16,-1.,6.92712190079319E-45));
#13374=DIRECTION('',(1.110223024625E-16,-1.,6.92712190079319E-45));
#13375=DIRECTION('',(1.,1.110223024625E-16,-1.224646799147E-16));
#13376=DIRECTION('',(1.110223024625E-16,-1.,6.92712190079319E-45));
#13377=DIRECTION('',(-1.,-1.110223024625E-16,1.224646799147E-16));
#13378=DIRECTION('',(1.,1.110223024625E-16,-1.224646799147E-16));
#13379=DIRECTION('',(1.110223024625E-16,-1.,6.92712190079319E-45));
#13380=DIRECTION('',(-1.,-1.110223024625E-16,1.224646799147E-16));
#13381=DIRECTION('',(1.110223024625E-16,-1.,6.92712190079319E-45));
#13382=DIRECTION('',(1.110223024625E-16,-1.,6.92712190079319E-45));
#13383=DIRECTION('',(1.,1.110223024625E-16,-1.224646799147E-16));
#13384=DIRECTION('',(1.110223024625E-16,-1.,6.92712190079319E-45));
#13385=DIRECTION('',(-1.,-1.110223024625E-16,1.224646799147E-16));
#13386=DIRECTION('',(1.,1.110223024625E-16,-1.224646799147E-16));
#13387=DIRECTION('',(1.110223024625E-16,-1.,6.92712190079319E-45));
#13388=DIRECTION('',(-1.,-1.110223024625E-16,1.224646799147E-16));
#13389=DIRECTION('',(1.110223024625E-16,-1.,6.92712190079319E-45));
#13390=DIRECTION('',(-1.,-1.110223024625E-16,1.224646799147E-16));
#13391=DIRECTION('',(1.110223024625E-16,-1.,6.92712190079319E-45));
#13392=DIRECTION('',(1.,1.110223024625E-16,-1.224646799147E-16));
#13393=DIRECTION('',(1.110223024625E-16,-1.,6.92712190079319E-45));
#13394=DIRECTION('',(1.110223024625E-16,-1.,6.92712190079319E-45));
#13395=DIRECTION('',(1.,1.110223024625E-16,-1.224646799147E-16));
#13396=DIRECTION('',(1.110223024625E-16,-1.,6.92712190079319E-45));
#13397=DIRECTION('',(-1.,-1.110223024625E-16,1.224646799147E-16));
#13398=DIRECTION('',(-1.224646799147E-16,-1.359631073447E-32,-1.));
#13399=DIRECTION('',(1.110223024625E-16,-1.,6.92712190079319E-45));
#13400=DIRECTION('',(0.707106781186549,-0.707106781186547,-8.65956056235245E-17));
#13401=DIRECTION('',(0.707106781186547,0.707106781186548,-8.65956056235243E-17));
#13402=DIRECTION('',(-1.,-1.110223024625E-16,1.224646799147E-16));
#13403=DIRECTION('',(0.707106781186547,-0.707106781186548,-8.65956056235243E-17));
#13404=DIRECTION('',(0.707106781186547,0.707106781186548,-8.65956056235243E-17));
#13405=DIRECTION('',(-1.,-1.110223024625E-16,1.224646799147E-16));
#13406=DIRECTION('',(0.707106781186546,-0.707106781186549,-8.65956056235242E-17));
#13407=DIRECTION('',(0.707106781186549,0.707106781186547,-8.65956056235245E-17));
#13408=DIRECTION('',(-1.,-1.110223024625E-16,1.224646799147E-16));
#13409=DIRECTION('',(0.707106781186549,-0.707106781186547,-8.65956056235245E-17));
#13410=DIRECTION('',(0.707106781186546,0.707106781186549,-8.65956056235242E-17));
#13411=DIRECTION('',(-1.,-1.110223024625E-16,1.224646799147E-16));
#13412=DIRECTION('',(0.707106781186546,-0.707106781186549,-8.65956056235242E-17));
#13413=DIRECTION('',(0.707106781186549,0.707106781186547,-8.65956056235245E-17));
#13414=DIRECTION('',(-1.,-1.110223024625E-16,1.224646799147E-16));
#13415=DIRECTION('',(0.707106781186549,-0.707106781186547,-8.65956056235245E-17));
#13416=DIRECTION('',(0.707106781186549,0.707106781186547,-8.65956056235245E-17));
#13417=DIRECTION('',(-1.,-1.110223024625E-16,1.224646799147E-16));
#13418=DIRECTION('',(0.707106781186549,-0.707106781186547,-8.65956056235245E-17));
#13419=DIRECTION('',(0.707106781186549,0.707106781186547,-8.65956056235245E-17));
#13420=DIRECTION('',(-1.,-1.110223024625E-16,1.224646799147E-16));
#13421=DIRECTION('',(0.707106781186549,-0.707106781186547,-8.65956056235245E-17));
#13422=DIRECTION('',(1.110223024625E-16,-1.,6.92712190079319E-45));
#13423=DIRECTION('',(-0.707106781186549,-0.707106781186547,8.65956056235245E-17));
#13424=DIRECTION('',(-1.,-1.110223024625E-16,1.224646799147E-16));
#13425=DIRECTION('',(-0.707106781186549,0.707106781186547,8.65956056235245E-17));
#13426=DIRECTION('',(-0.707106781186549,-0.707106781186547,8.65956056235245E-17));
#13427=DIRECTION('',(-1.,-1.110223024625E-16,1.224646799147E-16));
#13428=DIRECTION('',(-0.707106781186549,0.707106781186547,8.65956056235245E-17));
#13429=DIRECTION('',(-0.707106781186549,-0.707106781186547,8.65956056235245E-17));
#13430=DIRECTION('',(-1.,-1.110223024625E-16,1.224646799147E-16));
#13431=DIRECTION('',(-0.707106781186549,0.707106781186547,8.65956056235245E-17));
#13432=DIRECTION('',(-0.707106781186546,-0.707106781186549,8.65956056235242E-17));
#13433=DIRECTION('',(-1.,-1.110223024625E-16,1.224646799147E-16));
#13434=DIRECTION('',(-0.707106781186546,0.707106781186549,8.65956056235242E-17));
#13435=DIRECTION('',(-0.707106781186549,-0.707106781186547,8.65956056235245E-17));
#13436=DIRECTION('',(-1.,-1.110223024625E-16,1.224646799147E-16));
#13437=DIRECTION('',(-0.707106781186549,0.707106781186547,8.65956056235245E-17));
#13438=DIRECTION('',(-0.707106781186546,-0.707106781186549,8.65956056235242E-17));
#13439=DIRECTION('',(-1.,-1.110223024625E-16,1.224646799147E-16));
#13440=DIRECTION('',(-0.707106781186547,0.707106781186548,8.65956056235243E-17));
#13441=DIRECTION('',(-0.707106781186547,-0.707106781186548,8.65956056235243E-17));
#13442=DIRECTION('',(-1.,-1.110223024625E-16,1.224646799147E-16));
#13443=DIRECTION('',(-0.707106781186547,0.707106781186548,8.65956056235243E-17));
#13444=DIRECTION('',(-0.707106781186549,-0.707106781186547,8.65956056235245E-17));
#13445=DIRECTION('',(-1.,-1.110223024625E-16,1.224646799147E-16));
#13446=DIRECTION('',(-0.707106781186546,0.707106781186549,8.65956056235242E-17));
#13447=DIRECTION('',(1.110223024625E-16,-1.,6.92712190079319E-45));
#13448=DIRECTION('',(-1.,-1.110223024625E-16,1.224646799147E-16));
#13449=DIRECTION('',(1.110223024625E-16,-1.,6.92712190079319E-45));
#13450=DIRECTION('',(1.,1.110223024625E-16,-1.224646799147E-16));
#13451=DIRECTION('',(1.110223024625E-16,-1.,6.92712190079319E-45));
#13452=DIRECTION('',(1.,1.110223024625E-16,-1.224646799147E-16));
#13453=DIRECTION('',(1.110223024625E-16,-1.,6.92712190079319E-45));
#13454=DIRECTION('',(-1.,-1.110223024625E-16,1.224646799147E-16));
#13455=DIRECTION('',(1.,1.110223024625E-16,-1.224646799147E-16));
#13456=DIRECTION('',(1.110223024625E-16,-1.,6.92712190079319E-45));
#13457=DIRECTION('',(-1.,-1.110223024625E-16,1.224646799147E-16));
#13458=DIRECTION('',(1.110223024625E-16,-1.,6.92712190079319E-45));
#13459=DIRECTION('',(1.110223024625E-16,-1.,6.92712190079319E-45));
#13460=DIRECTION('',(1.,1.110223024625E-16,-1.224646799147E-16));
#13461=DIRECTION('',(1.110223024625E-16,-1.,6.92712190079319E-45));
#13462=DIRECTION('',(-1.,-1.110223024625E-16,1.224646799147E-16));
#13463=DIRECTION('',(1.,1.110223024625E-16,-1.224646799147E-16));
#13464=DIRECTION('',(1.110223024625E-16,-1.,6.92712190079319E-45));
#13465=DIRECTION('',(-1.,-1.110223024625E-16,1.224646799147E-16));
#13466=DIRECTION('',(1.110223024625E-16,-1.,6.92712190079319E-45));
#13467=DIRECTION('',(1.110223024625E-16,-1.,6.92712190079319E-45));
#13468=DIRECTION('',(1.,1.110223024625E-16,-1.224646799147E-16));
#13469=DIRECTION('',(1.110223024625E-16,-1.,6.92712190079319E-45));
#13470=DIRECTION('',(-1.,-1.110223024625E-16,1.224646799147E-16));
#13471=DIRECTION('',(1.110223024625E-16,-1.,6.92712190079319E-45));
#13472=DIRECTION('',(-1.,-1.110223024625E-16,1.224646799147E-16));
#13473=DIRECTION('',(1.110223024625E-16,-1.,6.92712190079319E-45));
#13474=DIRECTION('',(1.,1.110223024625E-16,-1.224646799147E-16));
#13475=DIRECTION('',(1.,1.110223024625E-16,-1.224646799147E-16));
#13476=DIRECTION('',(1.110223024625E-16,-1.,6.92712190079319E-45));
#13477=DIRECTION('',(-1.,-1.110223024625E-16,1.224646799147E-16));
#13478=DIRECTION('',(1.110223024625E-16,-1.,6.92712190079319E-45));
#13479=DIRECTION('',(0.707106781186548,0.707106781186548,-8.65956056235244E-17));
#13480=DIRECTION('',(-0.707106781186548,0.707106781186548,8.65956056235244E-17));
#13481=DIRECTION('',(1.224646799147E-16,1.359631073447E-32,1.));
#13482=DIRECTION('',(-0.707106781186548,-0.707106781186548,8.65956056235244E-17));
#13483=DIRECTION('',(0.707106781186548,-0.707106781186548,-8.65956056235244E-17));
#13484=DIRECTION('',(1.224646799147E-16,1.359631073447E-32,1.));
#13485=DIRECTION('',(-1.110223024625E-16,1.,-6.92712190079319E-45));
#13486=DIRECTION('',(-1.,-1.110223024625E-16,1.224646799147E-16));
#13487=DIRECTION('',(1.224646799147E-16,1.359631073447E-32,1.));
#13488=DIRECTION('',(0.707106781186548,-0.707106781186548,-8.65956056235244E-17));
#13489=DIRECTION('',(0.707106781186548,0.707106781186548,-8.65956056235244E-17));
#13490=DIRECTION('',(1.224646799147E-16,1.359631073447E-32,1.));
#13491=DIRECTION('',(-0.707106781186548,0.707106781186548,8.65956056235244E-17));
#13492=DIRECTION('',(-0.707106781186548,-0.707106781186548,8.65956056235244E-17));
#13493=DIRECTION('',(1.224646799147E-16,1.359631073447E-32,1.));
#13494=DIRECTION('',(1.110223024625E-16,-1.,6.92712190079319E-45));
#13495=DIRECTION('',(1.,1.110223024625E-16,-1.224646799147E-16));
#13496=DIRECTION('',(1.224646799147E-16,1.359631073447E-32,1.));
#13497=DIRECTION('',(0.707106781186548,0.707106781186548,-8.65956056235244E-17));
#13498=DIRECTION('',(-0.707106781186548,0.707106781186548,8.65956056235244E-17));
#13499=DIRECTION('',(1.224646799147E-16,1.359631073447E-32,1.));
#13500=DIRECTION('',(-0.707106781186548,-0.707106781186548,8.65956056235244E-17));
#13501=DIRECTION('',(0.707106781186548,-0.707106781186548,-8.65956056235244E-17));
#13502=DIRECTION('',(1.224646799147E-16,1.359631073447E-32,1.));
#13503=DIRECTION('',(-1.110223024625E-16,1.,-6.92712190079319E-45));
#13504=DIRECTION('',(-1.,-1.110223024625E-16,1.224646799147E-16));
#13505=DIRECTION('',(1.224646799147E-16,1.359631073447E-32,1.));
#13506=DIRECTION('',(0.707106781186548,-0.707106781186548,-8.65956056235244E-17));
#13507=DIRECTION('',(0.707106781186548,0.707106781186548,-8.65956056235244E-17));
#13508=DIRECTION('',(1.224646799147E-16,1.359631073447E-32,1.));
#13509=DIRECTION('',(-0.707106781186548,0.707106781186548,8.65956056235244E-17));
#13510=DIRECTION('',(-0.707106781186548,-0.707106781186548,8.65956056235244E-17));
#13511=DIRECTION('',(1.224646799147E-16,1.359631073447E-32,1.));
#13512=DIRECTION('',(1.110223024625E-16,-1.,6.92712190079319E-45));
#13513=DIRECTION('',(1.,1.110223024625E-16,-1.224646799147E-16));
#13514=DIRECTION('',(1.224646799147E-16,1.359631073447E-32,1.));
#13515=DIRECTION('',(0.707106781186548,0.707106781186548,-8.65956056235244E-17));
#13516=DIRECTION('',(-0.707106781186548,0.707106781186548,8.65956056235244E-17));
#13517=DIRECTION('',(1.224646799147E-16,1.359631073447E-32,1.));
#13518=DIRECTION('',(-0.707106781186548,-0.707106781186548,8.65956056235244E-17));
#13519=DIRECTION('',(0.707106781186548,-0.707106781186548,-8.65956056235244E-17));
#13520=DIRECTION('',(1.224646799147E-16,1.359631073447E-32,1.));
#13521=DIRECTION('',(-1.110223024625E-16,1.,-6.92712190079319E-45));
#13522=DIRECTION('',(-1.,-1.110223024625E-16,1.224646799147E-16));
#13523=DIRECTION('',(1.224646799147E-16,1.359631073447E-32,1.));
#13524=DIRECTION('',(0.707106781186548,-0.707106781186548,-8.65956056235244E-17));
#13525=DIRECTION('',(0.707106781186548,0.707106781186548,-8.65956056235244E-17));
#13526=DIRECTION('',(1.224646799147E-16,1.359631073447E-32,1.));
#13527=DIRECTION('',(-0.707106781186548,0.707106781186548,8.65956056235244E-17));
#13528=DIRECTION('',(-0.707106781186548,-0.707106781186548,8.65956056235244E-17));
#13529=DIRECTION('',(1.224646799147E-16,1.359631073447E-32,1.));
#13530=DIRECTION('',(1.110223024625E-16,-1.,6.92712190079319E-45));
#13531=DIRECTION('',(1.,1.110223024625E-16,-1.224646799147E-16));
#13532=DIRECTION('',(1.224646799147E-16,1.359631073447E-32,1.));
#13533=DIRECTION('',(0.707106781186548,0.707106781186548,-8.65956056235244E-17));
#13534=DIRECTION('',(-0.707106781186548,0.707106781186548,8.65956056235244E-17));
#13535=DIRECTION('',(1.224646799147E-16,1.359631073447E-32,1.));
#13536=DIRECTION('',(-0.707106781186548,-0.707106781186548,8.65956056235244E-17));
#13537=DIRECTION('',(0.707106781186548,-0.707106781186548,-8.65956056235244E-17));
#13538=DIRECTION('',(1.224646799147E-16,1.359631073447E-32,1.));
#13539=DIRECTION('',(-1.110223024625E-16,1.,-6.92712190079319E-45));
#13540=DIRECTION('',(-1.,-1.110223024625E-16,1.224646799147E-16));
#13541=DIRECTION('',(1.224646799147E-16,1.359631073447E-32,1.));
#13542=DIRECTION('',(0.707106781186548,-0.707106781186548,-8.65956056235244E-17));
#13543=DIRECTION('',(0.707106781186548,0.707106781186548,-8.65956056235244E-17));
#13544=DIRECTION('',(1.224646799147E-16,1.359631073447E-32,1.));
#13545=DIRECTION('',(-0.707106781186548,0.707106781186548,8.65956056235244E-17));
#13546=DIRECTION('',(-0.707106781186548,-0.707106781186548,8.65956056235244E-17));
#13547=DIRECTION('',(1.224646799147E-16,1.359631073447E-32,1.));
#13548=DIRECTION('',(1.110223024625E-16,-1.,6.92712190079319E-45));
#13549=DIRECTION('',(1.,1.110223024625E-16,-1.224646799147E-16));
#13550=DIRECTION('',(1.224646799147E-16,1.359631073447E-32,1.));
#13551=DIRECTION('',(0.707106781186548,0.707106781186548,-8.65956056235244E-17));
#13552=DIRECTION('',(-0.707106781186548,0.707106781186548,8.65956056235244E-17));
#13553=DIRECTION('',(1.224646799147E-16,1.359631073447E-32,1.));
#13554=DIRECTION('',(-0.707106781186548,-0.707106781186548,8.65956056235244E-17));
#13555=DIRECTION('',(0.707106781186548,-0.707106781186548,-8.65956056235244E-17));
#13556=DIRECTION('',(1.224646799147E-16,1.359631073447E-32,1.));
#13557=DIRECTION('',(-1.110223024625E-16,1.,-6.92712190079319E-45));
#13558=DIRECTION('',(-1.,-1.110223024625E-16,1.224646799147E-16));
#13559=DIRECTION('',(1.224646799147E-16,1.359631073447E-32,1.));
#13560=DIRECTION('',(0.707106781186548,-0.707106781186548,-8.65956056235244E-17));
#13561=DIRECTION('',(0.707106781186548,0.707106781186548,-8.65956056235244E-17));
#13562=DIRECTION('',(1.224646799147E-16,1.359631073447E-32,1.));
#13563=DIRECTION('',(-0.707106781186548,0.707106781186548,8.65956056235244E-17));
#13564=DIRECTION('',(-0.707106781186548,-0.707106781186548,8.65956056235244E-17));
#13565=DIRECTION('',(1.224646799147E-16,1.359631073447E-32,1.));
#13566=DIRECTION('',(1.110223024625E-16,-1.,6.92712190079319E-45));
#13567=DIRECTION('',(1.,1.110223024625E-16,-1.224646799147E-16));
#13568=DIRECTION('',(1.224646799147E-16,1.359631073447E-32,1.));
#13569=DIRECTION('',(0.707106781186548,0.707106781186548,-8.65956056235244E-17));
#13570=DIRECTION('',(-0.707106781186548,0.707106781186548,8.65956056235244E-17));
#13571=DIRECTION('',(1.224646799147E-16,1.359631073447E-32,1.));
#13572=DIRECTION('',(-0.707106781186548,-0.707106781186548,8.65956056235244E-17));
#13573=DIRECTION('',(0.707106781186548,-0.707106781186548,-8.65956056235244E-17));
#13574=DIRECTION('',(1.224646799147E-16,1.359631073447E-32,1.));
#13575=DIRECTION('',(-1.110223024625E-16,1.,-6.92712190079319E-45));
#13576=DIRECTION('',(-1.,-1.110223024625E-16,1.224646799147E-16));
#13577=DIRECTION('',(1.224646799147E-16,1.359631073447E-32,1.));
#13578=DIRECTION('',(0.707106781186548,-0.707106781186548,-8.65956056235244E-17));
#13579=DIRECTION('',(0.707106781186548,0.707106781186548,-8.65956056235244E-17));
#13580=DIRECTION('',(1.224646799147E-16,1.359631073447E-32,1.));
#13581=DIRECTION('',(-0.707106781186548,0.707106781186548,8.65956056235244E-17));
#13582=DIRECTION('',(-0.707106781186548,-0.707106781186548,8.65956056235244E-17));
#13583=DIRECTION('',(1.224646799147E-16,1.359631073447E-32,1.));
#13584=DIRECTION('',(1.110223024625E-16,-1.,6.92712190079319E-45));
#13585=DIRECTION('',(1.,1.110223024625E-16,-1.224646799147E-16));
#13586=DIRECTION('',(1.224646799147E-16,1.359631073447E-32,1.));
#13587=DIRECTION('',(0.707106781186548,0.707106781186548,-8.65956056235244E-17));
#13588=DIRECTION('',(-0.707106781186548,0.707106781186548,8.65956056235244E-17));
#13589=DIRECTION('',(1.224646799147E-16,1.359631073447E-32,1.));
#13590=DIRECTION('',(-0.707106781186548,-0.707106781186548,8.65956056235244E-17));
#13591=DIRECTION('',(0.707106781186548,-0.707106781186548,-8.65956056235244E-17));
#13592=DIRECTION('',(1.224646799147E-16,1.359631073447E-32,1.));
#13593=DIRECTION('',(-1.110223024625E-16,1.,-6.92712190079319E-45));
#13594=DIRECTION('',(-1.,-1.110223024625E-16,1.224646799147E-16));
#13595=DIRECTION('',(1.224646799147E-16,1.359631073447E-32,1.));
#13596=DIRECTION('',(0.707106781186548,-0.707106781186548,-8.65956056235244E-17));
#13597=DIRECTION('',(0.707106781186548,0.707106781186548,-8.65956056235244E-17));
#13598=DIRECTION('',(1.224646799147E-16,1.359631073447E-32,1.));
#13599=DIRECTION('',(-0.707106781186548,0.707106781186548,8.65956056235244E-17));
#13600=DIRECTION('',(-0.707106781186548,-0.707106781186548,8.65956056235244E-17));
#13601=DIRECTION('',(1.224646799147E-16,1.359631073447E-32,1.));
#13602=DIRECTION('',(1.110223024625E-16,-1.,6.92712190079319E-45));
#13603=DIRECTION('',(1.,1.110223024625E-16,-1.224646799147E-16));
#13604=DIRECTION('',(1.224646799147E-16,1.359631073447E-32,1.));
#13605=DIRECTION('',(0.707106781186548,0.707106781186548,-8.65956056235244E-17));
#13606=DIRECTION('',(-0.707106781186548,0.707106781186548,8.65956056235244E-17));
#13607=DIRECTION('',(1.224646799147E-16,1.359631073447E-32,1.));
#13608=DIRECTION('',(-0.707106781186548,-0.707106781186548,8.65956056235244E-17));
#13609=DIRECTION('',(0.707106781186548,-0.707106781186548,-8.65956056235244E-17));
#13610=DIRECTION('',(1.224646799147E-16,1.359631073447E-32,1.));
#13611=DIRECTION('',(-1.110223024625E-16,1.,-6.92712190079319E-45));
#13612=DIRECTION('',(-1.,-1.110223024625E-16,1.224646799147E-16));
#13613=DIRECTION('',(1.224646799147E-16,1.359631073447E-32,1.));
#13614=DIRECTION('',(-1.,-1.110223024625E-16,1.224646799147E-16));
#13615=DIRECTION('',(1.110223024625E-16,-1.,6.92712190079319E-45));
#13616=DIRECTION('',(1.224646799147E-16,1.359631073447E-32,1.));
#13617=DIRECTION('',(-0.707106781186548,0.707106781186548,8.65956056235244E-17));
#13618=DIRECTION('',(-0.707106781186548,-0.707106781186548,8.65956056235244E-17));
#13619=DIRECTION('',(-1.,-1.110223024625E-16,1.224646799147E-16));
#13620=DIRECTION('',(-1.224646799147E-16,-1.359631073447E-32,-1.));
#13621=DIRECTION('',(-1.224646799147E-16,-1.359631073447E-32,-1.));
#13622=DIRECTION('',(1.110223024625E-16,-1.,6.92712190079319E-45));
#13623=DIRECTION('',(-1.224646799147E-16,-1.359631073447E-32,-1.));
#13624=DIRECTION('',(1.110223024625E-16,-1.,6.92712190079319E-45));
#13625=DIRECTION('',(-1.224646799147E-16,-1.359631073447E-32,-1.));
#13626=DIRECTION('',(1.,1.110223024625E-16,-1.224646799147E-16));
#13627=DIRECTION('',(-1.224646799147E-16,-1.359631073447E-32,-1.));
#13628=DIRECTION('',(-1.,-1.110223024625E-16,1.224646799147E-16));
#13629=DIRECTION('',(-1.224646799147E-16,-1.359631073447E-32,-1.));
#13630=DIRECTION('',(-1.12249251174153E-16,1.,1.22694871165301E-18));
#13631=DIRECTION('',(-1.224646799147E-16,-1.359631073447E-32,-1.));
#13632=DIRECTION('',(1.110223024625E-16,-1.,6.92712190079319E-45));
#13633=DIRECTION('',(-1.224646799147E-16,-1.359631073447E-32,-1.));
#13634=DIRECTION('',(-1.,-1.09795353750847E-16,1.23691628626353E-16));
#13635=DIRECTION('',(-1.,-1.110223024625E-16,1.224646799147E-16));
#13636=DIRECTION('',(-1.224646799147E-16,-1.359631073447E-32,-1.));
#13637=DIRECTION('',(-1.224646799147E-16,-1.359631073447E-32,-1.));
#13638=DIRECTION('',(-1.12249251174153E-16,1.,1.22694871165301E-18));
#13639=DIRECTION('',(-1.224646799147E-16,-1.359631073447E-32,-1.));
#13640=DIRECTION('',(1.110223024625E-16,-1.,6.92712190079319E-45));
#13641=DIRECTION('',(-1.224646799147E-16,-1.359631073447E-32,-1.));
#13642=DIRECTION('',(-1.,-1.09795353750847E-16,1.23691628626353E-16));
#13643=DIRECTION('',(-1.224646799147E-16,-1.359631073447E-32,-1.));
#13644=DIRECTION('',(-1.,-1.110223024625E-16,1.224646799147E-16));
#13645=DIRECTION('',(-1.224646799147E-16,-1.359631073447E-32,-1.));
#13646=DIRECTION('',(1.110223024625E-16,-1.,6.92712190079319E-45));
#13647=DIRECTION('',(-1.224646799147E-16,-1.359631073447E-32,-1.));
#13648=DIRECTION('',(1.110223024625E-16,-1.,6.92712190079319E-45));
#13649=DIRECTION('',(-1.224646799147E-16,-1.359631073447E-32,-1.));
#13650=DIRECTION('',(1.,1.110223024625E-16,-1.224646799147E-16));
#13651=DIRECTION('',(1.110223024625E-16,-1.,6.92712190079319E-45));
#13652=DIRECTION('',(-1.224646799147E-16,-1.359631073447E-32,-1.));
#13653=DIRECTION('',(-1.224646799147E-16,-1.359631073447E-32,-1.));
#13654=DIRECTION('',(1.,1.110223024625E-16,-1.224646799147E-16));
#13655=DIRECTION('',(-1.224646799147E-16,-1.359631073447E-32,-1.));
#13656=DIRECTION('',(-1.,-1.110223024625E-16,1.224646799147E-16));
#13657=DIRECTION('',(-1.224646799147E-16,-1.359631073447E-32,-1.));
#13658=DIRECTION('',(-1.12249251174153E-16,1.,1.22694871165301E-18));
#13659=DIRECTION('',(-1.224646799147E-16,-1.359631073447E-32,-1.));
#13660=DIRECTION('',(1.110223024625E-16,-1.,6.92712190079319E-45));
#13661=DIRECTION('',(-1.224646799147E-16,-1.359631073447E-32,-1.));
#13662=DIRECTION('',(-1.,-1.09795353750847E-16,1.23691628626353E-16));
#13663=DIRECTION('',(-1.224646799147E-16,-1.359631073447E-32,-1.));
#13664=DIRECTION('',(-1.,-1.110223024625E-16,1.224646799147E-16));
#13665=DIRECTION('',(-1.224646799147E-16,-1.359631073447E-32,-1.));
#13666=DIRECTION('',(1.110223024625E-16,-1.,6.92712190079319E-45));
#13667=DIRECTION('',(-1.,-1.110223024625E-16,1.224646799147E-16));
#13668=DIRECTION('',(-1.224646799147E-16,-1.359631073447E-32,-1.));
#13669=DIRECTION('',(-1.224646799147E-16,-1.359631073447E-32,-1.));
#13670=DIRECTION('',(-1.12249251174153E-16,1.,1.22694871165301E-18));
#13671=DIRECTION('',(-1.224646799147E-16,-1.359631073447E-32,-1.));
#13672=DIRECTION('',(1.110223024625E-16,-1.,6.92712190079319E-45));
#13673=DIRECTION('',(-1.224646799147E-16,-1.359631073447E-32,-1.));
#13674=DIRECTION('',(-1.,-1.09795353750847E-16,1.23691628626353E-16));
#13675=DIRECTION('',(-1.224646799147E-16,-1.359631073447E-32,-1.));
#13676=DIRECTION('',(-1.,-1.110223024625E-16,1.224646799147E-16));
#13677=DIRECTION('',(-1.224646799147E-16,-1.359631073447E-32,-1.));
#13678=DIRECTION('',(1.110223024625E-16,-1.,6.92712190079319E-45));
#13679=DIRECTION('',(-1.224646799147E-16,-1.359631073447E-32,-1.));
#13680=DIRECTION('',(1.110223024625E-16,-1.,6.92712190079319E-45));
#13681=DIRECTION('',(-1.224646799147E-16,-1.359631073447E-32,-1.));
#13682=DIRECTION('',(1.,1.110223024625E-16,-1.224646799147E-16));
#13683=DIRECTION('',(1.110223024625E-16,-1.,6.92712190079319E-45));
#13684=DIRECTION('',(-1.224646799147E-16,-1.359631073447E-32,-1.));
#13685=DIRECTION('',(-1.224646799147E-16,-1.359631073447E-32,-1.));
#13686=DIRECTION('',(1.,1.110223024625E-16,-1.224646799147E-16));
#13687=DIRECTION('',(-1.224646799147E-16,-1.359631073447E-32,-1.));
#13688=DIRECTION('',(-1.,-1.110223024625E-16,1.224646799147E-16));
#13689=DIRECTION('',(-1.224646799147E-16,-1.359631073447E-32,-1.));
#13690=DIRECTION('',(-1.12249251174153E-16,1.,1.22694871165301E-18));
#13691=DIRECTION('',(-1.224646799147E-16,-1.359631073447E-32,-1.));
#13692=DIRECTION('',(1.110223024625E-16,-1.,6.92712190079319E-45));
#13693=DIRECTION('',(-1.224646799147E-16,-1.359631073447E-32,-1.));
#13694=DIRECTION('',(-1.,-1.09795353750847E-16,1.23691628626353E-16));
#13695=DIRECTION('',(-1.224646799147E-16,-1.359631073447E-32,-1.));
#13696=DIRECTION('',(-1.,-1.110223024625E-16,1.224646799147E-16));
#13697=DIRECTION('',(-1.224646799147E-16,-1.359631073447E-32,-1.));
#13698=DIRECTION('',(1.110223024625E-16,-1.,6.92712190079319E-45));
#13699=DIRECTION('',(-1.,-1.110223024625E-16,1.224646799147E-16));
#13700=DIRECTION('',(-1.224646799147E-16,-1.359631073447E-32,-1.));
#13701=DIRECTION('',(-1.224646799147E-16,-1.359631073447E-32,-1.));
#13702=DIRECTION('',(-1.12249251174153E-16,1.,1.22694871165301E-18));
#13703=DIRECTION('',(-1.224646799147E-16,-1.359631073447E-32,-1.));
#13704=DIRECTION('',(1.110223024625E-16,-1.,6.92712190079319E-45));
#13705=DIRECTION('',(-1.224646799147E-16,-1.359631073447E-32,-1.));
#13706=DIRECTION('',(-1.,-1.09795353750847E-16,1.23691628626353E-16));
#13707=DIRECTION('',(-1.224646799147E-16,-1.359631073447E-32,-1.));
#13708=DIRECTION('',(-1.,-1.110223024625E-16,1.224646799147E-16));
#13709=DIRECTION('',(-1.224646799147E-16,-1.359631073447E-32,-1.));
#13710=DIRECTION('',(1.110223024625E-16,-1.,6.92712190079319E-45));
#13711=DIRECTION('',(-1.224646799147E-16,-1.359631073447E-32,-1.));
#13712=DIRECTION('',(1.110223024625E-16,-1.,6.92712190079319E-45));
#13713=DIRECTION('',(-1.224646799147E-16,-1.359631073447E-32,-1.));
#13714=DIRECTION('',(1.,1.110223024625E-16,-1.224646799147E-16));
#13715=DIRECTION('',(-1.,-1.110223024625E-16,1.224646799147E-16));
#13716=DIRECTION('',(-1.224646799147E-16,-1.359631073447E-32,-1.));
#13717=DIRECTION('',(-1.224646799147E-16,-1.359631073447E-32,-1.));
#13718=DIRECTION('',(1.110223024625E-16,-1.,6.92712190079319E-45));
#13719=DIRECTION('',(-1.224646799147E-16,-1.359631073447E-32,-1.));
#13720=DIRECTION('',(1.110223024625E-16,-1.,6.92712190079319E-45));
#13721=DIRECTION('',(-1.224646799147E-16,-1.359631073447E-32,-1.));
#13722=DIRECTION('',(1.,1.110223024625E-16,-1.224646799147E-16));
#13723=DIRECTION('',(-1.224646799147E-16,-1.359631073447E-32,-1.));
#13724=DIRECTION('',(-1.,-1.110223024625E-16,1.224646799147E-16));
#13725=DIRECTION('',(-1.224646799147E-16,-1.359631073447E-32,-1.));
#13726=DIRECTION('',(-1.12249251174153E-16,1.,1.22694871165301E-18));
#13727=DIRECTION('',(-1.224646799147E-16,-1.359631073447E-32,-1.));
#13728=DIRECTION('',(1.110223024625E-16,-1.,6.92712190079319E-45));
#13729=DIRECTION('',(-1.224646799147E-16,-1.359631073447E-32,-1.));
#13730=DIRECTION('',(-1.,-1.09795353750847E-16,1.23691628626353E-16));
#13731=DIRECTION('',(1.110223024625E-16,-1.,6.92712190079319E-45));
#13732=DIRECTION('',(-1.224646799147E-16,-1.359631073447E-32,-1.));
#13733=DIRECTION('',(-1.224646799147E-16,-1.359631073447E-32,-1.));
#13734=DIRECTION('',(1.,1.110223024625E-16,-1.224646799147E-16));
#13735=DIRECTION('',(-1.224646799147E-16,-1.359631073447E-32,-1.));
#13736=DIRECTION('',(-1.,-1.110223024625E-16,1.224646799147E-16));
#13737=DIRECTION('',(-1.224646799147E-16,-1.359631073447E-32,-1.));
#13738=DIRECTION('',(-1.12249251174153E-16,1.,1.22694871165301E-18));
#13739=DIRECTION('',(-1.224646799147E-16,-1.359631073447E-32,-1.));
#13740=DIRECTION('',(1.110223024625E-16,-1.,6.92712190079319E-45));
#13741=DIRECTION('',(-1.224646799147E-16,-1.359631073447E-32,-1.));
#13742=DIRECTION('',(-1.,-1.09795353750847E-16,1.23691628626353E-16));
#13743=DIRECTION('',(-1.224646799147E-16,-1.359631073447E-32,-1.));
#13744=DIRECTION('',(-1.,-1.110223024625E-16,1.224646799147E-16));
#13745=DIRECTION('',(-1.224646799147E-16,-1.359631073447E-32,-1.));
#13746=DIRECTION('',(1.110223024625E-16,-1.,6.92712190079319E-45));
#13747=DIRECTION('',(-1.,-1.110223024625E-16,1.224646799147E-16));
#13748=DIRECTION('',(-1.224646799147E-16,-1.359631073447E-32,-1.));
#13749=DIRECTION('',(-1.09795353750847E-16,1.,-1.22694871165301E-18));
#13750=DIRECTION('',(-1.224646799147E-16,-1.359631073447E-32,-1.));
#13751=DIRECTION('',(-1.224646799147E-16,-1.359631073447E-32,-1.));
#13752=DIRECTION('',(1.110223024625E-16,-1.,6.92712190079319E-45));
#13753=DIRECTION('',(-1.224646799147E-16,-1.359631073447E-32,-1.));
#13754=DIRECTION('',(-1.224646799147E-16,-1.359631073447E-32,-1.));
#13755=DIRECTION('',(-1.,-1.12249251174153E-16,1.21237731203047E-16));
#13756=DIRECTION('',(-1.,-1.110223024625E-16,1.224646799147E-16));
#13757=DIRECTION('',(-1.224646799147E-16,-1.359631073447E-32,-1.));
#13758=DIRECTION('',(-1.224646799147E-16,-1.359631073447E-32,-1.));
#13759=DIRECTION('',(1.110223024625E-16,-1.,6.92712190079319E-45));
#13760=DIRECTION('',(1.110223024625E-16,-1.,6.92712190079319E-45));
#13761=DIRECTION('',(-1.224646799147E-16,-1.359631073447E-32,-1.));
#13762=DIRECTION('',(1.,1.110223024625E-16,-1.224646799147E-16));
#13763=DIRECTION('',(-1.,-1.110223024625E-16,1.224646799147E-16));
#13764=DIRECTION('',(-1.224646799147E-16,-1.359631073447E-32,-1.));
#13765=DIRECTION('',(-1.224646799147E-16,-1.359631073447E-32,-1.));
#13766=DIRECTION('',(-1.224646799147E-16,-1.359631073447E-32,-1.));
#13767=DIRECTION('',(1.110223024625E-16,-1.,6.92712190079319E-45));
#13768=DIRECTION('',(1.110223024625E-16,-1.,6.92712190079319E-45));
#13769=DIRECTION('',(-1.224646799147E-16,-1.359631073447E-32,-1.));
#13770=DIRECTION('',(1.,1.110223024625E-16,-1.224646799147E-16));
#13771=DIRECTION('',(-1.224646799147E-16,-1.359631073447E-32,-1.));
#13772=DIRECTION('',(-1.,-1.110223024625E-16,1.224646799147E-16));
#13773=DIRECTION('',(-1.224646799147E-16,-1.359631073447E-32,-1.));
#13774=DIRECTION('',(-1.09795353750847E-16,1.,-1.22694871165301E-18));
#13775=DIRECTION('',(-1.224646799147E-16,-1.359631073447E-32,-1.));
#13776=DIRECTION('',(1.110223024625E-16,-1.,6.92712190079319E-45));
#13777=DIRECTION('',(-1.224646799147E-16,-1.359631073447E-32,-1.));
#13778=DIRECTION('',(-1.,-1.12249251174153E-16,1.21237731203047E-16));
#13779=DIRECTION('',(1.110223024625E-16,-1.,6.92712190079319E-45));
#13780=DIRECTION('',(-1.224646799147E-16,-1.359631073447E-32,-1.));
#13781=DIRECTION('',(-1.224646799147E-16,-1.359631073447E-32,-1.));
#13782=DIRECTION('',(-1.224646799147E-16,-1.359631073447E-32,-1.));
#13783=DIRECTION('',(-1.,-1.12249251174153E-16,1.21237731203047E-16));
#13784=DIRECTION('',(-1.,-1.110223024625E-16,1.224646799147E-16));
#13785=DIRECTION('',(-1.224646799147E-16,-1.359631073447E-32,-1.));
#13786=DIRECTION('',(-1.224646799147E-16,-1.359631073447E-32,-1.));
#13787=DIRECTION('',(1.110223024625E-16,-1.,6.92712190079319E-45));
#13788=DIRECTION('',(1.110223024625E-16,-1.,6.92712190079319E-45));
#13789=DIRECTION('',(-1.224646799147E-16,-1.359631073447E-32,-1.));
#13790=DIRECTION('',(1.,1.110223024625E-16,-1.224646799147E-16));
#13791=DIRECTION('',(-1.224646799147E-16,-1.359631073447E-32,-1.));
#13792=DIRECTION('',(-1.,-1.110223024625E-16,1.224646799147E-16));
#13793=DIRECTION('',(-1.224646799147E-16,-1.359631073447E-32,-1.));
#13794=DIRECTION('',(-1.09795353750847E-16,1.,-1.22694871165301E-18));
#13795=DIRECTION('',(-1.,-1.110223024625E-16,1.224646799147E-16));
#13796=DIRECTION('',(-1.224646799147E-16,-1.359631073447E-32,-1.));
#13797=DIRECTION('',(-1.224646799147E-16,-1.359631073447E-32,-1.));
#13798=DIRECTION('',(-1.224646799147E-16,-1.359631073447E-32,-1.));
#13799=DIRECTION('',(1.110223024625E-16,-1.,6.92712190079319E-45));
#13800=DIRECTION('',(1.110223024625E-16,-1.,6.92712190079319E-45));
#13801=DIRECTION('',(-1.224646799147E-16,-1.359631073447E-32,-1.));
#13802=DIRECTION('',(1.,1.110223024625E-16,-1.224646799147E-16));
#13803=DIRECTION('',(-1.224646799147E-16,-1.359631073447E-32,-1.));
#13804=DIRECTION('',(-1.,-1.110223024625E-16,1.224646799147E-16));
#13805=DIRECTION('',(-1.224646799147E-16,-1.359631073447E-32,-1.));
#13806=DIRECTION('',(-1.09795353750847E-16,1.,-1.22694871165301E-18));
#13807=DIRECTION('',(-1.224646799147E-16,-1.359631073447E-32,-1.));
#13808=DIRECTION('',(1.110223024625E-16,-1.,6.92712190079319E-45));
#13809=DIRECTION('',(-1.224646799147E-16,-1.359631073447E-32,-1.));
#13810=DIRECTION('',(-1.,-1.12249251174153E-16,1.21237731203047E-16));
#13811=DIRECTION('',(1.110223024625E-16,-1.,6.92712190079319E-45));
#13812=DIRECTION('',(-1.224646799147E-16,-1.359631073447E-32,-1.));
#13813=DIRECTION('',(-1.224646799147E-16,-1.359631073447E-32,-1.));
#13814=DIRECTION('',(-1.224646799147E-16,-1.359631073447E-32,-1.));
#13815=DIRECTION('',(-1.,-1.12249251174153E-16,1.21237731203047E-16));
#13816=DIRECTION('',(-1.,-1.110223024625E-16,1.224646799147E-16));
#13817=DIRECTION('',(-1.224646799147E-16,-1.359631073447E-32,-1.));
#13818=DIRECTION('',(-1.224646799147E-16,-1.359631073447E-32,-1.));
#13819=DIRECTION('',(1.110223024625E-16,-1.,6.92712190079319E-45));
#13820=DIRECTION('',(1.110223024625E-16,-1.,6.92712190079319E-45));
#13821=DIRECTION('',(-1.224646799147E-16,-1.359631073447E-32,-1.));
#13822=DIRECTION('',(1.,1.110223024625E-16,-1.224646799147E-16));
#13823=DIRECTION('',(-1.224646799147E-16,-1.359631073447E-32,-1.));
#13824=DIRECTION('',(-1.,-1.110223024625E-16,1.224646799147E-16));
#13825=DIRECTION('',(-1.224646799147E-16,-1.359631073447E-32,-1.));
#13826=DIRECTION('',(-1.09795353750847E-16,1.,-1.22694871165301E-18));
#13827=DIRECTION('',(-1.,-1.110223024625E-16,1.224646799147E-16));
#13828=DIRECTION('',(-1.224646799147E-16,-1.359631073447E-32,-1.));
#13829=DIRECTION('',(-1.224646799147E-16,-1.359631073447E-32,-1.));
#13830=DIRECTION('',(-1.224646799147E-16,-1.359631073447E-32,-1.));
#13831=DIRECTION('',(1.110223024625E-16,-1.,6.92712190079319E-45));
#13832=DIRECTION('',(1.110223024625E-16,-1.,6.92712190079319E-45));
#13833=DIRECTION('',(-1.224646799147E-16,-1.359631073447E-32,-1.));
#13834=DIRECTION('',(1.,1.110223024625E-16,-1.224646799147E-16));
#13835=DIRECTION('',(-1.224646799147E-16,-1.359631073447E-32,-1.));
#13836=DIRECTION('',(-1.,-1.110223024625E-16,1.224646799147E-16));
#13837=DIRECTION('',(-1.224646799147E-16,-1.359631073447E-32,-1.));
#13838=DIRECTION('',(-1.09795353750847E-16,1.,-1.22694871165301E-18));
#13839=DIRECTION('',(-1.224646799147E-16,-1.359631073447E-32,-1.));
#13840=DIRECTION('',(1.110223024625E-16,-1.,6.92712190079319E-45));
#13841=DIRECTION('',(-1.224646799147E-16,-1.359631073447E-32,-1.));
#13842=DIRECTION('',(-1.,-1.12249251174153E-16,1.21237731203047E-16));
#13843=DIRECTION('',(-1.,-1.110223024625E-16,1.224646799147E-16));
#13844=DIRECTION('',(-1.224646799147E-16,-1.359631073447E-32,-1.));
#13845=DIRECTION('',(-1.09795353750847E-16,1.,-1.22694871165301E-18));
#13846=DIRECTION('',(-1.224646799147E-16,-1.359631073447E-32,-1.));
#13847=DIRECTION('',(-1.224646799147E-16,-1.359631073447E-32,-1.));
#13848=DIRECTION('',(1.110223024625E-16,-1.,6.92712190079319E-45));
#13849=DIRECTION('',(-1.224646799147E-16,-1.359631073447E-32,-1.));
#13850=DIRECTION('',(-1.224646799147E-16,-1.359631073447E-32,-1.));
#13851=DIRECTION('',(-1.,-1.12249251174153E-16,1.21237731203047E-16));
#13852=DIRECTION('',(-1.,-1.110223024625E-16,1.224646799147E-16));
#13853=DIRECTION('',(-1.224646799147E-16,-1.359631073447E-32,-1.));
#13854=DIRECTION('',(-1.224646799147E-16,-1.359631073447E-32,-1.));
#13855=DIRECTION('',(1.110223024625E-16,-1.,6.92712190079319E-45));
#13856=DIRECTION('',(1.110223024625E-16,-1.,6.92712190079319E-45));
#13857=DIRECTION('',(-1.224646799147E-16,-1.359631073447E-32,-1.));
#13858=DIRECTION('',(1.,1.110223024625E-16,-1.224646799147E-16));
#13859=DIRECTION('',(1.110223024625E-16,-1.,6.92712190079319E-45));
#13860=DIRECTION('',(-1.224646799147E-16,-1.359631073447E-32,-1.));
#13861=DIRECTION('',(-1.224646799147E-16,-1.359631073447E-32,-1.));
#13862=DIRECTION('',(-1.224646799147E-16,-1.359631073447E-32,-1.));
#13863=DIRECTION('',(-1.,-1.12249251174153E-16,1.21237731203047E-16));
#13864=DIRECTION('',(-1.,-1.110223024625E-16,1.224646799147E-16));
#13865=DIRECTION('',(-1.224646799147E-16,-1.359631073447E-32,-1.));
#13866=DIRECTION('',(-1.224646799147E-16,-1.359631073447E-32,-1.));
#13867=DIRECTION('',(1.110223024625E-16,-1.,6.92712190079319E-45));
#13868=DIRECTION('',(1.110223024625E-16,-1.,6.92712190079319E-45));
#13869=DIRECTION('',(-1.224646799147E-16,-1.359631073447E-32,-1.));
#13870=DIRECTION('',(1.,1.110223024625E-16,-1.224646799147E-16));
#13871=DIRECTION('',(-1.224646799147E-16,-1.359631073447E-32,-1.));
#13872=DIRECTION('',(-1.,-1.110223024625E-16,1.224646799147E-16));
#13873=DIRECTION('',(-1.224646799147E-16,-1.359631073447E-32,-1.));
#13874=DIRECTION('',(-1.09795353750847E-16,1.,-1.22694871165301E-18));
#13875=DIRECTION('',(0.707106781186548,7.67694554258219E-17,0.707106781186548));
#13876=DIRECTION('',(-1.09795353750847E-16,1.,1.22694871165301E-18));
#13877=DIRECTION('',(-1.09795353750847E-16,1.,1.22694871165301E-18));
#13878=DIRECTION('',(-0.577350269189626,0.577350269189625,0.577350269189626));
#13879=DIRECTION('',(-0.577350269189626,-0.577350269189625,0.577350269189626));
#13880=DIRECTION('',(-1.66835396066058E-16,0.707106781186548,-0.707106781186548));
#13881=DIRECTION('',(-1.,-1.12249251174153E-16,1.23691628626353E-16));
#13882=DIRECTION('',(-1.,-1.12249251174153E-16,1.23691628626353E-16));
#13883=DIRECTION('',(0.577350269189626,0.577350269189625,0.577350269189626));
#13884=DIRECTION('',(0.707106781186548,8.02397904425336E-17,-0.707106781186548));
#13885=DIRECTION('',(-1.12249251174153E-16,1.,1.22694871165301E-18));
#13886=DIRECTION('',(0.577350269189626,-0.577350269189625,0.577350269189626));
#13887=DIRECTION('',(1.110223024625E-16,-1.,6.92712190079319E-45));
#13888=DIRECTION('',(9.82615019770256E-18,0.707106781186548,0.707106781186548));
#13889=DIRECTION('',(-1.,-1.09795353750847E-16,1.23691628626353E-16));
#13890=DIRECTION('',(-1.,-1.110223024625E-16,1.224646799147E-16));
#13891=DIRECTION('',(0.707106781186548,8.02397904425336E-17,-0.707106781186548));
#13892=DIRECTION('',(-1.12249251174153E-16,1.,1.22694871165301E-18));
#13893=DIRECTION('',(0.577350269189626,-0.577350269189625,0.577350269189626));
#13894=DIRECTION('',(0.577350269189626,0.577350269189625,0.577350269189626));
#13895=DIRECTION('',(1.110223024625E-16,-1.,6.92712190079319E-45));
#13896=DIRECTION('',(9.82615019770256E-18,0.707106781186548,0.707106781186548));
#13897=DIRECTION('',(-1.,-1.09795353750847E-16,1.23691628626353E-16));
#13898=DIRECTION('',(-0.577350269189626,-0.577350269189625,0.577350269189626));
#13899=DIRECTION('',(-1.,-1.110223024625E-16,1.224646799147E-16));
#13900=DIRECTION('',(0.707106781186548,7.67694554258219E-17,0.707106781186548));
#13901=DIRECTION('',(-1.09795353750847E-16,1.,1.22694871165301E-18));
#13902=DIRECTION('',(-1.09795353750847E-16,1.,1.22694871165301E-18));
#13903=DIRECTION('',(-0.577350269189626,0.577350269189625,0.577350269189626));
#13904=DIRECTION('',(-1.66835396066058E-16,0.707106781186548,-0.707106781186548));
#13905=DIRECTION('',(-1.,-1.12249251174153E-16,1.23691628626353E-16));
#13906=DIRECTION('',(-1.,-1.12249251174153E-16,1.23691628626353E-16));
#13907=DIRECTION('',(-1.66835396066058E-16,0.707106781186548,-0.707106781186548));
#13908=DIRECTION('',(-1.,-1.12249251174153E-16,1.23691628626353E-16));
#13909=DIRECTION('',(-1.,-1.12249251174153E-16,1.23691628626353E-16));
#13910=DIRECTION('',(0.577350269189626,0.577350269189625,0.577350269189626));
#13911=DIRECTION('',(-0.577350269189626,0.577350269189625,0.577350269189626));
#13912=DIRECTION('',(0.707106781186548,8.02397904425336E-17,-0.707106781186548));
#13913=DIRECTION('',(-1.12249251174153E-16,1.,1.22694871165301E-18));
#13914=DIRECTION('',(0.577350269189626,-0.577350269189625,0.577350269189626));
#13915=DIRECTION('',(1.110223024625E-16,-1.,6.92712190079319E-45));
#13916=DIRECTION('',(9.82615019770256E-18,0.707106781186548,0.707106781186548));
#13917=DIRECTION('',(-1.,-1.09795353750847E-16,1.23691628626353E-16));
#13918=DIRECTION('',(-0.577350269189626,-0.577350269189625,0.577350269189626));
#13919=DIRECTION('',(-1.,-1.110223024625E-16,1.224646799147E-16));
#13920=DIRECTION('',(0.707106781186548,7.67694554258219E-17,0.707106781186548));
#13921=DIRECTION('',(-1.09795353750847E-16,1.,1.22694871165301E-18));
#13922=DIRECTION('',(-1.09795353750847E-16,1.,1.22694871165301E-18));
#13923=DIRECTION('',(0.707106781186548,8.02397904425336E-17,-0.707106781186548));
#13924=DIRECTION('',(-1.12249251174153E-16,1.,1.22694871165301E-18));
#13925=DIRECTION('',(0.577350269189618,-0.577350269189629,0.57735026918963));
#13926=DIRECTION('',(0.577350269189623,0.577350269189628,0.577350269189626));
#13927=DIRECTION('',(1.110223024625E-16,-1.,6.92712190079319E-45));
#13928=DIRECTION('',(9.82615019770256E-18,0.707106781186548,0.707106781186548));
#13929=DIRECTION('',(-1.,-1.09795353750847E-16,1.23691628626353E-16));
#13930=DIRECTION('',(-0.577350269189626,-0.577350269189625,0.577350269189626));
#13931=DIRECTION('',(-1.,-1.110223024625E-16,1.224646799147E-16));
#13932=DIRECTION('',(0.707106781186548,7.67694554258219E-17,0.707106781186548));
#13933=DIRECTION('',(-1.09795353750847E-16,1.,1.22694871165301E-18));
#13934=DIRECTION('',(-1.09795353750847E-16,1.,1.22694871165301E-18));
#13935=DIRECTION('',(-0.577350269189626,0.577350269189625,0.577350269189626));
#13936=DIRECTION('',(-1.66835396066058E-16,0.707106781186548,-0.707106781186548));
#13937=DIRECTION('',(-1.,-1.12249251174153E-16,1.23691628626353E-16));
#13938=DIRECTION('',(-1.,-1.12249251174153E-16,1.23691628626353E-16));
#13939=DIRECTION('',(-1.66835396066058E-16,0.707106781186548,-0.707106781186548));
#13940=DIRECTION('',(-1.,-1.12249251174153E-16,1.23691628626353E-16));
#13941=DIRECTION('',(-1.,-1.12249251174153E-16,1.23691628626353E-16));
#13942=DIRECTION('',(0.577350269189626,0.577350269189625,0.577350269189626));
#13943=DIRECTION('',(-0.577350269189626,0.577350269189625,0.577350269189626));
#13944=DIRECTION('',(0.707106781186548,8.02397904425336E-17,-0.707106781186548));
#13945=DIRECTION('',(-1.12249251174153E-16,1.,1.22694871165301E-18));
#13946=DIRECTION('',(0.577350269189622,-0.577350269189627,0.577350269189628));
#13947=DIRECTION('',(1.110223024625E-16,-1.,6.92712190079319E-45));
#13948=DIRECTION('',(9.82615019770256E-18,0.707106781186548,0.707106781186548));
#13949=DIRECTION('',(-1.,-1.09795353750847E-16,1.23691628626353E-16));
#13950=DIRECTION('',(-0.577350269189626,-0.577350269189625,0.577350269189626));
#13951=DIRECTION('',(-1.,-1.110223024625E-16,1.224646799147E-16));
#13952=DIRECTION('',(0.707106781186548,7.67694554258219E-17,0.707106781186548));
#13953=DIRECTION('',(-1.09795353750847E-16,1.,1.22694871165301E-18));
#13954=DIRECTION('',(-1.09795353750847E-16,1.,1.22694871165301E-18));
#13955=DIRECTION('',(0.707106781186548,8.02397904425336E-17,-0.707106781186548));
#13956=DIRECTION('',(-1.12249251174153E-16,1.,1.22694871165301E-18));
#13957=DIRECTION('',(0.577350269189624,-0.577350269189626,0.577350269189627));
#13958=DIRECTION('',(0.577350269189626,0.577350269189626,0.577350269189626));
#13959=DIRECTION('',(1.110223024625E-16,-1.,6.92712190079319E-45));
#13960=DIRECTION('',(9.82615019770256E-18,0.707106781186548,0.707106781186548));
#13961=DIRECTION('',(-1.,-1.09795353750847E-16,1.23691628626353E-16));
#13962=DIRECTION('',(-0.577350269189626,-0.577350269189626,0.577350269189626));
#13963=DIRECTION('',(-1.,-1.110223024625E-16,1.224646799147E-16));
#13964=DIRECTION('',(0.707106781186548,7.67694554258219E-17,0.707106781186548));
#13965=DIRECTION('',(-1.09795353750847E-16,1.,1.22694871165301E-18));
#13966=DIRECTION('',(-1.09795353750847E-16,1.,1.22694871165301E-18));
#13967=DIRECTION('',(-0.577350269189624,0.577350269189626,0.577350269189627));
#13968=DIRECTION('',(-1.66835396066058E-16,0.707106781186548,-0.707106781186548));
#13969=DIRECTION('',(-1.,-1.12249251174153E-16,1.23691628626353E-16));
#13970=DIRECTION('',(-1.,-1.12249251174153E-16,1.23691628626353E-16));
#13971=DIRECTION('',(0.707106781186548,7.67694554258219E-17,0.707106781186548));
#13972=DIRECTION('',(-1.09795353750847E-16,1.,1.22694871165301E-18));
#13973=DIRECTION('',(-1.09795353750847E-16,1.,1.22694871165301E-18));
#13974=DIRECTION('',(-0.577350269189626,0.577350269189625,0.577350269189626));
#13975=DIRECTION('',(-0.577350269189626,-0.577350269189625,0.577350269189626));
#13976=DIRECTION('',(-1.66835396066058E-16,0.707106781186548,-0.707106781186548));
#13977=DIRECTION('',(-1.,-1.12249251174153E-16,1.23691628626353E-16));
#13978=DIRECTION('',(-1.,-1.12249251174153E-16,1.23691628626353E-16));
#13979=DIRECTION('',(0.577350269189626,0.577350269189625,0.577350269189626));
#13980=DIRECTION('',(0.707106781186548,8.02397904425336E-17,-0.707106781186548));
#13981=DIRECTION('',(-1.12249251174153E-16,1.,1.22694871165301E-18));
#13982=DIRECTION('',(0.577350269189626,-0.577350269189625,0.577350269189626));
#13983=DIRECTION('',(1.110223024625E-16,-1.,6.92712190079319E-45));
#13984=DIRECTION('',(9.82615019770256E-18,0.707106781186548,0.707106781186548));
#13985=DIRECTION('',(-1.,-1.09795353750847E-16,1.23691628626353E-16));
#13986=DIRECTION('',(-1.,-1.110223024625E-16,1.224646799147E-16));
#13987=DIRECTION('',(-1.66835396066058E-16,0.707106781186548,-0.707106781186548));
#13988=DIRECTION('',(-1.,-1.12249251174153E-16,1.23691628626353E-16));
#13989=DIRECTION('',(-1.,-1.12249251174153E-16,1.23691628626353E-16));
#13990=DIRECTION('',(0.577350269189626,0.577350269189625,0.577350269189627));
#13991=DIRECTION('',(-0.577350269189625,0.577350269189626,0.577350269189627));
#13992=DIRECTION('',(0.707106781186548,8.02397904425336E-17,-0.707106781186548));
#13993=DIRECTION('',(-1.12249251174153E-16,1.,1.22694871165301E-18));
#13994=DIRECTION('',(0.577350269189625,-0.577350269189626,0.577350269189627));
#13995=DIRECTION('',(1.110223024625E-16,-1.,6.92712190079319E-45));
#13996=DIRECTION('',(9.82615019770256E-18,0.707106781186548,0.707106781186548));
#13997=DIRECTION('',(-1.,-1.09795353750847E-16,1.23691628626353E-16));
#13998=DIRECTION('',(-0.577350269189626,-0.577350269189625,0.577350269189627));
#13999=DIRECTION('',(-1.,-1.110223024625E-16,1.224646799147E-16));
#14000=DIRECTION('',(0.707106781186548,7.67694554258219E-17,0.707106781186548));
#14001=DIRECTION('',(-1.09795353750847E-16,1.,1.22694871165301E-18));
#14002=DIRECTION('',(-1.09795353750847E-16,1.,1.22694871165301E-18));
#14003=DIRECTION('',(-0.707106781186548,-7.67694554258218E-17,0.707106781186548));
#14004=DIRECTION('',(-1.09795353750847E-16,1.,-1.22694871165301E-18));
#14005=DIRECTION('',(-0.577350269189629,-0.577350269189625,-0.577350269189623));
#14006=DIRECTION('',(-0.57735026918962,0.577350269189631,-0.577350269189626));
#14007=DIRECTION('',(1.110223024625E-16,-1.,6.92712190079319E-45));
#14008=DIRECTION('',(-6.35581518099079E-18,-0.707106781186548,-0.707106781186548));
#14009=DIRECTION('',(-1.,-1.12249251174153E-16,1.21237731203047E-16));
#14010=DIRECTION('',(0.577350269189629,0.577350269189625,-0.577350269189623));
#14011=DIRECTION('',(-1.,-1.110223024625E-16,1.224646799147E-16));
#14012=DIRECTION('',(-0.707106781186548,-8.02397904425336E-17,-0.707106781186548));
#14013=DIRECTION('',(-1.12249251174153E-16,1.,-1.22694871165301E-18));
#14014=DIRECTION('',(-1.12249251174153E-16,1.,-1.22694871165301E-18));
#14015=DIRECTION('',(0.577350269189628,-0.577350269189627,-0.577350269189622));
#14016=DIRECTION('',(1.63365061049346E-16,-0.707106781186548,0.707106781186548));
#14017=DIRECTION('',(-1.,-1.09795353750847E-16,1.21237731203047E-16));
#14018=DIRECTION('',(-1.,-1.09795353750847E-16,1.21237731203047E-16));
#14019=DIRECTION('',(-0.707106781186548,-8.02397904425336E-17,-0.707106781186548));
#14020=DIRECTION('',(-1.12249251174153E-16,1.,-1.22694871165301E-18));
#14021=DIRECTION('',(-1.12249251174153E-16,1.,-1.22694871165301E-18));
#14022=DIRECTION('',(0.577350269189629,0.577350269189625,-0.577350269189623));
#14023=DIRECTION('',(0.577350269189624,-0.577350269189629,-0.577350269189624));
#14024=DIRECTION('',(1.63365061049346E-16,-0.707106781186548,0.707106781186548));
#14025=DIRECTION('',(-1.,-1.09795353750847E-16,1.21237731203047E-16));
#14026=DIRECTION('',(-1.,-1.09795353750847E-16,1.21237731203047E-16));
#14027=DIRECTION('',(-0.577350269189629,-0.577350269189625,-0.577350269189623));
#14028=DIRECTION('',(-0.707106781186548,-7.67694554258218E-17,0.707106781186548));
#14029=DIRECTION('',(-1.09795353750847E-16,1.,-1.22694871165301E-18));
#14030=DIRECTION('',(-0.577350269189624,0.577350269189629,-0.577350269189624));
#14031=DIRECTION('',(1.110223024625E-16,-1.,6.92712190079319E-45));
#14032=DIRECTION('',(-6.35581518099079E-18,-0.707106781186548,-0.707106781186548));
#14033=DIRECTION('',(-1.,-1.12249251174153E-16,1.21237731203047E-16));
#14034=DIRECTION('',(-1.,-1.110223024625E-16,1.224646799147E-16));
#14035=DIRECTION('',(-6.35581518099079E-18,-0.707106781186548,-0.707106781186548));
#14036=DIRECTION('',(-1.,-1.12249251174153E-16,1.21237731203047E-16));
#14037=DIRECTION('',(-0.577350269189626,0.577350269189628,-0.577350269189623));
#14038=DIRECTION('',(0.577350269189629,0.577350269189625,-0.577350269189623));
#14039=DIRECTION('',(-1.,-1.110223024625E-16,1.224646799147E-16));
#14040=DIRECTION('',(-0.707106781186548,-8.02397904425336E-17,-0.707106781186548));
#14041=DIRECTION('',(-1.12249251174153E-16,1.,-1.22694871165301E-18));
#14042=DIRECTION('',(-1.12249251174153E-16,1.,-1.22694871165301E-18));
#14043=DIRECTION('',(0.577350269189626,-0.577350269189628,-0.577350269189623));
#14044=DIRECTION('',(1.63365061049346E-16,-0.707106781186548,0.707106781186548));
#14045=DIRECTION('',(-1.,-1.09795353750847E-16,1.21237731203047E-16));
#14046=DIRECTION('',(-1.,-1.09795353750847E-16,1.21237731203047E-16));
#14047=DIRECTION('',(-0.577350269189629,-0.577350269189625,-0.577350269189623));
#14048=DIRECTION('',(-0.707106781186548,-7.67694554258218E-17,0.707106781186548));
#14049=DIRECTION('',(-1.09795353750847E-16,1.,-1.22694871165301E-18));
#14050=DIRECTION('',(1.110223024625E-16,-1.,6.92712190079319E-45));
#14051=DIRECTION('',(-0.707106781186548,-8.02397904425336E-17,-0.707106781186548));
#14052=DIRECTION('',(-1.12249251174153E-16,1.,-1.22694871165301E-18));
#14053=DIRECTION('',(-1.12249251174153E-16,1.,-1.22694871165301E-18));
#14054=DIRECTION('',(0.577350269189621,0.577350269189629,-0.577350269189627));
#14055=DIRECTION('',(0.577350269189624,-0.577350269189629,-0.577350269189624));
#14056=DIRECTION('',(1.63365061049346E-16,-0.707106781186548,0.707106781186548));
#14057=DIRECTION('',(-1.,-1.09795353750847E-16,1.21237731203047E-16));
#14058=DIRECTION('',(-1.,-1.09795353750847E-16,1.21237731203047E-16));
#14059=DIRECTION('',(-0.577350269189629,-0.577350269189625,-0.577350269189623));
#14060=DIRECTION('',(-0.707106781186548,-7.67694554258218E-17,0.707106781186548));
#14061=DIRECTION('',(-1.09795353750847E-16,1.,-1.22694871165301E-18));
#14062=DIRECTION('',(-0.577350269189624,0.577350269189629,-0.577350269189624));
#14063=DIRECTION('',(1.110223024625E-16,-1.,6.92712190079319E-45));
#14064=DIRECTION('',(-6.35581518099079E-18,-0.707106781186548,-0.707106781186548));
#14065=DIRECTION('',(-1.,-1.12249251174153E-16,1.21237731203047E-16));
#14066=DIRECTION('',(-1.,-1.110223024625E-16,1.224646799147E-16));
#14067=DIRECTION('',(-6.35581518099079E-18,-0.707106781186548,-0.707106781186548));
#14068=DIRECTION('',(-1.,-1.12249251174153E-16,1.21237731203047E-16));
#14069=DIRECTION('',(-0.577350269189624,0.577350269189629,-0.577350269189624));
#14070=DIRECTION('',(0.577350269189625,0.577350269189627,-0.577350269189625));
#14071=DIRECTION('',(-1.,-1.110223024625E-16,1.224646799147E-16));
#14072=DIRECTION('',(-0.707106781186548,-8.02397904425336E-17,-0.707106781186548));
#14073=DIRECTION('',(-1.12249251174153E-16,1.,-1.22694871165301E-18));
#14074=DIRECTION('',(-1.12249251174153E-16,1.,-1.22694871165301E-18));
#14075=DIRECTION('',(0.577350269189624,-0.577350269189629,-0.577350269189624));
#14076=DIRECTION('',(1.63365061049346E-16,-0.707106781186548,0.707106781186548));
#14077=DIRECTION('',(-1.,-1.09795353750847E-16,1.21237731203047E-16));
#14078=DIRECTION('',(-1.,-1.09795353750847E-16,1.21237731203047E-16));
#14079=DIRECTION('',(-0.577350269189629,-0.577350269189625,-0.577350269189623));
#14080=DIRECTION('',(-0.707106781186548,-7.67694554258218E-17,0.707106781186548));
#14081=DIRECTION('',(-1.09795353750847E-16,1.,-1.22694871165301E-18));
#14082=DIRECTION('',(1.110223024625E-16,-1.,6.92712190079319E-45));
#14083=DIRECTION('',(-0.707106781186548,-8.02397904425336E-17,-0.707106781186548));
#14084=DIRECTION('',(-1.12249251174153E-16,1.,-1.22694871165301E-18));
#14085=DIRECTION('',(-1.12249251174153E-16,1.,-1.22694871165301E-18));
#14086=DIRECTION('',(0.577350269189627,0.577350269189626,-0.577350269189624));
#14087=DIRECTION('',(0.577350269189625,-0.577350269189629,-0.577350269189624));
#14088=DIRECTION('',(1.63365061049346E-16,-0.707106781186548,0.707106781186548));
#14089=DIRECTION('',(-1.,-1.09795353750847E-16,1.21237731203047E-16));
#14090=DIRECTION('',(-1.,-1.09795353750847E-16,1.21237731203047E-16));
#14091=DIRECTION('',(-0.577350269189627,-0.577350269189626,-0.577350269189624));
#14092=DIRECTION('',(-0.707106781186548,-7.67694554258218E-17,0.707106781186548));
#14093=DIRECTION('',(-1.09795353750847E-16,1.,-1.22694871165301E-18));
#14094=DIRECTION('',(-0.577350269189625,0.577350269189629,-0.577350269189624));
#14095=DIRECTION('',(1.110223024625E-16,-1.,6.92712190079319E-45));
#14096=DIRECTION('',(-6.35581518099079E-18,-0.707106781186548,-0.707106781186548));
#14097=DIRECTION('',(-1.,-1.12249251174153E-16,1.21237731203047E-16));
#14098=DIRECTION('',(-1.,-1.110223024625E-16,1.224646799147E-16));
#14099=DIRECTION('',(-0.707106781186548,-7.67694554258218E-17,0.707106781186548));
#14100=DIRECTION('',(-1.09795353750847E-16,1.,-1.22694871165301E-18));
#14101=DIRECTION('',(-0.577350269189629,-0.577350269189625,-0.577350269189623));
#14102=DIRECTION('',(-0.577350269189626,0.577350269189628,-0.577350269189623));
#14103=DIRECTION('',(1.110223024625E-16,-1.,6.92712190079319E-45));
#14104=DIRECTION('',(-6.35581518099079E-18,-0.707106781186548,-0.707106781186548));
#14105=DIRECTION('',(-1.,-1.12249251174153E-16,1.21237731203047E-16));
#14106=DIRECTION('',(0.577350269189629,0.577350269189625,-0.577350269189623));
#14107=DIRECTION('',(-1.,-1.110223024625E-16,1.224646799147E-16));
#14108=DIRECTION('',(-0.707106781186548,-8.02397904425336E-17,-0.707106781186548));
#14109=DIRECTION('',(-1.12249251174153E-16,1.,-1.22694871165301E-18));
#14110=DIRECTION('',(-1.12249251174153E-16,1.,-1.22694871165301E-18));
#14111=DIRECTION('',(0.577350269189626,-0.577350269189628,-0.577350269189623));
#14112=DIRECTION('',(1.63365061049346E-16,-0.707106781186548,0.707106781186548));
#14113=DIRECTION('',(-1.,-1.09795353750847E-16,1.21237731203047E-16));
#14114=DIRECTION('',(-1.,-1.09795353750847E-16,1.21237731203047E-16));
#14115=DIRECTION('',(-6.35581518099079E-18,-0.707106781186548,-0.707106781186548));
#14116=DIRECTION('',(-1.,-1.12249251174153E-16,1.21237731203047E-16));
#14117=DIRECTION('',(-0.577350269189625,0.577350269189628,-0.577350269189624));
#14118=DIRECTION('',(0.577350269189628,0.577350269189625,-0.577350269189624));
#14119=DIRECTION('',(-1.,-1.110223024625E-16,1.224646799147E-16));
#14120=DIRECTION('',(-0.707106781186548,-8.02397904425336E-17,-0.707106781186548));
#14121=DIRECTION('',(-1.12249251174153E-16,1.,-1.22694871165301E-18));
#14122=DIRECTION('',(-1.12249251174153E-16,1.,-1.22694871165301E-18));
#14123=DIRECTION('',(0.577350269189625,-0.577350269189628,-0.577350269189624));
#14124=DIRECTION('',(1.63365061049346E-16,-0.707106781186548,0.707106781186548));
#14125=DIRECTION('',(-1.,-1.09795353750847E-16,1.21237731203047E-16));
#14126=DIRECTION('',(-1.,-1.09795353750847E-16,1.21237731203047E-16));
#14127=DIRECTION('',(-0.577350269189628,-0.577350269189625,-0.577350269189624));
#14128=DIRECTION('',(-0.707106781186548,-7.67694554258218E-17,0.707106781186548));
#14129=DIRECTION('',(-1.09795353750847E-16,1.,-1.22694871165301E-18));
#14130=DIRECTION('',(1.110223024625E-16,-1.,6.92712190079319E-45));
#14131=DIRECTION('',(-1.224646799147E-16,-1.359631073447E-32,-1.));
#14132=DIRECTION('',(1.110223024625E-16,-1.,6.92712190079319E-45));
#14133=DIRECTION('',(-1.224646799147E-16,-1.359631073447E-32,-1.));
#14134=DIRECTION('',(1.110223024625E-16,-1.,6.92712190079319E-45));
#14135=DIRECTION('',(-1.224646799147E-16,-1.359631073447E-32,-1.));
#14136=DIRECTION('',(1.110223024625E-16,-1.,6.92712190079319E-45));
#14137=DIRECTION('',(-1.224646799147E-16,-1.359631073447E-32,-1.));
#14138=DIRECTION('',(1.110223024625E-16,-1.,6.92712190079319E-45));
#14139=DIRECTION('',(-1.224646799147E-16,-1.359631073447E-32,-1.));
#14140=DIRECTION('',(1.110223024625E-16,-1.,6.92712190079319E-45));
#14141=DIRECTION('',(-1.224646799147E-16,-1.359631073447E-32,-1.));
#14142=DIRECTION('',(1.110223024625E-16,-1.,6.92712190079319E-45));
#14143=DIRECTION('',(-1.224646799147E-16,-1.359631073447E-32,-1.));
#14144=DIRECTION('',(1.110223024625E-16,-1.,6.92712190079319E-45));
#14145=DIRECTION('',(-1.224646799147E-16,-1.359631073447E-32,-1.));
#14146=DIRECTION('',(1.110223024625E-16,-1.,6.92712190079319E-45));
#14147=DIRECTION('',(-1.224646799147E-16,-1.359631073447E-32,-1.));
#14148=DIRECTION('',(1.110223024625E-16,-1.,6.92712190079319E-45));
#14149=DIRECTION('',(-1.224646799147E-16,-1.359631073447E-32,-1.));
#14150=DIRECTION('',(1.110223024625E-16,-1.,6.92712190079319E-45));
#14151=DIRECTION('',(-1.224646799147E-16,-1.359631073447E-32,-1.));
#14152=DIRECTION('',(1.110223024625E-16,-1.,6.92712190079319E-45));
#14153=DIRECTION('',(-1.224646799147E-16,-1.359631073447E-32,-1.));
#14154=DIRECTION('',(1.110223024625E-16,-1.,6.92712190079319E-45));
#14155=DIRECTION('',(-1.224646799147E-16,-1.359631073447E-32,-1.));
#14156=DIRECTION('',(1.110223024625E-16,-1.,6.92712190079319E-45));
#14157=DIRECTION('',(-1.224646799147E-16,-1.359631073447E-32,-1.));
#14158=DIRECTION('',(1.110223024625E-16,-1.,6.92712190079319E-45));
#14159=DIRECTION('',(-1.224646799147E-16,-1.359631073447E-32,-1.));
#14160=DIRECTION('',(1.110223024625E-16,-1.,6.92712190079319E-45));
#14161=DIRECTION('',(-1.224646799147E-16,-1.359631073447E-32,-1.));
#14162=DIRECTION('',(1.110223024625E-16,-1.,6.92712190079319E-45));
#14163=DIRECTION('',(0.,0.,1.));
#14164=DIRECTION('',(1.,0.,0.));
#14165=DIRECTION('',(0.,2.2E-16,1.));
#14166=DIRECTION('',(1.,0.,0.));
#14167=DIRECTION('',(1.22464679914735E-16,-2.2E-16,-1.));
#14168=DIRECTION('',(0.,1.,-2.2E-16));
#14169=DIRECTION('',(0.,2.2E-16,1.));
#14170=DIRECTION('',(0.,-1.,2.2E-16));
#14171=DIRECTION('',(0.,1.,-2.2E-16));
#14172=DIRECTION('',(1.,0.,0.));
#14173=DIRECTION('',(-1.,-4.04133443718627E-32,-1.83697019872103E-16));
#14174=DIRECTION('',(-1.83697019872103E-16,0.,1.));
#14175=DIRECTION('',(1.,0.,0.));
#14176=DIRECTION('',(0.,-2.2E-16,-1.));
#14177=DIRECTION('',(-1.,-4.04133443718627E-32,-1.83697019872103E-16));
#14178=DIRECTION('',(-1.83697019872103E-16,0.,1.));
#14179=DIRECTION('',(0.,1.,-2.2E-16));
#14180=DIRECTION('',(1.,0.,0.));
#14181=DIRECTION('',(0.,2.2E-16,1.));
#14182=DIRECTION('',(0.,-1.,2.2E-16));
#14183=DIRECTION('',(0.,-2.2E-16,-1.));
#14184=DIRECTION('',(-1.,0.,0.));
#14185=DIRECTION('',(0.,-2.2E-16,-1.));
#14186=DIRECTION('',(0.,1.,-2.2E-16));
#14187=DIRECTION('',(0.,0.,-1.));
#14188=DIRECTION('',(-1.,0.,0.));
#14189=DIRECTION('',(0.,0.,1.));
#14190=DIRECTION('',(1.,0.,0.));
#14191=DIRECTION('',(0.,0.,1.));
#14192=DIRECTION('',(1.,0.,0.));
#14193=DIRECTION('',(1.,0.,0.));
#14194=DIRECTION('',(0.,9.92044604925E-16,1.));
#14195=DIRECTION('',(1.,0.,0.));
#14196=DIRECTION('',(0.,0.,-1.));
#14197=DIRECTION('',(1.,0.,0.));
#14198=DIRECTION('',(0.,0.,-1.));
#14199=DIRECTION('',(1.,0.,0.));
#14200=DIRECTION('',(0.,1.002044604925E-15,1.));
#14201=DIRECTION('',(1.,0.,0.));
#14202=DIRECTION('',(0.,0.,-1.));
#14203=DIRECTION('',(1.,0.,0.));
#14204=DIRECTION('',(0.,9.92044604925E-16,1.));
#14205=DIRECTION('',(1.,0.,0.));
#14206=DIRECTION('',(0.,0.,-1.));
#14207=DIRECTION('',(1.,0.,0.));
#14208=DIRECTION('',(0.,1.002044604925E-15,1.));
#14209=DIRECTION('',(1.,0.,0.));
#14210=DIRECTION('',(0.,0.,-1.));
#14211=DIRECTION('',(1.,0.,0.));
#14212=DIRECTION('',(0.,1.002044604925E-15,1.));
#14213=DIRECTION('',(-1.,0.,0.));
#14214=DIRECTION('',(0.,0.,1.));
#14215=DIRECTION('',(-1.,0.,0.));
#14216=DIRECTION('',(0.,1.002044604925E-15,1.));
#14217=DIRECTION('',(-1.,0.,0.));
#14218=DIRECTION('',(0.,0.,1.));
#14219=DIRECTION('',(-1.,0.,0.));
#14220=DIRECTION('',(0.,1.002044604925E-15,1.));
#14221=DIRECTION('',(-1.,0.,0.));
#14222=DIRECTION('',(0.,0.,1.));
#14223=DIRECTION('',(1.,0.,0.));
#14224=DIRECTION('',(0.,1.002044604925E-15,1.));
#14225=DIRECTION('',(1.,0.,0.));
#14226=DIRECTION('',(0.,1.002044604925E-15,1.));
#14227=DIRECTION('',(0.,0.,1.));
#14228=DIRECTION('',(1.,0.,0.));
#14229=DIRECTION('',(0.,0.,-1.));
#14230=DIRECTION('',(1.,0.,0.));
#14231=DIRECTION('',(-8.559688641721E-35,6.014522413226E-35,1.));
#14232=DIRECTION('',(1.,0.,8.559688641721E-35));
#14233=DIRECTION('',(0.,0.,-1.));
#14234=DIRECTION('',(-1.,0.,0.));
#14235=DIRECTION('',(8.559688641721E-35,-6.014522413226E-35,-1.));
#14236=DIRECTION('',(1.,6.690258951221E-52,8.559688641721E-35));
#14237=DIRECTION('',(8.559688641721E-35,-6.014522413226E-35,-1.));
#14238=DIRECTION('',(-1.,0.,-8.559688641721E-35));
#14239=DIRECTION('',(-8.559688641721E-35,6.014522413226E-35,1.));
#14240=DIRECTION('',(1.,8.259101077374E-51,8.559688641721E-35));
#14241=DIRECTION('',(-8.559688641721E-35,6.014522413226E-35,1.));
#14242=DIRECTION('',(1.,0.,8.559688641721E-35));
#14243=DIRECTION('',(-8.559688641721E-35,6.014522413226E-35,1.));
#14244=DIRECTION('',(1.,0.,8.559688641721E-35));
#14245=DIRECTION('',(0.,0.,1.));
#14246=DIRECTION('',(1.,0.,0.));
#14247=DIRECTION('',(0.,0.,1.));
#14248=DIRECTION('',(1.,0.,0.));
#14249=DIRECTION('',(-8.559688641721E-35,6.014522413226E-35,1.));
#14250=DIRECTION('',(1.,0.,8.559688641721E-35));
#14251=DIRECTION('',(0.,0.,-1.));
#14252=DIRECTION('',(-1.,0.,0.));
#14253=DIRECTION('',(0.,0.,1.));
#14254=DIRECTION('',(1.,0.,0.));
#14255=DIRECTION('',(0.,0.,1.));
#14256=DIRECTION('',(1.,0.,0.));
#14257=DIRECTION('',(0.,0.,1.));
#14258=DIRECTION('',(1.,0.,0.));
#14259=DIRECTION('',(0.,0.,1.));
#14260=DIRECTION('',(1.,0.,0.));
#14261=DIRECTION('',(0.,0.,-1.));
#14262=DIRECTION('',(1.,0.,0.));
#14263=DIRECTION('',(0.,0.,-1.));
#14264=DIRECTION('',(-1.,0.,0.));
#14265=DIRECTION('',(0.,0.,-1.));
#14266=DIRECTION('',(1.,0.,0.));
#14267=DIRECTION('',(0.,0.,-1.));
#14268=DIRECTION('',(-1.,0.,0.));
#14269=DIRECTION('',(1.19708830782E-30,-3.357113761597E-32,-1.));
#14270=DIRECTION('',(1.,3.013010401886E-31,1.19708830782E-30));
#14271=DIRECTION('',(1.19708830782E-30,-3.357113761597E-32,-1.));
#14272=DIRECTION('',(-1.,0.,-1.19708830782E-30));
#14273=DIRECTION('',(-4.930380657631E-31,-1.632186346944E-32,1.));
#14274=DIRECTION('',(1.,0.,4.930380657631E-31));
#14275=DIRECTION('',(0.,0.,1.));
#14276=DIRECTION('',(1.,0.,0.));
#14277=DIRECTION('',(-1.19708830782E-30,3.357113761597E-32,1.));
#14278=DIRECTION('',(1.,0.,1.19708830782E-30));
#14279=DIRECTION('',(0.,0.,1.));
#14280=DIRECTION('',(1.,0.,0.));
#14281=DIRECTION('',(0.,2.2E-16,1.));
#14282=DIRECTION('',(1.,0.,0.));
#14283=DIRECTION('',(1.22464679914735E-16,-2.2E-16,-1.));
#14284=DIRECTION('',(0.,1.,-2.2E-16));
#14285=DIRECTION('',(0.,2.2E-16,1.));
#14286=DIRECTION('',(0.,-1.,2.2E-16));
#14287=DIRECTION('',(0.,1.,-2.2E-16));
#14288=DIRECTION('',(1.,0.,0.));
#14289=DIRECTION('',(-1.,-4.04133443718627E-32,-1.83697019872103E-16));
#14290=DIRECTION('',(-1.83697019872103E-16,0.,1.));
#14291=DIRECTION('',(1.,0.,0.));
#14292=DIRECTION('',(0.,-2.2E-16,-1.));
#14293=DIRECTION('',(-1.,-4.04133443718627E-32,-1.83697019872103E-16));
#14294=DIRECTION('',(-1.83697019872103E-16,0.,1.));
#14295=DIRECTION('',(0.,1.,-2.2E-16));
#14296=DIRECTION('',(1.,0.,0.));
#14297=DIRECTION('',(0.,2.2E-16,1.));
#14298=DIRECTION('',(0.,-1.,2.2E-16));
#14299=DIRECTION('',(0.,-2.2E-16,-1.));
#14300=DIRECTION('',(-1.,0.,0.));
#14301=DIRECTION('',(0.,-2.2E-16,-1.));
#14302=DIRECTION('',(0.,1.,-2.2E-16));
#14303=DIRECTION('',(0.,0.,-1.));
#14304=DIRECTION('',(-1.,0.,0.));
#14305=DIRECTION('',(0.,0.,1.));
#14306=DIRECTION('',(1.,0.,0.));
#14307=DIRECTION('',(0.,0.,1.));
#14308=DIRECTION('',(1.,0.,0.));
#14309=DIRECTION('',(1.,0.,0.));
#14310=DIRECTION('',(0.,9.92044604925E-16,1.));
#14311=DIRECTION('',(1.,0.,0.));
#14312=DIRECTION('',(0.,0.,-1.));
#14313=DIRECTION('',(1.,0.,0.));
#14314=DIRECTION('',(0.,0.,-1.));
#14315=DIRECTION('',(1.,0.,0.));
#14316=DIRECTION('',(0.,1.002044604925E-15,1.));
#14317=DIRECTION('',(1.,0.,0.));
#14318=DIRECTION('',(0.,0.,-1.));
#14319=DIRECTION('',(1.,0.,0.));
#14320=DIRECTION('',(0.,9.92044604925E-16,1.));
#14321=DIRECTION('',(1.,0.,0.));
#14322=DIRECTION('',(0.,0.,-1.));
#14323=DIRECTION('',(1.,0.,0.));
#14324=DIRECTION('',(0.,1.002044604925E-15,1.));
#14325=DIRECTION('',(1.,0.,0.));
#14326=DIRECTION('',(0.,0.,-1.));
#14327=DIRECTION('',(1.,0.,0.));
#14328=DIRECTION('',(0.,1.002044604925E-15,1.));
#14329=DIRECTION('',(-1.,0.,0.));
#14330=DIRECTION('',(0.,0.,1.));
#14331=DIRECTION('',(-1.,0.,0.));
#14332=DIRECTION('',(0.,1.002044604925E-15,1.));
#14333=DIRECTION('',(-1.,0.,0.));
#14334=DIRECTION('',(0.,0.,1.));
#14335=DIRECTION('',(-1.,0.,0.));
#14336=DIRECTION('',(0.,1.002044604925E-15,1.));
#14337=DIRECTION('',(-1.,0.,0.));
#14338=DIRECTION('',(0.,0.,1.));
#14339=DIRECTION('',(1.,0.,0.));
#14340=DIRECTION('',(0.,1.002044604925E-15,1.));
#14341=DIRECTION('',(1.,0.,0.));
#14342=DIRECTION('',(0.,1.002044604925E-15,1.));
#14343=DIRECTION('',(0.,0.,1.));
#14344=DIRECTION('',(1.,0.,0.));
#14345=DIRECTION('',(1.,0.,0.));
#14346=DIRECTION('',(0.,9.92044604925E-16,1.));
#14347=DIRECTION('',(1.,0.,0.));
#14348=DIRECTION('',(0.,0.,-1.));
#14349=DIRECTION('',(1.,0.,0.));
#14350=DIRECTION('',(0.,0.,-1.));
#14351=DIRECTION('',(1.,0.,0.));
#14352=DIRECTION('',(0.,1.002044604925E-15,1.));
#14353=DIRECTION('',(1.,0.,0.));
#14354=DIRECTION('',(0.,0.,-1.));
#14355=DIRECTION('',(1.,0.,0.));
#14356=DIRECTION('',(0.,9.92044604925E-16,1.));
#14357=DIRECTION('',(1.,0.,0.));
#14358=DIRECTION('',(0.,0.,-1.));
#14359=DIRECTION('',(1.,0.,0.));
#14360=DIRECTION('',(0.,1.002044604925E-15,1.));
#14361=DIRECTION('',(1.,0.,0.));
#14362=DIRECTION('',(0.,0.,-1.));
#14363=DIRECTION('',(1.,0.,0.));
#14364=DIRECTION('',(0.,1.002044604925E-15,1.));
#14365=DIRECTION('',(-1.,0.,0.));
#14366=DIRECTION('',(0.,0.,1.));
#14367=DIRECTION('',(-1.,0.,0.));
#14368=DIRECTION('',(0.,1.002044604925E-15,1.));
#14369=DIRECTION('',(-1.,0.,0.));
#14370=DIRECTION('',(0.,0.,1.));
#14371=DIRECTION('',(-1.,0.,0.));
#14372=DIRECTION('',(0.,1.002044604925E-15,1.));
#14373=DIRECTION('',(-1.,0.,0.));
#14374=DIRECTION('',(0.,0.,1.));
#14375=DIRECTION('',(1.,0.,0.));
#14376=DIRECTION('',(0.,1.002044604925E-15,1.));
#14377=DIRECTION('',(1.,0.,0.));
#14378=DIRECTION('',(0.,1.002044604925E-15,1.));
#14379=DIRECTION('',(0.,0.,1.));
#14380=DIRECTION('',(1.,0.,0.));
#14381=DIRECTION('',(1.,0.,0.));
#14382=DIRECTION('',(0.,9.92044604925E-16,1.));
#14383=DIRECTION('',(1.,0.,0.));
#14384=DIRECTION('',(0.,0.,-1.));
#14385=DIRECTION('',(1.,0.,0.));
#14386=DIRECTION('',(0.,0.,-1.));
#14387=DIRECTION('',(1.,0.,0.));
#14388=DIRECTION('',(0.,1.002044604925E-15,1.));
#14389=DIRECTION('',(1.,0.,0.));
#14390=DIRECTION('',(0.,0.,-1.));
#14391=DIRECTION('',(1.,0.,0.));
#14392=DIRECTION('',(0.,9.92044604925E-16,1.));
#14393=DIRECTION('',(1.,0.,0.));
#14394=DIRECTION('',(0.,0.,-1.));
#14395=DIRECTION('',(1.,0.,0.));
#14396=DIRECTION('',(0.,1.002044604925E-15,1.));
#14397=DIRECTION('',(1.,0.,0.));
#14398=DIRECTION('',(0.,0.,-1.));
#14399=DIRECTION('',(1.,0.,0.));
#14400=DIRECTION('',(0.,1.002044604925E-15,1.));
#14401=DIRECTION('',(-1.,0.,0.));
#14402=DIRECTION('',(0.,0.,1.));
#14403=DIRECTION('',(-1.,0.,0.));
#14404=DIRECTION('',(0.,1.002044604925E-15,1.));
#14405=DIRECTION('',(-1.,0.,0.));
#14406=DIRECTION('',(0.,0.,1.));
#14407=DIRECTION('',(-1.,0.,0.));
#14408=DIRECTION('',(0.,1.002044604925E-15,1.));
#14409=DIRECTION('',(-1.,0.,0.));
#14410=DIRECTION('',(0.,0.,1.));
#14411=DIRECTION('',(1.,0.,0.));
#14412=DIRECTION('',(0.,1.002044604925E-15,1.));
#14413=DIRECTION('',(1.,0.,0.));
#14414=DIRECTION('',(0.,1.002044604925E-15,1.));
#14415=DIRECTION('',(0.,0.,1.));
#14416=DIRECTION('',(1.,0.,0.));
#14417=DIRECTION('',(1.,0.,0.));
#14418=DIRECTION('',(0.,9.92044604925E-16,1.));
#14419=DIRECTION('',(1.,0.,0.));
#14420=DIRECTION('',(0.,0.,-1.));
#14421=DIRECTION('',(1.,0.,0.));
#14422=DIRECTION('',(0.,0.,-1.));
#14423=DIRECTION('',(1.,0.,0.));
#14424=DIRECTION('',(0.,1.002044604925E-15,1.));
#14425=DIRECTION('',(1.,0.,0.));
#14426=DIRECTION('',(0.,0.,-1.));
#14427=DIRECTION('',(1.,0.,0.));
#14428=DIRECTION('',(0.,9.92044604925E-16,1.));
#14429=DIRECTION('',(1.,0.,0.));
#14430=DIRECTION('',(0.,0.,-1.));
#14431=DIRECTION('',(1.,0.,0.));
#14432=DIRECTION('',(0.,1.002044604925E-15,1.));
#14433=DIRECTION('',(1.,0.,0.));
#14434=DIRECTION('',(0.,0.,-1.));
#14435=DIRECTION('',(1.,0.,0.));
#14436=DIRECTION('',(0.,1.002044604925E-15,1.));
#14437=DIRECTION('',(-1.,0.,0.));
#14438=DIRECTION('',(0.,0.,1.));
#14439=DIRECTION('',(-1.,0.,0.));
#14440=DIRECTION('',(0.,1.002044604925E-15,1.));
#14441=DIRECTION('',(-1.,0.,0.));
#14442=DIRECTION('',(0.,0.,1.));
#14443=DIRECTION('',(-1.,0.,0.));
#14444=DIRECTION('',(0.,1.002044604925E-15,1.));
#14445=DIRECTION('',(-1.,0.,0.));
#14446=DIRECTION('',(0.,0.,1.));
#14447=DIRECTION('',(1.,0.,0.));
#14448=DIRECTION('',(0.,1.002044604925E-15,1.));
#14449=DIRECTION('',(1.,0.,0.));
#14450=DIRECTION('',(0.,1.002044604925E-15,1.));
#14451=DIRECTION('',(0.,0.,1.));
#14452=DIRECTION('',(1.,0.,0.));
#14453=DIRECTION('',(1.,0.,0.));
#14454=DIRECTION('',(0.,9.92044604925E-16,1.));
#14455=DIRECTION('',(1.,0.,0.));
#14456=DIRECTION('',(0.,0.,-1.));
#14457=DIRECTION('',(1.,0.,0.));
#14458=DIRECTION('',(0.,0.,-1.));
#14459=DIRECTION('',(1.,0.,0.));
#14460=DIRECTION('',(0.,1.002044604925E-15,1.));
#14461=DIRECTION('',(1.,0.,0.));
#14462=DIRECTION('',(0.,0.,-1.));
#14463=DIRECTION('',(1.,0.,0.));
#14464=DIRECTION('',(0.,9.92044604925E-16,1.));
#14465=DIRECTION('',(1.,0.,0.));
#14466=DIRECTION('',(0.,0.,-1.));
#14467=DIRECTION('',(1.,0.,0.));
#14468=DIRECTION('',(0.,1.002044604925E-15,1.));
#14469=DIRECTION('',(1.,0.,0.));
#14470=DIRECTION('',(0.,0.,-1.));
#14471=DIRECTION('',(1.,0.,0.));
#14472=DIRECTION('',(0.,1.002044604925E-15,1.));
#14473=DIRECTION('',(-1.,0.,0.));
#14474=DIRECTION('',(0.,0.,1.));
#14475=DIRECTION('',(-1.,0.,0.));
#14476=DIRECTION('',(0.,1.002044604925E-15,1.));
#14477=DIRECTION('',(-1.,0.,0.));
#14478=DIRECTION('',(0.,0.,1.));
#14479=DIRECTION('',(-1.,0.,0.));
#14480=DIRECTION('',(0.,1.002044604925E-15,1.));
#14481=DIRECTION('',(-1.,0.,0.));
#14482=DIRECTION('',(0.,0.,1.));
#14483=DIRECTION('',(1.,0.,0.));
#14484=DIRECTION('',(0.,1.002044604925E-15,1.));
#14485=DIRECTION('',(1.,0.,0.));
#14486=DIRECTION('',(0.,1.002044604925E-15,1.));
#14487=DIRECTION('',(0.,0.,1.));
#14488=DIRECTION('',(1.,0.,0.));
#14489=DIRECTION('',(0.,2.2E-16,1.));
#14490=DIRECTION('',(1.,0.,0.));
#14491=DIRECTION('',(1.22464679914735E-16,-2.2E-16,-1.));
#14492=DIRECTION('',(0.,1.,-2.2E-16));
#14493=DIRECTION('',(0.,2.2E-16,1.));
#14494=DIRECTION('',(0.,-1.,2.2E-16));
#14495=DIRECTION('',(0.,1.,-2.2E-16));
#14496=DIRECTION('',(1.,0.,0.));
#14497=DIRECTION('',(-1.,-4.04133443718627E-32,-1.83697019872103E-16));
#14498=DIRECTION('',(-1.83697019872103E-16,0.,1.));
#14499=DIRECTION('',(1.,0.,0.));
#14500=DIRECTION('',(0.,-2.2E-16,-1.));
#14501=DIRECTION('',(-1.,-4.04133443718627E-32,-1.83697019872103E-16));
#14502=DIRECTION('',(-1.83697019872103E-16,0.,1.));
#14503=DIRECTION('',(0.,1.,-2.2E-16));
#14504=DIRECTION('',(1.,0.,0.));
#14505=DIRECTION('',(0.,2.2E-16,1.));
#14506=DIRECTION('',(0.,-1.,2.2E-16));
#14507=DIRECTION('',(0.,-2.2E-16,-1.));
#14508=DIRECTION('',(-1.,0.,0.));
#14509=DIRECTION('',(0.,-2.2E-16,-1.));
#14510=DIRECTION('',(0.,1.,-2.2E-16));
#14511=DIRECTION('',(0.,0.,-1.));
#14512=DIRECTION('',(-1.,0.,0.));
#14513=DIRECTION('',(0.,0.,1.));
#14514=DIRECTION('',(1.,0.,0.));
#14515=DIRECTION('',(0.,0.,1.));
#14516=DIRECTION('',(1.,0.,0.));
#14517=DIRECTION('',(0.,2.2E-16,1.));
#14518=DIRECTION('',(1.,0.,0.));
#14519=DIRECTION('',(1.22464679914735E-16,-2.2E-16,-1.));
#14520=DIRECTION('',(0.,1.,-2.2E-16));
#14521=DIRECTION('',(0.,2.2E-16,1.));
#14522=DIRECTION('',(0.,-1.,2.2E-16));
#14523=DIRECTION('',(0.,1.,-2.2E-16));
#14524=DIRECTION('',(1.,0.,0.));
#14525=DIRECTION('',(-1.,-4.04133443718627E-32,-1.83697019872103E-16));
#14526=DIRECTION('',(-1.83697019872103E-16,0.,1.));
#14527=DIRECTION('',(1.,0.,0.));
#14528=DIRECTION('',(0.,-2.2E-16,-1.));
#14529=DIRECTION('',(-1.,-4.04133443718627E-32,-1.83697019872103E-16));
#14530=DIRECTION('',(-1.83697019872103E-16,0.,1.));
#14531=DIRECTION('',(0.,1.,-2.2E-16));
#14532=DIRECTION('',(1.,0.,0.));
#14533=DIRECTION('',(0.,2.2E-16,1.));
#14534=DIRECTION('',(0.,-1.,2.2E-16));
#14535=DIRECTION('',(0.,-2.2E-16,-1.));
#14536=DIRECTION('',(-1.,0.,0.));
#14537=DIRECTION('',(0.,-2.2E-16,-1.));
#14538=DIRECTION('',(0.,1.,-2.2E-16));
#14539=DIRECTION('',(0.,0.,-1.));
#14540=DIRECTION('',(-1.,0.,0.));
#14541=DIRECTION('',(0.,0.,1.));
#14542=DIRECTION('',(1.,0.,0.));
#14543=DIRECTION('',(0.,0.,1.));
#14544=DIRECTION('',(1.,0.,0.));
#14545=DIRECTION('',(1.,0.,0.));
#14546=DIRECTION('',(0.,9.92044604925E-16,1.));
#14547=DIRECTION('',(1.,0.,0.));
#14548=DIRECTION('',(0.,0.,-1.));
#14549=DIRECTION('',(1.,0.,0.));
#14550=DIRECTION('',(0.,0.,-1.));
#14551=DIRECTION('',(1.,0.,0.));
#14552=DIRECTION('',(0.,1.002044604925E-15,1.));
#14553=DIRECTION('',(1.,0.,0.));
#14554=DIRECTION('',(0.,0.,-1.));
#14555=DIRECTION('',(1.,0.,0.));
#14556=DIRECTION('',(0.,9.92044604925E-16,1.));
#14557=DIRECTION('',(1.,0.,0.));
#14558=DIRECTION('',(0.,0.,-1.));
#14559=DIRECTION('',(1.,0.,0.));
#14560=DIRECTION('',(0.,1.002044604925E-15,1.));
#14561=DIRECTION('',(1.,0.,0.));
#14562=DIRECTION('',(0.,0.,-1.));
#14563=DIRECTION('',(1.,0.,0.));
#14564=DIRECTION('',(0.,1.002044604925E-15,1.));
#14565=DIRECTION('',(-1.,0.,0.));
#14566=DIRECTION('',(0.,0.,1.));
#14567=DIRECTION('',(-1.,0.,0.));
#14568=DIRECTION('',(0.,1.002044604925E-15,1.));
#14569=DIRECTION('',(-1.,0.,0.));
#14570=DIRECTION('',(0.,0.,1.));
#14571=DIRECTION('',(-1.,0.,0.));
#14572=DIRECTION('',(0.,1.002044604925E-15,1.));
#14573=DIRECTION('',(-1.,0.,0.));
#14574=DIRECTION('',(0.,0.,1.));
#14575=DIRECTION('',(1.,0.,0.));
#14576=DIRECTION('',(0.,1.002044604925E-15,1.));
#14577=DIRECTION('',(1.,0.,0.));
#14578=DIRECTION('',(0.,1.002044604925E-15,1.));
#14579=DIRECTION('',(0.,0.,1.));
#14580=DIRECTION('',(1.,0.,0.));
#14581=DIRECTION('',(0.,2.2E-16,1.));
#14582=DIRECTION('',(1.,0.,0.));
#14583=DIRECTION('',(1.22464679914735E-16,-2.2E-16,-1.));
#14584=DIRECTION('',(0.,1.,-2.2E-16));
#14585=DIRECTION('',(0.,2.2E-16,1.));
#14586=DIRECTION('',(0.,-1.,2.2E-16));
#14587=DIRECTION('',(0.,1.,-2.2E-16));
#14588=DIRECTION('',(1.,0.,0.));
#14589=DIRECTION('',(-1.,-4.04133443718627E-32,-1.83697019872103E-16));
#14590=DIRECTION('',(-1.83697019872103E-16,0.,1.));
#14591=DIRECTION('',(1.,0.,0.));
#14592=DIRECTION('',(0.,-2.2E-16,-1.));
#14593=DIRECTION('',(-1.,-4.04133443718627E-32,-1.83697019872103E-16));
#14594=DIRECTION('',(-1.83697019872103E-16,0.,1.));
#14595=DIRECTION('',(0.,1.,-2.2E-16));
#14596=DIRECTION('',(1.,0.,0.));
#14597=DIRECTION('',(0.,2.2E-16,1.));
#14598=DIRECTION('',(0.,-1.,2.2E-16));
#14599=DIRECTION('',(0.,-2.2E-16,-1.));
#14600=DIRECTION('',(-1.,0.,0.));
#14601=DIRECTION('',(0.,-2.2E-16,-1.));
#14602=DIRECTION('',(0.,1.,-2.2E-16));
#14603=DIRECTION('',(0.,0.,-1.));
#14604=DIRECTION('',(-1.,0.,0.));
#14605=DIRECTION('',(0.,0.,1.));
#14606=DIRECTION('',(1.,0.,0.));
#14607=DIRECTION('',(0.,0.,1.));
#14608=DIRECTION('',(1.,0.,0.));
#14609=DIRECTION('',(0.,0.,-1.));
#14610=DIRECTION('',(-6.42331427561399E-8,1.,0.));
#14611=DIRECTION('',(0.,0.,-1.));
#14612=DIRECTION('',(0.,0.,-1.));
#14613=DIRECTION('',(-1.,0.,0.));
#14614=DIRECTION('',(0.,0.,-1.));
#14615=DIRECTION('',(0.,0.,-1.));
#14616=DIRECTION('',(-1.,0.,0.));
#14617=DIRECTION('',(0.,1.,0.));
#14618=DIRECTION('',(1.,0.,0.));
#14619=DIRECTION('',(0.,0.,-1.));
#14620=DIRECTION('',(1.,0.,0.));
#14621=DIRECTION('',(1.,0.,0.));
#14622=DIRECTION('',(1.,0.,0.));
#14623=DIRECTION('',(0.,-1.,0.));
#14624=DIRECTION('',(0.,-1.,0.));
#14625=DIRECTION('',(0.,0.,-1.));
#14626=DIRECTION('',(0.,1.,0.));
#14627=DIRECTION('',(0.,0.,1.));
#14628=DIRECTION('',(1.,0.,0.));
#14629=DIRECTION('',(0.,0.,-1.));
#14630=DIRECTION('',(-1.,0.,0.));
#14631=DIRECTION('',(1.,0.,0.));
#14632=DIRECTION('',(0.,0.,-1.));
#14633=DIRECTION('',(-1.,0.,0.));
#14634=DIRECTION('',(0.,1.,0.));
#14635=DIRECTION('',(0.,0.,-1.));
#14636=DIRECTION('',(-1.,0.,0.));
#14637=DIRECTION('',(0.,0.,-1.));
#14638=DIRECTION('',(-1.,0.,0.));
#14639=DIRECTION('',(0.,0.,-1.));
#14640=DIRECTION('',(-1.,0.,0.));
#14641=DIRECTION('',(0.,0.,-1.));
#14642=DIRECTION('',(-1.,0.,0.));
#14643=DIRECTION('',(0.,0.,-1.));
#14644=DIRECTION('',(-1.,0.,0.));
#14645=DIRECTION('',(0.,0.,-1.));
#14646=DIRECTION('',(-1.,0.,0.));
#14647=DIRECTION('',(0.,0.,-1.));
#14648=DIRECTION('',(-1.,0.,0.));
#14649=DIRECTION('',(0.,0.,-1.));
#14650=DIRECTION('',(-1.,0.,0.));
#14651=DIRECTION('',(0.,0.,-1.));
#14652=DIRECTION('',(-1.,0.,0.));
#14653=DIRECTION('',(0.,0.,-1.));
#14654=DIRECTION('',(-1.,0.,0.));
#14655=DIRECTION('',(0.,0.,-1.));
#14656=DIRECTION('',(-1.,0.,0.));
#14657=DIRECTION('',(0.,0.,-1.));
#14658=DIRECTION('',(-1.,0.,0.));
#14659=DIRECTION('',(0.,0.,-1.));
#14660=DIRECTION('',(-1.,0.,0.));
#14661=DIRECTION('',(0.,0.,-1.));
#14662=DIRECTION('',(-1.,0.,0.));
#14663=DIRECTION('',(0.,0.,-1.));
#14664=DIRECTION('',(-1.,0.,0.));
#14665=DIRECTION('',(0.,0.,-1.));
#14666=DIRECTION('',(-1.,0.,0.));
#14667=DIRECTION('',(0.,0.,-1.));
#14668=DIRECTION('',(-1.,0.,0.));
#14669=DIRECTION('',(0.,0.,-1.));
#14670=DIRECTION('',(-1.,0.,0.));
#14671=DIRECTION('',(0.,0.,-1.));
#14672=DIRECTION('',(-1.,0.,0.));
#14673=DIRECTION('',(0.,0.,-1.));
#14674=DIRECTION('',(-1.,0.,0.));
#14675=DIRECTION('',(0.,0.,-1.));
#14676=DIRECTION('',(-1.,0.,0.));
#14677=DIRECTION('',(0.,0.,-1.));
#14678=DIRECTION('',(-1.,0.,0.));
#14679=DIRECTION('',(0.,0.,-1.));
#14680=DIRECTION('',(-1.,0.,0.));
#14681=DIRECTION('',(0.,0.,-1.));
#14682=DIRECTION('',(-1.,0.,0.));
#14683=DIRECTION('',(0.,0.,-1.));
#14684=DIRECTION('',(-1.,0.,0.));
#14685=DIRECTION('',(0.,0.,-1.));
#14686=DIRECTION('',(-1.,0.,0.));
#14687=DIRECTION('',(0.,0.,-1.));
#14688=DIRECTION('',(-1.,0.,0.));
#14689=DIRECTION('',(0.,0.,-1.));
#14690=DIRECTION('',(-1.,0.,0.));
#14691=DIRECTION('',(0.,0.,-1.));
#14692=DIRECTION('',(-1.,0.,0.));
#14693=DIRECTION('',(0.,0.,-1.));
#14694=DIRECTION('',(-1.,0.,0.));
#14695=DIRECTION('',(0.,0.,-1.));
#14696=DIRECTION('',(-1.,0.,0.));
#14697=DIRECTION('',(0.,0.,-1.));
#14698=DIRECTION('',(-1.,0.,0.));
#14699=DIRECTION('',(0.,0.,-1.));
#14700=DIRECTION('',(-1.,0.,0.));
#14701=DIRECTION('',(0.,0.,-1.));
#14702=DIRECTION('',(-1.,0.,0.));
#14703=DIRECTION('',(0.,0.,-1.));
#14704=DIRECTION('',(-1.,0.,0.));
#14705=DIRECTION('',(0.,0.,-1.));
#14706=DIRECTION('',(-1.,0.,0.));
#14707=DIRECTION('',(0.,0.,-1.));
#14708=DIRECTION('',(-1.,0.,0.));
#14709=DIRECTION('',(0.,0.,-1.));
#14710=DIRECTION('',(-1.,0.,0.));
#14711=DIRECTION('',(0.,0.,-1.));
#14712=DIRECTION('',(-1.,0.,0.));
#14713=DIRECTION('',(0.,0.,-1.));
#14714=DIRECTION('',(-1.,0.,0.));
#14715=DIRECTION('',(0.,0.,-1.));
#14716=DIRECTION('',(-1.,0.,0.));
#14717=DIRECTION('',(0.,0.,-1.));
#14718=DIRECTION('',(-1.,0.,0.));
#14719=DIRECTION('',(0.,0.,-1.));
#14720=DIRECTION('',(-1.,0.,0.));
#14721=DIRECTION('',(0.,0.,-1.));
#14722=DIRECTION('',(-1.,0.,0.));
#14723=DIRECTION('',(0.,0.,-1.));
#14724=DIRECTION('',(-1.,0.,0.));
#14725=DIRECTION('',(0.,0.,-1.));
#14726=DIRECTION('',(-1.,0.,0.));
#14727=DIRECTION('',(0.,0.,-1.));
#14728=DIRECTION('',(-1.,0.,0.));
#14729=DIRECTION('',(0.,0.,-1.));
#14730=DIRECTION('',(-1.,0.,0.));
#14731=DIRECTION('',(0.,0.,-1.));
#14732=DIRECTION('',(-1.,0.,0.));
#14733=DIRECTION('',(0.,0.,-1.));
#14734=DIRECTION('',(-1.,0.,0.));
#14735=DIRECTION('',(0.,0.,-1.));
#14736=DIRECTION('',(-1.,0.,0.));
#14737=DIRECTION('',(0.,0.,-1.));
#14738=DIRECTION('',(-1.,0.,0.));
#14739=DIRECTION('',(0.,0.,-1.));
#14740=DIRECTION('',(-1.,0.,0.));
#14741=DIRECTION('',(0.,0.,-1.));
#14742=DIRECTION('',(-1.,0.,0.));
#14743=DIRECTION('',(0.,0.,-1.));
#14744=DIRECTION('',(-1.,0.,0.));
#14745=DIRECTION('',(0.,0.,-1.));
#14746=DIRECTION('',(-1.,0.,0.));
#14747=DIRECTION('',(0.,0.,-1.));
#14748=DIRECTION('',(-1.,0.,0.));
#14749=DIRECTION('',(0.,0.,-1.));
#14750=DIRECTION('',(-1.,0.,0.));
#14751=DIRECTION('',(0.,0.,-1.));
#14752=DIRECTION('',(-1.,0.,0.));
#14753=DIRECTION('',(0.,0.,-1.));
#14754=DIRECTION('',(-1.,0.,0.));
#14755=DIRECTION('',(0.,0.,-1.));
#14756=DIRECTION('',(-1.,0.,0.));
#14757=DIRECTION('',(0.,0.,-1.));
#14758=DIRECTION('',(-1.,0.,0.));
#14759=DIRECTION('',(0.,0.,-1.));
#14760=DIRECTION('',(-1.,0.,0.));
#14761=DIRECTION('',(0.,0.,-1.));
#14762=DIRECTION('',(-1.,0.,0.));
#14763=DIRECTION('',(0.,0.,-1.));
#14764=DIRECTION('',(-1.,0.,0.));
#14765=DIRECTION('',(0.,0.,-1.));
#14766=DIRECTION('',(-1.,0.,0.));
#14767=DIRECTION('',(0.,0.,-1.));
#14768=DIRECTION('',(-1.,0.,0.));
#14769=DIRECTION('',(0.,0.,-1.));
#14770=DIRECTION('',(-1.,0.,0.));
#14771=DIRECTION('',(0.,0.,-1.));
#14772=DIRECTION('',(-1.,0.,0.));
#14773=DIRECTION('',(0.,0.,-1.));
#14774=DIRECTION('',(-1.,0.,0.));
#14775=DIRECTION('',(0.,0.,-1.));
#14776=DIRECTION('',(-1.,0.,0.));
#14777=DIRECTION('',(0.,0.,-1.));
#14778=DIRECTION('',(-1.,0.,0.));
#14779=DIRECTION('',(0.,0.,-1.));
#14780=DIRECTION('',(-1.,0.,0.));
#14781=DIRECTION('',(0.,0.,-1.));
#14782=DIRECTION('',(-1.,0.,0.));
#14783=DIRECTION('',(0.,0.,-1.));
#14784=DIRECTION('',(-1.,0.,0.));
#14785=DIRECTION('',(0.,0.,-1.));
#14786=DIRECTION('',(-1.,0.,0.));
#14787=DIRECTION('',(0.,0.,-1.));
#14788=DIRECTION('',(-1.,0.,0.));
#14789=DIRECTION('',(0.,0.,-1.));
#14790=DIRECTION('',(-1.,0.,0.));
#14791=DIRECTION('',(0.,0.,-1.));
#14792=DIRECTION('',(-1.,0.,0.));
#14793=DIRECTION('',(0.,0.,-1.));
#14794=DIRECTION('',(-1.,0.,0.));
#14795=DIRECTION('',(0.,0.,-1.));
#14796=DIRECTION('',(-1.,0.,0.));
#14797=DIRECTION('',(0.,0.,-1.));
#14798=DIRECTION('',(-1.,0.,0.));
#14799=DIRECTION('',(0.,0.,-1.));
#14800=DIRECTION('',(-1.,0.,0.));
#14801=DIRECTION('',(0.,0.,-1.));
#14802=DIRECTION('',(-1.,0.,0.));
#14803=DIRECTION('',(0.,0.,-1.));
#14804=DIRECTION('',(-1.,0.,0.));
#14805=DIRECTION('',(0.,0.,-1.));
#14806=DIRECTION('',(-1.,0.,0.));
#14807=DIRECTION('',(0.,0.,-1.));
#14808=DIRECTION('',(-1.,0.,0.));
#14809=DIRECTION('',(0.,0.,-1.));
#14810=DIRECTION('',(-1.,0.,0.));
#14811=DIRECTION('',(0.,0.,-1.));
#14812=DIRECTION('',(-1.,0.,0.));
#14813=DIRECTION('',(0.,0.,-1.));
#14814=DIRECTION('',(-1.,0.,0.));
#14815=DIRECTION('',(0.,0.,-1.));
#14816=DIRECTION('',(-1.,0.,0.));
#14817=DIRECTION('',(0.,0.,-1.));
#14818=DIRECTION('',(-1.,0.,0.));
#14819=DIRECTION('',(0.,0.,1.));
#14820=DIRECTION('',(1.,0.,0.));
#14821=DIRECTION('',(0.,0.,-1.));
#14822=DIRECTION('',(-1.,0.,0.));
#14823=DIRECTION('',(0.,1.,0.));
#14824=DIRECTION('',(0.,0.,-1.));
#14825=DIRECTION('',(-1.,0.,0.));
#14826=DIRECTION('',(-1.,0.,0.));
#14827=DIRECTION('',(0.,0.,-1.));
#14828=DIRECTION('',(-1.,0.,0.));
#14829=DIRECTION('',(0.,0.,-1.));
#14830=DIRECTION('',(-1.,0.,0.));
#14831=DIRECTION('',(0.,0.,-1.));
#14832=DIRECTION('',(-1.,0.,0.));
#14833=DIRECTION('',(0.,0.,-1.));
#14834=DIRECTION('',(-1.,0.,0.));
#14835=DIRECTION('',(0.,0.,-1.));
#14836=DIRECTION('',(-1.,0.,0.));
#14837=DIRECTION('',(0.,0.,-1.));
#14838=DIRECTION('',(-1.,0.,0.));
#14839=DIRECTION('',(0.,0.,-1.));
#14840=DIRECTION('',(-1.,0.,0.));
#14841=DIRECTION('',(0.,0.,-1.));
#14842=DIRECTION('',(-1.,0.,0.));
#14843=DIRECTION('',(0.,0.,-1.));
#14844=DIRECTION('',(-1.,0.,0.));
#14845=DIRECTION('',(0.,0.,-1.));
#14846=DIRECTION('',(-1.,0.,0.));
#14847=DIRECTION('',(0.,0.,-1.));
#14848=DIRECTION('',(-1.,0.,0.));
#14849=DIRECTION('',(0.,0.,-1.));
#14850=DIRECTION('',(-1.,0.,0.));
#14851=DIRECTION('',(0.,0.,-1.));
#14852=DIRECTION('',(-1.,0.,0.));
#14853=DIRECTION('',(0.,0.,-1.));
#14854=DIRECTION('',(-1.,0.,0.));
#14855=DIRECTION('',(0.,0.,-1.));
#14856=DIRECTION('',(-1.,0.,0.));
#14857=DIRECTION('',(0.,0.,-1.));
#14858=DIRECTION('',(-1.,0.,0.));
#14859=DIRECTION('',(0.,0.,-1.));
#14860=DIRECTION('',(-1.,0.,0.));
#14861=DIRECTION('',(0.,0.,-1.));
#14862=DIRECTION('',(-1.,0.,0.));
#14863=DIRECTION('',(0.,0.,-1.));
#14864=DIRECTION('',(-1.,0.,0.));
#14865=DIRECTION('',(0.,0.,-1.));
#14866=DIRECTION('',(-1.,0.,0.));
#14867=DIRECTION('',(0.,0.,-1.));
#14868=DIRECTION('',(-1.,0.,0.));
#14869=DIRECTION('',(0.,0.,-1.));
#14870=DIRECTION('',(-1.,0.,0.));
#14871=DIRECTION('',(0.,0.,-1.));
#14872=DIRECTION('',(-1.,0.,0.));
#14873=DIRECTION('',(0.,0.,-1.));
#14874=DIRECTION('',(-1.,0.,0.));
#14875=DIRECTION('',(0.,0.,-1.));
#14876=DIRECTION('',(-1.,0.,0.));
#14877=DIRECTION('',(0.,0.,-1.));
#14878=DIRECTION('',(-1.,0.,0.));
#14879=DIRECTION('',(0.,0.,-1.));
#14880=DIRECTION('',(-1.,0.,0.));
#14881=DIRECTION('',(0.,0.,-1.));
#14882=DIRECTION('',(-1.,0.,0.));
#14883=DIRECTION('',(0.,0.,-1.));
#14884=DIRECTION('',(-1.,0.,0.));
#14885=DIRECTION('',(0.,0.,-1.));
#14886=DIRECTION('',(-1.,0.,0.));
#14887=DIRECTION('',(0.,0.,-1.));
#14888=DIRECTION('',(-1.,0.,0.));
#14889=DIRECTION('',(0.,0.,-1.));
#14890=DIRECTION('',(-1.,0.,0.));
#14891=DIRECTION('',(0.,0.,-1.));
#14892=DIRECTION('',(-1.,0.,0.));
#14893=DIRECTION('',(0.,0.,-1.));
#14894=DIRECTION('',(-1.,0.,0.));
#14895=DIRECTION('',(0.,0.,-1.));
#14896=DIRECTION('',(-1.,0.,0.));
#14897=DIRECTION('',(0.,0.,-1.));
#14898=DIRECTION('',(-1.,0.,0.));
#14899=DIRECTION('',(0.,0.,-1.));
#14900=DIRECTION('',(-1.,0.,0.));
#14901=DIRECTION('',(0.,0.,-1.));
#14902=DIRECTION('',(-1.,0.,0.));
#14903=DIRECTION('',(0.,0.,-1.));
#14904=DIRECTION('',(-1.,0.,0.));
#14905=DIRECTION('',(0.,0.,-1.));
#14906=DIRECTION('',(-1.,0.,0.));
#14907=DIRECTION('',(0.,0.,-1.));
#14908=DIRECTION('',(-1.,0.,0.));
#14909=DIRECTION('',(0.,0.,-1.));
#14910=DIRECTION('',(-1.,0.,0.));
#14911=DIRECTION('',(0.,0.,-1.));
#14912=DIRECTION('',(-1.,0.,0.));
#14913=DIRECTION('',(0.,0.,-1.));
#14914=DIRECTION('',(-1.,0.,0.));
#14915=DIRECTION('',(0.,0.,-1.));
#14916=DIRECTION('',(-1.,0.,0.));
#14917=DIRECTION('',(0.,0.,-1.));
#14918=DIRECTION('',(-1.,0.,0.));
#14919=DIRECTION('',(0.,0.,-1.));
#14920=DIRECTION('',(-1.,0.,0.));
#14921=DIRECTION('',(0.,0.,-1.));
#14922=DIRECTION('',(-1.,0.,0.));
#14923=DIRECTION('',(0.,0.,-1.));
#14924=DIRECTION('',(-1.,0.,0.));
#14925=DIRECTION('',(0.,0.,-1.));
#14926=DIRECTION('',(-1.,0.,0.));
#14927=DIRECTION('',(0.,0.,-1.));
#14928=DIRECTION('',(-1.,0.,0.));
#14929=DIRECTION('',(0.,0.,-1.));
#14930=DIRECTION('',(-1.,0.,0.));
#14931=DIRECTION('',(0.,0.,-1.));
#14932=DIRECTION('',(-1.,0.,0.));
#14933=DIRECTION('',(0.,0.,-1.));
#14934=DIRECTION('',(-1.,0.,0.));
#14935=DIRECTION('',(0.,0.,-1.));
#14936=DIRECTION('',(-1.,0.,0.));
#14937=DIRECTION('',(0.,0.,-1.));
#14938=DIRECTION('',(-1.,0.,0.));
#14939=DIRECTION('',(0.,0.,-1.));
#14940=DIRECTION('',(-1.,0.,0.));
#14941=DIRECTION('',(0.,0.,-1.));
#14942=DIRECTION('',(-1.,0.,0.));
#14943=DIRECTION('',(0.,0.,-1.));
#14944=DIRECTION('',(-1.,0.,0.));
#14945=DIRECTION('',(0.,0.,-1.));
#14946=DIRECTION('',(-1.,0.,0.));
#14947=DIRECTION('',(0.,0.,-1.));
#14948=DIRECTION('',(-1.,0.,0.));
#14949=DIRECTION('',(0.,0.,-1.));
#14950=DIRECTION('',(-1.,0.,0.));
#14951=DIRECTION('',(0.,0.,-1.));
#14952=DIRECTION('',(-1.,0.,0.));
#14953=DIRECTION('',(0.,0.,-1.));
#14954=DIRECTION('',(-1.,0.,0.));
#14955=DIRECTION('',(0.,0.,-1.));
#14956=DIRECTION('',(-1.,0.,0.));
#14957=DIRECTION('',(0.,0.,-1.));
#14958=DIRECTION('',(-1.,0.,0.));
#14959=DIRECTION('',(0.,0.,-1.));
#14960=DIRECTION('',(-1.,0.,0.));
#14961=DIRECTION('',(0.,0.,-1.));
#14962=DIRECTION('',(-1.,0.,0.));
#14963=DIRECTION('',(0.,0.,-1.));
#14964=DIRECTION('',(-1.,0.,0.));
#14965=DIRECTION('',(0.,0.,-1.));
#14966=DIRECTION('',(-1.,0.,0.));
#14967=DIRECTION('',(0.,0.,-1.));
#14968=DIRECTION('',(-1.,0.,0.));
#14969=DIRECTION('',(0.,0.,-1.));
#14970=DIRECTION('',(-1.,0.,0.));
#14971=DIRECTION('',(0.,0.,-1.));
#14972=DIRECTION('',(-1.,0.,0.));
#14973=DIRECTION('',(0.,0.,-1.));
#14974=DIRECTION('',(-1.,0.,0.));
#14975=DIRECTION('',(0.,0.,-1.));
#14976=DIRECTION('',(-1.,0.,0.));
#14977=DIRECTION('',(0.,0.,-1.));
#14978=DIRECTION('',(-1.,0.,0.));
#14979=DIRECTION('',(0.,0.,-1.));
#14980=DIRECTION('',(-1.,0.,0.));
#14981=DIRECTION('',(0.,0.,-1.));
#14982=DIRECTION('',(-1.,0.,0.));
#14983=DIRECTION('',(0.,0.,-1.));
#14984=DIRECTION('',(-1.,0.,0.));
#14985=DIRECTION('',(0.,0.,-1.));
#14986=DIRECTION('',(-1.,0.,0.));
#14987=DIRECTION('',(0.,0.,-1.));
#14988=DIRECTION('',(-1.,0.,0.));
#14989=DIRECTION('',(0.,0.,-1.));
#14990=DIRECTION('',(-1.,0.,0.));
#14991=DIRECTION('',(0.,0.,-1.));
#14992=DIRECTION('',(-1.,0.,0.));
#14993=DIRECTION('',(0.,0.,-1.));
#14994=DIRECTION('',(-1.,0.,0.));
#14995=DIRECTION('',(0.,0.,-1.));
#14996=DIRECTION('',(-1.,0.,0.));
#14997=DIRECTION('',(0.,0.,-1.));
#14998=DIRECTION('',(-1.,0.,0.));
#14999=DIRECTION('',(0.,0.,-1.));
#15000=DIRECTION('',(-1.,0.,0.));
#15001=DIRECTION('',(0.,0.,-1.));
#15002=DIRECTION('',(-1.,0.,0.));
#15003=DIRECTION('',(0.,0.,-1.));
#15004=DIRECTION('',(-1.,0.,0.));
#15005=DIRECTION('',(0.,0.,-1.));
#15006=DIRECTION('',(-1.,0.,0.));
#15007=DIRECTION('',(0.,0.,-1.));
#15008=DIRECTION('',(-1.,0.,0.));
#15009=DIRECTION('',(0.,0.,-1.));
#15010=DIRECTION('',(-1.,0.,0.));
#15011=DIRECTION('',(0.,0.,-1.));
#15012=DIRECTION('',(-1.,-6.42331434666799E-8,0.));
#15013=DIRECTION('',(0.,0.,-1.));
#15014=DIRECTION('',(0.,0.,-1.));
#15015=DIRECTION('',(1.,6.42331441772199E-8,0.));
#15016=DIRECTION('',(0.,0.,-1.));
#15017=DIRECTION('',(-1.,0.,0.));
#15018=DIRECTION('',(0.,1.,0.));
#15019=DIRECTION('',(0.,0.,-1.));
#15020=DIRECTION('',(0.,-1.,0.));
#15021=DIRECTION('',(-1.,0.,0.));
#15022=DIRECTION('',(0.,0.,-1.));
#15023=DIRECTION('',(0.,0.,-1.));
#15024=DIRECTION('',(6.42331427561399E-8,-1.,0.));
#15025=DIRECTION('',(0.,0.,-1.));
#15026=DIRECTION('',(0.,-1.,0.));
#15027=DIRECTION('',(0.,0.,-1.));
#15028=DIRECTION('',(0.,-1.,0.));
#15029=DIRECTION('',(0.,0.,-1.));
#15030=DIRECTION('',(0.,-1.,0.));
#15031=DIRECTION('',(0.,0.,-1.));
#15032=DIRECTION('',(0.,-1.,0.));
#15033=DIRECTION('',(0.,0.,-1.));
#15034=DIRECTION('',(0.,-1.,0.));
#15035=DIRECTION('',(0.,0.,-1.));
#15036=DIRECTION('',(0.,-1.,0.));
#15037=DIRECTION('',(0.,0.,-1.));
#15038=DIRECTION('',(3.5527136788E-14,-1.,0.));
#15039=DIRECTION('',(0.,0.,-1.));
#15040=DIRECTION('',(0.,-1.,0.));
#15041=DIRECTION('',(0.,0.,-1.));
#15042=DIRECTION('',(0.,-1.,0.));
#15043=DIRECTION('',(0.,0.,-1.));
#15044=DIRECTION('',(0.,-1.,0.));
#15045=DIRECTION('',(0.,0.,-1.));
#15046=DIRECTION('',(0.,-1.,0.));
#15047=DIRECTION('',(0.,0.,-1.));
#15048=DIRECTION('',(0.,-1.,0.));
#15049=DIRECTION('',(0.,0.,-1.));
#15050=DIRECTION('',(0.,-1.,0.));
#15051=DIRECTION('',(0.,0.,-1.));
#15052=DIRECTION('',(0.,-1.,0.));
#15053=DIRECTION('',(0.,0.,-1.));
#15054=DIRECTION('',(1.671865260612E-14,-1.,0.));
#15055=DIRECTION('',(0.,0.,-1.));
#15056=DIRECTION('',(0.,-1.,0.));
#15057=DIRECTION('',(0.,0.,-1.));
#15058=DIRECTION('',(0.,-1.,0.));
#15059=DIRECTION('',(0.,0.,-1.));
#15060=DIRECTION('',(0.,-1.,0.));
#15061=DIRECTION('',(0.,0.,-1.));
#15062=DIRECTION('',(0.,-1.,0.));
#15063=DIRECTION('',(0.,0.,-1.));
#15064=DIRECTION('',(0.,-1.,0.));
#15065=DIRECTION('',(0.,0.,-1.));
#15066=DIRECTION('',(3.5527136788E-14,-1.,0.));
#15067=DIRECTION('',(0.,0.,-1.));
#15068=DIRECTION('',(0.,-1.,0.));
#15069=DIRECTION('',(0.,0.,-1.));
#15070=DIRECTION('',(0.,-1.,0.));
#15071=DIRECTION('',(0.,0.,-1.));
#15072=DIRECTION('',(0.,-1.,0.));
#15073=DIRECTION('',(0.,0.,-1.));
#15074=DIRECTION('',(0.,-1.,0.));
#15075=DIRECTION('',(0.,0.,-1.));
#15076=DIRECTION('',(1.671865260612E-14,-1.,0.));
#15077=DIRECTION('',(0.,0.,-1.));
#15078=DIRECTION('',(0.,-1.,0.));
#15079=DIRECTION('',(0.,0.,-1.));
#15080=DIRECTION('',(0.,-1.,0.));
#15081=DIRECTION('',(0.,0.,-1.));
#15082=DIRECTION('',(0.,-1.,0.));
#15083=DIRECTION('',(0.,0.,-1.));
#15084=DIRECTION('',(0.,-1.,0.));
#15085=DIRECTION('',(0.,0.,-1.));
#15086=DIRECTION('',(0.,-1.,0.));
#15087=DIRECTION('',(0.,0.,-1.));
#15088=DIRECTION('',(0.,-1.,0.));
#15089=DIRECTION('',(0.,0.,-1.));
#15090=DIRECTION('',(-3.552713678801E-14,-1.,0.));
#15091=DIRECTION('',(0.,0.,-1.));
#15092=DIRECTION('',(0.,-1.,0.));
#15093=DIRECTION('',(0.,0.,-1.));
#15094=DIRECTION('',(-1.671865260612E-14,-1.,0.));
#15095=DIRECTION('',(0.,0.,-1.));
#15096=DIRECTION('',(0.,-1.,0.));
#15097=DIRECTION('',(0.,0.,-1.));
#15098=DIRECTION('',(0.,-1.,0.));
#15099=DIRECTION('',(0.,0.,-1.));
#15100=DIRECTION('',(0.,-1.,0.));
#15101=DIRECTION('',(0.,0.,-1.));
#15102=DIRECTION('',(0.,-1.,0.));
#15103=DIRECTION('',(0.,0.,-1.));
#15104=DIRECTION('',(0.,-1.,0.));
#15105=DIRECTION('',(0.,0.,-1.));
#15106=DIRECTION('',(0.,-1.,0.));
#15107=DIRECTION('',(0.,0.,-1.));
#15108=DIRECTION('',(0.,-1.,0.));
#15109=DIRECTION('',(0.,0.,-1.));
#15110=DIRECTION('',(0.,-1.,0.));
#15111=DIRECTION('',(0.,0.,-1.));
#15112=DIRECTION('',(-3.552713678801E-14,-1.,0.));
#15113=DIRECTION('',(0.,0.,-1.));
#15114=DIRECTION('',(0.,-1.,0.));
#15115=DIRECTION('',(0.,0.,-1.));
#15116=DIRECTION('',(-1.671865260612E-14,-1.,0.));
#15117=DIRECTION('',(0.,0.,-1.));
#15118=DIRECTION('',(0.,-1.,0.));
#15119=DIRECTION('',(0.,0.,-1.));
#15120=DIRECTION('',(0.,-1.,0.));
#15121=DIRECTION('',(0.,0.,-1.));
#15122=DIRECTION('',(0.,-1.,0.));
#15123=DIRECTION('',(0.,0.,-1.));
#15124=DIRECTION('',(0.,-1.,0.));
#15125=DIRECTION('',(0.,0.,-1.));
#15126=DIRECTION('',(0.,-1.,0.));
#15127=DIRECTION('',(0.,0.,-1.));
#15128=DIRECTION('',(0.,-1.,0.));
#15129=DIRECTION('',(0.,0.,-1.));
#15130=DIRECTION('',(0.,-1.,0.));
#15131=DIRECTION('',(0.,0.,-1.));
#15132=DIRECTION('',(0.,-1.,0.));
#15133=DIRECTION('',(0.,0.,-1.));
#15134=DIRECTION('',(0.,-1.,0.));
#15135=DIRECTION('',(0.,0.,-1.));
#15136=DIRECTION('',(0.,-1.,0.));
#15137=DIRECTION('',(0.,0.,-1.));
#15138=DIRECTION('',(3.5527136788E-14,-1.,0.));
#15139=DIRECTION('',(0.,0.,-1.));
#15140=DIRECTION('',(0.,-1.,0.));
#15141=DIRECTION('',(0.,0.,-1.));
#15142=DIRECTION('',(0.,-1.,0.));
#15143=DIRECTION('',(0.,0.,-1.));
#15144=DIRECTION('',(0.,-1.,0.));
#15145=DIRECTION('',(0.,0.,-1.));
#15146=DIRECTION('',(1.671865260612E-14,-1.,0.));
#15147=DIRECTION('',(0.,0.,-1.));
#15148=DIRECTION('',(0.,-1.,0.));
#15149=DIRECTION('',(0.,0.,-1.));
#15150=DIRECTION('',(0.,-1.,0.));
#15151=DIRECTION('',(0.,0.,-1.));
#15152=DIRECTION('',(0.,-1.,0.));
#15153=DIRECTION('',(0.,0.,-1.));
#15154=DIRECTION('',(0.,-1.,0.));
#15155=DIRECTION('',(0.,0.,-1.));
#15156=DIRECTION('',(0.,-1.,0.));
#15157=DIRECTION('',(0.,0.,-1.));
#15158=DIRECTION('',(0.,-1.,0.));
#15159=DIRECTION('',(0.,0.,-1.));
#15160=DIRECTION('',(0.,-1.,0.));
#15161=DIRECTION('',(0.,0.,-1.));
#15162=DIRECTION('',(0.,-1.,0.));
#15163=DIRECTION('',(0.,0.,-1.));
#15164=DIRECTION('',(0.,-1.,0.));
#15165=DIRECTION('',(0.,0.,-1.));
#15166=DIRECTION('',(0.,-1.,0.));
#15167=DIRECTION('',(0.,0.,-1.));
#15168=DIRECTION('',(0.,-1.,0.));
#15169=DIRECTION('',(0.,0.,-1.));
#15170=DIRECTION('',(0.,-1.,0.));
#15171=DIRECTION('',(0.,0.,-1.));
#15172=DIRECTION('',(-1.671865260612E-14,-1.,0.));
#15173=DIRECTION('',(0.,0.,-1.));
#15174=DIRECTION('',(-3.552713678801E-14,-1.,0.));
#15175=DIRECTION('',(0.,0.,-1.));
#15176=DIRECTION('',(0.,-1.,0.));
#15177=DIRECTION('',(0.,0.,-1.));
#15178=DIRECTION('',(0.,-1.,0.));
#15179=DIRECTION('',(0.,0.,-1.));
#15180=DIRECTION('',(0.,-1.,0.));
#15181=DIRECTION('',(0.,0.,-1.));
#15182=DIRECTION('',(0.,-1.,0.));
#15183=DIRECTION('',(0.,0.,-1.));
#15184=DIRECTION('',(0.,-1.,0.));
#15185=DIRECTION('',(0.,0.,-1.));
#15186=DIRECTION('',(0.,-1.,0.));
#15187=DIRECTION('',(0.,0.,-1.));
#15188=DIRECTION('',(-3.197042680585E-14,-1.,0.));
#15189=DIRECTION('',(0.,0.,-1.));
#15190=DIRECTION('',(-3.197042680585E-14,-1.,0.));
#15191=DIRECTION('',(0.,0.,-1.));
#15192=DIRECTION('',(0.,-1.,0.));
#15193=DIRECTION('',(0.,0.,-1.));
#15194=DIRECTION('',(-3.197042680585E-14,-1.,0.));
#15195=DIRECTION('',(0.,0.,-1.));
#15196=DIRECTION('',(-3.197042680585E-14,-1.,0.));
#15197=DIRECTION('',(0.,0.,-1.));
#15198=DIRECTION('',(-3.197042680585E-14,-1.,0.));
#15199=DIRECTION('',(0.,0.,-1.));
#15200=DIRECTION('',(-3.197042680585E-14,-1.,0.));
#15201=DIRECTION('',(0.,0.,-1.));
#15202=DIRECTION('',(-3.197042680585E-14,-1.,0.));
#15203=DIRECTION('',(0.,0.,-1.));
#15204=DIRECTION('',(0.,-1.,0.));
#15205=DIRECTION('',(0.,0.,-1.));
#15206=DIRECTION('',(0.,-1.,0.));
#15207=DIRECTION('',(0.,0.,1.));
#15208=DIRECTION('',(1.,0.,0.));
#15209=DIRECTION('',(0.,2.2E-16,1.));
#15210=DIRECTION('',(1.,0.,0.));
#15211=DIRECTION('',(1.22464679914735E-16,-2.2E-16,-1.));
#15212=DIRECTION('',(0.,1.,-2.2E-16));
#15213=DIRECTION('',(0.,2.2E-16,1.));
#15214=DIRECTION('',(0.,-1.,2.2E-16));
#15215=DIRECTION('',(0.,1.,-2.2E-16));
#15216=DIRECTION('',(1.,0.,0.));
#15217=DIRECTION('',(-1.,-4.04133443718627E-32,-1.83697019872103E-16));
#15218=DIRECTION('',(-1.83697019872103E-16,0.,1.));
#15219=DIRECTION('',(1.,0.,0.));
#15220=DIRECTION('',(0.,-2.2E-16,-1.));
#15221=DIRECTION('',(-1.,-4.04133443718627E-32,-1.83697019872103E-16));
#15222=DIRECTION('',(-1.83697019872103E-16,0.,1.));
#15223=DIRECTION('',(0.,1.,-2.2E-16));
#15224=DIRECTION('',(1.,0.,0.));
#15225=DIRECTION('',(0.,2.2E-16,1.));
#15226=DIRECTION('',(0.,-1.,2.2E-16));
#15227=DIRECTION('',(0.,-2.2E-16,-1.));
#15228=DIRECTION('',(-1.,0.,0.));
#15229=DIRECTION('',(0.,-2.2E-16,-1.));
#15230=DIRECTION('',(0.,1.,-2.2E-16));
#15231=DIRECTION('',(0.,0.,-1.));
#15232=DIRECTION('',(-1.,0.,0.));
#15233=DIRECTION('',(0.,0.,1.));
#15234=DIRECTION('',(1.,0.,0.));
#15235=DIRECTION('',(0.,0.,1.));
#15236=DIRECTION('',(1.,0.,0.));
#15237=DIRECTION('',(1.,0.,0.));
#15238=DIRECTION('',(0.,9.92044604925E-16,1.));
#15239=DIRECTION('',(1.,0.,0.));
#15240=DIRECTION('',(0.,0.,-1.));
#15241=DIRECTION('',(1.,0.,0.));
#15242=DIRECTION('',(0.,0.,-1.));
#15243=DIRECTION('',(1.,0.,0.));
#15244=DIRECTION('',(0.,1.002044604925E-15,1.));
#15245=DIRECTION('',(1.,0.,0.));
#15246=DIRECTION('',(0.,0.,-1.));
#15247=DIRECTION('',(1.,0.,0.));
#15248=DIRECTION('',(0.,9.92044604925E-16,1.));
#15249=DIRECTION('',(1.,0.,0.));
#15250=DIRECTION('',(0.,0.,-1.));
#15251=DIRECTION('',(1.,0.,0.));
#15252=DIRECTION('',(0.,1.002044604925E-15,1.));
#15253=DIRECTION('',(1.,0.,0.));
#15254=DIRECTION('',(0.,0.,-1.));
#15255=DIRECTION('',(1.,0.,0.));
#15256=DIRECTION('',(0.,1.002044604925E-15,1.));
#15257=DIRECTION('',(-1.,0.,0.));
#15258=DIRECTION('',(0.,0.,1.));
#15259=DIRECTION('',(-1.,0.,0.));
#15260=DIRECTION('',(0.,1.002044604925E-15,1.));
#15261=DIRECTION('',(-1.,0.,0.));
#15262=DIRECTION('',(0.,0.,1.));
#15263=DIRECTION('',(-1.,0.,0.));
#15264=DIRECTION('',(0.,1.002044604925E-15,1.));
#15265=DIRECTION('',(-1.,0.,0.));
#15266=DIRECTION('',(0.,0.,1.));
#15267=DIRECTION('',(1.,0.,0.));
#15268=DIRECTION('',(0.,1.002044604925E-15,1.));
#15269=DIRECTION('',(1.,0.,0.));
#15270=DIRECTION('',(0.,1.002044604925E-15,1.));
#15271=DIRECTION('',(0.,0.,1.));
#15272=DIRECTION('',(1.,0.,0.));
#15273=DIRECTION('',(0.,0.,1.));
#15274=DIRECTION('',(1.,0.,0.));
#15275=CARTESIAN_POINT('',(0.,0.,0.));
#15276=CARTESIAN_POINT('',(-0.0078,-0.0078,0.));
#15277=CARTESIAN_POINT('',(-0.0078,-0.0078,0.005));
#15278=CARTESIAN_POINT('',(-0.0078,-0.0078,0.005));
#15279=CARTESIAN_POINT('',(-0.0078,0.0078,0.005));
#15280=CARTESIAN_POINT('',(-0.0078,0.0078,0.));
#15281=CARTESIAN_POINT('',(-0.0078,0.0078,0.));
#15282=CARTESIAN_POINT('',(-0.0078,-0.0078,0.));
#15283=CARTESIAN_POINT('',(-0.0078,-0.0078,0.));
#15284=CARTESIAN_POINT('',(-0.0078,-0.0078,0.));
#15285=CARTESIAN_POINT('',(-0.0078,-0.0078,0.));
#15286=CARTESIAN_POINT('',(0.0078,-0.0078,0.));
#15287=CARTESIAN_POINT('',(0.0078,-0.0078,0.));
#15288=CARTESIAN_POINT('',(0.0078,-0.0078,0.005));
#15289=CARTESIAN_POINT('',(-0.0078,-0.0078,0.005));
#15290=CARTESIAN_POINT('',(-0.0078,-0.0078,0.));
#15291=CARTESIAN_POINT('',(-0.0078,-0.0078,0.005));
#15292=CARTESIAN_POINT('',(0.0078,-0.0078,0.005));
#15293=CARTESIAN_POINT('',(0.0078,0.0078,0.005));
#15294=CARTESIAN_POINT('',(-0.0078,0.0078,0.005));
#15295=CARTESIAN_POINT('',(-0.007,-0.0078,0.005));
#15296=CARTESIAN_POINT('',(-0.007,-0.007,0.005));
#15297=CARTESIAN_POINT('',(-0.007,0.007,0.005));
#15298=CARTESIAN_POINT('',(-0.0078,0.007,0.005));
#15299=CARTESIAN_POINT('',(0.007,0.007,0.005));
#15300=CARTESIAN_POINT('',(0.007,-0.007,0.005));
#15301=CARTESIAN_POINT('',(0.007,-0.007,0.005));
#15302=CARTESIAN_POINT('',(-0.007,-0.007,0.005));
#15303=CARTESIAN_POINT('',(-0.0078,0.0078,0.));
#15304=CARTESIAN_POINT('',(-0.0078,0.0078,0.));
#15305=CARTESIAN_POINT('',(0.0078,0.0078,0.));
#15306=CARTESIAN_POINT('',(0.0078,0.0078,0.));
#15307=CARTESIAN_POINT('',(-0.0078,-0.0078,0.));
#15308=CARTESIAN_POINT('',(0.0078,-0.0078,0.));
#15309=CARTESIAN_POINT('',(0.,0.,0.));
#15310=CARTESIAN_POINT('',(0.002,0.,0.));
#15311=CARTESIAN_POINT('',(0.0078,-0.0078,0.));
#15312=CARTESIAN_POINT('',(-0.007,-0.007,0.005));
#15313=CARTESIAN_POINT('',(-0.007,-0.007,0.0116));
#15314=CARTESIAN_POINT('',(-0.007,-0.007,0.0116));
#15315=CARTESIAN_POINT('',(-0.007,0.007,0.0116));
#15316=CARTESIAN_POINT('',(-0.007,0.007,0.005));
#15317=CARTESIAN_POINT('',(-0.007,-0.007,0.005));
#15318=CARTESIAN_POINT('',(-0.007,-0.007,0.005));
#15319=CARTESIAN_POINT('',(0.007,-0.007,0.005));
#15320=CARTESIAN_POINT('',(0.007,-0.007,0.0116));
#15321=CARTESIAN_POINT('',(-0.007,-0.007,0.0116));
#15322=CARTESIAN_POINT('',(0.007,-0.007,0.005));
#15323=CARTESIAN_POINT('',(0.007,0.007,0.005));
#15324=CARTESIAN_POINT('',(0.007,0.007,0.0116));
#15325=CARTESIAN_POINT('',(0.007,-0.007,0.0116));
#15326=CARTESIAN_POINT('',(-0.007,0.007,0.005));
#15327=CARTESIAN_POINT('',(-0.007,0.007,0.0116));
#15328=CARTESIAN_POINT('',(0.,0.,0.));
#15329=CARTESIAN_POINT('',(0.,0.,-0.0033));
#15330=CARTESIAN_POINT('',(0.002,0.,-0.0033));
#15331=CARTESIAN_POINT('',(-0.007,-0.007,0.0116));
#15332=CARTESIAN_POINT('',(-0.00205,-0.007,0.0116));
#15333=CARTESIAN_POINT('',(-0.00205,-0.00065,0.0116));
#15334=CARTESIAN_POINT('',(-0.00205,0.00065,0.0116));
#15335=CARTESIAN_POINT('',(-0.007,0.00065,0.0116));
#15336=CARTESIAN_POINT('',(-0.00065,0.00065,0.0116));
#15337=CARTESIAN_POINT('',(-0.00065,-0.007,0.0116));
#15338=CARTESIAN_POINT('',(-0.00065,0.00205,0.0116));
#15339=CARTESIAN_POINT('',(-0.007,0.00205,0.0116));
#15340=CARTESIAN_POINT('',(0.00065,0.00205,0.0116));
#15341=CARTESIAN_POINT('',(0.00065,-0.00205,0.0116));
#15342=CARTESIAN_POINT('',(0.00065,0.00065,0.0116));
#15343=CARTESIAN_POINT('',(-0.007,0.00065,0.0116));
#15344=CARTESIAN_POINT('',(0.00205,0.00065,0.0116));
#15345=CARTESIAN_POINT('',(0.00205,-0.00065,0.0116));
#15346=CARTESIAN_POINT('',(0.00205,-0.00065,0.0116));
#15347=CARTESIAN_POINT('',(-0.00205,-0.00065,0.0116));
#15348=CARTESIAN_POINT('',(0.00065,-0.00065,0.0116));
#15349=CARTESIAN_POINT('',(0.00065,-0.00205,0.0116));
#15350=CARTESIAN_POINT('',(0.00065,-0.00205,0.0116));
#15351=CARTESIAN_POINT('',(-0.00065,-0.00205,0.0116));
#15352=CARTESIAN_POINT('',(-0.00065,-0.00205,0.0116));
#15353=CARTESIAN_POINT('',(-0.00065,-0.007,0.0116));
#15354=CARTESIAN_POINT('',(-0.00065,-0.00065,0.0116));
#15355=CARTESIAN_POINT('',(-0.00205,-0.00065,0.0116));
#15356=CARTESIAN_POINT('',(-1.281975124256E-19,3.821888340557E-21,-0.0033));
#15357=CARTESIAN_POINT('',(-0.00205,-0.00065,0.0116));
#15358=CARTESIAN_POINT('',(-0.00205,-0.00065,0.0152));
#15359=CARTESIAN_POINT('',(-0.00205,-0.00065,0.0152));
#15360=CARTESIAN_POINT('',(-0.00205,0.00065,0.0152));
#15361=CARTESIAN_POINT('',(-0.00205,0.00065,0.0116));
#15362=CARTESIAN_POINT('',(-0.00205,-0.00065,0.0116));
#15363=CARTESIAN_POINT('',(-0.00205,-0.00065,0.0116));
#15364=CARTESIAN_POINT('',(-0.00065,-0.00065,0.0116));
#15365=CARTESIAN_POINT('',(-0.00065,-0.00065,0.0152));
#15366=CARTESIAN_POINT('',(-0.00205,-0.00065,0.0152));
#15367=CARTESIAN_POINT('',(-0.00065,-0.00205,0.0116));
#15368=CARTESIAN_POINT('',(-0.00065,-0.00205,0.0116));
#15369=CARTESIAN_POINT('',(-0.00065,-0.00205,0.0152));
#15370=CARTESIAN_POINT('',(-0.00065,-0.00205,0.0152));
#15371=CARTESIAN_POINT('',(-0.00065,-0.00205,0.0116));
#15372=CARTESIAN_POINT('',(0.00065,-0.00205,0.0116));
#15373=CARTESIAN_POINT('',(0.00065,-0.00205,0.0152));
#15374=CARTESIAN_POINT('',(-0.00205,-0.00205,0.0152));
#15375=CARTESIAN_POINT('',(0.00065,-0.00205,0.0116));
#15376=CARTESIAN_POINT('',(0.00065,-0.00065,0.0152));
#15377=CARTESIAN_POINT('',(0.00065,-0.00065,0.0152));
#15378=CARTESIAN_POINT('',(0.00065,-0.00065,0.0116));
#15379=CARTESIAN_POINT('',(-0.00205,-0.00065,0.0116));
#15380=CARTESIAN_POINT('',(0.00205,-0.00065,0.0116));
#15381=CARTESIAN_POINT('',(0.00205,-0.00065,0.0152));
#15382=CARTESIAN_POINT('',(-0.00205,-0.00065,0.0152));
#15383=CARTESIAN_POINT('',(0.00205,-0.00065,0.0116));
#15384=CARTESIAN_POINT('',(0.00205,0.00065,0.0116));
#15385=CARTESIAN_POINT('',(0.00205,0.00065,0.0152));
#15386=CARTESIAN_POINT('',(0.00205,-0.00065,0.0152));
#15387=CARTESIAN_POINT('',(-0.00205,0.00065,0.0116));
#15388=CARTESIAN_POINT('',(0.00065,0.00065,0.0116));
#15389=CARTESIAN_POINT('',(0.00065,0.00065,0.0152));
#15390=CARTESIAN_POINT('',(-0.00205,0.00065,0.0152));
#15391=CARTESIAN_POINT('',(0.00065,-0.00205,0.0116));
#15392=CARTESIAN_POINT('',(0.00065,-0.00065,0.0152));
#15393=CARTESIAN_POINT('',(0.00065,0.00205,0.0152));
#15394=CARTESIAN_POINT('',(0.00065,0.00205,0.0116));
#15395=CARTESIAN_POINT('',(-0.00065,0.00205,0.0116));
#15396=CARTESIAN_POINT('',(-0.00065,0.00205,0.0116));
#15397=CARTESIAN_POINT('',(-0.00065,0.00205,0.0152));
#15398=CARTESIAN_POINT('',(-0.00065,0.00205,0.0152));
#15399=CARTESIAN_POINT('',(-0.00065,-0.00205,0.0116));
#15400=CARTESIAN_POINT('',(-0.00065,0.00065,0.0116));
#15401=CARTESIAN_POINT('',(-0.00065,0.00065,0.0152));
#15402=CARTESIAN_POINT('',(-0.00065,-0.00205,0.0152));
#15403=CARTESIAN_POINT('',(-0.00205,0.00065,0.0116));
#15404=CARTESIAN_POINT('',(-0.00205,0.00065,0.0152));
#15405=CARTESIAN_POINT('',(-0.00205,-0.00065,0.0152));
#15406=CARTESIAN_POINT('',(-0.07608,0.00048,0.02846));
#15407=CARTESIAN_POINT('',(0.08823,-0.03274,-0.0085));
#15408=CARTESIAN_POINT('',(0.08823,-0.03274,0.));
#15409=CARTESIAN_POINT('',(0.08823,-0.03147,0.));
#15410=CARTESIAN_POINT('',(0.08823,-0.03401,0.));
#15411=CARTESIAN_POINT('',(0.08823,-0.03147,-0.0085));
#15412=CARTESIAN_POINT('',(0.08823,-0.03147,-0.01104));
#15413=CARTESIAN_POINT('',(0.08823,-0.03274,-0.01104));
#15414=CARTESIAN_POINT('',(0.08823,-0.03401,-0.01104));
#15415=CARTESIAN_POINT('',(0.08823,-0.03401,-0.0085));
#15416=CARTESIAN_POINT('',(0.09712,-0.03401,-0.0085));
#15417=CARTESIAN_POINT('',(0.09712,-0.03401,0.));
#15418=CARTESIAN_POINT('',(0.10601,-0.03401,0.));
#15419=CARTESIAN_POINT('',(0.09712,-0.03401,-0.01104));
#15420=CARTESIAN_POINT('',(0.10601,-0.03401,-0.01104));
#15421=CARTESIAN_POINT('',(0.10601,-0.03401,-0.0085));
#15422=CARTESIAN_POINT('',(0.10601,-0.03274,-0.0085));
#15423=CARTESIAN_POINT('',(0.10601,-0.03274,0.));
#15424=CARTESIAN_POINT('',(0.10601,-0.03147,0.));
#15425=CARTESIAN_POINT('',(0.10601,-0.03274,-0.01104));
#15426=CARTESIAN_POINT('',(0.10601,-0.03147,-0.01104));
#15427=CARTESIAN_POINT('',(0.10601,-0.03147,-0.0085));
#15428=CARTESIAN_POINT('',(0.09712,-0.03147,-0.0085));
#15429=CARTESIAN_POINT('',(0.09712,-0.03147,0.));
#15430=CARTESIAN_POINT('',(0.09712,-0.03147,-0.01104));
#15431=CARTESIAN_POINT('',(0.09712,-0.02512,0.));
#15432=CARTESIAN_POINT('',(0.08823,-0.0175,-0.0085));
#15433=CARTESIAN_POINT('',(0.08823,-0.0175,0.));
#15434=CARTESIAN_POINT('',(0.08823,-0.01623,0.));
#15435=CARTESIAN_POINT('',(0.08823,-0.01877,0.));
#15436=CARTESIAN_POINT('',(0.08823,-0.01623,-0.0085));
#15437=CARTESIAN_POINT('',(0.08823,-0.01623,-0.01104));
#15438=CARTESIAN_POINT('',(0.08823,-0.0175,-0.01104));
#15439=CARTESIAN_POINT('',(0.08823,-0.01877,-0.01104));
#15440=CARTESIAN_POINT('',(0.08823,-0.01877,-0.0085));
#15441=CARTESIAN_POINT('',(0.09712,-0.01877,-0.0085));
#15442=CARTESIAN_POINT('',(0.09712,-0.01877,0.));
#15443=CARTESIAN_POINT('',(0.10601,-0.01877,0.));
#15444=CARTESIAN_POINT('',(0.09712,-0.01877,-0.01104));
#15445=CARTESIAN_POINT('',(0.10601,-0.01877,-0.01104));
#15446=CARTESIAN_POINT('',(0.10601,-0.01877,-0.0085));
#15447=CARTESIAN_POINT('',(0.10601,-0.0175,-0.0085));
#15448=CARTESIAN_POINT('',(0.10601,-0.0175,0.));
#15449=CARTESIAN_POINT('',(0.10601,-0.01623,0.));
#15450=CARTESIAN_POINT('',(0.10601,-0.0175,-0.01104));
#15451=CARTESIAN_POINT('',(0.10601,-0.01623,-0.01104));
#15452=CARTESIAN_POINT('',(0.10601,-0.01623,-0.0085));
#15453=CARTESIAN_POINT('',(0.09712,-0.01623,-0.0085));
#15454=CARTESIAN_POINT('',(0.09712,-0.01623,0.));
#15455=CARTESIAN_POINT('',(0.09712,-0.01623,-0.01104));
#15456=CARTESIAN_POINT('',(0.09712,-0.02512,0.));
#15457=CARTESIAN_POINT('',(0.08822,-0.0250575,-0.01224));
#15458=CARTESIAN_POINT('',(0.08822,-0.0250575,-0.01104));
#15459=CARTESIAN_POINT('',(0.08822,-0.01457,-0.01104));
#15460=CARTESIAN_POINT('',(0.08822,-0.035545,-0.01104));
#15461=CARTESIAN_POINT('',(0.08822,-0.01457,-0.01224));
#15462=CARTESIAN_POINT('',(0.08822,-0.01457,-0.01224));
#15463=CARTESIAN_POINT('',(0.08822,-0.0250575,-0.01224));
#15464=CARTESIAN_POINT('',(0.08822,-0.035545,-0.01224));
#15465=CARTESIAN_POINT('',(0.08822,-0.035545,-0.01224));
#15466=CARTESIAN_POINT('',(0.09712,-0.035545,-0.01224));
#15467=CARTESIAN_POINT('',(0.09712,-0.035545,-0.01104));
#15468=CARTESIAN_POINT('',(0.10602,-0.035545,-0.01104));
#15469=CARTESIAN_POINT('',(0.09712,-0.035545,-0.01224));
#15470=CARTESIAN_POINT('',(0.10602,-0.035545,-0.01224));
#15471=CARTESIAN_POINT('',(0.10602,-0.035545,-0.01224));
#15472=CARTESIAN_POINT('',(0.10602,-0.0250575,-0.01224));
#15473=CARTESIAN_POINT('',(0.10602,-0.0250575,-0.01104));
#15474=CARTESIAN_POINT('',(0.10602,-0.01457,-0.01104));
#15475=CARTESIAN_POINT('',(0.10602,-0.0250575,-0.01224));
#15476=CARTESIAN_POINT('',(0.10602,-0.01457,-0.01224));
#15477=CARTESIAN_POINT('',(0.10602,-0.01457,-0.01224));
#15478=CARTESIAN_POINT('',(0.09712,-0.01457,-0.01224));
#15479=CARTESIAN_POINT('',(0.09712,-0.01457,-0.01104));
#15480=CARTESIAN_POINT('',(0.09712,-0.01457,-0.01224));
#15481=CARTESIAN_POINT('',(0.10159,-0.01457,-0.01224));
#15482=CARTESIAN_POINT('',(0.09712,-0.01457,-0.01224));
#15483=CARTESIAN_POINT('',(0.09265,-0.01457,-0.01224));
#15484=CARTESIAN_POINT('',(0.09712,-0.01457,-0.01224));
#15485=CARTESIAN_POINT('',(0.09712,-0.0250575,-0.01224));
#15486=CARTESIAN_POINT('',(0.09712,-0.02712,-0.01224));
#15487=CARTESIAN_POINT('',(0.10062,-0.02712,-0.01224));
#15488=CARTESIAN_POINT('',(0.09362,-0.02712,-0.01224));
#15489=CARTESIAN_POINT('',(0.09362,-0.03087,-0.01224));
#15490=CARTESIAN_POINT('',(0.09362,-0.03462,-0.01224));
#15491=CARTESIAN_POINT('',(0.09712,-0.03462,-0.01224));
#15492=CARTESIAN_POINT('',(0.10062,-0.03462,-0.01224));
#15493=CARTESIAN_POINT('',(0.10062,-0.03087,-0.01224));
#15494=CARTESIAN_POINT('',(0.09265,-0.016745,-0.01224));
#15495=CARTESIAN_POINT('',(0.09265,-0.02042,-0.01224));
#15496=CARTESIAN_POINT('',(0.09712,-0.02042,-0.01224));
#15497=CARTESIAN_POINT('',(0.10159,-0.02042,-0.01224));
#15498=CARTESIAN_POINT('',(0.10159,-0.016745,-0.01224));
#15499=CARTESIAN_POINT('',(0.09712,-0.0250575,-0.01104));
#15500=CARTESIAN_POINT('',(0.09712,-0.016745,-0.01224));
#15501=CARTESIAN_POINT('',(0.10159,-0.016745,-0.01224));
#15502=CARTESIAN_POINT('',(0.10159,-0.01307,-0.01224));
#15503=CARTESIAN_POINT('',(0.09712,-0.01307,-0.01224));
#15504=CARTESIAN_POINT('',(0.09265,-0.01307,-0.01224));
#15505=CARTESIAN_POINT('',(0.09265,-0.016745,-0.01224));
#15506=CARTESIAN_POINT('',(0.09265,-0.016745,-0.0155));
#15507=CARTESIAN_POINT('',(0.09265,-0.01307,-0.0155));
#15508=CARTESIAN_POINT('',(0.09265,-0.01307,-0.0155));
#15509=CARTESIAN_POINT('',(0.09265,-0.016745,-0.0155));
#15510=CARTESIAN_POINT('',(0.09265,-0.02042,-0.0155));
#15511=CARTESIAN_POINT('',(0.09265,-0.02042,-0.0155));
#15512=CARTESIAN_POINT('',(0.09712,-0.02042,-0.0155));
#15513=CARTESIAN_POINT('',(0.09712,-0.02042,-0.0155));
#15514=CARTESIAN_POINT('',(0.10159,-0.02042,-0.0155));
#15515=CARTESIAN_POINT('',(0.10159,-0.02042,-0.0155));
#15516=CARTESIAN_POINT('',(0.10159,-0.016745,-0.0155));
#15517=CARTESIAN_POINT('',(0.10159,-0.016745,-0.0155));
#15518=CARTESIAN_POINT('',(0.10159,-0.01307,-0.0155));
#15519=CARTESIAN_POINT('',(0.10159,-0.01307,-0.0155));
#15520=CARTESIAN_POINT('',(0.09712,-0.01307,-0.0155));
#15521=CARTESIAN_POINT('',(0.09712,-0.01307,-0.0155));
#15522=CARTESIAN_POINT('',(0.09712,-0.016745,-0.0155));
#15523=CARTESIAN_POINT('',(0.09362,-0.03087,-0.01464));
#15524=CARTESIAN_POINT('',(0.09362,-0.02712,-0.01464));
#15525=CARTESIAN_POINT('',(0.09362,-0.02712,-0.01464));
#15526=CARTESIAN_POINT('',(0.09362,-0.03087,-0.01464));
#15527=CARTESIAN_POINT('',(0.09362,-0.03462,-0.01464));
#15528=CARTESIAN_POINT('',(0.09362,-0.03462,-0.01464));
#15529=CARTESIAN_POINT('',(0.09712,-0.03462,-0.01464));
#15530=CARTESIAN_POINT('',(0.09712,-0.03462,-0.01464));
#15531=CARTESIAN_POINT('',(0.10062,-0.03462,-0.01464));
#15532=CARTESIAN_POINT('',(0.10062,-0.03462,-0.01464));
#15533=CARTESIAN_POINT('',(0.10062,-0.03087,-0.01464));
#15534=CARTESIAN_POINT('',(0.10062,-0.03087,-0.01464));
#15535=CARTESIAN_POINT('',(0.10062,-0.02712,-0.01464));
#15536=CARTESIAN_POINT('',(0.10062,-0.02712,-0.01464));
#15537=CARTESIAN_POINT('',(0.09712,-0.02712,-0.01464));
#15538=CARTESIAN_POINT('',(0.09712,-0.02712,-0.01464));
#15539=CARTESIAN_POINT('',(0.09712,-0.03087,-0.01464));
#15540=CARTESIAN_POINT('',(-0.17029,0.09566,0.02695));
#15541=CARTESIAN_POINT('',(0.,-0.00785,0.0037));
#15542=CARTESIAN_POINT('',(-0.00634846222651192,-0.00709999999999985,0.00575555555555596));
#15543=CARTESIAN_POINT('',(-0.00704846210271765,-0.00779999987620561,0.00383703737632537));
#15544=CARTESIAN_POINT('',(-0.00774846197892338,-0.00849999975241136,0.00191851919709478));
#15545=CARTESIAN_POINT('',(-0.00844846185512912,-0.00919999962861712,1.01786419684545E-9));
#15546=CARTESIAN_POINT('',(-0.00844845869404444,-0.0092,2.8200098506348E-17));
#15547=CARTESIAN_POINT('',(-0.00634846223617707,-0.00710000000966504,0.00575555552906642));
#15548=CARTESIAN_POINT('',(-0.0084484533953431,-0.0092,7.05002462658699E-17));
#15549=CARTESIAN_POINT('',(0.00844846220758653,-0.00919999998107452,5.18698183363253E-11));
#15550=CARTESIAN_POINT('',(0.00844846222651197,-0.00919999999999997,7.11236625150491E-17));
#15551=CARTESIAN_POINT('',(0.00774846222651195,-0.00849999999999993,0.0019185185185187));
#15552=CARTESIAN_POINT('',(0.00704846222651193,-0.00779999999999989,0.00383703703703733));
#15553=CARTESIAN_POINT('',(0.00634846222651192,-0.00709999999999985,0.00575555555555596));
#15554=CARTESIAN_POINT('',(0.0063484591015989,-0.0071,0.00575555555555598));
#15555=CARTESIAN_POINT('',(0.00634846222651192,-0.00709999999999985,0.00575555555555596));
#15556=CARTESIAN_POINT('',(-0.00741536101782323,-0.00741536101782323,0.00255725284379954));
#15557=CARTESIAN_POINT('',(-0.0071,-0.0071,0.005166204860054));
#15558=CARTESIAN_POINT('',(-0.00682828989758299,-0.0071,0.00553854833373963));
#15559=CARTESIAN_POINT('',(-0.00654290169146212,-0.0071,0.005755555555556));
#15560=CARTESIAN_POINT('',(-0.006348462226512,-0.0071,0.005755555555556));
#15561=CARTESIAN_POINT('',(-0.0071,-0.00709999999252655,0.00516620485669397));
#15562=CARTESIAN_POINT('',(-0.0071,-0.006348462226512,0.005755555555556));
#15563=CARTESIAN_POINT('',(-0.0071,-0.00654290210602426,0.005755555555556));
#15564=CARTESIAN_POINT('',(-0.0071,-0.00682827383601683,0.00553857034402823));
#15565=CARTESIAN_POINT('',(-0.0071,-0.0071,0.005166204860054));
#15566=CARTESIAN_POINT('',(-0.00709999999999985,-0.00634845910211905,0.00575555555555596));
#15567=CARTESIAN_POINT('',(-0.00919999999999997,-0.00844846222651197,7.11236625150491E-17));
#15568=CARTESIAN_POINT('',(-0.00849999999999993,-0.00774846222651195,0.0019185185185187));
#15569=CARTESIAN_POINT('',(-0.00779999999999989,-0.00704846222651193,0.00383703703703733));
#15570=CARTESIAN_POINT('',(-0.00709999999999985,-0.00634846222651192,0.00575555555555596));
#15571=CARTESIAN_POINT('',(-0.0092,-0.008448462168176,3.68628738645072E-17));
#15572=CARTESIAN_POINT('',(-0.008448462226512,-0.0092,0.));
#15573=CARTESIAN_POINT('',(-0.0086358083220031,-0.0092,0.));
#15574=CARTESIAN_POINT('',(-0.00905202911305312,-0.00905202911710736,0.));
#15575=CARTESIAN_POINT('',(-0.0092,-0.00863580832269622,0.));
#15576=CARTESIAN_POINT('',(-0.0092,-0.008448462226512,0.));
#15577=CARTESIAN_POINT('',(-0.0071,-0.0071,0.));
#15578=CARTESIAN_POINT('',(0.0071,-0.0071,0.));
#15579=CARTESIAN_POINT('',(0.0071,-0.0071,0.));
#15580=CARTESIAN_POINT('',(0.0071,-0.00709999999252655,0.00516620485669397));
#15581=CARTESIAN_POINT('',(-0.0071,-0.0071,0.));
#15582=CARTESIAN_POINT('',(-0.0071,-0.0071,0.));
#15583=CARTESIAN_POINT('',(-0.0071,-0.0071,0.));
#15584=CARTESIAN_POINT('',(0.006348462226512,-0.0071,0.005755555555556));
#15585=CARTESIAN_POINT('',(0.00654290169146211,-0.0071,0.005755555555556));
#15586=CARTESIAN_POINT('',(0.00682828989758299,-0.0071,0.00553854833373963));
#15587=CARTESIAN_POINT('',(0.0071,-0.0071,0.005166204860054));
#15588=CARTESIAN_POINT('',(0.00741536101782323,-0.00741536101782323,0.00255725284379954));
#15589=CARTESIAN_POINT('',(0.00920000000000001,-0.00844846222651199,0.));
#15590=CARTESIAN_POINT('',(0.0092,-0.00863580832269629,0.));
#15591=CARTESIAN_POINT('',(0.00905202911305332,-0.00905202911710746,0.));
#15592=CARTESIAN_POINT('',(0.00863580832200243,-0.0092,0.));
#15593=CARTESIAN_POINT('',(0.008448462226512,-0.0092,0.));
#15594=CARTESIAN_POINT('',(0.0091999996745599,-0.00844845880559658,8.91946933747766E-10));
#15595=CARTESIAN_POINT('',(0.00709999999999985,-0.00634846222651192,0.00575555555555596));
#15596=CARTESIAN_POINT('',(0.00779999978303984,-0.00704846200955189,0.00383703763166858));
#15597=CARTESIAN_POINT('',(0.00849999956607983,-0.00774846179259185,0.0019185197077812));
#15598=CARTESIAN_POINT('',(0.00919999934911982,-0.00844846157563182,1.7838938183622E-9));
#15599=CARTESIAN_POINT('',(0.0071,-0.00634846219676658,0.00575555555555598));
#15600=CARTESIAN_POINT('',(0.0071,-0.0071,0.005166204860054));
#15601=CARTESIAN_POINT('',(0.0071,-0.00682827383601683,0.00553857034402823));
#15602=CARTESIAN_POINT('',(0.0071,-0.00654290210602426,0.005755555555556));
#15603=CARTESIAN_POINT('',(0.0071,-0.006348462226512,0.005755555555556));
#15604=CARTESIAN_POINT('',(-0.0092,-0.0092,0.));
#15605=CARTESIAN_POINT('',(-0.0092,0.00844845338229676,7.0310510885685E-17));
#15606=CARTESIAN_POINT('',(-0.00919999953508559,0.00844846176159759,1.27420987086277E-9));
#15607=CARTESIAN_POINT('',(-0.0092,0.008448462226512,0.));
#15608=CARTESIAN_POINT('',(-0.0092,0.00863580832269704,0.));
#15609=CARTESIAN_POINT('',(-0.00905202911305416,0.00905202911710724,0.));
#15610=CARTESIAN_POINT('',(-0.00863580832200242,0.00920000000000001,0.));
#15611=CARTESIAN_POINT('',(-0.00844846222651199,0.00920000000000001,0.));
#15612=CARTESIAN_POINT('',(-0.00844846214925052,0.00919999998107451,5.18698551991992E-11));
#15613=CARTESIAN_POINT('',(0.00844845338229676,0.0092,7.07712968089913E-17));
#15614=CARTESIAN_POINT('',(0.00844846176159759,0.00919999953508559,1.27420986976501E-9));
#15615=CARTESIAN_POINT('',(0.00844846222651202,0.00920000000000002,0.));
#15616=CARTESIAN_POINT('',(0.00863580832269629,0.00920000000000008,0.));
#15617=CARTESIAN_POINT('',(0.00905202911710595,0.00905202911305557,0.));
#15618=CARTESIAN_POINT('',(0.00919999999999997,0.00863580832200307,0.));
#15619=CARTESIAN_POINT('',(0.00920000000000002,0.00844846222651202,0.));
#15620=CARTESIAN_POINT('',(0.00919999998107451,0.00844846214925052,5.18698551991992E-11));
#15621=CARTESIAN_POINT('',(0.0092,-0.00844845338229676,7.0310510885685E-17));
#15622=CARTESIAN_POINT('',(-0.0071,0.0071,0.));
#15623=CARTESIAN_POINT('',(-0.0071,0.0071,0.));
#15624=CARTESIAN_POINT('',(0.0071,0.0071,0.));
#15625=CARTESIAN_POINT('',(-0.0071,-0.0071,0.));
#15626=CARTESIAN_POINT('',(0.0071,-0.0071,0.));
#15627=CARTESIAN_POINT('',(-0.0071,-0.0071,0.));
#15628=CARTESIAN_POINT('',(-0.0071,0.0071,0.));
#15629=CARTESIAN_POINT('',(-0.00709999999252615,0.00709999999252655,0.00516620488053733));
#15630=CARTESIAN_POINT('',(-0.0071,0.0071,0.005166204860054));
#15631=CARTESIAN_POINT('',(-0.0071,0.00682827383601676,0.00553857034402823));
#15632=CARTESIAN_POINT('',(-0.0071,0.00654290210602426,0.005755555555556));
#15633=CARTESIAN_POINT('',(-0.0071,0.006348462226512,0.005755555555556));
#15634=CARTESIAN_POINT('',(-0.00710000000966496,0.00634846220643165,0.0057555555290664));
#15635=CARTESIAN_POINT('',(-0.00709999999999985,-0.00634846222651192,0.00575555555555596));
#15636=CARTESIAN_POINT('',(-0.00785,0.,0.0037));
#15637=CARTESIAN_POINT('',(-0.00709999999999985,0.00634846222651192,0.00575555555555596));
#15638=CARTESIAN_POINT('',(-0.00779999984502843,0.00704846207154048,0.00383703746177393));
#15639=CARTESIAN_POINT('',(-0.00849999969005701,0.00774846191656903,0.0019185193679919));
#15640=CARTESIAN_POINT('',(-0.00919999953508559,0.00844846176159759,1.27420986747464E-9));
#15641=CARTESIAN_POINT('',(0.0071,-0.0071,0.));
#15642=CARTESIAN_POINT('',(0.00709999999999985,0.00634846222651192,0.00575555555555596));
#15643=CARTESIAN_POINT('',(0.0071,0.00634846222651196,0.00575555555555598));
#15644=CARTESIAN_POINT('',(0.0071,0.006348462226512,0.005755555555556));
#15645=CARTESIAN_POINT('',(0.0071,0.00654290169146211,0.005755555555556));
#15646=CARTESIAN_POINT('',(0.0071,0.00682828989758299,0.00553854833373963));
#15647=CARTESIAN_POINT('',(0.0071,0.0071,0.005166204860054));
#15648=CARTESIAN_POINT('',(0.00709999999252656,0.0071,0.00516620485669397));
#15649=CARTESIAN_POINT('',(0.0071,0.0071,0.));
#15650=CARTESIAN_POINT('',(0.00785,0.,0.0037));
#15651=CARTESIAN_POINT('',(0.00919999999999997,0.00844846222651197,7.11236625150491E-17));
#15652=CARTESIAN_POINT('',(0.00849999999999993,0.00774846222651195,0.0019185185185187));
#15653=CARTESIAN_POINT('',(0.00779999999999989,0.00704846222651193,0.00383703703703733));
#15654=CARTESIAN_POINT('',(0.00709999999999985,0.00634846222651192,0.00575555555555596));
#15655=CARTESIAN_POINT('',(-0.00741536101782323,0.00741536101782323,0.00255725284379954));
#15656=CARTESIAN_POINT('',(-0.00844846222651197,0.00919999999999997,7.11236625150491E-17));
#15657=CARTESIAN_POINT('',(-0.00774846222651195,0.00849999999999993,0.0019185185185187));
#15658=CARTESIAN_POINT('',(-0.00704846222651193,0.00779999999999989,0.00383703703703733));
#15659=CARTESIAN_POINT('',(-0.00634846222651192,0.00709999999999985,0.00575555555555596));
#15660=CARTESIAN_POINT('',(-0.00634845910159887,0.00709999999999985,0.00575555555555596));
#15661=CARTESIAN_POINT('',(-0.006348462226512,0.0071,0.005755555555556));
#15662=CARTESIAN_POINT('',(-0.00654290169146212,0.0071,0.005755555555556));
#15663=CARTESIAN_POINT('',(-0.00682828989758299,0.0071,0.00553854833373963));
#15664=CARTESIAN_POINT('',(-0.0071,0.0071,0.005166204860054));
#15665=CARTESIAN_POINT('',(0.00741536101782323,0.00741536101782323,0.00255725284379954));
#15666=CARTESIAN_POINT('',(0.00634846222651192,0.00709999999999985,0.00575555555555596));
#15667=CARTESIAN_POINT('',(0.00704846207154048,0.00779999984502843,0.00383703746177393));
#15668=CARTESIAN_POINT('',(0.00774846191656903,0.00849999969005701,0.0019185193679919));
#15669=CARTESIAN_POINT('',(0.00844846176159759,0.00919999953508559,1.27420986747464E-9));
#15670=CARTESIAN_POINT('',(0.00634846219676658,0.0071,0.00575555555555598));
#15671=CARTESIAN_POINT('',(0.0071,0.0071,0.005166204860054));
#15672=CARTESIAN_POINT('',(0.00682827383601676,0.0071,0.00553857034402823));
#15673=CARTESIAN_POINT('',(0.00654290210602426,0.0071,0.005755555555556));
#15674=CARTESIAN_POINT('',(0.006348462226512,0.0071,0.005755555555556));
#15675=CARTESIAN_POINT('',(0.,0.00785,0.0037));
#15676=CARTESIAN_POINT('',(-0.00634846222651192,0.00709999999999985,0.00575555555555596));
#15677=CARTESIAN_POINT('',(-0.0071,0.0071,0.));
#15678=CARTESIAN_POINT('',(-0.09513,0.03858,0.03776));
#15679=CARTESIAN_POINT('',(-0.05703,0.01953,0.03776));
#15680=CARTESIAN_POINT('',(-0.07608,0.01953,0.03776));
#15681=CARTESIAN_POINT('',(0.00438,-0.0033982153981924,0.002));
#15682=CARTESIAN_POINT('',(0.00438,0.0486017846018076,0.002));
#15683=CARTESIAN_POINT('',(-0.03912,0.0486017846018076,0.002));
#15684=CARTESIAN_POINT('',(0.04788,0.0486017846018076,0.002));
#15685=CARTESIAN_POINT('',(-0.03912,-0.00339821539819241,0.002));
#15686=CARTESIAN_POINT('',(-0.03912,-0.0553982153981924,0.002));
#15687=CARTESIAN_POINT('',(0.00438,-0.0553982153981924,0.002));
#15688=CARTESIAN_POINT('',(0.04788,-0.0553982153981924,0.002));
#15689=CARTESIAN_POINT('',(0.04788,-0.00339821539819242,0.002));
#15690=CARTESIAN_POINT('',(0.02544,0.0278017846018076,0.002));
#15691=CARTESIAN_POINT('',(0.03194,0.0278017846018076,0.002));
#15692=CARTESIAN_POINT('',(0.034437,0.040299,0.002));
#15693=CARTESIAN_POINT('',(0.036037,0.040299,0.002));
#15694=CARTESIAN_POINT('',(0.036937,-0.045201,0.002));
#15695=CARTESIAN_POINT('',(0.038537,-0.045201,0.002));
#15696=CARTESIAN_POINT('',(-0.022563,0.039799,0.002));
#15697=CARTESIAN_POINT('',(-0.020963,0.039799,0.002));
#15698=CARTESIAN_POINT('',(-0.024563,-0.045201,0.002));
#15699=CARTESIAN_POINT('',(-0.02531,-0.0437860826879284,0.002));
#15700=CARTESIAN_POINT('',(-0.0230066070547577,-0.04483,0.002));
#15701=CARTESIAN_POINT('',(-0.02531,-0.01583,0.002));
#15702=CARTESIAN_POINT('',(-0.02531,0.01317,0.002));
#15703=CARTESIAN_POINT('',(0.00369,0.01317,0.002));
#15704=CARTESIAN_POINT('',(0.03269,0.01317,0.002));
#15705=CARTESIAN_POINT('',(0.03269,-0.01583,0.002));
#15706=CARTESIAN_POINT('',(0.03269,-0.04483,0.002));
#15707=CARTESIAN_POINT('',(0.00369,-0.04483,0.002));
#15708=CARTESIAN_POINT('',(0.00438,-0.0033982153981924,0.));
#15709=CARTESIAN_POINT('',(-0.022563,0.039799,0.));
#15710=CARTESIAN_POINT('',(-0.020963,0.039799,0.));
#15711=CARTESIAN_POINT('',(0.036937,-0.045201,0.));
#15712=CARTESIAN_POINT('',(0.038537,-0.045201,0.));
#15713=CARTESIAN_POINT('',(0.034437,0.040299,0.));
#15714=CARTESIAN_POINT('',(0.036037,0.040299,0.));
#15715=CARTESIAN_POINT('',(0.02544,0.0278017846018076,0.));
#15716=CARTESIAN_POINT('',(0.03194,0.0278017846018076,0.));
#15717=CARTESIAN_POINT('',(0.00438,0.0486017846018076,0.));
#15718=CARTESIAN_POINT('',(-0.03912,0.0486017846018076,0.));
#15719=CARTESIAN_POINT('',(0.04788,0.0486017846018076,0.));
#15720=CARTESIAN_POINT('',(0.04788,-0.00339821539819242,0.));
#15721=CARTESIAN_POINT('',(0.04788,-0.0553982153981924,0.));
#15722=CARTESIAN_POINT('',(0.00438,-0.0553982153981924,0.));
#15723=CARTESIAN_POINT('',(-0.03912,-0.0553982153981924,0.));
#15724=CARTESIAN_POINT('',(-0.03912,-0.00339821539819241,0.));
#15725=CARTESIAN_POINT('',(-0.02531,-0.01583,0.));
#15726=CARTESIAN_POINT('',(-0.02531,0.01317,0.));
#15727=CARTESIAN_POINT('',(-0.02531,-0.0437860826879284,0.));
#15728=CARTESIAN_POINT('',(-0.024563,-0.045201,0.));
#15729=CARTESIAN_POINT('',(-0.0230066070547577,-0.04483,0.));
#15730=CARTESIAN_POINT('',(0.00369,-0.04483,0.));
#15731=CARTESIAN_POINT('',(0.03269,-0.04483,0.));
#15732=CARTESIAN_POINT('',(0.03269,-0.01583,0.));
#15733=CARTESIAN_POINT('',(0.03269,0.01317,0.));
#15734=CARTESIAN_POINT('',(0.00369,0.01317,0.));
#15735=CARTESIAN_POINT('',(-0.02531,-0.01583,0.));
#15736=CARTESIAN_POINT('',(-0.02531,-0.0437860826879284,0.002));
#15737=CARTESIAN_POINT('',(-0.02531,0.01317,0.));
#15738=CARTESIAN_POINT('',(0.00369,-0.04483,0.));
#15739=CARTESIAN_POINT('',(-0.0230066070547577,-0.04483,0.002));
#15740=CARTESIAN_POINT('',(0.03269,-0.04483,0.));
#15741=CARTESIAN_POINT('',(0.00438,0.0486017846018076,0.002));
#15742=CARTESIAN_POINT('',(-0.03912,0.0486017846018076,0.002));
#15743=CARTESIAN_POINT('',(0.04788,0.0486017846018076,0.002));
#15744=CARTESIAN_POINT('',(-0.03912,-0.00339821539819241,0.002));
#15745=CARTESIAN_POINT('',(-0.03912,-0.0553982153981924,0.002));
#15746=CARTESIAN_POINT('',(0.00438,-0.0553982153981924,0.002));
#15747=CARTESIAN_POINT('',(0.04788,-0.0553982153981924,0.002));
#15748=CARTESIAN_POINT('',(0.04788,-0.00339821539819242,0.002));
#15749=CARTESIAN_POINT('',(0.03269,-0.01583,0.));
#15750=CARTESIAN_POINT('',(0.03269,0.01317,0.));
#15751=CARTESIAN_POINT('',(0.00369,0.01317,0.));
#15752=CARTESIAN_POINT('',(0.02544,0.0278017846018076,0.));
#15753=CARTESIAN_POINT('',(-0.024563,-0.045201,0.002));
#15754=CARTESIAN_POINT('',(0.034437,0.040299,0.002));
#15755=CARTESIAN_POINT('',(0.036937,-0.045201,0.002));
#15756=CARTESIAN_POINT('',(-0.022563,0.039799,0.002));
#15757=CARTESIAN_POINT('',(-0.0798309454488701,0.0353754544258114,0.0355));
#15758=CARTESIAN_POINT('',(0.065943197868186,0.001978857491779,0.0195));
#15759=CARTESIAN_POINT('',(0.0652325283976037,0.00343465586503757,0.0195));
#15760=CARTESIAN_POINT('',(0.0674341987769146,0.00450943376807874,0.0195));
#15761=CARTESIAN_POINT('',(0.0674791308254724,0.00453136801099817,0.0195));
#15762=CARTESIAN_POINT('',(0.0681898002960547,0.0030755696377396,0.0195));
#15763=CARTESIAN_POINT('',(0.0681448682474969,0.00305363539482018,0.0195));
#15764=CARTESIAN_POINT('',(0.06329905447827,0.012980230097954,0.083));
#15765=CARTESIAN_POINT('',(0.054419125921753,0.0311706633195382,0.083));
#15766=CARTESIAN_POINT('',(0.0544191259217482,0.0311706633195368,0.078));
#15767=CARTESIAN_POINT('',(0.0544191259217532,0.0311706633195391,0.00100000000000088));
#15768=CARTESIAN_POINT('',(0.06329905447827,0.012980230097954,0.078));
#15769=CARTESIAN_POINT('',(0.073549054405427,-0.00801677883170887,0.078));
#15770=CARTESIAN_POINT('',(0.0735490544054255,-0.00801677883170639,0.083));
#15771=CARTESIAN_POINT('',(0.0735490544054326,-0.00801677883170941,0.001));
#15772=CARTESIAN_POINT('',(0.0534567023040983,0.0331421772158946,0.00100000000000023));
#15773=CARTESIAN_POINT('',(0.0649200292016516,0.00965968170931953,0.00533725018));
#15774=CARTESIAN_POINT('',(0.0643716731286714,0.0107829829232536,0.00533725018));
#15775=CARTESIAN_POINT('',(0.0577870134137424,0.0242715838809014,0.00533725018));
#15776=CARTESIAN_POINT('',(0.0572386573407622,0.0253948850948355,0.00533725018));
#15777=CARTESIAN_POINT('',(0.0681448682474969,0.00305363539482018,0.0595));
#15778=CARTESIAN_POINT('',(0.0674341987769146,0.00450943376807874,0.0595));
#15779=CARTESIAN_POINT('',(0.057318125942587,0.025232094562738,0.072785));
#15780=CARTESIAN_POINT('',(0.057318125942584,0.0252320945627365,0.072785));
#15781=CARTESIAN_POINT('',(0.0653899273368465,0.00869710069362595,0.072785));
#15782=CARTESIAN_POINT('',(0.0573181259425809,0.025232094562735,0.083));
#15783=CARTESIAN_POINT('',(0.0573181259425807,0.0252320945627355,0.009785));
#15784=CARTESIAN_POINT('',(0.06329905447827,0.012980230097954,0.009785));
#15785=CARTESIAN_POINT('',(0.0653899273368477,0.00869710069362566,0.009785));
#15786=CARTESIAN_POINT('',(0.0653899273368465,0.00869710069362596,0.041285));
#15787=CARTESIAN_POINT('',(0.068189800296054,0.003075569637738,0.0195));
#15788=CARTESIAN_POINT('',(0.049925921066016,0.028977239027619,0.083));
#15789=CARTESIAN_POINT('',(0.0499259210660118,0.0289772390276169,0.078));
#15790=CARTESIAN_POINT('',(0.049925921066016,0.033977239027619,0.0824932048557367));
#15791=CARTESIAN_POINT('',(0.0499259210660165,0.0289772390276192,0.001));
#15792=CARTESIAN_POINT('',(0.049925921066016,0.033977239027619,-0.00349320485573665));
#15793=CARTESIAN_POINT('',(0.049925921066016,0.033977239027619,0.083));
#15794=CARTESIAN_POINT('',(0.049925921066016,0.033977239027619,-0.0016));
#15795=CARTESIAN_POINT('',(0.049925921066016,0.028977239027619,-0.0016));
#15796=CARTESIAN_POINT('',(0.0503888385666093,0.033955763647184,-0.0016));
#15797=CARTESIAN_POINT('',(0.0503888385666108,0.033955763647181,0.083));
#15798=CARTESIAN_POINT('',(0.0503888385666159,0.0339557636471835,0.0806));
#15799=CARTESIAN_POINT('',(0.049925921066016,0.028977239027619,0.0806));
#15800=CARTESIAN_POINT('',(0.049925921066016,0.033977239027619,0.0806));
#15801=CARTESIAN_POINT('',(0.049925921066016,0.033977239027619,0.083));
#15802=CARTESIAN_POINT('',(0.058805849622533,0.010786805806036,0.078));
#15803=CARTESIAN_POINT('',(0.0655444636235026,-0.00301716876542127,0.078));
#15804=CARTESIAN_POINT('',(0.0655444636235114,-0.0030171687654268,0.083));
#15805=CARTESIAN_POINT('',(0.04748509724166,0.033977239027619,0.083));
#15806=CARTESIAN_POINT('',(0.0487706608955829,0.033977239027619,0.083));
#15807=CARTESIAN_POINT('',(0.049925921066016,0.033977239027619,0.082493204855737));
#15808=CARTESIAN_POINT('',(0.04748509724166,0.033977239027619,0.083));
#15809=CARTESIAN_POINT('',(0.0588058496225432,0.010786805806041,0.083));
#15810=CARTESIAN_POINT('',(0.048963497448362,0.030948752923974,0.001));
#15811=CARTESIAN_POINT('',(0.04748509724166,0.033977239027619,-0.004));
#15812=CARTESIAN_POINT('',(0.04748509724166,0.033977239027619,-0.004));
#15813=CARTESIAN_POINT('',(0.0655444636234999,-0.00301716876541161,-0.004));
#15814=CARTESIAN_POINT('',(0.049925921066016,0.033977239027619,-0.00349320485573699));
#15815=CARTESIAN_POINT('',(0.0487706608955829,0.033977239027619,-0.00400000000000002));
#15816=CARTESIAN_POINT('',(0.04748509724166,0.033977239027619,-0.004));
#15817=CARTESIAN_POINT('',(0.0655444636235138,-0.00301716876542032,0.001));
#15818=CARTESIAN_POINT('',(0.01214905447827,-0.008019769902046,0.083));
#15819=CARTESIAN_POINT('',(0.01214905447827,-0.008019769902046,0.078));
#15820=CARTESIAN_POINT('',(-0.0442507018763686,-0.00802251738801224,0.078));
#15821=CARTESIAN_POINT('',(-0.04425070187637,-0.00802251738801224,0.083));
#15822=CARTESIAN_POINT('',(-0.0442507018763686,-0.00802251738801189,0.001));
#15823=CARTESIAN_POINT('',(0.0121500773370728,-0.00801976985221724,0.001));
#15824=CARTESIAN_POINT('',(0.061325897928853,0.007905153461616,0.00533725018));
#15825=CARTESIAN_POINT('',(0.0607775418558728,0.00902845467555008,0.00533725018));
#15826=CARTESIAN_POINT('',(0.0622149347979179,0.00973013926313165,0.00533725018));
#15827=CARTESIAN_POINT('',(0.062763290870898,0.00860683804919757,0.00533725018));
#15828=CARTESIAN_POINT('',(0.054192170328853,0.022516708151616,0.00533725018));
#15829=CARTESIAN_POINT('',(0.0536438142558728,0.0236400093655501,0.00533725018));
#15830=CARTESIAN_POINT('',(0.0550819190100087,0.0243420414347136,0.00533725018));
#15831=CARTESIAN_POINT('',(0.0556302750829888,0.0232187402207795,0.00533725018));
#15832=CARTESIAN_POINT('',(0.065943197868186,0.001978857491779,0.0595));
#15833=CARTESIAN_POINT('',(0.0652325283976037,0.00343465586503757,0.0595));
#15834=CARTESIAN_POINT('',(0.0674791308254724,0.00453136801099817,0.0595));
#15835=CARTESIAN_POINT('',(0.0681898002960547,0.0030755696377396,0.0595));
#15836=CARTESIAN_POINT('',(0.059197288308963,0.015911753968061,0.072785));
#15837=CARTESIAN_POINT('',(0.063233189006093,0.00764425703350399,0.072785));
#15838=CARTESIAN_POINT('',(0.0632331890060947,0.00764425703350482,0.072785));
#15839=CARTESIAN_POINT('',(0.061142316147516,0.011927386437833,0.072785));
#15840=CARTESIAN_POINT('',(0.05516138761183,0.0241792509026156,0.072785));
#15841=CARTESIAN_POINT('',(0.055161387611833,0.024179250902617,0.072785));
#15842=CARTESIAN_POINT('',(0.055161387611833,0.024179250902617,0.041285));
#15843=CARTESIAN_POINT('',(0.055161387611833,0.024179250902617,0.041285));
#15844=CARTESIAN_POINT('',(0.055161387611833,0.024179250902617,0.009785));
#15845=CARTESIAN_POINT('',(0.055161387611833,0.024179250902617,0.009785));
#15846=CARTESIAN_POINT('',(0.063233189006093,0.007644257033504,0.041285));
#15847=CARTESIAN_POINT('',(0.063233189006093,0.007644257033504,0.009785));
#15848=CARTESIAN_POINT('',(0.0632331890060938,0.00764425703350441,0.009785));
#15849=CARTESIAN_POINT('',(0.0632331890060947,0.00764425703350482,0.083));
#15850=CARTESIAN_POINT('',(0.059197288308963,0.015911753968061,0.009785));
#15851=CARTESIAN_POINT('',(0.055161387611833,0.024179250902617,0.009785));
#15852=CARTESIAN_POINT('',(0.001899054551125,0.033977239027619,0.083));
#15853=CARTESIAN_POINT('',(0.01214905447827,0.033977239027619,-0.004));
#15854=CARTESIAN_POINT('',(-0.04425094544887,0.033977239027619,-0.004));
#15855=CARTESIAN_POINT('',(-0.04425094544887,0.033977239027619,0.001));
#15856=CARTESIAN_POINT('',(-0.04925094544887,0.033977239027619,0.001));
#15857=CARTESIAN_POINT('',(-0.04925094544887,0.033977239027619,0.083));
#15858=CARTESIAN_POINT('',(-0.04925094544887,0.033977239027619,0.078));
#15859=CARTESIAN_POINT('',(-0.04425094544887,0.033977239027619,0.078));
#15860=CARTESIAN_POINT('',(-0.04425094544887,0.033977239027619,0.083));
#15861=CARTESIAN_POINT('',(0.001899054551125,0.033977239027619,0.083));
#15862=CARTESIAN_POINT('',(0.01214905447827,0.033977239027619,0.0806));
#15863=CARTESIAN_POINT('',(-0.04685094544887,0.033977239027619,0.0806));
#15864=CARTESIAN_POINT('',(-0.04685094544887,0.033977239027619,0.083));
#15865=CARTESIAN_POINT('',(-0.04685094544887,0.033977239027619,-0.0016));
#15866=CARTESIAN_POINT('',(0.001899054551125,0.033977239027619,-0.0016));
#15867=CARTESIAN_POINT('',(0.01214905447827,0.012977239027619,-0.0016));
#15868=CARTESIAN_POINT('',(0.061142316147516,0.011927386437833,-0.0016));
#15869=CARTESIAN_POINT('',(0.0697068508300984,-0.00561696599989115,-0.0016));
#15870=CARTESIAN_POINT('',(-0.04685094544887,0.012977239027619,-0.0016));
#15871=CARTESIAN_POINT('',(-0.04685094544887,-0.00562264405473097,-0.0016));
#15872=CARTESIAN_POINT('',(0.012148937563469,-0.005619769904893,-0.0016));
#15873=CARTESIAN_POINT('',(0.061142316147516,0.011927386437833,0.083));
#15874=CARTESIAN_POINT('',(0.069706850830094,-0.00561696599989115,0.083));
#15875=CARTESIAN_POINT('',(0.0697068508300939,-0.00561696599989162,0.0806));
#15876=CARTESIAN_POINT('',(0.050388838566621,0.033955763647186,0.0806));
#15877=CARTESIAN_POINT('',(0.0659881299167434,0.00200079173469822,0.0195));
#15878=CARTESIAN_POINT('',(0.0652774604461611,0.00345659010795679,0.0195));
#15879=CARTESIAN_POINT('',(0.0659881299167434,0.00200079173469822,0.0595));
#15880=CARTESIAN_POINT('',(0.0652774604461611,0.00345659010795679,0.0595));
#15881=CARTESIAN_POINT('',(0.061142316147516,0.011927386437833,0.0695));
#15882=CARTESIAN_POINT('',(0.053512815413403,0.0275563324067703,0.0695));
#15883=CARTESIAN_POINT('',(0.0543901851301706,0.0257590504644756,0.0695));
#15884=CARTESIAN_POINT('',(0.0543901851301737,0.0257590504644776,0.0695));
#15885=CARTESIAN_POINT('',(0.0543901851301737,0.0257590504644776,0.0095));
#15886=CARTESIAN_POINT('',(0.053512815413407,0.027556332406772,0.0095));
#15887=CARTESIAN_POINT('',(0.0535128154134066,0.0275563324067728,0.0095));
#15888=CARTESIAN_POINT('',(0.0535128154134066,0.0275563324067728,0.0695));
#15889=CARTESIAN_POINT('',(0.01214905447827,0.012977239027619,0.0806));
#15890=CARTESIAN_POINT('',(0.069706850830094,-0.005616965999892,0.0806));
#15891=CARTESIAN_POINT('',(-0.04685094544887,-0.005622644054731,0.0806));
#15892=CARTESIAN_POINT('',(-0.04685094544887,0.012977239027619,0.0806));
#15893=CARTESIAN_POINT('',(0.012148810905768,-0.003019769907979,0.078));
#15894=CARTESIAN_POINT('',(-0.04425094544887,-0.003022517393945,0.078));
#15895=CARTESIAN_POINT('',(-0.04425094544887,-0.00302251739394498,0.083));
#15896=CARTESIAN_POINT('',(0.012148810905768,-0.00301976990797874,0.083));
#15897=CARTESIAN_POINT('',(0.01214905447827,0.012977239027619,0.083));
#15898=CARTESIAN_POINT('',(-0.04425094544887,0.012977239027619,0.083));
#15899=CARTESIAN_POINT('',(0.01214905447827,0.012977239027619,-0.004));
#15900=CARTESIAN_POINT('',(0.065544463623494,-0.003017168765421,-0.004));
#15901=CARTESIAN_POINT('',(-0.04425094544887,-0.00302251739387378,-0.004));
#15902=CARTESIAN_POINT('',(-0.04425094544887,0.012977239027619,-0.004));
#15903=CARTESIAN_POINT('',(0.01214983376457,-0.00301976985815,0.001));
#15904=CARTESIAN_POINT('',(-0.04425094544887,-0.003022517393945,0.001));
#15905=CARTESIAN_POINT('',(-0.04425094544887,-0.003022517393945,0.083));
#15906=CARTESIAN_POINT('',(-0.04425094544887,-0.003022517393945,0.078));
#15907=CARTESIAN_POINT('',(-0.04925094544887,-0.003022517393945,0.078));
#15908=CARTESIAN_POINT('',(-0.04925094544887,-0.003022517393945,0.083));
#15909=CARTESIAN_POINT('',(-0.04925094544887,-0.003022517393945,0.001));
#15910=CARTESIAN_POINT('',(-0.04425094544887,-0.003022517393945,0.001));
#15911=CARTESIAN_POINT('',(0.068189800296054,0.003075569637738,0.0595));
#15912=CARTESIAN_POINT('',(-0.04425094544887,0.012977239027619,0.001));
#15913=CARTESIAN_POINT('',(-0.04425094544887,-0.003022517393945,0.001));
#15914=CARTESIAN_POINT('',(-0.04925094544887,0.012977239027619,0.001));
#15915=CARTESIAN_POINT('',(-0.04925094544887,0.012977239027619,0.083));
#15916=CARTESIAN_POINT('',(-0.04925094544887,0.012977239027619,0.04532));
#15917=CARTESIAN_POINT('',(-0.04925094544887,0.01704,0.04532));
#15918=CARTESIAN_POINT('',(-0.04925094544887,0.00704,0.04532));
#15919=CARTESIAN_POINT('',(-0.04925094544887,0.00704,0.083));
#15920=CARTESIAN_POINT('',(-0.04925094544887,0.00704,0.02932));
#15921=CARTESIAN_POINT('',(-0.04925094544887,0.012977239027619,0.02932));
#15922=CARTESIAN_POINT('',(-0.04925094544887,0.01704,0.02932));
#15923=CARTESIAN_POINT('',(-0.04925094544887,0.01704,0.083));
#15924=CARTESIAN_POINT('',(-0.04925094544887,0.012977239027619,0.078));
#15925=CARTESIAN_POINT('',(-0.04425094544887,0.012977239027619,0.078));
#15926=CARTESIAN_POINT('',(-0.04425094544887,-0.003022517393945,0.078));
#15927=CARTESIAN_POINT('',(-0.04685094544887,0.012977239027619,0.083));
#15928=CARTESIAN_POINT('',(-0.04685094544887,-0.005622644054731,0.083));
#15929=CARTESIAN_POINT('',(-0.04685094544887,0.01604,0.03732));
#15930=CARTESIAN_POINT('',(-0.04685094544887,0.01604,0.03032));
#15931=CARTESIAN_POINT('',(-0.04685094544887,0.01604,0.04432));
#15932=CARTESIAN_POINT('',(-0.04685094544887,0.012977239027619,0.03032));
#15933=CARTESIAN_POINT('',(-0.04685094544887,0.00804,0.03032));
#15934=CARTESIAN_POINT('',(-0.04685094544887,0.00804,0.083));
#15935=CARTESIAN_POINT('',(-0.04685094544887,0.00804,0.04432));
#15936=CARTESIAN_POINT('',(-0.04685094544887,0.01204,0.04432));
#15937=CARTESIAN_POINT('',(0.012148937563469,-0.005619769904893,0.083));
#15938=CARTESIAN_POINT('',(0.012148937563469,-0.005619769904893,0.013943));
#15939=CARTESIAN_POINT('',(-0.036449,-0.00562213732915285,0.013943));
#15940=CARTESIAN_POINT('',(-0.045449,-0.00562257575965848,0.013943));
#15941=CARTESIAN_POINT('',(-0.045449,-0.00562257575965848,0.083));
#15942=CARTESIAN_POINT('',(-0.045449,-0.00562257575965848,0.004943));
#15943=CARTESIAN_POINT('',(0.012148937563469,-0.005619769904893,0.004943));
#15944=CARTESIAN_POINT('',(-0.036449,-0.00562213732915285,0.004943));
#15945=CARTESIAN_POINT('',(-0.036449,-0.00562213732915285,0.083));
#15946=CARTESIAN_POINT('',(0.012148937563469,-0.005619769904893,0.071813));
#15947=CARTESIAN_POINT('',(0.049051,-0.00561797223934934,0.071813));
#15948=CARTESIAN_POINT('',(0.040051,-0.00561841066985497,0.071813));
#15949=CARTESIAN_POINT('',(0.040051,-0.00561841066985497,0.083));
#15950=CARTESIAN_POINT('',(0.040051,-0.00561841066985497,0.063943));
#15951=CARTESIAN_POINT('',(0.012148937563469,-0.005619769904893,0.063943));
#15952=CARTESIAN_POINT('',(0.049051,-0.00561797223934934,0.063943));
#15953=CARTESIAN_POINT('',(0.049051,-0.00561797223934934,0.083));
#15954=CARTESIAN_POINT('',(0.012148937563469,-0.005619769904893,0.011443));
#15955=CARTESIAN_POINT('',(0.049051,-0.00561797223934934,0.011443));
#15956=CARTESIAN_POINT('',(0.040051,-0.00561841066985497,0.011443));
#15957=CARTESIAN_POINT('',(0.040051,-0.00561841066985497,0.083));
#15958=CARTESIAN_POINT('',(0.040051,-0.00561841066985497,0.001643));
#15959=CARTESIAN_POINT('',(0.012148937563469,-0.005619769904893,0.001643));
#15960=CARTESIAN_POINT('',(0.049051,-0.00561797223934934,0.001643));
#15961=CARTESIAN_POINT('',(0.049051,-0.00561797223934934,0.083));
#15962=CARTESIAN_POINT('',(0.012148937563469,-0.005619769904893,0.070943));
#15963=CARTESIAN_POINT('',(-0.035949,-0.00562211297190254,0.070943));
#15964=CARTESIAN_POINT('',(-0.044949,-0.00562255140240817,0.070943));
#15965=CARTESIAN_POINT('',(-0.044949,-0.00562255140240817,0.083));
#15966=CARTESIAN_POINT('',(-0.044949,-0.00562255140240817,0.061943));
#15967=CARTESIAN_POINT('',(0.012148937563469,-0.005619769904893,0.061943));
#15968=CARTESIAN_POINT('',(-0.035949,-0.00562211297190254,0.061943));
#15969=CARTESIAN_POINT('',(-0.035949,-0.00562211297190254,0.083));
#15970=CARTESIAN_POINT('',(0.065943197868186,0.001978857491779,0.0195));
#15971=CARTESIAN_POINT('',(0.0652325283976037,0.00343465586503757,0.0195));
#15972=CARTESIAN_POINT('',(0.0652325283976037,0.00343465586503757,0.0195));
#15973=CARTESIAN_POINT('',(0.065943197868186,0.001978857491779,0.0195));
#15974=CARTESIAN_POINT('',(0.065943197868186,0.001978857491779,0.0595));
#15975=CARTESIAN_POINT('',(0.0652325283976037,0.00343465586503757,0.0595));
#15976=CARTESIAN_POINT('',(0.0652325283976037,0.00343465586503757,0.0595));
#15977=CARTESIAN_POINT('',(0.065943197868186,0.001978857491779,0.0595));
#15978=CARTESIAN_POINT('',(0.05265873138585,0.02713939867828,0.0695));
#15979=CARTESIAN_POINT('',(0.053512815413407,0.027556332406772,0.0695));
#15980=CARTESIAN_POINT('',(0.0512658378805708,0.0264594371477849,0.0695));
#15981=CARTESIAN_POINT('',(0.05265873138585,0.02713939867828,0.0095));
#15982=CARTESIAN_POINT('',(0.0512658378805708,0.0264594371477846,0.0095));
#15983=CARTESIAN_POINT('',(0.0512658378805707,0.0264594371477848,0.0695));
#15984=CARTESIAN_POINT('',(0.053097416244234,0.025521844930215,0.0695));
#15985=CARTESIAN_POINT('',(0.051265837880571,0.026459437147785,0.0695));
#15986=CARTESIAN_POINT('',(0.052845103370753,0.0232243296516541,0.0695));
#15987=CARTESIAN_POINT('',(0.052845103370753,0.023224329651654,0.0695));
#15988=CARTESIAN_POINT('',(0.0536538802447862,0.0236191460242001,0.0695));
#15989=CARTESIAN_POINT('',(0.053653880244786,0.0236191460242,0.0695));
#15990=CARTESIAN_POINT('',(0.0529519844713721,0.0250569715780358,0.0695));
#15991=CARTESIAN_POINT('',(0.052951984471372,0.025056971578036,0.0695));
#15992=CARTESIAN_POINT('',(0.053097416244234,0.025521844930215,0.0095));
#15993=CARTESIAN_POINT('',(0.053940489539634,0.025539524922258,0.0095));
#15994=CARTESIAN_POINT('',(0.0529519844713721,0.0250569715780355,0.0095));
#15995=CARTESIAN_POINT('',(0.053302932358079,0.024338058801118,0.0095));
#15996=CARTESIAN_POINT('',(0.0536538802447863,0.0236191460242003,0.0095));
#15997=CARTESIAN_POINT('',(0.053249491807769,0.023421737837927,0.0095));
#15998=CARTESIAN_POINT('',(0.0528451033707533,0.0232243296516544,0.0095));
#15999=CARTESIAN_POINT('',(0.052055470625662,0.02484188339972,0.0095));
#16000=CARTESIAN_POINT('',(0.053940489539634,0.025539524922258,0.0695));
#16001=CARTESIAN_POINT('',(0.0529519844713722,0.0250569715780356,0.0695));
#16002=CARTESIAN_POINT('',(-0.04425094544887,-0.003022517393945,0.078));
#16003=CARTESIAN_POINT('',(-0.04425094544887,-0.003022517393945,0.001));
#16004=CARTESIAN_POINT('',(-0.04925094544887,0.012977239027619,0.04532));
#16005=CARTESIAN_POINT('',(-0.04925094544887,0.01704,0.04532));
#16006=CARTESIAN_POINT('',(-0.04825094544887,0.01604,0.04432));
#16007=CARTESIAN_POINT('',(-0.04825094544887,0.01204,0.04432));
#16008=CARTESIAN_POINT('',(-0.04825094544887,0.00804,0.04432));
#16009=CARTESIAN_POINT('',(-0.04925094544887,0.00704,0.04532));
#16010=CARTESIAN_POINT('',(-0.04825094544887,0.00804,0.03732));
#16011=CARTESIAN_POINT('',(-0.04925094544887,0.00704,0.02932));
#16012=CARTESIAN_POINT('',(-0.04825094544887,0.00804,0.03032));
#16013=CARTESIAN_POINT('',(-0.04825094544887,0.00804,0.03732));
#16014=CARTESIAN_POINT('',(-0.04825094544887,0.01204,0.03032));
#16015=CARTESIAN_POINT('',(-0.04825094544887,0.01604,0.03032));
#16016=CARTESIAN_POINT('',(-0.04825094544887,0.01604,0.03032));
#16017=CARTESIAN_POINT('',(-0.04825094544887,0.01204,0.03032));
#16018=CARTESIAN_POINT('',(-0.04925094544887,0.01704,0.083));
#16019=CARTESIAN_POINT('',(-0.04825094544887,0.01604,0.03732));
#16020=CARTESIAN_POINT('',(-0.04685094544887,0.01604,0.03732));
#16021=CARTESIAN_POINT('',(-0.04685094544887,0.01604,0.04432));
#16022=CARTESIAN_POINT('',(-0.04685094544887,0.01604,0.03032));
#16023=CARTESIAN_POINT('',(-0.04685094544887,0.01204,0.03032));
#16024=CARTESIAN_POINT('',(-0.04685094544887,0.00804,0.03032));
#16025=CARTESIAN_POINT('',(-0.04685094544887,0.00804,0.03732));
#16026=CARTESIAN_POINT('',(-0.04685094544887,0.00804,0.04432));
#16027=CARTESIAN_POINT('',(-0.04685094544887,0.01204,0.04432));
#16028=CARTESIAN_POINT('',(-0.040949,0.02568,0.013943));
#16029=CARTESIAN_POINT('',(-0.036449,0.02568,0.013943));
#16030=CARTESIAN_POINT('',(-0.036449,0.02568,0.013943));
#16031=CARTESIAN_POINT('',(-0.040949,0.02568,0.013943));
#16032=CARTESIAN_POINT('',(-0.045449,0.02568,0.013943));
#16033=CARTESIAN_POINT('',(-0.045449,0.02568,0.013943));
#16034=CARTESIAN_POINT('',(-0.045449,0.02568,0.009443));
#16035=CARTESIAN_POINT('',(-0.045449,0.02568,0.009443));
#16036=CARTESIAN_POINT('',(-0.045449,0.02568,0.004943));
#16037=CARTESIAN_POINT('',(-0.045449,0.02568,0.004943));
#16038=CARTESIAN_POINT('',(-0.040949,0.02568,0.004943));
#16039=CARTESIAN_POINT('',(-0.040949,0.02568,0.004943));
#16040=CARTESIAN_POINT('',(-0.036449,0.02568,0.004943));
#16041=CARTESIAN_POINT('',(-0.036449,0.02568,0.004943));
#16042=CARTESIAN_POINT('',(-0.036449,0.02568,0.009443));
#16043=CARTESIAN_POINT('',(-0.036449,0.02568,0.009443));
#16044=CARTESIAN_POINT('',(0.044551,0.02568,0.071813));
#16045=CARTESIAN_POINT('',(0.049051,0.02568,0.071813));
#16046=CARTESIAN_POINT('',(0.049051,0.02568,0.071813));
#16047=CARTESIAN_POINT('',(0.044551,0.02568,0.071813));
#16048=CARTESIAN_POINT('',(0.040051,0.02568,0.071813));
#16049=CARTESIAN_POINT('',(0.040051,0.02568,0.071813));
#16050=CARTESIAN_POINT('',(0.040051,0.02568,0.067878));
#16051=CARTESIAN_POINT('',(0.040051,0.02568,0.067878));
#16052=CARTESIAN_POINT('',(0.040051,0.02568,0.063943));
#16053=CARTESIAN_POINT('',(0.040051,0.02568,0.063943));
#16054=CARTESIAN_POINT('',(0.044551,0.02568,0.063943));
#16055=CARTESIAN_POINT('',(0.044551,0.02568,0.063943));
#16056=CARTESIAN_POINT('',(0.049051,0.02568,0.063943));
#16057=CARTESIAN_POINT('',(0.049051,0.02568,0.063943));
#16058=CARTESIAN_POINT('',(0.049051,0.02568,0.067878));
#16059=CARTESIAN_POINT('',(0.049051,0.02568,0.067878));
#16060=CARTESIAN_POINT('',(0.044551,0.02568,0.011443));
#16061=CARTESIAN_POINT('',(0.049051,0.02568,0.011443));
#16062=CARTESIAN_POINT('',(0.049051,0.02568,0.011443));
#16063=CARTESIAN_POINT('',(0.044551,0.02568,0.011443));
#16064=CARTESIAN_POINT('',(0.040051,0.02568,0.011443));
#16065=CARTESIAN_POINT('',(0.040051,0.02568,0.011443));
#16066=CARTESIAN_POINT('',(0.040051,0.02568,0.006543));
#16067=CARTESIAN_POINT('',(0.040051,0.02568,0.006543));
#16068=CARTESIAN_POINT('',(0.040051,0.02568,0.001643));
#16069=CARTESIAN_POINT('',(0.040051,0.02568,0.001643));
#16070=CARTESIAN_POINT('',(0.044551,0.02568,0.001643));
#16071=CARTESIAN_POINT('',(0.044551,0.02568,0.001643));
#16072=CARTESIAN_POINT('',(0.049051,0.02568,0.001643));
#16073=CARTESIAN_POINT('',(0.049051,0.02568,0.001643));
#16074=CARTESIAN_POINT('',(0.049051,0.02568,0.006543));
#16075=CARTESIAN_POINT('',(0.049051,0.02568,0.006543));
#16076=CARTESIAN_POINT('',(-0.040449,0.02568,0.070943));
#16077=CARTESIAN_POINT('',(-0.035949,0.02568,0.070943));
#16078=CARTESIAN_POINT('',(-0.035949,0.02568,0.070943));
#16079=CARTESIAN_POINT('',(-0.040449,0.02568,0.070943));
#16080=CARTESIAN_POINT('',(-0.044949,0.02568,0.070943));
#16081=CARTESIAN_POINT('',(-0.044949,0.02568,0.070943));
#16082=CARTESIAN_POINT('',(-0.044949,0.02568,0.066443));
#16083=CARTESIAN_POINT('',(-0.044949,0.02568,0.066443));
#16084=CARTESIAN_POINT('',(-0.044949,0.02568,0.061943));
#16085=CARTESIAN_POINT('',(-0.044949,0.02568,0.061943));
#16086=CARTESIAN_POINT('',(-0.040449,0.02568,0.061943));
#16087=CARTESIAN_POINT('',(-0.040449,0.02568,0.061943));
#16088=CARTESIAN_POINT('',(-0.035949,0.02568,0.061943));
#16089=CARTESIAN_POINT('',(-0.035949,0.02568,0.061943));
#16090=CARTESIAN_POINT('',(-0.035949,0.02568,0.066443));
#16091=CARTESIAN_POINT('',(-0.035949,0.02568,0.066443));
#16092=CARTESIAN_POINT('',(0.065943197868186,0.001978857491779,0.0195));
#16093=CARTESIAN_POINT('',(0.065943197868186,0.001978857491779,0.0595));
#16094=CARTESIAN_POINT('',(0.052055470625662,0.02484188339972,0.0695));
#16095=CARTESIAN_POINT('',(0.0528451033707529,0.0232243296516542,0.0695));
#16096=CARTESIAN_POINT('',(0.053249491807769,0.023421737837927,0.0695));
#16097=CARTESIAN_POINT('',(0.0536538802447863,0.0236191460242001,0.0695));
#16098=CARTESIAN_POINT('',(0.053302932358079,0.024338058801118,0.0695));
#16099=CARTESIAN_POINT('',(0.001801,0.02568,0.036728));
#16100=CARTESIAN_POINT('',(-0.040949,0.02568,0.009443));
#16101=CARTESIAN_POINT('',(-0.040949,0.02568,0.007143));
#16102=CARTESIAN_POINT('',(0.001801,0.02568,0.036728));
#16103=CARTESIAN_POINT('',(0.044551,0.02568,0.068443));
#16104=CARTESIAN_POINT('',(0.044551,0.02568,0.066143));
#16105=CARTESIAN_POINT('',(0.001801,0.02568,0.036728));
#16106=CARTESIAN_POINT('',(0.044551,0.02568,0.006943));
#16107=CARTESIAN_POINT('',(0.044551,0.02568,0.004643));
#16108=CARTESIAN_POINT('',(0.001801,0.02568,0.036728));
#16109=CARTESIAN_POINT('',(-0.040449,0.02568,0.066443));
#16110=CARTESIAN_POINT('',(-0.040449,0.02568,0.064143));
#16111=CARTESIAN_POINT('',(-0.040949,0.02068,0.009443));
#16112=CARTESIAN_POINT('',(-0.040949,0.02068,0.007143));
#16113=CARTESIAN_POINT('',(-0.040949,0.02068,0.007143));
#16114=CARTESIAN_POINT('',(-0.040949,0.02068,0.009443));
#16115=CARTESIAN_POINT('',(0.044551,0.02068,0.068443));
#16116=CARTESIAN_POINT('',(0.044551,0.02068,0.066143));
#16117=CARTESIAN_POINT('',(0.044551,0.02068,0.066143));
#16118=CARTESIAN_POINT('',(0.044551,0.02068,0.068443));
#16119=CARTESIAN_POINT('',(0.044551,0.02068,0.006943));
#16120=CARTESIAN_POINT('',(0.044551,0.02068,0.004643));
#16121=CARTESIAN_POINT('',(0.044551,0.02068,0.004643));
#16122=CARTESIAN_POINT('',(0.044551,0.02068,0.006943));
#16123=CARTESIAN_POINT('',(-0.040449,0.02068,0.066443));
#16124=CARTESIAN_POINT('',(-0.040449,0.02068,0.064143));
#16125=CARTESIAN_POINT('',(-0.040449,0.02068,0.064143));
#16126=CARTESIAN_POINT('',(-0.040449,0.02068,0.066443));
#16127=CARTESIAN_POINT('',(0.001801,0.02068,0.037693));
#16128=CARTESIAN_POINT('',(-0.040949,0.02068,0.009443));
#16129=CARTESIAN_POINT('',(-0.040949,0.02068,0.007843));
#16130=CARTESIAN_POINT('',(0.001801,0.02068,0.037693));
#16131=CARTESIAN_POINT('',(0.044551,0.02068,0.068443));
#16132=CARTESIAN_POINT('',(0.044551,0.02068,0.066843));
#16133=CARTESIAN_POINT('',(0.001801,0.02068,0.037693));
#16134=CARTESIAN_POINT('',(0.044551,0.02068,0.006943));
#16135=CARTESIAN_POINT('',(0.044551,0.02068,0.005343));
#16136=CARTESIAN_POINT('',(0.001801,0.02068,0.037693));
#16137=CARTESIAN_POINT('',(-0.040449,0.02068,0.066443));
#16138=CARTESIAN_POINT('',(-0.040449,0.02068,0.064843));
#16139=CARTESIAN_POINT('',(-0.040949,0.00968,0.009443));
#16140=CARTESIAN_POINT('',(-0.040949,0.00968,0.007843));
#16141=CARTESIAN_POINT('',(-0.040949,0.00968,0.007843));
#16142=CARTESIAN_POINT('',(-0.040949,0.00968,0.009443));
#16143=CARTESIAN_POINT('',(0.044551,0.00968,0.068443));
#16144=CARTESIAN_POINT('',(0.044551,0.00968,0.066843));
#16145=CARTESIAN_POINT('',(0.044551,0.00968,0.066843));
#16146=CARTESIAN_POINT('',(0.044551,0.00968,0.068443));
#16147=CARTESIAN_POINT('',(0.044551,0.00968,0.006943));
#16148=CARTESIAN_POINT('',(0.044551,0.00968,0.005343));
#16149=CARTESIAN_POINT('',(0.044551,0.00968,0.005343));
#16150=CARTESIAN_POINT('',(0.044551,0.00968,0.006943));
#16151=CARTESIAN_POINT('',(-0.040449,0.00968,0.066443));
#16152=CARTESIAN_POINT('',(-0.040449,0.00968,0.064843));
#16153=CARTESIAN_POINT('',(-0.040449,0.00968,0.064843));
#16154=CARTESIAN_POINT('',(-0.040449,0.00968,0.066443));
#16155=CARTESIAN_POINT('',(0.001801,0.00968,0.037693));
#16156=CARTESIAN_POINT('',(0.001801,0.00968,0.037693));
#16157=CARTESIAN_POINT('',(0.001801,0.00968,0.037693));
#16158=CARTESIAN_POINT('',(0.001801,0.00968,0.037693));
#16159=CARTESIAN_POINT('',(-0.0359509454488701,0.0347262935787489,0.00152276097238096));
#16160=CARTESIAN_POINT('',(0.,0.,0.));
#16161=CARTESIAN_POINT('',(-0.05703,0.03858,0.02846));
#16162=CARTESIAN_POINT('',(-0.05703,0.00048,0.02846));
#16163=CARTESIAN_POINT('',(-0.07608,0.03858,0.03776));
#16164=CARTESIAN_POINT('',(-0.09513,0.01953,0.03776));
#16165=CARTESIAN_POINT('',(-0.09513,0.00048,0.02846));
#16166=CARTESIAN_POINT('',(-0.09513,0.01953,0.02846));
#16167=CARTESIAN_POINT('',(-0.07608,0.03858,0.02846));
#16168=CARTESIAN_POINT('',(-0.05703,0.01953,0.02846));
#16169=CARTESIAN_POINT('',(-0.07608,0.00048,0.03776));
#16170=CARTESIAN_POINT('',(-0.05703,0.00048,0.03776));
#16171=CARTESIAN_POINT('',(-0.05703,0.03858,0.03776));
#16172=CARTESIAN_POINT('',(0.036575,0.,0.0012));
#16173=CARTESIAN_POINT('',(0.036575,0.,0.));
#16174=CARTESIAN_POINT('',(0.,0.,0.));
#16175=CARTESIAN_POINT('',(0.07315,0.,0.));
#16176=CARTESIAN_POINT('',(0.,0.,0.0012));
#16177=CARTESIAN_POINT('',(0.,0.,0.0012));
#16178=CARTESIAN_POINT('',(0.036575,0.,0.0012));
#16179=CARTESIAN_POINT('',(0.07315,0.,0.0012));
#16180=CARTESIAN_POINT('',(0.07315,0.,0.0012));
#16181=CARTESIAN_POINT('',(0.,-0.01054,0.0012));
#16182=CARTESIAN_POINT('',(0.,-0.01054,0.));
#16183=CARTESIAN_POINT('',(0.,-0.02108,0.));
#16184=CARTESIAN_POINT('',(0.,-0.02108,0.0012));
#16185=CARTESIAN_POINT('',(0.,-0.02108,0.0012));
#16186=CARTESIAN_POINT('',(0.,-0.01054,0.0012));
#16187=CARTESIAN_POINT('',(0.036575,-0.02108,0.0012));
#16188=CARTESIAN_POINT('',(0.036575,-0.02108,0.));
#16189=CARTESIAN_POINT('',(0.07315,-0.02108,0.));
#16190=CARTESIAN_POINT('',(0.07315,-0.02108,0.0012));
#16191=CARTESIAN_POINT('',(0.07315,-0.02108,0.0012));
#16192=CARTESIAN_POINT('',(0.036575,-0.02108,0.0012));
#16193=CARTESIAN_POINT('',(0.00241,-0.00241,0.0012));
#16194=CARTESIAN_POINT('',(0.00241,-0.00241,0.0012));
#16195=CARTESIAN_POINT('',(0.00116,-0.00241,0.0012));
#16196=CARTESIAN_POINT('',(0.00241,-0.00241,0.));
#16197=CARTESIAN_POINT('',(0.00116,-0.00241,0.));
#16198=CARTESIAN_POINT('',(0.00241,-0.01867,0.0012));
#16199=CARTESIAN_POINT('',(0.00241,-0.01867,0.0012));
#16200=CARTESIAN_POINT('',(0.00116,-0.01867,0.0012));
#16201=CARTESIAN_POINT('',(0.00241,-0.01867,0.));
#16202=CARTESIAN_POINT('',(0.00116,-0.01867,0.));
#16203=CARTESIAN_POINT('',(0.07315,-0.01054,0.0012));
#16204=CARTESIAN_POINT('',(0.07315,-0.01054,0.));
#16205=CARTESIAN_POINT('',(0.07315,-0.01054,0.0012));
#16206=CARTESIAN_POINT('',(0.036575,-0.01054,0.0012));
#16207=CARTESIAN_POINT('',(0.03836,-0.00165,0.0012));
#16208=CARTESIAN_POINT('',(0.06961,-0.00165,0.0012));
#16209=CARTESIAN_POINT('',(0.00711,-0.00165,0.0012));
#16210=CARTESIAN_POINT('',(0.06961,-0.0106,0.0012));
#16211=CARTESIAN_POINT('',(0.06961,-0.01955,0.0012));
#16212=CARTESIAN_POINT('',(0.036575,-0.01955,0.0012));
#16213=CARTESIAN_POINT('',(0.00711,-0.01955,0.0012));
#16214=CARTESIAN_POINT('',(0.00711,-0.01054,0.0012));
#16215=CARTESIAN_POINT('',(0.036575,-0.01054,0.));
#16216=CARTESIAN_POINT('',(0.03836,-0.00165,0.00356));
#16217=CARTESIAN_POINT('',(0.06961,-0.00165,0.00356));
#16218=CARTESIAN_POINT('',(0.06961,-0.00165,0.00356));
#16219=CARTESIAN_POINT('',(0.00711,-0.00165,0.00356));
#16220=CARTESIAN_POINT('',(0.00711,-0.00165,0.00356));
#16221=CARTESIAN_POINT('',(0.03836,-0.00165,0.00356));
#16222=CARTESIAN_POINT('',(0.00711,-0.0106,0.00356));
#16223=CARTESIAN_POINT('',(0.00711,-0.01955,0.00356));
#16224=CARTESIAN_POINT('',(0.00711,-0.01955,0.00356));
#16225=CARTESIAN_POINT('',(0.00711,-0.01054,0.00356));
#16226=CARTESIAN_POINT('',(0.03836,-0.01955,0.00356));
#16227=CARTESIAN_POINT('',(0.06961,-0.01955,0.00356));
#16228=CARTESIAN_POINT('',(0.06961,-0.01955,0.00356));
#16229=CARTESIAN_POINT('',(0.036575,-0.01955,0.00356));
#16230=CARTESIAN_POINT('',(0.06961,-0.0106,0.00356));
#16231=CARTESIAN_POINT('',(0.06961,-0.0106,0.00356));
#16232=CARTESIAN_POINT('',(0.036575,-0.01054,0.00356));
#16233=CARTESIAN_POINT('',(-0.038775,-0.0280321653150805,0.00718466464171861));
#16234=CARTESIAN_POINT('',(-0.09513,0.03858,0.02846));
#16235=CARTESIAN_POINT('',(-0.09513,0.00048,0.03776));
#16236=CARTESIAN_POINT('',(-0.07608,0.01953,0.02846));
#16237=CARTESIAN_POINT('',(0.07389,-0.080575,0.002595));
#16238=CARTESIAN_POINT('',(0.07389,-0.080575,0.002595));
#16239=CARTESIAN_POINT('',(0.07389,-0.080325,0.002595));
#16240=CARTESIAN_POINT('',(0.07389,-0.080575,-0.000905));
#16241=CARTESIAN_POINT('',(0.07389,-0.080825,-0.000905));
#16242=CARTESIAN_POINT('',(0.07439,-0.080575,0.002595));
#16243=CARTESIAN_POINT('',(0.07439,-0.080575,0.003095));
#16244=CARTESIAN_POINT('',(0.07439,-0.080575,0.003345));
#16245=CARTESIAN_POINT('',(0.07439,-0.080575,0.003095));
#16246=CARTESIAN_POINT('',(0.08101,-0.080575,0.003095));
#16247=CARTESIAN_POINT('',(0.08101,-0.080575,0.003345));
#16248=CARTESIAN_POINT('',(0.08101,-0.080575,0.002595));
#16249=CARTESIAN_POINT('',(0.08151,-0.080575,0.002595));
#16250=CARTESIAN_POINT('',(0.08151,-0.080825,0.002595));
#16251=CARTESIAN_POINT('',(0.08151,-0.080575,0.002595));
#16252=CARTESIAN_POINT('',(0.08151,-0.080575,-0.000905));
#16253=CARTESIAN_POINT('',(0.08151,-0.080325,-0.000905));
#16254=CARTESIAN_POINT('',(0.07414,-0.080575,-0.000905));
#16255=CARTESIAN_POINT('',(0.08126,-0.080575,-0.000905));
#16256=CARTESIAN_POINT('',(-0.170287898826536,0.0956649017604179,0.0269519116441274));
#16257=CARTESIAN_POINT('',(0.09294,-0.099625,0.002595));
#16258=CARTESIAN_POINT('',(0.09294,-0.099625,0.002595));
#16259=CARTESIAN_POINT('',(0.09294,-0.099375,0.002595));
#16260=CARTESIAN_POINT('',(0.09294,-0.099625,-0.000905));
#16261=CARTESIAN_POINT('',(0.09294,-0.099875,-0.000905));
#16262=CARTESIAN_POINT('',(0.09344,-0.099625,0.002595));
#16263=CARTESIAN_POINT('',(0.09344,-0.099625,0.003095));
#16264=CARTESIAN_POINT('',(0.09344,-0.099625,0.003345));
#16265=CARTESIAN_POINT('',(0.09344,-0.099625,0.003095));
#16266=CARTESIAN_POINT('',(0.10006,-0.099625,0.003095));
#16267=CARTESIAN_POINT('',(0.10006,-0.099625,0.003345));
#16268=CARTESIAN_POINT('',(0.10006,-0.099625,0.002595));
#16269=CARTESIAN_POINT('',(0.10056,-0.099625,0.002595));
#16270=CARTESIAN_POINT('',(0.10056,-0.099875,0.002595));
#16271=CARTESIAN_POINT('',(0.10056,-0.099625,0.002595));
#16272=CARTESIAN_POINT('',(0.10056,-0.099625,-0.000905));
#16273=CARTESIAN_POINT('',(0.10056,-0.099375,-0.000905));
#16274=CARTESIAN_POINT('',(0.09319,-0.099625,-0.000905));
#16275=CARTESIAN_POINT('',(0.10031,-0.099625,-0.000905));
#16276=CARTESIAN_POINT('',(-0.170287898826536,0.0956649017604179,0.0269519116441274));
#16277=CARTESIAN_POINT('',(0.09535,-0.061525,0.003095));
#16278=CARTESIAN_POINT('',(0.09635,-0.061525,0.003095));
#16279=CARTESIAN_POINT('',(0.09635,-0.061525,0.002085));
#16280=CARTESIAN_POINT('',(0.09535,-0.061525,0.003095));
#16281=CARTESIAN_POINT('',(0.09535,-0.061525,0.002085));
#16282=CARTESIAN_POINT('',(0.09535,-0.061525,0.003095));
#16283=CARTESIAN_POINT('',(0.09535,-0.061525,0.003095));
#16284=CARTESIAN_POINT('',(0.09535,-0.061525,0.002095));
#16285=CARTESIAN_POINT('',(0.09635,-0.061525,0.003095));
#16286=CARTESIAN_POINT('',(0.09635,-0.061525,0.003095));
#16287=CARTESIAN_POINT('',(0.09635,-0.061525,0.002095));
#16288=CARTESIAN_POINT('',(0.09475,-0.061525,0.003095));
#16289=CARTESIAN_POINT('',(0.09515,-0.061525,0.003095));
#16290=CARTESIAN_POINT('',(0.09515,-0.061525,0.002095));
#16291=CARTESIAN_POINT('',(0.09475,-0.061525,0.003095));
#16292=CARTESIAN_POINT('',(0.09835,-0.061525,0.003095));
#16293=CARTESIAN_POINT('',(0.09835,-0.061525,0.004095));
#16294=CARTESIAN_POINT('',(0.09515,-0.061525,0.003095));
#16295=CARTESIAN_POINT('',(0.09475,-0.061525,0.003095));
#16296=CARTESIAN_POINT('',(0.09475,-0.061525,0.003695));
#16297=CARTESIAN_POINT('',(0.09835,-0.061525,0.003095));
#16298=CARTESIAN_POINT('',(0.09875,-0.061525,0.003095));
#16299=CARTESIAN_POINT('',(0.09875,-0.061525,0.003695));
#16300=CARTESIAN_POINT('',(0.09475,-0.061525,0.003095));
#16301=CARTESIAN_POINT('',(0.09875,-0.061525,0.003095));
#16302=CARTESIAN_POINT('',(-0.170287898826536,0.0956649017604179,0.0269519116441274));
#16303=CARTESIAN_POINT('',(0.09294,-0.080575,0.002595));
#16304=CARTESIAN_POINT('',(0.09294,-0.080575,0.002595));
#16305=CARTESIAN_POINT('',(0.09294,-0.080325,0.002595));
#16306=CARTESIAN_POINT('',(0.09294,-0.080575,-0.000905));
#16307=CARTESIAN_POINT('',(0.09294,-0.080825,-0.000905));
#16308=CARTESIAN_POINT('',(0.09344,-0.080575,0.002595));
#16309=CARTESIAN_POINT('',(0.09344,-0.080575,0.003095));
#16310=CARTESIAN_POINT('',(0.09344,-0.080575,0.003345));
#16311=CARTESIAN_POINT('',(0.09344,-0.080575,0.003095));
#16312=CARTESIAN_POINT('',(0.10006,-0.080575,0.003095));
#16313=CARTESIAN_POINT('',(0.10006,-0.080575,0.003345));
#16314=CARTESIAN_POINT('',(0.10006,-0.080575,0.002595));
#16315=CARTESIAN_POINT('',(0.10056,-0.080575,0.002595));
#16316=CARTESIAN_POINT('',(0.10056,-0.080825,0.002595));
#16317=CARTESIAN_POINT('',(0.10056,-0.080575,0.002595));
#16318=CARTESIAN_POINT('',(0.10056,-0.080575,-0.000905));
#16319=CARTESIAN_POINT('',(0.10056,-0.080325,-0.000905));
#16320=CARTESIAN_POINT('',(0.09319,-0.080575,-0.000905));
#16321=CARTESIAN_POINT('',(0.10031,-0.080575,-0.000905));
#16322=CARTESIAN_POINT('',(-0.170287898826536,0.0956649017604179,0.0269519116441274));
#16323=CARTESIAN_POINT('',(0.08715,-0.107484,-8.5E-5));
#16324=CARTESIAN_POINT('',(0.08715,-0.107484,-8.5E-5));
#16325=CARTESIAN_POINT('',(0.08715,-0.107484,-8.5E-5));
#16326=CARTESIAN_POINT('',(0.087404,-0.10723,-8.5E-5));
#16327=CARTESIAN_POINT('',(0.087404,-0.10723,-8.5E-5));
#16328=CARTESIAN_POINT('',(0.087404,-0.10723,-0.002625));
#16329=CARTESIAN_POINT('',(0.08715,-0.107484,-0.002625));
#16330=CARTESIAN_POINT('',(0.08715,-0.107484,-0.002625));
#16331=CARTESIAN_POINT('',(0.08715,-0.107484,-8.5E-5));
#16332=CARTESIAN_POINT('',(0.08715,-0.109516,-8.5E-5));
#16333=CARTESIAN_POINT('',(0.08715,-0.109516,-8.5E-5));
#16334=CARTESIAN_POINT('',(0.08715,-0.109516,-8.5E-5));
#16335=CARTESIAN_POINT('',(0.08715,-0.1085,-0.002625));
#16336=CARTESIAN_POINT('',(0.08715,-0.109516,-0.002625));
#16337=CARTESIAN_POINT('',(0.08715,-0.109516,-8.5E-5));
#16338=CARTESIAN_POINT('',(0.087404,-0.10723,-8.5E-5));
#16339=CARTESIAN_POINT('',(0.087404,-0.10723,-8.5E-5));
#16340=CARTESIAN_POINT('',(0.089436,-0.10723,-8.5E-5));
#16341=CARTESIAN_POINT('',(0.089436,-0.10723,-8.5E-5));
#16342=CARTESIAN_POINT('',(0.089436,-0.10723,-0.002625));
#16343=CARTESIAN_POINT('',(0.09731,-0.10723,-0.002625));
#16344=CARTESIAN_POINT('',(0.09731,-0.1085,-8.50000000000011E-5));
#16345=CARTESIAN_POINT('',(0.087404,-0.10977,-8.5E-5));
#16346=CARTESIAN_POINT('',(0.087404,-0.10977,-8.5E-5));
#16347=CARTESIAN_POINT('',(0.089436,-0.10977,-8.5E-5));
#16348=CARTESIAN_POINT('',(0.089436,-0.10977,-8.5E-5));
#16349=CARTESIAN_POINT('',(0.08969,-0.109516,-8.5E-5));
#16350=CARTESIAN_POINT('',(0.08969,-0.109516,-8.5E-5));
#16351=CARTESIAN_POINT('',(0.089944,-0.10977,-8.5E-5));
#16352=CARTESIAN_POINT('',(0.089944,-0.10977,-8.5E-5));
#16353=CARTESIAN_POINT('',(0.091976,-0.10977,-8.5E-5));
#16354=CARTESIAN_POINT('',(0.091976,-0.10977,-8.5E-5));
#16355=CARTESIAN_POINT('',(0.09223,-0.109516,-8.5E-5));
#16356=CARTESIAN_POINT('',(0.09223,-0.109516,-8.5E-5));
#16357=CARTESIAN_POINT('',(0.092484,-0.10977,-8.5E-5));
#16358=CARTESIAN_POINT('',(0.092484,-0.10977,-8.5E-5));
#16359=CARTESIAN_POINT('',(0.094516,-0.10977,-8.5E-5));
#16360=CARTESIAN_POINT('',(0.094516,-0.10977,-8.5E-5));
#16361=CARTESIAN_POINT('',(0.09477,-0.109516,-8.5E-5));
#16362=CARTESIAN_POINT('',(0.09477,-0.109516,-8.5E-5));
#16363=CARTESIAN_POINT('',(0.095024,-0.10977,-8.5E-5));
#16364=CARTESIAN_POINT('',(0.095024,-0.10977,-8.5E-5));
#16365=CARTESIAN_POINT('',(0.097056,-0.10977,-8.50000000000011E-5));
#16366=CARTESIAN_POINT('',(0.097056,-0.10977,-8.50000000000011E-5));
#16367=CARTESIAN_POINT('',(0.09731,-0.109516,-8.50000000000011E-5));
#16368=CARTESIAN_POINT('',(0.09731,-0.109516,-8.50000000000011E-5));
#16369=CARTESIAN_POINT('',(0.097564,-0.10977,-8.50000000000011E-5));
#16370=CARTESIAN_POINT('',(0.097564,-0.10977,-8.50000000000011E-5));
#16371=CARTESIAN_POINT('',(0.099596,-0.10977,-8.50000000000014E-5));
#16372=CARTESIAN_POINT('',(0.099596,-0.10977,-8.50000000000014E-5));
#16373=CARTESIAN_POINT('',(0.09985,-0.109516,-8.50000000000014E-5));
#16374=CARTESIAN_POINT('',(0.09985,-0.109516,-8.50000000000014E-5));
#16375=CARTESIAN_POINT('',(0.100104,-0.10977,-8.50000000000014E-5));
#16376=CARTESIAN_POINT('',(0.100104,-0.10977,-8.50000000000014E-5));
#16377=CARTESIAN_POINT('',(0.102136,-0.10977,-8.50000000000017E-5));
#16378=CARTESIAN_POINT('',(0.102136,-0.10977,-8.50000000000017E-5));
#16379=CARTESIAN_POINT('',(0.10239,-0.109516,-8.50000000000017E-5));
#16380=CARTESIAN_POINT('',(0.10239,-0.109516,-8.50000000000017E-5));
#16381=CARTESIAN_POINT('',(0.102644,-0.10977,-8.50000000000018E-5));
#16382=CARTESIAN_POINT('',(0.102644,-0.10977,-8.50000000000018E-5));
#16383=CARTESIAN_POINT('',(0.104676,-0.10977,-8.5000000000002E-5));
#16384=CARTESIAN_POINT('',(0.104676,-0.10977,-8.5000000000002E-5));
#16385=CARTESIAN_POINT('',(0.10493,-0.109516,-8.5000000000002E-5));
#16386=CARTESIAN_POINT('',(0.10493,-0.109516,-8.5000000000002E-5));
#16387=CARTESIAN_POINT('',(0.105184,-0.10977,-8.50000000000021E-5));
#16388=CARTESIAN_POINT('',(0.105184,-0.10977,-8.50000000000021E-5));
#16389=CARTESIAN_POINT('',(0.107216,-0.10977,-8.50000000000023E-5));
#16390=CARTESIAN_POINT('',(0.107216,-0.10977,-8.50000000000023E-5));
#16391=CARTESIAN_POINT('',(0.10747,-0.109516,-8.50000000000023E-5));
#16392=CARTESIAN_POINT('',(0.10747,-0.109516,-8.50000000000023E-5));
#16393=CARTESIAN_POINT('',(0.10747,-0.107484,-8.50000000000023E-5));
#16394=CARTESIAN_POINT('',(0.10747,-0.107484,-8.50000000000023E-5));
#16395=CARTESIAN_POINT('',(0.107216,-0.10723,-8.50000000000023E-5));
#16396=CARTESIAN_POINT('',(0.107216,-0.10723,-8.50000000000023E-5));
#16397=CARTESIAN_POINT('',(0.105184,-0.10723,-8.50000000000021E-5));
#16398=CARTESIAN_POINT('',(0.105184,-0.10723,-8.50000000000021E-5));
#16399=CARTESIAN_POINT('',(0.10493,-0.107484,-8.5000000000002E-5));
#16400=CARTESIAN_POINT('',(0.10493,-0.107484,-8.5000000000002E-5));
#16401=CARTESIAN_POINT('',(0.104676,-0.10723,-8.5000000000002E-5));
#16402=CARTESIAN_POINT('',(0.104676,-0.10723,-8.5000000000002E-5));
#16403=CARTESIAN_POINT('',(0.102644,-0.10723,-8.50000000000018E-5));
#16404=CARTESIAN_POINT('',(0.102644,-0.10723,-8.50000000000018E-5));
#16405=CARTESIAN_POINT('',(0.10239,-0.107484,-8.50000000000017E-5));
#16406=CARTESIAN_POINT('',(0.10239,-0.107484,-8.50000000000017E-5));
#16407=CARTESIAN_POINT('',(0.102136,-0.10723,-8.50000000000017E-5));
#16408=CARTESIAN_POINT('',(0.102136,-0.10723,-8.50000000000017E-5));
#16409=CARTESIAN_POINT('',(0.100104,-0.10723,-8.50000000000014E-5));
#16410=CARTESIAN_POINT('',(0.100104,-0.10723,-8.50000000000014E-5));
#16411=CARTESIAN_POINT('',(0.09985,-0.107484,-8.50000000000014E-5));
#16412=CARTESIAN_POINT('',(0.09985,-0.107484,-8.50000000000014E-5));
#16413=CARTESIAN_POINT('',(0.099596,-0.10723,-8.50000000000014E-5));
#16414=CARTESIAN_POINT('',(0.099596,-0.10723,-8.50000000000014E-5));
#16415=CARTESIAN_POINT('',(0.097564,-0.10723,-8.50000000000011E-5));
#16416=CARTESIAN_POINT('',(0.097564,-0.10723,-8.50000000000011E-5));
#16417=CARTESIAN_POINT('',(0.09731,-0.107484,-8.50000000000011E-5));
#16418=CARTESIAN_POINT('',(0.09731,-0.107484,-8.50000000000011E-5));
#16419=CARTESIAN_POINT('',(0.097056,-0.10723,-8.50000000000011E-5));
#16420=CARTESIAN_POINT('',(0.097056,-0.10723,-8.50000000000011E-5));
#16421=CARTESIAN_POINT('',(0.095024,-0.10723,-8.5E-5));
#16422=CARTESIAN_POINT('',(0.095024,-0.10723,-8.5E-5));
#16423=CARTESIAN_POINT('',(0.09477,-0.107484,-8.5E-5));
#16424=CARTESIAN_POINT('',(0.09477,-0.107484,-8.5E-5));
#16425=CARTESIAN_POINT('',(0.094516,-0.10723,-8.5E-5));
#16426=CARTESIAN_POINT('',(0.094516,-0.10723,-8.5E-5));
#16427=CARTESIAN_POINT('',(0.092484,-0.10723,-8.5E-5));
#16428=CARTESIAN_POINT('',(0.092484,-0.10723,-8.5E-5));
#16429=CARTESIAN_POINT('',(0.09223,-0.107484,-8.5E-5));
#16430=CARTESIAN_POINT('',(0.09223,-0.107484,-8.5E-5));
#16431=CARTESIAN_POINT('',(0.091976,-0.10723,-8.5E-5));
#16432=CARTESIAN_POINT('',(0.091976,-0.10723,-8.5E-5));
#16433=CARTESIAN_POINT('',(0.089944,-0.10723,-8.5E-5));
#16434=CARTESIAN_POINT('',(0.089944,-0.10723,-8.5E-5));
#16435=CARTESIAN_POINT('',(0.08969,-0.107484,-8.5E-5));
#16436=CARTESIAN_POINT('',(0.08969,-0.107484,-8.5E-5));
#16437=CARTESIAN_POINT('',(0.089436,-0.10723,-8.5E-5));
#16438=CARTESIAN_POINT('',(0.09731,-0.10882,-8.50000000000011E-5));
#16439=CARTESIAN_POINT('',(0.10652,-0.10882,-8.50000000000022E-5));
#16440=CARTESIAN_POINT('',(0.10588,-0.10882,-8.50000000000022E-5));
#16441=CARTESIAN_POINT('',(0.10588,-0.1085,-8.50000000000022E-5));
#16442=CARTESIAN_POINT('',(0.10588,-0.10818,-8.50000000000022E-5));
#16443=CARTESIAN_POINT('',(0.10652,-0.10818,-8.50000000000022E-5));
#16444=CARTESIAN_POINT('',(0.10652,-0.10818,-8.50000000000022E-5));
#16445=CARTESIAN_POINT('',(0.10652,-0.10818,-8.50000000000022E-5));
#16446=CARTESIAN_POINT('',(0.10398,-0.10818,-8.50000000000019E-5));
#16447=CARTESIAN_POINT('',(0.10398,-0.10818,-8.50000000000019E-5));
#16448=CARTESIAN_POINT('',(0.10334,-0.10818,-8.50000000000018E-5));
#16449=CARTESIAN_POINT('',(0.10398,-0.10818,-8.50000000000019E-5));
#16450=CARTESIAN_POINT('',(0.10398,-0.10882,-8.50000000000019E-5));
#16451=CARTESIAN_POINT('',(0.09731,-0.10882,-8.50000000000011E-5));
#16452=CARTESIAN_POINT('',(0.10334,-0.10882,-8.50000000000018E-5));
#16453=CARTESIAN_POINT('',(0.10334,-0.1085,-8.50000000000018E-5));
#16454=CARTESIAN_POINT('',(0.09572,-0.1085,-8.5E-5));
#16455=CARTESIAN_POINT('',(0.09572,-0.10882,-8.5E-5));
#16456=CARTESIAN_POINT('',(0.09572,-0.10818,-8.5E-5));
#16457=CARTESIAN_POINT('',(0.09636,-0.10818,-8.5000000000001E-5));
#16458=CARTESIAN_POINT('',(0.09636,-0.10818,-8.5000000000001E-5));
#16459=CARTESIAN_POINT('',(0.09636,-0.10818,-8.5000000000001E-5));
#16460=CARTESIAN_POINT('',(0.09636,-0.10882,-8.5000000000001E-5));
#16461=CARTESIAN_POINT('',(0.09731,-0.10882,-8.50000000000011E-5));
#16462=CARTESIAN_POINT('',(0.10144,-0.10818,-8.50000000000016E-5));
#16463=CARTESIAN_POINT('',(0.10144,-0.10818,-8.50000000000016E-5));
#16464=CARTESIAN_POINT('',(0.1008,-0.10818,-8.50000000000015E-5));
#16465=CARTESIAN_POINT('',(0.10144,-0.10818,-8.50000000000016E-5));
#16466=CARTESIAN_POINT('',(0.10144,-0.10882,-8.50000000000016E-5));
#16467=CARTESIAN_POINT('',(0.09731,-0.10882,-8.50000000000011E-5));
#16468=CARTESIAN_POINT('',(0.1008,-0.10882,-8.50000000000015E-5));
#16469=CARTESIAN_POINT('',(0.1008,-0.1085,-8.50000000000015E-5));
#16470=CARTESIAN_POINT('',(0.09826,-0.1085,-8.50000000000012E-5));
#16471=CARTESIAN_POINT('',(0.09826,-0.10882,-8.50000000000012E-5));
#16472=CARTESIAN_POINT('',(0.09826,-0.10818,-8.50000000000012E-5));
#16473=CARTESIAN_POINT('',(0.0989,-0.10818,-8.50000000000013E-5));
#16474=CARTESIAN_POINT('',(0.0989,-0.10818,-8.50000000000013E-5));
#16475=CARTESIAN_POINT('',(0.0989,-0.10818,-8.50000000000013E-5));
#16476=CARTESIAN_POINT('',(0.0989,-0.10882,-8.50000000000013E-5));
#16477=CARTESIAN_POINT('',(0.09731,-0.10882,-8.50000000000011E-5));
#16478=CARTESIAN_POINT('',(0.09128,-0.10818,-8.5E-5));
#16479=CARTESIAN_POINT('',(0.09128,-0.10818,-8.5E-5));
#16480=CARTESIAN_POINT('',(0.09064,-0.10818,-8.5E-5));
#16481=CARTESIAN_POINT('',(0.09128,-0.10818,-8.5E-5));
#16482=CARTESIAN_POINT('',(0.09128,-0.10882,-8.5E-5));
#16483=CARTESIAN_POINT('',(0.09731,-0.10882,-8.50000000000011E-5));
#16484=CARTESIAN_POINT('',(0.09064,-0.10882,-8.5E-5));
#16485=CARTESIAN_POINT('',(0.09064,-0.1085,-8.5E-5));
#16486=CARTESIAN_POINT('',(0.09731,-0.10882,-8.50000000000011E-5));
#16487=CARTESIAN_POINT('',(0.09382,-0.10882,-8.5E-5));
#16488=CARTESIAN_POINT('',(0.09318,-0.10882,-8.5E-5));
#16489=CARTESIAN_POINT('',(0.09318,-0.1085,-8.5E-5));
#16490=CARTESIAN_POINT('',(0.09318,-0.10818,-8.5E-5));
#16491=CARTESIAN_POINT('',(0.09382,-0.10818,-8.5E-5));
#16492=CARTESIAN_POINT('',(0.09382,-0.10818,-8.5E-5));
#16493=CARTESIAN_POINT('',(0.09382,-0.10818,-8.5E-5));
#16494=CARTESIAN_POINT('',(0.0881,-0.1085,-8.5E-5));
#16495=CARTESIAN_POINT('',(0.0881,-0.10882,-8.5E-5));
#16496=CARTESIAN_POINT('',(0.0881,-0.10818,-8.5E-5));
#16497=CARTESIAN_POINT('',(0.08874,-0.10818,-8.5E-5));
#16498=CARTESIAN_POINT('',(0.08874,-0.10818,-8.5E-5));
#16499=CARTESIAN_POINT('',(0.08874,-0.10818,-8.5E-5));
#16500=CARTESIAN_POINT('',(0.08874,-0.10882,-8.5E-5));
#16501=CARTESIAN_POINT('',(0.09731,-0.10882,-8.50000000000011E-5));
#16502=CARTESIAN_POINT('',(0.09731,-0.1085,-0.002625));
#16503=CARTESIAN_POINT('',(0.089436,-0.10723,-0.002625));
#16504=CARTESIAN_POINT('',(0.08969,-0.107484,-0.002625));
#16505=CARTESIAN_POINT('',(0.08969,-0.107484,-0.002625));
#16506=CARTESIAN_POINT('',(0.089944,-0.10723,-0.002625));
#16507=CARTESIAN_POINT('',(0.09731,-0.10723,-0.002625));
#16508=CARTESIAN_POINT('',(0.091976,-0.10723,-0.002625));
#16509=CARTESIAN_POINT('',(0.091976,-0.10723,-0.002625));
#16510=CARTESIAN_POINT('',(0.09223,-0.107484,-0.002625));
#16511=CARTESIAN_POINT('',(0.09223,-0.107484,-0.002625));
#16512=CARTESIAN_POINT('',(0.092484,-0.10723,-0.002625));
#16513=CARTESIAN_POINT('',(0.09731,-0.10723,-0.002625));
#16514=CARTESIAN_POINT('',(0.094516,-0.10723,-0.002625));
#16515=CARTESIAN_POINT('',(0.094516,-0.10723,-0.002625));
#16516=CARTESIAN_POINT('',(0.09477,-0.107484,-0.002625));
#16517=CARTESIAN_POINT('',(0.09477,-0.107484,-0.002625));
#16518=CARTESIAN_POINT('',(0.095024,-0.10723,-0.002625));
#16519=CARTESIAN_POINT('',(0.09731,-0.10723,-0.002625));
#16520=CARTESIAN_POINT('',(0.097056,-0.10723,-0.002625));
#16521=CARTESIAN_POINT('',(0.097056,-0.10723,-0.002625));
#16522=CARTESIAN_POINT('',(0.09731,-0.107484,-0.002625));
#16523=CARTESIAN_POINT('',(0.09731,-0.107484,-0.002625));
#16524=CARTESIAN_POINT('',(0.097564,-0.10723,-0.002625));
#16525=CARTESIAN_POINT('',(0.09731,-0.10723,-0.002625));
#16526=CARTESIAN_POINT('',(0.099596,-0.10723,-0.002625));
#16527=CARTESIAN_POINT('',(0.099596,-0.10723,-0.002625));
#16528=CARTESIAN_POINT('',(0.09985,-0.107484,-0.002625));
#16529=CARTESIAN_POINT('',(0.09985,-0.107484,-0.002625));
#16530=CARTESIAN_POINT('',(0.100104,-0.10723,-0.002625));
#16531=CARTESIAN_POINT('',(0.09731,-0.10723,-0.002625));
#16532=CARTESIAN_POINT('',(0.102136,-0.10723,-0.002625));
#16533=CARTESIAN_POINT('',(0.102136,-0.10723,-0.002625));
#16534=CARTESIAN_POINT('',(0.10239,-0.107484,-0.002625));
#16535=CARTESIAN_POINT('',(0.10239,-0.107484,-0.002625));
#16536=CARTESIAN_POINT('',(0.102644,-0.10723,-0.002625));
#16537=CARTESIAN_POINT('',(0.09731,-0.10723,-0.002625));
#16538=CARTESIAN_POINT('',(0.104676,-0.10723,-0.002625));
#16539=CARTESIAN_POINT('',(0.104676,-0.10723,-0.002625));
#16540=CARTESIAN_POINT('',(0.10493,-0.107484,-0.002625));
#16541=CARTESIAN_POINT('',(0.10493,-0.107484,-0.002625));
#16542=CARTESIAN_POINT('',(0.105184,-0.10723,-0.002625));
#16543=CARTESIAN_POINT('',(0.09731,-0.10723,-0.002625));
#16544=CARTESIAN_POINT('',(0.107216,-0.10723,-0.002625));
#16545=CARTESIAN_POINT('',(0.107216,-0.10723,-0.002625));
#16546=CARTESIAN_POINT('',(0.10747,-0.107484,-0.002625));
#16547=CARTESIAN_POINT('',(0.10747,-0.1085,-0.002625));
#16548=CARTESIAN_POINT('',(0.10747,-0.109516,-0.002625));
#16549=CARTESIAN_POINT('',(0.10747,-0.109516,-0.002625));
#16550=CARTESIAN_POINT('',(0.107216,-0.10977,-0.002625));
#16551=CARTESIAN_POINT('',(0.09731,-0.10977,-0.002625));
#16552=CARTESIAN_POINT('',(0.105184,-0.10977,-0.002625));
#16553=CARTESIAN_POINT('',(0.105184,-0.10977,-0.002625));
#16554=CARTESIAN_POINT('',(0.10493,-0.109516,-0.002625));
#16555=CARTESIAN_POINT('',(0.10493,-0.109516,-0.002625));
#16556=CARTESIAN_POINT('',(0.104676,-0.10977,-0.002625));
#16557=CARTESIAN_POINT('',(0.09731,-0.10977,-0.002625));
#16558=CARTESIAN_POINT('',(0.102644,-0.10977,-0.002625));
#16559=CARTESIAN_POINT('',(0.102644,-0.10977,-0.002625));
#16560=CARTESIAN_POINT('',(0.10239,-0.109516,-0.002625));
#16561=CARTESIAN_POINT('',(0.10239,-0.109516,-0.002625));
#16562=CARTESIAN_POINT('',(0.102136,-0.10977,-0.002625));
#16563=CARTESIAN_POINT('',(0.09731,-0.10977,-0.002625));
#16564=CARTESIAN_POINT('',(0.100104,-0.10977,-0.002625));
#16565=CARTESIAN_POINT('',(0.100104,-0.10977,-0.002625));
#16566=CARTESIAN_POINT('',(0.09985,-0.109516,-0.002625));
#16567=CARTESIAN_POINT('',(0.09985,-0.109516,-0.002625));
#16568=CARTESIAN_POINT('',(0.099596,-0.10977,-0.002625));
#16569=CARTESIAN_POINT('',(0.09731,-0.10977,-0.002625));
#16570=CARTESIAN_POINT('',(0.097564,-0.10977,-0.002625));
#16571=CARTESIAN_POINT('',(0.097564,-0.10977,-0.002625));
#16572=CARTESIAN_POINT('',(0.09731,-0.109516,-0.002625));
#16573=CARTESIAN_POINT('',(0.09731,-0.109516,-0.002625));
#16574=CARTESIAN_POINT('',(0.097056,-0.10977,-0.002625));
#16575=CARTESIAN_POINT('',(0.09731,-0.10977,-0.002625));
#16576=CARTESIAN_POINT('',(0.095024,-0.10977,-0.002625));
#16577=CARTESIAN_POINT('',(0.095024,-0.10977,-0.002625));
#16578=CARTESIAN_POINT('',(0.09477,-0.109516,-0.002625));
#16579=CARTESIAN_POINT('',(0.09477,-0.109516,-0.002625));
#16580=CARTESIAN_POINT('',(0.094516,-0.10977,-0.002625));
#16581=CARTESIAN_POINT('',(0.09731,-0.10977,-0.002625));
#16582=CARTESIAN_POINT('',(0.092484,-0.10977,-0.002625));
#16583=CARTESIAN_POINT('',(0.092484,-0.10977,-0.002625));
#16584=CARTESIAN_POINT('',(0.09223,-0.109516,-0.002625));
#16585=CARTESIAN_POINT('',(0.09223,-0.109516,-0.002625));
#16586=CARTESIAN_POINT('',(0.091976,-0.10977,-0.002625));
#16587=CARTESIAN_POINT('',(0.09731,-0.10977,-0.002625));
#16588=CARTESIAN_POINT('',(0.089944,-0.10977,-0.002625));
#16589=CARTESIAN_POINT('',(0.089944,-0.10977,-0.002625));
#16590=CARTESIAN_POINT('',(0.08969,-0.109516,-0.002625));
#16591=CARTESIAN_POINT('',(0.08969,-0.109516,-0.002625));
#16592=CARTESIAN_POINT('',(0.089436,-0.10977,-0.002625));
#16593=CARTESIAN_POINT('',(0.09731,-0.10977,-0.002625));
#16594=CARTESIAN_POINT('',(0.087404,-0.10977,-0.002625));
#16595=CARTESIAN_POINT('',(0.087404,-0.10977,-0.002625));
#16596=CARTESIAN_POINT('',(0.10652,-0.1085,-0.002625));
#16597=CARTESIAN_POINT('',(0.10652,-0.10882,-0.002625));
#16598=CARTESIAN_POINT('',(0.10652,-0.10818,-0.002625));
#16599=CARTESIAN_POINT('',(0.09731,-0.10818,-0.002625));
#16600=CARTESIAN_POINT('',(0.10588,-0.10818,-0.002625));
#16601=CARTESIAN_POINT('',(0.10588,-0.10818,-0.002625));
#16602=CARTESIAN_POINT('',(0.10588,-0.10882,-0.002625));
#16603=CARTESIAN_POINT('',(0.10652,-0.10882,-0.002625));
#16604=CARTESIAN_POINT('',(0.10334,-0.10818,-0.002625));
#16605=CARTESIAN_POINT('',(0.10334,-0.10882,-0.002625));
#16606=CARTESIAN_POINT('',(0.10334,-0.10818,-0.002625));
#16607=CARTESIAN_POINT('',(0.10398,-0.10882,-0.002625));
#16608=CARTESIAN_POINT('',(0.10398,-0.10882,-0.002625));
#16609=CARTESIAN_POINT('',(0.10398,-0.1085,-0.002625));
#16610=CARTESIAN_POINT('',(0.10398,-0.10818,-0.002625));
#16611=CARTESIAN_POINT('',(0.09731,-0.10818,-0.002625));
#16612=CARTESIAN_POINT('',(0.09636,-0.10882,-0.002625));
#16613=CARTESIAN_POINT('',(0.09636,-0.10882,-0.002625));
#16614=CARTESIAN_POINT('',(0.09572,-0.10882,-0.002625));
#16615=CARTESIAN_POINT('',(0.09636,-0.1085,-0.002625));
#16616=CARTESIAN_POINT('',(0.09636,-0.10818,-0.002625));
#16617=CARTESIAN_POINT('',(0.09731,-0.10818,-0.002625));
#16618=CARTESIAN_POINT('',(0.09572,-0.10818,-0.002625));
#16619=CARTESIAN_POINT('',(0.09572,-0.10818,-0.002625));
#16620=CARTESIAN_POINT('',(0.1008,-0.10818,-0.002625));
#16621=CARTESIAN_POINT('',(0.1008,-0.10882,-0.002625));
#16622=CARTESIAN_POINT('',(0.1008,-0.10818,-0.002625));
#16623=CARTESIAN_POINT('',(0.10144,-0.10882,-0.002625));
#16624=CARTESIAN_POINT('',(0.10144,-0.10882,-0.002625));
#16625=CARTESIAN_POINT('',(0.10144,-0.1085,-0.002625));
#16626=CARTESIAN_POINT('',(0.10144,-0.10818,-0.002625));
#16627=CARTESIAN_POINT('',(0.09731,-0.10818,-0.002625));
#16628=CARTESIAN_POINT('',(0.0989,-0.10882,-0.002625));
#16629=CARTESIAN_POINT('',(0.0989,-0.10882,-0.002625));
#16630=CARTESIAN_POINT('',(0.09826,-0.10882,-0.002625));
#16631=CARTESIAN_POINT('',(0.0989,-0.1085,-0.002625));
#16632=CARTESIAN_POINT('',(0.0989,-0.10818,-0.002625));
#16633=CARTESIAN_POINT('',(0.09731,-0.10818,-0.002625));
#16634=CARTESIAN_POINT('',(0.09826,-0.10818,-0.002625));
#16635=CARTESIAN_POINT('',(0.09826,-0.10818,-0.002625));
#16636=CARTESIAN_POINT('',(0.09064,-0.10818,-0.002625));
#16637=CARTESIAN_POINT('',(0.09064,-0.10882,-0.002625));
#16638=CARTESIAN_POINT('',(0.09064,-0.10818,-0.002625));
#16639=CARTESIAN_POINT('',(0.09128,-0.10882,-0.002625));
#16640=CARTESIAN_POINT('',(0.09128,-0.10882,-0.002625));
#16641=CARTESIAN_POINT('',(0.09128,-0.1085,-0.002625));
#16642=CARTESIAN_POINT('',(0.09128,-0.10818,-0.002625));
#16643=CARTESIAN_POINT('',(0.09731,-0.10818,-0.002625));
#16644=CARTESIAN_POINT('',(0.09382,-0.1085,-0.002625));
#16645=CARTESIAN_POINT('',(0.09382,-0.10882,-0.002625));
#16646=CARTESIAN_POINT('',(0.09382,-0.10818,-0.002625));
#16647=CARTESIAN_POINT('',(0.09731,-0.10818,-0.002625));
#16648=CARTESIAN_POINT('',(0.09318,-0.10818,-0.002625));
#16649=CARTESIAN_POINT('',(0.09318,-0.10818,-0.002625));
#16650=CARTESIAN_POINT('',(0.09318,-0.10882,-0.002625));
#16651=CARTESIAN_POINT('',(0.09382,-0.10882,-0.002625));
#16652=CARTESIAN_POINT('',(0.08874,-0.10882,-0.002625));
#16653=CARTESIAN_POINT('',(0.08874,-0.10882,-0.002625));
#16654=CARTESIAN_POINT('',(0.0881,-0.10882,-0.002625));
#16655=CARTESIAN_POINT('',(0.08874,-0.1085,-0.002625));
#16656=CARTESIAN_POINT('',(0.08874,-0.10818,-0.002625));
#16657=CARTESIAN_POINT('',(0.09731,-0.10818,-0.002625));
#16658=CARTESIAN_POINT('',(0.0881,-0.10818,-0.002625));
#16659=CARTESIAN_POINT('',(0.0881,-0.10818,-0.002625));
#16660=CARTESIAN_POINT('',(0.087404,-0.10977,-8.5E-5));
#16661=CARTESIAN_POINT('',(0.087404,-0.10977,-8.5E-5));
#16662=CARTESIAN_POINT('',(0.089436,-0.10723,-8.5E-5));
#16663=CARTESIAN_POINT('',(0.08969,-0.107484,-8.5E-5));
#16664=CARTESIAN_POINT('',(0.089436,-0.10977,-8.5E-5));
#16665=CARTESIAN_POINT('',(0.089436,-0.10977,-8.5E-5));
#16666=CARTESIAN_POINT('',(0.08969,-0.107484,-8.5E-5));
#16667=CARTESIAN_POINT('',(0.089944,-0.10723,-8.5E-5));
#16668=CARTESIAN_POINT('',(0.08969,-0.109516,-8.5E-5));
#16669=CARTESIAN_POINT('',(0.08969,-0.109516,-8.5E-5));
#16670=CARTESIAN_POINT('',(0.089944,-0.10723,-8.5E-5));
#16671=CARTESIAN_POINT('',(0.091976,-0.10723,-8.5E-5));
#16672=CARTESIAN_POINT('',(0.089944,-0.10977,-8.5E-5));
#16673=CARTESIAN_POINT('',(0.089944,-0.10977,-8.5E-5));
#16674=CARTESIAN_POINT('',(0.091976,-0.10723,-8.5E-5));
#16675=CARTESIAN_POINT('',(0.09223,-0.107484,-8.5E-5));
#16676=CARTESIAN_POINT('',(0.091976,-0.10977,-8.5E-5));
#16677=CARTESIAN_POINT('',(0.091976,-0.10977,-8.5E-5));
#16678=CARTESIAN_POINT('',(0.09223,-0.107484,-8.5E-5));
#16679=CARTESIAN_POINT('',(0.092484,-0.10723,-8.5E-5));
#16680=CARTESIAN_POINT('',(0.09223,-0.109516,-8.5E-5));
#16681=CARTESIAN_POINT('',(0.09223,-0.109516,-8.5E-5));
#16682=CARTESIAN_POINT('',(0.092484,-0.10723,-8.5E-5));
#16683=CARTESIAN_POINT('',(0.094516,-0.10723,-8.5E-5));
#16684=CARTESIAN_POINT('',(0.092484,-0.10977,-8.5E-5));
#16685=CARTESIAN_POINT('',(0.092484,-0.10977,-8.5E-5));
#16686=CARTESIAN_POINT('',(0.094516,-0.10723,-8.5E-5));
#16687=CARTESIAN_POINT('',(0.09477,-0.107484,-8.5E-5));
#16688=CARTESIAN_POINT('',(0.094516,-0.10977,-8.5E-5));
#16689=CARTESIAN_POINT('',(0.094516,-0.10977,-8.5E-5));
#16690=CARTESIAN_POINT('',(0.09477,-0.107484,-8.5E-5));
#16691=CARTESIAN_POINT('',(0.095024,-0.10723,-8.5E-5));
#16692=CARTESIAN_POINT('',(0.09477,-0.109516,-8.5E-5));
#16693=CARTESIAN_POINT('',(0.09477,-0.109516,-8.5E-5));
#16694=CARTESIAN_POINT('',(0.095024,-0.10723,-8.5E-5));
#16695=CARTESIAN_POINT('',(0.097056,-0.10723,-8.50000000000011E-5));
#16696=CARTESIAN_POINT('',(0.095024,-0.10977,-8.5E-5));
#16697=CARTESIAN_POINT('',(0.095024,-0.10977,-8.5E-5));
#16698=CARTESIAN_POINT('',(0.097056,-0.10723,-8.50000000000011E-5));
#16699=CARTESIAN_POINT('',(0.09731,-0.107484,-8.50000000000011E-5));
#16700=CARTESIAN_POINT('',(0.097056,-0.10977,-8.50000000000011E-5));
#16701=CARTESIAN_POINT('',(0.097056,-0.10977,-8.50000000000011E-5));
#16702=CARTESIAN_POINT('',(0.09731,-0.107484,-8.50000000000011E-5));
#16703=CARTESIAN_POINT('',(0.097564,-0.10723,-8.50000000000011E-5));
#16704=CARTESIAN_POINT('',(0.09731,-0.109516,-8.50000000000011E-5));
#16705=CARTESIAN_POINT('',(0.09731,-0.109516,-8.50000000000011E-5));
#16706=CARTESIAN_POINT('',(0.097564,-0.10723,-8.50000000000011E-5));
#16707=CARTESIAN_POINT('',(0.099596,-0.10723,-8.50000000000014E-5));
#16708=CARTESIAN_POINT('',(0.097564,-0.10977,-8.50000000000011E-5));
#16709=CARTESIAN_POINT('',(0.097564,-0.10977,-8.50000000000011E-5));
#16710=CARTESIAN_POINT('',(0.099596,-0.10723,-8.50000000000014E-5));
#16711=CARTESIAN_POINT('',(0.09985,-0.107484,-8.50000000000014E-5));
#16712=CARTESIAN_POINT('',(0.099596,-0.10977,-8.50000000000014E-5));
#16713=CARTESIAN_POINT('',(0.099596,-0.10977,-8.50000000000014E-5));
#16714=CARTESIAN_POINT('',(0.09985,-0.107484,-8.50000000000014E-5));
#16715=CARTESIAN_POINT('',(0.100104,-0.10723,-8.50000000000014E-5));
#16716=CARTESIAN_POINT('',(0.09985,-0.109516,-8.50000000000014E-5));
#16717=CARTESIAN_POINT('',(0.09985,-0.109516,-8.50000000000014E-5));
#16718=CARTESIAN_POINT('',(0.100104,-0.10723,-8.50000000000014E-5));
#16719=CARTESIAN_POINT('',(0.102136,-0.10723,-8.50000000000017E-5));
#16720=CARTESIAN_POINT('',(0.100104,-0.10977,-8.50000000000014E-5));
#16721=CARTESIAN_POINT('',(0.100104,-0.10977,-8.50000000000014E-5));
#16722=CARTESIAN_POINT('',(0.102136,-0.10723,-8.50000000000017E-5));
#16723=CARTESIAN_POINT('',(0.10239,-0.107484,-8.50000000000017E-5));
#16724=CARTESIAN_POINT('',(0.102136,-0.10977,-8.50000000000017E-5));
#16725=CARTESIAN_POINT('',(0.102136,-0.10977,-8.50000000000017E-5));
#16726=CARTESIAN_POINT('',(0.10239,-0.107484,-8.50000000000017E-5));
#16727=CARTESIAN_POINT('',(0.102644,-0.10723,-8.50000000000018E-5));
#16728=CARTESIAN_POINT('',(0.10239,-0.109516,-8.50000000000017E-5));
#16729=CARTESIAN_POINT('',(0.10239,-0.109516,-8.50000000000017E-5));
#16730=CARTESIAN_POINT('',(0.102644,-0.10723,-8.50000000000018E-5));
#16731=CARTESIAN_POINT('',(0.104676,-0.10723,-8.5000000000002E-5));
#16732=CARTESIAN_POINT('',(0.102644,-0.10977,-8.50000000000018E-5));
#16733=CARTESIAN_POINT('',(0.102644,-0.10977,-8.50000000000018E-5));
#16734=CARTESIAN_POINT('',(0.104676,-0.10723,-8.5000000000002E-5));
#16735=CARTESIAN_POINT('',(0.10493,-0.107484,-8.5000000000002E-5));
#16736=CARTESIAN_POINT('',(0.104676,-0.10977,-8.5000000000002E-5));
#16737=CARTESIAN_POINT('',(0.104676,-0.10977,-8.5000000000002E-5));
#16738=CARTESIAN_POINT('',(0.10493,-0.107484,-8.5000000000002E-5));
#16739=CARTESIAN_POINT('',(0.105184,-0.10723,-8.50000000000021E-5));
#16740=CARTESIAN_POINT('',(0.10493,-0.109516,-8.5000000000002E-5));
#16741=CARTESIAN_POINT('',(0.10493,-0.109516,-8.5000000000002E-5));
#16742=CARTESIAN_POINT('',(0.105184,-0.10723,-8.50000000000021E-5));
#16743=CARTESIAN_POINT('',(0.107216,-0.10723,-8.50000000000023E-5));
#16744=CARTESIAN_POINT('',(0.105184,-0.10977,-8.50000000000021E-5));
#16745=CARTESIAN_POINT('',(0.105184,-0.10977,-8.50000000000021E-5));
#16746=CARTESIAN_POINT('',(0.107216,-0.10723,-8.50000000000023E-5));
#16747=CARTESIAN_POINT('',(0.10747,-0.107484,-8.50000000000023E-5));
#16748=CARTESIAN_POINT('',(0.107216,-0.10977,-8.50000000000023E-5));
#16749=CARTESIAN_POINT('',(0.107216,-0.10977,-8.50000000000023E-5));
#16750=CARTESIAN_POINT('',(0.10747,-0.107484,-8.50000000000023E-5));
#16751=CARTESIAN_POINT('',(0.10747,-0.109516,-8.50000000000023E-5));
#16752=CARTESIAN_POINT('',(0.10747,-0.109516,-8.50000000000023E-5));
#16753=CARTESIAN_POINT('',(0.10652,-0.10818,0.002915));
#16754=CARTESIAN_POINT('',(0.10652,-0.10818,0.002915));
#16755=CARTESIAN_POINT('',(0.10652,-0.10818,0.002755));
#16756=CARTESIAN_POINT('',(0.10652,-0.10818,0.002755));
#16757=CARTESIAN_POINT('',(0.10652,-0.10882,0.002755));
#16758=CARTESIAN_POINT('',(0.10652,-0.10882,0.002915));
#16759=CARTESIAN_POINT('',(0.10652,-0.10882,0.002915));
#16760=CARTESIAN_POINT('',(0.10652,-0.10882,0.002755));
#16761=CARTESIAN_POINT('',(0.10588,-0.10882,0.002755));
#16762=CARTESIAN_POINT('',(0.10588,-0.10882,0.002915));
#16763=CARTESIAN_POINT('',(0.10588,-0.10818,0.002915));
#16764=CARTESIAN_POINT('',(0.10588,-0.10818,0.002755));
#16765=CARTESIAN_POINT('',(0.10588,-0.10818,0.002755));
#16766=CARTESIAN_POINT('',(0.10588,-0.10818,0.002915));
#16767=CARTESIAN_POINT('',(0.10652,-0.10818,0.002915));
#16768=CARTESIAN_POINT('',(0.10652,-0.10818,0.002755));
#16769=CARTESIAN_POINT('',(0.10334,-0.10818,0.002915));
#16770=CARTESIAN_POINT('',(0.10334,-0.10882,0.002915));
#16771=CARTESIAN_POINT('',(0.10334,-0.10882,0.002755));
#16772=CARTESIAN_POINT('',(0.10334,-0.10818,0.002755));
#16773=CARTESIAN_POINT('',(0.10334,-0.10818,0.002755));
#16774=CARTESIAN_POINT('',(0.10334,-0.10818,0.002915));
#16775=CARTESIAN_POINT('',(0.10398,-0.10818,0.002915));
#16776=CARTESIAN_POINT('',(0.10398,-0.10818,0.002755));
#16777=CARTESIAN_POINT('',(0.10398,-0.10818,0.002755));
#16778=CARTESIAN_POINT('',(0.10398,-0.10818,0.002915));
#16779=CARTESIAN_POINT('',(0.10398,-0.10818,0.002915));
#16780=CARTESIAN_POINT('',(0.10398,-0.10818,0.002755));
#16781=CARTESIAN_POINT('',(0.10398,-0.10882,0.002755));
#16782=CARTESIAN_POINT('',(0.10398,-0.10882,0.002915));
#16783=CARTESIAN_POINT('',(0.10398,-0.10882,0.002915));
#16784=CARTESIAN_POINT('',(0.10398,-0.10882,0.002755));
#16785=CARTESIAN_POINT('',(0.09636,-0.10882,0.002915));
#16786=CARTESIAN_POINT('',(0.09636,-0.10882,0.002915));
#16787=CARTESIAN_POINT('',(0.09636,-0.10882,0.002755));
#16788=CARTESIAN_POINT('',(0.09636,-0.10882,0.002755));
#16789=CARTESIAN_POINT('',(0.09572,-0.10882,0.002755));
#16790=CARTESIAN_POINT('',(0.09572,-0.10882,0.002915));
#16791=CARTESIAN_POINT('',(0.09572,-0.10818,0.002915));
#16792=CARTESIAN_POINT('',(0.09572,-0.10818,0.002755));
#16793=CARTESIAN_POINT('',(0.09572,-0.10818,0.002755));
#16794=CARTESIAN_POINT('',(0.09572,-0.10818,0.002915));
#16795=CARTESIAN_POINT('',(0.09636,-0.10818,0.002915));
#16796=CARTESIAN_POINT('',(0.09636,-0.10818,0.002755));
#16797=CARTESIAN_POINT('',(0.09636,-0.10818,0.002755));
#16798=CARTESIAN_POINT('',(0.09636,-0.10818,0.002915));
#16799=CARTESIAN_POINT('',(0.09636,-0.10818,0.002915));
#16800=CARTESIAN_POINT('',(0.09636,-0.10818,0.002755));
#16801=CARTESIAN_POINT('',(0.1008,-0.10818,0.002915));
#16802=CARTESIAN_POINT('',(0.1008,-0.10882,0.002915));
#16803=CARTESIAN_POINT('',(0.1008,-0.10882,0.002755));
#16804=CARTESIAN_POINT('',(0.1008,-0.10818,0.002755));
#16805=CARTESIAN_POINT('',(0.1008,-0.10818,0.002755));
#16806=CARTESIAN_POINT('',(0.1008,-0.10818,0.002915));
#16807=CARTESIAN_POINT('',(0.10144,-0.10818,0.002915));
#16808=CARTESIAN_POINT('',(0.10144,-0.10818,0.002755));
#16809=CARTESIAN_POINT('',(0.10144,-0.10818,0.002755));
#16810=CARTESIAN_POINT('',(0.10144,-0.10818,0.002915));
#16811=CARTESIAN_POINT('',(0.10144,-0.10818,0.002915));
#16812=CARTESIAN_POINT('',(0.10144,-0.10818,0.002755));
#16813=CARTESIAN_POINT('',(0.10144,-0.10882,0.002755));
#16814=CARTESIAN_POINT('',(0.10144,-0.10882,0.002915));
#16815=CARTESIAN_POINT('',(0.10144,-0.10882,0.002915));
#16816=CARTESIAN_POINT('',(0.10144,-0.10882,0.002755));
#16817=CARTESIAN_POINT('',(0.0989,-0.10882,0.002915));
#16818=CARTESIAN_POINT('',(0.0989,-0.10882,0.002915));
#16819=CARTESIAN_POINT('',(0.0989,-0.10882,0.002755));
#16820=CARTESIAN_POINT('',(0.0989,-0.10882,0.002755));
#16821=CARTESIAN_POINT('',(0.09826,-0.10882,0.002755));
#16822=CARTESIAN_POINT('',(0.09826,-0.10882,0.002915));
#16823=CARTESIAN_POINT('',(0.09826,-0.10818,0.002915));
#16824=CARTESIAN_POINT('',(0.09826,-0.10818,0.002755));
#16825=CARTESIAN_POINT('',(0.09826,-0.10818,0.002755));
#16826=CARTESIAN_POINT('',(0.09826,-0.10818,0.002915));
#16827=CARTESIAN_POINT('',(0.0989,-0.10818,0.002915));
#16828=CARTESIAN_POINT('',(0.0989,-0.10818,0.002755));
#16829=CARTESIAN_POINT('',(0.0989,-0.10818,0.002755));
#16830=CARTESIAN_POINT('',(0.0989,-0.10818,0.002915));
#16831=CARTESIAN_POINT('',(0.0989,-0.10818,0.002915));
#16832=CARTESIAN_POINT('',(0.0989,-0.10818,0.002755));
#16833=CARTESIAN_POINT('',(0.09064,-0.10818,0.002915));
#16834=CARTESIAN_POINT('',(0.09064,-0.10882,0.002915));
#16835=CARTESIAN_POINT('',(0.09064,-0.10882,0.002755));
#16836=CARTESIAN_POINT('',(0.09064,-0.10818,0.002755));
#16837=CARTESIAN_POINT('',(0.09064,-0.10818,0.002755));
#16838=CARTESIAN_POINT('',(0.09064,-0.10818,0.002915));
#16839=CARTESIAN_POINT('',(0.09128,-0.10818,0.002915));
#16840=CARTESIAN_POINT('',(0.09128,-0.10818,0.002755));
#16841=CARTESIAN_POINT('',(0.09128,-0.10818,0.002755));
#16842=CARTESIAN_POINT('',(0.09128,-0.10818,0.002915));
#16843=CARTESIAN_POINT('',(0.09128,-0.10818,0.002915));
#16844=CARTESIAN_POINT('',(0.09128,-0.10818,0.002755));
#16845=CARTESIAN_POINT('',(0.09128,-0.10882,0.002755));
#16846=CARTESIAN_POINT('',(0.09128,-0.10882,0.002915));
#16847=CARTESIAN_POINT('',(0.09128,-0.10882,0.002915));
#16848=CARTESIAN_POINT('',(0.09128,-0.10882,0.002755));
#16849=CARTESIAN_POINT('',(0.09382,-0.10818,0.002915));
#16850=CARTESIAN_POINT('',(0.09382,-0.10818,0.002915));
#16851=CARTESIAN_POINT('',(0.09382,-0.10818,0.002755));
#16852=CARTESIAN_POINT('',(0.09382,-0.10818,0.002755));
#16853=CARTESIAN_POINT('',(0.09382,-0.10882,0.002755));
#16854=CARTESIAN_POINT('',(0.09382,-0.10882,0.002915));
#16855=CARTESIAN_POINT('',(0.09382,-0.10882,0.002915));
#16856=CARTESIAN_POINT('',(0.09382,-0.10882,0.002755));
#16857=CARTESIAN_POINT('',(0.09318,-0.10882,0.002755));
#16858=CARTESIAN_POINT('',(0.09318,-0.10882,0.002915));
#16859=CARTESIAN_POINT('',(0.09318,-0.10818,0.002915));
#16860=CARTESIAN_POINT('',(0.09318,-0.10818,0.002755));
#16861=CARTESIAN_POINT('',(0.09318,-0.10818,0.002755));
#16862=CARTESIAN_POINT('',(0.09318,-0.10818,0.002915));
#16863=CARTESIAN_POINT('',(0.09382,-0.10818,0.002915));
#16864=CARTESIAN_POINT('',(0.09382,-0.10818,0.002755));
#16865=CARTESIAN_POINT('',(0.08874,-0.10882,0.002915));
#16866=CARTESIAN_POINT('',(0.08874,-0.10882,0.002915));
#16867=CARTESIAN_POINT('',(0.08874,-0.10882,0.002755));
#16868=CARTESIAN_POINT('',(0.08874,-0.10882,0.002755));
#16869=CARTESIAN_POINT('',(0.0881,-0.10882,0.002755));
#16870=CARTESIAN_POINT('',(0.0881,-0.10882,0.002915));
#16871=CARTESIAN_POINT('',(0.0881,-0.10818,0.002915));
#16872=CARTESIAN_POINT('',(0.0881,-0.10818,0.002755));
#16873=CARTESIAN_POINT('',(0.0881,-0.10818,0.002755));
#16874=CARTESIAN_POINT('',(0.0881,-0.10818,0.002915));
#16875=CARTESIAN_POINT('',(0.08874,-0.10818,0.002915));
#16876=CARTESIAN_POINT('',(0.08874,-0.10818,0.002755));
#16877=CARTESIAN_POINT('',(0.08874,-0.10818,0.002755));
#16878=CARTESIAN_POINT('',(0.08874,-0.10818,0.002915));
#16879=CARTESIAN_POINT('',(0.08874,-0.10818,0.002915));
#16880=CARTESIAN_POINT('',(0.08874,-0.10818,0.002755));
#16881=CARTESIAN_POINT('',(0.10652,-0.10818,0.002915));
#16882=CARTESIAN_POINT('',(0.10652,-0.10818,-0.008465));
#16883=CARTESIAN_POINT('',(0.10652,-0.10818,-0.008465));
#16884=CARTESIAN_POINT('',(0.10652,-0.10882,-0.008465));
#16885=CARTESIAN_POINT('',(0.10652,-0.10818,0.002915));
#16886=CARTESIAN_POINT('',(0.10652,-0.10882,0.002915));
#16887=CARTESIAN_POINT('',(0.10652,-0.10882,0.002915));
#16888=CARTESIAN_POINT('',(0.10588,-0.10882,0.002915));
#16889=CARTESIAN_POINT('',(0.10588,-0.10882,-0.008465));
#16890=CARTESIAN_POINT('',(0.10652,-0.10882,-0.008465));
#16891=CARTESIAN_POINT('',(0.10588,-0.10818,0.002915));
#16892=CARTESIAN_POINT('',(0.10588,-0.10818,0.002915));
#16893=CARTESIAN_POINT('',(0.10588,-0.10818,-0.008465));
#16894=CARTESIAN_POINT('',(0.10588,-0.10818,-0.008465));
#16895=CARTESIAN_POINT('',(0.10652,-0.10818,0.002915));
#16896=CARTESIAN_POINT('',(0.10652,-0.10818,-0.008465));
#16897=CARTESIAN_POINT('',(0.10334,-0.10818,0.002915));
#16898=CARTESIAN_POINT('',(0.10334,-0.10882,0.002915));
#16899=CARTESIAN_POINT('',(0.10334,-0.10882,-0.008465));
#16900=CARTESIAN_POINT('',(0.10334,-0.10818,0.002915));
#16901=CARTESIAN_POINT('',(0.10334,-0.10818,-0.008465));
#16902=CARTESIAN_POINT('',(0.10334,-0.10818,-0.008465));
#16903=CARTESIAN_POINT('',(0.10398,-0.10818,0.002915));
#16904=CARTESIAN_POINT('',(0.10398,-0.10818,-0.008465));
#16905=CARTESIAN_POINT('',(0.10398,-0.10818,-0.008465));
#16906=CARTESIAN_POINT('',(0.10398,-0.10818,0.002915));
#16907=CARTESIAN_POINT('',(0.10398,-0.10818,0.002915));
#16908=CARTESIAN_POINT('',(0.10398,-0.10818,-0.008465));
#16909=CARTESIAN_POINT('',(0.10398,-0.10882,-0.008465));
#16910=CARTESIAN_POINT('',(0.10398,-0.10882,0.002915));
#16911=CARTESIAN_POINT('',(0.10398,-0.10882,0.002915));
#16912=CARTESIAN_POINT('',(0.10398,-0.10882,-0.008465));
#16913=CARTESIAN_POINT('',(0.09636,-0.10882,0.002915));
#16914=CARTESIAN_POINT('',(0.09636,-0.10882,0.002915));
#16915=CARTESIAN_POINT('',(0.09636,-0.10882,-0.008465));
#16916=CARTESIAN_POINT('',(0.09572,-0.10882,0.002915));
#16917=CARTESIAN_POINT('',(0.09572,-0.10882,-0.008465));
#16918=CARTESIAN_POINT('',(0.09636,-0.10882,-0.008465));
#16919=CARTESIAN_POINT('',(0.09572,-0.10818,0.002915));
#16920=CARTESIAN_POINT('',(0.09572,-0.10818,0.002915));
#16921=CARTESIAN_POINT('',(0.09572,-0.10818,-0.008465));
#16922=CARTESIAN_POINT('',(0.09572,-0.10818,-0.008465));
#16923=CARTESIAN_POINT('',(0.09636,-0.10818,0.002915));
#16924=CARTESIAN_POINT('',(0.09636,-0.10818,-0.008465));
#16925=CARTESIAN_POINT('',(0.09636,-0.10818,-0.008465));
#16926=CARTESIAN_POINT('',(0.09636,-0.10818,0.002915));
#16927=CARTESIAN_POINT('',(0.09636,-0.10818,0.002915));
#16928=CARTESIAN_POINT('',(0.09636,-0.10818,-0.008465));
#16929=CARTESIAN_POINT('',(0.1008,-0.10818,0.002915));
#16930=CARTESIAN_POINT('',(0.1008,-0.10882,0.002915));
#16931=CARTESIAN_POINT('',(0.1008,-0.10882,-0.008465));
#16932=CARTESIAN_POINT('',(0.1008,-0.10818,0.002915));
#16933=CARTESIAN_POINT('',(0.1008,-0.10818,-0.008465));
#16934=CARTESIAN_POINT('',(0.1008,-0.10818,-0.008465));
#16935=CARTESIAN_POINT('',(0.10144,-0.10818,0.002915));
#16936=CARTESIAN_POINT('',(0.10144,-0.10818,-0.008465));
#16937=CARTESIAN_POINT('',(0.10144,-0.10818,-0.008465));
#16938=CARTESIAN_POINT('',(0.10144,-0.10818,0.002915));
#16939=CARTESIAN_POINT('',(0.10144,-0.10818,0.002915));
#16940=CARTESIAN_POINT('',(0.10144,-0.10818,-0.008465));
#16941=CARTESIAN_POINT('',(0.10144,-0.10882,-0.008465));
#16942=CARTESIAN_POINT('',(0.10144,-0.10882,0.002915));
#16943=CARTESIAN_POINT('',(0.10144,-0.10882,0.002915));
#16944=CARTESIAN_POINT('',(0.10144,-0.10882,-0.008465));
#16945=CARTESIAN_POINT('',(0.0989,-0.10882,0.002915));
#16946=CARTESIAN_POINT('',(0.0989,-0.10882,0.002915));
#16947=CARTESIAN_POINT('',(0.0989,-0.10882,-0.008465));
#16948=CARTESIAN_POINT('',(0.09826,-0.10882,0.002915));
#16949=CARTESIAN_POINT('',(0.09826,-0.10882,-0.008465));
#16950=CARTESIAN_POINT('',(0.0989,-0.10882,-0.008465));
#16951=CARTESIAN_POINT('',(0.09826,-0.10818,0.002915));
#16952=CARTESIAN_POINT('',(0.09826,-0.10818,0.002915));
#16953=CARTESIAN_POINT('',(0.09826,-0.10818,-0.008465));
#16954=CARTESIAN_POINT('',(0.09826,-0.10818,-0.008465));
#16955=CARTESIAN_POINT('',(0.0989,-0.10818,0.002915));
#16956=CARTESIAN_POINT('',(0.0989,-0.10818,-0.008465));
#16957=CARTESIAN_POINT('',(0.0989,-0.10818,-0.008465));
#16958=CARTESIAN_POINT('',(0.0989,-0.10818,0.002915));
#16959=CARTESIAN_POINT('',(0.0989,-0.10818,0.002915));
#16960=CARTESIAN_POINT('',(0.0989,-0.10818,-0.008465));
#16961=CARTESIAN_POINT('',(0.09064,-0.10818,0.002915));
#16962=CARTESIAN_POINT('',(0.09064,-0.10882,0.002915));
#16963=CARTESIAN_POINT('',(0.09064,-0.10882,-0.008465));
#16964=CARTESIAN_POINT('',(0.09064,-0.10818,0.002915));
#16965=CARTESIAN_POINT('',(0.09064,-0.10818,-0.008465));
#16966=CARTESIAN_POINT('',(0.09064,-0.10818,-0.008465));
#16967=CARTESIAN_POINT('',(0.09128,-0.10818,0.002915));
#16968=CARTESIAN_POINT('',(0.09128,-0.10818,-0.008465));
#16969=CARTESIAN_POINT('',(0.09128,-0.10818,-0.008465));
#16970=CARTESIAN_POINT('',(0.09128,-0.10818,0.002915));
#16971=CARTESIAN_POINT('',(0.09128,-0.10818,0.002915));
#16972=CARTESIAN_POINT('',(0.09128,-0.10818,-0.008465));
#16973=CARTESIAN_POINT('',(0.09128,-0.10882,-0.008465));
#16974=CARTESIAN_POINT('',(0.09128,-0.10882,0.002915));
#16975=CARTESIAN_POINT('',(0.09128,-0.10882,0.002915));
#16976=CARTESIAN_POINT('',(0.09128,-0.10882,-0.008465));
#16977=CARTESIAN_POINT('',(0.09382,-0.10818,0.002915));
#16978=CARTESIAN_POINT('',(0.09382,-0.10818,-0.008465));
#16979=CARTESIAN_POINT('',(0.09382,-0.10818,-0.008465));
#16980=CARTESIAN_POINT('',(0.09382,-0.10882,-0.008465));
#16981=CARTESIAN_POINT('',(0.09382,-0.10818,0.002915));
#16982=CARTESIAN_POINT('',(0.09382,-0.10882,0.002915));
#16983=CARTESIAN_POINT('',(0.09382,-0.10882,0.002915));
#16984=CARTESIAN_POINT('',(0.09318,-0.10882,0.002915));
#16985=CARTESIAN_POINT('',(0.09318,-0.10882,-0.008465));
#16986=CARTESIAN_POINT('',(0.09382,-0.10882,-0.008465));
#16987=CARTESIAN_POINT('',(0.09318,-0.10818,0.002915));
#16988=CARTESIAN_POINT('',(0.09318,-0.10818,0.002915));
#16989=CARTESIAN_POINT('',(0.09318,-0.10818,-0.008465));
#16990=CARTESIAN_POINT('',(0.09318,-0.10818,-0.008465));
#16991=CARTESIAN_POINT('',(0.09382,-0.10818,0.002915));
#16992=CARTESIAN_POINT('',(0.09382,-0.10818,-0.008465));
#16993=CARTESIAN_POINT('',(0.08874,-0.10882,0.002915));
#16994=CARTESIAN_POINT('',(0.08874,-0.10882,0.002915));
#16995=CARTESIAN_POINT('',(0.08874,-0.10882,-0.008465));
#16996=CARTESIAN_POINT('',(0.0881,-0.10882,0.002915));
#16997=CARTESIAN_POINT('',(0.0881,-0.10882,-0.008465));
#16998=CARTESIAN_POINT('',(0.08874,-0.10882,-0.008465));
#16999=CARTESIAN_POINT('',(0.0881,-0.10818,0.002915));
#17000=CARTESIAN_POINT('',(0.0881,-0.10818,0.002915));
#17001=CARTESIAN_POINT('',(0.0881,-0.10818,-0.008465));
#17002=CARTESIAN_POINT('',(0.0881,-0.10818,-0.008465));
#17003=CARTESIAN_POINT('',(0.08874,-0.10818,0.002915));
#17004=CARTESIAN_POINT('',(0.08874,-0.10818,-0.008465));
#17005=CARTESIAN_POINT('',(0.08874,-0.10818,-0.008465));
#17006=CARTESIAN_POINT('',(0.08874,-0.10818,0.002915));
#17007=CARTESIAN_POINT('',(0.08874,-0.10818,0.002915));
#17008=CARTESIAN_POINT('',(0.08874,-0.10818,-0.008465));
#17009=CARTESIAN_POINT('',(0.10644,-0.10818,0.002835));
#17010=CARTESIAN_POINT('',(0.10636,-0.10818,0.002915));
#17011=CARTESIAN_POINT('',(0.10636,-0.10834,0.002915));
#17012=CARTESIAN_POINT('',(0.10636,-0.10866,0.002915));
#17013=CARTESIAN_POINT('',(0.10652,-0.10882,0.002755));
#17014=CARTESIAN_POINT('',(0.10652,-0.10818,0.002755));
#17015=CARTESIAN_POINT('',(0.10652,-0.10874,0.002835));
#17016=CARTESIAN_POINT('',(0.10652,-0.10866,0.002915));
#17017=CARTESIAN_POINT('',(0.10604,-0.10866,0.002915));
#17018=CARTESIAN_POINT('',(0.10588,-0.10882,0.002755));
#17019=CARTESIAN_POINT('',(0.10596,-0.10818,0.002835));
#17020=CARTESIAN_POINT('',(0.10588,-0.10818,0.002755));
#17021=CARTESIAN_POINT('',(0.10604,-0.10834,0.002915));
#17022=CARTESIAN_POINT('',(0.10604,-0.10818,0.002915));
#17023=CARTESIAN_POINT('',(0.10652,-0.10826,0.002835));
#17024=CARTESIAN_POINT('',(0.10652,-0.10834,0.002915));
#17025=CARTESIAN_POINT('',(0.10342,-0.10818,0.002835));
#17026=CARTESIAN_POINT('',(0.10334,-0.10818,0.002755));
#17027=CARTESIAN_POINT('',(0.1035,-0.10834,0.002915));
#17028=CARTESIAN_POINT('',(0.10334,-0.10882,0.002755));
#17029=CARTESIAN_POINT('',(0.1035,-0.10866,0.002915));
#17030=CARTESIAN_POINT('',(0.1035,-0.10818,0.002915));
#17031=CARTESIAN_POINT('',(0.10398,-0.10826,0.002835));
#17032=CARTESIAN_POINT('',(0.10398,-0.10818,0.002755));
#17033=CARTESIAN_POINT('',(0.10382,-0.10834,0.002915));
#17034=CARTESIAN_POINT('',(0.10398,-0.10834,0.002915));
#17035=CARTESIAN_POINT('',(0.1039,-0.10818,0.002835));
#17036=CARTESIAN_POINT('',(0.10382,-0.10818,0.002915));
#17037=CARTESIAN_POINT('',(0.10382,-0.10866,0.002915));
#17038=CARTESIAN_POINT('',(0.10398,-0.10882,0.002755));
#17039=CARTESIAN_POINT('',(0.10398,-0.10874,0.002835));
#17040=CARTESIAN_POINT('',(0.10398,-0.10866,0.002915));
#17041=CARTESIAN_POINT('',(0.09636,-0.10874,0.002835));
#17042=CARTESIAN_POINT('',(0.09636,-0.10866,0.002915));
#17043=CARTESIAN_POINT('',(0.0962,-0.10866,0.002915));
#17044=CARTESIAN_POINT('',(0.09588,-0.10866,0.002915));
#17045=CARTESIAN_POINT('',(0.09572,-0.10882,0.002755));
#17046=CARTESIAN_POINT('',(0.09636,-0.10882,0.002755));
#17047=CARTESIAN_POINT('',(0.0958,-0.10818,0.002835));
#17048=CARTESIAN_POINT('',(0.09572,-0.10818,0.002755));
#17049=CARTESIAN_POINT('',(0.09588,-0.10834,0.002915));
#17050=CARTESIAN_POINT('',(0.09588,-0.10818,0.002915));
#17051=CARTESIAN_POINT('',(0.09636,-0.10826,0.002835));
#17052=CARTESIAN_POINT('',(0.09636,-0.10818,0.002755));
#17053=CARTESIAN_POINT('',(0.0962,-0.10834,0.002915));
#17054=CARTESIAN_POINT('',(0.09636,-0.10834,0.002915));
#17055=CARTESIAN_POINT('',(0.09628,-0.10818,0.002835));
#17056=CARTESIAN_POINT('',(0.0962,-0.10818,0.002915));
#17057=CARTESIAN_POINT('',(0.10088,-0.10818,0.002835));
#17058=CARTESIAN_POINT('',(0.1008,-0.10818,0.002755));
#17059=CARTESIAN_POINT('',(0.10096,-0.10834,0.002915));
#17060=CARTESIAN_POINT('',(0.1008,-0.10882,0.002755));
#17061=CARTESIAN_POINT('',(0.10096,-0.10866,0.002915));
#17062=CARTESIAN_POINT('',(0.10096,-0.10818,0.002915));
#17063=CARTESIAN_POINT('',(0.10144,-0.10826,0.002835));
#17064=CARTESIAN_POINT('',(0.10144,-0.10818,0.002755));
#17065=CARTESIAN_POINT('',(0.10128,-0.10834,0.002915));
#17066=CARTESIAN_POINT('',(0.10144,-0.10834,0.002915));
#17067=CARTESIAN_POINT('',(0.10136,-0.10818,0.002835));
#17068=CARTESIAN_POINT('',(0.10128,-0.10818,0.002915));
#17069=CARTESIAN_POINT('',(0.10128,-0.10866,0.002915));
#17070=CARTESIAN_POINT('',(0.10144,-0.10882,0.002755));
#17071=CARTESIAN_POINT('',(0.10144,-0.10874,0.002835));
#17072=CARTESIAN_POINT('',(0.10144,-0.10866,0.002915));
#17073=CARTESIAN_POINT('',(0.0989,-0.10874,0.002835));
#17074=CARTESIAN_POINT('',(0.0989,-0.10866,0.002915));
#17075=CARTESIAN_POINT('',(0.09874,-0.10866,0.002915));
#17076=CARTESIAN_POINT('',(0.09842,-0.10866,0.002915));
#17077=CARTESIAN_POINT('',(0.09826,-0.10882,0.002755));
#17078=CARTESIAN_POINT('',(0.0989,-0.10882,0.002755));
#17079=CARTESIAN_POINT('',(0.09834,-0.10818,0.002835));
#17080=CARTESIAN_POINT('',(0.09826,-0.10818,0.002755));
#17081=CARTESIAN_POINT('',(0.09842,-0.10834,0.002915));
#17082=CARTESIAN_POINT('',(0.09842,-0.10818,0.002915));
#17083=CARTESIAN_POINT('',(0.0989,-0.10826,0.002835));
#17084=CARTESIAN_POINT('',(0.0989,-0.10818,0.002755));
#17085=CARTESIAN_POINT('',(0.09874,-0.10834,0.002915));
#17086=CARTESIAN_POINT('',(0.0989,-0.10834,0.002915));
#17087=CARTESIAN_POINT('',(0.09882,-0.10818,0.002835));
#17088=CARTESIAN_POINT('',(0.09874,-0.10818,0.002915));
#17089=CARTESIAN_POINT('',(0.09072,-0.10818,0.002835));
#17090=CARTESIAN_POINT('',(0.09064,-0.10818,0.002755));
#17091=CARTESIAN_POINT('',(0.0908,-0.10834,0.002915));
#17092=CARTESIAN_POINT('',(0.09064,-0.10882,0.002755));
#17093=CARTESIAN_POINT('',(0.0908,-0.10866,0.002915));
#17094=CARTESIAN_POINT('',(0.0908,-0.10818,0.002915));
#17095=CARTESIAN_POINT('',(0.09128,-0.10826,0.002835));
#17096=CARTESIAN_POINT('',(0.09128,-0.10818,0.002755));
#17097=CARTESIAN_POINT('',(0.09112,-0.10834,0.002915));
#17098=CARTESIAN_POINT('',(0.09128,-0.10834,0.002915));
#17099=CARTESIAN_POINT('',(0.0912,-0.10818,0.002835));
#17100=CARTESIAN_POINT('',(0.09112,-0.10818,0.002915));
#17101=CARTESIAN_POINT('',(0.09112,-0.10866,0.002915));
#17102=CARTESIAN_POINT('',(0.09128,-0.10882,0.002755));
#17103=CARTESIAN_POINT('',(0.09128,-0.10874,0.002835));
#17104=CARTESIAN_POINT('',(0.09128,-0.10866,0.002915));
#17105=CARTESIAN_POINT('',(0.09374,-0.10818,0.002835));
#17106=CARTESIAN_POINT('',(0.09366,-0.10818,0.002915));
#17107=CARTESIAN_POINT('',(0.09366,-0.10834,0.002915));
#17108=CARTESIAN_POINT('',(0.09366,-0.10866,0.002915));
#17109=CARTESIAN_POINT('',(0.09382,-0.10882,0.002755));
#17110=CARTESIAN_POINT('',(0.09382,-0.10818,0.002755));
#17111=CARTESIAN_POINT('',(0.09382,-0.10874,0.002835));
#17112=CARTESIAN_POINT('',(0.09382,-0.10866,0.002915));
#17113=CARTESIAN_POINT('',(0.09334,-0.10866,0.002915));
#17114=CARTESIAN_POINT('',(0.09318,-0.10882,0.002755));
#17115=CARTESIAN_POINT('',(0.09326,-0.10818,0.002835));
#17116=CARTESIAN_POINT('',(0.09318,-0.10818,0.002755));
#17117=CARTESIAN_POINT('',(0.09334,-0.10834,0.002915));
#17118=CARTESIAN_POINT('',(0.09334,-0.10818,0.002915));
#17119=CARTESIAN_POINT('',(0.09382,-0.10826,0.002835));
#17120=CARTESIAN_POINT('',(0.09382,-0.10834,0.002915));
#17121=CARTESIAN_POINT('',(0.08874,-0.10874,0.002835));
#17122=CARTESIAN_POINT('',(0.08874,-0.10866,0.002915));
#17123=CARTESIAN_POINT('',(0.08858,-0.10866,0.002915));
#17124=CARTESIAN_POINT('',(0.08826,-0.10866,0.002915));
#17125=CARTESIAN_POINT('',(0.0881,-0.10882,0.002755));
#17126=CARTESIAN_POINT('',(0.08874,-0.10882,0.002755));
#17127=CARTESIAN_POINT('',(0.08818,-0.10818,0.002835));
#17128=CARTESIAN_POINT('',(0.0881,-0.10818,0.002755));
#17129=CARTESIAN_POINT('',(0.08826,-0.10834,0.002915));
#17130=CARTESIAN_POINT('',(0.08826,-0.10818,0.002915));
#17131=CARTESIAN_POINT('',(0.08874,-0.10826,0.002835));
#17132=CARTESIAN_POINT('',(0.08874,-0.10818,0.002755));
#17133=CARTESIAN_POINT('',(0.08858,-0.10834,0.002915));
#17134=CARTESIAN_POINT('',(0.08874,-0.10834,0.002915));
#17135=CARTESIAN_POINT('',(0.08866,-0.10818,0.002835));
#17136=CARTESIAN_POINT('',(0.08858,-0.10818,0.002915));
#17137=CARTESIAN_POINT('',(0.10644,-0.10818,-0.008545));
#17138=CARTESIAN_POINT('',(0.10652,-0.10818,-0.008465));
#17139=CARTESIAN_POINT('',(0.10636,-0.10834,-0.008625));
#17140=CARTESIAN_POINT('',(0.10652,-0.10882,-0.008465));
#17141=CARTESIAN_POINT('',(0.10636,-0.10866,-0.008625));
#17142=CARTESIAN_POINT('',(0.10636,-0.10818,-0.008625));
#17143=CARTESIAN_POINT('',(0.10652,-0.10874,-0.008545));
#17144=CARTESIAN_POINT('',(0.10588,-0.10882,-0.008465));
#17145=CARTESIAN_POINT('',(0.10604,-0.10866,-0.008625));
#17146=CARTESIAN_POINT('',(0.10652,-0.10866,-0.008625));
#17147=CARTESIAN_POINT('',(0.10596,-0.10818,-0.008545));
#17148=CARTESIAN_POINT('',(0.10604,-0.10818,-0.008625));
#17149=CARTESIAN_POINT('',(0.10604,-0.10834,-0.008625));
#17150=CARTESIAN_POINT('',(0.10588,-0.10818,-0.008465));
#17151=CARTESIAN_POINT('',(0.10652,-0.10826,-0.008545));
#17152=CARTESIAN_POINT('',(0.10652,-0.10834,-0.008625));
#17153=CARTESIAN_POINT('',(0.10342,-0.10818,-0.008545));
#17154=CARTESIAN_POINT('',(0.1035,-0.10818,-0.008625));
#17155=CARTESIAN_POINT('',(0.1035,-0.10834,-0.008625));
#17156=CARTESIAN_POINT('',(0.1035,-0.10866,-0.008625));
#17157=CARTESIAN_POINT('',(0.10334,-0.10882,-0.008465));
#17158=CARTESIAN_POINT('',(0.10334,-0.10818,-0.008465));
#17159=CARTESIAN_POINT('',(0.10398,-0.10826,-0.008545));
#17160=CARTESIAN_POINT('',(0.10398,-0.10834,-0.008625));
#17161=CARTESIAN_POINT('',(0.10382,-0.10834,-0.008625));
#17162=CARTESIAN_POINT('',(0.10398,-0.10818,-0.008465));
#17163=CARTESIAN_POINT('',(0.1039,-0.10818,-0.008545));
#17164=CARTESIAN_POINT('',(0.10398,-0.10882,-0.008465));
#17165=CARTESIAN_POINT('',(0.10382,-0.10866,-0.008625));
#17166=CARTESIAN_POINT('',(0.10382,-0.10818,-0.008625));
#17167=CARTESIAN_POINT('',(0.10398,-0.10874,-0.008545));
#17168=CARTESIAN_POINT('',(0.10398,-0.10866,-0.008625));
#17169=CARTESIAN_POINT('',(0.09636,-0.10874,-0.008545));
#17170=CARTESIAN_POINT('',(0.09636,-0.10882,-0.008465));
#17171=CARTESIAN_POINT('',(0.0962,-0.10866,-0.008625));
#17172=CARTESIAN_POINT('',(0.09572,-0.10882,-0.008465));
#17173=CARTESIAN_POINT('',(0.09588,-0.10866,-0.008625));
#17174=CARTESIAN_POINT('',(0.09636,-0.10866,-0.008625));
#17175=CARTESIAN_POINT('',(0.0958,-0.10818,-0.008545));
#17176=CARTESIAN_POINT('',(0.09588,-0.10818,-0.008625));
#17177=CARTESIAN_POINT('',(0.09588,-0.10834,-0.008625));
#17178=CARTESIAN_POINT('',(0.09572,-0.10818,-0.008465));
#17179=CARTESIAN_POINT('',(0.09636,-0.10826,-0.008545));
#17180=CARTESIAN_POINT('',(0.09636,-0.10834,-0.008625));
#17181=CARTESIAN_POINT('',(0.0962,-0.10834,-0.008625));
#17182=CARTESIAN_POINT('',(0.09636,-0.10818,-0.008465));
#17183=CARTESIAN_POINT('',(0.09628,-0.10818,-0.008545));
#17184=CARTESIAN_POINT('',(0.0962,-0.10818,-0.008625));
#17185=CARTESIAN_POINT('',(0.10088,-0.10818,-0.008545));
#17186=CARTESIAN_POINT('',(0.10096,-0.10818,-0.008625));
#17187=CARTESIAN_POINT('',(0.10096,-0.10834,-0.008625));
#17188=CARTESIAN_POINT('',(0.10096,-0.10866,-0.008625));
#17189=CARTESIAN_POINT('',(0.1008,-0.10882,-0.008465));
#17190=CARTESIAN_POINT('',(0.1008,-0.10818,-0.008465));
#17191=CARTESIAN_POINT('',(0.10144,-0.10826,-0.008545));
#17192=CARTESIAN_POINT('',(0.10144,-0.10834,-0.008625));
#17193=CARTESIAN_POINT('',(0.10128,-0.10834,-0.008625));
#17194=CARTESIAN_POINT('',(0.10144,-0.10818,-0.008465));
#17195=CARTESIAN_POINT('',(0.10136,-0.10818,-0.008545));
#17196=CARTESIAN_POINT('',(0.10144,-0.10882,-0.008465));
#17197=CARTESIAN_POINT('',(0.10128,-0.10866,-0.008625));
#17198=CARTESIAN_POINT('',(0.10128,-0.10818,-0.008625));
#17199=CARTESIAN_POINT('',(0.10144,-0.10874,-0.008545));
#17200=CARTESIAN_POINT('',(0.10144,-0.10866,-0.008625));
#17201=CARTESIAN_POINT('',(0.0989,-0.10874,-0.008545));
#17202=CARTESIAN_POINT('',(0.0989,-0.10882,-0.008465));
#17203=CARTESIAN_POINT('',(0.09874,-0.10866,-0.008625));
#17204=CARTESIAN_POINT('',(0.09826,-0.10882,-0.008465));
#17205=CARTESIAN_POINT('',(0.09842,-0.10866,-0.008625));
#17206=CARTESIAN_POINT('',(0.0989,-0.10866,-0.008625));
#17207=CARTESIAN_POINT('',(0.09834,-0.10818,-0.008545));
#17208=CARTESIAN_POINT('',(0.09842,-0.10818,-0.008625));
#17209=CARTESIAN_POINT('',(0.09842,-0.10834,-0.008625));
#17210=CARTESIAN_POINT('',(0.09826,-0.10818,-0.008465));
#17211=CARTESIAN_POINT('',(0.0989,-0.10826,-0.008545));
#17212=CARTESIAN_POINT('',(0.0989,-0.10834,-0.008625));
#17213=CARTESIAN_POINT('',(0.09874,-0.10834,-0.008625));
#17214=CARTESIAN_POINT('',(0.0989,-0.10818,-0.008465));
#17215=CARTESIAN_POINT('',(0.09882,-0.10818,-0.008545));
#17216=CARTESIAN_POINT('',(0.09874,-0.10818,-0.008625));
#17217=CARTESIAN_POINT('',(0.09072,-0.10818,-0.008545));
#17218=CARTESIAN_POINT('',(0.0908,-0.10818,-0.008625));
#17219=CARTESIAN_POINT('',(0.0908,-0.10834,-0.008625));
#17220=CARTESIAN_POINT('',(0.0908,-0.10866,-0.008625));
#17221=CARTESIAN_POINT('',(0.09064,-0.10882,-0.008465));
#17222=CARTESIAN_POINT('',(0.09064,-0.10818,-0.008465));
#17223=CARTESIAN_POINT('',(0.09128,-0.10826,-0.008545));
#17224=CARTESIAN_POINT('',(0.09128,-0.10834,-0.008625));
#17225=CARTESIAN_POINT('',(0.09112,-0.10834,-0.008625));
#17226=CARTESIAN_POINT('',(0.09128,-0.10818,-0.008465));
#17227=CARTESIAN_POINT('',(0.0912,-0.10818,-0.008545));
#17228=CARTESIAN_POINT('',(0.09128,-0.10882,-0.008465));
#17229=CARTESIAN_POINT('',(0.09112,-0.10866,-0.008625));
#17230=CARTESIAN_POINT('',(0.09112,-0.10818,-0.008625));
#17231=CARTESIAN_POINT('',(0.09128,-0.10874,-0.008545));
#17232=CARTESIAN_POINT('',(0.09128,-0.10866,-0.008625));
#17233=CARTESIAN_POINT('',(0.09374,-0.10818,-0.008545));
#17234=CARTESIAN_POINT('',(0.09382,-0.10818,-0.008465));
#17235=CARTESIAN_POINT('',(0.09366,-0.10834,-0.008625));
#17236=CARTESIAN_POINT('',(0.09382,-0.10882,-0.008465));
#17237=CARTESIAN_POINT('',(0.09366,-0.10866,-0.008625));
#17238=CARTESIAN_POINT('',(0.09366,-0.10818,-0.008625));
#17239=CARTESIAN_POINT('',(0.09382,-0.10874,-0.008545));
#17240=CARTESIAN_POINT('',(0.09318,-0.10882,-0.008465));
#17241=CARTESIAN_POINT('',(0.09334,-0.10866,-0.008625));
#17242=CARTESIAN_POINT('',(0.09382,-0.10866,-0.008625));
#17243=CARTESIAN_POINT('',(0.09326,-0.10818,-0.008545));
#17244=CARTESIAN_POINT('',(0.09334,-0.10818,-0.008625));
#17245=CARTESIAN_POINT('',(0.09334,-0.10834,-0.008625));
#17246=CARTESIAN_POINT('',(0.09318,-0.10818,-0.008465));
#17247=CARTESIAN_POINT('',(0.09382,-0.10826,-0.008545));
#17248=CARTESIAN_POINT('',(0.09382,-0.10834,-0.008625));
#17249=CARTESIAN_POINT('',(0.08874,-0.10874,-0.008545));
#17250=CARTESIAN_POINT('',(0.08874,-0.10882,-0.008465));
#17251=CARTESIAN_POINT('',(0.08858,-0.10866,-0.008625));
#17252=CARTESIAN_POINT('',(0.0881,-0.10882,-0.008465));
#17253=CARTESIAN_POINT('',(0.08826,-0.10866,-0.008625));
#17254=CARTESIAN_POINT('',(0.08874,-0.10866,-0.008625));
#17255=CARTESIAN_POINT('',(0.08818,-0.10818,-0.008545));
#17256=CARTESIAN_POINT('',(0.08826,-0.10818,-0.008625));
#17257=CARTESIAN_POINT('',(0.08826,-0.10834,-0.008625));
#17258=CARTESIAN_POINT('',(0.0881,-0.10818,-0.008465));
#17259=CARTESIAN_POINT('',(0.08874,-0.10826,-0.008545));
#17260=CARTESIAN_POINT('',(0.08874,-0.10834,-0.008625));
#17261=CARTESIAN_POINT('',(0.08858,-0.10834,-0.008625));
#17262=CARTESIAN_POINT('',(0.08874,-0.10818,-0.008465));
#17263=CARTESIAN_POINT('',(0.08866,-0.10818,-0.008545));
#17264=CARTESIAN_POINT('',(0.08858,-0.10818,-0.008625));
#17265=CARTESIAN_POINT('',(0.10652,-0.10818,0.002915));
#17266=CARTESIAN_POINT('',(0.10398,-0.10818,0.002915));
#17267=CARTESIAN_POINT('',(0.09636,-0.10818,0.002915));
#17268=CARTESIAN_POINT('',(0.10144,-0.10818,0.002915));
#17269=CARTESIAN_POINT('',(0.0989,-0.10818,0.002915));
#17270=CARTESIAN_POINT('',(0.09128,-0.10818,0.002915));
#17271=CARTESIAN_POINT('',(0.09382,-0.10818,0.002915));
#17272=CARTESIAN_POINT('',(0.08874,-0.10818,0.002915));
#17273=CARTESIAN_POINT('',(0.10652,-0.10818,-0.008625));
#17274=CARTESIAN_POINT('',(0.10398,-0.10818,-0.008625));
#17275=CARTESIAN_POINT('',(0.09636,-0.10818,-0.008625));
#17276=CARTESIAN_POINT('',(0.10144,-0.10818,-0.008625));
#17277=CARTESIAN_POINT('',(0.0989,-0.10818,-0.008625));
#17278=CARTESIAN_POINT('',(0.09128,-0.10818,-0.008625));
#17279=CARTESIAN_POINT('',(0.09382,-0.10818,-0.008625));
#17280=CARTESIAN_POINT('',(0.08874,-0.10818,-0.008625));
#17281=CARTESIAN_POINT('',(-0.170287898826536,0.0956649017604179,0.0269519116441274));
#17282=CARTESIAN_POINT('',(0.11199,-0.080575,0.002595));
#17283=CARTESIAN_POINT('',(0.11199,-0.080575,0.002595));
#17284=CARTESIAN_POINT('',(0.11199,-0.080325,0.002595));
#17285=CARTESIAN_POINT('',(0.11199,-0.080575,-0.000905));
#17286=CARTESIAN_POINT('',(0.11199,-0.080825,-0.000905));
#17287=CARTESIAN_POINT('',(0.11249,-0.080575,0.002595));
#17288=CARTESIAN_POINT('',(0.11249,-0.080575,0.003095));
#17289=CARTESIAN_POINT('',(0.11249,-0.080575,0.003345));
#17290=CARTESIAN_POINT('',(0.11249,-0.080575,0.003095));
#17291=CARTESIAN_POINT('',(0.11911,-0.080575,0.003095));
#17292=CARTESIAN_POINT('',(0.11911,-0.080575,0.003345));
#17293=CARTESIAN_POINT('',(0.11911,-0.080575,0.002595));
#17294=CARTESIAN_POINT('',(0.11961,-0.080575,0.002595));
#17295=CARTESIAN_POINT('',(0.11961,-0.080825,0.002595));
#17296=CARTESIAN_POINT('',(0.11961,-0.080575,0.002595));
#17297=CARTESIAN_POINT('',(0.11961,-0.080575,-0.000905));
#17298=CARTESIAN_POINT('',(0.11961,-0.080325,-0.000905));
#17299=CARTESIAN_POINT('',(0.11224,-0.080575,-0.000905));
#17300=CARTESIAN_POINT('',(0.11936,-0.080575,-0.000905));
#17301=CARTESIAN_POINT('',(-0.170287898826536,0.0956649017604179,0.0269519116441274));
#17302=CARTESIAN_POINT('',(0.1144,-0.099625,0.003095));
#17303=CARTESIAN_POINT('',(0.1154,-0.099625,0.003095));
#17304=CARTESIAN_POINT('',(0.1154,-0.099625,0.002085));
#17305=CARTESIAN_POINT('',(0.1144,-0.099625,0.003095));
#17306=CARTESIAN_POINT('',(0.1144,-0.099625,0.002085));
#17307=CARTESIAN_POINT('',(0.1144,-0.099625,0.003095));
#17308=CARTESIAN_POINT('',(0.1144,-0.099625,0.003095));
#17309=CARTESIAN_POINT('',(0.1144,-0.099625,0.002095));
#17310=CARTESIAN_POINT('',(0.1154,-0.099625,0.003095));
#17311=CARTESIAN_POINT('',(0.1154,-0.099625,0.003095));
#17312=CARTESIAN_POINT('',(0.1154,-0.099625,0.002095));
#17313=CARTESIAN_POINT('',(0.1138,-0.099625,0.003095));
#17314=CARTESIAN_POINT('',(0.1142,-0.099625,0.003095));
#17315=CARTESIAN_POINT('',(0.1142,-0.099625,0.002095));
#17316=CARTESIAN_POINT('',(0.1138,-0.099625,0.003095));
#17317=CARTESIAN_POINT('',(0.1174,-0.099625,0.003095));
#17318=CARTESIAN_POINT('',(0.1174,-0.099625,0.004095));
#17319=CARTESIAN_POINT('',(0.1142,-0.099625,0.003095));
#17320=CARTESIAN_POINT('',(0.1138,-0.099625,0.003095));
#17321=CARTESIAN_POINT('',(0.1138,-0.099625,0.003695));
#17322=CARTESIAN_POINT('',(0.1174,-0.099625,0.003095));
#17323=CARTESIAN_POINT('',(0.1178,-0.099625,0.003095));
#17324=CARTESIAN_POINT('',(0.1178,-0.099625,0.003695));
#17325=CARTESIAN_POINT('',(0.1138,-0.099625,0.003095));
#17326=CARTESIAN_POINT('',(0.1178,-0.099625,0.003095));
#17327=CARTESIAN_POINT('',(-0.170287898826536,0.0956649017604179,0.0269519116441274));
#17328=CARTESIAN_POINT('',(0.116,-0.0325,0.001625));
#17329=CARTESIAN_POINT('',(0.116,-0.0325,0.009643518518519));
#17330=CARTESIAN_POINT('',(0.122,-0.0325,0.009643518518519));
#17331=CARTESIAN_POINT('',(0.116,-0.0325,0.001925));
#17332=CARTESIAN_POINT('',(0.11,-0.0325,0.001925));
#17333=CARTESIAN_POINT('',(0.116,-0.0325,0.001925));
#17334=CARTESIAN_POINT('',(0.116,-0.0325,0.001625));
#17335=CARTESIAN_POINT('',(0.1103,-0.0325,0.001625));
#17336=CARTESIAN_POINT('',(0.116,-0.0325,0.009643518518519));
#17337=CARTESIAN_POINT('',(0.116,-0.0325,0.011125));
#17338=CARTESIAN_POINT('',(0.120518518518519,-0.0325,0.011125));
#17339=CARTESIAN_POINT('',(0.116,-0.0325,0.001625));
#17340=CARTESIAN_POINT('',(0.1122,-0.0325,0.001625));
#17341=CARTESIAN_POINT('',(0.11265,-0.0325,0.001625));
#17342=CARTESIAN_POINT('',(0.1198,-0.0325,0.001625));
#17343=CARTESIAN_POINT('',(0.12025,-0.0325,0.001625));
#17344=CARTESIAN_POINT('',(0.116,-0.0325,0.011125));
#17345=CARTESIAN_POINT('',(0.116,-0.0325,0.011125));
#17346=CARTESIAN_POINT('',(0.115,-0.0325,0.011125));
#17347=CARTESIAN_POINT('',(0.1122,-0.0325,0.002625));
#17348=CARTESIAN_POINT('',(0.1122,-0.0325,-0.001225));
#17349=CARTESIAN_POINT('',(0.11265,-0.0325,-0.001225));
#17350=CARTESIAN_POINT('',(0.1198,-0.0325,0.002625));
#17351=CARTESIAN_POINT('',(0.1198,-0.0325,-0.001225));
#17352=CARTESIAN_POINT('',(0.12025,-0.0325,-0.001225));
#17353=CARTESIAN_POINT('',(0.116,-0.0325,0.003525));
#17354=CARTESIAN_POINT('',(0.116,-0.0325,0.010925));
#17355=CARTESIAN_POINT('',(0.115,-0.0325,0.010925));
#17356=CARTESIAN_POINT('',(0.1122,-0.0325,-0.001225));
#17357=CARTESIAN_POINT('',(0.1122,-0.0325,-0.001405));
#17358=CARTESIAN_POINT('',(0.11193,-0.0325,-0.001405));
#17359=CARTESIAN_POINT('',(0.1198,-0.0325,-0.001225));
#17360=CARTESIAN_POINT('',(0.1198,-0.0325,-0.001405));
#17361=CARTESIAN_POINT('',(0.11953,-0.0325,-0.001405));
#17362=CARTESIAN_POINT('',(0.116,-0.0325,0.010925));
#17363=CARTESIAN_POINT('',(0.1122,-0.0325,-0.001405));
#17364=CARTESIAN_POINT('',(0.1198,-0.0325,-0.001405));
#17365=CARTESIAN_POINT('',(-0.170287898826536,0.0956649017604179,0.0269519116441274));
#17366=CARTESIAN_POINT('',(0.11199,-0.061525,0.002595));
#17367=CARTESIAN_POINT('',(0.11199,-0.061525,0.002595));
#17368=CARTESIAN_POINT('',(0.11199,-0.061275,0.002595));
#17369=CARTESIAN_POINT('',(0.11199,-0.061525,-0.000905));
#17370=CARTESIAN_POINT('',(0.11199,-0.061775,-0.000905));
#17371=CARTESIAN_POINT('',(0.11249,-0.061525,0.002595));
#17372=CARTESIAN_POINT('',(0.11249,-0.061525,0.003095));
#17373=CARTESIAN_POINT('',(0.11249,-0.061525,0.003345));
#17374=CARTESIAN_POINT('',(0.11249,-0.061525,0.003095));
#17375=CARTESIAN_POINT('',(0.11911,-0.061525,0.003095));
#17376=CARTESIAN_POINT('',(0.11911,-0.061525,0.003345));
#17377=CARTESIAN_POINT('',(0.11911,-0.061525,0.002595));
#17378=CARTESIAN_POINT('',(0.11961,-0.061525,0.002595));
#17379=CARTESIAN_POINT('',(0.11961,-0.061775,0.002595));
#17380=CARTESIAN_POINT('',(0.11961,-0.061525,0.002595));
#17381=CARTESIAN_POINT('',(0.11961,-0.061525,-0.000905));
#17382=CARTESIAN_POINT('',(0.11961,-0.061275,-0.000905));
#17383=CARTESIAN_POINT('',(0.11224,-0.061525,-0.000905));
#17384=CARTESIAN_POINT('',(0.11936,-0.061525,-0.000905));
#17385=CARTESIAN_POINT('',(-0.170287898826536,0.0956649017604179,0.0269519116441274));
#17386=CARTESIAN_POINT('',(0.1144,-0.061525,0.003095));
#17387=CARTESIAN_POINT('',(0.1154,-0.061525,0.003095));
#17388=CARTESIAN_POINT('',(0.1154,-0.061525,0.002085));
#17389=CARTESIAN_POINT('',(0.1144,-0.061525,0.003095));
#17390=CARTESIAN_POINT('',(0.1144,-0.061525,0.002085));
#17391=CARTESIAN_POINT('',(0.1144,-0.061525,0.003095));
#17392=CARTESIAN_POINT('',(0.1144,-0.061525,0.003095));
#17393=CARTESIAN_POINT('',(0.1144,-0.061525,0.002095));
#17394=CARTESIAN_POINT('',(0.1154,-0.061525,0.003095));
#17395=CARTESIAN_POINT('',(0.1154,-0.061525,0.003095));
#17396=CARTESIAN_POINT('',(0.1154,-0.061525,0.002095));
#17397=CARTESIAN_POINT('',(0.1138,-0.061525,0.003095));
#17398=CARTESIAN_POINT('',(0.1142,-0.061525,0.003095));
#17399=CARTESIAN_POINT('',(0.1142,-0.061525,0.002095));
#17400=CARTESIAN_POINT('',(0.1138,-0.061525,0.003095));
#17401=CARTESIAN_POINT('',(0.1174,-0.061525,0.003095));
#17402=CARTESIAN_POINT('',(0.1174,-0.061525,0.004095));
#17403=CARTESIAN_POINT('',(0.1142,-0.061525,0.003095));
#17404=CARTESIAN_POINT('',(0.1138,-0.061525,0.003095));
#17405=CARTESIAN_POINT('',(0.1138,-0.061525,0.003695));
#17406=CARTESIAN_POINT('',(0.1174,-0.061525,0.003095));
#17407=CARTESIAN_POINT('',(0.1178,-0.061525,0.003095));
#17408=CARTESIAN_POINT('',(0.1178,-0.061525,0.003695));
#17409=CARTESIAN_POINT('',(0.1138,-0.061525,0.003095));
#17410=CARTESIAN_POINT('',(0.1178,-0.061525,0.003095));
#17411=CARTESIAN_POINT('',(-0.170287898826536,0.0956649017604179,0.0269519116441274));
#17412=CARTESIAN_POINT('',(0.09535,-0.099625,0.003095));
#17413=CARTESIAN_POINT('',(0.09635,-0.099625,0.003095));
#17414=CARTESIAN_POINT('',(0.09635,-0.099625,0.002085));
#17415=CARTESIAN_POINT('',(0.09535,-0.099625,0.003095));
#17416=CARTESIAN_POINT('',(0.09535,-0.099625,0.002085));
#17417=CARTESIAN_POINT('',(0.09535,-0.099625,0.003095));
#17418=CARTESIAN_POINT('',(0.09535,-0.099625,0.003095));
#17419=CARTESIAN_POINT('',(0.09535,-0.099625,0.002095));
#17420=CARTESIAN_POINT('',(0.09635,-0.099625,0.003095));
#17421=CARTESIAN_POINT('',(0.09635,-0.099625,0.003095));
#17422=CARTESIAN_POINT('',(0.09635,-0.099625,0.002095));
#17423=CARTESIAN_POINT('',(0.09475,-0.099625,0.003095));
#17424=CARTESIAN_POINT('',(0.09515,-0.099625,0.003095));
#17425=CARTESIAN_POINT('',(0.09515,-0.099625,0.002095));
#17426=CARTESIAN_POINT('',(0.09475,-0.099625,0.003095));
#17427=CARTESIAN_POINT('',(0.09835,-0.099625,0.003095));
#17428=CARTESIAN_POINT('',(0.09835,-0.099625,0.004095));
#17429=CARTESIAN_POINT('',(0.09515,-0.099625,0.003095));
#17430=CARTESIAN_POINT('',(0.09475,-0.099625,0.003095));
#17431=CARTESIAN_POINT('',(0.09475,-0.099625,0.003695));
#17432=CARTESIAN_POINT('',(0.09835,-0.099625,0.003095));
#17433=CARTESIAN_POINT('',(0.09875,-0.099625,0.003095));
#17434=CARTESIAN_POINT('',(0.09875,-0.099625,0.003695));
#17435=CARTESIAN_POINT('',(0.09475,-0.099625,0.003095));
#17436=CARTESIAN_POINT('',(0.09875,-0.099625,0.003095));
#17437=CARTESIAN_POINT('',(-0.170287898826536,0.0956649017604179,0.0269519116441274));
#17438=CARTESIAN_POINT('',(0.09535,-0.080575,0.003095));
#17439=CARTESIAN_POINT('',(0.09635,-0.080575,0.003095));
#17440=CARTESIAN_POINT('',(0.09635,-0.080575,0.002085));
#17441=CARTESIAN_POINT('',(0.09535,-0.080575,0.003095));
#17442=CARTESIAN_POINT('',(0.09535,-0.080575,0.002085));
#17443=CARTESIAN_POINT('',(0.09535,-0.080575,0.003095));
#17444=CARTESIAN_POINT('',(0.09535,-0.080575,0.003095));
#17445=CARTESIAN_POINT('',(0.09535,-0.080575,0.002095));
#17446=CARTESIAN_POINT('',(0.09635,-0.080575,0.003095));
#17447=CARTESIAN_POINT('',(0.09635,-0.080575,0.003095));
#17448=CARTESIAN_POINT('',(0.09635,-0.080575,0.002095));
#17449=CARTESIAN_POINT('',(0.09475,-0.080575,0.003095));
#17450=CARTESIAN_POINT('',(0.09515,-0.080575,0.003095));
#17451=CARTESIAN_POINT('',(0.09515,-0.080575,0.002095));
#17452=CARTESIAN_POINT('',(0.09475,-0.080575,0.003095));
#17453=CARTESIAN_POINT('',(0.09835,-0.080575,0.003095));
#17454=CARTESIAN_POINT('',(0.09835,-0.080575,0.004095));
#17455=CARTESIAN_POINT('',(0.09515,-0.080575,0.003095));
#17456=CARTESIAN_POINT('',(0.09475,-0.080575,0.003095));
#17457=CARTESIAN_POINT('',(0.09475,-0.080575,0.003695));
#17458=CARTESIAN_POINT('',(0.09835,-0.080575,0.003095));
#17459=CARTESIAN_POINT('',(0.09875,-0.080575,0.003095));
#17460=CARTESIAN_POINT('',(0.09875,-0.080575,0.003695));
#17461=CARTESIAN_POINT('',(0.09475,-0.080575,0.003095));
#17462=CARTESIAN_POINT('',(0.09875,-0.080575,0.003095));
#17463=CARTESIAN_POINT('',(-0.170287898826536,0.0956649017604179,0.0269519116441274));
#17464=CARTESIAN_POINT('',(0.0763,-0.080575,0.003095));
#17465=CARTESIAN_POINT('',(0.0773,-0.080575,0.003095));
#17466=CARTESIAN_POINT('',(0.0773,-0.080575,0.002085));
#17467=CARTESIAN_POINT('',(0.0763,-0.080575,0.003095));
#17468=CARTESIAN_POINT('',(0.0763,-0.080575,0.002085));
#17469=CARTESIAN_POINT('',(0.0763,-0.080575,0.003095));
#17470=CARTESIAN_POINT('',(0.0763,-0.080575,0.003095));
#17471=CARTESIAN_POINT('',(0.0763,-0.080575,0.002095));
#17472=CARTESIAN_POINT('',(0.0773,-0.080575,0.003095));
#17473=CARTESIAN_POINT('',(0.0773,-0.080575,0.003095));
#17474=CARTESIAN_POINT('',(0.0773,-0.080575,0.002095));
#17475=CARTESIAN_POINT('',(0.0757,-0.080575,0.003095));
#17476=CARTESIAN_POINT('',(0.0761,-0.080575,0.003095));
#17477=CARTESIAN_POINT('',(0.0761,-0.080575,0.002095));
#17478=CARTESIAN_POINT('',(0.0757,-0.080575,0.003095));
#17479=CARTESIAN_POINT('',(0.0793,-0.080575,0.003095));
#17480=CARTESIAN_POINT('',(0.0793,-0.080575,0.004095));
#17481=CARTESIAN_POINT('',(0.0761,-0.080575,0.003095));
#17482=CARTESIAN_POINT('',(0.0757,-0.080575,0.003095));
#17483=CARTESIAN_POINT('',(0.0757,-0.080575,0.003695));
#17484=CARTESIAN_POINT('',(0.0793,-0.080575,0.003095));
#17485=CARTESIAN_POINT('',(0.0797,-0.080575,0.003095));
#17486=CARTESIAN_POINT('',(0.0797,-0.080575,0.003695));
#17487=CARTESIAN_POINT('',(0.0757,-0.080575,0.003095));
#17488=CARTESIAN_POINT('',(0.0797,-0.080575,0.003095));
#17489=CARTESIAN_POINT('',(-0.170287898826536,0.0956649017604179,0.0269519116441274));
#17490=CARTESIAN_POINT('',(0.0763,-0.061525,0.003095));
#17491=CARTESIAN_POINT('',(0.0773,-0.061525,0.003095));
#17492=CARTESIAN_POINT('',(0.0773,-0.061525,0.002085));
#17493=CARTESIAN_POINT('',(0.0763,-0.061525,0.003095));
#17494=CARTESIAN_POINT('',(0.0763,-0.061525,0.002085));
#17495=CARTESIAN_POINT('',(0.0763,-0.061525,0.003095));
#17496=CARTESIAN_POINT('',(0.0763,-0.061525,0.003095));
#17497=CARTESIAN_POINT('',(0.0763,-0.061525,0.002095));
#17498=CARTESIAN_POINT('',(0.0773,-0.061525,0.003095));
#17499=CARTESIAN_POINT('',(0.0773,-0.061525,0.003095));
#17500=CARTESIAN_POINT('',(0.0773,-0.061525,0.002095));
#17501=CARTESIAN_POINT('',(0.0757,-0.061525,0.003095));
#17502=CARTESIAN_POINT('',(0.0761,-0.061525,0.003095));
#17503=CARTESIAN_POINT('',(0.0761,-0.061525,0.002095));
#17504=CARTESIAN_POINT('',(0.0757,-0.061525,0.003095));
#17505=CARTESIAN_POINT('',(0.0793,-0.061525,0.003095));
#17506=CARTESIAN_POINT('',(0.0793,-0.061525,0.004095));
#17507=CARTESIAN_POINT('',(0.0761,-0.061525,0.003095));
#17508=CARTESIAN_POINT('',(0.0757,-0.061525,0.003095));
#17509=CARTESIAN_POINT('',(0.0757,-0.061525,0.003695));
#17510=CARTESIAN_POINT('',(0.0793,-0.061525,0.003095));
#17511=CARTESIAN_POINT('',(0.0797,-0.061525,0.003095));
#17512=CARTESIAN_POINT('',(0.0797,-0.061525,0.003695));
#17513=CARTESIAN_POINT('',(0.0757,-0.061525,0.003095));
#17514=CARTESIAN_POINT('',(0.0797,-0.061525,0.003095));
#17515=CARTESIAN_POINT('',(-0.170287898826536,0.0956649017604179,0.0269519116441274));
#17516=CARTESIAN_POINT('',(0.11199,-0.099625,0.002595));
#17517=CARTESIAN_POINT('',(0.11199,-0.099625,0.002595));
#17518=CARTESIAN_POINT('',(0.11199,-0.099375,0.002595));
#17519=CARTESIAN_POINT('',(0.11199,-0.099625,-0.000905));
#17520=CARTESIAN_POINT('',(0.11199,-0.099875,-0.000905));
#17521=CARTESIAN_POINT('',(0.11249,-0.099625,0.002595));
#17522=CARTESIAN_POINT('',(0.11249,-0.099625,0.003095));
#17523=CARTESIAN_POINT('',(0.11249,-0.099625,0.003345));
#17524=CARTESIAN_POINT('',(0.11249,-0.099625,0.003095));
#17525=CARTESIAN_POINT('',(0.11911,-0.099625,0.003095));
#17526=CARTESIAN_POINT('',(0.11911,-0.099625,0.003345));
#17527=CARTESIAN_POINT('',(0.11911,-0.099625,0.002595));
#17528=CARTESIAN_POINT('',(0.11961,-0.099625,0.002595));
#17529=CARTESIAN_POINT('',(0.11961,-0.099875,0.002595));
#17530=CARTESIAN_POINT('',(0.11961,-0.099625,0.002595));
#17531=CARTESIAN_POINT('',(0.11961,-0.099625,-0.000905));
#17532=CARTESIAN_POINT('',(0.11961,-0.099375,-0.000905));
#17533=CARTESIAN_POINT('',(0.11224,-0.099625,-0.000905));
#17534=CARTESIAN_POINT('',(0.11936,-0.099625,-0.000905));
#17535=CARTESIAN_POINT('',(-0.170287898826536,0.0956649017604179,0.0269519116441274));
#17536=CARTESIAN_POINT('',(0.07389,-0.099625,0.002595));
#17537=CARTESIAN_POINT('',(0.07389,-0.099625,0.002595));
#17538=CARTESIAN_POINT('',(0.07389,-0.099375,0.002595));
#17539=CARTESIAN_POINT('',(0.07389,-0.099625,-0.000905));
#17540=CARTESIAN_POINT('',(0.07389,-0.099875,-0.000905));
#17541=CARTESIAN_POINT('',(0.07439,-0.099625,0.002595));
#17542=CARTESIAN_POINT('',(0.07439,-0.099625,0.003095));
#17543=CARTESIAN_POINT('',(0.07439,-0.099625,0.003345));
#17544=CARTESIAN_POINT('',(0.07439,-0.099625,0.003095));
#17545=CARTESIAN_POINT('',(0.08101,-0.099625,0.003095));
#17546=CARTESIAN_POINT('',(0.08101,-0.099625,0.003345));
#17547=CARTESIAN_POINT('',(0.08101,-0.099625,0.002595));
#17548=CARTESIAN_POINT('',(0.08151,-0.099625,0.002595));
#17549=CARTESIAN_POINT('',(0.08151,-0.099875,0.002595));
#17550=CARTESIAN_POINT('',(0.08151,-0.099625,0.002595));
#17551=CARTESIAN_POINT('',(0.08151,-0.099625,-0.000905));
#17552=CARTESIAN_POINT('',(0.08151,-0.099375,-0.000905));
#17553=CARTESIAN_POINT('',(0.07414,-0.099625,-0.000905));
#17554=CARTESIAN_POINT('',(0.08126,-0.099625,-0.000905));
#17555=CARTESIAN_POINT('',(-0.170287898826536,0.0956649017604179,0.0269519116441274));
#17556=CARTESIAN_POINT('',(0.0763,-0.099625,0.003095));
#17557=CARTESIAN_POINT('',(0.0773,-0.099625,0.003095));
#17558=CARTESIAN_POINT('',(0.0773,-0.099625,0.002085));
#17559=CARTESIAN_POINT('',(0.0763,-0.099625,0.003095));
#17560=CARTESIAN_POINT('',(0.0763,-0.099625,0.002085));
#17561=CARTESIAN_POINT('',(0.0763,-0.099625,0.003095));
#17562=CARTESIAN_POINT('',(0.0763,-0.099625,0.003095));
#17563=CARTESIAN_POINT('',(0.0763,-0.099625,0.002095));
#17564=CARTESIAN_POINT('',(0.0773,-0.099625,0.003095));
#17565=CARTESIAN_POINT('',(0.0773,-0.099625,0.003095));
#17566=CARTESIAN_POINT('',(0.0773,-0.099625,0.002095));
#17567=CARTESIAN_POINT('',(0.0757,-0.099625,0.003095));
#17568=CARTESIAN_POINT('',(0.0761,-0.099625,0.003095));
#17569=CARTESIAN_POINT('',(0.0761,-0.099625,0.002095));
#17570=CARTESIAN_POINT('',(0.0757,-0.099625,0.003095));
#17571=CARTESIAN_POINT('',(0.0793,-0.099625,0.003095));
#17572=CARTESIAN_POINT('',(0.0793,-0.099625,0.004095));
#17573=CARTESIAN_POINT('',(0.0761,-0.099625,0.003095));
#17574=CARTESIAN_POINT('',(0.0757,-0.099625,0.003095));
#17575=CARTESIAN_POINT('',(0.0757,-0.099625,0.003695));
#17576=CARTESIAN_POINT('',(0.0793,-0.099625,0.003095));
#17577=CARTESIAN_POINT('',(0.0797,-0.099625,0.003095));
#17578=CARTESIAN_POINT('',(0.0797,-0.099625,0.003695));
#17579=CARTESIAN_POINT('',(0.0757,-0.099625,0.003095));
#17580=CARTESIAN_POINT('',(0.0797,-0.099625,0.003095));
#17581=CARTESIAN_POINT('',(-0.170287898826536,0.0956649017604179,0.0269519116441274));
#17582=CARTESIAN_POINT('',(0.09294,-0.061525,0.002595));
#17583=CARTESIAN_POINT('',(0.09294,-0.061525,0.002595));
#17584=CARTESIAN_POINT('',(0.09294,-0.061275,0.002595));
#17585=CARTESIAN_POINT('',(0.09294,-0.061525,-0.000905));
#17586=CARTESIAN_POINT('',(0.09294,-0.061775,-0.000905));
#17587=CARTESIAN_POINT('',(0.09344,-0.061525,0.002595));
#17588=CARTESIAN_POINT('',(0.09344,-0.061525,0.003095));
#17589=CARTESIAN_POINT('',(0.09344,-0.061525,0.003345));
#17590=CARTESIAN_POINT('',(0.09344,-0.061525,0.003095));
#17591=CARTESIAN_POINT('',(0.10006,-0.061525,0.003095));
#17592=CARTESIAN_POINT('',(0.10006,-0.061525,0.003345));
#17593=CARTESIAN_POINT('',(0.10006,-0.061525,0.002595));
#17594=CARTESIAN_POINT('',(0.10056,-0.061525,0.002595));
#17595=CARTESIAN_POINT('',(0.10056,-0.061775,0.002595));
#17596=CARTESIAN_POINT('',(0.10056,-0.061525,0.002595));
#17597=CARTESIAN_POINT('',(0.10056,-0.061525,-0.000905));
#17598=CARTESIAN_POINT('',(0.10056,-0.061275,-0.000905));
#17599=CARTESIAN_POINT('',(0.09319,-0.061525,-0.000905));
#17600=CARTESIAN_POINT('',(0.10031,-0.061525,-0.000905));
#17601=CARTESIAN_POINT('',(-0.170287898826536,0.0956649017604179,0.0269519116441274));
#17602=CARTESIAN_POINT('',(0.12150000064233,-0.02449999935766,0.));
#17603=CARTESIAN_POINT('',(0.121499999999999,-0.014499999999991,0.));
#17604=CARTESIAN_POINT('',(0.121500000321164,-0.0144999999999933,0.));
#17605=CARTESIAN_POINT('',(0.121500000321164,-0.0144999999999955,0.00151));
#17606=CARTESIAN_POINT('',(0.12150000064233,-0.02449999935766,0.00151));
#17607=CARTESIAN_POINT('',(0.1315,-0.02449999967883,0.00151));
#17608=CARTESIAN_POINT('',(0.1315,-0.0245,0.));
#17609=CARTESIAN_POINT('',(0.1315,-0.02449999967883,0.));
#17610=CARTESIAN_POINT('',(0.12150000064233,-0.02449999935766,0.));
#17611=CARTESIAN_POINT('',(0.072,-0.0145,0.));
#17612=CARTESIAN_POINT('',(0.072,-0.0145,0.));
#17613=CARTESIAN_POINT('',(0.0719999996788345,-0.0144999999999978,0.));
#17614=CARTESIAN_POINT('',(0.0719999996788345,-0.0145,0.00151));
#17615=CARTESIAN_POINT('',(0.072,-0.0145,0.00151));
#17616=CARTESIAN_POINT('',(0.,-0.0144999999999955,0.));
#17617=CARTESIAN_POINT('',(0.1315,-0.0245,0.));
#17618=CARTESIAN_POINT('',(0.1315,-0.0245,0.00151));
#17619=CARTESIAN_POINT('',(0.1315,-0.10150000032115,0.00151));
#17620=CARTESIAN_POINT('',(0.1315,-0.1015,0.));
#17621=CARTESIAN_POINT('',(0.1315,-0.10150000032115,0.));
#17622=CARTESIAN_POINT('',(0.1315,0.,0.));
#17623=CARTESIAN_POINT('',(0.,0.,0.));
#17624=CARTESIAN_POINT('',(0.12150000064233,-0.1015000006423,0.));
#17625=CARTESIAN_POINT('',(0.121500000321165,-0.111499999999992,0.));
#17626=CARTESIAN_POINT('',(0.,-0.111499999999984,0.));
#17627=CARTESIAN_POINT('',(0.0719999996788347,-0.111499999999977,0.));
#17628=CARTESIAN_POINT('',(0.071999999357669,-0.1015000006423,0.));
#17629=CARTESIAN_POINT('',(0.062,-0.10150000032115,0.));
#17630=CARTESIAN_POINT('',(0.062,0.,0.));
#17631=CARTESIAN_POINT('',(0.062,-0.0244999996788257,0.));
#17632=CARTESIAN_POINT('',(0.071999999357669,-0.02449999935766,0.));
#17633=CARTESIAN_POINT('',(0.066,-0.1055,0.));
#17634=CARTESIAN_POINT('',(0.0644,-0.1055,0.));
#17635=CARTESIAN_POINT('',(0.07389,-0.099625,0.));
#17636=CARTESIAN_POINT('',(0.07349,-0.099625,0.));
#17637=CARTESIAN_POINT('',(0.07516,-0.09518,0.));
#17638=CARTESIAN_POINT('',(0.07441,-0.09518,0.));
#17639=CARTESIAN_POINT('',(0.07262,-0.0901,0.));
#17640=CARTESIAN_POINT('',(0.07177,-0.0901,0.));
#17641=CARTESIAN_POINT('',(0.0777,-0.0901,0.));
#17642=CARTESIAN_POINT('',(0.0757,-0.0901,0.));
#17643=CARTESIAN_POINT('',(0.08842,-0.1085,0.));
#17644=CARTESIAN_POINT('',(0.08792,-0.1085,0.));
#17645=CARTESIAN_POINT('',(0.08151,-0.099625,0.));
#17646=CARTESIAN_POINT('',(0.08111,-0.099625,0.));
#17647=CARTESIAN_POINT('',(0.09096,-0.1085,0.));
#17648=CARTESIAN_POINT('',(0.09046,-0.1085,0.));
#17649=CARTESIAN_POINT('',(0.0935,-0.1085,0.));
#17650=CARTESIAN_POINT('',(0.093,-0.1085,0.));
#17651=CARTESIAN_POINT('',(0.09604,-0.1085,0.));
#17652=CARTESIAN_POINT('',(0.09554,-0.1085,0.));
#17653=CARTESIAN_POINT('',(0.09294,-0.099625,0.));
#17654=CARTESIAN_POINT('',(0.09254,-0.099625,0.));
#17655=CARTESIAN_POINT('',(0.08151,-0.09264,0.));
#17656=CARTESIAN_POINT('',(0.08076,-0.09264,0.));
#17657=CARTESIAN_POINT('',(0.08278,-0.0901,0.));
#17658=CARTESIAN_POINT('',(0.08193,-0.0901,0.));
#17659=CARTESIAN_POINT('',(0.09421,-0.09518,0.));
#17660=CARTESIAN_POINT('',(0.09346,-0.09518,0.));
#17661=CARTESIAN_POINT('',(0.09167,-0.0901,0.));
#17662=CARTESIAN_POINT('',(0.09082,-0.0901,0.));
#17663=CARTESIAN_POINT('',(0.09675,-0.0901,0.));
#17664=CARTESIAN_POINT('',(0.09475,-0.0901,0.));
#17665=CARTESIAN_POINT('',(0.07389,-0.080575,0.));
#17666=CARTESIAN_POINT('',(0.07349,-0.080575,0.));
#17667=CARTESIAN_POINT('',(0.07516,-0.07613,0.));
#17668=CARTESIAN_POINT('',(0.07441,-0.07613,0.));
#17669=CARTESIAN_POINT('',(0.07262,-0.07105,0.));
#17670=CARTESIAN_POINT('',(0.07177,-0.07105,0.));
#17671=CARTESIAN_POINT('',(0.0777,-0.07105,0.));
#17672=CARTESIAN_POINT('',(0.0757,-0.07105,0.));
#17673=CARTESIAN_POINT('',(0.08151,-0.080575,0.));
#17674=CARTESIAN_POINT('',(0.08111,-0.080575,0.));
#17675=CARTESIAN_POINT('',(0.09294,-0.080575,0.));
#17676=CARTESIAN_POINT('',(0.09254,-0.080575,0.));
#17677=CARTESIAN_POINT('',(0.09421,-0.07613,0.));
#17678=CARTESIAN_POINT('',(0.09346,-0.07613,0.));
#17679=CARTESIAN_POINT('',(0.08151,-0.07359,0.));
#17680=CARTESIAN_POINT('',(0.08076,-0.07359,0.));
#17681=CARTESIAN_POINT('',(0.08278,-0.07105,0.));
#17682=CARTESIAN_POINT('',(0.08193,-0.07105,0.));
#17683=CARTESIAN_POINT('',(0.09167,-0.07105,0.));
#17684=CARTESIAN_POINT('',(0.09082,-0.07105,0.));
#17685=CARTESIAN_POINT('',(0.09675,-0.07105,0.));
#17686=CARTESIAN_POINT('',(0.09475,-0.07105,0.));
#17687=CARTESIAN_POINT('',(0.09858,-0.1085,0.));
#17688=CARTESIAN_POINT('',(0.09808,-0.1085,0.));
#17689=CARTESIAN_POINT('',(0.10112,-0.1085,0.));
#17690=CARTESIAN_POINT('',(0.10062,-0.1085,0.));
#17691=CARTESIAN_POINT('',(0.10366,-0.1085,0.));
#17692=CARTESIAN_POINT('',(0.10316,-0.1085,0.));
#17693=CARTESIAN_POINT('',(0.10056,-0.099625,0.));
#17694=CARTESIAN_POINT('',(0.10016,-0.099625,0.));
#17695=CARTESIAN_POINT('',(0.1062,-0.1085,0.));
#17696=CARTESIAN_POINT('',(0.1057,-0.1085,0.));
#17697=CARTESIAN_POINT('',(0.11199,-0.099625,0.));
#17698=CARTESIAN_POINT('',(0.11159,-0.099625,0.));
#17699=CARTESIAN_POINT('',(0.10056,-0.09264,0.));
#17700=CARTESIAN_POINT('',(0.09981,-0.09264,0.));
#17701=CARTESIAN_POINT('',(0.10183,-0.0901,0.));
#17702=CARTESIAN_POINT('',(0.10098,-0.0901,0.));
#17703=CARTESIAN_POINT('',(0.110719999,-0.0901,0.));
#17704=CARTESIAN_POINT('',(0.109869999,-0.0901,0.));
#17705=CARTESIAN_POINT('',(0.11961,-0.099625,0.));
#17706=CARTESIAN_POINT('',(0.11921,-0.099625,0.));
#17707=CARTESIAN_POINT('',(0.1275,-0.1055,0.));
#17708=CARTESIAN_POINT('',(0.1259,-0.1055,0.));
#17709=CARTESIAN_POINT('',(0.113259999,-0.09518,0.));
#17710=CARTESIAN_POINT('',(0.112509999,-0.09518,0.));
#17711=CARTESIAN_POINT('',(0.119609999,-0.09264,0.));
#17712=CARTESIAN_POINT('',(0.118859999,-0.09264,0.));
#17713=CARTESIAN_POINT('',(0.115799999,-0.0901,0.));
#17714=CARTESIAN_POINT('',(0.113799999,-0.0901,0.));
#17715=CARTESIAN_POINT('',(0.120879999,-0.0901,0.));
#17716=CARTESIAN_POINT('',(0.120029999,-0.0901,0.));
#17717=CARTESIAN_POINT('',(0.10056,-0.080575,0.));
#17718=CARTESIAN_POINT('',(0.10016,-0.080575,0.));
#17719=CARTESIAN_POINT('',(0.11199,-0.080575,0.));
#17720=CARTESIAN_POINT('',(0.11159,-0.080575,0.));
#17721=CARTESIAN_POINT('',(0.10056,-0.07359,0.));
#17722=CARTESIAN_POINT('',(0.09981,-0.07359,0.));
#17723=CARTESIAN_POINT('',(0.10183,-0.07105,0.));
#17724=CARTESIAN_POINT('',(0.10098,-0.07105,0.));
#17725=CARTESIAN_POINT('',(0.110719999,-0.07105,0.));
#17726=CARTESIAN_POINT('',(0.109869999,-0.07105,0.));
#17727=CARTESIAN_POINT('',(0.11961,-0.080575,0.));
#17728=CARTESIAN_POINT('',(0.11921,-0.080575,0.));
#17729=CARTESIAN_POINT('',(0.113259999,-0.07613,0.));
#17730=CARTESIAN_POINT('',(0.112509999,-0.07613,0.));
#17731=CARTESIAN_POINT('',(0.115799999,-0.07105,0.));
#17732=CARTESIAN_POINT('',(0.113799999,-0.07105,0.));
#17733=CARTESIAN_POINT('',(0.119609999,-0.07359,0.));
#17734=CARTESIAN_POINT('',(0.118859999,-0.07359,0.));
#17735=CARTESIAN_POINT('',(0.120879999,-0.07105,0.));
#17736=CARTESIAN_POINT('',(0.120029999,-0.07105,0.));
#17737=CARTESIAN_POINT('',(0.07389,-0.061525,0.));
#17738=CARTESIAN_POINT('',(0.07349,-0.061525,0.));
#17739=CARTESIAN_POINT('',(0.07516,-0.05708,0.));
#17740=CARTESIAN_POINT('',(0.07441,-0.05708,0.));
#17741=CARTESIAN_POINT('',(0.07262,-0.052,0.));
#17742=CARTESIAN_POINT('',(0.07177,-0.052,0.));
#17743=CARTESIAN_POINT('',(0.0777,-0.052,0.));
#17744=CARTESIAN_POINT('',(0.0757,-0.052,0.));
#17745=CARTESIAN_POINT('',(0.08151,-0.061525,0.));
#17746=CARTESIAN_POINT('',(0.08111,-0.061525,0.));
#17747=CARTESIAN_POINT('',(0.08151,-0.05454,0.));
#17748=CARTESIAN_POINT('',(0.08076,-0.05454,0.));
#17749=CARTESIAN_POINT('',(0.08278,-0.052,0.));
#17750=CARTESIAN_POINT('',(0.08193,-0.052,0.));
#17751=CARTESIAN_POINT('',(0.09294,-0.061525,0.));
#17752=CARTESIAN_POINT('',(0.09254,-0.061525,0.));
#17753=CARTESIAN_POINT('',(0.09167,-0.052,0.));
#17754=CARTESIAN_POINT('',(0.09082,-0.052,0.));
#17755=CARTESIAN_POINT('',(0.09421,-0.05708,0.));
#17756=CARTESIAN_POINT('',(0.09346,-0.05708,0.));
#17757=CARTESIAN_POINT('',(0.09675,-0.052,0.));
#17758=CARTESIAN_POINT('',(0.09475,-0.052,0.));
#17759=CARTESIAN_POINT('',(0.068,-0.0205,0.));
#17760=CARTESIAN_POINT('',(0.0664,-0.0205,0.));
#17761=CARTESIAN_POINT('',(0.0895,-0.03274,0.));
#17762=CARTESIAN_POINT('',(0.0890555,-0.03274,0.));
#17763=CARTESIAN_POINT('',(0.0895,-0.0302,0.));
#17764=CARTESIAN_POINT('',(0.0890555,-0.0302,0.));
#17765=CARTESIAN_POINT('',(0.0895,-0.02766,0.));
#17766=CARTESIAN_POINT('',(0.0890555,-0.02766,0.));
#17767=CARTESIAN_POINT('',(0.0895,-0.02512,0.));
#17768=CARTESIAN_POINT('',(0.0890555,-0.02512,0.));
#17769=CARTESIAN_POINT('',(0.0895,-0.02258,0.));
#17770=CARTESIAN_POINT('',(0.0890555,-0.02258,0.));
#17771=CARTESIAN_POINT('',(0.0895,-0.02004,0.));
#17772=CARTESIAN_POINT('',(0.0890555,-0.02004,0.));
#17773=CARTESIAN_POINT('',(0.0895,-0.0175,0.));
#17774=CARTESIAN_POINT('',(0.0890555,-0.0175,0.));
#17775=CARTESIAN_POINT('',(0.10056,-0.061525,0.));
#17776=CARTESIAN_POINT('',(0.10016,-0.061525,0.));
#17777=CARTESIAN_POINT('',(0.10056,-0.05454,0.));
#17778=CARTESIAN_POINT('',(0.09981,-0.05454,0.));
#17779=CARTESIAN_POINT('',(0.10183,-0.052,0.));
#17780=CARTESIAN_POINT('',(0.10098,-0.052,0.));
#17781=CARTESIAN_POINT('',(0.11199,-0.061525,0.));
#17782=CARTESIAN_POINT('',(0.11159,-0.061525,0.));
#17783=CARTESIAN_POINT('',(0.110719999,-0.052,0.));
#17784=CARTESIAN_POINT('',(0.109869999,-0.052,0.));
#17785=CARTESIAN_POINT('',(0.11961,-0.061525,0.));
#17786=CARTESIAN_POINT('',(0.11921,-0.061525,0.));
#17787=CARTESIAN_POINT('',(0.113259999,-0.05708,0.));
#17788=CARTESIAN_POINT('',(0.112509999,-0.05708,0.));
#17789=CARTESIAN_POINT('',(0.115799999,-0.052,0.));
#17790=CARTESIAN_POINT('',(0.113799999,-0.052,0.));
#17791=CARTESIAN_POINT('',(0.119609999,-0.05454,0.));
#17792=CARTESIAN_POINT('',(0.118859999,-0.05454,0.));
#17793=CARTESIAN_POINT('',(0.120879999,-0.052,0.));
#17794=CARTESIAN_POINT('',(0.120029999,-0.052,0.));
#17795=CARTESIAN_POINT('',(0.10474,-0.03274,0.));
#17796=CARTESIAN_POINT('',(0.1042955,-0.03274,0.));
#17797=CARTESIAN_POINT('',(0.10474,-0.0302,0.));
#17798=CARTESIAN_POINT('',(0.1042955,-0.0302,0.));
#17799=CARTESIAN_POINT('',(0.1122,-0.0325,0.));
#17800=CARTESIAN_POINT('',(0.1117,-0.0325,0.));
#17801=CARTESIAN_POINT('',(0.10474,-0.02766,0.));
#17802=CARTESIAN_POINT('',(0.1042955,-0.02766,0.));
#17803=CARTESIAN_POINT('',(0.10474,-0.02512,0.));
#17804=CARTESIAN_POINT('',(0.1042955,-0.02512,0.));
#17805=CARTESIAN_POINT('',(0.10474,-0.02258,0.));
#17806=CARTESIAN_POINT('',(0.1042955,-0.02258,0.));
#17807=CARTESIAN_POINT('',(0.10474,-0.02004,0.));
#17808=CARTESIAN_POINT('',(0.1042955,-0.02004,0.));
#17809=CARTESIAN_POINT('',(0.10474,-0.0175,0.));
#17810=CARTESIAN_POINT('',(0.1042955,-0.0175,0.));
#17811=CARTESIAN_POINT('',(0.1198,-0.0325,0.));
#17812=CARTESIAN_POINT('',(0.1193,-0.0325,0.));
#17813=CARTESIAN_POINT('',(0.125,-0.02,0.));
#17814=CARTESIAN_POINT('',(0.1234,-0.02,0.));
#17815=CARTESIAN_POINT('',(0.,0.,0.00151));
#17816=CARTESIAN_POINT('',(0.071999999357669,-0.02449999935766,0.00151));
#17817=CARTESIAN_POINT('',(0.062,-0.0244999996788257,0.00151));
#17818=CARTESIAN_POINT('',(0.062,-0.1015,0.00151));
#17819=CARTESIAN_POINT('',(0.062,-0.10150000032115,0.00151));
#17820=CARTESIAN_POINT('',(0.071999999357669,-0.1015000006423,0.00151));
#17821=CARTESIAN_POINT('',(0.0719999996788347,-0.111499999999984,0.00151));
#17822=CARTESIAN_POINT('',(0.1215,-0.1115,0.00151));
#17823=CARTESIAN_POINT('',(0.121500000321165,-0.1115,0.00151));
#17824=CARTESIAN_POINT('',(0.12150000064233,-0.1015000006423,0.00151));
#17825=CARTESIAN_POINT('',(0.066,-0.1055,0.00151));
#17826=CARTESIAN_POINT('',(0.0644,-0.1055,0.00151));
#17827=CARTESIAN_POINT('',(0.07389,-0.099625,0.00151));
#17828=CARTESIAN_POINT('',(0.07349,-0.099625,0.00151));
#17829=CARTESIAN_POINT('',(0.07516,-0.09518,0.00151));
#17830=CARTESIAN_POINT('',(0.07441,-0.09518,0.00151));
#17831=CARTESIAN_POINT('',(0.07262,-0.0901,0.00151));
#17832=CARTESIAN_POINT('',(0.07177,-0.0901,0.00151));
#17833=CARTESIAN_POINT('',(0.0777,-0.0901,0.00151));
#17834=CARTESIAN_POINT('',(0.0757,-0.0901,0.00151));
#17835=CARTESIAN_POINT('',(0.08842,-0.1085,0.00151));
#17836=CARTESIAN_POINT('',(0.08792,-0.1085,0.00151));
#17837=CARTESIAN_POINT('',(0.08151,-0.099625,0.00151));
#17838=CARTESIAN_POINT('',(0.08111,-0.099625,0.00151));
#17839=CARTESIAN_POINT('',(0.09096,-0.1085,0.00151));
#17840=CARTESIAN_POINT('',(0.09046,-0.1085,0.00151));
#17841=CARTESIAN_POINT('',(0.0935,-0.1085,0.00151));
#17842=CARTESIAN_POINT('',(0.093,-0.1085,0.00151));
#17843=CARTESIAN_POINT('',(0.09604,-0.1085,0.00151));
#17844=CARTESIAN_POINT('',(0.09554,-0.1085,0.00151));
#17845=CARTESIAN_POINT('',(0.09294,-0.099625,0.00151));
#17846=CARTESIAN_POINT('',(0.09254,-0.099625,0.00151));
#17847=CARTESIAN_POINT('',(0.08151,-0.09264,0.00151));
#17848=CARTESIAN_POINT('',(0.08076,-0.09264,0.00151));
#17849=CARTESIAN_POINT('',(0.08278,-0.0901,0.00151));
#17850=CARTESIAN_POINT('',(0.08193,-0.0901,0.00151));
#17851=CARTESIAN_POINT('',(0.09421,-0.09518,0.00151));
#17852=CARTESIAN_POINT('',(0.09346,-0.09518,0.00151));
#17853=CARTESIAN_POINT('',(0.09167,-0.0901,0.00151));
#17854=CARTESIAN_POINT('',(0.09082,-0.0901,0.00151));
#17855=CARTESIAN_POINT('',(0.09675,-0.0901,0.00151));
#17856=CARTESIAN_POINT('',(0.09475,-0.0901,0.00151));
#17857=CARTESIAN_POINT('',(0.07389,-0.080575,0.00151));
#17858=CARTESIAN_POINT('',(0.07349,-0.080575,0.00151));
#17859=CARTESIAN_POINT('',(0.07516,-0.07613,0.00151));
#17860=CARTESIAN_POINT('',(0.07441,-0.07613,0.00151));
#17861=CARTESIAN_POINT('',(0.07262,-0.07105,0.00151));
#17862=CARTESIAN_POINT('',(0.07177,-0.07105,0.00151));
#17863=CARTESIAN_POINT('',(0.0777,-0.07105,0.00151));
#17864=CARTESIAN_POINT('',(0.0757,-0.07105,0.00151));
#17865=CARTESIAN_POINT('',(0.08151,-0.080575,0.00151));
#17866=CARTESIAN_POINT('',(0.08111,-0.080575,0.00151));
#17867=CARTESIAN_POINT('',(0.09294,-0.080575,0.00151));
#17868=CARTESIAN_POINT('',(0.09254,-0.080575,0.00151));
#17869=CARTESIAN_POINT('',(0.09421,-0.07613,0.00151));
#17870=CARTESIAN_POINT('',(0.09346,-0.07613,0.00151));
#17871=CARTESIAN_POINT('',(0.08151,-0.07359,0.00151));
#17872=CARTESIAN_POINT('',(0.08076,-0.07359,0.00151));
#17873=CARTESIAN_POINT('',(0.08278,-0.07105,0.00151));
#17874=CARTESIAN_POINT('',(0.08193,-0.07105,0.00151));
#17875=CARTESIAN_POINT('',(0.09167,-0.07105,0.00151));
#17876=CARTESIAN_POINT('',(0.09082,-0.07105,0.00151));
#17877=CARTESIAN_POINT('',(0.09675,-0.07105,0.00151));
#17878=CARTESIAN_POINT('',(0.09475,-0.07105,0.00151));
#17879=CARTESIAN_POINT('',(0.09858,-0.1085,0.00151));
#17880=CARTESIAN_POINT('',(0.09808,-0.1085,0.00151));
#17881=CARTESIAN_POINT('',(0.10112,-0.1085,0.00151));
#17882=CARTESIAN_POINT('',(0.10062,-0.1085,0.00151));
#17883=CARTESIAN_POINT('',(0.10366,-0.1085,0.00151));
#17884=CARTESIAN_POINT('',(0.10316,-0.1085,0.00151));
#17885=CARTESIAN_POINT('',(0.10056,-0.099625,0.00151));
#17886=CARTESIAN_POINT('',(0.10016,-0.099625,0.00151));
#17887=CARTESIAN_POINT('',(0.1062,-0.1085,0.00151));
#17888=CARTESIAN_POINT('',(0.1057,-0.1085,0.00151));
#17889=CARTESIAN_POINT('',(0.11199,-0.099625,0.00151));
#17890=CARTESIAN_POINT('',(0.11159,-0.099625,0.00151));
#17891=CARTESIAN_POINT('',(0.10056,-0.09264,0.00151));
#17892=CARTESIAN_POINT('',(0.09981,-0.09264,0.00151));
#17893=CARTESIAN_POINT('',(0.10183,-0.0901,0.00151));
#17894=CARTESIAN_POINT('',(0.10098,-0.0901,0.00151));
#17895=CARTESIAN_POINT('',(0.110719999,-0.0901,0.00151));
#17896=CARTESIAN_POINT('',(0.109869999,-0.0901,0.00151));
#17897=CARTESIAN_POINT('',(0.11961,-0.099625,0.00151));
#17898=CARTESIAN_POINT('',(0.11921,-0.099625,0.00151));
#17899=CARTESIAN_POINT('',(0.1275,-0.1055,0.00151));
#17900=CARTESIAN_POINT('',(0.1259,-0.1055,0.00151));
#17901=CARTESIAN_POINT('',(0.113259999,-0.09518,0.00151));
#17902=CARTESIAN_POINT('',(0.112509999,-0.09518,0.00151));
#17903=CARTESIAN_POINT('',(0.119609999,-0.09264,0.00151));
#17904=CARTESIAN_POINT('',(0.118859999,-0.09264,0.00151));
#17905=CARTESIAN_POINT('',(0.115799999,-0.0901,0.00151));
#17906=CARTESIAN_POINT('',(0.113799999,-0.0901,0.00151));
#17907=CARTESIAN_POINT('',(0.120879999,-0.0901,0.00151));
#17908=CARTESIAN_POINT('',(0.120029999,-0.0901,0.00151));
#17909=CARTESIAN_POINT('',(0.10056,-0.080575,0.00151));
#17910=CARTESIAN_POINT('',(0.10016,-0.080575,0.00151));
#17911=CARTESIAN_POINT('',(0.11199,-0.080575,0.00151));
#17912=CARTESIAN_POINT('',(0.11159,-0.080575,0.00151));
#17913=CARTESIAN_POINT('',(0.10056,-0.07359,0.00151));
#17914=CARTESIAN_POINT('',(0.09981,-0.07359,0.00151));
#17915=CARTESIAN_POINT('',(0.10183,-0.07105,0.00151));
#17916=CARTESIAN_POINT('',(0.10098,-0.07105,0.00151));
#17917=CARTESIAN_POINT('',(0.110719999,-0.07105,0.00151));
#17918=CARTESIAN_POINT('',(0.109869999,-0.07105,0.00151));
#17919=CARTESIAN_POINT('',(0.11961,-0.080575,0.00151));
#17920=CARTESIAN_POINT('',(0.11921,-0.080575,0.00151));
#17921=CARTESIAN_POINT('',(0.113259999,-0.07613,0.00151));
#17922=CARTESIAN_POINT('',(0.112509999,-0.07613,0.00151));
#17923=CARTESIAN_POINT('',(0.115799999,-0.07105,0.00151));
#17924=CARTESIAN_POINT('',(0.113799999,-0.07105,0.00151));
#17925=CARTESIAN_POINT('',(0.119609999,-0.07359,0.00151));
#17926=CARTESIAN_POINT('',(0.118859999,-0.07359,0.00151));
#17927=CARTESIAN_POINT('',(0.120879999,-0.07105,0.00151));
#17928=CARTESIAN_POINT('',(0.120029999,-0.07105,0.00151));
#17929=CARTESIAN_POINT('',(0.07389,-0.061525,0.00151));
#17930=CARTESIAN_POINT('',(0.07349,-0.061525,0.00151));
#17931=CARTESIAN_POINT('',(0.07516,-0.05708,0.00151));
#17932=CARTESIAN_POINT('',(0.07441,-0.05708,0.00151));
#17933=CARTESIAN_POINT('',(0.07262,-0.052,0.00151));
#17934=CARTESIAN_POINT('',(0.07177,-0.052,0.00151));
#17935=CARTESIAN_POINT('',(0.0777,-0.052,0.00151));
#17936=CARTESIAN_POINT('',(0.0757,-0.052,0.00151));
#17937=CARTESIAN_POINT('',(0.08151,-0.061525,0.00151));
#17938=CARTESIAN_POINT('',(0.08111,-0.061525,0.00151));
#17939=CARTESIAN_POINT('',(0.08151,-0.05454,0.00151));
#17940=CARTESIAN_POINT('',(0.08076,-0.05454,0.00151));
#17941=CARTESIAN_POINT('',(0.08278,-0.052,0.00151));
#17942=CARTESIAN_POINT('',(0.08193,-0.052,0.00151));
#17943=CARTESIAN_POINT('',(0.09294,-0.061525,0.00151));
#17944=CARTESIAN_POINT('',(0.09254,-0.061525,0.00151));
#17945=CARTESIAN_POINT('',(0.09167,-0.052,0.00151));
#17946=CARTESIAN_POINT('',(0.09082,-0.052,0.00151));
#17947=CARTESIAN_POINT('',(0.09421,-0.05708,0.00151));
#17948=CARTESIAN_POINT('',(0.09346,-0.05708,0.00151));
#17949=CARTESIAN_POINT('',(0.09675,-0.052,0.00151));
#17950=CARTESIAN_POINT('',(0.09475,-0.052,0.00151));
#17951=CARTESIAN_POINT('',(0.068,-0.0205,0.00151));
#17952=CARTESIAN_POINT('',(0.0664,-0.0205,0.00151));
#17953=CARTESIAN_POINT('',(0.0895,-0.03274,0.00151));
#17954=CARTESIAN_POINT('',(0.0890555,-0.03274,0.00151));
#17955=CARTESIAN_POINT('',(0.0895,-0.0302,0.00151));
#17956=CARTESIAN_POINT('',(0.0890555,-0.0302,0.00151));
#17957=CARTESIAN_POINT('',(0.0895,-0.02766,0.00151));
#17958=CARTESIAN_POINT('',(0.0890555,-0.02766,0.00151));
#17959=CARTESIAN_POINT('',(0.0895,-0.02512,0.00151));
#17960=CARTESIAN_POINT('',(0.0890555,-0.02512,0.00151));
#17961=CARTESIAN_POINT('',(0.0895,-0.02258,0.00151));
#17962=CARTESIAN_POINT('',(0.0890555,-0.02258,0.00151));
#17963=CARTESIAN_POINT('',(0.0895,-0.02004,0.00151));
#17964=CARTESIAN_POINT('',(0.0890555,-0.02004,0.00151));
#17965=CARTESIAN_POINT('',(0.0895,-0.0175,0.00151));
#17966=CARTESIAN_POINT('',(0.0890555,-0.0175,0.00151));
#17967=CARTESIAN_POINT('',(0.10056,-0.061525,0.00151));
#17968=CARTESIAN_POINT('',(0.10016,-0.061525,0.00151));
#17969=CARTESIAN_POINT('',(0.10056,-0.05454,0.00151));
#17970=CARTESIAN_POINT('',(0.09981,-0.05454,0.00151));
#17971=CARTESIAN_POINT('',(0.10183,-0.052,0.00151));
#17972=CARTESIAN_POINT('',(0.10098,-0.052,0.00151));
#17973=CARTESIAN_POINT('',(0.11199,-0.061525,0.00151));
#17974=CARTESIAN_POINT('',(0.11159,-0.061525,0.00151));
#17975=CARTESIAN_POINT('',(0.110719999,-0.052,0.00151));
#17976=CARTESIAN_POINT('',(0.109869999,-0.052,0.00151));
#17977=CARTESIAN_POINT('',(0.11961,-0.061525,0.00151));
#17978=CARTESIAN_POINT('',(0.11921,-0.061525,0.00151));
#17979=CARTESIAN_POINT('',(0.113259999,-0.05708,0.00151));
#17980=CARTESIAN_POINT('',(0.112509999,-0.05708,0.00151));
#17981=CARTESIAN_POINT('',(0.115799999,-0.052,0.00151));
#17982=CARTESIAN_POINT('',(0.113799999,-0.052,0.00151));
#17983=CARTESIAN_POINT('',(0.119609999,-0.05454,0.00151));
#17984=CARTESIAN_POINT('',(0.118859999,-0.05454,0.00151));
#17985=CARTESIAN_POINT('',(0.120879999,-0.052,0.00151));
#17986=CARTESIAN_POINT('',(0.120029999,-0.052,0.00151));
#17987=CARTESIAN_POINT('',(0.10474,-0.03274,0.00151));
#17988=CARTESIAN_POINT('',(0.1042955,-0.03274,0.00151));
#17989=CARTESIAN_POINT('',(0.10474,-0.0302,0.00151));
#17990=CARTESIAN_POINT('',(0.1042955,-0.0302,0.00151));
#17991=CARTESIAN_POINT('',(0.1122,-0.0325,0.00151));
#17992=CARTESIAN_POINT('',(0.1117,-0.0325,0.00151));
#17993=CARTESIAN_POINT('',(0.10474,-0.02766,0.00151));
#17994=CARTESIAN_POINT('',(0.1042955,-0.02766,0.00151));
#17995=CARTESIAN_POINT('',(0.10474,-0.02512,0.00151));
#17996=CARTESIAN_POINT('',(0.1042955,-0.02512,0.00151));
#17997=CARTESIAN_POINT('',(0.10474,-0.02258,0.00151));
#17998=CARTESIAN_POINT('',(0.1042955,-0.02258,0.00151));
#17999=CARTESIAN_POINT('',(0.10474,-0.02004,0.00151));
#18000=CARTESIAN_POINT('',(0.1042955,-0.02004,0.00151));
#18001=CARTESIAN_POINT('',(0.10474,-0.0175,0.00151));
#18002=CARTESIAN_POINT('',(0.1042955,-0.0175,0.00151));
#18003=CARTESIAN_POINT('',(0.1198,-0.0325,0.00151));
#18004=CARTESIAN_POINT('',(0.1193,-0.0325,0.00151));
#18005=CARTESIAN_POINT('',(0.125,-0.02,0.00151));
#18006=CARTESIAN_POINT('',(0.1234,-0.02,0.00151));
#18007=CARTESIAN_POINT('',(0.071999999357669,-0.02449999935766,0.));
#18008=CARTESIAN_POINT('',(0.062,-0.0244999999999914,0.));
#18009=CARTESIAN_POINT('',(0.12150000064233,-0.1015000006423,0.));
#18010=CARTESIAN_POINT('',(0.1215,-0.1115,0.));
#18011=CARTESIAN_POINT('',(0.062,-0.1015,0.));
#18012=CARTESIAN_POINT('',(0.062,-0.1015,0.));
#18013=CARTESIAN_POINT('',(0.1215,-0.1115,0.));
#18014=CARTESIAN_POINT('',(0.072,-0.111499999999969,0.));
#18015=CARTESIAN_POINT('',(0.071999999357669,-0.1015000006423,0.));
#18016=CARTESIAN_POINT('',(0.066,-0.1055,-4.6E-5));
#18017=CARTESIAN_POINT('',(0.07389,-0.099625,-4.6E-5));
#18018=CARTESIAN_POINT('',(0.07516,-0.09518,-4.6E-5));
#18019=CARTESIAN_POINT('',(0.07262,-0.0901,-4.6E-5));
#18020=CARTESIAN_POINT('',(0.0777,-0.0901,-4.6E-5));
#18021=CARTESIAN_POINT('',(0.08842,-0.1085,-4.6E-5));
#18022=CARTESIAN_POINT('',(0.08151,-0.099625,-4.6E-5));
#18023=CARTESIAN_POINT('',(0.09096,-0.1085,-4.6E-5));
#18024=CARTESIAN_POINT('',(0.0935,-0.1085,-4.6E-5));
#18025=CARTESIAN_POINT('',(0.09604,-0.1085,-4.6E-5));
#18026=CARTESIAN_POINT('',(0.09294,-0.099625,-4.6E-5));
#18027=CARTESIAN_POINT('',(0.08151,-0.09264,-4.6E-5));
#18028=CARTESIAN_POINT('',(0.08278,-0.0901,-4.6E-5));
#18029=CARTESIAN_POINT('',(0.09421,-0.09518,-4.6E-5));
#18030=CARTESIAN_POINT('',(0.09167,-0.0901,-4.6E-5));
#18031=CARTESIAN_POINT('',(0.09675,-0.0901,-4.6E-5));
#18032=CARTESIAN_POINT('',(0.07389,-0.080575,-4.6E-5));
#18033=CARTESIAN_POINT('',(0.07516,-0.07613,-4.6E-5));
#18034=CARTESIAN_POINT('',(0.07262,-0.07105,-4.6E-5));
#18035=CARTESIAN_POINT('',(0.0777,-0.07105,-4.6E-5));
#18036=CARTESIAN_POINT('',(0.08151,-0.080575,-4.6E-5));
#18037=CARTESIAN_POINT('',(0.09294,-0.080575,-4.6E-5));
#18038=CARTESIAN_POINT('',(0.09421,-0.07613,-4.6E-5));
#18039=CARTESIAN_POINT('',(0.08151,-0.07359,-4.6E-5));
#18040=CARTESIAN_POINT('',(0.08278,-0.07105,-4.6E-5));
#18041=CARTESIAN_POINT('',(0.09167,-0.07105,-4.6E-5));
#18042=CARTESIAN_POINT('',(0.09675,-0.07105,-4.6E-5));
#18043=CARTESIAN_POINT('',(0.09858,-0.1085,-4.6E-5));
#18044=CARTESIAN_POINT('',(0.10112,-0.1085,-4.6E-5));
#18045=CARTESIAN_POINT('',(0.10366,-0.1085,-4.6E-5));
#18046=CARTESIAN_POINT('',(0.10056,-0.099625,-4.6E-5));
#18047=CARTESIAN_POINT('',(0.1062,-0.1085,-4.6E-5));
#18048=CARTESIAN_POINT('',(0.11199,-0.099625,-4.6E-5));
#18049=CARTESIAN_POINT('',(0.10056,-0.09264,-4.6E-5));
#18050=CARTESIAN_POINT('',(0.10183,-0.0901,-4.6E-5));
#18051=CARTESIAN_POINT('',(0.110719999,-0.0901,-4.6E-5));
#18052=CARTESIAN_POINT('',(0.11961,-0.099625,-4.6E-5));
#18053=CARTESIAN_POINT('',(0.1275,-0.1055,-4.6E-5));
#18054=CARTESIAN_POINT('',(0.113259999,-0.09518,-4.6E-5));
#18055=CARTESIAN_POINT('',(0.119609999,-0.09264,-4.6E-5));
#18056=CARTESIAN_POINT('',(0.115799999,-0.0901,-4.6E-5));
#18057=CARTESIAN_POINT('',(0.120879999,-0.0901,-4.6E-5));
#18058=CARTESIAN_POINT('',(0.10056,-0.080575,-4.6E-5));
#18059=CARTESIAN_POINT('',(0.11199,-0.080575,-4.6E-5));
#18060=CARTESIAN_POINT('',(0.10056,-0.07359,-4.6E-5));
#18061=CARTESIAN_POINT('',(0.10183,-0.07105,-4.6E-5));
#18062=CARTESIAN_POINT('',(0.110719999,-0.07105,-4.6E-5));
#18063=CARTESIAN_POINT('',(0.11961,-0.080575,-4.6E-5));
#18064=CARTESIAN_POINT('',(0.113259999,-0.07613,-4.6E-5));
#18065=CARTESIAN_POINT('',(0.115799999,-0.07105,-4.6E-5));
#18066=CARTESIAN_POINT('',(0.119609999,-0.07359,-4.6E-5));
#18067=CARTESIAN_POINT('',(0.120879999,-0.07105,-4.6E-5));
#18068=CARTESIAN_POINT('',(0.07389,-0.061525,-4.6E-5));
#18069=CARTESIAN_POINT('',(0.07516,-0.05708,-4.6E-5));
#18070=CARTESIAN_POINT('',(0.07262,-0.052,-4.6E-5));
#18071=CARTESIAN_POINT('',(0.0777,-0.052,-4.6E-5));
#18072=CARTESIAN_POINT('',(0.08151,-0.061525,-4.6E-5));
#18073=CARTESIAN_POINT('',(0.08151,-0.05454,-4.6E-5));
#18074=CARTESIAN_POINT('',(0.08278,-0.052,-4.6E-5));
#18075=CARTESIAN_POINT('',(0.09294,-0.061525,-4.6E-5));
#18076=CARTESIAN_POINT('',(0.09167,-0.052,-4.6E-5));
#18077=CARTESIAN_POINT('',(0.09421,-0.05708,-4.6E-5));
#18078=CARTESIAN_POINT('',(0.09675,-0.052,-4.6E-5));
#18079=CARTESIAN_POINT('',(0.068,-0.0205,-4.6E-5));
#18080=CARTESIAN_POINT('',(0.0895,-0.03274,-4.6E-5));
#18081=CARTESIAN_POINT('',(0.0895,-0.0302,-4.6E-5));
#18082=CARTESIAN_POINT('',(0.0895,-0.02766,-4.6E-5));
#18083=CARTESIAN_POINT('',(0.0895,-0.02512,-4.6E-5));
#18084=CARTESIAN_POINT('',(0.0895,-0.02258,-4.6E-5));
#18085=CARTESIAN_POINT('',(0.0895,-0.02004,-4.6E-5));
#18086=CARTESIAN_POINT('',(0.0895,-0.0175,-4.6E-5));
#18087=CARTESIAN_POINT('',(0.10056,-0.061525,-4.6E-5));
#18088=CARTESIAN_POINT('',(0.10056,-0.05454,-4.6E-5));
#18089=CARTESIAN_POINT('',(0.10183,-0.052,-4.6E-5));
#18090=CARTESIAN_POINT('',(0.11199,-0.061525,-4.6E-5));
#18091=CARTESIAN_POINT('',(0.110719999,-0.052,-4.6E-5));
#18092=CARTESIAN_POINT('',(0.11961,-0.061525,-4.6E-5));
#18093=CARTESIAN_POINT('',(0.113259999,-0.05708,-4.6E-5));
#18094=CARTESIAN_POINT('',(0.115799999,-0.052,-4.6E-5));
#18095=CARTESIAN_POINT('',(0.119609999,-0.05454,-4.6E-5));
#18096=CARTESIAN_POINT('',(0.120879999,-0.052,-4.6E-5));
#18097=CARTESIAN_POINT('',(0.10474,-0.03274,-4.6E-5));
#18098=CARTESIAN_POINT('',(0.10474,-0.0302,-4.6E-5));
#18099=CARTESIAN_POINT('',(0.1122,-0.0325,-4.6E-5));
#18100=CARTESIAN_POINT('',(0.10474,-0.02766,-4.6E-5));
#18101=CARTESIAN_POINT('',(0.10474,-0.02512,-4.6E-5));
#18102=CARTESIAN_POINT('',(0.10474,-0.02258,-4.6E-5));
#18103=CARTESIAN_POINT('',(0.10474,-0.02004,-4.6E-5));
#18104=CARTESIAN_POINT('',(0.10474,-0.0175,-4.6E-5));
#18105=CARTESIAN_POINT('',(0.1198,-0.0325,-4.6E-5));
#18106=CARTESIAN_POINT('',(0.125,-0.02,-4.6E-5));
#18107=CARTESIAN_POINT('',(-0.170287898826536,0.0956649017604179,0.0269519116441274));
#18108=CARTESIAN_POINT('',(0.07389,-0.061525,0.002595));
#18109=CARTESIAN_POINT('',(0.07389,-0.061525,0.002595));
#18110=CARTESIAN_POINT('',(0.07389,-0.061275,0.002595));
#18111=CARTESIAN_POINT('',(0.07389,-0.061525,-0.000905));
#18112=CARTESIAN_POINT('',(0.07389,-0.061775,-0.000905));
#18113=CARTESIAN_POINT('',(0.07439,-0.061525,0.002595));
#18114=CARTESIAN_POINT('',(0.07439,-0.061525,0.003095));
#18115=CARTESIAN_POINT('',(0.07439,-0.061525,0.003345));
#18116=CARTESIAN_POINT('',(0.07439,-0.061525,0.003095));
#18117=CARTESIAN_POINT('',(0.08101,-0.061525,0.003095));
#18118=CARTESIAN_POINT('',(0.08101,-0.061525,0.003345));
#18119=CARTESIAN_POINT('',(0.08101,-0.061525,0.002595));
#18120=CARTESIAN_POINT('',(0.08151,-0.061525,0.002595));
#18121=CARTESIAN_POINT('',(0.08151,-0.061775,0.002595));
#18122=CARTESIAN_POINT('',(0.08151,-0.061525,0.002595));
#18123=CARTESIAN_POINT('',(0.08151,-0.061525,-0.000905));
#18124=CARTESIAN_POINT('',(0.08151,-0.061275,-0.000905));
#18125=CARTESIAN_POINT('',(0.07414,-0.061525,-0.000905));
#18126=CARTESIAN_POINT('',(0.08126,-0.061525,-0.000905));
#18127=CARTESIAN_POINT('',(-0.17029,0.09566,0.02695));
#18128=CARTESIAN_POINT('',(0.1144,-0.080575,0.003095));
#18129=CARTESIAN_POINT('',(0.1154,-0.080575,0.003095));
#18130=CARTESIAN_POINT('',(0.1154,-0.080575,0.002085));
#18131=CARTESIAN_POINT('',(0.1144,-0.080575,0.003095));
#18132=CARTESIAN_POINT('',(0.1144,-0.080575,0.002085));
#18133=CARTESIAN_POINT('',(0.1144,-0.080575,0.003095));
#18134=CARTESIAN_POINT('',(0.1144,-0.080575,0.003095));
#18135=CARTESIAN_POINT('',(0.1144,-0.080575,0.002095));
#18136=CARTESIAN_POINT('',(0.1154,-0.080575,0.003095));
#18137=CARTESIAN_POINT('',(0.1154,-0.080575,0.003095));
#18138=CARTESIAN_POINT('',(0.1154,-0.080575,0.002095));
#18139=CARTESIAN_POINT('',(0.1138,-0.080575,0.003095));
#18140=CARTESIAN_POINT('',(0.1142,-0.080575,0.003095));
#18141=CARTESIAN_POINT('',(0.1142,-0.080575,0.002095));
#18142=CARTESIAN_POINT('',(0.1138,-0.080575,0.003095));
#18143=CARTESIAN_POINT('',(0.1174,-0.080575,0.003095));
#18144=CARTESIAN_POINT('',(0.1174,-0.080575,0.004095));
#18145=CARTESIAN_POINT('',(0.1142,-0.080575,0.003095));
#18146=CARTESIAN_POINT('',(0.1138,-0.080575,0.003095));
#18147=CARTESIAN_POINT('',(0.1138,-0.080575,0.003695));
#18148=CARTESIAN_POINT('',(0.1174,-0.080575,0.003095));
#18149=CARTESIAN_POINT('',(0.1178,-0.080575,0.003095));
#18150=CARTESIAN_POINT('',(0.1178,-0.080575,0.003695));
#18151=CARTESIAN_POINT('',(0.1138,-0.080575,0.003095));
#18152=CARTESIAN_POINT('',(0.1178,-0.080575,0.003095));
#18153=CARTESIAN_POINT('',(-0.170287898826536,0.0956649017604179,0.0269519116441274));
#18154=CARTESIAN_POINT('',(0.,0.,0.));
#18155=MECHANICAL_DESIGN_GEOMETRIC_PRESENTATION_REPRESENTATION('',(#10454,
#10455,#10456,#10457,#10458,#10459,#10460,#10461,#10462,#10,#11,#12,#10463,
#10464,#13,#14,#15,#16,#17,#18,#19,#20,#21,#22,#23,#24,#25,#26,#27,#28,
#29,#30,#31,#32,#33,#34,#35,#36,#37,#38,#39,#40,#41,#42,#43,#44,#45,#46,
#47,#48,#49,#50,#51,#52,#53,#54,#55,#56,#57,#58,#59,#60,#61,#62,#63,#64,
#10465,#10466,#65,#66,#67,#10467,#68,#69,#70,#71,#72,#73,#74,#10468,#10469,
#75,#76,#77,#10470,#78,#79,#80,#10471,#81,#82,#83,#10472,#84,#85,#86,#10473,
#87,#88,#89,#10474,#10475,#10476,#90,#91,#92,#10477,#10478,#10479,#10480,
#93,#94,#95),#18156);
#18156=(
GEOMETRIC_REPRESENTATION_CONTEXT(3)
GLOBAL_UNCERTAINTY_ASSIGNED_CONTEXT((#18186))
GLOBAL_UNIT_ASSIGNED_CONTEXT((#18218,#18217,#18216))
REPRESENTATION_CONTEXT('Full Assembly','TOP_LEVEL_ASSEMBLY_PART')
);
#18157=(
GEOMETRIC_REPRESENTATION_CONTEXT(3)
GLOBAL_UNCERTAINTY_ASSIGNED_CONTEXT((#18187))
GLOBAL_UNIT_ASSIGNED_CONTEXT((#18218,#18217,#18216))
REPRESENTATION_CONTEXT('MX switch','COMPONENT_PART')
);
#18158=(
GEOMETRIC_REPRESENTATION_CONTEXT(3)
GLOBAL_UNCERTAINTY_ASSIGNED_CONTEXT((#18188))
GLOBAL_UNIT_ASSIGNED_CONTEXT((#18218,#18217,#18216))
REPRESENTATION_CONTEXT('XIAO ESP32C3 on sockets','COMPONENT_PART')
);
#18159=(
GEOMETRIC_REPRESENTATION_CONTEXT(3)
GLOBAL_UNCERTAINTY_ASSIGNED_CONTEXT((#18189))
GLOBAL_UNIT_ASSIGNED_CONTEXT((#18218,#18217,#18216))
REPRESENTATION_CONTEXT('Open CASCADE STEP translator 7.9 1.1',
'COMPONENT_PART')
);
#18160=(
GEOMETRIC_REPRESENTATION_CONTEXT(3)
GLOBAL_UNCERTAINTY_ASSIGNED_CONTEXT((#18190))
GLOBAL_UNIT_ASSIGNED_CONTEXT((#18218,#18217,#18216))
REPRESENTATION_CONTEXT('Top and Bottom <1>','COMPONENT_PART')
);
#18161=(
GEOMETRIC_REPRESENTATION_CONTEXT(3)
GLOBAL_UNCERTAINTY_ASSIGNED_CONTEXT((#18191))
GLOBAL_UNIT_ASSIGNED_CONTEXT((#18218,#18217,#18216))
REPRESENTATION_CONTEXT('Part 1','COMPONENT_PART')
);
#18162=(
GEOMETRIC_REPRESENTATION_CONTEXT(3)
GLOBAL_UNCERTAINTY_ASSIGNED_CONTEXT((#18192))
GLOBAL_UNIT_ASSIGNED_CONTEXT((#18218,#18217,#18216))
REPRESENTATION_CONTEXT('Part 1','COMPONENT_PART')
);
#18163=(
GEOMETRIC_REPRESENTATION_CONTEXT(3)
GLOBAL_UNCERTAINTY_ASSIGNED_CONTEXT((#18193))
GLOBAL_UNIT_ASSIGNED_CONTEXT((#18218,#18217,#18216))
REPRESENTATION_CONTEXT('TFT display','COMPONENT_PART')
);
#18164=(
GEOMETRIC_REPRESENTATION_CONTEXT(3)
GLOBAL_UNCERTAINTY_ASSIGNED_CONTEXT((#18194))
GLOBAL_UNIT_ASSIGNED_CONTEXT((#18218,#18217,#18216))
REPRESENTATION_CONTEXT('PCB assembly <1>','COMPONENT_PART')
);
#18165=(
GEOMETRIC_REPRESENTATION_CONTEXT(3)
GLOBAL_UNCERTAINTY_ASSIGNED_CONTEXT((#18195))
GLOBAL_UNIT_ASSIGNED_CONTEXT((#18218,#18217,#18216))
REPRESENTATION_CONTEXT('D_DO-35_SOD27_P7.62mm_Horizontal_8',
'COMPONENT_PART')
);
#18166=(
GEOMETRIC_REPRESENTATION_CONTEXT(3)
GLOBAL_UNCERTAINTY_ASSIGNED_CONTEXT((#18196))
GLOBAL_UNIT_ASSIGNED_CONTEXT((#18218,#18217,#18216))
REPRESENTATION_CONTEXT('D_DO-35_SOD27_P7.62mm_Horizontal_4',
'COMPONENT_PART')
);
#18167=(
GEOMETRIC_REPRESENTATION_CONTEXT(3)
GLOBAL_UNCERTAINTY_ASSIGNED_CONTEXT((#18197))
GLOBAL_UNIT_ASSIGNED_CONTEXT((#18218,#18217,#18216))
REPRESENTATION_CONTEXT('D_DO-35_SOD27_P7.62mm_Horizontal_1',
'COMPONENT_PART')
);
#18168=(
GEOMETRIC_REPRESENTATION_CONTEXT(3)
GLOBAL_UNCERTAINTY_ASSIGNED_CONTEXT((#18198))
GLOBAL_UNIT_ASSIGNED_CONTEXT((#18218,#18217,#18216))
REPRESENTATION_CONTEXT('D_DO-35_SOD27_P7.62mm_Horizontal_7',
'COMPONENT_PART')
);
#18169=(
GEOMETRIC_REPRESENTATION_CONTEXT(3)
GLOBAL_UNCERTAINTY_ASSIGNED_CONTEXT((#18199))
GLOBAL_UNIT_ASSIGNED_CONTEXT((#18218,#18217,#18216))
REPRESENTATION_CONTEXT('PinHeader_1x08_P254mm_Vertical',
'COMPONENT_PART')
);
#18170=(
GEOMETRIC_REPRESENTATION_CONTEXT(3)
GLOBAL_UNCERTAINTY_ASSIGNED_CONTEXT((#18200))
GLOBAL_UNIT_ASSIGNED_CONTEXT((#18218,#18217,#18216))
REPRESENTATION_CONTEXT('D_DO-35_SOD27_P7.62mm_Horizontal_6',
'COMPONENT_PART')
);
#18171=(
GEOMETRIC_REPRESENTATION_CONTEXT(3)
GLOBAL_UNCERTAINTY_ASSIGNED_CONTEXT((#18201))
GLOBAL_UNIT_ASSIGNED_CONTEXT((#18218,#18217,#18216))
REPRESENTATION_CONTEXT('D_DO-35_SOD27_P7.62mm_Horizontal_5',
'COMPONENT_PART')
);
#18172=(
GEOMETRIC_REPRESENTATION_CONTEXT(3)
GLOBAL_UNCERTAINTY_ASSIGNED_CONTEXT((#18202))
GLOBAL_UNIT_ASSIGNED_CONTEXT((#18218,#18217,#18216))
REPRESENTATION_CONTEXT('Buzzer_12x95RM76','COMPONENT_PART')
);
#18173=(
GEOMETRIC_REPRESENTATION_CONTEXT(3)
GLOBAL_UNCERTAINTY_ASSIGNED_CONTEXT((#18203))
GLOBAL_UNIT_ASSIGNED_CONTEXT((#18218,#18217,#18216))
REPRESENTATION_CONTEXT('D_DO-35_SOD27_P7.62mm_Horizontal',
'COMPONENT_PART')
);
#18174=(
GEOMETRIC_REPRESENTATION_CONTEXT(3)
GLOBAL_UNCERTAINTY_ASSIGNED_CONTEXT((#18204))
GLOBAL_UNIT_ASSIGNED_CONTEXT((#18218,#18217,#18216))
REPRESENTATION_CONTEXT('D_DO-35_SOD27_P7.62mm_Horizontal',
'COMPONENT_PART')
);
#18175=(
GEOMETRIC_REPRESENTATION_CONTEXT(3)
GLOBAL_UNCERTAINTY_ASSIGNED_CONTEXT((#18205))
GLOBAL_UNIT_ASSIGNED_CONTEXT((#18218,#18217,#18216))
REPRESENTATION_CONTEXT('D_DO-35_SOD27_P7.62mm_Horizontal_4',
'COMPONENT_PART')
);
#18176=(
GEOMETRIC_REPRESENTATION_CONTEXT(3)
GLOBAL_UNCERTAINTY_ASSIGNED_CONTEXT((#18206))
GLOBAL_UNIT_ASSIGNED_CONTEXT((#18218,#18217,#18216))
REPRESENTATION_CONTEXT('D_DO-35_SOD27_P7.62mm_Horizontal_7',
'COMPONENT_PART')
);
#18177=(
GEOMETRIC_REPRESENTATION_CONTEXT(3)
GLOBAL_UNCERTAINTY_ASSIGNED_CONTEXT((#18207))
GLOBAL_UNIT_ASSIGNED_CONTEXT((#18218,#18217,#18216))
REPRESENTATION_CONTEXT('D_DO-35_SOD27_P7.62mm_Horizontal_8',
'COMPONENT_PART')
);
#18178=(
GEOMETRIC_REPRESENTATION_CONTEXT(3)
GLOBAL_UNCERTAINTY_ASSIGNED_CONTEXT((#18208))
GLOBAL_UNIT_ASSIGNED_CONTEXT((#18218,#18217,#18216))
REPRESENTATION_CONTEXT('D_DO-35_SOD27_P7.62mm_Horizontal_3',
'COMPONENT_PART')
);
#18179=(
GEOMETRIC_REPRESENTATION_CONTEXT(3)
GLOBAL_UNCERTAINTY_ASSIGNED_CONTEXT((#18209))
GLOBAL_UNIT_ASSIGNED_CONTEXT((#18218,#18217,#18216))
REPRESENTATION_CONTEXT('D_DO-35_SOD27_P7.62mm_Horizontal_5',
'COMPONENT_PART')
);
#18180=(
GEOMETRIC_REPRESENTATION_CONTEXT(3)
GLOBAL_UNCERTAINTY_ASSIGNED_CONTEXT((#18210))
GLOBAL_UNIT_ASSIGNED_CONTEXT((#18218,#18217,#18216))
REPRESENTATION_CONTEXT('D_DO-35_SOD27_P7.62mm_Horizontal_2',
'COMPONENT_PART')
);
#18181=(
GEOMETRIC_REPRESENTATION_CONTEXT(3)
GLOBAL_UNCERTAINTY_ASSIGNED_CONTEXT((#18211))
GLOBAL_UNIT_ASSIGNED_CONTEXT((#18218,#18217,#18216))
REPRESENTATION_CONTEXT('D_DO-35_SOD27_P7.62mm_Horizontal_2',
'COMPONENT_PART')
);
#18182=(
GEOMETRIC_REPRESENTATION_CONTEXT(3)
GLOBAL_UNCERTAINTY_ASSIGNED_CONTEXT((#18212))
GLOBAL_UNIT_ASSIGNED_CONTEXT((#18218,#18217,#18216))
REPRESENTATION_CONTEXT('D_DO-35_SOD27_P7.62mm_Horizontal_1',
'COMPONENT_PART')
);
#18183=(
GEOMETRIC_REPRESENTATION_CONTEXT(3)
GLOBAL_UNCERTAINTY_ASSIGNED_CONTEXT((#18213))
GLOBAL_UNIT_ASSIGNED_CONTEXT((#18218,#18217,#18216))
REPRESENTATION_CONTEXT('kicad_schematic_PCB','COMPONENT_PART')
);
#18184=(
GEOMETRIC_REPRESENTATION_CONTEXT(3)
GLOBAL_UNCERTAINTY_ASSIGNED_CONTEXT((#18214))
GLOBAL_UNIT_ASSIGNED_CONTEXT((#18218,#18217,#18216))
REPRESENTATION_CONTEXT('D_DO-35_SOD27_P7.62mm_Horizontal_3',
'COMPONENT_PART')
);
#18185=(
GEOMETRIC_REPRESENTATION_CONTEXT(3)
GLOBAL_UNCERTAINTY_ASSIGNED_CONTEXT((#18215))
GLOBAL_UNIT_ASSIGNED_CONTEXT((#18218,#18217,#18216))
REPRESENTATION_CONTEXT('D_DO-35_SOD27_P7.62mm_Horizontal_6',
'COMPONENT_PART')
);
#18186=UNCERTAINTY_MEASURE_WITH_UNIT(LENGTH_MEASURE(1.E-8),#18218,
'DISTANCE_ACCURACY_VALUE','Maximum Tolerance applied to model');
#18187=UNCERTAINTY_MEASURE_WITH_UNIT(LENGTH_MEASURE(1.E-8),#18218,
'DISTANCE_ACCURACY_VALUE','Maximum Tolerance applied to model');
#18188=UNCERTAINTY_MEASURE_WITH_UNIT(LENGTH_MEASURE(1.E-8),#18218,
'DISTANCE_ACCURACY_VALUE','Maximum Tolerance applied to model');
#18189=UNCERTAINTY_MEASURE_WITH_UNIT(LENGTH_MEASURE(2.E-5),#18218,
'DISTANCE_ACCURACY_VALUE','Maximum Tolerance applied to model');
#18190=UNCERTAINTY_MEASURE_WITH_UNIT(LENGTH_MEASURE(1.E-8),#18218,
'DISTANCE_ACCURACY_VALUE','Maximum Tolerance applied to model');
#18191=UNCERTAINTY_MEASURE_WITH_UNIT(LENGTH_MEASURE(1.E-8),#18218,
'DISTANCE_ACCURACY_VALUE','Maximum Tolerance applied to model');
#18192=UNCERTAINTY_MEASURE_WITH_UNIT(LENGTH_MEASURE(1.E-8),#18218,
'DISTANCE_ACCURACY_VALUE','Maximum Tolerance applied to model');
#18193=UNCERTAINTY_MEASURE_WITH_UNIT(LENGTH_MEASURE(1.E-8),#18218,
'DISTANCE_ACCURACY_VALUE','Maximum Tolerance applied to model');
#18194=UNCERTAINTY_MEASURE_WITH_UNIT(LENGTH_MEASURE(1.E-8),#18218,
'DISTANCE_ACCURACY_VALUE','Maximum Tolerance applied to model');
#18195=UNCERTAINTY_MEASURE_WITH_UNIT(LENGTH_MEASURE(1.E-8),#18218,
'DISTANCE_ACCURACY_VALUE','Maximum Tolerance applied to model');
#18196=UNCERTAINTY_MEASURE_WITH_UNIT(LENGTH_MEASURE(1.E-8),#18218,
'DISTANCE_ACCURACY_VALUE','Maximum Tolerance applied to model');
#18197=UNCERTAINTY_MEASURE_WITH_UNIT(LENGTH_MEASURE(1.E-8),#18218,
'DISTANCE_ACCURACY_VALUE','Maximum Tolerance applied to model');
#18198=UNCERTAINTY_MEASURE_WITH_UNIT(LENGTH_MEASURE(1.E-8),#18218,
'DISTANCE_ACCURACY_VALUE','Maximum Tolerance applied to model');
#18199=UNCERTAINTY_MEASURE_WITH_UNIT(LENGTH_MEASURE(1.E-8),#18218,
'DISTANCE_ACCURACY_VALUE','Maximum Tolerance applied to model');
#18200=UNCERTAINTY_MEASURE_WITH_UNIT(LENGTH_MEASURE(1.E-8),#18218,
'DISTANCE_ACCURACY_VALUE','Maximum Tolerance applied to model');
#18201=UNCERTAINTY_MEASURE_WITH_UNIT(LENGTH_MEASURE(1.E-8),#18218,
'DISTANCE_ACCURACY_VALUE','Maximum Tolerance applied to model');
#18202=UNCERTAINTY_MEASURE_WITH_UNIT(LENGTH_MEASURE(1.E-8),#18218,
'DISTANCE_ACCURACY_VALUE','Maximum Tolerance applied to model');
#18203=UNCERTAINTY_MEASURE_WITH_UNIT(LENGTH_MEASURE(1.E-8),#18218,
'DISTANCE_ACCURACY_VALUE','Maximum Tolerance applied to model');
#18204=UNCERTAINTY_MEASURE_WITH_UNIT(LENGTH_MEASURE(1.E-8),#18218,
'DISTANCE_ACCURACY_VALUE','Maximum Tolerance applied to model');
#18205=UNCERTAINTY_MEASURE_WITH_UNIT(LENGTH_MEASURE(1.E-8),#18218,
'DISTANCE_ACCURACY_VALUE','Maximum Tolerance applied to model');
#18206=UNCERTAINTY_MEASURE_WITH_UNIT(LENGTH_MEASURE(1.E-8),#18218,
'DISTANCE_ACCURACY_VALUE','Maximum Tolerance applied to model');
#18207=UNCERTAINTY_MEASURE_WITH_UNIT(LENGTH_MEASURE(1.E-8),#18218,
'DISTANCE_ACCURACY_VALUE','Maximum Tolerance applied to model');
#18208=UNCERTAINTY_MEASURE_WITH_UNIT(LENGTH_MEASURE(1.E-8),#18218,
'DISTANCE_ACCURACY_VALUE','Maximum Tolerance applied to model');
#18209=UNCERTAINTY_MEASURE_WITH_UNIT(LENGTH_MEASURE(1.E-8),#18218,
'DISTANCE_ACCURACY_VALUE','Maximum Tolerance applied to model');
#18210=UNCERTAINTY_MEASURE_WITH_UNIT(LENGTH_MEASURE(1.E-8),#18218,
'DISTANCE_ACCURACY_VALUE','Maximum Tolerance applied to model');
#18211=UNCERTAINTY_MEASURE_WITH_UNIT(LENGTH_MEASURE(1.E-8),#18218,
'DISTANCE_ACCURACY_VALUE','Maximum Tolerance applied to model');
#18212=UNCERTAINTY_MEASURE_WITH_UNIT(LENGTH_MEASURE(1.E-8),#18218,
'DISTANCE_ACCURACY_VALUE','Maximum Tolerance applied to model');
#18213=UNCERTAINTY_MEASURE_WITH_UNIT(LENGTH_MEASURE(1.E-8),#18218,
'DISTANCE_ACCURACY_VALUE','Maximum Tolerance applied to model');
#18214=UNCERTAINTY_MEASURE_WITH_UNIT(LENGTH_MEASURE(1.E-8),#18218,
'DISTANCE_ACCURACY_VALUE','Maximum Tolerance applied to model');
#18215=UNCERTAINTY_MEASURE_WITH_UNIT(LENGTH_MEASURE(1.E-8),#18218,
'DISTANCE_ACCURACY_VALUE','Maximum Tolerance applied to model');
#18216=(
NAMED_UNIT(*)
SI_UNIT($,.STERADIAN.)
SOLID_ANGLE_UNIT()
);
#18217=(
NAMED_UNIT(*)
PLANE_ANGLE_UNIT()
SI_UNIT($,.RADIAN.)
);
#18218=(
LENGTH_UNIT()
NAMED_UNIT(*)
SI_UNIT($,.METRE.)
);
#18219=PRODUCT_DEFINITION_SHAPE('','',#18294);
#18220=PRODUCT_DEFINITION_SHAPE('','',#18295);
#18221=PRODUCT_DEFINITION_SHAPE(' ','NAUO PRDDFN',#210);
#18222=PRODUCT_DEFINITION_SHAPE('','',#18296);
#18223=PRODUCT_DEFINITION_SHAPE(' ','NAUO PRDDFN',#211);
#18224=PRODUCT_DEFINITION_SHAPE('','',#18297);
#18225=PRODUCT_DEFINITION_SHAPE(' ','NAUO PRDDFN',#212);
#18226=PRODUCT_DEFINITION_SHAPE(' ','NAUO PRDDFN',#213);
#18227=PRODUCT_DEFINITION_SHAPE(' ','NAUO PRDDFN',#214);
#18228=PRODUCT_DEFINITION_SHAPE('','',#18298);
#18229=PRODUCT_DEFINITION_SHAPE('','',#18299);
#18230=PRODUCT_DEFINITION_SHAPE(' ','NAUO PRDDFN',#215);
#18231=PRODUCT_DEFINITION_SHAPE('','',#18300);
#18232=PRODUCT_DEFINITION_SHAPE(' ','NAUO PRDDFN',#216);
#18233=PRODUCT_DEFINITION_SHAPE(' ','NAUO PRDDFN',#217);
#18234=PRODUCT_DEFINITION_SHAPE(' ','NAUO PRDDFN',#218);
#18235=PRODUCT_DEFINITION_SHAPE(' ','NAUO PRDDFN',#219);
#18236=PRODUCT_DEFINITION_SHAPE(' ','NAUO PRDDFN',#220);
#18237=PRODUCT_DEFINITION_SHAPE(' ','NAUO PRDDFN',#221);
#18238=PRODUCT_DEFINITION_SHAPE(' ','NAUO PRDDFN',#222);
#18239=PRODUCT_DEFINITION_SHAPE(' ','NAUO PRDDFN',#223);
#18240=PRODUCT_DEFINITION_SHAPE(' ','NAUO PRDDFN',#224);
#18241=PRODUCT_DEFINITION_SHAPE(' ','NAUO PRDDFN',#225);
#18242=PRODUCT_DEFINITION_SHAPE(' ','NAUO PRDDFN',#226);
#18243=PRODUCT_DEFINITION_SHAPE(' ','NAUO PRDDFN',#227);
#18244=PRODUCT_DEFINITION_SHAPE(' ','NAUO PRDDFN',#228);
#18245=PRODUCT_DEFINITION_SHAPE('','',#18301);
#18246=PRODUCT_DEFINITION_SHAPE(' ','NAUO PRDDFN',#229);
#18247=PRODUCT_DEFINITION_SHAPE(' ','NAUO PRDDFN',#230);
#18248=PRODUCT_DEFINITION_SHAPE(' ','NAUO PRDDFN',#231);
#18249=PRODUCT_DEFINITION_SHAPE(' ','NAUO PRDDFN',#232);
#18250=PRODUCT_DEFINITION_SHAPE('','',#18302);
#18251=PRODUCT_DEFINITION_SHAPE('','',#18303);
#18252=PRODUCT_DEFINITION_SHAPE(' ','NAUO PRDDFN',#233);
#18253=PRODUCT_DEFINITION_SHAPE('','',#18304);
#18254=PRODUCT_DEFINITION_SHAPE(' ','NAUO PRDDFN',#234);
#18255=PRODUCT_DEFINITION_SHAPE('','',#18305);
#18256=PRODUCT_DEFINITION_SHAPE(' ','NAUO PRDDFN',#235);
#18257=PRODUCT_DEFINITION_SHAPE('','',#18306);
#18258=PRODUCT_DEFINITION_SHAPE(' ','NAUO PRDDFN',#236);
#18259=PRODUCT_DEFINITION_SHAPE('','',#18307);
#18260=PRODUCT_DEFINITION_SHAPE(' ','NAUO PRDDFN',#237);
#18261=PRODUCT_DEFINITION_SHAPE('','',#18308);
#18262=PRODUCT_DEFINITION_SHAPE(' ','NAUO PRDDFN',#238);
#18263=PRODUCT_DEFINITION_SHAPE('','',#18309);
#18264=PRODUCT_DEFINITION_SHAPE(' ','NAUO PRDDFN',#239);
#18265=PRODUCT_DEFINITION_SHAPE('','',#18310);
#18266=PRODUCT_DEFINITION_SHAPE(' ','NAUO PRDDFN',#240);
#18267=PRODUCT_DEFINITION_SHAPE('','',#18311);
#18268=PRODUCT_DEFINITION_SHAPE(' ','NAUO PRDDFN',#241);
#18269=PRODUCT_DEFINITION_SHAPE('','',#18312);
#18270=PRODUCT_DEFINITION_SHAPE(' ','NAUO PRDDFN',#242);
#18271=PRODUCT_DEFINITION_SHAPE('','',#18313);
#18272=PRODUCT_DEFINITION_SHAPE(' ','NAUO PRDDFN',#243);
#18273=PRODUCT_DEFINITION_SHAPE('','',#18314);
#18274=PRODUCT_DEFINITION_SHAPE(' ','NAUO PRDDFN',#244);
#18275=PRODUCT_DEFINITION_SHAPE('','',#18315);
#18276=PRODUCT_DEFINITION_SHAPE(' ','NAUO PRDDFN',#245);
#18277=PRODUCT_DEFINITION_SHAPE('','',#18316);
#18278=PRODUCT_DEFINITION_SHAPE(' ','NAUO PRDDFN',#246);
#18279=PRODUCT_DEFINITION_SHAPE('','',#18317);
#18280=PRODUCT_DEFINITION_SHAPE(' ','NAUO PRDDFN',#247);
#18281=PRODUCT_DEFINITION_SHAPE('','',#18318);
#18282=PRODUCT_DEFINITION_SHAPE(' ','NAUO PRDDFN',#248);
#18283=PRODUCT_DEFINITION_SHAPE('','',#18319);
#18284=PRODUCT_DEFINITION_SHAPE(' ','NAUO PRDDFN',#249);
#18285=PRODUCT_DEFINITION_SHAPE('','',#18320);
#18286=PRODUCT_DEFINITION_SHAPE(' ','NAUO PRDDFN',#250);
#18287=PRODUCT_DEFINITION_SHAPE('','',#18321);
#18288=PRODUCT_DEFINITION_SHAPE(' ','NAUO PRDDFN',#251);
#18289=PRODUCT_DEFINITION_SHAPE('','',#18322);
#18290=PRODUCT_DEFINITION_SHAPE(' ','NAUO PRDDFN',#252);
#18291=PRODUCT_DEFINITION_SHAPE('','',#18323);
#18292=PRODUCT_DEFINITION_SHAPE(' ','NAUO PRDDFN',#253);
#18293=PRODUCT_DEFINITION_SHAPE(' ','NAUO PRDDFN',#254);
#18294=PRODUCT_DEFINITION('','',#18354,#18324);
#18295=PRODUCT_DEFINITION('','',#18355,#18325);
#18296=PRODUCT_DEFINITION('','',#18356,#18326);
#18297=PRODUCT_DEFINITION('','',#18357,#18327);
#18298=PRODUCT_DEFINITION('','',#18358,#18328);
#18299=PRODUCT_DEFINITION('','',#18359,#18329);
#18300=PRODUCT_DEFINITION('','',#18360,#18330);
#18301=PRODUCT_DEFINITION('','',#18361,#18331);
#18302=PRODUCT_DEFINITION('','',#18362,#18332);
#18303=PRODUCT_DEFINITION('','',#18363,#18333);
#18304=PRODUCT_DEFINITION('','',#18364,#18334);
#18305=PRODUCT_DEFINITION('','',#18365,#18335);
#18306=PRODUCT_DEFINITION('','',#18366,#18336);
#18307=PRODUCT_DEFINITION('','',#18367,#18337);
#18308=PRODUCT_DEFINITION('','',#18368,#18338);
#18309=PRODUCT_DEFINITION('','',#18369,#18339);
#18310=PRODUCT_DEFINITION('','',#18370,#18340);
#18311=PRODUCT_DEFINITION('','',#18371,#18341);
#18312=PRODUCT_DEFINITION('','',#18372,#18342);
#18313=PRODUCT_DEFINITION('','',#18373,#18343);
#18314=PRODUCT_DEFINITION('','',#18374,#18344);
#18315=PRODUCT_DEFINITION('','',#18375,#18345);
#18316=PRODUCT_DEFINITION('','',#18376,#18346);
#18317=PRODUCT_DEFINITION('','',#18377,#18347);
#18318=PRODUCT_DEFINITION('','',#18378,#18348);
#18319=PRODUCT_DEFINITION('','',#18379,#18349);
#18320=PRODUCT_DEFINITION('','',#18380,#18350);
#18321=PRODUCT_DEFINITION('','',#18381,#18351);
#18322=PRODUCT_DEFINITION('','',#18382,#18352);
#18323=PRODUCT_DEFINITION('','',#18383,#18353);
#18324=PRODUCT_DEFINITION_CONTEXT('',#18505,'design');
#18325=PRODUCT_DEFINITION_CONTEXT('',#18505,'design');
#18326=PRODUCT_DEFINITION_CONTEXT('',#18505,'design');
#18327=PRODUCT_DEFINITION_CONTEXT('',#18505,'design');
#18328=PRODUCT_DEFINITION_CONTEXT('',#18505,'design');
#18329=PRODUCT_DEFINITION_CONTEXT('',#18505,'design');
#18330=PRODUCT_DEFINITION_CONTEXT('',#18505,'design');
#18331=PRODUCT_DEFINITION_CONTEXT('',#18505,'design');
#18332=PRODUCT_DEFINITION_CONTEXT('',#18505,'design');
#18333=PRODUCT_DEFINITION_CONTEXT('',#18505,'design');
#18334=PRODUCT_DEFINITION_CONTEXT('',#18505,'design');
#18335=PRODUCT_DEFINITION_CONTEXT('',#18505,'design');
#18336=PRODUCT_DEFINITION_CONTEXT('',#18505,'design');
#18337=PRODUCT_DEFINITION_CONTEXT('',#18505,'design');
#18338=PRODUCT_DEFINITION_CONTEXT('',#18505,'design');
#18339=PRODUCT_DEFINITION_CONTEXT('',#18505,'design');
#18340=PRODUCT_DEFINITION_CONTEXT('',#18505,'design');
#18341=PRODUCT_DEFINITION_CONTEXT('',#18505,'design');
#18342=PRODUCT_DEFINITION_CONTEXT('',#18505,'design');
#18343=PRODUCT_DEFINITION_CONTEXT('',#18505,'design');
#18344=PRODUCT_DEFINITION_CONTEXT('',#18505,'design');
#18345=PRODUCT_DEFINITION_CONTEXT('',#18505,'design');
#18346=PRODUCT_DEFINITION_CONTEXT('',#18505,'design');
#18347=PRODUCT_DEFINITION_CONTEXT('',#18505,'design');
#18348=PRODUCT_DEFINITION_CONTEXT('',#18505,'design');
#18349=PRODUCT_DEFINITION_CONTEXT('',#18505,'design');
#18350=PRODUCT_DEFINITION_CONTEXT('',#18505,'design');
#18351=PRODUCT_DEFINITION_CONTEXT('',#18505,'design');
#18352=PRODUCT_DEFINITION_CONTEXT('',#18505,'design');
#18353=PRODUCT_DEFINITION_CONTEXT('',#18505,'design');
#18354=PRODUCT_DEFINITION_FORMATION_WITH_SPECIFIED_SOURCE('','',#18414,
 .NOT_KNOWN.);
#18355=PRODUCT_DEFINITION_FORMATION_WITH_SPECIFIED_SOURCE('','',#18415,
 .NOT_KNOWN.);
#18356=PRODUCT_DEFINITION_FORMATION_WITH_SPECIFIED_SOURCE('','',#18416,
 .NOT_KNOWN.);
#18357=PRODUCT_DEFINITION_FORMATION_WITH_SPECIFIED_SOURCE('','',#18417,
 .NOT_KNOWN.);
#18358=PRODUCT_DEFINITION_FORMATION_WITH_SPECIFIED_SOURCE('','',#18418,
 .NOT_KNOWN.);
#18359=PRODUCT_DEFINITION_FORMATION_WITH_SPECIFIED_SOURCE('','',#18419,
 .NOT_KNOWN.);
#18360=PRODUCT_DEFINITION_FORMATION_WITH_SPECIFIED_SOURCE('','',#18420,
 .NOT_KNOWN.);
#18361=PRODUCT_DEFINITION_FORMATION_WITH_SPECIFIED_SOURCE('','',#18421,
 .NOT_KNOWN.);
#18362=PRODUCT_DEFINITION_FORMATION_WITH_SPECIFIED_SOURCE('','',#18422,
 .NOT_KNOWN.);
#18363=PRODUCT_DEFINITION_FORMATION_WITH_SPECIFIED_SOURCE('','',#18423,
 .NOT_KNOWN.);
#18364=PRODUCT_DEFINITION_FORMATION_WITH_SPECIFIED_SOURCE('','',#18424,
 .NOT_KNOWN.);
#18365=PRODUCT_DEFINITION_FORMATION_WITH_SPECIFIED_SOURCE('','',#18425,
 .NOT_KNOWN.);
#18366=PRODUCT_DEFINITION_FORMATION_WITH_SPECIFIED_SOURCE('','',#18426,
 .NOT_KNOWN.);
#18367=PRODUCT_DEFINITION_FORMATION_WITH_SPECIFIED_SOURCE('','',#18427,
 .NOT_KNOWN.);
#18368=PRODUCT_DEFINITION_FORMATION_WITH_SPECIFIED_SOURCE('','',#18428,
 .NOT_KNOWN.);
#18369=PRODUCT_DEFINITION_FORMATION_WITH_SPECIFIED_SOURCE('','',#18429,
 .NOT_KNOWN.);
#18370=PRODUCT_DEFINITION_FORMATION_WITH_SPECIFIED_SOURCE('','',#18430,
 .NOT_KNOWN.);
#18371=PRODUCT_DEFINITION_FORMATION_WITH_SPECIFIED_SOURCE('','',#18431,
 .NOT_KNOWN.);
#18372=PRODUCT_DEFINITION_FORMATION_WITH_SPECIFIED_SOURCE('','',#18432,
 .NOT_KNOWN.);
#18373=PRODUCT_DEFINITION_FORMATION_WITH_SPECIFIED_SOURCE('','',#18433,
 .NOT_KNOWN.);
#18374=PRODUCT_DEFINITION_FORMATION_WITH_SPECIFIED_SOURCE('','',#18434,
 .NOT_KNOWN.);
#18375=PRODUCT_DEFINITION_FORMATION_WITH_SPECIFIED_SOURCE('','',#18435,
 .NOT_KNOWN.);
#18376=PRODUCT_DEFINITION_FORMATION_WITH_SPECIFIED_SOURCE('','',#18436,
 .NOT_KNOWN.);
#18377=PRODUCT_DEFINITION_FORMATION_WITH_SPECIFIED_SOURCE('','',#18437,
 .NOT_KNOWN.);
#18378=PRODUCT_DEFINITION_FORMATION_WITH_SPECIFIED_SOURCE('','',#18438,
 .NOT_KNOWN.);
#18379=PRODUCT_DEFINITION_FORMATION_WITH_SPECIFIED_SOURCE('','',#18439,
 .NOT_KNOWN.);
#18380=PRODUCT_DEFINITION_FORMATION_WITH_SPECIFIED_SOURCE('','',#18440,
 .NOT_KNOWN.);
#18381=PRODUCT_DEFINITION_FORMATION_WITH_SPECIFIED_SOURCE('','',#18441,
 .NOT_KNOWN.);
#18382=PRODUCT_DEFINITION_FORMATION_WITH_SPECIFIED_SOURCE('','',#18442,
 .NOT_KNOWN.);
#18383=PRODUCT_DEFINITION_FORMATION_WITH_SPECIFIED_SOURCE('','',#18443,
 .NOT_KNOWN.);
#18384=PRODUCT_RELATED_PRODUCT_CATEGORY('','',(#18414));
#18385=PRODUCT_RELATED_PRODUCT_CATEGORY('','',(#18415));
#18386=PRODUCT_RELATED_PRODUCT_CATEGORY('','',(#18416));
#18387=PRODUCT_RELATED_PRODUCT_CATEGORY('','',(#18417));
#18388=PRODUCT_RELATED_PRODUCT_CATEGORY('','',(#18418));
#18389=PRODUCT_RELATED_PRODUCT_CATEGORY('','',(#18419));
#18390=PRODUCT_RELATED_PRODUCT_CATEGORY('','',(#18420));
#18391=PRODUCT_RELATED_PRODUCT_CATEGORY('','',(#18421));
#18392=PRODUCT_RELATED_PRODUCT_CATEGORY('','',(#18422));
#18393=PRODUCT_RELATED_PRODUCT_CATEGORY('','',(#18423));
#18394=PRODUCT_RELATED_PRODUCT_CATEGORY('','',(#18424));
#18395=PRODUCT_RELATED_PRODUCT_CATEGORY('','',(#18425));
#18396=PRODUCT_RELATED_PRODUCT_CATEGORY('','',(#18426));
#18397=PRODUCT_RELATED_PRODUCT_CATEGORY('','',(#18427));
#18398=PRODUCT_RELATED_PRODUCT_CATEGORY('','',(#18428));
#18399=PRODUCT_RELATED_PRODUCT_CATEGORY('','',(#18429));
#18400=PRODUCT_RELATED_PRODUCT_CATEGORY('','',(#18430));
#18401=PRODUCT_RELATED_PRODUCT_CATEGORY('','',(#18431));
#18402=PRODUCT_RELATED_PRODUCT_CATEGORY('','',(#18432));
#18403=PRODUCT_RELATED_PRODUCT_CATEGORY('','',(#18433));
#18404=PRODUCT_RELATED_PRODUCT_CATEGORY('','',(#18434));
#18405=PRODUCT_RELATED_PRODUCT_CATEGORY('','',(#18435));
#18406=PRODUCT_RELATED_PRODUCT_CATEGORY('','',(#18436));
#18407=PRODUCT_RELATED_PRODUCT_CATEGORY('','',(#18437));
#18408=PRODUCT_RELATED_PRODUCT_CATEGORY('','',(#18438));
#18409=PRODUCT_RELATED_PRODUCT_CATEGORY('','',(#18439));
#18410=PRODUCT_RELATED_PRODUCT_CATEGORY('','',(#18440));
#18411=PRODUCT_RELATED_PRODUCT_CATEGORY('','',(#18441));
#18412=PRODUCT_RELATED_PRODUCT_CATEGORY('','',(#18442));
#18413=PRODUCT_RELATED_PRODUCT_CATEGORY('','',(#18443));
#18414=PRODUCT('Full Assembly','Full Assembly','Full Assembly',(#18474));
#18415=PRODUCT('MX switch','MX switch','MX switch',(#18475));
#18416=PRODUCT('XIAO ESP32C3 on sockets','XIAO ESP32C3 on sockets',
'XIAO ESP32C3 on sockets',(#18476));
#18417=PRODUCT('Open CASCADE STEP translator 7.9 1.1',
'Open CASCADE STEP translator 7.9 1.1',
'Open CASCADE STEP translator 7.9 1.1',(#18477));
#18418=PRODUCT('Top and Bottom <1>','Top and Bottom <1>',
'Top and Bottom <1>',(#18478));
#18419=PRODUCT('Part 1','Part 1','Part 1',(#18479));
#18420=PRODUCT('Part 1','Part 1','Part 1',(#18480));
#18421=PRODUCT('TFT display','TFT display','TFT display',(#18481));
#18422=PRODUCT('PCB assembly <1>','PCB assembly <1>','PCB assembly <1>',
(#18482));
#18423=PRODUCT('D_DO-35_SOD27_P7.62mm_Horizontal_8',
'D_DO-35_SOD27_P7.62mm_Horizontal_8',
'D_DO-35_SOD27_P7.62mm_Horizontal_8',(#18483));
#18424=PRODUCT('D_DO-35_SOD27_P7.62mm_Horizontal_4',
'D_DO-35_SOD27_P7.62mm_Horizontal_4',
'D_DO-35_SOD27_P7.62mm_Horizontal_4',(#18484));
#18425=PRODUCT('D_DO-35_SOD27_P7.62mm_Horizontal_1',
'D_DO-35_SOD27_P7.62mm_Horizontal_1',
'D_DO-35_SOD27_P7.62mm_Horizontal_1',(#18485));
#18426=PRODUCT('D_DO-35_SOD27_P7.62mm_Horizontal_7',
'D_DO-35_SOD27_P7.62mm_Horizontal_7',
'D_DO-35_SOD27_P7.62mm_Horizontal_7',(#18486));
#18427=PRODUCT('PinHeader_1x08_P254mm_Vertical',
'PinHeader_1x08_P254mm_Vertical','PinHeader_1x08_P254mm_Vertical',(#18487));
#18428=PRODUCT('D_DO-35_SOD27_P7.62mm_Horizontal_6',
'D_DO-35_SOD27_P7.62mm_Horizontal_6',
'D_DO-35_SOD27_P7.62mm_Horizontal_6',(#18488));
#18429=PRODUCT('D_DO-35_SOD27_P7.62mm_Horizontal_5',
'D_DO-35_SOD27_P7.62mm_Horizontal_5',
'D_DO-35_SOD27_P7.62mm_Horizontal_5',(#18489));
#18430=PRODUCT('Buzzer_12x95RM76','Buzzer_12x95RM76','Buzzer_12x95RM76',
(#18490));
#18431=PRODUCT('D_DO-35_SOD27_P7.62mm_Horizontal',
'D_DO-35_SOD27_P7.62mm_Horizontal','D_DO-35_SOD27_P7.62mm_Horizontal',(#18491));
#18432=PRODUCT('D_DO-35_SOD27_P7.62mm_Horizontal',
'D_DO-35_SOD27_P7.62mm_Horizontal','D_DO-35_SOD27_P7.62mm_Horizontal',(#18492));
#18433=PRODUCT('D_DO-35_SOD27_P7.62mm_Horizontal_4',
'D_DO-35_SOD27_P7.62mm_Horizontal_4',
'D_DO-35_SOD27_P7.62mm_Horizontal_4',(#18493));
#18434=PRODUCT('D_DO-35_SOD27_P7.62mm_Horizontal_7',
'D_DO-35_SOD27_P7.62mm_Horizontal_7',
'D_DO-35_SOD27_P7.62mm_Horizontal_7',(#18494));
#18435=PRODUCT('D_DO-35_SOD27_P7.62mm_Horizontal_8',
'D_DO-35_SOD27_P7.62mm_Horizontal_8',
'D_DO-35_SOD27_P7.62mm_Horizontal_8',(#18495));
#18436=PRODUCT('D_DO-35_SOD27_P7.62mm_Horizontal_3',
'D_DO-35_SOD27_P7.62mm_Horizontal_3',
'D_DO-35_SOD27_P7.62mm_Horizontal_3',(#18496));
#18437=PRODUCT('D_DO-35_SOD27_P7.62mm_Horizontal_5',
'D_DO-35_SOD27_P7.62mm_Horizontal_5',
'D_DO-35_SOD27_P7.62mm_Horizontal_5',(#18497));
#18438=PRODUCT('D_DO-35_SOD27_P7.62mm_Horizontal_2',
'D_DO-35_SOD27_P7.62mm_Horizontal_2',
'D_DO-35_SOD27_P7.62mm_Horizontal_2',(#18498));
#18439=PRODUCT('D_DO-35_SOD27_P7.62mm_Horizontal_2',
'D_DO-35_SOD27_P7.62mm_Horizontal_2',
'D_DO-35_SOD27_P7.62mm_Horizontal_2',(#18499));
#18440=PRODUCT('D_DO-35_SOD27_P7.62mm_Horizontal_1',
'D_DO-35_SOD27_P7.62mm_Horizontal_1',
'D_DO-35_SOD27_P7.62mm_Horizontal_1',(#18500));
#18441=PRODUCT('kicad_schematic_PCB','kicad_schematic_PCB',
'kicad_schematic_PCB',(#18501));
#18442=PRODUCT('D_DO-35_SOD27_P7.62mm_Horizontal_3',
'D_DO-35_SOD27_P7.62mm_Horizontal_3',
'D_DO-35_SOD27_P7.62mm_Horizontal_3',(#18502));
#18443=PRODUCT('D_DO-35_SOD27_P7.62mm_Horizontal_6',
'D_DO-35_SOD27_P7.62mm_Horizontal_6',
'D_DO-35_SOD27_P7.62mm_Horizontal_6',(#18503));
#18444=PRODUCT_CATEGORY('','');
#18445=PRODUCT_CATEGORY('','');
#18446=PRODUCT_CATEGORY('','');
#18447=PRODUCT_CATEGORY('','');
#18448=PRODUCT_CATEGORY('','');
#18449=PRODUCT_CATEGORY('','');
#18450=PRODUCT_CATEGORY('','');
#18451=PRODUCT_CATEGORY('','');
#18452=PRODUCT_CATEGORY('','');
#18453=PRODUCT_CATEGORY('','');
#18454=PRODUCT_CATEGORY('','');
#18455=PRODUCT_CATEGORY('','');
#18456=PRODUCT_CATEGORY('','');
#18457=PRODUCT_CATEGORY('','');
#18458=PRODUCT_CATEGORY('','');
#18459=PRODUCT_CATEGORY('','');
#18460=PRODUCT_CATEGORY('','');
#18461=PRODUCT_CATEGORY('','');
#18462=PRODUCT_CATEGORY('','');
#18463=PRODUCT_CATEGORY('','');
#18464=PRODUCT_CATEGORY('','');
#18465=PRODUCT_CATEGORY('','');
#18466=PRODUCT_CATEGORY('','');
#18467=PRODUCT_CATEGORY('','');
#18468=PRODUCT_CATEGORY('','');
#18469=PRODUCT_CATEGORY('','');
#18470=PRODUCT_CATEGORY('','');
#18471=PRODUCT_CATEGORY('','');
#18472=PRODUCT_CATEGORY('','');
#18473=PRODUCT_CATEGORY('','');
#18474=PRODUCT_CONTEXT('',#18505,'mechanical');
#18475=PRODUCT_CONTEXT('',#18505,'mechanical');
#18476=PRODUCT_CONTEXT('',#18505,'mechanical');
#18477=PRODUCT_CONTEXT('',#18505,'mechanical');
#18478=PRODUCT_CONTEXT('',#18505,'mechanical');
#18479=PRODUCT_CONTEXT('',#18505,'mechanical');
#18480=PRODUCT_CONTEXT('',#18505,'mechanical');
#18481=PRODUCT_CONTEXT('',#18505,'mechanical');
#18482=PRODUCT_CONTEXT('',#18505,'mechanical');
#18483=PRODUCT_CONTEXT('',#18505,'mechanical');
#18484=PRODUCT_CONTEXT('',#18505,'mechanical');
#18485=PRODUCT_CONTEXT('',#18505,'mechanical');
#18486=PRODUCT_CONTEXT('',#18505,'mechanical');
#18487=PRODUCT_CONTEXT('',#18505,'mechanical');
#18488=PRODUCT_CONTEXT('',#18505,'mechanical');
#18489=PRODUCT_CONTEXT('',#18505,'mechanical');
#18490=PRODUCT_CONTEXT('',#18505,'mechanical');
#18491=PRODUCT_CONTEXT('',#18505,'mechanical');
#18492=PRODUCT_CONTEXT('',#18505,'mechanical');
#18493=PRODUCT_CONTEXT('',#18505,'mechanical');
#18494=PRODUCT_CONTEXT('',#18505,'mechanical');
#18495=PRODUCT_CONTEXT('',#18505,'mechanical');
#18496=PRODUCT_CONTEXT('',#18505,'mechanical');
#18497=PRODUCT_CONTEXT('',#18505,'mechanical');
#18498=PRODUCT_CONTEXT('',#18505,'mechanical');
#18499=PRODUCT_CONTEXT('',#18505,'mechanical');
#18500=PRODUCT_CONTEXT('',#18505,'mechanical');
#18501=PRODUCT_CONTEXT('',#18505,'mechanical');
#18502=PRODUCT_CONTEXT('',#18505,'mechanical');
#18503=PRODUCT_CONTEXT('',#18505,'mechanical');
#18504=APPLICATION_PROTOCOL_DEFINITION('international standard',
'ap242_managed_model_based_3d_engineering',2020,#18505);
#18505=APPLICATION_CONTEXT('managed model based 3d engineering');
ENDSEC;
END-ISO-10303-21;
