ISO-10303-21;
HEADER;
/* Generated by software containing ST-Developer
 * from STEP Tools, Inc. (www.steptools.com) 
 */
/* OPTION: using custom renumber hook */

FILE_DESCRIPTION(
/* description */ ('STEP AP214',
'CAx-IF Rec.Pracs.---User Defined Attributes---1.5---2016-08-15'),
/* implementation_level */ '2;1');

FILE_NAME(
/* name */ '6ab80d5e420e24b7ead9be15',
/* time_stamp */ '2026-09-26T18:22:23Z',
/* author */ (''),
/* organization */ (''),
/* preprocessor_version */ 'ST-DEVELOPER v20',
/* originating_system */ 'ONSHAPE BY PTC INC, 1.221',
/* authorisation */ '  ');

FILE_SCHEMA (('AUTOMOTIVE_DESIGN {1 0 10303 214 3 1 1}'));
ENDSEC;

DATA;
#10=PROPERTY_DEFINITION_REPRESENTATION(#14,#12);
#11=PROPERTY_DEFINITION_REPRESENTATION(#15,#13);
#12=REPRESENTATION('',(#16),#18729);
#13=REPRESENTATION('',(#17),#18729);
#14=PROPERTY_DEFINITION('pmi validation property','',#18796);
#15=PROPERTY_DEFINITION('pmi validation property','',#18796);
#16=VALUE_REPRESENTATION_ITEM('number of annotations',COUNT_MEASURE(0.));
#17=VALUE_REPRESENTATION_ITEM('number of views',COUNT_MEASURE(0.));
#18=OVER_RIDING_STYLED_ITEM('',(#10838),#10323,#10808);
#19=OVER_RIDING_STYLED_ITEM('',(#10839),#10324,#10808);
#20=OVER_RIDING_STYLED_ITEM('',(#10840),#10325,#10808);
#21=OVER_RIDING_STYLED_ITEM('',(#10841),#10326,#10808);
#22=OVER_RIDING_STYLED_ITEM('',(#10842),#10327,#10808);
#23=OVER_RIDING_STYLED_ITEM('',(#10843),#10328,#10808);
#24=OVER_RIDING_STYLED_ITEM('',(#10844),#10329,#10808);
#25=OVER_RIDING_STYLED_ITEM('',(#10845),#10330,#10808);
#26=OVER_RIDING_STYLED_ITEM('',(#10846),#10331,#10808);
#27=OVER_RIDING_STYLED_ITEM('',(#10847),#10332,#10808);
#28=OVER_RIDING_STYLED_ITEM('',(#10848),#10333,#10808);
#29=OVER_RIDING_STYLED_ITEM('',(#10849),#10334,#10808);
#30=OVER_RIDING_STYLED_ITEM('',(#10850),#10335,#10808);
#31=OVER_RIDING_STYLED_ITEM('',(#10851),#10336,#10808);
#32=OVER_RIDING_STYLED_ITEM('',(#10852),#10337,#10808);
#33=OVER_RIDING_STYLED_ITEM('',(#10853),#10338,#10808);
#34=OVER_RIDING_STYLED_ITEM('',(#10854),#10339,#10808);
#35=OVER_RIDING_STYLED_ITEM('',(#10855),#10340,#10808);
#36=OVER_RIDING_STYLED_ITEM('',(#10856),#10341,#10808);
#37=OVER_RIDING_STYLED_ITEM('',(#10857),#10342,#10808);
#38=OVER_RIDING_STYLED_ITEM('',(#10858),#10343,#10808);
#39=OVER_RIDING_STYLED_ITEM('',(#10859),#10344,#10808);
#40=OVER_RIDING_STYLED_ITEM('',(#10860),#10345,#10808);
#41=OVER_RIDING_STYLED_ITEM('',(#10861),#10346,#10808);
#42=OVER_RIDING_STYLED_ITEM('',(#10862),#10347,#10808);
#43=OVER_RIDING_STYLED_ITEM('',(#10863),#10348,#10808);
#44=OVER_RIDING_STYLED_ITEM('',(#10864),#10349,#10808);
#45=OVER_RIDING_STYLED_ITEM('',(#10865),#10350,#10808);
#46=OVER_RIDING_STYLED_ITEM('',(#10866),#10351,#10808);
#47=OVER_RIDING_STYLED_ITEM('',(#10867),#10352,#10808);
#48=OVER_RIDING_STYLED_ITEM('',(#10868),#10353,#10808);
#49=OVER_RIDING_STYLED_ITEM('',(#10869),#10354,#10808);
#50=OVER_RIDING_STYLED_ITEM('',(#10870),#10355,#10808);
#51=OVER_RIDING_STYLED_ITEM('',(#10871),#10356,#10808);
#52=OVER_RIDING_STYLED_ITEM('',(#10872),#10357,#10808);
#53=OVER_RIDING_STYLED_ITEM('',(#10873),#10358,#10808);
#54=OVER_RIDING_STYLED_ITEM('',(#10874),#10359,#10808);
#55=OVER_RIDING_STYLED_ITEM('',(#10875),#10360,#10808);
#56=OVER_RIDING_STYLED_ITEM('',(#10876),#10361,#10808);
#57=OVER_RIDING_STYLED_ITEM('',(#10877),#10362,#10808);
#58=OVER_RIDING_STYLED_ITEM('',(#10878),#10363,#10808);
#59=OVER_RIDING_STYLED_ITEM('',(#10879),#10364,#10808);
#60=OVER_RIDING_STYLED_ITEM('',(#10880),#10365,#10808);
#61=OVER_RIDING_STYLED_ITEM('',(#10881),#10366,#10808);
#62=OVER_RIDING_STYLED_ITEM('',(#10882),#10367,#10808);
#63=OVER_RIDING_STYLED_ITEM('',(#10883),#10368,#10808);
#64=OVER_RIDING_STYLED_ITEM('',(#10884),#10369,#10808);
#65=OVER_RIDING_STYLED_ITEM('',(#10885),#10370,#10808);
#66=OVER_RIDING_STYLED_ITEM('',(#10886),#10371,#10808);
#67=OVER_RIDING_STYLED_ITEM('',(#10887),#10372,#10808);
#68=OVER_RIDING_STYLED_ITEM('',(#10888),#10373,#10808);
#69=OVER_RIDING_STYLED_ITEM('',(#10889),#10374,#10808);
#70=OVER_RIDING_STYLED_ITEM('',(#10892),#10526,#10810);
#71=OVER_RIDING_STYLED_ITEM('',(#10893),#10527,#10810);
#72=OVER_RIDING_STYLED_ITEM('',(#10894),#10528,#10810);
#73=OVER_RIDING_STYLED_ITEM('',(#10896),#10535,#10811);
#74=OVER_RIDING_STYLED_ITEM('',(#10897),#10536,#10811);
#75=OVER_RIDING_STYLED_ITEM('',(#10898),#10537,#10811);
#76=OVER_RIDING_STYLED_ITEM('',(#10902),#10652,#10814);
#77=OVER_RIDING_STYLED_ITEM('',(#10903),#10653,#10814);
#78=OVER_RIDING_STYLED_ITEM('',(#10904),#10654,#10814);
#79=OVER_RIDING_STYLED_ITEM('',(#10907),#10668,#10816);
#80=OVER_RIDING_STYLED_ITEM('',(#10908),#10669,#10816);
#81=OVER_RIDING_STYLED_ITEM('',(#10909),#10670,#10816);
#82=OVER_RIDING_STYLED_ITEM('',(#10913),#10691,#10819);
#83=OVER_RIDING_STYLED_ITEM('',(#10914),#10692,#10819);
#84=OVER_RIDING_STYLED_ITEM('',(#10915),#10693,#10819);
#85=OVER_RIDING_STYLED_ITEM('',(#10917),#10705,#10820);
#86=OVER_RIDING_STYLED_ITEM('',(#10918),#10706,#10820);
#87=OVER_RIDING_STYLED_ITEM('',(#10919),#10708,#10820);
#88=OVER_RIDING_STYLED_ITEM('',(#10920),#10709,#10820);
#89=OVER_RIDING_STYLED_ITEM('',(#10921),#10710,#10820);
#90=OVER_RIDING_STYLED_ITEM('',(#10922),#10711,#10820);
#91=OVER_RIDING_STYLED_ITEM('',(#10923),#10712,#10820);
#92=OVER_RIDING_STYLED_ITEM('',(#10925),#10713,#10821);
#93=OVER_RIDING_STYLED_ITEM('',(#10926),#10714,#10821);
#94=OVER_RIDING_STYLED_ITEM('',(#10927),#10715,#10821);
#95=OVER_RIDING_STYLED_ITEM('',(#10929),#10722,#10822);
#96=OVER_RIDING_STYLED_ITEM('',(#10930),#10723,#10822);
#97=OVER_RIDING_STYLED_ITEM('',(#10931),#10724,#10822);
#98=OVER_RIDING_STYLED_ITEM('',(#10933),#10731,#10823);
#99=OVER_RIDING_STYLED_ITEM('',(#10934),#10732,#10823);
#100=OVER_RIDING_STYLED_ITEM('',(#10935),#10733,#10823);
#101=OVER_RIDING_STYLED_ITEM('',(#10938),#10747,#10825);
#102=OVER_RIDING_STYLED_ITEM('',(#10939),#10748,#10825);
#103=OVER_RIDING_STYLED_ITEM('',(#10940),#10749,#10825);
#104=SPHERICAL_SURFACE('',#11755,0.005);
#105=SPHERICAL_SURFACE('',#11757,0.005);
#106=ELLIPSE('',#11730,0.00556395730946426,0.005);
#107=ELLIPSE('',#11731,0.00556395730946426,0.005);
#108=ELLIPSE('',#11760,0.00943766784756578,0.005);
#109=ELLIPSE('',#11762,0.00943766784756578,0.005);
#110=ELLIPSE('',#11764,0.00707106781186547,0.005);
#111=ELLIPSE('',#11766,0.00707106781186547,0.005);
#112=DRAUGHTING_PRE_DEFINED_COLOUR('red');
#113=B_SPLINE_CURVE_WITH_KNOTS('',3,(#15949,#15950,#15951,#15952),
 .UNSPECIFIED.,.F.,.F.,(4,4),(0.,0.999999823151021),.UNSPECIFIED.);
#114=B_SPLINE_CURVE_WITH_KNOTS('',3,(#15957,#15958,#15959,#15960),
 .UNSPECIFIED.,.F.,.F.,(4,4),(0.,1.),.UNSPECIFIED.);
#115=B_SPLINE_CURVE_WITH_KNOTS('',3,(#15964,#15965,#15966,#15967),
 .UNSPECIFIED.,.F.,.F.,(4,4),(0.,1.),.UNSPECIFIED.);
#116=B_SPLINE_CURVE_WITH_KNOTS('',3,(#15969,#15970,#15971,#15972),
 .UNSPECIFIED.,.F.,.F.,(4,4),(0.,1.),.UNSPECIFIED.);
#117=B_SPLINE_CURVE_WITH_KNOTS('',3,(#15974,#15975,#15976,#15977),
 .UNSPECIFIED.,.F.,.F.,(4,4),(0.,1.),.UNSPECIFIED.);
#118=B_SPLINE_CURVE_WITH_KNOTS('',3,(#15979,#15980,#15981,#15982,#15983),
 .UNSPECIFIED.,.F.,.F.,(4,1,4),(0.,0.5,1.),.UNSPECIFIED.);
#119=B_SPLINE_CURVE_WITH_KNOTS('',3,(#15991,#15992,#15993,#15994),
 .UNSPECIFIED.,.F.,.F.,(4,4),(0.,1.),.UNSPECIFIED.);
#120=B_SPLINE_CURVE_WITH_KNOTS('',3,(#15996,#15997,#15998,#15999,#16000),
 .UNSPECIFIED.,.F.,.F.,(4,1,4),(0.,0.5,1.),.UNSPECIFIED.);
#121=B_SPLINE_CURVE_WITH_KNOTS('',3,(#16002,#16003,#16004,#16005),
 .UNSPECIFIED.,.F.,.F.,(4,4),(0.,0.999999690057071),.UNSPECIFIED.);
#122=B_SPLINE_CURVE_WITH_KNOTS('',3,(#16007,#16008,#16009,#16010),
 .UNSPECIFIED.,.F.,.F.,(4,4),(0.,1.),.UNSPECIFIED.);
#123=B_SPLINE_CURVE_WITH_KNOTS('',3,(#16014,#16015,#16016,#16017,#16018),
 .UNSPECIFIED.,.F.,.F.,(4,1,4),(0.,0.5,1.),.UNSPECIFIED.);
#124=B_SPLINE_CURVE_WITH_KNOTS('',3,(#16022,#16023,#16024,#16025,#16026),
 .UNSPECIFIED.,.F.,.F.,(4,1,4),(0.,0.5,1.),.UNSPECIFIED.);
#125=B_SPLINE_CURVE_WITH_KNOTS('',3,(#16037,#16038,#16039,#16040),
 .UNSPECIFIED.,.F.,.F.,(4,4),(0.,1.),.UNSPECIFIED.);
#126=B_SPLINE_CURVE_WITH_KNOTS('',3,(#16044,#16045,#16046,#16047),
 .UNSPECIFIED.,.F.,.F.,(4,4),(0.,0.999999778612197),.UNSPECIFIED.);
#127=B_SPLINE_CURVE_WITH_KNOTS('',3,(#16051,#16052,#16053,#16054),
 .UNSPECIFIED.,.F.,.F.,(4,4),(0.,1.),.UNSPECIFIED.);
#128=B_SPLINE_CURVE_WITH_KNOTS('',3,(#16058,#16059,#16060,#16061),
 .UNSPECIFIED.,.F.,.F.,(4,4),(0.,1.),.UNSPECIFIED.);
#129=B_SPLINE_CURVE_WITH_KNOTS('',3,(#16063,#16064,#16065,#16066),
 .UNSPECIFIED.,.F.,.F.,(4,4),(0.,1.),.UNSPECIFIED.);
#130=B_SPLINE_CURVE_WITH_KNOTS('',3,(#16068,#16069,#16070,#16071),
 .UNSPECIFIED.,.F.,.F.,(4,4),(0.,1.),.UNSPECIFIED.);
#131=B_SPLINE_CURVE_WITH_KNOTS('',3,(#16073,#16074,#16075,#16076),
 .UNSPECIFIED.,.F.,.F.,(4,4),(0.,0.999999778612197),.UNSPECIFIED.);
#132=B_SPLINE_CURVE_WITH_KNOTS('',3,(#16078,#16079,#16080,#16081),
 .UNSPECIFIED.,.F.,.F.,(4,4),(0.,1.),.UNSPECIFIED.);
#133=TOROIDAL_SURFACE('',#11656,0.00195,0.0009);
#134=TOROIDAL_SURFACE('',#11918,0.0005,0.00025);
#135=TOROIDAL_SURFACE('',#11922,0.0005,0.00025);
#136=TOROIDAL_SURFACE('',#12129,0.0005,0.00025);
#137=TOROIDAL_SURFACE('',#12133,0.0005,0.00025);
#138=TOROIDAL_SURFACE('',#12151,0.0006,0.0004);
#139=TOROIDAL_SURFACE('',#12153,0.0006,0.0004);
#140=TOROIDAL_SURFACE('',#12169,0.0006,0.0004);
#141=TOROIDAL_SURFACE('',#12171,0.0006,0.0004);
#142=TOROIDAL_SURFACE('',#12179,0.0005,0.00025);
#143=TOROIDAL_SURFACE('',#12183,0.0005,0.00025);
#144=TOROIDAL_SURFACE('',#12493,0.0006,0.0004);
#145=TOROIDAL_SURFACE('',#12495,0.0006,0.0004);
#146=TOROIDAL_SURFACE('',#12503,0.0005,0.00025);
#147=TOROIDAL_SURFACE('',#12507,0.0005,0.00025);
#148=TOROIDAL_SURFACE('',#12525,0.0006,0.0004);
#149=TOROIDAL_SURFACE('',#12527,0.0006,0.0004);
#150=TOROIDAL_SURFACE('',#12535,0.0005,0.00025);
#151=TOROIDAL_SURFACE('',#12539,0.0005,0.00025);
#152=TOROIDAL_SURFACE('',#12549,0.0005,0.00025);
#153=TOROIDAL_SURFACE('',#12553,0.0005,0.00025);
#154=TOROIDAL_SURFACE('',#12571,0.0006,0.0004);
#155=TOROIDAL_SURFACE('',#12573,0.0006,0.0004);
#156=TOROIDAL_SURFACE('',#12581,0.0057,0.0003);
#157=TOROIDAL_SURFACE('',#12583,0.004518518518519,0.001481481481481);
#158=TOROIDAL_SURFACE('',#12596,0.00027,0.00018);
#159=TOROIDAL_SURFACE('',#12598,0.00027,0.00018);
#160=TOROIDAL_SURFACE('',#12615,0.0006,0.0004);
#161=TOROIDAL_SURFACE('',#12617,0.0006,0.0004);
#162=TOROIDAL_SURFACE('',#12633,0.0006,0.0004);
#163=TOROIDAL_SURFACE('',#12635,0.0006,0.0004);
#164=TOROIDAL_SURFACE('',#12651,0.0006,0.0004);
#165=TOROIDAL_SURFACE('',#12653,0.0006,0.0004);
#166=TOROIDAL_SURFACE('',#12661,0.0005,0.00025);
#167=TOROIDAL_SURFACE('',#12665,0.0005,0.00025);
#168=TOROIDAL_SURFACE('',#12683,0.0006,0.0004);
#169=TOROIDAL_SURFACE('',#12685,0.0006,0.0004);
#170=TOROIDAL_SURFACE('',#12693,0.0005,0.00025);
#171=TOROIDAL_SURFACE('',#12697,0.0005,0.00025);
#172=TOROIDAL_SURFACE('',#12707,0.0005,0.00025);
#173=TOROIDAL_SURFACE('',#12711,0.0005,0.00025);
#174=CONTEXT_DEPENDENT_SHAPE_REPRESENTATION(#270,#18798);
#175=CONTEXT_DEPENDENT_SHAPE_REPRESENTATION(#271,#18800);
#176=CONTEXT_DEPENDENT_SHAPE_REPRESENTATION(#272,#18802);
#177=CONTEXT_DEPENDENT_SHAPE_REPRESENTATION(#273,#18803);
#178=CONTEXT_DEPENDENT_SHAPE_REPRESENTATION(#274,#18804);
#179=CONTEXT_DEPENDENT_SHAPE_REPRESENTATION(#275,#18805);
#180=CONTEXT_DEPENDENT_SHAPE_REPRESENTATION(#276,#18806);
#181=CONTEXT_DEPENDENT_SHAPE_REPRESENTATION(#277,#18807);
#182=CONTEXT_DEPENDENT_SHAPE_REPRESENTATION(#278,#18808);
#183=CONTEXT_DEPENDENT_SHAPE_REPRESENTATION(#279,#18809);
#184=CONTEXT_DEPENDENT_SHAPE_REPRESENTATION(#280,#18812);
#185=CONTEXT_DEPENDENT_SHAPE_REPRESENTATION(#281,#18814);
#186=CONTEXT_DEPENDENT_SHAPE_REPRESENTATION(#282,#18815);
#187=CONTEXT_DEPENDENT_SHAPE_REPRESENTATION(#283,#18816);
#188=CONTEXT_DEPENDENT_SHAPE_REPRESENTATION(#284,#18817);
#189=CONTEXT_DEPENDENT_SHAPE_REPRESENTATION(#285,#18818);
#190=CONTEXT_DEPENDENT_SHAPE_REPRESENTATION(#286,#18820);
#191=CONTEXT_DEPENDENT_SHAPE_REPRESENTATION(#287,#18821);
#192=CONTEXT_DEPENDENT_SHAPE_REPRESENTATION(#288,#18822);
#193=CONTEXT_DEPENDENT_SHAPE_REPRESENTATION(#289,#18824);
#194=CONTEXT_DEPENDENT_SHAPE_REPRESENTATION(#290,#18825);
#195=CONTEXT_DEPENDENT_SHAPE_REPRESENTATION(#291,#18826);
#196=CONTEXT_DEPENDENT_SHAPE_REPRESENTATION(#292,#18827);
#197=CONTEXT_DEPENDENT_SHAPE_REPRESENTATION(#293,#18828);
#198=CONTEXT_DEPENDENT_SHAPE_REPRESENTATION(#294,#18830);
#199=CONTEXT_DEPENDENT_SHAPE_REPRESENTATION(#295,#18833);
#200=CONTEXT_DEPENDENT_SHAPE_REPRESENTATION(#296,#18835);
#201=CONTEXT_DEPENDENT_SHAPE_REPRESENTATION(#297,#18837);
#202=CONTEXT_DEPENDENT_SHAPE_REPRESENTATION(#298,#18839);
#203=CONTEXT_DEPENDENT_SHAPE_REPRESENTATION(#299,#18841);
#204=CONTEXT_DEPENDENT_SHAPE_REPRESENTATION(#300,#18843);
#205=CONTEXT_DEPENDENT_SHAPE_REPRESENTATION(#301,#18845);
#206=CONTEXT_DEPENDENT_SHAPE_REPRESENTATION(#302,#18847);
#207=CONTEXT_DEPENDENT_SHAPE_REPRESENTATION(#303,#18849);
#208=CONTEXT_DEPENDENT_SHAPE_REPRESENTATION(#304,#18851);
#209=CONTEXT_DEPENDENT_SHAPE_REPRESENTATION(#305,#18853);
#210=CONTEXT_DEPENDENT_SHAPE_REPRESENTATION(#306,#18855);
#211=CONTEXT_DEPENDENT_SHAPE_REPRESENTATION(#307,#18857);
#212=CONTEXT_DEPENDENT_SHAPE_REPRESENTATION(#308,#18859);
#213=CONTEXT_DEPENDENT_SHAPE_REPRESENTATION(#309,#18861);
#214=CONTEXT_DEPENDENT_SHAPE_REPRESENTATION(#310,#18863);
#215=CONTEXT_DEPENDENT_SHAPE_REPRESENTATION(#311,#18865);
#216=CONTEXT_DEPENDENT_SHAPE_REPRESENTATION(#312,#18867);
#217=CONTEXT_DEPENDENT_SHAPE_REPRESENTATION(#313,#18869);
#218=CONTEXT_DEPENDENT_SHAPE_REPRESENTATION(#314,#18871);
#219=CONTEXT_DEPENDENT_SHAPE_REPRESENTATION(#315,#18873);
#220=CONTEXT_DEPENDENT_SHAPE_REPRESENTATION(#316,#18874);
#221=CONTEXT_DEPENDENT_SHAPE_REPRESENTATION(#317,#18875);
#222=NEXT_ASSEMBLY_USAGE_OCCURRENCE('NAUO1','MX switch','MX switch',#18876,
#18877,'');
#223=NEXT_ASSEMBLY_USAGE_OCCURRENCE('NAUO2','M3x8 button head',
'M3x8 button head',#18876,#18878,'');
#224=NEXT_ASSEMBLY_USAGE_OCCURRENCE('NAUO3',
'Open CASCADE STEP translator 7.9 1.1',
'Open CASCADE STEP translator 7.9 1.1',#18876,#18879,'');
#225=NEXT_ASSEMBLY_USAGE_OCCURRENCE('NAUO4','M3x8 button head',
'M3x8 button head',#18876,#18878,'');
#226=NEXT_ASSEMBLY_USAGE_OCCURRENCE('NAUO5',
'Open CASCADE STEP translator 7.9 1.1',
'Open CASCADE STEP translator 7.9 1.1',#18876,#18879,'');
#227=NEXT_ASSEMBLY_USAGE_OCCURRENCE('NAUO6','MX switch','MX switch',#18876,
#18877,'');
#228=NEXT_ASSEMBLY_USAGE_OCCURRENCE('NAUO7','MX switch','MX switch',#18876,
#18877,'');
#229=NEXT_ASSEMBLY_USAGE_OCCURRENCE('NAUO8','MX switch','MX switch',#18876,
#18877,'');
#230=NEXT_ASSEMBLY_USAGE_OCCURRENCE('NAUO9','MX switch','MX switch',#18876,
#18877,'');
#231=NEXT_ASSEMBLY_USAGE_OCCURRENCE('NAUO10','MX switch','MX switch',#18876,
#18877,'');
#232=NEXT_ASSEMBLY_USAGE_OCCURRENCE('NAUO11','Part 1','Part 1',#18880,#18881,
'');
#233=NEXT_ASSEMBLY_USAGE_OCCURRENCE('NAUO12','Part 1','Part 1',#18880,#18882,
'');
#234=NEXT_ASSEMBLY_USAGE_OCCURRENCE('NAUO13','Top and Bottom <1>',
'Top and Bottom <1>',#18876,#18880,'');
#235=NEXT_ASSEMBLY_USAGE_OCCURRENCE('NAUO14',
'Open CASCADE STEP translator 7.9 1.1',
'Open CASCADE STEP translator 7.9 1.1',#18876,#18879,'');
#236=NEXT_ASSEMBLY_USAGE_OCCURRENCE('NAUO15',
'Open CASCADE STEP translator 7.9 1.1',
'Open CASCADE STEP translator 7.9 1.1',#18876,#18879,'');
#237=NEXT_ASSEMBLY_USAGE_OCCURRENCE('NAUO16',
'Open CASCADE STEP translator 7.9 1.1',
'Open CASCADE STEP translator 7.9 1.1',#18876,#18879,'');
#238=NEXT_ASSEMBLY_USAGE_OCCURRENCE('NAUO17','Display clamp rail',
'Display clamp rail',#18876,#18883,'');
#239=NEXT_ASSEMBLY_USAGE_OCCURRENCE('NAUO18',
'Open CASCADE STEP translator 7.9 1.1',
'Open CASCADE STEP translator 7.9 1.1',#18876,#18879,'');
#240=NEXT_ASSEMBLY_USAGE_OCCURRENCE('NAUO19','MX switch','MX switch',#18876,
#18877,'');
#241=NEXT_ASSEMBLY_USAGE_OCCURRENCE('NAUO20','XIAO ESP32C3 on sockets',
'XIAO ESP32C3 on sockets',#18876,#18884,'');
#242=NEXT_ASSEMBLY_USAGE_OCCURRENCE('NAUO21',
'Open CASCADE STEP translator 7.9 1.1',
'Open CASCADE STEP translator 7.9 1.1',#18876,#18879,'');
#243=NEXT_ASSEMBLY_USAGE_OCCURRENCE('NAUO22',
'Open CASCADE STEP translator 7.9 1.1',
'Open CASCADE STEP translator 7.9 1.1',#18876,#18879,'');
#244=NEXT_ASSEMBLY_USAGE_OCCURRENCE('NAUO23',
'Open CASCADE STEP translator 7.9 1.1',
'Open CASCADE STEP translator 7.9 1.1',#18876,#18879,'');
#245=NEXT_ASSEMBLY_USAGE_OCCURRENCE('NAUO24','MX switch','MX switch',#18876,
#18877,'');
#246=NEXT_ASSEMBLY_USAGE_OCCURRENCE('NAUO25','TFT display',
'TFT display',#18876,#18885,'');
#247=NEXT_ASSEMBLY_USAGE_OCCURRENCE('NAUO26',
'D_DO-35_SOD27_P7.62mm_Horizontal_4',
'D_DO-35_SOD27_P7.62mm_Horizontal_4',#18886,#18887,'');
#248=NEXT_ASSEMBLY_USAGE_OCCURRENCE('NAUO27',
'PinHeader_1x08_P254mm_Vertical','PinHeader_1x08_P254mm_Vertical',#18886,
#18888,'');
#249=NEXT_ASSEMBLY_USAGE_OCCURRENCE('NAUO28',
'D_DO-35_SOD27_P7.62mm_Horizontal','D_DO-35_SOD27_P7.62mm_Horizontal',#18886,
#18889,'');
#250=NEXT_ASSEMBLY_USAGE_OCCURRENCE('NAUO29',
'D_DO-35_SOD27_P7.62mm_Horizontal_4',
'D_DO-35_SOD27_P7.62mm_Horizontal_4',#18886,#18890,'');
#251=NEXT_ASSEMBLY_USAGE_OCCURRENCE('NAUO30',
'D_DO-35_SOD27_P7.62mm_Horizontal_8',
'D_DO-35_SOD27_P7.62mm_Horizontal_8',#18886,#18891,'');
#252=NEXT_ASSEMBLY_USAGE_OCCURRENCE('NAUO31',
'D_DO-35_SOD27_P7.62mm_Horizontal_2',
'D_DO-35_SOD27_P7.62mm_Horizontal_2',#18886,#18892,'');
#253=NEXT_ASSEMBLY_USAGE_OCCURRENCE('NAUO32','kicad_schematic_PCB',
'kicad_schematic_PCB',#18886,#18893,'');
#254=NEXT_ASSEMBLY_USAGE_OCCURRENCE('NAUO33',
'D_DO-35_SOD27_P7.62mm_Horizontal_6',
'D_DO-35_SOD27_P7.62mm_Horizontal_6',#18886,#18894,'');
#255=NEXT_ASSEMBLY_USAGE_OCCURRENCE('NAUO34',
'D_DO-35_SOD27_P7.62mm_Horizontal_8',
'D_DO-35_SOD27_P7.62mm_Horizontal_8',#18886,#18895,'');
#256=NEXT_ASSEMBLY_USAGE_OCCURRENCE('NAUO35',
'D_DO-35_SOD27_P7.62mm_Horizontal_1',
'D_DO-35_SOD27_P7.62mm_Horizontal_1',#18886,#18896,'');
#257=NEXT_ASSEMBLY_USAGE_OCCURRENCE('NAUO36',
'D_DO-35_SOD27_P7.62mm_Horizontal_7',
'D_DO-35_SOD27_P7.62mm_Horizontal_7',#18886,#18897,'');
#258=NEXT_ASSEMBLY_USAGE_OCCURRENCE('NAUO37',
'D_DO-35_SOD27_P7.62mm_Horizontal_6',
'D_DO-35_SOD27_P7.62mm_Horizontal_6',#18886,#18898,'');
#259=NEXT_ASSEMBLY_USAGE_OCCURRENCE('NAUO38',
'D_DO-35_SOD27_P7.62mm_Horizontal_5',
'D_DO-35_SOD27_P7.62mm_Horizontal_5',#18886,#18899,'');
#260=NEXT_ASSEMBLY_USAGE_OCCURRENCE('NAUO39','Buzzer_12x95RM76',
'Buzzer_12x95RM76',#18886,#18900,'');
#261=NEXT_ASSEMBLY_USAGE_OCCURRENCE('NAUO40',
'D_DO-35_SOD27_P7.62mm_Horizontal','D_DO-35_SOD27_P7.62mm_Horizontal',#18886,
#18901,'');
#262=NEXT_ASSEMBLY_USAGE_OCCURRENCE('NAUO41',
'D_DO-35_SOD27_P7.62mm_Horizontal_7',
'D_DO-35_SOD27_P7.62mm_Horizontal_7',#18886,#18902,'');
#263=NEXT_ASSEMBLY_USAGE_OCCURRENCE('NAUO42',
'D_DO-35_SOD27_P7.62mm_Horizontal_3',
'D_DO-35_SOD27_P7.62mm_Horizontal_3',#18886,#18903,'');
#264=NEXT_ASSEMBLY_USAGE_OCCURRENCE('NAUO43',
'D_DO-35_SOD27_P7.62mm_Horizontal_5',
'D_DO-35_SOD27_P7.62mm_Horizontal_5',#18886,#18904,'');
#265=NEXT_ASSEMBLY_USAGE_OCCURRENCE('NAUO44',
'D_DO-35_SOD27_P7.62mm_Horizontal_2',
'D_DO-35_SOD27_P7.62mm_Horizontal_2',#18886,#18905,'');
#266=NEXT_ASSEMBLY_USAGE_OCCURRENCE('NAUO45',
'D_DO-35_SOD27_P7.62mm_Horizontal_1',
'D_DO-35_SOD27_P7.62mm_Horizontal_1',#18886,#18906,'');
#267=NEXT_ASSEMBLY_USAGE_OCCURRENCE('NAUO46',
'D_DO-35_SOD27_P7.62mm_Horizontal_3',
'D_DO-35_SOD27_P7.62mm_Horizontal_3',#18886,#18907,'');
#268=NEXT_ASSEMBLY_USAGE_OCCURRENCE('NAUO47','PCB assembly <1>',
'PCB assembly <1>',#18876,#18886,'');
#269=NEXT_ASSEMBLY_USAGE_OCCURRENCE('NAUO48','MX switch','MX switch',#18876,
#18877,'');
#270=(
REPRESENTATION_RELATIONSHIP(' ',' ',#11592,#11591)
REPRESENTATION_RELATIONSHIP_WITH_TRANSFORMATION(#318)
SHAPE_REPRESENTATION_RELATIONSHIP()
);
#271=(
REPRESENTATION_RELATIONSHIP(' ',' ',#11593,#11591)
REPRESENTATION_RELATIONSHIP_WITH_TRANSFORMATION(#319)
SHAPE_REPRESENTATION_RELATIONSHIP()
);
#272=(
REPRESENTATION_RELATIONSHIP(' ',' ',#11594,#11591)
REPRESENTATION_RELATIONSHIP_WITH_TRANSFORMATION(#320)
SHAPE_REPRESENTATION_RELATIONSHIP()
);
#273=(
REPRESENTATION_RELATIONSHIP(' ',' ',#11593,#11591)
REPRESENTATION_RELATIONSHIP_WITH_TRANSFORMATION(#321)
SHAPE_REPRESENTATION_RELATIONSHIP()
);
#274=(
REPRESENTATION_RELATIONSHIP(' ',' ',#11594,#11591)
REPRESENTATION_RELATIONSHIP_WITH_TRANSFORMATION(#322)
SHAPE_REPRESENTATION_RELATIONSHIP()
);
#275=(
REPRESENTATION_RELATIONSHIP(' ',' ',#11592,#11591)
REPRESENTATION_RELATIONSHIP_WITH_TRANSFORMATION(#323)
SHAPE_REPRESENTATION_RELATIONSHIP()
);
#276=(
REPRESENTATION_RELATIONSHIP(' ',' ',#11592,#11591)
REPRESENTATION_RELATIONSHIP_WITH_TRANSFORMATION(#324)
SHAPE_REPRESENTATION_RELATIONSHIP()
);
#277=(
REPRESENTATION_RELATIONSHIP(' ',' ',#11592,#11591)
REPRESENTATION_RELATIONSHIP_WITH_TRANSFORMATION(#325)
SHAPE_REPRESENTATION_RELATIONSHIP()
);
#278=(
REPRESENTATION_RELATIONSHIP(' ',' ',#11592,#11591)
REPRESENTATION_RELATIONSHIP_WITH_TRANSFORMATION(#326)
SHAPE_REPRESENTATION_RELATIONSHIP()
);
#279=(
REPRESENTATION_RELATIONSHIP(' ',' ',#11592,#11591)
REPRESENTATION_RELATIONSHIP_WITH_TRANSFORMATION(#327)
SHAPE_REPRESENTATION_RELATIONSHIP()
);
#280=(
REPRESENTATION_RELATIONSHIP(' ',' ',#11596,#11595)
REPRESENTATION_RELATIONSHIP_WITH_TRANSFORMATION(#328)
SHAPE_REPRESENTATION_RELATIONSHIP()
);
#281=(
REPRESENTATION_RELATIONSHIP(' ',' ',#11597,#11595)
REPRESENTATION_RELATIONSHIP_WITH_TRANSFORMATION(#329)
SHAPE_REPRESENTATION_RELATIONSHIP()
);
#282=(
REPRESENTATION_RELATIONSHIP(' ',' ',#11595,#11591)
REPRESENTATION_RELATIONSHIP_WITH_TRANSFORMATION(#330)
SHAPE_REPRESENTATION_RELATIONSHIP()
);
#283=(
REPRESENTATION_RELATIONSHIP(' ',' ',#11594,#11591)
REPRESENTATION_RELATIONSHIP_WITH_TRANSFORMATION(#331)
SHAPE_REPRESENTATION_RELATIONSHIP()
);
#284=(
REPRESENTATION_RELATIONSHIP(' ',' ',#11594,#11591)
REPRESENTATION_RELATIONSHIP_WITH_TRANSFORMATION(#332)
SHAPE_REPRESENTATION_RELATIONSHIP()
);
#285=(
REPRESENTATION_RELATIONSHIP(' ',' ',#11594,#11591)
REPRESENTATION_RELATIONSHIP_WITH_TRANSFORMATION(#333)
SHAPE_REPRESENTATION_RELATIONSHIP()
);
#286=(
REPRESENTATION_RELATIONSHIP(' ',' ',#11598,#11591)
REPRESENTATION_RELATIONSHIP_WITH_TRANSFORMATION(#334)
SHAPE_REPRESENTATION_RELATIONSHIP()
);
#287=(
REPRESENTATION_RELATIONSHIP(' ',' ',#11594,#11591)
REPRESENTATION_RELATIONSHIP_WITH_TRANSFORMATION(#335)
SHAPE_REPRESENTATION_RELATIONSHIP()
);
#288=(
REPRESENTATION_RELATIONSHIP(' ',' ',#11592,#11591)
REPRESENTATION_RELATIONSHIP_WITH_TRANSFORMATION(#336)
SHAPE_REPRESENTATION_RELATIONSHIP()
);
#289=(
REPRESENTATION_RELATIONSHIP(' ',' ',#11599,#11591)
REPRESENTATION_RELATIONSHIP_WITH_TRANSFORMATION(#337)
SHAPE_REPRESENTATION_RELATIONSHIP()
);
#290=(
REPRESENTATION_RELATIONSHIP(' ',' ',#11594,#11591)
REPRESENTATION_RELATIONSHIP_WITH_TRANSFORMATION(#338)
SHAPE_REPRESENTATION_RELATIONSHIP()
);
#291=(
REPRESENTATION_RELATIONSHIP(' ',' ',#11594,#11591)
REPRESENTATION_RELATIONSHIP_WITH_TRANSFORMATION(#339)
SHAPE_REPRESENTATION_RELATIONSHIP()
);
#292=(
REPRESENTATION_RELATIONSHIP(' ',' ',#11594,#11591)
REPRESENTATION_RELATIONSHIP_WITH_TRANSFORMATION(#340)
SHAPE_REPRESENTATION_RELATIONSHIP()
);
#293=(
REPRESENTATION_RELATIONSHIP(' ',' ',#11592,#11591)
REPRESENTATION_RELATIONSHIP_WITH_TRANSFORMATION(#341)
SHAPE_REPRESENTATION_RELATIONSHIP()
);
#294=(
REPRESENTATION_RELATIONSHIP(' ',' ',#11600,#11591)
REPRESENTATION_RELATIONSHIP_WITH_TRANSFORMATION(#342)
SHAPE_REPRESENTATION_RELATIONSHIP()
);
#295=(
REPRESENTATION_RELATIONSHIP(' ',' ',#11602,#11601)
REPRESENTATION_RELATIONSHIP_WITH_TRANSFORMATION(#343)
SHAPE_REPRESENTATION_RELATIONSHIP()
);
#296=(
REPRESENTATION_RELATIONSHIP(' ',' ',#11603,#11601)
REPRESENTATION_RELATIONSHIP_WITH_TRANSFORMATION(#344)
SHAPE_REPRESENTATION_RELATIONSHIP()
);
#297=(
REPRESENTATION_RELATIONSHIP(' ',' ',#11604,#11601)
REPRESENTATION_RELATIONSHIP_WITH_TRANSFORMATION(#345)
SHAPE_REPRESENTATION_RELATIONSHIP()
);
#298=(
REPRESENTATION_RELATIONSHIP(' ',' ',#11605,#11601)
REPRESENTATION_RELATIONSHIP_WITH_TRANSFORMATION(#346)
SHAPE_REPRESENTATION_RELATIONSHIP()
);
#299=(
REPRESENTATION_RELATIONSHIP(' ',' ',#11606,#11601)
REPRESENTATION_RELATIONSHIP_WITH_TRANSFORMATION(#347)
SHAPE_REPRESENTATION_RELATIONSHIP()
);
#300=(
REPRESENTATION_RELATIONSHIP(' ',' ',#11607,#11601)
REPRESENTATION_RELATIONSHIP_WITH_TRANSFORMATION(#348)
SHAPE_REPRESENTATION_RELATIONSHIP()
);
#301=(
REPRESENTATION_RELATIONSHIP(' ',' ',#11608,#11601)
REPRESENTATION_RELATIONSHIP_WITH_TRANSFORMATION(#349)
SHAPE_REPRESENTATION_RELATIONSHIP()
);
#302=(
REPRESENTATION_RELATIONSHIP(' ',' ',#11609,#11601)
REPRESENTATION_RELATIONSHIP_WITH_TRANSFORMATION(#350)
SHAPE_REPRESENTATION_RELATIONSHIP()
);
#303=(
REPRESENTATION_RELATIONSHIP(' ',' ',#11610,#11601)
REPRESENTATION_RELATIONSHIP_WITH_TRANSFORMATION(#351)
SHAPE_REPRESENTATION_RELATIONSHIP()
);
#304=(
REPRESENTATION_RELATIONSHIP(' ',' ',#11611,#11601)
REPRESENTATION_RELATIONSHIP_WITH_TRANSFORMATION(#352)
SHAPE_REPRESENTATION_RELATIONSHIP()
);
#305=(
REPRESENTATION_RELATIONSHIP(' ',' ',#11612,#11601)
REPRESENTATION_RELATIONSHIP_WITH_TRANSFORMATION(#353)
SHAPE_REPRESENTATION_RELATIONSHIP()
);
#306=(
REPRESENTATION_RELATIONSHIP(' ',' ',#11613,#11601)
REPRESENTATION_RELATIONSHIP_WITH_TRANSFORMATION(#354)
SHAPE_REPRESENTATION_RELATIONSHIP()
);
#307=(
REPRESENTATION_RELATIONSHIP(' ',' ',#11614,#11601)
REPRESENTATION_RELATIONSHIP_WITH_TRANSFORMATION(#355)
SHAPE_REPRESENTATION_RELATIONSHIP()
);
#308=(
REPRESENTATION_RELATIONSHIP(' ',' ',#11615,#11601)
REPRESENTATION_RELATIONSHIP_WITH_TRANSFORMATION(#356)
SHAPE_REPRESENTATION_RELATIONSHIP()
);
#309=(
REPRESENTATION_RELATIONSHIP(' ',' ',#11616,#11601)
REPRESENTATION_RELATIONSHIP_WITH_TRANSFORMATION(#357)
SHAPE_REPRESENTATION_RELATIONSHIP()
);
#310=(
REPRESENTATION_RELATIONSHIP(' ',' ',#11617,#11601)
REPRESENTATION_RELATIONSHIP_WITH_TRANSFORMATION(#358)
SHAPE_REPRESENTATION_RELATIONSHIP()
);
#311=(
REPRESENTATION_RELATIONSHIP(' ',' ',#11618,#11601)
REPRESENTATION_RELATIONSHIP_WITH_TRANSFORMATION(#359)
SHAPE_REPRESENTATION_RELATIONSHIP()
);
#312=(
REPRESENTATION_RELATIONSHIP(' ',' ',#11619,#11601)
REPRESENTATION_RELATIONSHIP_WITH_TRANSFORMATION(#360)
SHAPE_REPRESENTATION_RELATIONSHIP()
);
#313=(
REPRESENTATION_RELATIONSHIP(' ',' ',#11620,#11601)
REPRESENTATION_RELATIONSHIP_WITH_TRANSFORMATION(#361)
SHAPE_REPRESENTATION_RELATIONSHIP()
);
#314=(
REPRESENTATION_RELATIONSHIP(' ',' ',#11621,#11601)
REPRESENTATION_RELATIONSHIP_WITH_TRANSFORMATION(#362)
SHAPE_REPRESENTATION_RELATIONSHIP()
);
#315=(
REPRESENTATION_RELATIONSHIP(' ',' ',#11622,#11601)
REPRESENTATION_RELATIONSHIP_WITH_TRANSFORMATION(#363)
SHAPE_REPRESENTATION_RELATIONSHIP()
);
#316=(
REPRESENTATION_RELATIONSHIP(' ',' ',#11601,#11591)
REPRESENTATION_RELATIONSHIP_WITH_TRANSFORMATION(#364)
SHAPE_REPRESENTATION_RELATIONSHIP()
);
#317=(
REPRESENTATION_RELATIONSHIP(' ',' ',#11592,#11591)
REPRESENTATION_RELATIONSHIP_WITH_TRANSFORMATION(#365)
SHAPE_REPRESENTATION_RELATIONSHIP()
);
#318=ITEM_DEFINED_TRANSFORMATION(' ',' ',#11623,#11652);
#319=ITEM_DEFINED_TRANSFORMATION(' ',' ',#11623,#11671);
#320=ITEM_DEFINED_TRANSFORMATION(' ',' ',#11623,#11685);
#321=ITEM_DEFINED_TRANSFORMATION(' ',' ',#11623,#11686);
#322=ITEM_DEFINED_TRANSFORMATION(' ',' ',#11623,#11687);
#323=ITEM_DEFINED_TRANSFORMATION(' ',' ',#11623,#11688);
#324=ITEM_DEFINED_TRANSFORMATION(' ',' ',#11623,#11689);
#325=ITEM_DEFINED_TRANSFORMATION(' ',' ',#11623,#11690);
#326=ITEM_DEFINED_TRANSFORMATION(' ',' ',#11623,#11691);
#327=ITEM_DEFINED_TRANSFORMATION(' ',' ',#11623,#11692);
#328=ITEM_DEFINED_TRANSFORMATION(' ',' ',#11623,#11718);
#329=ITEM_DEFINED_TRANSFORMATION(' ',' ',#11623,#11833);
#330=ITEM_DEFINED_TRANSFORMATION(' ',' ',#11623,#11834);
#331=ITEM_DEFINED_TRANSFORMATION(' ',' ',#11623,#11835);
#332=ITEM_DEFINED_TRANSFORMATION(' ',' ',#11623,#11836);
#333=ITEM_DEFINED_TRANSFORMATION(' ',' ',#11623,#11837);
#334=ITEM_DEFINED_TRANSFORMATION(' ',' ',#11623,#11862);
#335=ITEM_DEFINED_TRANSFORMATION(' ',' ',#11623,#11863);
#336=ITEM_DEFINED_TRANSFORMATION(' ',' ',#11623,#11864);
#337=ITEM_DEFINED_TRANSFORMATION(' ',' ',#11623,#11892);
#338=ITEM_DEFINED_TRANSFORMATION(' ',' ',#11623,#11893);
#339=ITEM_DEFINED_TRANSFORMATION(' ',' ',#11623,#11894);
#340=ITEM_DEFINED_TRANSFORMATION(' ',' ',#11623,#11895);
#341=ITEM_DEFINED_TRANSFORMATION(' ',' ',#11623,#11896);
#342=ITEM_DEFINED_TRANSFORMATION(' ',' ',#11623,#11914);
#343=ITEM_DEFINED_TRANSFORMATION(' ',' ',#11623,#11928);
#344=ITEM_DEFINED_TRANSFORMATION(' ',' ',#11623,#12125);
#345=ITEM_DEFINED_TRANSFORMATION(' ',' ',#11623,#12139);
#346=ITEM_DEFINED_TRANSFORMATION(' ',' ',#11623,#12157);
#347=ITEM_DEFINED_TRANSFORMATION(' ',' ',#11623,#12175);
#348=ITEM_DEFINED_TRANSFORMATION(' ',' ',#11623,#12189);
#349=ITEM_DEFINED_TRANSFORMATION(' ',' ',#11623,#12481);
#350=ITEM_DEFINED_TRANSFORMATION(' ',' ',#11623,#12499);
#351=ITEM_DEFINED_TRANSFORMATION(' ',' ',#11623,#12513);
#352=ITEM_DEFINED_TRANSFORMATION(' ',' ',#11623,#12531);
#353=ITEM_DEFINED_TRANSFORMATION(' ',' ',#11623,#12545);
#354=ITEM_DEFINED_TRANSFORMATION(' ',' ',#11623,#12559);
#355=ITEM_DEFINED_TRANSFORMATION(' ',' ',#11623,#12577);
#356=ITEM_DEFINED_TRANSFORMATION(' ',' ',#11623,#12603);
#357=ITEM_DEFINED_TRANSFORMATION(' ',' ',#11623,#12621);
#358=ITEM_DEFINED_TRANSFORMATION(' ',' ',#11623,#12639);
#359=ITEM_DEFINED_TRANSFORMATION(' ',' ',#11623,#12657);
#360=ITEM_DEFINED_TRANSFORMATION(' ',' ',#11623,#12671);
#361=ITEM_DEFINED_TRANSFORMATION(' ',' ',#11623,#12689);
#362=ITEM_DEFINED_TRANSFORMATION(' ',' ',#11623,#12703);
#363=ITEM_DEFINED_TRANSFORMATION(' ',' ',#11623,#12717);
#364=ITEM_DEFINED_TRANSFORMATION(' ',' ',#11623,#12718);
#365=ITEM_DEFINED_TRANSFORMATION(' ',' ',#11623,#12719);
#366=SHAPE_REPRESENTATION_RELATIONSHIP('','',#11592,#395);
#367=SHAPE_REPRESENTATION_RELATIONSHIP('','',#11593,#396);
#368=SHAPE_REPRESENTATION_RELATIONSHIP('','',#11594,#397);
#369=SHAPE_REPRESENTATION_RELATIONSHIP('','',#11596,#398);
#370=SHAPE_REPRESENTATION_RELATIONSHIP('','',#11597,#399);
#371=SHAPE_REPRESENTATION_RELATIONSHIP('','',#11598,#400);
#372=SHAPE_REPRESENTATION_RELATIONSHIP('','',#11599,#401);
#373=SHAPE_REPRESENTATION_RELATIONSHIP('','',#11600,#402);
#374=SHAPE_REPRESENTATION_RELATIONSHIP('','',#11602,#403);
#375=SHAPE_REPRESENTATION_RELATIONSHIP('','',#11603,#404);
#376=SHAPE_REPRESENTATION_RELATIONSHIP('','',#11604,#405);
#377=SHAPE_REPRESENTATION_RELATIONSHIP('','',#11605,#406);
#378=SHAPE_REPRESENTATION_RELATIONSHIP('','',#11606,#407);
#379=SHAPE_REPRESENTATION_RELATIONSHIP('','',#11607,#408);
#380=SHAPE_REPRESENTATION_RELATIONSHIP('','',#11608,#409);
#381=SHAPE_REPRESENTATION_RELATIONSHIP('','',#11609,#410);
#382=SHAPE_REPRESENTATION_RELATIONSHIP('','',#11610,#411);
#383=SHAPE_REPRESENTATION_RELATIONSHIP('','',#11611,#412);
#384=SHAPE_REPRESENTATION_RELATIONSHIP('','',#11612,#413);
#385=SHAPE_REPRESENTATION_RELATIONSHIP('','',#11613,#414);
#386=SHAPE_REPRESENTATION_RELATIONSHIP('','',#11614,#415);
#387=SHAPE_REPRESENTATION_RELATIONSHIP('','',#11615,#416);
#388=SHAPE_REPRESENTATION_RELATIONSHIP('','',#11616,#417);
#389=SHAPE_REPRESENTATION_RELATIONSHIP('','',#11617,#418);
#390=SHAPE_REPRESENTATION_RELATIONSHIP('','',#11618,#419);
#391=SHAPE_REPRESENTATION_RELATIONSHIP('','',#11619,#420);
#392=SHAPE_REPRESENTATION_RELATIONSHIP('','',#11620,#421);
#393=SHAPE_REPRESENTATION_RELATIONSHIP('','',#11621,#422);
#394=SHAPE_REPRESENTATION_RELATIONSHIP('','',#11622,#423);
#395=ADVANCED_BREP_SHAPE_REPRESENTATION('',(#11530),#18730);
#396=ADVANCED_BREP_SHAPE_REPRESENTATION('',(#11531),#18731);
#397=ADVANCED_BREP_SHAPE_REPRESENTATION('',(#11532),#18732);
#398=ADVANCED_BREP_SHAPE_REPRESENTATION('',(#11533),#18734);
#399=ADVANCED_BREP_SHAPE_REPRESENTATION('',(#11534),#18735);
#400=ADVANCED_BREP_SHAPE_REPRESENTATION('',(#11535),#18736);
#401=ADVANCED_BREP_SHAPE_REPRESENTATION('',(#11536),#18737);
#402=ADVANCED_BREP_SHAPE_REPRESENTATION('',(#11537),#18738);
#403=ADVANCED_BREP_SHAPE_REPRESENTATION('',(#11538),#18740);
#404=ADVANCED_BREP_SHAPE_REPRESENTATION('',(#11539),#18741);
#405=ADVANCED_BREP_SHAPE_REPRESENTATION('',(#11540),#18742);
#406=ADVANCED_BREP_SHAPE_REPRESENTATION('',(#11541),#18743);
#407=ADVANCED_BREP_SHAPE_REPRESENTATION('',(#11542),#18744);
#408=ADVANCED_BREP_SHAPE_REPRESENTATION('',(#11543),#18745);
#409=ADVANCED_BREP_SHAPE_REPRESENTATION('',(#11544),#18746);
#410=ADVANCED_BREP_SHAPE_REPRESENTATION('',(#11545),#18747);
#411=ADVANCED_BREP_SHAPE_REPRESENTATION('',(#11546),#18748);
#412=ADVANCED_BREP_SHAPE_REPRESENTATION('',(#11547),#18749);
#413=ADVANCED_BREP_SHAPE_REPRESENTATION('',(#11548),#18750);
#414=ADVANCED_BREP_SHAPE_REPRESENTATION('',(#11549),#18751);
#415=ADVANCED_BREP_SHAPE_REPRESENTATION('',(#11550),#18752);
#416=ADVANCED_BREP_SHAPE_REPRESENTATION('',(#11551),#18753);
#417=ADVANCED_BREP_SHAPE_REPRESENTATION('',(#11552),#18754);
#418=ADVANCED_BREP_SHAPE_REPRESENTATION('',(#11553),#18755);
#419=ADVANCED_BREP_SHAPE_REPRESENTATION('',(#11554),#18756);
#420=ADVANCED_BREP_SHAPE_REPRESENTATION('',(#11555),#18757);
#421=ADVANCED_BREP_SHAPE_REPRESENTATION('',(#11556),#18758);
#422=ADVANCED_BREP_SHAPE_REPRESENTATION('',(#11557),#18759);
#423=ADVANCED_BREP_SHAPE_REPRESENTATION('',(#11558),#18760);
#424=CYLINDRICAL_SURFACE('',#11635,0.002);
#425=CYLINDRICAL_SURFACE('',#11653,0.00285);
#426=CYLINDRICAL_SURFACE('',#11661,0.0015);
#427=CYLINDRICAL_SURFACE('',#11673,0.000799999999998819);
#428=CYLINDRICAL_SURFACE('',#11675,0.000799999999998819);
#429=CYLINDRICAL_SURFACE('',#11681,0.000799999999998819);
#430=CYLINDRICAL_SURFACE('',#11682,0.000799999999998819);
#431=CYLINDRICAL_SURFACE('',#11713,0.0065);
#432=CYLINDRICAL_SURFACE('',#11714,0.0016);
#433=CYLINDRICAL_SURFACE('',#11715,0.0016);
#434=CYLINDRICAL_SURFACE('',#11716,0.0016);
#435=CYLINDRICAL_SURFACE('',#11717,0.0016);
#436=CYLINDRICAL_SURFACE('',#11748,0.005);
#437=CYLINDRICAL_SURFACE('',#11750,0.005);
#438=CYLINDRICAL_SURFACE('',#11752,0.005);
#439=CYLINDRICAL_SURFACE('',#11759,0.005);
#440=CYLINDRICAL_SURFACE('',#11761,0.005);
#441=CYLINDRICAL_SURFACE('',#11763,0.005);
#442=CYLINDRICAL_SURFACE('',#11765,0.005);
#443=CYLINDRICAL_SURFACE('',#11767,0.005);
#444=CYLINDRICAL_SURFACE('',#11796,0.0023);
#445=CYLINDRICAL_SURFACE('',#11800,0.0023);
#446=CYLINDRICAL_SURFACE('',#11804,0.0023);
#447=CYLINDRICAL_SURFACE('',#11808,0.0023);
#448=CYLINDRICAL_SURFACE('',#11812,0.0016);
#449=CYLINDRICAL_SURFACE('',#11815,0.0016);
#450=CYLINDRICAL_SURFACE('',#11818,0.0016);
#451=CYLINDRICAL_SURFACE('',#11821,0.0016);
#452=CYLINDRICAL_SURFACE('',#11831,0.0016);
#453=CYLINDRICAL_SURFACE('',#11832,0.0016);
#454=CYLINDRICAL_SURFACE('',#11851,0.0017);
#455=CYLINDRICAL_SURFACE('',#11853,0.0017);
#456=CYLINDRICAL_SURFACE('',#11856,0.0023);
#457=CYLINDRICAL_SURFACE('',#11859,0.0023);
#458=CYLINDRICAL_SURFACE('',#11900,0.00125);
#459=CYLINDRICAL_SURFACE('',#11903,0.00125);
#460=CYLINDRICAL_SURFACE('',#11915,0.00025);
#461=CYLINDRICAL_SURFACE('',#11920,0.00025);
#462=CYLINDRICAL_SURFACE('',#11924,0.00025);
#463=CYLINDRICAL_SURFACE('',#12126,0.00025);
#464=CYLINDRICAL_SURFACE('',#12131,0.00025);
#465=CYLINDRICAL_SURFACE('',#12135,0.00025);
#466=CYLINDRICAL_SURFACE('',#12140,0.00101);
#467=CYLINDRICAL_SURFACE('',#12147,0.001);
#468=CYLINDRICAL_SURFACE('',#12149,0.001);
#469=CYLINDRICAL_SURFACE('',#12158,0.00101);
#470=CYLINDRICAL_SURFACE('',#12165,0.001);
#471=CYLINDRICAL_SURFACE('',#12167,0.001);
#472=CYLINDRICAL_SURFACE('',#12176,0.00025);
#473=CYLINDRICAL_SURFACE('',#12181,0.00025);
#474=CYLINDRICAL_SURFACE('',#12185,0.00025);
#475=CYLINDRICAL_SURFACE('',#12190,0.009999999357669);
#476=CYLINDRICAL_SURFACE('',#12385,0.009999999357669);
#477=CYLINDRICAL_SURFACE('',#12386,0.009999999357669);
#478=CYLINDRICAL_SURFACE('',#12389,0.009999999357669);
#479=CYLINDRICAL_SURFACE('',#12390,0.0016);
#480=CYLINDRICAL_SURFACE('',#12391,0.0004);
#481=CYLINDRICAL_SURFACE('',#12392,0.00075);
#482=CYLINDRICAL_SURFACE('',#12393,0.00085);
#483=CYLINDRICAL_SURFACE('',#12394,0.002);
#484=CYLINDRICAL_SURFACE('',#12395,0.0005);
#485=CYLINDRICAL_SURFACE('',#12396,0.0004);
#486=CYLINDRICAL_SURFACE('',#12397,0.0005);
#487=CYLINDRICAL_SURFACE('',#12398,0.0005);
#488=CYLINDRICAL_SURFACE('',#12399,0.0005);
#489=CYLINDRICAL_SURFACE('',#12400,0.0004);
#490=CYLINDRICAL_SURFACE('',#12401,0.00075);
#491=CYLINDRICAL_SURFACE('',#12402,0.00085);
#492=CYLINDRICAL_SURFACE('',#12403,0.00075);
#493=CYLINDRICAL_SURFACE('',#12404,0.00085);
#494=CYLINDRICAL_SURFACE('',#12405,0.002);
#495=CYLINDRICAL_SURFACE('',#12406,0.0004);
#496=CYLINDRICAL_SURFACE('',#12407,0.00075);
#497=CYLINDRICAL_SURFACE('',#12408,0.00085);
#498=CYLINDRICAL_SURFACE('',#12409,0.002);
#499=CYLINDRICAL_SURFACE('',#12410,0.0004);
#500=CYLINDRICAL_SURFACE('',#12411,0.0004);
#501=CYLINDRICAL_SURFACE('',#12412,0.00075);
#502=CYLINDRICAL_SURFACE('',#12413,0.00075);
#503=CYLINDRICAL_SURFACE('',#12414,0.00085);
#504=CYLINDRICAL_SURFACE('',#12415,0.00085);
#505=CYLINDRICAL_SURFACE('',#12416,0.002);
#506=CYLINDRICAL_SURFACE('',#12417,0.0005);
#507=CYLINDRICAL_SURFACE('',#12418,0.0005);
#508=CYLINDRICAL_SURFACE('',#12419,0.0005);
#509=CYLINDRICAL_SURFACE('',#12420,0.0004);
#510=CYLINDRICAL_SURFACE('',#12421,0.0005);
#511=CYLINDRICAL_SURFACE('',#12422,0.0004);
#512=CYLINDRICAL_SURFACE('',#12423,0.00075);
#513=CYLINDRICAL_SURFACE('',#12424,0.00085);
#514=CYLINDRICAL_SURFACE('',#12425,0.00085);
#515=CYLINDRICAL_SURFACE('',#12426,0.0004);
#516=CYLINDRICAL_SURFACE('',#12427,0.0016);
#517=CYLINDRICAL_SURFACE('',#12428,0.00075);
#518=CYLINDRICAL_SURFACE('',#12429,0.00075);
#519=CYLINDRICAL_SURFACE('',#12430,0.002);
#520=CYLINDRICAL_SURFACE('',#12431,0.00085);
#521=CYLINDRICAL_SURFACE('',#12432,0.0004);
#522=CYLINDRICAL_SURFACE('',#12433,0.0004);
#523=CYLINDRICAL_SURFACE('',#12434,0.00075);
#524=CYLINDRICAL_SURFACE('',#12435,0.00085);
#525=CYLINDRICAL_SURFACE('',#12436,0.00085);
#526=CYLINDRICAL_SURFACE('',#12437,0.0004);
#527=CYLINDRICAL_SURFACE('',#12438,0.00075);
#528=CYLINDRICAL_SURFACE('',#12439,0.002);
#529=CYLINDRICAL_SURFACE('',#12440,0.00075);
#530=CYLINDRICAL_SURFACE('',#12441,0.00085);
#531=CYLINDRICAL_SURFACE('',#12442,0.0004);
#532=CYLINDRICAL_SURFACE('',#12443,0.00075);
#533=CYLINDRICAL_SURFACE('',#12444,0.00085);
#534=CYLINDRICAL_SURFACE('',#12445,0.002);
#535=CYLINDRICAL_SURFACE('',#12446,0.0004);
#536=CYLINDRICAL_SURFACE('',#12447,0.00075);
#537=CYLINDRICAL_SURFACE('',#12448,0.00085);
#538=CYLINDRICAL_SURFACE('',#12449,0.0004);
#539=CYLINDRICAL_SURFACE('',#12450,0.00085);
#540=CYLINDRICAL_SURFACE('',#12451,0.00075);
#541=CYLINDRICAL_SURFACE('',#12452,0.002);
#542=CYLINDRICAL_SURFACE('',#12453,0.0016);
#543=CYLINDRICAL_SURFACE('',#12454,0.0004445);
#544=CYLINDRICAL_SURFACE('',#12455,0.0004445);
#545=CYLINDRICAL_SURFACE('',#12456,0.0004445);
#546=CYLINDRICAL_SURFACE('',#12457,0.0004445);
#547=CYLINDRICAL_SURFACE('',#12458,0.0004445);
#548=CYLINDRICAL_SURFACE('',#12459,0.0004445);
#549=CYLINDRICAL_SURFACE('',#12460,0.0004445);
#550=CYLINDRICAL_SURFACE('',#12461,0.0004);
#551=CYLINDRICAL_SURFACE('',#12462,0.00075);
#552=CYLINDRICAL_SURFACE('',#12463,0.00085);
#553=CYLINDRICAL_SURFACE('',#12464,0.0004);
#554=CYLINDRICAL_SURFACE('',#12465,0.00085);
#555=CYLINDRICAL_SURFACE('',#12466,0.0004);
#556=CYLINDRICAL_SURFACE('',#12467,0.00075);
#557=CYLINDRICAL_SURFACE('',#12468,0.002);
#558=CYLINDRICAL_SURFACE('',#12469,0.00075);
#559=CYLINDRICAL_SURFACE('',#12470,0.00085);
#560=CYLINDRICAL_SURFACE('',#12471,0.0004445);
#561=CYLINDRICAL_SURFACE('',#12472,0.0004445);
#562=CYLINDRICAL_SURFACE('',#12473,0.0005);
#563=CYLINDRICAL_SURFACE('',#12474,0.0004445);
#564=CYLINDRICAL_SURFACE('',#12475,0.0004445);
#565=CYLINDRICAL_SURFACE('',#12476,0.0004445);
#566=CYLINDRICAL_SURFACE('',#12477,0.0004445);
#567=CYLINDRICAL_SURFACE('',#12478,0.0004445);
#568=CYLINDRICAL_SURFACE('',#12479,0.0005);
#569=CYLINDRICAL_SURFACE('',#12480,0.0016);
#570=CYLINDRICAL_SURFACE('',#12482,0.00101);
#571=CYLINDRICAL_SURFACE('',#12489,0.001);
#572=CYLINDRICAL_SURFACE('',#12491,0.001);
#573=CYLINDRICAL_SURFACE('',#12500,0.00025);
#574=CYLINDRICAL_SURFACE('',#12505,0.00025);
#575=CYLINDRICAL_SURFACE('',#12509,0.00025);
#576=CYLINDRICAL_SURFACE('',#12514,0.00101);
#577=CYLINDRICAL_SURFACE('',#12521,0.001);
#578=CYLINDRICAL_SURFACE('',#12523,0.001);
#579=CYLINDRICAL_SURFACE('',#12532,0.00025);
#580=CYLINDRICAL_SURFACE('',#12537,0.00025);
#581=CYLINDRICAL_SURFACE('',#12541,0.00025);
#582=CYLINDRICAL_SURFACE('',#12546,0.00025);
#583=CYLINDRICAL_SURFACE('',#12551,0.00025);
#584=CYLINDRICAL_SURFACE('',#12555,0.00025);
#585=CYLINDRICAL_SURFACE('',#12560,0.00101);
#586=CYLINDRICAL_SURFACE('',#12567,0.001);
#587=CYLINDRICAL_SURFACE('',#12569,0.001);
#588=CYLINDRICAL_SURFACE('',#12578,0.006);
#589=CYLINDRICAL_SURFACE('',#12590,0.00045);
#590=CYLINDRICAL_SURFACE('',#12592,0.00045);
#591=CYLINDRICAL_SURFACE('',#12594,0.001);
#592=CYLINDRICAL_SURFACE('',#12604,0.00101);
#593=CYLINDRICAL_SURFACE('',#12611,0.001);
#594=CYLINDRICAL_SURFACE('',#12613,0.001);
#595=CYLINDRICAL_SURFACE('',#12622,0.00101);
#596=CYLINDRICAL_SURFACE('',#12629,0.001);
#597=CYLINDRICAL_SURFACE('',#12631,0.001);
#598=CYLINDRICAL_SURFACE('',#12640,0.00101);
#599=CYLINDRICAL_SURFACE('',#12647,0.001);
#600=CYLINDRICAL_SURFACE('',#12649,0.001);
#601=CYLINDRICAL_SURFACE('',#12658,0.00025);
#602=CYLINDRICAL_SURFACE('',#12663,0.00025);
#603=CYLINDRICAL_SURFACE('',#12667,0.00025);
#604=CYLINDRICAL_SURFACE('',#12672,0.00101);
#605=CYLINDRICAL_SURFACE('',#12679,0.001);
#606=CYLINDRICAL_SURFACE('',#12681,0.001);
#607=CYLINDRICAL_SURFACE('',#12690,0.00025);
#608=CYLINDRICAL_SURFACE('',#12695,0.00025);
#609=CYLINDRICAL_SURFACE('',#12699,0.00025);
#610=CYLINDRICAL_SURFACE('',#12704,0.00025);
#611=CYLINDRICAL_SURFACE('',#12709,0.00025);
#612=CYLINDRICAL_SURFACE('',#12713,0.00025);
#613=CIRCLE('',#11629,0.002);
#614=CIRCLE('',#11636,0.002);
#615=CIRCLE('',#11654,0.00285);
#616=CIRCLE('',#11655,0.00285);
#617=CIRCLE('',#11657,0.00195);
#618=CIRCLE('',#11659,0.0015);
#619=CIRCLE('',#11662,0.0015);
#620=CIRCLE('',#11694,0.0065);
#621=CIRCLE('',#11695,0.0016);
#622=CIRCLE('',#11696,0.0016);
#623=CIRCLE('',#11697,0.0016);
#624=CIRCLE('',#11698,0.0016);
#625=CIRCLE('',#11700,0.0016);
#626=CIRCLE('',#11701,0.0016);
#627=CIRCLE('',#11702,0.0016);
#628=CIRCLE('',#11703,0.0065);
#629=CIRCLE('',#11704,0.0016);
#630=CIRCLE('',#11720,0.0016);
#631=CIRCLE('',#11721,0.0016);
#632=CIRCLE('',#11723,0.0016);
#633=CIRCLE('',#11724,0.0016);
#634=CIRCLE('',#11728,0.005);
#635=CIRCLE('',#11729,0.005);
#636=CIRCLE('',#11737,0.005);
#637=CIRCLE('',#11739,0.005);
#638=CIRCLE('',#11749,0.005);
#639=CIRCLE('',#11751,0.005);
#640=CIRCLE('',#11753,0.005);
#641=CIRCLE('',#11754,0.005);
#642=CIRCLE('',#11756,0.005);
#643=CIRCLE('',#11758,0.005);
#644=CIRCLE('',#11777,0.0023);
#645=CIRCLE('',#11783,0.0023);
#646=CIRCLE('',#11789,0.0023);
#647=CIRCLE('',#11795,0.0023);
#648=CIRCLE('',#11797,0.0023);
#649=CIRCLE('',#11799,0.0016);
#650=CIRCLE('',#11801,0.0023);
#651=CIRCLE('',#11803,0.0016);
#652=CIRCLE('',#11805,0.0023);
#653=CIRCLE('',#11807,0.0016);
#654=CIRCLE('',#11809,0.0023);
#655=CIRCLE('',#11811,0.0016);
#656=CIRCLE('',#11813,0.0016);
#657=CIRCLE('',#11816,0.0016);
#658=CIRCLE('',#11819,0.0016);
#659=CIRCLE('',#11822,0.0016);
#660=CIRCLE('',#11844,0.0017);
#661=CIRCLE('',#11845,0.0017);
#662=CIRCLE('',#11849,0.0023);
#663=CIRCLE('',#11850,0.0023);
#664=CIRCLE('',#11852,0.0017);
#665=CIRCLE('',#11854,0.0017);
#666=CIRCLE('',#11857,0.0023);
#667=CIRCLE('',#11860,0.0023);
#668=CIRCLE('',#11901,0.00125);
#669=CIRCLE('',#11902,0.00125);
#670=CIRCLE('',#11904,0.00125);
#671=CIRCLE('',#11905,0.00125);
#672=CIRCLE('',#11916,0.00025);
#673=CIRCLE('',#11917,0.00025);
#674=CIRCLE('',#11919,0.00025);
#675=CIRCLE('',#11921,0.00025);
#676=CIRCLE('',#11923,0.00025);
#677=CIRCLE('',#11925,0.00025);
#678=CIRCLE('',#12127,0.00025);
#679=CIRCLE('',#12128,0.00025);
#680=CIRCLE('',#12130,0.00025);
#681=CIRCLE('',#12132,0.00025);
#682=CIRCLE('',#12134,0.00025);
#683=CIRCLE('',#12136,0.00025);
#684=CIRCLE('',#12141,0.00101);
#685=CIRCLE('',#12142,0.00101);
#686=CIRCLE('',#12144,0.001);
#687=CIRCLE('',#12146,0.001);
#688=CIRCLE('',#12148,0.001);
#689=CIRCLE('',#12150,0.001);
#690=CIRCLE('',#12152,0.0006);
#691=CIRCLE('',#12154,0.0006);
#692=CIRCLE('',#12159,0.00101);
#693=CIRCLE('',#12160,0.00101);
#694=CIRCLE('',#12162,0.001);
#695=CIRCLE('',#12164,0.001);
#696=CIRCLE('',#12166,0.001);
#697=CIRCLE('',#12168,0.001);
#698=CIRCLE('',#12170,0.0006);
#699=CIRCLE('',#12172,0.0006);
#700=CIRCLE('',#12177,0.00025);
#701=CIRCLE('',#12178,0.00025);
#702=CIRCLE('',#12180,0.00025);
#703=CIRCLE('',#12182,0.00025);
#704=CIRCLE('',#12184,0.00025);
#705=CIRCLE('',#12186,0.00025);
#706=CIRCLE('',#12191,0.009999999357669);
#707=CIRCLE('',#12192,0.009999999357669);
#708=CIRCLE('',#12196,0.009999999357669);
#709=CIRCLE('',#12197,0.009999999357669);
#710=CIRCLE('',#12198,0.009999999357669);
#711=CIRCLE('',#12199,0.0016);
#712=CIRCLE('',#12200,0.0004);
#713=CIRCLE('',#12201,0.00075);
#714=CIRCLE('',#12202,0.00085);
#715=CIRCLE('',#12203,0.002);
#716=CIRCLE('',#12204,0.0005);
#717=CIRCLE('',#12205,0.0004);
#718=CIRCLE('',#12206,0.0005);
#719=CIRCLE('',#12207,0.0005);
#720=CIRCLE('',#12208,0.0005);
#721=CIRCLE('',#12209,0.0004);
#722=CIRCLE('',#12210,0.00075);
#723=CIRCLE('',#12211,0.00085);
#724=CIRCLE('',#12212,0.00075);
#725=CIRCLE('',#12213,0.00085);
#726=CIRCLE('',#12214,0.002);
#727=CIRCLE('',#12215,0.0004);
#728=CIRCLE('',#12216,0.00075);
#729=CIRCLE('',#12217,0.00085);
#730=CIRCLE('',#12218,0.002);
#731=CIRCLE('',#12219,0.0004);
#732=CIRCLE('',#12220,0.0004);
#733=CIRCLE('',#12221,0.00075);
#734=CIRCLE('',#12222,0.00075);
#735=CIRCLE('',#12223,0.00085);
#736=CIRCLE('',#12224,0.00085);
#737=CIRCLE('',#12225,0.002);
#738=CIRCLE('',#12226,0.0005);
#739=CIRCLE('',#12227,0.0005);
#740=CIRCLE('',#12228,0.0005);
#741=CIRCLE('',#12229,0.0004);
#742=CIRCLE('',#12230,0.0005);
#743=CIRCLE('',#12231,0.0004);
#744=CIRCLE('',#12232,0.00075);
#745=CIRCLE('',#12233,0.00085);
#746=CIRCLE('',#12234,0.00085);
#747=CIRCLE('',#12235,0.0004);
#748=CIRCLE('',#12236,0.0016);
#749=CIRCLE('',#12237,0.00075);
#750=CIRCLE('',#12238,0.00075);
#751=CIRCLE('',#12239,0.002);
#752=CIRCLE('',#12240,0.00085);
#753=CIRCLE('',#12241,0.0004);
#754=CIRCLE('',#12242,0.0004);
#755=CIRCLE('',#12243,0.00075);
#756=CIRCLE('',#12244,0.00085);
#757=CIRCLE('',#12245,0.00085);
#758=CIRCLE('',#12246,0.0004);
#759=CIRCLE('',#12247,0.00075);
#760=CIRCLE('',#12248,0.002);
#761=CIRCLE('',#12249,0.00075);
#762=CIRCLE('',#12250,0.00085);
#763=CIRCLE('',#12251,0.0004);
#764=CIRCLE('',#12252,0.00075);
#765=CIRCLE('',#12253,0.00085);
#766=CIRCLE('',#12254,0.002);
#767=CIRCLE('',#12255,0.0004);
#768=CIRCLE('',#12256,0.00075);
#769=CIRCLE('',#12257,0.00085);
#770=CIRCLE('',#12258,0.0004);
#771=CIRCLE('',#12259,0.00085);
#772=CIRCLE('',#12260,0.00075);
#773=CIRCLE('',#12261,0.002);
#774=CIRCLE('',#12262,0.0016);
#775=CIRCLE('',#12263,0.0004445);
#776=CIRCLE('',#12264,0.0004445);
#777=CIRCLE('',#12265,0.0004445);
#778=CIRCLE('',#12266,0.0004445);
#779=CIRCLE('',#12267,0.0004445);
#780=CIRCLE('',#12268,0.0004445);
#781=CIRCLE('',#12269,0.0004445);
#782=CIRCLE('',#12270,0.0004);
#783=CIRCLE('',#12271,0.00075);
#784=CIRCLE('',#12272,0.00085);
#785=CIRCLE('',#12273,0.0004);
#786=CIRCLE('',#12274,0.00085);
#787=CIRCLE('',#12275,0.0004);
#788=CIRCLE('',#12276,0.00075);
#789=CIRCLE('',#12277,0.002);
#790=CIRCLE('',#12278,0.00075);
#791=CIRCLE('',#12279,0.00085);
#792=CIRCLE('',#12280,0.0004445);
#793=CIRCLE('',#12281,0.0004445);
#794=CIRCLE('',#12282,0.0005);
#795=CIRCLE('',#12283,0.0004445);
#796=CIRCLE('',#12284,0.0004445);
#797=CIRCLE('',#12285,0.0004445);
#798=CIRCLE('',#12286,0.0004445);
#799=CIRCLE('',#12287,0.0004445);
#800=CIRCLE('',#12288,0.0005);
#801=CIRCLE('',#12289,0.0016);
#802=CIRCLE('',#12291,0.009999999357669);
#803=CIRCLE('',#12292,0.009999999357669);
#804=CIRCLE('',#12293,0.009999999357669);
#805=CIRCLE('',#12294,0.0016);
#806=CIRCLE('',#12295,0.0004);
#807=CIRCLE('',#12296,0.00075);
#808=CIRCLE('',#12297,0.00085);
#809=CIRCLE('',#12298,0.002);
#810=CIRCLE('',#12299,0.0005);
#811=CIRCLE('',#12300,0.0004);
#812=CIRCLE('',#12301,0.0005);
#813=CIRCLE('',#12302,0.0005);
#814=CIRCLE('',#12303,0.0005);
#815=CIRCLE('',#12304,0.0004);
#816=CIRCLE('',#12305,0.00075);
#817=CIRCLE('',#12306,0.00085);
#818=CIRCLE('',#12307,0.00075);
#819=CIRCLE('',#12308,0.00085);
#820=CIRCLE('',#12309,0.002);
#821=CIRCLE('',#12310,0.0004);
#822=CIRCLE('',#12311,0.00075);
#823=CIRCLE('',#12312,0.00085);
#824=CIRCLE('',#12313,0.002);
#825=CIRCLE('',#12314,0.0004);
#826=CIRCLE('',#12315,0.0004);
#827=CIRCLE('',#12316,0.00075);
#828=CIRCLE('',#12317,0.00075);
#829=CIRCLE('',#12318,0.00085);
#830=CIRCLE('',#12319,0.00085);
#831=CIRCLE('',#12320,0.002);
#832=CIRCLE('',#12321,0.0005);
#833=CIRCLE('',#12322,0.0005);
#834=CIRCLE('',#12323,0.0005);
#835=CIRCLE('',#12324,0.0004);
#836=CIRCLE('',#12325,0.0005);
#837=CIRCLE('',#12326,0.0004);
#838=CIRCLE('',#12327,0.00075);
#839=CIRCLE('',#12328,0.00085);
#840=CIRCLE('',#12329,0.00085);
#841=CIRCLE('',#12330,0.0004);
#842=CIRCLE('',#12331,0.0016);
#843=CIRCLE('',#12332,0.00075);
#844=CIRCLE('',#12333,0.00075);
#845=CIRCLE('',#12334,0.002);
#846=CIRCLE('',#12335,0.00085);
#847=CIRCLE('',#12336,0.0004);
#848=CIRCLE('',#12337,0.0004);
#849=CIRCLE('',#12338,0.00075);
#850=CIRCLE('',#12339,0.00085);
#851=CIRCLE('',#12340,0.00085);
#852=CIRCLE('',#12341,0.0004);
#853=CIRCLE('',#12342,0.00075);
#854=CIRCLE('',#12343,0.002);
#855=CIRCLE('',#12344,0.00075);
#856=CIRCLE('',#12345,0.00085);
#857=CIRCLE('',#12346,0.0004);
#858=CIRCLE('',#12347,0.00075);
#859=CIRCLE('',#12348,0.00085);
#860=CIRCLE('',#12349,0.002);
#861=CIRCLE('',#12350,0.0004);
#862=CIRCLE('',#12351,0.00075);
#863=CIRCLE('',#12352,0.00085);
#864=CIRCLE('',#12353,0.0004);
#865=CIRCLE('',#12354,0.00085);
#866=CIRCLE('',#12355,0.00075);
#867=CIRCLE('',#12356,0.002);
#868=CIRCLE('',#12357,0.0016);
#869=CIRCLE('',#12358,0.0004445);
#870=CIRCLE('',#12359,0.0004445);
#871=CIRCLE('',#12360,0.0004445);
#872=CIRCLE('',#12361,0.0004445);
#873=CIRCLE('',#12362,0.0004445);
#874=CIRCLE('',#12363,0.0004445);
#875=CIRCLE('',#12364,0.0004445);
#876=CIRCLE('',#12365,0.0004);
#877=CIRCLE('',#12366,0.00075);
#878=CIRCLE('',#12367,0.00085);
#879=CIRCLE('',#12368,0.0004);
#880=CIRCLE('',#12369,0.00085);
#881=CIRCLE('',#12370,0.0004);
#882=CIRCLE('',#12371,0.00075);
#883=CIRCLE('',#12372,0.002);
#884=CIRCLE('',#12373,0.00075);
#885=CIRCLE('',#12374,0.00085);
#886=CIRCLE('',#12375,0.0004445);
#887=CIRCLE('',#12376,0.0004445);
#888=CIRCLE('',#12377,0.0005);
#889=CIRCLE('',#12378,0.0004445);
#890=CIRCLE('',#12379,0.0004445);
#891=CIRCLE('',#12380,0.0004445);
#892=CIRCLE('',#12381,0.0004445);
#893=CIRCLE('',#12382,0.0004445);
#894=CIRCLE('',#12383,0.0005);
#895=CIRCLE('',#12384,0.0016);
#896=CIRCLE('',#12483,0.00101);
#897=CIRCLE('',#12484,0.00101);
#898=CIRCLE('',#12486,0.001);
#899=CIRCLE('',#12488,0.001);
#900=CIRCLE('',#12490,0.001);
#901=CIRCLE('',#12492,0.001);
#902=CIRCLE('',#12494,0.0006);
#903=CIRCLE('',#12496,0.0006);
#904=CIRCLE('',#12501,0.00025);
#905=CIRCLE('',#12502,0.00025);
#906=CIRCLE('',#12504,0.00025);
#907=CIRCLE('',#12506,0.00025);
#908=CIRCLE('',#12508,0.00025);
#909=CIRCLE('',#12510,0.00025);
#910=CIRCLE('',#12515,0.00101);
#911=CIRCLE('',#12516,0.00101);
#912=CIRCLE('',#12518,0.001);
#913=CIRCLE('',#12520,0.001);
#914=CIRCLE('',#12522,0.001);
#915=CIRCLE('',#12524,0.001);
#916=CIRCLE('',#12526,0.0006);
#917=CIRCLE('',#12528,0.0006);
#918=CIRCLE('',#12533,0.00025);
#919=CIRCLE('',#12534,0.00025);
#920=CIRCLE('',#12536,0.00025);
#921=CIRCLE('',#12538,0.00025);
#922=CIRCLE('',#12540,0.00025);
#923=CIRCLE('',#12542,0.00025);
#924=CIRCLE('',#12547,0.00025);
#925=CIRCLE('',#12548,0.00025);
#926=CIRCLE('',#12550,0.00025);
#927=CIRCLE('',#12552,0.00025);
#928=CIRCLE('',#12554,0.00025);
#929=CIRCLE('',#12556,0.00025);
#930=CIRCLE('',#12561,0.00101);
#931=CIRCLE('',#12562,0.00101);
#932=CIRCLE('',#12564,0.001);
#933=CIRCLE('',#12566,0.001);
#934=CIRCLE('',#12568,0.001);
#935=CIRCLE('',#12570,0.001);
#936=CIRCLE('',#12572,0.0006);
#937=CIRCLE('',#12574,0.0006);
#938=CIRCLE('',#12579,0.006);
#939=CIRCLE('',#12580,0.006);
#940=CIRCLE('',#12582,0.0057);
#941=CIRCLE('',#12584,0.004518518518519);
#942=CIRCLE('',#12586,0.00045);
#943=CIRCLE('',#12587,0.00045);
#944=CIRCLE('',#12589,0.001);
#945=CIRCLE('',#12591,0.00045);
#946=CIRCLE('',#12593,0.00045);
#947=CIRCLE('',#12595,0.001);
#948=CIRCLE('',#12597,0.00027);
#949=CIRCLE('',#12599,0.00027);
#950=CIRCLE('',#12605,0.00101);
#951=CIRCLE('',#12606,0.00101);
#952=CIRCLE('',#12608,0.001);
#953=CIRCLE('',#12610,0.001);
#954=CIRCLE('',#12612,0.001);
#955=CIRCLE('',#12614,0.001);
#956=CIRCLE('',#12616,0.0006);
#957=CIRCLE('',#12618,0.0006);
#958=CIRCLE('',#12623,0.00101);
#959=CIRCLE('',#12624,0.00101);
#960=CIRCLE('',#12626,0.001);
#961=CIRCLE('',#12628,0.001);
#962=CIRCLE('',#12630,0.001);
#963=CIRCLE('',#12632,0.001);
#964=CIRCLE('',#12634,0.0006);
#965=CIRCLE('',#12636,0.0006);
#966=CIRCLE('',#12641,0.00101);
#967=CIRCLE('',#12642,0.00101);
#968=CIRCLE('',#12644,0.001);
#969=CIRCLE('',#12646,0.001);
#970=CIRCLE('',#12648,0.001);
#971=CIRCLE('',#12650,0.001);
#972=CIRCLE('',#12652,0.0006);
#973=CIRCLE('',#12654,0.0006);
#974=CIRCLE('',#12659,0.00025);
#975=CIRCLE('',#12660,0.00025);
#976=CIRCLE('',#12662,0.00025);
#977=CIRCLE('',#12664,0.00025);
#978=CIRCLE('',#12666,0.00025);
#979=CIRCLE('',#12668,0.00025);
#980=CIRCLE('',#12673,0.00101);
#981=CIRCLE('',#12674,0.00101);
#982=CIRCLE('',#12676,0.001);
#983=CIRCLE('',#12678,0.001);
#984=CIRCLE('',#12680,0.001);
#985=CIRCLE('',#12682,0.001);
#986=CIRCLE('',#12684,0.0006);
#987=CIRCLE('',#12686,0.0006);
#988=CIRCLE('',#12691,0.00025);
#989=CIRCLE('',#12692,0.00025);
#990=CIRCLE('',#12694,0.00025);
#991=CIRCLE('',#12696,0.00025);
#992=CIRCLE('',#12698,0.00025);
#993=CIRCLE('',#12700,0.00025);
#994=CIRCLE('',#12705,0.00025);
#995=CIRCLE('',#12706,0.00025);
#996=CIRCLE('',#12708,0.00025);
#997=CIRCLE('',#12710,0.00025);
#998=CIRCLE('',#12712,0.00025);
#999=CIRCLE('',#12714,0.00025);
#1000=ORIENTED_EDGE('',*,*,#3522,.T.);
#1001=ORIENTED_EDGE('',*,*,#3523,.F.);
#1002=ORIENTED_EDGE('',*,*,#3524,.F.);
#1003=ORIENTED_EDGE('',*,*,#3525,.T.);
#1004=ORIENTED_EDGE('',*,*,#3526,.T.);
#1005=ORIENTED_EDGE('',*,*,#3527,.F.);
#1006=ORIENTED_EDGE('',*,*,#3525,.F.);
#1007=ORIENTED_EDGE('',*,*,#3528,.T.);
#1008=ORIENTED_EDGE('',*,*,#3522,.F.);
#1009=ORIENTED_EDGE('',*,*,#3527,.T.);
#1010=ORIENTED_EDGE('',*,*,#3529,.T.);
#1011=ORIENTED_EDGE('',*,*,#3530,.F.);
#1012=ORIENTED_EDGE('',*,*,#3531,.T.);
#1013=ORIENTED_EDGE('',*,*,#3532,.T.);
#1014=ORIENTED_EDGE('',*,*,#3533,.F.);
#1015=ORIENTED_EDGE('',*,*,#3534,.F.);
#1016=ORIENTED_EDGE('',*,*,#3535,.F.);
#1017=ORIENTED_EDGE('',*,*,#3523,.T.);
#1018=ORIENTED_EDGE('',*,*,#3530,.T.);
#1019=ORIENTED_EDGE('',*,*,#3536,.F.);
#1020=ORIENTED_EDGE('',*,*,#3535,.T.);
#1021=ORIENTED_EDGE('',*,*,#3537,.F.);
#1022=ORIENTED_EDGE('',*,*,#3528,.F.);
#1023=ORIENTED_EDGE('',*,*,#3524,.T.);
#1024=ORIENTED_EDGE('',*,*,#3538,.T.);
#1025=ORIENTED_EDGE('',*,*,#3526,.F.);
#1026=ORIENTED_EDGE('',*,*,#3537,.T.);
#1027=ORIENTED_EDGE('',*,*,#3536,.T.);
#1028=ORIENTED_EDGE('',*,*,#3529,.F.);
#1029=ORIENTED_EDGE('',*,*,#3539,.T.);
#1030=ORIENTED_EDGE('',*,*,#3540,.F.);
#1031=ORIENTED_EDGE('',*,*,#3531,.F.);
#1032=ORIENTED_EDGE('',*,*,#3541,.T.);
#1033=ORIENTED_EDGE('',*,*,#3542,.T.);
#1034=ORIENTED_EDGE('',*,*,#3543,.F.);
#1035=ORIENTED_EDGE('',*,*,#3541,.F.);
#1036=ORIENTED_EDGE('',*,*,#3534,.T.);
#1037=ORIENTED_EDGE('',*,*,#3542,.F.);
#1038=ORIENTED_EDGE('',*,*,#3533,.T.);
#1039=ORIENTED_EDGE('',*,*,#3544,.T.);
#1040=ORIENTED_EDGE('',*,*,#3545,.F.);
#1041=ORIENTED_EDGE('',*,*,#3532,.F.);
#1042=ORIENTED_EDGE('',*,*,#3540,.T.);
#1043=ORIENTED_EDGE('',*,*,#3546,.T.);
#1044=ORIENTED_EDGE('',*,*,#3544,.F.);
#1045=ORIENTED_EDGE('',*,*,#3547,.T.);
#1046=ORIENTED_EDGE('',*,*,#3538,.F.);
#1047=ORIENTED_EDGE('',*,*,#3539,.F.);
#1048=ORIENTED_EDGE('',*,*,#3543,.T.);
#1049=ORIENTED_EDGE('',*,*,#3545,.T.);
#1050=ORIENTED_EDGE('',*,*,#3546,.F.);
#1051=ORIENTED_EDGE('',*,*,#3548,.T.);
#1052=ORIENTED_EDGE('',*,*,#3549,.T.);
#1053=ORIENTED_EDGE('',*,*,#3550,.T.);
#1054=ORIENTED_EDGE('',*,*,#3551,.T.);
#1055=ORIENTED_EDGE('',*,*,#3552,.F.);
#1056=ORIENTED_EDGE('',*,*,#3553,.T.);
#1057=ORIENTED_EDGE('',*,*,#3554,.F.);
#1058=ORIENTED_EDGE('',*,*,#3555,.F.);
#1059=ORIENTED_EDGE('',*,*,#3556,.F.);
#1060=ORIENTED_EDGE('',*,*,#3557,.F.);
#1061=ORIENTED_EDGE('',*,*,#3558,.T.);
#1062=ORIENTED_EDGE('',*,*,#3559,.F.);
#1063=ORIENTED_EDGE('',*,*,#3547,.F.);
#1064=ORIENTED_EDGE('',*,*,#3560,.T.);
#1065=ORIENTED_EDGE('',*,*,#3561,.F.);
#1066=ORIENTED_EDGE('',*,*,#3548,.F.);
#1067=ORIENTED_EDGE('',*,*,#3562,.T.);
#1068=ORIENTED_EDGE('',*,*,#3563,.F.);
#1069=ORIENTED_EDGE('',*,*,#3564,.F.);
#1070=ORIENTED_EDGE('',*,*,#3562,.F.);
#1071=ORIENTED_EDGE('',*,*,#3559,.T.);
#1072=ORIENTED_EDGE('',*,*,#3563,.T.);
#1073=ORIENTED_EDGE('',*,*,#3558,.F.);
#1074=ORIENTED_EDGE('',*,*,#3565,.T.);
#1075=ORIENTED_EDGE('',*,*,#3566,.T.);
#1076=ORIENTED_EDGE('',*,*,#3567,.T.);
#1077=ORIENTED_EDGE('',*,*,#3568,.F.);
#1078=ORIENTED_EDGE('',*,*,#3565,.F.);
#1079=ORIENTED_EDGE('',*,*,#3557,.T.);
#1080=ORIENTED_EDGE('',*,*,#3569,.F.);
#1081=ORIENTED_EDGE('',*,*,#3567,.F.);
#1082=ORIENTED_EDGE('',*,*,#3556,.T.);
#1083=ORIENTED_EDGE('',*,*,#3570,.F.);
#1084=ORIENTED_EDGE('',*,*,#3571,.T.);
#1085=ORIENTED_EDGE('',*,*,#3572,.F.);
#1086=ORIENTED_EDGE('',*,*,#3570,.T.);
#1087=ORIENTED_EDGE('',*,*,#3555,.T.);
#1088=ORIENTED_EDGE('',*,*,#3571,.F.);
#1089=ORIENTED_EDGE('',*,*,#3554,.T.);
#1090=ORIENTED_EDGE('',*,*,#3573,.T.);
#1091=ORIENTED_EDGE('',*,*,#3574,.F.);
#1092=ORIENTED_EDGE('',*,*,#3553,.F.);
#1093=ORIENTED_EDGE('',*,*,#3575,.F.);
#1094=ORIENTED_EDGE('',*,*,#3576,.T.);
#1095=ORIENTED_EDGE('',*,*,#3573,.F.);
#1096=ORIENTED_EDGE('',*,*,#3577,.F.);
#1097=ORIENTED_EDGE('',*,*,#3575,.T.);
#1098=ORIENTED_EDGE('',*,*,#3552,.T.);
#1099=ORIENTED_EDGE('',*,*,#3578,.T.);
#1100=ORIENTED_EDGE('',*,*,#3551,.F.);
#1101=ORIENTED_EDGE('',*,*,#3579,.T.);
#1102=ORIENTED_EDGE('',*,*,#3580,.T.);
#1103=ORIENTED_EDGE('',*,*,#3578,.F.);
#1104=ORIENTED_EDGE('',*,*,#3579,.F.);
#1105=ORIENTED_EDGE('',*,*,#3550,.F.);
#1106=ORIENTED_EDGE('',*,*,#3581,.F.);
#1107=ORIENTED_EDGE('',*,*,#3582,.T.);
#1108=ORIENTED_EDGE('',*,*,#3549,.F.);
#1109=ORIENTED_EDGE('',*,*,#3561,.T.);
#1110=ORIENTED_EDGE('',*,*,#3583,.T.);
#1111=ORIENTED_EDGE('',*,*,#3581,.T.);
#1112=ORIENTED_EDGE('',*,*,#3583,.F.);
#1113=ORIENTED_EDGE('',*,*,#3560,.F.);
#1114=ORIENTED_EDGE('',*,*,#3564,.T.);
#1115=ORIENTED_EDGE('',*,*,#3566,.F.);
#1116=ORIENTED_EDGE('',*,*,#3568,.T.);
#1117=ORIENTED_EDGE('',*,*,#3569,.T.);
#1118=ORIENTED_EDGE('',*,*,#3572,.T.);
#1119=ORIENTED_EDGE('',*,*,#3574,.T.);
#1120=ORIENTED_EDGE('',*,*,#3576,.F.);
#1121=ORIENTED_EDGE('',*,*,#3577,.T.);
#1122=ORIENTED_EDGE('',*,*,#3580,.F.);
#1123=ORIENTED_EDGE('',*,*,#3582,.F.);
#1124=ORIENTED_EDGE('',*,*,#3584,.F.);
#1125=ORIENTED_EDGE('',*,*,#3585,.T.);
#1126=ORIENTED_EDGE('',*,*,#3586,.F.);
#1127=ORIENTED_EDGE('',*,*,#3584,.T.);
#1128=ORIENTED_EDGE('',*,*,#3585,.F.);
#1129=ORIENTED_EDGE('',*,*,#3587,.T.);
#1130=ORIENTED_EDGE('',*,*,#3586,.T.);
#1131=ORIENTED_EDGE('',*,*,#3588,.F.);
#1132=ORIENTED_EDGE('',*,*,#3589,.F.);
#1133=ORIENTED_EDGE('',*,*,#3590,.F.);
#1134=ORIENTED_EDGE('',*,*,#3591,.F.);
#1135=ORIENTED_EDGE('',*,*,#3592,.F.);
#1136=ORIENTED_EDGE('',*,*,#3593,.F.);
#1137=ORIENTED_EDGE('',*,*,#3594,.T.);
#1138=ORIENTED_EDGE('',*,*,#3587,.F.);
#1139=ORIENTED_EDGE('',*,*,#3595,.T.);
#1140=ORIENTED_EDGE('',*,*,#3588,.T.);
#1141=ORIENTED_EDGE('',*,*,#3596,.F.);
#1142=ORIENTED_EDGE('',*,*,#3597,.F.);
#1143=ORIENTED_EDGE('',*,*,#3596,.T.);
#1144=ORIENTED_EDGE('',*,*,#3593,.T.);
#1145=ORIENTED_EDGE('',*,*,#3598,.F.);
#1146=ORIENTED_EDGE('',*,*,#3599,.F.);
#1147=ORIENTED_EDGE('',*,*,#3598,.T.);
#1148=ORIENTED_EDGE('',*,*,#3592,.T.);
#1149=ORIENTED_EDGE('',*,*,#3600,.F.);
#1150=ORIENTED_EDGE('',*,*,#3601,.F.);
#1151=ORIENTED_EDGE('',*,*,#3600,.T.);
#1152=ORIENTED_EDGE('',*,*,#3591,.T.);
#1153=ORIENTED_EDGE('',*,*,#3602,.F.);
#1154=ORIENTED_EDGE('',*,*,#3603,.F.);
#1155=ORIENTED_EDGE('',*,*,#3602,.T.);
#1156=ORIENTED_EDGE('',*,*,#3590,.T.);
#1157=ORIENTED_EDGE('',*,*,#3604,.F.);
#1158=ORIENTED_EDGE('',*,*,#3605,.F.);
#1159=ORIENTED_EDGE('',*,*,#3604,.T.);
#1160=ORIENTED_EDGE('',*,*,#3589,.T.);
#1161=ORIENTED_EDGE('',*,*,#3595,.F.);
#1162=ORIENTED_EDGE('',*,*,#3606,.F.);
#1163=ORIENTED_EDGE('',*,*,#3594,.F.);
#1164=ORIENTED_EDGE('',*,*,#3597,.T.);
#1165=ORIENTED_EDGE('',*,*,#3599,.T.);
#1166=ORIENTED_EDGE('',*,*,#3601,.T.);
#1167=ORIENTED_EDGE('',*,*,#3603,.T.);
#1168=ORIENTED_EDGE('',*,*,#3605,.T.);
#1169=ORIENTED_EDGE('',*,*,#3606,.T.);
#1170=ORIENTED_EDGE('',*,*,#3607,.F.);
#1171=ORIENTED_EDGE('',*,*,#3608,.T.);
#1172=ORIENTED_EDGE('',*,*,#3609,.T.);
#1173=ORIENTED_EDGE('',*,*,#3610,.T.);
#1174=ORIENTED_EDGE('',*,*,#3611,.F.);
#1175=ORIENTED_EDGE('',*,*,#3612,.F.);
#1176=ORIENTED_EDGE('',*,*,#3613,.F.);
#1177=ORIENTED_EDGE('',*,*,#3614,.F.);
#1178=ORIENTED_EDGE('',*,*,#3607,.T.);
#1179=ORIENTED_EDGE('',*,*,#3615,.F.);
#1180=ORIENTED_EDGE('',*,*,#3616,.F.);
#1181=ORIENTED_EDGE('',*,*,#3617,.T.);
#1182=ORIENTED_EDGE('',*,*,#3611,.T.);
#1183=ORIENTED_EDGE('',*,*,#3610,.F.);
#1184=ORIENTED_EDGE('',*,*,#3618,.F.);
#1185=ORIENTED_EDGE('',*,*,#3609,.F.);
#1186=ORIENTED_EDGE('',*,*,#3619,.T.);
#1187=ORIENTED_EDGE('',*,*,#3620,.T.);
#1188=ORIENTED_EDGE('',*,*,#3621,.T.);
#1189=ORIENTED_EDGE('',*,*,#3618,.T.);
#1190=ORIENTED_EDGE('',*,*,#3608,.F.);
#1191=ORIENTED_EDGE('',*,*,#3614,.T.);
#1192=ORIENTED_EDGE('',*,*,#3622,.F.);
#1193=ORIENTED_EDGE('',*,*,#3623,.F.);
#1194=ORIENTED_EDGE('',*,*,#3624,.F.);
#1195=ORIENTED_EDGE('',*,*,#3625,.F.);
#1196=ORIENTED_EDGE('',*,*,#3626,.F.);
#1197=ORIENTED_EDGE('',*,*,#3619,.F.);
#1198=ORIENTED_EDGE('',*,*,#3627,.F.);
#1199=ORIENTED_EDGE('',*,*,#3628,.F.);
#1200=ORIENTED_EDGE('',*,*,#3616,.T.);
#1201=ORIENTED_EDGE('',*,*,#3629,.T.);
#1202=ORIENTED_EDGE('',*,*,#3617,.F.);
#1203=ORIENTED_EDGE('',*,*,#3628,.T.);
#1204=ORIENTED_EDGE('',*,*,#3630,.T.);
#1205=ORIENTED_EDGE('',*,*,#3631,.F.);
#1206=ORIENTED_EDGE('',*,*,#3632,.F.);
#1207=ORIENTED_EDGE('',*,*,#3612,.T.);
#1208=ORIENTED_EDGE('',*,*,#3633,.F.);
#1209=ORIENTED_EDGE('',*,*,#3622,.T.);
#1210=ORIENTED_EDGE('',*,*,#3613,.T.);
#1211=ORIENTED_EDGE('',*,*,#3632,.T.);
#1212=ORIENTED_EDGE('',*,*,#3621,.F.);
#1213=ORIENTED_EDGE('',*,*,#3634,.F.);
#1214=ORIENTED_EDGE('',*,*,#3635,.F.);
#1215=ORIENTED_EDGE('',*,*,#3636,.F.);
#1216=ORIENTED_EDGE('',*,*,#3629,.F.);
#1217=ORIENTED_EDGE('',*,*,#3615,.T.);
#1218=ORIENTED_EDGE('',*,*,#3620,.F.);
#1219=ORIENTED_EDGE('',*,*,#3626,.T.);
#1220=ORIENTED_EDGE('',*,*,#3637,.T.);
#1221=ORIENTED_EDGE('',*,*,#3634,.T.);
#1222=ORIENTED_EDGE('',*,*,#3638,.F.);
#1223=ORIENTED_EDGE('',*,*,#3623,.T.);
#1224=ORIENTED_EDGE('',*,*,#3633,.T.);
#1225=ORIENTED_EDGE('',*,*,#3631,.T.);
#1226=ORIENTED_EDGE('',*,*,#3639,.T.);
#1227=ORIENTED_EDGE('',*,*,#3637,.F.);
#1228=ORIENTED_EDGE('',*,*,#3625,.T.);
#1229=ORIENTED_EDGE('',*,*,#3640,.T.);
#1230=ORIENTED_EDGE('',*,*,#3641,.T.);
#1231=ORIENTED_EDGE('',*,*,#3635,.T.);
#1232=ORIENTED_EDGE('',*,*,#3640,.F.);
#1233=ORIENTED_EDGE('',*,*,#3624,.T.);
#1234=ORIENTED_EDGE('',*,*,#3638,.T.);
#1235=ORIENTED_EDGE('',*,*,#3642,.T.);
#1236=ORIENTED_EDGE('',*,*,#3641,.F.);
#1237=ORIENTED_EDGE('',*,*,#3642,.F.);
#1238=ORIENTED_EDGE('',*,*,#3639,.F.);
#1239=ORIENTED_EDGE('',*,*,#3630,.F.);
#1240=ORIENTED_EDGE('',*,*,#3627,.T.);
#1241=ORIENTED_EDGE('',*,*,#3636,.T.);
#1242=ORIENTED_EDGE('',*,*,#3643,.F.);
#1243=ORIENTED_EDGE('',*,*,#3644,.T.);
#1244=ORIENTED_EDGE('',*,*,#3645,.T.);
#1245=ORIENTED_EDGE('',*,*,#3646,.F.);
#1246=ORIENTED_EDGE('',*,*,#3647,.F.);
#1247=ORIENTED_EDGE('',*,*,#3648,.F.);
#1248=ORIENTED_EDGE('',*,*,#3649,.F.);
#1249=ORIENTED_EDGE('',*,*,#3650,.F.);
#1250=ORIENTED_EDGE('',*,*,#3651,.F.);
#1251=ORIENTED_EDGE('',*,*,#3652,.F.);
#1252=ORIENTED_EDGE('',*,*,#3653,.F.);
#1253=ORIENTED_EDGE('',*,*,#3654,.F.);
#1254=ORIENTED_EDGE('',*,*,#3655,.F.);
#1255=ORIENTED_EDGE('',*,*,#3656,.T.);
#1256=ORIENTED_EDGE('',*,*,#3657,.T.);
#1257=ORIENTED_EDGE('',*,*,#3658,.T.);
#1258=ORIENTED_EDGE('',*,*,#3659,.T.);
#1259=ORIENTED_EDGE('',*,*,#3660,.T.);
#1260=ORIENTED_EDGE('',*,*,#3661,.T.);
#1261=ORIENTED_EDGE('',*,*,#3662,.F.);
#1262=ORIENTED_EDGE('',*,*,#3663,.F.);
#1263=ORIENTED_EDGE('',*,*,#3664,.T.);
#1264=ORIENTED_EDGE('',*,*,#3665,.T.);
#1265=ORIENTED_EDGE('',*,*,#3666,.T.);
#1266=ORIENTED_EDGE('',*,*,#3667,.T.);
#1267=ORIENTED_EDGE('',*,*,#3668,.T.);
#1268=ORIENTED_EDGE('',*,*,#3669,.F.);
#1269=ORIENTED_EDGE('',*,*,#3664,.F.);
#1270=ORIENTED_EDGE('',*,*,#3670,.T.);
#1271=ORIENTED_EDGE('',*,*,#3652,.T.);
#1272=ORIENTED_EDGE('',*,*,#3671,.F.);
#1273=ORIENTED_EDGE('',*,*,#3655,.T.);
#1274=ORIENTED_EDGE('',*,*,#3672,.F.);
#1275=ORIENTED_EDGE('',*,*,#3666,.F.);
#1276=ORIENTED_EDGE('',*,*,#3660,.F.);
#1277=ORIENTED_EDGE('',*,*,#3673,.F.);
#1278=ORIENTED_EDGE('',*,*,#3643,.T.);
#1279=ORIENTED_EDGE('',*,*,#3674,.T.);
#1280=ORIENTED_EDGE('',*,*,#3663,.T.);
#1281=ORIENTED_EDGE('',*,*,#3675,.F.);
#1282=ORIENTED_EDGE('',*,*,#3644,.F.);
#1283=ORIENTED_EDGE('',*,*,#3673,.T.);
#1284=ORIENTED_EDGE('',*,*,#3662,.T.);
#1285=ORIENTED_EDGE('',*,*,#3676,.F.);
#1286=ORIENTED_EDGE('',*,*,#3645,.F.);
#1287=ORIENTED_EDGE('',*,*,#3675,.T.);
#1288=ORIENTED_EDGE('',*,*,#3661,.F.);
#1289=ORIENTED_EDGE('',*,*,#3674,.F.);
#1290=ORIENTED_EDGE('',*,*,#3646,.T.);
#1291=ORIENTED_EDGE('',*,*,#3676,.T.);
#1292=ORIENTED_EDGE('',*,*,#3654,.T.);
#1293=ORIENTED_EDGE('',*,*,#3677,.F.);
#1294=ORIENTED_EDGE('',*,*,#3667,.F.);
#1295=ORIENTED_EDGE('',*,*,#3672,.T.);
#1296=ORIENTED_EDGE('',*,*,#3653,.T.);
#1297=ORIENTED_EDGE('',*,*,#3670,.F.);
#1298=ORIENTED_EDGE('',*,*,#3668,.F.);
#1299=ORIENTED_EDGE('',*,*,#3677,.T.);
#1300=ORIENTED_EDGE('',*,*,#3659,.F.);
#1301=ORIENTED_EDGE('',*,*,#3647,.T.);
#1302=ORIENTED_EDGE('',*,*,#3669,.T.);
#1303=ORIENTED_EDGE('',*,*,#3651,.T.);
#1304=ORIENTED_EDGE('',*,*,#3671,.T.);
#1305=ORIENTED_EDGE('',*,*,#3665,.F.);
#1306=ORIENTED_EDGE('',*,*,#3648,.T.);
#1307=ORIENTED_EDGE('',*,*,#3658,.F.);
#1308=ORIENTED_EDGE('',*,*,#3649,.T.);
#1309=ORIENTED_EDGE('',*,*,#3657,.F.);
#1310=ORIENTED_EDGE('',*,*,#3650,.T.);
#1311=ORIENTED_EDGE('',*,*,#3656,.F.);
#1312=ORIENTED_EDGE('',*,*,#3678,.F.);
#1313=ORIENTED_EDGE('',*,*,#3679,.F.);
#1314=ORIENTED_EDGE('',*,*,#3680,.T.);
#1315=ORIENTED_EDGE('',*,*,#3681,.T.);
#1316=ORIENTED_EDGE('',*,*,#3682,.T.);
#1317=ORIENTED_EDGE('',*,*,#3683,.T.);
#1318=ORIENTED_EDGE('',*,*,#3684,.F.);
#1319=ORIENTED_EDGE('',*,*,#3685,.T.);
#1320=ORIENTED_EDGE('',*,*,#3686,.T.);
#1321=ORIENTED_EDGE('',*,*,#3687,.F.);
#1322=ORIENTED_EDGE('',*,*,#3688,.T.);
#1323=ORIENTED_EDGE('',*,*,#3689,.T.);
#1324=ORIENTED_EDGE('',*,*,#3690,.F.);
#1325=ORIENTED_EDGE('',*,*,#3691,.T.);
#1326=ORIENTED_EDGE('',*,*,#3692,.F.);
#1327=ORIENTED_EDGE('',*,*,#3693,.F.);
#1328=ORIENTED_EDGE('',*,*,#3694,.F.);
#1329=ORIENTED_EDGE('',*,*,#3695,.T.);
#1330=ORIENTED_EDGE('',*,*,#3696,.T.);
#1331=ORIENTED_EDGE('',*,*,#3697,.F.);
#1332=ORIENTED_EDGE('',*,*,#3698,.F.);
#1333=ORIENTED_EDGE('',*,*,#3699,.T.);
#1334=ORIENTED_EDGE('',*,*,#3700,.T.);
#1335=ORIENTED_EDGE('',*,*,#3701,.F.);
#1336=ORIENTED_EDGE('',*,*,#3702,.T.);
#1337=ORIENTED_EDGE('',*,*,#3703,.T.);
#1338=ORIENTED_EDGE('',*,*,#3704,.T.);
#1339=ORIENTED_EDGE('',*,*,#3705,.T.);
#1340=ORIENTED_EDGE('',*,*,#3706,.T.);
#1341=ORIENTED_EDGE('',*,*,#3707,.T.);
#1342=ORIENTED_EDGE('',*,*,#3708,.T.);
#1343=ORIENTED_EDGE('',*,*,#3709,.T.);
#1344=ORIENTED_EDGE('',*,*,#3710,.T.);
#1345=ORIENTED_EDGE('',*,*,#3711,.F.);
#1346=ORIENTED_EDGE('',*,*,#3712,.F.);
#1347=ORIENTED_EDGE('',*,*,#3713,.T.);
#1348=ORIENTED_EDGE('',*,*,#3714,.F.);
#1349=ORIENTED_EDGE('',*,*,#3715,.T.);
#1350=ORIENTED_EDGE('',*,*,#3716,.T.);
#1351=ORIENTED_EDGE('',*,*,#3717,.F.);
#1352=ORIENTED_EDGE('',*,*,#3718,.F.);
#1353=ORIENTED_EDGE('',*,*,#3719,.T.);
#1354=ORIENTED_EDGE('',*,*,#3706,.F.);
#1355=ORIENTED_EDGE('',*,*,#3720,.T.);
#1356=ORIENTED_EDGE('',*,*,#3721,.T.);
#1357=ORIENTED_EDGE('',*,*,#3722,.T.);
#1358=ORIENTED_EDGE('',*,*,#3723,.T.);
#1359=ORIENTED_EDGE('',*,*,#3724,.F.);
#1360=ORIENTED_EDGE('',*,*,#3711,.T.);
#1361=ORIENTED_EDGE('',*,*,#3725,.T.);
#1362=ORIENTED_EDGE('',*,*,#3726,.T.);
#1363=ORIENTED_EDGE('',*,*,#3727,.T.);
#1364=ORIENTED_EDGE('',*,*,#3682,.F.);
#1365=ORIENTED_EDGE('',*,*,#3728,.T.);
#1366=ORIENTED_EDGE('',*,*,#3729,.T.);
#1367=ORIENTED_EDGE('',*,*,#3730,.T.);
#1368=ORIENTED_EDGE('',*,*,#3721,.F.);
#1369=ORIENTED_EDGE('',*,*,#3731,.T.);
#1370=ORIENTED_EDGE('',*,*,#3732,.T.);
#1371=ORIENTED_EDGE('',*,*,#3733,.T.);
#1372=ORIENTED_EDGE('',*,*,#3734,.T.);
#1373=ORIENTED_EDGE('',*,*,#3735,.T.);
#1374=ORIENTED_EDGE('',*,*,#3718,.T.);
#1375=ORIENTED_EDGE('',*,*,#3736,.T.);
#1376=ORIENTED_EDGE('',*,*,#3737,.T.);
#1377=ORIENTED_EDGE('',*,*,#3738,.T.);
#1378=ORIENTED_EDGE('',*,*,#3739,.T.);
#1379=ORIENTED_EDGE('',*,*,#3740,.T.);
#1380=ORIENTED_EDGE('',*,*,#3741,.T.);
#1381=ORIENTED_EDGE('',*,*,#3742,.T.);
#1382=ORIENTED_EDGE('',*,*,#3743,.T.);
#1383=ORIENTED_EDGE('',*,*,#3744,.T.);
#1384=ORIENTED_EDGE('',*,*,#3745,.T.);
#1385=ORIENTED_EDGE('',*,*,#3746,.T.);
#1386=ORIENTED_EDGE('',*,*,#3747,.T.);
#1387=ORIENTED_EDGE('',*,*,#3748,.T.);
#1388=ORIENTED_EDGE('',*,*,#3749,.T.);
#1389=ORIENTED_EDGE('',*,*,#3750,.T.);
#1390=ORIENTED_EDGE('',*,*,#3751,.T.);
#1391=ORIENTED_EDGE('',*,*,#3752,.T.);
#1392=ORIENTED_EDGE('',*,*,#3753,.T.);
#1393=ORIENTED_EDGE('',*,*,#3713,.F.);
#1394=ORIENTED_EDGE('',*,*,#3754,.F.);
#1395=ORIENTED_EDGE('',*,*,#3697,.T.);
#1396=ORIENTED_EDGE('',*,*,#3724,.T.);
#1397=ORIENTED_EDGE('',*,*,#3755,.T.);
#1398=ORIENTED_EDGE('',*,*,#3694,.T.);
#1399=ORIENTED_EDGE('',*,*,#3754,.T.);
#1400=ORIENTED_EDGE('',*,*,#3712,.T.);
#1401=ORIENTED_EDGE('',*,*,#3696,.F.);
#1402=ORIENTED_EDGE('',*,*,#3756,.T.);
#1403=ORIENTED_EDGE('',*,*,#3725,.F.);
#1404=ORIENTED_EDGE('',*,*,#3710,.F.);
#1405=ORIENTED_EDGE('',*,*,#3753,.F.);
#1406=ORIENTED_EDGE('',*,*,#3757,.T.);
#1407=ORIENTED_EDGE('',*,*,#3758,.T.);
#1408=ORIENTED_EDGE('',*,*,#3759,.F.);
#1409=ORIENTED_EDGE('',*,*,#3714,.T.);
#1410=ORIENTED_EDGE('',*,*,#3759,.T.);
#1411=ORIENTED_EDGE('',*,*,#3760,.T.);
#1412=ORIENTED_EDGE('',*,*,#3761,.F.);
#1413=ORIENTED_EDGE('',*,*,#3715,.F.);
#1414=ORIENTED_EDGE('',*,*,#3761,.T.);
#1415=ORIENTED_EDGE('',*,*,#3762,.T.);
#1416=ORIENTED_EDGE('',*,*,#3763,.F.);
#1417=ORIENTED_EDGE('',*,*,#3716,.F.);
#1418=ORIENTED_EDGE('',*,*,#3763,.T.);
#1419=ORIENTED_EDGE('',*,*,#3764,.T.);
#1420=ORIENTED_EDGE('',*,*,#3757,.F.);
#1421=ORIENTED_EDGE('',*,*,#3717,.T.);
#1422=ORIENTED_EDGE('',*,*,#3685,.F.);
#1423=ORIENTED_EDGE('',*,*,#3765,.F.);
#1424=ORIENTED_EDGE('',*,*,#3698,.T.);
#1425=ORIENTED_EDGE('',*,*,#3766,.T.);
#1426=ORIENTED_EDGE('',*,*,#3684,.T.);
#1427=ORIENTED_EDGE('',*,*,#3767,.F.);
#1428=ORIENTED_EDGE('',*,*,#3699,.F.);
#1429=ORIENTED_EDGE('',*,*,#3765,.T.);
#1430=ORIENTED_EDGE('',*,*,#3687,.T.);
#1431=ORIENTED_EDGE('',*,*,#3768,.F.);
#1432=ORIENTED_EDGE('',*,*,#3700,.F.);
#1433=ORIENTED_EDGE('',*,*,#3767,.T.);
#1434=ORIENTED_EDGE('',*,*,#3686,.F.);
#1435=ORIENTED_EDGE('',*,*,#3766,.F.);
#1436=ORIENTED_EDGE('',*,*,#3701,.T.);
#1437=ORIENTED_EDGE('',*,*,#3768,.T.);
#1438=ORIENTED_EDGE('',*,*,#3720,.F.);
#1439=ORIENTED_EDGE('',*,*,#3709,.F.);
#1440=ORIENTED_EDGE('',*,*,#3769,.F.);
#1441=ORIENTED_EDGE('',*,*,#3731,.F.);
#1442=ORIENTED_EDGE('',*,*,#3719,.F.);
#1443=ORIENTED_EDGE('',*,*,#3735,.F.);
#1444=ORIENTED_EDGE('',*,*,#3770,.F.);
#1445=ORIENTED_EDGE('',*,*,#3707,.F.);
#1446=ORIENTED_EDGE('',*,*,#3771,.F.);
#1447=ORIENTED_EDGE('',*,*,#3708,.F.);
#1448=ORIENTED_EDGE('',*,*,#3772,.F.);
#1449=ORIENTED_EDGE('',*,*,#3729,.F.);
#1450=ORIENTED_EDGE('',*,*,#3769,.T.);
#1451=ORIENTED_EDGE('',*,*,#3771,.T.);
#1452=ORIENTED_EDGE('',*,*,#3773,.F.);
#1453=ORIENTED_EDGE('',*,*,#3772,.T.);
#1454=ORIENTED_EDGE('',*,*,#3770,.T.);
#1455=ORIENTED_EDGE('',*,*,#3774,.F.);
#1456=ORIENTED_EDGE('',*,*,#3773,.T.);
#1457=ORIENTED_EDGE('',*,*,#3728,.F.);
#1458=ORIENTED_EDGE('',*,*,#3775,.F.);
#1459=ORIENTED_EDGE('',*,*,#3732,.F.);
#1460=ORIENTED_EDGE('',*,*,#3774,.T.);
#1461=ORIENTED_EDGE('',*,*,#3734,.F.);
#1462=ORIENTED_EDGE('',*,*,#3776,.F.);
#1463=ORIENTED_EDGE('',*,*,#3730,.F.);
#1464=ORIENTED_EDGE('',*,*,#3775,.T.);
#1465=ORIENTED_EDGE('',*,*,#3681,.F.);
#1466=ORIENTED_EDGE('',*,*,#3777,.F.);
#1467=ORIENTED_EDGE('',*,*,#3722,.F.);
#1468=ORIENTED_EDGE('',*,*,#3733,.F.);
#1469=ORIENTED_EDGE('',*,*,#3736,.F.);
#1470=ORIENTED_EDGE('',*,*,#3727,.F.);
#1471=ORIENTED_EDGE('',*,*,#3778,.F.);
#1472=ORIENTED_EDGE('',*,*,#3683,.F.);
#1473=ORIENTED_EDGE('',*,*,#3776,.T.);
#1474=ORIENTED_EDGE('',*,*,#3777,.T.);
#1475=ORIENTED_EDGE('',*,*,#3680,.F.);
#1476=ORIENTED_EDGE('',*,*,#3778,.T.);
#1477=ORIENTED_EDGE('',*,*,#3726,.F.);
#1478=ORIENTED_EDGE('',*,*,#3756,.F.);
#1479=ORIENTED_EDGE('',*,*,#3695,.F.);
#1480=ORIENTED_EDGE('',*,*,#3755,.F.);
#1481=ORIENTED_EDGE('',*,*,#3723,.F.);
#1482=ORIENTED_EDGE('',*,*,#3779,.F.);
#1483=ORIENTED_EDGE('',*,*,#3705,.F.);
#1484=ORIENTED_EDGE('',*,*,#3780,.F.);
#1485=ORIENTED_EDGE('',*,*,#3758,.F.);
#1486=ORIENTED_EDGE('',*,*,#3780,.T.);
#1487=ORIENTED_EDGE('',*,*,#3704,.F.);
#1488=ORIENTED_EDGE('',*,*,#3781,.F.);
#1489=ORIENTED_EDGE('',*,*,#3760,.F.);
#1490=ORIENTED_EDGE('',*,*,#3779,.T.);
#1491=ORIENTED_EDGE('',*,*,#3764,.F.);
#1492=ORIENTED_EDGE('',*,*,#3782,.F.);
#1493=ORIENTED_EDGE('',*,*,#3702,.F.);
#1494=ORIENTED_EDGE('',*,*,#3781,.T.);
#1495=ORIENTED_EDGE('',*,*,#3703,.F.);
#1496=ORIENTED_EDGE('',*,*,#3782,.T.);
#1497=ORIENTED_EDGE('',*,*,#3762,.F.);
#1498=ORIENTED_EDGE('',*,*,#3750,.F.);
#1499=ORIENTED_EDGE('',*,*,#3783,.F.);
#1500=ORIENTED_EDGE('',*,*,#3784,.T.);
#1501=ORIENTED_EDGE('',*,*,#3785,.T.);
#1502=ORIENTED_EDGE('',*,*,#3751,.F.);
#1503=ORIENTED_EDGE('',*,*,#3785,.F.);
#1504=ORIENTED_EDGE('',*,*,#3786,.T.);
#1505=ORIENTED_EDGE('',*,*,#3787,.T.);
#1506=ORIENTED_EDGE('',*,*,#3752,.F.);
#1507=ORIENTED_EDGE('',*,*,#3787,.F.);
#1508=ORIENTED_EDGE('',*,*,#3788,.T.);
#1509=ORIENTED_EDGE('',*,*,#3789,.T.);
#1510=ORIENTED_EDGE('',*,*,#3749,.F.);
#1511=ORIENTED_EDGE('',*,*,#3789,.F.);
#1512=ORIENTED_EDGE('',*,*,#3790,.T.);
#1513=ORIENTED_EDGE('',*,*,#3783,.T.);
#1514=ORIENTED_EDGE('',*,*,#3791,.T.);
#1515=ORIENTED_EDGE('',*,*,#3784,.F.);
#1516=ORIENTED_EDGE('',*,*,#3790,.F.);
#1517=ORIENTED_EDGE('',*,*,#3788,.F.);
#1518=ORIENTED_EDGE('',*,*,#3786,.F.);
#1519=ORIENTED_EDGE('',*,*,#3746,.F.);
#1520=ORIENTED_EDGE('',*,*,#3792,.F.);
#1521=ORIENTED_EDGE('',*,*,#3793,.T.);
#1522=ORIENTED_EDGE('',*,*,#3794,.T.);
#1523=ORIENTED_EDGE('',*,*,#3747,.F.);
#1524=ORIENTED_EDGE('',*,*,#3794,.F.);
#1525=ORIENTED_EDGE('',*,*,#3795,.T.);
#1526=ORIENTED_EDGE('',*,*,#3796,.T.);
#1527=ORIENTED_EDGE('',*,*,#3748,.F.);
#1528=ORIENTED_EDGE('',*,*,#3796,.F.);
#1529=ORIENTED_EDGE('',*,*,#3797,.T.);
#1530=ORIENTED_EDGE('',*,*,#3798,.T.);
#1531=ORIENTED_EDGE('',*,*,#3745,.F.);
#1532=ORIENTED_EDGE('',*,*,#3798,.F.);
#1533=ORIENTED_EDGE('',*,*,#3799,.T.);
#1534=ORIENTED_EDGE('',*,*,#3792,.T.);
#1535=ORIENTED_EDGE('',*,*,#3800,.T.);
#1536=ORIENTED_EDGE('',*,*,#3793,.F.);
#1537=ORIENTED_EDGE('',*,*,#3799,.F.);
#1538=ORIENTED_EDGE('',*,*,#3797,.F.);
#1539=ORIENTED_EDGE('',*,*,#3795,.F.);
#1540=ORIENTED_EDGE('',*,*,#3742,.F.);
#1541=ORIENTED_EDGE('',*,*,#3801,.F.);
#1542=ORIENTED_EDGE('',*,*,#3802,.T.);
#1543=ORIENTED_EDGE('',*,*,#3803,.T.);
#1544=ORIENTED_EDGE('',*,*,#3743,.F.);
#1545=ORIENTED_EDGE('',*,*,#3803,.F.);
#1546=ORIENTED_EDGE('',*,*,#3804,.T.);
#1547=ORIENTED_EDGE('',*,*,#3805,.T.);
#1548=ORIENTED_EDGE('',*,*,#3744,.F.);
#1549=ORIENTED_EDGE('',*,*,#3805,.F.);
#1550=ORIENTED_EDGE('',*,*,#3806,.T.);
#1551=ORIENTED_EDGE('',*,*,#3807,.T.);
#1552=ORIENTED_EDGE('',*,*,#3741,.F.);
#1553=ORIENTED_EDGE('',*,*,#3807,.F.);
#1554=ORIENTED_EDGE('',*,*,#3808,.T.);
#1555=ORIENTED_EDGE('',*,*,#3801,.T.);
#1556=ORIENTED_EDGE('',*,*,#3809,.T.);
#1557=ORIENTED_EDGE('',*,*,#3802,.F.);
#1558=ORIENTED_EDGE('',*,*,#3808,.F.);
#1559=ORIENTED_EDGE('',*,*,#3806,.F.);
#1560=ORIENTED_EDGE('',*,*,#3804,.F.);
#1561=ORIENTED_EDGE('',*,*,#3738,.F.);
#1562=ORIENTED_EDGE('',*,*,#3810,.F.);
#1563=ORIENTED_EDGE('',*,*,#3811,.T.);
#1564=ORIENTED_EDGE('',*,*,#3812,.T.);
#1565=ORIENTED_EDGE('',*,*,#3739,.F.);
#1566=ORIENTED_EDGE('',*,*,#3812,.F.);
#1567=ORIENTED_EDGE('',*,*,#3813,.T.);
#1568=ORIENTED_EDGE('',*,*,#3814,.T.);
#1569=ORIENTED_EDGE('',*,*,#3740,.F.);
#1570=ORIENTED_EDGE('',*,*,#3814,.F.);
#1571=ORIENTED_EDGE('',*,*,#3815,.T.);
#1572=ORIENTED_EDGE('',*,*,#3816,.T.);
#1573=ORIENTED_EDGE('',*,*,#3737,.F.);
#1574=ORIENTED_EDGE('',*,*,#3816,.F.);
#1575=ORIENTED_EDGE('',*,*,#3817,.T.);
#1576=ORIENTED_EDGE('',*,*,#3810,.T.);
#1577=ORIENTED_EDGE('',*,*,#3818,.T.);
#1578=ORIENTED_EDGE('',*,*,#3811,.F.);
#1579=ORIENTED_EDGE('',*,*,#3817,.F.);
#1580=ORIENTED_EDGE('',*,*,#3815,.F.);
#1581=ORIENTED_EDGE('',*,*,#3813,.F.);
#1582=ORIENTED_EDGE('',*,*,#3819,.T.);
#1583=ORIENTED_EDGE('',*,*,#3818,.F.);
#1584=ORIENTED_EDGE('',*,*,#3820,.F.);
#1585=ORIENTED_EDGE('',*,*,#3819,.F.);
#1586=ORIENTED_EDGE('',*,*,#3821,.T.);
#1587=ORIENTED_EDGE('',*,*,#3809,.F.);
#1588=ORIENTED_EDGE('',*,*,#3822,.F.);
#1589=ORIENTED_EDGE('',*,*,#3821,.F.);
#1590=ORIENTED_EDGE('',*,*,#3823,.T.);
#1591=ORIENTED_EDGE('',*,*,#3800,.F.);
#1592=ORIENTED_EDGE('',*,*,#3824,.F.);
#1593=ORIENTED_EDGE('',*,*,#3823,.F.);
#1594=ORIENTED_EDGE('',*,*,#3825,.T.);
#1595=ORIENTED_EDGE('',*,*,#3791,.F.);
#1596=ORIENTED_EDGE('',*,*,#3826,.F.);
#1597=ORIENTED_EDGE('',*,*,#3825,.F.);
#1598=ORIENTED_EDGE('',*,*,#3827,.T.);
#1599=ORIENTED_EDGE('',*,*,#3826,.T.);
#1600=ORIENTED_EDGE('',*,*,#3827,.F.);
#1601=ORIENTED_EDGE('',*,*,#3828,.T.);
#1602=ORIENTED_EDGE('',*,*,#3824,.T.);
#1603=ORIENTED_EDGE('',*,*,#3828,.F.);
#1604=ORIENTED_EDGE('',*,*,#3829,.T.);
#1605=ORIENTED_EDGE('',*,*,#3822,.T.);
#1606=ORIENTED_EDGE('',*,*,#3829,.F.);
#1607=ORIENTED_EDGE('',*,*,#3830,.T.);
#1608=ORIENTED_EDGE('',*,*,#3820,.T.);
#1609=ORIENTED_EDGE('',*,*,#3830,.F.);
#1610=ORIENTED_EDGE('',*,*,#3831,.T.);
#1611=ORIENTED_EDGE('',*,*,#3692,.T.);
#1612=ORIENTED_EDGE('',*,*,#3832,.F.);
#1613=ORIENTED_EDGE('',*,*,#3833,.T.);
#1614=ORIENTED_EDGE('',*,*,#3834,.F.);
#1615=ORIENTED_EDGE('',*,*,#3690,.T.);
#1616=ORIENTED_EDGE('',*,*,#3835,.T.);
#1617=ORIENTED_EDGE('',*,*,#3836,.F.);
#1618=ORIENTED_EDGE('',*,*,#3691,.F.);
#1619=ORIENTED_EDGE('',*,*,#3834,.T.);
#1620=ORIENTED_EDGE('',*,*,#3837,.T.);
#1621=ORIENTED_EDGE('',*,*,#3838,.T.);
#1622=ORIENTED_EDGE('',*,*,#3839,.T.);
#1623=ORIENTED_EDGE('',*,*,#3832,.T.);
#1624=ORIENTED_EDGE('',*,*,#3835,.F.);
#1625=ORIENTED_EDGE('',*,*,#3693,.T.);
#1626=ORIENTED_EDGE('',*,*,#3831,.F.);
#1627=ORIENTED_EDGE('',*,*,#3840,.F.);
#1628=ORIENTED_EDGE('',*,*,#3841,.F.);
#1629=ORIENTED_EDGE('',*,*,#3842,.F.);
#1630=ORIENTED_EDGE('',*,*,#3842,.T.);
#1631=ORIENTED_EDGE('',*,*,#3843,.F.);
#1632=ORIENTED_EDGE('',*,*,#3837,.F.);
#1633=ORIENTED_EDGE('',*,*,#3836,.T.);
#1634=ORIENTED_EDGE('',*,*,#3841,.T.);
#1635=ORIENTED_EDGE('',*,*,#3844,.F.);
#1636=ORIENTED_EDGE('',*,*,#3838,.F.);
#1637=ORIENTED_EDGE('',*,*,#3843,.T.);
#1638=ORIENTED_EDGE('',*,*,#3840,.T.);
#1639=ORIENTED_EDGE('',*,*,#3833,.F.);
#1640=ORIENTED_EDGE('',*,*,#3839,.F.);
#1641=ORIENTED_EDGE('',*,*,#3844,.T.);
#1642=ORIENTED_EDGE('',*,*,#3679,.T.);
#1643=ORIENTED_EDGE('',*,*,#3689,.F.);
#1644=ORIENTED_EDGE('',*,*,#3678,.T.);
#1645=ORIENTED_EDGE('',*,*,#3688,.F.);
#1646=ORIENTED_EDGE('',*,*,#3845,.T.);
#1647=ORIENTED_EDGE('',*,*,#3846,.T.);
#1648=ORIENTED_EDGE('',*,*,#3847,.F.);
#1649=ORIENTED_EDGE('',*,*,#3848,.T.);
#1650=ORIENTED_EDGE('',*,*,#3849,.T.);
#1651=ORIENTED_EDGE('',*,*,#3850,.T.);
#1652=ORIENTED_EDGE('',*,*,#3851,.F.);
#1653=ORIENTED_EDGE('',*,*,#3852,.F.);
#1654=ORIENTED_EDGE('',*,*,#3851,.T.);
#1655=ORIENTED_EDGE('',*,*,#3853,.T.);
#1656=ORIENTED_EDGE('',*,*,#3854,.T.);
#1657=ORIENTED_EDGE('',*,*,#3855,.T.);
#1658=ORIENTED_EDGE('',*,*,#3847,.T.);
#1659=ORIENTED_EDGE('',*,*,#3856,.T.);
#1660=ORIENTED_EDGE('',*,*,#3857,.F.);
#1661=ORIENTED_EDGE('',*,*,#3858,.F.);
#1662=ORIENTED_EDGE('',*,*,#3857,.T.);
#1663=ORIENTED_EDGE('',*,*,#3859,.T.);
#1664=ORIENTED_EDGE('',*,*,#3860,.F.);
#1665=ORIENTED_EDGE('',*,*,#3861,.F.);
#1666=ORIENTED_EDGE('',*,*,#3862,.T.);
#1667=ORIENTED_EDGE('',*,*,#3849,.F.);
#1668=ORIENTED_EDGE('',*,*,#3863,.F.);
#1669=ORIENTED_EDGE('',*,*,#3860,.T.);
#1670=ORIENTED_EDGE('',*,*,#3864,.T.);
#1671=ORIENTED_EDGE('',*,*,#3845,.F.);
#1672=ORIENTED_EDGE('',*,*,#3865,.T.);
#1673=ORIENTED_EDGE('',*,*,#3866,.F.);
#1674=ORIENTED_EDGE('',*,*,#3867,.F.);
#1675=ORIENTED_EDGE('',*,*,#3868,.F.);
#1676=ORIENTED_EDGE('',*,*,#3852,.T.);
#1677=ORIENTED_EDGE('',*,*,#3858,.T.);
#1678=ORIENTED_EDGE('',*,*,#3861,.T.);
#1679=ORIENTED_EDGE('',*,*,#3863,.T.);
#1680=ORIENTED_EDGE('',*,*,#3869,.F.);
#1681=ORIENTED_EDGE('',*,*,#3865,.F.);
#1682=ORIENTED_EDGE('',*,*,#3848,.F.);
#1683=ORIENTED_EDGE('',*,*,#3855,.F.);
#1684=ORIENTED_EDGE('',*,*,#3866,.T.);
#1685=ORIENTED_EDGE('',*,*,#3869,.T.);
#1686=ORIENTED_EDGE('',*,*,#3854,.F.);
#1687=ORIENTED_EDGE('',*,*,#3870,.T.);
#1688=ORIENTED_EDGE('',*,*,#3871,.T.);
#1689=ORIENTED_EDGE('',*,*,#3872,.T.);
#1690=ORIENTED_EDGE('',*,*,#3853,.F.);
#1691=ORIENTED_EDGE('',*,*,#3850,.F.);
#1692=ORIENTED_EDGE('',*,*,#3862,.F.);
#1693=ORIENTED_EDGE('',*,*,#3870,.F.);
#1694=ORIENTED_EDGE('',*,*,#3868,.T.);
#1695=ORIENTED_EDGE('',*,*,#3873,.T.);
#1696=ORIENTED_EDGE('',*,*,#3867,.T.);
#1697=ORIENTED_EDGE('',*,*,#3874,.T.);
#1698=ORIENTED_EDGE('',*,*,#3846,.F.);
#1699=ORIENTED_EDGE('',*,*,#3864,.F.);
#1700=ORIENTED_EDGE('',*,*,#3859,.F.);
#1701=ORIENTED_EDGE('',*,*,#3856,.F.);
#1702=ORIENTED_EDGE('',*,*,#3872,.F.);
#1703=ORIENTED_EDGE('',*,*,#3875,.T.);
#1704=ORIENTED_EDGE('',*,*,#3873,.F.);
#1705=ORIENTED_EDGE('',*,*,#3875,.F.);
#1706=ORIENTED_EDGE('',*,*,#3871,.F.);
#1707=ORIENTED_EDGE('',*,*,#3876,.T.);
#1708=ORIENTED_EDGE('',*,*,#3874,.F.);
#1709=ORIENTED_EDGE('',*,*,#3876,.F.);
#1710=ORIENTED_EDGE('',*,*,#3877,.F.);
#1711=ORIENTED_EDGE('',*,*,#3878,.F.);
#1712=ORIENTED_EDGE('',*,*,#3879,.T.);
#1713=ORIENTED_EDGE('',*,*,#3880,.T.);
#1714=ORIENTED_EDGE('',*,*,#3881,.F.);
#1715=ORIENTED_EDGE('',*,*,#3880,.F.);
#1716=ORIENTED_EDGE('',*,*,#3882,.T.);
#1717=ORIENTED_EDGE('',*,*,#3883,.T.);
#1718=ORIENTED_EDGE('',*,*,#3884,.F.);
#1719=ORIENTED_EDGE('',*,*,#3883,.F.);
#1720=ORIENTED_EDGE('',*,*,#3885,.T.);
#1721=ORIENTED_EDGE('',*,*,#3886,.T.);
#1722=ORIENTED_EDGE('',*,*,#3887,.F.);
#1723=ORIENTED_EDGE('',*,*,#3886,.F.);
#1724=ORIENTED_EDGE('',*,*,#3888,.T.);
#1725=ORIENTED_EDGE('',*,*,#3878,.T.);
#1726=ORIENTED_EDGE('',*,*,#3877,.T.);
#1727=ORIENTED_EDGE('',*,*,#3881,.T.);
#1728=ORIENTED_EDGE('',*,*,#3884,.T.);
#1729=ORIENTED_EDGE('',*,*,#3887,.T.);
#1730=ORIENTED_EDGE('',*,*,#3889,.F.);
#1731=ORIENTED_EDGE('',*,*,#3890,.F.);
#1732=ORIENTED_EDGE('',*,*,#3891,.T.);
#1733=ORIENTED_EDGE('',*,*,#3892,.T.);
#1734=ORIENTED_EDGE('',*,*,#3893,.F.);
#1735=ORIENTED_EDGE('',*,*,#3892,.F.);
#1736=ORIENTED_EDGE('',*,*,#3894,.T.);
#1737=ORIENTED_EDGE('',*,*,#3895,.T.);
#1738=ORIENTED_EDGE('',*,*,#3896,.F.);
#1739=ORIENTED_EDGE('',*,*,#3895,.F.);
#1740=ORIENTED_EDGE('',*,*,#3897,.T.);
#1741=ORIENTED_EDGE('',*,*,#3898,.T.);
#1742=ORIENTED_EDGE('',*,*,#3899,.F.);
#1743=ORIENTED_EDGE('',*,*,#3898,.F.);
#1744=ORIENTED_EDGE('',*,*,#3900,.T.);
#1745=ORIENTED_EDGE('',*,*,#3890,.T.);
#1746=ORIENTED_EDGE('',*,*,#3889,.T.);
#1747=ORIENTED_EDGE('',*,*,#3893,.T.);
#1748=ORIENTED_EDGE('',*,*,#3896,.T.);
#1749=ORIENTED_EDGE('',*,*,#3899,.T.);
#1750=ORIENTED_EDGE('',*,*,#3901,.F.);
#1751=ORIENTED_EDGE('',*,*,#3902,.F.);
#1752=ORIENTED_EDGE('',*,*,#3903,.T.);
#1753=ORIENTED_EDGE('',*,*,#3904,.T.);
#1754=ORIENTED_EDGE('',*,*,#3905,.F.);
#1755=ORIENTED_EDGE('',*,*,#3904,.F.);
#1756=ORIENTED_EDGE('',*,*,#3906,.T.);
#1757=ORIENTED_EDGE('',*,*,#3907,.T.);
#1758=ORIENTED_EDGE('',*,*,#3908,.F.);
#1759=ORIENTED_EDGE('',*,*,#3907,.F.);
#1760=ORIENTED_EDGE('',*,*,#3909,.T.);
#1761=ORIENTED_EDGE('',*,*,#3910,.T.);
#1762=ORIENTED_EDGE('',*,*,#3911,.F.);
#1763=ORIENTED_EDGE('',*,*,#3910,.F.);
#1764=ORIENTED_EDGE('',*,*,#3912,.T.);
#1765=ORIENTED_EDGE('',*,*,#3913,.T.);
#1766=ORIENTED_EDGE('',*,*,#3914,.T.);
#1767=ORIENTED_EDGE('',*,*,#3902,.T.);
#1768=ORIENTED_EDGE('',*,*,#3915,.T.);
#1769=ORIENTED_EDGE('',*,*,#3916,.T.);
#1770=ORIENTED_EDGE('',*,*,#3917,.T.);
#1771=ORIENTED_EDGE('',*,*,#3918,.T.);
#1772=ORIENTED_EDGE('',*,*,#3914,.F.);
#1773=ORIENTED_EDGE('',*,*,#3919,.T.);
#1774=ORIENTED_EDGE('',*,*,#3920,.T.);
#1775=ORIENTED_EDGE('',*,*,#3921,.T.);
#1776=ORIENTED_EDGE('',*,*,#3912,.F.);
#1777=ORIENTED_EDGE('',*,*,#3909,.F.);
#1778=ORIENTED_EDGE('',*,*,#3906,.F.);
#1779=ORIENTED_EDGE('',*,*,#3903,.F.);
#1780=ORIENTED_EDGE('',*,*,#3882,.F.);
#1781=ORIENTED_EDGE('',*,*,#3879,.F.);
#1782=ORIENTED_EDGE('',*,*,#3888,.F.);
#1783=ORIENTED_EDGE('',*,*,#3885,.F.);
#1784=ORIENTED_EDGE('',*,*,#3894,.F.);
#1785=ORIENTED_EDGE('',*,*,#3891,.F.);
#1786=ORIENTED_EDGE('',*,*,#3900,.F.);
#1787=ORIENTED_EDGE('',*,*,#3897,.F.);
#1788=ORIENTED_EDGE('',*,*,#3901,.T.);
#1789=ORIENTED_EDGE('',*,*,#3905,.T.);
#1790=ORIENTED_EDGE('',*,*,#3908,.T.);
#1791=ORIENTED_EDGE('',*,*,#3911,.T.);
#1792=ORIENTED_EDGE('',*,*,#3913,.F.);
#1793=ORIENTED_EDGE('',*,*,#3922,.T.);
#1794=ORIENTED_EDGE('',*,*,#3923,.T.);
#1795=ORIENTED_EDGE('',*,*,#3924,.T.);
#1796=ORIENTED_EDGE('',*,*,#3924,.F.);
#1797=ORIENTED_EDGE('',*,*,#3925,.F.);
#1798=ORIENTED_EDGE('',*,*,#3926,.T.);
#1799=ORIENTED_EDGE('',*,*,#3927,.T.);
#1800=ORIENTED_EDGE('',*,*,#3919,.F.);
#1801=ORIENTED_EDGE('',*,*,#3920,.F.);
#1802=ORIENTED_EDGE('',*,*,#3927,.F.);
#1803=ORIENTED_EDGE('',*,*,#3928,.T.);
#1804=ORIENTED_EDGE('',*,*,#3929,.T.);
#1805=ORIENTED_EDGE('',*,*,#3921,.F.);
#1806=ORIENTED_EDGE('',*,*,#3929,.F.);
#1807=ORIENTED_EDGE('',*,*,#3930,.T.);
#1808=ORIENTED_EDGE('',*,*,#3931,.T.);
#1809=ORIENTED_EDGE('',*,*,#3922,.F.);
#1810=ORIENTED_EDGE('',*,*,#3923,.F.);
#1811=ORIENTED_EDGE('',*,*,#3931,.F.);
#1812=ORIENTED_EDGE('',*,*,#3932,.T.);
#1813=ORIENTED_EDGE('',*,*,#3925,.T.);
#1814=ORIENTED_EDGE('',*,*,#3926,.F.);
#1815=ORIENTED_EDGE('',*,*,#3932,.F.);
#1816=ORIENTED_EDGE('',*,*,#3930,.F.);
#1817=ORIENTED_EDGE('',*,*,#3928,.F.);
#1818=ORIENTED_EDGE('',*,*,#3916,.F.);
#1819=ORIENTED_EDGE('',*,*,#3933,.F.);
#1820=ORIENTED_EDGE('',*,*,#3934,.T.);
#1821=ORIENTED_EDGE('',*,*,#3935,.T.);
#1822=ORIENTED_EDGE('',*,*,#3917,.F.);
#1823=ORIENTED_EDGE('',*,*,#3935,.F.);
#1824=ORIENTED_EDGE('',*,*,#3936,.T.);
#1825=ORIENTED_EDGE('',*,*,#3937,.T.);
#1826=ORIENTED_EDGE('',*,*,#3918,.F.);
#1827=ORIENTED_EDGE('',*,*,#3937,.F.);
#1828=ORIENTED_EDGE('',*,*,#3938,.T.);
#1829=ORIENTED_EDGE('',*,*,#3939,.T.);
#1830=ORIENTED_EDGE('',*,*,#3915,.F.);
#1831=ORIENTED_EDGE('',*,*,#3939,.F.);
#1832=ORIENTED_EDGE('',*,*,#3940,.T.);
#1833=ORIENTED_EDGE('',*,*,#3933,.T.);
#1834=ORIENTED_EDGE('',*,*,#3934,.F.);
#1835=ORIENTED_EDGE('',*,*,#3940,.F.);
#1836=ORIENTED_EDGE('',*,*,#3938,.F.);
#1837=ORIENTED_EDGE('',*,*,#3936,.F.);
#1838=ORIENTED_EDGE('',*,*,#3941,.F.);
#1839=ORIENTED_EDGE('',*,*,#3942,.F.);
#1840=ORIENTED_EDGE('',*,*,#3943,.T.);
#1841=ORIENTED_EDGE('',*,*,#3944,.T.);
#1842=ORIENTED_EDGE('',*,*,#3945,.T.);
#1843=ORIENTED_EDGE('',*,*,#3946,.F.);
#1844=ORIENTED_EDGE('',*,*,#3947,.F.);
#1845=ORIENTED_EDGE('',*,*,#3942,.T.);
#1846=ORIENTED_EDGE('',*,*,#3948,.T.);
#1847=ORIENTED_EDGE('',*,*,#3949,.F.);
#1848=ORIENTED_EDGE('',*,*,#3950,.F.);
#1849=ORIENTED_EDGE('',*,*,#3946,.T.);
#1850=ORIENTED_EDGE('',*,*,#3951,.T.);
#1851=ORIENTED_EDGE('',*,*,#3952,.F.);
#1852=ORIENTED_EDGE('',*,*,#3953,.T.);
#1853=ORIENTED_EDGE('',*,*,#3954,.F.);
#1854=ORIENTED_EDGE('',*,*,#3955,.F.);
#1855=ORIENTED_EDGE('',*,*,#3944,.F.);
#1856=ORIENTED_EDGE('',*,*,#3956,.T.);
#1857=ORIENTED_EDGE('',*,*,#3949,.T.);
#1858=ORIENTED_EDGE('',*,*,#3957,.F.);
#1859=ORIENTED_EDGE('',*,*,#3958,.F.);
#1860=ORIENTED_EDGE('',*,*,#3959,.T.);
#1861=ORIENTED_EDGE('',*,*,#3960,.T.);
#1862=ORIENTED_EDGE('',*,*,#3953,.F.);
#1863=ORIENTED_EDGE('',*,*,#3951,.F.);
#1864=ORIENTED_EDGE('',*,*,#3943,.F.);
#1865=ORIENTED_EDGE('',*,*,#3947,.T.);
#1866=ORIENTED_EDGE('',*,*,#3950,.T.);
#1867=ORIENTED_EDGE('',*,*,#3956,.F.);
#1868=ORIENTED_EDGE('',*,*,#3954,.T.);
#1869=ORIENTED_EDGE('',*,*,#3952,.T.);
#1870=ORIENTED_EDGE('',*,*,#3941,.T.);
#1871=ORIENTED_EDGE('',*,*,#3955,.T.);
#1872=ORIENTED_EDGE('',*,*,#3948,.F.);
#1873=ORIENTED_EDGE('',*,*,#3945,.F.);
#1874=ORIENTED_EDGE('',*,*,#3961,.T.);
#1875=ORIENTED_EDGE('',*,*,#3957,.T.);
#1876=ORIENTED_EDGE('',*,*,#3962,.F.);
#1877=ORIENTED_EDGE('',*,*,#3963,.T.);
#1878=ORIENTED_EDGE('',*,*,#3960,.F.);
#1879=ORIENTED_EDGE('',*,*,#3964,.F.);
#1880=ORIENTED_EDGE('',*,*,#3965,.F.);
#1881=ORIENTED_EDGE('',*,*,#3962,.T.);
#1882=ORIENTED_EDGE('',*,*,#3959,.F.);
#1883=ORIENTED_EDGE('',*,*,#3966,.F.);
#1884=ORIENTED_EDGE('',*,*,#3967,.F.);
#1885=ORIENTED_EDGE('',*,*,#3964,.T.);
#1886=ORIENTED_EDGE('',*,*,#3966,.T.);
#1887=ORIENTED_EDGE('',*,*,#3958,.T.);
#1888=ORIENTED_EDGE('',*,*,#3961,.F.);
#1889=ORIENTED_EDGE('',*,*,#3968,.T.);
#1890=ORIENTED_EDGE('',*,*,#3963,.F.);
#1891=ORIENTED_EDGE('',*,*,#3965,.T.);
#1892=ORIENTED_EDGE('',*,*,#3967,.T.);
#1893=ORIENTED_EDGE('',*,*,#3968,.F.);
#1894=ORIENTED_EDGE('',*,*,#3969,.F.);
#1895=ORIENTED_EDGE('',*,*,#3970,.T.);
#1896=ORIENTED_EDGE('',*,*,#3971,.T.);
#1897=ORIENTED_EDGE('',*,*,#3969,.T.);
#1898=ORIENTED_EDGE('',*,*,#3972,.F.);
#1899=ORIENTED_EDGE('',*,*,#3971,.F.);
#1900=ORIENTED_EDGE('',*,*,#3973,.T.);
#1901=ORIENTED_EDGE('',*,*,#3972,.T.);
#1902=ORIENTED_EDGE('',*,*,#3974,.F.);
#1903=ORIENTED_EDGE('',*,*,#3973,.F.);
#1904=ORIENTED_EDGE('',*,*,#3970,.F.);
#1905=ORIENTED_EDGE('',*,*,#3974,.T.);
#1906=ORIENTED_EDGE('',*,*,#3975,.T.);
#1907=ORIENTED_EDGE('',*,*,#3976,.T.);
#1908=ORIENTED_EDGE('',*,*,#3977,.F.);
#1909=ORIENTED_EDGE('',*,*,#3978,.F.);
#1910=ORIENTED_EDGE('',*,*,#3979,.T.);
#1911=ORIENTED_EDGE('',*,*,#3978,.T.);
#1912=ORIENTED_EDGE('',*,*,#3980,.F.);
#1913=ORIENTED_EDGE('',*,*,#3981,.F.);
#1914=ORIENTED_EDGE('',*,*,#3982,.T.);
#1915=ORIENTED_EDGE('',*,*,#3983,.T.);
#1916=ORIENTED_EDGE('',*,*,#3984,.F.);
#1917=ORIENTED_EDGE('',*,*,#3976,.F.);
#1918=ORIENTED_EDGE('',*,*,#3979,.F.);
#1919=ORIENTED_EDGE('',*,*,#3985,.F.);
#1920=ORIENTED_EDGE('',*,*,#3986,.F.);
#1921=ORIENTED_EDGE('',*,*,#3987,.F.);
#1922=ORIENTED_EDGE('',*,*,#3988,.F.);
#1923=ORIENTED_EDGE('',*,*,#3989,.F.);
#1924=ORIENTED_EDGE('',*,*,#3990,.F.);
#1925=ORIENTED_EDGE('',*,*,#3991,.F.);
#1926=ORIENTED_EDGE('',*,*,#3992,.F.);
#1927=ORIENTED_EDGE('',*,*,#3993,.F.);
#1928=ORIENTED_EDGE('',*,*,#3994,.F.);
#1929=ORIENTED_EDGE('',*,*,#3995,.F.);
#1930=ORIENTED_EDGE('',*,*,#3996,.F.);
#1931=ORIENTED_EDGE('',*,*,#3997,.F.);
#1932=ORIENTED_EDGE('',*,*,#3998,.F.);
#1933=ORIENTED_EDGE('',*,*,#3999,.F.);
#1934=ORIENTED_EDGE('',*,*,#4000,.F.);
#1935=ORIENTED_EDGE('',*,*,#4001,.F.);
#1936=ORIENTED_EDGE('',*,*,#4002,.F.);
#1937=ORIENTED_EDGE('',*,*,#4003,.F.);
#1938=ORIENTED_EDGE('',*,*,#4004,.F.);
#1939=ORIENTED_EDGE('',*,*,#4005,.F.);
#1940=ORIENTED_EDGE('',*,*,#4006,.F.);
#1941=ORIENTED_EDGE('',*,*,#4007,.F.);
#1942=ORIENTED_EDGE('',*,*,#4008,.F.);
#1943=ORIENTED_EDGE('',*,*,#4009,.F.);
#1944=ORIENTED_EDGE('',*,*,#4010,.F.);
#1945=ORIENTED_EDGE('',*,*,#4011,.F.);
#1946=ORIENTED_EDGE('',*,*,#4012,.F.);
#1947=ORIENTED_EDGE('',*,*,#4013,.F.);
#1948=ORIENTED_EDGE('',*,*,#4014,.F.);
#1949=ORIENTED_EDGE('',*,*,#4015,.F.);
#1950=ORIENTED_EDGE('',*,*,#4016,.F.);
#1951=ORIENTED_EDGE('',*,*,#4017,.F.);
#1952=ORIENTED_EDGE('',*,*,#4018,.F.);
#1953=ORIENTED_EDGE('',*,*,#4019,.F.);
#1954=ORIENTED_EDGE('',*,*,#4020,.F.);
#1955=ORIENTED_EDGE('',*,*,#4021,.F.);
#1956=ORIENTED_EDGE('',*,*,#4022,.F.);
#1957=ORIENTED_EDGE('',*,*,#4023,.F.);
#1958=ORIENTED_EDGE('',*,*,#4024,.F.);
#1959=ORIENTED_EDGE('',*,*,#4025,.F.);
#1960=ORIENTED_EDGE('',*,*,#4026,.F.);
#1961=ORIENTED_EDGE('',*,*,#4027,.F.);
#1962=ORIENTED_EDGE('',*,*,#4028,.F.);
#1963=ORIENTED_EDGE('',*,*,#4029,.F.);
#1964=ORIENTED_EDGE('',*,*,#4030,.F.);
#1965=ORIENTED_EDGE('',*,*,#4031,.F.);
#1966=ORIENTED_EDGE('',*,*,#3982,.F.);
#1967=ORIENTED_EDGE('',*,*,#3975,.F.);
#1968=ORIENTED_EDGE('',*,*,#4032,.T.);
#1969=ORIENTED_EDGE('',*,*,#4033,.T.);
#1970=ORIENTED_EDGE('',*,*,#4034,.F.);
#1971=ORIENTED_EDGE('',*,*,#4035,.F.);
#1972=ORIENTED_EDGE('',*,*,#4036,.F.);
#1973=ORIENTED_EDGE('',*,*,#4037,.F.);
#1974=ORIENTED_EDGE('',*,*,#4038,.T.);
#1975=ORIENTED_EDGE('',*,*,#4039,.T.);
#1976=ORIENTED_EDGE('',*,*,#4040,.T.);
#1977=ORIENTED_EDGE('',*,*,#4041,.F.);
#1978=ORIENTED_EDGE('',*,*,#4042,.F.);
#1979=ORIENTED_EDGE('',*,*,#4043,.T.);
#1980=ORIENTED_EDGE('',*,*,#4044,.F.);
#1981=ORIENTED_EDGE('',*,*,#4045,.F.);
#1982=ORIENTED_EDGE('',*,*,#4046,.T.);
#1983=ORIENTED_EDGE('',*,*,#4047,.T.);
#1984=ORIENTED_EDGE('',*,*,#4048,.T.);
#1985=ORIENTED_EDGE('',*,*,#4049,.F.);
#1986=ORIENTED_EDGE('',*,*,#4050,.F.);
#1987=ORIENTED_EDGE('',*,*,#4051,.T.);
#1988=ORIENTED_EDGE('',*,*,#4052,.F.);
#1989=ORIENTED_EDGE('',*,*,#4053,.F.);
#1990=ORIENTED_EDGE('',*,*,#4054,.T.);
#1991=ORIENTED_EDGE('',*,*,#4055,.T.);
#1992=ORIENTED_EDGE('',*,*,#4056,.T.);
#1993=ORIENTED_EDGE('',*,*,#4057,.T.);
#1994=ORIENTED_EDGE('',*,*,#4058,.F.);
#1995=ORIENTED_EDGE('',*,*,#4059,.F.);
#1996=ORIENTED_EDGE('',*,*,#4060,.T.);
#1997=ORIENTED_EDGE('',*,*,#4061,.F.);
#1998=ORIENTED_EDGE('',*,*,#4062,.F.);
#1999=ORIENTED_EDGE('',*,*,#4063,.T.);
#2000=ORIENTED_EDGE('',*,*,#3977,.T.);
#2001=ORIENTED_EDGE('',*,*,#3984,.T.);
#2002=ORIENTED_EDGE('',*,*,#4064,.T.);
#2003=ORIENTED_EDGE('',*,*,#4065,.T.);
#2004=ORIENTED_EDGE('',*,*,#4066,.T.);
#2005=ORIENTED_EDGE('',*,*,#4067,.T.);
#2006=ORIENTED_EDGE('',*,*,#4068,.T.);
#2007=ORIENTED_EDGE('',*,*,#4069,.T.);
#2008=ORIENTED_EDGE('',*,*,#4070,.T.);
#2009=ORIENTED_EDGE('',*,*,#4071,.T.);
#2010=ORIENTED_EDGE('',*,*,#4072,.T.);
#2011=ORIENTED_EDGE('',*,*,#4073,.T.);
#2012=ORIENTED_EDGE('',*,*,#4074,.T.);
#2013=ORIENTED_EDGE('',*,*,#4075,.T.);
#2014=ORIENTED_EDGE('',*,*,#4076,.T.);
#2015=ORIENTED_EDGE('',*,*,#4077,.T.);
#2016=ORIENTED_EDGE('',*,*,#4078,.T.);
#2017=ORIENTED_EDGE('',*,*,#4079,.T.);
#2018=ORIENTED_EDGE('',*,*,#4080,.T.);
#2019=ORIENTED_EDGE('',*,*,#4081,.T.);
#2020=ORIENTED_EDGE('',*,*,#4082,.T.);
#2021=ORIENTED_EDGE('',*,*,#4083,.T.);
#2022=ORIENTED_EDGE('',*,*,#4084,.T.);
#2023=ORIENTED_EDGE('',*,*,#4085,.T.);
#2024=ORIENTED_EDGE('',*,*,#4086,.T.);
#2025=ORIENTED_EDGE('',*,*,#4087,.T.);
#2026=ORIENTED_EDGE('',*,*,#4088,.T.);
#2027=ORIENTED_EDGE('',*,*,#4089,.T.);
#2028=ORIENTED_EDGE('',*,*,#4090,.T.);
#2029=ORIENTED_EDGE('',*,*,#4091,.T.);
#2030=ORIENTED_EDGE('',*,*,#4092,.T.);
#2031=ORIENTED_EDGE('',*,*,#4093,.T.);
#2032=ORIENTED_EDGE('',*,*,#4094,.T.);
#2033=ORIENTED_EDGE('',*,*,#4095,.T.);
#2034=ORIENTED_EDGE('',*,*,#4096,.T.);
#2035=ORIENTED_EDGE('',*,*,#4097,.T.);
#2036=ORIENTED_EDGE('',*,*,#4098,.T.);
#2037=ORIENTED_EDGE('',*,*,#4099,.T.);
#2038=ORIENTED_EDGE('',*,*,#4100,.T.);
#2039=ORIENTED_EDGE('',*,*,#4101,.T.);
#2040=ORIENTED_EDGE('',*,*,#4102,.T.);
#2041=ORIENTED_EDGE('',*,*,#4103,.T.);
#2042=ORIENTED_EDGE('',*,*,#4104,.T.);
#2043=ORIENTED_EDGE('',*,*,#4105,.T.);
#2044=ORIENTED_EDGE('',*,*,#4106,.T.);
#2045=ORIENTED_EDGE('',*,*,#4107,.T.);
#2046=ORIENTED_EDGE('',*,*,#4108,.T.);
#2047=ORIENTED_EDGE('',*,*,#4109,.T.);
#2048=ORIENTED_EDGE('',*,*,#4110,.T.);
#2049=ORIENTED_EDGE('',*,*,#3980,.T.);
#2050=ORIENTED_EDGE('',*,*,#4111,.T.);
#2051=ORIENTED_EDGE('',*,*,#4112,.T.);
#2052=ORIENTED_EDGE('',*,*,#4113,.F.);
#2053=ORIENTED_EDGE('',*,*,#4114,.F.);
#2054=ORIENTED_EDGE('',*,*,#4115,.F.);
#2055=ORIENTED_EDGE('',*,*,#4116,.F.);
#2056=ORIENTED_EDGE('',*,*,#4117,.T.);
#2057=ORIENTED_EDGE('',*,*,#4118,.T.);
#2058=ORIENTED_EDGE('',*,*,#4119,.F.);
#2059=ORIENTED_EDGE('',*,*,#4120,.T.);
#2060=ORIENTED_EDGE('',*,*,#4121,.T.);
#2061=ORIENTED_EDGE('',*,*,#4122,.F.);
#2062=ORIENTED_EDGE('',*,*,#4123,.F.);
#2063=ORIENTED_EDGE('',*,*,#4124,.F.);
#2064=ORIENTED_EDGE('',*,*,#4125,.T.);
#2065=ORIENTED_EDGE('',*,*,#4126,.T.);
#2066=ORIENTED_EDGE('',*,*,#4127,.F.);
#2067=ORIENTED_EDGE('',*,*,#4128,.T.);
#2068=ORIENTED_EDGE('',*,*,#4129,.T.);
#2069=ORIENTED_EDGE('',*,*,#4130,.F.);
#2070=ORIENTED_EDGE('',*,*,#4131,.F.);
#2071=ORIENTED_EDGE('',*,*,#4132,.F.);
#2072=ORIENTED_EDGE('',*,*,#4133,.T.);
#2073=ORIENTED_EDGE('',*,*,#4134,.T.);
#2074=ORIENTED_EDGE('',*,*,#4135,.T.);
#2075=ORIENTED_EDGE('',*,*,#4136,.T.);
#2076=ORIENTED_EDGE('',*,*,#4137,.F.);
#2077=ORIENTED_EDGE('',*,*,#4138,.F.);
#2078=ORIENTED_EDGE('',*,*,#4139,.F.);
#2079=ORIENTED_EDGE('',*,*,#4140,.T.);
#2080=ORIENTED_EDGE('',*,*,#4141,.T.);
#2081=ORIENTED_EDGE('',*,*,#4142,.F.);
#2082=ORIENTED_EDGE('',*,*,#3985,.T.);
#2083=ORIENTED_EDGE('',*,*,#3981,.T.);
#2084=ORIENTED_EDGE('',*,*,#4110,.F.);
#2085=ORIENTED_EDGE('',*,*,#4143,.F.);
#2086=ORIENTED_EDGE('',*,*,#4031,.T.);
#2087=ORIENTED_EDGE('',*,*,#4144,.T.);
#2088=ORIENTED_EDGE('',*,*,#4064,.F.);
#2089=ORIENTED_EDGE('',*,*,#3983,.F.);
#2090=ORIENTED_EDGE('',*,*,#3986,.T.);
#2091=ORIENTED_EDGE('',*,*,#4143,.T.);
#2092=ORIENTED_EDGE('',*,*,#4109,.F.);
#2093=ORIENTED_EDGE('',*,*,#4145,.F.);
#2094=ORIENTED_EDGE('',*,*,#4030,.T.);
#2095=ORIENTED_EDGE('',*,*,#4146,.T.);
#2096=ORIENTED_EDGE('',*,*,#4065,.F.);
#2097=ORIENTED_EDGE('',*,*,#4144,.F.);
#2098=ORIENTED_EDGE('',*,*,#3987,.T.);
#2099=ORIENTED_EDGE('',*,*,#4145,.T.);
#2100=ORIENTED_EDGE('',*,*,#4108,.F.);
#2101=ORIENTED_EDGE('',*,*,#4147,.F.);
#2102=ORIENTED_EDGE('',*,*,#4029,.T.);
#2103=ORIENTED_EDGE('',*,*,#4148,.T.);
#2104=ORIENTED_EDGE('',*,*,#4066,.F.);
#2105=ORIENTED_EDGE('',*,*,#4146,.F.);
#2106=ORIENTED_EDGE('',*,*,#3988,.T.);
#2107=ORIENTED_EDGE('',*,*,#4147,.T.);
#2108=ORIENTED_EDGE('',*,*,#4107,.F.);
#2109=ORIENTED_EDGE('',*,*,#4149,.F.);
#2110=ORIENTED_EDGE('',*,*,#4028,.T.);
#2111=ORIENTED_EDGE('',*,*,#4150,.T.);
#2112=ORIENTED_EDGE('',*,*,#4067,.F.);
#2113=ORIENTED_EDGE('',*,*,#4148,.F.);
#2114=ORIENTED_EDGE('',*,*,#3989,.T.);
#2115=ORIENTED_EDGE('',*,*,#4149,.T.);
#2116=ORIENTED_EDGE('',*,*,#4106,.F.);
#2117=ORIENTED_EDGE('',*,*,#4151,.F.);
#2118=ORIENTED_EDGE('',*,*,#4027,.T.);
#2119=ORIENTED_EDGE('',*,*,#4152,.T.);
#2120=ORIENTED_EDGE('',*,*,#4068,.F.);
#2121=ORIENTED_EDGE('',*,*,#4150,.F.);
#2122=ORIENTED_EDGE('',*,*,#3990,.T.);
#2123=ORIENTED_EDGE('',*,*,#4151,.T.);
#2124=ORIENTED_EDGE('',*,*,#4105,.F.);
#2125=ORIENTED_EDGE('',*,*,#4153,.F.);
#2126=ORIENTED_EDGE('',*,*,#4026,.T.);
#2127=ORIENTED_EDGE('',*,*,#4154,.T.);
#2128=ORIENTED_EDGE('',*,*,#4069,.F.);
#2129=ORIENTED_EDGE('',*,*,#4152,.F.);
#2130=ORIENTED_EDGE('',*,*,#3991,.T.);
#2131=ORIENTED_EDGE('',*,*,#4153,.T.);
#2132=ORIENTED_EDGE('',*,*,#4104,.F.);
#2133=ORIENTED_EDGE('',*,*,#4155,.F.);
#2134=ORIENTED_EDGE('',*,*,#4025,.T.);
#2135=ORIENTED_EDGE('',*,*,#4156,.T.);
#2136=ORIENTED_EDGE('',*,*,#4070,.F.);
#2137=ORIENTED_EDGE('',*,*,#4154,.F.);
#2138=ORIENTED_EDGE('',*,*,#3992,.T.);
#2139=ORIENTED_EDGE('',*,*,#4155,.T.);
#2140=ORIENTED_EDGE('',*,*,#4103,.F.);
#2141=ORIENTED_EDGE('',*,*,#4157,.F.);
#2142=ORIENTED_EDGE('',*,*,#4024,.T.);
#2143=ORIENTED_EDGE('',*,*,#4158,.T.);
#2144=ORIENTED_EDGE('',*,*,#4071,.F.);
#2145=ORIENTED_EDGE('',*,*,#4156,.F.);
#2146=ORIENTED_EDGE('',*,*,#3993,.T.);
#2147=ORIENTED_EDGE('',*,*,#4157,.T.);
#2148=ORIENTED_EDGE('',*,*,#4102,.F.);
#2149=ORIENTED_EDGE('',*,*,#4159,.F.);
#2150=ORIENTED_EDGE('',*,*,#4023,.T.);
#2151=ORIENTED_EDGE('',*,*,#4160,.T.);
#2152=ORIENTED_EDGE('',*,*,#4072,.F.);
#2153=ORIENTED_EDGE('',*,*,#4158,.F.);
#2154=ORIENTED_EDGE('',*,*,#3994,.T.);
#2155=ORIENTED_EDGE('',*,*,#4159,.T.);
#2156=ORIENTED_EDGE('',*,*,#4101,.F.);
#2157=ORIENTED_EDGE('',*,*,#4161,.F.);
#2158=ORIENTED_EDGE('',*,*,#4022,.T.);
#2159=ORIENTED_EDGE('',*,*,#4162,.T.);
#2160=ORIENTED_EDGE('',*,*,#4073,.F.);
#2161=ORIENTED_EDGE('',*,*,#4160,.F.);
#2162=ORIENTED_EDGE('',*,*,#3995,.T.);
#2163=ORIENTED_EDGE('',*,*,#4161,.T.);
#2164=ORIENTED_EDGE('',*,*,#4100,.F.);
#2165=ORIENTED_EDGE('',*,*,#4163,.F.);
#2166=ORIENTED_EDGE('',*,*,#4021,.T.);
#2167=ORIENTED_EDGE('',*,*,#4164,.T.);
#2168=ORIENTED_EDGE('',*,*,#4074,.F.);
#2169=ORIENTED_EDGE('',*,*,#4162,.F.);
#2170=ORIENTED_EDGE('',*,*,#3996,.T.);
#2171=ORIENTED_EDGE('',*,*,#4163,.T.);
#2172=ORIENTED_EDGE('',*,*,#4099,.F.);
#2173=ORIENTED_EDGE('',*,*,#4165,.F.);
#2174=ORIENTED_EDGE('',*,*,#4020,.T.);
#2175=ORIENTED_EDGE('',*,*,#4166,.T.);
#2176=ORIENTED_EDGE('',*,*,#4075,.F.);
#2177=ORIENTED_EDGE('',*,*,#4164,.F.);
#2178=ORIENTED_EDGE('',*,*,#3997,.T.);
#2179=ORIENTED_EDGE('',*,*,#4165,.T.);
#2180=ORIENTED_EDGE('',*,*,#4098,.F.);
#2181=ORIENTED_EDGE('',*,*,#4167,.F.);
#2182=ORIENTED_EDGE('',*,*,#4019,.T.);
#2183=ORIENTED_EDGE('',*,*,#4168,.T.);
#2184=ORIENTED_EDGE('',*,*,#4076,.F.);
#2185=ORIENTED_EDGE('',*,*,#4166,.F.);
#2186=ORIENTED_EDGE('',*,*,#3998,.T.);
#2187=ORIENTED_EDGE('',*,*,#4167,.T.);
#2188=ORIENTED_EDGE('',*,*,#4097,.F.);
#2189=ORIENTED_EDGE('',*,*,#4169,.F.);
#2190=ORIENTED_EDGE('',*,*,#4018,.T.);
#2191=ORIENTED_EDGE('',*,*,#4170,.T.);
#2192=ORIENTED_EDGE('',*,*,#4077,.F.);
#2193=ORIENTED_EDGE('',*,*,#4168,.F.);
#2194=ORIENTED_EDGE('',*,*,#3999,.T.);
#2195=ORIENTED_EDGE('',*,*,#4169,.T.);
#2196=ORIENTED_EDGE('',*,*,#4096,.F.);
#2197=ORIENTED_EDGE('',*,*,#4171,.F.);
#2198=ORIENTED_EDGE('',*,*,#4017,.T.);
#2199=ORIENTED_EDGE('',*,*,#4172,.T.);
#2200=ORIENTED_EDGE('',*,*,#4078,.F.);
#2201=ORIENTED_EDGE('',*,*,#4170,.F.);
#2202=ORIENTED_EDGE('',*,*,#4000,.T.);
#2203=ORIENTED_EDGE('',*,*,#4171,.T.);
#2204=ORIENTED_EDGE('',*,*,#4095,.F.);
#2205=ORIENTED_EDGE('',*,*,#4173,.F.);
#2206=ORIENTED_EDGE('',*,*,#4016,.T.);
#2207=ORIENTED_EDGE('',*,*,#4174,.T.);
#2208=ORIENTED_EDGE('',*,*,#4079,.F.);
#2209=ORIENTED_EDGE('',*,*,#4172,.F.);
#2210=ORIENTED_EDGE('',*,*,#4001,.T.);
#2211=ORIENTED_EDGE('',*,*,#4173,.T.);
#2212=ORIENTED_EDGE('',*,*,#4094,.F.);
#2213=ORIENTED_EDGE('',*,*,#4175,.F.);
#2214=ORIENTED_EDGE('',*,*,#4015,.T.);
#2215=ORIENTED_EDGE('',*,*,#4176,.T.);
#2216=ORIENTED_EDGE('',*,*,#4080,.F.);
#2217=ORIENTED_EDGE('',*,*,#4174,.F.);
#2218=ORIENTED_EDGE('',*,*,#4002,.T.);
#2219=ORIENTED_EDGE('',*,*,#4175,.T.);
#2220=ORIENTED_EDGE('',*,*,#4093,.F.);
#2221=ORIENTED_EDGE('',*,*,#4177,.F.);
#2222=ORIENTED_EDGE('',*,*,#4014,.T.);
#2223=ORIENTED_EDGE('',*,*,#4178,.T.);
#2224=ORIENTED_EDGE('',*,*,#4081,.F.);
#2225=ORIENTED_EDGE('',*,*,#4176,.F.);
#2226=ORIENTED_EDGE('',*,*,#4003,.T.);
#2227=ORIENTED_EDGE('',*,*,#4177,.T.);
#2228=ORIENTED_EDGE('',*,*,#4092,.F.);
#2229=ORIENTED_EDGE('',*,*,#4179,.F.);
#2230=ORIENTED_EDGE('',*,*,#4013,.T.);
#2231=ORIENTED_EDGE('',*,*,#4180,.T.);
#2232=ORIENTED_EDGE('',*,*,#4082,.F.);
#2233=ORIENTED_EDGE('',*,*,#4178,.F.);
#2234=ORIENTED_EDGE('',*,*,#4004,.T.);
#2235=ORIENTED_EDGE('',*,*,#4179,.T.);
#2236=ORIENTED_EDGE('',*,*,#4091,.F.);
#2237=ORIENTED_EDGE('',*,*,#4181,.F.);
#2238=ORIENTED_EDGE('',*,*,#4012,.T.);
#2239=ORIENTED_EDGE('',*,*,#4182,.T.);
#2240=ORIENTED_EDGE('',*,*,#4083,.F.);
#2241=ORIENTED_EDGE('',*,*,#4180,.F.);
#2242=ORIENTED_EDGE('',*,*,#4005,.T.);
#2243=ORIENTED_EDGE('',*,*,#4181,.T.);
#2244=ORIENTED_EDGE('',*,*,#4090,.F.);
#2245=ORIENTED_EDGE('',*,*,#4183,.F.);
#2246=ORIENTED_EDGE('',*,*,#4011,.T.);
#2247=ORIENTED_EDGE('',*,*,#4184,.T.);
#2248=ORIENTED_EDGE('',*,*,#4084,.F.);
#2249=ORIENTED_EDGE('',*,*,#4182,.F.);
#2250=ORIENTED_EDGE('',*,*,#4006,.T.);
#2251=ORIENTED_EDGE('',*,*,#4183,.T.);
#2252=ORIENTED_EDGE('',*,*,#4089,.F.);
#2253=ORIENTED_EDGE('',*,*,#4185,.F.);
#2254=ORIENTED_EDGE('',*,*,#4010,.T.);
#2255=ORIENTED_EDGE('',*,*,#4186,.T.);
#2256=ORIENTED_EDGE('',*,*,#4085,.F.);
#2257=ORIENTED_EDGE('',*,*,#4184,.F.);
#2258=ORIENTED_EDGE('',*,*,#4007,.T.);
#2259=ORIENTED_EDGE('',*,*,#4185,.T.);
#2260=ORIENTED_EDGE('',*,*,#4088,.F.);
#2261=ORIENTED_EDGE('',*,*,#4187,.F.);
#2262=ORIENTED_EDGE('',*,*,#4009,.T.);
#2263=ORIENTED_EDGE('',*,*,#4188,.T.);
#2264=ORIENTED_EDGE('',*,*,#4086,.F.);
#2265=ORIENTED_EDGE('',*,*,#4186,.F.);
#2266=ORIENTED_EDGE('',*,*,#4008,.T.);
#2267=ORIENTED_EDGE('',*,*,#4187,.T.);
#2268=ORIENTED_EDGE('',*,*,#4087,.F.);
#2269=ORIENTED_EDGE('',*,*,#4188,.F.);
#2270=ORIENTED_EDGE('',*,*,#4035,.T.);
#2271=ORIENTED_EDGE('',*,*,#4189,.F.);
#2272=ORIENTED_EDGE('',*,*,#4190,.T.);
#2273=ORIENTED_EDGE('',*,*,#4191,.T.);
#2274=ORIENTED_EDGE('',*,*,#4191,.F.);
#2275=ORIENTED_EDGE('',*,*,#4192,.T.);
#2276=ORIENTED_EDGE('',*,*,#4193,.T.);
#2277=ORIENTED_EDGE('',*,*,#4032,.F.);
#2278=ORIENTED_EDGE('',*,*,#4193,.F.);
#2279=ORIENTED_EDGE('',*,*,#4194,.F.);
#2280=ORIENTED_EDGE('',*,*,#4195,.T.);
#2281=ORIENTED_EDGE('',*,*,#4033,.F.);
#2282=ORIENTED_EDGE('',*,*,#4034,.T.);
#2283=ORIENTED_EDGE('',*,*,#4195,.F.);
#2284=ORIENTED_EDGE('',*,*,#4196,.F.);
#2285=ORIENTED_EDGE('',*,*,#4189,.T.);
#2286=ORIENTED_EDGE('',*,*,#4197,.F.);
#2287=ORIENTED_EDGE('',*,*,#4198,.F.);
#2288=ORIENTED_EDGE('',*,*,#4199,.T.);
#2289=ORIENTED_EDGE('',*,*,#4039,.F.);
#2290=ORIENTED_EDGE('',*,*,#4036,.T.);
#2291=ORIENTED_EDGE('',*,*,#4199,.F.);
#2292=ORIENTED_EDGE('',*,*,#4200,.F.);
#2293=ORIENTED_EDGE('',*,*,#4201,.T.);
#2294=ORIENTED_EDGE('',*,*,#4037,.T.);
#2295=ORIENTED_EDGE('',*,*,#4201,.F.);
#2296=ORIENTED_EDGE('',*,*,#4202,.T.);
#2297=ORIENTED_EDGE('',*,*,#4203,.T.);
#2298=ORIENTED_EDGE('',*,*,#4203,.F.);
#2299=ORIENTED_EDGE('',*,*,#4204,.T.);
#2300=ORIENTED_EDGE('',*,*,#4197,.T.);
#2301=ORIENTED_EDGE('',*,*,#4038,.F.);
#2302=ORIENTED_EDGE('',*,*,#4205,.F.);
#2303=ORIENTED_EDGE('',*,*,#4206,.T.);
#2304=ORIENTED_EDGE('',*,*,#4207,.T.);
#2305=ORIENTED_EDGE('',*,*,#4043,.F.);
#2306=ORIENTED_EDGE('',*,*,#4207,.F.);
#2307=ORIENTED_EDGE('',*,*,#4208,.F.);
#2308=ORIENTED_EDGE('',*,*,#4209,.T.);
#2309=ORIENTED_EDGE('',*,*,#4040,.F.);
#2310=ORIENTED_EDGE('',*,*,#4041,.T.);
#2311=ORIENTED_EDGE('',*,*,#4209,.F.);
#2312=ORIENTED_EDGE('',*,*,#4210,.F.);
#2313=ORIENTED_EDGE('',*,*,#4211,.T.);
#2314=ORIENTED_EDGE('',*,*,#4042,.T.);
#2315=ORIENTED_EDGE('',*,*,#4211,.F.);
#2316=ORIENTED_EDGE('',*,*,#4212,.T.);
#2317=ORIENTED_EDGE('',*,*,#4205,.T.);
#2318=ORIENTED_EDGE('',*,*,#4213,.F.);
#2319=ORIENTED_EDGE('',*,*,#4214,.F.);
#2320=ORIENTED_EDGE('',*,*,#4215,.T.);
#2321=ORIENTED_EDGE('',*,*,#4047,.F.);
#2322=ORIENTED_EDGE('',*,*,#4044,.T.);
#2323=ORIENTED_EDGE('',*,*,#4215,.F.);
#2324=ORIENTED_EDGE('',*,*,#4216,.F.);
#2325=ORIENTED_EDGE('',*,*,#4217,.T.);
#2326=ORIENTED_EDGE('',*,*,#4045,.T.);
#2327=ORIENTED_EDGE('',*,*,#4217,.F.);
#2328=ORIENTED_EDGE('',*,*,#4218,.T.);
#2329=ORIENTED_EDGE('',*,*,#4219,.T.);
#2330=ORIENTED_EDGE('',*,*,#4219,.F.);
#2331=ORIENTED_EDGE('',*,*,#4220,.T.);
#2332=ORIENTED_EDGE('',*,*,#4213,.T.);
#2333=ORIENTED_EDGE('',*,*,#4046,.F.);
#2334=ORIENTED_EDGE('',*,*,#4221,.F.);
#2335=ORIENTED_EDGE('',*,*,#4222,.T.);
#2336=ORIENTED_EDGE('',*,*,#4223,.T.);
#2337=ORIENTED_EDGE('',*,*,#4051,.F.);
#2338=ORIENTED_EDGE('',*,*,#4223,.F.);
#2339=ORIENTED_EDGE('',*,*,#4224,.F.);
#2340=ORIENTED_EDGE('',*,*,#4225,.T.);
#2341=ORIENTED_EDGE('',*,*,#4048,.F.);
#2342=ORIENTED_EDGE('',*,*,#4049,.T.);
#2343=ORIENTED_EDGE('',*,*,#4225,.F.);
#2344=ORIENTED_EDGE('',*,*,#4226,.F.);
#2345=ORIENTED_EDGE('',*,*,#4227,.T.);
#2346=ORIENTED_EDGE('',*,*,#4050,.T.);
#2347=ORIENTED_EDGE('',*,*,#4227,.F.);
#2348=ORIENTED_EDGE('',*,*,#4228,.T.);
#2349=ORIENTED_EDGE('',*,*,#4221,.T.);
#2350=ORIENTED_EDGE('',*,*,#4229,.F.);
#2351=ORIENTED_EDGE('',*,*,#4230,.F.);
#2352=ORIENTED_EDGE('',*,*,#4231,.T.);
#2353=ORIENTED_EDGE('',*,*,#4055,.F.);
#2354=ORIENTED_EDGE('',*,*,#4052,.T.);
#2355=ORIENTED_EDGE('',*,*,#4231,.F.);
#2356=ORIENTED_EDGE('',*,*,#4232,.F.);
#2357=ORIENTED_EDGE('',*,*,#4233,.T.);
#2358=ORIENTED_EDGE('',*,*,#4053,.T.);
#2359=ORIENTED_EDGE('',*,*,#4233,.F.);
#2360=ORIENTED_EDGE('',*,*,#4234,.T.);
#2361=ORIENTED_EDGE('',*,*,#4235,.T.);
#2362=ORIENTED_EDGE('',*,*,#4235,.F.);
#2363=ORIENTED_EDGE('',*,*,#4236,.T.);
#2364=ORIENTED_EDGE('',*,*,#4229,.T.);
#2365=ORIENTED_EDGE('',*,*,#4054,.F.);
#2366=ORIENTED_EDGE('',*,*,#4059,.T.);
#2367=ORIENTED_EDGE('',*,*,#4237,.F.);
#2368=ORIENTED_EDGE('',*,*,#4238,.T.);
#2369=ORIENTED_EDGE('',*,*,#4239,.T.);
#2370=ORIENTED_EDGE('',*,*,#4239,.F.);
#2371=ORIENTED_EDGE('',*,*,#4240,.T.);
#2372=ORIENTED_EDGE('',*,*,#4241,.T.);
#2373=ORIENTED_EDGE('',*,*,#4056,.F.);
#2374=ORIENTED_EDGE('',*,*,#4241,.F.);
#2375=ORIENTED_EDGE('',*,*,#4242,.F.);
#2376=ORIENTED_EDGE('',*,*,#4243,.T.);
#2377=ORIENTED_EDGE('',*,*,#4057,.F.);
#2378=ORIENTED_EDGE('',*,*,#4058,.T.);
#2379=ORIENTED_EDGE('',*,*,#4243,.F.);
#2380=ORIENTED_EDGE('',*,*,#4244,.F.);
#2381=ORIENTED_EDGE('',*,*,#4237,.T.);
#2382=ORIENTED_EDGE('',*,*,#4245,.F.);
#2383=ORIENTED_EDGE('',*,*,#4246,.T.);
#2384=ORIENTED_EDGE('',*,*,#4247,.T.);
#2385=ORIENTED_EDGE('',*,*,#4063,.F.);
#2386=ORIENTED_EDGE('',*,*,#4247,.F.);
#2387=ORIENTED_EDGE('',*,*,#4248,.F.);
#2388=ORIENTED_EDGE('',*,*,#4249,.T.);
#2389=ORIENTED_EDGE('',*,*,#4060,.F.);
#2390=ORIENTED_EDGE('',*,*,#4061,.T.);
#2391=ORIENTED_EDGE('',*,*,#4249,.F.);
#2392=ORIENTED_EDGE('',*,*,#4250,.F.);
#2393=ORIENTED_EDGE('',*,*,#4251,.T.);
#2394=ORIENTED_EDGE('',*,*,#4062,.T.);
#2395=ORIENTED_EDGE('',*,*,#4251,.F.);
#2396=ORIENTED_EDGE('',*,*,#4252,.T.);
#2397=ORIENTED_EDGE('',*,*,#4245,.T.);
#2398=ORIENTED_EDGE('',*,*,#4253,.F.);
#2399=ORIENTED_EDGE('',*,*,#4254,.F.);
#2400=ORIENTED_EDGE('',*,*,#4111,.F.);
#2401=ORIENTED_EDGE('',*,*,#4255,.T.);
#2402=ORIENTED_EDGE('',*,*,#4255,.F.);
#2403=ORIENTED_EDGE('',*,*,#4114,.T.);
#2404=ORIENTED_EDGE('',*,*,#4256,.T.);
#2405=ORIENTED_EDGE('',*,*,#4257,.F.);
#2406=ORIENTED_EDGE('',*,*,#4256,.F.);
#2407=ORIENTED_EDGE('',*,*,#4113,.T.);
#2408=ORIENTED_EDGE('',*,*,#4258,.T.);
#2409=ORIENTED_EDGE('',*,*,#4259,.T.);
#2410=ORIENTED_EDGE('',*,*,#4260,.T.);
#2411=ORIENTED_EDGE('',*,*,#4258,.F.);
#2412=ORIENTED_EDGE('',*,*,#4112,.F.);
#2413=ORIENTED_EDGE('',*,*,#4254,.T.);
#2414=ORIENTED_EDGE('',*,*,#4261,.F.);
#2415=ORIENTED_EDGE('',*,*,#4115,.T.);
#2416=ORIENTED_EDGE('',*,*,#4262,.T.);
#2417=ORIENTED_EDGE('',*,*,#4263,.T.);
#2418=ORIENTED_EDGE('',*,*,#4264,.T.);
#2419=ORIENTED_EDGE('',*,*,#4262,.F.);
#2420=ORIENTED_EDGE('',*,*,#4118,.F.);
#2421=ORIENTED_EDGE('',*,*,#4265,.T.);
#2422=ORIENTED_EDGE('',*,*,#4266,.F.);
#2423=ORIENTED_EDGE('',*,*,#4265,.F.);
#2424=ORIENTED_EDGE('',*,*,#4117,.F.);
#2425=ORIENTED_EDGE('',*,*,#4267,.T.);
#2426=ORIENTED_EDGE('',*,*,#4267,.F.);
#2427=ORIENTED_EDGE('',*,*,#4116,.T.);
#2428=ORIENTED_EDGE('',*,*,#4261,.T.);
#2429=ORIENTED_EDGE('',*,*,#4268,.F.);
#2430=ORIENTED_EDGE('',*,*,#4269,.F.);
#2431=ORIENTED_EDGE('',*,*,#4119,.T.);
#2432=ORIENTED_EDGE('',*,*,#4270,.T.);
#2433=ORIENTED_EDGE('',*,*,#4271,.F.);
#2434=ORIENTED_EDGE('',*,*,#4270,.F.);
#2435=ORIENTED_EDGE('',*,*,#4122,.T.);
#2436=ORIENTED_EDGE('',*,*,#4272,.T.);
#2437=ORIENTED_EDGE('',*,*,#4273,.T.);
#2438=ORIENTED_EDGE('',*,*,#4274,.T.);
#2439=ORIENTED_EDGE('',*,*,#4272,.F.);
#2440=ORIENTED_EDGE('',*,*,#4121,.F.);
#2441=ORIENTED_EDGE('',*,*,#4275,.T.);
#2442=ORIENTED_EDGE('',*,*,#4276,.F.);
#2443=ORIENTED_EDGE('',*,*,#4275,.F.);
#2444=ORIENTED_EDGE('',*,*,#4120,.F.);
#2445=ORIENTED_EDGE('',*,*,#4269,.T.);
#2446=ORIENTED_EDGE('',*,*,#4277,.F.);
#2447=ORIENTED_EDGE('',*,*,#4123,.T.);
#2448=ORIENTED_EDGE('',*,*,#4278,.T.);
#2449=ORIENTED_EDGE('',*,*,#4279,.T.);
#2450=ORIENTED_EDGE('',*,*,#4280,.T.);
#2451=ORIENTED_EDGE('',*,*,#4278,.F.);
#2452=ORIENTED_EDGE('',*,*,#4126,.F.);
#2453=ORIENTED_EDGE('',*,*,#4281,.T.);
#2454=ORIENTED_EDGE('',*,*,#4282,.F.);
#2455=ORIENTED_EDGE('',*,*,#4281,.F.);
#2456=ORIENTED_EDGE('',*,*,#4125,.F.);
#2457=ORIENTED_EDGE('',*,*,#4283,.T.);
#2458=ORIENTED_EDGE('',*,*,#4283,.F.);
#2459=ORIENTED_EDGE('',*,*,#4124,.T.);
#2460=ORIENTED_EDGE('',*,*,#4277,.T.);
#2461=ORIENTED_EDGE('',*,*,#4284,.F.);
#2462=ORIENTED_EDGE('',*,*,#4285,.F.);
#2463=ORIENTED_EDGE('',*,*,#4127,.T.);
#2464=ORIENTED_EDGE('',*,*,#4286,.T.);
#2465=ORIENTED_EDGE('',*,*,#4287,.F.);
#2466=ORIENTED_EDGE('',*,*,#4286,.F.);
#2467=ORIENTED_EDGE('',*,*,#4130,.T.);
#2468=ORIENTED_EDGE('',*,*,#4288,.T.);
#2469=ORIENTED_EDGE('',*,*,#4289,.T.);
#2470=ORIENTED_EDGE('',*,*,#4290,.T.);
#2471=ORIENTED_EDGE('',*,*,#4288,.F.);
#2472=ORIENTED_EDGE('',*,*,#4129,.F.);
#2473=ORIENTED_EDGE('',*,*,#4291,.T.);
#2474=ORIENTED_EDGE('',*,*,#4292,.F.);
#2475=ORIENTED_EDGE('',*,*,#4291,.F.);
#2476=ORIENTED_EDGE('',*,*,#4128,.F.);
#2477=ORIENTED_EDGE('',*,*,#4285,.T.);
#2478=ORIENTED_EDGE('',*,*,#4293,.F.);
#2479=ORIENTED_EDGE('',*,*,#4131,.T.);
#2480=ORIENTED_EDGE('',*,*,#4294,.T.);
#2481=ORIENTED_EDGE('',*,*,#4295,.T.);
#2482=ORIENTED_EDGE('',*,*,#4296,.T.);
#2483=ORIENTED_EDGE('',*,*,#4294,.F.);
#2484=ORIENTED_EDGE('',*,*,#4134,.F.);
#2485=ORIENTED_EDGE('',*,*,#4297,.T.);
#2486=ORIENTED_EDGE('',*,*,#4298,.F.);
#2487=ORIENTED_EDGE('',*,*,#4297,.F.);
#2488=ORIENTED_EDGE('',*,*,#4133,.F.);
#2489=ORIENTED_EDGE('',*,*,#4299,.T.);
#2490=ORIENTED_EDGE('',*,*,#4299,.F.);
#2491=ORIENTED_EDGE('',*,*,#4132,.T.);
#2492=ORIENTED_EDGE('',*,*,#4293,.T.);
#2493=ORIENTED_EDGE('',*,*,#4300,.F.);
#2494=ORIENTED_EDGE('',*,*,#4301,.F.);
#2495=ORIENTED_EDGE('',*,*,#4302,.F.);
#2496=ORIENTED_EDGE('',*,*,#4135,.F.);
#2497=ORIENTED_EDGE('',*,*,#4303,.T.);
#2498=ORIENTED_EDGE('',*,*,#4303,.F.);
#2499=ORIENTED_EDGE('',*,*,#4138,.T.);
#2500=ORIENTED_EDGE('',*,*,#4304,.T.);
#2501=ORIENTED_EDGE('',*,*,#4305,.F.);
#2502=ORIENTED_EDGE('',*,*,#4304,.F.);
#2503=ORIENTED_EDGE('',*,*,#4137,.T.);
#2504=ORIENTED_EDGE('',*,*,#4306,.T.);
#2505=ORIENTED_EDGE('',*,*,#4307,.T.);
#2506=ORIENTED_EDGE('',*,*,#4308,.T.);
#2507=ORIENTED_EDGE('',*,*,#4306,.F.);
#2508=ORIENTED_EDGE('',*,*,#4136,.F.);
#2509=ORIENTED_EDGE('',*,*,#4302,.T.);
#2510=ORIENTED_EDGE('',*,*,#4309,.F.);
#2511=ORIENTED_EDGE('',*,*,#4139,.T.);
#2512=ORIENTED_EDGE('',*,*,#4310,.T.);
#2513=ORIENTED_EDGE('',*,*,#4311,.F.);
#2514=ORIENTED_EDGE('',*,*,#4310,.F.);
#2515=ORIENTED_EDGE('',*,*,#4142,.T.);
#2516=ORIENTED_EDGE('',*,*,#4312,.T.);
#2517=ORIENTED_EDGE('',*,*,#4313,.T.);
#2518=ORIENTED_EDGE('',*,*,#4314,.T.);
#2519=ORIENTED_EDGE('',*,*,#4312,.F.);
#2520=ORIENTED_EDGE('',*,*,#4141,.F.);
#2521=ORIENTED_EDGE('',*,*,#4315,.T.);
#2522=ORIENTED_EDGE('',*,*,#4316,.F.);
#2523=ORIENTED_EDGE('',*,*,#4315,.F.);
#2524=ORIENTED_EDGE('',*,*,#4140,.F.);
#2525=ORIENTED_EDGE('',*,*,#4309,.T.);
#2526=ORIENTED_EDGE('',*,*,#4317,.T.);
#2527=ORIENTED_EDGE('',*,*,#4318,.F.);
#2528=ORIENTED_EDGE('',*,*,#4190,.F.);
#2529=ORIENTED_EDGE('',*,*,#4319,.T.);
#2530=ORIENTED_EDGE('',*,*,#4320,.T.);
#2531=ORIENTED_EDGE('',*,*,#4321,.F.);
#2532=ORIENTED_EDGE('',*,*,#4192,.F.);
#2533=ORIENTED_EDGE('',*,*,#4318,.T.);
#2534=ORIENTED_EDGE('',*,*,#4322,.F.);
#2535=ORIENTED_EDGE('',*,*,#4194,.T.);
#2536=ORIENTED_EDGE('',*,*,#4321,.T.);
#2537=ORIENTED_EDGE('',*,*,#4323,.F.);
#2538=ORIENTED_EDGE('',*,*,#4319,.F.);
#2539=ORIENTED_EDGE('',*,*,#4196,.T.);
#2540=ORIENTED_EDGE('',*,*,#4322,.T.);
#2541=ORIENTED_EDGE('',*,*,#4324,.F.);
#2542=ORIENTED_EDGE('',*,*,#4325,.F.);
#2543=ORIENTED_EDGE('',*,*,#4198,.T.);
#2544=ORIENTED_EDGE('',*,*,#4326,.T.);
#2545=ORIENTED_EDGE('',*,*,#4327,.F.);
#2546=ORIENTED_EDGE('',*,*,#4328,.F.);
#2547=ORIENTED_EDGE('',*,*,#4200,.T.);
#2548=ORIENTED_EDGE('',*,*,#4325,.T.);
#2549=ORIENTED_EDGE('',*,*,#4329,.F.);
#2550=ORIENTED_EDGE('',*,*,#4330,.T.);
#2551=ORIENTED_EDGE('',*,*,#4331,.F.);
#2552=ORIENTED_EDGE('',*,*,#4202,.F.);
#2553=ORIENTED_EDGE('',*,*,#4328,.T.);
#2554=ORIENTED_EDGE('',*,*,#4332,.T.);
#2555=ORIENTED_EDGE('',*,*,#4326,.F.);
#2556=ORIENTED_EDGE('',*,*,#4204,.F.);
#2557=ORIENTED_EDGE('',*,*,#4331,.T.);
#2558=ORIENTED_EDGE('',*,*,#4333,.T.);
#2559=ORIENTED_EDGE('',*,*,#4334,.F.);
#2560=ORIENTED_EDGE('',*,*,#4206,.F.);
#2561=ORIENTED_EDGE('',*,*,#4335,.T.);
#2562=ORIENTED_EDGE('',*,*,#4336,.F.);
#2563=ORIENTED_EDGE('',*,*,#4208,.T.);
#2564=ORIENTED_EDGE('',*,*,#4334,.T.);
#2565=ORIENTED_EDGE('',*,*,#4337,.F.);
#2566=ORIENTED_EDGE('',*,*,#4338,.F.);
#2567=ORIENTED_EDGE('',*,*,#4210,.T.);
#2568=ORIENTED_EDGE('',*,*,#4336,.T.);
#2569=ORIENTED_EDGE('',*,*,#4339,.F.);
#2570=ORIENTED_EDGE('',*,*,#4340,.T.);
#2571=ORIENTED_EDGE('',*,*,#4335,.F.);
#2572=ORIENTED_EDGE('',*,*,#4212,.F.);
#2573=ORIENTED_EDGE('',*,*,#4338,.T.);
#2574=ORIENTED_EDGE('',*,*,#4341,.F.);
#2575=ORIENTED_EDGE('',*,*,#4214,.T.);
#2576=ORIENTED_EDGE('',*,*,#4342,.T.);
#2577=ORIENTED_EDGE('',*,*,#4343,.F.);
#2578=ORIENTED_EDGE('',*,*,#4344,.F.);
#2579=ORIENTED_EDGE('',*,*,#4216,.T.);
#2580=ORIENTED_EDGE('',*,*,#4341,.T.);
#2581=ORIENTED_EDGE('',*,*,#4345,.F.);
#2582=ORIENTED_EDGE('',*,*,#4346,.T.);
#2583=ORIENTED_EDGE('',*,*,#4347,.F.);
#2584=ORIENTED_EDGE('',*,*,#4218,.F.);
#2585=ORIENTED_EDGE('',*,*,#4344,.T.);
#2586=ORIENTED_EDGE('',*,*,#4348,.T.);
#2587=ORIENTED_EDGE('',*,*,#4342,.F.);
#2588=ORIENTED_EDGE('',*,*,#4220,.F.);
#2589=ORIENTED_EDGE('',*,*,#4347,.T.);
#2590=ORIENTED_EDGE('',*,*,#4349,.T.);
#2591=ORIENTED_EDGE('',*,*,#4350,.F.);
#2592=ORIENTED_EDGE('',*,*,#4222,.F.);
#2593=ORIENTED_EDGE('',*,*,#4351,.T.);
#2594=ORIENTED_EDGE('',*,*,#4352,.F.);
#2595=ORIENTED_EDGE('',*,*,#4224,.T.);
#2596=ORIENTED_EDGE('',*,*,#4350,.T.);
#2597=ORIENTED_EDGE('',*,*,#4353,.F.);
#2598=ORIENTED_EDGE('',*,*,#4354,.F.);
#2599=ORIENTED_EDGE('',*,*,#4226,.T.);
#2600=ORIENTED_EDGE('',*,*,#4352,.T.);
#2601=ORIENTED_EDGE('',*,*,#4355,.F.);
#2602=ORIENTED_EDGE('',*,*,#4356,.T.);
#2603=ORIENTED_EDGE('',*,*,#4351,.F.);
#2604=ORIENTED_EDGE('',*,*,#4228,.F.);
#2605=ORIENTED_EDGE('',*,*,#4354,.T.);
#2606=ORIENTED_EDGE('',*,*,#4357,.F.);
#2607=ORIENTED_EDGE('',*,*,#4230,.T.);
#2608=ORIENTED_EDGE('',*,*,#4358,.T.);
#2609=ORIENTED_EDGE('',*,*,#4359,.F.);
#2610=ORIENTED_EDGE('',*,*,#4360,.F.);
#2611=ORIENTED_EDGE('',*,*,#4232,.T.);
#2612=ORIENTED_EDGE('',*,*,#4357,.T.);
#2613=ORIENTED_EDGE('',*,*,#4361,.F.);
#2614=ORIENTED_EDGE('',*,*,#4362,.T.);
#2615=ORIENTED_EDGE('',*,*,#4363,.F.);
#2616=ORIENTED_EDGE('',*,*,#4234,.F.);
#2617=ORIENTED_EDGE('',*,*,#4360,.T.);
#2618=ORIENTED_EDGE('',*,*,#4364,.T.);
#2619=ORIENTED_EDGE('',*,*,#4358,.F.);
#2620=ORIENTED_EDGE('',*,*,#4236,.F.);
#2621=ORIENTED_EDGE('',*,*,#4363,.T.);
#2622=ORIENTED_EDGE('',*,*,#4365,.T.);
#2623=ORIENTED_EDGE('',*,*,#4366,.F.);
#2624=ORIENTED_EDGE('',*,*,#4238,.F.);
#2625=ORIENTED_EDGE('',*,*,#4367,.T.);
#2626=ORIENTED_EDGE('',*,*,#4368,.T.);
#2627=ORIENTED_EDGE('',*,*,#4369,.F.);
#2628=ORIENTED_EDGE('',*,*,#4240,.F.);
#2629=ORIENTED_EDGE('',*,*,#4366,.T.);
#2630=ORIENTED_EDGE('',*,*,#4370,.F.);
#2631=ORIENTED_EDGE('',*,*,#4242,.T.);
#2632=ORIENTED_EDGE('',*,*,#4369,.T.);
#2633=ORIENTED_EDGE('',*,*,#4371,.F.);
#2634=ORIENTED_EDGE('',*,*,#4367,.F.);
#2635=ORIENTED_EDGE('',*,*,#4244,.T.);
#2636=ORIENTED_EDGE('',*,*,#4370,.T.);
#2637=ORIENTED_EDGE('',*,*,#4372,.F.);
#2638=ORIENTED_EDGE('',*,*,#4373,.T.);
#2639=ORIENTED_EDGE('',*,*,#4374,.F.);
#2640=ORIENTED_EDGE('',*,*,#4246,.F.);
#2641=ORIENTED_EDGE('',*,*,#4375,.T.);
#2642=ORIENTED_EDGE('',*,*,#4376,.F.);
#2643=ORIENTED_EDGE('',*,*,#4248,.T.);
#2644=ORIENTED_EDGE('',*,*,#4374,.T.);
#2645=ORIENTED_EDGE('',*,*,#4377,.F.);
#2646=ORIENTED_EDGE('',*,*,#4378,.F.);
#2647=ORIENTED_EDGE('',*,*,#4250,.T.);
#2648=ORIENTED_EDGE('',*,*,#4376,.T.);
#2649=ORIENTED_EDGE('',*,*,#4379,.F.);
#2650=ORIENTED_EDGE('',*,*,#4380,.T.);
#2651=ORIENTED_EDGE('',*,*,#4375,.F.);
#2652=ORIENTED_EDGE('',*,*,#4252,.F.);
#2653=ORIENTED_EDGE('',*,*,#4378,.T.);
#2654=ORIENTED_EDGE('',*,*,#4381,.F.);
#2655=ORIENTED_EDGE('',*,*,#4253,.T.);
#2656=ORIENTED_EDGE('',*,*,#4382,.T.);
#2657=ORIENTED_EDGE('',*,*,#4383,.F.);
#2658=ORIENTED_EDGE('',*,*,#4382,.F.);
#2659=ORIENTED_EDGE('',*,*,#4257,.T.);
#2660=ORIENTED_EDGE('',*,*,#4384,.T.);
#2661=ORIENTED_EDGE('',*,*,#4385,.F.);
#2662=ORIENTED_EDGE('',*,*,#4386,.T.);
#2663=ORIENTED_EDGE('',*,*,#4384,.F.);
#2664=ORIENTED_EDGE('',*,*,#4259,.F.);
#2665=ORIENTED_EDGE('',*,*,#4387,.T.);
#2666=ORIENTED_EDGE('',*,*,#4388,.T.);
#2667=ORIENTED_EDGE('',*,*,#4387,.F.);
#2668=ORIENTED_EDGE('',*,*,#4260,.F.);
#2669=ORIENTED_EDGE('',*,*,#4381,.T.);
#2670=ORIENTED_EDGE('',*,*,#4389,.T.);
#2671=ORIENTED_EDGE('',*,*,#4390,.F.);
#2672=ORIENTED_EDGE('',*,*,#4263,.F.);
#2673=ORIENTED_EDGE('',*,*,#4391,.T.);
#2674=ORIENTED_EDGE('',*,*,#4392,.T.);
#2675=ORIENTED_EDGE('',*,*,#4391,.F.);
#2676=ORIENTED_EDGE('',*,*,#4264,.F.);
#2677=ORIENTED_EDGE('',*,*,#4393,.T.);
#2678=ORIENTED_EDGE('',*,*,#4393,.F.);
#2679=ORIENTED_EDGE('',*,*,#4266,.T.);
#2680=ORIENTED_EDGE('',*,*,#4394,.T.);
#2681=ORIENTED_EDGE('',*,*,#4395,.F.);
#2682=ORIENTED_EDGE('',*,*,#4394,.F.);
#2683=ORIENTED_EDGE('',*,*,#4268,.T.);
#2684=ORIENTED_EDGE('',*,*,#4390,.T.);
#2685=ORIENTED_EDGE('',*,*,#4396,.F.);
#2686=ORIENTED_EDGE('',*,*,#4397,.F.);
#2687=ORIENTED_EDGE('',*,*,#4271,.T.);
#2688=ORIENTED_EDGE('',*,*,#4398,.T.);
#2689=ORIENTED_EDGE('',*,*,#4399,.F.);
#2690=ORIENTED_EDGE('',*,*,#4400,.T.);
#2691=ORIENTED_EDGE('',*,*,#4398,.F.);
#2692=ORIENTED_EDGE('',*,*,#4273,.F.);
#2693=ORIENTED_EDGE('',*,*,#4401,.T.);
#2694=ORIENTED_EDGE('',*,*,#4402,.T.);
#2695=ORIENTED_EDGE('',*,*,#4401,.F.);
#2696=ORIENTED_EDGE('',*,*,#4274,.F.);
#2697=ORIENTED_EDGE('',*,*,#4403,.T.);
#2698=ORIENTED_EDGE('',*,*,#4403,.F.);
#2699=ORIENTED_EDGE('',*,*,#4276,.T.);
#2700=ORIENTED_EDGE('',*,*,#4397,.T.);
#2701=ORIENTED_EDGE('',*,*,#4404,.F.);
#2702=ORIENTED_EDGE('',*,*,#4405,.T.);
#2703=ORIENTED_EDGE('',*,*,#4406,.F.);
#2704=ORIENTED_EDGE('',*,*,#4279,.F.);
#2705=ORIENTED_EDGE('',*,*,#4407,.T.);
#2706=ORIENTED_EDGE('',*,*,#4408,.T.);
#2707=ORIENTED_EDGE('',*,*,#4407,.F.);
#2708=ORIENTED_EDGE('',*,*,#4280,.F.);
#2709=ORIENTED_EDGE('',*,*,#4409,.T.);
#2710=ORIENTED_EDGE('',*,*,#4409,.F.);
#2711=ORIENTED_EDGE('',*,*,#4282,.T.);
#2712=ORIENTED_EDGE('',*,*,#4410,.T.);
#2713=ORIENTED_EDGE('',*,*,#4411,.F.);
#2714=ORIENTED_EDGE('',*,*,#4410,.F.);
#2715=ORIENTED_EDGE('',*,*,#4284,.T.);
#2716=ORIENTED_EDGE('',*,*,#4406,.T.);
#2717=ORIENTED_EDGE('',*,*,#4412,.F.);
#2718=ORIENTED_EDGE('',*,*,#4413,.F.);
#2719=ORIENTED_EDGE('',*,*,#4287,.T.);
#2720=ORIENTED_EDGE('',*,*,#4414,.T.);
#2721=ORIENTED_EDGE('',*,*,#4415,.F.);
#2722=ORIENTED_EDGE('',*,*,#4416,.T.);
#2723=ORIENTED_EDGE('',*,*,#4414,.F.);
#2724=ORIENTED_EDGE('',*,*,#4289,.F.);
#2725=ORIENTED_EDGE('',*,*,#4417,.T.);
#2726=ORIENTED_EDGE('',*,*,#4418,.T.);
#2727=ORIENTED_EDGE('',*,*,#4417,.F.);
#2728=ORIENTED_EDGE('',*,*,#4290,.F.);
#2729=ORIENTED_EDGE('',*,*,#4419,.T.);
#2730=ORIENTED_EDGE('',*,*,#4419,.F.);
#2731=ORIENTED_EDGE('',*,*,#4292,.T.);
#2732=ORIENTED_EDGE('',*,*,#4413,.T.);
#2733=ORIENTED_EDGE('',*,*,#4420,.F.);
#2734=ORIENTED_EDGE('',*,*,#4421,.T.);
#2735=ORIENTED_EDGE('',*,*,#4422,.F.);
#2736=ORIENTED_EDGE('',*,*,#4295,.F.);
#2737=ORIENTED_EDGE('',*,*,#4423,.T.);
#2738=ORIENTED_EDGE('',*,*,#4424,.T.);
#2739=ORIENTED_EDGE('',*,*,#4423,.F.);
#2740=ORIENTED_EDGE('',*,*,#4296,.F.);
#2741=ORIENTED_EDGE('',*,*,#4425,.T.);
#2742=ORIENTED_EDGE('',*,*,#4425,.F.);
#2743=ORIENTED_EDGE('',*,*,#4298,.T.);
#2744=ORIENTED_EDGE('',*,*,#4426,.T.);
#2745=ORIENTED_EDGE('',*,*,#4427,.F.);
#2746=ORIENTED_EDGE('',*,*,#4426,.F.);
#2747=ORIENTED_EDGE('',*,*,#4300,.T.);
#2748=ORIENTED_EDGE('',*,*,#4422,.T.);
#2749=ORIENTED_EDGE('',*,*,#4428,.F.);
#2750=ORIENTED_EDGE('',*,*,#4429,.F.);
#2751=ORIENTED_EDGE('',*,*,#4301,.T.);
#2752=ORIENTED_EDGE('',*,*,#4430,.T.);
#2753=ORIENTED_EDGE('',*,*,#4431,.F.);
#2754=ORIENTED_EDGE('',*,*,#4430,.F.);
#2755=ORIENTED_EDGE('',*,*,#4305,.T.);
#2756=ORIENTED_EDGE('',*,*,#4432,.T.);
#2757=ORIENTED_EDGE('',*,*,#4433,.F.);
#2758=ORIENTED_EDGE('',*,*,#4434,.T.);
#2759=ORIENTED_EDGE('',*,*,#4432,.F.);
#2760=ORIENTED_EDGE('',*,*,#4307,.F.);
#2761=ORIENTED_EDGE('',*,*,#4435,.T.);
#2762=ORIENTED_EDGE('',*,*,#4436,.T.);
#2763=ORIENTED_EDGE('',*,*,#4435,.F.);
#2764=ORIENTED_EDGE('',*,*,#4308,.F.);
#2765=ORIENTED_EDGE('',*,*,#4429,.T.);
#2766=ORIENTED_EDGE('',*,*,#4437,.F.);
#2767=ORIENTED_EDGE('',*,*,#4311,.T.);
#2768=ORIENTED_EDGE('',*,*,#4438,.T.);
#2769=ORIENTED_EDGE('',*,*,#4439,.F.);
#2770=ORIENTED_EDGE('',*,*,#4440,.T.);
#2771=ORIENTED_EDGE('',*,*,#4438,.F.);
#2772=ORIENTED_EDGE('',*,*,#4313,.F.);
#2773=ORIENTED_EDGE('',*,*,#4441,.T.);
#2774=ORIENTED_EDGE('',*,*,#4442,.T.);
#2775=ORIENTED_EDGE('',*,*,#4441,.F.);
#2776=ORIENTED_EDGE('',*,*,#4314,.F.);
#2777=ORIENTED_EDGE('',*,*,#4443,.T.);
#2778=ORIENTED_EDGE('',*,*,#4443,.F.);
#2779=ORIENTED_EDGE('',*,*,#4316,.T.);
#2780=ORIENTED_EDGE('',*,*,#4437,.T.);
#2781=ORIENTED_EDGE('',*,*,#4444,.F.);
#2782=ORIENTED_EDGE('',*,*,#4324,.T.);
#2783=ORIENTED_EDGE('',*,*,#4323,.T.);
#2784=ORIENTED_EDGE('',*,*,#4320,.F.);
#2785=ORIENTED_EDGE('',*,*,#4317,.F.);
#2786=ORIENTED_EDGE('',*,*,#4329,.T.);
#2787=ORIENTED_EDGE('',*,*,#4327,.T.);
#2788=ORIENTED_EDGE('',*,*,#4332,.F.);
#2789=ORIENTED_EDGE('',*,*,#4330,.F.);
#2790=ORIENTED_EDGE('',*,*,#4339,.T.);
#2791=ORIENTED_EDGE('',*,*,#4337,.T.);
#2792=ORIENTED_EDGE('',*,*,#4333,.F.);
#2793=ORIENTED_EDGE('',*,*,#4340,.F.);
#2794=ORIENTED_EDGE('',*,*,#4345,.T.);
#2795=ORIENTED_EDGE('',*,*,#4343,.T.);
#2796=ORIENTED_EDGE('',*,*,#4348,.F.);
#2797=ORIENTED_EDGE('',*,*,#4346,.F.);
#2798=ORIENTED_EDGE('',*,*,#4355,.T.);
#2799=ORIENTED_EDGE('',*,*,#4353,.T.);
#2800=ORIENTED_EDGE('',*,*,#4349,.F.);
#2801=ORIENTED_EDGE('',*,*,#4356,.F.);
#2802=ORIENTED_EDGE('',*,*,#4361,.T.);
#2803=ORIENTED_EDGE('',*,*,#4359,.T.);
#2804=ORIENTED_EDGE('',*,*,#4364,.F.);
#2805=ORIENTED_EDGE('',*,*,#4362,.F.);
#2806=ORIENTED_EDGE('',*,*,#4372,.T.);
#2807=ORIENTED_EDGE('',*,*,#4371,.T.);
#2808=ORIENTED_EDGE('',*,*,#4368,.F.);
#2809=ORIENTED_EDGE('',*,*,#4365,.F.);
#2810=ORIENTED_EDGE('',*,*,#4379,.T.);
#2811=ORIENTED_EDGE('',*,*,#4377,.T.);
#2812=ORIENTED_EDGE('',*,*,#4373,.F.);
#2813=ORIENTED_EDGE('',*,*,#4380,.F.);
#2814=ORIENTED_EDGE('',*,*,#4383,.T.);
#2815=ORIENTED_EDGE('',*,*,#4385,.T.);
#2816=ORIENTED_EDGE('',*,*,#4386,.F.);
#2817=ORIENTED_EDGE('',*,*,#4388,.F.);
#2818=ORIENTED_EDGE('',*,*,#4395,.T.);
#2819=ORIENTED_EDGE('',*,*,#4396,.T.);
#2820=ORIENTED_EDGE('',*,*,#4389,.F.);
#2821=ORIENTED_EDGE('',*,*,#4392,.F.);
#2822=ORIENTED_EDGE('',*,*,#4404,.T.);
#2823=ORIENTED_EDGE('',*,*,#4399,.T.);
#2824=ORIENTED_EDGE('',*,*,#4400,.F.);
#2825=ORIENTED_EDGE('',*,*,#4402,.F.);
#2826=ORIENTED_EDGE('',*,*,#4411,.T.);
#2827=ORIENTED_EDGE('',*,*,#4412,.T.);
#2828=ORIENTED_EDGE('',*,*,#4405,.F.);
#2829=ORIENTED_EDGE('',*,*,#4408,.F.);
#2830=ORIENTED_EDGE('',*,*,#4420,.T.);
#2831=ORIENTED_EDGE('',*,*,#4415,.T.);
#2832=ORIENTED_EDGE('',*,*,#4416,.F.);
#2833=ORIENTED_EDGE('',*,*,#4418,.F.);
#2834=ORIENTED_EDGE('',*,*,#4427,.T.);
#2835=ORIENTED_EDGE('',*,*,#4428,.T.);
#2836=ORIENTED_EDGE('',*,*,#4421,.F.);
#2837=ORIENTED_EDGE('',*,*,#4424,.F.);
#2838=ORIENTED_EDGE('',*,*,#4431,.T.);
#2839=ORIENTED_EDGE('',*,*,#4433,.T.);
#2840=ORIENTED_EDGE('',*,*,#4434,.F.);
#2841=ORIENTED_EDGE('',*,*,#4436,.F.);
#2842=ORIENTED_EDGE('',*,*,#4444,.T.);
#2843=ORIENTED_EDGE('',*,*,#4439,.T.);
#2844=ORIENTED_EDGE('',*,*,#4440,.F.);
#2845=ORIENTED_EDGE('',*,*,#4442,.F.);
#2846=ORIENTED_EDGE('',*,*,#4445,.F.);
#2847=ORIENTED_EDGE('',*,*,#4446,.T.);
#2848=ORIENTED_EDGE('',*,*,#4447,.T.);
#2849=ORIENTED_EDGE('',*,*,#4445,.T.);
#2850=ORIENTED_EDGE('',*,*,#4448,.F.);
#2851=ORIENTED_EDGE('',*,*,#4447,.F.);
#2852=ORIENTED_EDGE('',*,*,#4449,.T.);
#2853=ORIENTED_EDGE('',*,*,#4448,.T.);
#2854=ORIENTED_EDGE('',*,*,#4450,.F.);
#2855=ORIENTED_EDGE('',*,*,#4449,.F.);
#2856=ORIENTED_EDGE('',*,*,#4446,.F.);
#2857=ORIENTED_EDGE('',*,*,#4450,.T.);
#2858=ORIENTED_EDGE('',*,*,#4451,.F.);
#2859=ORIENTED_EDGE('',*,*,#4452,.T.);
#2860=ORIENTED_EDGE('',*,*,#4452,.F.);
#2861=ORIENTED_EDGE('',*,*,#4453,.T.);
#2862=ORIENTED_EDGE('',*,*,#4451,.T.);
#2863=ORIENTED_EDGE('',*,*,#4454,.F.);
#2864=ORIENTED_EDGE('',*,*,#4453,.F.);
#2865=ORIENTED_EDGE('',*,*,#4455,.T.);
#2866=ORIENTED_EDGE('',*,*,#4456,.F.);
#2867=ORIENTED_EDGE('',*,*,#4454,.T.);
#2868=ORIENTED_EDGE('',*,*,#4457,.T.);
#2869=ORIENTED_EDGE('',*,*,#4455,.F.);
#2870=ORIENTED_EDGE('',*,*,#4456,.T.);
#2871=ORIENTED_EDGE('',*,*,#4458,.F.);
#2872=ORIENTED_EDGE('',*,*,#4457,.F.);
#2873=ORIENTED_EDGE('',*,*,#4458,.T.);
#2874=ORIENTED_EDGE('',*,*,#4459,.F.);
#2875=ORIENTED_EDGE('',*,*,#4460,.T.);
#2876=ORIENTED_EDGE('',*,*,#4460,.F.);
#2877=ORIENTED_EDGE('',*,*,#4461,.T.);
#2878=ORIENTED_EDGE('',*,*,#4459,.T.);
#2879=ORIENTED_EDGE('',*,*,#4462,.F.);
#2880=ORIENTED_EDGE('',*,*,#4461,.F.);
#2881=ORIENTED_EDGE('',*,*,#4463,.T.);
#2882=ORIENTED_EDGE('',*,*,#4464,.F.);
#2883=ORIENTED_EDGE('',*,*,#4462,.T.);
#2884=ORIENTED_EDGE('',*,*,#4465,.T.);
#2885=ORIENTED_EDGE('',*,*,#4463,.F.);
#2886=ORIENTED_EDGE('',*,*,#4464,.T.);
#2887=ORIENTED_EDGE('',*,*,#4466,.F.);
#2888=ORIENTED_EDGE('',*,*,#4465,.F.);
#2889=ORIENTED_EDGE('',*,*,#4466,.T.);
#2890=ORIENTED_EDGE('',*,*,#4467,.F.);
#2891=ORIENTED_EDGE('',*,*,#4468,.T.);
#2892=ORIENTED_EDGE('',*,*,#4469,.T.);
#2893=ORIENTED_EDGE('',*,*,#4467,.T.);
#2894=ORIENTED_EDGE('',*,*,#4470,.F.);
#2895=ORIENTED_EDGE('',*,*,#4469,.F.);
#2896=ORIENTED_EDGE('',*,*,#4471,.T.);
#2897=ORIENTED_EDGE('',*,*,#4470,.T.);
#2898=ORIENTED_EDGE('',*,*,#4472,.F.);
#2899=ORIENTED_EDGE('',*,*,#4471,.F.);
#2900=ORIENTED_EDGE('',*,*,#4468,.F.);
#2901=ORIENTED_EDGE('',*,*,#4472,.T.);
#2902=ORIENTED_EDGE('',*,*,#4473,.T.);
#2903=ORIENTED_EDGE('',*,*,#4474,.T.);
#2904=ORIENTED_EDGE('',*,*,#4475,.F.);
#2905=ORIENTED_EDGE('',*,*,#4476,.F.);
#2906=ORIENTED_EDGE('',*,*,#4477,.T.);
#2907=ORIENTED_EDGE('',*,*,#4478,.T.);
#2908=ORIENTED_EDGE('',*,*,#4473,.F.);
#2909=ORIENTED_EDGE('',*,*,#4479,.F.);
#2910=ORIENTED_EDGE('',*,*,#4475,.T.);
#2911=ORIENTED_EDGE('',*,*,#4480,.T.);
#2912=ORIENTED_EDGE('',*,*,#4481,.F.);
#2913=ORIENTED_EDGE('',*,*,#4482,.F.);
#2914=ORIENTED_EDGE('',*,*,#4482,.T.);
#2915=ORIENTED_EDGE('',*,*,#4483,.T.);
#2916=ORIENTED_EDGE('',*,*,#4484,.T.);
#2917=ORIENTED_EDGE('',*,*,#4485,.T.);
#2918=ORIENTED_EDGE('',*,*,#4486,.T.);
#2919=ORIENTED_EDGE('',*,*,#4487,.T.);
#2920=ORIENTED_EDGE('',*,*,#4479,.T.);
#2921=ORIENTED_EDGE('',*,*,#4476,.T.);
#2922=ORIENTED_EDGE('',*,*,#4488,.F.);
#2923=ORIENTED_EDGE('',*,*,#4489,.F.);
#2924=ORIENTED_EDGE('',*,*,#4490,.F.);
#2925=ORIENTED_EDGE('',*,*,#4491,.F.);
#2926=ORIENTED_EDGE('',*,*,#4492,.F.);
#2927=ORIENTED_EDGE('',*,*,#4493,.F.);
#2928=ORIENTED_EDGE('',*,*,#4494,.F.);
#2929=ORIENTED_EDGE('',*,*,#4495,.F.);
#2930=ORIENTED_EDGE('',*,*,#4496,.F.);
#2931=ORIENTED_EDGE('',*,*,#4497,.F.);
#2932=ORIENTED_EDGE('',*,*,#4498,.F.);
#2933=ORIENTED_EDGE('',*,*,#4499,.F.);
#2934=ORIENTED_EDGE('',*,*,#4500,.F.);
#2935=ORIENTED_EDGE('',*,*,#4501,.F.);
#2936=ORIENTED_EDGE('',*,*,#4502,.F.);
#2937=ORIENTED_EDGE('',*,*,#4503,.F.);
#2938=ORIENTED_EDGE('',*,*,#4504,.F.);
#2939=ORIENTED_EDGE('',*,*,#4505,.F.);
#2940=ORIENTED_EDGE('',*,*,#4506,.F.);
#2941=ORIENTED_EDGE('',*,*,#4507,.F.);
#2942=ORIENTED_EDGE('',*,*,#4508,.F.);
#2943=ORIENTED_EDGE('',*,*,#4509,.F.);
#2944=ORIENTED_EDGE('',*,*,#4510,.F.);
#2945=ORIENTED_EDGE('',*,*,#4511,.F.);
#2946=ORIENTED_EDGE('',*,*,#4512,.F.);
#2947=ORIENTED_EDGE('',*,*,#4513,.F.);
#2948=ORIENTED_EDGE('',*,*,#4514,.F.);
#2949=ORIENTED_EDGE('',*,*,#4515,.F.);
#2950=ORIENTED_EDGE('',*,*,#4516,.F.);
#2951=ORIENTED_EDGE('',*,*,#4517,.F.);
#2952=ORIENTED_EDGE('',*,*,#4518,.F.);
#2953=ORIENTED_EDGE('',*,*,#4519,.F.);
#2954=ORIENTED_EDGE('',*,*,#4520,.F.);
#2955=ORIENTED_EDGE('',*,*,#4521,.F.);
#2956=ORIENTED_EDGE('',*,*,#4522,.F.);
#2957=ORIENTED_EDGE('',*,*,#4523,.F.);
#2958=ORIENTED_EDGE('',*,*,#4524,.F.);
#2959=ORIENTED_EDGE('',*,*,#4525,.F.);
#2960=ORIENTED_EDGE('',*,*,#4526,.F.);
#2961=ORIENTED_EDGE('',*,*,#4527,.F.);
#2962=ORIENTED_EDGE('',*,*,#4528,.F.);
#2963=ORIENTED_EDGE('',*,*,#4529,.F.);
#2964=ORIENTED_EDGE('',*,*,#4530,.F.);
#2965=ORIENTED_EDGE('',*,*,#4531,.F.);
#2966=ORIENTED_EDGE('',*,*,#4532,.F.);
#2967=ORIENTED_EDGE('',*,*,#4533,.F.);
#2968=ORIENTED_EDGE('',*,*,#4534,.F.);
#2969=ORIENTED_EDGE('',*,*,#4535,.F.);
#2970=ORIENTED_EDGE('',*,*,#4536,.F.);
#2971=ORIENTED_EDGE('',*,*,#4537,.F.);
#2972=ORIENTED_EDGE('',*,*,#4538,.F.);
#2973=ORIENTED_EDGE('',*,*,#4539,.F.);
#2974=ORIENTED_EDGE('',*,*,#4540,.F.);
#2975=ORIENTED_EDGE('',*,*,#4541,.F.);
#2976=ORIENTED_EDGE('',*,*,#4542,.F.);
#2977=ORIENTED_EDGE('',*,*,#4543,.F.);
#2978=ORIENTED_EDGE('',*,*,#4544,.F.);
#2979=ORIENTED_EDGE('',*,*,#4545,.F.);
#2980=ORIENTED_EDGE('',*,*,#4546,.F.);
#2981=ORIENTED_EDGE('',*,*,#4547,.F.);
#2982=ORIENTED_EDGE('',*,*,#4548,.F.);
#2983=ORIENTED_EDGE('',*,*,#4549,.F.);
#2984=ORIENTED_EDGE('',*,*,#4550,.F.);
#2985=ORIENTED_EDGE('',*,*,#4551,.F.);
#2986=ORIENTED_EDGE('',*,*,#4552,.F.);
#2987=ORIENTED_EDGE('',*,*,#4553,.F.);
#2988=ORIENTED_EDGE('',*,*,#4554,.F.);
#2989=ORIENTED_EDGE('',*,*,#4555,.F.);
#2990=ORIENTED_EDGE('',*,*,#4556,.F.);
#2991=ORIENTED_EDGE('',*,*,#4557,.F.);
#2992=ORIENTED_EDGE('',*,*,#4558,.F.);
#2993=ORIENTED_EDGE('',*,*,#4559,.F.);
#2994=ORIENTED_EDGE('',*,*,#4560,.F.);
#2995=ORIENTED_EDGE('',*,*,#4561,.F.);
#2996=ORIENTED_EDGE('',*,*,#4562,.F.);
#2997=ORIENTED_EDGE('',*,*,#4563,.F.);
#2998=ORIENTED_EDGE('',*,*,#4564,.F.);
#2999=ORIENTED_EDGE('',*,*,#4565,.F.);
#3000=ORIENTED_EDGE('',*,*,#4566,.F.);
#3001=ORIENTED_EDGE('',*,*,#4567,.F.);
#3002=ORIENTED_EDGE('',*,*,#4568,.F.);
#3003=ORIENTED_EDGE('',*,*,#4569,.F.);
#3004=ORIENTED_EDGE('',*,*,#4570,.F.);
#3005=ORIENTED_EDGE('',*,*,#4571,.F.);
#3006=ORIENTED_EDGE('',*,*,#4572,.F.);
#3007=ORIENTED_EDGE('',*,*,#4573,.F.);
#3008=ORIENTED_EDGE('',*,*,#4574,.F.);
#3009=ORIENTED_EDGE('',*,*,#4575,.F.);
#3010=ORIENTED_EDGE('',*,*,#4576,.F.);
#3011=ORIENTED_EDGE('',*,*,#4577,.F.);
#3012=ORIENTED_EDGE('',*,*,#4578,.F.);
#3013=ORIENTED_EDGE('',*,*,#4474,.F.);
#3014=ORIENTED_EDGE('',*,*,#4478,.F.);
#3015=ORIENTED_EDGE('',*,*,#4579,.F.);
#3016=ORIENTED_EDGE('',*,*,#4580,.F.);
#3017=ORIENTED_EDGE('',*,*,#4581,.F.);
#3018=ORIENTED_EDGE('',*,*,#4582,.F.);
#3019=ORIENTED_EDGE('',*,*,#4583,.F.);
#3020=ORIENTED_EDGE('',*,*,#4480,.F.);
#3021=ORIENTED_EDGE('',*,*,#4584,.T.);
#3022=ORIENTED_EDGE('',*,*,#4585,.T.);
#3023=ORIENTED_EDGE('',*,*,#4586,.T.);
#3024=ORIENTED_EDGE('',*,*,#4587,.T.);
#3025=ORIENTED_EDGE('',*,*,#4588,.T.);
#3026=ORIENTED_EDGE('',*,*,#4589,.T.);
#3027=ORIENTED_EDGE('',*,*,#4590,.T.);
#3028=ORIENTED_EDGE('',*,*,#4591,.T.);
#3029=ORIENTED_EDGE('',*,*,#4592,.T.);
#3030=ORIENTED_EDGE('',*,*,#4593,.T.);
#3031=ORIENTED_EDGE('',*,*,#4594,.T.);
#3032=ORIENTED_EDGE('',*,*,#4595,.T.);
#3033=ORIENTED_EDGE('',*,*,#4596,.T.);
#3034=ORIENTED_EDGE('',*,*,#4597,.T.);
#3035=ORIENTED_EDGE('',*,*,#4598,.T.);
#3036=ORIENTED_EDGE('',*,*,#4599,.T.);
#3037=ORIENTED_EDGE('',*,*,#4600,.T.);
#3038=ORIENTED_EDGE('',*,*,#4601,.T.);
#3039=ORIENTED_EDGE('',*,*,#4602,.T.);
#3040=ORIENTED_EDGE('',*,*,#4603,.T.);
#3041=ORIENTED_EDGE('',*,*,#4604,.T.);
#3042=ORIENTED_EDGE('',*,*,#4605,.T.);
#3043=ORIENTED_EDGE('',*,*,#4606,.T.);
#3044=ORIENTED_EDGE('',*,*,#4607,.T.);
#3045=ORIENTED_EDGE('',*,*,#4608,.T.);
#3046=ORIENTED_EDGE('',*,*,#4609,.T.);
#3047=ORIENTED_EDGE('',*,*,#4610,.T.);
#3048=ORIENTED_EDGE('',*,*,#4611,.T.);
#3049=ORIENTED_EDGE('',*,*,#4612,.T.);
#3050=ORIENTED_EDGE('',*,*,#4613,.T.);
#3051=ORIENTED_EDGE('',*,*,#4614,.T.);
#3052=ORIENTED_EDGE('',*,*,#4615,.T.);
#3053=ORIENTED_EDGE('',*,*,#4616,.T.);
#3054=ORIENTED_EDGE('',*,*,#4617,.T.);
#3055=ORIENTED_EDGE('',*,*,#4618,.T.);
#3056=ORIENTED_EDGE('',*,*,#4619,.T.);
#3057=ORIENTED_EDGE('',*,*,#4620,.T.);
#3058=ORIENTED_EDGE('',*,*,#4621,.T.);
#3059=ORIENTED_EDGE('',*,*,#4622,.T.);
#3060=ORIENTED_EDGE('',*,*,#4623,.T.);
#3061=ORIENTED_EDGE('',*,*,#4624,.T.);
#3062=ORIENTED_EDGE('',*,*,#4625,.T.);
#3063=ORIENTED_EDGE('',*,*,#4626,.T.);
#3064=ORIENTED_EDGE('',*,*,#4627,.T.);
#3065=ORIENTED_EDGE('',*,*,#4628,.T.);
#3066=ORIENTED_EDGE('',*,*,#4629,.T.);
#3067=ORIENTED_EDGE('',*,*,#4630,.T.);
#3068=ORIENTED_EDGE('',*,*,#4631,.T.);
#3069=ORIENTED_EDGE('',*,*,#4632,.T.);
#3070=ORIENTED_EDGE('',*,*,#4633,.T.);
#3071=ORIENTED_EDGE('',*,*,#4634,.T.);
#3072=ORIENTED_EDGE('',*,*,#4635,.T.);
#3073=ORIENTED_EDGE('',*,*,#4636,.T.);
#3074=ORIENTED_EDGE('',*,*,#4637,.T.);
#3075=ORIENTED_EDGE('',*,*,#4638,.T.);
#3076=ORIENTED_EDGE('',*,*,#4639,.T.);
#3077=ORIENTED_EDGE('',*,*,#4640,.T.);
#3078=ORIENTED_EDGE('',*,*,#4641,.T.);
#3079=ORIENTED_EDGE('',*,*,#4642,.T.);
#3080=ORIENTED_EDGE('',*,*,#4643,.T.);
#3081=ORIENTED_EDGE('',*,*,#4644,.T.);
#3082=ORIENTED_EDGE('',*,*,#4645,.T.);
#3083=ORIENTED_EDGE('',*,*,#4646,.T.);
#3084=ORIENTED_EDGE('',*,*,#4647,.T.);
#3085=ORIENTED_EDGE('',*,*,#4648,.T.);
#3086=ORIENTED_EDGE('',*,*,#4649,.T.);
#3087=ORIENTED_EDGE('',*,*,#4650,.T.);
#3088=ORIENTED_EDGE('',*,*,#4651,.T.);
#3089=ORIENTED_EDGE('',*,*,#4652,.T.);
#3090=ORIENTED_EDGE('',*,*,#4653,.T.);
#3091=ORIENTED_EDGE('',*,*,#4654,.T.);
#3092=ORIENTED_EDGE('',*,*,#4655,.T.);
#3093=ORIENTED_EDGE('',*,*,#4656,.T.);
#3094=ORIENTED_EDGE('',*,*,#4657,.T.);
#3095=ORIENTED_EDGE('',*,*,#4658,.T.);
#3096=ORIENTED_EDGE('',*,*,#4659,.T.);
#3097=ORIENTED_EDGE('',*,*,#4660,.T.);
#3098=ORIENTED_EDGE('',*,*,#4661,.T.);
#3099=ORIENTED_EDGE('',*,*,#4662,.T.);
#3100=ORIENTED_EDGE('',*,*,#4663,.T.);
#3101=ORIENTED_EDGE('',*,*,#4664,.T.);
#3102=ORIENTED_EDGE('',*,*,#4665,.T.);
#3103=ORIENTED_EDGE('',*,*,#4666,.T.);
#3104=ORIENTED_EDGE('',*,*,#4667,.T.);
#3105=ORIENTED_EDGE('',*,*,#4668,.T.);
#3106=ORIENTED_EDGE('',*,*,#4669,.T.);
#3107=ORIENTED_EDGE('',*,*,#4670,.T.);
#3108=ORIENTED_EDGE('',*,*,#4671,.T.);
#3109=ORIENTED_EDGE('',*,*,#4672,.T.);
#3110=ORIENTED_EDGE('',*,*,#4673,.T.);
#3111=ORIENTED_EDGE('',*,*,#4674,.T.);
#3112=ORIENTED_EDGE('',*,*,#4675,.T.);
#3113=ORIENTED_EDGE('',*,*,#4579,.T.);
#3114=ORIENTED_EDGE('',*,*,#4477,.F.);
#3115=ORIENTED_EDGE('',*,*,#4487,.F.);
#3116=ORIENTED_EDGE('',*,*,#4481,.T.);
#3117=ORIENTED_EDGE('',*,*,#4583,.T.);
#3118=ORIENTED_EDGE('',*,*,#4676,.F.);
#3119=ORIENTED_EDGE('',*,*,#4483,.F.);
#3120=ORIENTED_EDGE('',*,*,#4677,.T.);
#3121=ORIENTED_EDGE('',*,*,#4580,.T.);
#3122=ORIENTED_EDGE('',*,*,#4675,.F.);
#3123=ORIENTED_EDGE('',*,*,#4486,.F.);
#3124=ORIENTED_EDGE('',*,*,#4676,.T.);
#3125=ORIENTED_EDGE('',*,*,#4582,.T.);
#3126=ORIENTED_EDGE('',*,*,#4678,.F.);
#3127=ORIENTED_EDGE('',*,*,#4484,.F.);
#3128=ORIENTED_EDGE('',*,*,#4678,.T.);
#3129=ORIENTED_EDGE('',*,*,#4581,.T.);
#3130=ORIENTED_EDGE('',*,*,#4677,.F.);
#3131=ORIENTED_EDGE('',*,*,#4485,.F.);
#3132=ORIENTED_EDGE('',*,*,#4584,.F.);
#3133=ORIENTED_EDGE('',*,*,#4488,.T.);
#3134=ORIENTED_EDGE('',*,*,#4585,.F.);
#3135=ORIENTED_EDGE('',*,*,#4489,.T.);
#3136=ORIENTED_EDGE('',*,*,#4586,.F.);
#3137=ORIENTED_EDGE('',*,*,#4490,.T.);
#3138=ORIENTED_EDGE('',*,*,#4587,.F.);
#3139=ORIENTED_EDGE('',*,*,#4491,.T.);
#3140=ORIENTED_EDGE('',*,*,#4588,.F.);
#3141=ORIENTED_EDGE('',*,*,#4492,.T.);
#3142=ORIENTED_EDGE('',*,*,#4589,.F.);
#3143=ORIENTED_EDGE('',*,*,#4493,.T.);
#3144=ORIENTED_EDGE('',*,*,#4590,.F.);
#3145=ORIENTED_EDGE('',*,*,#4494,.T.);
#3146=ORIENTED_EDGE('',*,*,#4591,.F.);
#3147=ORIENTED_EDGE('',*,*,#4495,.T.);
#3148=ORIENTED_EDGE('',*,*,#4592,.F.);
#3149=ORIENTED_EDGE('',*,*,#4496,.T.);
#3150=ORIENTED_EDGE('',*,*,#4593,.F.);
#3151=ORIENTED_EDGE('',*,*,#4497,.T.);
#3152=ORIENTED_EDGE('',*,*,#4594,.F.);
#3153=ORIENTED_EDGE('',*,*,#4498,.T.);
#3154=ORIENTED_EDGE('',*,*,#4595,.F.);
#3155=ORIENTED_EDGE('',*,*,#4499,.T.);
#3156=ORIENTED_EDGE('',*,*,#4596,.F.);
#3157=ORIENTED_EDGE('',*,*,#4500,.T.);
#3158=ORIENTED_EDGE('',*,*,#4597,.F.);
#3159=ORIENTED_EDGE('',*,*,#4501,.T.);
#3160=ORIENTED_EDGE('',*,*,#4598,.F.);
#3161=ORIENTED_EDGE('',*,*,#4502,.T.);
#3162=ORIENTED_EDGE('',*,*,#4599,.F.);
#3163=ORIENTED_EDGE('',*,*,#4503,.T.);
#3164=ORIENTED_EDGE('',*,*,#4600,.F.);
#3165=ORIENTED_EDGE('',*,*,#4504,.T.);
#3166=ORIENTED_EDGE('',*,*,#4601,.F.);
#3167=ORIENTED_EDGE('',*,*,#4505,.T.);
#3168=ORIENTED_EDGE('',*,*,#4602,.F.);
#3169=ORIENTED_EDGE('',*,*,#4506,.T.);
#3170=ORIENTED_EDGE('',*,*,#4603,.F.);
#3171=ORIENTED_EDGE('',*,*,#4507,.T.);
#3172=ORIENTED_EDGE('',*,*,#4604,.F.);
#3173=ORIENTED_EDGE('',*,*,#4508,.T.);
#3174=ORIENTED_EDGE('',*,*,#4605,.F.);
#3175=ORIENTED_EDGE('',*,*,#4509,.T.);
#3176=ORIENTED_EDGE('',*,*,#4606,.F.);
#3177=ORIENTED_EDGE('',*,*,#4510,.T.);
#3178=ORIENTED_EDGE('',*,*,#4607,.F.);
#3179=ORIENTED_EDGE('',*,*,#4511,.T.);
#3180=ORIENTED_EDGE('',*,*,#4608,.F.);
#3181=ORIENTED_EDGE('',*,*,#4512,.T.);
#3182=ORIENTED_EDGE('',*,*,#4609,.F.);
#3183=ORIENTED_EDGE('',*,*,#4513,.T.);
#3184=ORIENTED_EDGE('',*,*,#4610,.F.);
#3185=ORIENTED_EDGE('',*,*,#4514,.T.);
#3186=ORIENTED_EDGE('',*,*,#4611,.F.);
#3187=ORIENTED_EDGE('',*,*,#4515,.T.);
#3188=ORIENTED_EDGE('',*,*,#4612,.F.);
#3189=ORIENTED_EDGE('',*,*,#4516,.T.);
#3190=ORIENTED_EDGE('',*,*,#4613,.F.);
#3191=ORIENTED_EDGE('',*,*,#4517,.T.);
#3192=ORIENTED_EDGE('',*,*,#4614,.F.);
#3193=ORIENTED_EDGE('',*,*,#4518,.T.);
#3194=ORIENTED_EDGE('',*,*,#4615,.F.);
#3195=ORIENTED_EDGE('',*,*,#4519,.T.);
#3196=ORIENTED_EDGE('',*,*,#4616,.F.);
#3197=ORIENTED_EDGE('',*,*,#4520,.T.);
#3198=ORIENTED_EDGE('',*,*,#4617,.F.);
#3199=ORIENTED_EDGE('',*,*,#4521,.T.);
#3200=ORIENTED_EDGE('',*,*,#4618,.F.);
#3201=ORIENTED_EDGE('',*,*,#4522,.T.);
#3202=ORIENTED_EDGE('',*,*,#4619,.F.);
#3203=ORIENTED_EDGE('',*,*,#4523,.T.);
#3204=ORIENTED_EDGE('',*,*,#4620,.F.);
#3205=ORIENTED_EDGE('',*,*,#4524,.T.);
#3206=ORIENTED_EDGE('',*,*,#4621,.F.);
#3207=ORIENTED_EDGE('',*,*,#4525,.T.);
#3208=ORIENTED_EDGE('',*,*,#4622,.F.);
#3209=ORIENTED_EDGE('',*,*,#4526,.T.);
#3210=ORIENTED_EDGE('',*,*,#4623,.F.);
#3211=ORIENTED_EDGE('',*,*,#4527,.T.);
#3212=ORIENTED_EDGE('',*,*,#4624,.F.);
#3213=ORIENTED_EDGE('',*,*,#4528,.T.);
#3214=ORIENTED_EDGE('',*,*,#4625,.F.);
#3215=ORIENTED_EDGE('',*,*,#4529,.T.);
#3216=ORIENTED_EDGE('',*,*,#4626,.F.);
#3217=ORIENTED_EDGE('',*,*,#4530,.T.);
#3218=ORIENTED_EDGE('',*,*,#4627,.F.);
#3219=ORIENTED_EDGE('',*,*,#4531,.T.);
#3220=ORIENTED_EDGE('',*,*,#4628,.F.);
#3221=ORIENTED_EDGE('',*,*,#4532,.T.);
#3222=ORIENTED_EDGE('',*,*,#4629,.F.);
#3223=ORIENTED_EDGE('',*,*,#4533,.T.);
#3224=ORIENTED_EDGE('',*,*,#4630,.F.);
#3225=ORIENTED_EDGE('',*,*,#4534,.T.);
#3226=ORIENTED_EDGE('',*,*,#4631,.F.);
#3227=ORIENTED_EDGE('',*,*,#4535,.T.);
#3228=ORIENTED_EDGE('',*,*,#4632,.F.);
#3229=ORIENTED_EDGE('',*,*,#4536,.T.);
#3230=ORIENTED_EDGE('',*,*,#4633,.F.);
#3231=ORIENTED_EDGE('',*,*,#4537,.T.);
#3232=ORIENTED_EDGE('',*,*,#4634,.F.);
#3233=ORIENTED_EDGE('',*,*,#4538,.T.);
#3234=ORIENTED_EDGE('',*,*,#4635,.F.);
#3235=ORIENTED_EDGE('',*,*,#4539,.T.);
#3236=ORIENTED_EDGE('',*,*,#4636,.F.);
#3237=ORIENTED_EDGE('',*,*,#4540,.T.);
#3238=ORIENTED_EDGE('',*,*,#4637,.F.);
#3239=ORIENTED_EDGE('',*,*,#4541,.T.);
#3240=ORIENTED_EDGE('',*,*,#4638,.F.);
#3241=ORIENTED_EDGE('',*,*,#4542,.T.);
#3242=ORIENTED_EDGE('',*,*,#4639,.F.);
#3243=ORIENTED_EDGE('',*,*,#4543,.T.);
#3244=ORIENTED_EDGE('',*,*,#4640,.F.);
#3245=ORIENTED_EDGE('',*,*,#4544,.T.);
#3246=ORIENTED_EDGE('',*,*,#4641,.F.);
#3247=ORIENTED_EDGE('',*,*,#4545,.T.);
#3248=ORIENTED_EDGE('',*,*,#4642,.F.);
#3249=ORIENTED_EDGE('',*,*,#4546,.T.);
#3250=ORIENTED_EDGE('',*,*,#4643,.F.);
#3251=ORIENTED_EDGE('',*,*,#4547,.T.);
#3252=ORIENTED_EDGE('',*,*,#4644,.F.);
#3253=ORIENTED_EDGE('',*,*,#4548,.T.);
#3254=ORIENTED_EDGE('',*,*,#4645,.F.);
#3255=ORIENTED_EDGE('',*,*,#4549,.T.);
#3256=ORIENTED_EDGE('',*,*,#4646,.F.);
#3257=ORIENTED_EDGE('',*,*,#4550,.T.);
#3258=ORIENTED_EDGE('',*,*,#4647,.F.);
#3259=ORIENTED_EDGE('',*,*,#4551,.T.);
#3260=ORIENTED_EDGE('',*,*,#4648,.F.);
#3261=ORIENTED_EDGE('',*,*,#4552,.T.);
#3262=ORIENTED_EDGE('',*,*,#4649,.F.);
#3263=ORIENTED_EDGE('',*,*,#4553,.T.);
#3264=ORIENTED_EDGE('',*,*,#4650,.F.);
#3265=ORIENTED_EDGE('',*,*,#4554,.T.);
#3266=ORIENTED_EDGE('',*,*,#4651,.F.);
#3267=ORIENTED_EDGE('',*,*,#4555,.T.);
#3268=ORIENTED_EDGE('',*,*,#4652,.F.);
#3269=ORIENTED_EDGE('',*,*,#4556,.T.);
#3270=ORIENTED_EDGE('',*,*,#4653,.F.);
#3271=ORIENTED_EDGE('',*,*,#4557,.T.);
#3272=ORIENTED_EDGE('',*,*,#4654,.F.);
#3273=ORIENTED_EDGE('',*,*,#4558,.T.);
#3274=ORIENTED_EDGE('',*,*,#4655,.F.);
#3275=ORIENTED_EDGE('',*,*,#4559,.T.);
#3276=ORIENTED_EDGE('',*,*,#4656,.F.);
#3277=ORIENTED_EDGE('',*,*,#4560,.T.);
#3278=ORIENTED_EDGE('',*,*,#4657,.F.);
#3279=ORIENTED_EDGE('',*,*,#4561,.T.);
#3280=ORIENTED_EDGE('',*,*,#4658,.F.);
#3281=ORIENTED_EDGE('',*,*,#4562,.T.);
#3282=ORIENTED_EDGE('',*,*,#4659,.F.);
#3283=ORIENTED_EDGE('',*,*,#4563,.T.);
#3284=ORIENTED_EDGE('',*,*,#4660,.F.);
#3285=ORIENTED_EDGE('',*,*,#4564,.T.);
#3286=ORIENTED_EDGE('',*,*,#4661,.F.);
#3287=ORIENTED_EDGE('',*,*,#4565,.T.);
#3288=ORIENTED_EDGE('',*,*,#4662,.F.);
#3289=ORIENTED_EDGE('',*,*,#4566,.T.);
#3290=ORIENTED_EDGE('',*,*,#4663,.F.);
#3291=ORIENTED_EDGE('',*,*,#4567,.T.);
#3292=ORIENTED_EDGE('',*,*,#4664,.F.);
#3293=ORIENTED_EDGE('',*,*,#4568,.T.);
#3294=ORIENTED_EDGE('',*,*,#4665,.F.);
#3295=ORIENTED_EDGE('',*,*,#4569,.T.);
#3296=ORIENTED_EDGE('',*,*,#4666,.F.);
#3297=ORIENTED_EDGE('',*,*,#4570,.T.);
#3298=ORIENTED_EDGE('',*,*,#4667,.F.);
#3299=ORIENTED_EDGE('',*,*,#4571,.T.);
#3300=ORIENTED_EDGE('',*,*,#4668,.F.);
#3301=ORIENTED_EDGE('',*,*,#4572,.T.);
#3302=ORIENTED_EDGE('',*,*,#4669,.F.);
#3303=ORIENTED_EDGE('',*,*,#4573,.T.);
#3304=ORIENTED_EDGE('',*,*,#4670,.F.);
#3305=ORIENTED_EDGE('',*,*,#4574,.T.);
#3306=ORIENTED_EDGE('',*,*,#4671,.F.);
#3307=ORIENTED_EDGE('',*,*,#4575,.T.);
#3308=ORIENTED_EDGE('',*,*,#4672,.F.);
#3309=ORIENTED_EDGE('',*,*,#4576,.T.);
#3310=ORIENTED_EDGE('',*,*,#4673,.F.);
#3311=ORIENTED_EDGE('',*,*,#4577,.T.);
#3312=ORIENTED_EDGE('',*,*,#4674,.F.);
#3313=ORIENTED_EDGE('',*,*,#4578,.T.);
#3314=ORIENTED_EDGE('',*,*,#4679,.F.);
#3315=ORIENTED_EDGE('',*,*,#4680,.T.);
#3316=ORIENTED_EDGE('',*,*,#4680,.F.);
#3317=ORIENTED_EDGE('',*,*,#4681,.T.);
#3318=ORIENTED_EDGE('',*,*,#4679,.T.);
#3319=ORIENTED_EDGE('',*,*,#4682,.F.);
#3320=ORIENTED_EDGE('',*,*,#4681,.F.);
#3321=ORIENTED_EDGE('',*,*,#4683,.T.);
#3322=ORIENTED_EDGE('',*,*,#4684,.F.);
#3323=ORIENTED_EDGE('',*,*,#4682,.T.);
#3324=ORIENTED_EDGE('',*,*,#4685,.T.);
#3325=ORIENTED_EDGE('',*,*,#4683,.F.);
#3326=ORIENTED_EDGE('',*,*,#4684,.T.);
#3327=ORIENTED_EDGE('',*,*,#4686,.F.);
#3328=ORIENTED_EDGE('',*,*,#4685,.F.);
#3329=ORIENTED_EDGE('',*,*,#4686,.T.);
#3330=ORIENTED_EDGE('',*,*,#4687,.F.);
#3331=ORIENTED_EDGE('',*,*,#4688,.T.);
#3332=ORIENTED_EDGE('',*,*,#4689,.T.);
#3333=ORIENTED_EDGE('',*,*,#4687,.T.);
#3334=ORIENTED_EDGE('',*,*,#4690,.F.);
#3335=ORIENTED_EDGE('',*,*,#4689,.F.);
#3336=ORIENTED_EDGE('',*,*,#4691,.T.);
#3337=ORIENTED_EDGE('',*,*,#4690,.T.);
#3338=ORIENTED_EDGE('',*,*,#4692,.F.);
#3339=ORIENTED_EDGE('',*,*,#4691,.F.);
#3340=ORIENTED_EDGE('',*,*,#4688,.F.);
#3341=ORIENTED_EDGE('',*,*,#4692,.T.);
#3342=ORIENTED_EDGE('',*,*,#4693,.F.);
#3343=ORIENTED_EDGE('',*,*,#4694,.T.);
#3344=ORIENTED_EDGE('',*,*,#4694,.F.);
#3345=ORIENTED_EDGE('',*,*,#4695,.T.);
#3346=ORIENTED_EDGE('',*,*,#4693,.T.);
#3347=ORIENTED_EDGE('',*,*,#4696,.F.);
#3348=ORIENTED_EDGE('',*,*,#4695,.F.);
#3349=ORIENTED_EDGE('',*,*,#4697,.T.);
#3350=ORIENTED_EDGE('',*,*,#4698,.F.);
#3351=ORIENTED_EDGE('',*,*,#4696,.T.);
#3352=ORIENTED_EDGE('',*,*,#4699,.T.);
#3353=ORIENTED_EDGE('',*,*,#4697,.F.);
#3354=ORIENTED_EDGE('',*,*,#4698,.T.);
#3355=ORIENTED_EDGE('',*,*,#4700,.F.);
#3356=ORIENTED_EDGE('',*,*,#4699,.F.);
#3357=ORIENTED_EDGE('',*,*,#4700,.T.);
#3358=ORIENTED_EDGE('',*,*,#4701,.F.);
#3359=ORIENTED_EDGE('',*,*,#4702,.T.);
#3360=ORIENTED_EDGE('',*,*,#4703,.T.);
#3361=ORIENTED_EDGE('',*,*,#4701,.T.);
#3362=ORIENTED_EDGE('',*,*,#4704,.F.);
#3363=ORIENTED_EDGE('',*,*,#4703,.F.);
#3364=ORIENTED_EDGE('',*,*,#4705,.T.);
#3365=ORIENTED_EDGE('',*,*,#4704,.T.);
#3366=ORIENTED_EDGE('',*,*,#4706,.F.);
#3367=ORIENTED_EDGE('',*,*,#4705,.F.);
#3368=ORIENTED_EDGE('',*,*,#4702,.F.);
#3369=ORIENTED_EDGE('',*,*,#4706,.T.);
#3370=ORIENTED_EDGE('',*,*,#4707,.F.);
#3371=ORIENTED_EDGE('',*,*,#4708,.T.);
#3372=ORIENTED_EDGE('',*,*,#4709,.T.);
#3373=ORIENTED_EDGE('',*,*,#4707,.T.);
#3374=ORIENTED_EDGE('',*,*,#4710,.F.);
#3375=ORIENTED_EDGE('',*,*,#4709,.F.);
#3376=ORIENTED_EDGE('',*,*,#4711,.T.);
#3377=ORIENTED_EDGE('',*,*,#4710,.T.);
#3378=ORIENTED_EDGE('',*,*,#4712,.F.);
#3379=ORIENTED_EDGE('',*,*,#4711,.F.);
#3380=ORIENTED_EDGE('',*,*,#4708,.F.);
#3381=ORIENTED_EDGE('',*,*,#4712,.T.);
#3382=ORIENTED_EDGE('',*,*,#4713,.F.);
#3383=ORIENTED_EDGE('',*,*,#4714,.T.);
#3384=ORIENTED_EDGE('',*,*,#4714,.F.);
#3385=ORIENTED_EDGE('',*,*,#4715,.T.);
#3386=ORIENTED_EDGE('',*,*,#4713,.T.);
#3387=ORIENTED_EDGE('',*,*,#4716,.F.);
#3388=ORIENTED_EDGE('',*,*,#4715,.F.);
#3389=ORIENTED_EDGE('',*,*,#4717,.T.);
#3390=ORIENTED_EDGE('',*,*,#4718,.F.);
#3391=ORIENTED_EDGE('',*,*,#4716,.T.);
#3392=ORIENTED_EDGE('',*,*,#4719,.T.);
#3393=ORIENTED_EDGE('',*,*,#4717,.F.);
#3394=ORIENTED_EDGE('',*,*,#4718,.T.);
#3395=ORIENTED_EDGE('',*,*,#4720,.F.);
#3396=ORIENTED_EDGE('',*,*,#4719,.F.);
#3397=ORIENTED_EDGE('',*,*,#4720,.T.);
#3398=ORIENTED_EDGE('',*,*,#4721,.F.);
#3399=ORIENTED_EDGE('',*,*,#4722,.T.);
#3400=ORIENTED_EDGE('',*,*,#4723,.T.);
#3401=ORIENTED_EDGE('',*,*,#4722,.F.);
#3402=ORIENTED_EDGE('',*,*,#4724,.F.);
#3403=ORIENTED_EDGE('',*,*,#4721,.T.);
#3404=ORIENTED_EDGE('',*,*,#4723,.F.);
#3405=ORIENTED_EDGE('',*,*,#4725,.T.);
#3406=ORIENTED_EDGE('',*,*,#4726,.T.);
#3407=ORIENTED_EDGE('',*,*,#4724,.T.);
#3408=ORIENTED_EDGE('',*,*,#4727,.T.);
#3409=ORIENTED_EDGE('',*,*,#4728,.T.);
#3410=ORIENTED_EDGE('',*,*,#4725,.F.);
#3411=ORIENTED_EDGE('',*,*,#4729,.T.);
#3412=ORIENTED_EDGE('',*,*,#4726,.F.);
#3413=ORIENTED_EDGE('',*,*,#4727,.F.);
#3414=ORIENTED_EDGE('',*,*,#4730,.F.);
#3415=ORIENTED_EDGE('',*,*,#4731,.T.);
#3416=ORIENTED_EDGE('',*,*,#4728,.F.);
#3417=ORIENTED_EDGE('',*,*,#4732,.T.);
#3418=ORIENTED_EDGE('',*,*,#4729,.F.);
#3419=ORIENTED_EDGE('',*,*,#4730,.T.);
#3420=ORIENTED_EDGE('',*,*,#4731,.F.);
#3421=ORIENTED_EDGE('',*,*,#4732,.F.);
#3422=ORIENTED_EDGE('',*,*,#4733,.F.);
#3423=ORIENTED_EDGE('',*,*,#4734,.T.);
#3424=ORIENTED_EDGE('',*,*,#4734,.F.);
#3425=ORIENTED_EDGE('',*,*,#4735,.T.);
#3426=ORIENTED_EDGE('',*,*,#4733,.T.);
#3427=ORIENTED_EDGE('',*,*,#4736,.F.);
#3428=ORIENTED_EDGE('',*,*,#4735,.F.);
#3429=ORIENTED_EDGE('',*,*,#4737,.T.);
#3430=ORIENTED_EDGE('',*,*,#4738,.F.);
#3431=ORIENTED_EDGE('',*,*,#4736,.T.);
#3432=ORIENTED_EDGE('',*,*,#4739,.T.);
#3433=ORIENTED_EDGE('',*,*,#4737,.F.);
#3434=ORIENTED_EDGE('',*,*,#4738,.T.);
#3435=ORIENTED_EDGE('',*,*,#4740,.F.);
#3436=ORIENTED_EDGE('',*,*,#4739,.F.);
#3437=ORIENTED_EDGE('',*,*,#4740,.T.);
#3438=ORIENTED_EDGE('',*,*,#4741,.F.);
#3439=ORIENTED_EDGE('',*,*,#4742,.T.);
#3440=ORIENTED_EDGE('',*,*,#4742,.F.);
#3441=ORIENTED_EDGE('',*,*,#4743,.T.);
#3442=ORIENTED_EDGE('',*,*,#4741,.T.);
#3443=ORIENTED_EDGE('',*,*,#4744,.F.);
#3444=ORIENTED_EDGE('',*,*,#4743,.F.);
#3445=ORIENTED_EDGE('',*,*,#4745,.T.);
#3446=ORIENTED_EDGE('',*,*,#4746,.F.);
#3447=ORIENTED_EDGE('',*,*,#4744,.T.);
#3448=ORIENTED_EDGE('',*,*,#4747,.T.);
#3449=ORIENTED_EDGE('',*,*,#4745,.F.);
#3450=ORIENTED_EDGE('',*,*,#4746,.T.);
#3451=ORIENTED_EDGE('',*,*,#4748,.F.);
#3452=ORIENTED_EDGE('',*,*,#4747,.F.);
#3453=ORIENTED_EDGE('',*,*,#4748,.T.);
#3454=ORIENTED_EDGE('',*,*,#4749,.F.);
#3455=ORIENTED_EDGE('',*,*,#4750,.T.);
#3456=ORIENTED_EDGE('',*,*,#4750,.F.);
#3457=ORIENTED_EDGE('',*,*,#4751,.T.);
#3458=ORIENTED_EDGE('',*,*,#4749,.T.);
#3459=ORIENTED_EDGE('',*,*,#4752,.F.);
#3460=ORIENTED_EDGE('',*,*,#4751,.F.);
#3461=ORIENTED_EDGE('',*,*,#4753,.T.);
#3462=ORIENTED_EDGE('',*,*,#4754,.F.);
#3463=ORIENTED_EDGE('',*,*,#4752,.T.);
#3464=ORIENTED_EDGE('',*,*,#4755,.T.);
#3465=ORIENTED_EDGE('',*,*,#4753,.F.);
#3466=ORIENTED_EDGE('',*,*,#4754,.T.);
#3467=ORIENTED_EDGE('',*,*,#4756,.F.);
#3468=ORIENTED_EDGE('',*,*,#4755,.F.);
#3469=ORIENTED_EDGE('',*,*,#4756,.T.);
#3470=ORIENTED_EDGE('',*,*,#4757,.F.);
#3471=ORIENTED_EDGE('',*,*,#4758,.T.);
#3472=ORIENTED_EDGE('',*,*,#4759,.T.);
#3473=ORIENTED_EDGE('',*,*,#4757,.T.);
#3474=ORIENTED_EDGE('',*,*,#4760,.F.);
#3475=ORIENTED_EDGE('',*,*,#4759,.F.);
#3476=ORIENTED_EDGE('',*,*,#4761,.T.);
#3477=ORIENTED_EDGE('',*,*,#4760,.T.);
#3478=ORIENTED_EDGE('',*,*,#4762,.F.);
#3479=ORIENTED_EDGE('',*,*,#4761,.F.);
#3480=ORIENTED_EDGE('',*,*,#4758,.F.);
#3481=ORIENTED_EDGE('',*,*,#4762,.T.);
#3482=ORIENTED_EDGE('',*,*,#4763,.F.);
#3483=ORIENTED_EDGE('',*,*,#4764,.T.);
#3484=ORIENTED_EDGE('',*,*,#4764,.F.);
#3485=ORIENTED_EDGE('',*,*,#4765,.T.);
#3486=ORIENTED_EDGE('',*,*,#4763,.T.);
#3487=ORIENTED_EDGE('',*,*,#4766,.F.);
#3488=ORIENTED_EDGE('',*,*,#4765,.F.);
#3489=ORIENTED_EDGE('',*,*,#4767,.T.);
#3490=ORIENTED_EDGE('',*,*,#4768,.F.);
#3491=ORIENTED_EDGE('',*,*,#4766,.T.);
#3492=ORIENTED_EDGE('',*,*,#4769,.T.);
#3493=ORIENTED_EDGE('',*,*,#4767,.F.);
#3494=ORIENTED_EDGE('',*,*,#4768,.T.);
#3495=ORIENTED_EDGE('',*,*,#4770,.F.);
#3496=ORIENTED_EDGE('',*,*,#4769,.F.);
#3497=ORIENTED_EDGE('',*,*,#4770,.T.);
#3498=ORIENTED_EDGE('',*,*,#4771,.F.);
#3499=ORIENTED_EDGE('',*,*,#4772,.T.);
#3500=ORIENTED_EDGE('',*,*,#4773,.T.);
#3501=ORIENTED_EDGE('',*,*,#4771,.T.);
#3502=ORIENTED_EDGE('',*,*,#4774,.F.);
#3503=ORIENTED_EDGE('',*,*,#4773,.F.);
#3504=ORIENTED_EDGE('',*,*,#4775,.T.);
#3505=ORIENTED_EDGE('',*,*,#4774,.T.);
#3506=ORIENTED_EDGE('',*,*,#4776,.F.);
#3507=ORIENTED_EDGE('',*,*,#4775,.F.);
#3508=ORIENTED_EDGE('',*,*,#4772,.F.);
#3509=ORIENTED_EDGE('',*,*,#4776,.T.);
#3510=ORIENTED_EDGE('',*,*,#4777,.F.);
#3511=ORIENTED_EDGE('',*,*,#4778,.T.);
#3512=ORIENTED_EDGE('',*,*,#4779,.T.);
#3513=ORIENTED_EDGE('',*,*,#4777,.T.);
#3514=ORIENTED_EDGE('',*,*,#4780,.F.);
#3515=ORIENTED_EDGE('',*,*,#4779,.F.);
#3516=ORIENTED_EDGE('',*,*,#4781,.T.);
#3517=ORIENTED_EDGE('',*,*,#4780,.T.);
#3518=ORIENTED_EDGE('',*,*,#4782,.F.);
#3519=ORIENTED_EDGE('',*,*,#4781,.F.);
#3520=ORIENTED_EDGE('',*,*,#4778,.F.);
#3521=ORIENTED_EDGE('',*,*,#4782,.T.);
#3522=EDGE_CURVE('',#4783,#4784,#5720,.F.);
#3523=EDGE_CURVE('',#4785,#4784,#5721,.T.);
#3524=EDGE_CURVE('',#4786,#4785,#5722,.T.);
#3525=EDGE_CURVE('',#4786,#4783,#5723,.T.);
#3526=EDGE_CURVE('',#4787,#4788,#5724,.T.);
#3527=EDGE_CURVE('',#4783,#4788,#5725,.T.);
#3528=EDGE_CURVE('',#4786,#4787,#5726,.T.);
#3529=EDGE_CURVE('',#4788,#4789,#5727,.T.);
#3530=EDGE_CURVE('',#4784,#4789,#5728,.T.);
#3531=EDGE_CURVE('',#4790,#4791,#5729,.T.);
#3532=EDGE_CURVE('',#4791,#4792,#5730,.T.);
#3533=EDGE_CURVE('',#4793,#4792,#5731,.F.);
#3534=EDGE_CURVE('',#4790,#4793,#5732,.T.);
#3535=EDGE_CURVE('',#4785,#4794,#5733,.T.);
#3536=EDGE_CURVE('',#4794,#4789,#5734,.T.);
#3537=EDGE_CURVE('',#4787,#4794,#5735,.F.);
#3538=EDGE_CURVE('',#4795,#4795,#613,.T.);
#3539=EDGE_CURVE('',#4796,#4797,#5736,.F.);
#3540=EDGE_CURVE('',#4791,#4797,#5737,.T.);
#3541=EDGE_CURVE('',#4790,#4796,#5738,.T.);
#3542=EDGE_CURVE('',#4793,#4798,#5739,.T.);
#3543=EDGE_CURVE('',#4796,#4798,#5740,.T.);
#3544=EDGE_CURVE('',#4792,#4799,#5741,.T.);
#3545=EDGE_CURVE('',#4798,#4799,#5742,.T.);
#3546=EDGE_CURVE('',#4797,#4799,#5743,.T.);
#3547=EDGE_CURVE('',#4800,#4800,#614,.T.);
#3548=EDGE_CURVE('',#4801,#4802,#5744,.T.);
#3549=EDGE_CURVE('',#4802,#4803,#5745,.T.);
#3550=EDGE_CURVE('',#4803,#4804,#5746,.T.);
#3551=EDGE_CURVE('',#4804,#4805,#5747,.T.);
#3552=EDGE_CURVE('',#4806,#4805,#5748,.F.);
#3553=EDGE_CURVE('',#4806,#4807,#5749,.T.);
#3554=EDGE_CURVE('',#4808,#4807,#5750,.F.);
#3555=EDGE_CURVE('',#4809,#4808,#5751,.T.);
#3556=EDGE_CURVE('',#4810,#4809,#5752,.F.);
#3557=EDGE_CURVE('',#4811,#4810,#5753,.T.);
#3558=EDGE_CURVE('',#4811,#4812,#5754,.T.);
#3559=EDGE_CURVE('',#4801,#4812,#5755,.T.);
#3560=EDGE_CURVE('',#4813,#4814,#5756,.F.);
#3561=EDGE_CURVE('',#4802,#4814,#5757,.T.);
#3562=EDGE_CURVE('',#4801,#4813,#5758,.T.);
#3563=EDGE_CURVE('',#4815,#4812,#5759,.F.);
#3564=EDGE_CURVE('',#4813,#4815,#5760,.T.);
#3565=EDGE_CURVE('',#4811,#4816,#5761,.T.);
#3566=EDGE_CURVE('',#4816,#4815,#5762,.F.);
#3567=EDGE_CURVE('',#4810,#4817,#5763,.T.);
#3568=EDGE_CURVE('',#4816,#4817,#5764,.T.);
#3569=EDGE_CURVE('',#4817,#4818,#5765,.T.);
#3570=EDGE_CURVE('',#4818,#4809,#5766,.F.);
#3571=EDGE_CURVE('',#4808,#4819,#5767,.T.);
#3572=EDGE_CURVE('',#4818,#4819,#5768,.T.);
#3573=EDGE_CURVE('',#4807,#4820,#5769,.T.);
#3574=EDGE_CURVE('',#4819,#4820,#5770,.T.);
#3575=EDGE_CURVE('',#4821,#4806,#5771,.F.);
#3576=EDGE_CURVE('',#4821,#4820,#5772,.T.);
#3577=EDGE_CURVE('',#4821,#4822,#5773,.T.);
#3578=EDGE_CURVE('',#4805,#4822,#5774,.T.);
#3579=EDGE_CURVE('',#4804,#4823,#5775,.T.);
#3580=EDGE_CURVE('',#4823,#4822,#5776,.T.);
#3581=EDGE_CURVE('',#4824,#4803,#5777,.F.);
#3582=EDGE_CURVE('',#4824,#4823,#5778,.F.);
#3583=EDGE_CURVE('',#4814,#4824,#5779,.T.);
#3584=EDGE_CURVE('',#4825,#4825,#615,.T.);
#3585=EDGE_CURVE('',#4826,#4826,#616,.F.);
#3586=EDGE_CURVE('',#4827,#4827,#617,.T.);
#3587=EDGE_CURVE('',#4828,#4828,#618,.T.);
#3588=EDGE_CURVE('',#4829,#4830,#5780,.T.);
#3589=EDGE_CURVE('',#4831,#4829,#5781,.T.);
#3590=EDGE_CURVE('',#4832,#4831,#5782,.T.);
#3591=EDGE_CURVE('',#4833,#4832,#5783,.T.);
#3592=EDGE_CURVE('',#4834,#4833,#5784,.T.);
#3593=EDGE_CURVE('',#4830,#4834,#5785,.T.);
#3594=EDGE_CURVE('',#4835,#4835,#619,.T.);
#3595=EDGE_CURVE('',#4836,#4829,#5786,.F.);
#3596=EDGE_CURVE('',#4837,#4830,#5787,.F.);
#3597=EDGE_CURVE('',#4836,#4837,#5788,.T.);
#3598=EDGE_CURVE('',#4838,#4834,#5789,.F.);
#3599=EDGE_CURVE('',#4837,#4838,#5790,.F.);
#3600=EDGE_CURVE('',#4839,#4833,#5791,.F.);
#3601=EDGE_CURVE('',#4838,#4839,#5792,.T.);
#3602=EDGE_CURVE('',#4840,#4832,#5793,.F.);
#3603=EDGE_CURVE('',#4839,#4840,#5794,.T.);
#3604=EDGE_CURVE('',#4841,#4831,#5795,.F.);
#3605=EDGE_CURVE('',#4840,#4841,#5796,.T.);
#3606=EDGE_CURVE('',#4841,#4836,#5797,.T.);
#3607=EDGE_CURVE('',#4842,#4843,#113,.F.);
#3608=EDGE_CURVE('',#4842,#4844,#5798,.T.);
#3609=EDGE_CURVE('',#4844,#4845,#114,.T.);
#3610=EDGE_CURVE('',#4845,#4843,#5799,.T.);
#3611=EDGE_CURVE('',#4846,#4843,#115,.T.);
#3612=EDGE_CURVE('',#4847,#4846,#116,.T.);
#3613=EDGE_CURVE('',#4848,#4847,#117,.T.);
#3614=EDGE_CURVE('',#4842,#4848,#118,.T.);
#3615=EDGE_CURVE('',#4849,#4850,#5800,.T.);
#3616=EDGE_CURVE('',#4851,#4849,#5801,.T.);
#3617=EDGE_CURVE('',#4851,#4846,#5802,.T.);
#3618=EDGE_CURVE('',#4850,#4845,#119,.F.);
#3619=EDGE_CURVE('',#4844,#4852,#120,.F.);
#3620=EDGE_CURVE('',#4852,#4853,#121,.F.);
#3621=EDGE_CURVE('',#4853,#4850,#122,.F.);
#3622=EDGE_CURVE('',#4854,#4848,#5803,.T.);
#3623=EDGE_CURVE('',#4855,#4854,#123,.F.);
#3624=EDGE_CURVE('',#4856,#4855,#5804,.T.);
#3625=EDGE_CURVE('',#4857,#4856,#124,.F.);
#3626=EDGE_CURVE('',#4852,#4857,#5805,.T.);
#3627=EDGE_CURVE('',#4858,#4859,#5806,.T.);
#3628=EDGE_CURVE('',#4851,#4858,#5807,.F.);
#3629=EDGE_CURVE('',#4849,#4859,#5808,.T.);
#3630=EDGE_CURVE('',#4858,#4860,#5809,.T.);
#3631=EDGE_CURVE('',#4861,#4860,#125,.F.);
#3632=EDGE_CURVE('',#4847,#4861,#5810,.T.);
#3633=EDGE_CURVE('',#4854,#4861,#126,.F.);
#3634=EDGE_CURVE('',#4862,#4853,#5811,.T.);
#3635=EDGE_CURVE('',#4863,#4862,#127,.F.);
#3636=EDGE_CURVE('',#4859,#4863,#5812,.T.);
#3637=EDGE_CURVE('',#4857,#4862,#128,.T.);
#3638=EDGE_CURVE('',#4855,#4864,#129,.T.);
#3639=EDGE_CURVE('',#4860,#4864,#130,.F.);
#3640=EDGE_CURVE('',#4856,#4865,#131,.F.);
#3641=EDGE_CURVE('',#4865,#4863,#132,.F.);
#3642=EDGE_CURVE('',#4864,#4865,#5813,.T.);
#3643=EDGE_CURVE('',#4866,#4867,#5814,.T.);
#3644=EDGE_CURVE('',#4866,#4868,#5815,.T.);
#3645=EDGE_CURVE('',#4868,#4869,#5816,.T.);
#3646=EDGE_CURVE('',#4867,#4869,#5817,.T.);
#3647=EDGE_CURVE('',#4870,#4870,#620,.T.);
#3648=EDGE_CURVE('',#4871,#4871,#621,.T.);
#3649=EDGE_CURVE('',#4872,#4872,#622,.T.);
#3650=EDGE_CURVE('',#4873,#4873,#623,.T.);
#3651=EDGE_CURVE('',#4874,#4875,#624,.T.);
#3652=EDGE_CURVE('',#4876,#4874,#5818,.T.);
#3653=EDGE_CURVE('',#4877,#4876,#5819,.T.);
#3654=EDGE_CURVE('',#4878,#4877,#5820,.T.);
#3655=EDGE_CURVE('',#4875,#4878,#5821,.T.);
#3656=EDGE_CURVE('',#4879,#4879,#625,.T.);
#3657=EDGE_CURVE('',#4880,#4880,#626,.T.);
#3658=EDGE_CURVE('',#4881,#4881,#627,.T.);
#3659=EDGE_CURVE('',#4882,#4882,#628,.T.);
#3660=EDGE_CURVE('',#4883,#4884,#5822,.T.);
#3661=EDGE_CURVE('',#4884,#4885,#5823,.T.);
#3662=EDGE_CURVE('',#4886,#4885,#5824,.T.);
#3663=EDGE_CURVE('',#4883,#4886,#5825,.T.);
#3664=EDGE_CURVE('',#4887,#4888,#5826,.T.);
#3665=EDGE_CURVE('',#4888,#4889,#629,.T.);
#3666=EDGE_CURVE('',#4889,#4890,#5827,.T.);
#3667=EDGE_CURVE('',#4890,#4891,#5828,.T.);
#3668=EDGE_CURVE('',#4891,#4887,#5829,.T.);
#3669=EDGE_CURVE('',#4888,#4874,#5830,.F.);
#3670=EDGE_CURVE('',#4887,#4876,#5831,.T.);
#3671=EDGE_CURVE('',#4875,#4889,#5832,.T.);
#3672=EDGE_CURVE('',#4890,#4878,#5833,.T.);
#3673=EDGE_CURVE('',#4866,#4883,#5834,.T.);
#3674=EDGE_CURVE('',#4867,#4884,#5835,.T.);
#3675=EDGE_CURVE('',#4868,#4886,#5836,.T.);
#3676=EDGE_CURVE('',#4869,#4885,#5837,.T.);
#3677=EDGE_CURVE('',#4891,#4877,#5838,.T.);
#3678=EDGE_CURVE('',#4892,#4892,#630,.T.);
#3679=EDGE_CURVE('',#4893,#4893,#631,.T.);
#3680=EDGE_CURVE('',#4894,#4895,#5839,.F.);
#3681=EDGE_CURVE('',#4895,#4896,#5840,.T.);
#3682=EDGE_CURVE('',#4896,#4897,#5841,.T.);
#3683=EDGE_CURVE('',#4897,#4894,#5842,.F.);
#3684=EDGE_CURVE('',#4898,#4899,#5843,.T.);
#3685=EDGE_CURVE('',#4898,#4900,#5844,.T.);
#3686=EDGE_CURVE('',#4900,#4901,#5845,.T.);
#3687=EDGE_CURVE('',#4899,#4901,#5846,.T.);
#3688=EDGE_CURVE('',#4902,#4902,#632,.T.);
#3689=EDGE_CURVE('',#4903,#4903,#633,.T.);
#3690=EDGE_CURVE('',#4904,#4905,#5847,.T.);
#3691=EDGE_CURVE('',#4904,#4906,#5848,.T.);
#3692=EDGE_CURVE('',#4907,#4906,#5849,.T.);
#3693=EDGE_CURVE('',#4905,#4907,#5850,.T.);
#3694=EDGE_CURVE('',#4908,#4909,#5851,.T.);
#3695=EDGE_CURVE('',#4908,#4910,#5852,.T.);
#3696=EDGE_CURVE('',#4910,#4911,#5853,.T.);
#3697=EDGE_CURVE('',#4909,#4911,#5854,.T.);
#3698=EDGE_CURVE('',#4912,#4913,#5855,.T.);
#3699=EDGE_CURVE('',#4912,#4914,#5856,.T.);
#3700=EDGE_CURVE('',#4914,#4915,#5857,.T.);
#3701=EDGE_CURVE('',#4913,#4915,#5858,.T.);
#3702=EDGE_CURVE('',#4916,#4917,#5859,.T.);
#3703=EDGE_CURVE('',#4917,#4918,#5860,.T.);
#3704=EDGE_CURVE('',#4918,#4919,#5861,.T.);
#3705=EDGE_CURVE('',#4919,#4916,#5862,.T.);
#3706=EDGE_CURVE('',#4920,#4921,#5863,.T.);
#3707=EDGE_CURVE('',#4921,#4922,#5864,.F.);
#3708=EDGE_CURVE('',#4922,#4923,#5865,.F.);
#3709=EDGE_CURVE('',#4923,#4920,#5866,.T.);
#3710=EDGE_CURVE('',#4924,#4925,#5867,.T.);
#3711=EDGE_CURVE('',#4926,#4925,#5868,.T.);
#3712=EDGE_CURVE('',#4927,#4926,#5869,.T.);
#3713=EDGE_CURVE('',#4927,#4924,#5870,.T.);
#3714=EDGE_CURVE('',#4928,#4929,#5871,.T.);
#3715=EDGE_CURVE('',#4928,#4930,#5872,.T.);
#3716=EDGE_CURVE('',#4930,#4931,#5873,.T.);
#3717=EDGE_CURVE('',#4929,#4931,#5874,.T.);
#3718=EDGE_CURVE('',#4932,#4933,#5875,.T.);
#3719=EDGE_CURVE('',#4932,#4921,#634,.T.);
#3720=EDGE_CURVE('',#4920,#4934,#635,.T.);
#3721=EDGE_CURVE('',#4934,#4935,#5876,.T.);
#3722=EDGE_CURVE('',#4935,#4936,#106,.T.);
#3723=EDGE_CURVE('',#4936,#4937,#5877,.T.);
#3724=EDGE_CURVE('',#4926,#4937,#5878,.T.);
#3725=EDGE_CURVE('',#4925,#4938,#5879,.T.);
#3726=EDGE_CURVE('',#4938,#4939,#5880,.T.);
#3727=EDGE_CURVE('',#4939,#4933,#107,.T.);
#3728=EDGE_CURVE('',#4896,#4940,#5881,.T.);
#3729=EDGE_CURVE('',#4940,#4941,#5882,.T.);
#3730=EDGE_CURVE('',#4941,#4897,#5883,.F.);
#3731=EDGE_CURVE('',#4934,#4942,#5884,.F.);
#3732=EDGE_CURVE('',#4942,#4943,#5885,.F.);
#3733=EDGE_CURVE('',#4943,#4935,#5886,.F.);
#3734=EDGE_CURVE('',#4944,#4945,#5887,.T.);
#3735=EDGE_CURVE('',#4945,#4932,#5888,.T.);
#3736=EDGE_CURVE('',#4933,#4944,#5889,.T.);
#3737=EDGE_CURVE('',#4946,#4947,#5890,.T.);
#3738=EDGE_CURVE('',#4947,#4948,#5891,.T.);
#3739=EDGE_CURVE('',#4948,#4949,#5892,.T.);
#3740=EDGE_CURVE('',#4949,#4946,#5893,.T.);
#3741=EDGE_CURVE('',#4950,#4951,#5894,.T.);
#3742=EDGE_CURVE('',#4951,#4952,#5895,.T.);
#3743=EDGE_CURVE('',#4952,#4953,#5896,.T.);
#3744=EDGE_CURVE('',#4953,#4950,#5897,.T.);
#3745=EDGE_CURVE('',#4954,#4955,#5898,.T.);
#3746=EDGE_CURVE('',#4955,#4956,#5899,.T.);
#3747=EDGE_CURVE('',#4956,#4957,#5900,.T.);
#3748=EDGE_CURVE('',#4957,#4954,#5901,.T.);
#3749=EDGE_CURVE('',#4958,#4959,#5902,.T.);
#3750=EDGE_CURVE('',#4959,#4960,#5903,.T.);
#3751=EDGE_CURVE('',#4960,#4961,#5904,.T.);
#3752=EDGE_CURVE('',#4961,#4958,#5905,.T.);
#3753=EDGE_CURVE('',#4911,#4924,#5906,.T.);
#3754=EDGE_CURVE('',#4909,#4927,#5907,.T.);
#3755=EDGE_CURVE('',#4937,#4908,#636,.F.);
#3756=EDGE_CURVE('',#4910,#4938,#637,.T.);
#3757=EDGE_CURVE('',#4929,#4962,#5908,.T.);
#3758=EDGE_CURVE('',#4962,#4963,#5909,.T.);
#3759=EDGE_CURVE('',#4928,#4963,#5910,.T.);
#3760=EDGE_CURVE('',#4963,#4964,#5911,.T.);
#3761=EDGE_CURVE('',#4930,#4964,#5912,.T.);
#3762=EDGE_CURVE('',#4964,#4965,#5913,.T.);
#3763=EDGE_CURVE('',#4931,#4965,#5914,.T.);
#3764=EDGE_CURVE('',#4965,#4962,#5915,.T.);
#3765=EDGE_CURVE('',#4912,#4898,#5916,.T.);
#3766=EDGE_CURVE('',#4913,#4900,#5917,.T.);
#3767=EDGE_CURVE('',#4914,#4899,#5918,.T.);
#3768=EDGE_CURVE('',#4915,#4901,#5919,.T.);
#3769=EDGE_CURVE('',#4942,#4923,#638,.T.);
#3770=EDGE_CURVE('',#4922,#4945,#639,.T.);
#3771=EDGE_CURVE('',#4923,#4940,#640,.T.);
#3772=EDGE_CURVE('',#4941,#4922,#641,.T.);
#3773=EDGE_CURVE('',#4942,#4940,#642,.F.);
#3774=EDGE_CURVE('',#4941,#4945,#643,.F.);
#3775=EDGE_CURVE('',#4943,#4896,#108,.F.);
#3776=EDGE_CURVE('',#4897,#4944,#109,.T.);
#3777=EDGE_CURVE('',#4936,#4895,#110,.F.);
#3778=EDGE_CURVE('',#4894,#4939,#111,.T.);
#3779=EDGE_CURVE('',#4916,#4962,#5920,.T.);
#3780=EDGE_CURVE('',#4963,#4919,#5921,.T.);
#3781=EDGE_CURVE('',#4964,#4918,#5922,.F.);
#3782=EDGE_CURVE('',#4917,#4965,#5923,.T.);
#3783=EDGE_CURVE('',#4966,#4959,#5924,.T.);
#3784=EDGE_CURVE('',#4966,#4967,#5925,.T.);
#3785=EDGE_CURVE('',#4967,#4960,#5926,.T.);
#3786=EDGE_CURVE('',#4967,#4968,#5927,.T.);
#3787=EDGE_CURVE('',#4968,#4961,#5928,.T.);
#3788=EDGE_CURVE('',#4968,#4969,#5929,.T.);
#3789=EDGE_CURVE('',#4969,#4958,#5930,.T.);
#3790=EDGE_CURVE('',#4969,#4966,#5931,.T.);
#3791=EDGE_CURVE('',#4970,#4970,#644,.T.);
#3792=EDGE_CURVE('',#4971,#4955,#5932,.T.);
#3793=EDGE_CURVE('',#4971,#4972,#5933,.T.);
#3794=EDGE_CURVE('',#4972,#4956,#5934,.T.);
#3795=EDGE_CURVE('',#4972,#4973,#5935,.T.);
#3796=EDGE_CURVE('',#4973,#4957,#5936,.T.);
#3797=EDGE_CURVE('',#4973,#4974,#5937,.T.);
#3798=EDGE_CURVE('',#4974,#4954,#5938,.T.);
#3799=EDGE_CURVE('',#4974,#4971,#5939,.T.);
#3800=EDGE_CURVE('',#4975,#4975,#645,.T.);
#3801=EDGE_CURVE('',#4976,#4951,#5940,.T.);
#3802=EDGE_CURVE('',#4976,#4977,#5941,.T.);
#3803=EDGE_CURVE('',#4977,#4952,#5942,.T.);
#3804=EDGE_CURVE('',#4977,#4978,#5943,.T.);
#3805=EDGE_CURVE('',#4978,#4953,#5944,.T.);
#3806=EDGE_CURVE('',#4978,#4979,#5945,.T.);
#3807=EDGE_CURVE('',#4979,#4950,#5946,.T.);
#3808=EDGE_CURVE('',#4979,#4976,#5947,.T.);
#3809=EDGE_CURVE('',#4980,#4980,#646,.T.);
#3810=EDGE_CURVE('',#4981,#4947,#5948,.T.);
#3811=EDGE_CURVE('',#4981,#4982,#5949,.T.);
#3812=EDGE_CURVE('',#4982,#4948,#5950,.T.);
#3813=EDGE_CURVE('',#4982,#4983,#5951,.T.);
#3814=EDGE_CURVE('',#4983,#4949,#5952,.T.);
#3815=EDGE_CURVE('',#4983,#4984,#5953,.T.);
#3816=EDGE_CURVE('',#4984,#4946,#5954,.T.);
#3817=EDGE_CURVE('',#4984,#4981,#5955,.T.);
#3818=EDGE_CURVE('',#4985,#4985,#647,.T.);
#3819=EDGE_CURVE('',#4986,#4986,#648,.T.);
#3820=EDGE_CURVE('',#4987,#4987,#649,.F.);
#3821=EDGE_CURVE('',#4988,#4988,#650,.T.);
#3822=EDGE_CURVE('',#4989,#4989,#651,.F.);
#3823=EDGE_CURVE('',#4990,#4990,#652,.T.);
#3824=EDGE_CURVE('',#4991,#4991,#653,.F.);
#3825=EDGE_CURVE('',#4992,#4992,#654,.T.);
#3826=EDGE_CURVE('',#4993,#4993,#655,.F.);
#3827=EDGE_CURVE('',#4994,#4994,#656,.T.);
#3828=EDGE_CURVE('',#4995,#4995,#657,.T.);
#3829=EDGE_CURVE('',#4996,#4996,#658,.T.);
#3830=EDGE_CURVE('',#4997,#4997,#659,.T.);
#3831=EDGE_CURVE('',#4998,#4907,#5956,.T.);
#3832=EDGE_CURVE('',#4999,#4906,#5957,.T.);
#3833=EDGE_CURVE('',#4999,#4998,#5958,.T.);
#3834=EDGE_CURVE('',#4904,#5000,#5959,.T.);
#3835=EDGE_CURVE('',#4905,#5001,#5960,.T.);
#3836=EDGE_CURVE('',#5000,#5001,#5961,.T.);
#3837=EDGE_CURVE('',#5000,#5002,#5962,.T.);
#3838=EDGE_CURVE('',#5002,#5003,#5963,.T.);
#3839=EDGE_CURVE('',#5003,#4999,#5964,.T.);
#3840=EDGE_CURVE('',#5004,#4998,#5965,.T.);
#3841=EDGE_CURVE('',#5005,#5004,#5966,.T.);
#3842=EDGE_CURVE('',#5001,#5005,#5967,.T.);
#3843=EDGE_CURVE('',#5002,#5005,#5968,.T.);
#3844=EDGE_CURVE('',#5003,#5004,#5969,.T.);
#3845=EDGE_CURVE('',#5006,#5007,#5970,.T.);
#3846=EDGE_CURVE('',#5007,#5008,#5971,.T.);
#3847=EDGE_CURVE('',#5009,#5008,#5972,.T.);
#3848=EDGE_CURVE('',#5009,#5006,#5973,.T.);
#3849=EDGE_CURVE('',#5010,#5011,#5974,.T.);
#3850=EDGE_CURVE('',#5011,#5012,#5975,.T.);
#3851=EDGE_CURVE('',#5013,#5012,#5976,.T.);
#3852=EDGE_CURVE('',#5010,#5013,#5977,.T.);
#3853=EDGE_CURVE('',#5012,#5014,#5978,.T.);
#3854=EDGE_CURVE('',#5014,#5015,#5979,.T.);
#3855=EDGE_CURVE('',#5015,#5009,#5980,.T.);
#3856=EDGE_CURVE('',#5008,#5016,#5981,.T.);
#3857=EDGE_CURVE('',#5017,#5016,#5982,.T.);
#3858=EDGE_CURVE('',#5013,#5017,#5983,.T.);
#3859=EDGE_CURVE('',#5016,#5018,#5984,.T.);
#3860=EDGE_CURVE('',#5019,#5018,#5985,.T.);
#3861=EDGE_CURVE('',#5017,#5019,#5986,.T.);
#3862=EDGE_CURVE('',#5020,#5011,#5987,.T.);
#3863=EDGE_CURVE('',#5019,#5010,#5988,.T.);
#3864=EDGE_CURVE('',#5018,#5007,#5989,.T.);
#3865=EDGE_CURVE('',#5006,#5021,#5990,.T.);
#3866=EDGE_CURVE('',#5020,#5021,#5991,.T.);
#3867=EDGE_CURVE('',#5022,#5022,#660,.T.);
#3868=EDGE_CURVE('',#5023,#5023,#661,.T.);
#3869=EDGE_CURVE('',#5021,#5015,#5992,.T.);
#3870=EDGE_CURVE('',#5014,#5020,#5993,.T.);
#3871=EDGE_CURVE('',#5024,#5024,#662,.T.);
#3872=EDGE_CURVE('',#5025,#5025,#663,.T.);
#3873=EDGE_CURVE('',#5026,#5026,#664,.F.);
#3874=EDGE_CURVE('',#5027,#5027,#665,.F.);
#3875=EDGE_CURVE('',#5028,#5028,#666,.T.);
#3876=EDGE_CURVE('',#5029,#5029,#667,.T.);
#3877=EDGE_CURVE('',#5030,#5031,#5994,.T.);
#3878=EDGE_CURVE('',#5032,#5030,#5995,.T.);
#3879=EDGE_CURVE('',#5032,#5033,#5996,.T.);
#3880=EDGE_CURVE('',#5033,#5031,#5997,.T.);
#3881=EDGE_CURVE('',#5031,#5034,#5998,.T.);
#3882=EDGE_CURVE('',#5033,#5035,#5999,.T.);
#3883=EDGE_CURVE('',#5035,#5034,#6000,.T.);
#3884=EDGE_CURVE('',#5034,#5036,#6001,.T.);
#3885=EDGE_CURVE('',#5035,#5037,#6002,.T.);
#3886=EDGE_CURVE('',#5037,#5036,#6003,.T.);
#3887=EDGE_CURVE('',#5036,#5030,#6004,.T.);
#3888=EDGE_CURVE('',#5037,#5032,#6005,.T.);
#3889=EDGE_CURVE('',#5038,#5039,#6006,.T.);
#3890=EDGE_CURVE('',#5040,#5038,#6007,.T.);
#3891=EDGE_CURVE('',#5040,#5041,#6008,.T.);
#3892=EDGE_CURVE('',#5041,#5039,#6009,.T.);
#3893=EDGE_CURVE('',#5039,#5042,#6010,.T.);
#3894=EDGE_CURVE('',#5041,#5043,#6011,.T.);
#3895=EDGE_CURVE('',#5043,#5042,#6012,.T.);
#3896=EDGE_CURVE('',#5042,#5044,#6013,.T.);
#3897=EDGE_CURVE('',#5043,#5045,#6014,.T.);
#3898=EDGE_CURVE('',#5045,#5044,#6015,.T.);
#3899=EDGE_CURVE('',#5044,#5038,#6016,.T.);
#3900=EDGE_CURVE('',#5045,#5040,#6017,.T.);
#3901=EDGE_CURVE('',#5046,#5047,#6018,.T.);
#3902=EDGE_CURVE('',#5048,#5046,#6019,.T.);
#3903=EDGE_CURVE('',#5048,#5049,#6020,.T.);
#3904=EDGE_CURVE('',#5049,#5047,#6021,.T.);
#3905=EDGE_CURVE('',#5047,#5050,#6022,.T.);
#3906=EDGE_CURVE('',#5049,#5051,#6023,.T.);
#3907=EDGE_CURVE('',#5051,#5050,#6024,.T.);
#3908=EDGE_CURVE('',#5050,#5052,#6025,.T.);
#3909=EDGE_CURVE('',#5051,#5053,#6026,.T.);
#3910=EDGE_CURVE('',#5053,#5052,#6027,.T.);
#3911=EDGE_CURVE('',#5052,#5046,#6028,.T.);
#3912=EDGE_CURVE('',#5053,#5054,#6029,.T.);
#3913=EDGE_CURVE('',#5054,#5055,#6030,.T.);
#3914=EDGE_CURVE('',#5055,#5048,#6031,.T.);
#3915=EDGE_CURVE('',#5056,#5057,#6032,.T.);
#3916=EDGE_CURVE('',#5057,#5058,#6033,.T.);
#3917=EDGE_CURVE('',#5058,#5059,#6034,.T.);
#3918=EDGE_CURVE('',#5059,#5056,#6035,.T.);
#3919=EDGE_CURVE('',#5055,#5060,#6036,.T.);
#3920=EDGE_CURVE('',#5060,#5061,#6037,.T.);
#3921=EDGE_CURVE('',#5061,#5054,#6038,.T.);
#3922=EDGE_CURVE('',#5054,#5062,#6039,.T.);
#3923=EDGE_CURVE('',#5062,#5063,#6040,.T.);
#3924=EDGE_CURVE('',#5063,#5055,#6041,.T.);
#3925=EDGE_CURVE('',#5064,#5063,#6042,.T.);
#3926=EDGE_CURVE('',#5064,#5065,#6043,.T.);
#3927=EDGE_CURVE('',#5065,#5060,#6044,.T.);
#3928=EDGE_CURVE('',#5065,#5066,#6045,.T.);
#3929=EDGE_CURVE('',#5066,#5061,#6046,.T.);
#3930=EDGE_CURVE('',#5066,#5067,#6047,.T.);
#3931=EDGE_CURVE('',#5067,#5062,#6048,.T.);
#3932=EDGE_CURVE('',#5067,#5064,#6049,.T.);
#3933=EDGE_CURVE('',#5068,#5057,#6050,.T.);
#3934=EDGE_CURVE('',#5068,#5069,#6051,.T.);
#3935=EDGE_CURVE('',#5069,#5058,#6052,.T.);
#3936=EDGE_CURVE('',#5069,#5070,#6053,.T.);
#3937=EDGE_CURVE('',#5070,#5059,#6054,.T.);
#3938=EDGE_CURVE('',#5070,#5071,#6055,.T.);
#3939=EDGE_CURVE('',#5071,#5056,#6056,.T.);
#3940=EDGE_CURVE('',#5071,#5068,#6057,.T.);
#3941=EDGE_CURVE('',#5072,#5073,#6058,.T.);
#3942=EDGE_CURVE('',#5074,#5072,#6059,.T.);
#3943=EDGE_CURVE('',#5074,#5075,#6060,.T.);
#3944=EDGE_CURVE('',#5075,#5073,#6061,.F.);
#3945=EDGE_CURVE('',#5072,#5076,#6062,.F.);
#3946=EDGE_CURVE('',#5077,#5076,#6063,.F.);
#3947=EDGE_CURVE('',#5074,#5077,#6064,.F.);
#3948=EDGE_CURVE('',#5076,#5078,#6065,.T.);
#3949=EDGE_CURVE('',#5079,#5078,#6066,.T.);
#3950=EDGE_CURVE('',#5077,#5079,#6067,.T.);
#3951=EDGE_CURVE('',#5080,#5080,#668,.F.);
#3952=EDGE_CURVE('',#5081,#5081,#669,.F.);
#3953=EDGE_CURVE('',#5082,#5082,#670,.F.);
#3954=EDGE_CURVE('',#5083,#5083,#671,.F.);
#3955=EDGE_CURVE('',#5073,#5078,#6068,.F.);
#3956=EDGE_CURVE('',#5075,#5079,#6069,.F.);
#3957=EDGE_CURVE('',#5084,#5085,#6070,.F.);
#3958=EDGE_CURVE('',#5086,#5084,#6071,.T.);
#3959=EDGE_CURVE('',#5086,#5087,#6072,.F.);
#3960=EDGE_CURVE('',#5087,#5085,#6073,.T.);
#3961=EDGE_CURVE('',#5088,#5084,#6074,.F.);
#3962=EDGE_CURVE('',#5089,#5085,#6075,.F.);
#3963=EDGE_CURVE('',#5089,#5088,#6076,.T.);
#3964=EDGE_CURVE('',#5090,#5087,#6077,.F.);
#3965=EDGE_CURVE('',#5089,#5090,#6078,.F.);
#3966=EDGE_CURVE('',#5091,#5086,#6079,.T.);
#3967=EDGE_CURVE('',#5090,#5091,#6080,.T.);
#3968=EDGE_CURVE('',#5088,#5091,#6081,.F.);
#3969=EDGE_CURVE('',#5092,#5092,#672,.F.);
#3970=EDGE_CURVE('',#5093,#5093,#673,.T.);
#3971=EDGE_CURVE('',#5094,#5094,#674,.T.);
#3972=EDGE_CURVE('',#5095,#5095,#675,.F.);
#3973=EDGE_CURVE('',#5096,#5096,#676,.T.);
#3974=EDGE_CURVE('',#5097,#5097,#677,.T.);
#3975=EDGE_CURVE('',#5098,#5099,#6082,.T.);
#3976=EDGE_CURVE('',#5099,#5100,#6083,.F.);
#3977=EDGE_CURVE('',#5101,#5100,#6084,.T.);
#3978=EDGE_CURVE('',#5098,#5101,#6085,.F.);
#3979=EDGE_CURVE('',#5102,#5098,#6086,.T.);
#3980=EDGE_CURVE('',#5103,#5101,#6087,.F.);
#3981=EDGE_CURVE('',#5102,#5103,#6088,.F.);
#3982=EDGE_CURVE('',#5099,#5104,#6089,.T.);
#3983=EDGE_CURVE('',#5104,#5105,#6090,.F.);
#3984=EDGE_CURVE('',#5100,#5105,#6091,.F.);
#3985=EDGE_CURVE('',#5106,#5102,#6092,.T.);
#3986=EDGE_CURVE('',#5107,#5106,#6093,.T.);
#3987=EDGE_CURVE('',#5108,#5107,#6094,.T.);
#3988=EDGE_CURVE('',#5109,#5108,#6095,.T.);
#3989=EDGE_CURVE('',#5110,#5109,#6096,.T.);
#3990=EDGE_CURVE('',#5111,#5110,#6097,.T.);
#3991=EDGE_CURVE('',#5112,#5111,#6098,.T.);
#3992=EDGE_CURVE('',#5113,#5112,#6099,.T.);
#3993=EDGE_CURVE('',#5114,#5113,#6100,.T.);
#3994=EDGE_CURVE('',#5115,#5114,#6101,.T.);
#3995=EDGE_CURVE('',#5116,#5115,#6102,.T.);
#3996=EDGE_CURVE('',#5117,#5116,#6103,.T.);
#3997=EDGE_CURVE('',#5118,#5117,#6104,.T.);
#3998=EDGE_CURVE('',#5119,#5118,#6105,.T.);
#3999=EDGE_CURVE('',#5120,#5119,#6106,.T.);
#4000=EDGE_CURVE('',#5121,#5120,#6107,.T.);
#4001=EDGE_CURVE('',#5122,#5121,#6108,.T.);
#4002=EDGE_CURVE('',#5123,#5122,#6109,.T.);
#4003=EDGE_CURVE('',#5124,#5123,#6110,.T.);
#4004=EDGE_CURVE('',#5125,#5124,#6111,.T.);
#4005=EDGE_CURVE('',#5126,#5125,#6112,.T.);
#4006=EDGE_CURVE('',#5127,#5126,#6113,.T.);
#4007=EDGE_CURVE('',#5128,#5127,#6114,.T.);
#4008=EDGE_CURVE('',#5129,#5128,#6115,.T.);
#4009=EDGE_CURVE('',#5130,#5129,#6116,.T.);
#4010=EDGE_CURVE('',#5131,#5130,#6117,.T.);
#4011=EDGE_CURVE('',#5132,#5131,#6118,.T.);
#4012=EDGE_CURVE('',#5133,#5132,#6119,.T.);
#4013=EDGE_CURVE('',#5134,#5133,#6120,.T.);
#4014=EDGE_CURVE('',#5135,#5134,#6121,.T.);
#4015=EDGE_CURVE('',#5136,#5135,#6122,.T.);
#4016=EDGE_CURVE('',#5137,#5136,#6123,.T.);
#4017=EDGE_CURVE('',#5138,#5137,#6124,.T.);
#4018=EDGE_CURVE('',#5139,#5138,#6125,.T.);
#4019=EDGE_CURVE('',#5140,#5139,#6126,.T.);
#4020=EDGE_CURVE('',#5141,#5140,#6127,.T.);
#4021=EDGE_CURVE('',#5142,#5141,#6128,.T.);
#4022=EDGE_CURVE('',#5143,#5142,#6129,.T.);
#4023=EDGE_CURVE('',#5144,#5143,#6130,.T.);
#4024=EDGE_CURVE('',#5145,#5144,#6131,.T.);
#4025=EDGE_CURVE('',#5146,#5145,#6132,.T.);
#4026=EDGE_CURVE('',#5147,#5146,#6133,.T.);
#4027=EDGE_CURVE('',#5148,#5147,#6134,.T.);
#4028=EDGE_CURVE('',#5149,#5148,#6135,.T.);
#4029=EDGE_CURVE('',#5150,#5149,#6136,.T.);
#4030=EDGE_CURVE('',#5151,#5150,#6137,.T.);
#4031=EDGE_CURVE('',#5104,#5151,#6138,.T.);
#4032=EDGE_CURVE('',#5152,#5153,#6139,.T.);
#4033=EDGE_CURVE('',#5153,#5154,#6140,.F.);
#4034=EDGE_CURVE('',#5155,#5154,#6141,.F.);
#4035=EDGE_CURVE('',#5152,#5155,#6142,.F.);
#4036=EDGE_CURVE('',#5156,#5157,#6143,.F.);
#4037=EDGE_CURVE('',#5158,#5156,#6144,.F.);
#4038=EDGE_CURVE('',#5158,#5159,#6145,.T.);
#4039=EDGE_CURVE('',#5159,#5157,#6146,.F.);
#4040=EDGE_CURVE('',#5160,#5161,#6147,.F.);
#4041=EDGE_CURVE('',#5162,#5161,#6148,.F.);
#4042=EDGE_CURVE('',#5163,#5162,#6149,.F.);
#4043=EDGE_CURVE('',#5163,#5160,#6150,.T.);
#4044=EDGE_CURVE('',#5164,#5165,#6151,.F.);
#4045=EDGE_CURVE('',#5166,#5164,#6152,.F.);
#4046=EDGE_CURVE('',#5166,#5167,#6153,.T.);
#4047=EDGE_CURVE('',#5167,#5165,#6154,.F.);
#4048=EDGE_CURVE('',#5168,#5169,#6155,.F.);
#4049=EDGE_CURVE('',#5170,#5169,#6156,.F.);
#4050=EDGE_CURVE('',#5171,#5170,#6157,.F.);
#4051=EDGE_CURVE('',#5171,#5168,#6158,.T.);
#4052=EDGE_CURVE('',#5172,#5173,#6159,.F.);
#4053=EDGE_CURVE('',#5174,#5172,#6160,.F.);
#4054=EDGE_CURVE('',#5174,#5175,#6161,.T.);
#4055=EDGE_CURVE('',#5175,#5173,#6162,.F.);
#4056=EDGE_CURVE('',#5176,#5177,#6163,.T.);
#4057=EDGE_CURVE('',#5177,#5178,#6164,.F.);
#4058=EDGE_CURVE('',#5179,#5178,#6165,.F.);
#4059=EDGE_CURVE('',#5176,#5179,#6166,.F.);
#4060=EDGE_CURVE('',#5180,#5181,#6167,.F.);
#4061=EDGE_CURVE('',#5182,#5181,#6168,.F.);
#4062=EDGE_CURVE('',#5183,#5182,#6169,.F.);
#4063=EDGE_CURVE('',#5183,#5180,#6170,.T.);
#4064=EDGE_CURVE('',#5105,#5184,#6171,.T.);
#4065=EDGE_CURVE('',#5184,#5185,#6172,.T.);
#4066=EDGE_CURVE('',#5185,#5186,#6173,.F.);
#4067=EDGE_CURVE('',#5186,#5187,#6174,.T.);
#4068=EDGE_CURVE('',#5187,#5188,#6175,.T.);
#4069=EDGE_CURVE('',#5188,#5189,#6176,.F.);
#4070=EDGE_CURVE('',#5189,#5190,#6177,.T.);
#4071=EDGE_CURVE('',#5190,#5191,#6178,.T.);
#4072=EDGE_CURVE('',#5191,#5192,#6179,.F.);
#4073=EDGE_CURVE('',#5192,#5193,#6180,.T.);
#4074=EDGE_CURVE('',#5193,#5194,#6181,.T.);
#4075=EDGE_CURVE('',#5194,#5195,#6182,.F.);
#4076=EDGE_CURVE('',#5195,#5196,#6183,.T.);
#4077=EDGE_CURVE('',#5196,#5197,#6184,.T.);
#4078=EDGE_CURVE('',#5197,#5198,#6185,.F.);
#4079=EDGE_CURVE('',#5198,#5199,#6186,.T.);
#4080=EDGE_CURVE('',#5199,#5200,#6187,.T.);
#4081=EDGE_CURVE('',#5200,#5201,#6188,.F.);
#4082=EDGE_CURVE('',#5201,#5202,#6189,.T.);
#4083=EDGE_CURVE('',#5202,#5203,#6190,.T.);
#4084=EDGE_CURVE('',#5203,#5204,#6191,.F.);
#4085=EDGE_CURVE('',#5204,#5205,#6192,.T.);
#4086=EDGE_CURVE('',#5205,#5206,#6193,.T.);
#4087=EDGE_CURVE('',#5206,#5207,#6194,.T.);
#4088=EDGE_CURVE('',#5207,#5208,#6195,.T.);
#4089=EDGE_CURVE('',#5208,#5209,#6196,.T.);
#4090=EDGE_CURVE('',#5209,#5210,#6197,.T.);
#4091=EDGE_CURVE('',#5210,#5211,#6198,.T.);
#4092=EDGE_CURVE('',#5211,#5212,#6199,.T.);
#4093=EDGE_CURVE('',#5212,#5213,#6200,.T.);
#4094=EDGE_CURVE('',#5213,#5214,#6201,.T.);
#4095=EDGE_CURVE('',#5214,#5215,#6202,.T.);
#4096=EDGE_CURVE('',#5215,#5216,#6203,.T.);
#4097=EDGE_CURVE('',#5216,#5217,#6204,.T.);
#4098=EDGE_CURVE('',#5217,#5218,#6205,.T.);
#4099=EDGE_CURVE('',#5218,#5219,#6206,.T.);
#4100=EDGE_CURVE('',#5219,#5220,#6207,.T.);
#4101=EDGE_CURVE('',#5220,#5221,#6208,.T.);
#4102=EDGE_CURVE('',#5221,#5222,#6209,.T.);
#4103=EDGE_CURVE('',#5222,#5223,#6210,.T.);
#4104=EDGE_CURVE('',#5223,#5224,#6211,.T.);
#4105=EDGE_CURVE('',#5224,#5225,#6212,.T.);
#4106=EDGE_CURVE('',#5225,#5226,#6213,.T.);
#4107=EDGE_CURVE('',#5226,#5227,#6214,.T.);
#4108=EDGE_CURVE('',#5227,#5228,#6215,.T.);
#4109=EDGE_CURVE('',#5228,#5229,#6216,.T.);
#4110=EDGE_CURVE('',#5229,#5103,#6217,.T.);
#4111=EDGE_CURVE('',#5230,#5231,#6218,.F.);
#4112=EDGE_CURVE('',#5231,#5232,#6219,.T.);
#4113=EDGE_CURVE('',#5233,#5232,#6220,.F.);
#4114=EDGE_CURVE('',#5230,#5233,#6221,.F.);
#4115=EDGE_CURVE('',#5234,#5235,#6222,.F.);
#4116=EDGE_CURVE('',#5236,#5234,#6223,.F.);
#4117=EDGE_CURVE('',#5236,#5237,#6224,.F.);
#4118=EDGE_CURVE('',#5237,#5235,#6225,.T.);
#4119=EDGE_CURVE('',#5238,#5239,#6226,.F.);
#4120=EDGE_CURVE('',#5238,#5240,#6227,.F.);
#4121=EDGE_CURVE('',#5240,#5241,#6228,.T.);
#4122=EDGE_CURVE('',#5239,#5241,#6229,.F.);
#4123=EDGE_CURVE('',#5242,#5243,#6230,.F.);
#4124=EDGE_CURVE('',#5244,#5242,#6231,.F.);
#4125=EDGE_CURVE('',#5244,#5245,#6232,.F.);
#4126=EDGE_CURVE('',#5245,#5243,#6233,.T.);
#4127=EDGE_CURVE('',#5246,#5247,#6234,.F.);
#4128=EDGE_CURVE('',#5246,#5248,#6235,.F.);
#4129=EDGE_CURVE('',#5248,#5249,#6236,.T.);
#4130=EDGE_CURVE('',#5247,#5249,#6237,.F.);
#4131=EDGE_CURVE('',#5250,#5251,#6238,.F.);
#4132=EDGE_CURVE('',#5252,#5250,#6239,.F.);
#4133=EDGE_CURVE('',#5252,#5253,#6240,.F.);
#4134=EDGE_CURVE('',#5253,#5251,#6241,.T.);
#4135=EDGE_CURVE('',#5254,#5255,#6242,.F.);
#4136=EDGE_CURVE('',#5255,#5256,#6243,.T.);
#4137=EDGE_CURVE('',#5257,#5256,#6244,.F.);
#4138=EDGE_CURVE('',#5254,#5257,#6245,.F.);
#4139=EDGE_CURVE('',#5258,#5259,#6246,.F.);
#4140=EDGE_CURVE('',#5258,#5260,#6247,.F.);
#4141=EDGE_CURVE('',#5260,#5261,#6248,.T.);
#4142=EDGE_CURVE('',#5259,#5261,#6249,.F.);
#4143=EDGE_CURVE('',#5106,#5229,#6250,.F.);
#4144=EDGE_CURVE('',#5151,#5184,#6251,.F.);
#4145=EDGE_CURVE('',#5107,#5228,#6252,.F.);
#4146=EDGE_CURVE('',#5150,#5185,#6253,.F.);
#4147=EDGE_CURVE('',#5108,#5227,#6254,.F.);
#4148=EDGE_CURVE('',#5149,#5186,#6255,.F.);
#4149=EDGE_CURVE('',#5109,#5226,#6256,.F.);
#4150=EDGE_CURVE('',#5148,#5187,#6257,.F.);
#4151=EDGE_CURVE('',#5110,#5225,#6258,.F.);
#4152=EDGE_CURVE('',#5147,#5188,#6259,.F.);
#4153=EDGE_CURVE('',#5111,#5224,#6260,.F.);
#4154=EDGE_CURVE('',#5146,#5189,#6261,.F.);
#4155=EDGE_CURVE('',#5112,#5223,#6262,.F.);
#4156=EDGE_CURVE('',#5145,#5190,#6263,.F.);
#4157=EDGE_CURVE('',#5113,#5222,#6264,.F.);
#4158=EDGE_CURVE('',#5144,#5191,#6265,.F.);
#4159=EDGE_CURVE('',#5114,#5221,#6266,.F.);
#4160=EDGE_CURVE('',#5143,#5192,#6267,.F.);
#4161=EDGE_CURVE('',#5115,#5220,#6268,.F.);
#4162=EDGE_CURVE('',#5142,#5193,#6269,.F.);
#4163=EDGE_CURVE('',#5116,#5219,#6270,.F.);
#4164=EDGE_CURVE('',#5141,#5194,#6271,.F.);
#4165=EDGE_CURVE('',#5117,#5218,#6272,.F.);
#4166=EDGE_CURVE('',#5140,#5195,#6273,.F.);
#4167=EDGE_CURVE('',#5118,#5217,#6274,.F.);
#4168=EDGE_CURVE('',#5139,#5196,#6275,.F.);
#4169=EDGE_CURVE('',#5119,#5216,#6276,.F.);
#4170=EDGE_CURVE('',#5138,#5197,#6277,.F.);
#4171=EDGE_CURVE('',#5120,#5215,#6278,.F.);
#4172=EDGE_CURVE('',#5137,#5198,#6279,.F.);
#4173=EDGE_CURVE('',#5121,#5214,#6280,.F.);
#4174=EDGE_CURVE('',#5136,#5199,#6281,.F.);
#4175=EDGE_CURVE('',#5122,#5213,#6282,.F.);
#4176=EDGE_CURVE('',#5135,#5200,#6283,.F.);
#4177=EDGE_CURVE('',#5123,#5212,#6284,.F.);
#4178=EDGE_CURVE('',#5134,#5201,#6285,.F.);
#4179=EDGE_CURVE('',#5124,#5211,#6286,.F.);
#4180=EDGE_CURVE('',#5133,#5202,#6287,.F.);
#4181=EDGE_CURVE('',#5125,#5210,#6288,.F.);
#4182=EDGE_CURVE('',#5132,#5203,#6289,.F.);
#4183=EDGE_CURVE('',#5126,#5209,#6290,.F.);
#4184=EDGE_CURVE('',#5131,#5204,#6291,.F.);
#4185=EDGE_CURVE('',#5127,#5208,#6292,.F.);
#4186=EDGE_CURVE('',#5130,#5205,#6293,.F.);
#4187=EDGE_CURVE('',#5128,#5207,#6294,.F.);
#4188=EDGE_CURVE('',#5129,#5206,#6295,.F.);
#4189=EDGE_CURVE('',#5262,#5155,#6296,.T.);
#4190=EDGE_CURVE('',#5262,#5263,#6297,.T.);
#4191=EDGE_CURVE('',#5263,#5152,#6298,.T.);
#4192=EDGE_CURVE('',#5263,#5264,#6299,.F.);
#4193=EDGE_CURVE('',#5264,#5153,#6300,.T.);
#4194=EDGE_CURVE('',#5265,#5264,#6301,.F.);
#4195=EDGE_CURVE('',#5265,#5154,#6302,.T.);
#4196=EDGE_CURVE('',#5262,#5265,#6303,.T.);
#4197=EDGE_CURVE('',#5266,#5159,#6304,.T.);
#4198=EDGE_CURVE('',#5267,#5266,#6305,.F.);
#4199=EDGE_CURVE('',#5267,#5157,#6306,.T.);
#4200=EDGE_CURVE('',#5268,#5267,#6307,.T.);
#4201=EDGE_CURVE('',#5268,#5156,#6308,.T.);
#4202=EDGE_CURVE('',#5268,#5269,#6309,.T.);
#4203=EDGE_CURVE('',#5269,#5158,#6310,.T.);
#4204=EDGE_CURVE('',#5269,#5266,#6311,.F.);
#4205=EDGE_CURVE('',#5270,#5163,#6312,.T.);
#4206=EDGE_CURVE('',#5270,#5271,#6313,.F.);
#4207=EDGE_CURVE('',#5271,#5160,#6314,.T.);
#4208=EDGE_CURVE('',#5272,#5271,#6315,.F.);
#4209=EDGE_CURVE('',#5272,#5161,#6316,.T.);
#4210=EDGE_CURVE('',#5273,#5272,#6317,.T.);
#4211=EDGE_CURVE('',#5273,#5162,#6318,.T.);
#4212=EDGE_CURVE('',#5273,#5270,#6319,.T.);
#4213=EDGE_CURVE('',#5274,#5167,#6320,.T.);
#4214=EDGE_CURVE('',#5275,#5274,#6321,.F.);
#4215=EDGE_CURVE('',#5275,#5165,#6322,.T.);
#4216=EDGE_CURVE('',#5276,#5275,#6323,.T.);
#4217=EDGE_CURVE('',#5276,#5164,#6324,.T.);
#4218=EDGE_CURVE('',#5276,#5277,#6325,.T.);
#4219=EDGE_CURVE('',#5277,#5166,#6326,.T.);
#4220=EDGE_CURVE('',#5277,#5274,#6327,.F.);
#4221=EDGE_CURVE('',#5278,#5171,#6328,.T.);
#4222=EDGE_CURVE('',#5278,#5279,#6329,.F.);
#4223=EDGE_CURVE('',#5279,#5168,#6330,.T.);
#4224=EDGE_CURVE('',#5280,#5279,#6331,.F.);
#4225=EDGE_CURVE('',#5280,#5169,#6332,.T.);
#4226=EDGE_CURVE('',#5281,#5280,#6333,.T.);
#4227=EDGE_CURVE('',#5281,#5170,#6334,.T.);
#4228=EDGE_CURVE('',#5281,#5278,#6335,.T.);
#4229=EDGE_CURVE('',#5282,#5175,#6336,.T.);
#4230=EDGE_CURVE('',#5283,#5282,#6337,.F.);
#4231=EDGE_CURVE('',#5283,#5173,#6338,.T.);
#4232=EDGE_CURVE('',#5284,#5283,#6339,.T.);
#4233=EDGE_CURVE('',#5284,#5172,#6340,.T.);
#4234=EDGE_CURVE('',#5284,#5285,#6341,.T.);
#4235=EDGE_CURVE('',#5285,#5174,#6342,.T.);
#4236=EDGE_CURVE('',#5285,#5282,#6343,.F.);
#4237=EDGE_CURVE('',#5286,#5179,#6344,.T.);
#4238=EDGE_CURVE('',#5286,#5287,#6345,.T.);
#4239=EDGE_CURVE('',#5287,#5176,#6346,.T.);
#4240=EDGE_CURVE('',#5287,#5288,#6347,.F.);
#4241=EDGE_CURVE('',#5288,#5177,#6348,.T.);
#4242=EDGE_CURVE('',#5289,#5288,#6349,.F.);
#4243=EDGE_CURVE('',#5289,#5178,#6350,.T.);
#4244=EDGE_CURVE('',#5286,#5289,#6351,.T.);
#4245=EDGE_CURVE('',#5290,#5183,#6352,.T.);
#4246=EDGE_CURVE('',#5290,#5291,#6353,.F.);
#4247=EDGE_CURVE('',#5291,#5180,#6354,.T.);
#4248=EDGE_CURVE('',#5292,#5291,#6355,.F.);
#4249=EDGE_CURVE('',#5292,#5181,#6356,.T.);
#4250=EDGE_CURVE('',#5293,#5292,#6357,.T.);
#4251=EDGE_CURVE('',#5293,#5182,#6358,.T.);
#4252=EDGE_CURVE('',#5293,#5290,#6359,.T.);
#4253=EDGE_CURVE('',#5294,#5295,#6360,.F.);
#4254=EDGE_CURVE('',#5231,#5294,#6361,.T.);
#4255=EDGE_CURVE('',#5230,#5295,#6362,.T.);
#4256=EDGE_CURVE('',#5233,#5296,#6363,.T.);
#4257=EDGE_CURVE('',#5295,#5296,#6364,.T.);
#4258=EDGE_CURVE('',#5232,#5297,#6365,.T.);
#4259=EDGE_CURVE('',#5297,#5296,#6366,.T.);
#4260=EDGE_CURVE('',#5294,#5297,#6367,.F.);
#4261=EDGE_CURVE('',#5234,#5298,#6368,.T.);
#4262=EDGE_CURVE('',#5235,#5299,#6369,.T.);
#4263=EDGE_CURVE('',#5299,#5298,#6370,.T.);
#4264=EDGE_CURVE('',#5300,#5299,#6371,.F.);
#4265=EDGE_CURVE('',#5237,#5300,#6372,.T.);
#4266=EDGE_CURVE('',#5300,#5301,#6373,.F.);
#4267=EDGE_CURVE('',#5236,#5301,#6374,.T.);
#4268=EDGE_CURVE('',#5301,#5298,#6375,.T.);
#4269=EDGE_CURVE('',#5238,#5302,#6376,.T.);
#4270=EDGE_CURVE('',#5239,#5303,#6377,.T.);
#4271=EDGE_CURVE('',#5302,#5303,#6378,.T.);
#4272=EDGE_CURVE('',#5241,#5304,#6379,.T.);
#4273=EDGE_CURVE('',#5304,#5303,#6380,.T.);
#4274=EDGE_CURVE('',#5305,#5304,#6381,.F.);
#4275=EDGE_CURVE('',#5240,#5305,#6382,.T.);
#4276=EDGE_CURVE('',#5305,#5302,#6383,.F.);
#4277=EDGE_CURVE('',#5242,#5306,#6384,.T.);
#4278=EDGE_CURVE('',#5243,#5307,#6385,.T.);
#4279=EDGE_CURVE('',#5307,#5306,#6386,.T.);
#4280=EDGE_CURVE('',#5308,#5307,#6387,.F.);
#4281=EDGE_CURVE('',#5245,#5308,#6388,.T.);
#4282=EDGE_CURVE('',#5308,#5309,#6389,.F.);
#4283=EDGE_CURVE('',#5244,#5309,#6390,.T.);
#4284=EDGE_CURVE('',#5309,#5306,#6391,.T.);
#4285=EDGE_CURVE('',#5246,#5310,#6392,.T.);
#4286=EDGE_CURVE('',#5247,#5311,#6393,.T.);
#4287=EDGE_CURVE('',#5310,#5311,#6394,.T.);
#4288=EDGE_CURVE('',#5249,#5312,#6395,.T.);
#4289=EDGE_CURVE('',#5312,#5311,#6396,.T.);
#4290=EDGE_CURVE('',#5313,#5312,#6397,.F.);
#4291=EDGE_CURVE('',#5248,#5313,#6398,.T.);
#4292=EDGE_CURVE('',#5313,#5310,#6399,.F.);
#4293=EDGE_CURVE('',#5250,#5314,#6400,.T.);
#4294=EDGE_CURVE('',#5251,#5315,#6401,.T.);
#4295=EDGE_CURVE('',#5315,#5314,#6402,.T.);
#4296=EDGE_CURVE('',#5316,#5315,#6403,.F.);
#4297=EDGE_CURVE('',#5253,#5316,#6404,.T.);
#4298=EDGE_CURVE('',#5316,#5317,#6405,.F.);
#4299=EDGE_CURVE('',#5252,#5317,#6406,.T.);
#4300=EDGE_CURVE('',#5317,#5314,#6407,.T.);
#4301=EDGE_CURVE('',#5318,#5319,#6408,.F.);
#4302=EDGE_CURVE('',#5255,#5318,#6409,.T.);
#4303=EDGE_CURVE('',#5254,#5319,#6410,.T.);
#4304=EDGE_CURVE('',#5257,#5320,#6411,.T.);
#4305=EDGE_CURVE('',#5319,#5320,#6412,.T.);
#4306=EDGE_CURVE('',#5256,#5321,#6413,.T.);
#4307=EDGE_CURVE('',#5321,#5320,#6414,.T.);
#4308=EDGE_CURVE('',#5318,#5321,#6415,.F.);
#4309=EDGE_CURVE('',#5258,#5322,#6416,.T.);
#4310=EDGE_CURVE('',#5259,#5323,#6417,.T.);
#4311=EDGE_CURVE('',#5322,#5323,#6418,.T.);
#4312=EDGE_CURVE('',#5261,#5324,#6419,.T.);
#4313=EDGE_CURVE('',#5324,#5323,#6420,.T.);
#4314=EDGE_CURVE('',#5325,#5324,#6421,.F.);
#4315=EDGE_CURVE('',#5260,#5325,#6422,.T.);
#4316=EDGE_CURVE('',#5325,#5322,#6423,.F.);
#4317=EDGE_CURVE('',#5326,#5327,#6424,.F.);
#4318=EDGE_CURVE('',#5263,#5327,#6425,.T.);
#4319=EDGE_CURVE('',#5262,#5326,#6426,.T.);
#4320=EDGE_CURVE('',#5327,#5328,#6427,.T.);
#4321=EDGE_CURVE('',#5264,#5328,#6428,.T.);
#4322=EDGE_CURVE('',#5265,#5329,#6429,.T.);
#4323=EDGE_CURVE('',#5329,#5328,#6430,.T.);
#4324=EDGE_CURVE('',#5326,#5329,#6431,.T.);
#4325=EDGE_CURVE('',#5267,#5330,#6432,.T.);
#4326=EDGE_CURVE('',#5266,#5331,#6433,.T.);
#4327=EDGE_CURVE('',#5330,#5331,#6434,.T.);
#4328=EDGE_CURVE('',#5268,#5332,#6435,.T.);
#4329=EDGE_CURVE('',#5332,#5330,#6436,.T.);
#4330=EDGE_CURVE('',#5332,#5333,#6437,.F.);
#4331=EDGE_CURVE('',#5269,#5333,#6438,.T.);
#4332=EDGE_CURVE('',#5333,#5331,#6439,.T.);
#4333=EDGE_CURVE('',#5334,#5335,#6440,.T.);
#4334=EDGE_CURVE('',#5271,#5335,#6441,.T.);
#4335=EDGE_CURVE('',#5270,#5334,#6442,.T.);
#4336=EDGE_CURVE('',#5272,#5336,#6443,.T.);
#4337=EDGE_CURVE('',#5336,#5335,#6444,.T.);
#4338=EDGE_CURVE('',#5273,#5337,#6445,.T.);
#4339=EDGE_CURVE('',#5337,#5336,#6446,.T.);
#4340=EDGE_CURVE('',#5337,#5334,#6447,.F.);
#4341=EDGE_CURVE('',#5275,#5338,#6448,.T.);
#4342=EDGE_CURVE('',#5274,#5339,#6449,.T.);
#4343=EDGE_CURVE('',#5338,#5339,#6450,.T.);
#4344=EDGE_CURVE('',#5276,#5340,#6451,.T.);
#4345=EDGE_CURVE('',#5340,#5338,#6452,.T.);
#4346=EDGE_CURVE('',#5340,#5341,#6453,.F.);
#4347=EDGE_CURVE('',#5277,#5341,#6454,.T.);
#4348=EDGE_CURVE('',#5341,#5339,#6455,.T.);
#4349=EDGE_CURVE('',#5342,#5343,#6456,.T.);
#4350=EDGE_CURVE('',#5279,#5343,#6457,.T.);
#4351=EDGE_CURVE('',#5278,#5342,#6458,.T.);
#4352=EDGE_CURVE('',#5280,#5344,#6459,.T.);
#4353=EDGE_CURVE('',#5344,#5343,#6460,.T.);
#4354=EDGE_CURVE('',#5281,#5345,#6461,.T.);
#4355=EDGE_CURVE('',#5345,#5344,#6462,.T.);
#4356=EDGE_CURVE('',#5345,#5342,#6463,.F.);
#4357=EDGE_CURVE('',#5283,#5346,#6464,.T.);
#4358=EDGE_CURVE('',#5282,#5347,#6465,.T.);
#4359=EDGE_CURVE('',#5346,#5347,#6466,.T.);
#4360=EDGE_CURVE('',#5284,#5348,#6467,.T.);
#4361=EDGE_CURVE('',#5348,#5346,#6468,.T.);
#4362=EDGE_CURVE('',#5348,#5349,#6469,.F.);
#4363=EDGE_CURVE('',#5285,#5349,#6470,.T.);
#4364=EDGE_CURVE('',#5349,#5347,#6471,.T.);
#4365=EDGE_CURVE('',#5350,#5351,#6472,.F.);
#4366=EDGE_CURVE('',#5287,#5351,#6473,.T.);
#4367=EDGE_CURVE('',#5286,#5350,#6474,.T.);
#4368=EDGE_CURVE('',#5351,#5352,#6475,.T.);
#4369=EDGE_CURVE('',#5288,#5352,#6476,.T.);
#4370=EDGE_CURVE('',#5289,#5353,#6477,.T.);
#4371=EDGE_CURVE('',#5353,#5352,#6478,.T.);
#4372=EDGE_CURVE('',#5350,#5353,#6479,.T.);
#4373=EDGE_CURVE('',#5354,#5355,#6480,.T.);
#4374=EDGE_CURVE('',#5291,#5355,#6481,.T.);
#4375=EDGE_CURVE('',#5290,#5354,#6482,.T.);
#4376=EDGE_CURVE('',#5292,#5356,#6483,.T.);
#4377=EDGE_CURVE('',#5356,#5355,#6484,.T.);
#4378=EDGE_CURVE('',#5293,#5357,#6485,.T.);
#4379=EDGE_CURVE('',#5357,#5356,#6486,.T.);
#4380=EDGE_CURVE('',#5357,#5354,#6487,.F.);
#4381=EDGE_CURVE('',#5294,#5358,#6488,.T.);
#4382=EDGE_CURVE('',#5295,#5359,#6489,.T.);
#4383=EDGE_CURVE('',#5358,#5359,#6490,.T.);
#4384=EDGE_CURVE('',#5296,#5360,#6491,.T.);
#4385=EDGE_CURVE('',#5359,#5360,#6492,.T.);
#4386=EDGE_CURVE('',#5361,#5360,#6493,.F.);
#4387=EDGE_CURVE('',#5297,#5361,#6494,.T.);
#4388=EDGE_CURVE('',#5358,#5361,#6495,.T.);
#4389=EDGE_CURVE('',#5362,#5363,#6496,.F.);
#4390=EDGE_CURVE('',#5298,#5363,#6497,.T.);
#4391=EDGE_CURVE('',#5299,#5362,#6498,.T.);
#4392=EDGE_CURVE('',#5364,#5362,#6499,.T.);
#4393=EDGE_CURVE('',#5300,#5364,#6500,.T.);
#4394=EDGE_CURVE('',#5301,#5365,#6501,.T.);
#4395=EDGE_CURVE('',#5364,#5365,#6502,.T.);
#4396=EDGE_CURVE('',#5365,#5363,#6503,.T.);
#4397=EDGE_CURVE('',#5302,#5366,#6504,.T.);
#4398=EDGE_CURVE('',#5303,#5367,#6505,.T.);
#4399=EDGE_CURVE('',#5366,#5367,#6506,.T.);
#4400=EDGE_CURVE('',#5368,#5367,#6507,.F.);
#4401=EDGE_CURVE('',#5304,#5368,#6508,.T.);
#4402=EDGE_CURVE('',#5369,#5368,#6509,.T.);
#4403=EDGE_CURVE('',#5305,#5369,#6510,.T.);
#4404=EDGE_CURVE('',#5369,#5366,#6511,.T.);
#4405=EDGE_CURVE('',#5370,#5371,#6512,.F.);
#4406=EDGE_CURVE('',#5306,#5371,#6513,.T.);
#4407=EDGE_CURVE('',#5307,#5370,#6514,.T.);
#4408=EDGE_CURVE('',#5372,#5370,#6515,.T.);
#4409=EDGE_CURVE('',#5308,#5372,#6516,.T.);
#4410=EDGE_CURVE('',#5309,#5373,#6517,.T.);
#4411=EDGE_CURVE('',#5372,#5373,#6518,.T.);
#4412=EDGE_CURVE('',#5373,#5371,#6519,.T.);
#4413=EDGE_CURVE('',#5310,#5374,#6520,.T.);
#4414=EDGE_CURVE('',#5311,#5375,#6521,.T.);
#4415=EDGE_CURVE('',#5374,#5375,#6522,.T.);
#4416=EDGE_CURVE('',#5376,#5375,#6523,.F.);
#4417=EDGE_CURVE('',#5312,#5376,#6524,.T.);
#4418=EDGE_CURVE('',#5377,#5376,#6525,.T.);
#4419=EDGE_CURVE('',#5313,#5377,#6526,.T.);
#4420=EDGE_CURVE('',#5377,#5374,#6527,.T.);
#4421=EDGE_CURVE('',#5378,#5379,#6528,.F.);
#4422=EDGE_CURVE('',#5314,#5379,#6529,.T.);
#4423=EDGE_CURVE('',#5315,#5378,#6530,.T.);
#4424=EDGE_CURVE('',#5380,#5378,#6531,.T.);
#4425=EDGE_CURVE('',#5316,#5380,#6532,.T.);
#4426=EDGE_CURVE('',#5317,#5381,#6533,.T.);
#4427=EDGE_CURVE('',#5380,#5381,#6534,.T.);
#4428=EDGE_CURVE('',#5381,#5379,#6535,.T.);
#4429=EDGE_CURVE('',#5318,#5382,#6536,.T.);
#4430=EDGE_CURVE('',#5319,#5383,#6537,.T.);
#4431=EDGE_CURVE('',#5382,#5383,#6538,.T.);
#4432=EDGE_CURVE('',#5320,#5384,#6539,.T.);
#4433=EDGE_CURVE('',#5383,#5384,#6540,.T.);
#4434=EDGE_CURVE('',#5385,#5384,#6541,.F.);
#4435=EDGE_CURVE('',#5321,#5385,#6542,.T.);
#4436=EDGE_CURVE('',#5382,#5385,#6543,.T.);
#4437=EDGE_CURVE('',#5322,#5386,#6544,.T.);
#4438=EDGE_CURVE('',#5323,#5387,#6545,.T.);
#4439=EDGE_CURVE('',#5386,#5387,#6546,.T.);
#4440=EDGE_CURVE('',#5388,#5387,#6547,.F.);
#4441=EDGE_CURVE('',#5324,#5388,#6548,.T.);
#4442=EDGE_CURVE('',#5389,#5388,#6549,.T.);
#4443=EDGE_CURVE('',#5325,#5389,#6550,.T.);
#4444=EDGE_CURVE('',#5389,#5386,#6551,.T.);
#4445=EDGE_CURVE('',#5390,#5390,#678,.F.);
#4446=EDGE_CURVE('',#5391,#5391,#679,.T.);
#4447=EDGE_CURVE('',#5392,#5392,#680,.T.);
#4448=EDGE_CURVE('',#5393,#5393,#681,.F.);
#4449=EDGE_CURVE('',#5394,#5394,#682,.T.);
#4450=EDGE_CURVE('',#5395,#5395,#683,.T.);
#4451=EDGE_CURVE('',#5396,#5396,#684,.T.);
#4452=EDGE_CURVE('',#5397,#5397,#685,.T.);
#4453=EDGE_CURVE('',#5398,#5398,#686,.T.);
#4454=EDGE_CURVE('',#5399,#5399,#687,.T.);
#4455=EDGE_CURVE('',#5400,#5400,#688,.T.);
#4456=EDGE_CURVE('',#5401,#5401,#689,.F.);
#4457=EDGE_CURVE('',#5402,#5402,#690,.F.);
#4458=EDGE_CURVE('',#5403,#5403,#691,.F.);
#4459=EDGE_CURVE('',#5404,#5404,#692,.T.);
#4460=EDGE_CURVE('',#5405,#5405,#693,.T.);
#4461=EDGE_CURVE('',#5406,#5406,#694,.T.);
#4462=EDGE_CURVE('',#5407,#5407,#695,.T.);
#4463=EDGE_CURVE('',#5408,#5408,#696,.T.);
#4464=EDGE_CURVE('',#5409,#5409,#697,.F.);
#4465=EDGE_CURVE('',#5410,#5410,#698,.F.);
#4466=EDGE_CURVE('',#5411,#5411,#699,.F.);
#4467=EDGE_CURVE('',#5412,#5412,#700,.F.);
#4468=EDGE_CURVE('',#5413,#5413,#701,.T.);
#4469=EDGE_CURVE('',#5414,#5414,#702,.T.);
#4470=EDGE_CURVE('',#5415,#5415,#703,.F.);
#4471=EDGE_CURVE('',#5416,#5416,#704,.T.);
#4472=EDGE_CURVE('',#5417,#5417,#705,.T.);
#4473=EDGE_CURVE('',#5418,#5419,#6552,.F.);
#4474=EDGE_CURVE('',#5419,#5420,#706,.T.);
#4475=EDGE_CURVE('',#5421,#5420,#6553,.F.);
#4476=EDGE_CURVE('',#5418,#5421,#707,.T.);
#4477=EDGE_CURVE('',#5422,#5423,#6554,.F.);
#4478=EDGE_CURVE('',#5423,#5419,#6555,.T.);
#4479=EDGE_CURVE('',#5422,#5418,#6556,.T.);
#4480=EDGE_CURVE('',#5420,#5424,#6557,.T.);
#4481=EDGE_CURVE('',#5425,#5424,#6558,.F.);
#4482=EDGE_CURVE('',#5421,#5425,#6559,.F.);
#4483=EDGE_CURVE('',#5425,#5426,#708,.T.);
#4484=EDGE_CURVE('',#5426,#5427,#6560,.F.);
#4485=EDGE_CURVE('',#5427,#5428,#709,.T.);
#4486=EDGE_CURVE('',#5428,#5429,#6561,.T.);
#4487=EDGE_CURVE('',#5429,#5422,#710,.T.);
#4488=EDGE_CURVE('',#5430,#5430,#711,.T.);
#4489=EDGE_CURVE('',#5431,#5431,#712,.T.);
#4490=EDGE_CURVE('',#5432,#5432,#713,.T.);
#4491=EDGE_CURVE('',#5433,#5433,#714,.T.);
#4492=EDGE_CURVE('',#5434,#5434,#715,.T.);
#4493=EDGE_CURVE('',#5435,#5435,#716,.T.);
#4494=EDGE_CURVE('',#5436,#5436,#717,.T.);
#4495=EDGE_CURVE('',#5437,#5437,#718,.T.);
#4496=EDGE_CURVE('',#5438,#5438,#719,.T.);
#4497=EDGE_CURVE('',#5439,#5439,#720,.T.);
#4498=EDGE_CURVE('',#5440,#5440,#721,.T.);
#4499=EDGE_CURVE('',#5441,#5441,#722,.T.);
#4500=EDGE_CURVE('',#5442,#5442,#723,.T.);
#4501=EDGE_CURVE('',#5443,#5443,#724,.T.);
#4502=EDGE_CURVE('',#5444,#5444,#725,.T.);
#4503=EDGE_CURVE('',#5445,#5445,#726,.T.);
#4504=EDGE_CURVE('',#5446,#5446,#727,.T.);
#4505=EDGE_CURVE('',#5447,#5447,#728,.T.);
#4506=EDGE_CURVE('',#5448,#5448,#729,.T.);
#4507=EDGE_CURVE('',#5449,#5449,#730,.T.);
#4508=EDGE_CURVE('',#5450,#5450,#731,.T.);
#4509=EDGE_CURVE('',#5451,#5451,#732,.T.);
#4510=EDGE_CURVE('',#5452,#5452,#733,.T.);
#4511=EDGE_CURVE('',#5453,#5453,#734,.T.);
#4512=EDGE_CURVE('',#5454,#5454,#735,.T.);
#4513=EDGE_CURVE('',#5455,#5455,#736,.T.);
#4514=EDGE_CURVE('',#5456,#5456,#737,.T.);
#4515=EDGE_CURVE('',#5457,#5457,#738,.T.);
#4516=EDGE_CURVE('',#5458,#5458,#739,.T.);
#4517=EDGE_CURVE('',#5459,#5459,#740,.T.);
#4518=EDGE_CURVE('',#5460,#5460,#741,.T.);
#4519=EDGE_CURVE('',#5461,#5461,#742,.T.);
#4520=EDGE_CURVE('',#5462,#5462,#743,.T.);
#4521=EDGE_CURVE('',#5463,#5463,#744,.T.);
#4522=EDGE_CURVE('',#5464,#5464,#745,.T.);
#4523=EDGE_CURVE('',#5465,#5465,#746,.T.);
#4524=EDGE_CURVE('',#5466,#5466,#747,.T.);
#4525=EDGE_CURVE('',#5467,#5467,#748,.T.);
#4526=EDGE_CURVE('',#5468,#5468,#749,.T.);
#4527=EDGE_CURVE('',#5469,#5469,#750,.T.);
#4528=EDGE_CURVE('',#5470,#5470,#751,.T.);
#4529=EDGE_CURVE('',#5471,#5471,#752,.T.);
#4530=EDGE_CURVE('',#5472,#5472,#753,.T.);
#4531=EDGE_CURVE('',#5473,#5473,#754,.T.);
#4532=EDGE_CURVE('',#5474,#5474,#755,.T.);
#4533=EDGE_CURVE('',#5475,#5475,#756,.T.);
#4534=EDGE_CURVE('',#5476,#5476,#757,.T.);
#4535=EDGE_CURVE('',#5477,#5477,#758,.T.);
#4536=EDGE_CURVE('',#5478,#5478,#759,.T.);
#4537=EDGE_CURVE('',#5479,#5479,#760,.T.);
#4538=EDGE_CURVE('',#5480,#5480,#761,.T.);
#4539=EDGE_CURVE('',#5481,#5481,#762,.T.);
#4540=EDGE_CURVE('',#5482,#5482,#763,.T.);
#4541=EDGE_CURVE('',#5483,#5483,#764,.T.);
#4542=EDGE_CURVE('',#5484,#5484,#765,.T.);
#4543=EDGE_CURVE('',#5485,#5485,#766,.T.);
#4544=EDGE_CURVE('',#5486,#5486,#767,.T.);
#4545=EDGE_CURVE('',#5487,#5487,#768,.T.);
#4546=EDGE_CURVE('',#5488,#5488,#769,.T.);
#4547=EDGE_CURVE('',#5489,#5489,#770,.T.);
#4548=EDGE_CURVE('',#5490,#5490,#771,.T.);
#4549=EDGE_CURVE('',#5491,#5491,#772,.T.);
#4550=EDGE_CURVE('',#5492,#5492,#773,.T.);
#4551=EDGE_CURVE('',#5493,#5493,#774,.T.);
#4552=EDGE_CURVE('',#5494,#5494,#775,.T.);
#4553=EDGE_CURVE('',#5495,#5495,#776,.T.);
#4554=EDGE_CURVE('',#5496,#5496,#777,.T.);
#4555=EDGE_CURVE('',#5497,#5497,#778,.T.);
#4556=EDGE_CURVE('',#5498,#5498,#779,.T.);
#4557=EDGE_CURVE('',#5499,#5499,#780,.T.);
#4558=EDGE_CURVE('',#5500,#5500,#781,.T.);
#4559=EDGE_CURVE('',#5501,#5501,#782,.T.);
#4560=EDGE_CURVE('',#5502,#5502,#783,.T.);
#4561=EDGE_CURVE('',#5503,#5503,#784,.T.);
#4562=EDGE_CURVE('',#5504,#5504,#785,.T.);
#4563=EDGE_CURVE('',#5505,#5505,#786,.T.);
#4564=EDGE_CURVE('',#5506,#5506,#787,.T.);
#4565=EDGE_CURVE('',#5507,#5507,#788,.T.);
#4566=EDGE_CURVE('',#5508,#5508,#789,.T.);
#4567=EDGE_CURVE('',#5509,#5509,#790,.T.);
#4568=EDGE_CURVE('',#5510,#5510,#791,.T.);
#4569=EDGE_CURVE('',#5511,#5511,#792,.T.);
#4570=EDGE_CURVE('',#5512,#5512,#793,.T.);
#4571=EDGE_CURVE('',#5513,#5513,#794,.T.);
#4572=EDGE_CURVE('',#5514,#5514,#795,.T.);
#4573=EDGE_CURVE('',#5515,#5515,#796,.T.);
#4574=EDGE_CURVE('',#5516,#5516,#797,.T.);
#4575=EDGE_CURVE('',#5517,#5517,#798,.T.);
#4576=EDGE_CURVE('',#5518,#5518,#799,.T.);
#4577=EDGE_CURVE('',#5519,#5519,#800,.T.);
#4578=EDGE_CURVE('',#5520,#5520,#801,.T.);
#4579=EDGE_CURVE('',#5521,#5423,#802,.T.);
#4580=EDGE_CURVE('',#5522,#5521,#6562,.T.);
#4581=EDGE_CURVE('',#5523,#5522,#803,.T.);
#4582=EDGE_CURVE('',#5524,#5523,#6563,.T.);
#4583=EDGE_CURVE('',#5424,#5524,#804,.T.);
#4584=EDGE_CURVE('',#5525,#5525,#805,.T.);
#4585=EDGE_CURVE('',#5526,#5526,#806,.T.);
#4586=EDGE_CURVE('',#5527,#5527,#807,.T.);
#4587=EDGE_CURVE('',#5528,#5528,#808,.T.);
#4588=EDGE_CURVE('',#5529,#5529,#809,.T.);
#4589=EDGE_CURVE('',#5530,#5530,#810,.T.);
#4590=EDGE_CURVE('',#5531,#5531,#811,.T.);
#4591=EDGE_CURVE('',#5532,#5532,#812,.T.);
#4592=EDGE_CURVE('',#5533,#5533,#813,.T.);
#4593=EDGE_CURVE('',#5534,#5534,#814,.T.);
#4594=EDGE_CURVE('',#5535,#5535,#815,.T.);
#4595=EDGE_CURVE('',#5536,#5536,#816,.T.);
#4596=EDGE_CURVE('',#5537,#5537,#817,.T.);
#4597=EDGE_CURVE('',#5538,#5538,#818,.T.);
#4598=EDGE_CURVE('',#5539,#5539,#819,.T.);
#4599=EDGE_CURVE('',#5540,#5540,#820,.T.);
#4600=EDGE_CURVE('',#5541,#5541,#821,.T.);
#4601=EDGE_CURVE('',#5542,#5542,#822,.T.);
#4602=EDGE_CURVE('',#5543,#5543,#823,.T.);
#4603=EDGE_CURVE('',#5544,#5544,#824,.T.);
#4604=EDGE_CURVE('',#5545,#5545,#825,.T.);
#4605=EDGE_CURVE('',#5546,#5546,#826,.T.);
#4606=EDGE_CURVE('',#5547,#5547,#827,.T.);
#4607=EDGE_CURVE('',#5548,#5548,#828,.T.);
#4608=EDGE_CURVE('',#5549,#5549,#829,.T.);
#4609=EDGE_CURVE('',#5550,#5550,#830,.T.);
#4610=EDGE_CURVE('',#5551,#5551,#831,.T.);
#4611=EDGE_CURVE('',#5552,#5552,#832,.T.);
#4612=EDGE_CURVE('',#5553,#5553,#833,.T.);
#4613=EDGE_CURVE('',#5554,#5554,#834,.T.);
#4614=EDGE_CURVE('',#5555,#5555,#835,.T.);
#4615=EDGE_CURVE('',#5556,#5556,#836,.T.);
#4616=EDGE_CURVE('',#5557,#5557,#837,.T.);
#4617=EDGE_CURVE('',#5558,#5558,#838,.T.);
#4618=EDGE_CURVE('',#5559,#5559,#839,.T.);
#4619=EDGE_CURVE('',#5560,#5560,#840,.T.);
#4620=EDGE_CURVE('',#5561,#5561,#841,.T.);
#4621=EDGE_CURVE('',#5562,#5562,#842,.T.);
#4622=EDGE_CURVE('',#5563,#5563,#843,.T.);
#4623=EDGE_CURVE('',#5564,#5564,#844,.T.);
#4624=EDGE_CURVE('',#5565,#5565,#845,.T.);
#4625=EDGE_CURVE('',#5566,#5566,#846,.T.);
#4626=EDGE_CURVE('',#5567,#5567,#847,.T.);
#4627=EDGE_CURVE('',#5568,#5568,#848,.T.);
#4628=EDGE_CURVE('',#5569,#5569,#849,.T.);
#4629=EDGE_CURVE('',#5570,#5570,#850,.T.);
#4630=EDGE_CURVE('',#5571,#5571,#851,.T.);
#4631=EDGE_CURVE('',#5572,#5572,#852,.T.);
#4632=EDGE_CURVE('',#5573,#5573,#853,.T.);
#4633=EDGE_CURVE('',#5574,#5574,#854,.T.);
#4634=EDGE_CURVE('',#5575,#5575,#855,.T.);
#4635=EDGE_CURVE('',#5576,#5576,#856,.T.);
#4636=EDGE_CURVE('',#5577,#5577,#857,.T.);
#4637=EDGE_CURVE('',#5578,#5578,#858,.T.);
#4638=EDGE_CURVE('',#5579,#5579,#859,.T.);
#4639=EDGE_CURVE('',#5580,#5580,#860,.T.);
#4640=EDGE_CURVE('',#5581,#5581,#861,.T.);
#4641=EDGE_CURVE('',#5582,#5582,#862,.T.);
#4642=EDGE_CURVE('',#5583,#5583,#863,.T.);
#4643=EDGE_CURVE('',#5584,#5584,#864,.T.);
#4644=EDGE_CURVE('',#5585,#5585,#865,.T.);
#4645=EDGE_CURVE('',#5586,#5586,#866,.T.);
#4646=EDGE_CURVE('',#5587,#5587,#867,.T.);
#4647=EDGE_CURVE('',#5588,#5588,#868,.T.);
#4648=EDGE_CURVE('',#5589,#5589,#869,.T.);
#4649=EDGE_CURVE('',#5590,#5590,#870,.T.);
#4650=EDGE_CURVE('',#5591,#5591,#871,.T.);
#4651=EDGE_CURVE('',#5592,#5592,#872,.T.);
#4652=EDGE_CURVE('',#5593,#5593,#873,.T.);
#4653=EDGE_CURVE('',#5594,#5594,#874,.T.);
#4654=EDGE_CURVE('',#5595,#5595,#875,.T.);
#4655=EDGE_CURVE('',#5596,#5596,#876,.T.);
#4656=EDGE_CURVE('',#5597,#5597,#877,.T.);
#4657=EDGE_CURVE('',#5598,#5598,#878,.T.);
#4658=EDGE_CURVE('',#5599,#5599,#879,.T.);
#4659=EDGE_CURVE('',#5600,#5600,#880,.T.);
#4660=EDGE_CURVE('',#5601,#5601,#881,.T.);
#4661=EDGE_CURVE('',#5602,#5602,#882,.T.);
#4662=EDGE_CURVE('',#5603,#5603,#883,.T.);
#4663=EDGE_CURVE('',#5604,#5604,#884,.T.);
#4664=EDGE_CURVE('',#5605,#5605,#885,.T.);
#4665=EDGE_CURVE('',#5606,#5606,#886,.T.);
#4666=EDGE_CURVE('',#5607,#5607,#887,.T.);
#4667=EDGE_CURVE('',#5608,#5608,#888,.T.);
#4668=EDGE_CURVE('',#5609,#5609,#889,.T.);
#4669=EDGE_CURVE('',#5610,#5610,#890,.T.);
#4670=EDGE_CURVE('',#5611,#5611,#891,.T.);
#4671=EDGE_CURVE('',#5612,#5612,#892,.T.);
#4672=EDGE_CURVE('',#5613,#5613,#893,.T.);
#4673=EDGE_CURVE('',#5614,#5614,#894,.T.);
#4674=EDGE_CURVE('',#5615,#5615,#895,.T.);
#4675=EDGE_CURVE('',#5429,#5521,#6564,.F.);
#4676=EDGE_CURVE('',#5426,#5524,#6565,.F.);
#4677=EDGE_CURVE('',#5428,#5522,#6566,.F.);
#4678=EDGE_CURVE('',#5427,#5523,#6567,.F.);
#4679=EDGE_CURVE('',#5616,#5616,#896,.T.);
#4680=EDGE_CURVE('',#5617,#5617,#897,.T.);
#4681=EDGE_CURVE('',#5618,#5618,#898,.T.);
#4682=EDGE_CURVE('',#5619,#5619,#899,.T.);
#4683=EDGE_CURVE('',#5620,#5620,#900,.T.);
#4684=EDGE_CURVE('',#5621,#5621,#901,.F.);
#4685=EDGE_CURVE('',#5622,#5622,#902,.F.);
#4686=EDGE_CURVE('',#5623,#5623,#903,.F.);
#4687=EDGE_CURVE('',#5624,#5624,#904,.F.);
#4688=EDGE_CURVE('',#5625,#5625,#905,.T.);
#4689=EDGE_CURVE('',#5626,#5626,#906,.T.);
#4690=EDGE_CURVE('',#5627,#5627,#907,.F.);
#4691=EDGE_CURVE('',#5628,#5628,#908,.T.);
#4692=EDGE_CURVE('',#5629,#5629,#909,.T.);
#4693=EDGE_CURVE('',#5630,#5630,#910,.T.);
#4694=EDGE_CURVE('',#5631,#5631,#911,.T.);
#4695=EDGE_CURVE('',#5632,#5632,#912,.T.);
#4696=EDGE_CURVE('',#5633,#5633,#913,.T.);
#4697=EDGE_CURVE('',#5634,#5634,#914,.T.);
#4698=EDGE_CURVE('',#5635,#5635,#915,.F.);
#4699=EDGE_CURVE('',#5636,#5636,#916,.F.);
#4700=EDGE_CURVE('',#5637,#5637,#917,.F.);
#4701=EDGE_CURVE('',#5638,#5638,#918,.F.);
#4702=EDGE_CURVE('',#5639,#5639,#919,.T.);
#4703=EDGE_CURVE('',#5640,#5640,#920,.T.);
#4704=EDGE_CURVE('',#5641,#5641,#921,.F.);
#4705=EDGE_CURVE('',#5642,#5642,#922,.T.);
#4706=EDGE_CURVE('',#5643,#5643,#923,.T.);
#4707=EDGE_CURVE('',#5644,#5644,#924,.F.);
#4708=EDGE_CURVE('',#5645,#5645,#925,.T.);
#4709=EDGE_CURVE('',#5646,#5646,#926,.T.);
#4710=EDGE_CURVE('',#5647,#5647,#927,.F.);
#4711=EDGE_CURVE('',#5648,#5648,#928,.T.);
#4712=EDGE_CURVE('',#5649,#5649,#929,.T.);
#4713=EDGE_CURVE('',#5650,#5650,#930,.T.);
#4714=EDGE_CURVE('',#5651,#5651,#931,.T.);
#4715=EDGE_CURVE('',#5652,#5652,#932,.T.);
#4716=EDGE_CURVE('',#5653,#5653,#933,.T.);
#4717=EDGE_CURVE('',#5654,#5654,#934,.T.);
#4718=EDGE_CURVE('',#5655,#5655,#935,.F.);
#4719=EDGE_CURVE('',#5656,#5656,#936,.F.);
#4720=EDGE_CURVE('',#5657,#5657,#937,.F.);
#4721=EDGE_CURVE('',#5658,#5658,#938,.T.);
#4722=EDGE_CURVE('',#5659,#5659,#939,.F.);
#4723=EDGE_CURVE('',#5660,#5660,#940,.F.);
#4724=EDGE_CURVE('',#5661,#5661,#941,.T.);
#4725=EDGE_CURVE('',#5662,#5662,#942,.T.);
#4726=EDGE_CURVE('',#5663,#5663,#943,.T.);
#4727=EDGE_CURVE('',#5664,#5664,#944,.T.);
#4728=EDGE_CURVE('',#5665,#5665,#945,.T.);
#4729=EDGE_CURVE('',#5666,#5666,#946,.T.);
#4730=EDGE_CURVE('',#5667,#5667,#947,.F.);
#4731=EDGE_CURVE('',#5668,#5668,#948,.F.);
#4732=EDGE_CURVE('',#5669,#5669,#949,.F.);
#4733=EDGE_CURVE('',#5670,#5670,#950,.T.);
#4734=EDGE_CURVE('',#5671,#5671,#951,.T.);
#4735=EDGE_CURVE('',#5672,#5672,#952,.T.);
#4736=EDGE_CURVE('',#5673,#5673,#953,.T.);
#4737=EDGE_CURVE('',#5674,#5674,#954,.T.);
#4738=EDGE_CURVE('',#5675,#5675,#955,.F.);
#4739=EDGE_CURVE('',#5676,#5676,#956,.F.);
#4740=EDGE_CURVE('',#5677,#5677,#957,.F.);
#4741=EDGE_CURVE('',#5678,#5678,#958,.T.);
#4742=EDGE_CURVE('',#5679,#5679,#959,.T.);
#4743=EDGE_CURVE('',#5680,#5680,#960,.T.);
#4744=EDGE_CURVE('',#5681,#5681,#961,.T.);
#4745=EDGE_CURVE('',#5682,#5682,#962,.T.);
#4746=EDGE_CURVE('',#5683,#5683,#963,.F.);
#4747=EDGE_CURVE('',#5684,#5684,#964,.F.);
#4748=EDGE_CURVE('',#5685,#5685,#965,.F.);
#4749=EDGE_CURVE('',#5686,#5686,#966,.T.);
#4750=EDGE_CURVE('',#5687,#5687,#967,.T.);
#4751=EDGE_CURVE('',#5688,#5688,#968,.T.);
#4752=EDGE_CURVE('',#5689,#5689,#969,.T.);
#4753=EDGE_CURVE('',#5690,#5690,#970,.T.);
#4754=EDGE_CURVE('',#5691,#5691,#971,.F.);
#4755=EDGE_CURVE('',#5692,#5692,#972,.F.);
#4756=EDGE_CURVE('',#5693,#5693,#973,.F.);
#4757=EDGE_CURVE('',#5694,#5694,#974,.F.);
#4758=EDGE_CURVE('',#5695,#5695,#975,.T.);
#4759=EDGE_CURVE('',#5696,#5696,#976,.T.);
#4760=EDGE_CURVE('',#5697,#5697,#977,.F.);
#4761=EDGE_CURVE('',#5698,#5698,#978,.T.);
#4762=EDGE_CURVE('',#5699,#5699,#979,.T.);
#4763=EDGE_CURVE('',#5700,#5700,#980,.T.);
#4764=EDGE_CURVE('',#5701,#5701,#981,.T.);
#4765=EDGE_CURVE('',#5702,#5702,#982,.T.);
#4766=EDGE_CURVE('',#5703,#5703,#983,.T.);
#4767=EDGE_CURVE('',#5704,#5704,#984,.T.);
#4768=EDGE_CURVE('',#5705,#5705,#985,.F.);
#4769=EDGE_CURVE('',#5706,#5706,#986,.F.);
#4770=EDGE_CURVE('',#5707,#5707,#987,.F.);
#4771=EDGE_CURVE('',#5708,#5708,#988,.F.);
#4772=EDGE_CURVE('',#5709,#5709,#989,.T.);
#4773=EDGE_CURVE('',#5710,#5710,#990,.T.);
#4774=EDGE_CURVE('',#5711,#5711,#991,.F.);
#4775=EDGE_CURVE('',#5712,#5712,#992,.T.);
#4776=EDGE_CURVE('',#5713,#5713,#993,.T.);
#4777=EDGE_CURVE('',#5714,#5714,#994,.F.);
#4778=EDGE_CURVE('',#5715,#5715,#995,.T.);
#4779=EDGE_CURVE('',#5716,#5716,#996,.T.);
#4780=EDGE_CURVE('',#5717,#5717,#997,.F.);
#4781=EDGE_CURVE('',#5718,#5718,#998,.T.);
#4782=EDGE_CURVE('',#5719,#5719,#999,.T.);
#4783=VERTEX_POINT('',#15765);
#4784=VERTEX_POINT('',#15766);
#4785=VERTEX_POINT('',#15768);
#4786=VERTEX_POINT('',#15770);
#4787=VERTEX_POINT('',#15774);
#4788=VERTEX_POINT('',#15775);
#4789=VERTEX_POINT('',#15780);
#4790=VERTEX_POINT('',#15783);
#4791=VERTEX_POINT('',#15784);
#4792=VERTEX_POINT('',#15786);
#4793=VERTEX_POINT('',#15788);
#4794=VERTEX_POINT('',#15792);
#4795=VERTEX_POINT('',#15797);
#4796=VERTEX_POINT('',#15801);
#4797=VERTEX_POINT('',#15802);
#4798=VERTEX_POINT('',#15807);
#4799=VERTEX_POINT('',#15811);
#4800=VERTEX_POINT('',#15817);
#4801=VERTEX_POINT('',#15820);
#4802=VERTEX_POINT('',#15821);
#4803=VERTEX_POINT('',#15823);
#4804=VERTEX_POINT('',#15825);
#4805=VERTEX_POINT('',#15827);
#4806=VERTEX_POINT('',#15829);
#4807=VERTEX_POINT('',#15831);
#4808=VERTEX_POINT('',#15833);
#4809=VERTEX_POINT('',#15835);
#4810=VERTEX_POINT('',#15837);
#4811=VERTEX_POINT('',#15839);
#4812=VERTEX_POINT('',#15841);
#4813=VERTEX_POINT('',#15846);
#4814=VERTEX_POINT('',#15847);
#4815=VERTEX_POINT('',#15852);
#4816=VERTEX_POINT('',#15856);
#4817=VERTEX_POINT('',#15860);
#4818=VERTEX_POINT('',#15864);
#4819=VERTEX_POINT('',#15868);
#4820=VERTEX_POINT('',#15872);
#4821=VERTEX_POINT('',#15876);
#4822=VERTEX_POINT('',#15880);
#4823=VERTEX_POINT('',#15884);
#4824=VERTEX_POINT('',#15888);
#4825=VERTEX_POINT('',#15896);
#4826=VERTEX_POINT('',#15898);
#4827=VERTEX_POINT('',#15901);
#4828=VERTEX_POINT('',#15904);
#4829=VERTEX_POINT('',#15907);
#4830=VERTEX_POINT('',#15908);
#4831=VERTEX_POINT('',#15910);
#4832=VERTEX_POINT('',#15912);
#4833=VERTEX_POINT('',#15914);
#4834=VERTEX_POINT('',#15916);
#4835=VERTEX_POINT('',#15920);
#4836=VERTEX_POINT('',#15923);
#4837=VERTEX_POINT('',#15925);
#4838=VERTEX_POINT('',#15929);
#4839=VERTEX_POINT('',#15933);
#4840=VERTEX_POINT('',#15937);
#4841=VERTEX_POINT('',#15941);
#4842=VERTEX_POINT('',#15953);
#4843=VERTEX_POINT('',#15954);
#4844=VERTEX_POINT('',#15956);
#4845=VERTEX_POINT('',#15961);
#4846=VERTEX_POINT('',#15968);
#4847=VERTEX_POINT('',#15973);
#4848=VERTEX_POINT('',#15978);
#4849=VERTEX_POINT('',#15986);
#4850=VERTEX_POINT('',#15987);
#4851=VERTEX_POINT('',#15989);
#4852=VERTEX_POINT('',#16001);
#4853=VERTEX_POINT('',#16006);
#4854=VERTEX_POINT('',#16013);
#4855=VERTEX_POINT('',#16019);
#4856=VERTEX_POINT('',#16021);
#4857=VERTEX_POINT('',#16027);
#4858=VERTEX_POINT('',#16030);
#4859=VERTEX_POINT('',#16031);
#4860=VERTEX_POINT('',#16036);
#4861=VERTEX_POINT('',#16041);
#4862=VERTEX_POINT('',#16050);
#4863=VERTEX_POINT('',#16055);
#4864=VERTEX_POINT('',#16067);
#4865=VERTEX_POINT('',#16077);
#4866=VERTEX_POINT('',#16095);
#4867=VERTEX_POINT('',#16096);
#4868=VERTEX_POINT('',#16098);
#4869=VERTEX_POINT('',#16100);
#4870=VERTEX_POINT('',#16103);
#4871=VERTEX_POINT('',#16105);
#4872=VERTEX_POINT('',#16107);
#4873=VERTEX_POINT('',#16109);
#4874=VERTEX_POINT('',#16111);
#4875=VERTEX_POINT('',#16112);
#4876=VERTEX_POINT('',#16114);
#4877=VERTEX_POINT('',#16116);
#4878=VERTEX_POINT('',#16118);
#4879=VERTEX_POINT('',#16122);
#4880=VERTEX_POINT('',#16124);
#4881=VERTEX_POINT('',#16126);
#4882=VERTEX_POINT('',#16128);
#4883=VERTEX_POINT('',#16130);
#4884=VERTEX_POINT('',#16131);
#4885=VERTEX_POINT('',#16133);
#4886=VERTEX_POINT('',#16135);
#4887=VERTEX_POINT('',#16138);
#4888=VERTEX_POINT('',#16139);
#4889=VERTEX_POINT('',#16141);
#4890=VERTEX_POINT('',#16143);
#4891=VERTEX_POINT('',#16145);
#4892=VERTEX_POINT('',#16172);
#4893=VERTEX_POINT('',#16174);
#4894=VERTEX_POINT('',#16176);
#4895=VERTEX_POINT('',#16177);
#4896=VERTEX_POINT('',#16179);
#4897=VERTEX_POINT('',#16181);
#4898=VERTEX_POINT('',#16184);
#4899=VERTEX_POINT('',#16185);
#4900=VERTEX_POINT('',#16187);
#4901=VERTEX_POINT('',#16189);
#4902=VERTEX_POINT('',#16193);
#4903=VERTEX_POINT('',#16195);
#4904=VERTEX_POINT('',#16197);
#4905=VERTEX_POINT('',#16198);
#4906=VERTEX_POINT('',#16200);
#4907=VERTEX_POINT('',#16202);
#4908=VERTEX_POINT('',#16205);
#4909=VERTEX_POINT('',#16206);
#4910=VERTEX_POINT('',#16208);
#4911=VERTEX_POINT('',#16210);
#4912=VERTEX_POINT('',#16213);
#4913=VERTEX_POINT('',#16214);
#4914=VERTEX_POINT('',#16216);
#4915=VERTEX_POINT('',#16218);
#4916=VERTEX_POINT('',#16222);
#4917=VERTEX_POINT('',#16223);
#4918=VERTEX_POINT('',#16225);
#4919=VERTEX_POINT('',#16227);
#4920=VERTEX_POINT('',#16230);
#4921=VERTEX_POINT('',#16231);
#4922=VERTEX_POINT('',#16233);
#4923=VERTEX_POINT('',#16235);
#4924=VERTEX_POINT('',#16239);
#4925=VERTEX_POINT('',#16240);
#4926=VERTEX_POINT('',#16242);
#4927=VERTEX_POINT('',#16244);
#4928=VERTEX_POINT('',#16247);
#4929=VERTEX_POINT('',#16248);
#4930=VERTEX_POINT('',#16250);
#4931=VERTEX_POINT('',#16252);
#4932=VERTEX_POINT('',#16256);
#4933=VERTEX_POINT('',#16257);
#4934=VERTEX_POINT('',#16260);
#4935=VERTEX_POINT('',#16262);
#4936=VERTEX_POINT('',#16264);
#4937=VERTEX_POINT('',#16266);
#4938=VERTEX_POINT('',#16269);
#4939=VERTEX_POINT('',#16271);
#4940=VERTEX_POINT('',#16275);
#4941=VERTEX_POINT('',#16277);
#4942=VERTEX_POINT('',#16281);
#4943=VERTEX_POINT('',#16283);
#4944=VERTEX_POINT('',#16287);
#4945=VERTEX_POINT('',#16288);
#4946=VERTEX_POINT('',#16293);
#4947=VERTEX_POINT('',#16294);
#4948=VERTEX_POINT('',#16296);
#4949=VERTEX_POINT('',#16298);
#4950=VERTEX_POINT('',#16301);
#4951=VERTEX_POINT('',#16302);
#4952=VERTEX_POINT('',#16304);
#4953=VERTEX_POINT('',#16306);
#4954=VERTEX_POINT('',#16309);
#4955=VERTEX_POINT('',#16310);
#4956=VERTEX_POINT('',#16312);
#4957=VERTEX_POINT('',#16314);
#4958=VERTEX_POINT('',#16317);
#4959=VERTEX_POINT('',#16318);
#4960=VERTEX_POINT('',#16320);
#4961=VERTEX_POINT('',#16322);
#4962=VERTEX_POINT('',#16332);
#4963=VERTEX_POINT('',#16334);
#4964=VERTEX_POINT('',#16338);
#4965=VERTEX_POINT('',#16342);
#4966=VERTEX_POINT('',#16384);
#4967=VERTEX_POINT('',#16386);
#4968=VERTEX_POINT('',#16390);
#4969=VERTEX_POINT('',#16394);
#4970=VERTEX_POINT('',#16400);
#4971=VERTEX_POINT('',#16403);
#4972=VERTEX_POINT('',#16405);
#4973=VERTEX_POINT('',#16409);
#4974=VERTEX_POINT('',#16413);
#4975=VERTEX_POINT('',#16419);
#4976=VERTEX_POINT('',#16422);
#4977=VERTEX_POINT('',#16424);
#4978=VERTEX_POINT('',#16428);
#4979=VERTEX_POINT('',#16432);
#4980=VERTEX_POINT('',#16438);
#4981=VERTEX_POINT('',#16441);
#4982=VERTEX_POINT('',#16443);
#4983=VERTEX_POINT('',#16447);
#4984=VERTEX_POINT('',#16451);
#4985=VERTEX_POINT('',#16457);
#4986=VERTEX_POINT('',#16460);
#4987=VERTEX_POINT('',#16463);
#4988=VERTEX_POINT('',#16466);
#4989=VERTEX_POINT('',#16469);
#4990=VERTEX_POINT('',#16472);
#4991=VERTEX_POINT('',#16475);
#4992=VERTEX_POINT('',#16478);
#4993=VERTEX_POINT('',#16481);
#4994=VERTEX_POINT('',#16484);
#4995=VERTEX_POINT('',#16488);
#4996=VERTEX_POINT('',#16492);
#4997=VERTEX_POINT('',#16496);
#4998=VERTEX_POINT('',#16500);
#4999=VERTEX_POINT('',#16502);
#5000=VERTEX_POINT('',#16506);
#5001=VERTEX_POINT('',#16508);
#5002=VERTEX_POINT('',#16512);
#5003=VERTEX_POINT('',#16514);
#5004=VERTEX_POINT('',#16518);
#5005=VERTEX_POINT('',#16520);
#5006=VERTEX_POINT('',#16536);
#5007=VERTEX_POINT('',#16537);
#5008=VERTEX_POINT('',#16539);
#5009=VERTEX_POINT('',#16541);
#5010=VERTEX_POINT('',#16545);
#5011=VERTEX_POINT('',#16546);
#5012=VERTEX_POINT('',#16548);
#5013=VERTEX_POINT('',#16550);
#5014=VERTEX_POINT('',#16554);
#5015=VERTEX_POINT('',#16556);
#5016=VERTEX_POINT('',#16559);
#5017=VERTEX_POINT('',#16561);
#5018=VERTEX_POINT('',#16565);
#5019=VERTEX_POINT('',#16567);
#5020=VERTEX_POINT('',#16571);
#5021=VERTEX_POINT('',#16575);
#5022=VERTEX_POINT('',#16579);
#5023=VERTEX_POINT('',#16581);
#5024=VERTEX_POINT('',#16588);
#5025=VERTEX_POINT('',#16590);
#5026=VERTEX_POINT('',#16593);
#5027=VERTEX_POINT('',#16596);
#5028=VERTEX_POINT('',#16600);
#5029=VERTEX_POINT('',#16604);
#5030=VERTEX_POINT('',#16611);
#5031=VERTEX_POINT('',#16612);
#5032=VERTEX_POINT('',#16614);
#5033=VERTEX_POINT('',#16616);
#5034=VERTEX_POINT('',#16620);
#5035=VERTEX_POINT('',#16622);
#5036=VERTEX_POINT('',#16626);
#5037=VERTEX_POINT('',#16628);
#5038=VERTEX_POINT('',#16636);
#5039=VERTEX_POINT('',#16637);
#5040=VERTEX_POINT('',#16639);
#5041=VERTEX_POINT('',#16641);
#5042=VERTEX_POINT('',#16645);
#5043=VERTEX_POINT('',#16647);
#5044=VERTEX_POINT('',#16651);
#5045=VERTEX_POINT('',#16653);
#5046=VERTEX_POINT('',#16661);
#5047=VERTEX_POINT('',#16662);
#5048=VERTEX_POINT('',#16664);
#5049=VERTEX_POINT('',#16666);
#5050=VERTEX_POINT('',#16670);
#5051=VERTEX_POINT('',#16672);
#5052=VERTEX_POINT('',#16676);
#5053=VERTEX_POINT('',#16678);
#5054=VERTEX_POINT('',#16683);
#5055=VERTEX_POINT('',#16685);
#5056=VERTEX_POINT('',#16689);
#5057=VERTEX_POINT('',#16690);
#5058=VERTEX_POINT('',#16692);
#5059=VERTEX_POINT('',#16694);
#5060=VERTEX_POINT('',#16697);
#5061=VERTEX_POINT('',#16699);
#5062=VERTEX_POINT('',#16704);
#5063=VERTEX_POINT('',#16706);
#5064=VERTEX_POINT('',#16710);
#5065=VERTEX_POINT('',#16712);
#5066=VERTEX_POINT('',#16716);
#5067=VERTEX_POINT('',#16720);
#5068=VERTEX_POINT('',#16727);
#5069=VERTEX_POINT('',#16729);
#5070=VERTEX_POINT('',#16733);
#5071=VERTEX_POINT('',#16737);
#5072=VERTEX_POINT('',#16749);
#5073=VERTEX_POINT('',#16750);
#5074=VERTEX_POINT('',#16752);
#5075=VERTEX_POINT('',#16754);
#5076=VERTEX_POINT('',#16758);
#5077=VERTEX_POINT('',#16760);
#5078=VERTEX_POINT('',#16764);
#5079=VERTEX_POINT('',#16766);
#5080=VERTEX_POINT('',#16770);
#5081=VERTEX_POINT('',#16772);
#5082=VERTEX_POINT('',#16775);
#5083=VERTEX_POINT('',#16777);
#5084=VERTEX_POINT('',#16783);
#5085=VERTEX_POINT('',#16784);
#5086=VERTEX_POINT('',#16786);
#5087=VERTEX_POINT('',#16788);
#5088=VERTEX_POINT('',#16793);
#5089=VERTEX_POINT('',#16795);
#5090=VERTEX_POINT('',#16799);
#5091=VERTEX_POINT('',#16803);
#5092=VERTEX_POINT('',#16811);
#5093=VERTEX_POINT('',#16813);
#5094=VERTEX_POINT('',#16816);
#5095=VERTEX_POINT('',#16819);
#5096=VERTEX_POINT('',#16822);
#5097=VERTEX_POINT('',#16825);
#5098=VERTEX_POINT('',#16831);
#5099=VERTEX_POINT('',#16832);
#5100=VERTEX_POINT('',#16834);
#5101=VERTEX_POINT('',#16836);
#5102=VERTEX_POINT('',#16840);
#5103=VERTEX_POINT('',#16842);
#5104=VERTEX_POINT('',#16846);
#5105=VERTEX_POINT('',#16848);
#5106=VERTEX_POINT('',#16852);
#5107=VERTEX_POINT('',#16854);
#5108=VERTEX_POINT('',#16856);
#5109=VERTEX_POINT('',#16858);
#5110=VERTEX_POINT('',#16860);
#5111=VERTEX_POINT('',#16862);
#5112=VERTEX_POINT('',#16864);
#5113=VERTEX_POINT('',#16866);
#5114=VERTEX_POINT('',#16868);
#5115=VERTEX_POINT('',#16870);
#5116=VERTEX_POINT('',#16872);
#5117=VERTEX_POINT('',#16874);
#5118=VERTEX_POINT('',#16876);
#5119=VERTEX_POINT('',#16878);
#5120=VERTEX_POINT('',#16880);
#5121=VERTEX_POINT('',#16882);
#5122=VERTEX_POINT('',#16884);
#5123=VERTEX_POINT('',#16886);
#5124=VERTEX_POINT('',#16888);
#5125=VERTEX_POINT('',#16890);
#5126=VERTEX_POINT('',#16892);
#5127=VERTEX_POINT('',#16894);
#5128=VERTEX_POINT('',#16896);
#5129=VERTEX_POINT('',#16898);
#5130=VERTEX_POINT('',#16900);
#5131=VERTEX_POINT('',#16902);
#5132=VERTEX_POINT('',#16904);
#5133=VERTEX_POINT('',#16906);
#5134=VERTEX_POINT('',#16908);
#5135=VERTEX_POINT('',#16910);
#5136=VERTEX_POINT('',#16912);
#5137=VERTEX_POINT('',#16914);
#5138=VERTEX_POINT('',#16916);
#5139=VERTEX_POINT('',#16918);
#5140=VERTEX_POINT('',#16920);
#5141=VERTEX_POINT('',#16922);
#5142=VERTEX_POINT('',#16924);
#5143=VERTEX_POINT('',#16926);
#5144=VERTEX_POINT('',#16928);
#5145=VERTEX_POINT('',#16930);
#5146=VERTEX_POINT('',#16932);
#5147=VERTEX_POINT('',#16934);
#5148=VERTEX_POINT('',#16936);
#5149=VERTEX_POINT('',#16938);
#5150=VERTEX_POINT('',#16940);
#5151=VERTEX_POINT('',#16942);
#5152=VERTEX_POINT('',#16945);
#5153=VERTEX_POINT('',#16946);
#5154=VERTEX_POINT('',#16948);
#5155=VERTEX_POINT('',#16950);
#5156=VERTEX_POINT('',#16953);
#5157=VERTEX_POINT('',#16954);
#5158=VERTEX_POINT('',#16956);
#5159=VERTEX_POINT('',#16958);
#5160=VERTEX_POINT('',#16961);
#5161=VERTEX_POINT('',#16962);
#5162=VERTEX_POINT('',#16964);
#5163=VERTEX_POINT('',#16966);
#5164=VERTEX_POINT('',#16969);
#5165=VERTEX_POINT('',#16970);
#5166=VERTEX_POINT('',#16972);
#5167=VERTEX_POINT('',#16974);
#5168=VERTEX_POINT('',#16977);
#5169=VERTEX_POINT('',#16978);
#5170=VERTEX_POINT('',#16980);
#5171=VERTEX_POINT('',#16982);
#5172=VERTEX_POINT('',#16985);
#5173=VERTEX_POINT('',#16986);
#5174=VERTEX_POINT('',#16988);
#5175=VERTEX_POINT('',#16990);
#5176=VERTEX_POINT('',#16993);
#5177=VERTEX_POINT('',#16994);
#5178=VERTEX_POINT('',#16996);
#5179=VERTEX_POINT('',#16998);
#5180=VERTEX_POINT('',#17001);
#5181=VERTEX_POINT('',#17002);
#5182=VERTEX_POINT('',#17004);
#5183=VERTEX_POINT('',#17006);
#5184=VERTEX_POINT('',#17010);
#5185=VERTEX_POINT('',#17012);
#5186=VERTEX_POINT('',#17014);
#5187=VERTEX_POINT('',#17016);
#5188=VERTEX_POINT('',#17018);
#5189=VERTEX_POINT('',#17020);
#5190=VERTEX_POINT('',#17022);
#5191=VERTEX_POINT('',#17024);
#5192=VERTEX_POINT('',#17026);
#5193=VERTEX_POINT('',#17028);
#5194=VERTEX_POINT('',#17030);
#5195=VERTEX_POINT('',#17032);
#5196=VERTEX_POINT('',#17034);
#5197=VERTEX_POINT('',#17036);
#5198=VERTEX_POINT('',#17038);
#5199=VERTEX_POINT('',#17040);
#5200=VERTEX_POINT('',#17042);
#5201=VERTEX_POINT('',#17044);
#5202=VERTEX_POINT('',#17046);
#5203=VERTEX_POINT('',#17048);
#5204=VERTEX_POINT('',#17050);
#5205=VERTEX_POINT('',#17052);
#5206=VERTEX_POINT('',#17054);
#5207=VERTEX_POINT('',#17056);
#5208=VERTEX_POINT('',#17058);
#5209=VERTEX_POINT('',#17060);
#5210=VERTEX_POINT('',#17062);
#5211=VERTEX_POINT('',#17064);
#5212=VERTEX_POINT('',#17066);
#5213=VERTEX_POINT('',#17068);
#5214=VERTEX_POINT('',#17070);
#5215=VERTEX_POINT('',#17072);
#5216=VERTEX_POINT('',#17074);
#5217=VERTEX_POINT('',#17076);
#5218=VERTEX_POINT('',#17078);
#5219=VERTEX_POINT('',#17080);
#5220=VERTEX_POINT('',#17082);
#5221=VERTEX_POINT('',#17084);
#5222=VERTEX_POINT('',#17086);
#5223=VERTEX_POINT('',#17088);
#5224=VERTEX_POINT('',#17090);
#5225=VERTEX_POINT('',#17092);
#5226=VERTEX_POINT('',#17094);
#5227=VERTEX_POINT('',#17096);
#5228=VERTEX_POINT('',#17098);
#5229=VERTEX_POINT('',#17100);
#5230=VERTEX_POINT('',#17103);
#5231=VERTEX_POINT('',#17104);
#5232=VERTEX_POINT('',#17106);
#5233=VERTEX_POINT('',#17108);
#5234=VERTEX_POINT('',#17111);
#5235=VERTEX_POINT('',#17112);
#5236=VERTEX_POINT('',#17114);
#5237=VERTEX_POINT('',#17116);
#5238=VERTEX_POINT('',#17119);
#5239=VERTEX_POINT('',#17120);
#5240=VERTEX_POINT('',#17122);
#5241=VERTEX_POINT('',#17124);
#5242=VERTEX_POINT('',#17127);
#5243=VERTEX_POINT('',#17128);
#5244=VERTEX_POINT('',#17130);
#5245=VERTEX_POINT('',#17132);
#5246=VERTEX_POINT('',#17135);
#5247=VERTEX_POINT('',#17136);
#5248=VERTEX_POINT('',#17138);
#5249=VERTEX_POINT('',#17140);
#5250=VERTEX_POINT('',#17143);
#5251=VERTEX_POINT('',#17144);
#5252=VERTEX_POINT('',#17146);
#5253=VERTEX_POINT('',#17148);
#5254=VERTEX_POINT('',#17151);
#5255=VERTEX_POINT('',#17152);
#5256=VERTEX_POINT('',#17154);
#5257=VERTEX_POINT('',#17156);
#5258=VERTEX_POINT('',#17159);
#5259=VERTEX_POINT('',#17160);
#5260=VERTEX_POINT('',#17162);
#5261=VERTEX_POINT('',#17164);
#5262=VERTEX_POINT('',#17261);
#5263=VERTEX_POINT('',#17263);
#5264=VERTEX_POINT('',#17267);
#5265=VERTEX_POINT('',#17271);
#5266=VERTEX_POINT('',#17277);
#5267=VERTEX_POINT('',#17279);
#5268=VERTEX_POINT('',#17283);
#5269=VERTEX_POINT('',#17287);
#5270=VERTEX_POINT('',#17293);
#5271=VERTEX_POINT('',#17295);
#5272=VERTEX_POINT('',#17299);
#5273=VERTEX_POINT('',#17303);
#5274=VERTEX_POINT('',#17309);
#5275=VERTEX_POINT('',#17311);
#5276=VERTEX_POINT('',#17315);
#5277=VERTEX_POINT('',#17319);
#5278=VERTEX_POINT('',#17325);
#5279=VERTEX_POINT('',#17327);
#5280=VERTEX_POINT('',#17331);
#5281=VERTEX_POINT('',#17335);
#5282=VERTEX_POINT('',#17341);
#5283=VERTEX_POINT('',#17343);
#5284=VERTEX_POINT('',#17347);
#5285=VERTEX_POINT('',#17351);
#5286=VERTEX_POINT('',#17357);
#5287=VERTEX_POINT('',#17359);
#5288=VERTEX_POINT('',#17363);
#5289=VERTEX_POINT('',#17367);
#5290=VERTEX_POINT('',#17373);
#5291=VERTEX_POINT('',#17375);
#5292=VERTEX_POINT('',#17379);
#5293=VERTEX_POINT('',#17383);
#5294=VERTEX_POINT('',#17389);
#5295=VERTEX_POINT('',#17390);
#5296=VERTEX_POINT('',#17395);
#5297=VERTEX_POINT('',#17399);
#5298=VERTEX_POINT('',#17405);
#5299=VERTEX_POINT('',#17407);
#5300=VERTEX_POINT('',#17411);
#5301=VERTEX_POINT('',#17415);
#5302=VERTEX_POINT('',#17421);
#5303=VERTEX_POINT('',#17423);
#5304=VERTEX_POINT('',#17427);
#5305=VERTEX_POINT('',#17431);
#5306=VERTEX_POINT('',#17437);
#5307=VERTEX_POINT('',#17439);
#5308=VERTEX_POINT('',#17443);
#5309=VERTEX_POINT('',#17447);
#5310=VERTEX_POINT('',#17453);
#5311=VERTEX_POINT('',#17455);
#5312=VERTEX_POINT('',#17459);
#5313=VERTEX_POINT('',#17463);
#5314=VERTEX_POINT('',#17469);
#5315=VERTEX_POINT('',#17471);
#5316=VERTEX_POINT('',#17475);
#5317=VERTEX_POINT('',#17479);
#5318=VERTEX_POINT('',#17485);
#5319=VERTEX_POINT('',#17486);
#5320=VERTEX_POINT('',#17491);
#5321=VERTEX_POINT('',#17495);
#5322=VERTEX_POINT('',#17501);
#5323=VERTEX_POINT('',#17503);
#5324=VERTEX_POINT('',#17507);
#5325=VERTEX_POINT('',#17511);
#5326=VERTEX_POINT('',#17517);
#5327=VERTEX_POINT('',#17518);
#5328=VERTEX_POINT('',#17523);
#5329=VERTEX_POINT('',#17527);
#5330=VERTEX_POINT('',#17533);
#5331=VERTEX_POINT('',#17535);
#5332=VERTEX_POINT('',#17539);
#5333=VERTEX_POINT('',#17543);
#5334=VERTEX_POINT('',#17549);
#5335=VERTEX_POINT('',#17550);
#5336=VERTEX_POINT('',#17555);
#5337=VERTEX_POINT('',#17559);
#5338=VERTEX_POINT('',#17565);
#5339=VERTEX_POINT('',#17567);
#5340=VERTEX_POINT('',#17571);
#5341=VERTEX_POINT('',#17575);
#5342=VERTEX_POINT('',#17581);
#5343=VERTEX_POINT('',#17582);
#5344=VERTEX_POINT('',#17587);
#5345=VERTEX_POINT('',#17591);
#5346=VERTEX_POINT('',#17597);
#5347=VERTEX_POINT('',#17599);
#5348=VERTEX_POINT('',#17603);
#5349=VERTEX_POINT('',#17607);
#5350=VERTEX_POINT('',#17613);
#5351=VERTEX_POINT('',#17614);
#5352=VERTEX_POINT('',#17619);
#5353=VERTEX_POINT('',#17623);
#5354=VERTEX_POINT('',#17629);
#5355=VERTEX_POINT('',#17630);
#5356=VERTEX_POINT('',#17635);
#5357=VERTEX_POINT('',#17639);
#5358=VERTEX_POINT('',#17645);
#5359=VERTEX_POINT('',#17647);
#5360=VERTEX_POINT('',#17651);
#5361=VERTEX_POINT('',#17655);
#5362=VERTEX_POINT('',#17661);
#5363=VERTEX_POINT('',#17662);
#5364=VERTEX_POINT('',#17667);
#5365=VERTEX_POINT('',#17671);
#5366=VERTEX_POINT('',#17677);
#5367=VERTEX_POINT('',#17679);
#5368=VERTEX_POINT('',#17683);
#5369=VERTEX_POINT('',#17687);
#5370=VERTEX_POINT('',#17693);
#5371=VERTEX_POINT('',#17694);
#5372=VERTEX_POINT('',#17699);
#5373=VERTEX_POINT('',#17703);
#5374=VERTEX_POINT('',#17709);
#5375=VERTEX_POINT('',#17711);
#5376=VERTEX_POINT('',#17715);
#5377=VERTEX_POINT('',#17719);
#5378=VERTEX_POINT('',#17725);
#5379=VERTEX_POINT('',#17726);
#5380=VERTEX_POINT('',#17731);
#5381=VERTEX_POINT('',#17735);
#5382=VERTEX_POINT('',#17741);
#5383=VERTEX_POINT('',#17743);
#5384=VERTEX_POINT('',#17747);
#5385=VERTEX_POINT('',#17751);
#5386=VERTEX_POINT('',#17757);
#5387=VERTEX_POINT('',#17759);
#5388=VERTEX_POINT('',#17763);
#5389=VERTEX_POINT('',#17767);
#5390=VERTEX_POINT('',#17790);
#5391=VERTEX_POINT('',#17792);
#5392=VERTEX_POINT('',#17795);
#5393=VERTEX_POINT('',#17798);
#5394=VERTEX_POINT('',#17801);
#5395=VERTEX_POINT('',#17804);
#5396=VERTEX_POINT('',#17810);
#5397=VERTEX_POINT('',#17812);
#5398=VERTEX_POINT('',#17815);
#5399=VERTEX_POINT('',#17818);
#5400=VERTEX_POINT('',#17821);
#5401=VERTEX_POINT('',#17824);
#5402=VERTEX_POINT('',#17827);
#5403=VERTEX_POINT('',#17830);
#5404=VERTEX_POINT('',#17836);
#5405=VERTEX_POINT('',#17838);
#5406=VERTEX_POINT('',#17841);
#5407=VERTEX_POINT('',#17844);
#5408=VERTEX_POINT('',#17847);
#5409=VERTEX_POINT('',#17850);
#5410=VERTEX_POINT('',#17853);
#5411=VERTEX_POINT('',#17856);
#5412=VERTEX_POINT('',#17862);
#5413=VERTEX_POINT('',#17864);
#5414=VERTEX_POINT('',#17867);
#5415=VERTEX_POINT('',#17870);
#5416=VERTEX_POINT('',#17873);
#5417=VERTEX_POINT('',#17876);
#5418=VERTEX_POINT('',#17882);
#5419=VERTEX_POINT('',#17883);
#5420=VERTEX_POINT('',#17885);
#5421=VERTEX_POINT('',#17887);
#5422=VERTEX_POINT('',#17891);
#5423=VERTEX_POINT('',#17892);
#5424=VERTEX_POINT('',#17897);
#5425=VERTEX_POINT('',#17899);
#5426=VERTEX_POINT('',#17903);
#5427=VERTEX_POINT('',#17905);
#5428=VERTEX_POINT('',#17907);
#5429=VERTEX_POINT('',#17909);
#5430=VERTEX_POINT('',#17912);
#5431=VERTEX_POINT('',#17914);
#5432=VERTEX_POINT('',#17916);
#5433=VERTEX_POINT('',#17918);
#5434=VERTEX_POINT('',#17920);
#5435=VERTEX_POINT('',#17922);
#5436=VERTEX_POINT('',#17924);
#5437=VERTEX_POINT('',#17926);
#5438=VERTEX_POINT('',#17928);
#5439=VERTEX_POINT('',#17930);
#5440=VERTEX_POINT('',#17932);
#5441=VERTEX_POINT('',#17934);
#5442=VERTEX_POINT('',#17936);
#5443=VERTEX_POINT('',#17938);
#5444=VERTEX_POINT('',#17940);
#5445=VERTEX_POINT('',#17942);
#5446=VERTEX_POINT('',#17944);
#5447=VERTEX_POINT('',#17946);
#5448=VERTEX_POINT('',#17948);
#5449=VERTEX_POINT('',#17950);
#5450=VERTEX_POINT('',#17952);
#5451=VERTEX_POINT('',#17954);
#5452=VERTEX_POINT('',#17956);
#5453=VERTEX_POINT('',#17958);
#5454=VERTEX_POINT('',#17960);
#5455=VERTEX_POINT('',#17962);
#5456=VERTEX_POINT('',#17964);
#5457=VERTEX_POINT('',#17966);
#5458=VERTEX_POINT('',#17968);
#5459=VERTEX_POINT('',#17970);
#5460=VERTEX_POINT('',#17972);
#5461=VERTEX_POINT('',#17974);
#5462=VERTEX_POINT('',#17976);
#5463=VERTEX_POINT('',#17978);
#5464=VERTEX_POINT('',#17980);
#5465=VERTEX_POINT('',#17982);
#5466=VERTEX_POINT('',#17984);
#5467=VERTEX_POINT('',#17986);
#5468=VERTEX_POINT('',#17988);
#5469=VERTEX_POINT('',#17990);
#5470=VERTEX_POINT('',#17992);
#5471=VERTEX_POINT('',#17994);
#5472=VERTEX_POINT('',#17996);
#5473=VERTEX_POINT('',#17998);
#5474=VERTEX_POINT('',#18000);
#5475=VERTEX_POINT('',#18002);
#5476=VERTEX_POINT('',#18004);
#5477=VERTEX_POINT('',#18006);
#5478=VERTEX_POINT('',#18008);
#5479=VERTEX_POINT('',#18010);
#5480=VERTEX_POINT('',#18012);
#5481=VERTEX_POINT('',#18014);
#5482=VERTEX_POINT('',#18016);
#5483=VERTEX_POINT('',#18018);
#5484=VERTEX_POINT('',#18020);
#5485=VERTEX_POINT('',#18022);
#5486=VERTEX_POINT('',#18024);
#5487=VERTEX_POINT('',#18026);
#5488=VERTEX_POINT('',#18028);
#5489=VERTEX_POINT('',#18030);
#5490=VERTEX_POINT('',#18032);
#5491=VERTEX_POINT('',#18034);
#5492=VERTEX_POINT('',#18036);
#5493=VERTEX_POINT('',#18038);
#5494=VERTEX_POINT('',#18040);
#5495=VERTEX_POINT('',#18042);
#5496=VERTEX_POINT('',#18044);
#5497=VERTEX_POINT('',#18046);
#5498=VERTEX_POINT('',#18048);
#5499=VERTEX_POINT('',#18050);
#5500=VERTEX_POINT('',#18052);
#5501=VERTEX_POINT('',#18054);
#5502=VERTEX_POINT('',#18056);
#5503=VERTEX_POINT('',#18058);
#5504=VERTEX_POINT('',#18060);
#5505=VERTEX_POINT('',#18062);
#5506=VERTEX_POINT('',#18064);
#5507=VERTEX_POINT('',#18066);
#5508=VERTEX_POINT('',#18068);
#5509=VERTEX_POINT('',#18070);
#5510=VERTEX_POINT('',#18072);
#5511=VERTEX_POINT('',#18074);
#5512=VERTEX_POINT('',#18076);
#5513=VERTEX_POINT('',#18078);
#5514=VERTEX_POINT('',#18080);
#5515=VERTEX_POINT('',#18082);
#5516=VERTEX_POINT('',#18084);
#5517=VERTEX_POINT('',#18086);
#5518=VERTEX_POINT('',#18088);
#5519=VERTEX_POINT('',#18090);
#5520=VERTEX_POINT('',#18092);
#5521=VERTEX_POINT('',#18095);
#5522=VERTEX_POINT('',#18097);
#5523=VERTEX_POINT('',#18099);
#5524=VERTEX_POINT('',#18101);
#5525=VERTEX_POINT('',#18104);
#5526=VERTEX_POINT('',#18106);
#5527=VERTEX_POINT('',#18108);
#5528=VERTEX_POINT('',#18110);
#5529=VERTEX_POINT('',#18112);
#5530=VERTEX_POINT('',#18114);
#5531=VERTEX_POINT('',#18116);
#5532=VERTEX_POINT('',#18118);
#5533=VERTEX_POINT('',#18120);
#5534=VERTEX_POINT('',#18122);
#5535=VERTEX_POINT('',#18124);
#5536=VERTEX_POINT('',#18126);
#5537=VERTEX_POINT('',#18128);
#5538=VERTEX_POINT('',#18130);
#5539=VERTEX_POINT('',#18132);
#5540=VERTEX_POINT('',#18134);
#5541=VERTEX_POINT('',#18136);
#5542=VERTEX_POINT('',#18138);
#5543=VERTEX_POINT('',#18140);
#5544=VERTEX_POINT('',#18142);
#5545=VERTEX_POINT('',#18144);
#5546=VERTEX_POINT('',#18146);
#5547=VERTEX_POINT('',#18148);
#5548=VERTEX_POINT('',#18150);
#5549=VERTEX_POINT('',#18152);
#5550=VERTEX_POINT('',#18154);
#5551=VERTEX_POINT('',#18156);
#5552=VERTEX_POINT('',#18158);
#5553=VERTEX_POINT('',#18160);
#5554=VERTEX_POINT('',#18162);
#5555=VERTEX_POINT('',#18164);
#5556=VERTEX_POINT('',#18166);
#5557=VERTEX_POINT('',#18168);
#5558=VERTEX_POINT('',#18170);
#5559=VERTEX_POINT('',#18172);
#5560=VERTEX_POINT('',#18174);
#5561=VERTEX_POINT('',#18176);
#5562=VERTEX_POINT('',#18178);
#5563=VERTEX_POINT('',#18180);
#5564=VERTEX_POINT('',#18182);
#5565=VERTEX_POINT('',#18184);
#5566=VERTEX_POINT('',#18186);
#5567=VERTEX_POINT('',#18188);
#5568=VERTEX_POINT('',#18190);
#5569=VERTEX_POINT('',#18192);
#5570=VERTEX_POINT('',#18194);
#5571=VERTEX_POINT('',#18196);
#5572=VERTEX_POINT('',#18198);
#5573=VERTEX_POINT('',#18200);
#5574=VERTEX_POINT('',#18202);
#5575=VERTEX_POINT('',#18204);
#5576=VERTEX_POINT('',#18206);
#5577=VERTEX_POINT('',#18208);
#5578=VERTEX_POINT('',#18210);
#5579=VERTEX_POINT('',#18212);
#5580=VERTEX_POINT('',#18214);
#5581=VERTEX_POINT('',#18216);
#5582=VERTEX_POINT('',#18218);
#5583=VERTEX_POINT('',#18220);
#5584=VERTEX_POINT('',#18222);
#5585=VERTEX_POINT('',#18224);
#5586=VERTEX_POINT('',#18226);
#5587=VERTEX_POINT('',#18228);
#5588=VERTEX_POINT('',#18230);
#5589=VERTEX_POINT('',#18232);
#5590=VERTEX_POINT('',#18234);
#5591=VERTEX_POINT('',#18236);
#5592=VERTEX_POINT('',#18238);
#5593=VERTEX_POINT('',#18240);
#5594=VERTEX_POINT('',#18242);
#5595=VERTEX_POINT('',#18244);
#5596=VERTEX_POINT('',#18246);
#5597=VERTEX_POINT('',#18248);
#5598=VERTEX_POINT('',#18250);
#5599=VERTEX_POINT('',#18252);
#5600=VERTEX_POINT('',#18254);
#5601=VERTEX_POINT('',#18256);
#5602=VERTEX_POINT('',#18258);
#5603=VERTEX_POINT('',#18260);
#5604=VERTEX_POINT('',#18262);
#5605=VERTEX_POINT('',#18264);
#5606=VERTEX_POINT('',#18266);
#5607=VERTEX_POINT('',#18268);
#5608=VERTEX_POINT('',#18270);
#5609=VERTEX_POINT('',#18272);
#5610=VERTEX_POINT('',#18274);
#5611=VERTEX_POINT('',#18276);
#5612=VERTEX_POINT('',#18278);
#5613=VERTEX_POINT('',#18280);
#5614=VERTEX_POINT('',#18282);
#5615=VERTEX_POINT('',#18284);
#5616=VERTEX_POINT('',#18388);
#5617=VERTEX_POINT('',#18390);
#5618=VERTEX_POINT('',#18393);
#5619=VERTEX_POINT('',#18396);
#5620=VERTEX_POINT('',#18399);
#5621=VERTEX_POINT('',#18402);
#5622=VERTEX_POINT('',#18405);
#5623=VERTEX_POINT('',#18408);
#5624=VERTEX_POINT('',#18414);
#5625=VERTEX_POINT('',#18416);
#5626=VERTEX_POINT('',#18419);
#5627=VERTEX_POINT('',#18422);
#5628=VERTEX_POINT('',#18425);
#5629=VERTEX_POINT('',#18428);
#5630=VERTEX_POINT('',#18434);
#5631=VERTEX_POINT('',#18436);
#5632=VERTEX_POINT('',#18439);
#5633=VERTEX_POINT('',#18442);
#5634=VERTEX_POINT('',#18445);
#5635=VERTEX_POINT('',#18448);
#5636=VERTEX_POINT('',#18451);
#5637=VERTEX_POINT('',#18454);
#5638=VERTEX_POINT('',#18460);
#5639=VERTEX_POINT('',#18462);
#5640=VERTEX_POINT('',#18465);
#5641=VERTEX_POINT('',#18468);
#5642=VERTEX_POINT('',#18471);
#5643=VERTEX_POINT('',#18474);
#5644=VERTEX_POINT('',#18480);
#5645=VERTEX_POINT('',#18482);
#5646=VERTEX_POINT('',#18485);
#5647=VERTEX_POINT('',#18488);
#5648=VERTEX_POINT('',#18491);
#5649=VERTEX_POINT('',#18494);
#5650=VERTEX_POINT('',#18500);
#5651=VERTEX_POINT('',#18502);
#5652=VERTEX_POINT('',#18505);
#5653=VERTEX_POINT('',#18508);
#5654=VERTEX_POINT('',#18511);
#5655=VERTEX_POINT('',#18514);
#5656=VERTEX_POINT('',#18517);
#5657=VERTEX_POINT('',#18520);
#5658=VERTEX_POINT('',#18526);
#5659=VERTEX_POINT('',#18528);
#5660=VERTEX_POINT('',#18531);
#5661=VERTEX_POINT('',#18534);
#5662=VERTEX_POINT('',#18537);
#5663=VERTEX_POINT('',#18539);
#5664=VERTEX_POINT('',#18542);
#5665=VERTEX_POINT('',#18545);
#5666=VERTEX_POINT('',#18548);
#5667=VERTEX_POINT('',#18551);
#5668=VERTEX_POINT('',#18554);
#5669=VERTEX_POINT('',#18557);
#5670=VERTEX_POINT('',#18564);
#5671=VERTEX_POINT('',#18566);
#5672=VERTEX_POINT('',#18569);
#5673=VERTEX_POINT('',#18572);
#5674=VERTEX_POINT('',#18575);
#5675=VERTEX_POINT('',#18578);
#5676=VERTEX_POINT('',#18581);
#5677=VERTEX_POINT('',#18584);
#5678=VERTEX_POINT('',#18590);
#5679=VERTEX_POINT('',#18592);
#5680=VERTEX_POINT('',#18595);
#5681=VERTEX_POINT('',#18598);
#5682=VERTEX_POINT('',#18601);
#5683=VERTEX_POINT('',#18604);
#5684=VERTEX_POINT('',#18607);
#5685=VERTEX_POINT('',#18610);
#5686=VERTEX_POINT('',#18616);
#5687=VERTEX_POINT('',#18618);
#5688=VERTEX_POINT('',#18621);
#5689=VERTEX_POINT('',#18624);
#5690=VERTEX_POINT('',#18627);
#5691=VERTEX_POINT('',#18630);
#5692=VERTEX_POINT('',#18633);
#5693=VERTEX_POINT('',#18636);
#5694=VERTEX_POINT('',#18642);
#5695=VERTEX_POINT('',#18644);
#5696=VERTEX_POINT('',#18647);
#5697=VERTEX_POINT('',#18650);
#5698=VERTEX_POINT('',#18653);
#5699=VERTEX_POINT('',#18656);
#5700=VERTEX_POINT('',#18662);
#5701=VERTEX_POINT('',#18664);
#5702=VERTEX_POINT('',#18667);
#5703=VERTEX_POINT('',#18670);
#5704=VERTEX_POINT('',#18673);
#5705=VERTEX_POINT('',#18676);
#5706=VERTEX_POINT('',#18679);
#5707=VERTEX_POINT('',#18682);
#5708=VERTEX_POINT('',#18688);
#5709=VERTEX_POINT('',#18690);
#5710=VERTEX_POINT('',#18693);
#5711=VERTEX_POINT('',#18696);
#5712=VERTEX_POINT('',#18699);
#5713=VERTEX_POINT('',#18702);
#5714=VERTEX_POINT('',#18708);
#5715=VERTEX_POINT('',#18710);
#5716=VERTEX_POINT('',#18713);
#5717=VERTEX_POINT('',#18716);
#5718=VERTEX_POINT('',#18719);
#5719=VERTEX_POINT('',#18722);
#5720=LINE('',#15764,#6568);
#5721=LINE('',#15767,#6569);
#5722=LINE('',#15769,#6570);
#5723=LINE('',#15771,#6571);
#5724=LINE('',#15773,#6572);
#5725=LINE('',#15776,#6573);
#5726=LINE('',#15777,#6574);
#5727=LINE('',#15779,#6575);
#5728=LINE('',#15781,#6576);
#5729=LINE('',#15782,#6577);
#5730=LINE('',#15785,#6578);
#5731=LINE('',#15787,#6579);
#5732=LINE('',#15789,#6580);
#5733=LINE('',#15791,#6581);
#5734=LINE('',#15793,#6582);
#5735=LINE('',#15795,#6583);
#5736=LINE('',#15800,#6584);
#5737=LINE('',#15803,#6585);
#5738=LINE('',#15804,#6586);
#5739=LINE('',#15806,#6587);
#5740=LINE('',#15808,#6588);
#5741=LINE('',#15810,#6589);
#5742=LINE('',#15812,#6590);
#5743=LINE('',#15814,#6591);
#5744=LINE('',#15819,#6592);
#5745=LINE('',#15822,#6593);
#5746=LINE('',#15824,#6594);
#5747=LINE('',#15826,#6595);
#5748=LINE('',#15828,#6596);
#5749=LINE('',#15830,#6597);
#5750=LINE('',#15832,#6598);
#5751=LINE('',#15834,#6599);
#5752=LINE('',#15836,#6600);
#5753=LINE('',#15838,#6601);
#5754=LINE('',#15840,#6602);
#5755=LINE('',#15842,#6603);
#5756=LINE('',#15845,#6604);
#5757=LINE('',#15848,#6605);
#5758=LINE('',#15849,#6606);
#5759=LINE('',#15851,#6607);
#5760=LINE('',#15853,#6608);
#5761=LINE('',#15855,#6609);
#5762=LINE('',#15857,#6610);
#5763=LINE('',#15859,#6611);
#5764=LINE('',#15861,#6612);
#5765=LINE('',#15863,#6613);
#5766=LINE('',#15865,#6614);
#5767=LINE('',#15867,#6615);
#5768=LINE('',#15869,#6616);
#5769=LINE('',#15871,#6617);
#5770=LINE('',#15873,#6618);
#5771=LINE('',#15875,#6619);
#5772=LINE('',#15877,#6620);
#5773=LINE('',#15879,#6621);
#5774=LINE('',#15881,#6622);
#5775=LINE('',#15883,#6623);
#5776=LINE('',#15885,#6624);
#5777=LINE('',#15887,#6625);
#5778=LINE('',#15889,#6626);
#5779=LINE('',#15891,#6627);
#5780=LINE('',#15906,#6628);
#5781=LINE('',#15909,#6629);
#5782=LINE('',#15911,#6630);
#5783=LINE('',#15913,#6631);
#5784=LINE('',#15915,#6632);
#5785=LINE('',#15917,#6633);
#5786=LINE('',#15922,#6634);
#5787=LINE('',#15924,#6635);
#5788=LINE('',#15926,#6636);
#5789=LINE('',#15928,#6637);
#5790=LINE('',#15930,#6638);
#5791=LINE('',#15932,#6639);
#5792=LINE('',#15934,#6640);
#5793=LINE('',#15936,#6641);
#5794=LINE('',#15938,#6642);
#5795=LINE('',#15940,#6643);
#5796=LINE('',#15942,#6644);
#5797=LINE('',#15944,#6645);
#5798=LINE('',#15955,#6646);
#5799=LINE('',#15962,#6647);
#5800=LINE('',#15985,#6648);
#5801=LINE('',#15988,#6649);
#5802=LINE('',#15990,#6650);
#5803=LINE('',#16012,#6651);
#5804=LINE('',#16020,#6652);
#5805=LINE('',#16028,#6653);
#5806=LINE('',#16029,#6654);
#5807=LINE('',#16032,#6655);
#5808=LINE('',#16033,#6656);
#5809=LINE('',#16035,#6657);
#5810=LINE('',#16042,#6658);
#5811=LINE('',#16049,#6659);
#5812=LINE('',#16056,#6660);
#5813=LINE('',#16083,#6661);
#5814=LINE('',#16094,#6662);
#5815=LINE('',#16097,#6663);
#5816=LINE('',#16099,#6664);
#5817=LINE('',#16101,#6665);
#5818=LINE('',#16113,#6666);
#5819=LINE('',#16115,#6667);
#5820=LINE('',#16117,#6668);
#5821=LINE('',#16119,#6669);
#5822=LINE('',#16129,#6670);
#5823=LINE('',#16132,#6671);
#5824=LINE('',#16134,#6672);
#5825=LINE('',#16136,#6673);
#5826=LINE('',#16137,#6674);
#5827=LINE('',#16142,#6675);
#5828=LINE('',#16144,#6676);
#5829=LINE('',#16146,#6677);
#5830=LINE('',#16148,#6678);
#5831=LINE('',#16149,#6679);
#5832=LINE('',#16151,#6680);
#5833=LINE('',#16152,#6681);
#5834=LINE('',#16154,#6682);
#5835=LINE('',#16155,#6683);
#5836=LINE('',#16157,#6684);
#5837=LINE('',#16159,#6685);
#5838=LINE('',#16162,#6686);
#5839=LINE('',#16175,#6687);
#5840=LINE('',#16178,#6688);
#5841=LINE('',#16180,#6689);
#5842=LINE('',#16182,#6690);
#5843=LINE('',#16183,#6691);
#5844=LINE('',#16186,#6692);
#5845=LINE('',#16188,#6693);
#5846=LINE('',#16190,#6694);
#5847=LINE('',#16196,#6695);
#5848=LINE('',#16199,#6696);
#5849=LINE('',#16201,#6697);
#5850=LINE('',#16203,#6698);
#5851=LINE('',#16204,#6699);
#5852=LINE('',#16207,#6700);
#5853=LINE('',#16209,#6701);
#5854=LINE('',#16211,#6702);
#5855=LINE('',#16212,#6703);
#5856=LINE('',#16215,#6704);
#5857=LINE('',#16217,#6705);
#5858=LINE('',#16219,#6706);
#5859=LINE('',#16221,#6707);
#5860=LINE('',#16224,#6708);
#5861=LINE('',#16226,#6709);
#5862=LINE('',#16228,#6710);
#5863=LINE('',#16229,#6711);
#5864=LINE('',#16232,#6712);
#5865=LINE('',#16234,#6713);
#5866=LINE('',#16236,#6714);
#5867=LINE('',#16238,#6715);
#5868=LINE('',#16241,#6716);
#5869=LINE('',#16243,#6717);
#5870=LINE('',#16245,#6718);
#5871=LINE('',#16246,#6719);
#5872=LINE('',#16249,#6720);
#5873=LINE('',#16251,#6721);
#5874=LINE('',#16253,#6722);
#5875=LINE('',#16255,#6723);
#5876=LINE('',#16261,#6724);
#5877=LINE('',#16265,#6725);
#5878=LINE('',#16267,#6726);
#5879=LINE('',#16268,#6727);
#5880=LINE('',#16270,#6728);
#5881=LINE('',#16274,#6729);
#5882=LINE('',#16276,#6730);
#5883=LINE('',#16278,#6731);
#5884=LINE('',#16280,#6732);
#5885=LINE('',#16282,#6733);
#5886=LINE('',#16284,#6734);
#5887=LINE('',#16286,#6735);
#5888=LINE('',#16289,#6736);
#5889=LINE('',#16290,#6737);
#5890=LINE('',#16292,#6738);
#5891=LINE('',#16295,#6739);
#5892=LINE('',#16297,#6740);
#5893=LINE('',#16299,#6741);
#5894=LINE('',#16300,#6742);
#5895=LINE('',#16303,#6743);
#5896=LINE('',#16305,#6744);
#5897=LINE('',#16307,#6745);
#5898=LINE('',#16308,#6746);
#5899=LINE('',#16311,#6747);
#5900=LINE('',#16313,#6748);
#5901=LINE('',#16315,#6749);
#5902=LINE('',#16316,#6750);
#5903=LINE('',#16319,#6751);
#5904=LINE('',#16321,#6752);
#5905=LINE('',#16323,#6753);
#5906=LINE('',#16324,#6754);
#5907=LINE('',#16325,#6755);
#5908=LINE('',#16331,#6756);
#5909=LINE('',#16333,#6757);
#5910=LINE('',#16335,#6758);
#5911=LINE('',#16337,#6759);
#5912=LINE('',#16339,#6760);
#5913=LINE('',#16341,#6761);
#5914=LINE('',#16343,#6762);
#5915=LINE('',#16345,#6763);
#5916=LINE('',#16347,#6764);
#5917=LINE('',#16348,#6765);
#5918=LINE('',#16350,#6766);
#5919=LINE('',#16352,#6767);
#5920=LINE('',#16375,#6768);
#5921=LINE('',#16376,#6769);
#5922=LINE('',#16378,#6770);
#5923=LINE('',#16380,#6771);
#5924=LINE('',#16383,#6772);
#5925=LINE('',#16385,#6773);
#5926=LINE('',#16387,#6774);
#5927=LINE('',#16389,#6775);
#5928=LINE('',#16391,#6776);
#5929=LINE('',#16393,#6777);
#5930=LINE('',#16395,#6778);
#5931=LINE('',#16397,#6779);
#5932=LINE('',#16402,#6780);
#5933=LINE('',#16404,#6781);
#5934=LINE('',#16406,#6782);
#5935=LINE('',#16408,#6783);
#5936=LINE('',#16410,#6784);
#5937=LINE('',#16412,#6785);
#5938=LINE('',#16414,#6786);
#5939=LINE('',#16416,#6787);
#5940=LINE('',#16421,#6788);
#5941=LINE('',#16423,#6789);
#5942=LINE('',#16425,#6790);
#5943=LINE('',#16427,#6791);
#5944=LINE('',#16429,#6792);
#5945=LINE('',#16431,#6793);
#5946=LINE('',#16433,#6794);
#5947=LINE('',#16435,#6795);
#5948=LINE('',#16440,#6796);
#5949=LINE('',#16442,#6797);
#5950=LINE('',#16444,#6798);
#5951=LINE('',#16446,#6799);
#5952=LINE('',#16448,#6800);
#5953=LINE('',#16450,#6801);
#5954=LINE('',#16452,#6802);
#5955=LINE('',#16454,#6803);
#5956=LINE('',#16499,#6804);
#5957=LINE('',#16501,#6805);
#5958=LINE('',#16503,#6806);
#5959=LINE('',#16505,#6807);
#5960=LINE('',#16507,#6808);
#5961=LINE('',#16509,#6809);
#5962=LINE('',#16511,#6810);
#5963=LINE('',#16513,#6811);
#5964=LINE('',#16515,#6812);
#5965=LINE('',#16517,#6813);
#5966=LINE('',#16519,#6814);
#5967=LINE('',#16521,#6815);
#5968=LINE('',#16523,#6816);
#5969=LINE('',#16525,#6817);
#5970=LINE('',#16535,#6818);
#5971=LINE('',#16538,#6819);
#5972=LINE('',#16540,#6820);
#5973=LINE('',#16542,#6821);
#5974=LINE('',#16544,#6822);
#5975=LINE('',#16547,#6823);
#5976=LINE('',#16549,#6824);
#5977=LINE('',#16551,#6825);
#5978=LINE('',#16553,#6826);
#5979=LINE('',#16555,#6827);
#5980=LINE('',#16557,#6828);
#5981=LINE('',#16558,#6829);
#5982=LINE('',#16560,#6830);
#5983=LINE('',#16562,#6831);
#5984=LINE('',#16564,#6832);
#5985=LINE('',#16566,#6833);
#5986=LINE('',#16568,#6834);
#5987=LINE('',#16570,#6835);
#5988=LINE('',#16572,#6836);
#5989=LINE('',#16573,#6837);
#5990=LINE('',#16574,#6838);
#5991=LINE('',#16576,#6839);
#5992=LINE('',#16583,#6840);
#5993=LINE('',#16585,#6841);
#5994=LINE('',#16610,#6842);
#5995=LINE('',#16613,#6843);
#5996=LINE('',#16615,#6844);
#5997=LINE('',#16617,#6845);
#5998=LINE('',#16619,#6846);
#5999=LINE('',#16621,#6847);
#6000=LINE('',#16623,#6848);
#6001=LINE('',#16625,#6849);
#6002=LINE('',#16627,#6850);
#6003=LINE('',#16629,#6851);
#6004=LINE('',#16631,#6852);
#6005=LINE('',#16632,#6853);
#6006=LINE('',#16635,#6854);
#6007=LINE('',#16638,#6855);
#6008=LINE('',#16640,#6856);
#6009=LINE('',#16642,#6857);
#6010=LINE('',#16644,#6858);
#6011=LINE('',#16646,#6859);
#6012=LINE('',#16648,#6860);
#6013=LINE('',#16650,#6861);
#6014=LINE('',#16652,#6862);
#6015=LINE('',#16654,#6863);
#6016=LINE('',#16656,#6864);
#6017=LINE('',#16657,#6865);
#6018=LINE('',#16660,#6866);
#6019=LINE('',#16663,#6867);
#6020=LINE('',#16665,#6868);
#6021=LINE('',#16667,#6869);
#6022=LINE('',#16669,#6870);
#6023=LINE('',#16671,#6871);
#6024=LINE('',#16673,#6872);
#6025=LINE('',#16675,#6873);
#6026=LINE('',#16677,#6874);
#6027=LINE('',#16679,#6875);
#6028=LINE('',#16681,#6876);
#6029=LINE('',#16682,#6877);
#6030=LINE('',#16684,#6878);
#6031=LINE('',#16686,#6879);
#6032=LINE('',#16688,#6880);
#6033=LINE('',#16691,#6881);
#6034=LINE('',#16693,#6882);
#6035=LINE('',#16695,#6883);
#6036=LINE('',#16696,#6884);
#6037=LINE('',#16698,#6885);
#6038=LINE('',#16700,#6886);
#6039=LINE('',#16703,#6887);
#6040=LINE('',#16705,#6888);
#6041=LINE('',#16707,#6889);
#6042=LINE('',#16709,#6890);
#6043=LINE('',#16711,#6891);
#6044=LINE('',#16713,#6892);
#6045=LINE('',#16715,#6893);
#6046=LINE('',#16717,#6894);
#6047=LINE('',#16719,#6895);
#6048=LINE('',#16721,#6896);
#6049=LINE('',#16723,#6897);
#6050=LINE('',#16726,#6898);
#6051=LINE('',#16728,#6899);
#6052=LINE('',#16730,#6900);
#6053=LINE('',#16732,#6901);
#6054=LINE('',#16734,#6902);
#6055=LINE('',#16736,#6903);
#6056=LINE('',#16738,#6904);
#6057=LINE('',#16740,#6905);
#6058=LINE('',#16748,#6906);
#6059=LINE('',#16751,#6907);
#6060=LINE('',#16753,#6908);
#6061=LINE('',#16755,#6909);
#6062=LINE('',#16757,#6910);
#6063=LINE('',#16759,#6911);
#6064=LINE('',#16761,#6912);
#6065=LINE('',#16763,#6913);
#6066=LINE('',#16765,#6914);
#6067=LINE('',#16767,#6915);
#6068=LINE('',#16779,#6916);
#6069=LINE('',#16780,#6917);
#6070=LINE('',#16782,#6918);
#6071=LINE('',#16785,#6919);
#6072=LINE('',#16787,#6920);
#6073=LINE('',#16789,#6921);
#6074=LINE('',#16792,#6922);
#6075=LINE('',#16794,#6923);
#6076=LINE('',#16796,#6924);
#6077=LINE('',#16798,#6925);
#6078=LINE('',#16800,#6926);
#6079=LINE('',#16802,#6927);
#6080=LINE('',#16804,#6928);
#6081=LINE('',#16806,#6929);
#6082=LINE('',#16830,#6930);
#6083=LINE('',#16833,#6931);
#6084=LINE('',#16835,#6932);
#6085=LINE('',#16837,#6933);
#6086=LINE('',#16839,#6934);
#6087=LINE('',#16841,#6935);
#6088=LINE('',#16843,#6936);
#6089=LINE('',#16845,#6937);
#6090=LINE('',#16847,#6938);
#6091=LINE('',#16849,#6939);
#6092=LINE('',#16851,#6940);
#6093=LINE('',#16853,#6941);
#6094=LINE('',#16855,#6942);
#6095=LINE('',#16857,#6943);
#6096=LINE('',#16859,#6944);
#6097=LINE('',#16861,#6945);
#6098=LINE('',#16863,#6946);
#6099=LINE('',#16865,#6947);
#6100=LINE('',#16867,#6948);
#6101=LINE('',#16869,#6949);
#6102=LINE('',#16871,#6950);
#6103=LINE('',#16873,#6951);
#6104=LINE('',#16875,#6952);
#6105=LINE('',#16877,#6953);
#6106=LINE('',#16879,#6954);
#6107=LINE('',#16881,#6955);
#6108=LINE('',#16883,#6956);
#6109=LINE('',#16885,#6957);
#6110=LINE('',#16887,#6958);
#6111=LINE('',#16889,#6959);
#6112=LINE('',#16891,#6960);
#6113=LINE('',#16893,#6961);
#6114=LINE('',#16895,#6962);
#6115=LINE('',#16897,#6963);
#6116=LINE('',#16899,#6964);
#6117=LINE('',#16901,#6965);
#6118=LINE('',#16903,#6966);
#6119=LINE('',#16905,#6967);
#6120=LINE('',#16907,#6968);
#6121=LINE('',#16909,#6969);
#6122=LINE('',#16911,#6970);
#6123=LINE('',#16913,#6971);
#6124=LINE('',#16915,#6972);
#6125=LINE('',#16917,#6973);
#6126=LINE('',#16919,#6974);
#6127=LINE('',#16921,#6975);
#6128=LINE('',#16923,#6976);
#6129=LINE('',#16925,#6977);
#6130=LINE('',#16927,#6978);
#6131=LINE('',#16929,#6979);
#6132=LINE('',#16931,#6980);
#6133=LINE('',#16933,#6981);
#6134=LINE('',#16935,#6982);
#6135=LINE('',#16937,#6983);
#6136=LINE('',#16939,#6984);
#6137=LINE('',#16941,#6985);
#6138=LINE('',#16943,#6986);
#6139=LINE('',#16944,#6987);
#6140=LINE('',#16947,#6988);
#6141=LINE('',#16949,#6989);
#6142=LINE('',#16951,#6990);
#6143=LINE('',#16952,#6991);
#6144=LINE('',#16955,#6992);
#6145=LINE('',#16957,#6993);
#6146=LINE('',#16959,#6994);
#6147=LINE('',#16960,#6995);
#6148=LINE('',#16963,#6996);
#6149=LINE('',#16965,#6997);
#6150=LINE('',#16967,#6998);
#6151=LINE('',#16968,#6999);
#6152=LINE('',#16971,#7000);
#6153=LINE('',#16973,#7001);
#6154=LINE('',#16975,#7002);
#6155=LINE('',#16976,#7003);
#6156=LINE('',#16979,#7004);
#6157=LINE('',#16981,#7005);
#6158=LINE('',#16983,#7006);
#6159=LINE('',#16984,#7007);
#6160=LINE('',#16987,#7008);
#6161=LINE('',#16989,#7009);
#6162=LINE('',#16991,#7010);
#6163=LINE('',#16992,#7011);
#6164=LINE('',#16995,#7012);
#6165=LINE('',#16997,#7013);
#6166=LINE('',#16999,#7014);
#6167=LINE('',#17000,#7015);
#6168=LINE('',#17003,#7016);
#6169=LINE('',#17005,#7017);
#6170=LINE('',#17007,#7018);
#6171=LINE('',#17009,#7019);
#6172=LINE('',#17011,#7020);
#6173=LINE('',#17013,#7021);
#6174=LINE('',#17015,#7022);
#6175=LINE('',#17017,#7023);
#6176=LINE('',#17019,#7024);
#6177=LINE('',#17021,#7025);
#6178=LINE('',#17023,#7026);
#6179=LINE('',#17025,#7027);
#6180=LINE('',#17027,#7028);
#6181=LINE('',#17029,#7029);
#6182=LINE('',#17031,#7030);
#6183=LINE('',#17033,#7031);
#6184=LINE('',#17035,#7032);
#6185=LINE('',#17037,#7033);
#6186=LINE('',#17039,#7034);
#6187=LINE('',#17041,#7035);
#6188=LINE('',#17043,#7036);
#6189=LINE('',#17045,#7037);
#6190=LINE('',#17047,#7038);
#6191=LINE('',#17049,#7039);
#6192=LINE('',#17051,#7040);
#6193=LINE('',#17053,#7041);
#6194=LINE('',#17055,#7042);
#6195=LINE('',#17057,#7043);
#6196=LINE('',#17059,#7044);
#6197=LINE('',#17061,#7045);
#6198=LINE('',#17063,#7046);
#6199=LINE('',#17065,#7047);
#6200=LINE('',#17067,#7048);
#6201=LINE('',#17069,#7049);
#6202=LINE('',#17071,#7050);
#6203=LINE('',#17073,#7051);
#6204=LINE('',#17075,#7052);
#6205=LINE('',#17077,#7053);
#6206=LINE('',#17079,#7054);
#6207=LINE('',#17081,#7055);
#6208=LINE('',#17083,#7056);
#6209=LINE('',#17085,#7057);
#6210=LINE('',#17087,#7058);
#6211=LINE('',#17089,#7059);
#6212=LINE('',#17091,#7060);
#6213=LINE('',#17093,#7061);
#6214=LINE('',#17095,#7062);
#6215=LINE('',#17097,#7063);
#6216=LINE('',#17099,#7064);
#6217=LINE('',#17101,#7065);
#6218=LINE('',#17102,#7066);
#6219=LINE('',#17105,#7067);
#6220=LINE('',#17107,#7068);
#6221=LINE('',#17109,#7069);
#6222=LINE('',#17110,#7070);
#6223=LINE('',#17113,#7071);
#6224=LINE('',#17115,#7072);
#6225=LINE('',#17117,#7073);
#6226=LINE('',#17118,#7074);
#6227=LINE('',#17121,#7075);
#6228=LINE('',#17123,#7076);
#6229=LINE('',#17125,#7077);
#6230=LINE('',#17126,#7078);
#6231=LINE('',#17129,#7079);
#6232=LINE('',#17131,#7080);
#6233=LINE('',#17133,#7081);
#6234=LINE('',#17134,#7082);
#6235=LINE('',#17137,#7083);
#6236=LINE('',#17139,#7084);
#6237=LINE('',#17141,#7085);
#6238=LINE('',#17142,#7086);
#6239=LINE('',#17145,#7087);
#6240=LINE('',#17147,#7088);
#6241=LINE('',#17149,#7089);
#6242=LINE('',#17150,#7090);
#6243=LINE('',#17153,#7091);
#6244=LINE('',#17155,#7092);
#6245=LINE('',#17157,#7093);
#6246=LINE('',#17158,#7094);
#6247=LINE('',#17161,#7095);
#6248=LINE('',#17163,#7096);
#6249=LINE('',#17165,#7097);
#6250=LINE('',#17167,#7098);
#6251=LINE('',#17169,#7099);
#6252=LINE('',#17171,#7100);
#6253=LINE('',#17173,#7101);
#6254=LINE('',#17175,#7102);
#6255=LINE('',#17177,#7103);
#6256=LINE('',#17179,#7104);
#6257=LINE('',#17181,#7105);
#6258=LINE('',#17183,#7106);
#6259=LINE('',#17185,#7107);
#6260=LINE('',#17187,#7108);
#6261=LINE('',#17189,#7109);
#6262=LINE('',#17191,#7110);
#6263=LINE('',#17193,#7111);
#6264=LINE('',#17195,#7112);
#6265=LINE('',#17197,#7113);
#6266=LINE('',#17199,#7114);
#6267=LINE('',#17201,#7115);
#6268=LINE('',#17203,#7116);
#6269=LINE('',#17205,#7117);
#6270=LINE('',#17207,#7118);
#6271=LINE('',#17209,#7119);
#6272=LINE('',#17211,#7120);
#6273=LINE('',#17213,#7121);
#6274=LINE('',#17215,#7122);
#6275=LINE('',#17217,#7123);
#6276=LINE('',#17219,#7124);
#6277=LINE('',#17221,#7125);
#6278=LINE('',#17223,#7126);
#6279=LINE('',#17225,#7127);
#6280=LINE('',#17227,#7128);
#6281=LINE('',#17229,#7129);
#6282=LINE('',#17231,#7130);
#6283=LINE('',#17233,#7131);
#6284=LINE('',#17235,#7132);
#6285=LINE('',#17237,#7133);
#6286=LINE('',#17239,#7134);
#6287=LINE('',#17241,#7135);
#6288=LINE('',#17243,#7136);
#6289=LINE('',#17245,#7137);
#6290=LINE('',#17247,#7138);
#6291=LINE('',#17249,#7139);
#6292=LINE('',#17251,#7140);
#6293=LINE('',#17253,#7141);
#6294=LINE('',#17255,#7142);
#6295=LINE('',#17257,#7143);
#6296=LINE('',#17260,#7144);
#6297=LINE('',#17262,#7145);
#6298=LINE('',#17264,#7146);
#6299=LINE('',#17266,#7147);
#6300=LINE('',#17268,#7148);
#6301=LINE('',#17270,#7149);
#6302=LINE('',#17272,#7150);
#6303=LINE('',#17274,#7151);
#6304=LINE('',#17276,#7152);
#6305=LINE('',#17278,#7153);
#6306=LINE('',#17280,#7154);
#6307=LINE('',#17282,#7155);
#6308=LINE('',#17284,#7156);
#6309=LINE('',#17286,#7157);
#6310=LINE('',#17288,#7158);
#6311=LINE('',#17290,#7159);
#6312=LINE('',#17292,#7160);
#6313=LINE('',#17294,#7161);
#6314=LINE('',#17296,#7162);
#6315=LINE('',#17298,#7163);
#6316=LINE('',#17300,#7164);
#6317=LINE('',#17302,#7165);
#6318=LINE('',#17304,#7166);
#6319=LINE('',#17306,#7167);
#6320=LINE('',#17308,#7168);
#6321=LINE('',#17310,#7169);
#6322=LINE('',#17312,#7170);
#6323=LINE('',#17314,#7171);
#6324=LINE('',#17316,#7172);
#6325=LINE('',#17318,#7173);
#6326=LINE('',#17320,#7174);
#6327=LINE('',#17322,#7175);
#6328=LINE('',#17324,#7176);
#6329=LINE('',#17326,#7177);
#6330=LINE('',#17328,#7178);
#6331=LINE('',#17330,#7179);
#6332=LINE('',#17332,#7180);
#6333=LINE('',#17334,#7181);
#6334=LINE('',#17336,#7182);
#6335=LINE('',#17338,#7183);
#6336=LINE('',#17340,#7184);
#6337=LINE('',#17342,#7185);
#6338=LINE('',#17344,#7186);
#6339=LINE('',#17346,#7187);
#6340=LINE('',#17348,#7188);
#6341=LINE('',#17350,#7189);
#6342=LINE('',#17352,#7190);
#6343=LINE('',#17354,#7191);
#6344=LINE('',#17356,#7192);
#6345=LINE('',#17358,#7193);
#6346=LINE('',#17360,#7194);
#6347=LINE('',#17362,#7195);
#6348=LINE('',#17364,#7196);
#6349=LINE('',#17366,#7197);
#6350=LINE('',#17368,#7198);
#6351=LINE('',#17370,#7199);
#6352=LINE('',#17372,#7200);
#6353=LINE('',#17374,#7201);
#6354=LINE('',#17376,#7202);
#6355=LINE('',#17378,#7203);
#6356=LINE('',#17380,#7204);
#6357=LINE('',#17382,#7205);
#6358=LINE('',#17384,#7206);
#6359=LINE('',#17386,#7207);
#6360=LINE('',#17388,#7208);
#6361=LINE('',#17391,#7209);
#6362=LINE('',#17392,#7210);
#6363=LINE('',#17394,#7211);
#6364=LINE('',#17396,#7212);
#6365=LINE('',#17398,#7213);
#6366=LINE('',#17400,#7214);
#6367=LINE('',#17402,#7215);
#6368=LINE('',#17404,#7216);
#6369=LINE('',#17406,#7217);
#6370=LINE('',#17408,#7218);
#6371=LINE('',#17410,#7219);
#6372=LINE('',#17412,#7220);
#6373=LINE('',#17414,#7221);
#6374=LINE('',#17416,#7222);
#6375=LINE('',#17418,#7223);
#6376=LINE('',#17420,#7224);
#6377=LINE('',#17422,#7225);
#6378=LINE('',#17424,#7226);
#6379=LINE('',#17426,#7227);
#6380=LINE('',#17428,#7228);
#6381=LINE('',#17430,#7229);
#6382=LINE('',#17432,#7230);
#6383=LINE('',#17434,#7231);
#6384=LINE('',#17436,#7232);
#6385=LINE('',#17438,#7233);
#6386=LINE('',#17440,#7234);
#6387=LINE('',#17442,#7235);
#6388=LINE('',#17444,#7236);
#6389=LINE('',#17446,#7237);
#6390=LINE('',#17448,#7238);
#6391=LINE('',#17450,#7239);
#6392=LINE('',#17452,#7240);
#6393=LINE('',#17454,#7241);
#6394=LINE('',#17456,#7242);
#6395=LINE('',#17458,#7243);
#6396=LINE('',#17460,#7244);
#6397=LINE('',#17462,#7245);
#6398=LINE('',#17464,#7246);
#6399=LINE('',#17466,#7247);
#6400=LINE('',#17468,#7248);
#6401=LINE('',#17470,#7249);
#6402=LINE('',#17472,#7250);
#6403=LINE('',#17474,#7251);
#6404=LINE('',#17476,#7252);
#6405=LINE('',#17478,#7253);
#6406=LINE('',#17480,#7254);
#6407=LINE('',#17482,#7255);
#6408=LINE('',#17484,#7256);
#6409=LINE('',#17487,#7257);
#6410=LINE('',#17488,#7258);
#6411=LINE('',#17490,#7259);
#6412=LINE('',#17492,#7260);
#6413=LINE('',#17494,#7261);
#6414=LINE('',#17496,#7262);
#6415=LINE('',#17498,#7263);
#6416=LINE('',#17500,#7264);
#6417=LINE('',#17502,#7265);
#6418=LINE('',#17504,#7266);
#6419=LINE('',#17506,#7267);
#6420=LINE('',#17508,#7268);
#6421=LINE('',#17510,#7269);
#6422=LINE('',#17512,#7270);
#6423=LINE('',#17514,#7271);
#6424=LINE('',#17516,#7272);
#6425=LINE('',#17519,#7273);
#6426=LINE('',#17520,#7274);
#6427=LINE('',#17522,#7275);
#6428=LINE('',#17524,#7276);
#6429=LINE('',#17526,#7277);
#6430=LINE('',#17528,#7278);
#6431=LINE('',#17530,#7279);
#6432=LINE('',#17532,#7280);
#6433=LINE('',#17534,#7281);
#6434=LINE('',#17536,#7282);
#6435=LINE('',#17538,#7283);
#6436=LINE('',#17540,#7284);
#6437=LINE('',#17542,#7285);
#6438=LINE('',#17544,#7286);
#6439=LINE('',#17546,#7287);
#6440=LINE('',#17548,#7288);
#6441=LINE('',#17551,#7289);
#6442=LINE('',#17552,#7290);
#6443=LINE('',#17554,#7291);
#6444=LINE('',#17556,#7292);
#6445=LINE('',#17558,#7293);
#6446=LINE('',#17560,#7294);
#6447=LINE('',#17562,#7295);
#6448=LINE('',#17564,#7296);
#6449=LINE('',#17566,#7297);
#6450=LINE('',#17568,#7298);
#6451=LINE('',#17570,#7299);
#6452=LINE('',#17572,#7300);
#6453=LINE('',#17574,#7301);
#6454=LINE('',#17576,#7302);
#6455=LINE('',#17578,#7303);
#6456=LINE('',#17580,#7304);
#6457=LINE('',#17583,#7305);
#6458=LINE('',#17584,#7306);
#6459=LINE('',#17586,#7307);
#6460=LINE('',#17588,#7308);
#6461=LINE('',#17590,#7309);
#6462=LINE('',#17592,#7310);
#6463=LINE('',#17594,#7311);
#6464=LINE('',#17596,#7312);
#6465=LINE('',#17598,#7313);
#6466=LINE('',#17600,#7314);
#6467=LINE('',#17602,#7315);
#6468=LINE('',#17604,#7316);
#6469=LINE('',#17606,#7317);
#6470=LINE('',#17608,#7318);
#6471=LINE('',#17610,#7319);
#6472=LINE('',#17612,#7320);
#6473=LINE('',#17615,#7321);
#6474=LINE('',#17616,#7322);
#6475=LINE('',#17618,#7323);
#6476=LINE('',#17620,#7324);
#6477=LINE('',#17622,#7325);
#6478=LINE('',#17624,#7326);
#6479=LINE('',#17626,#7327);
#6480=LINE('',#17628,#7328);
#6481=LINE('',#17631,#7329);
#6482=LINE('',#17632,#7330);
#6483=LINE('',#17634,#7331);
#6484=LINE('',#17636,#7332);
#6485=LINE('',#17638,#7333);
#6486=LINE('',#17640,#7334);
#6487=LINE('',#17642,#7335);
#6488=LINE('',#17644,#7336);
#6489=LINE('',#17646,#7337);
#6490=LINE('',#17648,#7338);
#6491=LINE('',#17650,#7339);
#6492=LINE('',#17652,#7340);
#6493=LINE('',#17654,#7341);
#6494=LINE('',#17656,#7342);
#6495=LINE('',#17658,#7343);
#6496=LINE('',#17660,#7344);
#6497=LINE('',#17663,#7345);
#6498=LINE('',#17664,#7346);
#6499=LINE('',#17666,#7347);
#6500=LINE('',#17668,#7348);
#6501=LINE('',#17670,#7349);
#6502=LINE('',#17672,#7350);
#6503=LINE('',#17674,#7351);
#6504=LINE('',#17676,#7352);
#6505=LINE('',#17678,#7353);
#6506=LINE('',#17680,#7354);
#6507=LINE('',#17682,#7355);
#6508=LINE('',#17684,#7356);
#6509=LINE('',#17686,#7357);
#6510=LINE('',#17688,#7358);
#6511=LINE('',#17690,#7359);
#6512=LINE('',#17692,#7360);
#6513=LINE('',#17695,#7361);
#6514=LINE('',#17696,#7362);
#6515=LINE('',#17698,#7363);
#6516=LINE('',#17700,#7364);
#6517=LINE('',#17702,#7365);
#6518=LINE('',#17704,#7366);
#6519=LINE('',#17706,#7367);
#6520=LINE('',#17708,#7368);
#6521=LINE('',#17710,#7369);
#6522=LINE('',#17712,#7370);
#6523=LINE('',#17714,#7371);
#6524=LINE('',#17716,#7372);
#6525=LINE('',#17718,#7373);
#6526=LINE('',#17720,#7374);
#6527=LINE('',#17722,#7375);
#6528=LINE('',#17724,#7376);
#6529=LINE('',#17727,#7377);
#6530=LINE('',#17728,#7378);
#6531=LINE('',#17730,#7379);
#6532=LINE('',#17732,#7380);
#6533=LINE('',#17734,#7381);
#6534=LINE('',#17736,#7382);
#6535=LINE('',#17738,#7383);
#6536=LINE('',#17740,#7384);
#6537=LINE('',#17742,#7385);
#6538=LINE('',#17744,#7386);
#6539=LINE('',#17746,#7387);
#6540=LINE('',#17748,#7388);
#6541=LINE('',#17750,#7389);
#6542=LINE('',#17752,#7390);
#6543=LINE('',#17754,#7391);
#6544=LINE('',#17756,#7392);
#6545=LINE('',#17758,#7393);
#6546=LINE('',#17760,#7394);
#6547=LINE('',#17762,#7395);
#6548=LINE('',#17764,#7396);
#6549=LINE('',#17766,#7397);
#6550=LINE('',#17768,#7398);
#6551=LINE('',#17770,#7399);
#6552=LINE('',#17881,#7400);
#6553=LINE('',#17886,#7401);
#6554=LINE('',#17890,#7402);
#6555=LINE('',#17893,#7403);
#6556=LINE('',#17894,#7404);
#6557=LINE('',#17896,#7405);
#6558=LINE('',#17898,#7406);
#6559=LINE('',#17900,#7407);
#6560=LINE('',#17904,#7408);
#6561=LINE('',#17908,#7409);
#6562=LINE('',#18096,#7410);
#6563=LINE('',#18100,#7411);
#6564=LINE('',#18286,#7412);
#6565=LINE('',#18288,#7413);
#6566=LINE('',#18290,#7414);
#6567=LINE('',#18292,#7415);
#6568=VECTOR('',#12724,1.);
#6569=VECTOR('',#12725,1.);
#6570=VECTOR('',#12726,1.);
#6571=VECTOR('',#12727,1.);
#6572=VECTOR('',#12730,1.);
#6573=VECTOR('',#12731,1.);
#6574=VECTOR('',#12732,1.);
#6575=VECTOR('',#12735,1.);
#6576=VECTOR('',#12736,1.);
#6577=VECTOR('',#12737,1.);
#6578=VECTOR('',#12738,1.);
#6579=VECTOR('',#12739,1.);
#6580=VECTOR('',#12740,1.);
#6581=VECTOR('',#12743,1.);
#6582=VECTOR('',#12744,1.);
#6583=VECTOR('',#12747,1.);
#6584=VECTOR('',#12754,1.);
#6585=VECTOR('',#12755,1.);
#6586=VECTOR('',#12756,1.);
#6587=VECTOR('',#12759,1.);
#6588=VECTOR('',#12760,1.);
#6589=VECTOR('',#12763,1.);
#6590=VECTOR('',#12764,1.);
#6591=VECTOR('',#12767,1.);
#6592=VECTOR('',#12774,1.);
#6593=VECTOR('',#12775,1.);
#6594=VECTOR('',#12776,1.);
#6595=VECTOR('',#12777,1.);
#6596=VECTOR('',#12778,1.);
#6597=VECTOR('',#12779,1.);
#6598=VECTOR('',#12780,1.);
#6599=VECTOR('',#12781,1.);
#6600=VECTOR('',#12782,1.);
#6601=VECTOR('',#12783,1.);
#6602=VECTOR('',#12784,1.);
#6603=VECTOR('',#12785,1.);
#6604=VECTOR('',#12790,1.);
#6605=VECTOR('',#12791,1.);
#6606=VECTOR('',#12792,1.);
#6607=VECTOR('',#12795,1.);
#6608=VECTOR('',#12796,1.);
#6609=VECTOR('',#12799,1.);
#6610=VECTOR('',#12800,1.);
#6611=VECTOR('',#12803,1.);
#6612=VECTOR('',#12804,1.);
#6613=VECTOR('',#12807,1.);
#6614=VECTOR('',#12808,1.);
#6615=VECTOR('',#12811,1.);
#6616=VECTOR('',#12812,1.);
#6617=VECTOR('',#12815,1.);
#6618=VECTOR('',#12816,1.);
#6619=VECTOR('',#12819,1.);
#6620=VECTOR('',#12820,1.);
#6621=VECTOR('',#12823,1.);
#6622=VECTOR('',#12824,1.);
#6623=VECTOR('',#12827,1.);
#6624=VECTOR('',#12828,1.);
#6625=VECTOR('',#12831,1.);
#6626=VECTOR('',#12832,1.);
#6627=VECTOR('',#12835,1.);
#6628=VECTOR('',#12856,1.);
#6629=VECTOR('',#12857,1.);
#6630=VECTOR('',#12858,1.);
#6631=VECTOR('',#12859,1.);
#6632=VECTOR('',#12860,1.);
#6633=VECTOR('',#12861,1.);
#6634=VECTOR('',#12868,1.);
#6635=VECTOR('',#12869,1.);
#6636=VECTOR('',#12870,1.);
#6637=VECTOR('',#12873,1.);
#6638=VECTOR('',#12874,1.);
#6639=VECTOR('',#12877,1.);
#6640=VECTOR('',#12878,1.);
#6641=VECTOR('',#12881,1.);
#6642=VECTOR('',#12882,1.);
#6643=VECTOR('',#12885,1.);
#6644=VECTOR('',#12886,1.);
#6645=VECTOR('',#12889,1.);
#6646=VECTOR('',#12898,1.);
#6647=VECTOR('',#12899,1.);
#6648=VECTOR('',#12904,1.);
#6649=VECTOR('',#12905,1.);
#6650=VECTOR('',#12906,1.);
#6651=VECTOR('',#12911,1.);
#6652=VECTOR('',#12912,1.);
#6653=VECTOR('',#12913,1.);
#6654=VECTOR('',#12914,1.);
#6655=VECTOR('',#12915,1.);
#6656=VECTOR('',#12916,1.);
#6657=VECTOR('',#12919,1.);
#6658=VECTOR('',#12920,1.);
#6659=VECTOR('',#12925,1.);
#6660=VECTOR('',#12926,1.);
#6661=VECTOR('',#12935,1.);
#6662=VECTOR('',#12956,1.);
#6663=VECTOR('',#12957,1.);
#6664=VECTOR('',#12958,1.);
#6665=VECTOR('',#12959,1.);
#6666=VECTOR('',#12970,1.);
#6667=VECTOR('',#12971,1.);
#6668=VECTOR('',#12972,1.);
#6669=VECTOR('',#12973,1.);
#6670=VECTOR('',#12984,1.);
#6671=VECTOR('',#12985,1.);
#6672=VECTOR('',#12986,1.);
#6673=VECTOR('',#12987,1.);
#6674=VECTOR('',#12988,1.);
#6675=VECTOR('',#12991,1.);
#6676=VECTOR('',#12992,1.);
#6677=VECTOR('',#12993,1.);
#6678=VECTOR('',#12996,1.);
#6679=VECTOR('',#12997,1.);
#6680=VECTOR('',#13000,1.);
#6681=VECTOR('',#13001,1.);
#6682=VECTOR('',#13004,1.);
#6683=VECTOR('',#13005,1.);
#6684=VECTOR('',#13008,1.);
#6685=VECTOR('',#13011,1.);
#6686=VECTOR('',#13016,1.);
#6687=VECTOR('',#13037,1.);
#6688=VECTOR('',#13038,1.);
#6689=VECTOR('',#13039,1.);
#6690=VECTOR('',#13040,1.);
#6691=VECTOR('',#13041,1.);
#6692=VECTOR('',#13042,1.);
#6693=VECTOR('',#13043,1.);
#6694=VECTOR('',#13044,1.);
#6695=VECTOR('',#13051,1.);
#6696=VECTOR('',#13052,1.);
#6697=VECTOR('',#13053,1.);
#6698=VECTOR('',#13054,1.);
#6699=VECTOR('',#13055,1.);
#6700=VECTOR('',#13056,1.);
#6701=VECTOR('',#13057,1.);
#6702=VECTOR('',#13058,1.);
#6703=VECTOR('',#13059,1.);
#6704=VECTOR('',#13060,1.);
#6705=VECTOR('',#13061,1.);
#6706=VECTOR('',#13062,1.);
#6707=VECTOR('',#13065,1.);
#6708=VECTOR('',#13066,1.);
#6709=VECTOR('',#13067,1.);
#6710=VECTOR('',#13068,1.);
#6711=VECTOR('',#13069,1.);
#6712=VECTOR('',#13070,1.);
#6713=VECTOR('',#13071,1.);
#6714=VECTOR('',#13072,1.);
#6715=VECTOR('',#13075,1.);
#6716=VECTOR('',#13076,1.);
#6717=VECTOR('',#13077,1.);
#6718=VECTOR('',#13078,1.);
#6719=VECTOR('',#13079,1.);
#6720=VECTOR('',#13080,1.);
#6721=VECTOR('',#13081,1.);
#6722=VECTOR('',#13082,1.);
#6723=VECTOR('',#13085,1.);
#6724=VECTOR('',#13090,1.);
#6725=VECTOR('',#13093,1.);
#6726=VECTOR('',#13094,1.);
#6727=VECTOR('',#13095,1.);
#6728=VECTOR('',#13096,1.);
#6729=VECTOR('',#13101,1.);
#6730=VECTOR('',#13102,1.);
#6731=VECTOR('',#13103,1.);
#6732=VECTOR('',#13106,1.);
#6733=VECTOR('',#13107,1.);
#6734=VECTOR('',#13108,1.);
#6735=VECTOR('',#13111,1.);
#6736=VECTOR('',#13112,1.);
#6737=VECTOR('',#13113,1.);
#6738=VECTOR('',#13116,1.);
#6739=VECTOR('',#13117,1.);
#6740=VECTOR('',#13118,1.);
#6741=VECTOR('',#13119,1.);
#6742=VECTOR('',#13120,1.);
#6743=VECTOR('',#13121,1.);
#6744=VECTOR('',#13122,1.);
#6745=VECTOR('',#13123,1.);
#6746=VECTOR('',#13124,1.);
#6747=VECTOR('',#13125,1.);
#6748=VECTOR('',#13126,1.);
#6749=VECTOR('',#13127,1.);
#6750=VECTOR('',#13128,1.);
#6751=VECTOR('',#13129,1.);
#6752=VECTOR('',#13130,1.);
#6753=VECTOR('',#13131,1.);
#6754=VECTOR('',#13132,1.);
#6755=VECTOR('',#13133,1.);
#6756=VECTOR('',#13144,1.);
#6757=VECTOR('',#13145,1.);
#6758=VECTOR('',#13146,1.);
#6759=VECTOR('',#13149,1.);
#6760=VECTOR('',#13150,1.);
#6761=VECTOR('',#13153,1.);
#6762=VECTOR('',#13154,1.);
#6763=VECTOR('',#13157,1.);
#6764=VECTOR('',#13160,1.);
#6765=VECTOR('',#13161,1.);
#6766=VECTOR('',#13164,1.);
#6767=VECTOR('',#13167,1.);
#6768=VECTOR('',#13212,1.);
#6769=VECTOR('',#13213,1.);
#6770=VECTOR('',#13216,1.);
#6771=VECTOR('',#13219,1.);
#6772=VECTOR('',#13224,1.);
#6773=VECTOR('',#13225,1.);
#6774=VECTOR('',#13226,1.);
#6775=VECTOR('',#13229,1.);
#6776=VECTOR('',#13230,1.);
#6777=VECTOR('',#13233,1.);
#6778=VECTOR('',#13234,1.);
#6779=VECTOR('',#13237,1.);
#6780=VECTOR('',#13244,1.);
#6781=VECTOR('',#13245,1.);
#6782=VECTOR('',#13246,1.);
#6783=VECTOR('',#13249,1.);
#6784=VECTOR('',#13250,1.);
#6785=VECTOR('',#13253,1.);
#6786=VECTOR('',#13254,1.);
#6787=VECTOR('',#13257,1.);
#6788=VECTOR('',#13264,1.);
#6789=VECTOR('',#13265,1.);
#6790=VECTOR('',#13266,1.);
#6791=VECTOR('',#13269,1.);
#6792=VECTOR('',#13270,1.);
#6793=VECTOR('',#13273,1.);
#6794=VECTOR('',#13274,1.);
#6795=VECTOR('',#13277,1.);
#6796=VECTOR('',#13284,1.);
#6797=VECTOR('',#13285,1.);
#6798=VECTOR('',#13286,1.);
#6799=VECTOR('',#13289,1.);
#6800=VECTOR('',#13290,1.);
#6801=VECTOR('',#13293,1.);
#6802=VECTOR('',#13294,1.);
#6803=VECTOR('',#13297,1.);
#6804=VECTOR('',#13360,1.);
#6805=VECTOR('',#13361,1.);
#6806=VECTOR('',#13362,1.);
#6807=VECTOR('',#13365,1.);
#6808=VECTOR('',#13366,1.);
#6809=VECTOR('',#13367,1.);
#6810=VECTOR('',#13370,1.);
#6811=VECTOR('',#13371,1.);
#6812=VECTOR('',#13372,1.);
#6813=VECTOR('',#13375,1.);
#6814=VECTOR('',#13376,1.);
#6815=VECTOR('',#13377,1.);
#6816=VECTOR('',#13380,1.);
#6817=VECTOR('',#13383,1.);
#6818=VECTOR('',#13402,1.);
#6819=VECTOR('',#13403,1.);
#6820=VECTOR('',#13404,1.);
#6821=VECTOR('',#13405,1.);
#6822=VECTOR('',#13408,1.);
#6823=VECTOR('',#13409,1.);
#6824=VECTOR('',#13410,1.);
#6825=VECTOR('',#13411,1.);
#6826=VECTOR('',#13414,1.);
#6827=VECTOR('',#13415,1.);
#6828=VECTOR('',#13416,1.);
#6829=VECTOR('',#13417,1.);
#6830=VECTOR('',#13418,1.);
#6831=VECTOR('',#13419,1.);
#6832=VECTOR('',#13422,1.);
#6833=VECTOR('',#13423,1.);
#6834=VECTOR('',#13424,1.);
#6835=VECTOR('',#13427,1.);
#6836=VECTOR('',#13428,1.);
#6837=VECTOR('',#13429,1.);
#6838=VECTOR('',#13430,1.);
#6839=VECTOR('',#13431,1.);
#6840=VECTOR('',#13440,1.);
#6841=VECTOR('',#13443,1.);
#6842=VECTOR('',#13480,1.);
#6843=VECTOR('',#13481,1.);
#6844=VECTOR('',#13482,1.);
#6845=VECTOR('',#13483,1.);
#6846=VECTOR('',#13486,1.);
#6847=VECTOR('',#13487,1.);
#6848=VECTOR('',#13488,1.);
#6849=VECTOR('',#13491,1.);
#6850=VECTOR('',#13492,1.);
#6851=VECTOR('',#13493,1.);
#6852=VECTOR('',#13496,1.);
#6853=VECTOR('',#13497,1.);
#6854=VECTOR('',#13502,1.);
#6855=VECTOR('',#13503,1.);
#6856=VECTOR('',#13504,1.);
#6857=VECTOR('',#13505,1.);
#6858=VECTOR('',#13508,1.);
#6859=VECTOR('',#13509,1.);
#6860=VECTOR('',#13510,1.);
#6861=VECTOR('',#13513,1.);
#6862=VECTOR('',#13514,1.);
#6863=VECTOR('',#13515,1.);
#6864=VECTOR('',#13518,1.);
#6865=VECTOR('',#13519,1.);
#6866=VECTOR('',#13524,1.);
#6867=VECTOR('',#13525,1.);
#6868=VECTOR('',#13526,1.);
#6869=VECTOR('',#13527,1.);
#6870=VECTOR('',#13530,1.);
#6871=VECTOR('',#13531,1.);
#6872=VECTOR('',#13532,1.);
#6873=VECTOR('',#13535,1.);
#6874=VECTOR('',#13536,1.);
#6875=VECTOR('',#13537,1.);
#6876=VECTOR('',#13540,1.);
#6877=VECTOR('',#13541,1.);
#6878=VECTOR('',#13542,1.);
#6879=VECTOR('',#13543,1.);
#6880=VECTOR('',#13546,1.);
#6881=VECTOR('',#13547,1.);
#6882=VECTOR('',#13548,1.);
#6883=VECTOR('',#13549,1.);
#6884=VECTOR('',#13550,1.);
#6885=VECTOR('',#13551,1.);
#6886=VECTOR('',#13552,1.);
#6887=VECTOR('',#13557,1.);
#6888=VECTOR('',#13558,1.);
#6889=VECTOR('',#13559,1.);
#6890=VECTOR('',#13562,1.);
#6891=VECTOR('',#13563,1.);
#6892=VECTOR('',#13564,1.);
#6893=VECTOR('',#13567,1.);
#6894=VECTOR('',#13568,1.);
#6895=VECTOR('',#13571,1.);
#6896=VECTOR('',#13572,1.);
#6897=VECTOR('',#13575,1.);
#6898=VECTOR('',#13580,1.);
#6899=VECTOR('',#13581,1.);
#6900=VECTOR('',#13582,1.);
#6901=VECTOR('',#13585,1.);
#6902=VECTOR('',#13586,1.);
#6903=VECTOR('',#13589,1.);
#6904=VECTOR('',#13590,1.);
#6905=VECTOR('',#13593,1.);
#6906=VECTOR('',#13608,1.);
#6907=VECTOR('',#13609,1.);
#6908=VECTOR('',#13610,1.);
#6909=VECTOR('',#13611,1.);
#6910=VECTOR('',#13614,1.);
#6911=VECTOR('',#13615,1.);
#6912=VECTOR('',#13616,1.);
#6913=VECTOR('',#13619,1.);
#6914=VECTOR('',#13620,1.);
#6915=VECTOR('',#13621,1.);
#6916=VECTOR('',#13636,1.);
#6917=VECTOR('',#13637,1.);
#6918=VECTOR('',#13640,1.);
#6919=VECTOR('',#13641,1.);
#6920=VECTOR('',#13642,1.);
#6921=VECTOR('',#13643,1.);
#6922=VECTOR('',#13648,1.);
#6923=VECTOR('',#13649,1.);
#6924=VECTOR('',#13650,1.);
#6925=VECTOR('',#13653,1.);
#6926=VECTOR('',#13654,1.);
#6927=VECTOR('',#13657,1.);
#6928=VECTOR('',#13658,1.);
#6929=VECTOR('',#13661,1.);
#6930=VECTOR('',#13696,1.);
#6931=VECTOR('',#13697,1.);
#6932=VECTOR('',#13698,1.);
#6933=VECTOR('',#13699,1.);
#6934=VECTOR('',#13702,1.);
#6935=VECTOR('',#13703,1.);
#6936=VECTOR('',#13704,1.);
#6937=VECTOR('',#13707,1.);
#6938=VECTOR('',#13708,1.);
#6939=VECTOR('',#13709,1.);
#6940=VECTOR('',#13712,1.);
#6941=VECTOR('',#13713,1.);
#6942=VECTOR('',#13714,1.);
#6943=VECTOR('',#13715,1.);
#6944=VECTOR('',#13716,1.);
#6945=VECTOR('',#13717,1.);
#6946=VECTOR('',#13718,1.);
#6947=VECTOR('',#13719,1.);
#6948=VECTOR('',#13720,1.);
#6949=VECTOR('',#13721,1.);
#6950=VECTOR('',#13722,1.);
#6951=VECTOR('',#13723,1.);
#6952=VECTOR('',#13724,1.);
#6953=VECTOR('',#13725,1.);
#6954=VECTOR('',#13726,1.);
#6955=VECTOR('',#13727,1.);
#6956=VECTOR('',#13728,1.);
#6957=VECTOR('',#13729,1.);
#6958=VECTOR('',#13730,1.);
#6959=VECTOR('',#13731,1.);
#6960=VECTOR('',#13732,1.);
#6961=VECTOR('',#13733,1.);
#6962=VECTOR('',#13734,1.);
#6963=VECTOR('',#13735,1.);
#6964=VECTOR('',#13736,1.);
#6965=VECTOR('',#13737,1.);
#6966=VECTOR('',#13738,1.);
#6967=VECTOR('',#13739,1.);
#6968=VECTOR('',#13740,1.);
#6969=VECTOR('',#13741,1.);
#6970=VECTOR('',#13742,1.);
#6971=VECTOR('',#13743,1.);
#6972=VECTOR('',#13744,1.);
#6973=VECTOR('',#13745,1.);
#6974=VECTOR('',#13746,1.);
#6975=VECTOR('',#13747,1.);
#6976=VECTOR('',#13748,1.);
#6977=VECTOR('',#13749,1.);
#6978=VECTOR('',#13750,1.);
#6979=VECTOR('',#13751,1.);
#6980=VECTOR('',#13752,1.);
#6981=VECTOR('',#13753,1.);
#6982=VECTOR('',#13754,1.);
#6983=VECTOR('',#13755,1.);
#6984=VECTOR('',#13756,1.);
#6985=VECTOR('',#13757,1.);
#6986=VECTOR('',#13758,1.);
#6987=VECTOR('',#13759,1.);
#6988=VECTOR('',#13760,1.);
#6989=VECTOR('',#13761,1.);
#6990=VECTOR('',#13762,1.);
#6991=VECTOR('',#13763,1.);
#6992=VECTOR('',#13764,1.);
#6993=VECTOR('',#13765,1.);
#6994=VECTOR('',#13766,1.);
#6995=VECTOR('',#13767,1.);
#6996=VECTOR('',#13768,1.);
#6997=VECTOR('',#13769,1.);
#6998=VECTOR('',#13770,1.);
#6999=VECTOR('',#13771,1.);
#7000=VECTOR('',#13772,1.);
#7001=VECTOR('',#13773,1.);
#7002=VECTOR('',#13774,1.);
#7003=VECTOR('',#13775,1.);
#7004=VECTOR('',#13776,1.);
#7005=VECTOR('',#13777,1.);
#7006=VECTOR('',#13778,1.);
#7007=VECTOR('',#13779,1.);
#7008=VECTOR('',#13780,1.);
#7009=VECTOR('',#13781,1.);
#7010=VECTOR('',#13782,1.);
#7011=VECTOR('',#13783,1.);
#7012=VECTOR('',#13784,1.);
#7013=VECTOR('',#13785,1.);
#7014=VECTOR('',#13786,1.);
#7015=VECTOR('',#13787,1.);
#7016=VECTOR('',#13788,1.);
#7017=VECTOR('',#13789,1.);
#7018=VECTOR('',#13790,1.);
#7019=VECTOR('',#13793,1.);
#7020=VECTOR('',#13794,1.);
#7021=VECTOR('',#13795,1.);
#7022=VECTOR('',#13796,1.);
#7023=VECTOR('',#13797,1.);
#7024=VECTOR('',#13798,1.);
#7025=VECTOR('',#13799,1.);
#7026=VECTOR('',#13800,1.);
#7027=VECTOR('',#13801,1.);
#7028=VECTOR('',#13802,1.);
#7029=VECTOR('',#13803,1.);
#7030=VECTOR('',#13804,1.);
#7031=VECTOR('',#13805,1.);
#7032=VECTOR('',#13806,1.);
#7033=VECTOR('',#13807,1.);
#7034=VECTOR('',#13808,1.);
#7035=VECTOR('',#13809,1.);
#7036=VECTOR('',#13810,1.);
#7037=VECTOR('',#13811,1.);
#7038=VECTOR('',#13812,1.);
#7039=VECTOR('',#13813,1.);
#7040=VECTOR('',#13814,1.);
#7041=VECTOR('',#13815,1.);
#7042=VECTOR('',#13816,1.);
#7043=VECTOR('',#13817,1.);
#7044=VECTOR('',#13818,1.);
#7045=VECTOR('',#13819,1.);
#7046=VECTOR('',#13820,1.);
#7047=VECTOR('',#13821,1.);
#7048=VECTOR('',#13822,1.);
#7049=VECTOR('',#13823,1.);
#7050=VECTOR('',#13824,1.);
#7051=VECTOR('',#13825,1.);
#7052=VECTOR('',#13826,1.);
#7053=VECTOR('',#13827,1.);
#7054=VECTOR('',#13828,1.);
#7055=VECTOR('',#13829,1.);
#7056=VECTOR('',#13830,1.);
#7057=VECTOR('',#13831,1.);
#7058=VECTOR('',#13832,1.);
#7059=VECTOR('',#13833,1.);
#7060=VECTOR('',#13834,1.);
#7061=VECTOR('',#13835,1.);
#7062=VECTOR('',#13836,1.);
#7063=VECTOR('',#13837,1.);
#7064=VECTOR('',#13838,1.);
#7065=VECTOR('',#13839,1.);
#7066=VECTOR('',#13840,1.);
#7067=VECTOR('',#13841,1.);
#7068=VECTOR('',#13842,1.);
#7069=VECTOR('',#13843,1.);
#7070=VECTOR('',#13844,1.);
#7071=VECTOR('',#13845,1.);
#7072=VECTOR('',#13846,1.);
#7073=VECTOR('',#13847,1.);
#7074=VECTOR('',#13848,1.);
#7075=VECTOR('',#13849,1.);
#7076=VECTOR('',#13850,1.);
#7077=VECTOR('',#13851,1.);
#7078=VECTOR('',#13852,1.);
#7079=VECTOR('',#13853,1.);
#7080=VECTOR('',#13854,1.);
#7081=VECTOR('',#13855,1.);
#7082=VECTOR('',#13856,1.);
#7083=VECTOR('',#13857,1.);
#7084=VECTOR('',#13858,1.);
#7085=VECTOR('',#13859,1.);
#7086=VECTOR('',#13860,1.);
#7087=VECTOR('',#13861,1.);
#7088=VECTOR('',#13862,1.);
#7089=VECTOR('',#13863,1.);
#7090=VECTOR('',#13864,1.);
#7091=VECTOR('',#13865,1.);
#7092=VECTOR('',#13866,1.);
#7093=VECTOR('',#13867,1.);
#7094=VECTOR('',#13868,1.);
#7095=VECTOR('',#13869,1.);
#7096=VECTOR('',#13870,1.);
#7097=VECTOR('',#13871,1.);
#7098=VECTOR('',#13874,1.);
#7099=VECTOR('',#13877,1.);
#7100=VECTOR('',#13880,1.);
#7101=VECTOR('',#13883,1.);
#7102=VECTOR('',#13886,1.);
#7103=VECTOR('',#13889,1.);
#7104=VECTOR('',#13892,1.);
#7105=VECTOR('',#13895,1.);
#7106=VECTOR('',#13898,1.);
#7107=VECTOR('',#13901,1.);
#7108=VECTOR('',#13904,1.);
#7109=VECTOR('',#13907,1.);
#7110=VECTOR('',#13910,1.);
#7111=VECTOR('',#13913,1.);
#7112=VECTOR('',#13916,1.);
#7113=VECTOR('',#13919,1.);
#7114=VECTOR('',#13922,1.);
#7115=VECTOR('',#13925,1.);
#7116=VECTOR('',#13928,1.);
#7117=VECTOR('',#13931,1.);
#7118=VECTOR('',#13934,1.);
#7119=VECTOR('',#13937,1.);
#7120=VECTOR('',#13940,1.);
#7121=VECTOR('',#13943,1.);
#7122=VECTOR('',#13946,1.);
#7123=VECTOR('',#13949,1.);
#7124=VECTOR('',#13952,1.);
#7125=VECTOR('',#13955,1.);
#7126=VECTOR('',#13958,1.);
#7127=VECTOR('',#13961,1.);
#7128=VECTOR('',#13964,1.);
#7129=VECTOR('',#13967,1.);
#7130=VECTOR('',#13970,1.);
#7131=VECTOR('',#13973,1.);
#7132=VECTOR('',#13976,1.);
#7133=VECTOR('',#13979,1.);
#7134=VECTOR('',#13982,1.);
#7135=VECTOR('',#13985,1.);
#7136=VECTOR('',#13988,1.);
#7137=VECTOR('',#13991,1.);
#7138=VECTOR('',#13994,1.);
#7139=VECTOR('',#13997,1.);
#7140=VECTOR('',#14000,1.);
#7141=VECTOR('',#14003,1.);
#7142=VECTOR('',#14006,1.);
#7143=VECTOR('',#14009,1.);
#7144=VECTOR('',#14014,1.);
#7145=VECTOR('',#14015,1.);
#7146=VECTOR('',#14016,1.);
#7147=VECTOR('',#14019,1.);
#7148=VECTOR('',#14020,1.);
#7149=VECTOR('',#14023,1.);
#7150=VECTOR('',#14024,1.);
#7151=VECTOR('',#14027,1.);
#7152=VECTOR('',#14030,1.);
#7153=VECTOR('',#14031,1.);
#7154=VECTOR('',#14032,1.);
#7155=VECTOR('',#14035,1.);
#7156=VECTOR('',#14036,1.);
#7157=VECTOR('',#14039,1.);
#7158=VECTOR('',#14040,1.);
#7159=VECTOR('',#14043,1.);
#7160=VECTOR('',#14046,1.);
#7161=VECTOR('',#14047,1.);
#7162=VECTOR('',#14048,1.);
#7163=VECTOR('',#14051,1.);
#7164=VECTOR('',#14052,1.);
#7165=VECTOR('',#14055,1.);
#7166=VECTOR('',#14056,1.);
#7167=VECTOR('',#14059,1.);
#7168=VECTOR('',#14062,1.);
#7169=VECTOR('',#14063,1.);
#7170=VECTOR('',#14064,1.);
#7171=VECTOR('',#14067,1.);
#7172=VECTOR('',#14068,1.);
#7173=VECTOR('',#14071,1.);
#7174=VECTOR('',#14072,1.);
#7175=VECTOR('',#14075,1.);
#7176=VECTOR('',#14078,1.);
#7177=VECTOR('',#14079,1.);
#7178=VECTOR('',#14080,1.);
#7179=VECTOR('',#14083,1.);
#7180=VECTOR('',#14084,1.);
#7181=VECTOR('',#14087,1.);
#7182=VECTOR('',#14088,1.);
#7183=VECTOR('',#14091,1.);
#7184=VECTOR('',#14094,1.);
#7185=VECTOR('',#14095,1.);
#7186=VECTOR('',#14096,1.);
#7187=VECTOR('',#14099,1.);
#7188=VECTOR('',#14100,1.);
#7189=VECTOR('',#14103,1.);
#7190=VECTOR('',#14104,1.);
#7191=VECTOR('',#14107,1.);
#7192=VECTOR('',#14110,1.);
#7193=VECTOR('',#14111,1.);
#7194=VECTOR('',#14112,1.);
#7195=VECTOR('',#14115,1.);
#7196=VECTOR('',#14116,1.);
#7197=VECTOR('',#14119,1.);
#7198=VECTOR('',#14120,1.);
#7199=VECTOR('',#14123,1.);
#7200=VECTOR('',#14126,1.);
#7201=VECTOR('',#14127,1.);
#7202=VECTOR('',#14128,1.);
#7203=VECTOR('',#14131,1.);
#7204=VECTOR('',#14132,1.);
#7205=VECTOR('',#14135,1.);
#7206=VECTOR('',#14136,1.);
#7207=VECTOR('',#14139,1.);
#7208=VECTOR('',#14142,1.);
#7209=VECTOR('',#14143,1.);
#7210=VECTOR('',#14144,1.);
#7211=VECTOR('',#14147,1.);
#7212=VECTOR('',#14148,1.);
#7213=VECTOR('',#14151,1.);
#7214=VECTOR('',#14152,1.);
#7215=VECTOR('',#14155,1.);
#7216=VECTOR('',#14158,1.);
#7217=VECTOR('',#14159,1.);
#7218=VECTOR('',#14160,1.);
#7219=VECTOR('',#14163,1.);
#7220=VECTOR('',#14164,1.);
#7221=VECTOR('',#14167,1.);
#7222=VECTOR('',#14168,1.);
#7223=VECTOR('',#14171,1.);
#7224=VECTOR('',#14174,1.);
#7225=VECTOR('',#14175,1.);
#7226=VECTOR('',#14176,1.);
#7227=VECTOR('',#14179,1.);
#7228=VECTOR('',#14180,1.);
#7229=VECTOR('',#14183,1.);
#7230=VECTOR('',#14184,1.);
#7231=VECTOR('',#14187,1.);
#7232=VECTOR('',#14190,1.);
#7233=VECTOR('',#14191,1.);
#7234=VECTOR('',#14192,1.);
#7235=VECTOR('',#14195,1.);
#7236=VECTOR('',#14196,1.);
#7237=VECTOR('',#14199,1.);
#7238=VECTOR('',#14200,1.);
#7239=VECTOR('',#14203,1.);
#7240=VECTOR('',#14206,1.);
#7241=VECTOR('',#14207,1.);
#7242=VECTOR('',#14208,1.);
#7243=VECTOR('',#14211,1.);
#7244=VECTOR('',#14212,1.);
#7245=VECTOR('',#14215,1.);
#7246=VECTOR('',#14216,1.);
#7247=VECTOR('',#14219,1.);
#7248=VECTOR('',#14222,1.);
#7249=VECTOR('',#14223,1.);
#7250=VECTOR('',#14224,1.);
#7251=VECTOR('',#14227,1.);
#7252=VECTOR('',#14228,1.);
#7253=VECTOR('',#14231,1.);
#7254=VECTOR('',#14232,1.);
#7255=VECTOR('',#14235,1.);
#7256=VECTOR('',#14238,1.);
#7257=VECTOR('',#14239,1.);
#7258=VECTOR('',#14240,1.);
#7259=VECTOR('',#14243,1.);
#7260=VECTOR('',#14244,1.);
#7261=VECTOR('',#14247,1.);
#7262=VECTOR('',#14248,1.);
#7263=VECTOR('',#14251,1.);
#7264=VECTOR('',#14254,1.);
#7265=VECTOR('',#14255,1.);
#7266=VECTOR('',#14256,1.);
#7267=VECTOR('',#14259,1.);
#7268=VECTOR('',#14260,1.);
#7269=VECTOR('',#14263,1.);
#7270=VECTOR('',#14264,1.);
#7271=VECTOR('',#14267,1.);
#7272=VECTOR('',#14270,1.);
#7273=VECTOR('',#14271,1.);
#7274=VECTOR('',#14272,1.);
#7275=VECTOR('',#14275,1.);
#7276=VECTOR('',#14276,1.);
#7277=VECTOR('',#14279,1.);
#7278=VECTOR('',#14280,1.);
#7279=VECTOR('',#14283,1.);
#7280=VECTOR('',#14286,1.);
#7281=VECTOR('',#14287,1.);
#7282=VECTOR('',#14288,1.);
#7283=VECTOR('',#14291,1.);
#7284=VECTOR('',#14292,1.);
#7285=VECTOR('',#14295,1.);
#7286=VECTOR('',#14296,1.);
#7287=VECTOR('',#14299,1.);
#7288=VECTOR('',#14302,1.);
#7289=VECTOR('',#14303,1.);
#7290=VECTOR('',#14304,1.);
#7291=VECTOR('',#14307,1.);
#7292=VECTOR('',#14308,1.);
#7293=VECTOR('',#14311,1.);
#7294=VECTOR('',#14312,1.);
#7295=VECTOR('',#14315,1.);
#7296=VECTOR('',#14318,1.);
#7297=VECTOR('',#14319,1.);
#7298=VECTOR('',#14320,1.);
#7299=VECTOR('',#14323,1.);
#7300=VECTOR('',#14324,1.);
#7301=VECTOR('',#14327,1.);
#7302=VECTOR('',#14328,1.);
#7303=VECTOR('',#14331,1.);
#7304=VECTOR('',#14334,1.);
#7305=VECTOR('',#14335,1.);
#7306=VECTOR('',#14336,1.);
#7307=VECTOR('',#14339,1.);
#7308=VECTOR('',#14340,1.);
#7309=VECTOR('',#14343,1.);
#7310=VECTOR('',#14344,1.);
#7311=VECTOR('',#14347,1.);
#7312=VECTOR('',#14350,1.);
#7313=VECTOR('',#14351,1.);
#7314=VECTOR('',#14352,1.);
#7315=VECTOR('',#14355,1.);
#7316=VECTOR('',#14356,1.);
#7317=VECTOR('',#14359,1.);
#7318=VECTOR('',#14360,1.);
#7319=VECTOR('',#14363,1.);
#7320=VECTOR('',#14366,1.);
#7321=VECTOR('',#14367,1.);
#7322=VECTOR('',#14368,1.);
#7323=VECTOR('',#14371,1.);
#7324=VECTOR('',#14372,1.);
#7325=VECTOR('',#14375,1.);
#7326=VECTOR('',#14376,1.);
#7327=VECTOR('',#14379,1.);
#7328=VECTOR('',#14382,1.);
#7329=VECTOR('',#14383,1.);
#7330=VECTOR('',#14384,1.);
#7331=VECTOR('',#14387,1.);
#7332=VECTOR('',#14388,1.);
#7333=VECTOR('',#14391,1.);
#7334=VECTOR('',#14392,1.);
#7335=VECTOR('',#14395,1.);
#7336=VECTOR('',#14398,1.);
#7337=VECTOR('',#14399,1.);
#7338=VECTOR('',#14400,1.);
#7339=VECTOR('',#14403,1.);
#7340=VECTOR('',#14404,1.);
#7341=VECTOR('',#14407,1.);
#7342=VECTOR('',#14408,1.);
#7343=VECTOR('',#14411,1.);
#7344=VECTOR('',#14414,1.);
#7345=VECTOR('',#14415,1.);
#7346=VECTOR('',#14416,1.);
#7347=VECTOR('',#14419,1.);
#7348=VECTOR('',#14420,1.);
#7349=VECTOR('',#14423,1.);
#7350=VECTOR('',#14424,1.);
#7351=VECTOR('',#14427,1.);
#7352=VECTOR('',#14430,1.);
#7353=VECTOR('',#14431,1.);
#7354=VECTOR('',#14432,1.);
#7355=VECTOR('',#14435,1.);
#7356=VECTOR('',#14436,1.);
#7357=VECTOR('',#14439,1.);
#7358=VECTOR('',#14440,1.);
#7359=VECTOR('',#14443,1.);
#7360=VECTOR('',#14446,1.);
#7361=VECTOR('',#14447,1.);
#7362=VECTOR('',#14448,1.);
#7363=VECTOR('',#14451,1.);
#7364=VECTOR('',#14452,1.);
#7365=VECTOR('',#14455,1.);
#7366=VECTOR('',#14456,1.);
#7367=VECTOR('',#14459,1.);
#7368=VECTOR('',#14462,1.);
#7369=VECTOR('',#14463,1.);
#7370=VECTOR('',#14464,1.);
#7371=VECTOR('',#14467,1.);
#7372=VECTOR('',#14468,1.);
#7373=VECTOR('',#14471,1.);
#7374=VECTOR('',#14472,1.);
#7375=VECTOR('',#14475,1.);
#7376=VECTOR('',#14478,1.);
#7377=VECTOR('',#14479,1.);
#7378=VECTOR('',#14480,1.);
#7379=VECTOR('',#14483,1.);
#7380=VECTOR('',#14484,1.);
#7381=VECTOR('',#14487,1.);
#7382=VECTOR('',#14488,1.);
#7383=VECTOR('',#14491,1.);
#7384=VECTOR('',#14494,1.);
#7385=VECTOR('',#14495,1.);
#7386=VECTOR('',#14496,1.);
#7387=VECTOR('',#14499,1.);
#7388=VECTOR('',#14500,1.);
#7389=VECTOR('',#14503,1.);
#7390=VECTOR('',#14504,1.);
#7391=VECTOR('',#14507,1.);
#7392=VECTOR('',#14510,1.);
#7393=VECTOR('',#14511,1.);
#7394=VECTOR('',#14512,1.);
#7395=VECTOR('',#14515,1.);
#7396=VECTOR('',#14516,1.);
#7397=VECTOR('',#14519,1.);
#7398=VECTOR('',#14520,1.);
#7399=VECTOR('',#14523,1.);
#7400=VECTOR('',#14688,1.);
#7401=VECTOR('',#14691,1.);
#7402=VECTOR('',#14696,1.);
#7403=VECTOR('',#14697,1.);
#7404=VECTOR('',#14698,1.);
#7405=VECTOR('',#14701,1.);
#7406=VECTOR('',#14702,1.);
#7407=VECTOR('',#14703,1.);
#7408=VECTOR('',#14708,1.);
#7409=VECTOR('',#14711,1.);
#7410=VECTOR('',#14900,1.);
#7411=VECTOR('',#14903,1.);
#7412=VECTOR('',#15090,1.);
#7413=VECTOR('',#15093,1.);
#7414=VECTOR('',#15096,1.);
#7415=VECTOR('',#15099,1.);
#7416=EDGE_LOOP('',(#1000,#1001,#1002,#1003));
#7417=EDGE_LOOP('',(#1004,#1005,#1006,#1007));
#7418=EDGE_LOOP('',(#1008,#1009,#1010,#1011));
#7419=EDGE_LOOP('',(#1012,#1013,#1014,#1015));
#7420=EDGE_LOOP('',(#1016,#1017,#1018,#1019));
#7421=EDGE_LOOP('',(#1020,#1021,#1022,#1023));
#7422=EDGE_LOOP('',(#1024));
#7423=EDGE_LOOP('',(#1025,#1026,#1027,#1028));
#7424=EDGE_LOOP('',(#1029,#1030,#1031,#1032));
#7425=EDGE_LOOP('',(#1033,#1034,#1035,#1036));
#7426=EDGE_LOOP('',(#1037,#1038,#1039,#1040));
#7427=EDGE_LOOP('',(#1041,#1042,#1043,#1044));
#7428=EDGE_LOOP('',(#1045));
#7429=EDGE_LOOP('',(#1046));
#7430=EDGE_LOOP('',(#1047,#1048,#1049,#1050));
#7431=EDGE_LOOP('',(#1051,#1052,#1053,#1054,#1055,#1056,#1057,#1058,#1059,
#1060,#1061,#1062));
#7432=EDGE_LOOP('',(#1063));
#7433=EDGE_LOOP('',(#1064,#1065,#1066,#1067));
#7434=EDGE_LOOP('',(#1068,#1069,#1070,#1071));
#7435=EDGE_LOOP('',(#1072,#1073,#1074,#1075));
#7436=EDGE_LOOP('',(#1076,#1077,#1078,#1079));
#7437=EDGE_LOOP('',(#1080,#1081,#1082,#1083));
#7438=EDGE_LOOP('',(#1084,#1085,#1086,#1087));
#7439=EDGE_LOOP('',(#1088,#1089,#1090,#1091));
#7440=EDGE_LOOP('',(#1092,#1093,#1094,#1095));
#7441=EDGE_LOOP('',(#1096,#1097,#1098,#1099));
#7442=EDGE_LOOP('',(#1100,#1101,#1102,#1103));
#7443=EDGE_LOOP('',(#1104,#1105,#1106,#1107));
#7444=EDGE_LOOP('',(#1108,#1109,#1110,#1111));
#7445=EDGE_LOOP('',(#1112,#1113,#1114,#1115,#1116,#1117,#1118,#1119,#1120,
#1121,#1122,#1123));
#7446=EDGE_LOOP('',(#1124));
#7447=EDGE_LOOP('',(#1125));
#7448=EDGE_LOOP('',(#1126));
#7449=EDGE_LOOP('',(#1127));
#7450=EDGE_LOOP('',(#1128));
#7451=EDGE_LOOP('',(#1129));
#7452=EDGE_LOOP('',(#1130));
#7453=EDGE_LOOP('',(#1131,#1132,#1133,#1134,#1135,#1136));
#7454=EDGE_LOOP('',(#1137));
#7455=EDGE_LOOP('',(#1138));
#7456=EDGE_LOOP('',(#1139,#1140,#1141,#1142));
#7457=EDGE_LOOP('',(#1143,#1144,#1145,#1146));
#7458=EDGE_LOOP('',(#1147,#1148,#1149,#1150));
#7459=EDGE_LOOP('',(#1151,#1152,#1153,#1154));
#7460=EDGE_LOOP('',(#1155,#1156,#1157,#1158));
#7461=EDGE_LOOP('',(#1159,#1160,#1161,#1162));
#7462=EDGE_LOOP('',(#1163));
#7463=EDGE_LOOP('',(#1164,#1165,#1166,#1167,#1168,#1169));
#7464=EDGE_LOOP('',(#1170,#1171,#1172,#1173));
#7465=EDGE_LOOP('',(#1174,#1175,#1176,#1177,#1178));
#7466=EDGE_LOOP('',(#1179,#1180,#1181,#1182,#1183,#1184));
#7467=EDGE_LOOP('',(#1185,#1186,#1187,#1188,#1189));
#7468=EDGE_LOOP('',(#1190,#1191,#1192,#1193,#1194,#1195,#1196,#1197));
#7469=EDGE_LOOP('',(#1198,#1199,#1200,#1201));
#7470=EDGE_LOOP('',(#1202,#1203,#1204,#1205,#1206,#1207));
#7471=EDGE_LOOP('',(#1208,#1209,#1210,#1211));
#7472=EDGE_LOOP('',(#1212,#1213,#1214,#1215,#1216,#1217));
#7473=EDGE_LOOP('',(#1218,#1219,#1220,#1221));
#7474=EDGE_LOOP('',(#1222,#1223,#1224,#1225,#1226));
#7475=EDGE_LOOP('',(#1227,#1228,#1229,#1230,#1231));
#7476=EDGE_LOOP('',(#1232,#1233,#1234,#1235));
#7477=EDGE_LOOP('',(#1236,#1237,#1238,#1239,#1240,#1241));
#7478=EDGE_LOOP('',(#1242,#1243,#1244,#1245));
#7479=EDGE_LOOP('',(#1246));
#7480=EDGE_LOOP('',(#1247));
#7481=EDGE_LOOP('',(#1248));
#7482=EDGE_LOOP('',(#1249));
#7483=EDGE_LOOP('',(#1250,#1251,#1252,#1253,#1254));
#7484=EDGE_LOOP('',(#1255));
#7485=EDGE_LOOP('',(#1256));
#7486=EDGE_LOOP('',(#1257));
#7487=EDGE_LOOP('',(#1258));
#7488=EDGE_LOOP('',(#1259,#1260,#1261,#1262));
#7489=EDGE_LOOP('',(#1263,#1264,#1265,#1266,#1267));
#7490=EDGE_LOOP('',(#1268,#1269,#1270,#1271));
#7491=EDGE_LOOP('',(#1272,#1273,#1274,#1275));
#7492=EDGE_LOOP('',(#1276,#1277,#1278,#1279));
#7493=EDGE_LOOP('',(#1280,#1281,#1282,#1283));
#7494=EDGE_LOOP('',(#1284,#1285,#1286,#1287));
#7495=EDGE_LOOP('',(#1288,#1289,#1290,#1291));
#7496=EDGE_LOOP('',(#1292,#1293,#1294,#1295));
#7497=EDGE_LOOP('',(#1296,#1297,#1298,#1299));
#7498=EDGE_LOOP('',(#1300));
#7499=EDGE_LOOP('',(#1301));
#7500=EDGE_LOOP('',(#1302,#1303,#1304,#1305));
#7501=EDGE_LOOP('',(#1306));
#7502=EDGE_LOOP('',(#1307));
#7503=EDGE_LOOP('',(#1308));
#7504=EDGE_LOOP('',(#1309));
#7505=EDGE_LOOP('',(#1310));
#7506=EDGE_LOOP('',(#1311));
#7507=EDGE_LOOP('',(#1312));
#7508=EDGE_LOOP('',(#1313));
#7509=EDGE_LOOP('',(#1314,#1315,#1316,#1317));
#7510=EDGE_LOOP('',(#1318,#1319,#1320,#1321));
#7511=EDGE_LOOP('',(#1322));
#7512=EDGE_LOOP('',(#1323));
#7513=EDGE_LOOP('',(#1324,#1325,#1326,#1327));
#7514=EDGE_LOOP('',(#1328,#1329,#1330,#1331));
#7515=EDGE_LOOP('',(#1332,#1333,#1334,#1335));
#7516=EDGE_LOOP('',(#1336,#1337,#1338,#1339));
#7517=EDGE_LOOP('',(#1340,#1341,#1342,#1343));
#7518=EDGE_LOOP('',(#1344,#1345,#1346,#1347));
#7519=EDGE_LOOP('',(#1348,#1349,#1350,#1351));
#7520=EDGE_LOOP('',(#1352,#1353,#1354,#1355,#1356,#1357,#1358,#1359,#1360,
#1361,#1362,#1363));
#7521=EDGE_LOOP('',(#1364,#1365,#1366,#1367));
#7522=EDGE_LOOP('',(#1368,#1369,#1370,#1371));
#7523=EDGE_LOOP('',(#1372,#1373,#1374,#1375));
#7524=EDGE_LOOP('',(#1376,#1377,#1378,#1379));
#7525=EDGE_LOOP('',(#1380,#1381,#1382,#1383));
#7526=EDGE_LOOP('',(#1384,#1385,#1386,#1387));
#7527=EDGE_LOOP('',(#1388,#1389,#1390,#1391));
#7528=EDGE_LOOP('',(#1392,#1393,#1394,#1395));
#7529=EDGE_LOOP('',(#1396,#1397,#1398,#1399,#1400));
#7530=EDGE_LOOP('',(#1401,#1402,#1403,#1404,#1405));
#7531=EDGE_LOOP('',(#1406,#1407,#1408,#1409));
#7532=EDGE_LOOP('',(#1410,#1411,#1412,#1413));
#7533=EDGE_LOOP('',(#1414,#1415,#1416,#1417));
#7534=EDGE_LOOP('',(#1418,#1419,#1420,#1421));
#7535=EDGE_LOOP('',(#1422,#1423,#1424,#1425));
#7536=EDGE_LOOP('',(#1426,#1427,#1428,#1429));
#7537=EDGE_LOOP('',(#1430,#1431,#1432,#1433));
#7538=EDGE_LOOP('',(#1434,#1435,#1436,#1437));
#7539=EDGE_LOOP('',(#1438,#1439,#1440,#1441));
#7540=EDGE_LOOP('',(#1442,#1443,#1444,#1445));
#7541=EDGE_LOOP('',(#1446,#1447,#1448,#1449));
#7542=EDGE_LOOP('',(#1450,#1451,#1452));
#7543=EDGE_LOOP('',(#1453,#1454,#1455));
#7544=EDGE_LOOP('',(#1456,#1457,#1458,#1459));
#7545=EDGE_LOOP('',(#1460,#1461,#1462,#1463));
#7546=EDGE_LOOP('',(#1464,#1465,#1466,#1467,#1468));
#7547=EDGE_LOOP('',(#1469,#1470,#1471,#1472,#1473));
#7548=EDGE_LOOP('',(#1474,#1475,#1476,#1477,#1478,#1479,#1480,#1481));
#7549=EDGE_LOOP('',(#1482,#1483,#1484,#1485));
#7550=EDGE_LOOP('',(#1486,#1487,#1488,#1489));
#7551=EDGE_LOOP('',(#1490,#1491,#1492,#1493));
#7552=EDGE_LOOP('',(#1494,#1495,#1496,#1497));
#7553=EDGE_LOOP('',(#1498,#1499,#1500,#1501));
#7554=EDGE_LOOP('',(#1502,#1503,#1504,#1505));
#7555=EDGE_LOOP('',(#1506,#1507,#1508,#1509));
#7556=EDGE_LOOP('',(#1510,#1511,#1512,#1513));
#7557=EDGE_LOOP('',(#1514));
#7558=EDGE_LOOP('',(#1515,#1516,#1517,#1518));
#7559=EDGE_LOOP('',(#1519,#1520,#1521,#1522));
#7560=EDGE_LOOP('',(#1523,#1524,#1525,#1526));
#7561=EDGE_LOOP('',(#1527,#1528,#1529,#1530));
#7562=EDGE_LOOP('',(#1531,#1532,#1533,#1534));
#7563=EDGE_LOOP('',(#1535));
#7564=EDGE_LOOP('',(#1536,#1537,#1538,#1539));
#7565=EDGE_LOOP('',(#1540,#1541,#1542,#1543));
#7566=EDGE_LOOP('',(#1544,#1545,#1546,#1547));
#7567=EDGE_LOOP('',(#1548,#1549,#1550,#1551));
#7568=EDGE_LOOP('',(#1552,#1553,#1554,#1555));
#7569=EDGE_LOOP('',(#1556));
#7570=EDGE_LOOP('',(#1557,#1558,#1559,#1560));
#7571=EDGE_LOOP('',(#1561,#1562,#1563,#1564));
#7572=EDGE_LOOP('',(#1565,#1566,#1567,#1568));
#7573=EDGE_LOOP('',(#1569,#1570,#1571,#1572));
#7574=EDGE_LOOP('',(#1573,#1574,#1575,#1576));
#7575=EDGE_LOOP('',(#1577));
#7576=EDGE_LOOP('',(#1578,#1579,#1580,#1581));
#7577=EDGE_LOOP('',(#1582));
#7578=EDGE_LOOP('',(#1583));
#7579=EDGE_LOOP('',(#1584));
#7580=EDGE_LOOP('',(#1585));
#7581=EDGE_LOOP('',(#1586));
#7582=EDGE_LOOP('',(#1587));
#7583=EDGE_LOOP('',(#1588));
#7584=EDGE_LOOP('',(#1589));
#7585=EDGE_LOOP('',(#1590));
#7586=EDGE_LOOP('',(#1591));
#7587=EDGE_LOOP('',(#1592));
#7588=EDGE_LOOP('',(#1593));
#7589=EDGE_LOOP('',(#1594));
#7590=EDGE_LOOP('',(#1595));
#7591=EDGE_LOOP('',(#1596));
#7592=EDGE_LOOP('',(#1597));
#7593=EDGE_LOOP('',(#1598));
#7594=EDGE_LOOP('',(#1599));
#7595=EDGE_LOOP('',(#1600));
#7596=EDGE_LOOP('',(#1601));
#7597=EDGE_LOOP('',(#1602));
#7598=EDGE_LOOP('',(#1603));
#7599=EDGE_LOOP('',(#1604));
#7600=EDGE_LOOP('',(#1605));
#7601=EDGE_LOOP('',(#1606));
#7602=EDGE_LOOP('',(#1607));
#7603=EDGE_LOOP('',(#1608));
#7604=EDGE_LOOP('',(#1609));
#7605=EDGE_LOOP('',(#1610,#1611,#1612,#1613));
#7606=EDGE_LOOP('',(#1614,#1615,#1616,#1617));
#7607=EDGE_LOOP('',(#1618,#1619,#1620,#1621,#1622,#1623));
#7608=EDGE_LOOP('',(#1624,#1625,#1626,#1627,#1628,#1629));
#7609=EDGE_LOOP('',(#1630,#1631,#1632,#1633));
#7610=EDGE_LOOP('',(#1634,#1635,#1636,#1637));
#7611=EDGE_LOOP('',(#1638,#1639,#1640,#1641));
#7612=EDGE_LOOP('',(#1642));
#7613=EDGE_LOOP('',(#1643));
#7614=EDGE_LOOP('',(#1644));
#7615=EDGE_LOOP('',(#1645));
#7616=EDGE_LOOP('',(#1646,#1647,#1648,#1649));
#7617=EDGE_LOOP('',(#1650,#1651,#1652,#1653));
#7618=EDGE_LOOP('',(#1654,#1655,#1656,#1657,#1658,#1659,#1660,#1661));
#7619=EDGE_LOOP('',(#1662,#1663,#1664,#1665));
#7620=EDGE_LOOP('',(#1666,#1667,#1668,#1669,#1670,#1671,#1672,#1673));
#7621=EDGE_LOOP('',(#1674));
#7622=EDGE_LOOP('',(#1675));
#7623=EDGE_LOOP('',(#1676,#1677,#1678,#1679));
#7624=EDGE_LOOP('',(#1680,#1681,#1682,#1683));
#7625=EDGE_LOOP('',(#1684,#1685,#1686,#1687));
#7626=EDGE_LOOP('',(#1688));
#7627=EDGE_LOOP('',(#1689));
#7628=EDGE_LOOP('',(#1690,#1691,#1692,#1693));
#7629=EDGE_LOOP('',(#1694));
#7630=EDGE_LOOP('',(#1695));
#7631=EDGE_LOOP('',(#1696));
#7632=EDGE_LOOP('',(#1697));
#7633=EDGE_LOOP('',(#1698,#1699,#1700,#1701));
#7634=EDGE_LOOP('',(#1702));
#7635=EDGE_LOOP('',(#1703));
#7636=EDGE_LOOP('',(#1704));
#7637=EDGE_LOOP('',(#1705));
#7638=EDGE_LOOP('',(#1706));
#7639=EDGE_LOOP('',(#1707));
#7640=EDGE_LOOP('',(#1708));
#7641=EDGE_LOOP('',(#1709));
#7642=EDGE_LOOP('',(#1710,#1711,#1712,#1713));
#7643=EDGE_LOOP('',(#1714,#1715,#1716,#1717));
#7644=EDGE_LOOP('',(#1718,#1719,#1720,#1721));
#7645=EDGE_LOOP('',(#1722,#1723,#1724,#1725));
#7646=EDGE_LOOP('',(#1726,#1727,#1728,#1729));
#7647=EDGE_LOOP('',(#1730,#1731,#1732,#1733));
#7648=EDGE_LOOP('',(#1734,#1735,#1736,#1737));
#7649=EDGE_LOOP('',(#1738,#1739,#1740,#1741));
#7650=EDGE_LOOP('',(#1742,#1743,#1744,#1745));
#7651=EDGE_LOOP('',(#1746,#1747,#1748,#1749));
#7652=EDGE_LOOP('',(#1750,#1751,#1752,#1753));
#7653=EDGE_LOOP('',(#1754,#1755,#1756,#1757));
#7654=EDGE_LOOP('',(#1758,#1759,#1760,#1761));
#7655=EDGE_LOOP('',(#1762,#1763,#1764,#1765,#1766,#1767));
#7656=EDGE_LOOP('',(#1768,#1769,#1770,#1771));
#7657=EDGE_LOOP('',(#1772,#1773,#1774,#1775,#1776,#1777,#1778,#1779));
#7658=EDGE_LOOP('',(#1780,#1781,#1782,#1783));
#7659=EDGE_LOOP('',(#1784,#1785,#1786,#1787));
#7660=EDGE_LOOP('',(#1788,#1789,#1790,#1791));
#7661=EDGE_LOOP('',(#1792,#1793,#1794,#1795));
#7662=EDGE_LOOP('',(#1796,#1797,#1798,#1799,#1800));
#7663=EDGE_LOOP('',(#1801,#1802,#1803,#1804));
#7664=EDGE_LOOP('',(#1805,#1806,#1807,#1808,#1809));
#7665=EDGE_LOOP('',(#1810,#1811,#1812,#1813));
#7666=EDGE_LOOP('',(#1814,#1815,#1816,#1817));
#7667=EDGE_LOOP('',(#1818,#1819,#1820,#1821));
#7668=EDGE_LOOP('',(#1822,#1823,#1824,#1825));
#7669=EDGE_LOOP('',(#1826,#1827,#1828,#1829));
#7670=EDGE_LOOP('',(#1830,#1831,#1832,#1833));
#7671=EDGE_LOOP('',(#1834,#1835,#1836,#1837));
#7672=EDGE_LOOP('',(#1838,#1839,#1840,#1841));
#7673=EDGE_LOOP('',(#1842,#1843,#1844,#1845));
#7674=EDGE_LOOP('',(#1846,#1847,#1848,#1849));
#7675=EDGE_LOOP('',(#1850));
#7676=EDGE_LOOP('',(#1851));
#7677=EDGE_LOOP('',(#1852));
#7678=EDGE_LOOP('',(#1853));
#7679=EDGE_LOOP('',(#1854,#1855,#1856,#1857));
#7680=EDGE_LOOP('',(#1858,#1859,#1860,#1861));
#7681=EDGE_LOOP('',(#1862));
#7682=EDGE_LOOP('',(#1863));
#7683=EDGE_LOOP('',(#1864,#1865,#1866,#1867));
#7684=EDGE_LOOP('',(#1868));
#7685=EDGE_LOOP('',(#1869));
#7686=EDGE_LOOP('',(#1870,#1871,#1872,#1873));
#7687=EDGE_LOOP('',(#1874,#1875,#1876,#1877));
#7688=EDGE_LOOP('',(#1878,#1879,#1880,#1881));
#7689=EDGE_LOOP('',(#1882,#1883,#1884,#1885));
#7690=EDGE_LOOP('',(#1886,#1887,#1888,#1889));
#7691=EDGE_LOOP('',(#1890,#1891,#1892,#1893));
#7692=EDGE_LOOP('',(#1894));
#7693=EDGE_LOOP('',(#1895));
#7694=EDGE_LOOP('',(#1896));
#7695=EDGE_LOOP('',(#1897));
#7696=EDGE_LOOP('',(#1898));
#7697=EDGE_LOOP('',(#1899));
#7698=EDGE_LOOP('',(#1900));
#7699=EDGE_LOOP('',(#1901));
#7700=EDGE_LOOP('',(#1902));
#7701=EDGE_LOOP('',(#1903));
#7702=EDGE_LOOP('',(#1904));
#7703=EDGE_LOOP('',(#1905));
#7704=EDGE_LOOP('',(#1906,#1907,#1908,#1909));
#7705=EDGE_LOOP('',(#1910,#1911,#1912,#1913));
#7706=EDGE_LOOP('',(#1914,#1915,#1916,#1917));
#7707=EDGE_LOOP('',(#1918,#1919,#1920,#1921,#1922,#1923,#1924,#1925,#1926,
#1927,#1928,#1929,#1930,#1931,#1932,#1933,#1934,#1935,#1936,#1937,#1938,
#1939,#1940,#1941,#1942,#1943,#1944,#1945,#1946,#1947,#1948,#1949,#1950,
#1951,#1952,#1953,#1954,#1955,#1956,#1957,#1958,#1959,#1960,#1961,#1962,
#1963,#1964,#1965,#1966,#1967));
#7708=EDGE_LOOP('',(#1968,#1969,#1970,#1971));
#7709=EDGE_LOOP('',(#1972,#1973,#1974,#1975));
#7710=EDGE_LOOP('',(#1976,#1977,#1978,#1979));
#7711=EDGE_LOOP('',(#1980,#1981,#1982,#1983));
#7712=EDGE_LOOP('',(#1984,#1985,#1986,#1987));
#7713=EDGE_LOOP('',(#1988,#1989,#1990,#1991));
#7714=EDGE_LOOP('',(#1992,#1993,#1994,#1995));
#7715=EDGE_LOOP('',(#1996,#1997,#1998,#1999));
#7716=EDGE_LOOP('',(#2000,#2001,#2002,#2003,#2004,#2005,#2006,#2007,#2008,
#2009,#2010,#2011,#2012,#2013,#2014,#2015,#2016,#2017,#2018,#2019,#2020,
#2021,#2022,#2023,#2024,#2025,#2026,#2027,#2028,#2029,#2030,#2031,#2032,
#2033,#2034,#2035,#2036,#2037,#2038,#2039,#2040,#2041,#2042,#2043,#2044,
#2045,#2046,#2047,#2048,#2049));
#7717=EDGE_LOOP('',(#2050,#2051,#2052,#2053));
#7718=EDGE_LOOP('',(#2054,#2055,#2056,#2057));
#7719=EDGE_LOOP('',(#2058,#2059,#2060,#2061));
#7720=EDGE_LOOP('',(#2062,#2063,#2064,#2065));
#7721=EDGE_LOOP('',(#2066,#2067,#2068,#2069));
#7722=EDGE_LOOP('',(#2070,#2071,#2072,#2073));
#7723=EDGE_LOOP('',(#2074,#2075,#2076,#2077));
#7724=EDGE_LOOP('',(#2078,#2079,#2080,#2081));
#7725=EDGE_LOOP('',(#2082,#2083,#2084,#2085));
#7726=EDGE_LOOP('',(#2086,#2087,#2088,#2089));
#7727=EDGE_LOOP('',(#2090,#2091,#2092,#2093));
#7728=EDGE_LOOP('',(#2094,#2095,#2096,#2097));
#7729=EDGE_LOOP('',(#2098,#2099,#2100,#2101));
#7730=EDGE_LOOP('',(#2102,#2103,#2104,#2105));
#7731=EDGE_LOOP('',(#2106,#2107,#2108,#2109));
#7732=EDGE_LOOP('',(#2110,#2111,#2112,#2113));
#7733=EDGE_LOOP('',(#2114,#2115,#2116,#2117));
#7734=EDGE_LOOP('',(#2118,#2119,#2120,#2121));
#7735=EDGE_LOOP('',(#2122,#2123,#2124,#2125));
#7736=EDGE_LOOP('',(#2126,#2127,#2128,#2129));
#7737=EDGE_LOOP('',(#2130,#2131,#2132,#2133));
#7738=EDGE_LOOP('',(#2134,#2135,#2136,#2137));
#7739=EDGE_LOOP('',(#2138,#2139,#2140,#2141));
#7740=EDGE_LOOP('',(#2142,#2143,#2144,#2145));
#7741=EDGE_LOOP('',(#2146,#2147,#2148,#2149));
#7742=EDGE_LOOP('',(#2150,#2151,#2152,#2153));
#7743=EDGE_LOOP('',(#2154,#2155,#2156,#2157));
#7744=EDGE_LOOP('',(#2158,#2159,#2160,#2161));
#7745=EDGE_LOOP('',(#2162,#2163,#2164,#2165));
#7746=EDGE_LOOP('',(#2166,#2167,#2168,#2169));
#7747=EDGE_LOOP('',(#2170,#2171,#2172,#2173));
#7748=EDGE_LOOP('',(#2174,#2175,#2176,#2177));
#7749=EDGE_LOOP('',(#2178,#2179,#2180,#2181));
#7750=EDGE_LOOP('',(#2182,#2183,#2184,#2185));
#7751=EDGE_LOOP('',(#2186,#2187,#2188,#2189));
#7752=EDGE_LOOP('',(#2190,#2191,#2192,#2193));
#7753=EDGE_LOOP('',(#2194,#2195,#2196,#2197));
#7754=EDGE_LOOP('',(#2198,#2199,#2200,#2201));
#7755=EDGE_LOOP('',(#2202,#2203,#2204,#2205));
#7756=EDGE_LOOP('',(#2206,#2207,#2208,#2209));
#7757=EDGE_LOOP('',(#2210,#2211,#2212,#2213));
#7758=EDGE_LOOP('',(#2214,#2215,#2216,#2217));
#7759=EDGE_LOOP('',(#2218,#2219,#2220,#2221));
#7760=EDGE_LOOP('',(#2222,#2223,#2224,#2225));
#7761=EDGE_LOOP('',(#2226,#2227,#2228,#2229));
#7762=EDGE_LOOP('',(#2230,#2231,#2232,#2233));
#7763=EDGE_LOOP('',(#2234,#2235,#2236,#2237));
#7764=EDGE_LOOP('',(#2238,#2239,#2240,#2241));
#7765=EDGE_LOOP('',(#2242,#2243,#2244,#2245));
#7766=EDGE_LOOP('',(#2246,#2247,#2248,#2249));
#7767=EDGE_LOOP('',(#2250,#2251,#2252,#2253));
#7768=EDGE_LOOP('',(#2254,#2255,#2256,#2257));
#7769=EDGE_LOOP('',(#2258,#2259,#2260,#2261));
#7770=EDGE_LOOP('',(#2262,#2263,#2264,#2265));
#7771=EDGE_LOOP('',(#2266,#2267,#2268,#2269));
#7772=EDGE_LOOP('',(#2270,#2271,#2272,#2273));
#7773=EDGE_LOOP('',(#2274,#2275,#2276,#2277));
#7774=EDGE_LOOP('',(#2278,#2279,#2280,#2281));
#7775=EDGE_LOOP('',(#2282,#2283,#2284,#2285));
#7776=EDGE_LOOP('',(#2286,#2287,#2288,#2289));
#7777=EDGE_LOOP('',(#2290,#2291,#2292,#2293));
#7778=EDGE_LOOP('',(#2294,#2295,#2296,#2297));
#7779=EDGE_LOOP('',(#2298,#2299,#2300,#2301));
#7780=EDGE_LOOP('',(#2302,#2303,#2304,#2305));
#7781=EDGE_LOOP('',(#2306,#2307,#2308,#2309));
#7782=EDGE_LOOP('',(#2310,#2311,#2312,#2313));
#7783=EDGE_LOOP('',(#2314,#2315,#2316,#2317));
#7784=EDGE_LOOP('',(#2318,#2319,#2320,#2321));
#7785=EDGE_LOOP('',(#2322,#2323,#2324,#2325));
#7786=EDGE_LOOP('',(#2326,#2327,#2328,#2329));
#7787=EDGE_LOOP('',(#2330,#2331,#2332,#2333));
#7788=EDGE_LOOP('',(#2334,#2335,#2336,#2337));
#7789=EDGE_LOOP('',(#2338,#2339,#2340,#2341));
#7790=EDGE_LOOP('',(#2342,#2343,#2344,#2345));
#7791=EDGE_LOOP('',(#2346,#2347,#2348,#2349));
#7792=EDGE_LOOP('',(#2350,#2351,#2352,#2353));
#7793=EDGE_LOOP('',(#2354,#2355,#2356,#2357));
#7794=EDGE_LOOP('',(#2358,#2359,#2360,#2361));
#7795=EDGE_LOOP('',(#2362,#2363,#2364,#2365));
#7796=EDGE_LOOP('',(#2366,#2367,#2368,#2369));
#7797=EDGE_LOOP('',(#2370,#2371,#2372,#2373));
#7798=EDGE_LOOP('',(#2374,#2375,#2376,#2377));
#7799=EDGE_LOOP('',(#2378,#2379,#2380,#2381));
#7800=EDGE_LOOP('',(#2382,#2383,#2384,#2385));
#7801=EDGE_LOOP('',(#2386,#2387,#2388,#2389));
#7802=EDGE_LOOP('',(#2390,#2391,#2392,#2393));
#7803=EDGE_LOOP('',(#2394,#2395,#2396,#2397));
#7804=EDGE_LOOP('',(#2398,#2399,#2400,#2401));
#7805=EDGE_LOOP('',(#2402,#2403,#2404,#2405));
#7806=EDGE_LOOP('',(#2406,#2407,#2408,#2409));
#7807=EDGE_LOOP('',(#2410,#2411,#2412,#2413));
#7808=EDGE_LOOP('',(#2414,#2415,#2416,#2417));
#7809=EDGE_LOOP('',(#2418,#2419,#2420,#2421));
#7810=EDGE_LOOP('',(#2422,#2423,#2424,#2425));
#7811=EDGE_LOOP('',(#2426,#2427,#2428,#2429));
#7812=EDGE_LOOP('',(#2430,#2431,#2432,#2433));
#7813=EDGE_LOOP('',(#2434,#2435,#2436,#2437));
#7814=EDGE_LOOP('',(#2438,#2439,#2440,#2441));
#7815=EDGE_LOOP('',(#2442,#2443,#2444,#2445));
#7816=EDGE_LOOP('',(#2446,#2447,#2448,#2449));
#7817=EDGE_LOOP('',(#2450,#2451,#2452,#2453));
#7818=EDGE_LOOP('',(#2454,#2455,#2456,#2457));
#7819=EDGE_LOOP('',(#2458,#2459,#2460,#2461));
#7820=EDGE_LOOP('',(#2462,#2463,#2464,#2465));
#7821=EDGE_LOOP('',(#2466,#2467,#2468,#2469));
#7822=EDGE_LOOP('',(#2470,#2471,#2472,#2473));
#7823=EDGE_LOOP('',(#2474,#2475,#2476,#2477));
#7824=EDGE_LOOP('',(#2478,#2479,#2480,#2481));
#7825=EDGE_LOOP('',(#2482,#2483,#2484,#2485));
#7826=EDGE_LOOP('',(#2486,#2487,#2488,#2489));
#7827=EDGE_LOOP('',(#2490,#2491,#2492,#2493));
#7828=EDGE_LOOP('',(#2494,#2495,#2496,#2497));
#7829=EDGE_LOOP('',(#2498,#2499,#2500,#2501));
#7830=EDGE_LOOP('',(#2502,#2503,#2504,#2505));
#7831=EDGE_LOOP('',(#2506,#2507,#2508,#2509));
#7832=EDGE_LOOP('',(#2510,#2511,#2512,#2513));
#7833=EDGE_LOOP('',(#2514,#2515,#2516,#2517));
#7834=EDGE_LOOP('',(#2518,#2519,#2520,#2521));
#7835=EDGE_LOOP('',(#2522,#2523,#2524,#2525));
#7836=EDGE_LOOP('',(#2526,#2527,#2528,#2529));
#7837=EDGE_LOOP('',(#2530,#2531,#2532,#2533));
#7838=EDGE_LOOP('',(#2534,#2535,#2536,#2537));
#7839=EDGE_LOOP('',(#2538,#2539,#2540,#2541));
#7840=EDGE_LOOP('',(#2542,#2543,#2544,#2545));
#7841=EDGE_LOOP('',(#2546,#2547,#2548,#2549));
#7842=EDGE_LOOP('',(#2550,#2551,#2552,#2553));
#7843=EDGE_LOOP('',(#2554,#2555,#2556,#2557));
#7844=EDGE_LOOP('',(#2558,#2559,#2560,#2561));
#7845=EDGE_LOOP('',(#2562,#2563,#2564,#2565));
#7846=EDGE_LOOP('',(#2566,#2567,#2568,#2569));
#7847=EDGE_LOOP('',(#2570,#2571,#2572,#2573));
#7848=EDGE_LOOP('',(#2574,#2575,#2576,#2577));
#7849=EDGE_LOOP('',(#2578,#2579,#2580,#2581));
#7850=EDGE_LOOP('',(#2582,#2583,#2584,#2585));
#7851=EDGE_LOOP('',(#2586,#2587,#2588,#2589));
#7852=EDGE_LOOP('',(#2590,#2591,#2592,#2593));
#7853=EDGE_LOOP('',(#2594,#2595,#2596,#2597));
#7854=EDGE_LOOP('',(#2598,#2599,#2600,#2601));
#7855=EDGE_LOOP('',(#2602,#2603,#2604,#2605));
#7856=EDGE_LOOP('',(#2606,#2607,#2608,#2609));
#7857=EDGE_LOOP('',(#2610,#2611,#2612,#2613));
#7858=EDGE_LOOP('',(#2614,#2615,#2616,#2617));
#7859=EDGE_LOOP('',(#2618,#2619,#2620,#2621));
#7860=EDGE_LOOP('',(#2622,#2623,#2624,#2625));
#7861=EDGE_LOOP('',(#2626,#2627,#2628,#2629));
#7862=EDGE_LOOP('',(#2630,#2631,#2632,#2633));
#7863=EDGE_LOOP('',(#2634,#2635,#2636,#2637));
#7864=EDGE_LOOP('',(#2638,#2639,#2640,#2641));
#7865=EDGE_LOOP('',(#2642,#2643,#2644,#2645));
#7866=EDGE_LOOP('',(#2646,#2647,#2648,#2649));
#7867=EDGE_LOOP('',(#2650,#2651,#2652,#2653));
#7868=EDGE_LOOP('',(#2654,#2655,#2656,#2657));
#7869=EDGE_LOOP('',(#2658,#2659,#2660,#2661));
#7870=EDGE_LOOP('',(#2662,#2663,#2664,#2665));
#7871=EDGE_LOOP('',(#2666,#2667,#2668,#2669));
#7872=EDGE_LOOP('',(#2670,#2671,#2672,#2673));
#7873=EDGE_LOOP('',(#2674,#2675,#2676,#2677));
#7874=EDGE_LOOP('',(#2678,#2679,#2680,#2681));
#7875=EDGE_LOOP('',(#2682,#2683,#2684,#2685));
#7876=EDGE_LOOP('',(#2686,#2687,#2688,#2689));
#7877=EDGE_LOOP('',(#2690,#2691,#2692,#2693));
#7878=EDGE_LOOP('',(#2694,#2695,#2696,#2697));
#7879=EDGE_LOOP('',(#2698,#2699,#2700,#2701));
#7880=EDGE_LOOP('',(#2702,#2703,#2704,#2705));
#7881=EDGE_LOOP('',(#2706,#2707,#2708,#2709));
#7882=EDGE_LOOP('',(#2710,#2711,#2712,#2713));
#7883=EDGE_LOOP('',(#2714,#2715,#2716,#2717));
#7884=EDGE_LOOP('',(#2718,#2719,#2720,#2721));
#7885=EDGE_LOOP('',(#2722,#2723,#2724,#2725));
#7886=EDGE_LOOP('',(#2726,#2727,#2728,#2729));
#7887=EDGE_LOOP('',(#2730,#2731,#2732,#2733));
#7888=EDGE_LOOP('',(#2734,#2735,#2736,#2737));
#7889=EDGE_LOOP('',(#2738,#2739,#2740,#2741));
#7890=EDGE_LOOP('',(#2742,#2743,#2744,#2745));
#7891=EDGE_LOOP('',(#2746,#2747,#2748,#2749));
#7892=EDGE_LOOP('',(#2750,#2751,#2752,#2753));
#7893=EDGE_LOOP('',(#2754,#2755,#2756,#2757));
#7894=EDGE_LOOP('',(#2758,#2759,#2760,#2761));
#7895=EDGE_LOOP('',(#2762,#2763,#2764,#2765));
#7896=EDGE_LOOP('',(#2766,#2767,#2768,#2769));
#7897=EDGE_LOOP('',(#2770,#2771,#2772,#2773));
#7898=EDGE_LOOP('',(#2774,#2775,#2776,#2777));
#7899=EDGE_LOOP('',(#2778,#2779,#2780,#2781));
#7900=EDGE_LOOP('',(#2782,#2783,#2784,#2785));
#7901=EDGE_LOOP('',(#2786,#2787,#2788,#2789));
#7902=EDGE_LOOP('',(#2790,#2791,#2792,#2793));
#7903=EDGE_LOOP('',(#2794,#2795,#2796,#2797));
#7904=EDGE_LOOP('',(#2798,#2799,#2800,#2801));
#7905=EDGE_LOOP('',(#2802,#2803,#2804,#2805));
#7906=EDGE_LOOP('',(#2806,#2807,#2808,#2809));
#7907=EDGE_LOOP('',(#2810,#2811,#2812,#2813));
#7908=EDGE_LOOP('',(#2814,#2815,#2816,#2817));
#7909=EDGE_LOOP('',(#2818,#2819,#2820,#2821));
#7910=EDGE_LOOP('',(#2822,#2823,#2824,#2825));
#7911=EDGE_LOOP('',(#2826,#2827,#2828,#2829));
#7912=EDGE_LOOP('',(#2830,#2831,#2832,#2833));
#7913=EDGE_LOOP('',(#2834,#2835,#2836,#2837));
#7914=EDGE_LOOP('',(#2838,#2839,#2840,#2841));
#7915=EDGE_LOOP('',(#2842,#2843,#2844,#2845));
#7916=EDGE_LOOP('',(#2846));
#7917=EDGE_LOOP('',(#2847));
#7918=EDGE_LOOP('',(#2848));
#7919=EDGE_LOOP('',(#2849));
#7920=EDGE_LOOP('',(#2850));
#7921=EDGE_LOOP('',(#2851));
#7922=EDGE_LOOP('',(#2852));
#7923=EDGE_LOOP('',(#2853));
#7924=EDGE_LOOP('',(#2854));
#7925=EDGE_LOOP('',(#2855));
#7926=EDGE_LOOP('',(#2856));
#7927=EDGE_LOOP('',(#2857));
#7928=EDGE_LOOP('',(#2858));
#7929=EDGE_LOOP('',(#2859));
#7930=EDGE_LOOP('',(#2860));
#7931=EDGE_LOOP('',(#2861));
#7932=EDGE_LOOP('',(#2862));
#7933=EDGE_LOOP('',(#2863));
#7934=EDGE_LOOP('',(#2864));
#7935=EDGE_LOOP('',(#2865));
#7936=EDGE_LOOP('',(#2866));
#7937=EDGE_LOOP('',(#2867));
#7938=EDGE_LOOP('',(#2868));
#7939=EDGE_LOOP('',(#2869));
#7940=EDGE_LOOP('',(#2870));
#7941=EDGE_LOOP('',(#2871));
#7942=EDGE_LOOP('',(#2872));
#7943=EDGE_LOOP('',(#2873));
#7944=EDGE_LOOP('',(#2874));
#7945=EDGE_LOOP('',(#2875));
#7946=EDGE_LOOP('',(#2876));
#7947=EDGE_LOOP('',(#2877));
#7948=EDGE_LOOP('',(#2878));
#7949=EDGE_LOOP('',(#2879));
#7950=EDGE_LOOP('',(#2880));
#7951=EDGE_LOOP('',(#2881));
#7952=EDGE_LOOP('',(#2882));
#7953=EDGE_LOOP('',(#2883));
#7954=EDGE_LOOP('',(#2884));
#7955=EDGE_LOOP('',(#2885));
#7956=EDGE_LOOP('',(#2886));
#7957=EDGE_LOOP('',(#2887));
#7958=EDGE_LOOP('',(#2888));
#7959=EDGE_LOOP('',(#2889));
#7960=EDGE_LOOP('',(#2890));
#7961=EDGE_LOOP('',(#2891));
#7962=EDGE_LOOP('',(#2892));
#7963=EDGE_LOOP('',(#2893));
#7964=EDGE_LOOP('',(#2894));
#7965=EDGE_LOOP('',(#2895));
#7966=EDGE_LOOP('',(#2896));
#7967=EDGE_LOOP('',(#2897));
#7968=EDGE_LOOP('',(#2898));
#7969=EDGE_LOOP('',(#2899));
#7970=EDGE_LOOP('',(#2900));
#7971=EDGE_LOOP('',(#2901));
#7972=EDGE_LOOP('',(#2902,#2903,#2904,#2905));
#7973=EDGE_LOOP('',(#2906,#2907,#2908,#2909));
#7974=EDGE_LOOP('',(#2910,#2911,#2912,#2913));
#7975=EDGE_LOOP('',(#2914,#2915,#2916,#2917,#2918,#2919,#2920,#2921));
#7976=EDGE_LOOP('',(#2922));
#7977=EDGE_LOOP('',(#2923));
#7978=EDGE_LOOP('',(#2924));
#7979=EDGE_LOOP('',(#2925));
#7980=EDGE_LOOP('',(#2926));
#7981=EDGE_LOOP('',(#2927));
#7982=EDGE_LOOP('',(#2928));
#7983=EDGE_LOOP('',(#2929));
#7984=EDGE_LOOP('',(#2930));
#7985=EDGE_LOOP('',(#2931));
#7986=EDGE_LOOP('',(#2932));
#7987=EDGE_LOOP('',(#2933));
#7988=EDGE_LOOP('',(#2934));
#7989=EDGE_LOOP('',(#2935));
#7990=EDGE_LOOP('',(#2936));
#7991=EDGE_LOOP('',(#2937));
#7992=EDGE_LOOP('',(#2938));
#7993=EDGE_LOOP('',(#2939));
#7994=EDGE_LOOP('',(#2940));
#7995=EDGE_LOOP('',(#2941));
#7996=EDGE_LOOP('',(#2942));
#7997=EDGE_LOOP('',(#2943));
#7998=EDGE_LOOP('',(#2944));
#7999=EDGE_LOOP('',(#2945));
#8000=EDGE_LOOP('',(#2946));
#8001=EDGE_LOOP('',(#2947));
#8002=EDGE_LOOP('',(#2948));
#8003=EDGE_LOOP('',(#2949));
#8004=EDGE_LOOP('',(#2950));
#8005=EDGE_LOOP('',(#2951));
#8006=EDGE_LOOP('',(#2952));
#8007=EDGE_LOOP('',(#2953));
#8008=EDGE_LOOP('',(#2954));
#8009=EDGE_LOOP('',(#2955));
#8010=EDGE_LOOP('',(#2956));
#8011=EDGE_LOOP('',(#2957));
#8012=EDGE_LOOP('',(#2958));
#8013=EDGE_LOOP('',(#2959));
#8014=EDGE_LOOP('',(#2960));
#8015=EDGE_LOOP('',(#2961));
#8016=EDGE_LOOP('',(#2962));
#8017=EDGE_LOOP('',(#2963));
#8018=EDGE_LOOP('',(#2964));
#8019=EDGE_LOOP('',(#2965));
#8020=EDGE_LOOP('',(#2966));
#8021=EDGE_LOOP('',(#2967));
#8022=EDGE_LOOP('',(#2968));
#8023=EDGE_LOOP('',(#2969));
#8024=EDGE_LOOP('',(#2970));
#8025=EDGE_LOOP('',(#2971));
#8026=EDGE_LOOP('',(#2972));
#8027=EDGE_LOOP('',(#2973));
#8028=EDGE_LOOP('',(#2974));
#8029=EDGE_LOOP('',(#2975));
#8030=EDGE_LOOP('',(#2976));
#8031=EDGE_LOOP('',(#2977));
#8032=EDGE_LOOP('',(#2978));
#8033=EDGE_LOOP('',(#2979));
#8034=EDGE_LOOP('',(#2980));
#8035=EDGE_LOOP('',(#2981));
#8036=EDGE_LOOP('',(#2982));
#8037=EDGE_LOOP('',(#2983));
#8038=EDGE_LOOP('',(#2984));
#8039=EDGE_LOOP('',(#2985));
#8040=EDGE_LOOP('',(#2986));
#8041=EDGE_LOOP('',(#2987));
#8042=EDGE_LOOP('',(#2988));
#8043=EDGE_LOOP('',(#2989));
#8044=EDGE_LOOP('',(#2990));
#8045=EDGE_LOOP('',(#2991));
#8046=EDGE_LOOP('',(#2992));
#8047=EDGE_LOOP('',(#2993));
#8048=EDGE_LOOP('',(#2994));
#8049=EDGE_LOOP('',(#2995));
#8050=EDGE_LOOP('',(#2996));
#8051=EDGE_LOOP('',(#2997));
#8052=EDGE_LOOP('',(#2998));
#8053=EDGE_LOOP('',(#2999));
#8054=EDGE_LOOP('',(#3000));
#8055=EDGE_LOOP('',(#3001));
#8056=EDGE_LOOP('',(#3002));
#8057=EDGE_LOOP('',(#3003));
#8058=EDGE_LOOP('',(#3004));
#8059=EDGE_LOOP('',(#3005));
#8060=EDGE_LOOP('',(#3006));
#8061=EDGE_LOOP('',(#3007));
#8062=EDGE_LOOP('',(#3008));
#8063=EDGE_LOOP('',(#3009));
#8064=EDGE_LOOP('',(#3010));
#8065=EDGE_LOOP('',(#3011));
#8066=EDGE_LOOP('',(#3012));
#8067=EDGE_LOOP('',(#3013,#3014,#3015,#3016,#3017,#3018,#3019,#3020));
#8068=EDGE_LOOP('',(#3021));
#8069=EDGE_LOOP('',(#3022));
#8070=EDGE_LOOP('',(#3023));
#8071=EDGE_LOOP('',(#3024));
#8072=EDGE_LOOP('',(#3025));
#8073=EDGE_LOOP('',(#3026));
#8074=EDGE_LOOP('',(#3027));
#8075=EDGE_LOOP('',(#3028));
#8076=EDGE_LOOP('',(#3029));
#8077=EDGE_LOOP('',(#3030));
#8078=EDGE_LOOP('',(#3031));
#8079=EDGE_LOOP('',(#3032));
#8080=EDGE_LOOP('',(#3033));
#8081=EDGE_LOOP('',(#3034));
#8082=EDGE_LOOP('',(#3035));
#8083=EDGE_LOOP('',(#3036));
#8084=EDGE_LOOP('',(#3037));
#8085=EDGE_LOOP('',(#3038));
#8086=EDGE_LOOP('',(#3039));
#8087=EDGE_LOOP('',(#3040));
#8088=EDGE_LOOP('',(#3041));
#8089=EDGE_LOOP('',(#3042));
#8090=EDGE_LOOP('',(#3043));
#8091=EDGE_LOOP('',(#3044));
#8092=EDGE_LOOP('',(#3045));
#8093=EDGE_LOOP('',(#3046));
#8094=EDGE_LOOP('',(#3047));
#8095=EDGE_LOOP('',(#3048));
#8096=EDGE_LOOP('',(#3049));
#8097=EDGE_LOOP('',(#3050));
#8098=EDGE_LOOP('',(#3051));
#8099=EDGE_LOOP('',(#3052));
#8100=EDGE_LOOP('',(#3053));
#8101=EDGE_LOOP('',(#3054));
#8102=EDGE_LOOP('',(#3055));
#8103=EDGE_LOOP('',(#3056));
#8104=EDGE_LOOP('',(#3057));
#8105=EDGE_LOOP('',(#3058));
#8106=EDGE_LOOP('',(#3059));
#8107=EDGE_LOOP('',(#3060));
#8108=EDGE_LOOP('',(#3061));
#8109=EDGE_LOOP('',(#3062));
#8110=EDGE_LOOP('',(#3063));
#8111=EDGE_LOOP('',(#3064));
#8112=EDGE_LOOP('',(#3065));
#8113=EDGE_LOOP('',(#3066));
#8114=EDGE_LOOP('',(#3067));
#8115=EDGE_LOOP('',(#3068));
#8116=EDGE_LOOP('',(#3069));
#8117=EDGE_LOOP('',(#3070));
#8118=EDGE_LOOP('',(#3071));
#8119=EDGE_LOOP('',(#3072));
#8120=EDGE_LOOP('',(#3073));
#8121=EDGE_LOOP('',(#3074));
#8122=EDGE_LOOP('',(#3075));
#8123=EDGE_LOOP('',(#3076));
#8124=EDGE_LOOP('',(#3077));
#8125=EDGE_LOOP('',(#3078));
#8126=EDGE_LOOP('',(#3079));
#8127=EDGE_LOOP('',(#3080));
#8128=EDGE_LOOP('',(#3081));
#8129=EDGE_LOOP('',(#3082));
#8130=EDGE_LOOP('',(#3083));
#8131=EDGE_LOOP('',(#3084));
#8132=EDGE_LOOP('',(#3085));
#8133=EDGE_LOOP('',(#3086));
#8134=EDGE_LOOP('',(#3087));
#8135=EDGE_LOOP('',(#3088));
#8136=EDGE_LOOP('',(#3089));
#8137=EDGE_LOOP('',(#3090));
#8138=EDGE_LOOP('',(#3091));
#8139=EDGE_LOOP('',(#3092));
#8140=EDGE_LOOP('',(#3093));
#8141=EDGE_LOOP('',(#3094));
#8142=EDGE_LOOP('',(#3095));
#8143=EDGE_LOOP('',(#3096));
#8144=EDGE_LOOP('',(#3097));
#8145=EDGE_LOOP('',(#3098));
#8146=EDGE_LOOP('',(#3099));
#8147=EDGE_LOOP('',(#3100));
#8148=EDGE_LOOP('',(#3101));
#8149=EDGE_LOOP('',(#3102));
#8150=EDGE_LOOP('',(#3103));
#8151=EDGE_LOOP('',(#3104));
#8152=EDGE_LOOP('',(#3105));
#8153=EDGE_LOOP('',(#3106));
#8154=EDGE_LOOP('',(#3107));
#8155=EDGE_LOOP('',(#3108));
#8156=EDGE_LOOP('',(#3109));
#8157=EDGE_LOOP('',(#3110));
#8158=EDGE_LOOP('',(#3111));
#8159=EDGE_LOOP('',(#3112,#3113,#3114,#3115));
#8160=EDGE_LOOP('',(#3116,#3117,#3118,#3119));
#8161=EDGE_LOOP('',(#3120,#3121,#3122,#3123));
#8162=EDGE_LOOP('',(#3124,#3125,#3126,#3127));
#8163=EDGE_LOOP('',(#3128,#3129,#3130,#3131));
#8164=EDGE_LOOP('',(#3132));
#8165=EDGE_LOOP('',(#3133));
#8166=EDGE_LOOP('',(#3134));
#8167=EDGE_LOOP('',(#3135));
#8168=EDGE_LOOP('',(#3136));
#8169=EDGE_LOOP('',(#3137));
#8170=EDGE_LOOP('',(#3138));
#8171=EDGE_LOOP('',(#3139));
#8172=EDGE_LOOP('',(#3140));
#8173=EDGE_LOOP('',(#3141));
#8174=EDGE_LOOP('',(#3142));
#8175=EDGE_LOOP('',(#3143));
#8176=EDGE_LOOP('',(#3144));
#8177=EDGE_LOOP('',(#3145));
#8178=EDGE_LOOP('',(#3146));
#8179=EDGE_LOOP('',(#3147));
#8180=EDGE_LOOP('',(#3148));
#8181=EDGE_LOOP('',(#3149));
#8182=EDGE_LOOP('',(#3150));
#8183=EDGE_LOOP('',(#3151));
#8184=EDGE_LOOP('',(#3152));
#8185=EDGE_LOOP('',(#3153));
#8186=EDGE_LOOP('',(#3154));
#8187=EDGE_LOOP('',(#3155));
#8188=EDGE_LOOP('',(#3156));
#8189=EDGE_LOOP('',(#3157));
#8190=EDGE_LOOP('',(#3158));
#8191=EDGE_LOOP('',(#3159));
#8192=EDGE_LOOP('',(#3160));
#8193=EDGE_LOOP('',(#3161));
#8194=EDGE_LOOP('',(#3162));
#8195=EDGE_LOOP('',(#3163));
#8196=EDGE_LOOP('',(#3164));
#8197=EDGE_LOOP('',(#3165));
#8198=EDGE_LOOP('',(#3166));
#8199=EDGE_LOOP('',(#3167));
#8200=EDGE_LOOP('',(#3168));
#8201=EDGE_LOOP('',(#3169));
#8202=EDGE_LOOP('',(#3170));
#8203=EDGE_LOOP('',(#3171));
#8204=EDGE_LOOP('',(#3172));
#8205=EDGE_LOOP('',(#3173));
#8206=EDGE_LOOP('',(#3174));
#8207=EDGE_LOOP('',(#3175));
#8208=EDGE_LOOP('',(#3176));
#8209=EDGE_LOOP('',(#3177));
#8210=EDGE_LOOP('',(#3178));
#8211=EDGE_LOOP('',(#3179));
#8212=EDGE_LOOP('',(#3180));
#8213=EDGE_LOOP('',(#3181));
#8214=EDGE_LOOP('',(#3182));
#8215=EDGE_LOOP('',(#3183));
#8216=EDGE_LOOP('',(#3184));
#8217=EDGE_LOOP('',(#3185));
#8218=EDGE_LOOP('',(#3186));
#8219=EDGE_LOOP('',(#3187));
#8220=EDGE_LOOP('',(#3188));
#8221=EDGE_LOOP('',(#3189));
#8222=EDGE_LOOP('',(#3190));
#8223=EDGE_LOOP('',(#3191));
#8224=EDGE_LOOP('',(#3192));
#8225=EDGE_LOOP('',(#3193));
#8226=EDGE_LOOP('',(#3194));
#8227=EDGE_LOOP('',(#3195));
#8228=EDGE_LOOP('',(#3196));
#8229=EDGE_LOOP('',(#3197));
#8230=EDGE_LOOP('',(#3198));
#8231=EDGE_LOOP('',(#3199));
#8232=EDGE_LOOP('',(#3200));
#8233=EDGE_LOOP('',(#3201));
#8234=EDGE_LOOP('',(#3202));
#8235=EDGE_LOOP('',(#3203));
#8236=EDGE_LOOP('',(#3204));
#8237=EDGE_LOOP('',(#3205));
#8238=EDGE_LOOP('',(#3206));
#8239=EDGE_LOOP('',(#3207));
#8240=EDGE_LOOP('',(#3208));
#8241=EDGE_LOOP('',(#3209));
#8242=EDGE_LOOP('',(#3210));
#8243=EDGE_LOOP('',(#3211));
#8244=EDGE_LOOP('',(#3212));
#8245=EDGE_LOOP('',(#3213));
#8246=EDGE_LOOP('',(#3214));
#8247=EDGE_LOOP('',(#3215));
#8248=EDGE_LOOP('',(#3216));
#8249=EDGE_LOOP('',(#3217));
#8250=EDGE_LOOP('',(#3218));
#8251=EDGE_LOOP('',(#3219));
#8252=EDGE_LOOP('',(#3220));
#8253=EDGE_LOOP('',(#3221));
#8254=EDGE_LOOP('',(#3222));
#8255=EDGE_LOOP('',(#3223));
#8256=EDGE_LOOP('',(#3224));
#8257=EDGE_LOOP('',(#3225));
#8258=EDGE_LOOP('',(#3226));
#8259=EDGE_LOOP('',(#3227));
#8260=EDGE_LOOP('',(#3228));
#8261=EDGE_LOOP('',(#3229));
#8262=EDGE_LOOP('',(#3230));
#8263=EDGE_LOOP('',(#3231));
#8264=EDGE_LOOP('',(#3232));
#8265=EDGE_LOOP('',(#3233));
#8266=EDGE_LOOP('',(#3234));
#8267=EDGE_LOOP('',(#3235));
#8268=EDGE_LOOP('',(#3236));
#8269=EDGE_LOOP('',(#3237));
#8270=EDGE_LOOP('',(#3238));
#8271=EDGE_LOOP('',(#3239));
#8272=EDGE_LOOP('',(#3240));
#8273=EDGE_LOOP('',(#3241));
#8274=EDGE_LOOP('',(#3242));
#8275=EDGE_LOOP('',(#3243));
#8276=EDGE_LOOP('',(#3244));
#8277=EDGE_LOOP('',(#3245));
#8278=EDGE_LOOP('',(#3246));
#8279=EDGE_LOOP('',(#3247));
#8280=EDGE_LOOP('',(#3248));
#8281=EDGE_LOOP('',(#3249));
#8282=EDGE_LOOP('',(#3250));
#8283=EDGE_LOOP('',(#3251));
#8284=EDGE_LOOP('',(#3252));
#8285=EDGE_LOOP('',(#3253));
#8286=EDGE_LOOP('',(#3254));
#8287=EDGE_LOOP('',(#3255));
#8288=EDGE_LOOP('',(#3256));
#8289=EDGE_LOOP('',(#3257));
#8290=EDGE_LOOP('',(#3258));
#8291=EDGE_LOOP('',(#3259));
#8292=EDGE_LOOP('',(#3260));
#8293=EDGE_LOOP('',(#3261));
#8294=EDGE_LOOP('',(#3262));
#8295=EDGE_LOOP('',(#3263));
#8296=EDGE_LOOP('',(#3264));
#8297=EDGE_LOOP('',(#3265));
#8298=EDGE_LOOP('',(#3266));
#8299=EDGE_LOOP('',(#3267));
#8300=EDGE_LOOP('',(#3268));
#8301=EDGE_LOOP('',(#3269));
#8302=EDGE_LOOP('',(#3270));
#8303=EDGE_LOOP('',(#3271));
#8304=EDGE_LOOP('',(#3272));
#8305=EDGE_LOOP('',(#3273));
#8306=EDGE_LOOP('',(#3274));
#8307=EDGE_LOOP('',(#3275));
#8308=EDGE_LOOP('',(#3276));
#8309=EDGE_LOOP('',(#3277));
#8310=EDGE_LOOP('',(#3278));
#8311=EDGE_LOOP('',(#3279));
#8312=EDGE_LOOP('',(#3280));
#8313=EDGE_LOOP('',(#3281));
#8314=EDGE_LOOP('',(#3282));
#8315=EDGE_LOOP('',(#3283));
#8316=EDGE_LOOP('',(#3284));
#8317=EDGE_LOOP('',(#3285));
#8318=EDGE_LOOP('',(#3286));
#8319=EDGE_LOOP('',(#3287));
#8320=EDGE_LOOP('',(#3288));
#8321=EDGE_LOOP('',(#3289));
#8322=EDGE_LOOP('',(#3290));
#8323=EDGE_LOOP('',(#3291));
#8324=EDGE_LOOP('',(#3292));
#8325=EDGE_LOOP('',(#3293));
#8326=EDGE_LOOP('',(#3294));
#8327=EDGE_LOOP('',(#3295));
#8328=EDGE_LOOP('',(#3296));
#8329=EDGE_LOOP('',(#3297));
#8330=EDGE_LOOP('',(#3298));
#8331=EDGE_LOOP('',(#3299));
#8332=EDGE_LOOP('',(#3300));
#8333=EDGE_LOOP('',(#3301));
#8334=EDGE_LOOP('',(#3302));
#8335=EDGE_LOOP('',(#3303));
#8336=EDGE_LOOP('',(#3304));
#8337=EDGE_LOOP('',(#3305));
#8338=EDGE_LOOP('',(#3306));
#8339=EDGE_LOOP('',(#3307));
#8340=EDGE_LOOP('',(#3308));
#8341=EDGE_LOOP('',(#3309));
#8342=EDGE_LOOP('',(#3310));
#8343=EDGE_LOOP('',(#3311));
#8344=EDGE_LOOP('',(#3312));
#8345=EDGE_LOOP('',(#3313));
#8346=EDGE_LOOP('',(#3314));
#8347=EDGE_LOOP('',(#3315));
#8348=EDGE_LOOP('',(#3316));
#8349=EDGE_LOOP('',(#3317));
#8350=EDGE_LOOP('',(#3318));
#8351=EDGE_LOOP('',(#3319));
#8352=EDGE_LOOP('',(#3320));
#8353=EDGE_LOOP('',(#3321));
#8354=EDGE_LOOP('',(#3322));
#8355=EDGE_LOOP('',(#3323));
#8356=EDGE_LOOP('',(#3324));
#8357=EDGE_LOOP('',(#3325));
#8358=EDGE_LOOP('',(#3326));
#8359=EDGE_LOOP('',(#3327));
#8360=EDGE_LOOP('',(#3328));
#8361=EDGE_LOOP('',(#3329));
#8362=EDGE_LOOP('',(#3330));
#8363=EDGE_LOOP('',(#3331));
#8364=EDGE_LOOP('',(#3332));
#8365=EDGE_LOOP('',(#3333));
#8366=EDGE_LOOP('',(#3334));
#8367=EDGE_LOOP('',(#3335));
#8368=EDGE_LOOP('',(#3336));
#8369=EDGE_LOOP('',(#3337));
#8370=EDGE_LOOP('',(#3338));
#8371=EDGE_LOOP('',(#3339));
#8372=EDGE_LOOP('',(#3340));
#8373=EDGE_LOOP('',(#3341));
#8374=EDGE_LOOP('',(#3342));
#8375=EDGE_LOOP('',(#3343));
#8376=EDGE_LOOP('',(#3344));
#8377=EDGE_LOOP('',(#3345));
#8378=EDGE_LOOP('',(#3346));
#8379=EDGE_LOOP('',(#3347));
#8380=EDGE_LOOP('',(#3348));
#8381=EDGE_LOOP('',(#3349));
#8382=EDGE_LOOP('',(#3350));
#8383=EDGE_LOOP('',(#3351));
#8384=EDGE_LOOP('',(#3352));
#8385=EDGE_LOOP('',(#3353));
#8386=EDGE_LOOP('',(#3354));
#8387=EDGE_LOOP('',(#3355));
#8388=EDGE_LOOP('',(#3356));
#8389=EDGE_LOOP('',(#3357));
#8390=EDGE_LOOP('',(#3358));
#8391=EDGE_LOOP('',(#3359));
#8392=EDGE_LOOP('',(#3360));
#8393=EDGE_LOOP('',(#3361));
#8394=EDGE_LOOP('',(#3362));
#8395=EDGE_LOOP('',(#3363));
#8396=EDGE_LOOP('',(#3364));
#8397=EDGE_LOOP('',(#3365));
#8398=EDGE_LOOP('',(#3366));
#8399=EDGE_LOOP('',(#3367));
#8400=EDGE_LOOP('',(#3368));
#8401=EDGE_LOOP('',(#3369));
#8402=EDGE_LOOP('',(#3370));
#8403=EDGE_LOOP('',(#3371));
#8404=EDGE_LOOP('',(#3372));
#8405=EDGE_LOOP('',(#3373));
#8406=EDGE_LOOP('',(#3374));
#8407=EDGE_LOOP('',(#3375));
#8408=EDGE_LOOP('',(#3376));
#8409=EDGE_LOOP('',(#3377));
#8410=EDGE_LOOP('',(#3378));
#8411=EDGE_LOOP('',(#3379));
#8412=EDGE_LOOP('',(#3380));
#8413=EDGE_LOOP('',(#3381));
#8414=EDGE_LOOP('',(#3382));
#8415=EDGE_LOOP('',(#3383));
#8416=EDGE_LOOP('',(#3384));
#8417=EDGE_LOOP('',(#3385));
#8418=EDGE_LOOP('',(#3386));
#8419=EDGE_LOOP('',(#3387));
#8420=EDGE_LOOP('',(#3388));
#8421=EDGE_LOOP('',(#3389));
#8422=EDGE_LOOP('',(#3390));
#8423=EDGE_LOOP('',(#3391));
#8424=EDGE_LOOP('',(#3392));
#8425=EDGE_LOOP('',(#3393));
#8426=EDGE_LOOP('',(#3394));
#8427=EDGE_LOOP('',(#3395));
#8428=EDGE_LOOP('',(#3396));
#8429=EDGE_LOOP('',(#3397));
#8430=EDGE_LOOP('',(#3398));
#8431=EDGE_LOOP('',(#3399));
#8432=EDGE_LOOP('',(#3400));
#8433=EDGE_LOOP('',(#3401));
#8434=EDGE_LOOP('',(#3402));
#8435=EDGE_LOOP('',(#3403));
#8436=EDGE_LOOP('',(#3404));
#8437=EDGE_LOOP('',(#3405));
#8438=EDGE_LOOP('',(#3406));
#8439=EDGE_LOOP('',(#3407));
#8440=EDGE_LOOP('',(#3408));
#8441=EDGE_LOOP('',(#3409));
#8442=EDGE_LOOP('',(#3410));
#8443=EDGE_LOOP('',(#3411));
#8444=EDGE_LOOP('',(#3412));
#8445=EDGE_LOOP('',(#3413));
#8446=EDGE_LOOP('',(#3414));
#8447=EDGE_LOOP('',(#3415));
#8448=EDGE_LOOP('',(#3416));
#8449=EDGE_LOOP('',(#3417));
#8450=EDGE_LOOP('',(#3418));
#8451=EDGE_LOOP('',(#3419));
#8452=EDGE_LOOP('',(#3420));
#8453=EDGE_LOOP('',(#3421));
#8454=EDGE_LOOP('',(#3422));
#8455=EDGE_LOOP('',(#3423));
#8456=EDGE_LOOP('',(#3424));
#8457=EDGE_LOOP('',(#3425));
#8458=EDGE_LOOP('',(#3426));
#8459=EDGE_LOOP('',(#3427));
#8460=EDGE_LOOP('',(#3428));
#8461=EDGE_LOOP('',(#3429));
#8462=EDGE_LOOP('',(#3430));
#8463=EDGE_LOOP('',(#3431));
#8464=EDGE_LOOP('',(#3432));
#8465=EDGE_LOOP('',(#3433));
#8466=EDGE_LOOP('',(#3434));
#8467=EDGE_LOOP('',(#3435));
#8468=EDGE_LOOP('',(#3436));
#8469=EDGE_LOOP('',(#3437));
#8470=EDGE_LOOP('',(#3438));
#8471=EDGE_LOOP('',(#3439));
#8472=EDGE_LOOP('',(#3440));
#8473=EDGE_LOOP('',(#3441));
#8474=EDGE_LOOP('',(#3442));
#8475=EDGE_LOOP('',(#3443));
#8476=EDGE_LOOP('',(#3444));
#8477=EDGE_LOOP('',(#3445));
#8478=EDGE_LOOP('',(#3446));
#8479=EDGE_LOOP('',(#3447));
#8480=EDGE_LOOP('',(#3448));
#8481=EDGE_LOOP('',(#3449));
#8482=EDGE_LOOP('',(#3450));
#8483=EDGE_LOOP('',(#3451));
#8484=EDGE_LOOP('',(#3452));
#8485=EDGE_LOOP('',(#3453));
#8486=EDGE_LOOP('',(#3454));
#8487=EDGE_LOOP('',(#3455));
#8488=EDGE_LOOP('',(#3456));
#8489=EDGE_LOOP('',(#3457));
#8490=EDGE_LOOP('',(#3458));
#8491=EDGE_LOOP('',(#3459));
#8492=EDGE_LOOP('',(#3460));
#8493=EDGE_LOOP('',(#3461));
#8494=EDGE_LOOP('',(#3462));
#8495=EDGE_LOOP('',(#3463));
#8496=EDGE_LOOP('',(#3464));
#8497=EDGE_LOOP('',(#3465));
#8498=EDGE_LOOP('',(#3466));
#8499=EDGE_LOOP('',(#3467));
#8500=EDGE_LOOP('',(#3468));
#8501=EDGE_LOOP('',(#3469));
#8502=EDGE_LOOP('',(#3470));
#8503=EDGE_LOOP('',(#3471));
#8504=EDGE_LOOP('',(#3472));
#8505=EDGE_LOOP('',(#3473));
#8506=EDGE_LOOP('',(#3474));
#8507=EDGE_LOOP('',(#3475));
#8508=EDGE_LOOP('',(#3476));
#8509=EDGE_LOOP('',(#3477));
#8510=EDGE_LOOP('',(#3478));
#8511=EDGE_LOOP('',(#3479));
#8512=EDGE_LOOP('',(#3480));
#8513=EDGE_LOOP('',(#3481));
#8514=EDGE_LOOP('',(#3482));
#8515=EDGE_LOOP('',(#3483));
#8516=EDGE_LOOP('',(#3484));
#8517=EDGE_LOOP('',(#3485));
#8518=EDGE_LOOP('',(#3486));
#8519=EDGE_LOOP('',(#3487));
#8520=EDGE_LOOP('',(#3488));
#8521=EDGE_LOOP('',(#3489));
#8522=EDGE_LOOP('',(#3490));
#8523=EDGE_LOOP('',(#3491));
#8524=EDGE_LOOP('',(#3492));
#8525=EDGE_LOOP('',(#3493));
#8526=EDGE_LOOP('',(#3494));
#8527=EDGE_LOOP('',(#3495));
#8528=EDGE_LOOP('',(#3496));
#8529=EDGE_LOOP('',(#3497));
#8530=EDGE_LOOP('',(#3498));
#8531=EDGE_LOOP('',(#3499));
#8532=EDGE_LOOP('',(#3500));
#8533=EDGE_LOOP('',(#3501));
#8534=EDGE_LOOP('',(#3502));
#8535=EDGE_LOOP('',(#3503));
#8536=EDGE_LOOP('',(#3504));
#8537=EDGE_LOOP('',(#3505));
#8538=EDGE_LOOP('',(#3506));
#8539=EDGE_LOOP('',(#3507));
#8540=EDGE_LOOP('',(#3508));
#8541=EDGE_LOOP('',(#3509));
#8542=EDGE_LOOP('',(#3510));
#8543=EDGE_LOOP('',(#3511));
#8544=EDGE_LOOP('',(#3512));
#8545=EDGE_LOOP('',(#3513));
#8546=EDGE_LOOP('',(#3514));
#8547=EDGE_LOOP('',(#3515));
#8548=EDGE_LOOP('',(#3516));
#8549=EDGE_LOOP('',(#3517));
#8550=EDGE_LOOP('',(#3518));
#8551=EDGE_LOOP('',(#3519));
#8552=EDGE_LOOP('',(#3520));
#8553=EDGE_LOOP('',(#3521));
#8554=FACE_BOUND('',#7416,.T.);
#8555=FACE_BOUND('',#7417,.T.);
#8556=FACE_BOUND('',#7418,.T.);
#8557=FACE_BOUND('',#7419,.T.);
#8558=FACE_BOUND('',#7420,.T.);
#8559=FACE_BOUND('',#7421,.T.);
#8560=FACE_BOUND('',#7422,.T.);
#8561=FACE_BOUND('',#7423,.T.);
#8562=FACE_BOUND('',#7424,.T.);
#8563=FACE_BOUND('',#7425,.T.);
#8564=FACE_BOUND('',#7426,.T.);
#8565=FACE_BOUND('',#7427,.T.);
#8566=FACE_BOUND('',#7428,.T.);
#8567=FACE_BOUND('',#7429,.T.);
#8568=FACE_BOUND('',#7430,.T.);
#8569=FACE_BOUND('',#7431,.T.);
#8570=FACE_BOUND('',#7432,.T.);
#8571=FACE_BOUND('',#7433,.T.);
#8572=FACE_BOUND('',#7434,.T.);
#8573=FACE_BOUND('',#7435,.T.);
#8574=FACE_BOUND('',#7436,.T.);
#8575=FACE_BOUND('',#7437,.T.);
#8576=FACE_BOUND('',#7438,.T.);
#8577=FACE_BOUND('',#7439,.T.);
#8578=FACE_BOUND('',#7440,.T.);
#8579=FACE_BOUND('',#7441,.T.);
#8580=FACE_BOUND('',#7442,.T.);
#8581=FACE_BOUND('',#7443,.T.);
#8582=FACE_BOUND('',#7444,.T.);
#8583=FACE_BOUND('',#7445,.T.);
#8584=FACE_BOUND('',#7446,.T.);
#8585=FACE_BOUND('',#7447,.T.);
#8586=FACE_BOUND('',#7448,.T.);
#8587=FACE_BOUND('',#7449,.T.);
#8588=FACE_BOUND('',#7450,.T.);
#8589=FACE_BOUND('',#7451,.T.);
#8590=FACE_BOUND('',#7452,.T.);
#8591=FACE_BOUND('',#7453,.T.);
#8592=FACE_BOUND('',#7454,.T.);
#8593=FACE_BOUND('',#7455,.T.);
#8594=FACE_BOUND('',#7456,.T.);
#8595=FACE_BOUND('',#7457,.T.);
#8596=FACE_BOUND('',#7458,.T.);
#8597=FACE_BOUND('',#7459,.T.);
#8598=FACE_BOUND('',#7460,.T.);
#8599=FACE_BOUND('',#7461,.T.);
#8600=FACE_BOUND('',#7462,.T.);
#8601=FACE_BOUND('',#7463,.T.);
#8602=FACE_BOUND('',#7464,.T.);
#8603=FACE_BOUND('',#7465,.T.);
#8604=FACE_BOUND('',#7466,.T.);
#8605=FACE_BOUND('',#7467,.T.);
#8606=FACE_BOUND('',#7468,.T.);
#8607=FACE_BOUND('',#7469,.T.);
#8608=FACE_BOUND('',#7470,.T.);
#8609=FACE_BOUND('',#7471,.T.);
#8610=FACE_BOUND('',#7472,.T.);
#8611=FACE_BOUND('',#7473,.T.);
#8612=FACE_BOUND('',#7474,.T.);
#8613=FACE_BOUND('',#7475,.T.);
#8614=FACE_BOUND('',#7476,.T.);
#8615=FACE_BOUND('',#7477,.T.);
#8616=FACE_BOUND('',#7478,.T.);
#8617=FACE_BOUND('',#7479,.T.);
#8618=FACE_BOUND('',#7480,.T.);
#8619=FACE_BOUND('',#7481,.T.);
#8620=FACE_BOUND('',#7482,.T.);
#8621=FACE_BOUND('',#7483,.T.);
#8622=FACE_BOUND('',#7484,.T.);
#8623=FACE_BOUND('',#7485,.T.);
#8624=FACE_BOUND('',#7486,.T.);
#8625=FACE_BOUND('',#7487,.T.);
#8626=FACE_BOUND('',#7488,.T.);
#8627=FACE_BOUND('',#7489,.T.);
#8628=FACE_BOUND('',#7490,.T.);
#8629=FACE_BOUND('',#7491,.T.);
#8630=FACE_BOUND('',#7492,.T.);
#8631=FACE_BOUND('',#7493,.T.);
#8632=FACE_BOUND('',#7494,.T.);
#8633=FACE_BOUND('',#7495,.T.);
#8634=FACE_BOUND('',#7496,.T.);
#8635=FACE_BOUND('',#7497,.T.);
#8636=FACE_BOUND('',#7498,.T.);
#8637=FACE_BOUND('',#7499,.T.);
#8638=FACE_BOUND('',#7500,.T.);
#8639=FACE_BOUND('',#7501,.T.);
#8640=FACE_BOUND('',#7502,.T.);
#8641=FACE_BOUND('',#7503,.T.);
#8642=FACE_BOUND('',#7504,.T.);
#8643=FACE_BOUND('',#7505,.T.);
#8644=FACE_BOUND('',#7506,.T.);
#8645=FACE_BOUND('',#7507,.T.);
#8646=FACE_BOUND('',#7508,.T.);
#8647=FACE_BOUND('',#7509,.T.);
#8648=FACE_BOUND('',#7510,.T.);
#8649=FACE_BOUND('',#7511,.T.);
#8650=FACE_BOUND('',#7512,.T.);
#8651=FACE_BOUND('',#7513,.T.);
#8652=FACE_BOUND('',#7514,.T.);
#8653=FACE_BOUND('',#7515,.T.);
#8654=FACE_BOUND('',#7516,.T.);
#8655=FACE_BOUND('',#7517,.T.);
#8656=FACE_BOUND('',#7518,.T.);
#8657=FACE_BOUND('',#7519,.T.);
#8658=FACE_BOUND('',#7520,.T.);
#8659=FACE_BOUND('',#7521,.T.);
#8660=FACE_BOUND('',#7522,.T.);
#8661=FACE_BOUND('',#7523,.T.);
#8662=FACE_BOUND('',#7524,.T.);
#8663=FACE_BOUND('',#7525,.T.);
#8664=FACE_BOUND('',#7526,.T.);
#8665=FACE_BOUND('',#7527,.T.);
#8666=FACE_BOUND('',#7528,.T.);
#8667=FACE_BOUND('',#7529,.T.);
#8668=FACE_BOUND('',#7530,.T.);
#8669=FACE_BOUND('',#7531,.T.);
#8670=FACE_BOUND('',#7532,.T.);
#8671=FACE_BOUND('',#7533,.T.);
#8672=FACE_BOUND('',#7534,.T.);
#8673=FACE_BOUND('',#7535,.T.);
#8674=FACE_BOUND('',#7536,.T.);
#8675=FACE_BOUND('',#7537,.T.);
#8676=FACE_BOUND('',#7538,.T.);
#8677=FACE_BOUND('',#7539,.T.);
#8678=FACE_BOUND('',#7540,.T.);
#8679=FACE_BOUND('',#7541,.T.);
#8680=FACE_BOUND('',#7542,.T.);
#8681=FACE_BOUND('',#7543,.T.);
#8682=FACE_BOUND('',#7544,.T.);
#8683=FACE_BOUND('',#7545,.T.);
#8684=FACE_BOUND('',#7546,.T.);
#8685=FACE_BOUND('',#7547,.T.);
#8686=FACE_BOUND('',#7548,.T.);
#8687=FACE_BOUND('',#7549,.T.);
#8688=FACE_BOUND('',#7550,.T.);
#8689=FACE_BOUND('',#7551,.T.);
#8690=FACE_BOUND('',#7552,.T.);
#8691=FACE_BOUND('',#7553,.T.);
#8692=FACE_BOUND('',#7554,.T.);
#8693=FACE_BOUND('',#7555,.T.);
#8694=FACE_BOUND('',#7556,.T.);
#8695=FACE_BOUND('',#7557,.T.);
#8696=FACE_BOUND('',#7558,.T.);
#8697=FACE_BOUND('',#7559,.T.);
#8698=FACE_BOUND('',#7560,.T.);
#8699=FACE_BOUND('',#7561,.T.);
#8700=FACE_BOUND('',#7562,.T.);
#8701=FACE_BOUND('',#7563,.T.);
#8702=FACE_BOUND('',#7564,.T.);
#8703=FACE_BOUND('',#7565,.T.);
#8704=FACE_BOUND('',#7566,.T.);
#8705=FACE_BOUND('',#7567,.T.);
#8706=FACE_BOUND('',#7568,.T.);
#8707=FACE_BOUND('',#7569,.T.);
#8708=FACE_BOUND('',#7570,.T.);
#8709=FACE_BOUND('',#7571,.T.);
#8710=FACE_BOUND('',#7572,.T.);
#8711=FACE_BOUND('',#7573,.T.);
#8712=FACE_BOUND('',#7574,.T.);
#8713=FACE_BOUND('',#7575,.T.);
#8714=FACE_BOUND('',#7576,.T.);
#8715=FACE_BOUND('',#7577,.T.);
#8716=FACE_BOUND('',#7578,.T.);
#8717=FACE_BOUND('',#7579,.T.);
#8718=FACE_BOUND('',#7580,.T.);
#8719=FACE_BOUND('',#7581,.T.);
#8720=FACE_BOUND('',#7582,.T.);
#8721=FACE_BOUND('',#7583,.T.);
#8722=FACE_BOUND('',#7584,.T.);
#8723=FACE_BOUND('',#7585,.T.);
#8724=FACE_BOUND('',#7586,.T.);
#8725=FACE_BOUND('',#7587,.T.);
#8726=FACE_BOUND('',#7588,.T.);
#8727=FACE_BOUND('',#7589,.T.);
#8728=FACE_BOUND('',#7590,.T.);
#8729=FACE_BOUND('',#7591,.T.);
#8730=FACE_BOUND('',#7592,.T.);
#8731=FACE_BOUND('',#7593,.T.);
#8732=FACE_BOUND('',#7594,.T.);
#8733=FACE_BOUND('',#7595,.T.);
#8734=FACE_BOUND('',#7596,.T.);
#8735=FACE_BOUND('',#7597,.T.);
#8736=FACE_BOUND('',#7598,.T.);
#8737=FACE_BOUND('',#7599,.T.);
#8738=FACE_BOUND('',#7600,.T.);
#8739=FACE_BOUND('',#7601,.T.);
#8740=FACE_BOUND('',#7602,.T.);
#8741=FACE_BOUND('',#7603,.T.);
#8742=FACE_BOUND('',#7604,.T.);
#8743=FACE_BOUND('',#7605,.T.);
#8744=FACE_BOUND('',#7606,.T.);
#8745=FACE_BOUND('',#7607,.T.);
#8746=FACE_BOUND('',#7608,.T.);
#8747=FACE_BOUND('',#7609,.T.);
#8748=FACE_BOUND('',#7610,.T.);
#8749=FACE_BOUND('',#7611,.T.);
#8750=FACE_BOUND('',#7612,.T.);
#8751=FACE_BOUND('',#7613,.T.);
#8752=FACE_BOUND('',#7614,.T.);
#8753=FACE_BOUND('',#7615,.T.);
#8754=FACE_BOUND('',#7616,.T.);
#8755=FACE_BOUND('',#7617,.T.);
#8756=FACE_BOUND('',#7618,.T.);
#8757=FACE_BOUND('',#7619,.T.);
#8758=FACE_BOUND('',#7620,.T.);
#8759=FACE_BOUND('',#7621,.T.);
#8760=FACE_BOUND('',#7622,.T.);
#8761=FACE_BOUND('',#7623,.T.);
#8762=FACE_BOUND('',#7624,.T.);
#8763=FACE_BOUND('',#7625,.T.);
#8764=FACE_BOUND('',#7626,.T.);
#8765=FACE_BOUND('',#7627,.T.);
#8766=FACE_BOUND('',#7628,.T.);
#8767=FACE_BOUND('',#7629,.T.);
#8768=FACE_BOUND('',#7630,.T.);
#8769=FACE_BOUND('',#7631,.T.);
#8770=FACE_BOUND('',#7632,.T.);
#8771=FACE_BOUND('',#7633,.T.);
#8772=FACE_BOUND('',#7634,.T.);
#8773=FACE_BOUND('',#7635,.T.);
#8774=FACE_BOUND('',#7636,.T.);
#8775=FACE_BOUND('',#7637,.T.);
#8776=FACE_BOUND('',#7638,.T.);
#8777=FACE_BOUND('',#7639,.T.);
#8778=FACE_BOUND('',#7640,.T.);
#8779=FACE_BOUND('',#7641,.T.);
#8780=FACE_BOUND('',#7642,.T.);
#8781=FACE_BOUND('',#7643,.T.);
#8782=FACE_BOUND('',#7644,.T.);
#8783=FACE_BOUND('',#7645,.T.);
#8784=FACE_BOUND('',#7646,.T.);
#8785=FACE_BOUND('',#7647,.T.);
#8786=FACE_BOUND('',#7648,.T.);
#8787=FACE_BOUND('',#7649,.T.);
#8788=FACE_BOUND('',#7650,.T.);
#8789=FACE_BOUND('',#7651,.T.);
#8790=FACE_BOUND('',#7652,.T.);
#8791=FACE_BOUND('',#7653,.T.);
#8792=FACE_BOUND('',#7654,.T.);
#8793=FACE_BOUND('',#7655,.T.);
#8794=FACE_BOUND('',#7656,.T.);
#8795=FACE_BOUND('',#7657,.T.);
#8796=FACE_BOUND('',#7658,.T.);
#8797=FACE_BOUND('',#7659,.T.);
#8798=FACE_BOUND('',#7660,.T.);
#8799=FACE_BOUND('',#7661,.T.);
#8800=FACE_BOUND('',#7662,.T.);
#8801=FACE_BOUND('',#7663,.T.);
#8802=FACE_BOUND('',#7664,.T.);
#8803=FACE_BOUND('',#7665,.T.);
#8804=FACE_BOUND('',#7666,.T.);
#8805=FACE_BOUND('',#7667,.T.);
#8806=FACE_BOUND('',#7668,.T.);
#8807=FACE_BOUND('',#7669,.T.);
#8808=FACE_BOUND('',#7670,.T.);
#8809=FACE_BOUND('',#7671,.T.);
#8810=FACE_BOUND('',#7672,.T.);
#8811=FACE_BOUND('',#7673,.T.);
#8812=FACE_BOUND('',#7674,.T.);
#8813=FACE_BOUND('',#7675,.T.);
#8814=FACE_BOUND('',#7676,.T.);
#8815=FACE_BOUND('',#7677,.T.);
#8816=FACE_BOUND('',#7678,.T.);
#8817=FACE_BOUND('',#7679,.T.);
#8818=FACE_BOUND('',#7680,.T.);
#8819=FACE_BOUND('',#7681,.T.);
#8820=FACE_BOUND('',#7682,.T.);
#8821=FACE_BOUND('',#7683,.T.);
#8822=FACE_BOUND('',#7684,.T.);
#8823=FACE_BOUND('',#7685,.T.);
#8824=FACE_BOUND('',#7686,.T.);
#8825=FACE_BOUND('',#7687,.T.);
#8826=FACE_BOUND('',#7688,.T.);
#8827=FACE_BOUND('',#7689,.T.);
#8828=FACE_BOUND('',#7690,.T.);
#8829=FACE_BOUND('',#7691,.T.);
#8830=FACE_BOUND('',#7692,.T.);
#8831=FACE_BOUND('',#7693,.T.);
#8832=FACE_BOUND('',#7694,.T.);
#8833=FACE_BOUND('',#7695,.T.);
#8834=FACE_BOUND('',#7696,.T.);
#8835=FACE_BOUND('',#7697,.T.);
#8836=FACE_BOUND('',#7698,.T.);
#8837=FACE_BOUND('',#7699,.T.);
#8838=FACE_BOUND('',#7700,.T.);
#8839=FACE_BOUND('',#7701,.T.);
#8840=FACE_BOUND('',#7702,.T.);
#8841=FACE_BOUND('',#7703,.T.);
#8842=FACE_BOUND('',#7704,.T.);
#8843=FACE_BOUND('',#7705,.T.);
#8844=FACE_BOUND('',#7706,.T.);
#8845=FACE_BOUND('',#7707,.T.);
#8846=FACE_BOUND('',#7708,.T.);
#8847=FACE_BOUND('',#7709,.T.);
#8848=FACE_BOUND('',#7710,.T.);
#8849=FACE_BOUND('',#7711,.T.);
#8850=FACE_BOUND('',#7712,.T.);
#8851=FACE_BOUND('',#7713,.T.);
#8852=FACE_BOUND('',#7714,.T.);
#8853=FACE_BOUND('',#7715,.T.);
#8854=FACE_BOUND('',#7716,.T.);
#8855=FACE_BOUND('',#7717,.T.);
#8856=FACE_BOUND('',#7718,.T.);
#8857=FACE_BOUND('',#7719,.T.);
#8858=FACE_BOUND('',#7720,.T.);
#8859=FACE_BOUND('',#7721,.T.);
#8860=FACE_BOUND('',#7722,.T.);
#8861=FACE_BOUND('',#7723,.T.);
#8862=FACE_BOUND('',#7724,.T.);
#8863=FACE_BOUND('',#7725,.T.);
#8864=FACE_BOUND('',#7726,.T.);
#8865=FACE_BOUND('',#7727,.T.);
#8866=FACE_BOUND('',#7728,.T.);
#8867=FACE_BOUND('',#7729,.T.);
#8868=FACE_BOUND('',#7730,.T.);
#8869=FACE_BOUND('',#7731,.T.);
#8870=FACE_BOUND('',#7732,.T.);
#8871=FACE_BOUND('',#7733,.T.);
#8872=FACE_BOUND('',#7734,.T.);
#8873=FACE_BOUND('',#7735,.T.);
#8874=FACE_BOUND('',#7736,.T.);
#8875=FACE_BOUND('',#7737,.T.);
#8876=FACE_BOUND('',#7738,.T.);
#8877=FACE_BOUND('',#7739,.T.);
#8878=FACE_BOUND('',#7740,.T.);
#8879=FACE_BOUND('',#7741,.T.);
#8880=FACE_BOUND('',#7742,.T.);
#8881=FACE_BOUND('',#7743,.T.);
#8882=FACE_BOUND('',#7744,.T.);
#8883=FACE_BOUND('',#7745,.T.);
#8884=FACE_BOUND('',#7746,.T.);
#8885=FACE_BOUND('',#7747,.T.);
#8886=FACE_BOUND('',#7748,.T.);
#8887=FACE_BOUND('',#7749,.T.);
#8888=FACE_BOUND('',#7750,.T.);
#8889=FACE_BOUND('',#7751,.T.);
#8890=FACE_BOUND('',#7752,.T.);
#8891=FACE_BOUND('',#7753,.T.);
#8892=FACE_BOUND('',#7754,.T.);
#8893=FACE_BOUND('',#7755,.T.);
#8894=FACE_BOUND('',#7756,.T.);
#8895=FACE_BOUND('',#7757,.T.);
#8896=FACE_BOUND('',#7758,.T.);
#8897=FACE_BOUND('',#7759,.T.);
#8898=FACE_BOUND('',#7760,.T.);
#8899=FACE_BOUND('',#7761,.T.);
#8900=FACE_BOUND('',#7762,.T.);
#8901=FACE_BOUND('',#7763,.T.);
#8902=FACE_BOUND('',#7764,.T.);
#8903=FACE_BOUND('',#7765,.T.);
#8904=FACE_BOUND('',#7766,.T.);
#8905=FACE_BOUND('',#7767,.T.);
#8906=FACE_BOUND('',#7768,.T.);
#8907=FACE_BOUND('',#7769,.T.);
#8908=FACE_BOUND('',#7770,.T.);
#8909=FACE_BOUND('',#7771,.T.);
#8910=FACE_BOUND('',#7772,.T.);
#8911=FACE_BOUND('',#7773,.T.);
#8912=FACE_BOUND('',#7774,.T.);
#8913=FACE_BOUND('',#7775,.T.);
#8914=FACE_BOUND('',#7776,.T.);
#8915=FACE_BOUND('',#7777,.T.);
#8916=FACE_BOUND('',#7778,.T.);
#8917=FACE_BOUND('',#7779,.T.);
#8918=FACE_BOUND('',#7780,.T.);
#8919=FACE_BOUND('',#7781,.T.);
#8920=FACE_BOUND('',#7782,.T.);
#8921=FACE_BOUND('',#7783,.T.);
#8922=FACE_BOUND('',#7784,.T.);
#8923=FACE_BOUND('',#7785,.T.);
#8924=FACE_BOUND('',#7786,.T.);
#8925=FACE_BOUND('',#7787,.T.);
#8926=FACE_BOUND('',#7788,.T.);
#8927=FACE_BOUND('',#7789,.T.);
#8928=FACE_BOUND('',#7790,.T.);
#8929=FACE_BOUND('',#7791,.T.);
#8930=FACE_BOUND('',#7792,.T.);
#8931=FACE_BOUND('',#7793,.T.);
#8932=FACE_BOUND('',#7794,.T.);
#8933=FACE_BOUND('',#7795,.T.);
#8934=FACE_BOUND('',#7796,.T.);
#8935=FACE_BOUND('',#7797,.T.);
#8936=FACE_BOUND('',#7798,.T.);
#8937=FACE_BOUND('',#7799,.T.);
#8938=FACE_BOUND('',#7800,.T.);
#8939=FACE_BOUND('',#7801,.T.);
#8940=FACE_BOUND('',#7802,.T.);
#8941=FACE_BOUND('',#7803,.T.);
#8942=FACE_BOUND('',#7804,.T.);
#8943=FACE_BOUND('',#7805,.T.);
#8944=FACE_BOUND('',#7806,.T.);
#8945=FACE_BOUND('',#7807,.T.);
#8946=FACE_BOUND('',#7808,.T.);
#8947=FACE_BOUND('',#7809,.T.);
#8948=FACE_BOUND('',#7810,.T.);
#8949=FACE_BOUND('',#7811,.T.);
#8950=FACE_BOUND('',#7812,.T.);
#8951=FACE_BOUND('',#7813,.T.);
#8952=FACE_BOUND('',#7814,.T.);
#8953=FACE_BOUND('',#7815,.T.);
#8954=FACE_BOUND('',#7816,.T.);
#8955=FACE_BOUND('',#7817,.T.);
#8956=FACE_BOUND('',#7818,.T.);
#8957=FACE_BOUND('',#7819,.T.);
#8958=FACE_BOUND('',#7820,.T.);
#8959=FACE_BOUND('',#7821,.T.);
#8960=FACE_BOUND('',#7822,.T.);
#8961=FACE_BOUND('',#7823,.T.);
#8962=FACE_BOUND('',#7824,.T.);
#8963=FACE_BOUND('',#7825,.T.);
#8964=FACE_BOUND('',#7826,.T.);
#8965=FACE_BOUND('',#7827,.T.);
#8966=FACE_BOUND('',#7828,.T.);
#8967=FACE_BOUND('',#7829,.T.);
#8968=FACE_BOUND('',#7830,.T.);
#8969=FACE_BOUND('',#7831,.T.);
#8970=FACE_BOUND('',#7832,.T.);
#8971=FACE_BOUND('',#7833,.T.);
#8972=FACE_BOUND('',#7834,.T.);
#8973=FACE_BOUND('',#7835,.T.);
#8974=FACE_BOUND('',#7836,.T.);
#8975=FACE_BOUND('',#7837,.T.);
#8976=FACE_BOUND('',#7838,.T.);
#8977=FACE_BOUND('',#7839,.T.);
#8978=FACE_BOUND('',#7840,.T.);
#8979=FACE_BOUND('',#7841,.T.);
#8980=FACE_BOUND('',#7842,.T.);
#8981=FACE_BOUND('',#7843,.T.);
#8982=FACE_BOUND('',#7844,.T.);
#8983=FACE_BOUND('',#7845,.T.);
#8984=FACE_BOUND('',#7846,.T.);
#8985=FACE_BOUND('',#7847,.T.);
#8986=FACE_BOUND('',#7848,.T.);
#8987=FACE_BOUND('',#7849,.T.);
#8988=FACE_BOUND('',#7850,.T.);
#8989=FACE_BOUND('',#7851,.T.);
#8990=FACE_BOUND('',#7852,.T.);
#8991=FACE_BOUND('',#7853,.T.);
#8992=FACE_BOUND('',#7854,.T.);
#8993=FACE_BOUND('',#7855,.T.);
#8994=FACE_BOUND('',#7856,.T.);
#8995=FACE_BOUND('',#7857,.T.);
#8996=FACE_BOUND('',#7858,.T.);
#8997=FACE_BOUND('',#7859,.T.);
#8998=FACE_BOUND('',#7860,.T.);
#8999=FACE_BOUND('',#7861,.T.);
#9000=FACE_BOUND('',#7862,.T.);
#9001=FACE_BOUND('',#7863,.T.);
#9002=FACE_BOUND('',#7864,.T.);
#9003=FACE_BOUND('',#7865,.T.);
#9004=FACE_BOUND('',#7866,.T.);
#9005=FACE_BOUND('',#7867,.T.);
#9006=FACE_BOUND('',#7868,.T.);
#9007=FACE_BOUND('',#7869,.T.);
#9008=FACE_BOUND('',#7870,.T.);
#9009=FACE_BOUND('',#7871,.T.);
#9010=FACE_BOUND('',#7872,.T.);
#9011=FACE_BOUND('',#7873,.T.);
#9012=FACE_BOUND('',#7874,.T.);
#9013=FACE_BOUND('',#7875,.T.);
#9014=FACE_BOUND('',#7876,.T.);
#9015=FACE_BOUND('',#7877,.T.);
#9016=FACE_BOUND('',#7878,.T.);
#9017=FACE_BOUND('',#7879,.T.);
#9018=FACE_BOUND('',#7880,.T.);
#9019=FACE_BOUND('',#7881,.T.);
#9020=FACE_BOUND('',#7882,.T.);
#9021=FACE_BOUND('',#7883,.T.);
#9022=FACE_BOUND('',#7884,.T.);
#9023=FACE_BOUND('',#7885,.T.);
#9024=FACE_BOUND('',#7886,.T.);
#9025=FACE_BOUND('',#7887,.T.);
#9026=FACE_BOUND('',#7888,.T.);
#9027=FACE_BOUND('',#7889,.T.);
#9028=FACE_BOUND('',#7890,.T.);
#9029=FACE_BOUND('',#7891,.T.);
#9030=FACE_BOUND('',#7892,.T.);
#9031=FACE_BOUND('',#7893,.T.);
#9032=FACE_BOUND('',#7894,.T.);
#9033=FACE_BOUND('',#7895,.T.);
#9034=FACE_BOUND('',#7896,.T.);
#9035=FACE_BOUND('',#7897,.T.);
#9036=FACE_BOUND('',#7898,.T.);
#9037=FACE_BOUND('',#7899,.T.);
#9038=FACE_BOUND('',#7900,.T.);
#9039=FACE_BOUND('',#7901,.T.);
#9040=FACE_BOUND('',#7902,.T.);
#9041=FACE_BOUND('',#7903,.T.);
#9042=FACE_BOUND('',#7904,.T.);
#9043=FACE_BOUND('',#7905,.T.);
#9044=FACE_BOUND('',#7906,.T.);
#9045=FACE_BOUND('',#7907,.T.);
#9046=FACE_BOUND('',#7908,.T.);
#9047=FACE_BOUND('',#7909,.T.);
#9048=FACE_BOUND('',#7910,.T.);
#9049=FACE_BOUND('',#7911,.T.);
#9050=FACE_BOUND('',#7912,.T.);
#9051=FACE_BOUND('',#7913,.T.);
#9052=FACE_BOUND('',#7914,.T.);
#9053=FACE_BOUND('',#7915,.T.);
#9054=FACE_BOUND('',#7916,.T.);
#9055=FACE_BOUND('',#7917,.T.);
#9056=FACE_BOUND('',#7918,.T.);
#9057=FACE_BOUND('',#7919,.T.);
#9058=FACE_BOUND('',#7920,.T.);
#9059=FACE_BOUND('',#7921,.T.);
#9060=FACE_BOUND('',#7922,.T.);
#9061=FACE_BOUND('',#7923,.T.);
#9062=FACE_BOUND('',#7924,.T.);
#9063=FACE_BOUND('',#7925,.T.);
#9064=FACE_BOUND('',#7926,.T.);
#9065=FACE_BOUND('',#7927,.T.);
#9066=FACE_BOUND('',#7928,.T.);
#9067=FACE_BOUND('',#7929,.T.);
#9068=FACE_BOUND('',#7930,.T.);
#9069=FACE_BOUND('',#7931,.T.);
#9070=FACE_BOUND('',#7932,.T.);
#9071=FACE_BOUND('',#7933,.T.);
#9072=FACE_BOUND('',#7934,.T.);
#9073=FACE_BOUND('',#7935,.T.);
#9074=FACE_BOUND('',#7936,.T.);
#9075=FACE_BOUND('',#7937,.T.);
#9076=FACE_BOUND('',#7938,.T.);
#9077=FACE_BOUND('',#7939,.T.);
#9078=FACE_BOUND('',#7940,.T.);
#9079=FACE_BOUND('',#7941,.T.);
#9080=FACE_BOUND('',#7942,.T.);
#9081=FACE_BOUND('',#7943,.T.);
#9082=FACE_BOUND('',#7944,.T.);
#9083=FACE_BOUND('',#7945,.T.);
#9084=FACE_BOUND('',#7946,.T.);
#9085=FACE_BOUND('',#7947,.T.);
#9086=FACE_BOUND('',#7948,.T.);
#9087=FACE_BOUND('',#7949,.T.);
#9088=FACE_BOUND('',#7950,.T.);
#9089=FACE_BOUND('',#7951,.T.);
#9090=FACE_BOUND('',#7952,.T.);
#9091=FACE_BOUND('',#7953,.T.);
#9092=FACE_BOUND('',#7954,.T.);
#9093=FACE_BOUND('',#7955,.T.);
#9094=FACE_BOUND('',#7956,.T.);
#9095=FACE_BOUND('',#7957,.T.);
#9096=FACE_BOUND('',#7958,.T.);
#9097=FACE_BOUND('',#7959,.T.);
#9098=FACE_BOUND('',#7960,.T.);
#9099=FACE_BOUND('',#7961,.T.);
#9100=FACE_BOUND('',#7962,.T.);
#9101=FACE_BOUND('',#7963,.T.);
#9102=FACE_BOUND('',#7964,.T.);
#9103=FACE_BOUND('',#7965,.T.);
#9104=FACE_BOUND('',#7966,.T.);
#9105=FACE_BOUND('',#7967,.T.);
#9106=FACE_BOUND('',#7968,.T.);
#9107=FACE_BOUND('',#7969,.T.);
#9108=FACE_BOUND('',#7970,.T.);
#9109=FACE_BOUND('',#7971,.T.);
#9110=FACE_BOUND('',#7972,.T.);
#9111=FACE_BOUND('',#7973,.T.);
#9112=FACE_BOUND('',#7974,.T.);
#9113=FACE_BOUND('',#7975,.T.);
#9114=FACE_BOUND('',#7976,.T.);
#9115=FACE_BOUND('',#7977,.T.);
#9116=FACE_BOUND('',#7978,.T.);
#9117=FACE_BOUND('',#7979,.T.);
#9118=FACE_BOUND('',#7980,.T.);
#9119=FACE_BOUND('',#7981,.T.);
#9120=FACE_BOUND('',#7982,.T.);
#9121=FACE_BOUND('',#7983,.T.);
#9122=FACE_BOUND('',#7984,.T.);
#9123=FACE_BOUND('',#7985,.T.);
#9124=FACE_BOUND('',#7986,.T.);
#9125=FACE_BOUND('',#7987,.T.);
#9126=FACE_BOUND('',#7988,.T.);
#9127=FACE_BOUND('',#7989,.T.);
#9128=FACE_BOUND('',#7990,.T.);
#9129=FACE_BOUND('',#7991,.T.);
#9130=FACE_BOUND('',#7992,.T.);
#9131=FACE_BOUND('',#7993,.T.);
#9132=FACE_BOUND('',#7994,.T.);
#9133=FACE_BOUND('',#7995,.T.);
#9134=FACE_BOUND('',#7996,.T.);
#9135=FACE_BOUND('',#7997,.T.);
#9136=FACE_BOUND('',#7998,.T.);
#9137=FACE_BOUND('',#7999,.T.);
#9138=FACE_BOUND('',#8000,.T.);
#9139=FACE_BOUND('',#8001,.T.);
#9140=FACE_BOUND('',#8002,.T.);
#9141=FACE_BOUND('',#8003,.T.);
#9142=FACE_BOUND('',#8004,.T.);
#9143=FACE_BOUND('',#8005,.T.);
#9144=FACE_BOUND('',#8006,.T.);
#9145=FACE_BOUND('',#8007,.T.);
#9146=FACE_BOUND('',#8008,.T.);
#9147=FACE_BOUND('',#8009,.T.);
#9148=FACE_BOUND('',#8010,.T.);
#9149=FACE_BOUND('',#8011,.T.);
#9150=FACE_BOUND('',#8012,.T.);
#9151=FACE_BOUND('',#8013,.T.);
#9152=FACE_BOUND('',#8014,.T.);
#9153=FACE_BOUND('',#8015,.T.);
#9154=FACE_BOUND('',#8016,.T.);
#9155=FACE_BOUND('',#8017,.T.);
#9156=FACE_BOUND('',#8018,.T.);
#9157=FACE_BOUND('',#8019,.T.);
#9158=FACE_BOUND('',#8020,.T.);
#9159=FACE_BOUND('',#8021,.T.);
#9160=FACE_BOUND('',#8022,.T.);
#9161=FACE_BOUND('',#8023,.T.);
#9162=FACE_BOUND('',#8024,.T.);
#9163=FACE_BOUND('',#8025,.T.);
#9164=FACE_BOUND('',#8026,.T.);
#9165=FACE_BOUND('',#8027,.T.);
#9166=FACE_BOUND('',#8028,.T.);
#9167=FACE_BOUND('',#8029,.T.);
#9168=FACE_BOUND('',#8030,.T.);
#9169=FACE_BOUND('',#8031,.T.);
#9170=FACE_BOUND('',#8032,.T.);
#9171=FACE_BOUND('',#8033,.T.);
#9172=FACE_BOUND('',#8034,.T.);
#9173=FACE_BOUND('',#8035,.T.);
#9174=FACE_BOUND('',#8036,.T.);
#9175=FACE_BOUND('',#8037,.T.);
#9176=FACE_BOUND('',#8038,.T.);
#9177=FACE_BOUND('',#8039,.T.);
#9178=FACE_BOUND('',#8040,.T.);
#9179=FACE_BOUND('',#8041,.T.);
#9180=FACE_BOUND('',#8042,.T.);
#9181=FACE_BOUND('',#8043,.T.);
#9182=FACE_BOUND('',#8044,.T.);
#9183=FACE_BOUND('',#8045,.T.);
#9184=FACE_BOUND('',#8046,.T.);
#9185=FACE_BOUND('',#8047,.T.);
#9186=FACE_BOUND('',#8048,.T.);
#9187=FACE_BOUND('',#8049,.T.);
#9188=FACE_BOUND('',#8050,.T.);
#9189=FACE_BOUND('',#8051,.T.);
#9190=FACE_BOUND('',#8052,.T.);
#9191=FACE_BOUND('',#8053,.T.);
#9192=FACE_BOUND('',#8054,.T.);
#9193=FACE_BOUND('',#8055,.T.);
#9194=FACE_BOUND('',#8056,.T.);
#9195=FACE_BOUND('',#8057,.T.);
#9196=FACE_BOUND('',#8058,.T.);
#9197=FACE_BOUND('',#8059,.T.);
#9198=FACE_BOUND('',#8060,.T.);
#9199=FACE_BOUND('',#8061,.T.);
#9200=FACE_BOUND('',#8062,.T.);
#9201=FACE_BOUND('',#8063,.T.);
#9202=FACE_BOUND('',#8064,.T.);
#9203=FACE_BOUND('',#8065,.T.);
#9204=FACE_BOUND('',#8066,.T.);
#9205=FACE_BOUND('',#8067,.T.);
#9206=FACE_BOUND('',#8068,.T.);
#9207=FACE_BOUND('',#8069,.T.);
#9208=FACE_BOUND('',#8070,.T.);
#9209=FACE_BOUND('',#8071,.T.);
#9210=FACE_BOUND('',#8072,.T.);
#9211=FACE_BOUND('',#8073,.T.);
#9212=FACE_BOUND('',#8074,.T.);
#9213=FACE_BOUND('',#8075,.T.);
#9214=FACE_BOUND('',#8076,.T.);
#9215=FACE_BOUND('',#8077,.T.);
#9216=FACE_BOUND('',#8078,.T.);
#9217=FACE_BOUND('',#8079,.T.);
#9218=FACE_BOUND('',#8080,.T.);
#9219=FACE_BOUND('',#8081,.T.);
#9220=FACE_BOUND('',#8082,.T.);
#9221=FACE_BOUND('',#8083,.T.);
#9222=FACE_BOUND('',#8084,.T.);
#9223=FACE_BOUND('',#8085,.T.);
#9224=FACE_BOUND('',#8086,.T.);
#9225=FACE_BOUND('',#8087,.T.);
#9226=FACE_BOUND('',#8088,.T.);
#9227=FACE_BOUND('',#8089,.T.);
#9228=FACE_BOUND('',#8090,.T.);
#9229=FACE_BOUND('',#8091,.T.);
#9230=FACE_BOUND('',#8092,.T.);
#9231=FACE_BOUND('',#8093,.T.);
#9232=FACE_BOUND('',#8094,.T.);
#9233=FACE_BOUND('',#8095,.T.);
#9234=FACE_BOUND('',#8096,.T.);
#9235=FACE_BOUND('',#8097,.T.);
#9236=FACE_BOUND('',#8098,.T.);
#9237=FACE_BOUND('',#8099,.T.);
#9238=FACE_BOUND('',#8100,.T.);
#9239=FACE_BOUND('',#8101,.T.);
#9240=FACE_BOUND('',#8102,.T.);
#9241=FACE_BOUND('',#8103,.T.);
#9242=FACE_BOUND('',#8104,.T.);
#9243=FACE_BOUND('',#8105,.T.);
#9244=FACE_BOUND('',#8106,.T.);
#9245=FACE_BOUND('',#8107,.T.);
#9246=FACE_BOUND('',#8108,.T.);
#9247=FACE_BOUND('',#8109,.T.);
#9248=FACE_BOUND('',#8110,.T.);
#9249=FACE_BOUND('',#8111,.T.);
#9250=FACE_BOUND('',#8112,.T.);
#9251=FACE_BOUND('',#8113,.T.);
#9252=FACE_BOUND('',#8114,.T.);
#9253=FACE_BOUND('',#8115,.T.);
#9254=FACE_BOUND('',#8116,.T.);
#9255=FACE_BOUND('',#8117,.T.);
#9256=FACE_BOUND('',#8118,.T.);
#9257=FACE_BOUND('',#8119,.T.);
#9258=FACE_BOUND('',#8120,.T.);
#9259=FACE_BOUND('',#8121,.T.);
#9260=FACE_BOUND('',#8122,.T.);
#9261=FACE_BOUND('',#8123,.T.);
#9262=FACE_BOUND('',#8124,.T.);
#9263=FACE_BOUND('',#8125,.T.);
#9264=FACE_BOUND('',#8126,.T.);
#9265=FACE_BOUND('',#8127,.T.);
#9266=FACE_BOUND('',#8128,.T.);
#9267=FACE_BOUND('',#8129,.T.);
#9268=FACE_BOUND('',#8130,.T.);
#9269=FACE_BOUND('',#8131,.T.);
#9270=FACE_BOUND('',#8132,.T.);
#9271=FACE_BOUND('',#8133,.T.);
#9272=FACE_BOUND('',#8134,.T.);
#9273=FACE_BOUND('',#8135,.T.);
#9274=FACE_BOUND('',#8136,.T.);
#9275=FACE_BOUND('',#8137,.T.);
#9276=FACE_BOUND('',#8138,.T.);
#9277=FACE_BOUND('',#8139,.T.);
#9278=FACE_BOUND('',#8140,.T.);
#9279=FACE_BOUND('',#8141,.T.);
#9280=FACE_BOUND('',#8142,.T.);
#9281=FACE_BOUND('',#8143,.T.);
#9282=FACE_BOUND('',#8144,.T.);
#9283=FACE_BOUND('',#8145,.T.);
#9284=FACE_BOUND('',#8146,.T.);
#9285=FACE_BOUND('',#8147,.T.);
#9286=FACE_BOUND('',#8148,.T.);
#9287=FACE_BOUND('',#8149,.T.);
#9288=FACE_BOUND('',#8150,.T.);
#9289=FACE_BOUND('',#8151,.T.);
#9290=FACE_BOUND('',#8152,.T.);
#9291=FACE_BOUND('',#8153,.T.);
#9292=FACE_BOUND('',#8154,.T.);
#9293=FACE_BOUND('',#8155,.T.);
#9294=FACE_BOUND('',#8156,.T.);
#9295=FACE_BOUND('',#8157,.T.);
#9296=FACE_BOUND('',#8158,.T.);
#9297=FACE_BOUND('',#8159,.T.);
#9298=FACE_BOUND('',#8160,.T.);
#9299=FACE_BOUND('',#8161,.T.);
#9300=FACE_BOUND('',#8162,.T.);
#9301=FACE_BOUND('',#8163,.T.);
#9302=FACE_BOUND('',#8164,.T.);
#9303=FACE_BOUND('',#8165,.T.);
#9304=FACE_BOUND('',#8166,.T.);
#9305=FACE_BOUND('',#8167,.T.);
#9306=FACE_BOUND('',#8168,.T.);
#9307=FACE_BOUND('',#8169,.T.);
#9308=FACE_BOUND('',#8170,.T.);
#9309=FACE_BOUND('',#8171,.T.);
#9310=FACE_BOUND('',#8172,.T.);
#9311=FACE_BOUND('',#8173,.T.);
#9312=FACE_BOUND('',#8174,.T.);
#9313=FACE_BOUND('',#8175,.T.);
#9314=FACE_BOUND('',#8176,.T.);
#9315=FACE_BOUND('',#8177,.T.);
#9316=FACE_BOUND('',#8178,.T.);
#9317=FACE_BOUND('',#8179,.T.);
#9318=FACE_BOUND('',#8180,.T.);
#9319=FACE_BOUND('',#8181,.T.);
#9320=FACE_BOUND('',#8182,.T.);
#9321=FACE_BOUND('',#8183,.T.);
#9322=FACE_BOUND('',#8184,.T.);
#9323=FACE_BOUND('',#8185,.T.);
#9324=FACE_BOUND('',#8186,.T.);
#9325=FACE_BOUND('',#8187,.T.);
#9326=FACE_BOUND('',#8188,.T.);
#9327=FACE_BOUND('',#8189,.T.);
#9328=FACE_BOUND('',#8190,.T.);
#9329=FACE_BOUND('',#8191,.T.);
#9330=FACE_BOUND('',#8192,.T.);
#9331=FACE_BOUND('',#8193,.T.);
#9332=FACE_BOUND('',#8194,.T.);
#9333=FACE_BOUND('',#8195,.T.);
#9334=FACE_BOUND('',#8196,.T.);
#9335=FACE_BOUND('',#8197,.T.);
#9336=FACE_BOUND('',#8198,.T.);
#9337=FACE_BOUND('',#8199,.T.);
#9338=FACE_BOUND('',#8200,.T.);
#9339=FACE_BOUND('',#8201,.T.);
#9340=FACE_BOUND('',#8202,.T.);
#9341=FACE_BOUND('',#8203,.T.);
#9342=FACE_BOUND('',#8204,.T.);
#9343=FACE_BOUND('',#8205,.T.);
#9344=FACE_BOUND('',#8206,.T.);
#9345=FACE_BOUND('',#8207,.T.);
#9346=FACE_BOUND('',#8208,.T.);
#9347=FACE_BOUND('',#8209,.T.);
#9348=FACE_BOUND('',#8210,.T.);
#9349=FACE_BOUND('',#8211,.T.);
#9350=FACE_BOUND('',#8212,.T.);
#9351=FACE_BOUND('',#8213,.T.);
#9352=FACE_BOUND('',#8214,.T.);
#9353=FACE_BOUND('',#8215,.T.);
#9354=FACE_BOUND('',#8216,.T.);
#9355=FACE_BOUND('',#8217,.T.);
#9356=FACE_BOUND('',#8218,.T.);
#9357=FACE_BOUND('',#8219,.T.);
#9358=FACE_BOUND('',#8220,.T.);
#9359=FACE_BOUND('',#8221,.T.);
#9360=FACE_BOUND('',#8222,.T.);
#9361=FACE_BOUND('',#8223,.T.);
#9362=FACE_BOUND('',#8224,.T.);
#9363=FACE_BOUND('',#8225,.T.);
#9364=FACE_BOUND('',#8226,.T.);
#9365=FACE_BOUND('',#8227,.T.);
#9366=FACE_BOUND('',#8228,.T.);
#9367=FACE_BOUND('',#8229,.T.);
#9368=FACE_BOUND('',#8230,.T.);
#9369=FACE_BOUND('',#8231,.T.);
#9370=FACE_BOUND('',#8232,.T.);
#9371=FACE_BOUND('',#8233,.T.);
#9372=FACE_BOUND('',#8234,.T.);
#9373=FACE_BOUND('',#8235,.T.);
#9374=FACE_BOUND('',#8236,.T.);
#9375=FACE_BOUND('',#8237,.T.);
#9376=FACE_BOUND('',#8238,.T.);
#9377=FACE_BOUND('',#8239,.T.);
#9378=FACE_BOUND('',#8240,.T.);
#9379=FACE_BOUND('',#8241,.T.);
#9380=FACE_BOUND('',#8242,.T.);
#9381=FACE_BOUND('',#8243,.T.);
#9382=FACE_BOUND('',#8244,.T.);
#9383=FACE_BOUND('',#8245,.T.);
#9384=FACE_BOUND('',#8246,.T.);
#9385=FACE_BOUND('',#8247,.T.);
#9386=FACE_BOUND('',#8248,.T.);
#9387=FACE_BOUND('',#8249,.T.);
#9388=FACE_BOUND('',#8250,.T.);
#9389=FACE_BOUND('',#8251,.T.);
#9390=FACE_BOUND('',#8252,.T.);
#9391=FACE_BOUND('',#8253,.T.);
#9392=FACE_BOUND('',#8254,.T.);
#9393=FACE_BOUND('',#8255,.T.);
#9394=FACE_BOUND('',#8256,.T.);
#9395=FACE_BOUND('',#8257,.T.);
#9396=FACE_BOUND('',#8258,.T.);
#9397=FACE_BOUND('',#8259,.T.);
#9398=FACE_BOUND('',#8260,.T.);
#9399=FACE_BOUND('',#8261,.T.);
#9400=FACE_BOUND('',#8262,.T.);
#9401=FACE_BOUND('',#8263,.T.);
#9402=FACE_BOUND('',#8264,.T.);
#9403=FACE_BOUND('',#8265,.T.);
#9404=FACE_BOUND('',#8266,.T.);
#9405=FACE_BOUND('',#8267,.T.);
#9406=FACE_BOUND('',#8268,.T.);
#9407=FACE_BOUND('',#8269,.T.);
#9408=FACE_BOUND('',#8270,.T.);
#9409=FACE_BOUND('',#8271,.T.);
#9410=FACE_BOUND('',#8272,.T.);
#9411=FACE_BOUND('',#8273,.T.);
#9412=FACE_BOUND('',#8274,.T.);
#9413=FACE_BOUND('',#8275,.T.);
#9414=FACE_BOUND('',#8276,.T.);
#9415=FACE_BOUND('',#8277,.T.);
#9416=FACE_BOUND('',#8278,.T.);
#9417=FACE_BOUND('',#8279,.T.);
#9418=FACE_BOUND('',#8280,.T.);
#9419=FACE_BOUND('',#8281,.T.);
#9420=FACE_BOUND('',#8282,.T.);
#9421=FACE_BOUND('',#8283,.T.);
#9422=FACE_BOUND('',#8284,.T.);
#9423=FACE_BOUND('',#8285,.T.);
#9424=FACE_BOUND('',#8286,.T.);
#9425=FACE_BOUND('',#8287,.T.);
#9426=FACE_BOUND('',#8288,.T.);
#9427=FACE_BOUND('',#8289,.T.);
#9428=FACE_BOUND('',#8290,.T.);
#9429=FACE_BOUND('',#8291,.T.);
#9430=FACE_BOUND('',#8292,.T.);
#9431=FACE_BOUND('',#8293,.T.);
#9432=FACE_BOUND('',#8294,.T.);
#9433=FACE_BOUND('',#8295,.T.);
#9434=FACE_BOUND('',#8296,.T.);
#9435=FACE_BOUND('',#8297,.T.);
#9436=FACE_BOUND('',#8298,.T.);
#9437=FACE_BOUND('',#8299,.T.);
#9438=FACE_BOUND('',#8300,.T.);
#9439=FACE_BOUND('',#8301,.T.);
#9440=FACE_BOUND('',#8302,.T.);
#9441=FACE_BOUND('',#8303,.T.);
#9442=FACE_BOUND('',#8304,.T.);
#9443=FACE_BOUND('',#8305,.T.);
#9444=FACE_BOUND('',#8306,.T.);
#9445=FACE_BOUND('',#8307,.T.);
#9446=FACE_BOUND('',#8308,.T.);
#9447=FACE_BOUND('',#8309,.T.);
#9448=FACE_BOUND('',#8310,.T.);
#9449=FACE_BOUND('',#8311,.T.);
#9450=FACE_BOUND('',#8312,.T.);
#9451=FACE_BOUND('',#8313,.T.);
#9452=FACE_BOUND('',#8314,.T.);
#9453=FACE_BOUND('',#8315,.T.);
#9454=FACE_BOUND('',#8316,.T.);
#9455=FACE_BOUND('',#8317,.T.);
#9456=FACE_BOUND('',#8318,.T.);
#9457=FACE_BOUND('',#8319,.T.);
#9458=FACE_BOUND('',#8320,.T.);
#9459=FACE_BOUND('',#8321,.T.);
#9460=FACE_BOUND('',#8322,.T.);
#9461=FACE_BOUND('',#8323,.T.);
#9462=FACE_BOUND('',#8324,.T.);
#9463=FACE_BOUND('',#8325,.T.);
#9464=FACE_BOUND('',#8326,.T.);
#9465=FACE_BOUND('',#8327,.T.);
#9466=FACE_BOUND('',#8328,.T.);
#9467=FACE_BOUND('',#8329,.T.);
#9468=FACE_BOUND('',#8330,.T.);
#9469=FACE_BOUND('',#8331,.T.);
#9470=FACE_BOUND('',#8332,.T.);
#9471=FACE_BOUND('',#8333,.T.);
#9472=FACE_BOUND('',#8334,.T.);
#9473=FACE_BOUND('',#8335,.T.);
#9474=FACE_BOUND('',#8336,.T.);
#9475=FACE_BOUND('',#8337,.T.);
#9476=FACE_BOUND('',#8338,.T.);
#9477=FACE_BOUND('',#8339,.T.);
#9478=FACE_BOUND('',#8340,.T.);
#9479=FACE_BOUND('',#8341,.T.);
#9480=FACE_BOUND('',#8342,.T.);
#9481=FACE_BOUND('',#8343,.T.);
#9482=FACE_BOUND('',#8344,.T.);
#9483=FACE_BOUND('',#8345,.T.);
#9484=FACE_BOUND('',#8346,.T.);
#9485=FACE_BOUND('',#8347,.T.);
#9486=FACE_BOUND('',#8348,.T.);
#9487=FACE_BOUND('',#8349,.T.);
#9488=FACE_BOUND('',#8350,.T.);
#9489=FACE_BOUND('',#8351,.T.);
#9490=FACE_BOUND('',#8352,.T.);
#9491=FACE_BOUND('',#8353,.T.);
#9492=FACE_BOUND('',#8354,.T.);
#9493=FACE_BOUND('',#8355,.T.);
#9494=FACE_BOUND('',#8356,.T.);
#9495=FACE_BOUND('',#8357,.T.);
#9496=FACE_BOUND('',#8358,.T.);
#9497=FACE_BOUND('',#8359,.T.);
#9498=FACE_BOUND('',#8360,.T.);
#9499=FACE_BOUND('',#8361,.T.);
#9500=FACE_BOUND('',#8362,.T.);
#9501=FACE_BOUND('',#8363,.T.);
#9502=FACE_BOUND('',#8364,.T.);
#9503=FACE_BOUND('',#8365,.T.);
#9504=FACE_BOUND('',#8366,.T.);
#9505=FACE_BOUND('',#8367,.T.);
#9506=FACE_BOUND('',#8368,.T.);
#9507=FACE_BOUND('',#8369,.T.);
#9508=FACE_BOUND('',#8370,.T.);
#9509=FACE_BOUND('',#8371,.T.);
#9510=FACE_BOUND('',#8372,.T.);
#9511=FACE_BOUND('',#8373,.T.);
#9512=FACE_BOUND('',#8374,.T.);
#9513=FACE_BOUND('',#8375,.T.);
#9514=FACE_BOUND('',#8376,.T.);
#9515=FACE_BOUND('',#8377,.T.);
#9516=FACE_BOUND('',#8378,.T.);
#9517=FACE_BOUND('',#8379,.T.);
#9518=FACE_BOUND('',#8380,.T.);
#9519=FACE_BOUND('',#8381,.T.);
#9520=FACE_BOUND('',#8382,.T.);
#9521=FACE_BOUND('',#8383,.T.);
#9522=FACE_BOUND('',#8384,.T.);
#9523=FACE_BOUND('',#8385,.T.);
#9524=FACE_BOUND('',#8386,.T.);
#9525=FACE_BOUND('',#8387,.T.);
#9526=FACE_BOUND('',#8388,.T.);
#9527=FACE_BOUND('',#8389,.T.);
#9528=FACE_BOUND('',#8390,.T.);
#9529=FACE_BOUND('',#8391,.T.);
#9530=FACE_BOUND('',#8392,.T.);
#9531=FACE_BOUND('',#8393,.T.);
#9532=FACE_BOUND('',#8394,.T.);
#9533=FACE_BOUND('',#8395,.T.);
#9534=FACE_BOUND('',#8396,.T.);
#9535=FACE_BOUND('',#8397,.T.);
#9536=FACE_BOUND('',#8398,.T.);
#9537=FACE_BOUND('',#8399,.T.);
#9538=FACE_BOUND('',#8400,.T.);
#9539=FACE_BOUND('',#8401,.T.);
#9540=FACE_BOUND('',#8402,.T.);
#9541=FACE_BOUND('',#8403,.T.);
#9542=FACE_BOUND('',#8404,.T.);
#9543=FACE_BOUND('',#8405,.T.);
#9544=FACE_BOUND('',#8406,.T.);
#9545=FACE_BOUND('',#8407,.T.);
#9546=FACE_BOUND('',#8408,.T.);
#9547=FACE_BOUND('',#8409,.T.);
#9548=FACE_BOUND('',#8410,.T.);
#9549=FACE_BOUND('',#8411,.T.);
#9550=FACE_BOUND('',#8412,.T.);
#9551=FACE_BOUND('',#8413,.T.);
#9552=FACE_BOUND('',#8414,.T.);
#9553=FACE_BOUND('',#8415,.T.);
#9554=FACE_BOUND('',#8416,.T.);
#9555=FACE_BOUND('',#8417,.T.);
#9556=FACE_BOUND('',#8418,.T.);
#9557=FACE_BOUND('',#8419,.T.);
#9558=FACE_BOUND('',#8420,.T.);
#9559=FACE_BOUND('',#8421,.T.);
#9560=FACE_BOUND('',#8422,.T.);
#9561=FACE_BOUND('',#8423,.T.);
#9562=FACE_BOUND('',#8424,.T.);
#9563=FACE_BOUND('',#8425,.T.);
#9564=FACE_BOUND('',#8426,.T.);
#9565=FACE_BOUND('',#8427,.T.);
#9566=FACE_BOUND('',#8428,.T.);
#9567=FACE_BOUND('',#8429,.T.);
#9568=FACE_BOUND('',#8430,.T.);
#9569=FACE_BOUND('',#8431,.T.);
#9570=FACE_BOUND('',#8432,.T.);
#9571=FACE_BOUND('',#8433,.T.);
#9572=FACE_BOUND('',#8434,.T.);
#9573=FACE_BOUND('',#8435,.T.);
#9574=FACE_BOUND('',#8436,.T.);
#9575=FACE_BOUND('',#8437,.T.);
#9576=FACE_BOUND('',#8438,.T.);
#9577=FACE_BOUND('',#8439,.T.);
#9578=FACE_BOUND('',#8440,.T.);
#9579=FACE_BOUND('',#8441,.T.);
#9580=FACE_BOUND('',#8442,.T.);
#9581=FACE_BOUND('',#8443,.T.);
#9582=FACE_BOUND('',#8444,.T.);
#9583=FACE_BOUND('',#8445,.T.);
#9584=FACE_BOUND('',#8446,.T.);
#9585=FACE_BOUND('',#8447,.T.);
#9586=FACE_BOUND('',#8448,.T.);
#9587=FACE_BOUND('',#8449,.T.);
#9588=FACE_BOUND('',#8450,.T.);
#9589=FACE_BOUND('',#8451,.T.);
#9590=FACE_BOUND('',#8452,.T.);
#9591=FACE_BOUND('',#8453,.T.);
#9592=FACE_BOUND('',#8454,.T.);
#9593=FACE_BOUND('',#8455,.T.);
#9594=FACE_BOUND('',#8456,.T.);
#9595=FACE_BOUND('',#8457,.T.);
#9596=FACE_BOUND('',#8458,.T.);
#9597=FACE_BOUND('',#8459,.T.);
#9598=FACE_BOUND('',#8460,.T.);
#9599=FACE_BOUND('',#8461,.T.);
#9600=FACE_BOUND('',#8462,.T.);
#9601=FACE_BOUND('',#8463,.T.);
#9602=FACE_BOUND('',#8464,.T.);
#9603=FACE_BOUND('',#8465,.T.);
#9604=FACE_BOUND('',#8466,.T.);
#9605=FACE_BOUND('',#8467,.T.);
#9606=FACE_BOUND('',#8468,.T.);
#9607=FACE_BOUND('',#8469,.T.);
#9608=FACE_BOUND('',#8470,.T.);
#9609=FACE_BOUND('',#8471,.T.);
#9610=FACE_BOUND('',#8472,.T.);
#9611=FACE_BOUND('',#8473,.T.);
#9612=FACE_BOUND('',#8474,.T.);
#9613=FACE_BOUND('',#8475,.T.);
#9614=FACE_BOUND('',#8476,.T.);
#9615=FACE_BOUND('',#8477,.T.);
#9616=FACE_BOUND('',#8478,.T.);
#9617=FACE_BOUND('',#8479,.T.);
#9618=FACE_BOUND('',#8480,.T.);
#9619=FACE_BOUND('',#8481,.T.);
#9620=FACE_BOUND('',#8482,.T.);
#9621=FACE_BOUND('',#8483,.T.);
#9622=FACE_BOUND('',#8484,.T.);
#9623=FACE_BOUND('',#8485,.T.);
#9624=FACE_BOUND('',#8486,.T.);
#9625=FACE_BOUND('',#8487,.T.);
#9626=FACE_BOUND('',#8488,.T.);
#9627=FACE_BOUND('',#8489,.T.);
#9628=FACE_BOUND('',#8490,.T.);
#9629=FACE_BOUND('',#8491,.T.);
#9630=FACE_BOUND('',#8492,.T.);
#9631=FACE_BOUND('',#8493,.T.);
#9632=FACE_BOUND('',#8494,.T.);
#9633=FACE_BOUND('',#8495,.T.);
#9634=FACE_BOUND('',#8496,.T.);
#9635=FACE_BOUND('',#8497,.T.);
#9636=FACE_BOUND('',#8498,.T.);
#9637=FACE_BOUND('',#8499,.T.);
#9638=FACE_BOUND('',#8500,.T.);
#9639=FACE_BOUND('',#8501,.T.);
#9640=FACE_BOUND('',#8502,.T.);
#9641=FACE_BOUND('',#8503,.T.);
#9642=FACE_BOUND('',#8504,.T.);
#9643=FACE_BOUND('',#8505,.T.);
#9644=FACE_BOUND('',#8506,.T.);
#9645=FACE_BOUND('',#8507,.T.);
#9646=FACE_BOUND('',#8508,.T.);
#9647=FACE_BOUND('',#8509,.T.);
#9648=FACE_BOUND('',#8510,.T.);
#9649=FACE_BOUND('',#8511,.T.);
#9650=FACE_BOUND('',#8512,.T.);
#9651=FACE_BOUND('',#8513,.T.);
#9652=FACE_BOUND('',#8514,.T.);
#9653=FACE_BOUND('',#8515,.T.);
#9654=FACE_BOUND('',#8516,.T.);
#9655=FACE_BOUND('',#8517,.T.);
#9656=FACE_BOUND('',#8518,.T.);
#9657=FACE_BOUND('',#8519,.T.);
#9658=FACE_BOUND('',#8520,.T.);
#9659=FACE_BOUND('',#8521,.T.);
#9660=FACE_BOUND('',#8522,.T.);
#9661=FACE_BOUND('',#8523,.T.);
#9662=FACE_BOUND('',#8524,.T.);
#9663=FACE_BOUND('',#8525,.T.);
#9664=FACE_BOUND('',#8526,.T.);
#9665=FACE_BOUND('',#8527,.T.);
#9666=FACE_BOUND('',#8528,.T.);
#9667=FACE_BOUND('',#8529,.T.);
#9668=FACE_BOUND('',#8530,.T.);
#9669=FACE_BOUND('',#8531,.T.);
#9670=FACE_BOUND('',#8532,.T.);
#9671=FACE_BOUND('',#8533,.T.);
#9672=FACE_BOUND('',#8534,.T.);
#9673=FACE_BOUND('',#8535,.T.);
#9674=FACE_BOUND('',#8536,.T.);
#9675=FACE_BOUND('',#8537,.T.);
#9676=FACE_BOUND('',#8538,.T.);
#9677=FACE_BOUND('',#8539,.T.);
#9678=FACE_BOUND('',#8540,.T.);
#9679=FACE_BOUND('',#8541,.T.);
#9680=FACE_BOUND('',#8542,.T.);
#9681=FACE_BOUND('',#8543,.T.);
#9682=FACE_BOUND('',#8544,.T.);
#9683=FACE_BOUND('',#8545,.T.);
#9684=FACE_BOUND('',#8546,.T.);
#9685=FACE_BOUND('',#8547,.T.);
#9686=FACE_BOUND('',#8548,.T.);
#9687=FACE_BOUND('',#8549,.T.);
#9688=FACE_BOUND('',#8550,.T.);
#9689=FACE_BOUND('',#8551,.T.);
#9690=FACE_BOUND('',#8552,.T.);
#9691=FACE_BOUND('',#8553,.T.);
#9692=PLANE('',#11624);
#9693=PLANE('',#11625);
#9694=PLANE('',#11626);
#9695=PLANE('',#11627);
#9696=PLANE('',#11628);
#9697=PLANE('',#11630);
#9698=PLANE('',#11631);
#9699=PLANE('',#11632);
#9700=PLANE('',#11633);
#9701=PLANE('',#11634);
#9702=PLANE('',#11637);
#9703=PLANE('',#11638);
#9704=PLANE('',#11639);
#9705=PLANE('',#11640);
#9706=PLANE('',#11641);
#9707=PLANE('',#11642);
#9708=PLANE('',#11643);
#9709=PLANE('',#11644);
#9710=PLANE('',#11645);
#9711=PLANE('',#11646);
#9712=PLANE('',#11647);
#9713=PLANE('',#11648);
#9714=PLANE('',#11649);
#9715=PLANE('',#11650);
#9716=PLANE('',#11651);
#9717=PLANE('',#11658);
#9718=PLANE('',#11660);
#9719=PLANE('',#11663);
#9720=PLANE('',#11664);
#9721=PLANE('',#11665);
#9722=PLANE('',#11666);
#9723=PLANE('',#11667);
#9724=PLANE('',#11668);
#9725=PLANE('',#11669);
#9726=PLANE('',#11670);
#9727=PLANE('',#11672);
#9728=PLANE('',#11674);
#9729=PLANE('',#11676);
#9730=PLANE('',#11677);
#9731=PLANE('',#11678);
#9732=PLANE('',#11679);
#9733=PLANE('',#11680);
#9734=PLANE('',#11683);
#9735=PLANE('',#11684);
#9736=PLANE('',#11693);
#9737=PLANE('',#11699);
#9738=PLANE('',#11705);
#9739=PLANE('',#11706);
#9740=PLANE('',#11707);
#9741=PLANE('',#11708);
#9742=PLANE('',#11709);
#9743=PLANE('',#11710);
#9744=PLANE('',#11711);
#9745=PLANE('',#11712);
#9746=PLANE('',#11719);
#9747=PLANE('',#11722);
#9748=PLANE('',#11725);
#9749=PLANE('',#11726);
#9750=PLANE('',#11727);
#9751=PLANE('',#11732);
#9752=PLANE('',#11733);
#9753=PLANE('',#11734);
#9754=PLANE('',#11735);
#9755=PLANE('',#11736);
#9756=PLANE('',#11738);
#9757=PLANE('',#11740);
#9758=PLANE('',#11741);
#9759=PLANE('',#11742);
#9760=PLANE('',#11743);
#9761=PLANE('',#11744);
#9762=PLANE('',#11745);
#9763=PLANE('',#11746);
#9764=PLANE('',#11747);
#9765=PLANE('',#11768);
#9766=PLANE('',#11769);
#9767=PLANE('',#11770);
#9768=PLANE('',#11771);
#9769=PLANE('',#11772);
#9770=PLANE('',#11773);
#9771=PLANE('',#11774);
#9772=PLANE('',#11775);
#9773=PLANE('',#11776);
#9774=PLANE('',#11778);
#9775=PLANE('',#11779);
#9776=PLANE('',#11780);
#9777=PLANE('',#11781);
#9778=PLANE('',#11782);
#9779=PLANE('',#11784);
#9780=PLANE('',#11785);
#9781=PLANE('',#11786);
#9782=PLANE('',#11787);
#9783=PLANE('',#11788);
#9784=PLANE('',#11790);
#9785=PLANE('',#11791);
#9786=PLANE('',#11792);
#9787=PLANE('',#11793);
#9788=PLANE('',#11794);
#9789=PLANE('',#11798);
#9790=PLANE('',#11802);
#9791=PLANE('',#11806);
#9792=PLANE('',#11810);
#9793=PLANE('',#11814);
#9794=PLANE('',#11817);
#9795=PLANE('',#11820);
#9796=PLANE('',#11823);
#9797=PLANE('',#11824);
#9798=PLANE('',#11825);
#9799=PLANE('',#11826);
#9800=PLANE('',#11827);
#9801=PLANE('',#11828);
#9802=PLANE('',#11829);
#9803=PLANE('',#11830);
#9804=PLANE('',#11838);
#9805=PLANE('',#11839);
#9806=PLANE('',#11840);
#9807=PLANE('',#11841);
#9808=PLANE('',#11842);
#9809=PLANE('',#11843);
#9810=PLANE('',#11846);
#9811=PLANE('',#11847);
#9812=PLANE('',#11848);
#9813=PLANE('',#11855);
#9814=PLANE('',#11858);
#9815=PLANE('',#11861);
#9816=PLANE('',#11865);
#9817=PLANE('',#11866);
#9818=PLANE('',#11867);
#9819=PLANE('',#11868);
#9820=PLANE('',#11869);
#9821=PLANE('',#11870);
#9822=PLANE('',#11871);
#9823=PLANE('',#11872);
#9824=PLANE('',#11873);
#9825=PLANE('',#11874);
#9826=PLANE('',#11875);
#9827=PLANE('',#11876);
#9828=PLANE('',#11877);
#9829=PLANE('',#11878);
#9830=PLANE('',#11879);
#9831=PLANE('',#11880);
#9832=PLANE('',#11881);
#9833=PLANE('',#11882);
#9834=PLANE('',#11883);
#9835=PLANE('',#11884);
#9836=PLANE('',#11885);
#9837=PLANE('',#11886);
#9838=PLANE('',#11887);
#9839=PLANE('',#11888);
#9840=PLANE('',#11889);
#9841=PLANE('',#11890);
#9842=PLANE('',#11891);
#9843=PLANE('',#11897);
#9844=PLANE('',#11898);
#9845=PLANE('',#11899);
#9846=PLANE('',#11906);
#9847=PLANE('',#11907);
#9848=PLANE('',#11908);
#9849=PLANE('',#11909);
#9850=PLANE('',#11910);
#9851=PLANE('',#11911);
#9852=PLANE('',#11912);
#9853=PLANE('',#11913);
#9854=PLANE('',#11926);
#9855=PLANE('',#11927);
#9856=PLANE('',#11929);
#9857=PLANE('',#11930);
#9858=PLANE('',#11931);
#9859=PLANE('',#11932);
#9860=PLANE('',#11933);
#9861=PLANE('',#11934);
#9862=PLANE('',#11935);
#9863=PLANE('',#11936);
#9864=PLANE('',#11937);
#9865=PLANE('',#11938);
#9866=PLANE('',#11939);
#9867=PLANE('',#11940);
#9868=PLANE('',#11941);
#9869=PLANE('',#11942);
#9870=PLANE('',#11943);
#9871=PLANE('',#11944);
#9872=PLANE('',#11945);
#9873=PLANE('',#11946);
#9874=PLANE('',#11947);
#9875=PLANE('',#11948);
#9876=PLANE('',#11949);
#9877=PLANE('',#11950);
#9878=PLANE('',#11951);
#9879=PLANE('',#11952);
#9880=PLANE('',#11953);
#9881=PLANE('',#11954);
#9882=PLANE('',#11955);
#9883=PLANE('',#11956);
#9884=PLANE('',#11957);
#9885=PLANE('',#11958);
#9886=PLANE('',#11959);
#9887=PLANE('',#11960);
#9888=PLANE('',#11961);
#9889=PLANE('',#11962);
#9890=PLANE('',#11963);
#9891=PLANE('',#11964);
#9892=PLANE('',#11965);
#9893=PLANE('',#11966);
#9894=PLANE('',#11967);
#9895=PLANE('',#11968);
#9896=PLANE('',#11969);
#9897=PLANE('',#11970);
#9898=PLANE('',#11971);
#9899=PLANE('',#11972);
#9900=PLANE('',#11973);
#9901=PLANE('',#11974);
#9902=PLANE('',#11975);
#9903=PLANE('',#11976);
#9904=PLANE('',#11977);
#9905=PLANE('',#11978);
#9906=PLANE('',#11979);
#9907=PLANE('',#11980);
#9908=PLANE('',#11981);
#9909=PLANE('',#11982);
#9910=PLANE('',#11983);
#9911=PLANE('',#11984);
#9912=PLANE('',#11985);
#9913=PLANE('',#11986);
#9914=PLANE('',#11987);
#9915=PLANE('',#11988);
#9916=PLANE('',#11989);
#9917=PLANE('',#11990);
#9918=PLANE('',#11991);
#9919=PLANE('',#11992);
#9920=PLANE('',#11993);
#9921=PLANE('',#11994);
#9922=PLANE('',#11995);
#9923=PLANE('',#11996);
#9924=PLANE('',#11997);
#9925=PLANE('',#11998);
#9926=PLANE('',#11999);
#9927=PLANE('',#12000);
#9928=PLANE('',#12001);
#9929=PLANE('',#12002);
#9930=PLANE('',#12003);
#9931=PLANE('',#12004);
#9932=PLANE('',#12005);
#9933=PLANE('',#12006);
#9934=PLANE('',#12007);
#9935=PLANE('',#12008);
#9936=PLANE('',#12009);
#9937=PLANE('',#12010);
#9938=PLANE('',#12011);
#9939=PLANE('',#12012);
#9940=PLANE('',#12013);
#9941=PLANE('',#12014);
#9942=PLANE('',#12015);
#9943=PLANE('',#12016);
#9944=PLANE('',#12017);
#9945=PLANE('',#12018);
#9946=PLANE('',#12019);
#9947=PLANE('',#12020);
#9948=PLANE('',#12021);
#9949=PLANE('',#12022);
#9950=PLANE('',#12023);
#9951=PLANE('',#12024);
#9952=PLANE('',#12025);
#9953=PLANE('',#12026);
#9954=PLANE('',#12027);
#9955=PLANE('',#12028);
#9956=PLANE('',#12029);
#9957=PLANE('',#12030);
#9958=PLANE('',#12031);
#9959=PLANE('',#12032);
#9960=PLANE('',#12033);
#9961=PLANE('',#12034);
#9962=PLANE('',#12035);
#9963=PLANE('',#12036);
#9964=PLANE('',#12037);
#9965=PLANE('',#12038);
#9966=PLANE('',#12039);
#9967=PLANE('',#12040);
#9968=PLANE('',#12041);
#9969=PLANE('',#12042);
#9970=PLANE('',#12043);
#9971=PLANE('',#12044);
#9972=PLANE('',#12045);
#9973=PLANE('',#12046);
#9974=PLANE('',#12047);
#9975=PLANE('',#12048);
#9976=PLANE('',#12049);
#9977=PLANE('',#12050);
#9978=PLANE('',#12051);
#9979=PLANE('',#12052);
#9980=PLANE('',#12053);
#9981=PLANE('',#12054);
#9982=PLANE('',#12055);
#9983=PLANE('',#12056);
#9984=PLANE('',#12057);
#9985=PLANE('',#12058);
#9986=PLANE('',#12059);
#9987=PLANE('',#12060);
#9988=PLANE('',#12061);
#9989=PLANE('',#12062);
#9990=PLANE('',#12063);
#9991=PLANE('',#12064);
#9992=PLANE('',#12065);
#9993=PLANE('',#12066);
#9994=PLANE('',#12067);
#9995=PLANE('',#12068);
#9996=PLANE('',#12069);
#9997=PLANE('',#12070);
#9998=PLANE('',#12071);
#9999=PLANE('',#12072);
#10000=PLANE('',#12073);
#10001=PLANE('',#12074);
#10002=PLANE('',#12075);
#10003=PLANE('',#12076);
#10004=PLANE('',#12077);
#10005=PLANE('',#12078);
#10006=PLANE('',#12079);
#10007=PLANE('',#12080);
#10008=PLANE('',#12081);
#10009=PLANE('',#12082);
#10010=PLANE('',#12083);
#10011=PLANE('',#12084);
#10012=PLANE('',#12085);
#10013=PLANE('',#12086);
#10014=PLANE('',#12087);
#10015=PLANE('',#12088);
#10016=PLANE('',#12089);
#10017=PLANE('',#12090);
#10018=PLANE('',#12091);
#10019=PLANE('',#12092);
#10020=PLANE('',#12093);
#10021=PLANE('',#12094);
#10022=PLANE('',#12095);
#10023=PLANE('',#12096);
#10024=PLANE('',#12097);
#10025=PLANE('',#12098);
#10026=PLANE('',#12099);
#10027=PLANE('',#12100);
#10028=PLANE('',#12101);
#10029=PLANE('',#12102);
#10030=PLANE('',#12103);
#10031=PLANE('',#12104);
#10032=PLANE('',#12105);
#10033=PLANE('',#12106);
#10034=PLANE('',#12107);
#10035=PLANE('',#12108);
#10036=PLANE('',#12109);
#10037=PLANE('',#12110);
#10038=PLANE('',#12111);
#10039=PLANE('',#12112);
#10040=PLANE('',#12113);
#10041=PLANE('',#12114);
#10042=PLANE('',#12115);
#10043=PLANE('',#12116);
#10044=PLANE('',#12117);
#10045=PLANE('',#12118);
#10046=PLANE('',#12119);
#10047=PLANE('',#12120);
#10048=PLANE('',#12121);
#10049=PLANE('',#12122);
#10050=PLANE('',#12123);
#10051=PLANE('',#12124);
#10052=PLANE('',#12137);
#10053=PLANE('',#12138);
#10054=PLANE('',#12143);
#10055=PLANE('',#12145);
#10056=PLANE('',#12155);
#10057=PLANE('',#12156);
#10058=PLANE('',#12161);
#10059=PLANE('',#12163);
#10060=PLANE('',#12173);
#10061=PLANE('',#12174);
#10062=PLANE('',#12187);
#10063=PLANE('',#12188);
#10064=PLANE('',#12193);
#10065=PLANE('',#12194);
#10066=PLANE('',#12195);
#10067=PLANE('',#12290);
#10068=PLANE('',#12387);
#10069=PLANE('',#12388);
#10070=PLANE('',#12485);
#10071=PLANE('',#12487);
#10072=PLANE('',#12497);
#10073=PLANE('',#12498);
#10074=PLANE('',#12511);
#10075=PLANE('',#12512);
#10076=PLANE('',#12517);
#10077=PLANE('',#12519);
#10078=PLANE('',#12529);
#10079=PLANE('',#12530);
#10080=PLANE('',#12543);
#10081=PLANE('',#12544);
#10082=PLANE('',#12557);
#10083=PLANE('',#12558);
#10084=PLANE('',#12563);
#10085=PLANE('',#12565);
#10086=PLANE('',#12575);
#10087=PLANE('',#12576);
#10088=PLANE('',#12585);
#10089=PLANE('',#12588);
#10090=PLANE('',#12600);
#10091=PLANE('',#12601);
#10092=PLANE('',#12602);
#10093=PLANE('',#12607);
#10094=PLANE('',#12609);
#10095=PLANE('',#12619);
#10096=PLANE('',#12620);
#10097=PLANE('',#12625);
#10098=PLANE('',#12627);
#10099=PLANE('',#12637);
#10100=PLANE('',#12638);
#10101=PLANE('',#12643);
#10102=PLANE('',#12645);
#10103=PLANE('',#12655);
#10104=PLANE('',#12656);
#10105=PLANE('',#12669);
#10106=PLANE('',#12670);
#10107=PLANE('',#12675);
#10108=PLANE('',#12677);
#10109=PLANE('',#12687);
#10110=PLANE('',#12688);
#10111=PLANE('',#12701);
#10112=PLANE('',#12702);
#10113=PLANE('',#12715);
#10114=PLANE('',#12716);
#10115=ADVANCED_FACE('',(#8554),#9692,.F.);
#10116=ADVANCED_FACE('',(#8555),#9693,.F.);
#10117=ADVANCED_FACE('',(#8556,#8557),#9694,.T.);
#10118=ADVANCED_FACE('',(#8558),#9695,.T.);
#10119=ADVANCED_FACE('',(#8559,#8560),#9696,.F.);
#10120=ADVANCED_FACE('',(#8561),#9697,.T.);
#10121=ADVANCED_FACE('',(#8562),#9698,.F.);
#10122=ADVANCED_FACE('',(#8563),#9699,.F.);
#10123=ADVANCED_FACE('',(#8564),#9700,.T.);
#10124=ADVANCED_FACE('',(#8565),#9701,.T.);
#10125=ADVANCED_FACE('',(#8566,#8567),#424,.T.);
#10126=ADVANCED_FACE('',(#8568,#8569),#9702,.T.);
#10127=ADVANCED_FACE('',(#8570),#9703,.F.);
#10128=ADVANCED_FACE('',(#8571),#9704,.F.);
#10129=ADVANCED_FACE('',(#8572),#9705,.F.);
#10130=ADVANCED_FACE('',(#8573),#9706,.F.);
#10131=ADVANCED_FACE('',(#8574),#9707,.F.);
#10132=ADVANCED_FACE('',(#8575),#9708,.T.);
#10133=ADVANCED_FACE('',(#8576),#9709,.F.);
#10134=ADVANCED_FACE('',(#8577),#9710,.T.);
#10135=ADVANCED_FACE('',(#8578),#9711,.T.);
#10136=ADVANCED_FACE('',(#8579),#9712,.T.);
#10137=ADVANCED_FACE('',(#8580),#9713,.T.);
#10138=ADVANCED_FACE('',(#8581),#9714,.F.);
#10139=ADVANCED_FACE('',(#8582),#9715,.T.);
#10140=ADVANCED_FACE('',(#8583),#9716,.T.);
#10141=ADVANCED_FACE('',(#8584,#8585),#425,.T.);
#10142=ADVANCED_FACE('',(#8586,#8587),#133,.T.);
#10143=ADVANCED_FACE('',(#8588,#8589),#9717,.F.);
#10144=ADVANCED_FACE('',(#8590,#8591),#9718,.T.);
#10145=ADVANCED_FACE('',(#8592,#8593),#426,.T.);
#10146=ADVANCED_FACE('',(#8594),#9719,.T.);
#10147=ADVANCED_FACE('',(#8595),#9720,.T.);
#10148=ADVANCED_FACE('',(#8596),#9721,.T.);
#10149=ADVANCED_FACE('',(#8597),#9722,.T.);
#10150=ADVANCED_FACE('',(#8598),#9723,.T.);
#10151=ADVANCED_FACE('',(#8599),#9724,.T.);
#10152=ADVANCED_FACE('',(#8600),#9725,.F.);
#10153=ADVANCED_FACE('',(#8601),#9726,.T.);
#10154=ADVANCED_FACE('',(#8602),#9727,.T.);
#10155=ADVANCED_FACE('',(#8603),#427,.T.);
#10156=ADVANCED_FACE('',(#8604),#9728,.T.);
#10157=ADVANCED_FACE('',(#8605),#428,.T.);
#10158=ADVANCED_FACE('',(#8606,#8607),#9729,.T.);
#10159=ADVANCED_FACE('',(#8608),#9730,.T.);
#10160=ADVANCED_FACE('',(#8609),#9731,.T.);
#10161=ADVANCED_FACE('',(#8610),#9732,.F.);
#10162=ADVANCED_FACE('',(#8611),#9733,.T.);
#10163=ADVANCED_FACE('',(#8612),#429,.T.);
#10164=ADVANCED_FACE('',(#8613),#430,.T.);
#10165=ADVANCED_FACE('',(#8614),#9734,.T.);
#10166=ADVANCED_FACE('',(#8615),#9735,.F.);
#10167=ADVANCED_FACE('',(#8616,#8617,#8618,#8619,#8620,#8621),#9736,.T.);
#10168=ADVANCED_FACE('',(#8622,#8623,#8624,#8625,#8626,#8627),#9737,.F.);
#10169=ADVANCED_FACE('',(#8628),#9738,.F.);
#10170=ADVANCED_FACE('',(#8629),#9739,.F.);
#10171=ADVANCED_FACE('',(#8630),#9740,.T.);
#10172=ADVANCED_FACE('',(#8631),#9741,.F.);
#10173=ADVANCED_FACE('',(#8632),#9742,.F.);
#10174=ADVANCED_FACE('',(#8633),#9743,.T.);
#10175=ADVANCED_FACE('',(#8634),#9744,.F.);
#10176=ADVANCED_FACE('',(#8635),#9745,.F.);
#10177=ADVANCED_FACE('',(#8636,#8637),#431,.F.);
#10178=ADVANCED_FACE('',(#8638),#432,.F.);
#10179=ADVANCED_FACE('',(#8639,#8640),#433,.F.);
#10180=ADVANCED_FACE('',(#8641,#8642),#434,.F.);
#10181=ADVANCED_FACE('',(#8643,#8644),#435,.F.);
#10182=ADVANCED_FACE('',(#8645,#8646,#8647,#8648),#9746,.T.);
#10183=ADVANCED_FACE('',(#8649,#8650,#8651,#8652,#8653),#9747,.F.);
#10184=ADVANCED_FACE('',(#8654,#8655),#9748,.T.);
#10185=ADVANCED_FACE('',(#8656,#8657),#9749,.F.);
#10186=ADVANCED_FACE('',(#8658),#9750,.T.);
#10187=ADVANCED_FACE('',(#8659),#9751,.T.);
#10188=ADVANCED_FACE('',(#8660),#9752,.T.);
#10189=ADVANCED_FACE('',(#8661),#9753,.F.);
#10190=ADVANCED_FACE('',(#8662,#8663,#8664,#8665,#8666),#9754,.F.);
#10191=ADVANCED_FACE('',(#8667),#9755,.F.);
#10192=ADVANCED_FACE('',(#8668),#9756,.T.);
#10193=ADVANCED_FACE('',(#8669),#9757,.T.);
#10194=ADVANCED_FACE('',(#8670),#9758,.F.);
#10195=ADVANCED_FACE('',(#8671),#9759,.F.);
#10196=ADVANCED_FACE('',(#8672),#9760,.T.);
#10197=ADVANCED_FACE('',(#8673),#9761,.T.);
#10198=ADVANCED_FACE('',(#8674),#9762,.F.);
#10199=ADVANCED_FACE('',(#8675),#9763,.F.);
#10200=ADVANCED_FACE('',(#8676),#9764,.T.);
#10201=ADVANCED_FACE('',(#8677),#436,.T.);
#10202=ADVANCED_FACE('',(#8678),#437,.T.);
#10203=ADVANCED_FACE('',(#8679),#438,.T.);
#10204=ADVANCED_FACE('',(#8680),#104,.T.);
#10205=ADVANCED_FACE('',(#8681),#105,.T.);
#10206=ADVANCED_FACE('',(#8682),#439,.T.);
#10207=ADVANCED_FACE('',(#8683),#440,.T.);
#10208=ADVANCED_FACE('',(#8684),#441,.T.);
#10209=ADVANCED_FACE('',(#8685),#442,.T.);
#10210=ADVANCED_FACE('',(#8686),#443,.T.);
#10211=ADVANCED_FACE('',(#8687),#9765,.F.);
#10212=ADVANCED_FACE('',(#8688),#9766,.T.);
#10213=ADVANCED_FACE('',(#8689),#9767,.F.);
#10214=ADVANCED_FACE('',(#8690),#9768,.T.);
#10215=ADVANCED_FACE('',(#8691),#9769,.T.);
#10216=ADVANCED_FACE('',(#8692),#9770,.T.);
#10217=ADVANCED_FACE('',(#8693),#9771,.T.);
#10218=ADVANCED_FACE('',(#8694),#9772,.T.);
#10219=ADVANCED_FACE('',(#8695,#8696),#9773,.F.);
#10220=ADVANCED_FACE('',(#8697),#9774,.T.);
#10221=ADVANCED_FACE('',(#8698),#9775,.T.);
#10222=ADVANCED_FACE('',(#8699),#9776,.T.);
#10223=ADVANCED_FACE('',(#8700),#9777,.T.);
#10224=ADVANCED_FACE('',(#8701,#8702),#9778,.F.);
#10225=ADVANCED_FACE('',(#8703),#9779,.T.);
#10226=ADVANCED_FACE('',(#8704),#9780,.T.);
#10227=ADVANCED_FACE('',(#8705),#9781,.T.);
#10228=ADVANCED_FACE('',(#8706),#9782,.T.);
#10229=ADVANCED_FACE('',(#8707,#8708),#9783,.F.);
#10230=ADVANCED_FACE('',(#8709),#9784,.T.);
#10231=ADVANCED_FACE('',(#8710),#9785,.T.);
#10232=ADVANCED_FACE('',(#8711),#9786,.T.);
#10233=ADVANCED_FACE('',(#8712),#9787,.T.);
#10234=ADVANCED_FACE('',(#8713,#8714),#9788,.F.);
#10235=ADVANCED_FACE('',(#8715,#8716),#444,.F.);
#10236=ADVANCED_FACE('',(#8717,#8718),#9789,.F.);
#10237=ADVANCED_FACE('',(#8719,#8720),#445,.F.);
#10238=ADVANCED_FACE('',(#8721,#8722),#9790,.F.);
#10239=ADVANCED_FACE('',(#8723,#8724),#446,.F.);
#10240=ADVANCED_FACE('',(#8725,#8726),#9791,.F.);
#10241=ADVANCED_FACE('',(#8727,#8728),#447,.F.);
#10242=ADVANCED_FACE('',(#8729,#8730),#9792,.F.);
#10243=ADVANCED_FACE('',(#8731,#8732),#448,.F.);
#10244=ADVANCED_FACE('',(#8733),#9793,.F.);
#10245=ADVANCED_FACE('',(#8734,#8735),#449,.F.);
#10246=ADVANCED_FACE('',(#8736),#9794,.F.);
#10247=ADVANCED_FACE('',(#8737,#8738),#450,.F.);
#10248=ADVANCED_FACE('',(#8739),#9795,.F.);
#10249=ADVANCED_FACE('',(#8740,#8741),#451,.F.);
#10250=ADVANCED_FACE('',(#8742),#9796,.F.);
#10251=ADVANCED_FACE('',(#8743),#9797,.F.);
#10252=ADVANCED_FACE('',(#8744),#9798,.F.);
#10253=ADVANCED_FACE('',(#8745),#9799,.T.);
#10254=ADVANCED_FACE('',(#8746),#9800,.F.);
#10255=ADVANCED_FACE('',(#8747),#9801,.F.);
#10256=ADVANCED_FACE('',(#8748),#9802,.F.);
#10257=ADVANCED_FACE('',(#8749),#9803,.F.);
#10258=ADVANCED_FACE('',(#8750,#8751),#452,.F.);
#10259=ADVANCED_FACE('',(#8752,#8753),#453,.F.);
#10260=ADVANCED_FACE('',(#8754),#9804,.T.);
#10261=ADVANCED_FACE('',(#8755),#9805,.F.);
#10262=ADVANCED_FACE('',(#8756),#9806,.F.);
#10263=ADVANCED_FACE('',(#8757),#9807,.F.);
#10264=ADVANCED_FACE('',(#8758),#9808,.F.);
#10265=ADVANCED_FACE('',(#8759,#8760,#8761),#9809,.T.);
#10266=ADVANCED_FACE('',(#8762),#9810,.F.);
#10267=ADVANCED_FACE('',(#8763),#9811,.T.);
#10268=ADVANCED_FACE('',(#8764,#8765,#8766),#9812,.F.);
#10269=ADVANCED_FACE('',(#8767,#8768),#454,.F.);
#10270=ADVANCED_FACE('',(#8769,#8770),#455,.F.);
#10271=ADVANCED_FACE('',(#8771),#9813,.F.);
#10272=ADVANCED_FACE('',(#8772,#8773),#456,.F.);
#10273=ADVANCED_FACE('',(#8774,#8775),#9814,.F.);
#10274=ADVANCED_FACE('',(#8776,#8777),#457,.F.);
#10275=ADVANCED_FACE('',(#8778,#8779),#9815,.F.);
#10276=ADVANCED_FACE('',(#8780),#9816,.T.);
#10277=ADVANCED_FACE('',(#8781),#9817,.T.);
#10278=ADVANCED_FACE('',(#8782),#9818,.T.);
#10279=ADVANCED_FACE('',(#8783),#9819,.T.);
#10280=ADVANCED_FACE('',(#8784),#9820,.T.);
#10281=ADVANCED_FACE('',(#8785),#9821,.T.);
#10282=ADVANCED_FACE('',(#8786),#9822,.T.);
#10283=ADVANCED_FACE('',(#8787),#9823,.T.);
#10284=ADVANCED_FACE('',(#8788),#9824,.T.);
#10285=ADVANCED_FACE('',(#8789),#9825,.T.);
#10286=ADVANCED_FACE('',(#8790),#9826,.T.);
#10287=ADVANCED_FACE('',(#8791),#9827,.T.);
#10288=ADVANCED_FACE('',(#8792),#9828,.T.);
#10289=ADVANCED_FACE('',(#8793),#9829,.T.);
#10290=ADVANCED_FACE('',(#8794,#8795),#9830,.F.);
#10291=ADVANCED_FACE('',(#8796,#8797,#8798),#9831,.T.);
#10292=ADVANCED_FACE('',(#8799),#9832,.T.);
#10293=ADVANCED_FACE('',(#8800),#9833,.T.);
#10294=ADVANCED_FACE('',(#8801),#9834,.T.);
#10295=ADVANCED_FACE('',(#8802),#9835,.T.);
#10296=ADVANCED_FACE('',(#8803),#9836,.T.);
#10297=ADVANCED_FACE('',(#8804),#9837,.F.);
#10298=ADVANCED_FACE('',(#8805),#9838,.T.);
#10299=ADVANCED_FACE('',(#8806),#9839,.T.);
#10300=ADVANCED_FACE('',(#8807),#9840,.T.);
#10301=ADVANCED_FACE('',(#8808),#9841,.T.);
#10302=ADVANCED_FACE('',(#8809),#9842,.F.);
#10303=ADVANCED_FACE('',(#8810),#9843,.T.);
#10304=ADVANCED_FACE('',(#8811),#9844,.F.);
#10305=ADVANCED_FACE('',(#8812),#9845,.F.);
#10306=ADVANCED_FACE('',(#8813,#8814),#458,.F.);
#10307=ADVANCED_FACE('',(#8815,#8816),#459,.F.);
#10308=ADVANCED_FACE('',(#8817),#9846,.T.);
#10309=ADVANCED_FACE('',(#8818,#8819,#8820,#8821),#9847,.T.);
#10310=ADVANCED_FACE('',(#8822,#8823,#8824),#9848,.F.);
#10311=ADVANCED_FACE('',(#8825),#9849,.T.);
#10312=ADVANCED_FACE('',(#8826),#9850,.F.);
#10313=ADVANCED_FACE('',(#8827),#9851,.F.);
#10314=ADVANCED_FACE('',(#8828),#9852,.T.);
#10315=ADVANCED_FACE('',(#8829),#9853,.T.);
#10316=ADVANCED_FACE('',(#8830,#8831),#460,.T.);
#10317=ADVANCED_FACE('',(#8832,#8833),#134,.T.);
#10318=ADVANCED_FACE('',(#8834,#8835),#461,.T.);
#10319=ADVANCED_FACE('',(#8836,#8837),#135,.T.);
#10320=ADVANCED_FACE('',(#8838,#8839),#462,.T.);
#10321=ADVANCED_FACE('',(#8840),#9854,.T.);
#10322=ADVANCED_FACE('',(#8841),#9855,.F.);
#10323=ADVANCED_FACE('',(#8842),#9856,.F.);
#10324=ADVANCED_FACE('',(#8843),#9857,.F.);
#10325=ADVANCED_FACE('',(#8844),#9858,.F.);
#10326=ADVANCED_FACE('',(#8845,#8846,#8847,#8848,#8849,#8850,#8851,#8852,
#8853),#9859,.F.);
#10327=ADVANCED_FACE('',(#8854,#8855,#8856,#8857,#8858,#8859,#8860,#8861,
#8862),#9860,.T.);
#10328=ADVANCED_FACE('',(#8863),#9861,.F.);
#10329=ADVANCED_FACE('',(#8864),#9862,.F.);
#10330=ADVANCED_FACE('',(#8865),#9863,.F.);
#10331=ADVANCED_FACE('',(#8866),#9864,.F.);
#10332=ADVANCED_FACE('',(#8867),#9865,.F.);
#10333=ADVANCED_FACE('',(#8868),#9866,.F.);
#10334=ADVANCED_FACE('',(#8869),#9867,.F.);
#10335=ADVANCED_FACE('',(#8870),#9868,.F.);
#10336=ADVANCED_FACE('',(#8871),#9869,.F.);
#10337=ADVANCED_FACE('',(#8872),#9870,.F.);
#10338=ADVANCED_FACE('',(#8873),#9871,.F.);
#10339=ADVANCED_FACE('',(#8874),#9872,.F.);
#10340=ADVANCED_FACE('',(#8875),#9873,.F.);
#10341=ADVANCED_FACE('',(#8876),#9874,.F.);
#10342=ADVANCED_FACE('',(#8877),#9875,.F.);
#10343=ADVANCED_FACE('',(#8878),#9876,.F.);
#10344=ADVANCED_FACE('',(#8879),#9877,.F.);
#10345=ADVANCED_FACE('',(#8880),#9878,.F.);
#10346=ADVANCED_FACE('',(#8881),#9879,.F.);
#10347=ADVANCED_FACE('',(#8882),#9880,.F.);
#10348=ADVANCED_FACE('',(#8883),#9881,.F.);
#10349=ADVANCED_FACE('',(#8884),#9882,.F.);
#10350=ADVANCED_FACE('',(#8885),#9883,.F.);
#10351=ADVANCED_FACE('',(#8886),#9884,.F.);
#10352=ADVANCED_FACE('',(#8887),#9885,.F.);
#10353=ADVANCED_FACE('',(#8888),#9886,.F.);
#10354=ADVANCED_FACE('',(#8889),#9887,.F.);
#10355=ADVANCED_FACE('',(#8890),#9888,.F.);
#10356=ADVANCED_FACE('',(#8891),#9889,.F.);
#10357=ADVANCED_FACE('',(#8892),#9890,.F.);
#10358=ADVANCED_FACE('',(#8893),#9891,.F.);
#10359=ADVANCED_FACE('',(#8894),#9892,.F.);
#10360=ADVANCED_FACE('',(#8895),#9893,.F.);
#10361=ADVANCED_FACE('',(#8896),#9894,.F.);
#10362=ADVANCED_FACE('',(#8897),#9895,.F.);
#10363=ADVANCED_FACE('',(#8898),#9896,.F.);
#10364=ADVANCED_FACE('',(#8899),#9897,.F.);
#10365=ADVANCED_FACE('',(#8900),#9898,.F.);
#10366=ADVANCED_FACE('',(#8901),#9899,.F.);
#10367=ADVANCED_FACE('',(#8902),#9900,.F.);
#10368=ADVANCED_FACE('',(#8903),#9901,.F.);
#10369=ADVANCED_FACE('',(#8904),#9902,.F.);
#10370=ADVANCED_FACE('',(#8905),#9903,.F.);
#10371=ADVANCED_FACE('',(#8906),#9904,.F.);
#10372=ADVANCED_FACE('',(#8907),#9905,.F.);
#10373=ADVANCED_FACE('',(#8908),#9906,.F.);
#10374=ADVANCED_FACE('',(#8909),#9907,.F.);
#10375=ADVANCED_FACE('',(#8910),#9908,.F.);
#10376=ADVANCED_FACE('',(#8911),#9909,.T.);
#10377=ADVANCED_FACE('',(#8912),#9910,.T.);
#10378=ADVANCED_FACE('',(#8913),#9911,.F.);
#10379=ADVANCED_FACE('',(#8914),#9912,.T.);
#10380=ADVANCED_FACE('',(#8915),#9913,.F.);
#10381=ADVANCED_FACE('',(#8916),#9914,.F.);
#10382=ADVANCED_FACE('',(#8917),#9915,.T.);
#10383=ADVANCED_FACE('',(#8918),#9916,.T.);
#10384=ADVANCED_FACE('',(#8919),#9917,.T.);
#10385=ADVANCED_FACE('',(#8920),#9918,.F.);
#10386=ADVANCED_FACE('',(#8921),#9919,.F.);
#10387=ADVANCED_FACE('',(#8922),#9920,.T.);
#10388=ADVANCED_FACE('',(#8923),#9921,.F.);
#10389=ADVANCED_FACE('',(#8924),#9922,.F.);
#10390=ADVANCED_FACE('',(#8925),#9923,.T.);
#10391=ADVANCED_FACE('',(#8926),#9924,.T.);
#10392=ADVANCED_FACE('',(#8927),#9925,.T.);
#10393=ADVANCED_FACE('',(#8928),#9926,.F.);
#10394=ADVANCED_FACE('',(#8929),#9927,.F.);
#10395=ADVANCED_FACE('',(#8930),#9928,.T.);
#10396=ADVANCED_FACE('',(#8931),#9929,.F.);
#10397=ADVANCED_FACE('',(#8932),#9930,.F.);
#10398=ADVANCED_FACE('',(#8933),#9931,.T.);
#10399=ADVANCED_FACE('',(#8934),#9932,.F.);
#10400=ADVANCED_FACE('',(#8935),#9933,.T.);
#10401=ADVANCED_FACE('',(#8936),#9934,.T.);
#10402=ADVANCED_FACE('',(#8937),#9935,.F.);
#10403=ADVANCED_FACE('',(#8938),#9936,.T.);
#10404=ADVANCED_FACE('',(#8939),#9937,.T.);
#10405=ADVANCED_FACE('',(#8940),#9938,.F.);
#10406=ADVANCED_FACE('',(#8941),#9939,.F.);
#10407=ADVANCED_FACE('',(#8942),#9940,.F.);
#10408=ADVANCED_FACE('',(#8943),#9941,.T.);
#10409=ADVANCED_FACE('',(#8944),#9942,.T.);
#10410=ADVANCED_FACE('',(#8945),#9943,.F.);
#10411=ADVANCED_FACE('',(#8946),#9944,.T.);
#10412=ADVANCED_FACE('',(#8947),#9945,.F.);
#10413=ADVANCED_FACE('',(#8948),#9946,.F.);
#10414=ADVANCED_FACE('',(#8949),#9947,.T.);
#10415=ADVANCED_FACE('',(#8950),#9948,.T.);
#10416=ADVANCED_FACE('',(#8951),#9949,.T.);
#10417=ADVANCED_FACE('',(#8952),#9950,.F.);
#10418=ADVANCED_FACE('',(#8953),#9951,.F.);
#10419=ADVANCED_FACE('',(#8954),#9952,.T.);
#10420=ADVANCED_FACE('',(#8955),#9953,.F.);
#10421=ADVANCED_FACE('',(#8956),#9954,.F.);
#10422=ADVANCED_FACE('',(#8957),#9955,.T.);
#10423=ADVANCED_FACE('',(#8958),#9956,.T.);
#10424=ADVANCED_FACE('',(#8959),#9957,.T.);
#10425=ADVANCED_FACE('',(#8960),#9958,.F.);
#10426=ADVANCED_FACE('',(#8961),#9959,.F.);
#10427=ADVANCED_FACE('',(#8962),#9960,.T.);
#10428=ADVANCED_FACE('',(#8963),#9961,.F.);
#10429=ADVANCED_FACE('',(#8964),#9962,.F.);
#10430=ADVANCED_FACE('',(#8965),#9963,.T.);
#10431=ADVANCED_FACE('',(#8966),#9964,.F.);
#10432=ADVANCED_FACE('',(#8967),#9965,.T.);
#10433=ADVANCED_FACE('',(#8968),#9966,.T.);
#10434=ADVANCED_FACE('',(#8969),#9967,.F.);
#10435=ADVANCED_FACE('',(#8970),#9968,.T.);
#10436=ADVANCED_FACE('',(#8971),#9969,.T.);
#10437=ADVANCED_FACE('',(#8972),#9970,.F.);
#10438=ADVANCED_FACE('',(#8973),#9971,.F.);
#10439=ADVANCED_FACE('',(#8974),#9972,.T.);
#10440=ADVANCED_FACE('',(#8975),#9973,.F.);
#10441=ADVANCED_FACE('',(#8976),#9974,.F.);
#10442=ADVANCED_FACE('',(#8977),#9975,.T.);
#10443=ADVANCED_FACE('',(#8978),#9976,.F.);
#10444=ADVANCED_FACE('',(#8979),#9977,.T.);
#10445=ADVANCED_FACE('',(#8980),#9978,.T.);
#10446=ADVANCED_FACE('',(#8981),#9979,.F.);
#10447=ADVANCED_FACE('',(#8982),#9980,.F.);
#10448=ADVANCED_FACE('',(#8983),#9981,.F.);
#10449=ADVANCED_FACE('',(#8984),#9982,.T.);
#10450=ADVANCED_FACE('',(#8985),#9983,.T.);
#10451=ADVANCED_FACE('',(#8986),#9984,.F.);
#10452=ADVANCED_FACE('',(#8987),#9985,.T.);
#10453=ADVANCED_FACE('',(#8988),#9986,.T.);
#10454=ADVANCED_FACE('',(#8989),#9987,.F.);
#10455=ADVANCED_FACE('',(#8990),#9988,.F.);
#10456=ADVANCED_FACE('',(#8991),#9989,.F.);
#10457=ADVANCED_FACE('',(#8992),#9990,.T.);
#10458=ADVANCED_FACE('',(#8993),#9991,.T.);
#10459=ADVANCED_FACE('',(#8994),#9992,.F.);
#10460=ADVANCED_FACE('',(#8995),#9993,.T.);
#10461=ADVANCED_FACE('',(#8996),#9994,.T.);
#10462=ADVANCED_FACE('',(#8997),#9995,.F.);
#10463=ADVANCED_FACE('',(#8998),#9996,.T.);
#10464=ADVANCED_FACE('',(#8999),#9997,.F.);
#10465=ADVANCED_FACE('',(#9000),#9998,.F.);
#10466=ADVANCED_FACE('',(#9001),#9999,.T.);
#10467=ADVANCED_FACE('',(#9002),#10000,.F.);
#10468=ADVANCED_FACE('',(#9003),#10001,.F.);
#10469=ADVANCED_FACE('',(#9004),#10002,.T.);
#10470=ADVANCED_FACE('',(#9005),#10003,.T.);
#10471=ADVANCED_FACE('',(#9006),#10004,.F.);
#10472=ADVANCED_FACE('',(#9007),#10005,.T.);
#10473=ADVANCED_FACE('',(#9008),#10006,.T.);
#10474=ADVANCED_FACE('',(#9009),#10007,.F.);
#10475=ADVANCED_FACE('',(#9010),#10008,.T.);
#10476=ADVANCED_FACE('',(#9011),#10009,.F.);
#10477=ADVANCED_FACE('',(#9012),#10010,.F.);
#10478=ADVANCED_FACE('',(#9013),#10011,.T.);
#10479=ADVANCED_FACE('',(#9014),#10012,.T.);
#10480=ADVANCED_FACE('',(#9015),#10013,.T.);
#10481=ADVANCED_FACE('',(#9016),#10014,.F.);
#10482=ADVANCED_FACE('',(#9017),#10015,.F.);
#10483=ADVANCED_FACE('',(#9018),#10016,.T.);
#10484=ADVANCED_FACE('',(#9019),#10017,.F.);
#10485=ADVANCED_FACE('',(#9020),#10018,.F.);
#10486=ADVANCED_FACE('',(#9021),#10019,.T.);
#10487=ADVANCED_FACE('',(#9022),#10020,.T.);
#10488=ADVANCED_FACE('',(#9023),#10021,.T.);
#10489=ADVANCED_FACE('',(#9024),#10022,.F.);
#10490=ADVANCED_FACE('',(#9025),#10023,.F.);
#10491=ADVANCED_FACE('',(#9026),#10024,.T.);
#10492=ADVANCED_FACE('',(#9027),#10025,.F.);
#10493=ADVANCED_FACE('',(#9028),#10026,.F.);
#10494=ADVANCED_FACE('',(#9029),#10027,.T.);
#10495=ADVANCED_FACE('',(#9030),#10028,.F.);
#10496=ADVANCED_FACE('',(#9031),#10029,.T.);
#10497=ADVANCED_FACE('',(#9032),#10030,.T.);
#10498=ADVANCED_FACE('',(#9033),#10031,.F.);
#10499=ADVANCED_FACE('',(#9034),#10032,.T.);
#10500=ADVANCED_FACE('',(#9035),#10033,.T.);
#10501=ADVANCED_FACE('',(#9036),#10034,.F.);
#10502=ADVANCED_FACE('',(#9037),#10035,.F.);
#10503=ADVANCED_FACE('',(#9038),#10036,.F.);
#10504=ADVANCED_FACE('',(#9039),#10037,.F.);
#10505=ADVANCED_FACE('',(#9040),#10038,.F.);
#10506=ADVANCED_FACE('',(#9041),#10039,.F.);
#10507=ADVANCED_FACE('',(#9042),#10040,.F.);
#10508=ADVANCED_FACE('',(#9043),#10041,.F.);
#10509=ADVANCED_FACE('',(#9044),#10042,.F.);
#10510=ADVANCED_FACE('',(#9045),#10043,.F.);
#10511=ADVANCED_FACE('',(#9046),#10044,.T.);
#10512=ADVANCED_FACE('',(#9047),#10045,.T.);
#10513=ADVANCED_FACE('',(#9048),#10046,.T.);
#10514=ADVANCED_FACE('',(#9049),#10047,.T.);
#10515=ADVANCED_FACE('',(#9050),#10048,.T.);
#10516=ADVANCED_FACE('',(#9051),#10049,.T.);
#10517=ADVANCED_FACE('',(#9052),#10050,.T.);
#10518=ADVANCED_FACE('',(#9053),#10051,.T.);
#10519=ADVANCED_FACE('',(#9054,#9055),#463,.T.);
#10520=ADVANCED_FACE('',(#9056,#9057),#136,.T.);
#10521=ADVANCED_FACE('',(#9058,#9059),#464,.T.);
#10522=ADVANCED_FACE('',(#9060,#9061),#137,.T.);
#10523=ADVANCED_FACE('',(#9062,#9063),#465,.T.);
#10524=ADVANCED_FACE('',(#9064),#10052,.T.);
#10525=ADVANCED_FACE('',(#9065),#10053,.F.);
#10526=ADVANCED_FACE('',(#9066,#9067),#466,.T.);
#10527=ADVANCED_FACE('',(#9068,#9069),#10054,.F.);
#10528=ADVANCED_FACE('',(#9070,#9071),#10055,.T.);
#10529=ADVANCED_FACE('',(#9072,#9073),#467,.T.);
#10530=ADVANCED_FACE('',(#9074,#9075),#468,.T.);
#10531=ADVANCED_FACE('',(#9076,#9077),#138,.T.);
#10532=ADVANCED_FACE('',(#9078,#9079),#139,.T.);
#10533=ADVANCED_FACE('',(#9080),#10056,.F.);
#10534=ADVANCED_FACE('',(#9081),#10057,.T.);
#10535=ADVANCED_FACE('',(#9082,#9083),#469,.T.);
#10536=ADVANCED_FACE('',(#9084,#9085),#10058,.F.);
#10537=ADVANCED_FACE('',(#9086,#9087),#10059,.T.);
#10538=ADVANCED_FACE('',(#9088,#9089),#470,.T.);
#10539=ADVANCED_FACE('',(#9090,#9091),#471,.T.);
#10540=ADVANCED_FACE('',(#9092,#9093),#140,.T.);
#10541=ADVANCED_FACE('',(#9094,#9095),#141,.T.);
#10542=ADVANCED_FACE('',(#9096),#10060,.F.);
#10543=ADVANCED_FACE('',(#9097),#10061,.T.);
#10544=ADVANCED_FACE('',(#9098,#9099),#472,.T.);
#10545=ADVANCED_FACE('',(#9100,#9101),#142,.T.);
#10546=ADVANCED_FACE('',(#9102,#9103),#473,.T.);
#10547=ADVANCED_FACE('',(#9104,#9105),#143,.T.);
#10548=ADVANCED_FACE('',(#9106,#9107),#474,.T.);
#10549=ADVANCED_FACE('',(#9108),#10062,.T.);
#10550=ADVANCED_FACE('',(#9109),#10063,.F.);
#10551=ADVANCED_FACE('',(#9110),#475,.T.);
#10552=ADVANCED_FACE('',(#9111),#10064,.T.);
#10553=ADVANCED_FACE('',(#9112),#10065,.T.);
#10554=ADVANCED_FACE('',(#9113,#9114,#9115,#9116,#9117,#9118,#9119,#9120,
#9121,#9122,#9123,#9124,#9125,#9126,#9127,#9128,#9129,#9130,#9131,#9132,
#9133,#9134,#9135,#9136,#9137,#9138,#9139,#9140,#9141,#9142,#9143,#9144,
#9145,#9146,#9147,#9148,#9149,#9150,#9151,#9152,#9153,#9154,#9155,#9156,
#9157,#9158,#9159,#9160,#9161,#9162,#9163,#9164,#9165,#9166,#9167,#9168,
#9169,#9170,#9171,#9172,#9173,#9174,#9175,#9176,#9177,#9178,#9179,#9180,
#9181,#9182,#9183,#9184,#9185,#9186,#9187,#9188,#9189,#9190,#9191,#9192,
#9193,#9194,#9195,#9196,#9197,#9198,#9199,#9200,#9201,#9202,#9203,#9204),
#10066,.F.);
#10555=ADVANCED_FACE('',(#9205,#9206,#9207,#9208,#9209,#9210,#9211,#9212,
#9213,#9214,#9215,#9216,#9217,#9218,#9219,#9220,#9221,#9222,#9223,#9224,
#9225,#9226,#9227,#9228,#9229,#9230,#9231,#9232,#9233,#9234,#9235,#9236,
#9237,#9238,#9239,#9240,#9241,#9242,#9243,#9244,#9245,#9246,#9247,#9248,
#9249,#9250,#9251,#9252,#9253,#9254,#9255,#9256,#9257,#9258,#9259,#9260,
#9261,#9262,#9263,#9264,#9265,#9266,#9267,#9268,#9269,#9270,#9271,#9272,
#9273,#9274,#9275,#9276,#9277,#9278,#9279,#9280,#9281,#9282,#9283,#9284,
#9285,#9286,#9287,#9288,#9289,#9290,#9291,#9292,#9293,#9294,#9295,#9296),
#10067,.T.);
#10556=ADVANCED_FACE('',(#9297),#476,.T.);
#10557=ADVANCED_FACE('',(#9298),#477,.T.);
#10558=ADVANCED_FACE('',(#9299),#10068,.T.);
#10559=ADVANCED_FACE('',(#9300),#10069,.T.);
#10560=ADVANCED_FACE('',(#9301),#478,.T.);
#10561=ADVANCED_FACE('',(#9302,#9303),#479,.F.);
#10562=ADVANCED_FACE('',(#9304,#9305),#480,.F.);
#10563=ADVANCED_FACE('',(#9306,#9307),#481,.F.);
#10564=ADVANCED_FACE('',(#9308,#9309),#482,.F.);
#10565=ADVANCED_FACE('',(#9310,#9311),#483,.F.);
#10566=ADVANCED_FACE('',(#9312,#9313),#484,.F.);
#10567=ADVANCED_FACE('',(#9314,#9315),#485,.F.);
#10568=ADVANCED_FACE('',(#9316,#9317),#486,.F.);
#10569=ADVANCED_FACE('',(#9318,#9319),#487,.F.);
#10570=ADVANCED_FACE('',(#9320,#9321),#488,.F.);
#10571=ADVANCED_FACE('',(#9322,#9323),#489,.F.);
#10572=ADVANCED_FACE('',(#9324,#9325),#490,.F.);
#10573=ADVANCED_FACE('',(#9326,#9327),#491,.F.);
#10574=ADVANCED_FACE('',(#9328,#9329),#492,.F.);
#10575=ADVANCED_FACE('',(#9330,#9331),#493,.F.);
#10576=ADVANCED_FACE('',(#9332,#9333),#494,.F.);
#10577=ADVANCED_FACE('',(#9334,#9335),#495,.F.);
#10578=ADVANCED_FACE('',(#9336,#9337),#496,.F.);
#10579=ADVANCED_FACE('',(#9338,#9339),#497,.F.);
#10580=ADVANCED_FACE('',(#9340,#9341),#498,.F.);
#10581=ADVANCED_FACE('',(#9342,#9343),#499,.F.);
#10582=ADVANCED_FACE('',(#9344,#9345),#500,.F.);
#10583=ADVANCED_FACE('',(#9346,#9347),#501,.F.);
#10584=ADVANCED_FACE('',(#9348,#9349),#502,.F.);
#10585=ADVANCED_FACE('',(#9350,#9351),#503,.F.);
#10586=ADVANCED_FACE('',(#9352,#9353),#504,.F.);
#10587=ADVANCED_FACE('',(#9354,#9355),#505,.F.);
#10588=ADVANCED_FACE('',(#9356,#9357),#506,.F.);
#10589=ADVANCED_FACE('',(#9358,#9359),#507,.F.);
#10590=ADVANCED_FACE('',(#9360,#9361),#508,.F.);
#10591=ADVANCED_FACE('',(#9362,#9363),#509,.F.);
#10592=ADVANCED_FACE('',(#9364,#9365),#510,.F.);
#10593=ADVANCED_FACE('',(#9366,#9367),#511,.F.);
#10594=ADVANCED_FACE('',(#9368,#9369),#512,.F.);
#10595=ADVANCED_FACE('',(#9370,#9371),#513,.F.);
#10596=ADVANCED_FACE('',(#9372,#9373),#514,.F.);
#10597=ADVANCED_FACE('',(#9374,#9375),#515,.F.);
#10598=ADVANCED_FACE('',(#9376,#9377),#516,.F.);
#10599=ADVANCED_FACE('',(#9378,#9379),#517,.F.);
#10600=ADVANCED_FACE('',(#9380,#9381),#518,.F.);
#10601=ADVANCED_FACE('',(#9382,#9383),#519,.F.);
#10602=ADVANCED_FACE('',(#9384,#9385),#520,.F.);
#10603=ADVANCED_FACE('',(#9386,#9387),#521,.F.);
#10604=ADVANCED_FACE('',(#9388,#9389),#522,.F.);
#10605=ADVANCED_FACE('',(#9390,#9391),#523,.F.);
#10606=ADVANCED_FACE('',(#9392,#9393),#524,.F.);
#10607=ADVANCED_FACE('',(#9394,#9395),#525,.F.);
#10608=ADVANCED_FACE('',(#9396,#9397),#526,.F.);
#10609=ADVANCED_FACE('',(#9398,#9399),#527,.F.);
#10610=ADVANCED_FACE('',(#9400,#9401),#528,.F.);
#10611=ADVANCED_FACE('',(#9402,#9403),#529,.F.);
#10612=ADVANCED_FACE('',(#9404,#9405),#530,.F.);
#10613=ADVANCED_FACE('',(#9406,#9407),#531,.F.);
#10614=ADVANCED_FACE('',(#9408,#9409),#532,.F.);
#10615=ADVANCED_FACE('',(#9410,#9411),#533,.F.);
#10616=ADVANCED_FACE('',(#9412,#9413),#534,.F.);
#10617=ADVANCED_FACE('',(#9414,#9415),#535,.F.);
#10618=ADVANCED_FACE('',(#9416,#9417),#536,.F.);
#10619=ADVANCED_FACE('',(#9418,#9419),#537,.F.);
#10620=ADVANCED_FACE('',(#9420,#9421),#538,.F.);
#10621=ADVANCED_FACE('',(#9422,#9423),#539,.F.);
#10622=ADVANCED_FACE('',(#9424,#9425),#540,.F.);
#10623=ADVANCED_FACE('',(#9426,#9427),#541,.F.);
#10624=ADVANCED_FACE('',(#9428,#9429),#542,.F.);
#10625=ADVANCED_FACE('',(#9430,#9431),#543,.F.);
#10626=ADVANCED_FACE('',(#9432,#9433),#544,.F.);
#10627=ADVANCED_FACE('',(#9434,#9435),#545,.F.);
#10628=ADVANCED_FACE('',(#9436,#9437),#546,.F.);
#10629=ADVANCED_FACE('',(#9438,#9439),#547,.F.);
#10630=ADVANCED_FACE('',(#9440,#9441),#548,.F.);
#10631=ADVANCED_FACE('',(#9442,#9443),#549,.F.);
#10632=ADVANCED_FACE('',(#9444,#9445),#550,.F.);
#10633=ADVANCED_FACE('',(#9446,#9447),#551,.F.);
#10634=ADVANCED_FACE('',(#9448,#9449),#552,.F.);
#10635=ADVANCED_FACE('',(#9450,#9451),#553,.F.);
#10636=ADVANCED_FACE('',(#9452,#9453),#554,.F.);
#10637=ADVANCED_FACE('',(#9454,#9455),#555,.F.);
#10638=ADVANCED_FACE('',(#9456,#9457),#556,.F.);
#10639=ADVANCED_FACE('',(#9458,#9459),#557,.F.);
#10640=ADVANCED_FACE('',(#9460,#9461),#558,.F.);
#10641=ADVANCED_FACE('',(#9462,#9463),#559,.F.);
#10642=ADVANCED_FACE('',(#9464,#9465),#560,.F.);
#10643=ADVANCED_FACE('',(#9466,#9467),#561,.F.);
#10644=ADVANCED_FACE('',(#9468,#9469),#562,.F.);
#10645=ADVANCED_FACE('',(#9470,#9471),#563,.F.);
#10646=ADVANCED_FACE('',(#9472,#9473),#564,.F.);
#10647=ADVANCED_FACE('',(#9474,#9475),#565,.F.);
#10648=ADVANCED_FACE('',(#9476,#9477),#566,.F.);
#10649=ADVANCED_FACE('',(#9478,#9479),#567,.F.);
#10650=ADVANCED_FACE('',(#9480,#9481),#568,.F.);
#10651=ADVANCED_FACE('',(#9482,#9483),#569,.F.);
#10652=ADVANCED_FACE('',(#9484,#9485),#570,.T.);
#10653=ADVANCED_FACE('',(#9486,#9487),#10070,.F.);
#10654=ADVANCED_FACE('',(#9488,#9489),#10071,.T.);
#10655=ADVANCED_FACE('',(#9490,#9491),#571,.T.);
#10656=ADVANCED_FACE('',(#9492,#9493),#572,.T.);
#10657=ADVANCED_FACE('',(#9494,#9495),#144,.T.);
#10658=ADVANCED_FACE('',(#9496,#9497),#145,.T.);
#10659=ADVANCED_FACE('',(#9498),#10072,.F.);
#10660=ADVANCED_FACE('',(#9499),#10073,.T.);
#10661=ADVANCED_FACE('',(#9500,#9501),#573,.T.);
#10662=ADVANCED_FACE('',(#9502,#9503),#146,.T.);
#10663=ADVANCED_FACE('',(#9504,#9505),#574,.T.);
#10664=ADVANCED_FACE('',(#9506,#9507),#147,.T.);
#10665=ADVANCED_FACE('',(#9508,#9509),#575,.T.);
#10666=ADVANCED_FACE('',(#9510),#10074,.T.);
#10667=ADVANCED_FACE('',(#9511),#10075,.F.);
#10668=ADVANCED_FACE('',(#9512,#9513),#576,.T.);
#10669=ADVANCED_FACE('',(#9514,#9515),#10076,.F.);
#10670=ADVANCED_FACE('',(#9516,#9517),#10077,.T.);
#10671=ADVANCED_FACE('',(#9518,#9519),#577,.T.);
#10672=ADVANCED_FACE('',(#9520,#9521),#578,.T.);
#10673=ADVANCED_FACE('',(#9522,#9523),#148,.T.);
#10674=ADVANCED_FACE('',(#9524,#9525),#149,.T.);
#10675=ADVANCED_FACE('',(#9526),#10078,.F.);
#10676=ADVANCED_FACE('',(#9527),#10079,.T.);
#10677=ADVANCED_FACE('',(#9528,#9529),#579,.T.);
#10678=ADVANCED_FACE('',(#9530,#9531),#150,.T.);
#10679=ADVANCED_FACE('',(#9532,#9533),#580,.T.);
#10680=ADVANCED_FACE('',(#9534,#9535),#151,.T.);
#10681=ADVANCED_FACE('',(#9536,#9537),#581,.T.);
#10682=ADVANCED_FACE('',(#9538),#10080,.T.);
#10683=ADVANCED_FACE('',(#9539),#10081,.F.);
#10684=ADVANCED_FACE('',(#9540,#9541),#582,.T.);
#10685=ADVANCED_FACE('',(#9542,#9543),#152,.T.);
#10686=ADVANCED_FACE('',(#9544,#9545),#583,.T.);
#10687=ADVANCED_FACE('',(#9546,#9547),#153,.T.);
#10688=ADVANCED_FACE('',(#9548,#9549),#584,.T.);
#10689=ADVANCED_FACE('',(#9550),#10082,.T.);
#10690=ADVANCED_FACE('',(#9551),#10083,.F.);
#10691=ADVANCED_FACE('',(#9552,#9553),#585,.T.);
#10692=ADVANCED_FACE('',(#9554,#9555),#10084,.F.);
#10693=ADVANCED_FACE('',(#9556,#9557),#10085,.T.);
#10694=ADVANCED_FACE('',(#9558,#9559),#586,.T.);
#10695=ADVANCED_FACE('',(#9560,#9561),#587,.T.);
#10696=ADVANCED_FACE('',(#9562,#9563),#154,.T.);
#10697=ADVANCED_FACE('',(#9564,#9565),#155,.T.);
#10698=ADVANCED_FACE('',(#9566),#10086,.F.);
#10699=ADVANCED_FACE('',(#9567),#10087,.T.);
#10700=ADVANCED_FACE('',(#9568,#9569),#588,.T.);
#10701=ADVANCED_FACE('',(#9570,#9571),#156,.T.);
#10702=ADVANCED_FACE('',(#9572,#9573),#157,.T.);
#10703=ADVANCED_FACE('',(#9574,#9575,#9576),#10088,.F.);
#10704=ADVANCED_FACE('',(#9577,#9578),#10089,.T.);
#10705=ADVANCED_FACE('',(#9579,#9580),#589,.T.);
#10706=ADVANCED_FACE('',(#9581,#9582),#590,.T.);
#10707=ADVANCED_FACE('',(#9583,#9584),#591,.F.);
#10708=ADVANCED_FACE('',(#9585,#9586),#158,.T.);
#10709=ADVANCED_FACE('',(#9587,#9588),#159,.T.);
#10710=ADVANCED_FACE('',(#9589),#10090,.T.);
#10711=ADVANCED_FACE('',(#9590),#10091,.F.);
#10712=ADVANCED_FACE('',(#9591),#10092,.F.);
#10713=ADVANCED_FACE('',(#9592,#9593),#592,.T.);
#10714=ADVANCED_FACE('',(#9594,#9595),#10093,.F.);
#10715=ADVANCED_FACE('',(#9596,#9597),#10094,.T.);
#10716=ADVANCED_FACE('',(#9598,#9599),#593,.T.);
#10717=ADVANCED_FACE('',(#9600,#9601),#594,.T.);
#10718=ADVANCED_FACE('',(#9602,#9603),#160,.T.);
#10719=ADVANCED_FACE('',(#9604,#9605),#161,.T.);
#10720=ADVANCED_FACE('',(#9606),#10095,.F.);
#10721=ADVANCED_FACE('',(#9607),#10096,.T.);
#10722=ADVANCED_FACE('',(#9608,#9609),#595,.T.);
#10723=ADVANCED_FACE('',(#9610,#9611),#10097,.F.);
#10724=ADVANCED_FACE('',(#9612,#9613),#10098,.T.);
#10725=ADVANCED_FACE('',(#9614,#9615),#596,.T.);
#10726=ADVANCED_FACE('',(#9616,#9617),#597,.T.);
#10727=ADVANCED_FACE('',(#9618,#9619),#162,.T.);
#10728=ADVANCED_FACE('',(#9620,#9621),#163,.T.);
#10729=ADVANCED_FACE('',(#9622),#10099,.F.);
#10730=ADVANCED_FACE('',(#9623),#10100,.T.);
#10731=ADVANCED_FACE('',(#9624,#9625),#598,.T.);
#10732=ADVANCED_FACE('',(#9626,#9627),#10101,.F.);
#10733=ADVANCED_FACE('',(#9628,#9629),#10102,.T.);
#10734=ADVANCED_FACE('',(#9630,#9631),#599,.T.);
#10735=ADVANCED_FACE('',(#9632,#9633),#600,.T.);
#10736=ADVANCED_FACE('',(#9634,#9635),#164,.T.);
#10737=ADVANCED_FACE('',(#9636,#9637),#165,.T.);
#10738=ADVANCED_FACE('',(#9638),#10103,.F.);
#10739=ADVANCED_FACE('',(#9639),#10104,.T.);
#10740=ADVANCED_FACE('',(#9640,#9641),#601,.T.);
#10741=ADVANCED_FACE('',(#9642,#9643),#166,.T.);
#10742=ADVANCED_FACE('',(#9644,#9645),#602,.T.);
#10743=ADVANCED_FACE('',(#9646,#9647),#167,.T.);
#10744=ADVANCED_FACE('',(#9648,#9649),#603,.T.);
#10745=ADVANCED_FACE('',(#9650),#10105,.T.);
#10746=ADVANCED_FACE('',(#9651),#10106,.F.);
#10747=ADVANCED_FACE('',(#9652,#9653),#604,.T.);
#10748=ADVANCED_FACE('',(#9654,#9655),#10107,.F.);
#10749=ADVANCED_FACE('',(#9656,#9657),#10108,.T.);
#10750=ADVANCED_FACE('',(#9658,#9659),#605,.T.);
#10751=ADVANCED_FACE('',(#9660,#9661),#606,.T.);
#10752=ADVANCED_FACE('',(#9662,#9663),#168,.T.);
#10753=ADVANCED_FACE('',(#9664,#9665),#169,.T.);
#10754=ADVANCED_FACE('',(#9666),#10109,.F.);
#10755=ADVANCED_FACE('',(#9667),#10110,.T.);
#10756=ADVANCED_FACE('',(#9668,#9669),#607,.T.);
#10757=ADVANCED_FACE('',(#9670,#9671),#170,.T.);
#10758=ADVANCED_FACE('',(#9672,#9673),#608,.T.);
#10759=ADVANCED_FACE('',(#9674,#9675),#171,.T.);
#10760=ADVANCED_FACE('',(#9676,#9677),#609,.T.);
#10761=ADVANCED_FACE('',(#9678),#10111,.T.);
#10762=ADVANCED_FACE('',(#9679),#10112,.F.);
#10763=ADVANCED_FACE('',(#9680,#9681),#610,.T.);
#10764=ADVANCED_FACE('',(#9682,#9683),#172,.T.);
#10765=ADVANCED_FACE('',(#9684,#9685),#611,.T.);
#10766=ADVANCED_FACE('',(#9686,#9687),#173,.T.);
#10767=ADVANCED_FACE('',(#9688,#9689),#612,.T.);
#10768=ADVANCED_FACE('',(#9690),#10113,.T.);
#10769=ADVANCED_FACE('',(#9691),#10114,.F.);
#10770=CLOSED_SHELL('',(#10115,#10116,#10117,#10118,#10119,#10120,#10121,
#10122,#10123,#10124,#10125,#10126,#10127,#10128,#10129,#10130,#10131,#10132,
#10133,#10134,#10135,#10136,#10137,#10138,#10139,#10140));
#10771=CLOSED_SHELL('',(#10141,#10142,#10143,#10144,#10145,#10146,#10147,
#10148,#10149,#10150,#10151,#10152,#10153));
#10772=CLOSED_SHELL('',(#10154,#10155,#10156,#10157,#10158,#10159,#10160,
#10161,#10162,#10163,#10164,#10165,#10166));
#10773=CLOSED_SHELL('',(#10167,#10168,#10169,#10170,#10171,#10172,#10173,
#10174,#10175,#10176,#10177,#10178,#10179,#10180,#10181));
#10774=CLOSED_SHELL('',(#10182,#10183,#10184,#10185,#10186,#10187,#10188,
#10189,#10190,#10191,#10192,#10193,#10194,#10195,#10196,#10197,#10198,#10199,
#10200,#10201,#10202,#10203,#10204,#10205,#10206,#10207,#10208,#10209,#10210,
#10211,#10212,#10213,#10214,#10215,#10216,#10217,#10218,#10219,#10220,#10221,
#10222,#10223,#10224,#10225,#10226,#10227,#10228,#10229,#10230,#10231,#10232,
#10233,#10234,#10235,#10236,#10237,#10238,#10239,#10240,#10241,#10242,#10243,
#10244,#10245,#10246,#10247,#10248,#10249,#10250,#10251,#10252,#10253,#10254,
#10255,#10256,#10257,#10258,#10259));
#10775=CLOSED_SHELL('',(#10260,#10261,#10262,#10263,#10264,#10265,#10266,
#10267,#10268,#10269,#10270,#10271,#10272,#10273,#10274,#10275));
#10776=CLOSED_SHELL('',(#10276,#10277,#10278,#10279,#10280,#10281,#10282,
#10283,#10284,#10285,#10286,#10287,#10288,#10289,#10290,#10291,#10292,#10293,
#10294,#10295,#10296,#10297,#10298,#10299,#10300,#10301,#10302));
#10777=CLOSED_SHELL('',(#10303,#10304,#10305,#10306,#10307,#10308,#10309,
#10310,#10311,#10312,#10313,#10314,#10315));
#10778=CLOSED_SHELL('',(#10316,#10317,#10318,#10319,#10320,#10321,#10322));
#10779=CLOSED_SHELL('',(#10323,#10324,#10325,#10326,#10327,#10328,#10329,
#10330,#10331,#10332,#10333,#10334,#10335,#10336,#10337,#10338,#10339,#10340,
#10341,#10342,#10343,#10344,#10345,#10346,#10347,#10348,#10349,#10350,#10351,
#10352,#10353,#10354,#10355,#10356,#10357,#10358,#10359,#10360,#10361,#10362,
#10363,#10364,#10365,#10366,#10367,#10368,#10369,#10370,#10371,#10372,#10373,
#10374,#10375,#10376,#10377,#10378,#10379,#10380,#10381,#10382,#10383,#10384,
#10385,#10386,#10387,#10388,#10389,#10390,#10391,#10392,#10393,#10394,#10395,
#10396,#10397,#10398,#10399,#10400,#10401,#10402,#10403,#10404,#10405,#10406,
#10407,#10408,#10409,#10410,#10411,#10412,#10413,#10414,#10415,#10416,#10417,
#10418,#10419,#10420,#10421,#10422,#10423,#10424,#10425,#10426,#10427,#10428,
#10429,#10430,#10431,#10432,#10433,#10434,#10435,#10436,#10437,#10438,#10439,
#10440,#10441,#10442,#10443,#10444,#10445,#10446,#10447,#10448,#10449,#10450,
#10451,#10452,#10453,#10454,#10455,#10456,#10457,#10458,#10459,#10460,#10461,
#10462,#10463,#10464,#10465,#10466,#10467,#10468,#10469,#10470,#10471,#10472,
#10473,#10474,#10475,#10476,#10477,#10478,#10479,#10480,#10481,#10482,#10483,
#10484,#10485,#10486,#10487,#10488,#10489,#10490,#10491,#10492,#10493,#10494,
#10495,#10496,#10497,#10498,#10499,#10500,#10501,#10502,#10503,#10504,#10505,
#10506,#10507,#10508,#10509,#10510,#10511,#10512,#10513,#10514,#10515,#10516,
#10517,#10518));
#10780=CLOSED_SHELL('',(#10519,#10520,#10521,#10522,#10523,#10524,#10525));
#10781=CLOSED_SHELL('',(#10526,#10527,#10528,#10529,#10530,#10531,#10532,
#10533,#10534));
#10782=CLOSED_SHELL('',(#10535,#10536,#10537,#10538,#10539,#10540,#10541,
#10542,#10543));
#10783=CLOSED_SHELL('',(#10544,#10545,#10546,#10547,#10548,#10549,#10550));
#10784=CLOSED_SHELL('',(#10551,#10552,#10553,#10554,#10555,#10556,#10557,
#10558,#10559,#10560,#10561,#10562,#10563,#10564,#10565,#10566,#10567,#10568,
#10569,#10570,#10571,#10572,#10573,#10574,#10575,#10576,#10577,#10578,#10579,
#10580,#10581,#10582,#10583,#10584,#10585,#10586,#10587,#10588,#10589,#10590,
#10591,#10592,#10593,#10594,#10595,#10596,#10597,#10598,#10599,#10600,#10601,
#10602,#10603,#10604,#10605,#10606,#10607,#10608,#10609,#10610,#10611,#10612,
#10613,#10614,#10615,#10616,#10617,#10618,#10619,#10620,#10621,#10622,#10623,
#10624,#10625,#10626,#10627,#10628,#10629,#10630,#10631,#10632,#10633,#10634,
#10635,#10636,#10637,#10638,#10639,#10640,#10641,#10642,#10643,#10644,#10645,
#10646,#10647,#10648,#10649,#10650,#10651));
#10785=CLOSED_SHELL('',(#10652,#10653,#10654,#10655,#10656,#10657,#10658,
#10659,#10660));
#10786=CLOSED_SHELL('',(#10661,#10662,#10663,#10664,#10665,#10666,#10667));
#10787=CLOSED_SHELL('',(#10668,#10669,#10670,#10671,#10672,#10673,#10674,
#10675,#10676));
#10788=CLOSED_SHELL('',(#10677,#10678,#10679,#10680,#10681,#10682,#10683));
#10789=CLOSED_SHELL('',(#10684,#10685,#10686,#10687,#10688,#10689,#10690));
#10790=CLOSED_SHELL('',(#10691,#10692,#10693,#10694,#10695,#10696,#10697,
#10698,#10699));
#10791=CLOSED_SHELL('',(#10700,#10701,#10702,#10703,#10704,#10705,#10706,
#10707,#10708,#10709,#10710,#10711,#10712));
#10792=CLOSED_SHELL('',(#10713,#10714,#10715,#10716,#10717,#10718,#10719,
#10720,#10721));
#10793=CLOSED_SHELL('',(#10722,#10723,#10724,#10725,#10726,#10727,#10728,
#10729,#10730));
#10794=CLOSED_SHELL('',(#10731,#10732,#10733,#10734,#10735,#10736,#10737,
#10738,#10739));
#10795=CLOSED_SHELL('',(#10740,#10741,#10742,#10743,#10744,#10745,#10746));
#10796=CLOSED_SHELL('',(#10747,#10748,#10749,#10750,#10751,#10752,#10753,
#10754,#10755));
#10797=CLOSED_SHELL('',(#10756,#10757,#10758,#10759,#10760,#10761,#10762));
#10798=CLOSED_SHELL('',(#10763,#10764,#10765,#10766,#10767,#10768,#10769));
#10799=STYLED_ITEM('',(#10828),#11530);
#10800=STYLED_ITEM('',(#10829),#11531);
#10801=STYLED_ITEM('',(#10830),#11532);
#10802=STYLED_ITEM('',(#10831),#11533);
#10803=STYLED_ITEM('',(#10832),#11534);
#10804=STYLED_ITEM('',(#10833),#11535);
#10805=STYLED_ITEM('',(#10834),#11536);
#10806=STYLED_ITEM('',(#10835),#11537);
#10807=STYLED_ITEM('',(#10836),#11538);
#10808=STYLED_ITEM('',(#10837),#11539);
#10809=STYLED_ITEM('',(#10890),#11540);
#10810=STYLED_ITEM('',(#10891),#11541);
#10811=STYLED_ITEM('',(#10895),#11542);
#10812=STYLED_ITEM('',(#10899),#11543);
#10813=STYLED_ITEM('',(#10900),#11544);
#10814=STYLED_ITEM('',(#10901),#11545);
#10815=STYLED_ITEM('',(#10905),#11546);
#10816=STYLED_ITEM('',(#10906),#11547);
#10817=STYLED_ITEM('',(#10910),#11548);
#10818=STYLED_ITEM('',(#10911),#11549);
#10819=STYLED_ITEM('',(#10912),#11550);
#10820=STYLED_ITEM('',(#10916),#11551);
#10821=STYLED_ITEM('',(#10924),#11552);
#10822=STYLED_ITEM('',(#10928),#11553);
#10823=STYLED_ITEM('',(#10932),#11554);
#10824=STYLED_ITEM('',(#10936),#11555);
#10825=STYLED_ITEM('',(#10937),#11556);
#10826=STYLED_ITEM('',(#10941),#11557);
#10827=STYLED_ITEM('',(#10942),#11558);
#10828=PRESENTATION_STYLE_ASSIGNMENT((#10943));
#10829=PRESENTATION_STYLE_ASSIGNMENT((#10944));
#10830=PRESENTATION_STYLE_ASSIGNMENT((#10945));
#10831=PRESENTATION_STYLE_ASSIGNMENT((#10946));
#10832=PRESENTATION_STYLE_ASSIGNMENT((#10947));
#10833=PRESENTATION_STYLE_ASSIGNMENT((#10948));
#10834=PRESENTATION_STYLE_ASSIGNMENT((#10949));
#10835=PRESENTATION_STYLE_ASSIGNMENT((#10950));
#10836=PRESENTATION_STYLE_ASSIGNMENT((#10951));
#10837=PRESENTATION_STYLE_ASSIGNMENT((#10952));
#10838=PRESENTATION_STYLE_ASSIGNMENT((#10953));
#10839=PRESENTATION_STYLE_ASSIGNMENT((#10954));
#10840=PRESENTATION_STYLE_ASSIGNMENT((#10955));
#10841=PRESENTATION_STYLE_ASSIGNMENT((#10956));
#10842=PRESENTATION_STYLE_ASSIGNMENT((#10957));
#10843=PRESENTATION_STYLE_ASSIGNMENT((#10958));
#10844=PRESENTATION_STYLE_ASSIGNMENT((#10959));
#10845=PRESENTATION_STYLE_ASSIGNMENT((#10960));
#10846=PRESENTATION_STYLE_ASSIGNMENT((#10961));
#10847=PRESENTATION_STYLE_ASSIGNMENT((#10962));
#10848=PRESENTATION_STYLE_ASSIGNMENT((#10963));
#10849=PRESENTATION_STYLE_ASSIGNMENT((#10964));
#10850=PRESENTATION_STYLE_ASSIGNMENT((#10965));
#10851=PRESENTATION_STYLE_ASSIGNMENT((#10966));
#10852=PRESENTATION_STYLE_ASSIGNMENT((#10967));
#10853=PRESENTATION_STYLE_ASSIGNMENT((#10968));
#10854=PRESENTATION_STYLE_ASSIGNMENT((#10969));
#10855=PRESENTATION_STYLE_ASSIGNMENT((#10970));
#10856=PRESENTATION_STYLE_ASSIGNMENT((#10971));
#10857=PRESENTATION_STYLE_ASSIGNMENT((#10972));
#10858=PRESENTATION_STYLE_ASSIGNMENT((#10973));
#10859=PRESENTATION_STYLE_ASSIGNMENT((#10974));
#10860=PRESENTATION_STYLE_ASSIGNMENT((#10975));
#10861=PRESENTATION_STYLE_ASSIGNMENT((#10976));
#10862=PRESENTATION_STYLE_ASSIGNMENT((#10977));
#10863=PRESENTATION_STYLE_ASSIGNMENT((#10978));
#10864=PRESENTATION_STYLE_ASSIGNMENT((#10979));
#10865=PRESENTATION_STYLE_ASSIGNMENT((#10980));
#10866=PRESENTATION_STYLE_ASSIGNMENT((#10981));
#10867=PRESENTATION_STYLE_ASSIGNMENT((#10982));
#10868=PRESENTATION_STYLE_ASSIGNMENT((#10983));
#10869=PRESENTATION_STYLE_ASSIGNMENT((#10984));
#10870=PRESENTATION_STYLE_ASSIGNMENT((#10985));
#10871=PRESENTATION_STYLE_ASSIGNMENT((#10986));
#10872=PRESENTATION_STYLE_ASSIGNMENT((#10987));
#10873=PRESENTATION_STYLE_ASSIGNMENT((#10988));
#10874=PRESENTATION_STYLE_ASSIGNMENT((#10989));
#10875=PRESENTATION_STYLE_ASSIGNMENT((#10990));
#10876=PRESENTATION_STYLE_ASSIGNMENT((#10991));
#10877=PRESENTATION_STYLE_ASSIGNMENT((#10992));
#10878=PRESENTATION_STYLE_ASSIGNMENT((#10993));
#10879=PRESENTATION_STYLE_ASSIGNMENT((#10994));
#10880=PRESENTATION_STYLE_ASSIGNMENT((#10995));
#10881=PRESENTATION_STYLE_ASSIGNMENT((#10996));
#10882=PRESENTATION_STYLE_ASSIGNMENT((#10997));
#10883=PRESENTATION_STYLE_ASSIGNMENT((#10998));
#10884=PRESENTATION_STYLE_ASSIGNMENT((#10999));
#10885=PRESENTATION_STYLE_ASSIGNMENT((#11000));
#10886=PRESENTATION_STYLE_ASSIGNMENT((#11001));
#10887=PRESENTATION_STYLE_ASSIGNMENT((#11002));
#10888=PRESENTATION_STYLE_ASSIGNMENT((#11003));
#10889=PRESENTATION_STYLE_ASSIGNMENT((#11004));
#10890=PRESENTATION_STYLE_ASSIGNMENT((#11005));
#10891=PRESENTATION_STYLE_ASSIGNMENT((#11006));
#10892=PRESENTATION_STYLE_ASSIGNMENT((#11007));
#10893=PRESENTATION_STYLE_ASSIGNMENT((#11008));
#10894=PRESENTATION_STYLE_ASSIGNMENT((#11009));
#10895=PRESENTATION_STYLE_ASSIGNMENT((#11010));
#10896=PRESENTATION_STYLE_ASSIGNMENT((#11011));
#10897=PRESENTATION_STYLE_ASSIGNMENT((#11012));
#10898=PRESENTATION_STYLE_ASSIGNMENT((#11013));
#10899=PRESENTATION_STYLE_ASSIGNMENT((#11014));
#10900=PRESENTATION_STYLE_ASSIGNMENT((#11015));
#10901=PRESENTATION_STYLE_ASSIGNMENT((#11016));
#10902=PRESENTATION_STYLE_ASSIGNMENT((#11017));
#10903=PRESENTATION_STYLE_ASSIGNMENT((#11018));
#10904=PRESENTATION_STYLE_ASSIGNMENT((#11019));
#10905=PRESENTATION_STYLE_ASSIGNMENT((#11020));
#10906=PRESENTATION_STYLE_ASSIGNMENT((#11021));
#10907=PRESENTATION_STYLE_ASSIGNMENT((#11022));
#10908=PRESENTATION_STYLE_ASSIGNMENT((#11023));
#10909=PRESENTATION_STYLE_ASSIGNMENT((#11024));
#10910=PRESENTATION_STYLE_ASSIGNMENT((#11025));
#10911=PRESENTATION_STYLE_ASSIGNMENT((#11026));
#10912=PRESENTATION_STYLE_ASSIGNMENT((#11027));
#10913=PRESENTATION_STYLE_ASSIGNMENT((#11028));
#10914=PRESENTATION_STYLE_ASSIGNMENT((#11029));
#10915=PRESENTATION_STYLE_ASSIGNMENT((#11030));
#10916=PRESENTATION_STYLE_ASSIGNMENT((#11031));
#10917=PRESENTATION_STYLE_ASSIGNMENT((#11032));
#10918=PRESENTATION_STYLE_ASSIGNMENT((#11033));
#10919=PRESENTATION_STYLE_ASSIGNMENT((#11034));
#10920=PRESENTATION_STYLE_ASSIGNMENT((#11035));
#10921=PRESENTATION_STYLE_ASSIGNMENT((#11036));
#10922=PRESENTATION_STYLE_ASSIGNMENT((#11037));
#10923=PRESENTATION_STYLE_ASSIGNMENT((#11038));
#10924=PRESENTATION_STYLE_ASSIGNMENT((#11039));
#10925=PRESENTATION_STYLE_ASSIGNMENT((#11040));
#10926=PRESENTATION_STYLE_ASSIGNMENT((#11041));
#10927=PRESENTATION_STYLE_ASSIGNMENT((#11042));
#10928=PRESENTATION_STYLE_ASSIGNMENT((#11043));
#10929=PRESENTATION_STYLE_ASSIGNMENT((#11044));
#10930=PRESENTATION_STYLE_ASSIGNMENT((#11045));
#10931=PRESENTATION_STYLE_ASSIGNMENT((#11046));
#10932=PRESENTATION_STYLE_ASSIGNMENT((#11047));
#10933=PRESENTATION_STYLE_ASSIGNMENT((#11048));
#10934=PRESENTATION_STYLE_ASSIGNMENT((#11049));
#10935=PRESENTATION_STYLE_ASSIGNMENT((#11050));
#10936=PRESENTATION_STYLE_ASSIGNMENT((#11051));
#10937=PRESENTATION_STYLE_ASSIGNMENT((#11052));
#10938=PRESENTATION_STYLE_ASSIGNMENT((#11053));
#10939=PRESENTATION_STYLE_ASSIGNMENT((#11054));
#10940=PRESENTATION_STYLE_ASSIGNMENT((#11055));
#10941=PRESENTATION_STYLE_ASSIGNMENT((#11056));
#10942=PRESENTATION_STYLE_ASSIGNMENT((#11057));
#10943=SURFACE_STYLE_USAGE(.BOTH.,#11058);
#10944=SURFACE_STYLE_USAGE(.BOTH.,#11059);
#10945=SURFACE_STYLE_USAGE(.BOTH.,#11060);
#10946=SURFACE_STYLE_USAGE(.BOTH.,#11061);
#10947=SURFACE_STYLE_USAGE(.BOTH.,#11062);
#10948=SURFACE_STYLE_USAGE(.BOTH.,#11063);
#10949=SURFACE_STYLE_USAGE(.BOTH.,#11064);
#10950=SURFACE_STYLE_USAGE(.BOTH.,#11065);
#10951=SURFACE_STYLE_USAGE(.BOTH.,#11066);
#10952=SURFACE_STYLE_USAGE(.BOTH.,#11067);
#10953=SURFACE_STYLE_USAGE(.BOTH.,#11068);
#10954=SURFACE_STYLE_USAGE(.BOTH.,#11069);
#10955=SURFACE_STYLE_USAGE(.BOTH.,#11070);
#10956=SURFACE_STYLE_USAGE(.BOTH.,#11071);
#10957=SURFACE_STYLE_USAGE(.BOTH.,#11072);
#10958=SURFACE_STYLE_USAGE(.BOTH.,#11073);
#10959=SURFACE_STYLE_USAGE(.BOTH.,#11074);
#10960=SURFACE_STYLE_USAGE(.BOTH.,#11075);
#10961=SURFACE_STYLE_USAGE(.BOTH.,#11076);
#10962=SURFACE_STYLE_USAGE(.BOTH.,#11077);
#10963=SURFACE_STYLE_USAGE(.BOTH.,#11078);
#10964=SURFACE_STYLE_USAGE(.BOTH.,#11079);
#10965=SURFACE_STYLE_USAGE(.BOTH.,#11080);
#10966=SURFACE_STYLE_USAGE(.BOTH.,#11081);
#10967=SURFACE_STYLE_USAGE(.BOTH.,#11082);
#10968=SURFACE_STYLE_USAGE(.BOTH.,#11083);
#10969=SURFACE_STYLE_USAGE(.BOTH.,#11084);
#10970=SURFACE_STYLE_USAGE(.BOTH.,#11085);
#10971=SURFACE_STYLE_USAGE(.BOTH.,#11086);
#10972=SURFACE_STYLE_USAGE(.BOTH.,#11087);
#10973=SURFACE_STYLE_USAGE(.BOTH.,#11088);
#10974=SURFACE_STYLE_USAGE(.BOTH.,#11089);
#10975=SURFACE_STYLE_USAGE(.BOTH.,#11090);
#10976=SURFACE_STYLE_USAGE(.BOTH.,#11091);
#10977=SURFACE_STYLE_USAGE(.BOTH.,#11092);
#10978=SURFACE_STYLE_USAGE(.BOTH.,#11093);
#10979=SURFACE_STYLE_USAGE(.BOTH.,#11094);
#10980=SURFACE_STYLE_USAGE(.BOTH.,#11095);
#10981=SURFACE_STYLE_USAGE(.BOTH.,#11096);
#10982=SURFACE_STYLE_USAGE(.BOTH.,#11097);
#10983=SURFACE_STYLE_USAGE(.BOTH.,#11098);
#10984=SURFACE_STYLE_USAGE(.BOTH.,#11099);
#10985=SURFACE_STYLE_USAGE(.BOTH.,#11100);
#10986=SURFACE_STYLE_USAGE(.BOTH.,#11101);
#10987=SURFACE_STYLE_USAGE(.BOTH.,#11102);
#10988=SURFACE_STYLE_USAGE(.BOTH.,#11103);
#10989=SURFACE_STYLE_USAGE(.BOTH.,#11104);
#10990=SURFACE_STYLE_USAGE(.BOTH.,#11105);
#10991=SURFACE_STYLE_USAGE(.BOTH.,#11106);
#10992=SURFACE_STYLE_USAGE(.BOTH.,#11107);
#10993=SURFACE_STYLE_USAGE(.BOTH.,#11108);
#10994=SURFACE_STYLE_USAGE(.BOTH.,#11109);
#10995=SURFACE_STYLE_USAGE(.BOTH.,#11110);
#10996=SURFACE_STYLE_USAGE(.BOTH.,#11111);
#10997=SURFACE_STYLE_USAGE(.BOTH.,#11112);
#10998=SURFACE_STYLE_USAGE(.BOTH.,#11113);
#10999=SURFACE_STYLE_USAGE(.BOTH.,#11114);
#11000=SURFACE_STYLE_USAGE(.BOTH.,#11115);
#11001=SURFACE_STYLE_USAGE(.BOTH.,#11116);
#11002=SURFACE_STYLE_USAGE(.BOTH.,#11117);
#11003=SURFACE_STYLE_USAGE(.BOTH.,#11118);
#11004=SURFACE_STYLE_USAGE(.BOTH.,#11119);
#11005=SURFACE_STYLE_USAGE(.BOTH.,#11120);
#11006=SURFACE_STYLE_USAGE(.BOTH.,#11121);
#11007=SURFACE_STYLE_USAGE(.BOTH.,#11122);
#11008=SURFACE_STYLE_USAGE(.BOTH.,#11123);
#11009=SURFACE_STYLE_USAGE(.BOTH.,#11124);
#11010=SURFACE_STYLE_USAGE(.BOTH.,#11125);
#11011=SURFACE_STYLE_USAGE(.BOTH.,#11126);
#11012=SURFACE_STYLE_USAGE(.BOTH.,#11127);
#11013=SURFACE_STYLE_USAGE(.BOTH.,#11128);
#11014=SURFACE_STYLE_USAGE(.BOTH.,#11129);
#11015=SURFACE_STYLE_USAGE(.BOTH.,#11130);
#11016=SURFACE_STYLE_USAGE(.BOTH.,#11131);
#11017=SURFACE_STYLE_USAGE(.BOTH.,#11132);
#11018=SURFACE_STYLE_USAGE(.BOTH.,#11133);
#11019=SURFACE_STYLE_USAGE(.BOTH.,#11134);
#11020=SURFACE_STYLE_USAGE(.BOTH.,#11135);
#11021=SURFACE_STYLE_USAGE(.BOTH.,#11136);
#11022=SURFACE_STYLE_USAGE(.BOTH.,#11137);
#11023=SURFACE_STYLE_USAGE(.BOTH.,#11138);
#11024=SURFACE_STYLE_USAGE(.BOTH.,#11139);
#11025=SURFACE_STYLE_USAGE(.BOTH.,#11140);
#11026=SURFACE_STYLE_USAGE(.BOTH.,#11141);
#11027=SURFACE_STYLE_USAGE(.BOTH.,#11142);
#11028=SURFACE_STYLE_USAGE(.BOTH.,#11143);
#11029=SURFACE_STYLE_USAGE(.BOTH.,#11144);
#11030=SURFACE_STYLE_USAGE(.BOTH.,#11145);
#11031=SURFACE_STYLE_USAGE(.BOTH.,#11146);
#11032=SURFACE_STYLE_USAGE(.BOTH.,#11147);
#11033=SURFACE_STYLE_USAGE(.BOTH.,#11148);
#11034=SURFACE_STYLE_USAGE(.BOTH.,#11149);
#11035=SURFACE_STYLE_USAGE(.BOTH.,#11150);
#11036=SURFACE_STYLE_USAGE(.BOTH.,#11151);
#11037=SURFACE_STYLE_USAGE(.BOTH.,#11152);
#11038=SURFACE_STYLE_USAGE(.BOTH.,#11153);
#11039=SURFACE_STYLE_USAGE(.BOTH.,#11154);
#11040=SURFACE_STYLE_USAGE(.BOTH.,#11155);
#11041=SURFACE_STYLE_USAGE(.BOTH.,#11156);
#11042=SURFACE_STYLE_USAGE(.BOTH.,#11157);
#11043=SURFACE_STYLE_USAGE(.BOTH.,#11158);
#11044=SURFACE_STYLE_USAGE(.BOTH.,#11159);
#11045=SURFACE_STYLE_USAGE(.BOTH.,#11160);
#11046=SURFACE_STYLE_USAGE(.BOTH.,#11161);
#11047=SURFACE_STYLE_USAGE(.BOTH.,#11162);
#11048=SURFACE_STYLE_USAGE(.BOTH.,#11163);
#11049=SURFACE_STYLE_USAGE(.BOTH.,#11164);
#11050=SURFACE_STYLE_USAGE(.BOTH.,#11165);
#11051=SURFACE_STYLE_USAGE(.BOTH.,#11166);
#11052=SURFACE_STYLE_USAGE(.BOTH.,#11167);
#11053=SURFACE_STYLE_USAGE(.BOTH.,#11168);
#11054=SURFACE_STYLE_USAGE(.BOTH.,#11169);
#11055=SURFACE_STYLE_USAGE(.BOTH.,#11170);
#11056=SURFACE_STYLE_USAGE(.BOTH.,#11171);
#11057=SURFACE_STYLE_USAGE(.BOTH.,#11172);
#11058=SURFACE_SIDE_STYLE('',(#11173));
#11059=SURFACE_SIDE_STYLE('',(#11174));
#11060=SURFACE_SIDE_STYLE('',(#11175));
#11061=SURFACE_SIDE_STYLE('',(#11176));
#11062=SURFACE_SIDE_STYLE('',(#11177));
#11063=SURFACE_SIDE_STYLE('',(#11178));
#11064=SURFACE_SIDE_STYLE('',(#11179));
#11065=SURFACE_SIDE_STYLE('',(#11180));
#11066=SURFACE_SIDE_STYLE('',(#11181));
#11067=SURFACE_SIDE_STYLE('',(#11182));
#11068=SURFACE_SIDE_STYLE('',(#11183));
#11069=SURFACE_SIDE_STYLE('',(#11184));
#11070=SURFACE_SIDE_STYLE('',(#11185));
#11071=SURFACE_SIDE_STYLE('',(#11186));
#11072=SURFACE_SIDE_STYLE('',(#11187));
#11073=SURFACE_SIDE_STYLE('',(#11188));
#11074=SURFACE_SIDE_STYLE('',(#11189));
#11075=SURFACE_SIDE_STYLE('',(#11190));
#11076=SURFACE_SIDE_STYLE('',(#11191));
#11077=SURFACE_SIDE_STYLE('',(#11192));
#11078=SURFACE_SIDE_STYLE('',(#11193));
#11079=SURFACE_SIDE_STYLE('',(#11194));
#11080=SURFACE_SIDE_STYLE('',(#11195));
#11081=SURFACE_SIDE_STYLE('',(#11196));
#11082=SURFACE_SIDE_STYLE('',(#11197));
#11083=SURFACE_SIDE_STYLE('',(#11198));
#11084=SURFACE_SIDE_STYLE('',(#11199));
#11085=SURFACE_SIDE_STYLE('',(#11200));
#11086=SURFACE_SIDE_STYLE('',(#11201));
#11087=SURFACE_SIDE_STYLE('',(#11202));
#11088=SURFACE_SIDE_STYLE('',(#11203));
#11089=SURFACE_SIDE_STYLE('',(#11204));
#11090=SURFACE_SIDE_STYLE('',(#11205));
#11091=SURFACE_SIDE_STYLE('',(#11206));
#11092=SURFACE_SIDE_STYLE('',(#11207));
#11093=SURFACE_SIDE_STYLE('',(#11208));
#11094=SURFACE_SIDE_STYLE('',(#11209));
#11095=SURFACE_SIDE_STYLE('',(#11210));
#11096=SURFACE_SIDE_STYLE('',(#11211));
#11097=SURFACE_SIDE_STYLE('',(#11212));
#11098=SURFACE_SIDE_STYLE('',(#11213));
#11099=SURFACE_SIDE_STYLE('',(#11214));
#11100=SURFACE_SIDE_STYLE('',(#11215));
#11101=SURFACE_SIDE_STYLE('',(#11216));
#11102=SURFACE_SIDE_STYLE('',(#11217));
#11103=SURFACE_SIDE_STYLE('',(#11218));
#11104=SURFACE_SIDE_STYLE('',(#11219));
#11105=SURFACE_SIDE_STYLE('',(#11220));
#11106=SURFACE_SIDE_STYLE('',(#11221));
#11107=SURFACE_SIDE_STYLE('',(#11222));
#11108=SURFACE_SIDE_STYLE('',(#11223));
#11109=SURFACE_SIDE_STYLE('',(#11224));
#11110=SURFACE_SIDE_STYLE('',(#11225));
#11111=SURFACE_SIDE_STYLE('',(#11226));
#11112=SURFACE_SIDE_STYLE('',(#11227));
#11113=SURFACE_SIDE_STYLE('',(#11228));
#11114=SURFACE_SIDE_STYLE('',(#11229));
#11115=SURFACE_SIDE_STYLE('',(#11230));
#11116=SURFACE_SIDE_STYLE('',(#11231));
#11117=SURFACE_SIDE_STYLE('',(#11232));
#11118=SURFACE_SIDE_STYLE('',(#11233));
#11119=SURFACE_SIDE_STYLE('',(#11234));
#11120=SURFACE_SIDE_STYLE('',(#11235));
#11121=SURFACE_SIDE_STYLE('',(#11236));
#11122=SURFACE_SIDE_STYLE('',(#11237));
#11123=SURFACE_SIDE_STYLE('',(#11238));
#11124=SURFACE_SIDE_STYLE('',(#11239));
#11125=SURFACE_SIDE_STYLE('',(#11240));
#11126=SURFACE_SIDE_STYLE('',(#11241));
#11127=SURFACE_SIDE_STYLE('',(#11242));
#11128=SURFACE_SIDE_STYLE('',(#11243));
#11129=SURFACE_SIDE_STYLE('',(#11244));
#11130=SURFACE_SIDE_STYLE('',(#11245));
#11131=SURFACE_SIDE_STYLE('',(#11246));
#11132=SURFACE_SIDE_STYLE('',(#11247));
#11133=SURFACE_SIDE_STYLE('',(#11248));
#11134=SURFACE_SIDE_STYLE('',(#11249));
#11135=SURFACE_SIDE_STYLE('',(#11250));
#11136=SURFACE_SIDE_STYLE('',(#11251));
#11137=SURFACE_SIDE_STYLE('',(#11252));
#11138=SURFACE_SIDE_STYLE('',(#11253));
#11139=SURFACE_SIDE_STYLE('',(#11254));
#11140=SURFACE_SIDE_STYLE('',(#11255));
#11141=SURFACE_SIDE_STYLE('',(#11256));
#11142=SURFACE_SIDE_STYLE('',(#11257));
#11143=SURFACE_SIDE_STYLE('',(#11258));
#11144=SURFACE_SIDE_STYLE('',(#11259));
#11145=SURFACE_SIDE_STYLE('',(#11260));
#11146=SURFACE_SIDE_STYLE('',(#11261));
#11147=SURFACE_SIDE_STYLE('',(#11262));
#11148=SURFACE_SIDE_STYLE('',(#11263));
#11149=SURFACE_SIDE_STYLE('',(#11264));
#11150=SURFACE_SIDE_STYLE('',(#11265));
#11151=SURFACE_SIDE_STYLE('',(#11266));
#11152=SURFACE_SIDE_STYLE('',(#11267));
#11153=SURFACE_SIDE_STYLE('',(#11268));
#11154=SURFACE_SIDE_STYLE('',(#11269));
#11155=SURFACE_SIDE_STYLE('',(#11270));
#11156=SURFACE_SIDE_STYLE('',(#11271));
#11157=SURFACE_SIDE_STYLE('',(#11272));
#11158=SURFACE_SIDE_STYLE('',(#11273));
#11159=SURFACE_SIDE_STYLE('',(#11274));
#11160=SURFACE_SIDE_STYLE('',(#11275));
#11161=SURFACE_SIDE_STYLE('',(#11276));
#11162=SURFACE_SIDE_STYLE('',(#11277));
#11163=SURFACE_SIDE_STYLE('',(#11278));
#11164=SURFACE_SIDE_STYLE('',(#11279));
#11165=SURFACE_SIDE_STYLE('',(#11280));
#11166=SURFACE_SIDE_STYLE('',(#11281));
#11167=SURFACE_SIDE_STYLE('',(#11282));
#11168=SURFACE_SIDE_STYLE('',(#11283));
#11169=SURFACE_SIDE_STYLE('',(#11284));
#11170=SURFACE_SIDE_STYLE('',(#11285));
#11171=SURFACE_SIDE_STYLE('',(#11286));
#11172=SURFACE_SIDE_STYLE('',(#11287));
#11173=SURFACE_STYLE_FILL_AREA(#11288);
#11174=SURFACE_STYLE_FILL_AREA(#11289);
#11175=SURFACE_STYLE_FILL_AREA(#11290);
#11176=SURFACE_STYLE_FILL_AREA(#11291);
#11177=SURFACE_STYLE_FILL_AREA(#11292);
#11178=SURFACE_STYLE_FILL_AREA(#11293);
#11179=SURFACE_STYLE_FILL_AREA(#11294);
#11180=SURFACE_STYLE_FILL_AREA(#11295);
#11181=SURFACE_STYLE_FILL_AREA(#11296);
#11182=SURFACE_STYLE_FILL_AREA(#11297);
#11183=SURFACE_STYLE_FILL_AREA(#11298);
#11184=SURFACE_STYLE_FILL_AREA(#11299);
#11185=SURFACE_STYLE_FILL_AREA(#11300);
#11186=SURFACE_STYLE_FILL_AREA(#11301);
#11187=SURFACE_STYLE_FILL_AREA(#11302);
#11188=SURFACE_STYLE_FILL_AREA(#11303);
#11189=SURFACE_STYLE_FILL_AREA(#11304);
#11190=SURFACE_STYLE_FILL_AREA(#11305);
#11191=SURFACE_STYLE_FILL_AREA(#11306);
#11192=SURFACE_STYLE_FILL_AREA(#11307);
#11193=SURFACE_STYLE_FILL_AREA(#11308);
#11194=SURFACE_STYLE_FILL_AREA(#11309);
#11195=SURFACE_STYLE_FILL_AREA(#11310);
#11196=SURFACE_STYLE_FILL_AREA(#11311);
#11197=SURFACE_STYLE_FILL_AREA(#11312);
#11198=SURFACE_STYLE_FILL_AREA(#11313);
#11199=SURFACE_STYLE_FILL_AREA(#11314);
#11200=SURFACE_STYLE_FILL_AREA(#11315);
#11201=SURFACE_STYLE_FILL_AREA(#11316);
#11202=SURFACE_STYLE_FILL_AREA(#11317);
#11203=SURFACE_STYLE_FILL_AREA(#11318);
#11204=SURFACE_STYLE_FILL_AREA(#11319);
#11205=SURFACE_STYLE_FILL_AREA(#11320);
#11206=SURFACE_STYLE_FILL_AREA(#11321);
#11207=SURFACE_STYLE_FILL_AREA(#11322);
#11208=SURFACE_STYLE_FILL_AREA(#11323);
#11209=SURFACE_STYLE_FILL_AREA(#11324);
#11210=SURFACE_STYLE_FILL_AREA(#11325);
#11211=SURFACE_STYLE_FILL_AREA(#11326);
#11212=SURFACE_STYLE_FILL_AREA(#11327);
#11213=SURFACE_STYLE_FILL_AREA(#11328);
#11214=SURFACE_STYLE_FILL_AREA(#11329);
#11215=SURFACE_STYLE_FILL_AREA(#11330);
#11216=SURFACE_STYLE_FILL_AREA(#11331);
#11217=SURFACE_STYLE_FILL_AREA(#11332);
#11218=SURFACE_STYLE_FILL_AREA(#11333);
#11219=SURFACE_STYLE_FILL_AREA(#11334);
#11220=SURFACE_STYLE_FILL_AREA(#11335);
#11221=SURFACE_STYLE_FILL_AREA(#11336);
#11222=SURFACE_STYLE_FILL_AREA(#11337);
#11223=SURFACE_STYLE_FILL_AREA(#11338);
#11224=SURFACE_STYLE_FILL_AREA(#11339);
#11225=SURFACE_STYLE_FILL_AREA(#11340);
#11226=SURFACE_STYLE_FILL_AREA(#11341);
#11227=SURFACE_STYLE_FILL_AREA(#11342);
#11228=SURFACE_STYLE_FILL_AREA(#11343);
#11229=SURFACE_STYLE_FILL_AREA(#11344);
#11230=SURFACE_STYLE_FILL_AREA(#11345);
#11231=SURFACE_STYLE_FILL_AREA(#11346);
#11232=SURFACE_STYLE_FILL_AREA(#11347);
#11233=SURFACE_STYLE_FILL_AREA(#11348);
#11234=SURFACE_STYLE_FILL_AREA(#11349);
#11235=SURFACE_STYLE_FILL_AREA(#11350);
#11236=SURFACE_STYLE_FILL_AREA(#11351);
#11237=SURFACE_STYLE_FILL_AREA(#11352);
#11238=SURFACE_STYLE_FILL_AREA(#11353);
#11239=SURFACE_STYLE_FILL_AREA(#11354);
#11240=SURFACE_STYLE_FILL_AREA(#11355);
#11241=SURFACE_STYLE_FILL_AREA(#11356);
#11242=SURFACE_STYLE_FILL_AREA(#11357);
#11243=SURFACE_STYLE_FILL_AREA(#11358);
#11244=SURFACE_STYLE_FILL_AREA(#11359);
#11245=SURFACE_STYLE_FILL_AREA(#11360);
#11246=SURFACE_STYLE_FILL_AREA(#11361);
#11247=SURFACE_STYLE_FILL_AREA(#11362);
#11248=SURFACE_STYLE_FILL_AREA(#11363);
#11249=SURFACE_STYLE_FILL_AREA(#11364);
#11250=SURFACE_STYLE_FILL_AREA(#11365);
#11251=SURFACE_STYLE_FILL_AREA(#11366);
#11252=SURFACE_STYLE_FILL_AREA(#11367);
#11253=SURFACE_STYLE_FILL_AREA(#11368);
#11254=SURFACE_STYLE_FILL_AREA(#11369);
#11255=SURFACE_STYLE_FILL_AREA(#11370);
#11256=SURFACE_STYLE_FILL_AREA(#11371);
#11257=SURFACE_STYLE_FILL_AREA(#11372);
#11258=SURFACE_STYLE_FILL_AREA(#11373);
#11259=SURFACE_STYLE_FILL_AREA(#11374);
#11260=SURFACE_STYLE_FILL_AREA(#11375);
#11261=SURFACE_STYLE_FILL_AREA(#11376);
#11262=SURFACE_STYLE_FILL_AREA(#11377);
#11263=SURFACE_STYLE_FILL_AREA(#11378);
#11264=SURFACE_STYLE_FILL_AREA(#11379);
#11265=SURFACE_STYLE_FILL_AREA(#11380);
#11266=SURFACE_STYLE_FILL_AREA(#11381);
#11267=SURFACE_STYLE_FILL_AREA(#11382);
#11268=SURFACE_STYLE_FILL_AREA(#11383);
#11269=SURFACE_STYLE_FILL_AREA(#11384);
#11270=SURFACE_STYLE_FILL_AREA(#11385);
#11271=SURFACE_STYLE_FILL_AREA(#11386);
#11272=SURFACE_STYLE_FILL_AREA(#11387);
#11273=SURFACE_STYLE_FILL_AREA(#11388);
#11274=SURFACE_STYLE_FILL_AREA(#11389);
#11275=SURFACE_STYLE_FILL_AREA(#11390);
#11276=SURFACE_STYLE_FILL_AREA(#11391);
#11277=SURFACE_STYLE_FILL_AREA(#11392);
#11278=SURFACE_STYLE_FILL_AREA(#11393);
#11279=SURFACE_STYLE_FILL_AREA(#11394);
#11280=SURFACE_STYLE_FILL_AREA(#11395);
#11281=SURFACE_STYLE_FILL_AREA(#11396);
#11282=SURFACE_STYLE_FILL_AREA(#11397);
#11283=SURFACE_STYLE_FILL_AREA(#11398);
#11284=SURFACE_STYLE_FILL_AREA(#11399);
#11285=SURFACE_STYLE_FILL_AREA(#11400);
#11286=SURFACE_STYLE_FILL_AREA(#11401);
#11287=SURFACE_STYLE_FILL_AREA(#11402);
#11288=FILL_AREA_STYLE('',(#11403));
#11289=FILL_AREA_STYLE('',(#11404));
#11290=FILL_AREA_STYLE('',(#11405));
#11291=FILL_AREA_STYLE('',(#11406));
#11292=FILL_AREA_STYLE('',(#11407));
#11293=FILL_AREA_STYLE('',(#11408));
#11294=FILL_AREA_STYLE('',(#11409));
#11295=FILL_AREA_STYLE('',(#11410));
#11296=FILL_AREA_STYLE('',(#11411));
#11297=FILL_AREA_STYLE('',(#11412));
#11298=FILL_AREA_STYLE('',(#11413));
#11299=FILL_AREA_STYLE('',(#11414));
#11300=FILL_AREA_STYLE('',(#11415));
#11301=FILL_AREA_STYLE('',(#11416));
#11302=FILL_AREA_STYLE('',(#11417));
#11303=FILL_AREA_STYLE('',(#11418));
#11304=FILL_AREA_STYLE('',(#11419));
#11305=FILL_AREA_STYLE('',(#11420));
#11306=FILL_AREA_STYLE('',(#11421));
#11307=FILL_AREA_STYLE('',(#11422));
#11308=FILL_AREA_STYLE('',(#11423));
#11309=FILL_AREA_STYLE('',(#11424));
#11310=FILL_AREA_STYLE('',(#11425));
#11311=FILL_AREA_STYLE('',(#11426));
#11312=FILL_AREA_STYLE('',(#11427));
#11313=FILL_AREA_STYLE('',(#11428));
#11314=FILL_AREA_STYLE('',(#11429));
#11315=FILL_AREA_STYLE('',(#11430));
#11316=FILL_AREA_STYLE('',(#11431));
#11317=FILL_AREA_STYLE('',(#11432));
#11318=FILL_AREA_STYLE('',(#11433));
#11319=FILL_AREA_STYLE('',(#11434));
#11320=FILL_AREA_STYLE('',(#11435));
#11321=FILL_AREA_STYLE('',(#11436));
#11322=FILL_AREA_STYLE('',(#11437));
#11323=FILL_AREA_STYLE('',(#11438));
#11324=FILL_AREA_STYLE('',(#11439));
#11325=FILL_AREA_STYLE('',(#11440));
#11326=FILL_AREA_STYLE('',(#11441));
#11327=FILL_AREA_STYLE('',(#11442));
#11328=FILL_AREA_STYLE('',(#11443));
#11329=FILL_AREA_STYLE('',(#11444));
#11330=FILL_AREA_STYLE('',(#11445));
#11331=FILL_AREA_STYLE('',(#11446));
#11332=FILL_AREA_STYLE('',(#11447));
#11333=FILL_AREA_STYLE('',(#11448));
#11334=FILL_AREA_STYLE('',(#11449));
#11335=FILL_AREA_STYLE('',(#11450));
#11336=FILL_AREA_STYLE('',(#11451));
#11337=FILL_AREA_STYLE('',(#11452));
#11338=FILL_AREA_STYLE('',(#11453));
#11339=FILL_AREA_STYLE('',(#11454));
#11340=FILL_AREA_STYLE('',(#11455));
#11341=FILL_AREA_STYLE('',(#11456));
#11342=FILL_AREA_STYLE('',(#11457));
#11343=FILL_AREA_STYLE('',(#11458));
#11344=FILL_AREA_STYLE('',(#11459));
#11345=FILL_AREA_STYLE('',(#11460));
#11346=FILL_AREA_STYLE('',(#11461));
#11347=FILL_AREA_STYLE('',(#11462));
#11348=FILL_AREA_STYLE('',(#11463));
#11349=FILL_AREA_STYLE('',(#11464));
#11350=FILL_AREA_STYLE('',(#11465));
#11351=FILL_AREA_STYLE('',(#11466));
#11352=FILL_AREA_STYLE('',(#11467));
#11353=FILL_AREA_STYLE('',(#11468));
#11354=FILL_AREA_STYLE('',(#11469));
#11355=FILL_AREA_STYLE('',(#11470));
#11356=FILL_AREA_STYLE('',(#11471));
#11357=FILL_AREA_STYLE('',(#11472));
#11358=FILL_AREA_STYLE('',(#11473));
#11359=FILL_AREA_STYLE('',(#11474));
#11360=FILL_AREA_STYLE('',(#11475));
#11361=FILL_AREA_STYLE('',(#11476));
#11362=FILL_AREA_STYLE('',(#11477));
#11363=FILL_AREA_STYLE('',(#11478));
#11364=FILL_AREA_STYLE('',(#11479));
#11365=FILL_AREA_STYLE('',(#11480));
#11366=FILL_AREA_STYLE('',(#11481));
#11367=FILL_AREA_STYLE('',(#11482));
#11368=FILL_AREA_STYLE('',(#11483));
#11369=FILL_AREA_STYLE('',(#11484));
#11370=FILL_AREA_STYLE('',(#11485));
#11371=FILL_AREA_STYLE('',(#11486));
#11372=FILL_AREA_STYLE('',(#11487));
#11373=FILL_AREA_STYLE('',(#11488));
#11374=FILL_AREA_STYLE('',(#11489));
#11375=FILL_AREA_STYLE('',(#11490));
#11376=FILL_AREA_STYLE('',(#11491));
#11377=FILL_AREA_STYLE('',(#11492));
#11378=FILL_AREA_STYLE('',(#11493));
#11379=FILL_AREA_STYLE('',(#11494));
#11380=FILL_AREA_STYLE('',(#11495));
#11381=FILL_AREA_STYLE('',(#11496));
#11382=FILL_AREA_STYLE('',(#11497));
#11383=FILL_AREA_STYLE('',(#11498));
#11384=FILL_AREA_STYLE('',(#11499));
#11385=FILL_AREA_STYLE('',(#11500));
#11386=FILL_AREA_STYLE('',(#11501));
#11387=FILL_AREA_STYLE('',(#11502));
#11388=FILL_AREA_STYLE('',(#11503));
#11389=FILL_AREA_STYLE('',(#11504));
#11390=FILL_AREA_STYLE('',(#11505));
#11391=FILL_AREA_STYLE('',(#11506));
#11392=FILL_AREA_STYLE('',(#11507));
#11393=FILL_AREA_STYLE('',(#11508));
#11394=FILL_AREA_STYLE('',(#11509));
#11395=FILL_AREA_STYLE('',(#11510));
#11396=FILL_AREA_STYLE('',(#11511));
#11397=FILL_AREA_STYLE('',(#11512));
#11398=FILL_AREA_STYLE('',(#11513));
#11399=FILL_AREA_STYLE('',(#11514));
#11400=FILL_AREA_STYLE('',(#11515));
#11401=FILL_AREA_STYLE('',(#11516));
#11402=FILL_AREA_STYLE('',(#11517));
#11403=FILL_AREA_STYLE_COLOUR('',#11518);
#11404=FILL_AREA_STYLE_COLOUR('',#11519);
#11405=FILL_AREA_STYLE_COLOUR('',#11520);
#11406=FILL_AREA_STYLE_COLOUR('',#112);
#11407=FILL_AREA_STYLE_COLOUR('',#11521);
#11408=FILL_AREA_STYLE_COLOUR('',#11522);
#11409=FILL_AREA_STYLE_COLOUR('',#11522);
#11410=FILL_AREA_STYLE_COLOUR('',#11522);
#11411=FILL_AREA_STYLE_COLOUR('',#11523);
#11412=FILL_AREA_STYLE_COLOUR('',#11524);
#11413=FILL_AREA_STYLE_COLOUR('',#11525);
#11414=FILL_AREA_STYLE_COLOUR('',#11525);
#11415=FILL_AREA_STYLE_COLOUR('',#11525);
#11416=FILL_AREA_STYLE_COLOUR('',#11525);
#11417=FILL_AREA_STYLE_COLOUR('',#11525);
#11418=FILL_AREA_STYLE_COLOUR('',#11525);
#11419=FILL_AREA_STYLE_COLOUR('',#11525);
#11420=FILL_AREA_STYLE_COLOUR('',#11525);
#11421=FILL_AREA_STYLE_COLOUR('',#11525);
#11422=FILL_AREA_STYLE_COLOUR('',#11525);
#11423=FILL_AREA_STYLE_COLOUR('',#11525);
#11424=FILL_AREA_STYLE_COLOUR('',#11525);
#11425=FILL_AREA_STYLE_COLOUR('',#11525);
#11426=FILL_AREA_STYLE_COLOUR('',#11525);
#11427=FILL_AREA_STYLE_COLOUR('',#11525);
#11428=FILL_AREA_STYLE_COLOUR('',#11525);
#11429=FILL_AREA_STYLE_COLOUR('',#11525);
#11430=FILL_AREA_STYLE_COLOUR('',#11525);
#11431=FILL_AREA_STYLE_COLOUR('',#11525);
#11432=FILL_AREA_STYLE_COLOUR('',#11525);
#11433=FILL_AREA_STYLE_COLOUR('',#11525);
#11434=FILL_AREA_STYLE_COLOUR('',#11525);
#11435=FILL_AREA_STYLE_COLOUR('',#11525);
#11436=FILL_AREA_STYLE_COLOUR('',#11525);
#11437=FILL_AREA_STYLE_COLOUR('',#11525);
#11438=FILL_AREA_STYLE_COLOUR('',#11525);
#11439=FILL_AREA_STYLE_COLOUR('',#11525);
#11440=FILL_AREA_STYLE_COLOUR('',#11525);
#11441=FILL_AREA_STYLE_COLOUR('',#11525);
#11442=FILL_AREA_STYLE_COLOUR('',#11525);
#11443=FILL_AREA_STYLE_COLOUR('',#11525);
#11444=FILL_AREA_STYLE_COLOUR('',#11525);
#11445=FILL_AREA_STYLE_COLOUR('',#11525);
#11446=FILL_AREA_STYLE_COLOUR('',#11525);
#11447=FILL_AREA_STYLE_COLOUR('',#11525);
#11448=FILL_AREA_STYLE_COLOUR('',#11525);
#11449=FILL_AREA_STYLE_COLOUR('',#11525);
#11450=FILL_AREA_STYLE_COLOUR('',#11525);
#11451=FILL_AREA_STYLE_COLOUR('',#11525);
#11452=FILL_AREA_STYLE_COLOUR('',#11525);
#11453=FILL_AREA_STYLE_COLOUR('',#11525);
#11454=FILL_AREA_STYLE_COLOUR('',#11525);
#11455=FILL_AREA_STYLE_COLOUR('',#11525);
#11456=FILL_AREA_STYLE_COLOUR('',#11525);
#11457=FILL_AREA_STYLE_COLOUR('',#11525);
#11458=FILL_AREA_STYLE_COLOUR('',#11525);
#11459=FILL_AREA_STYLE_COLOUR('',#11525);
#11460=FILL_AREA_STYLE_COLOUR('',#11525);
#11461=FILL_AREA_STYLE_COLOUR('',#11525);
#11462=FILL_AREA_STYLE_COLOUR('',#11525);
#11463=FILL_AREA_STYLE_COLOUR('',#11525);
#11464=FILL_AREA_STYLE_COLOUR('',#11525);
#11465=FILL_AREA_STYLE_COLOUR('',#11523);
#11466=FILL_AREA_STYLE_COLOUR('',#11526);
#11467=FILL_AREA_STYLE_COLOUR('',#11527);
#11468=FILL_AREA_STYLE_COLOUR('',#11527);
#11469=FILL_AREA_STYLE_COLOUR('',#11527);
#11470=FILL_AREA_STYLE_COLOUR('',#11526);
#11471=FILL_AREA_STYLE_COLOUR('',#11527);
#11472=FILL_AREA_STYLE_COLOUR('',#11527);
#11473=FILL_AREA_STYLE_COLOUR('',#11527);
#11474=FILL_AREA_STYLE_COLOUR('',#11523);
#11475=FILL_AREA_STYLE_COLOUR('',#11528);
#11476=FILL_AREA_STYLE_COLOUR('',#11526);
#11477=FILL_AREA_STYLE_COLOUR('',#11527);
#11478=FILL_AREA_STYLE_COLOUR('',#11527);
#11479=FILL_AREA_STYLE_COLOUR('',#11527);
#11480=FILL_AREA_STYLE_COLOUR('',#11523);
#11481=FILL_AREA_STYLE_COLOUR('',#11526);
#11482=FILL_AREA_STYLE_COLOUR('',#11527);
#11483=FILL_AREA_STYLE_COLOUR('',#11527);
#11484=FILL_AREA_STYLE_COLOUR('',#11527);
#11485=FILL_AREA_STYLE_COLOUR('',#11523);
#11486=FILL_AREA_STYLE_COLOUR('',#11523);
#11487=FILL_AREA_STYLE_COLOUR('',#11526);
#11488=FILL_AREA_STYLE_COLOUR('',#11527);
#11489=FILL_AREA_STYLE_COLOUR('',#11527);
#11490=FILL_AREA_STYLE_COLOUR('',#11527);
#11491=FILL_AREA_STYLE_COLOUR('',#11525);
#11492=FILL_AREA_STYLE_COLOUR('',#11523);
#11493=FILL_AREA_STYLE_COLOUR('',#11523);
#11494=FILL_AREA_STYLE_COLOUR('',#11523);
#11495=FILL_AREA_STYLE_COLOUR('',#11523);
#11496=FILL_AREA_STYLE_COLOUR('',#11529);
#11497=FILL_AREA_STYLE_COLOUR('',#11523);
#11498=FILL_AREA_STYLE_COLOUR('',#11523);
#11499=FILL_AREA_STYLE_COLOUR('',#11526);
#11500=FILL_AREA_STYLE_COLOUR('',#11527);
#11501=FILL_AREA_STYLE_COLOUR('',#11527);
#11502=FILL_AREA_STYLE_COLOUR('',#11527);
#11503=FILL_AREA_STYLE_COLOUR('',#11526);
#11504=FILL_AREA_STYLE_COLOUR('',#11527);
#11505=FILL_AREA_STYLE_COLOUR('',#11527);
#11506=FILL_AREA_STYLE_COLOUR('',#11527);
#11507=FILL_AREA_STYLE_COLOUR('',#11526);
#11508=FILL_AREA_STYLE_COLOUR('',#11527);
#11509=FILL_AREA_STYLE_COLOUR('',#11527);
#11510=FILL_AREA_STYLE_COLOUR('',#11527);
#11511=FILL_AREA_STYLE_COLOUR('',#11523);
#11512=FILL_AREA_STYLE_COLOUR('',#11526);
#11513=FILL_AREA_STYLE_COLOUR('',#11527);
#11514=FILL_AREA_STYLE_COLOUR('',#11527);
#11515=FILL_AREA_STYLE_COLOUR('',#11527);
#11516=FILL_AREA_STYLE_COLOUR('',#11523);
#11517=FILL_AREA_STYLE_COLOUR('',#11523);
#11518=COLOUR_RGB('',0.768627450980392,0.886274509803922,0.952941176470588);
#11519=COLOUR_RGB('',0.972549019607843,0.529411764705882,0.00392156862745098);
#11520=COLOUR_RGB('',0.980392156862745,0.713725490196078,0.00392156862745098);
#11521=COLOUR_RGB('',0.647058823529412,0.647058823529412,0.647058823529412);
#11522=COLOUR_RGB('',0.615686274509804,0.811764705882353,0.929411764705882);
#11523=COLOUR_RGB('',0.823529411764706,0.819607843137255,0.780392156862745);
#11524=COLOUR_RGB('',0.858823529411765,0.737254901960784,0.494117647058824);
#11525=COLOUR_RGB('',0.149019607843137,0.145098039215686,0.145098039215686);
#11526=COLOUR_RGB('',0.,0.631372549019608,0.749019607843137);
#11527=COLOUR_RGB('',0.698039215686275,0.101960784313725,0.0509803921568627);
#11528=COLOUR_RGB('',0.313725490196078,0.486274509803922,0.411764705882353);
#11529=COLOUR_RGB('',0.807843137254902,0.427450980392157,0.149019607843137);
#11530=MANIFOLD_SOLID_BREP('MX switch',#10770);
#11531=MANIFOLD_SOLID_BREP('M3x8 button head',#10771);
#11532=MANIFOLD_SOLID_BREP('Open CASCADE STEP translator 7.9 1.1',#10772);
#11533=MANIFOLD_SOLID_BREP('Part 1',#10773);
#11534=MANIFOLD_SOLID_BREP('Part 1',#10774);
#11535=MANIFOLD_SOLID_BREP('Display clamp rail',#10775);
#11536=MANIFOLD_SOLID_BREP('XIAO ESP32C3 on sockets',#10776);
#11537=MANIFOLD_SOLID_BREP('TFT display',#10777);
#11538=MANIFOLD_SOLID_BREP('D_DO-35_SOD27_P7.62mm_Horizontal_4',#10778);
#11539=MANIFOLD_SOLID_BREP('PinHeader_1x08_P254mm_Vertical',#10779);
#11540=MANIFOLD_SOLID_BREP('D_DO-35_SOD27_P7.62mm_Horizontal',#10780);
#11541=MANIFOLD_SOLID_BREP('D_DO-35_SOD27_P7.62mm_Horizontal_4',#10781);
#11542=MANIFOLD_SOLID_BREP('D_DO-35_SOD27_P7.62mm_Horizontal_8',#10782);
#11543=MANIFOLD_SOLID_BREP('D_DO-35_SOD27_P7.62mm_Horizontal_2',#10783);
#11544=MANIFOLD_SOLID_BREP('kicad_schematic_PCB',#10784);
#11545=MANIFOLD_SOLID_BREP('D_DO-35_SOD27_P7.62mm_Horizontal_6',#10785);
#11546=MANIFOLD_SOLID_BREP('D_DO-35_SOD27_P7.62mm_Horizontal_8',#10786);
#11547=MANIFOLD_SOLID_BREP('D_DO-35_SOD27_P7.62mm_Horizontal_1',#10787);
#11548=MANIFOLD_SOLID_BREP('D_DO-35_SOD27_P7.62mm_Horizontal_7',#10788);
#11549=MANIFOLD_SOLID_BREP('D_DO-35_SOD27_P7.62mm_Horizontal_6',#10789);
#11550=MANIFOLD_SOLID_BREP('D_DO-35_SOD27_P7.62mm_Horizontal_5',#10790);
#11551=MANIFOLD_SOLID_BREP('Buzzer_12x95RM76',#10791);
#11552=MANIFOLD_SOLID_BREP('D_DO-35_SOD27_P7.62mm_Horizontal',#10792);
#11553=MANIFOLD_SOLID_BREP('D_DO-35_SOD27_P7.62mm_Horizontal_7',#10793);
#11554=MANIFOLD_SOLID_BREP('D_DO-35_SOD27_P7.62mm_Horizontal_3',#10794);
#11555=MANIFOLD_SOLID_BREP('D_DO-35_SOD27_P7.62mm_Horizontal_5',#10795);
#11556=MANIFOLD_SOLID_BREP('D_DO-35_SOD27_P7.62mm_Horizontal_2',#10796);
#11557=MANIFOLD_SOLID_BREP('D_DO-35_SOD27_P7.62mm_Horizontal_1',#10797);
#11558=MANIFOLD_SOLID_BREP('D_DO-35_SOD27_P7.62mm_Horizontal_3',#10798);
#11559=SHAPE_DEFINITION_REPRESENTATION(#18796,#11591);
#11560=SHAPE_DEFINITION_REPRESENTATION(#18797,#11592);
#11561=SHAPE_DEFINITION_REPRESENTATION(#18799,#11593);
#11562=SHAPE_DEFINITION_REPRESENTATION(#18801,#11594);
#11563=SHAPE_DEFINITION_REPRESENTATION(#18810,#11595);
#11564=SHAPE_DEFINITION_REPRESENTATION(#18811,#11596);
#11565=SHAPE_DEFINITION_REPRESENTATION(#18813,#11597);
#11566=SHAPE_DEFINITION_REPRESENTATION(#18819,#11598);
#11567=SHAPE_DEFINITION_REPRESENTATION(#18823,#11599);
#11568=SHAPE_DEFINITION_REPRESENTATION(#18829,#11600);
#11569=SHAPE_DEFINITION_REPRESENTATION(#18831,#11601);
#11570=SHAPE_DEFINITION_REPRESENTATION(#18832,#11602);
#11571=SHAPE_DEFINITION_REPRESENTATION(#18834,#11603);
#11572=SHAPE_DEFINITION_REPRESENTATION(#18836,#11604);
#11573=SHAPE_DEFINITION_REPRESENTATION(#18838,#11605);
#11574=SHAPE_DEFINITION_REPRESENTATION(#18840,#11606);
#11575=SHAPE_DEFINITION_REPRESENTATION(#18842,#11607);
#11576=SHAPE_DEFINITION_REPRESENTATION(#18844,#11608);
#11577=SHAPE_DEFINITION_REPRESENTATION(#18846,#11609);
#11578=SHAPE_DEFINITION_REPRESENTATION(#18848,#11610);
#11579=SHAPE_DEFINITION_REPRESENTATION(#18850,#11611);
#11580=SHAPE_DEFINITION_REPRESENTATION(#18852,#11612);
#11581=SHAPE_DEFINITION_REPRESENTATION(#18854,#11613);
#11582=SHAPE_DEFINITION_REPRESENTATION(#18856,#11614);
#11583=SHAPE_DEFINITION_REPRESENTATION(#18858,#11615);
#11584=SHAPE_DEFINITION_REPRESENTATION(#18860,#11616);
#11585=SHAPE_DEFINITION_REPRESENTATION(#18862,#11617);
#11586=SHAPE_DEFINITION_REPRESENTATION(#18864,#11618);
#11587=SHAPE_DEFINITION_REPRESENTATION(#18866,#11619);
#11588=SHAPE_DEFINITION_REPRESENTATION(#18868,#11620);
#11589=SHAPE_DEFINITION_REPRESENTATION(#18870,#11621);
#11590=SHAPE_DEFINITION_REPRESENTATION(#18872,#11622);
#11591=SHAPE_REPRESENTATION('Full Assembly',(#11623,#11652,#11671,#11685,
#11686,#11687,#11688,#11689,#11690,#11691,#11692,#11834,#11835,#11836,#11837,
#11862,#11863,#11864,#11892,#11893,#11894,#11895,#11896,#11914,#12718,#12719),
#18729);
#11592=SHAPE_REPRESENTATION('MX switch',(#11623),#18730);
#11593=SHAPE_REPRESENTATION('M3x8 button head',(#11623),#18731);
#11594=SHAPE_REPRESENTATION('Open CASCADE STEP translator 7.9 1.1',(#11623),
#18732);
#11595=SHAPE_REPRESENTATION('Top and Bottom <1>',(#11623,#11718,#11833),
#18733);
#11596=SHAPE_REPRESENTATION('Part 1',(#11623),#18734);
#11597=SHAPE_REPRESENTATION('Part 1',(#11623),#18735);
#11598=SHAPE_REPRESENTATION('Display clamp rail',(#11623),#18736);
#11599=SHAPE_REPRESENTATION('XIAO ESP32C3 on sockets',(#11623),#18737);
#11600=SHAPE_REPRESENTATION('TFT display',(#11623),#18738);
#11601=SHAPE_REPRESENTATION('PCB assembly <1>',(#11623,#11928,#12125,#12139,
#12157,#12175,#12189,#12481,#12499,#12513,#12531,#12545,#12559,#12577,#12603,
#12621,#12639,#12657,#12671,#12689,#12703,#12717),#18739);
#11602=SHAPE_REPRESENTATION('D_DO-35_SOD27_P7.62mm_Horizontal_4',(#11623),
#18740);
#11603=SHAPE_REPRESENTATION('PinHeader_1x08_P254mm_Vertical',(#11623),#18741);
#11604=SHAPE_REPRESENTATION('D_DO-35_SOD27_P7.62mm_Horizontal',(#11623),
#18742);
#11605=SHAPE_REPRESENTATION('D_DO-35_SOD27_P7.62mm_Horizontal_4',(#11623),
#18743);
#11606=SHAPE_REPRESENTATION('D_DO-35_SOD27_P7.62mm_Horizontal_8',(#11623),
#18744);
#11607=SHAPE_REPRESENTATION('D_DO-35_SOD27_P7.62mm_Horizontal_2',(#11623),
#18745);
#11608=SHAPE_REPRESENTATION('kicad_schematic_PCB',(#11623),#18746);
#11609=SHAPE_REPRESENTATION('D_DO-35_SOD27_P7.62mm_Horizontal_6',(#11623),
#18747);
#11610=SHAPE_REPRESENTATION('D_DO-35_SOD27_P7.62mm_Horizontal_8',(#11623),
#18748);
#11611=SHAPE_REPRESENTATION('D_DO-35_SOD27_P7.62mm_Horizontal_1',(#11623),
#18749);
#11612=SHAPE_REPRESENTATION('D_DO-35_SOD27_P7.62mm_Horizontal_7',(#11623),
#18750);
#11613=SHAPE_REPRESENTATION('D_DO-35_SOD27_P7.62mm_Horizontal_6',(#11623),
#18751);
#11614=SHAPE_REPRESENTATION('D_DO-35_SOD27_P7.62mm_Horizontal_5',(#11623),
#18752);
#11615=SHAPE_REPRESENTATION('Buzzer_12x95RM76',(#11623),#18753);
#11616=SHAPE_REPRESENTATION('D_DO-35_SOD27_P7.62mm_Horizontal',(#11623),
#18754);
#11617=SHAPE_REPRESENTATION('D_DO-35_SOD27_P7.62mm_Horizontal_7',(#11623),
#18755);
#11618=SHAPE_REPRESENTATION('D_DO-35_SOD27_P7.62mm_Horizontal_3',(#11623),
#18756);
#11619=SHAPE_REPRESENTATION('D_DO-35_SOD27_P7.62mm_Horizontal_5',(#11623),
#18757);
#11620=SHAPE_REPRESENTATION('D_DO-35_SOD27_P7.62mm_Horizontal_2',(#11623),
#18758);
#11621=SHAPE_REPRESENTATION('D_DO-35_SOD27_P7.62mm_Horizontal_1',(#11623),
#18759);
#11622=SHAPE_REPRESENTATION('D_DO-35_SOD27_P7.62mm_Horizontal_3',(#11623),
#18760);
#11623=AXIS2_PLACEMENT_3D('',#15762,#12720,#12721);
#11624=AXIS2_PLACEMENT_3D('',#15763,#12722,#12723);
#11625=AXIS2_PLACEMENT_3D('',#15772,#12728,#12729);
#11626=AXIS2_PLACEMENT_3D('',#15778,#12733,#12734);
#11627=AXIS2_PLACEMENT_3D('',#15790,#12741,#12742);
#11628=AXIS2_PLACEMENT_3D('',#15794,#12745,#12746);
#11629=AXIS2_PLACEMENT_3D('',#15796,#12748,#12749);
#11630=AXIS2_PLACEMENT_3D('',#15798,#12750,#12751);
#11631=AXIS2_PLACEMENT_3D('',#15799,#12752,#12753);
#11632=AXIS2_PLACEMENT_3D('',#15805,#12757,#12758);
#11633=AXIS2_PLACEMENT_3D('',#15809,#12761,#12762);
#11634=AXIS2_PLACEMENT_3D('',#15813,#12765,#12766);
#11635=AXIS2_PLACEMENT_3D('',#15815,#12768,#12769);
#11636=AXIS2_PLACEMENT_3D('',#15816,#12770,#12771);
#11637=AXIS2_PLACEMENT_3D('',#15818,#12772,#12773);
#11638=AXIS2_PLACEMENT_3D('',#15843,#12786,#12787);
#11639=AXIS2_PLACEMENT_3D('',#15844,#12788,#12789);
#11640=AXIS2_PLACEMENT_3D('',#15850,#12793,#12794);
#11641=AXIS2_PLACEMENT_3D('',#15854,#12797,#12798);
#11642=AXIS2_PLACEMENT_3D('',#15858,#12801,#12802);
#11643=AXIS2_PLACEMENT_3D('',#15862,#12805,#12806);
#11644=AXIS2_PLACEMENT_3D('',#15866,#12809,#12810);
#11645=AXIS2_PLACEMENT_3D('',#15870,#12813,#12814);
#11646=AXIS2_PLACEMENT_3D('',#15874,#12817,#12818);
#11647=AXIS2_PLACEMENT_3D('',#15878,#12821,#12822);
#11648=AXIS2_PLACEMENT_3D('',#15882,#12825,#12826);
#11649=AXIS2_PLACEMENT_3D('',#15886,#12829,#12830);
#11650=AXIS2_PLACEMENT_3D('',#15890,#12833,#12834);
#11651=AXIS2_PLACEMENT_3D('',#15892,#12836,#12837);
#11652=AXIS2_PLACEMENT_3D('',#15893,#12838,#12839);
#11653=AXIS2_PLACEMENT_3D('',#15894,#12840,#12841);
#11654=AXIS2_PLACEMENT_3D('',#15895,#12842,#12843);
#11655=AXIS2_PLACEMENT_3D('',#15897,#12844,#12845);
#11656=AXIS2_PLACEMENT_3D('',#15899,#12846,#12847);
#11657=AXIS2_PLACEMENT_3D('',#15900,#12848,#12849);
#11658=AXIS2_PLACEMENT_3D('',#15902,#12850,#12851);
#11659=AXIS2_PLACEMENT_3D('',#15903,#12852,#12853);
#11660=AXIS2_PLACEMENT_3D('',#15905,#12854,#12855);
#11661=AXIS2_PLACEMENT_3D('',#15918,#12862,#12863);
#11662=AXIS2_PLACEMENT_3D('',#15919,#12864,#12865);
#11663=AXIS2_PLACEMENT_3D('',#15921,#12866,#12867);
#11664=AXIS2_PLACEMENT_3D('',#15927,#12871,#12872);
#11665=AXIS2_PLACEMENT_3D('',#15931,#12875,#12876);
#11666=AXIS2_PLACEMENT_3D('',#15935,#12879,#12880);
#11667=AXIS2_PLACEMENT_3D('',#15939,#12883,#12884);
#11668=AXIS2_PLACEMENT_3D('',#15943,#12887,#12888);
#11669=AXIS2_PLACEMENT_3D('',#15945,#12890,#12891);
#11670=AXIS2_PLACEMENT_3D('',#15946,#12892,#12893);
#11671=AXIS2_PLACEMENT_3D('',#15947,#12894,#12895);
#11672=AXIS2_PLACEMENT_3D('',#15948,#12896,#12897);
#11673=AXIS2_PLACEMENT_3D('',#15963,#12900,#12901);
#11674=AXIS2_PLACEMENT_3D('',#15984,#12902,#12903);
#11675=AXIS2_PLACEMENT_3D('',#15995,#12907,#12908);
#11676=AXIS2_PLACEMENT_3D('',#16011,#12909,#12910);
#11677=AXIS2_PLACEMENT_3D('',#16034,#12917,#12918);
#11678=AXIS2_PLACEMENT_3D('',#16043,#12921,#12922);
#11679=AXIS2_PLACEMENT_3D('',#16048,#12923,#12924);
#11680=AXIS2_PLACEMENT_3D('',#16057,#12927,#12928);
#11681=AXIS2_PLACEMENT_3D('',#16062,#12929,#12930);
#11682=AXIS2_PLACEMENT_3D('',#16072,#12931,#12932);
#11683=AXIS2_PLACEMENT_3D('',#16082,#12933,#12934);
#11684=AXIS2_PLACEMENT_3D('',#16084,#12936,#12937);
#11685=AXIS2_PLACEMENT_3D('',#16085,#12938,#12939);
#11686=AXIS2_PLACEMENT_3D('',#16086,#12940,#12941);
#11687=AXIS2_PLACEMENT_3D('',#16087,#12942,#12943);
#11688=AXIS2_PLACEMENT_3D('',#16088,#12944,#12945);
#11689=AXIS2_PLACEMENT_3D('',#16089,#12946,#12947);
#11690=AXIS2_PLACEMENT_3D('',#16090,#12948,#12949);
#11691=AXIS2_PLACEMENT_3D('',#16091,#12950,#12951);
#11692=AXIS2_PLACEMENT_3D('',#16092,#12952,#12953);
#11693=AXIS2_PLACEMENT_3D('',#16093,#12954,#12955);
#11694=AXIS2_PLACEMENT_3D('',#16102,#12960,#12961);
#11695=AXIS2_PLACEMENT_3D('',#16104,#12962,#12963);
#11696=AXIS2_PLACEMENT_3D('',#16106,#12964,#12965);
#11697=AXIS2_PLACEMENT_3D('',#16108,#12966,#12967);
#11698=AXIS2_PLACEMENT_3D('',#16110,#12968,#12969);
#11699=AXIS2_PLACEMENT_3D('',#16120,#12974,#12975);
#11700=AXIS2_PLACEMENT_3D('',#16121,#12976,#12977);
#11701=AXIS2_PLACEMENT_3D('',#16123,#12978,#12979);
#11702=AXIS2_PLACEMENT_3D('',#16125,#12980,#12981);
#11703=AXIS2_PLACEMENT_3D('',#16127,#12982,#12983);
#11704=AXIS2_PLACEMENT_3D('',#16140,#12989,#12990);
#11705=AXIS2_PLACEMENT_3D('',#16147,#12994,#12995);
#11706=AXIS2_PLACEMENT_3D('',#16150,#12998,#12999);
#11707=AXIS2_PLACEMENT_3D('',#16153,#13002,#13003);
#11708=AXIS2_PLACEMENT_3D('',#16156,#13006,#13007);
#11709=AXIS2_PLACEMENT_3D('',#16158,#13009,#13010);
#11710=AXIS2_PLACEMENT_3D('',#16160,#13012,#13013);
#11711=AXIS2_PLACEMENT_3D('',#16161,#13014,#13015);
#11712=AXIS2_PLACEMENT_3D('',#16163,#13017,#13018);
#11713=AXIS2_PLACEMENT_3D('',#16164,#13019,#13020);
#11714=AXIS2_PLACEMENT_3D('',#16165,#13021,#13022);
#11715=AXIS2_PLACEMENT_3D('',#16166,#13023,#13024);
#11716=AXIS2_PLACEMENT_3D('',#16167,#13025,#13026);
#11717=AXIS2_PLACEMENT_3D('',#16168,#13027,#13028);
#11718=AXIS2_PLACEMENT_3D('',#16169,#13029,#13030);
#11719=AXIS2_PLACEMENT_3D('',#16170,#13031,#13032);
#11720=AXIS2_PLACEMENT_3D('',#16171,#13033,#13034);
#11721=AXIS2_PLACEMENT_3D('',#16173,#13035,#13036);
#11722=AXIS2_PLACEMENT_3D('',#16191,#13045,#13046);
#11723=AXIS2_PLACEMENT_3D('',#16192,#13047,#13048);
#11724=AXIS2_PLACEMENT_3D('',#16194,#13049,#13050);
#11725=AXIS2_PLACEMENT_3D('',#16220,#13063,#13064);
#11726=AXIS2_PLACEMENT_3D('',#16237,#13073,#13074);
#11727=AXIS2_PLACEMENT_3D('',#16254,#13083,#13084);
#11728=AXIS2_PLACEMENT_3D('',#16258,#13086,#13087);
#11729=AXIS2_PLACEMENT_3D('',#16259,#13088,#13089);
#11730=AXIS2_PLACEMENT_3D('',#16263,#13091,#13092);
#11731=AXIS2_PLACEMENT_3D('',#16272,#13097,#13098);
#11732=AXIS2_PLACEMENT_3D('',#16273,#13099,#13100);
#11733=AXIS2_PLACEMENT_3D('',#16279,#13104,#13105);
#11734=AXIS2_PLACEMENT_3D('',#16285,#13109,#13110);
#11735=AXIS2_PLACEMENT_3D('',#16291,#13114,#13115);
#11736=AXIS2_PLACEMENT_3D('',#16326,#13134,#13135);
#11737=AXIS2_PLACEMENT_3D('',#16327,#13136,#13137);
#11738=AXIS2_PLACEMENT_3D('',#16328,#13138,#13139);
#11739=AXIS2_PLACEMENT_3D('',#16329,#13140,#13141);
#11740=AXIS2_PLACEMENT_3D('',#16330,#13142,#13143);
#11741=AXIS2_PLACEMENT_3D('',#16336,#13147,#13148);
#11742=AXIS2_PLACEMENT_3D('',#16340,#13151,#13152);
#11743=AXIS2_PLACEMENT_3D('',#16344,#13155,#13156);
#11744=AXIS2_PLACEMENT_3D('',#16346,#13158,#13159);
#11745=AXIS2_PLACEMENT_3D('',#16349,#13162,#13163);
#11746=AXIS2_PLACEMENT_3D('',#16351,#13165,#13166);
#11747=AXIS2_PLACEMENT_3D('',#16353,#13168,#13169);
#11748=AXIS2_PLACEMENT_3D('',#16354,#13170,#13171);
#11749=AXIS2_PLACEMENT_3D('',#16355,#13172,#13173);
#11750=AXIS2_PLACEMENT_3D('',#16356,#13174,#13175);
#11751=AXIS2_PLACEMENT_3D('',#16357,#13176,#13177);
#11752=AXIS2_PLACEMENT_3D('',#16358,#13178,#13179);
#11753=AXIS2_PLACEMENT_3D('',#16359,#13180,#13181);
#11754=AXIS2_PLACEMENT_3D('',#16360,#13182,#13183);
#11755=AXIS2_PLACEMENT_3D('',#16361,#13184,#13185);
#11756=AXIS2_PLACEMENT_3D('',#16362,#13186,#13187);
#11757=AXIS2_PLACEMENT_3D('',#16363,#13188,#13189);
#11758=AXIS2_PLACEMENT_3D('',#16364,#13190,#13191);
#11759=AXIS2_PLACEMENT_3D('',#16365,#13192,#13193);
#11760=AXIS2_PLACEMENT_3D('',#16366,#13194,#13195);
#11761=AXIS2_PLACEMENT_3D('',#16367,#13196,#13197);
#11762=AXIS2_PLACEMENT_3D('',#16368,#13198,#13199);
#11763=AXIS2_PLACEMENT_3D('',#16369,#13200,#13201);
#11764=AXIS2_PLACEMENT_3D('',#16370,#13202,#13203);
#11765=AXIS2_PLACEMENT_3D('',#16371,#13204,#13205);
#11766=AXIS2_PLACEMENT_3D('',#16372,#13206,#13207);
#11767=AXIS2_PLACEMENT_3D('',#16373,#13208,#13209);
#11768=AXIS2_PLACEMENT_3D('',#16374,#13210,#13211);
#11769=AXIS2_PLACEMENT_3D('',#16377,#13214,#13215);
#11770=AXIS2_PLACEMENT_3D('',#16379,#13217,#13218);
#11771=AXIS2_PLACEMENT_3D('',#16381,#13220,#13221);
#11772=AXIS2_PLACEMENT_3D('',#16382,#13222,#13223);
#11773=AXIS2_PLACEMENT_3D('',#16388,#13227,#13228);
#11774=AXIS2_PLACEMENT_3D('',#16392,#13231,#13232);
#11775=AXIS2_PLACEMENT_3D('',#16396,#13235,#13236);
#11776=AXIS2_PLACEMENT_3D('',#16398,#13238,#13239);
#11777=AXIS2_PLACEMENT_3D('',#16399,#13240,#13241);
#11778=AXIS2_PLACEMENT_3D('',#16401,#13242,#13243);
#11779=AXIS2_PLACEMENT_3D('',#16407,#13247,#13248);
#11780=AXIS2_PLACEMENT_3D('',#16411,#13251,#13252);
#11781=AXIS2_PLACEMENT_3D('',#16415,#13255,#13256);
#11782=AXIS2_PLACEMENT_3D('',#16417,#13258,#13259);
#11783=AXIS2_PLACEMENT_3D('',#16418,#13260,#13261);
#11784=AXIS2_PLACEMENT_3D('',#16420,#13262,#13263);
#11785=AXIS2_PLACEMENT_3D('',#16426,#13267,#13268);
#11786=AXIS2_PLACEMENT_3D('',#16430,#13271,#13272);
#11787=AXIS2_PLACEMENT_3D('',#16434,#13275,#13276);
#11788=AXIS2_PLACEMENT_3D('',#16436,#13278,#13279);
#11789=AXIS2_PLACEMENT_3D('',#16437,#13280,#13281);
#11790=AXIS2_PLACEMENT_3D('',#16439,#13282,#13283);
#11791=AXIS2_PLACEMENT_3D('',#16445,#13287,#13288);
#11792=AXIS2_PLACEMENT_3D('',#16449,#13291,#13292);
#11793=AXIS2_PLACEMENT_3D('',#16453,#13295,#13296);
#11794=AXIS2_PLACEMENT_3D('',#16455,#13298,#13299);
#11795=AXIS2_PLACEMENT_3D('',#16456,#13300,#13301);
#11796=AXIS2_PLACEMENT_3D('',#16458,#13302,#13303);
#11797=AXIS2_PLACEMENT_3D('',#16459,#13304,#13305);
#11798=AXIS2_PLACEMENT_3D('',#16461,#13306,#13307);
#11799=AXIS2_PLACEMENT_3D('',#16462,#13308,#13309);
#11800=AXIS2_PLACEMENT_3D('',#16464,#13310,#13311);
#11801=AXIS2_PLACEMENT_3D('',#16465,#13312,#13313);
#11802=AXIS2_PLACEMENT_3D('',#16467,#13314,#13315);
#11803=AXIS2_PLACEMENT_3D('',#16468,#13316,#13317);
#11804=AXIS2_PLACEMENT_3D('',#16470,#13318,#13319);
#11805=AXIS2_PLACEMENT_3D('',#16471,#13320,#13321);
#11806=AXIS2_PLACEMENT_3D('',#16473,#13322,#13323);
#11807=AXIS2_PLACEMENT_3D('',#16474,#13324,#13325);
#11808=AXIS2_PLACEMENT_3D('',#16476,#13326,#13327);
#11809=AXIS2_PLACEMENT_3D('',#16477,#13328,#13329);
#11810=AXIS2_PLACEMENT_3D('',#16479,#13330,#13331);
#11811=AXIS2_PLACEMENT_3D('',#16480,#13332,#13333);
#11812=AXIS2_PLACEMENT_3D('',#16482,#13334,#13335);
#11813=AXIS2_PLACEMENT_3D('',#16483,#13336,#13337);
#11814=AXIS2_PLACEMENT_3D('',#16485,#13338,#13339);
#11815=AXIS2_PLACEMENT_3D('',#16486,#13340,#13341);
#11816=AXIS2_PLACEMENT_3D('',#16487,#13342,#13343);
#11817=AXIS2_PLACEMENT_3D('',#16489,#13344,#13345);
#11818=AXIS2_PLACEMENT_3D('',#16490,#13346,#13347);
#11819=AXIS2_PLACEMENT_3D('',#16491,#13348,#13349);
#11820=AXIS2_PLACEMENT_3D('',#16493,#13350,#13351);
#11821=AXIS2_PLACEMENT_3D('',#16494,#13352,#13353);
#11822=AXIS2_PLACEMENT_3D('',#16495,#13354,#13355);
#11823=AXIS2_PLACEMENT_3D('',#16497,#13356,#13357);
#11824=AXIS2_PLACEMENT_3D('',#16498,#13358,#13359);
#11825=AXIS2_PLACEMENT_3D('',#16504,#13363,#13364);
#11826=AXIS2_PLACEMENT_3D('',#16510,#13368,#13369);
#11827=AXIS2_PLACEMENT_3D('',#16516,#13373,#13374);
#11828=AXIS2_PLACEMENT_3D('',#16522,#13378,#13379);
#11829=AXIS2_PLACEMENT_3D('',#16524,#13381,#13382);
#11830=AXIS2_PLACEMENT_3D('',#16526,#13384,#13385);
#11831=AXIS2_PLACEMENT_3D('',#16527,#13386,#13387);
#11832=AXIS2_PLACEMENT_3D('',#16528,#13388,#13389);
#11833=AXIS2_PLACEMENT_3D('',#16529,#13390,#13391);
#11834=AXIS2_PLACEMENT_3D('',#16530,#13392,#13393);
#11835=AXIS2_PLACEMENT_3D('',#16531,#13394,#13395);
#11836=AXIS2_PLACEMENT_3D('',#16532,#13396,#13397);
#11837=AXIS2_PLACEMENT_3D('',#16533,#13398,#13399);
#11838=AXIS2_PLACEMENT_3D('',#16534,#13400,#13401);
#11839=AXIS2_PLACEMENT_3D('',#16543,#13406,#13407);
#11840=AXIS2_PLACEMENT_3D('',#16552,#13412,#13413);
#11841=AXIS2_PLACEMENT_3D('',#16563,#13420,#13421);
#11842=AXIS2_PLACEMENT_3D('',#16569,#13425,#13426);
#11843=AXIS2_PLACEMENT_3D('',#16577,#13432,#13433);
#11844=AXIS2_PLACEMENT_3D('',#16578,#13434,#13435);
#11845=AXIS2_PLACEMENT_3D('',#16580,#13436,#13437);
#11846=AXIS2_PLACEMENT_3D('',#16582,#13438,#13439);
#11847=AXIS2_PLACEMENT_3D('',#16584,#13441,#13442);
#11848=AXIS2_PLACEMENT_3D('',#16586,#13444,#13445);
#11849=AXIS2_PLACEMENT_3D('',#16587,#13446,#13447);
#11850=AXIS2_PLACEMENT_3D('',#16589,#13448,#13449);
#11851=AXIS2_PLACEMENT_3D('',#16591,#13450,#13451);
#11852=AXIS2_PLACEMENT_3D('',#16592,#13452,#13453);
#11853=AXIS2_PLACEMENT_3D('',#16594,#13454,#13455);
#11854=AXIS2_PLACEMENT_3D('',#16595,#13456,#13457);
#11855=AXIS2_PLACEMENT_3D('',#16597,#13458,#13459);
#11856=AXIS2_PLACEMENT_3D('',#16598,#13460,#13461);
#11857=AXIS2_PLACEMENT_3D('',#16599,#13462,#13463);
#11858=AXIS2_PLACEMENT_3D('',#16601,#13464,#13465);
#11859=AXIS2_PLACEMENT_3D('',#16602,#13466,#13467);
#11860=AXIS2_PLACEMENT_3D('',#16603,#13468,#13469);
#11861=AXIS2_PLACEMENT_3D('',#16605,#13470,#13471);
#11862=AXIS2_PLACEMENT_3D('',#16606,#13472,#13473);
#11863=AXIS2_PLACEMENT_3D('',#16607,#13474,#13475);
#11864=AXIS2_PLACEMENT_3D('',#16608,#13476,#13477);
#11865=AXIS2_PLACEMENT_3D('',#16609,#13478,#13479);
#11866=AXIS2_PLACEMENT_3D('',#16618,#13484,#13485);
#11867=AXIS2_PLACEMENT_3D('',#16624,#13489,#13490);
#11868=AXIS2_PLACEMENT_3D('',#16630,#13494,#13495);
#11869=AXIS2_PLACEMENT_3D('',#16633,#13498,#13499);
#11870=AXIS2_PLACEMENT_3D('',#16634,#13500,#13501);
#11871=AXIS2_PLACEMENT_3D('',#16643,#13506,#13507);
#11872=AXIS2_PLACEMENT_3D('',#16649,#13511,#13512);
#11873=AXIS2_PLACEMENT_3D('',#16655,#13516,#13517);
#11874=AXIS2_PLACEMENT_3D('',#16658,#13520,#13521);
#11875=AXIS2_PLACEMENT_3D('',#16659,#13522,#13523);
#11876=AXIS2_PLACEMENT_3D('',#16668,#13528,#13529);
#11877=AXIS2_PLACEMENT_3D('',#16674,#13533,#13534);
#11878=AXIS2_PLACEMENT_3D('',#16680,#13538,#13539);
#11879=AXIS2_PLACEMENT_3D('',#16687,#13544,#13545);
#11880=AXIS2_PLACEMENT_3D('',#16701,#13553,#13554);
#11881=AXIS2_PLACEMENT_3D('',#16702,#13555,#13556);
#11882=AXIS2_PLACEMENT_3D('',#16708,#13560,#13561);
#11883=AXIS2_PLACEMENT_3D('',#16714,#13565,#13566);
#11884=AXIS2_PLACEMENT_3D('',#16718,#13569,#13570);
#11885=AXIS2_PLACEMENT_3D('',#16722,#13573,#13574);
#11886=AXIS2_PLACEMENT_3D('',#16724,#13576,#13577);
#11887=AXIS2_PLACEMENT_3D('',#16725,#13578,#13579);
#11888=AXIS2_PLACEMENT_3D('',#16731,#13583,#13584);
#11889=AXIS2_PLACEMENT_3D('',#16735,#13587,#13588);
#11890=AXIS2_PLACEMENT_3D('',#16739,#13591,#13592);
#11891=AXIS2_PLACEMENT_3D('',#16741,#13594,#13595);
#11892=AXIS2_PLACEMENT_3D('',#16742,#13596,#13597);
#11893=AXIS2_PLACEMENT_3D('',#16743,#13598,#13599);
#11894=AXIS2_PLACEMENT_3D('',#16744,#13600,#13601);
#11895=AXIS2_PLACEMENT_3D('',#16745,#13602,#13603);
#11896=AXIS2_PLACEMENT_3D('',#16746,#13604,#13605);
#11897=AXIS2_PLACEMENT_3D('',#16747,#13606,#13607);
#11898=AXIS2_PLACEMENT_3D('',#16756,#13612,#13613);
#11899=AXIS2_PLACEMENT_3D('',#16762,#13617,#13618);
#11900=AXIS2_PLACEMENT_3D('',#16768,#13622,#13623);
#11901=AXIS2_PLACEMENT_3D('',#16769,#13624,#13625);
#11902=AXIS2_PLACEMENT_3D('',#16771,#13626,#13627);
#11903=AXIS2_PLACEMENT_3D('',#16773,#13628,#13629);
#11904=AXIS2_PLACEMENT_3D('',#16774,#13630,#13631);
#11905=AXIS2_PLACEMENT_3D('',#16776,#13632,#13633);
#11906=AXIS2_PLACEMENT_3D('',#16778,#13634,#13635);
#11907=AXIS2_PLACEMENT_3D('',#16781,#13638,#13639);
#11908=AXIS2_PLACEMENT_3D('',#16790,#13644,#13645);
#11909=AXIS2_PLACEMENT_3D('',#16791,#13646,#13647);
#11910=AXIS2_PLACEMENT_3D('',#16797,#13651,#13652);
#11911=AXIS2_PLACEMENT_3D('',#16801,#13655,#13656);
#11912=AXIS2_PLACEMENT_3D('',#16805,#13659,#13660);
#11913=AXIS2_PLACEMENT_3D('',#16807,#13662,#13663);
#11914=AXIS2_PLACEMENT_3D('',#16808,#13664,#13665);
#11915=AXIS2_PLACEMENT_3D('',#16809,#13666,#13667);
#11916=AXIS2_PLACEMENT_3D('',#16810,#13668,#13669);
#11917=AXIS2_PLACEMENT_3D('',#16812,#13670,#13671);
#11918=AXIS2_PLACEMENT_3D('',#16814,#13672,#13673);
#11919=AXIS2_PLACEMENT_3D('',#16815,#13674,#13675);
#11920=AXIS2_PLACEMENT_3D('',#16817,#13676,#13677);
#11921=AXIS2_PLACEMENT_3D('',#16818,#13678,#13679);
#11922=AXIS2_PLACEMENT_3D('',#16820,#13680,#13681);
#11923=AXIS2_PLACEMENT_3D('',#16821,#13682,#13683);
#11924=AXIS2_PLACEMENT_3D('',#16823,#13684,#13685);
#11925=AXIS2_PLACEMENT_3D('',#16824,#13686,#13687);
#11926=AXIS2_PLACEMENT_3D('',#16826,#13688,#13689);
#11927=AXIS2_PLACEMENT_3D('',#16827,#13690,#13691);
#11928=AXIS2_PLACEMENT_3D('',#16828,#13692,#13693);
#11929=AXIS2_PLACEMENT_3D('',#16829,#13694,#13695);
#11930=AXIS2_PLACEMENT_3D('',#16838,#13700,#13701);
#11931=AXIS2_PLACEMENT_3D('',#16844,#13705,#13706);
#11932=AXIS2_PLACEMENT_3D('',#16850,#13710,#13711);
#11933=AXIS2_PLACEMENT_3D('',#17008,#13791,#13792);
#11934=AXIS2_PLACEMENT_3D('',#17166,#13872,#13873);
#11935=AXIS2_PLACEMENT_3D('',#17168,#13875,#13876);
#11936=AXIS2_PLACEMENT_3D('',#17170,#13878,#13879);
#11937=AXIS2_PLACEMENT_3D('',#17172,#13881,#13882);
#11938=AXIS2_PLACEMENT_3D('',#17174,#13884,#13885);
#11939=AXIS2_PLACEMENT_3D('',#17176,#13887,#13888);
#11940=AXIS2_PLACEMENT_3D('',#17178,#13890,#13891);
#11941=AXIS2_PLACEMENT_3D('',#17180,#13893,#13894);
#11942=AXIS2_PLACEMENT_3D('',#17182,#13896,#13897);
#11943=AXIS2_PLACEMENT_3D('',#17184,#13899,#13900);
#11944=AXIS2_PLACEMENT_3D('',#17186,#13902,#13903);
#11945=AXIS2_PLACEMENT_3D('',#17188,#13905,#13906);
#11946=AXIS2_PLACEMENT_3D('',#17190,#13908,#13909);
#11947=AXIS2_PLACEMENT_3D('',#17192,#13911,#13912);
#11948=AXIS2_PLACEMENT_3D('',#17194,#13914,#13915);
#11949=AXIS2_PLACEMENT_3D('',#17196,#13917,#13918);
#11950=AXIS2_PLACEMENT_3D('',#17198,#13920,#13921);
#11951=AXIS2_PLACEMENT_3D('',#17200,#13923,#13924);
#11952=AXIS2_PLACEMENT_3D('',#17202,#13926,#13927);
#11953=AXIS2_PLACEMENT_3D('',#17204,#13929,#13930);
#11954=AXIS2_PLACEMENT_3D('',#17206,#13932,#13933);
#11955=AXIS2_PLACEMENT_3D('',#17208,#13935,#13936);
#11956=AXIS2_PLACEMENT_3D('',#17210,#13938,#13939);
#11957=AXIS2_PLACEMENT_3D('',#17212,#13941,#13942);
#11958=AXIS2_PLACEMENT_3D('',#17214,#13944,#13945);
#11959=AXIS2_PLACEMENT_3D('',#17216,#13947,#13948);
#11960=AXIS2_PLACEMENT_3D('',#17218,#13950,#13951);
#11961=AXIS2_PLACEMENT_3D('',#17220,#13953,#13954);
#11962=AXIS2_PLACEMENT_3D('',#17222,#13956,#13957);
#11963=AXIS2_PLACEMENT_3D('',#17224,#13959,#13960);
#11964=AXIS2_PLACEMENT_3D('',#17226,#13962,#13963);
#11965=AXIS2_PLACEMENT_3D('',#17228,#13965,#13966);
#11966=AXIS2_PLACEMENT_3D('',#17230,#13968,#13969);
#11967=AXIS2_PLACEMENT_3D('',#17232,#13971,#13972);
#11968=AXIS2_PLACEMENT_3D('',#17234,#13974,#13975);
#11969=AXIS2_PLACEMENT_3D('',#17236,#13977,#13978);
#11970=AXIS2_PLACEMENT_3D('',#17238,#13980,#13981);
#11971=AXIS2_PLACEMENT_3D('',#17240,#13983,#13984);
#11972=AXIS2_PLACEMENT_3D('',#17242,#13986,#13987);
#11973=AXIS2_PLACEMENT_3D('',#17244,#13989,#13990);
#11974=AXIS2_PLACEMENT_3D('',#17246,#13992,#13993);
#11975=AXIS2_PLACEMENT_3D('',#17248,#13995,#13996);
#11976=AXIS2_PLACEMENT_3D('',#17250,#13998,#13999);
#11977=AXIS2_PLACEMENT_3D('',#17252,#14001,#14002);
#11978=AXIS2_PLACEMENT_3D('',#17254,#14004,#14005);
#11979=AXIS2_PLACEMENT_3D('',#17256,#14007,#14008);
#11980=AXIS2_PLACEMENT_3D('',#17258,#14010,#14011);
#11981=AXIS2_PLACEMENT_3D('',#17259,#14012,#14013);
#11982=AXIS2_PLACEMENT_3D('',#17265,#14017,#14018);
#11983=AXIS2_PLACEMENT_3D('',#17269,#14021,#14022);
#11984=AXIS2_PLACEMENT_3D('',#17273,#14025,#14026);
#11985=AXIS2_PLACEMENT_3D('',#17275,#14028,#14029);
#11986=AXIS2_PLACEMENT_3D('',#17281,#14033,#14034);
#11987=AXIS2_PLACEMENT_3D('',#17285,#14037,#14038);
#11988=AXIS2_PLACEMENT_3D('',#17289,#14041,#14042);
#11989=AXIS2_PLACEMENT_3D('',#17291,#14044,#14045);
#11990=AXIS2_PLACEMENT_3D('',#17297,#14049,#14050);
#11991=AXIS2_PLACEMENT_3D('',#17301,#14053,#14054);
#11992=AXIS2_PLACEMENT_3D('',#17305,#14057,#14058);
#11993=AXIS2_PLACEMENT_3D('',#17307,#14060,#14061);
#11994=AXIS2_PLACEMENT_3D('',#17313,#14065,#14066);
#11995=AXIS2_PLACEMENT_3D('',#17317,#14069,#14070);
#11996=AXIS2_PLACEMENT_3D('',#17321,#14073,#14074);
#11997=AXIS2_PLACEMENT_3D('',#17323,#14076,#14077);
#11998=AXIS2_PLACEMENT_3D('',#17329,#14081,#14082);
#11999=AXIS2_PLACEMENT_3D('',#17333,#14085,#14086);
#12000=AXIS2_PLACEMENT_3D('',#17337,#14089,#14090);
#12001=AXIS2_PLACEMENT_3D('',#17339,#14092,#14093);
#12002=AXIS2_PLACEMENT_3D('',#17345,#14097,#14098);
#12003=AXIS2_PLACEMENT_3D('',#17349,#14101,#14102);
#12004=AXIS2_PLACEMENT_3D('',#17353,#14105,#14106);
#12005=AXIS2_PLACEMENT_3D('',#17355,#14108,#14109);
#12006=AXIS2_PLACEMENT_3D('',#17361,#14113,#14114);
#12007=AXIS2_PLACEMENT_3D('',#17365,#14117,#14118);
#12008=AXIS2_PLACEMENT_3D('',#17369,#14121,#14122);
#12009=AXIS2_PLACEMENT_3D('',#17371,#14124,#14125);
#12010=AXIS2_PLACEMENT_3D('',#17377,#14129,#14130);
#12011=AXIS2_PLACEMENT_3D('',#17381,#14133,#14134);
#12012=AXIS2_PLACEMENT_3D('',#17385,#14137,#14138);
#12013=AXIS2_PLACEMENT_3D('',#17387,#14140,#14141);
#12014=AXIS2_PLACEMENT_3D('',#17393,#14145,#14146);
#12015=AXIS2_PLACEMENT_3D('',#17397,#14149,#14150);
#12016=AXIS2_PLACEMENT_3D('',#17401,#14153,#14154);
#12017=AXIS2_PLACEMENT_3D('',#17403,#14156,#14157);
#12018=AXIS2_PLACEMENT_3D('',#17409,#14161,#14162);
#12019=AXIS2_PLACEMENT_3D('',#17413,#14165,#14166);
#12020=AXIS2_PLACEMENT_3D('',#17417,#14169,#14170);
#12021=AXIS2_PLACEMENT_3D('',#17419,#14172,#14173);
#12022=AXIS2_PLACEMENT_3D('',#17425,#14177,#14178);
#12023=AXIS2_PLACEMENT_3D('',#17429,#14181,#14182);
#12024=AXIS2_PLACEMENT_3D('',#17433,#14185,#14186);
#12025=AXIS2_PLACEMENT_3D('',#17435,#14188,#14189);
#12026=AXIS2_PLACEMENT_3D('',#17441,#14193,#14194);
#12027=AXIS2_PLACEMENT_3D('',#17445,#14197,#14198);
#12028=AXIS2_PLACEMENT_3D('',#17449,#14201,#14202);
#12029=AXIS2_PLACEMENT_3D('',#17451,#14204,#14205);
#12030=AXIS2_PLACEMENT_3D('',#17457,#14209,#14210);
#12031=AXIS2_PLACEMENT_3D('',#17461,#14213,#14214);
#12032=AXIS2_PLACEMENT_3D('',#17465,#14217,#14218);
#12033=AXIS2_PLACEMENT_3D('',#17467,#14220,#14221);
#12034=AXIS2_PLACEMENT_3D('',#17473,#14225,#14226);
#12035=AXIS2_PLACEMENT_3D('',#17477,#14229,#14230);
#12036=AXIS2_PLACEMENT_3D('',#17481,#14233,#14234);
#12037=AXIS2_PLACEMENT_3D('',#17483,#14236,#14237);
#12038=AXIS2_PLACEMENT_3D('',#17489,#14241,#14242);
#12039=AXIS2_PLACEMENT_3D('',#17493,#14245,#14246);
#12040=AXIS2_PLACEMENT_3D('',#17497,#14249,#14250);
#12041=AXIS2_PLACEMENT_3D('',#17499,#14252,#14253);
#12042=AXIS2_PLACEMENT_3D('',#17505,#14257,#14258);
#12043=AXIS2_PLACEMENT_3D('',#17509,#14261,#14262);
#12044=AXIS2_PLACEMENT_3D('',#17513,#14265,#14266);
#12045=AXIS2_PLACEMENT_3D('',#17515,#14268,#14269);
#12046=AXIS2_PLACEMENT_3D('',#17521,#14273,#14274);
#12047=AXIS2_PLACEMENT_3D('',#17525,#14277,#14278);
#12048=AXIS2_PLACEMENT_3D('',#17529,#14281,#14282);
#12049=AXIS2_PLACEMENT_3D('',#17531,#14284,#14285);
#12050=AXIS2_PLACEMENT_3D('',#17537,#14289,#14290);
#12051=AXIS2_PLACEMENT_3D('',#17541,#14293,#14294);
#12052=AXIS2_PLACEMENT_3D('',#17545,#14297,#14298);
#12053=AXIS2_PLACEMENT_3D('',#17547,#14300,#14301);
#12054=AXIS2_PLACEMENT_3D('',#17553,#14305,#14306);
#12055=AXIS2_PLACEMENT_3D('',#17557,#14309,#14310);
#12056=AXIS2_PLACEMENT_3D('',#17561,#14313,#14314);
#12057=AXIS2_PLACEMENT_3D('',#17563,#14316,#14317);
#12058=AXIS2_PLACEMENT_3D('',#17569,#14321,#14322);
#12059=AXIS2_PLACEMENT_3D('',#17573,#14325,#14326);
#12060=AXIS2_PLACEMENT_3D('',#17577,#14329,#14330);
#12061=AXIS2_PLACEMENT_3D('',#17579,#14332,#14333);
#12062=AXIS2_PLACEMENT_3D('',#17585,#14337,#14338);
#12063=AXIS2_PLACEMENT_3D('',#17589,#14341,#14342);
#12064=AXIS2_PLACEMENT_3D('',#17593,#14345,#14346);
#12065=AXIS2_PLACEMENT_3D('',#17595,#14348,#14349);
#12066=AXIS2_PLACEMENT_3D('',#17601,#14353,#14354);
#12067=AXIS2_PLACEMENT_3D('',#17605,#14357,#14358);
#12068=AXIS2_PLACEMENT_3D('',#17609,#14361,#14362);
#12069=AXIS2_PLACEMENT_3D('',#17611,#14364,#14365);
#12070=AXIS2_PLACEMENT_3D('',#17617,#14369,#14370);
#12071=AXIS2_PLACEMENT_3D('',#17621,#14373,#14374);
#12072=AXIS2_PLACEMENT_3D('',#17625,#14377,#14378);
#12073=AXIS2_PLACEMENT_3D('',#17627,#14380,#14381);
#12074=AXIS2_PLACEMENT_3D('',#17633,#14385,#14386);
#12075=AXIS2_PLACEMENT_3D('',#17637,#14389,#14390);
#12076=AXIS2_PLACEMENT_3D('',#17641,#14393,#14394);
#12077=AXIS2_PLACEMENT_3D('',#17643,#14396,#14397);
#12078=AXIS2_PLACEMENT_3D('',#17649,#14401,#14402);
#12079=AXIS2_PLACEMENT_3D('',#17653,#14405,#14406);
#12080=AXIS2_PLACEMENT_3D('',#17657,#14409,#14410);
#12081=AXIS2_PLACEMENT_3D('',#17659,#14412,#14413);
#12082=AXIS2_PLACEMENT_3D('',#17665,#14417,#14418);
#12083=AXIS2_PLACEMENT_3D('',#17669,#14421,#14422);
#12084=AXIS2_PLACEMENT_3D('',#17673,#14425,#14426);
#12085=AXIS2_PLACEMENT_3D('',#17675,#14428,#14429);
#12086=AXIS2_PLACEMENT_3D('',#17681,#14433,#14434);
#12087=AXIS2_PLACEMENT_3D('',#17685,#14437,#14438);
#12088=AXIS2_PLACEMENT_3D('',#17689,#14441,#14442);
#12089=AXIS2_PLACEMENT_3D('',#17691,#14444,#14445);
#12090=AXIS2_PLACEMENT_3D('',#17697,#14449,#14450);
#12091=AXIS2_PLACEMENT_3D('',#17701,#14453,#14454);
#12092=AXIS2_PLACEMENT_3D('',#17705,#14457,#14458);
#12093=AXIS2_PLACEMENT_3D('',#17707,#14460,#14461);
#12094=AXIS2_PLACEMENT_3D('',#17713,#14465,#14466);
#12095=AXIS2_PLACEMENT_3D('',#17717,#14469,#14470);
#12096=AXIS2_PLACEMENT_3D('',#17721,#14473,#14474);
#12097=AXIS2_PLACEMENT_3D('',#17723,#14476,#14477);
#12098=AXIS2_PLACEMENT_3D('',#17729,#14481,#14482);
#12099=AXIS2_PLACEMENT_3D('',#17733,#14485,#14486);
#12100=AXIS2_PLACEMENT_3D('',#17737,#14489,#14490);
#12101=AXIS2_PLACEMENT_3D('',#17739,#14492,#14493);
#12102=AXIS2_PLACEMENT_3D('',#17745,#14497,#14498);
#12103=AXIS2_PLACEMENT_3D('',#17749,#14501,#14502);
#12104=AXIS2_PLACEMENT_3D('',#17753,#14505,#14506);
#12105=AXIS2_PLACEMENT_3D('',#17755,#14508,#14509);
#12106=AXIS2_PLACEMENT_3D('',#17761,#14513,#14514);
#12107=AXIS2_PLACEMENT_3D('',#17765,#14517,#14518);
#12108=AXIS2_PLACEMENT_3D('',#17769,#14521,#14522);
#12109=AXIS2_PLACEMENT_3D('',#17771,#14524,#14525);
#12110=AXIS2_PLACEMENT_3D('',#17772,#14526,#14527);
#12111=AXIS2_PLACEMENT_3D('',#17773,#14528,#14529);
#12112=AXIS2_PLACEMENT_3D('',#17774,#14530,#14531);
#12113=AXIS2_PLACEMENT_3D('',#17775,#14532,#14533);
#12114=AXIS2_PLACEMENT_3D('',#17776,#14534,#14535);
#12115=AXIS2_PLACEMENT_3D('',#17777,#14536,#14537);
#12116=AXIS2_PLACEMENT_3D('',#17778,#14538,#14539);
#12117=AXIS2_PLACEMENT_3D('',#17779,#14540,#14541);
#12118=AXIS2_PLACEMENT_3D('',#17780,#14542,#14543);
#12119=AXIS2_PLACEMENT_3D('',#17781,#14544,#14545);
#12120=AXIS2_PLACEMENT_3D('',#17782,#14546,#14547);
#12121=AXIS2_PLACEMENT_3D('',#17783,#14548,#14549);
#12122=AXIS2_PLACEMENT_3D('',#17784,#14550,#14551);
#12123=AXIS2_PLACEMENT_3D('',#17785,#14552,#14553);
#12124=AXIS2_PLACEMENT_3D('',#17786,#14554,#14555);
#12125=AXIS2_PLACEMENT_3D('',#17787,#14556,#14557);
#12126=AXIS2_PLACEMENT_3D('',#17788,#14558,#14559);
#12127=AXIS2_PLACEMENT_3D('',#17789,#14560,#14561);
#12128=AXIS2_PLACEMENT_3D('',#17791,#14562,#14563);
#12129=AXIS2_PLACEMENT_3D('',#17793,#14564,#14565);
#12130=AXIS2_PLACEMENT_3D('',#17794,#14566,#14567);
#12131=AXIS2_PLACEMENT_3D('',#17796,#14568,#14569);
#12132=AXIS2_PLACEMENT_3D('',#17797,#14570,#14571);
#12133=AXIS2_PLACEMENT_3D('',#17799,#14572,#14573);
#12134=AXIS2_PLACEMENT_3D('',#17800,#14574,#14575);
#12135=AXIS2_PLACEMENT_3D('',#17802,#14576,#14577);
#12136=AXIS2_PLACEMENT_3D('',#17803,#14578,#14579);
#12137=AXIS2_PLACEMENT_3D('',#17805,#14580,#14581);
#12138=AXIS2_PLACEMENT_3D('',#17806,#14582,#14583);
#12139=AXIS2_PLACEMENT_3D('',#17807,#14584,#14585);
#12140=AXIS2_PLACEMENT_3D('',#17808,#14586,#14587);
#12141=AXIS2_PLACEMENT_3D('',#17809,#14588,#14589);
#12142=AXIS2_PLACEMENT_3D('',#17811,#14590,#14591);
#12143=AXIS2_PLACEMENT_3D('',#17813,#14592,#14593);
#12144=AXIS2_PLACEMENT_3D('',#17814,#14594,#14595);
#12145=AXIS2_PLACEMENT_3D('',#17816,#14596,#14597);
#12146=AXIS2_PLACEMENT_3D('',#17817,#14598,#14599);
#12147=AXIS2_PLACEMENT_3D('',#17819,#14600,#14601);
#12148=AXIS2_PLACEMENT_3D('',#17820,#14602,#14603);
#12149=AXIS2_PLACEMENT_3D('',#17822,#14604,#14605);
#12150=AXIS2_PLACEMENT_3D('',#17823,#14606,#14607);
#12151=AXIS2_PLACEMENT_3D('',#17825,#14608,#14609);
#12152=AXIS2_PLACEMENT_3D('',#17826,#14610,#14611);
#12153=AXIS2_PLACEMENT_3D('',#17828,#14612,#14613);
#12154=AXIS2_PLACEMENT_3D('',#17829,#14614,#14615);
#12155=AXIS2_PLACEMENT_3D('',#17831,#14616,#14617);
#12156=AXIS2_PLACEMENT_3D('',#17832,#14618,#14619);
#12157=AXIS2_PLACEMENT_3D('',#17833,#14620,#14621);
#12158=AXIS2_PLACEMENT_3D('',#17834,#14622,#14623);
#12159=AXIS2_PLACEMENT_3D('',#17835,#14624,#14625);
#12160=AXIS2_PLACEMENT_3D('',#17837,#14626,#14627);
#12161=AXIS2_PLACEMENT_3D('',#17839,#14628,#14629);
#12162=AXIS2_PLACEMENT_3D('',#17840,#14630,#14631);
#12163=AXIS2_PLACEMENT_3D('',#17842,#14632,#14633);
#12164=AXIS2_PLACEMENT_3D('',#17843,#14634,#14635);
#12165=AXIS2_PLACEMENT_3D('',#17845,#14636,#14637);
#12166=AXIS2_PLACEMENT_3D('',#17846,#14638,#14639);
#12167=AXIS2_PLACEMENT_3D('',#17848,#14640,#14641);
#12168=AXIS2_PLACEMENT_3D('',#17849,#14642,#14643);
#12169=AXIS2_PLACEMENT_3D('',#17851,#14644,#14645);
#12170=AXIS2_PLACEMENT_3D('',#17852,#14646,#14647);
#12171=AXIS2_PLACEMENT_3D('',#17854,#14648,#14649);
#12172=AXIS2_PLACEMENT_3D('',#17855,#14650,#14651);
#12173=AXIS2_PLACEMENT_3D('',#17857,#14652,#14653);
#12174=AXIS2_PLACEMENT_3D('',#17858,#14654,#14655);
#12175=AXIS2_PLACEMENT_3D('',#17859,#14656,#14657);
#12176=AXIS2_PLACEMENT_3D('',#17860,#14658,#14659);
#12177=AXIS2_PLACEMENT_3D('',#17861,#14660,#14661);
#12178=AXIS2_PLACEMENT_3D('',#17863,#14662,#14663);
#12179=AXIS2_PLACEMENT_3D('',#17865,#14664,#14665);
#12180=AXIS2_PLACEMENT_3D('',#17866,#14666,#14667);
#12181=AXIS2_PLACEMENT_3D('',#17868,#14668,#14669);
#12182=AXIS2_PLACEMENT_3D('',#17869,#14670,#14671);
#12183=AXIS2_PLACEMENT_3D('',#17871,#14672,#14673);
#12184=AXIS2_PLACEMENT_3D('',#17872,#14674,#14675);
#12185=AXIS2_PLACEMENT_3D('',#17874,#14676,#14677);
#12186=AXIS2_PLACEMENT_3D('',#17875,#14678,#14679);
#12187=AXIS2_PLACEMENT_3D('',#17877,#14680,#14681);
#12188=AXIS2_PLACEMENT_3D('',#17878,#14682,#14683);
#12189=AXIS2_PLACEMENT_3D('',#17879,#14684,#14685);
#12190=AXIS2_PLACEMENT_3D('',#17880,#14686,#14687);
#12191=AXIS2_PLACEMENT_3D('',#17884,#14689,#14690);
#12192=AXIS2_PLACEMENT_3D('',#17888,#14692,#14693);
#12193=AXIS2_PLACEMENT_3D('',#17889,#14694,#14695);
#12194=AXIS2_PLACEMENT_3D('',#17895,#14699,#14700);
#12195=AXIS2_PLACEMENT_3D('',#17901,#14704,#14705);
#12196=AXIS2_PLACEMENT_3D('',#17902,#14706,#14707);
#12197=AXIS2_PLACEMENT_3D('',#17906,#14709,#14710);
#12198=AXIS2_PLACEMENT_3D('',#17910,#14712,#14713);
#12199=AXIS2_PLACEMENT_3D('',#17911,#14714,#14715);
#12200=AXIS2_PLACEMENT_3D('',#17913,#14716,#14717);
#12201=AXIS2_PLACEMENT_3D('',#17915,#14718,#14719);
#12202=AXIS2_PLACEMENT_3D('',#17917,#14720,#14721);
#12203=AXIS2_PLACEMENT_3D('',#17919,#14722,#14723);
#12204=AXIS2_PLACEMENT_3D('',#17921,#14724,#14725);
#12205=AXIS2_PLACEMENT_3D('',#17923,#14726,#14727);
#12206=AXIS2_PLACEMENT_3D('',#17925,#14728,#14729);
#12207=AXIS2_PLACEMENT_3D('',#17927,#14730,#14731);
#12208=AXIS2_PLACEMENT_3D('',#17929,#14732,#14733);
#12209=AXIS2_PLACEMENT_3D('',#17931,#14734,#14735);
#12210=AXIS2_PLACEMENT_3D('',#17933,#14736,#14737);
#12211=AXIS2_PLACEMENT_3D('',#17935,#14738,#14739);
#12212=AXIS2_PLACEMENT_3D('',#17937,#14740,#14741);
#12213=AXIS2_PLACEMENT_3D('',#17939,#14742,#14743);
#12214=AXIS2_PLACEMENT_3D('',#17941,#14744,#14745);
#12215=AXIS2_PLACEMENT_3D('',#17943,#14746,#14747);
#12216=AXIS2_PLACEMENT_3D('',#17945,#14748,#14749);
#12217=AXIS2_PLACEMENT_3D('',#17947,#14750,#14751);
#12218=AXIS2_PLACEMENT_3D('',#17949,#14752,#14753);
#12219=AXIS2_PLACEMENT_3D('',#17951,#14754,#14755);
#12220=AXIS2_PLACEMENT_3D('',#17953,#14756,#14757);
#12221=AXIS2_PLACEMENT_3D('',#17955,#14758,#14759);
#12222=AXIS2_PLACEMENT_3D('',#17957,#14760,#14761);
#12223=AXIS2_PLACEMENT_3D('',#17959,#14762,#14763);
#12224=AXIS2_PLACEMENT_3D('',#17961,#14764,#14765);
#12225=AXIS2_PLACEMENT_3D('',#17963,#14766,#14767);
#12226=AXIS2_PLACEMENT_3D('',#17965,#14768,#14769);
#12227=AXIS2_PLACEMENT_3D('',#17967,#14770,#14771);
#12228=AXIS2_PLACEMENT_3D('',#17969,#14772,#14773);
#12229=AXIS2_PLACEMENT_3D('',#17971,#14774,#14775);
#12230=AXIS2_PLACEMENT_3D('',#17973,#14776,#14777);
#12231=AXIS2_PLACEMENT_3D('',#17975,#14778,#14779);
#12232=AXIS2_PLACEMENT_3D('',#17977,#14780,#14781);
#12233=AXIS2_PLACEMENT_3D('',#17979,#14782,#14783);
#12234=AXIS2_PLACEMENT_3D('',#17981,#14784,#14785);
#12235=AXIS2_PLACEMENT_3D('',#17983,#14786,#14787);
#12236=AXIS2_PLACEMENT_3D('',#17985,#14788,#14789);
#12237=AXIS2_PLACEMENT_3D('',#17987,#14790,#14791);
#12238=AXIS2_PLACEMENT_3D('',#17989,#14792,#14793);
#12239=AXIS2_PLACEMENT_3D('',#17991,#14794,#14795);
#12240=AXIS2_PLACEMENT_3D('',#17993,#14796,#14797);
#12241=AXIS2_PLACEMENT_3D('',#17995,#14798,#14799);
#12242=AXIS2_PLACEMENT_3D('',#17997,#14800,#14801);
#12243=AXIS2_PLACEMENT_3D('',#17999,#14802,#14803);
#12244=AXIS2_PLACEMENT_3D('',#18001,#14804,#14805);
#12245=AXIS2_PLACEMENT_3D('',#18003,#14806,#14807);
#12246=AXIS2_PLACEMENT_3D('',#18005,#14808,#14809);
#12247=AXIS2_PLACEMENT_3D('',#18007,#14810,#14811);
#12248=AXIS2_PLACEMENT_3D('',#18009,#14812,#14813);
#12249=AXIS2_PLACEMENT_3D('',#18011,#14814,#14815);
#12250=AXIS2_PLACEMENT_3D('',#18013,#14816,#14817);
#12251=AXIS2_PLACEMENT_3D('',#18015,#14818,#14819);
#12252=AXIS2_PLACEMENT_3D('',#18017,#14820,#14821);
#12253=AXIS2_PLACEMENT_3D('',#18019,#14822,#14823);
#12254=AXIS2_PLACEMENT_3D('',#18021,#14824,#14825);
#12255=AXIS2_PLACEMENT_3D('',#18023,#14826,#14827);
#12256=AXIS2_PLACEMENT_3D('',#18025,#14828,#14829);
#12257=AXIS2_PLACEMENT_3D('',#18027,#14830,#14831);
#12258=AXIS2_PLACEMENT_3D('',#18029,#14832,#14833);
#12259=AXIS2_PLACEMENT_3D('',#18031,#14834,#14835);
#12260=AXIS2_PLACEMENT_3D('',#18033,#14836,#14837);
#12261=AXIS2_PLACEMENT_3D('',#18035,#14838,#14839);
#12262=AXIS2_PLACEMENT_3D('',#18037,#14840,#14841);
#12263=AXIS2_PLACEMENT_3D('',#18039,#14842,#14843);
#12264=AXIS2_PLACEMENT_3D('',#18041,#14844,#14845);
#12265=AXIS2_PLACEMENT_3D('',#18043,#14846,#14847);
#12266=AXIS2_PLACEMENT_3D('',#18045,#14848,#14849);
#12267=AXIS2_PLACEMENT_3D('',#18047,#14850,#14851);
#12268=AXIS2_PLACEMENT_3D('',#18049,#14852,#14853);
#12269=AXIS2_PLACEMENT_3D('',#18051,#14854,#14855);
#12270=AXIS2_PLACEMENT_3D('',#18053,#14856,#14857);
#12271=AXIS2_PLACEMENT_3D('',#18055,#14858,#14859);
#12272=AXIS2_PLACEMENT_3D('',#18057,#14860,#14861);
#12273=AXIS2_PLACEMENT_3D('',#18059,#14862,#14863);
#12274=AXIS2_PLACEMENT_3D('',#18061,#14864,#14865);
#12275=AXIS2_PLACEMENT_3D('',#18063,#14866,#14867);
#12276=AXIS2_PLACEMENT_3D('',#18065,#14868,#14869);
#12277=AXIS2_PLACEMENT_3D('',#18067,#14870,#14871);
#12278=AXIS2_PLACEMENT_3D('',#18069,#14872,#14873);
#12279=AXIS2_PLACEMENT_3D('',#18071,#14874,#14875);
#12280=AXIS2_PLACEMENT_3D('',#18073,#14876,#14877);
#12281=AXIS2_PLACEMENT_3D('',#18075,#14878,#14879);
#12282=AXIS2_PLACEMENT_3D('',#18077,#14880,#14881);
#12283=AXIS2_PLACEMENT_3D('',#18079,#14882,#14883);
#12284=AXIS2_PLACEMENT_3D('',#18081,#14884,#14885);
#12285=AXIS2_PLACEMENT_3D('',#18083,#14886,#14887);
#12286=AXIS2_PLACEMENT_3D('',#18085,#14888,#14889);
#12287=AXIS2_PLACEMENT_3D('',#18087,#14890,#14891);
#12288=AXIS2_PLACEMENT_3D('',#18089,#14892,#14893);
#12289=AXIS2_PLACEMENT_3D('',#18091,#14894,#14895);
#12290=AXIS2_PLACEMENT_3D('',#18093,#14896,#14897);
#12291=AXIS2_PLACEMENT_3D('',#18094,#14898,#14899);
#12292=AXIS2_PLACEMENT_3D('',#18098,#14901,#14902);
#12293=AXIS2_PLACEMENT_3D('',#18102,#14904,#14905);
#12294=AXIS2_PLACEMENT_3D('',#18103,#14906,#14907);
#12295=AXIS2_PLACEMENT_3D('',#18105,#14908,#14909);
#12296=AXIS2_PLACEMENT_3D('',#18107,#14910,#14911);
#12297=AXIS2_PLACEMENT_3D('',#18109,#14912,#14913);
#12298=AXIS2_PLACEMENT_3D('',#18111,#14914,#14915);
#12299=AXIS2_PLACEMENT_3D('',#18113,#14916,#14917);
#12300=AXIS2_PLACEMENT_3D('',#18115,#14918,#14919);
#12301=AXIS2_PLACEMENT_3D('',#18117,#14920,#14921);
#12302=AXIS2_PLACEMENT_3D('',#18119,#14922,#14923);
#12303=AXIS2_PLACEMENT_3D('',#18121,#14924,#14925);
#12304=AXIS2_PLACEMENT_3D('',#18123,#14926,#14927);
#12305=AXIS2_PLACEMENT_3D('',#18125,#14928,#14929);
#12306=AXIS2_PLACEMENT_3D('',#18127,#14930,#14931);
#12307=AXIS2_PLACEMENT_3D('',#18129,#14932,#14933);
#12308=AXIS2_PLACEMENT_3D('',#18131,#14934,#14935);
#12309=AXIS2_PLACEMENT_3D('',#18133,#14936,#14937);
#12310=AXIS2_PLACEMENT_3D('',#18135,#14938,#14939);
#12311=AXIS2_PLACEMENT_3D('',#18137,#14940,#14941);
#12312=AXIS2_PLACEMENT_3D('',#18139,#14942,#14943);
#12313=AXIS2_PLACEMENT_3D('',#18141,#14944,#14945);
#12314=AXIS2_PLACEMENT_3D('',#18143,#14946,#14947);
#12315=AXIS2_PLACEMENT_3D('',#18145,#14948,#14949);
#12316=AXIS2_PLACEMENT_3D('',#18147,#14950,#14951);
#12317=AXIS2_PLACEMENT_3D('',#18149,#14952,#14953);
#12318=AXIS2_PLACEMENT_3D('',#18151,#14954,#14955);
#12319=AXIS2_PLACEMENT_3D('',#18153,#14956,#14957);
#12320=AXIS2_PLACEMENT_3D('',#18155,#14958,#14959);
#12321=AXIS2_PLACEMENT_3D('',#18157,#14960,#14961);
#12322=AXIS2_PLACEMENT_3D('',#18159,#14962,#14963);
#12323=AXIS2_PLACEMENT_3D('',#18161,#14964,#14965);
#12324=AXIS2_PLACEMENT_3D('',#18163,#14966,#14967);
#12325=AXIS2_PLACEMENT_3D('',#18165,#14968,#14969);
#12326=AXIS2_PLACEMENT_3D('',#18167,#14970,#14971);
#12327=AXIS2_PLACEMENT_3D('',#18169,#14972,#14973);
#12328=AXIS2_PLACEMENT_3D('',#18171,#14974,#14975);
#12329=AXIS2_PLACEMENT_3D('',#18173,#14976,#14977);
#12330=AXIS2_PLACEMENT_3D('',#18175,#14978,#14979);
#12331=AXIS2_PLACEMENT_3D('',#18177,#14980,#14981);
#12332=AXIS2_PLACEMENT_3D('',#18179,#14982,#14983);
#12333=AXIS2_PLACEMENT_3D('',#18181,#14984,#14985);
#12334=AXIS2_PLACEMENT_3D('',#18183,#14986,#14987);
#12335=AXIS2_PLACEMENT_3D('',#18185,#14988,#14989);
#12336=AXIS2_PLACEMENT_3D('',#18187,#14990,#14991);
#12337=AXIS2_PLACEMENT_3D('',#18189,#14992,#14993);
#12338=AXIS2_PLACEMENT_3D('',#18191,#14994,#14995);
#12339=AXIS2_PLACEMENT_3D('',#18193,#14996,#14997);
#12340=AXIS2_PLACEMENT_3D('',#18195,#14998,#14999);
#12341=AXIS2_PLACEMENT_3D('',#18197,#15000,#15001);
#12342=AXIS2_PLACEMENT_3D('',#18199,#15002,#15003);
#12343=AXIS2_PLACEMENT_3D('',#18201,#15004,#15005);
#12344=AXIS2_PLACEMENT_3D('',#18203,#15006,#15007);
#12345=AXIS2_PLACEMENT_3D('',#18205,#15008,#15009);
#12346=AXIS2_PLACEMENT_3D('',#18207,#15010,#15011);
#12347=AXIS2_PLACEMENT_3D('',#18209,#15012,#15013);
#12348=AXIS2_PLACEMENT_3D('',#18211,#15014,#15015);
#12349=AXIS2_PLACEMENT_3D('',#18213,#15016,#15017);
#12350=AXIS2_PLACEMENT_3D('',#18215,#15018,#15019);
#12351=AXIS2_PLACEMENT_3D('',#18217,#15020,#15021);
#12352=AXIS2_PLACEMENT_3D('',#18219,#15022,#15023);
#12353=AXIS2_PLACEMENT_3D('',#18221,#15024,#15025);
#12354=AXIS2_PLACEMENT_3D('',#18223,#15026,#15027);
#12355=AXIS2_PLACEMENT_3D('',#18225,#15028,#15029);
#12356=AXIS2_PLACEMENT_3D('',#18227,#15030,#15031);
#12357=AXIS2_PLACEMENT_3D('',#18229,#15032,#15033);
#12358=AXIS2_PLACEMENT_3D('',#18231,#15034,#15035);
#12359=AXIS2_PLACEMENT_3D('',#18233,#15036,#15037);
#12360=AXIS2_PLACEMENT_3D('',#18235,#15038,#15039);
#12361=AXIS2_PLACEMENT_3D('',#18237,#15040,#15041);
#12362=AXIS2_PLACEMENT_3D('',#18239,#15042,#15043);
#12363=AXIS2_PLACEMENT_3D('',#18241,#15044,#15045);
#12364=AXIS2_PLACEMENT_3D('',#18243,#15046,#15047);
#12365=AXIS2_PLACEMENT_3D('',#18245,#15048,#15049);
#12366=AXIS2_PLACEMENT_3D('',#18247,#15050,#15051);
#12367=AXIS2_PLACEMENT_3D('',#18249,#15052,#15053);
#12368=AXIS2_PLACEMENT_3D('',#18251,#15054,#15055);
#12369=AXIS2_PLACEMENT_3D('',#18253,#15056,#15057);
#12370=AXIS2_PLACEMENT_3D('',#18255,#15058,#15059);
#12371=AXIS2_PLACEMENT_3D('',#18257,#15060,#15061);
#12372=AXIS2_PLACEMENT_3D('',#18259,#15062,#15063);
#12373=AXIS2_PLACEMENT_3D('',#18261,#15064,#15065);
#12374=AXIS2_PLACEMENT_3D('',#18263,#15066,#15067);
#12375=AXIS2_PLACEMENT_3D('',#18265,#15068,#15069);
#12376=AXIS2_PLACEMENT_3D('',#18267,#15070,#15071);
#12377=AXIS2_PLACEMENT_3D('',#18269,#15072,#15073);
#12378=AXIS2_PLACEMENT_3D('',#18271,#15074,#15075);
#12379=AXIS2_PLACEMENT_3D('',#18273,#15076,#15077);
#12380=AXIS2_PLACEMENT_3D('',#18275,#15078,#15079);
#12381=AXIS2_PLACEMENT_3D('',#18277,#15080,#15081);
#12382=AXIS2_PLACEMENT_3D('',#18279,#15082,#15083);
#12383=AXIS2_PLACEMENT_3D('',#18281,#15084,#15085);
#12384=AXIS2_PLACEMENT_3D('',#18283,#15086,#15087);
#12385=AXIS2_PLACEMENT_3D('',#18285,#15088,#15089);
#12386=AXIS2_PLACEMENT_3D('',#18287,#15091,#15092);
#12387=AXIS2_PLACEMENT_3D('',#18289,#15094,#15095);
#12388=AXIS2_PLACEMENT_3D('',#18291,#15097,#15098);
#12389=AXIS2_PLACEMENT_3D('',#18293,#15100,#15101);
#12390=AXIS2_PLACEMENT_3D('',#18294,#15102,#15103);
#12391=AXIS2_PLACEMENT_3D('',#18295,#15104,#15105);
#12392=AXIS2_PLACEMENT_3D('',#18296,#15106,#15107);
#12393=AXIS2_PLACEMENT_3D('',#18297,#15108,#15109);
#12394=AXIS2_PLACEMENT_3D('',#18298,#15110,#15111);
#12395=AXIS2_PLACEMENT_3D('',#18299,#15112,#15113);
#12396=AXIS2_PLACEMENT_3D('',#18300,#15114,#15115);
#12397=AXIS2_PLACEMENT_3D('',#18301,#15116,#15117);
#12398=AXIS2_PLACEMENT_3D('',#18302,#15118,#15119);
#12399=AXIS2_PLACEMENT_3D('',#18303,#15120,#15121);
#12400=AXIS2_PLACEMENT_3D('',#18304,#15122,#15123);
#12401=AXIS2_PLACEMENT_3D('',#18305,#15124,#15125);
#12402=AXIS2_PLACEMENT_3D('',#18306,#15126,#15127);
#12403=AXIS2_PLACEMENT_3D('',#18307,#15128,#15129);
#12404=AXIS2_PLACEMENT_3D('',#18308,#15130,#15131);
#12405=AXIS2_PLACEMENT_3D('',#18309,#15132,#15133);
#12406=AXIS2_PLACEMENT_3D('',#18310,#15134,#15135);
#12407=AXIS2_PLACEMENT_3D('',#18311,#15136,#15137);
#12408=AXIS2_PLACEMENT_3D('',#18312,#15138,#15139);
#12409=AXIS2_PLACEMENT_3D('',#18313,#15140,#15141);
#12410=AXIS2_PLACEMENT_3D('',#18314,#15142,#15143);
#12411=AXIS2_PLACEMENT_3D('',#18315,#15144,#15145);
#12412=AXIS2_PLACEMENT_3D('',#18316,#15146,#15147);
#12413=AXIS2_PLACEMENT_3D('',#18317,#15148,#15149);
#12414=AXIS2_PLACEMENT_3D('',#18318,#15150,#15151);
#12415=AXIS2_PLACEMENT_3D('',#18319,#15152,#15153);
#12416=AXIS2_PLACEMENT_3D('',#18320,#15154,#15155);
#12417=AXIS2_PLACEMENT_3D('',#18321,#15156,#15157);
#12418=AXIS2_PLACEMENT_3D('',#18322,#15158,#15159);
#12419=AXIS2_PLACEMENT_3D('',#18323,#15160,#15161);
#12420=AXIS2_PLACEMENT_3D('',#18324,#15162,#15163);
#12421=AXIS2_PLACEMENT_3D('',#18325,#15164,#15165);
#12422=AXIS2_PLACEMENT_3D('',#18326,#15166,#15167);
#12423=AXIS2_PLACEMENT_3D('',#18327,#15168,#15169);
#12424=AXIS2_PLACEMENT_3D('',#18328,#15170,#15171);
#12425=AXIS2_PLACEMENT_3D('',#18329,#15172,#15173);
#12426=AXIS2_PLACEMENT_3D('',#18330,#15174,#15175);
#12427=AXIS2_PLACEMENT_3D('',#18331,#15176,#15177);
#12428=AXIS2_PLACEMENT_3D('',#18332,#15178,#15179);
#12429=AXIS2_PLACEMENT_3D('',#18333,#15180,#15181);
#12430=AXIS2_PLACEMENT_3D('',#18334,#15182,#15183);
#12431=AXIS2_PLACEMENT_3D('',#18335,#15184,#15185);
#12432=AXIS2_PLACEMENT_3D('',#18336,#15186,#15187);
#12433=AXIS2_PLACEMENT_3D('',#18337,#15188,#15189);
#12434=AXIS2_PLACEMENT_3D('',#18338,#15190,#15191);
#12435=AXIS2_PLACEMENT_3D('',#18339,#15192,#15193);
#12436=AXIS2_PLACEMENT_3D('',#18340,#15194,#15195);
#12437=AXIS2_PLACEMENT_3D('',#18341,#15196,#15197);
#12438=AXIS2_PLACEMENT_3D('',#18342,#15198,#15199);
#12439=AXIS2_PLACEMENT_3D('',#18343,#15200,#15201);
#12440=AXIS2_PLACEMENT_3D('',#18344,#15202,#15203);
#12441=AXIS2_PLACEMENT_3D('',#18345,#15204,#15205);
#12442=AXIS2_PLACEMENT_3D('',#18346,#15206,#15207);
#12443=AXIS2_PLACEMENT_3D('',#18347,#15208,#15209);
#12444=AXIS2_PLACEMENT_3D('',#18348,#15210,#15211);
#12445=AXIS2_PLACEMENT_3D('',#18349,#15212,#15213);
#12446=AXIS2_PLACEMENT_3D('',#18350,#15214,#15215);
#12447=AXIS2_PLACEMENT_3D('',#18351,#15216,#15217);
#12448=AXIS2_PLACEMENT_3D('',#18352,#15218,#15219);
#12449=AXIS2_PLACEMENT_3D('',#18353,#15220,#15221);
#12450=AXIS2_PLACEMENT_3D('',#18354,#15222,#15223);
#12451=AXIS2_PLACEMENT_3D('',#18355,#15224,#15225);
#12452=AXIS2_PLACEMENT_3D('',#18356,#15226,#15227);
#12453=AXIS2_PLACEMENT_3D('',#18357,#15228,#15229);
#12454=AXIS2_PLACEMENT_3D('',#18358,#15230,#15231);
#12455=AXIS2_PLACEMENT_3D('',#18359,#15232,#15233);
#12456=AXIS2_PLACEMENT_3D('',#18360,#15234,#15235);
#12457=AXIS2_PLACEMENT_3D('',#18361,#15236,#15237);
#12458=AXIS2_PLACEMENT_3D('',#18362,#15238,#15239);
#12459=AXIS2_PLACEMENT_3D('',#18363,#15240,#15241);
#12460=AXIS2_PLACEMENT_3D('',#18364,#15242,#15243);
#12461=AXIS2_PLACEMENT_3D('',#18365,#15244,#15245);
#12462=AXIS2_PLACEMENT_3D('',#18366,#15246,#15247);
#12463=AXIS2_PLACEMENT_3D('',#18367,#15248,#15249);
#12464=AXIS2_PLACEMENT_3D('',#18368,#15250,#15251);
#12465=AXIS2_PLACEMENT_3D('',#18369,#15252,#15253);
#12466=AXIS2_PLACEMENT_3D('',#18370,#15254,#15255);
#12467=AXIS2_PLACEMENT_3D('',#18371,#15256,#15257);
#12468=AXIS2_PLACEMENT_3D('',#18372,#15258,#15259);
#12469=AXIS2_PLACEMENT_3D('',#18373,#15260,#15261);
#12470=AXIS2_PLACEMENT_3D('',#18374,#15262,#15263);
#12471=AXIS2_PLACEMENT_3D('',#18375,#15264,#15265);
#12472=AXIS2_PLACEMENT_3D('',#18376,#15266,#15267);
#12473=AXIS2_PLACEMENT_3D('',#18377,#15268,#15269);
#12474=AXIS2_PLACEMENT_3D('',#18378,#15270,#15271);
#12475=AXIS2_PLACEMENT_3D('',#18379,#15272,#15273);
#12476=AXIS2_PLACEMENT_3D('',#18380,#15274,#15275);
#12477=AXIS2_PLACEMENT_3D('',#18381,#15276,#15277);
#12478=AXIS2_PLACEMENT_3D('',#18382,#15278,#15279);
#12479=AXIS2_PLACEMENT_3D('',#18383,#15280,#15281);
#12480=AXIS2_PLACEMENT_3D('',#18384,#15282,#15283);
#12481=AXIS2_PLACEMENT_3D('',#18385,#15284,#15285);
#12482=AXIS2_PLACEMENT_3D('',#18386,#15286,#15287);
#12483=AXIS2_PLACEMENT_3D('',#18387,#15288,#15289);
#12484=AXIS2_PLACEMENT_3D('',#18389,#15290,#15291);
#12485=AXIS2_PLACEMENT_3D('',#18391,#15292,#15293);
#12486=AXIS2_PLACEMENT_3D('',#18392,#15294,#15295);
#12487=AXIS2_PLACEMENT_3D('',#18394,#15296,#15297);
#12488=AXIS2_PLACEMENT_3D('',#18395,#15298,#15299);
#12489=AXIS2_PLACEMENT_3D('',#18397,#15300,#15301);
#12490=AXIS2_PLACEMENT_3D('',#18398,#15302,#15303);
#12491=AXIS2_PLACEMENT_3D('',#18400,#15304,#15305);
#12492=AXIS2_PLACEMENT_3D('',#18401,#15306,#15307);
#12493=AXIS2_PLACEMENT_3D('',#18403,#15308,#15309);
#12494=AXIS2_PLACEMENT_3D('',#18404,#15310,#15311);
#12495=AXIS2_PLACEMENT_3D('',#18406,#15312,#15313);
#12496=AXIS2_PLACEMENT_3D('',#18407,#15314,#15315);
#12497=AXIS2_PLACEMENT_3D('',#18409,#15316,#15317);
#12498=AXIS2_PLACEMENT_3D('',#18410,#15318,#15319);
#12499=AXIS2_PLACEMENT_3D('',#18411,#15320,#15321);
#12500=AXIS2_PLACEMENT_3D('',#18412,#15322,#15323);
#12501=AXIS2_PLACEMENT_3D('',#18413,#15324,#15325);
#12502=AXIS2_PLACEMENT_3D('',#18415,#15326,#15327);
#12503=AXIS2_PLACEMENT_3D('',#18417,#15328,#15329);
#12504=AXIS2_PLACEMENT_3D('',#18418,#15330,#15331);
#12505=AXIS2_PLACEMENT_3D('',#18420,#15332,#15333);
#12506=AXIS2_PLACEMENT_3D('',#18421,#15334,#15335);
#12507=AXIS2_PLACEMENT_3D('',#18423,#15336,#15337);
#12508=AXIS2_PLACEMENT_3D('',#18424,#15338,#15339);
#12509=AXIS2_PLACEMENT_3D('',#18426,#15340,#15341);
#12510=AXIS2_PLACEMENT_3D('',#18427,#15342,#15343);
#12511=AXIS2_PLACEMENT_3D('',#18429,#15344,#15345);
#12512=AXIS2_PLACEMENT_3D('',#18430,#15346,#15347);
#12513=AXIS2_PLACEMENT_3D('',#18431,#15348,#15349);
#12514=AXIS2_PLACEMENT_3D('',#18432,#15350,#15351);
#12515=AXIS2_PLACEMENT_3D('',#18433,#15352,#15353);
#12516=AXIS2_PLACEMENT_3D('',#18435,#15354,#15355);
#12517=AXIS2_PLACEMENT_3D('',#18437,#15356,#15357);
#12518=AXIS2_PLACEMENT_3D('',#18438,#15358,#15359);
#12519=AXIS2_PLACEMENT_3D('',#18440,#15360,#15361);
#12520=AXIS2_PLACEMENT_3D('',#18441,#15362,#15363);
#12521=AXIS2_PLACEMENT_3D('',#18443,#15364,#15365);
#12522=AXIS2_PLACEMENT_3D('',#18444,#15366,#15367);
#12523=AXIS2_PLACEMENT_3D('',#18446,#15368,#15369);
#12524=AXIS2_PLACEMENT_3D('',#18447,#15370,#15371);
#12525=AXIS2_PLACEMENT_3D('',#18449,#15372,#15373);
#12526=AXIS2_PLACEMENT_3D('',#18450,#15374,#15375);
#12527=AXIS2_PLACEMENT_3D('',#18452,#15376,#15377);
#12528=AXIS2_PLACEMENT_3D('',#18453,#15378,#15379);
#12529=AXIS2_PLACEMENT_3D('',#18455,#15380,#15381);
#12530=AXIS2_PLACEMENT_3D('',#18456,#15382,#15383);
#12531=AXIS2_PLACEMENT_3D('',#18457,#15384,#15385);
#12532=AXIS2_PLACEMENT_3D('',#18458,#15386,#15387);
#12533=AXIS2_PLACEMENT_3D('',#18459,#15388,#15389);
#12534=AXIS2_PLACEMENT_3D('',#18461,#15390,#15391);
#12535=AXIS2_PLACEMENT_3D('',#18463,#15392,#15393);
#12536=AXIS2_PLACEMENT_3D('',#18464,#15394,#15395);
#12537=AXIS2_PLACEMENT_3D('',#18466,#15396,#15397);
#12538=AXIS2_PLACEMENT_3D('',#18467,#15398,#15399);
#12539=AXIS2_PLACEMENT_3D('',#18469,#15400,#15401);
#12540=AXIS2_PLACEMENT_3D('',#18470,#15402,#15403);
#12541=AXIS2_PLACEMENT_3D('',#18472,#15404,#15405);
#12542=AXIS2_PLACEMENT_3D('',#18473,#15406,#15407);
#12543=AXIS2_PLACEMENT_3D('',#18475,#15408,#15409);
#12544=AXIS2_PLACEMENT_3D('',#18476,#15410,#15411);
#12545=AXIS2_PLACEMENT_3D('',#18477,#15412,#15413);
#12546=AXIS2_PLACEMENT_3D('',#18478,#15414,#15415);
#12547=AXIS2_PLACEMENT_3D('',#18479,#15416,#15417);
#12548=AXIS2_PLACEMENT_3D('',#18481,#15418,#15419);
#12549=AXIS2_PLACEMENT_3D('',#18483,#15420,#15421);
#12550=AXIS2_PLACEMENT_3D('',#18484,#15422,#15423);
#12551=AXIS2_PLACEMENT_3D('',#18486,#15424,#15425);
#12552=AXIS2_PLACEMENT_3D('',#18487,#15426,#15427);
#12553=AXIS2_PLACEMENT_3D('',#18489,#15428,#15429);
#12554=AXIS2_PLACEMENT_3D('',#18490,#15430,#15431);
#12555=AXIS2_PLACEMENT_3D('',#18492,#15432,#15433);
#12556=AXIS2_PLACEMENT_3D('',#18493,#15434,#15435);
#12557=AXIS2_PLACEMENT_3D('',#18495,#15436,#15437);
#12558=AXIS2_PLACEMENT_3D('',#18496,#15438,#15439);
#12559=AXIS2_PLACEMENT_3D('',#18497,#15440,#15441);
#12560=AXIS2_PLACEMENT_3D('',#18498,#15442,#15443);
#12561=AXIS2_PLACEMENT_3D('',#18499,#15444,#15445);
#12562=AXIS2_PLACEMENT_3D('',#18501,#15446,#15447);
#12563=AXIS2_PLACEMENT_3D('',#18503,#15448,#15449);
#12564=AXIS2_PLACEMENT_3D('',#18504,#15450,#15451);
#12565=AXIS2_PLACEMENT_3D('',#18506,#15452,#15453);
#12566=AXIS2_PLACEMENT_3D('',#18507,#15454,#15455);
#12567=AXIS2_PLACEMENT_3D('',#18509,#15456,#15457);
#12568=AXIS2_PLACEMENT_3D('',#18510,#15458,#15459);
#12569=AXIS2_PLACEMENT_3D('',#18512,#15460,#15461);
#12570=AXIS2_PLACEMENT_3D('',#18513,#15462,#15463);
#12571=AXIS2_PLACEMENT_3D('',#18515,#15464,#15465);
#12572=AXIS2_PLACEMENT_3D('',#18516,#15466,#15467);
#12573=AXIS2_PLACEMENT_3D('',#18518,#15468,#15469);
#12574=AXIS2_PLACEMENT_3D('',#18519,#15470,#15471);
#12575=AXIS2_PLACEMENT_3D('',#18521,#15472,#15473);
#12576=AXIS2_PLACEMENT_3D('',#18522,#15474,#15475);
#12577=AXIS2_PLACEMENT_3D('',#18523,#15476,#15477);
#12578=AXIS2_PLACEMENT_3D('',#18524,#15478,#15479);
#12579=AXIS2_PLACEMENT_3D('',#18525,#15480,#15481);
#12580=AXIS2_PLACEMENT_3D('',#18527,#15482,#15483);
#12581=AXIS2_PLACEMENT_3D('',#18529,#15484,#15485);
#12582=AXIS2_PLACEMENT_3D('',#18530,#15486,#15487);
#12583=AXIS2_PLACEMENT_3D('',#18532,#15488,#15489);
#12584=AXIS2_PLACEMENT_3D('',#18533,#15490,#15491);
#12585=AXIS2_PLACEMENT_3D('',#18535,#15492,#15493);
#12586=AXIS2_PLACEMENT_3D('',#18536,#15494,#15495);
#12587=AXIS2_PLACEMENT_3D('',#18538,#15496,#15497);
#12588=AXIS2_PLACEMENT_3D('',#18540,#15498,#15499);
#12589=AXIS2_PLACEMENT_3D('',#18541,#15500,#15501);
#12590=AXIS2_PLACEMENT_3D('',#18543,#15502,#15503);
#12591=AXIS2_PLACEMENT_3D('',#18544,#15504,#15505);
#12592=AXIS2_PLACEMENT_3D('',#18546,#15506,#15507);
#12593=AXIS2_PLACEMENT_3D('',#18547,#15508,#15509);
#12594=AXIS2_PLACEMENT_3D('',#18549,#15510,#15511);
#12595=AXIS2_PLACEMENT_3D('',#18550,#15512,#15513);
#12596=AXIS2_PLACEMENT_3D('',#18552,#15514,#15515);
#12597=AXIS2_PLACEMENT_3D('',#18553,#15516,#15517);
#12598=AXIS2_PLACEMENT_3D('',#18555,#15518,#15519);
#12599=AXIS2_PLACEMENT_3D('',#18556,#15520,#15521);
#12600=AXIS2_PLACEMENT_3D('',#18558,#15522,#15523);
#12601=AXIS2_PLACEMENT_3D('',#18559,#15524,#15525);
#12602=AXIS2_PLACEMENT_3D('',#18560,#15526,#15527);
#12603=AXIS2_PLACEMENT_3D('',#18561,#15528,#15529);
#12604=AXIS2_PLACEMENT_3D('',#18562,#15530,#15531);
#12605=AXIS2_PLACEMENT_3D('',#18563,#15532,#15533);
#12606=AXIS2_PLACEMENT_3D('',#18565,#15534,#15535);
#12607=AXIS2_PLACEMENT_3D('',#18567,#15536,#15537);
#12608=AXIS2_PLACEMENT_3D('',#18568,#15538,#15539);
#12609=AXIS2_PLACEMENT_3D('',#18570,#15540,#15541);
#12610=AXIS2_PLACEMENT_3D('',#18571,#15542,#15543);
#12611=AXIS2_PLACEMENT_3D('',#18573,#15544,#15545);
#12612=AXIS2_PLACEMENT_3D('',#18574,#15546,#15547);
#12613=AXIS2_PLACEMENT_3D('',#18576,#15548,#15549);
#12614=AXIS2_PLACEMENT_3D('',#18577,#15550,#15551);
#12615=AXIS2_PLACEMENT_3D('',#18579,#15552,#15553);
#12616=AXIS2_PLACEMENT_3D('',#18580,#15554,#15555);
#12617=AXIS2_PLACEMENT_3D('',#18582,#15556,#15557);
#12618=AXIS2_PLACEMENT_3D('',#18583,#15558,#15559);
#12619=AXIS2_PLACEMENT_3D('',#18585,#15560,#15561);
#12620=AXIS2_PLACEMENT_3D('',#18586,#15562,#15563);
#12621=AXIS2_PLACEMENT_3D('',#18587,#15564,#15565);
#12622=AXIS2_PLACEMENT_3D('',#18588,#15566,#15567);
#12623=AXIS2_PLACEMENT_3D('',#18589,#15568,#15569);
#12624=AXIS2_PLACEMENT_3D('',#18591,#15570,#15571);
#12625=AXIS2_PLACEMENT_3D('',#18593,#15572,#15573);
#12626=AXIS2_PLACEMENT_3D('',#18594,#15574,#15575);
#12627=AXIS2_PLACEMENT_3D('',#18596,#15576,#15577);
#12628=AXIS2_PLACEMENT_3D('',#18597,#15578,#15579);
#12629=AXIS2_PLACEMENT_3D('',#18599,#15580,#15581);
#12630=AXIS2_PLACEMENT_3D('',#18600,#15582,#15583);
#12631=AXIS2_PLACEMENT_3D('',#18602,#15584,#15585);
#12632=AXIS2_PLACEMENT_3D('',#18603,#15586,#15587);
#12633=AXIS2_PLACEMENT_3D('',#18605,#15588,#15589);
#12634=AXIS2_PLACEMENT_3D('',#18606,#15590,#15591);
#12635=AXIS2_PLACEMENT_3D('',#18608,#15592,#15593);
#12636=AXIS2_PLACEMENT_3D('',#18609,#15594,#15595);
#12637=AXIS2_PLACEMENT_3D('',#18611,#15596,#15597);
#12638=AXIS2_PLACEMENT_3D('',#18612,#15598,#15599);
#12639=AXIS2_PLACEMENT_3D('',#18613,#15600,#15601);
#12640=AXIS2_PLACEMENT_3D('',#18614,#15602,#15603);
#12641=AXIS2_PLACEMENT_3D('',#18615,#15604,#15605);
#12642=AXIS2_PLACEMENT_3D('',#18617,#15606,#15607);
#12643=AXIS2_PLACEMENT_3D('',#18619,#15608,#15609);
#12644=AXIS2_PLACEMENT_3D('',#18620,#15610,#15611);
#12645=AXIS2_PLACEMENT_3D('',#18622,#15612,#15613);
#12646=AXIS2_PLACEMENT_3D('',#18623,#15614,#15615);
#12647=AXIS2_PLACEMENT_3D('',#18625,#15616,#15617);
#12648=AXIS2_PLACEMENT_3D('',#18626,#15618,#15619);
#12649=AXIS2_PLACEMENT_3D('',#18628,#15620,#15621);
#12650=AXIS2_PLACEMENT_3D('',#18629,#15622,#15623);
#12651=AXIS2_PLACEMENT_3D('',#18631,#15624,#15625);
#12652=AXIS2_PLACEMENT_3D('',#18632,#15626,#15627);
#12653=AXIS2_PLACEMENT_3D('',#18634,#15628,#15629);
#12654=AXIS2_PLACEMENT_3D('',#18635,#15630,#15631);
#12655=AXIS2_PLACEMENT_3D('',#18637,#15632,#15633);
#12656=AXIS2_PLACEMENT_3D('',#18638,#15634,#15635);
#12657=AXIS2_PLACEMENT_3D('',#18639,#15636,#15637);
#12658=AXIS2_PLACEMENT_3D('',#18640,#15638,#15639);
#12659=AXIS2_PLACEMENT_3D('',#18641,#15640,#15641);
#12660=AXIS2_PLACEMENT_3D('',#18643,#15642,#15643);
#12661=AXIS2_PLACEMENT_3D('',#18645,#15644,#15645);
#12662=AXIS2_PLACEMENT_3D('',#18646,#15646,#15647);
#12663=AXIS2_PLACEMENT_3D('',#18648,#15648,#15649);
#12664=AXIS2_PLACEMENT_3D('',#18649,#15650,#15651);
#12665=AXIS2_PLACEMENT_3D('',#18651,#15652,#15653);
#12666=AXIS2_PLACEMENT_3D('',#18652,#15654,#15655);
#12667=AXIS2_PLACEMENT_3D('',#18654,#15656,#15657);
#12668=AXIS2_PLACEMENT_3D('',#18655,#15658,#15659);
#12669=AXIS2_PLACEMENT_3D('',#18657,#15660,#15661);
#12670=AXIS2_PLACEMENT_3D('',#18658,#15662,#15663);
#12671=AXIS2_PLACEMENT_3D('',#18659,#15664,#15665);
#12672=AXIS2_PLACEMENT_3D('',#18660,#15666,#15667);
#12673=AXIS2_PLACEMENT_3D('',#18661,#15668,#15669);
#12674=AXIS2_PLACEMENT_3D('',#18663,#15670,#15671);
#12675=AXIS2_PLACEMENT_3D('',#18665,#15672,#15673);
#12676=AXIS2_PLACEMENT_3D('',#18666,#15674,#15675);
#12677=AXIS2_PLACEMENT_3D('',#18668,#15676,#15677);
#12678=AXIS2_PLACEMENT_3D('',#18669,#15678,#15679);
#12679=AXIS2_PLACEMENT_3D('',#18671,#15680,#15681);
#12680=AXIS2_PLACEMENT_3D('',#18672,#15682,#15683);
#12681=AXIS2_PLACEMENT_3D('',#18674,#15684,#15685);
#12682=AXIS2_PLACEMENT_3D('',#18675,#15686,#15687);
#12683=AXIS2_PLACEMENT_3D('',#18677,#15688,#15689);
#12684=AXIS2_PLACEMENT_3D('',#18678,#15690,#15691);
#12685=AXIS2_PLACEMENT_3D('',#18680,#15692,#15693);
#12686=AXIS2_PLACEMENT_3D('',#18681,#15694,#15695);
#12687=AXIS2_PLACEMENT_3D('',#18683,#15696,#15697);
#12688=AXIS2_PLACEMENT_3D('',#18684,#15698,#15699);
#12689=AXIS2_PLACEMENT_3D('',#18685,#15700,#15701);
#12690=AXIS2_PLACEMENT_3D('',#18686,#15702,#15703);
#12691=AXIS2_PLACEMENT_3D('',#18687,#15704,#15705);
#12692=AXIS2_PLACEMENT_3D('',#18689,#15706,#15707);
#12693=AXIS2_PLACEMENT_3D('',#18691,#15708,#15709);
#12694=AXIS2_PLACEMENT_3D('',#18692,#15710,#15711);
#12695=AXIS2_PLACEMENT_3D('',#18694,#15712,#15713);
#12696=AXIS2_PLACEMENT_3D('',#18695,#15714,#15715);
#12697=AXIS2_PLACEMENT_3D('',#18697,#15716,#15717);
#12698=AXIS2_PLACEMENT_3D('',#18698,#15718,#15719);
#12699=AXIS2_PLACEMENT_3D('',#18700,#15720,#15721);
#12700=AXIS2_PLACEMENT_3D('',#18701,#15722,#15723);
#12701=AXIS2_PLACEMENT_3D('',#18703,#15724,#15725);
#12702=AXIS2_PLACEMENT_3D('',#18704,#15726,#15727);
#12703=AXIS2_PLACEMENT_3D('',#18705,#15728,#15729);
#12704=AXIS2_PLACEMENT_3D('',#18706,#15730,#15731);
#12705=AXIS2_PLACEMENT_3D('',#18707,#15732,#15733);
#12706=AXIS2_PLACEMENT_3D('',#18709,#15734,#15735);
#12707=AXIS2_PLACEMENT_3D('',#18711,#15736,#15737);
#12708=AXIS2_PLACEMENT_3D('',#18712,#15738,#15739);
#12709=AXIS2_PLACEMENT_3D('',#18714,#15740,#15741);
#12710=AXIS2_PLACEMENT_3D('',#18715,#15742,#15743);
#12711=AXIS2_PLACEMENT_3D('',#18717,#15744,#15745);
#12712=AXIS2_PLACEMENT_3D('',#18718,#15746,#15747);
#12713=AXIS2_PLACEMENT_3D('',#18720,#15748,#15749);
#12714=AXIS2_PLACEMENT_3D('',#18721,#15750,#15751);
#12715=AXIS2_PLACEMENT_3D('',#18723,#15752,#15753);
#12716=AXIS2_PLACEMENT_3D('',#18724,#15754,#15755);
#12717=AXIS2_PLACEMENT_3D('',#18725,#15756,#15757);
#12718=AXIS2_PLACEMENT_3D('',#18726,#15758,#15759);
#12719=AXIS2_PLACEMENT_3D('',#18727,#15760,#15761);
#12720=DIRECTION('',(0.,0.,1.));
#12721=DIRECTION('',(1.,0.,0.));
#12722=DIRECTION('',(1.,0.,0.));
#12723=DIRECTION('',(0.,0.,1.));
#12724=DIRECTION('',(0.,-1.,0.));
#12725=DIRECTION('',(0.,0.,1.));
#12726=DIRECTION('',(0.,1.,0.));
#12727=DIRECTION('',(0.,0.,1.));
#12728=DIRECTION('',(0.,1.,0.));
#12729=DIRECTION('',(0.,0.,1.));
#12730=DIRECTION('',(0.,0.,1.));
#12731=DIRECTION('',(1.,0.,0.));
#12732=DIRECTION('',(1.,0.,0.));
#12733=DIRECTION('',(0.,0.,1.));
#12734=DIRECTION('',(1.,0.,0.));
#12735=DIRECTION('',(0.,1.,0.));
#12736=DIRECTION('',(1.,0.,0.));
#12737=DIRECTION('',(0.,1.,0.));
#12738=DIRECTION('',(1.,0.,0.));
#12739=DIRECTION('',(0.,-1.,0.));
#12740=DIRECTION('',(1.,0.,0.));
#12741=DIRECTION('',(0.,1.,0.));
#12742=DIRECTION('',(0.,0.,1.));
#12743=DIRECTION('',(1.,0.,0.));
#12744=DIRECTION('',(0.,0.,1.));
#12745=DIRECTION('',(0.,0.,1.));
#12746=DIRECTION('',(1.,0.,0.));
#12747=DIRECTION('',(0.,-1.,0.));
#12748=DIRECTION('',(0.,0.,1.));
#12749=DIRECTION('',(1.,0.,0.));
#12750=DIRECTION('',(1.,0.,0.));
#12751=DIRECTION('',(0.,0.,1.));
#12752=DIRECTION('',(1.,0.,0.));
#12753=DIRECTION('',(0.,0.,1.));
#12754=DIRECTION('',(0.,-1.,0.));
#12755=DIRECTION('',(0.,0.,1.));
#12756=DIRECTION('',(0.,0.,1.));
#12757=DIRECTION('',(0.,1.,0.));
#12758=DIRECTION('',(0.,0.,1.));
#12759=DIRECTION('',(0.,0.,1.));
#12760=DIRECTION('',(1.,0.,0.));
#12761=DIRECTION('',(1.,0.,0.));
#12762=DIRECTION('',(0.,0.,1.));
#12763=DIRECTION('',(0.,0.,1.));
#12764=DIRECTION('',(0.,1.,0.));
#12765=DIRECTION('',(0.,1.,0.));
#12766=DIRECTION('',(0.,0.,1.));
#12767=DIRECTION('',(1.,0.,0.));
#12768=DIRECTION('',(0.,0.,1.));
#12769=DIRECTION('',(1.,0.,0.));
#12770=DIRECTION('',(0.,0.,1.));
#12771=DIRECTION('',(1.,0.,0.));
#12772=DIRECTION('',(0.,0.,1.));
#12773=DIRECTION('',(1.,0.,0.));
#12774=DIRECTION('',(0.,1.,0.));
#12775=DIRECTION('',(1.,0.,0.));
#12776=DIRECTION('',(0.,1.,0.));
#12777=DIRECTION('',(1.,0.,0.));
#12778=DIRECTION('',(0.,-1.,0.));
#12779=DIRECTION('',(1.,0.,0.));
#12780=DIRECTION('',(0.,-1.,0.));
#12781=DIRECTION('',(1.,0.,0.));
#12782=DIRECTION('',(0.,-1.,0.));
#12783=DIRECTION('',(1.,0.,0.));
#12784=DIRECTION('',(0.,1.,0.));
#12785=DIRECTION('',(1.,0.,0.));
#12786=DIRECTION('',(0.,0.,1.));
#12787=DIRECTION('',(1.,0.,0.));
#12788=DIRECTION('',(1.,0.,0.));
#12789=DIRECTION('',(0.,0.,1.));
#12790=DIRECTION('',(0.,-1.,0.));
#12791=DIRECTION('',(0.,0.,1.));
#12792=DIRECTION('',(0.,0.,1.));
#12793=DIRECTION('',(0.,1.,0.));
#12794=DIRECTION('',(0.,0.,1.));
#12795=DIRECTION('',(0.,0.,1.));
#12796=DIRECTION('',(1.,0.,0.));
#12797=DIRECTION('',(1.,0.,0.));
#12798=DIRECTION('',(0.,0.,1.));
#12799=DIRECTION('',(0.,0.,1.));
#12800=DIRECTION('',(0.,-1.,0.));
#12801=DIRECTION('',(0.,1.,0.));
#12802=DIRECTION('',(0.,0.,1.));
#12803=DIRECTION('',(0.,0.,1.));
#12804=DIRECTION('',(1.,0.,0.));
#12805=DIRECTION('',(1.,0.,0.));
#12806=DIRECTION('',(0.,0.,1.));
#12807=DIRECTION('',(0.,1.,0.));
#12808=DIRECTION('',(0.,0.,1.));
#12809=DIRECTION('',(0.,1.,0.));
#12810=DIRECTION('',(0.,0.,1.));
#12811=DIRECTION('',(0.,0.,1.));
#12812=DIRECTION('',(1.,0.,0.));
#12813=DIRECTION('',(1.,0.,0.));
#12814=DIRECTION('',(0.,0.,1.));
#12815=DIRECTION('',(0.,0.,1.));
#12816=DIRECTION('',(0.,1.,0.));
#12817=DIRECTION('',(0.,1.,0.));
#12818=DIRECTION('',(0.,0.,1.));
#12819=DIRECTION('',(0.,0.,1.));
#12820=DIRECTION('',(1.,0.,0.));
#12821=DIRECTION('',(1.,0.,0.));
#12822=DIRECTION('',(0.,0.,1.));
#12823=DIRECTION('',(0.,1.,0.));
#12824=DIRECTION('',(0.,0.,1.));
#12825=DIRECTION('',(0.,1.,0.));
#12826=DIRECTION('',(0.,0.,1.));
#12827=DIRECTION('',(0.,0.,1.));
#12828=DIRECTION('',(1.,0.,0.));
#12829=DIRECTION('',(1.,0.,0.));
#12830=DIRECTION('',(0.,0.,1.));
#12831=DIRECTION('',(0.,0.,1.));
#12832=DIRECTION('',(0.,-1.,0.));
#12833=DIRECTION('',(0.,1.,0.));
#12834=DIRECTION('',(0.,0.,1.));
#12835=DIRECTION('',(1.,0.,0.));
#12836=DIRECTION('',(0.,0.,1.));
#12837=DIRECTION('',(1.,0.,0.));
#12838=DIRECTION('',(0.,0.,1.));
#12839=DIRECTION('',(1.,0.,0.));
#12840=DIRECTION('',(0.,0.,-1.));
#12841=DIRECTION('',(1.,0.,0.));
#12842=DIRECTION('',(0.,0.,1.));
#12843=DIRECTION('',(1.,0.,0.));
#12844=DIRECTION('',(0.,0.,-1.));
#12845=DIRECTION('',(-1.,0.,0.));
#12846=DIRECTION('',(0.,0.,1.));
#12847=DIRECTION('',(1.,0.,0.));
#12848=DIRECTION('',(0.,0.,1.));
#12849=DIRECTION('',(1.,0.,0.));
#12850=DIRECTION('',(0.,0.,1.));
#12851=DIRECTION('',(1.,0.,0.));
#12852=DIRECTION('',(0.,0.,1.));
#12853=DIRECTION('',(1.,0.,0.));
#12854=DIRECTION('',(0.,0.,1.));
#12855=DIRECTION('',(1.,0.,0.));
#12856=DIRECTION('',(-0.50000000000019,0.866025403784329,0.));
#12857=DIRECTION('',(0.50000000000019,0.866025403784329,0.));
#12858=DIRECTION('',(1.,-5.792467954566E-16,0.));
#12859=DIRECTION('',(0.50000000000019,-0.866025403784329,0.));
#12860=DIRECTION('',(-0.50000000000019,-0.866025403784329,0.));
#12861=DIRECTION('',(-1.,9.65411325761E-17,0.));
#12862=DIRECTION('',(0.,0.,1.));
#12863=DIRECTION('',(1.,0.,0.));
#12864=DIRECTION('',(0.,0.,1.));
#12865=DIRECTION('',(1.,0.,0.));
#12866=DIRECTION('',(-0.866025403784329,-0.50000000000019,0.));
#12867=DIRECTION('',(-0.50000000000019,0.866025403784329,0.));
#12868=DIRECTION('',(0.,0.,-1.));
#12869=DIRECTION('',(0.,0.,-1.));
#12870=DIRECTION('',(-0.500000000000039,0.866025403784416,0.));
#12871=DIRECTION('',(-9.65411325761E-17,-1.,0.));
#12872=DIRECTION('',(-1.,9.65411325761E-17,0.));
#12873=DIRECTION('',(0.,0.,-1.));
#12874=DIRECTION('',(1.,0.,0.));
#12875=DIRECTION('',(0.866025403784329,-0.50000000000019,0.));
#12876=DIRECTION('',(-0.50000000000019,-0.866025403784329,0.));
#12877=DIRECTION('',(0.,0.,-1.));
#12878=DIRECTION('',(-0.500000000000039,-0.866025403784416,0.));
#12879=DIRECTION('',(0.866025403784329,0.50000000000019,0.));
#12880=DIRECTION('',(0.50000000000019,-0.866025403784329,0.));
#12881=DIRECTION('',(0.,0.,-1.));
#12882=DIRECTION('',(0.500000000000039,-0.866025403784416,0.));
#12883=DIRECTION('',(5.792467954566E-16,1.,0.));
#12884=DIRECTION('',(1.,-5.792467954566E-16,0.));
#12885=DIRECTION('',(0.,0.,-1.));
#12886=DIRECTION('',(1.,0.,0.));
#12887=DIRECTION('',(-0.866025403784329,0.50000000000019,0.));
#12888=DIRECTION('',(0.50000000000019,0.866025403784329,0.));
#12889=DIRECTION('',(0.500000000000039,0.866025403784416,0.));
#12890=DIRECTION('',(0.,0.,1.));
#12891=DIRECTION('',(1.,0.,0.));
#12892=DIRECTION('',(0.,0.,1.));
#12893=DIRECTION('',(1.,0.,0.));
#12894=DIRECTION('',(0.,-0.898640971147466,0.438684858383714));
#12895=DIRECTION('',(1.,0.,0.));
#12896=DIRECTION('',(2.77555756156289E-17,-0.939422216860461,0.342762160205844));
#12897=DIRECTION('',(0.893807335933961,0.153712089619216,0.421284986363778));
#12898=DIRECTION('',(1.,0.,1.90892914146555E-16));
#12899=DIRECTION('',(-1.,-6.83127430739211E-17,-2.73250972295685E-16));
#12900=DIRECTION('',(0.324243923179858,0.324243923179858,0.888668530196647));
#12901=DIRECTION('',(0.,-0.939422216860461,0.342762160205844));
#12902=DIRECTION('',(0.,1.,0.));
#12903=DIRECTION('',(0.,0.,1.));
#12904=DIRECTION('',(0.,0.,1.));
#12905=DIRECTION('',(1.,4.88654500275157E-16,0.));
#12906=DIRECTION('',(0.,0.,1.));
#12907=DIRECTION('',(-0.324243923179858,0.324243923179858,0.888668530196648));
#12908=DIRECTION('',(0.,-0.939422216860461,0.342762160205843));
#12909=DIRECTION('',(0.,0.,-1.));
#12910=DIRECTION('',(0.707106781186548,0.707106781186548,0.));
#12911=DIRECTION('',(0.,-1.,2.02121909252414E-16));
#12912=DIRECTION('',(-1.,0.,1.74851492924707E-16));
#12913=DIRECTION('',(0.,1.,2.02121909252414E-16));
#12914=DIRECTION('',(1.,0.,0.));
#12915=DIRECTION('',(0.,-1.,0.));
#12916=DIRECTION('',(0.,1.,0.));
#12917=DIRECTION('',(1.,0.,0.));
#12918=DIRECTION('',(0.,0.,1.));
#12919=DIRECTION('',(0.,0.,1.));
#12920=DIRECTION('',(-6.83127430739211E-17,1.,-2.73250972295685E-16));
#12921=DIRECTION('',(-0.939422216860461,-2.77555756156289E-17,0.342762160205844));
#12922=DIRECTION('',(0.153712089619216,-0.893807335933961,0.421284986363778));
#12923=DIRECTION('',(1.,0.,0.));
#12924=DIRECTION('',(0.,0.,1.));
#12925=DIRECTION('',(6.83127430739211E-17,-1.,-2.73250972295685E-16));
#12926=DIRECTION('',(0.,0.,1.));
#12927=DIRECTION('',(0.939422216860461,2.77555756156289E-17,0.342762160205844));
#12928=DIRECTION('',(-0.153712089619216,0.893807335933961,0.421284986363778));
#12929=DIRECTION('',(0.324243923179858,-0.324243923179858,0.888668530196647));
#12930=DIRECTION('',(0.,-0.939422216860461,-0.342762160205843));
#12931=DIRECTION('',(-0.324243923179858,-0.324243923179858,0.888668530196647));
#12932=DIRECTION('',(0.939422216860461,0.,0.342762160205843));
#12933=DIRECTION('',(-2.77555756156289E-17,0.939422216860461,0.342762160205844));
#12934=DIRECTION('',(-0.893807335933961,-0.153712089619216,0.421284986363778));
#12935=DIRECTION('',(1.,6.83127430739211E-17,-2.73250972295685E-16));
#12936=DIRECTION('',(0.,1.,0.));
#12937=DIRECTION('',(0.,0.,1.));
#12938=DIRECTION('',(0.,0.,1.));
#12939=DIRECTION('',(1.,0.,0.));
#12940=DIRECTION('',(0.,-0.898640971147466,0.438684858383714));
#12941=DIRECTION('',(1.,0.,0.));
#12942=DIRECTION('',(0.,0.,1.));
#12943=DIRECTION('',(1.,0.,0.));
#12944=DIRECTION('',(0.,0.,1.));
#12945=DIRECTION('',(1.,0.,0.));
#12946=DIRECTION('',(0.,0.,1.));
#12947=DIRECTION('',(1.,0.,0.));
#12948=DIRECTION('',(0.,0.,1.));
#12949=DIRECTION('',(1.,0.,0.));
#12950=DIRECTION('',(0.,0.,1.));
#12951=DIRECTION('',(1.,0.,0.));
#12952=DIRECTION('',(0.,0.,1.));
#12953=DIRECTION('',(1.,0.,0.));
#12954=DIRECTION('',(0.,0.,1.));
#12955=DIRECTION('',(1.,0.,0.));
#12956=DIRECTION('',(1.,0.,0.));
#12957=DIRECTION('',(0.,-1.,0.));
#12958=DIRECTION('',(1.,0.,0.));
#12959=DIRECTION('',(0.,-1.,0.));
#12960=DIRECTION('',(0.,0.,1.));
#12961=DIRECTION('',(1.,0.,0.));
#12962=DIRECTION('',(0.,0.,1.));
#12963=DIRECTION('',(1.,0.,0.));
#12964=DIRECTION('',(0.,0.,1.));
#12965=DIRECTION('',(1.,0.,0.));
#12966=DIRECTION('',(0.,0.,1.));
#12967=DIRECTION('',(1.,0.,0.));
#12968=DIRECTION('',(0.,0.,1.));
#12969=DIRECTION('',(1.,0.,0.));
#12970=DIRECTION('',(0.,-1.,0.));
#12971=DIRECTION('',(-1.,0.,0.));
#12972=DIRECTION('',(0.,1.,0.));
#12973=DIRECTION('',(1.,0.,0.));
#12974=DIRECTION('',(0.,0.,1.));
#12975=DIRECTION('',(1.,0.,0.));
#12976=DIRECTION('',(0.,0.,1.));
#12977=DIRECTION('',(1.,0.,0.));
#12978=DIRECTION('',(0.,0.,1.));
#12979=DIRECTION('',(1.,0.,0.));
#12980=DIRECTION('',(0.,0.,1.));
#12981=DIRECTION('',(1.,0.,0.));
#12982=DIRECTION('',(0.,0.,1.));
#12983=DIRECTION('',(1.,0.,0.));
#12984=DIRECTION('',(1.,0.,0.));
#12985=DIRECTION('',(0.,-1.,0.));
#12986=DIRECTION('',(1.,0.,0.));
#12987=DIRECTION('',(0.,-1.,0.));
#12988=DIRECTION('',(0.,-1.,0.));
#12989=DIRECTION('',(0.,0.,1.));
#12990=DIRECTION('',(1.,0.,0.));
#12991=DIRECTION('',(1.,0.,0.));
#12992=DIRECTION('',(0.,1.,0.));
#12993=DIRECTION('',(-1.,0.,0.));
#12994=DIRECTION('',(-1.,0.,0.));
#12995=DIRECTION('',(0.,0.,1.));
#12996=DIRECTION('',(0.,0.,-1.));
#12997=DIRECTION('',(0.,0.,1.));
#12998=DIRECTION('',(0.,-1.,0.));
#12999=DIRECTION('',(0.,0.,-1.));
#13000=DIRECTION('',(0.,0.,-1.));
#13001=DIRECTION('',(0.,0.,1.));
#13002=DIRECTION('',(0.,1.,0.));
#13003=DIRECTION('',(0.,0.,1.));
#13004=DIRECTION('',(0.,0.,-1.));
#13005=DIRECTION('',(0.,0.,-1.));
#13006=DIRECTION('',(1.,0.,0.));
#13007=DIRECTION('',(0.,0.,-1.));
#13008=DIRECTION('',(0.,0.,-1.));
#13009=DIRECTION('',(0.,1.,0.));
#13010=DIRECTION('',(0.,0.,1.));
#13011=DIRECTION('',(0.,0.,-1.));
#13012=DIRECTION('',(1.,0.,0.));
#13013=DIRECTION('',(0.,0.,-1.));
#13014=DIRECTION('',(1.,0.,0.));
#13015=DIRECTION('',(0.,0.,-1.));
#13016=DIRECTION('',(0.,0.,1.));
#13017=DIRECTION('',(0.,1.,0.));
#13018=DIRECTION('',(0.,0.,1.));
#13019=DIRECTION('',(0.,0.,1.));
#13020=DIRECTION('',(1.,0.,0.));
#13021=DIRECTION('',(0.,0.,-1.));
#13022=DIRECTION('',(-1.,0.,0.));
#13023=DIRECTION('',(0.,0.,-1.));
#13024=DIRECTION('',(-1.,0.,0.));
#13025=DIRECTION('',(0.,0.,-1.));
#13026=DIRECTION('',(-1.,0.,0.));
#13027=DIRECTION('',(0.,0.,-1.));
#13028=DIRECTION('',(-1.,0.,0.));
#13029=DIRECTION('',(5.25372423635034E-15,-4.87145005685903E-5,0.999999998813449));
#13030=DIRECTION('',(1.,-6.40153295160368E-17,-5.25372736105896E-15));
#13031=DIRECTION('',(0.898640971147466,0.438684858383714,0.));
#13032=DIRECTION('',(-0.438684858383714,0.898640971147466,0.));
#13033=DIRECTION('',(0.898640971147466,0.438684858383714,0.));
#13034=DIRECTION('',(-0.438684858383714,0.898640971147466,0.));
#13035=DIRECTION('',(0.898640971147466,0.438684858383714,0.));
#13036=DIRECTION('',(-0.438684858383714,0.898640971147466,0.));
#13037=DIRECTION('',(0.,0.,-1.));
#13038=DIRECTION('',(0.438684858383714,-0.898640971147466,0.));
#13039=DIRECTION('',(0.,0.,-1.));
#13040=DIRECTION('',(0.438684858383714,-0.898640971147466,0.));
#13041=DIRECTION('',(0.438684858383715,-0.898640971147466,0.));
#13042=DIRECTION('',(-1.29231852763295E-16,2.64729988854125E-16,-1.));
#13043=DIRECTION('',(0.438684858383715,-0.898640971147466,-1.88556899562696E-16));
#13044=DIRECTION('',(-1.08549684663522E-16,2.22362801404134E-16,-1.));
#13045=DIRECTION('',(0.898640971147466,0.438684858383714,0.));
#13046=DIRECTION('',(-0.438684858383714,0.898640971147466,0.));
#13047=DIRECTION('',(0.898640971147466,0.438684858383714,0.));
#13048=DIRECTION('',(-0.438684858383714,0.898640971147466,0.));
#13049=DIRECTION('',(0.898640971147466,0.438684858383714,0.));
#13050=DIRECTION('',(-0.438684858383714,0.898640971147466,0.));
#13051=DIRECTION('',(0.,0.,-1.));
#13052=DIRECTION('',(0.438684858383714,-0.898640971147466,0.));
#13053=DIRECTION('',(0.,0.,1.));
#13054=DIRECTION('',(0.438684858383714,-0.898640971147466,0.));
#13055=DIRECTION('',(0.438684858383714,-0.898640971147466,0.));
#13056=DIRECTION('',(0.,0.,-1.));
#13057=DIRECTION('',(0.438684858383714,-0.898640971147466,0.));
#13058=DIRECTION('',(0.,0.,-1.));
#13059=DIRECTION('',(-1.29231852763295E-16,2.64729988854125E-16,-1.));
#13060=DIRECTION('',(0.438684858383715,-0.898640971147466,0.));
#13061=DIRECTION('',(-1.08549684663522E-16,2.22362801404134E-16,-1.));
#13062=DIRECTION('',(0.438684858383715,-0.898640971147466,-1.88556899562696E-16));
#13063=DIRECTION('',(-1.,0.,0.));
#13064=DIRECTION('',(0.,0.,1.));
#13065=DIRECTION('',(0.,-1.,0.));
#13066=DIRECTION('',(0.,0.,-1.));
#13067=DIRECTION('',(0.,1.,0.));
#13068=DIRECTION('',(0.,0.,1.));
#13069=DIRECTION('',(0.,0.,-1.));
#13070=DIRECTION('',(0.,1.,0.));
#13071=DIRECTION('',(0.,0.,-1.));
#13072=DIRECTION('',(0.,1.,0.));
#13073=DIRECTION('',(-1.,0.,0.));
#13074=DIRECTION('',(0.,0.,1.));
#13075=DIRECTION('',(0.,1.,0.));
#13076=DIRECTION('',(0.,0.,-1.));
#13077=DIRECTION('',(0.,1.,0.));
#13078=DIRECTION('',(0.,0.,-1.));
#13079=DIRECTION('',(0.,0.,1.));
#13080=DIRECTION('',(0.,-1.,0.));
#13081=DIRECTION('',(0.,0.,1.));
#13082=DIRECTION('',(0.,-1.,0.));
#13083=DIRECTION('',(0.,1.,0.));
#13084=DIRECTION('',(0.,0.,1.));
#13085=DIRECTION('',(1.,0.,0.));
#13086=DIRECTION('',(0.,1.,0.));
#13087=DIRECTION('',(0.,0.,1.));
#13088=DIRECTION('',(0.,1.,0.));
#13089=DIRECTION('',(0.,0.,1.));
#13090=DIRECTION('',(1.,0.,0.));
#13091=DIRECTION('',(0.,1.,0.));
#13092=DIRECTION('',(1.,0.,0.));
#13093=DIRECTION('',(0.,0.,-1.));
#13094=DIRECTION('',(1.,0.,0.));
#13095=DIRECTION('',(1.,0.,0.));
#13096=DIRECTION('',(0.,0.,-1.));
#13097=DIRECTION('',(0.,1.,0.));
#13098=DIRECTION('',(-1.,0.,0.));
#13099=DIRECTION('',(4.8714500568025E-5,-0.999999998813449,0.));
#13100=DIRECTION('',(0.999999998813449,4.8714500568025E-5,0.));
#13101=DIRECTION('',(-0.999999998813449,-4.8714500568025E-5,0.));
#13102=DIRECTION('',(0.,0.,-1.));
#13103=DIRECTION('',(-0.999999998813449,-4.8714500568025E-5,0.));
#13104=DIRECTION('',(0.,0.,1.));
#13105=DIRECTION('',(1.,0.,0.));
#13106=DIRECTION('',(0.,1.,0.));
#13107=DIRECTION('',(-0.999999998813449,-4.8714500568025E-5,0.));
#13108=DIRECTION('',(0.438684858383714,-0.898640971147466,0.));
#13109=DIRECTION('',(0.,0.,1.));
#13110=DIRECTION('',(1.,0.,0.));
#13111=DIRECTION('',(-0.999999998813449,-4.8714500568025E-5,0.));
#13112=DIRECTION('',(0.,1.,0.));
#13113=DIRECTION('',(0.438684858383714,-0.898640971147466,0.));
#13114=DIRECTION('',(4.8714500568025E-5,-0.999999998813449,0.));
#13115=DIRECTION('',(0.999999998813449,4.8714500568025E-5,0.));
#13116=DIRECTION('',(-0.999999998813449,-4.8714500568025E-5,0.));
#13117=DIRECTION('',(0.,0.,-1.));
#13118=DIRECTION('',(0.999999998813449,4.8714500568025E-5,0.));
#13119=DIRECTION('',(0.,0.,1.));
#13120=DIRECTION('',(-0.999999998813449,-4.8714500568025E-5,0.));
#13121=DIRECTION('',(0.,0.,-1.));
#13122=DIRECTION('',(0.999999998813449,4.8714500568025E-5,0.));
#13123=DIRECTION('',(0.,0.,1.));
#13124=DIRECTION('',(-0.999999998813449,-4.8714500568025E-5,0.));
#13125=DIRECTION('',(0.,0.,-1.));
#13126=DIRECTION('',(0.999999998813449,4.8714500568025E-5,0.));
#13127=DIRECTION('',(0.,0.,1.));
#13128=DIRECTION('',(-0.999999998813449,-4.8714500568025E-5,0.));
#13129=DIRECTION('',(0.,0.,-1.));
#13130=DIRECTION('',(0.999999998813449,4.8714500568025E-5,0.));
#13131=DIRECTION('',(0.,0.,1.));
#13132=DIRECTION('',(-0.999999998813449,-4.8714500568025E-5,0.));
#13133=DIRECTION('',(-0.999999998813449,-4.8714500568025E-5,0.));
#13134=DIRECTION('',(0.,0.,1.));
#13135=DIRECTION('',(1.,0.,0.));
#13136=DIRECTION('',(0.,0.,1.));
#13137=DIRECTION('',(1.,0.,0.));
#13138=DIRECTION('',(0.,0.,1.));
#13139=DIRECTION('',(1.,0.,0.));
#13140=DIRECTION('',(0.,0.,1.));
#13141=DIRECTION('',(1.,0.,0.));
#13142=DIRECTION('',(0.,-1.,0.));
#13143=DIRECTION('',(0.,0.,-1.));
#13144=DIRECTION('',(-1.,0.,0.));
#13145=DIRECTION('',(0.,0.,-1.));
#13146=DIRECTION('',(-1.,0.,0.));
#13147=DIRECTION('',(0.,0.,-1.));
#13148=DIRECTION('',(-1.,0.,0.));
#13149=DIRECTION('',(0.,-1.,0.));
#13150=DIRECTION('',(-1.,0.,0.));
#13151=DIRECTION('',(0.,-1.,0.));
#13152=DIRECTION('',(0.,0.,-1.));
#13153=DIRECTION('',(0.,0.,1.));
#13154=DIRECTION('',(-1.,0.,0.));
#13155=DIRECTION('',(0.,0.,-1.));
#13156=DIRECTION('',(-1.,0.,0.));
#13157=DIRECTION('',(0.,1.,0.));
#13158=DIRECTION('',(0.438684858383714,-0.898640971147466,-2.9458927130386E-16));
#13159=DIRECTION('',(0.898640971147466,0.438684858383715,0.));
#13160=DIRECTION('',(0.898640971147466,0.438684858383714,0.));
#13161=DIRECTION('',(0.898640971147466,0.438684858383714,0.));
#13162=DIRECTION('',(0.,0.,1.));
#13163=DIRECTION('',(1.,0.,0.));
#13164=DIRECTION('',(0.898640971147466,0.438684858383714,0.));
#13165=DIRECTION('',(0.438684858383714,-0.898640971147466,-2.47443426845096E-16));
#13166=DIRECTION('',(0.898640971147466,0.438684858383715,0.));
#13167=DIRECTION('',(0.898640971147466,0.438684858383714,0.));
#13168=DIRECTION('',(8.27170567819337E-17,-1.69444955339576E-16,1.));
#13169=DIRECTION('',(0.,-1.,-1.69444955339576E-16));
#13170=DIRECTION('',(0.,1.,0.));
#13171=DIRECTION('',(0.,0.,1.));
#13172=DIRECTION('',(0.,-1.,0.));
#13173=DIRECTION('',(0.,0.,-1.));
#13174=DIRECTION('',(0.,-1.,0.));
#13175=DIRECTION('',(0.,0.,-1.));
#13176=DIRECTION('',(0.,-1.,1.7347234759768E-16));
#13177=DIRECTION('',(0.,-1.7347234759768E-16,-1.));
#13178=DIRECTION('',(0.,0.,-1.));
#13179=DIRECTION('',(-1.,0.,0.));
#13180=DIRECTION('',(0.,0.,1.));
#13181=DIRECTION('',(1.,0.,0.));
#13182=DIRECTION('',(0.,0.,-1.));
#13183=DIRECTION('',(-1.,0.,0.));
#13184=DIRECTION('',(0.,0.,1.));
#13185=DIRECTION('',(1.,0.,0.));
#13186=DIRECTION('',(-0.999999998813449,-4.87145005681477E-5,4.22530938780257E-21));
#13187=DIRECTION('',(4.87145005681477E-5,-0.999999998813449,0.));
#13188=DIRECTION('',(1.38777878078145E-15,-1.7347234759768E-16,-1.));
#13189=DIRECTION('',(-1.,0.,-1.38777878078145E-15));
#13190=DIRECTION('',(-0.999999998813449,-4.871450056676E-5,0.));
#13191=DIRECTION('',(4.871450056676E-5,-0.999999998813449,0.));
#13192=DIRECTION('',(-0.999999998813449,-4.8714500568025E-5,0.));
#13193=DIRECTION('',(4.8714500568025E-5,-0.999999998813449,0.));
#13194=DIRECTION('',(-0.529750585318558,-0.848153475117945,0.));
#13195=DIRECTION('',(0.848153475117945,-0.529750585318558,0.));
#13196=DIRECTION('',(0.999999998813449,4.8714500568025E-5,0.));
#13197=DIRECTION('',(-4.8714500568025E-5,0.999999998813449,0.));
#13198=DIRECTION('',(0.529750585318558,0.848153475117945,0.));
#13199=DIRECTION('',(-0.848153475117945,0.529750585318558,0.));
#13200=DIRECTION('',(0.438684858383714,-0.898640971147466,0.));
#13201=DIRECTION('',(0.898640971147466,0.438684858383714,0.));
#13202=DIRECTION('',(0.310197038166984,-0.635435124550438,0.707106781186548));
#13203=DIRECTION('',(0.310197038166984,-0.635435124550438,-0.707106781186548));
#13204=DIRECTION('',(-0.438684858383714,0.898640971147466,0.));
#13205=DIRECTION('',(-0.898640971147466,-0.438684858383714,0.));
#13206=DIRECTION('',(-0.310197038166984,0.635435124550438,0.707106781186548));
#13207=DIRECTION('',(-0.310197038166984,0.635435124550438,-0.707106781186548));
#13208=DIRECTION('',(0.,0.,-1.));
#13209=DIRECTION('',(-1.,0.,0.));
#13210=DIRECTION('',(0.707106781186548,0.707106781186548,0.));
#13211=DIRECTION('',(0.,0.,1.));
#13212=DIRECTION('',(0.577350269189626,-0.577350269189626,-0.577350269189626));
#13213=DIRECTION('',(-0.577350269189626,0.577350269189626,-0.577350269189626));
#13214=DIRECTION('',(-0.707106781186548,0.,0.707106781186548));
#13215=DIRECTION('',(0.,1.,0.));
#13216=DIRECTION('',(0.577350269189626,0.577350269189626,0.577350269189626));
#13217=DIRECTION('',(0.707106781186548,0.,0.707106781186548));
#13218=DIRECTION('',(0.,-1.,0.));
#13219=DIRECTION('',(0.577350269189626,0.577350269189626,-0.577350269189626));
#13220=DIRECTION('',(-0.707106781186547,0.707106781186548,0.));
#13221=DIRECTION('',(0.,0.,-1.));
#13222=DIRECTION('',(-1.,0.,0.));
#13223=DIRECTION('',(0.,0.,1.));
#13224=DIRECTION('',(0.,-1.,0.));
#13225=DIRECTION('',(0.,0.,-1.));
#13226=DIRECTION('',(0.,-1.,0.));
#13227=DIRECTION('',(0.,0.,-1.));
#13228=DIRECTION('',(-1.,0.,0.));
#13229=DIRECTION('',(1.,0.,0.));
#13230=DIRECTION('',(0.,-1.,0.));
#13231=DIRECTION('',(1.,0.,0.));
#13232=DIRECTION('',(0.,0.,-1.));
#13233=DIRECTION('',(0.,0.,1.));
#13234=DIRECTION('',(0.,-1.,0.));
#13235=DIRECTION('',(0.,0.,1.));
#13236=DIRECTION('',(1.,0.,0.));
#13237=DIRECTION('',(-1.,0.,0.));
#13238=DIRECTION('',(0.,-1.,0.));
#13239=DIRECTION('',(1.,0.,0.));
#13240=DIRECTION('',(0.,-1.,0.));
#13241=DIRECTION('',(0.,0.,-1.));
#13242=DIRECTION('',(-1.,0.,0.));
#13243=DIRECTION('',(0.,0.,1.));
#13244=DIRECTION('',(0.,-1.,0.));
#13245=DIRECTION('',(0.,0.,-1.));
#13246=DIRECTION('',(0.,-1.,0.));
#13247=DIRECTION('',(0.,0.,-1.));
#13248=DIRECTION('',(-1.,0.,0.));
#13249=DIRECTION('',(1.,0.,0.));
#13250=DIRECTION('',(0.,-1.,0.));
#13251=DIRECTION('',(1.,0.,0.));
#13252=DIRECTION('',(0.,0.,-1.));
#13253=DIRECTION('',(0.,0.,1.));
#13254=DIRECTION('',(0.,-1.,0.));
#13255=DIRECTION('',(0.,0.,1.));
#13256=DIRECTION('',(1.,0.,0.));
#13257=DIRECTION('',(-1.,0.,0.));
#13258=DIRECTION('',(0.,-1.,0.));
#13259=DIRECTION('',(1.,0.,0.));
#13260=DIRECTION('',(0.,-1.,0.));
#13261=DIRECTION('',(0.,0.,-1.));
#13262=DIRECTION('',(-1.,0.,0.));
#13263=DIRECTION('',(0.,0.,1.));
#13264=DIRECTION('',(0.,-1.,0.));
#13265=DIRECTION('',(0.,0.,-1.));
#13266=DIRECTION('',(0.,-1.,0.));
#13267=DIRECTION('',(0.,0.,-1.));
#13268=DIRECTION('',(-1.,0.,0.));
#13269=DIRECTION('',(1.,0.,0.));
#13270=DIRECTION('',(0.,-1.,0.));
#13271=DIRECTION('',(1.,0.,0.));
#13272=DIRECTION('',(0.,0.,-1.));
#13273=DIRECTION('',(0.,0.,1.));
#13274=DIRECTION('',(0.,-1.,0.));
#13275=DIRECTION('',(0.,0.,1.));
#13276=DIRECTION('',(1.,0.,0.));
#13277=DIRECTION('',(-1.,0.,0.));
#13278=DIRECTION('',(0.,-1.,0.));
#13279=DIRECTION('',(1.,0.,0.));
#13280=DIRECTION('',(0.,-1.,0.));
#13281=DIRECTION('',(0.,0.,-1.));
#13282=DIRECTION('',(-1.,0.,0.));
#13283=DIRECTION('',(0.,0.,1.));
#13284=DIRECTION('',(0.,-1.,0.));
#13285=DIRECTION('',(0.,0.,-1.));
#13286=DIRECTION('',(0.,-1.,0.));
#13287=DIRECTION('',(0.,0.,-1.));
#13288=DIRECTION('',(-1.,0.,0.));
#13289=DIRECTION('',(1.,0.,0.));
#13290=DIRECTION('',(0.,-1.,0.));
#13291=DIRECTION('',(1.,0.,0.));
#13292=DIRECTION('',(0.,0.,-1.));
#13293=DIRECTION('',(0.,0.,1.));
#13294=DIRECTION('',(0.,-1.,0.));
#13295=DIRECTION('',(0.,0.,1.));
#13296=DIRECTION('',(1.,0.,0.));
#13297=DIRECTION('',(-1.,0.,0.));
#13298=DIRECTION('',(0.,-1.,0.));
#13299=DIRECTION('',(1.,0.,0.));
#13300=DIRECTION('',(0.,-1.,0.));
#13301=DIRECTION('',(0.,0.,-1.));
#13302=DIRECTION('',(0.,1.,0.));
#13303=DIRECTION('',(0.,0.,1.));
#13304=DIRECTION('',(0.,-1.,0.));
#13305=DIRECTION('',(0.,0.,-1.));
#13306=DIRECTION('',(0.,-1.,0.));
#13307=DIRECTION('',(1.,0.,0.));
#13308=DIRECTION('',(0.,-1.,0.));
#13309=DIRECTION('',(0.,0.,-1.));
#13310=DIRECTION('',(0.,1.,0.));
#13311=DIRECTION('',(0.,0.,1.));
#13312=DIRECTION('',(0.,-1.,0.));
#13313=DIRECTION('',(0.,0.,-1.));
#13314=DIRECTION('',(0.,-1.,0.));
#13315=DIRECTION('',(1.,0.,0.));
#13316=DIRECTION('',(0.,-1.,0.));
#13317=DIRECTION('',(0.,0.,-1.));
#13318=DIRECTION('',(0.,1.,0.));
#13319=DIRECTION('',(0.,0.,1.));
#13320=DIRECTION('',(0.,-1.,0.));
#13321=DIRECTION('',(0.,0.,-1.));
#13322=DIRECTION('',(0.,-1.,0.));
#13323=DIRECTION('',(1.,0.,0.));
#13324=DIRECTION('',(0.,-1.,0.));
#13325=DIRECTION('',(0.,0.,-1.));
#13326=DIRECTION('',(0.,1.,0.));
#13327=DIRECTION('',(0.,0.,1.));
#13328=DIRECTION('',(0.,-1.,0.));
#13329=DIRECTION('',(0.,0.,-1.));
#13330=DIRECTION('',(0.,-1.,0.));
#13331=DIRECTION('',(1.,0.,0.));
#13332=DIRECTION('',(0.,-1.,0.));
#13333=DIRECTION('',(0.,0.,-1.));
#13334=DIRECTION('',(0.,1.,0.));
#13335=DIRECTION('',(0.,0.,1.));
#13336=DIRECTION('',(0.,-1.,0.));
#13337=DIRECTION('',(0.,0.,-1.));
#13338=DIRECTION('',(0.,-1.,0.));
#13339=DIRECTION('',(1.,0.,0.));
#13340=DIRECTION('',(0.,1.,0.));
#13341=DIRECTION('',(0.,0.,1.));
#13342=DIRECTION('',(0.,-1.,0.));
#13343=DIRECTION('',(0.,0.,-1.));
#13344=DIRECTION('',(0.,-1.,0.));
#13345=DIRECTION('',(1.,0.,0.));
#13346=DIRECTION('',(0.,1.,0.));
#13347=DIRECTION('',(0.,0.,1.));
#13348=DIRECTION('',(0.,-1.,0.));
#13349=DIRECTION('',(0.,0.,-1.));
#13350=DIRECTION('',(0.,-1.,0.));
#13351=DIRECTION('',(1.,0.,0.));
#13352=DIRECTION('',(0.,1.,0.));
#13353=DIRECTION('',(0.,0.,1.));
#13354=DIRECTION('',(0.,-1.,0.));
#13355=DIRECTION('',(0.,0.,-1.));
#13356=DIRECTION('',(0.,-1.,0.));
#13357=DIRECTION('',(1.,0.,0.));
#13358=DIRECTION('',(-0.438684858383714,0.898640971147466,0.));
#13359=DIRECTION('',(-0.898640971147466,-0.438684858383714,0.));
#13360=DIRECTION('',(0.898640971147466,0.438684858383714,0.));
#13361=DIRECTION('',(0.898640971147466,0.438684858383714,0.));
#13362=DIRECTION('',(0.,0.,-1.));
#13363=DIRECTION('',(0.438684858383714,-0.898640971147466,0.));
#13364=DIRECTION('',(0.898640971147466,0.438684858383714,0.));
#13365=DIRECTION('',(-0.898640971147466,-0.438684858383714,0.));
#13366=DIRECTION('',(-0.898640971147466,-0.438684858383714,0.));
#13367=DIRECTION('',(0.,0.,-1.));
#13368=DIRECTION('',(0.,0.,1.));
#13369=DIRECTION('',(1.,0.,0.));
#13370=DIRECTION('',(0.438684858383715,-0.898640971147466,0.));
#13371=DIRECTION('',(0.898640971147465,0.438684858383716,0.));
#13372=DIRECTION('',(-0.438684858383712,0.898640971147467,0.));
#13373=DIRECTION('',(0.,0.,1.));
#13374=DIRECTION('',(1.,0.,0.));
#13375=DIRECTION('',(-0.438684858383712,0.898640971147467,0.));
#13376=DIRECTION('',(0.898640971147465,0.438684858383716,0.));
#13377=DIRECTION('',(0.438684858383715,-0.898640971147466,0.));
#13378=DIRECTION('',(0.898640971147466,0.438684858383715,0.));
#13379=DIRECTION('',(-0.438684858383715,0.898640971147466,0.));
#13380=DIRECTION('',(0.,0.,-1.));
#13381=DIRECTION('',(-0.438684858383716,0.898640971147465,0.));
#13382=DIRECTION('',(-0.898640971147465,-0.438684858383716,0.));
#13383=DIRECTION('',(0.,0.,-1.));
#13384=DIRECTION('',(-0.898640971147467,-0.438684858383712,0.));
#13385=DIRECTION('',(0.438684858383712,-0.898640971147467,0.));
#13386=DIRECTION('',(0.898640971147466,0.438684858383714,0.));
#13387=DIRECTION('',(-0.438684858383714,0.898640971147466,0.));
#13388=DIRECTION('',(0.898640971147466,0.438684858383714,0.));
#13389=DIRECTION('',(-0.438684858383714,0.898640971147466,0.));
#13390=DIRECTION('',(-1.,-7.76390507909908E-31,-3.78214758834605E-35));
#13391=DIRECTION('',(7.76390508831135E-31,-0.999999998813449,-4.87145005685902E-5));
#13392=DIRECTION('',(0.,0.,1.));
#13393=DIRECTION('',(1.,0.,0.));
#13394=DIRECTION('',(0.,0.,1.));
#13395=DIRECTION('',(1.,0.,0.));
#13396=DIRECTION('',(0.,0.,1.));
#13397=DIRECTION('',(1.,0.,0.));
#13398=DIRECTION('',(0.,0.,1.));
#13399=DIRECTION('',(1.,0.,0.));
#13400=DIRECTION('',(1.,0.,0.));
#13401=DIRECTION('',(0.,0.,-1.));
#13402=DIRECTION('',(0.,0.,1.));
#13403=DIRECTION('',(0.,-1.,0.));
#13404=DIRECTION('',(0.,0.,1.));
#13405=DIRECTION('',(0.,1.,0.));
#13406=DIRECTION('',(1.,0.,0.));
#13407=DIRECTION('',(0.,0.,-1.));
#13408=DIRECTION('',(0.,0.,-1.));
#13409=DIRECTION('',(0.,-1.,0.));
#13410=DIRECTION('',(0.,0.,-1.));
#13411=DIRECTION('',(0.,-1.,0.));
#13412=DIRECTION('',(0.,1.,0.));
#13413=DIRECTION('',(0.,0.,1.));
#13414=DIRECTION('',(1.,0.,0.));
#13415=DIRECTION('',(0.,0.,1.));
#13416=DIRECTION('',(1.,0.,0.));
#13417=DIRECTION('',(1.,0.,0.));
#13418=DIRECTION('',(0.,0.,-1.));
#13419=DIRECTION('',(1.,0.,0.));
#13420=DIRECTION('',(-1.,0.,0.));
#13421=DIRECTION('',(0.,0.,1.));
#13422=DIRECTION('',(0.,1.,0.));
#13423=DIRECTION('',(0.,0.,-1.));
#13424=DIRECTION('',(0.,1.,0.));
#13425=DIRECTION('',(0.,-1.,0.));
#13426=DIRECTION('',(0.,0.,-1.));
#13427=DIRECTION('',(-1.,0.,0.));
#13428=DIRECTION('',(-1.,0.,0.));
#13429=DIRECTION('',(-1.,0.,0.));
#13430=DIRECTION('',(-1.,0.,0.));
#13431=DIRECTION('',(0.,0.,1.));
#13432=DIRECTION('',(0.,0.,1.));
#13433=DIRECTION('',(1.,0.,0.));
#13434=DIRECTION('',(0.,0.,1.));
#13435=DIRECTION('',(1.,0.,0.));
#13436=DIRECTION('',(0.,0.,1.));
#13437=DIRECTION('',(1.,0.,0.));
#13438=DIRECTION('',(0.,0.,1.));
#13439=DIRECTION('',(1.,0.,0.));
#13440=DIRECTION('',(0.,-1.,0.));
#13441=DIRECTION('',(1.,0.,0.));
#13442=DIRECTION('',(0.,0.,-1.));
#13443=DIRECTION('',(0.,1.,0.));
#13444=DIRECTION('',(0.,0.,1.));
#13445=DIRECTION('',(1.,0.,0.));
#13446=DIRECTION('',(0.,0.,1.));
#13447=DIRECTION('',(1.,0.,0.));
#13448=DIRECTION('',(0.,0.,1.));
#13449=DIRECTION('',(1.,0.,0.));
#13450=DIRECTION('',(0.,0.,-1.));
#13451=DIRECTION('',(-1.,0.,0.));
#13452=DIRECTION('',(0.,0.,1.));
#13453=DIRECTION('',(1.,0.,0.));
#13454=DIRECTION('',(0.,0.,-1.));
#13455=DIRECTION('',(-1.,0.,0.));
#13456=DIRECTION('',(0.,0.,1.));
#13457=DIRECTION('',(1.,0.,0.));
#13458=DIRECTION('',(0.,0.,1.));
#13459=DIRECTION('',(1.,0.,0.));
#13460=DIRECTION('',(0.,0.,1.));
#13461=DIRECTION('',(1.,0.,0.));
#13462=DIRECTION('',(0.,0.,1.));
#13463=DIRECTION('',(1.,0.,0.));
#13464=DIRECTION('',(0.,0.,1.));
#13465=DIRECTION('',(1.,0.,0.));
#13466=DIRECTION('',(0.,0.,1.));
#13467=DIRECTION('',(1.,0.,0.));
#13468=DIRECTION('',(0.,0.,1.));
#13469=DIRECTION('',(1.,0.,0.));
#13470=DIRECTION('',(0.,0.,1.));
#13471=DIRECTION('',(1.,0.,0.));
#13472=DIRECTION('',(0.,0.898640971147466,-0.438684858383714));
#13473=DIRECTION('',(0.,0.438684858383714,0.898640971147466));
#13474=DIRECTION('',(0.,0.,1.));
#13475=DIRECTION('',(1.,0.,0.));
#13476=DIRECTION('',(0.,0.,1.));
#13477=DIRECTION('',(1.,0.,0.));
#13478=DIRECTION('',(-1.,0.,0.));
#13479=DIRECTION('',(0.,0.,1.));
#13480=DIRECTION('',(0.,-1.,0.));
#13481=DIRECTION('',(0.,0.,1.));
#13482=DIRECTION('',(0.,-1.,0.));
#13483=DIRECTION('',(0.,0.,1.));
#13484=DIRECTION('',(0.,-1.,0.));
#13485=DIRECTION('',(0.,0.,-1.));
#13486=DIRECTION('',(1.,0.,0.));
#13487=DIRECTION('',(1.,0.,0.));
#13488=DIRECTION('',(0.,0.,1.));
#13489=DIRECTION('',(1.,0.,0.));
#13490=DIRECTION('',(0.,0.,-1.));
#13491=DIRECTION('',(0.,1.,0.));
#13492=DIRECTION('',(0.,1.,0.));
#13493=DIRECTION('',(0.,0.,1.));
#13494=DIRECTION('',(0.,1.,0.));
#13495=DIRECTION('',(0.,0.,1.));
#13496=DIRECTION('',(-1.,0.,0.));
#13497=DIRECTION('',(-1.,0.,0.));
#13498=DIRECTION('',(0.,0.,1.));
#13499=DIRECTION('',(1.,0.,0.));
#13500=DIRECTION('',(-1.,0.,0.));
#13501=DIRECTION('',(0.,0.,1.));
#13502=DIRECTION('',(0.,-1.,0.));
#13503=DIRECTION('',(0.,0.,1.));
#13504=DIRECTION('',(0.,-1.,0.));
#13505=DIRECTION('',(0.,0.,1.));
#13506=DIRECTION('',(0.,-1.,0.));
#13507=DIRECTION('',(0.,0.,-1.));
#13508=DIRECTION('',(1.,0.,0.));
#13509=DIRECTION('',(1.,0.,0.));
#13510=DIRECTION('',(0.,0.,1.));
#13511=DIRECTION('',(1.,0.,0.));
#13512=DIRECTION('',(0.,0.,-1.));
#13513=DIRECTION('',(0.,1.,0.));
#13514=DIRECTION('',(0.,1.,0.));
#13515=DIRECTION('',(0.,0.,1.));
#13516=DIRECTION('',(0.,1.,0.));
#13517=DIRECTION('',(0.,0.,1.));
#13518=DIRECTION('',(-1.,0.,0.));
#13519=DIRECTION('',(-1.,0.,0.));
#13520=DIRECTION('',(0.,0.,1.));
#13521=DIRECTION('',(1.,0.,0.));
#13522=DIRECTION('',(-1.,0.,0.));
#13523=DIRECTION('',(0.,0.,1.));
#13524=DIRECTION('',(0.,-1.,0.));
#13525=DIRECTION('',(0.,0.,1.));
#13526=DIRECTION('',(0.,-1.,0.));
#13527=DIRECTION('',(0.,0.,1.));
#13528=DIRECTION('',(0.,-1.,0.));
#13529=DIRECTION('',(0.,0.,-1.));
#13530=DIRECTION('',(1.,0.,0.));
#13531=DIRECTION('',(1.,0.,0.));
#13532=DIRECTION('',(0.,0.,1.));
#13533=DIRECTION('',(1.,0.,0.));
#13534=DIRECTION('',(0.,0.,-1.));
#13535=DIRECTION('',(0.,1.,0.));
#13536=DIRECTION('',(0.,1.,0.));
#13537=DIRECTION('',(0.,0.,1.));
#13538=DIRECTION('',(0.,1.,0.));
#13539=DIRECTION('',(0.,0.,1.));
#13540=DIRECTION('',(-1.,0.,0.));
#13541=DIRECTION('',(-1.,0.,0.));
#13542=DIRECTION('',(-1.,0.,0.));
#13543=DIRECTION('',(-1.,0.,0.));
#13544=DIRECTION('',(0.,0.,1.));
#13545=DIRECTION('',(1.,0.,0.));
#13546=DIRECTION('',(-1.,0.,0.));
#13547=DIRECTION('',(0.,-1.,0.));
#13548=DIRECTION('',(1.,0.,0.));
#13549=DIRECTION('',(0.,1.,0.));
#13550=DIRECTION('',(0.,-1.,0.));
#13551=DIRECTION('',(1.,0.,0.));
#13552=DIRECTION('',(0.,1.,0.));
#13553=DIRECTION('',(0.,0.,1.));
#13554=DIRECTION('',(1.,0.,0.));
#13555=DIRECTION('',(0.,0.,1.));
#13556=DIRECTION('',(1.,0.,0.));
#13557=DIRECTION('',(0.,1.,0.));
#13558=DIRECTION('',(-1.,0.,0.));
#13559=DIRECTION('',(0.,-1.,0.));
#13560=DIRECTION('',(-1.,0.,0.));
#13561=DIRECTION('',(0.,0.,1.));
#13562=DIRECTION('',(0.,0.,1.));
#13563=DIRECTION('',(0.,-1.,0.));
#13564=DIRECTION('',(0.,0.,1.));
#13565=DIRECTION('',(0.,-1.,0.));
#13566=DIRECTION('',(0.,0.,-1.));
#13567=DIRECTION('',(1.,0.,0.));
#13568=DIRECTION('',(0.,0.,1.));
#13569=DIRECTION('',(1.,0.,0.));
#13570=DIRECTION('',(0.,0.,-1.));
#13571=DIRECTION('',(0.,1.,0.));
#13572=DIRECTION('',(0.,0.,1.));
#13573=DIRECTION('',(0.,1.,0.));
#13574=DIRECTION('',(0.,0.,1.));
#13575=DIRECTION('',(-1.,0.,0.));
#13576=DIRECTION('',(0.,0.,1.));
#13577=DIRECTION('',(1.,0.,0.));
#13578=DIRECTION('',(-1.,0.,0.));
#13579=DIRECTION('',(0.,0.,1.));
#13580=DIRECTION('',(0.,0.,1.));
#13581=DIRECTION('',(0.,-1.,0.));
#13582=DIRECTION('',(0.,0.,1.));
#13583=DIRECTION('',(0.,-1.,0.));
#13584=DIRECTION('',(0.,0.,-1.));
#13585=DIRECTION('',(1.,0.,0.));
#13586=DIRECTION('',(0.,0.,1.));
#13587=DIRECTION('',(1.,0.,0.));
#13588=DIRECTION('',(0.,0.,-1.));
#13589=DIRECTION('',(0.,1.,0.));
#13590=DIRECTION('',(0.,0.,1.));
#13591=DIRECTION('',(0.,1.,0.));
#13592=DIRECTION('',(0.,0.,1.));
#13593=DIRECTION('',(-1.,0.,0.));
#13594=DIRECTION('',(0.,0.,1.));
#13595=DIRECTION('',(1.,0.,0.));
#13596=DIRECTION('',(0.,0.,1.));
#13597=DIRECTION('',(1.,0.,0.));
#13598=DIRECTION('',(0.,0.,1.));
#13599=DIRECTION('',(1.,0.,0.));
#13600=DIRECTION('',(0.,0.,1.));
#13601=DIRECTION('',(1.,0.,0.));
#13602=DIRECTION('',(0.,0.,1.));
#13603=DIRECTION('',(1.,0.,0.));
#13604=DIRECTION('',(0.,0.,1.));
#13605=DIRECTION('',(1.,0.,0.));
#13606=DIRECTION('',(0.,1.,0.));
#13607=DIRECTION('',(0.,0.,1.));
#13608=DIRECTION('',(1.,0.,0.));
#13609=DIRECTION('',(0.,0.,-1.));
#13610=DIRECTION('',(1.,0.,0.));
#13611=DIRECTION('',(0.,0.,1.));
#13612=DIRECTION('',(1.,0.,0.));
#13613=DIRECTION('',(0.,0.,-1.));
#13614=DIRECTION('',(0.,1.,0.));
#13615=DIRECTION('',(0.,0.,1.));
#13616=DIRECTION('',(0.,1.,0.));
#13617=DIRECTION('',(0.,1.,0.));
#13618=DIRECTION('',(0.,0.,1.));
#13619=DIRECTION('',(1.,0.,0.));
#13620=DIRECTION('',(0.,0.,-1.));
#13621=DIRECTION('',(1.,0.,0.));
#13622=DIRECTION('',(0.,0.,-1.));
#13623=DIRECTION('',(-1.,0.,0.));
#13624=DIRECTION('',(0.,0.,-1.));
#13625=DIRECTION('',(-1.,0.,0.));
#13626=DIRECTION('',(0.,0.,-1.));
#13627=DIRECTION('',(-1.,0.,0.));
#13628=DIRECTION('',(0.,0.,-1.));
#13629=DIRECTION('',(-1.,0.,0.));
#13630=DIRECTION('',(0.,0.,-1.));
#13631=DIRECTION('',(-1.,0.,0.));
#13632=DIRECTION('',(0.,0.,-1.));
#13633=DIRECTION('',(-1.,0.,0.));
#13634=DIRECTION('',(1.,0.,0.));
#13635=DIRECTION('',(0.,0.,-1.));
#13636=DIRECTION('',(0.,1.,0.));
#13637=DIRECTION('',(0.,1.,0.));
#13638=DIRECTION('',(0.,0.,1.));
#13639=DIRECTION('',(1.,0.,0.));
#13640=DIRECTION('',(1.,0.,0.));
#13641=DIRECTION('',(0.,1.,0.));
#13642=DIRECTION('',(1.,0.,0.));
#13643=DIRECTION('',(0.,1.,0.));
#13644=DIRECTION('',(0.,0.,1.));
#13645=DIRECTION('',(1.,0.,0.));
#13646=DIRECTION('',(0.,1.,0.));
#13647=DIRECTION('',(0.,0.,1.));
#13648=DIRECTION('',(0.,0.,1.));
#13649=DIRECTION('',(0.,0.,1.));
#13650=DIRECTION('',(1.,0.,0.));
#13651=DIRECTION('',(1.,9.69119260322239E-17,0.));
#13652=DIRECTION('',(-9.69119260322239E-17,1.,0.));
#13653=DIRECTION('',(0.,0.,1.));
#13654=DIRECTION('',(0.,1.,0.));
#13655=DIRECTION('',(0.,1.,0.));
#13656=DIRECTION('',(0.,0.,1.));
#13657=DIRECTION('',(0.,0.,-1.));
#13658=DIRECTION('',(1.,0.,0.));
#13659=DIRECTION('',(1.,0.,0.));
#13660=DIRECTION('',(0.,0.,-1.));
#13661=DIRECTION('',(0.,1.,0.));
#13662=DIRECTION('',(0.,0.,1.));
#13663=DIRECTION('',(1.,0.,0.));
#13664=DIRECTION('',(0.,-0.898640971147466,0.438684858383714));
#13665=DIRECTION('',(-1.,0.,0.));
#13666=DIRECTION('',(0.,2.2E-16,1.));
#13667=DIRECTION('',(1.,0.,0.));
#13668=DIRECTION('',(1.22464679914735E-16,-2.2E-16,-1.));
#13669=DIRECTION('',(0.,1.,-2.2E-16));
#13670=DIRECTION('',(0.,2.2E-16,1.));
#13671=DIRECTION('',(0.,-1.,2.2E-16));
#13672=DIRECTION('',(0.,1.,-2.2E-16));
#13673=DIRECTION('',(1.,0.,0.));
#13674=DIRECTION('',(-1.,-4.04133443718627E-32,-1.83697019872103E-16));
#13675=DIRECTION('',(-1.83697019872103E-16,0.,1.));
#13676=DIRECTION('',(1.,0.,0.));
#13677=DIRECTION('',(0.,-2.2E-16,-1.));
#13678=DIRECTION('',(-1.,-4.04133443718627E-32,-1.83697019872103E-16));
#13679=DIRECTION('',(-1.83697019872103E-16,0.,1.));
#13680=DIRECTION('',(0.,1.,-2.2E-16));
#13681=DIRECTION('',(1.,0.,0.));
#13682=DIRECTION('',(0.,2.2E-16,1.));
#13683=DIRECTION('',(0.,-1.,2.2E-16));
#13684=DIRECTION('',(0.,-2.2E-16,-1.));
#13685=DIRECTION('',(-1.,0.,0.));
#13686=DIRECTION('',(0.,-2.2E-16,-1.));
#13687=DIRECTION('',(0.,1.,-2.2E-16));
#13688=DIRECTION('',(0.,0.,-1.));
#13689=DIRECTION('',(-1.,0.,0.));
#13690=DIRECTION('',(0.,0.,1.));
#13691=DIRECTION('',(1.,0.,0.));
#13692=DIRECTION('',(0.,0.,1.));
#13693=DIRECTION('',(1.,0.,0.));
#13694=DIRECTION('',(0.707106781186548,-0.707106781186548,-8.65956056235244E-17));
#13695=DIRECTION('',(0.707106781186548,0.707106781186548,-8.65956056235244E-17));
#13696=DIRECTION('',(0.707106781186548,0.707106781186548,-8.65956056235244E-17));
#13697=DIRECTION('',(1.224646799147E-16,1.359631073447E-32,1.));
#13698=DIRECTION('',(0.707106781186546,0.707106781186549,-8.65956056235242E-17));
#13699=DIRECTION('',(1.224646799147E-16,1.359631073447E-32,1.));
#13700=DIRECTION('',(1.,1.110223024625E-16,-1.224646799147E-16));
#13701=DIRECTION('',(-1.110223024625E-16,1.,-6.92712190079319E-45));
#13702=DIRECTION('',(-1.110223024625E-16,1.,-6.92712190079319E-45));
#13703=DIRECTION('',(1.110223024625E-16,-1.,6.92712190079319E-45));
#13704=DIRECTION('',(1.224646799147E-16,1.359631073447E-32,1.));
#13705=DIRECTION('',(1.110223024625E-16,-1.,6.92712190079319E-45));
#13706=DIRECTION('',(1.,1.110223024625E-16,-1.224646799147E-16));
#13707=DIRECTION('',(1.,1.110223024625E-16,-1.224646799147E-16));
#13708=DIRECTION('',(1.224646799147E-16,1.359631073447E-32,1.));
#13709=DIRECTION('',(-1.,-1.110223024625E-16,1.224646799147E-16));
#13710=DIRECTION('',(-1.224646799147E-16,-1.359631073447E-32,-1.));
#13711=DIRECTION('',(1.110223024625E-16,-1.,6.92712190079319E-45));
#13712=DIRECTION('',(-0.707106781186548,0.707106781186548,8.65956056235244E-17));
#13713=DIRECTION('',(-1.,-1.110223024625E-16,1.224646799147E-16));
#13714=DIRECTION('',(-0.707106781186548,-0.707106781186548,8.65956056235244E-17));
#13715=DIRECTION('',(-0.707106781186548,0.707106781186548,8.65956056235244E-17));
#13716=DIRECTION('',(-1.,-1.110223024625E-16,1.224646799147E-16));
#13717=DIRECTION('',(-0.707106781186548,-0.707106781186548,8.65956056235244E-17));
#13718=DIRECTION('',(-0.707106781186548,0.707106781186548,8.65956056235244E-17));
#13719=DIRECTION('',(-1.,-1.110223024625E-16,1.224646799147E-16));
#13720=DIRECTION('',(-0.707106781186548,-0.707106781186548,8.65956056235244E-17));
#13721=DIRECTION('',(-0.707106781186548,0.707106781186548,8.65956056235244E-17));
#13722=DIRECTION('',(-1.,-1.110223024625E-16,1.224646799147E-16));
#13723=DIRECTION('',(-0.707106781186548,-0.707106781186548,8.65956056235244E-17));
#13724=DIRECTION('',(-0.707106781186548,0.707106781186548,8.65956056235244E-17));
#13725=DIRECTION('',(-1.,-1.110223024625E-16,1.224646799147E-16));
#13726=DIRECTION('',(-0.707106781186548,-0.707106781186548,8.65956056235244E-17));
#13727=DIRECTION('',(-0.707106781186548,0.707106781186548,8.65956056235244E-17));
#13728=DIRECTION('',(-1.,-1.110223024625E-16,1.224646799147E-16));
#13729=DIRECTION('',(-0.707106781186548,-0.707106781186548,8.65956056235244E-17));
#13730=DIRECTION('',(-0.707106781186548,0.707106781186548,8.65956056235244E-17));
#13731=DIRECTION('',(-1.,-1.110223024625E-16,1.224646799147E-16));
#13732=DIRECTION('',(-0.707106781186548,-0.707106781186548,8.65956056235244E-17));
#13733=DIRECTION('',(-0.707106781186548,0.707106781186548,8.65956056235244E-17));
#13734=DIRECTION('',(-1.,-1.110223024625E-16,1.224646799147E-16));
#13735=DIRECTION('',(-0.707106781186548,-0.707106781186548,8.65956056235244E-17));
#13736=DIRECTION('',(1.110223024625E-16,-1.,6.92712190079319E-45));
#13737=DIRECTION('',(0.707106781186548,-0.707106781186548,-8.65956056235244E-17));
#13738=DIRECTION('',(1.,1.110223024625E-16,-1.224646799147E-16));
#13739=DIRECTION('',(0.707106781186548,0.707106781186548,-8.65956056235244E-17));
#13740=DIRECTION('',(0.707106781186548,-0.707106781186548,-8.65956056235244E-17));
#13741=DIRECTION('',(1.,1.110223024625E-16,-1.224646799147E-16));
#13742=DIRECTION('',(0.707106781186548,0.707106781186548,-8.65956056235244E-17));
#13743=DIRECTION('',(0.707106781186548,-0.707106781186548,-8.65956056235244E-17));
#13744=DIRECTION('',(1.,1.110223024625E-16,-1.224646799147E-16));
#13745=DIRECTION('',(0.707106781186548,0.707106781186548,-8.65956056235244E-17));
#13746=DIRECTION('',(0.707106781186548,-0.707106781186548,-8.65956056235244E-17));
#13747=DIRECTION('',(1.,1.110223024625E-16,-1.224646799147E-16));
#13748=DIRECTION('',(0.707106781186548,0.707106781186548,-8.65956056235244E-17));
#13749=DIRECTION('',(0.707106781186548,-0.707106781186548,-8.65956056235244E-17));
#13750=DIRECTION('',(1.,1.110223024625E-16,-1.224646799147E-16));
#13751=DIRECTION('',(0.707106781186548,0.707106781186548,-8.65956056235244E-17));
#13752=DIRECTION('',(0.707106781186548,-0.707106781186548,-8.65956056235244E-17));
#13753=DIRECTION('',(1.,1.110223024625E-16,-1.224646799147E-16));
#13754=DIRECTION('',(0.707106781186548,0.707106781186548,-8.65956056235244E-17));
#13755=DIRECTION('',(0.707106781186548,-0.707106781186548,-8.65956056235244E-17));
#13756=DIRECTION('',(1.,1.110223024625E-16,-1.224646799147E-16));
#13757=DIRECTION('',(0.707106781186548,0.707106781186548,-8.65956056235244E-17));
#13758=DIRECTION('',(0.707106781186548,-0.707106781186548,-8.65956056235244E-17));
#13759=DIRECTION('',(-1.,-1.110223024625E-16,1.224646799147E-16));
#13760=DIRECTION('',(1.110223024625E-16,-1.,6.92712190079319E-45));
#13761=DIRECTION('',(1.,1.110223024625E-16,-1.224646799147E-16));
#13762=DIRECTION('',(1.110223024625E-16,-1.,6.92712190079319E-45));
#13763=DIRECTION('',(1.,1.110223024625E-16,-1.224646799147E-16));
#13764=DIRECTION('',(1.110223024625E-16,-1.,6.92712190079319E-45));
#13765=DIRECTION('',(-1.,-1.110223024625E-16,1.224646799147E-16));
#13766=DIRECTION('',(1.110223024625E-16,-1.,6.92712190079319E-45));
#13767=DIRECTION('',(1.110223024625E-16,-1.,6.92712190079319E-45));
#13768=DIRECTION('',(1.,1.110223024625E-16,-1.224646799147E-16));
#13769=DIRECTION('',(1.110223024625E-16,-1.,6.92712190079319E-45));
#13770=DIRECTION('',(-1.,-1.110223024625E-16,1.224646799147E-16));
#13771=DIRECTION('',(1.,1.110223024625E-16,-1.224646799147E-16));
#13772=DIRECTION('',(1.110223024625E-16,-1.,6.92712190079319E-45));
#13773=DIRECTION('',(-1.,-1.110223024625E-16,1.224646799147E-16));
#13774=DIRECTION('',(1.110223024625E-16,-1.,6.92712190079319E-45));
#13775=DIRECTION('',(1.110223024625E-16,-1.,6.92712190079319E-45));
#13776=DIRECTION('',(1.,1.110223024625E-16,-1.224646799147E-16));
#13777=DIRECTION('',(1.110223024625E-16,-1.,6.92712190079319E-45));
#13778=DIRECTION('',(-1.,-1.110223024625E-16,1.224646799147E-16));
#13779=DIRECTION('',(1.,1.110223024625E-16,-1.224646799147E-16));
#13780=DIRECTION('',(1.110223024625E-16,-1.,6.92712190079319E-45));
#13781=DIRECTION('',(-1.,-1.110223024625E-16,1.224646799147E-16));
#13782=DIRECTION('',(1.110223024625E-16,-1.,6.92712190079319E-45));
#13783=DIRECTION('',(-1.,-1.110223024625E-16,1.224646799147E-16));
#13784=DIRECTION('',(1.110223024625E-16,-1.,6.92712190079319E-45));
#13785=DIRECTION('',(1.,1.110223024625E-16,-1.224646799147E-16));
#13786=DIRECTION('',(1.110223024625E-16,-1.,6.92712190079319E-45));
#13787=DIRECTION('',(1.110223024625E-16,-1.,6.92712190079319E-45));
#13788=DIRECTION('',(1.,1.110223024625E-16,-1.224646799147E-16));
#13789=DIRECTION('',(1.110223024625E-16,-1.,6.92712190079319E-45));
#13790=DIRECTION('',(-1.,-1.110223024625E-16,1.224646799147E-16));
#13791=DIRECTION('',(-1.224646799147E-16,-1.359631073447E-32,-1.));
#13792=DIRECTION('',(1.110223024625E-16,-1.,6.92712190079319E-45));
#13793=DIRECTION('',(0.707106781186549,-0.707106781186547,-8.65956056235245E-17));
#13794=DIRECTION('',(0.707106781186547,0.707106781186548,-8.65956056235243E-17));
#13795=DIRECTION('',(-1.,-1.110223024625E-16,1.224646799147E-16));
#13796=DIRECTION('',(0.707106781186547,-0.707106781186548,-8.65956056235243E-17));
#13797=DIRECTION('',(0.707106781186547,0.707106781186548,-8.65956056235243E-17));
#13798=DIRECTION('',(-1.,-1.110223024625E-16,1.224646799147E-16));
#13799=DIRECTION('',(0.707106781186546,-0.707106781186549,-8.65956056235242E-17));
#13800=DIRECTION('',(0.707106781186549,0.707106781186547,-8.65956056235245E-17));
#13801=DIRECTION('',(-1.,-1.110223024625E-16,1.224646799147E-16));
#13802=DIRECTION('',(0.707106781186549,-0.707106781186547,-8.65956056235245E-17));
#13803=DIRECTION('',(0.707106781186546,0.707106781186549,-8.65956056235242E-17));
#13804=DIRECTION('',(-1.,-1.110223024625E-16,1.224646799147E-16));
#13805=DIRECTION('',(0.707106781186546,-0.707106781186549,-8.65956056235242E-17));
#13806=DIRECTION('',(0.707106781186549,0.707106781186547,-8.65956056235245E-17));
#13807=DIRECTION('',(-1.,-1.110223024625E-16,1.224646799147E-16));
#13808=DIRECTION('',(0.707106781186549,-0.707106781186547,-8.65956056235245E-17));
#13809=DIRECTION('',(0.707106781186549,0.707106781186547,-8.65956056235245E-17));
#13810=DIRECTION('',(-1.,-1.110223024625E-16,1.224646799147E-16));
#13811=DIRECTION('',(0.707106781186549,-0.707106781186547,-8.65956056235245E-17));
#13812=DIRECTION('',(0.707106781186549,0.707106781186547,-8.65956056235245E-17));
#13813=DIRECTION('',(-1.,-1.110223024625E-16,1.224646799147E-16));
#13814=DIRECTION('',(0.707106781186549,-0.707106781186547,-8.65956056235245E-17));
#13815=DIRECTION('',(1.110223024625E-16,-1.,6.92712190079319E-45));
#13816=DIRECTION('',(-0.707106781186549,-0.707106781186547,8.65956056235245E-17));
#13817=DIRECTION('',(-1.,-1.110223024625E-16,1.224646799147E-16));
#13818=DIRECTION('',(-0.707106781186549,0.707106781186547,8.65956056235245E-17));
#13819=DIRECTION('',(-0.707106781186549,-0.707106781186547,8.65956056235245E-17));
#13820=DIRECTION('',(-1.,-1.110223024625E-16,1.224646799147E-16));
#13821=DIRECTION('',(-0.707106781186549,0.707106781186547,8.65956056235245E-17));
#13822=DIRECTION('',(-0.707106781186549,-0.707106781186547,8.65956056235245E-17));
#13823=DIRECTION('',(-1.,-1.110223024625E-16,1.224646799147E-16));
#13824=DIRECTION('',(-0.707106781186549,0.707106781186547,8.65956056235245E-17));
#13825=DIRECTION('',(-0.707106781186546,-0.707106781186549,8.65956056235242E-17));
#13826=DIRECTION('',(-1.,-1.110223024625E-16,1.224646799147E-16));
#13827=DIRECTION('',(-0.707106781186546,0.707106781186549,8.65956056235242E-17));
#13828=DIRECTION('',(-0.707106781186549,-0.707106781186547,8.65956056235245E-17));
#13829=DIRECTION('',(-1.,-1.110223024625E-16,1.224646799147E-16));
#13830=DIRECTION('',(-0.707106781186549,0.707106781186547,8.65956056235245E-17));
#13831=DIRECTION('',(-0.707106781186546,-0.707106781186549,8.65956056235242E-17));
#13832=DIRECTION('',(-1.,-1.110223024625E-16,1.224646799147E-16));
#13833=DIRECTION('',(-0.707106781186547,0.707106781186548,8.65956056235243E-17));
#13834=DIRECTION('',(-0.707106781186547,-0.707106781186548,8.65956056235243E-17));
#13835=DIRECTION('',(-1.,-1.110223024625E-16,1.224646799147E-16));
#13836=DIRECTION('',(-0.707106781186547,0.707106781186548,8.65956056235243E-17));
#13837=DIRECTION('',(-0.707106781186549,-0.707106781186547,8.65956056235245E-17));
#13838=DIRECTION('',(-1.,-1.110223024625E-16,1.224646799147E-16));
#13839=DIRECTION('',(-0.707106781186546,0.707106781186549,8.65956056235242E-17));
#13840=DIRECTION('',(1.110223024625E-16,-1.,6.92712190079319E-45));
#13841=DIRECTION('',(-1.,-1.110223024625E-16,1.224646799147E-16));
#13842=DIRECTION('',(1.110223024625E-16,-1.,6.92712190079319E-45));
#13843=DIRECTION('',(1.,1.110223024625E-16,-1.224646799147E-16));
#13844=DIRECTION('',(1.110223024625E-16,-1.,6.92712190079319E-45));
#13845=DIRECTION('',(1.,1.110223024625E-16,-1.224646799147E-16));
#13846=DIRECTION('',(1.110223024625E-16,-1.,6.92712190079319E-45));
#13847=DIRECTION('',(-1.,-1.110223024625E-16,1.224646799147E-16));
#13848=DIRECTION('',(1.,1.110223024625E-16,-1.224646799147E-16));
#13849=DIRECTION('',(1.110223024625E-16,-1.,6.92712190079319E-45));
#13850=DIRECTION('',(-1.,-1.110223024625E-16,1.224646799147E-16));
#13851=DIRECTION('',(1.110223024625E-16,-1.,6.92712190079319E-45));
#13852=DIRECTION('',(1.110223024625E-16,-1.,6.92712190079319E-45));
#13853=DIRECTION('',(1.,1.110223024625E-16,-1.224646799147E-16));
#13854=DIRECTION('',(1.110223024625E-16,-1.,6.92712190079319E-45));
#13855=DIRECTION('',(-1.,-1.110223024625E-16,1.224646799147E-16));
#13856=DIRECTION('',(1.,1.110223024625E-16,-1.224646799147E-16));
#13857=DIRECTION('',(1.110223024625E-16,-1.,6.92712190079319E-45));
#13858=DIRECTION('',(-1.,-1.110223024625E-16,1.224646799147E-16));
#13859=DIRECTION('',(1.110223024625E-16,-1.,6.92712190079319E-45));
#13860=DIRECTION('',(1.110223024625E-16,-1.,6.92712190079319E-45));
#13861=DIRECTION('',(1.,1.110223024625E-16,-1.224646799147E-16));
#13862=DIRECTION('',(1.110223024625E-16,-1.,6.92712190079319E-45));
#13863=DIRECTION('',(-1.,-1.110223024625E-16,1.224646799147E-16));
#13864=DIRECTION('',(1.110223024625E-16,-1.,6.92712190079319E-45));
#13865=DIRECTION('',(-1.,-1.110223024625E-16,1.224646799147E-16));
#13866=DIRECTION('',(1.110223024625E-16,-1.,6.92712190079319E-45));
#13867=DIRECTION('',(1.,1.110223024625E-16,-1.224646799147E-16));
#13868=DIRECTION('',(1.,1.110223024625E-16,-1.224646799147E-16));
#13869=DIRECTION('',(1.110223024625E-16,-1.,6.92712190079319E-45));
#13870=DIRECTION('',(-1.,-1.110223024625E-16,1.224646799147E-16));
#13871=DIRECTION('',(1.110223024625E-16,-1.,6.92712190079319E-45));
#13872=DIRECTION('',(0.707106781186548,0.707106781186548,-8.65956056235244E-17));
#13873=DIRECTION('',(-0.707106781186548,0.707106781186548,8.65956056235244E-17));
#13874=DIRECTION('',(1.224646799147E-16,1.359631073447E-32,1.));
#13875=DIRECTION('',(-0.707106781186548,-0.707106781186548,8.65956056235244E-17));
#13876=DIRECTION('',(0.707106781186548,-0.707106781186548,-8.65956056235244E-17));
#13877=DIRECTION('',(1.224646799147E-16,1.359631073447E-32,1.));
#13878=DIRECTION('',(-1.110223024625E-16,1.,-6.92712190079319E-45));
#13879=DIRECTION('',(-1.,-1.110223024625E-16,1.224646799147E-16));
#13880=DIRECTION('',(1.224646799147E-16,1.359631073447E-32,1.));
#13881=DIRECTION('',(0.707106781186548,-0.707106781186548,-8.65956056235244E-17));
#13882=DIRECTION('',(0.707106781186548,0.707106781186548,-8.65956056235244E-17));
#13883=DIRECTION('',(1.224646799147E-16,1.359631073447E-32,1.));
#13884=DIRECTION('',(-0.707106781186548,0.707106781186548,8.65956056235244E-17));
#13885=DIRECTION('',(-0.707106781186548,-0.707106781186548,8.65956056235244E-17));
#13886=DIRECTION('',(1.224646799147E-16,1.359631073447E-32,1.));
#13887=DIRECTION('',(1.110223024625E-16,-1.,6.92712190079319E-45));
#13888=DIRECTION('',(1.,1.110223024625E-16,-1.224646799147E-16));
#13889=DIRECTION('',(1.224646799147E-16,1.359631073447E-32,1.));
#13890=DIRECTION('',(0.707106781186548,0.707106781186548,-8.65956056235244E-17));
#13891=DIRECTION('',(-0.707106781186548,0.707106781186548,8.65956056235244E-17));
#13892=DIRECTION('',(1.224646799147E-16,1.359631073447E-32,1.));
#13893=DIRECTION('',(-0.707106781186548,-0.707106781186548,8.65956056235244E-17));
#13894=DIRECTION('',(0.707106781186548,-0.707106781186548,-8.65956056235244E-17));
#13895=DIRECTION('',(1.224646799147E-16,1.359631073447E-32,1.));
#13896=DIRECTION('',(-1.110223024625E-16,1.,-6.92712190079319E-45));
#13897=DIRECTION('',(-1.,-1.110223024625E-16,1.224646799147E-16));
#13898=DIRECTION('',(1.224646799147E-16,1.359631073447E-32,1.));
#13899=DIRECTION('',(0.707106781186548,-0.707106781186548,-8.65956056235244E-17));
#13900=DIRECTION('',(0.707106781186548,0.707106781186548,-8.65956056235244E-17));
#13901=DIRECTION('',(1.224646799147E-16,1.359631073447E-32,1.));
#13902=DIRECTION('',(-0.707106781186548,0.707106781186548,8.65956056235244E-17));
#13903=DIRECTION('',(-0.707106781186548,-0.707106781186548,8.65956056235244E-17));
#13904=DIRECTION('',(1.224646799147E-16,1.359631073447E-32,1.));
#13905=DIRECTION('',(1.110223024625E-16,-1.,6.92712190079319E-45));
#13906=DIRECTION('',(1.,1.110223024625E-16,-1.224646799147E-16));
#13907=DIRECTION('',(1.224646799147E-16,1.359631073447E-32,1.));
#13908=DIRECTION('',(0.707106781186548,0.707106781186548,-8.65956056235244E-17));
#13909=DIRECTION('',(-0.707106781186548,0.707106781186548,8.65956056235244E-17));
#13910=DIRECTION('',(1.224646799147E-16,1.359631073447E-32,1.));
#13911=DIRECTION('',(-0.707106781186548,-0.707106781186548,8.65956056235244E-17));
#13912=DIRECTION('',(0.707106781186548,-0.707106781186548,-8.65956056235244E-17));
#13913=DIRECTION('',(1.224646799147E-16,1.359631073447E-32,1.));
#13914=DIRECTION('',(-1.110223024625E-16,1.,-6.92712190079319E-45));
#13915=DIRECTION('',(-1.,-1.110223024625E-16,1.224646799147E-16));
#13916=DIRECTION('',(1.224646799147E-16,1.359631073447E-32,1.));
#13917=DIRECTION('',(0.707106781186548,-0.707106781186548,-8.65956056235244E-17));
#13918=DIRECTION('',(0.707106781186548,0.707106781186548,-8.65956056235244E-17));
#13919=DIRECTION('',(1.224646799147E-16,1.359631073447E-32,1.));
#13920=DIRECTION('',(-0.707106781186548,0.707106781186548,8.65956056235244E-17));
#13921=DIRECTION('',(-0.707106781186548,-0.707106781186548,8.65956056235244E-17));
#13922=DIRECTION('',(1.224646799147E-16,1.359631073447E-32,1.));
#13923=DIRECTION('',(1.110223024625E-16,-1.,6.92712190079319E-45));
#13924=DIRECTION('',(1.,1.110223024625E-16,-1.224646799147E-16));
#13925=DIRECTION('',(1.224646799147E-16,1.359631073447E-32,1.));
#13926=DIRECTION('',(0.707106781186548,0.707106781186548,-8.65956056235244E-17));
#13927=DIRECTION('',(-0.707106781186548,0.707106781186548,8.65956056235244E-17));
#13928=DIRECTION('',(1.224646799147E-16,1.359631073447E-32,1.));
#13929=DIRECTION('',(-0.707106781186548,-0.707106781186548,8.65956056235244E-17));
#13930=DIRECTION('',(0.707106781186548,-0.707106781186548,-8.65956056235244E-17));
#13931=DIRECTION('',(1.224646799147E-16,1.359631073447E-32,1.));
#13932=DIRECTION('',(-1.110223024625E-16,1.,-6.92712190079319E-45));
#13933=DIRECTION('',(-1.,-1.110223024625E-16,1.224646799147E-16));
#13934=DIRECTION('',(1.224646799147E-16,1.359631073447E-32,1.));
#13935=DIRECTION('',(0.707106781186548,-0.707106781186548,-8.65956056235244E-17));
#13936=DIRECTION('',(0.707106781186548,0.707106781186548,-8.65956056235244E-17));
#13937=DIRECTION('',(1.224646799147E-16,1.359631073447E-32,1.));
#13938=DIRECTION('',(-0.707106781186548,0.707106781186548,8.65956056235244E-17));
#13939=DIRECTION('',(-0.707106781186548,-0.707106781186548,8.65956056235244E-17));
#13940=DIRECTION('',(1.224646799147E-16,1.359631073447E-32,1.));
#13941=DIRECTION('',(1.110223024625E-16,-1.,6.92712190079319E-45));
#13942=DIRECTION('',(1.,1.110223024625E-16,-1.224646799147E-16));
#13943=DIRECTION('',(1.224646799147E-16,1.359631073447E-32,1.));
#13944=DIRECTION('',(0.707106781186548,0.707106781186548,-8.65956056235244E-17));
#13945=DIRECTION('',(-0.707106781186548,0.707106781186548,8.65956056235244E-17));
#13946=DIRECTION('',(1.224646799147E-16,1.359631073447E-32,1.));
#13947=DIRECTION('',(-0.707106781186548,-0.707106781186548,8.65956056235244E-17));
#13948=DIRECTION('',(0.707106781186548,-0.707106781186548,-8.65956056235244E-17));
#13949=DIRECTION('',(1.224646799147E-16,1.359631073447E-32,1.));
#13950=DIRECTION('',(-1.110223024625E-16,1.,-6.92712190079319E-45));
#13951=DIRECTION('',(-1.,-1.110223024625E-16,1.224646799147E-16));
#13952=DIRECTION('',(1.224646799147E-16,1.359631073447E-32,1.));
#13953=DIRECTION('',(0.707106781186548,-0.707106781186548,-8.65956056235244E-17));
#13954=DIRECTION('',(0.707106781186548,0.707106781186548,-8.65956056235244E-17));
#13955=DIRECTION('',(1.224646799147E-16,1.359631073447E-32,1.));
#13956=DIRECTION('',(-0.707106781186548,0.707106781186548,8.65956056235244E-17));
#13957=DIRECTION('',(-0.707106781186548,-0.707106781186548,8.65956056235244E-17));
#13958=DIRECTION('',(1.224646799147E-16,1.359631073447E-32,1.));
#13959=DIRECTION('',(1.110223024625E-16,-1.,6.92712190079319E-45));
#13960=DIRECTION('',(1.,1.110223024625E-16,-1.224646799147E-16));
#13961=DIRECTION('',(1.224646799147E-16,1.359631073447E-32,1.));
#13962=DIRECTION('',(0.707106781186548,0.707106781186548,-8.65956056235244E-17));
#13963=DIRECTION('',(-0.707106781186548,0.707106781186548,8.65956056235244E-17));
#13964=DIRECTION('',(1.224646799147E-16,1.359631073447E-32,1.));
#13965=DIRECTION('',(-0.707106781186548,-0.707106781186548,8.65956056235244E-17));
#13966=DIRECTION('',(0.707106781186548,-0.707106781186548,-8.65956056235244E-17));
#13967=DIRECTION('',(1.224646799147E-16,1.359631073447E-32,1.));
#13968=DIRECTION('',(-1.110223024625E-16,1.,-6.92712190079319E-45));
#13969=DIRECTION('',(-1.,-1.110223024625E-16,1.224646799147E-16));
#13970=DIRECTION('',(1.224646799147E-16,1.359631073447E-32,1.));
#13971=DIRECTION('',(0.707106781186548,-0.707106781186548,-8.65956056235244E-17));
#13972=DIRECTION('',(0.707106781186548,0.707106781186548,-8.65956056235244E-17));
#13973=DIRECTION('',(1.224646799147E-16,1.359631073447E-32,1.));
#13974=DIRECTION('',(-0.707106781186548,0.707106781186548,8.65956056235244E-17));
#13975=DIRECTION('',(-0.707106781186548,-0.707106781186548,8.65956056235244E-17));
#13976=DIRECTION('',(1.224646799147E-16,1.359631073447E-32,1.));
#13977=DIRECTION('',(1.110223024625E-16,-1.,6.92712190079319E-45));
#13978=DIRECTION('',(1.,1.110223024625E-16,-1.224646799147E-16));
#13979=DIRECTION('',(1.224646799147E-16,1.359631073447E-32,1.));
#13980=DIRECTION('',(0.707106781186548,0.707106781186548,-8.65956056235244E-17));
#13981=DIRECTION('',(-0.707106781186548,0.707106781186548,8.65956056235244E-17));
#13982=DIRECTION('',(1.224646799147E-16,1.359631073447E-32,1.));
#13983=DIRECTION('',(-0.707106781186548,-0.707106781186548,8.65956056235244E-17));
#13984=DIRECTION('',(0.707106781186548,-0.707106781186548,-8.65956056235244E-17));
#13985=DIRECTION('',(1.224646799147E-16,1.359631073447E-32,1.));
#13986=DIRECTION('',(-1.110223024625E-16,1.,-6.92712190079319E-45));
#13987=DIRECTION('',(-1.,-1.110223024625E-16,1.224646799147E-16));
#13988=DIRECTION('',(1.224646799147E-16,1.359631073447E-32,1.));
#13989=DIRECTION('',(0.707106781186548,-0.707106781186548,-8.65956056235244E-17));
#13990=DIRECTION('',(0.707106781186548,0.707106781186548,-8.65956056235244E-17));
#13991=DIRECTION('',(1.224646799147E-16,1.359631073447E-32,1.));
#13992=DIRECTION('',(-0.707106781186548,0.707106781186548,8.65956056235244E-17));
#13993=DIRECTION('',(-0.707106781186548,-0.707106781186548,8.65956056235244E-17));
#13994=DIRECTION('',(1.224646799147E-16,1.359631073447E-32,1.));
#13995=DIRECTION('',(1.110223024625E-16,-1.,6.92712190079319E-45));
#13996=DIRECTION('',(1.,1.110223024625E-16,-1.224646799147E-16));
#13997=DIRECTION('',(1.224646799147E-16,1.359631073447E-32,1.));
#13998=DIRECTION('',(0.707106781186548,0.707106781186548,-8.65956056235244E-17));
#13999=DIRECTION('',(-0.707106781186548,0.707106781186548,8.65956056235244E-17));
#14000=DIRECTION('',(1.224646799147E-16,1.359631073447E-32,1.));
#14001=DIRECTION('',(-0.707106781186548,-0.707106781186548,8.65956056235244E-17));
#14002=DIRECTION('',(0.707106781186548,-0.707106781186548,-8.65956056235244E-17));
#14003=DIRECTION('',(1.224646799147E-16,1.359631073447E-32,1.));
#14004=DIRECTION('',(-1.110223024625E-16,1.,-6.92712190079319E-45));
#14005=DIRECTION('',(-1.,-1.110223024625E-16,1.224646799147E-16));
#14006=DIRECTION('',(1.224646799147E-16,1.359631073447E-32,1.));
#14007=DIRECTION('',(-1.,-1.110223024625E-16,1.224646799147E-16));
#14008=DIRECTION('',(1.110223024625E-16,-1.,6.92712190079319E-45));
#14009=DIRECTION('',(1.224646799147E-16,1.359631073447E-32,1.));
#14010=DIRECTION('',(-0.707106781186548,0.707106781186548,8.65956056235244E-17));
#14011=DIRECTION('',(-0.707106781186548,-0.707106781186548,8.65956056235244E-17));
#14012=DIRECTION('',(-1.,-1.110223024625E-16,1.224646799147E-16));
#14013=DIRECTION('',(-1.224646799147E-16,-1.359631073447E-32,-1.));
#14014=DIRECTION('',(-1.224646799147E-16,-1.359631073447E-32,-1.));
#14015=DIRECTION('',(1.110223024625E-16,-1.,6.92712190079319E-45));
#14016=DIRECTION('',(-1.224646799147E-16,-1.359631073447E-32,-1.));
#14017=DIRECTION('',(1.110223024625E-16,-1.,6.92712190079319E-45));
#14018=DIRECTION('',(-1.224646799147E-16,-1.359631073447E-32,-1.));
#14019=DIRECTION('',(1.,1.110223024625E-16,-1.224646799147E-16));
#14020=DIRECTION('',(-1.224646799147E-16,-1.359631073447E-32,-1.));
#14021=DIRECTION('',(-1.,-1.110223024625E-16,1.224646799147E-16));
#14022=DIRECTION('',(-1.224646799147E-16,-1.359631073447E-32,-1.));
#14023=DIRECTION('',(-1.12249251174153E-16,1.,1.22694871165301E-18));
#14024=DIRECTION('',(-1.224646799147E-16,-1.359631073447E-32,-1.));
#14025=DIRECTION('',(1.110223024625E-16,-1.,6.92712190079319E-45));
#14026=DIRECTION('',(-1.224646799147E-16,-1.359631073447E-32,-1.));
#14027=DIRECTION('',(-1.,-1.09795353750847E-16,1.23691628626353E-16));
#14028=DIRECTION('',(-1.,-1.110223024625E-16,1.224646799147E-16));
#14029=DIRECTION('',(-1.224646799147E-16,-1.359631073447E-32,-1.));
#14030=DIRECTION('',(-1.224646799147E-16,-1.359631073447E-32,-1.));
#14031=DIRECTION('',(-1.12249251174153E-16,1.,1.22694871165301E-18));
#14032=DIRECTION('',(-1.224646799147E-16,-1.359631073447E-32,-1.));
#14033=DIRECTION('',(1.110223024625E-16,-1.,6.92712190079319E-45));
#14034=DIRECTION('',(-1.224646799147E-16,-1.359631073447E-32,-1.));
#14035=DIRECTION('',(-1.,-1.09795353750847E-16,1.23691628626353E-16));
#14036=DIRECTION('',(-1.224646799147E-16,-1.359631073447E-32,-1.));
#14037=DIRECTION('',(-1.,-1.110223024625E-16,1.224646799147E-16));
#14038=DIRECTION('',(-1.224646799147E-16,-1.359631073447E-32,-1.));
#14039=DIRECTION('',(1.110223024625E-16,-1.,6.92712190079319E-45));
#14040=DIRECTION('',(-1.224646799147E-16,-1.359631073447E-32,-1.));
#14041=DIRECTION('',(1.110223024625E-16,-1.,6.92712190079319E-45));
#14042=DIRECTION('',(-1.224646799147E-16,-1.359631073447E-32,-1.));
#14043=DIRECTION('',(1.,1.110223024625E-16,-1.224646799147E-16));
#14044=DIRECTION('',(1.110223024625E-16,-1.,6.92712190079319E-45));
#14045=DIRECTION('',(-1.224646799147E-16,-1.359631073447E-32,-1.));
#14046=DIRECTION('',(-1.224646799147E-16,-1.359631073447E-32,-1.));
#14047=DIRECTION('',(1.,1.110223024625E-16,-1.224646799147E-16));
#14048=DIRECTION('',(-1.224646799147E-16,-1.359631073447E-32,-1.));
#14049=DIRECTION('',(-1.,-1.110223024625E-16,1.224646799147E-16));
#14050=DIRECTION('',(-1.224646799147E-16,-1.359631073447E-32,-1.));
#14051=DIRECTION('',(-1.12249251174153E-16,1.,1.22694871165301E-18));
#14052=DIRECTION('',(-1.224646799147E-16,-1.359631073447E-32,-1.));
#14053=DIRECTION('',(1.110223024625E-16,-1.,6.92712190079319E-45));
#14054=DIRECTION('',(-1.224646799147E-16,-1.359631073447E-32,-1.));
#14055=DIRECTION('',(-1.,-1.09795353750847E-16,1.23691628626353E-16));
#14056=DIRECTION('',(-1.224646799147E-16,-1.359631073447E-32,-1.));
#14057=DIRECTION('',(-1.,-1.110223024625E-16,1.224646799147E-16));
#14058=DIRECTION('',(-1.224646799147E-16,-1.359631073447E-32,-1.));
#14059=DIRECTION('',(1.110223024625E-16,-1.,6.92712190079319E-45));
#14060=DIRECTION('',(-1.,-1.110223024625E-16,1.224646799147E-16));
#14061=DIRECTION('',(-1.224646799147E-16,-1.359631073447E-32,-1.));
#14062=DIRECTION('',(-1.224646799147E-16,-1.359631073447E-32,-1.));
#14063=DIRECTION('',(-1.12249251174153E-16,1.,1.22694871165301E-18));
#14064=DIRECTION('',(-1.224646799147E-16,-1.359631073447E-32,-1.));
#14065=DIRECTION('',(1.110223024625E-16,-1.,6.92712190079319E-45));
#14066=DIRECTION('',(-1.224646799147E-16,-1.359631073447E-32,-1.));
#14067=DIRECTION('',(-1.,-1.09795353750847E-16,1.23691628626353E-16));
#14068=DIRECTION('',(-1.224646799147E-16,-1.359631073447E-32,-1.));
#14069=DIRECTION('',(-1.,-1.110223024625E-16,1.224646799147E-16));
#14070=DIRECTION('',(-1.224646799147E-16,-1.359631073447E-32,-1.));
#14071=DIRECTION('',(1.110223024625E-16,-1.,6.92712190079319E-45));
#14072=DIRECTION('',(-1.224646799147E-16,-1.359631073447E-32,-1.));
#14073=DIRECTION('',(1.110223024625E-16,-1.,6.92712190079319E-45));
#14074=DIRECTION('',(-1.224646799147E-16,-1.359631073447E-32,-1.));
#14075=DIRECTION('',(1.,1.110223024625E-16,-1.224646799147E-16));
#14076=DIRECTION('',(1.110223024625E-16,-1.,6.92712190079319E-45));
#14077=DIRECTION('',(-1.224646799147E-16,-1.359631073447E-32,-1.));
#14078=DIRECTION('',(-1.224646799147E-16,-1.359631073447E-32,-1.));
#14079=DIRECTION('',(1.,1.110223024625E-16,-1.224646799147E-16));
#14080=DIRECTION('',(-1.224646799147E-16,-1.359631073447E-32,-1.));
#14081=DIRECTION('',(-1.,-1.110223024625E-16,1.224646799147E-16));
#14082=DIRECTION('',(-1.224646799147E-16,-1.359631073447E-32,-1.));
#14083=DIRECTION('',(-1.12249251174153E-16,1.,1.22694871165301E-18));
#14084=DIRECTION('',(-1.224646799147E-16,-1.359631073447E-32,-1.));
#14085=DIRECTION('',(1.110223024625E-16,-1.,6.92712190079319E-45));
#14086=DIRECTION('',(-1.224646799147E-16,-1.359631073447E-32,-1.));
#14087=DIRECTION('',(-1.,-1.09795353750847E-16,1.23691628626353E-16));
#14088=DIRECTION('',(-1.224646799147E-16,-1.359631073447E-32,-1.));
#14089=DIRECTION('',(-1.,-1.110223024625E-16,1.224646799147E-16));
#14090=DIRECTION('',(-1.224646799147E-16,-1.359631073447E-32,-1.));
#14091=DIRECTION('',(1.110223024625E-16,-1.,6.92712190079319E-45));
#14092=DIRECTION('',(-1.,-1.110223024625E-16,1.224646799147E-16));
#14093=DIRECTION('',(-1.224646799147E-16,-1.359631073447E-32,-1.));
#14094=DIRECTION('',(-1.224646799147E-16,-1.359631073447E-32,-1.));
#14095=DIRECTION('',(-1.12249251174153E-16,1.,1.22694871165301E-18));
#14096=DIRECTION('',(-1.224646799147E-16,-1.359631073447E-32,-1.));
#14097=DIRECTION('',(1.110223024625E-16,-1.,6.92712190079319E-45));
#14098=DIRECTION('',(-1.224646799147E-16,-1.359631073447E-32,-1.));
#14099=DIRECTION('',(-1.,-1.09795353750847E-16,1.23691628626353E-16));
#14100=DIRECTION('',(-1.224646799147E-16,-1.359631073447E-32,-1.));
#14101=DIRECTION('',(-1.,-1.110223024625E-16,1.224646799147E-16));
#14102=DIRECTION('',(-1.224646799147E-16,-1.359631073447E-32,-1.));
#14103=DIRECTION('',(1.110223024625E-16,-1.,6.92712190079319E-45));
#14104=DIRECTION('',(-1.224646799147E-16,-1.359631073447E-32,-1.));
#14105=DIRECTION('',(1.110223024625E-16,-1.,6.92712190079319E-45));
#14106=DIRECTION('',(-1.224646799147E-16,-1.359631073447E-32,-1.));
#14107=DIRECTION('',(1.,1.110223024625E-16,-1.224646799147E-16));
#14108=DIRECTION('',(-1.,-1.110223024625E-16,1.224646799147E-16));
#14109=DIRECTION('',(-1.224646799147E-16,-1.359631073447E-32,-1.));
#14110=DIRECTION('',(-1.224646799147E-16,-1.359631073447E-32,-1.));
#14111=DIRECTION('',(1.110223024625E-16,-1.,6.92712190079319E-45));
#14112=DIRECTION('',(-1.224646799147E-16,-1.359631073447E-32,-1.));
#14113=DIRECTION('',(1.110223024625E-16,-1.,6.92712190079319E-45));
#14114=DIRECTION('',(-1.224646799147E-16,-1.359631073447E-32,-1.));
#14115=DIRECTION('',(1.,1.110223024625E-16,-1.224646799147E-16));
#14116=DIRECTION('',(-1.224646799147E-16,-1.359631073447E-32,-1.));
#14117=DIRECTION('',(-1.,-1.110223024625E-16,1.224646799147E-16));
#14118=DIRECTION('',(-1.224646799147E-16,-1.359631073447E-32,-1.));
#14119=DIRECTION('',(-1.12249251174153E-16,1.,1.22694871165301E-18));
#14120=DIRECTION('',(-1.224646799147E-16,-1.359631073447E-32,-1.));
#14121=DIRECTION('',(1.110223024625E-16,-1.,6.92712190079319E-45));
#14122=DIRECTION('',(-1.224646799147E-16,-1.359631073447E-32,-1.));
#14123=DIRECTION('',(-1.,-1.09795353750847E-16,1.23691628626353E-16));
#14124=DIRECTION('',(1.110223024625E-16,-1.,6.92712190079319E-45));
#14125=DIRECTION('',(-1.224646799147E-16,-1.359631073447E-32,-1.));
#14126=DIRECTION('',(-1.224646799147E-16,-1.359631073447E-32,-1.));
#14127=DIRECTION('',(1.,1.110223024625E-16,-1.224646799147E-16));
#14128=DIRECTION('',(-1.224646799147E-16,-1.359631073447E-32,-1.));
#14129=DIRECTION('',(-1.,-1.110223024625E-16,1.224646799147E-16));
#14130=DIRECTION('',(-1.224646799147E-16,-1.359631073447E-32,-1.));
#14131=DIRECTION('',(-1.12249251174153E-16,1.,1.22694871165301E-18));
#14132=DIRECTION('',(-1.224646799147E-16,-1.359631073447E-32,-1.));
#14133=DIRECTION('',(1.110223024625E-16,-1.,6.92712190079319E-45));
#14134=DIRECTION('',(-1.224646799147E-16,-1.359631073447E-32,-1.));
#14135=DIRECTION('',(-1.,-1.09795353750847E-16,1.23691628626353E-16));
#14136=DIRECTION('',(-1.224646799147E-16,-1.359631073447E-32,-1.));
#14137=DIRECTION('',(-1.,-1.110223024625E-16,1.224646799147E-16));
#14138=DIRECTION('',(-1.224646799147E-16,-1.359631073447E-32,-1.));
#14139=DIRECTION('',(1.110223024625E-16,-1.,6.92712190079319E-45));
#14140=DIRECTION('',(-1.,-1.110223024625E-16,1.224646799147E-16));
#14141=DIRECTION('',(-1.224646799147E-16,-1.359631073447E-32,-1.));
#14142=DIRECTION('',(-1.09795353750847E-16,1.,-1.22694871165301E-18));
#14143=DIRECTION('',(-1.224646799147E-16,-1.359631073447E-32,-1.));
#14144=DIRECTION('',(-1.224646799147E-16,-1.359631073447E-32,-1.));
#14145=DIRECTION('',(1.110223024625E-16,-1.,6.92712190079319E-45));
#14146=DIRECTION('',(-1.224646799147E-16,-1.359631073447E-32,-1.));
#14147=DIRECTION('',(-1.224646799147E-16,-1.359631073447E-32,-1.));
#14148=DIRECTION('',(-1.,-1.12249251174153E-16,1.21237731203047E-16));
#14149=DIRECTION('',(-1.,-1.110223024625E-16,1.224646799147E-16));
#14150=DIRECTION('',(-1.224646799147E-16,-1.359631073447E-32,-1.));
#14151=DIRECTION('',(-1.224646799147E-16,-1.359631073447E-32,-1.));
#14152=DIRECTION('',(1.110223024625E-16,-1.,6.92712190079319E-45));
#14153=DIRECTION('',(1.110223024625E-16,-1.,6.92712190079319E-45));
#14154=DIRECTION('',(-1.224646799147E-16,-1.359631073447E-32,-1.));
#14155=DIRECTION('',(1.,1.110223024625E-16,-1.224646799147E-16));
#14156=DIRECTION('',(-1.,-1.110223024625E-16,1.224646799147E-16));
#14157=DIRECTION('',(-1.224646799147E-16,-1.359631073447E-32,-1.));
#14158=DIRECTION('',(-1.224646799147E-16,-1.359631073447E-32,-1.));
#14159=DIRECTION('',(-1.224646799147E-16,-1.359631073447E-32,-1.));
#14160=DIRECTION('',(1.110223024625E-16,-1.,6.92712190079319E-45));
#14161=DIRECTION('',(1.110223024625E-16,-1.,6.92712190079319E-45));
#14162=DIRECTION('',(-1.224646799147E-16,-1.359631073447E-32,-1.));
#14163=DIRECTION('',(1.,1.110223024625E-16,-1.224646799147E-16));
#14164=DIRECTION('',(-1.224646799147E-16,-1.359631073447E-32,-1.));
#14165=DIRECTION('',(-1.,-1.110223024625E-16,1.224646799147E-16));
#14166=DIRECTION('',(-1.224646799147E-16,-1.359631073447E-32,-1.));
#14167=DIRECTION('',(-1.09795353750847E-16,1.,-1.22694871165301E-18));
#14168=DIRECTION('',(-1.224646799147E-16,-1.359631073447E-32,-1.));
#14169=DIRECTION('',(1.110223024625E-16,-1.,6.92712190079319E-45));
#14170=DIRECTION('',(-1.224646799147E-16,-1.359631073447E-32,-1.));
#14171=DIRECTION('',(-1.,-1.12249251174153E-16,1.21237731203047E-16));
#14172=DIRECTION('',(1.110223024625E-16,-1.,6.92712190079319E-45));
#14173=DIRECTION('',(-1.224646799147E-16,-1.359631073447E-32,-1.));
#14174=DIRECTION('',(-1.224646799147E-16,-1.359631073447E-32,-1.));
#14175=DIRECTION('',(-1.224646799147E-16,-1.359631073447E-32,-1.));
#14176=DIRECTION('',(-1.,-1.12249251174153E-16,1.21237731203047E-16));
#14177=DIRECTION('',(-1.,-1.110223024625E-16,1.224646799147E-16));
#14178=DIRECTION('',(-1.224646799147E-16,-1.359631073447E-32,-1.));
#14179=DIRECTION('',(-1.224646799147E-16,-1.359631073447E-32,-1.));
#14180=DIRECTION('',(1.110223024625E-16,-1.,6.92712190079319E-45));
#14181=DIRECTION('',(1.110223024625E-16,-1.,6.92712190079319E-45));
#14182=DIRECTION('',(-1.224646799147E-16,-1.359631073447E-32,-1.));
#14183=DIRECTION('',(1.,1.110223024625E-16,-1.224646799147E-16));
#14184=DIRECTION('',(-1.224646799147E-16,-1.359631073447E-32,-1.));
#14185=DIRECTION('',(-1.,-1.110223024625E-16,1.224646799147E-16));
#14186=DIRECTION('',(-1.224646799147E-16,-1.359631073447E-32,-1.));
#14187=DIRECTION('',(-1.09795353750847E-16,1.,-1.22694871165301E-18));
#14188=DIRECTION('',(-1.,-1.110223024625E-16,1.224646799147E-16));
#14189=DIRECTION('',(-1.224646799147E-16,-1.359631073447E-32,-1.));
#14190=DIRECTION('',(-1.224646799147E-16,-1.359631073447E-32,-1.));
#14191=DIRECTION('',(-1.224646799147E-16,-1.359631073447E-32,-1.));
#14192=DIRECTION('',(1.110223024625E-16,-1.,6.92712190079319E-45));
#14193=DIRECTION('',(1.110223024625E-16,-1.,6.92712190079319E-45));
#14194=DIRECTION('',(-1.224646799147E-16,-1.359631073447E-32,-1.));
#14195=DIRECTION('',(1.,1.110223024625E-16,-1.224646799147E-16));
#14196=DIRECTION('',(-1.224646799147E-16,-1.359631073447E-32,-1.));
#14197=DIRECTION('',(-1.,-1.110223024625E-16,1.224646799147E-16));
#14198=DIRECTION('',(-1.224646799147E-16,-1.359631073447E-32,-1.));
#14199=DIRECTION('',(-1.09795353750847E-16,1.,-1.22694871165301E-18));
#14200=DIRECTION('',(-1.224646799147E-16,-1.359631073447E-32,-1.));
#14201=DIRECTION('',(1.110223024625E-16,-1.,6.92712190079319E-45));
#14202=DIRECTION('',(-1.224646799147E-16,-1.359631073447E-32,-1.));
#14203=DIRECTION('',(-1.,-1.12249251174153E-16,1.21237731203047E-16));
#14204=DIRECTION('',(1.110223024625E-16,-1.,6.92712190079319E-45));
#14205=DIRECTION('',(-1.224646799147E-16,-1.359631073447E-32,-1.));
#14206=DIRECTION('',(-1.224646799147E-16,-1.359631073447E-32,-1.));
#14207=DIRECTION('',(-1.224646799147E-16,-1.359631073447E-32,-1.));
#14208=DIRECTION('',(-1.,-1.12249251174153E-16,1.21237731203047E-16));
#14209=DIRECTION('',(-1.,-1.110223024625E-16,1.224646799147E-16));
#14210=DIRECTION('',(-1.224646799147E-16,-1.359631073447E-32,-1.));
#14211=DIRECTION('',(-1.224646799147E-16,-1.359631073447E-32,-1.));
#14212=DIRECTION('',(1.110223024625E-16,-1.,6.92712190079319E-45));
#14213=DIRECTION('',(1.110223024625E-16,-1.,6.92712190079319E-45));
#14214=DIRECTION('',(-1.224646799147E-16,-1.359631073447E-32,-1.));
#14215=DIRECTION('',(1.,1.110223024625E-16,-1.224646799147E-16));
#14216=DIRECTION('',(-1.224646799147E-16,-1.359631073447E-32,-1.));
#14217=DIRECTION('',(-1.,-1.110223024625E-16,1.224646799147E-16));
#14218=DIRECTION('',(-1.224646799147E-16,-1.359631073447E-32,-1.));
#14219=DIRECTION('',(-1.09795353750847E-16,1.,-1.22694871165301E-18));
#14220=DIRECTION('',(-1.,-1.110223024625E-16,1.224646799147E-16));
#14221=DIRECTION('',(-1.224646799147E-16,-1.359631073447E-32,-1.));
#14222=DIRECTION('',(-1.224646799147E-16,-1.359631073447E-32,-1.));
#14223=DIRECTION('',(-1.224646799147E-16,-1.359631073447E-32,-1.));
#14224=DIRECTION('',(1.110223024625E-16,-1.,6.92712190079319E-45));
#14225=DIRECTION('',(1.110223024625E-16,-1.,6.92712190079319E-45));
#14226=DIRECTION('',(-1.224646799147E-16,-1.359631073447E-32,-1.));
#14227=DIRECTION('',(1.,1.110223024625E-16,-1.224646799147E-16));
#14228=DIRECTION('',(-1.224646799147E-16,-1.359631073447E-32,-1.));
#14229=DIRECTION('',(-1.,-1.110223024625E-16,1.224646799147E-16));
#14230=DIRECTION('',(-1.224646799147E-16,-1.359631073447E-32,-1.));
#14231=DIRECTION('',(-1.09795353750847E-16,1.,-1.22694871165301E-18));
#14232=DIRECTION('',(-1.224646799147E-16,-1.359631073447E-32,-1.));
#14233=DIRECTION('',(1.110223024625E-16,-1.,6.92712190079319E-45));
#14234=DIRECTION('',(-1.224646799147E-16,-1.359631073447E-32,-1.));
#14235=DIRECTION('',(-1.,-1.12249251174153E-16,1.21237731203047E-16));
#14236=DIRECTION('',(-1.,-1.110223024625E-16,1.224646799147E-16));
#14237=DIRECTION('',(-1.224646799147E-16,-1.359631073447E-32,-1.));
#14238=DIRECTION('',(-1.09795353750847E-16,1.,-1.22694871165301E-18));
#14239=DIRECTION('',(-1.224646799147E-16,-1.359631073447E-32,-1.));
#14240=DIRECTION('',(-1.224646799147E-16,-1.359631073447E-32,-1.));
#14241=DIRECTION('',(1.110223024625E-16,-1.,6.92712190079319E-45));
#14242=DIRECTION('',(-1.224646799147E-16,-1.359631073447E-32,-1.));
#14243=DIRECTION('',(-1.224646799147E-16,-1.359631073447E-32,-1.));
#14244=DIRECTION('',(-1.,-1.12249251174153E-16,1.21237731203047E-16));
#14245=DIRECTION('',(-1.,-1.110223024625E-16,1.224646799147E-16));
#14246=DIRECTION('',(-1.224646799147E-16,-1.359631073447E-32,-1.));
#14247=DIRECTION('',(-1.224646799147E-16,-1.359631073447E-32,-1.));
#14248=DIRECTION('',(1.110223024625E-16,-1.,6.92712190079319E-45));
#14249=DIRECTION('',(1.110223024625E-16,-1.,6.92712190079319E-45));
#14250=DIRECTION('',(-1.224646799147E-16,-1.359631073447E-32,-1.));
#14251=DIRECTION('',(1.,1.110223024625E-16,-1.224646799147E-16));
#14252=DIRECTION('',(1.110223024625E-16,-1.,6.92712190079319E-45));
#14253=DIRECTION('',(-1.224646799147E-16,-1.359631073447E-32,-1.));
#14254=DIRECTION('',(-1.224646799147E-16,-1.359631073447E-32,-1.));
#14255=DIRECTION('',(-1.224646799147E-16,-1.359631073447E-32,-1.));
#14256=DIRECTION('',(-1.,-1.12249251174153E-16,1.21237731203047E-16));
#14257=DIRECTION('',(-1.,-1.110223024625E-16,1.224646799147E-16));
#14258=DIRECTION('',(-1.224646799147E-16,-1.359631073447E-32,-1.));
#14259=DIRECTION('',(-1.224646799147E-16,-1.359631073447E-32,-1.));
#14260=DIRECTION('',(1.110223024625E-16,-1.,6.92712190079319E-45));
#14261=DIRECTION('',(1.110223024625E-16,-1.,6.92712190079319E-45));
#14262=DIRECTION('',(-1.224646799147E-16,-1.359631073447E-32,-1.));
#14263=DIRECTION('',(1.,1.110223024625E-16,-1.224646799147E-16));
#14264=DIRECTION('',(-1.224646799147E-16,-1.359631073447E-32,-1.));
#14265=DIRECTION('',(-1.,-1.110223024625E-16,1.224646799147E-16));
#14266=DIRECTION('',(-1.224646799147E-16,-1.359631073447E-32,-1.));
#14267=DIRECTION('',(-1.09795353750847E-16,1.,-1.22694871165301E-18));
#14268=DIRECTION('',(0.707106781186548,7.67694554258219E-17,0.707106781186548));
#14269=DIRECTION('',(-1.09795353750847E-16,1.,1.22694871165301E-18));
#14270=DIRECTION('',(-1.09795353750847E-16,1.,1.22694871165301E-18));
#14271=DIRECTION('',(-0.577350269189626,0.577350269189625,0.577350269189626));
#14272=DIRECTION('',(-0.577350269189626,-0.577350269189625,0.577350269189626));
#14273=DIRECTION('',(-1.66835396066058E-16,0.707106781186548,-0.707106781186548));
#14274=DIRECTION('',(-1.,-1.12249251174153E-16,1.23691628626353E-16));
#14275=DIRECTION('',(-1.,-1.12249251174153E-16,1.23691628626353E-16));
#14276=DIRECTION('',(0.577350269189626,0.577350269189625,0.577350269189626));
#14277=DIRECTION('',(0.707106781186548,8.02397904425336E-17,-0.707106781186548));
#14278=DIRECTION('',(-1.12249251174153E-16,1.,1.22694871165301E-18));
#14279=DIRECTION('',(0.577350269189626,-0.577350269189625,0.577350269189626));
#14280=DIRECTION('',(1.110223024625E-16,-1.,6.92712190079319E-45));
#14281=DIRECTION('',(9.82615019770256E-18,0.707106781186548,0.707106781186548));
#14282=DIRECTION('',(-1.,-1.09795353750847E-16,1.23691628626353E-16));
#14283=DIRECTION('',(-1.,-1.110223024625E-16,1.224646799147E-16));
#14284=DIRECTION('',(0.707106781186548,8.02397904425336E-17,-0.707106781186548));
#14285=DIRECTION('',(-1.12249251174153E-16,1.,1.22694871165301E-18));
#14286=DIRECTION('',(0.577350269189626,-0.577350269189625,0.577350269189626));
#14287=DIRECTION('',(0.577350269189626,0.577350269189625,0.577350269189626));
#14288=DIRECTION('',(1.110223024625E-16,-1.,6.92712190079319E-45));
#14289=DIRECTION('',(9.82615019770256E-18,0.707106781186548,0.707106781186548));
#14290=DIRECTION('',(-1.,-1.09795353750847E-16,1.23691628626353E-16));
#14291=DIRECTION('',(-0.577350269189626,-0.577350269189625,0.577350269189626));
#14292=DIRECTION('',(-1.,-1.110223024625E-16,1.224646799147E-16));
#14293=DIRECTION('',(0.707106781186548,7.67694554258219E-17,0.707106781186548));
#14294=DIRECTION('',(-1.09795353750847E-16,1.,1.22694871165301E-18));
#14295=DIRECTION('',(-1.09795353750847E-16,1.,1.22694871165301E-18));
#14296=DIRECTION('',(-0.577350269189626,0.577350269189625,0.577350269189626));
#14297=DIRECTION('',(-1.66835396066058E-16,0.707106781186548,-0.707106781186548));
#14298=DIRECTION('',(-1.,-1.12249251174153E-16,1.23691628626353E-16));
#14299=DIRECTION('',(-1.,-1.12249251174153E-16,1.23691628626353E-16));
#14300=DIRECTION('',(-1.66835396066058E-16,0.707106781186548,-0.707106781186548));
#14301=DIRECTION('',(-1.,-1.12249251174153E-16,1.23691628626353E-16));
#14302=DIRECTION('',(-1.,-1.12249251174153E-16,1.23691628626353E-16));
#14303=DIRECTION('',(0.577350269189626,0.577350269189625,0.577350269189626));
#14304=DIRECTION('',(-0.577350269189626,0.577350269189625,0.577350269189626));
#14305=DIRECTION('',(0.707106781186548,8.02397904425336E-17,-0.707106781186548));
#14306=DIRECTION('',(-1.12249251174153E-16,1.,1.22694871165301E-18));
#14307=DIRECTION('',(0.577350269189626,-0.577350269189625,0.577350269189626));
#14308=DIRECTION('',(1.110223024625E-16,-1.,6.92712190079319E-45));
#14309=DIRECTION('',(9.82615019770256E-18,0.707106781186548,0.707106781186548));
#14310=DIRECTION('',(-1.,-1.09795353750847E-16,1.23691628626353E-16));
#14311=DIRECTION('',(-0.577350269189626,-0.577350269189625,0.577350269189626));
#14312=DIRECTION('',(-1.,-1.110223024625E-16,1.224646799147E-16));
#14313=DIRECTION('',(0.707106781186548,7.67694554258219E-17,0.707106781186548));
#14314=DIRECTION('',(-1.09795353750847E-16,1.,1.22694871165301E-18));
#14315=DIRECTION('',(-1.09795353750847E-16,1.,1.22694871165301E-18));
#14316=DIRECTION('',(0.707106781186548,8.02397904425336E-17,-0.707106781186548));
#14317=DIRECTION('',(-1.12249251174153E-16,1.,1.22694871165301E-18));
#14318=DIRECTION('',(0.577350269189618,-0.577350269189629,0.57735026918963));
#14319=DIRECTION('',(0.577350269189623,0.577350269189628,0.577350269189626));
#14320=DIRECTION('',(1.110223024625E-16,-1.,6.92712190079319E-45));
#14321=DIRECTION('',(9.82615019770256E-18,0.707106781186548,0.707106781186548));
#14322=DIRECTION('',(-1.,-1.09795353750847E-16,1.23691628626353E-16));
#14323=DIRECTION('',(-0.577350269189626,-0.577350269189625,0.577350269189626));
#14324=DIRECTION('',(-1.,-1.110223024625E-16,1.224646799147E-16));
#14325=DIRECTION('',(0.707106781186548,7.67694554258219E-17,0.707106781186548));
#14326=DIRECTION('',(-1.09795353750847E-16,1.,1.22694871165301E-18));
#14327=DIRECTION('',(-1.09795353750847E-16,1.,1.22694871165301E-18));
#14328=DIRECTION('',(-0.577350269189626,0.577350269189625,0.577350269189626));
#14329=DIRECTION('',(-1.66835396066058E-16,0.707106781186548,-0.707106781186548));
#14330=DIRECTION('',(-1.,-1.12249251174153E-16,1.23691628626353E-16));
#14331=DIRECTION('',(-1.,-1.12249251174153E-16,1.23691628626353E-16));
#14332=DIRECTION('',(-1.66835396066058E-16,0.707106781186548,-0.707106781186548));
#14333=DIRECTION('',(-1.,-1.12249251174153E-16,1.23691628626353E-16));
#14334=DIRECTION('',(-1.,-1.12249251174153E-16,1.23691628626353E-16));
#14335=DIRECTION('',(0.577350269189626,0.577350269189625,0.577350269189626));
#14336=DIRECTION('',(-0.577350269189626,0.577350269189625,0.577350269189626));
#14337=DIRECTION('',(0.707106781186548,8.02397904425336E-17,-0.707106781186548));
#14338=DIRECTION('',(-1.12249251174153E-16,1.,1.22694871165301E-18));
#14339=DIRECTION('',(0.577350269189622,-0.577350269189627,0.577350269189628));
#14340=DIRECTION('',(1.110223024625E-16,-1.,6.92712190079319E-45));
#14341=DIRECTION('',(9.82615019770256E-18,0.707106781186548,0.707106781186548));
#14342=DIRECTION('',(-1.,-1.09795353750847E-16,1.23691628626353E-16));
#14343=DIRECTION('',(-0.577350269189626,-0.577350269189625,0.577350269189626));
#14344=DIRECTION('',(-1.,-1.110223024625E-16,1.224646799147E-16));
#14345=DIRECTION('',(0.707106781186548,7.67694554258219E-17,0.707106781186548));
#14346=DIRECTION('',(-1.09795353750847E-16,1.,1.22694871165301E-18));
#14347=DIRECTION('',(-1.09795353750847E-16,1.,1.22694871165301E-18));
#14348=DIRECTION('',(0.707106781186548,8.02397904425336E-17,-0.707106781186548));
#14349=DIRECTION('',(-1.12249251174153E-16,1.,1.22694871165301E-18));
#14350=DIRECTION('',(0.577350269189624,-0.577350269189626,0.577350269189627));
#14351=DIRECTION('',(0.577350269189626,0.577350269189626,0.577350269189626));
#14352=DIRECTION('',(1.110223024625E-16,-1.,6.92712190079319E-45));
#14353=DIRECTION('',(9.82615019770256E-18,0.707106781186548,0.707106781186548));
#14354=DIRECTION('',(-1.,-1.09795353750847E-16,1.23691628626353E-16));
#14355=DIRECTION('',(-0.577350269189626,-0.577350269189626,0.577350269189626));
#14356=DIRECTION('',(-1.,-1.110223024625E-16,1.224646799147E-16));
#14357=DIRECTION('',(0.707106781186548,7.67694554258219E-17,0.707106781186548));
#14358=DIRECTION('',(-1.09795353750847E-16,1.,1.22694871165301E-18));
#14359=DIRECTION('',(-1.09795353750847E-16,1.,1.22694871165301E-18));
#14360=DIRECTION('',(-0.577350269189624,0.577350269189626,0.577350269189627));
#14361=DIRECTION('',(-1.66835396066058E-16,0.707106781186548,-0.707106781186548));
#14362=DIRECTION('',(-1.,-1.12249251174153E-16,1.23691628626353E-16));
#14363=DIRECTION('',(-1.,-1.12249251174153E-16,1.23691628626353E-16));
#14364=DIRECTION('',(0.707106781186548,7.67694554258219E-17,0.707106781186548));
#14365=DIRECTION('',(-1.09795353750847E-16,1.,1.22694871165301E-18));
#14366=DIRECTION('',(-1.09795353750847E-16,1.,1.22694871165301E-18));
#14367=DIRECTION('',(-0.577350269189626,0.577350269189625,0.577350269189626));
#14368=DIRECTION('',(-0.577350269189626,-0.577350269189625,0.577350269189626));
#14369=DIRECTION('',(-1.66835396066058E-16,0.707106781186548,-0.707106781186548));
#14370=DIRECTION('',(-1.,-1.12249251174153E-16,1.23691628626353E-16));
#14371=DIRECTION('',(-1.,-1.12249251174153E-16,1.23691628626353E-16));
#14372=DIRECTION('',(0.577350269189626,0.577350269189625,0.577350269189626));
#14373=DIRECTION('',(0.707106781186548,8.02397904425336E-17,-0.707106781186548));
#14374=DIRECTION('',(-1.12249251174153E-16,1.,1.22694871165301E-18));
#14375=DIRECTION('',(0.577350269189626,-0.577350269189625,0.577350269189626));
#14376=DIRECTION('',(1.110223024625E-16,-1.,6.92712190079319E-45));
#14377=DIRECTION('',(9.82615019770256E-18,0.707106781186548,0.707106781186548));
#14378=DIRECTION('',(-1.,-1.09795353750847E-16,1.23691628626353E-16));
#14379=DIRECTION('',(-1.,-1.110223024625E-16,1.224646799147E-16));
#14380=DIRECTION('',(-1.66835396066058E-16,0.707106781186548,-0.707106781186548));
#14381=DIRECTION('',(-1.,-1.12249251174153E-16,1.23691628626353E-16));
#14382=DIRECTION('',(-1.,-1.12249251174153E-16,1.23691628626353E-16));
#14383=DIRECTION('',(0.577350269189626,0.577350269189625,0.577350269189627));
#14384=DIRECTION('',(-0.577350269189625,0.577350269189626,0.577350269189627));
#14385=DIRECTION('',(0.707106781186548,8.02397904425336E-17,-0.707106781186548));
#14386=DIRECTION('',(-1.12249251174153E-16,1.,1.22694871165301E-18));
#14387=DIRECTION('',(0.577350269189625,-0.577350269189626,0.577350269189627));
#14388=DIRECTION('',(1.110223024625E-16,-1.,6.92712190079319E-45));
#14389=DIRECTION('',(9.82615019770256E-18,0.707106781186548,0.707106781186548));
#14390=DIRECTION('',(-1.,-1.09795353750847E-16,1.23691628626353E-16));
#14391=DIRECTION('',(-0.577350269189626,-0.577350269189625,0.577350269189627));
#14392=DIRECTION('',(-1.,-1.110223024625E-16,1.224646799147E-16));
#14393=DIRECTION('',(0.707106781186548,7.67694554258219E-17,0.707106781186548));
#14394=DIRECTION('',(-1.09795353750847E-16,1.,1.22694871165301E-18));
#14395=DIRECTION('',(-1.09795353750847E-16,1.,1.22694871165301E-18));
#14396=DIRECTION('',(-0.707106781186548,-7.67694554258218E-17,0.707106781186548));
#14397=DIRECTION('',(-1.09795353750847E-16,1.,-1.22694871165301E-18));
#14398=DIRECTION('',(-0.577350269189629,-0.577350269189625,-0.577350269189623));
#14399=DIRECTION('',(-0.57735026918962,0.577350269189631,-0.577350269189626));
#14400=DIRECTION('',(1.110223024625E-16,-1.,6.92712190079319E-45));
#14401=DIRECTION('',(-6.35581518099079E-18,-0.707106781186548,-0.707106781186548));
#14402=DIRECTION('',(-1.,-1.12249251174153E-16,1.21237731203047E-16));
#14403=DIRECTION('',(0.577350269189629,0.577350269189625,-0.577350269189623));
#14404=DIRECTION('',(-1.,-1.110223024625E-16,1.224646799147E-16));
#14405=DIRECTION('',(-0.707106781186548,-8.02397904425336E-17,-0.707106781186548));
#14406=DIRECTION('',(-1.12249251174153E-16,1.,-1.22694871165301E-18));
#14407=DIRECTION('',(-1.12249251174153E-16,1.,-1.22694871165301E-18));
#14408=DIRECTION('',(0.577350269189628,-0.577350269189627,-0.577350269189622));
#14409=DIRECTION('',(1.63365061049346E-16,-0.707106781186548,0.707106781186548));
#14410=DIRECTION('',(-1.,-1.09795353750847E-16,1.21237731203047E-16));
#14411=DIRECTION('',(-1.,-1.09795353750847E-16,1.21237731203047E-16));
#14412=DIRECTION('',(-0.707106781186548,-8.02397904425336E-17,-0.707106781186548));
#14413=DIRECTION('',(-1.12249251174153E-16,1.,-1.22694871165301E-18));
#14414=DIRECTION('',(-1.12249251174153E-16,1.,-1.22694871165301E-18));
#14415=DIRECTION('',(0.577350269189629,0.577350269189625,-0.577350269189623));
#14416=DIRECTION('',(0.577350269189624,-0.577350269189629,-0.577350269189624));
#14417=DIRECTION('',(1.63365061049346E-16,-0.707106781186548,0.707106781186548));
#14418=DIRECTION('',(-1.,-1.09795353750847E-16,1.21237731203047E-16));
#14419=DIRECTION('',(-1.,-1.09795353750847E-16,1.21237731203047E-16));
#14420=DIRECTION('',(-0.577350269189629,-0.577350269189625,-0.577350269189623));
#14421=DIRECTION('',(-0.707106781186548,-7.67694554258218E-17,0.707106781186548));
#14422=DIRECTION('',(-1.09795353750847E-16,1.,-1.22694871165301E-18));
#14423=DIRECTION('',(-0.577350269189624,0.577350269189629,-0.577350269189624));
#14424=DIRECTION('',(1.110223024625E-16,-1.,6.92712190079319E-45));
#14425=DIRECTION('',(-6.35581518099079E-18,-0.707106781186548,-0.707106781186548));
#14426=DIRECTION('',(-1.,-1.12249251174153E-16,1.21237731203047E-16));
#14427=DIRECTION('',(-1.,-1.110223024625E-16,1.224646799147E-16));
#14428=DIRECTION('',(-6.35581518099079E-18,-0.707106781186548,-0.707106781186548));
#14429=DIRECTION('',(-1.,-1.12249251174153E-16,1.21237731203047E-16));
#14430=DIRECTION('',(-0.577350269189626,0.577350269189628,-0.577350269189623));
#14431=DIRECTION('',(0.577350269189629,0.577350269189625,-0.577350269189623));
#14432=DIRECTION('',(-1.,-1.110223024625E-16,1.224646799147E-16));
#14433=DIRECTION('',(-0.707106781186548,-8.02397904425336E-17,-0.707106781186548));
#14434=DIRECTION('',(-1.12249251174153E-16,1.,-1.22694871165301E-18));
#14435=DIRECTION('',(-1.12249251174153E-16,1.,-1.22694871165301E-18));
#14436=DIRECTION('',(0.577350269189626,-0.577350269189628,-0.577350269189623));
#14437=DIRECTION('',(1.63365061049346E-16,-0.707106781186548,0.707106781186548));
#14438=DIRECTION('',(-1.,-1.09795353750847E-16,1.21237731203047E-16));
#14439=DIRECTION('',(-1.,-1.09795353750847E-16,1.21237731203047E-16));
#14440=DIRECTION('',(-0.577350269189629,-0.577350269189625,-0.577350269189623));
#14441=DIRECTION('',(-0.707106781186548,-7.67694554258218E-17,0.707106781186548));
#14442=DIRECTION('',(-1.09795353750847E-16,1.,-1.22694871165301E-18));
#14443=DIRECTION('',(1.110223024625E-16,-1.,6.92712190079319E-45));
#14444=DIRECTION('',(-0.707106781186548,-8.02397904425336E-17,-0.707106781186548));
#14445=DIRECTION('',(-1.12249251174153E-16,1.,-1.22694871165301E-18));
#14446=DIRECTION('',(-1.12249251174153E-16,1.,-1.22694871165301E-18));
#14447=DIRECTION('',(0.577350269189621,0.577350269189629,-0.577350269189627));
#14448=DIRECTION('',(0.577350269189624,-0.577350269189629,-0.577350269189624));
#14449=DIRECTION('',(1.63365061049346E-16,-0.707106781186548,0.707106781186548));
#14450=DIRECTION('',(-1.,-1.09795353750847E-16,1.21237731203047E-16));
#14451=DIRECTION('',(-1.,-1.09795353750847E-16,1.21237731203047E-16));
#14452=DIRECTION('',(-0.577350269189629,-0.577350269189625,-0.577350269189623));
#14453=DIRECTION('',(-0.707106781186548,-7.67694554258218E-17,0.707106781186548));
#14454=DIRECTION('',(-1.09795353750847E-16,1.,-1.22694871165301E-18));
#14455=DIRECTION('',(-0.577350269189624,0.577350269189629,-0.577350269189624));
#14456=DIRECTION('',(1.110223024625E-16,-1.,6.92712190079319E-45));
#14457=DIRECTION('',(-6.35581518099079E-18,-0.707106781186548,-0.707106781186548));
#14458=DIRECTION('',(-1.,-1.12249251174153E-16,1.21237731203047E-16));
#14459=DIRECTION('',(-1.,-1.110223024625E-16,1.224646799147E-16));
#14460=DIRECTION('',(-6.35581518099079E-18,-0.707106781186548,-0.707106781186548));
#14461=DIRECTION('',(-1.,-1.12249251174153E-16,1.21237731203047E-16));
#14462=DIRECTION('',(-0.577350269189624,0.577350269189629,-0.577350269189624));
#14463=DIRECTION('',(0.577350269189625,0.577350269189627,-0.577350269189625));
#14464=DIRECTION('',(-1.,-1.110223024625E-16,1.224646799147E-16));
#14465=DIRECTION('',(-0.707106781186548,-8.02397904425336E-17,-0.707106781186548));
#14466=DIRECTION('',(-1.12249251174153E-16,1.,-1.22694871165301E-18));
#14467=DIRECTION('',(-1.12249251174153E-16,1.,-1.22694871165301E-18));
#14468=DIRECTION('',(0.577350269189624,-0.577350269189629,-0.577350269189624));
#14469=DIRECTION('',(1.63365061049346E-16,-0.707106781186548,0.707106781186548));
#14470=DIRECTION('',(-1.,-1.09795353750847E-16,1.21237731203047E-16));
#14471=DIRECTION('',(-1.,-1.09795353750847E-16,1.21237731203047E-16));
#14472=DIRECTION('',(-0.577350269189629,-0.577350269189625,-0.577350269189623));
#14473=DIRECTION('',(-0.707106781186548,-7.67694554258218E-17,0.707106781186548));
#14474=DIRECTION('',(-1.09795353750847E-16,1.,-1.22694871165301E-18));
#14475=DIRECTION('',(1.110223024625E-16,-1.,6.92712190079319E-45));
#14476=DIRECTION('',(-0.707106781186548,-8.02397904425336E-17,-0.707106781186548));
#14477=DIRECTION('',(-1.12249251174153E-16,1.,-1.22694871165301E-18));
#14478=DIRECTION('',(-1.12249251174153E-16,1.,-1.22694871165301E-18));
#14479=DIRECTION('',(0.577350269189627,0.577350269189626,-0.577350269189624));
#14480=DIRECTION('',(0.577350269189625,-0.577350269189629,-0.577350269189624));
#14481=DIRECTION('',(1.63365061049346E-16,-0.707106781186548,0.707106781186548));
#14482=DIRECTION('',(-1.,-1.09795353750847E-16,1.21237731203047E-16));
#14483=DIRECTION('',(-1.,-1.09795353750847E-16,1.21237731203047E-16));
#14484=DIRECTION('',(-0.577350269189627,-0.577350269189626,-0.577350269189624));
#14485=DIRECTION('',(-0.707106781186548,-7.67694554258218E-17,0.707106781186548));
#14486=DIRECTION('',(-1.09795353750847E-16,1.,-1.22694871165301E-18));
#14487=DIRECTION('',(-0.577350269189625,0.577350269189629,-0.577350269189624));
#14488=DIRECTION('',(1.110223024625E-16,-1.,6.92712190079319E-45));
#14489=DIRECTION('',(-6.35581518099079E-18,-0.707106781186548,-0.707106781186548));
#14490=DIRECTION('',(-1.,-1.12249251174153E-16,1.21237731203047E-16));
#14491=DIRECTION('',(-1.,-1.110223024625E-16,1.224646799147E-16));
#14492=DIRECTION('',(-0.707106781186548,-7.67694554258218E-17,0.707106781186548));
#14493=DIRECTION('',(-1.09795353750847E-16,1.,-1.22694871165301E-18));
#14494=DIRECTION('',(-0.577350269189629,-0.577350269189625,-0.577350269189623));
#14495=DIRECTION('',(-0.577350269189626,0.577350269189628,-0.577350269189623));
#14496=DIRECTION('',(1.110223024625E-16,-1.,6.92712190079319E-45));
#14497=DIRECTION('',(-6.35581518099079E-18,-0.707106781186548,-0.707106781186548));
#14498=DIRECTION('',(-1.,-1.12249251174153E-16,1.21237731203047E-16));
#14499=DIRECTION('',(0.577350269189629,0.577350269189625,-0.577350269189623));
#14500=DIRECTION('',(-1.,-1.110223024625E-16,1.224646799147E-16));
#14501=DIRECTION('',(-0.707106781186548,-8.02397904425336E-17,-0.707106781186548));
#14502=DIRECTION('',(-1.12249251174153E-16,1.,-1.22694871165301E-18));
#14503=DIRECTION('',(-1.12249251174153E-16,1.,-1.22694871165301E-18));
#14504=DIRECTION('',(0.577350269189626,-0.577350269189628,-0.577350269189623));
#14505=DIRECTION('',(1.63365061049346E-16,-0.707106781186548,0.707106781186548));
#14506=DIRECTION('',(-1.,-1.09795353750847E-16,1.21237731203047E-16));
#14507=DIRECTION('',(-1.,-1.09795353750847E-16,1.21237731203047E-16));
#14508=DIRECTION('',(-6.35581518099079E-18,-0.707106781186548,-0.707106781186548));
#14509=DIRECTION('',(-1.,-1.12249251174153E-16,1.21237731203047E-16));
#14510=DIRECTION('',(-0.577350269189625,0.577350269189628,-0.577350269189624));
#14511=DIRECTION('',(0.577350269189628,0.577350269189625,-0.577350269189624));
#14512=DIRECTION('',(-1.,-1.110223024625E-16,1.224646799147E-16));
#14513=DIRECTION('',(-0.707106781186548,-8.02397904425336E-17,-0.707106781186548));
#14514=DIRECTION('',(-1.12249251174153E-16,1.,-1.22694871165301E-18));
#14515=DIRECTION('',(-1.12249251174153E-16,1.,-1.22694871165301E-18));
#14516=DIRECTION('',(0.577350269189625,-0.577350269189628,-0.577350269189624));
#14517=DIRECTION('',(1.63365061049346E-16,-0.707106781186548,0.707106781186548));
#14518=DIRECTION('',(-1.,-1.09795353750847E-16,1.21237731203047E-16));
#14519=DIRECTION('',(-1.,-1.09795353750847E-16,1.21237731203047E-16));
#14520=DIRECTION('',(-0.577350269189628,-0.577350269189625,-0.577350269189624));
#14521=DIRECTION('',(-0.707106781186548,-7.67694554258218E-17,0.707106781186548));
#14522=DIRECTION('',(-1.09795353750847E-16,1.,-1.22694871165301E-18));
#14523=DIRECTION('',(1.110223024625E-16,-1.,6.92712190079319E-45));
#14524=DIRECTION('',(-1.224646799147E-16,-1.359631073447E-32,-1.));
#14525=DIRECTION('',(1.110223024625E-16,-1.,6.92712190079319E-45));
#14526=DIRECTION('',(-1.224646799147E-16,-1.359631073447E-32,-1.));
#14527=DIRECTION('',(1.110223024625E-16,-1.,6.92712190079319E-45));
#14528=DIRECTION('',(-1.224646799147E-16,-1.359631073447E-32,-1.));
#14529=DIRECTION('',(1.110223024625E-16,-1.,6.92712190079319E-45));
#14530=DIRECTION('',(-1.224646799147E-16,-1.359631073447E-32,-1.));
#14531=DIRECTION('',(1.110223024625E-16,-1.,6.92712190079319E-45));
#14532=DIRECTION('',(-1.224646799147E-16,-1.359631073447E-32,-1.));
#14533=DIRECTION('',(1.110223024625E-16,-1.,6.92712190079319E-45));
#14534=DIRECTION('',(-1.224646799147E-16,-1.359631073447E-32,-1.));
#14535=DIRECTION('',(1.110223024625E-16,-1.,6.92712190079319E-45));
#14536=DIRECTION('',(-1.224646799147E-16,-1.359631073447E-32,-1.));
#14537=DIRECTION('',(1.110223024625E-16,-1.,6.92712190079319E-45));
#14538=DIRECTION('',(-1.224646799147E-16,-1.359631073447E-32,-1.));
#14539=DIRECTION('',(1.110223024625E-16,-1.,6.92712190079319E-45));
#14540=DIRECTION('',(-1.224646799147E-16,-1.359631073447E-32,-1.));
#14541=DIRECTION('',(1.110223024625E-16,-1.,6.92712190079319E-45));
#14542=DIRECTION('',(-1.224646799147E-16,-1.359631073447E-32,-1.));
#14543=DIRECTION('',(1.110223024625E-16,-1.,6.92712190079319E-45));
#14544=DIRECTION('',(-1.224646799147E-16,-1.359631073447E-32,-1.));
#14545=DIRECTION('',(1.110223024625E-16,-1.,6.92712190079319E-45));
#14546=DIRECTION('',(-1.224646799147E-16,-1.359631073447E-32,-1.));
#14547=DIRECTION('',(1.110223024625E-16,-1.,6.92712190079319E-45));
#14548=DIRECTION('',(-1.224646799147E-16,-1.359631073447E-32,-1.));
#14549=DIRECTION('',(1.110223024625E-16,-1.,6.92712190079319E-45));
#14550=DIRECTION('',(-1.224646799147E-16,-1.359631073447E-32,-1.));
#14551=DIRECTION('',(1.110223024625E-16,-1.,6.92712190079319E-45));
#14552=DIRECTION('',(-1.224646799147E-16,-1.359631073447E-32,-1.));
#14553=DIRECTION('',(1.110223024625E-16,-1.,6.92712190079319E-45));
#14554=DIRECTION('',(-1.224646799147E-16,-1.359631073447E-32,-1.));
#14555=DIRECTION('',(1.110223024625E-16,-1.,6.92712190079319E-45));
#14556=DIRECTION('',(0.,0.,1.));
#14557=DIRECTION('',(1.,0.,0.));
#14558=DIRECTION('',(0.,2.2E-16,1.));
#14559=DIRECTION('',(1.,0.,0.));
#14560=DIRECTION('',(1.22464679914735E-16,-2.2E-16,-1.));
#14561=DIRECTION('',(0.,1.,-2.2E-16));
#14562=DIRECTION('',(0.,2.2E-16,1.));
#14563=DIRECTION('',(0.,-1.,2.2E-16));
#14564=DIRECTION('',(0.,1.,-2.2E-16));
#14565=DIRECTION('',(1.,0.,0.));
#14566=DIRECTION('',(-1.,-4.04133443718627E-32,-1.83697019872103E-16));
#14567=DIRECTION('',(-1.83697019872103E-16,0.,1.));
#14568=DIRECTION('',(1.,0.,0.));
#14569=DIRECTION('',(0.,-2.2E-16,-1.));
#14570=DIRECTION('',(-1.,-4.04133443718627E-32,-1.83697019872103E-16));
#14571=DIRECTION('',(-1.83697019872103E-16,0.,1.));
#14572=DIRECTION('',(0.,1.,-2.2E-16));
#14573=DIRECTION('',(1.,0.,0.));
#14574=DIRECTION('',(0.,2.2E-16,1.));
#14575=DIRECTION('',(0.,-1.,2.2E-16));
#14576=DIRECTION('',(0.,-2.2E-16,-1.));
#14577=DIRECTION('',(-1.,0.,0.));
#14578=DIRECTION('',(0.,-2.2E-16,-1.));
#14579=DIRECTION('',(0.,1.,-2.2E-16));
#14580=DIRECTION('',(0.,0.,-1.));
#14581=DIRECTION('',(-1.,0.,0.));
#14582=DIRECTION('',(0.,0.,1.));
#14583=DIRECTION('',(1.,0.,0.));
#14584=DIRECTION('',(0.,0.,1.));
#14585=DIRECTION('',(1.,0.,0.));
#14586=DIRECTION('',(1.,0.,0.));
#14587=DIRECTION('',(0.,9.92044604925E-16,1.));
#14588=DIRECTION('',(1.,0.,0.));
#14589=DIRECTION('',(0.,0.,-1.));
#14590=DIRECTION('',(1.,0.,0.));
#14591=DIRECTION('',(0.,0.,-1.));
#14592=DIRECTION('',(1.,0.,0.));
#14593=DIRECTION('',(0.,1.002044604925E-15,1.));
#14594=DIRECTION('',(1.,0.,0.));
#14595=DIRECTION('',(0.,0.,-1.));
#14596=DIRECTION('',(1.,0.,0.));
#14597=DIRECTION('',(0.,9.92044604925E-16,1.));
#14598=DIRECTION('',(1.,0.,0.));
#14599=DIRECTION('',(0.,0.,-1.));
#14600=DIRECTION('',(1.,0.,0.));
#14601=DIRECTION('',(0.,1.002044604925E-15,1.));
#14602=DIRECTION('',(1.,0.,0.));
#14603=DIRECTION('',(0.,0.,-1.));
#14604=DIRECTION('',(1.,0.,0.));
#14605=DIRECTION('',(0.,1.002044604925E-15,1.));
#14606=DIRECTION('',(-1.,0.,0.));
#14607=DIRECTION('',(0.,0.,1.));
#14608=DIRECTION('',(-1.,0.,0.));
#14609=DIRECTION('',(0.,1.002044604925E-15,1.));
#14610=DIRECTION('',(-1.,0.,0.));
#14611=DIRECTION('',(0.,0.,1.));
#14612=DIRECTION('',(-1.,0.,0.));
#14613=DIRECTION('',(0.,1.002044604925E-15,1.));
#14614=DIRECTION('',(-1.,0.,0.));
#14615=DIRECTION('',(0.,0.,1.));
#14616=DIRECTION('',(1.,0.,0.));
#14617=DIRECTION('',(0.,1.002044604925E-15,1.));
#14618=DIRECTION('',(1.,0.,0.));
#14619=DIRECTION('',(0.,1.002044604925E-15,1.));
#14620=DIRECTION('',(0.,0.,1.));
#14621=DIRECTION('',(1.,0.,0.));
#14622=DIRECTION('',(1.,0.,0.));
#14623=DIRECTION('',(0.,9.92044604925E-16,1.));
#14624=DIRECTION('',(1.,0.,0.));
#14625=DIRECTION('',(0.,0.,-1.));
#14626=DIRECTION('',(1.,0.,0.));
#14627=DIRECTION('',(0.,0.,-1.));
#14628=DIRECTION('',(1.,0.,0.));
#14629=DIRECTION('',(0.,1.002044604925E-15,1.));
#14630=DIRECTION('',(1.,0.,0.));
#14631=DIRECTION('',(0.,0.,-1.));
#14632=DIRECTION('',(1.,0.,0.));
#14633=DIRECTION('',(0.,9.92044604925E-16,1.));
#14634=DIRECTION('',(1.,0.,0.));
#14635=DIRECTION('',(0.,0.,-1.));
#14636=DIRECTION('',(1.,0.,0.));
#14637=DIRECTION('',(0.,1.002044604925E-15,1.));
#14638=DIRECTION('',(1.,0.,0.));
#14639=DIRECTION('',(0.,0.,-1.));
#14640=DIRECTION('',(1.,0.,0.));
#14641=DIRECTION('',(0.,1.002044604925E-15,1.));
#14642=DIRECTION('',(-1.,0.,0.));
#14643=DIRECTION('',(0.,0.,1.));
#14644=DIRECTION('',(-1.,0.,0.));
#14645=DIRECTION('',(0.,1.002044604925E-15,1.));
#14646=DIRECTION('',(-1.,0.,0.));
#14647=DIRECTION('',(0.,0.,1.));
#14648=DIRECTION('',(-1.,0.,0.));
#14649=DIRECTION('',(0.,1.002044604925E-15,1.));
#14650=DIRECTION('',(-1.,0.,0.));
#14651=DIRECTION('',(0.,0.,1.));
#14652=DIRECTION('',(1.,0.,0.));
#14653=DIRECTION('',(0.,1.002044604925E-15,1.));
#14654=DIRECTION('',(1.,0.,0.));
#14655=DIRECTION('',(0.,1.002044604925E-15,1.));
#14656=DIRECTION('',(0.,0.,1.));
#14657=DIRECTION('',(1.,0.,0.));
#14658=DIRECTION('',(0.,2.2E-16,1.));
#14659=DIRECTION('',(1.,0.,0.));
#14660=DIRECTION('',(1.22464679914735E-16,-2.2E-16,-1.));
#14661=DIRECTION('',(0.,1.,-2.2E-16));
#14662=DIRECTION('',(0.,2.2E-16,1.));
#14663=DIRECTION('',(0.,-1.,2.2E-16));
#14664=DIRECTION('',(0.,1.,-2.2E-16));
#14665=DIRECTION('',(1.,0.,0.));
#14666=DIRECTION('',(-1.,-4.04133443718627E-32,-1.83697019872103E-16));
#14667=DIRECTION('',(-1.83697019872103E-16,0.,1.));
#14668=DIRECTION('',(1.,0.,0.));
#14669=DIRECTION('',(0.,-2.2E-16,-1.));
#14670=DIRECTION('',(-1.,-4.04133443718627E-32,-1.83697019872103E-16));
#14671=DIRECTION('',(-1.83697019872103E-16,0.,1.));
#14672=DIRECTION('',(0.,1.,-2.2E-16));
#14673=DIRECTION('',(1.,0.,0.));
#14674=DIRECTION('',(0.,2.2E-16,1.));
#14675=DIRECTION('',(0.,-1.,2.2E-16));
#14676=DIRECTION('',(0.,-2.2E-16,-1.));
#14677=DIRECTION('',(-1.,0.,0.));
#14678=DIRECTION('',(0.,-2.2E-16,-1.));
#14679=DIRECTION('',(0.,1.,-2.2E-16));
#14680=DIRECTION('',(0.,0.,-1.));
#14681=DIRECTION('',(-1.,0.,0.));
#14682=DIRECTION('',(0.,0.,1.));
#14683=DIRECTION('',(1.,0.,0.));
#14684=DIRECTION('',(0.,0.,1.));
#14685=DIRECTION('',(1.,0.,0.));
#14686=DIRECTION('',(0.,0.,-1.));
#14687=DIRECTION('',(-6.42331427561399E-8,1.,0.));
#14688=DIRECTION('',(0.,0.,-1.));
#14689=DIRECTION('',(0.,0.,-1.));
#14690=DIRECTION('',(-1.,0.,0.));
#14691=DIRECTION('',(0.,0.,-1.));
#14692=DIRECTION('',(0.,0.,-1.));
#14693=DIRECTION('',(-1.,0.,0.));
#14694=DIRECTION('',(0.,1.,0.));
#14695=DIRECTION('',(1.,0.,0.));
#14696=DIRECTION('',(0.,0.,-1.));
#14697=DIRECTION('',(1.,0.,0.));
#14698=DIRECTION('',(1.,0.,0.));
#14699=DIRECTION('',(1.,0.,0.));
#14700=DIRECTION('',(0.,-1.,0.));
#14701=DIRECTION('',(0.,-1.,0.));
#14702=DIRECTION('',(0.,0.,-1.));
#14703=DIRECTION('',(0.,1.,0.));
#14704=DIRECTION('',(0.,0.,1.));
#14705=DIRECTION('',(1.,0.,0.));
#14706=DIRECTION('',(0.,0.,-1.));
#14707=DIRECTION('',(-1.,0.,0.));
#14708=DIRECTION('',(1.,0.,0.));
#14709=DIRECTION('',(0.,0.,-1.));
#14710=DIRECTION('',(-1.,0.,0.));
#14711=DIRECTION('',(0.,1.,0.));
#14712=DIRECTION('',(0.,0.,-1.));
#14713=DIRECTION('',(-1.,0.,0.));
#14714=DIRECTION('',(0.,0.,-1.));
#14715=DIRECTION('',(-1.,0.,0.));
#14716=DIRECTION('',(0.,0.,-1.));
#14717=DIRECTION('',(-1.,0.,0.));
#14718=DIRECTION('',(0.,0.,-1.));
#14719=DIRECTION('',(-1.,0.,0.));
#14720=DIRECTION('',(0.,0.,-1.));
#14721=DIRECTION('',(-1.,0.,0.));
#14722=DIRECTION('',(0.,0.,-1.));
#14723=DIRECTION('',(-1.,0.,0.));
#14724=DIRECTION('',(0.,0.,-1.));
#14725=DIRECTION('',(-1.,0.,0.));
#14726=DIRECTION('',(0.,0.,-1.));
#14727=DIRECTION('',(-1.,0.,0.));
#14728=DIRECTION('',(0.,0.,-1.));
#14729=DIRECTION('',(-1.,0.,0.));
#14730=DIRECTION('',(0.,0.,-1.));
#14731=DIRECTION('',(-1.,0.,0.));
#14732=DIRECTION('',(0.,0.,-1.));
#14733=DIRECTION('',(-1.,0.,0.));
#14734=DIRECTION('',(0.,0.,-1.));
#14735=DIRECTION('',(-1.,0.,0.));
#14736=DIRECTION('',(0.,0.,-1.));
#14737=DIRECTION('',(-1.,0.,0.));
#14738=DIRECTION('',(0.,0.,-1.));
#14739=DIRECTION('',(-1.,0.,0.));
#14740=DIRECTION('',(0.,0.,-1.));
#14741=DIRECTION('',(-1.,0.,0.));
#14742=DIRECTION('',(0.,0.,-1.));
#14743=DIRECTION('',(-1.,0.,0.));
#14744=DIRECTION('',(0.,0.,-1.));
#14745=DIRECTION('',(-1.,0.,0.));
#14746=DIRECTION('',(0.,0.,-1.));
#14747=DIRECTION('',(-1.,0.,0.));
#14748=DIRECTION('',(0.,0.,-1.));
#14749=DIRECTION('',(-1.,0.,0.));
#14750=DIRECTION('',(0.,0.,-1.));
#14751=DIRECTION('',(-1.,0.,0.));
#14752=DIRECTION('',(0.,0.,-1.));
#14753=DIRECTION('',(-1.,0.,0.));
#14754=DIRECTION('',(0.,0.,-1.));
#14755=DIRECTION('',(-1.,0.,0.));
#14756=DIRECTION('',(0.,0.,-1.));
#14757=DIRECTION('',(-1.,0.,0.));
#14758=DIRECTION('',(0.,0.,-1.));
#14759=DIRECTION('',(-1.,0.,0.));
#14760=DIRECTION('',(0.,0.,-1.));
#14761=DIRECTION('',(-1.,0.,0.));
#14762=DIRECTION('',(0.,0.,-1.));
#14763=DIRECTION('',(-1.,0.,0.));
#14764=DIRECTION('',(0.,0.,-1.));
#14765=DIRECTION('',(-1.,0.,0.));
#14766=DIRECTION('',(0.,0.,-1.));
#14767=DIRECTION('',(-1.,0.,0.));
#14768=DIRECTION('',(0.,0.,-1.));
#14769=DIRECTION('',(-1.,0.,0.));
#14770=DIRECTION('',(0.,0.,-1.));
#14771=DIRECTION('',(-1.,0.,0.));
#14772=DIRECTION('',(0.,0.,-1.));
#14773=DIRECTION('',(-1.,0.,0.));
#14774=DIRECTION('',(0.,0.,-1.));
#14775=DIRECTION('',(-1.,0.,0.));
#14776=DIRECTION('',(0.,0.,-1.));
#14777=DIRECTION('',(-1.,0.,0.));
#14778=DIRECTION('',(0.,0.,-1.));
#14779=DIRECTION('',(-1.,0.,0.));
#14780=DIRECTION('',(0.,0.,-1.));
#14781=DIRECTION('',(-1.,0.,0.));
#14782=DIRECTION('',(0.,0.,-1.));
#14783=DIRECTION('',(-1.,0.,0.));
#14784=DIRECTION('',(0.,0.,-1.));
#14785=DIRECTION('',(-1.,0.,0.));
#14786=DIRECTION('',(0.,0.,-1.));
#14787=DIRECTION('',(-1.,0.,0.));
#14788=DIRECTION('',(0.,0.,-1.));
#14789=DIRECTION('',(-1.,0.,0.));
#14790=DIRECTION('',(0.,0.,-1.));
#14791=DIRECTION('',(-1.,0.,0.));
#14792=DIRECTION('',(0.,0.,-1.));
#14793=DIRECTION('',(-1.,0.,0.));
#14794=DIRECTION('',(0.,0.,-1.));
#14795=DIRECTION('',(-1.,0.,0.));
#14796=DIRECTION('',(0.,0.,-1.));
#14797=DIRECTION('',(-1.,0.,0.));
#14798=DIRECTION('',(0.,0.,-1.));
#14799=DIRECTION('',(-1.,0.,0.));
#14800=DIRECTION('',(0.,0.,-1.));
#14801=DIRECTION('',(-1.,0.,0.));
#14802=DIRECTION('',(0.,0.,-1.));
#14803=DIRECTION('',(-1.,0.,0.));
#14804=DIRECTION('',(0.,0.,-1.));
#14805=DIRECTION('',(-1.,0.,0.));
#14806=DIRECTION('',(0.,0.,-1.));
#14807=DIRECTION('',(-1.,0.,0.));
#14808=DIRECTION('',(0.,0.,-1.));
#14809=DIRECTION('',(-1.,0.,0.));
#14810=DIRECTION('',(0.,0.,-1.));
#14811=DIRECTION('',(-1.,0.,0.));
#14812=DIRECTION('',(0.,0.,-1.));
#14813=DIRECTION('',(-1.,0.,0.));
#14814=DIRECTION('',(0.,0.,-1.));
#14815=DIRECTION('',(-1.,0.,0.));
#14816=DIRECTION('',(0.,0.,-1.));
#14817=DIRECTION('',(-1.,0.,0.));
#14818=DIRECTION('',(0.,0.,-1.));
#14819=DIRECTION('',(-1.,0.,0.));
#14820=DIRECTION('',(0.,0.,-1.));
#14821=DIRECTION('',(-1.,0.,0.));
#14822=DIRECTION('',(0.,0.,-1.));
#14823=DIRECTION('',(-1.,0.,0.));
#14824=DIRECTION('',(0.,0.,-1.));
#14825=DIRECTION('',(-1.,0.,0.));
#14826=DIRECTION('',(0.,0.,-1.));
#14827=DIRECTION('',(-1.,0.,0.));
#14828=DIRECTION('',(0.,0.,-1.));
#14829=DIRECTION('',(-1.,0.,0.));
#14830=DIRECTION('',(0.,0.,-1.));
#14831=DIRECTION('',(-1.,0.,0.));
#14832=DIRECTION('',(0.,0.,-1.));
#14833=DIRECTION('',(-1.,0.,0.));
#14834=DIRECTION('',(0.,0.,-1.));
#14835=DIRECTION('',(-1.,0.,0.));
#14836=DIRECTION('',(0.,0.,-1.));
#14837=DIRECTION('',(-1.,0.,0.));
#14838=DIRECTION('',(0.,0.,-1.));
#14839=DIRECTION('',(-1.,0.,0.));
#14840=DIRECTION('',(0.,0.,-1.));
#14841=DIRECTION('',(-1.,0.,0.));
#14842=DIRECTION('',(0.,0.,-1.));
#14843=DIRECTION('',(-1.,0.,0.));
#14844=DIRECTION('',(0.,0.,-1.));
#14845=DIRECTION('',(-1.,0.,0.));
#14846=DIRECTION('',(0.,0.,-1.));
#14847=DIRECTION('',(-1.,0.,0.));
#14848=DIRECTION('',(0.,0.,-1.));
#14849=DIRECTION('',(-1.,0.,0.));
#14850=DIRECTION('',(0.,0.,-1.));
#14851=DIRECTION('',(-1.,0.,0.));
#14852=DIRECTION('',(0.,0.,-1.));
#14853=DIRECTION('',(-1.,0.,0.));
#14854=DIRECTION('',(0.,0.,-1.));
#14855=DIRECTION('',(-1.,0.,0.));
#14856=DIRECTION('',(0.,0.,-1.));
#14857=DIRECTION('',(-1.,0.,0.));
#14858=DIRECTION('',(0.,0.,-1.));
#14859=DIRECTION('',(-1.,0.,0.));
#14860=DIRECTION('',(0.,0.,-1.));
#14861=DIRECTION('',(-1.,0.,0.));
#14862=DIRECTION('',(0.,0.,-1.));
#14863=DIRECTION('',(-1.,0.,0.));
#14864=DIRECTION('',(0.,0.,-1.));
#14865=DIRECTION('',(-1.,0.,0.));
#14866=DIRECTION('',(0.,0.,-1.));
#14867=DIRECTION('',(-1.,0.,0.));
#14868=DIRECTION('',(0.,0.,-1.));
#14869=DIRECTION('',(-1.,0.,0.));
#14870=DIRECTION('',(0.,0.,-1.));
#14871=DIRECTION('',(-1.,0.,0.));
#14872=DIRECTION('',(0.,0.,-1.));
#14873=DIRECTION('',(-1.,0.,0.));
#14874=DIRECTION('',(0.,0.,-1.));
#14875=DIRECTION('',(-1.,0.,0.));
#14876=DIRECTION('',(0.,0.,-1.));
#14877=DIRECTION('',(-1.,0.,0.));
#14878=DIRECTION('',(0.,0.,-1.));
#14879=DIRECTION('',(-1.,0.,0.));
#14880=DIRECTION('',(0.,0.,-1.));
#14881=DIRECTION('',(-1.,0.,0.));
#14882=DIRECTION('',(0.,0.,-1.));
#14883=DIRECTION('',(-1.,0.,0.));
#14884=DIRECTION('',(0.,0.,-1.));
#14885=DIRECTION('',(-1.,0.,0.));
#14886=DIRECTION('',(0.,0.,-1.));
#14887=DIRECTION('',(-1.,0.,0.));
#14888=DIRECTION('',(0.,0.,-1.));
#14889=DIRECTION('',(-1.,0.,0.));
#14890=DIRECTION('',(0.,0.,-1.));
#14891=DIRECTION('',(-1.,0.,0.));
#14892=DIRECTION('',(0.,0.,-1.));
#14893=DIRECTION('',(-1.,0.,0.));
#14894=DIRECTION('',(0.,0.,-1.));
#14895=DIRECTION('',(-1.,0.,0.));
#14896=DIRECTION('',(0.,0.,1.));
#14897=DIRECTION('',(1.,0.,0.));
#14898=DIRECTION('',(0.,0.,-1.));
#14899=DIRECTION('',(-1.,0.,0.));
#14900=DIRECTION('',(0.,1.,0.));
#14901=DIRECTION('',(0.,0.,-1.));
#14902=DIRECTION('',(-1.,0.,0.));
#14903=DIRECTION('',(-1.,0.,0.));
#14904=DIRECTION('',(0.,0.,-1.));
#14905=DIRECTION('',(-1.,0.,0.));
#14906=DIRECTION('',(0.,0.,-1.));
#14907=DIRECTION('',(-1.,0.,0.));
#14908=DIRECTION('',(0.,0.,-1.));
#14909=DIRECTION('',(-1.,0.,0.));
#14910=DIRECTION('',(0.,0.,-1.));
#14911=DIRECTION('',(-1.,0.,0.));
#14912=DIRECTION('',(0.,0.,-1.));
#14913=DIRECTION('',(-1.,0.,0.));
#14914=DIRECTION('',(0.,0.,-1.));
#14915=DIRECTION('',(-1.,0.,0.));
#14916=DIRECTION('',(0.,0.,-1.));
#14917=DIRECTION('',(-1.,0.,0.));
#14918=DIRECTION('',(0.,0.,-1.));
#14919=DIRECTION('',(-1.,0.,0.));
#14920=DIRECTION('',(0.,0.,-1.));
#14921=DIRECTION('',(-1.,0.,0.));
#14922=DIRECTION('',(0.,0.,-1.));
#14923=DIRECTION('',(-1.,0.,0.));
#14924=DIRECTION('',(0.,0.,-1.));
#14925=DIRECTION('',(-1.,0.,0.));
#14926=DIRECTION('',(0.,0.,-1.));
#14927=DIRECTION('',(-1.,0.,0.));
#14928=DIRECTION('',(0.,0.,-1.));
#14929=DIRECTION('',(-1.,0.,0.));
#14930=DIRECTION('',(0.,0.,-1.));
#14931=DIRECTION('',(-1.,0.,0.));
#14932=DIRECTION('',(0.,0.,-1.));
#14933=DIRECTION('',(-1.,0.,0.));
#14934=DIRECTION('',(0.,0.,-1.));
#14935=DIRECTION('',(-1.,0.,0.));
#14936=DIRECTION('',(0.,0.,-1.));
#14937=DIRECTION('',(-1.,0.,0.));
#14938=DIRECTION('',(0.,0.,-1.));
#14939=DIRECTION('',(-1.,0.,0.));
#14940=DIRECTION('',(0.,0.,-1.));
#14941=DIRECTION('',(-1.,0.,0.));
#14942=DIRECTION('',(0.,0.,-1.));
#14943=DIRECTION('',(-1.,0.,0.));
#14944=DIRECTION('',(0.,0.,-1.));
#14945=DIRECTION('',(-1.,0.,0.));
#14946=DIRECTION('',(0.,0.,-1.));
#14947=DIRECTION('',(-1.,0.,0.));
#14948=DIRECTION('',(0.,0.,-1.));
#14949=DIRECTION('',(-1.,0.,0.));
#14950=DIRECTION('',(0.,0.,-1.));
#14951=DIRECTION('',(-1.,0.,0.));
#14952=DIRECTION('',(0.,0.,-1.));
#14953=DIRECTION('',(-1.,0.,0.));
#14954=DIRECTION('',(0.,0.,-1.));
#14955=DIRECTION('',(-1.,0.,0.));
#14956=DIRECTION('',(0.,0.,-1.));
#14957=DIRECTION('',(-1.,0.,0.));
#14958=DIRECTION('',(0.,0.,-1.));
#14959=DIRECTION('',(-1.,0.,0.));
#14960=DIRECTION('',(0.,0.,-1.));
#14961=DIRECTION('',(-1.,0.,0.));
#14962=DIRECTION('',(0.,0.,-1.));
#14963=DIRECTION('',(-1.,0.,0.));
#14964=DIRECTION('',(0.,0.,-1.));
#14965=DIRECTION('',(-1.,0.,0.));
#14966=DIRECTION('',(0.,0.,-1.));
#14967=DIRECTION('',(-1.,0.,0.));
#14968=DIRECTION('',(0.,0.,-1.));
#14969=DIRECTION('',(-1.,0.,0.));
#14970=DIRECTION('',(0.,0.,-1.));
#14971=DIRECTION('',(-1.,0.,0.));
#14972=DIRECTION('',(0.,0.,-1.));
#14973=DIRECTION('',(-1.,0.,0.));
#14974=DIRECTION('',(0.,0.,-1.));
#14975=DIRECTION('',(-1.,0.,0.));
#14976=DIRECTION('',(0.,0.,-1.));
#14977=DIRECTION('',(-1.,0.,0.));
#14978=DIRECTION('',(0.,0.,-1.));
#14979=DIRECTION('',(-1.,0.,0.));
#14980=DIRECTION('',(0.,0.,-1.));
#14981=DIRECTION('',(-1.,0.,0.));
#14982=DIRECTION('',(0.,0.,-1.));
#14983=DIRECTION('',(-1.,0.,0.));
#14984=DIRECTION('',(0.,0.,-1.));
#14985=DIRECTION('',(-1.,0.,0.));
#14986=DIRECTION('',(0.,0.,-1.));
#14987=DIRECTION('',(-1.,0.,0.));
#14988=DIRECTION('',(0.,0.,-1.));
#14989=DIRECTION('',(-1.,0.,0.));
#14990=DIRECTION('',(0.,0.,-1.));
#14991=DIRECTION('',(-1.,0.,0.));
#14992=DIRECTION('',(0.,0.,-1.));
#14993=DIRECTION('',(-1.,0.,0.));
#14994=DIRECTION('',(0.,0.,-1.));
#14995=DIRECTION('',(-1.,0.,0.));
#14996=DIRECTION('',(0.,0.,-1.));
#14997=DIRECTION('',(-1.,0.,0.));
#14998=DIRECTION('',(0.,0.,-1.));
#14999=DIRECTION('',(-1.,0.,0.));
#15000=DIRECTION('',(0.,0.,-1.));
#15001=DIRECTION('',(-1.,0.,0.));
#15002=DIRECTION('',(0.,0.,-1.));
#15003=DIRECTION('',(-1.,0.,0.));
#15004=DIRECTION('',(0.,0.,-1.));
#15005=DIRECTION('',(-1.,0.,0.));
#15006=DIRECTION('',(0.,0.,-1.));
#15007=DIRECTION('',(-1.,0.,0.));
#15008=DIRECTION('',(0.,0.,-1.));
#15009=DIRECTION('',(-1.,0.,0.));
#15010=DIRECTION('',(0.,0.,-1.));
#15011=DIRECTION('',(-1.,0.,0.));
#15012=DIRECTION('',(0.,0.,-1.));
#15013=DIRECTION('',(-1.,0.,0.));
#15014=DIRECTION('',(0.,0.,-1.));
#15015=DIRECTION('',(-1.,0.,0.));
#15016=DIRECTION('',(0.,0.,-1.));
#15017=DIRECTION('',(-1.,0.,0.));
#15018=DIRECTION('',(0.,0.,-1.));
#15019=DIRECTION('',(-1.,0.,0.));
#15020=DIRECTION('',(0.,0.,-1.));
#15021=DIRECTION('',(-1.,0.,0.));
#15022=DIRECTION('',(0.,0.,-1.));
#15023=DIRECTION('',(-1.,0.,0.));
#15024=DIRECTION('',(0.,0.,-1.));
#15025=DIRECTION('',(-1.,0.,0.));
#15026=DIRECTION('',(0.,0.,-1.));
#15027=DIRECTION('',(-1.,0.,0.));
#15028=DIRECTION('',(0.,0.,-1.));
#15029=DIRECTION('',(-1.,0.,0.));
#15030=DIRECTION('',(0.,0.,-1.));
#15031=DIRECTION('',(-1.,0.,0.));
#15032=DIRECTION('',(0.,0.,-1.));
#15033=DIRECTION('',(-1.,0.,0.));
#15034=DIRECTION('',(0.,0.,-1.));
#15035=DIRECTION('',(-1.,0.,0.));
#15036=DIRECTION('',(0.,0.,-1.));
#15037=DIRECTION('',(-1.,0.,0.));
#15038=DIRECTION('',(0.,0.,-1.));
#15039=DIRECTION('',(-1.,0.,0.));
#15040=DIRECTION('',(0.,0.,-1.));
#15041=DIRECTION('',(-1.,0.,0.));
#15042=DIRECTION('',(0.,0.,-1.));
#15043=DIRECTION('',(-1.,0.,0.));
#15044=DIRECTION('',(0.,0.,-1.));
#15045=DIRECTION('',(-1.,0.,0.));
#15046=DIRECTION('',(0.,0.,-1.));
#15047=DIRECTION('',(-1.,0.,0.));
#15048=DIRECTION('',(0.,0.,-1.));
#15049=DIRECTION('',(-1.,0.,0.));
#15050=DIRECTION('',(0.,0.,-1.));
#15051=DIRECTION('',(-1.,0.,0.));
#15052=DIRECTION('',(0.,0.,-1.));
#15053=DIRECTION('',(-1.,0.,0.));
#15054=DIRECTION('',(0.,0.,-1.));
#15055=DIRECTION('',(-1.,0.,0.));
#15056=DIRECTION('',(0.,0.,-1.));
#15057=DIRECTION('',(-1.,0.,0.));
#15058=DIRECTION('',(0.,0.,-1.));
#15059=DIRECTION('',(-1.,0.,0.));
#15060=DIRECTION('',(0.,0.,-1.));
#15061=DIRECTION('',(-1.,0.,0.));
#15062=DIRECTION('',(0.,0.,-1.));
#15063=DIRECTION('',(-1.,0.,0.));
#15064=DIRECTION('',(0.,0.,-1.));
#15065=DIRECTION('',(-1.,0.,0.));
#15066=DIRECTION('',(0.,0.,-1.));
#15067=DIRECTION('',(-1.,0.,0.));
#15068=DIRECTION('',(0.,0.,-1.));
#15069=DIRECTION('',(-1.,0.,0.));
#15070=DIRECTION('',(0.,0.,-1.));
#15071=DIRECTION('',(-1.,0.,0.));
#15072=DIRECTION('',(0.,0.,-1.));
#15073=DIRECTION('',(-1.,0.,0.));
#15074=DIRECTION('',(0.,0.,-1.));
#15075=DIRECTION('',(-1.,0.,0.));
#15076=DIRECTION('',(0.,0.,-1.));
#15077=DIRECTION('',(-1.,0.,0.));
#15078=DIRECTION('',(0.,0.,-1.));
#15079=DIRECTION('',(-1.,0.,0.));
#15080=DIRECTION('',(0.,0.,-1.));
#15081=DIRECTION('',(-1.,0.,0.));
#15082=DIRECTION('',(0.,0.,-1.));
#15083=DIRECTION('',(-1.,0.,0.));
#15084=DIRECTION('',(0.,0.,-1.));
#15085=DIRECTION('',(-1.,0.,0.));
#15086=DIRECTION('',(0.,0.,-1.));
#15087=DIRECTION('',(-1.,0.,0.));
#15088=DIRECTION('',(0.,0.,-1.));
#15089=DIRECTION('',(-1.,-6.42331434666799E-8,0.));
#15090=DIRECTION('',(0.,0.,-1.));
#15091=DIRECTION('',(0.,0.,-1.));
#15092=DIRECTION('',(1.,6.42331441772199E-8,0.));
#15093=DIRECTION('',(0.,0.,-1.));
#15094=DIRECTION('',(-1.,0.,0.));
#15095=DIRECTION('',(0.,1.,0.));
#15096=DIRECTION('',(0.,0.,-1.));
#15097=DIRECTION('',(0.,-1.,0.));
#15098=DIRECTION('',(-1.,0.,0.));
#15099=DIRECTION('',(0.,0.,-1.));
#15100=DIRECTION('',(0.,0.,-1.));
#15101=DIRECTION('',(6.42331427561399E-8,-1.,0.));
#15102=DIRECTION('',(0.,0.,-1.));
#15103=DIRECTION('',(0.,-1.,0.));
#15104=DIRECTION('',(0.,0.,-1.));
#15105=DIRECTION('',(0.,-1.,0.));
#15106=DIRECTION('',(0.,0.,-1.));
#15107=DIRECTION('',(0.,-1.,0.));
#15108=DIRECTION('',(0.,0.,-1.));
#15109=DIRECTION('',(0.,-1.,0.));
#15110=DIRECTION('',(0.,0.,-1.));
#15111=DIRECTION('',(0.,-1.,0.));
#15112=DIRECTION('',(0.,0.,-1.));
#15113=DIRECTION('',(0.,-1.,0.));
#15114=DIRECTION('',(0.,0.,-1.));
#15115=DIRECTION('',(3.5527136788E-14,-1.,0.));
#15116=DIRECTION('',(0.,0.,-1.));
#15117=DIRECTION('',(0.,-1.,0.));
#15118=DIRECTION('',(0.,0.,-1.));
#15119=DIRECTION('',(0.,-1.,0.));
#15120=DIRECTION('',(0.,0.,-1.));
#15121=DIRECTION('',(0.,-1.,0.));
#15122=DIRECTION('',(0.,0.,-1.));
#15123=DIRECTION('',(0.,-1.,0.));
#15124=DIRECTION('',(0.,0.,-1.));
#15125=DIRECTION('',(0.,-1.,0.));
#15126=DIRECTION('',(0.,0.,-1.));
#15127=DIRECTION('',(0.,-1.,0.));
#15128=DIRECTION('',(0.,0.,-1.));
#15129=DIRECTION('',(0.,-1.,0.));
#15130=DIRECTION('',(0.,0.,-1.));
#15131=DIRECTION('',(1.671865260612E-14,-1.,0.));
#15132=DIRECTION('',(0.,0.,-1.));
#15133=DIRECTION('',(0.,-1.,0.));
#15134=DIRECTION('',(0.,0.,-1.));
#15135=DIRECTION('',(0.,-1.,0.));
#15136=DIRECTION('',(0.,0.,-1.));
#15137=DIRECTION('',(0.,-1.,0.));
#15138=DIRECTION('',(0.,0.,-1.));
#15139=DIRECTION('',(0.,-1.,0.));
#15140=DIRECTION('',(0.,0.,-1.));
#15141=DIRECTION('',(0.,-1.,0.));
#15142=DIRECTION('',(0.,0.,-1.));
#15143=DIRECTION('',(3.5527136788E-14,-1.,0.));
#15144=DIRECTION('',(0.,0.,-1.));
#15145=DIRECTION('',(0.,-1.,0.));
#15146=DIRECTION('',(0.,0.,-1.));
#15147=DIRECTION('',(0.,-1.,0.));
#15148=DIRECTION('',(0.,0.,-1.));
#15149=DIRECTION('',(0.,-1.,0.));
#15150=DIRECTION('',(0.,0.,-1.));
#15151=DIRECTION('',(0.,-1.,0.));
#15152=DIRECTION('',(0.,0.,-1.));
#15153=DIRECTION('',(1.671865260612E-14,-1.,0.));
#15154=DIRECTION('',(0.,0.,-1.));
#15155=DIRECTION('',(0.,-1.,0.));
#15156=DIRECTION('',(0.,0.,-1.));
#15157=DIRECTION('',(0.,-1.,0.));
#15158=DIRECTION('',(0.,0.,-1.));
#15159=DIRECTION('',(0.,-1.,0.));
#15160=DIRECTION('',(0.,0.,-1.));
#15161=DIRECTION('',(0.,-1.,0.));
#15162=DIRECTION('',(0.,0.,-1.));
#15163=DIRECTION('',(0.,-1.,0.));
#15164=DIRECTION('',(0.,0.,-1.));
#15165=DIRECTION('',(0.,-1.,0.));
#15166=DIRECTION('',(0.,0.,-1.));
#15167=DIRECTION('',(-3.552713678801E-14,-1.,0.));
#15168=DIRECTION('',(0.,0.,-1.));
#15169=DIRECTION('',(0.,-1.,0.));
#15170=DIRECTION('',(0.,0.,-1.));
#15171=DIRECTION('',(-1.671865260612E-14,-1.,0.));
#15172=DIRECTION('',(0.,0.,-1.));
#15173=DIRECTION('',(0.,-1.,0.));
#15174=DIRECTION('',(0.,0.,-1.));
#15175=DIRECTION('',(0.,-1.,0.));
#15176=DIRECTION('',(0.,0.,-1.));
#15177=DIRECTION('',(0.,-1.,0.));
#15178=DIRECTION('',(0.,0.,-1.));
#15179=DIRECTION('',(0.,-1.,0.));
#15180=DIRECTION('',(0.,0.,-1.));
#15181=DIRECTION('',(0.,-1.,0.));
#15182=DIRECTION('',(0.,0.,-1.));
#15183=DIRECTION('',(0.,-1.,0.));
#15184=DIRECTION('',(0.,0.,-1.));
#15185=DIRECTION('',(0.,-1.,0.));
#15186=DIRECTION('',(0.,0.,-1.));
#15187=DIRECTION('',(0.,-1.,0.));
#15188=DIRECTION('',(0.,0.,-1.));
#15189=DIRECTION('',(-3.552713678801E-14,-1.,0.));
#15190=DIRECTION('',(0.,0.,-1.));
#15191=DIRECTION('',(0.,-1.,0.));
#15192=DIRECTION('',(0.,0.,-1.));
#15193=DIRECTION('',(-1.671865260612E-14,-1.,0.));
#15194=DIRECTION('',(0.,0.,-1.));
#15195=DIRECTION('',(0.,-1.,0.));
#15196=DIRECTION('',(0.,0.,-1.));
#15197=DIRECTION('',(0.,-1.,0.));
#15198=DIRECTION('',(0.,0.,-1.));
#15199=DIRECTION('',(0.,-1.,0.));
#15200=DIRECTION('',(0.,0.,-1.));
#15201=DIRECTION('',(0.,-1.,0.));
#15202=DIRECTION('',(0.,0.,-1.));
#15203=DIRECTION('',(0.,-1.,0.));
#15204=DIRECTION('',(0.,0.,-1.));
#15205=DIRECTION('',(0.,-1.,0.));
#15206=DIRECTION('',(0.,0.,-1.));
#15207=DIRECTION('',(0.,-1.,0.));
#15208=DIRECTION('',(0.,0.,-1.));
#15209=DIRECTION('',(0.,-1.,0.));
#15210=DIRECTION('',(0.,0.,-1.));
#15211=DIRECTION('',(0.,-1.,0.));
#15212=DIRECTION('',(0.,0.,-1.));
#15213=DIRECTION('',(0.,-1.,0.));
#15214=DIRECTION('',(0.,0.,-1.));
#15215=DIRECTION('',(3.5527136788E-14,-1.,0.));
#15216=DIRECTION('',(0.,0.,-1.));
#15217=DIRECTION('',(0.,-1.,0.));
#15218=DIRECTION('',(0.,0.,-1.));
#15219=DIRECTION('',(0.,-1.,0.));
#15220=DIRECTION('',(0.,0.,-1.));
#15221=DIRECTION('',(0.,-1.,0.));
#15222=DIRECTION('',(0.,0.,-1.));
#15223=DIRECTION('',(1.671865260612E-14,-1.,0.));
#15224=DIRECTION('',(0.,0.,-1.));
#15225=DIRECTION('',(0.,-1.,0.));
#15226=DIRECTION('',(0.,0.,-1.));
#15227=DIRECTION('',(0.,-1.,0.));
#15228=DIRECTION('',(0.,0.,-1.));
#15229=DIRECTION('',(0.,-1.,0.));
#15230=DIRECTION('',(0.,0.,-1.));
#15231=DIRECTION('',(0.,-1.,0.));
#15232=DIRECTION('',(0.,0.,-1.));
#15233=DIRECTION('',(0.,-1.,0.));
#15234=DIRECTION('',(0.,0.,-1.));
#15235=DIRECTION('',(0.,-1.,0.));
#15236=DIRECTION('',(0.,0.,-1.));
#15237=DIRECTION('',(0.,-1.,0.));
#15238=DIRECTION('',(0.,0.,-1.));
#15239=DIRECTION('',(0.,-1.,0.));
#15240=DIRECTION('',(0.,0.,-1.));
#15241=DIRECTION('',(0.,-1.,0.));
#15242=DIRECTION('',(0.,0.,-1.));
#15243=DIRECTION('',(0.,-1.,0.));
#15244=DIRECTION('',(0.,0.,-1.));
#15245=DIRECTION('',(0.,-1.,0.));
#15246=DIRECTION('',(0.,0.,-1.));
#15247=DIRECTION('',(0.,-1.,0.));
#15248=DIRECTION('',(0.,0.,-1.));
#15249=DIRECTION('',(-1.671865260612E-14,-1.,0.));
#15250=DIRECTION('',(0.,0.,-1.));
#15251=DIRECTION('',(-3.552713678801E-14,-1.,0.));
#15252=DIRECTION('',(0.,0.,-1.));
#15253=DIRECTION('',(0.,-1.,0.));
#15254=DIRECTION('',(0.,0.,-1.));
#15255=DIRECTION('',(0.,-1.,0.));
#15256=DIRECTION('',(0.,0.,-1.));
#15257=DIRECTION('',(0.,-1.,0.));
#15258=DIRECTION('',(0.,0.,-1.));
#15259=DIRECTION('',(0.,-1.,0.));
#15260=DIRECTION('',(0.,0.,-1.));
#15261=DIRECTION('',(0.,-1.,0.));
#15262=DIRECTION('',(0.,0.,-1.));
#15263=DIRECTION('',(0.,-1.,0.));
#15264=DIRECTION('',(0.,0.,-1.));
#15265=DIRECTION('',(-3.197042680585E-14,-1.,0.));
#15266=DIRECTION('',(0.,0.,-1.));
#15267=DIRECTION('',(-3.197042680585E-14,-1.,0.));
#15268=DIRECTION('',(0.,0.,-1.));
#15269=DIRECTION('',(0.,-1.,0.));
#15270=DIRECTION('',(0.,0.,-1.));
#15271=DIRECTION('',(-3.197042680585E-14,-1.,0.));
#15272=DIRECTION('',(0.,0.,-1.));
#15273=DIRECTION('',(-3.197042680585E-14,-1.,0.));
#15274=DIRECTION('',(0.,0.,-1.));
#15275=DIRECTION('',(-3.197042680585E-14,-1.,0.));
#15276=DIRECTION('',(0.,0.,-1.));
#15277=DIRECTION('',(-3.197042680585E-14,-1.,0.));
#15278=DIRECTION('',(0.,0.,-1.));
#15279=DIRECTION('',(-3.197042680585E-14,-1.,0.));
#15280=DIRECTION('',(0.,0.,-1.));
#15281=DIRECTION('',(0.,-1.,0.));
#15282=DIRECTION('',(0.,0.,-1.));
#15283=DIRECTION('',(0.,-1.,0.));
#15284=DIRECTION('',(0.,0.,1.));
#15285=DIRECTION('',(1.,0.,0.));
#15286=DIRECTION('',(1.,0.,0.));
#15287=DIRECTION('',(0.,9.92044604925E-16,1.));
#15288=DIRECTION('',(1.,0.,0.));
#15289=DIRECTION('',(0.,0.,-1.));
#15290=DIRECTION('',(1.,0.,0.));
#15291=DIRECTION('',(0.,0.,-1.));
#15292=DIRECTION('',(1.,0.,0.));
#15293=DIRECTION('',(0.,1.002044604925E-15,1.));
#15294=DIRECTION('',(1.,0.,0.));
#15295=DIRECTION('',(0.,0.,-1.));
#15296=DIRECTION('',(1.,0.,0.));
#15297=DIRECTION('',(0.,9.92044604925E-16,1.));
#15298=DIRECTION('',(1.,0.,0.));
#15299=DIRECTION('',(0.,0.,-1.));
#15300=DIRECTION('',(1.,0.,0.));
#15301=DIRECTION('',(0.,1.002044604925E-15,1.));
#15302=DIRECTION('',(1.,0.,0.));
#15303=DIRECTION('',(0.,0.,-1.));
#15304=DIRECTION('',(1.,0.,0.));
#15305=DIRECTION('',(0.,1.002044604925E-15,1.));
#15306=DIRECTION('',(-1.,0.,0.));
#15307=DIRECTION('',(0.,0.,1.));
#15308=DIRECTION('',(-1.,0.,0.));
#15309=DIRECTION('',(0.,1.002044604925E-15,1.));
#15310=DIRECTION('',(-1.,0.,0.));
#15311=DIRECTION('',(0.,0.,1.));
#15312=DIRECTION('',(-1.,0.,0.));
#15313=DIRECTION('',(0.,1.002044604925E-15,1.));
#15314=DIRECTION('',(-1.,0.,0.));
#15315=DIRECTION('',(0.,0.,1.));
#15316=DIRECTION('',(1.,0.,0.));
#15317=DIRECTION('',(0.,1.002044604925E-15,1.));
#15318=DIRECTION('',(1.,0.,0.));
#15319=DIRECTION('',(0.,1.002044604925E-15,1.));
#15320=DIRECTION('',(0.,0.,1.));
#15321=DIRECTION('',(1.,0.,0.));
#15322=DIRECTION('',(0.,2.2E-16,1.));
#15323=DIRECTION('',(1.,0.,0.));
#15324=DIRECTION('',(1.22464679914735E-16,-2.2E-16,-1.));
#15325=DIRECTION('',(0.,1.,-2.2E-16));
#15326=DIRECTION('',(0.,2.2E-16,1.));
#15327=DIRECTION('',(0.,-1.,2.2E-16));
#15328=DIRECTION('',(0.,1.,-2.2E-16));
#15329=DIRECTION('',(1.,0.,0.));
#15330=DIRECTION('',(-1.,-4.04133443718627E-32,-1.83697019872103E-16));
#15331=DIRECTION('',(-1.83697019872103E-16,0.,1.));
#15332=DIRECTION('',(1.,0.,0.));
#15333=DIRECTION('',(0.,-2.2E-16,-1.));
#15334=DIRECTION('',(-1.,-4.04133443718627E-32,-1.83697019872103E-16));
#15335=DIRECTION('',(-1.83697019872103E-16,0.,1.));
#15336=DIRECTION('',(0.,1.,-2.2E-16));
#15337=DIRECTION('',(1.,0.,0.));
#15338=DIRECTION('',(0.,2.2E-16,1.));
#15339=DIRECTION('',(0.,-1.,2.2E-16));
#15340=DIRECTION('',(0.,-2.2E-16,-1.));
#15341=DIRECTION('',(-1.,0.,0.));
#15342=DIRECTION('',(0.,-2.2E-16,-1.));
#15343=DIRECTION('',(0.,1.,-2.2E-16));
#15344=DIRECTION('',(0.,0.,-1.));
#15345=DIRECTION('',(-1.,0.,0.));
#15346=DIRECTION('',(0.,0.,1.));
#15347=DIRECTION('',(1.,0.,0.));
#15348=DIRECTION('',(0.,0.,1.));
#15349=DIRECTION('',(1.,0.,0.));
#15350=DIRECTION('',(1.,0.,0.));
#15351=DIRECTION('',(0.,9.92044604925E-16,1.));
#15352=DIRECTION('',(1.,0.,0.));
#15353=DIRECTION('',(0.,0.,-1.));
#15354=DIRECTION('',(1.,0.,0.));
#15355=DIRECTION('',(0.,0.,-1.));
#15356=DIRECTION('',(1.,0.,0.));
#15357=DIRECTION('',(0.,1.002044604925E-15,1.));
#15358=DIRECTION('',(1.,0.,0.));
#15359=DIRECTION('',(0.,0.,-1.));
#15360=DIRECTION('',(1.,0.,0.));
#15361=DIRECTION('',(0.,9.92044604925E-16,1.));
#15362=DIRECTION('',(1.,0.,0.));
#15363=DIRECTION('',(0.,0.,-1.));
#15364=DIRECTION('',(1.,0.,0.));
#15365=DIRECTION('',(0.,1.002044604925E-15,1.));
#15366=DIRECTION('',(1.,0.,0.));
#15367=DIRECTION('',(0.,0.,-1.));
#15368=DIRECTION('',(1.,0.,0.));
#15369=DIRECTION('',(0.,1.002044604925E-15,1.));
#15370=DIRECTION('',(-1.,0.,0.));
#15371=DIRECTION('',(0.,0.,1.));
#15372=DIRECTION('',(-1.,0.,0.));
#15373=DIRECTION('',(0.,1.002044604925E-15,1.));
#15374=DIRECTION('',(-1.,0.,0.));
#15375=DIRECTION('',(0.,0.,1.));
#15376=DIRECTION('',(-1.,0.,0.));
#15377=DIRECTION('',(0.,1.002044604925E-15,1.));
#15378=DIRECTION('',(-1.,0.,0.));
#15379=DIRECTION('',(0.,0.,1.));
#15380=DIRECTION('',(1.,0.,0.));
#15381=DIRECTION('',(0.,1.002044604925E-15,1.));
#15382=DIRECTION('',(1.,0.,0.));
#15383=DIRECTION('',(0.,1.002044604925E-15,1.));
#15384=DIRECTION('',(0.,0.,1.));
#15385=DIRECTION('',(1.,0.,0.));
#15386=DIRECTION('',(0.,2.2E-16,1.));
#15387=DIRECTION('',(1.,0.,0.));
#15388=DIRECTION('',(1.22464679914735E-16,-2.2E-16,-1.));
#15389=DIRECTION('',(0.,1.,-2.2E-16));
#15390=DIRECTION('',(0.,2.2E-16,1.));
#15391=DIRECTION('',(0.,-1.,2.2E-16));
#15392=DIRECTION('',(0.,1.,-2.2E-16));
#15393=DIRECTION('',(1.,0.,0.));
#15394=DIRECTION('',(-1.,-4.04133443718627E-32,-1.83697019872103E-16));
#15395=DIRECTION('',(-1.83697019872103E-16,0.,1.));
#15396=DIRECTION('',(1.,0.,0.));
#15397=DIRECTION('',(0.,-2.2E-16,-1.));
#15398=DIRECTION('',(-1.,-4.04133443718627E-32,-1.83697019872103E-16));
#15399=DIRECTION('',(-1.83697019872103E-16,0.,1.));
#15400=DIRECTION('',(0.,1.,-2.2E-16));
#15401=DIRECTION('',(1.,0.,0.));
#15402=DIRECTION('',(0.,2.2E-16,1.));
#15403=DIRECTION('',(0.,-1.,2.2E-16));
#15404=DIRECTION('',(0.,-2.2E-16,-1.));
#15405=DIRECTION('',(-1.,0.,0.));
#15406=DIRECTION('',(0.,-2.2E-16,-1.));
#15407=DIRECTION('',(0.,1.,-2.2E-16));
#15408=DIRECTION('',(0.,0.,-1.));
#15409=DIRECTION('',(-1.,0.,0.));
#15410=DIRECTION('',(0.,0.,1.));
#15411=DIRECTION('',(1.,0.,0.));
#15412=DIRECTION('',(0.,0.,1.));
#15413=DIRECTION('',(1.,0.,0.));
#15414=DIRECTION('',(0.,2.2E-16,1.));
#15415=DIRECTION('',(1.,0.,0.));
#15416=DIRECTION('',(1.22464679914735E-16,-2.2E-16,-1.));
#15417=DIRECTION('',(0.,1.,-2.2E-16));
#15418=DIRECTION('',(0.,2.2E-16,1.));
#15419=DIRECTION('',(0.,-1.,2.2E-16));
#15420=DIRECTION('',(0.,1.,-2.2E-16));
#15421=DIRECTION('',(1.,0.,0.));
#15422=DIRECTION('',(-1.,-4.04133443718627E-32,-1.83697019872103E-16));
#15423=DIRECTION('',(-1.83697019872103E-16,0.,1.));
#15424=DIRECTION('',(1.,0.,0.));
#15425=DIRECTION('',(0.,-2.2E-16,-1.));
#15426=DIRECTION('',(-1.,-4.04133443718627E-32,-1.83697019872103E-16));
#15427=DIRECTION('',(-1.83697019872103E-16,0.,1.));
#15428=DIRECTION('',(0.,1.,-2.2E-16));
#15429=DIRECTION('',(1.,0.,0.));
#15430=DIRECTION('',(0.,2.2E-16,1.));
#15431=DIRECTION('',(0.,-1.,2.2E-16));
#15432=DIRECTION('',(0.,-2.2E-16,-1.));
#15433=DIRECTION('',(-1.,0.,0.));
#15434=DIRECTION('',(0.,-2.2E-16,-1.));
#15435=DIRECTION('',(0.,1.,-2.2E-16));
#15436=DIRECTION('',(0.,0.,-1.));
#15437=DIRECTION('',(-1.,0.,0.));
#15438=DIRECTION('',(0.,0.,1.));
#15439=DIRECTION('',(1.,0.,0.));
#15440=DIRECTION('',(0.,0.,1.));
#15441=DIRECTION('',(1.,0.,0.));
#15442=DIRECTION('',(1.,0.,0.));
#15443=DIRECTION('',(0.,9.92044604925E-16,1.));
#15444=DIRECTION('',(1.,0.,0.));
#15445=DIRECTION('',(0.,0.,-1.));
#15446=DIRECTION('',(1.,0.,0.));
#15447=DIRECTION('',(0.,0.,-1.));
#15448=DIRECTION('',(1.,0.,0.));
#15449=DIRECTION('',(0.,1.002044604925E-15,1.));
#15450=DIRECTION('',(1.,0.,0.));
#15451=DIRECTION('',(0.,0.,-1.));
#15452=DIRECTION('',(1.,0.,0.));
#15453=DIRECTION('',(0.,9.92044604925E-16,1.));
#15454=DIRECTION('',(1.,0.,0.));
#15455=DIRECTION('',(0.,0.,-1.));
#15456=DIRECTION('',(1.,0.,0.));
#15457=DIRECTION('',(0.,1.002044604925E-15,1.));
#15458=DIRECTION('',(1.,0.,0.));
#15459=DIRECTION('',(0.,0.,-1.));
#15460=DIRECTION('',(1.,0.,0.));
#15461=DIRECTION('',(0.,1.002044604925E-15,1.));
#15462=DIRECTION('',(-1.,0.,0.));
#15463=DIRECTION('',(0.,0.,1.));
#15464=DIRECTION('',(-1.,0.,0.));
#15465=DIRECTION('',(0.,1.002044604925E-15,1.));
#15466=DIRECTION('',(-1.,0.,0.));
#15467=DIRECTION('',(0.,0.,1.));
#15468=DIRECTION('',(-1.,0.,0.));
#15469=DIRECTION('',(0.,1.002044604925E-15,1.));
#15470=DIRECTION('',(-1.,0.,0.));
#15471=DIRECTION('',(0.,0.,1.));
#15472=DIRECTION('',(1.,0.,0.));
#15473=DIRECTION('',(0.,1.002044604925E-15,1.));
#15474=DIRECTION('',(1.,0.,0.));
#15475=DIRECTION('',(0.,1.002044604925E-15,1.));
#15476=DIRECTION('',(0.,0.,1.));
#15477=DIRECTION('',(1.,0.,0.));
#15478=DIRECTION('',(0.,0.,-1.));
#15479=DIRECTION('',(1.,0.,0.));
#15480=DIRECTION('',(-8.559688641721E-35,6.014522413226E-35,1.));
#15481=DIRECTION('',(1.,0.,8.559688641721E-35));
#15482=DIRECTION('',(0.,0.,-1.));
#15483=DIRECTION('',(-1.,0.,0.));
#15484=DIRECTION('',(8.559688641721E-35,-6.014522413226E-35,-1.));
#15485=DIRECTION('',(1.,6.690258951221E-52,8.559688641721E-35));
#15486=DIRECTION('',(8.559688641721E-35,-6.014522413226E-35,-1.));
#15487=DIRECTION('',(-1.,0.,-8.559688641721E-35));
#15488=DIRECTION('',(-8.559688641721E-35,6.014522413226E-35,1.));
#15489=DIRECTION('',(1.,8.259101077374E-51,8.559688641721E-35));
#15490=DIRECTION('',(-8.559688641721E-35,6.014522413226E-35,1.));
#15491=DIRECTION('',(1.,0.,8.559688641721E-35));
#15492=DIRECTION('',(-8.559688641721E-35,6.014522413226E-35,1.));
#15493=DIRECTION('',(1.,0.,8.559688641721E-35));
#15494=DIRECTION('',(0.,0.,1.));
#15495=DIRECTION('',(1.,0.,0.));
#15496=DIRECTION('',(0.,0.,1.));
#15497=DIRECTION('',(1.,0.,0.));
#15498=DIRECTION('',(-8.559688641721E-35,6.014522413226E-35,1.));
#15499=DIRECTION('',(1.,0.,8.559688641721E-35));
#15500=DIRECTION('',(0.,0.,-1.));
#15501=DIRECTION('',(-1.,0.,0.));
#15502=DIRECTION('',(0.,0.,1.));
#15503=DIRECTION('',(1.,0.,0.));
#15504=DIRECTION('',(0.,0.,1.));
#15505=DIRECTION('',(1.,0.,0.));
#15506=DIRECTION('',(0.,0.,1.));
#15507=DIRECTION('',(1.,0.,0.));
#15508=DIRECTION('',(0.,0.,1.));
#15509=DIRECTION('',(1.,0.,0.));
#15510=DIRECTION('',(0.,0.,-1.));
#15511=DIRECTION('',(1.,0.,0.));
#15512=DIRECTION('',(0.,0.,-1.));
#15513=DIRECTION('',(-1.,0.,0.));
#15514=DIRECTION('',(0.,0.,-1.));
#15515=DIRECTION('',(1.,0.,0.));
#15516=DIRECTION('',(0.,0.,-1.));
#15517=DIRECTION('',(-1.,0.,0.));
#15518=DIRECTION('',(1.19708830782E-30,-3.357113761597E-32,-1.));
#15519=DIRECTION('',(1.,3.013010401886E-31,1.19708830782E-30));
#15520=DIRECTION('',(1.19708830782E-30,-3.357113761597E-32,-1.));
#15521=DIRECTION('',(-1.,0.,-1.19708830782E-30));
#15522=DIRECTION('',(-4.930380657631E-31,-1.632186346944E-32,1.));
#15523=DIRECTION('',(1.,0.,4.930380657631E-31));
#15524=DIRECTION('',(0.,0.,1.));
#15525=DIRECTION('',(1.,0.,0.));
#15526=DIRECTION('',(-1.19708830782E-30,3.357113761597E-32,1.));
#15527=DIRECTION('',(1.,0.,1.19708830782E-30));
#15528=DIRECTION('',(0.,0.,1.));
#15529=DIRECTION('',(1.,0.,0.));
#15530=DIRECTION('',(1.,0.,0.));
#15531=DIRECTION('',(0.,9.92044604925E-16,1.));
#15532=DIRECTION('',(1.,0.,0.));
#15533=DIRECTION('',(0.,0.,-1.));
#15534=DIRECTION('',(1.,0.,0.));
#15535=DIRECTION('',(0.,0.,-1.));
#15536=DIRECTION('',(1.,0.,0.));
#15537=DIRECTION('',(0.,1.002044604925E-15,1.));
#15538=DIRECTION('',(1.,0.,0.));
#15539=DIRECTION('',(0.,0.,-1.));
#15540=DIRECTION('',(1.,0.,0.));
#15541=DIRECTION('',(0.,9.92044604925E-16,1.));
#15542=DIRECTION('',(1.,0.,0.));
#15543=DIRECTION('',(0.,0.,-1.));
#15544=DIRECTION('',(1.,0.,0.));
#15545=DIRECTION('',(0.,1.002044604925E-15,1.));
#15546=DIRECTION('',(1.,0.,0.));
#15547=DIRECTION('',(0.,0.,-1.));
#15548=DIRECTION('',(1.,0.,0.));
#15549=DIRECTION('',(0.,1.002044604925E-15,1.));
#15550=DIRECTION('',(-1.,0.,0.));
#15551=DIRECTION('',(0.,0.,1.));
#15552=DIRECTION('',(-1.,0.,0.));
#15553=DIRECTION('',(0.,1.002044604925E-15,1.));
#15554=DIRECTION('',(-1.,0.,0.));
#15555=DIRECTION('',(0.,0.,1.));
#15556=DIRECTION('',(-1.,0.,0.));
#15557=DIRECTION('',(0.,1.002044604925E-15,1.));
#15558=DIRECTION('',(-1.,0.,0.));
#15559=DIRECTION('',(0.,0.,1.));
#15560=DIRECTION('',(1.,0.,0.));
#15561=DIRECTION('',(0.,1.002044604925E-15,1.));
#15562=DIRECTION('',(1.,0.,0.));
#15563=DIRECTION('',(0.,1.002044604925E-15,1.));
#15564=DIRECTION('',(0.,0.,1.));
#15565=DIRECTION('',(1.,0.,0.));
#15566=DIRECTION('',(1.,0.,0.));
#15567=DIRECTION('',(0.,9.92044604925E-16,1.));
#15568=DIRECTION('',(1.,0.,0.));
#15569=DIRECTION('',(0.,0.,-1.));
#15570=DIRECTION('',(1.,0.,0.));
#15571=DIRECTION('',(0.,0.,-1.));
#15572=DIRECTION('',(1.,0.,0.));
#15573=DIRECTION('',(0.,1.002044604925E-15,1.));
#15574=DIRECTION('',(1.,0.,0.));
#15575=DIRECTION('',(0.,0.,-1.));
#15576=DIRECTION('',(1.,0.,0.));
#15577=DIRECTION('',(0.,9.92044604925E-16,1.));
#15578=DIRECTION('',(1.,0.,0.));
#15579=DIRECTION('',(0.,0.,-1.));
#15580=DIRECTION('',(1.,0.,0.));
#15581=DIRECTION('',(0.,1.002044604925E-15,1.));
#15582=DIRECTION('',(1.,0.,0.));
#15583=DIRECTION('',(0.,0.,-1.));
#15584=DIRECTION('',(1.,0.,0.));
#15585=DIRECTION('',(0.,1.002044604925E-15,1.));
#15586=DIRECTION('',(-1.,0.,0.));
#15587=DIRECTION('',(0.,0.,1.));
#15588=DIRECTION('',(-1.,0.,0.));
#15589=DIRECTION('',(0.,1.002044604925E-15,1.));
#15590=DIRECTION('',(-1.,0.,0.));
#15591=DIRECTION('',(0.,0.,1.));
#15592=DIRECTION('',(-1.,0.,0.));
#15593=DIRECTION('',(0.,1.002044604925E-15,1.));
#15594=DIRECTION('',(-1.,0.,0.));
#15595=DIRECTION('',(0.,0.,1.));
#15596=DIRECTION('',(1.,0.,0.));
#15597=DIRECTION('',(0.,1.002044604925E-15,1.));
#15598=DIRECTION('',(1.,0.,0.));
#15599=DIRECTION('',(0.,1.002044604925E-15,1.));
#15600=DIRECTION('',(0.,0.,1.));
#15601=DIRECTION('',(1.,0.,0.));
#15602=DIRECTION('',(1.,0.,0.));
#15603=DIRECTION('',(0.,9.92044604925E-16,1.));
#15604=DIRECTION('',(1.,0.,0.));
#15605=DIRECTION('',(0.,0.,-1.));
#15606=DIRECTION('',(1.,0.,0.));
#15607=DIRECTION('',(0.,0.,-1.));
#15608=DIRECTION('',(1.,0.,0.));
#15609=DIRECTION('',(0.,1.002044604925E-15,1.));
#15610=DIRECTION('',(1.,0.,0.));
#15611=DIRECTION('',(0.,0.,-1.));
#15612=DIRECTION('',(1.,0.,0.));
#15613=DIRECTION('',(0.,9.92044604925E-16,1.));
#15614=DIRECTION('',(1.,0.,0.));
#15615=DIRECTION('',(0.,0.,-1.));
#15616=DIRECTION('',(1.,0.,0.));
#15617=DIRECTION('',(0.,1.002044604925E-15,1.));
#15618=DIRECTION('',(1.,0.,0.));
#15619=DIRECTION('',(0.,0.,-1.));
#15620=DIRECTION('',(1.,0.,0.));
#15621=DIRECTION('',(0.,1.002044604925E-15,1.));
#15622=DIRECTION('',(-1.,0.,0.));
#15623=DIRECTION('',(0.,0.,1.));
#15624=DIRECTION('',(-1.,0.,0.));
#15625=DIRECTION('',(0.,1.002044604925E-15,1.));
#15626=DIRECTION('',(-1.,0.,0.));
#15627=DIRECTION('',(0.,0.,1.));
#15628=DIRECTION('',(-1.,0.,0.));
#15629=DIRECTION('',(0.,1.002044604925E-15,1.));
#15630=DIRECTION('',(-1.,0.,0.));
#15631=DIRECTION('',(0.,0.,1.));
#15632=DIRECTION('',(1.,0.,0.));
#15633=DIRECTION('',(0.,1.002044604925E-15,1.));
#15634=DIRECTION('',(1.,0.,0.));
#15635=DIRECTION('',(0.,1.002044604925E-15,1.));
#15636=DIRECTION('',(0.,0.,1.));
#15637=DIRECTION('',(1.,0.,0.));
#15638=DIRECTION('',(0.,2.2E-16,1.));
#15639=DIRECTION('',(1.,0.,0.));
#15640=DIRECTION('',(1.22464679914735E-16,-2.2E-16,-1.));
#15641=DIRECTION('',(0.,1.,-2.2E-16));
#15642=DIRECTION('',(0.,2.2E-16,1.));
#15643=DIRECTION('',(0.,-1.,2.2E-16));
#15644=DIRECTION('',(0.,1.,-2.2E-16));
#15645=DIRECTION('',(1.,0.,0.));
#15646=DIRECTION('',(-1.,-4.04133443718627E-32,-1.83697019872103E-16));
#15647=DIRECTION('',(-1.83697019872103E-16,0.,1.));
#15648=DIRECTION('',(1.,0.,0.));
#15649=DIRECTION('',(0.,-2.2E-16,-1.));
#15650=DIRECTION('',(-1.,-4.04133443718627E-32,-1.83697019872103E-16));
#15651=DIRECTION('',(-1.83697019872103E-16,0.,1.));
#15652=DIRECTION('',(0.,1.,-2.2E-16));
#15653=DIRECTION('',(1.,0.,0.));
#15654=DIRECTION('',(0.,2.2E-16,1.));
#15655=DIRECTION('',(0.,-1.,2.2E-16));
#15656=DIRECTION('',(0.,-2.2E-16,-1.));
#15657=DIRECTION('',(-1.,0.,0.));
#15658=DIRECTION('',(0.,-2.2E-16,-1.));
#15659=DIRECTION('',(0.,1.,-2.2E-16));
#15660=DIRECTION('',(0.,0.,-1.));
#15661=DIRECTION('',(-1.,0.,0.));
#15662=DIRECTION('',(0.,0.,1.));
#15663=DIRECTION('',(1.,0.,0.));
#15664=DIRECTION('',(0.,0.,1.));
#15665=DIRECTION('',(1.,0.,0.));
#15666=DIRECTION('',(1.,0.,0.));
#15667=DIRECTION('',(0.,9.92044604925E-16,1.));
#15668=DIRECTION('',(1.,0.,0.));
#15669=DIRECTION('',(0.,0.,-1.));
#15670=DIRECTION('',(1.,0.,0.));
#15671=DIRECTION('',(0.,0.,-1.));
#15672=DIRECTION('',(1.,0.,0.));
#15673=DIRECTION('',(0.,1.002044604925E-15,1.));
#15674=DIRECTION('',(1.,0.,0.));
#15675=DIRECTION('',(0.,0.,-1.));
#15676=DIRECTION('',(1.,0.,0.));
#15677=DIRECTION('',(0.,9.92044604925E-16,1.));
#15678=DIRECTION('',(1.,0.,0.));
#15679=DIRECTION('',(0.,0.,-1.));
#15680=DIRECTION('',(1.,0.,0.));
#15681=DIRECTION('',(0.,1.002044604925E-15,1.));
#15682=DIRECTION('',(1.,0.,0.));
#15683=DIRECTION('',(0.,0.,-1.));
#15684=DIRECTION('',(1.,0.,0.));
#15685=DIRECTION('',(0.,1.002044604925E-15,1.));
#15686=DIRECTION('',(-1.,0.,0.));
#15687=DIRECTION('',(0.,0.,1.));
#15688=DIRECTION('',(-1.,0.,0.));
#15689=DIRECTION('',(0.,1.002044604925E-15,1.));
#15690=DIRECTION('',(-1.,0.,0.));
#15691=DIRECTION('',(0.,0.,1.));
#15692=DIRECTION('',(-1.,0.,0.));
#15693=DIRECTION('',(0.,1.002044604925E-15,1.));
#15694=DIRECTION('',(-1.,0.,0.));
#15695=DIRECTION('',(0.,0.,1.));
#15696=DIRECTION('',(1.,0.,0.));
#15697=DIRECTION('',(0.,1.002044604925E-15,1.));
#15698=DIRECTION('',(1.,0.,0.));
#15699=DIRECTION('',(0.,1.002044604925E-15,1.));
#15700=DIRECTION('',(0.,0.,1.));
#15701=DIRECTION('',(1.,0.,0.));
#15702=DIRECTION('',(0.,2.2E-16,1.));
#15703=DIRECTION('',(1.,0.,0.));
#15704=DIRECTION('',(1.22464679914735E-16,-2.2E-16,-1.));
#15705=DIRECTION('',(0.,1.,-2.2E-16));
#15706=DIRECTION('',(0.,2.2E-16,1.));
#15707=DIRECTION('',(0.,-1.,2.2E-16));
#15708=DIRECTION('',(0.,1.,-2.2E-16));
#15709=DIRECTION('',(1.,0.,0.));
#15710=DIRECTION('',(-1.,-4.04133443718627E-32,-1.83697019872103E-16));
#15711=DIRECTION('',(-1.83697019872103E-16,0.,1.));
#15712=DIRECTION('',(1.,0.,0.));
#15713=DIRECTION('',(0.,-2.2E-16,-1.));
#15714=DIRECTION('',(-1.,-4.04133443718627E-32,-1.83697019872103E-16));
#15715=DIRECTION('',(-1.83697019872103E-16,0.,1.));
#15716=DIRECTION('',(0.,1.,-2.2E-16));
#15717=DIRECTION('',(1.,0.,0.));
#15718=DIRECTION('',(0.,2.2E-16,1.));
#15719=DIRECTION('',(0.,-1.,2.2E-16));
#15720=DIRECTION('',(0.,-2.2E-16,-1.));
#15721=DIRECTION('',(-1.,0.,0.));
#15722=DIRECTION('',(0.,-2.2E-16,-1.));
#15723=DIRECTION('',(0.,1.,-2.2E-16));
#15724=DIRECTION('',(0.,0.,-1.));
#15725=DIRECTION('',(-1.,0.,0.));
#15726=DIRECTION('',(0.,0.,1.));
#15727=DIRECTION('',(1.,0.,0.));
#15728=DIRECTION('',(0.,0.,1.));
#15729=DIRECTION('',(1.,0.,0.));
#15730=DIRECTION('',(0.,2.2E-16,1.));
#15731=DIRECTION('',(1.,0.,0.));
#15732=DIRECTION('',(1.22464679914735E-16,-2.2E-16,-1.));
#15733=DIRECTION('',(0.,1.,-2.2E-16));
#15734=DIRECTION('',(0.,2.2E-16,1.));
#15735=DIRECTION('',(0.,-1.,2.2E-16));
#15736=DIRECTION('',(0.,1.,-2.2E-16));
#15737=DIRECTION('',(1.,0.,0.));
#15738=DIRECTION('',(-1.,-4.04133443718627E-32,-1.83697019872103E-16));
#15739=DIRECTION('',(-1.83697019872103E-16,0.,1.));
#15740=DIRECTION('',(1.,0.,0.));
#15741=DIRECTION('',(0.,-2.2E-16,-1.));
#15742=DIRECTION('',(-1.,-4.04133443718627E-32,-1.83697019872103E-16));
#15743=DIRECTION('',(-1.83697019872103E-16,0.,1.));
#15744=DIRECTION('',(0.,1.,-2.2E-16));
#15745=DIRECTION('',(1.,0.,0.));
#15746=DIRECTION('',(0.,2.2E-16,1.));
#15747=DIRECTION('',(0.,-1.,2.2E-16));
#15748=DIRECTION('',(0.,-2.2E-16,-1.));
#15749=DIRECTION('',(-1.,0.,0.));
#15750=DIRECTION('',(0.,-2.2E-16,-1.));
#15751=DIRECTION('',(0.,1.,-2.2E-16));
#15752=DIRECTION('',(0.,0.,-1.));
#15753=DIRECTION('',(-1.,0.,0.));
#15754=DIRECTION('',(0.,0.,1.));
#15755=DIRECTION('',(1.,0.,0.));
#15756=DIRECTION('',(0.,0.,1.));
#15757=DIRECTION('',(1.,0.,0.));
#15758=DIRECTION('',(0.,0.,1.));
#15759=DIRECTION('',(1.,0.,0.));
#15760=DIRECTION('',(0.,0.,1.));
#15761=DIRECTION('',(1.,0.,0.));
#15762=CARTESIAN_POINT('',(0.,0.,0.));
#15763=CARTESIAN_POINT('',(-0.0078,-0.0078,0.));
#15764=CARTESIAN_POINT('',(-0.0078,-0.0078,0.005));
#15765=CARTESIAN_POINT('',(-0.0078,-0.0078,0.005));
#15766=CARTESIAN_POINT('',(-0.0078,0.0078,0.005));
#15767=CARTESIAN_POINT('',(-0.0078,0.0078,0.));
#15768=CARTESIAN_POINT('',(-0.0078,0.0078,0.));
#15769=CARTESIAN_POINT('',(-0.0078,-0.0078,0.));
#15770=CARTESIAN_POINT('',(-0.0078,-0.0078,0.));
#15771=CARTESIAN_POINT('',(-0.0078,-0.0078,0.));
#15772=CARTESIAN_POINT('',(-0.0078,-0.0078,0.));
#15773=CARTESIAN_POINT('',(0.0078,-0.0078,0.));
#15774=CARTESIAN_POINT('',(0.0078,-0.0078,0.));
#15775=CARTESIAN_POINT('',(0.0078,-0.0078,0.005));
#15776=CARTESIAN_POINT('',(-0.0078,-0.0078,0.005));
#15777=CARTESIAN_POINT('',(-0.0078,-0.0078,0.));
#15778=CARTESIAN_POINT('',(-0.0078,-0.0078,0.005));
#15779=CARTESIAN_POINT('',(0.0078,-0.0078,0.005));
#15780=CARTESIAN_POINT('',(0.0078,0.0078,0.005));
#15781=CARTESIAN_POINT('',(-0.0078,0.0078,0.005));
#15782=CARTESIAN_POINT('',(-0.007,-0.0078,0.005));
#15783=CARTESIAN_POINT('',(-0.007,-0.007,0.005));
#15784=CARTESIAN_POINT('',(-0.007,0.007,0.005));
#15785=CARTESIAN_POINT('',(-0.0078,0.007,0.005));
#15786=CARTESIAN_POINT('',(0.007,0.007,0.005));
#15787=CARTESIAN_POINT('',(0.007,-0.007,0.005));
#15788=CARTESIAN_POINT('',(0.007,-0.007,0.005));
#15789=CARTESIAN_POINT('',(-0.007,-0.007,0.005));
#15790=CARTESIAN_POINT('',(-0.0078,0.0078,0.));
#15791=CARTESIAN_POINT('',(-0.0078,0.0078,0.));
#15792=CARTESIAN_POINT('',(0.0078,0.0078,0.));
#15793=CARTESIAN_POINT('',(0.0078,0.0078,0.));
#15794=CARTESIAN_POINT('',(-0.0078,-0.0078,0.));
#15795=CARTESIAN_POINT('',(0.0078,-0.0078,0.));
#15796=CARTESIAN_POINT('',(0.,0.,0.));
#15797=CARTESIAN_POINT('',(0.002,0.,0.));
#15798=CARTESIAN_POINT('',(0.0078,-0.0078,0.));
#15799=CARTESIAN_POINT('',(-0.007,-0.007,0.005));
#15800=CARTESIAN_POINT('',(-0.007,-0.007,0.0116));
#15801=CARTESIAN_POINT('',(-0.007,-0.007,0.0116));
#15802=CARTESIAN_POINT('',(-0.007,0.007,0.0116));
#15803=CARTESIAN_POINT('',(-0.007,0.007,0.005));
#15804=CARTESIAN_POINT('',(-0.007,-0.007,0.005));
#15805=CARTESIAN_POINT('',(-0.007,-0.007,0.005));
#15806=CARTESIAN_POINT('',(0.007,-0.007,0.005));
#15807=CARTESIAN_POINT('',(0.007,-0.007,0.0116));
#15808=CARTESIAN_POINT('',(-0.007,-0.007,0.0116));
#15809=CARTESIAN_POINT('',(0.007,-0.007,0.005));
#15810=CARTESIAN_POINT('',(0.007,0.007,0.005));
#15811=CARTESIAN_POINT('',(0.007,0.007,0.0116));
#15812=CARTESIAN_POINT('',(0.007,-0.007,0.0116));
#15813=CARTESIAN_POINT('',(-0.007,0.007,0.005));
#15814=CARTESIAN_POINT('',(-0.007,0.007,0.0116));
#15815=CARTESIAN_POINT('',(0.,0.,0.));
#15816=CARTESIAN_POINT('',(0.,0.,-0.0033));
#15817=CARTESIAN_POINT('',(0.002,0.,-0.0033));
#15818=CARTESIAN_POINT('',(-0.007,-0.007,0.0116));
#15819=CARTESIAN_POINT('',(-0.00205,-0.007,0.0116));
#15820=CARTESIAN_POINT('',(-0.00205,-0.00065,0.0116));
#15821=CARTESIAN_POINT('',(-0.00205,0.00065,0.0116));
#15822=CARTESIAN_POINT('',(-0.007,0.00065,0.0116));
#15823=CARTESIAN_POINT('',(-0.00065,0.00065,0.0116));
#15824=CARTESIAN_POINT('',(-0.00065,-0.007,0.0116));
#15825=CARTESIAN_POINT('',(-0.00065,0.00205,0.0116));
#15826=CARTESIAN_POINT('',(-0.007,0.00205,0.0116));
#15827=CARTESIAN_POINT('',(0.00065,0.00205,0.0116));
#15828=CARTESIAN_POINT('',(0.00065,-0.00205,0.0116));
#15829=CARTESIAN_POINT('',(0.00065,0.00065,0.0116));
#15830=CARTESIAN_POINT('',(-0.007,0.00065,0.0116));
#15831=CARTESIAN_POINT('',(0.00205,0.00065,0.0116));
#15832=CARTESIAN_POINT('',(0.00205,-0.00065,0.0116));
#15833=CARTESIAN_POINT('',(0.00205,-0.00065,0.0116));
#15834=CARTESIAN_POINT('',(-0.00205,-0.00065,0.0116));
#15835=CARTESIAN_POINT('',(0.00065,-0.00065,0.0116));
#15836=CARTESIAN_POINT('',(0.00065,-0.00205,0.0116));
#15837=CARTESIAN_POINT('',(0.00065,-0.00205,0.0116));
#15838=CARTESIAN_POINT('',(-0.00065,-0.00205,0.0116));
#15839=CARTESIAN_POINT('',(-0.00065,-0.00205,0.0116));
#15840=CARTESIAN_POINT('',(-0.00065,-0.007,0.0116));
#15841=CARTESIAN_POINT('',(-0.00065,-0.00065,0.0116));
#15842=CARTESIAN_POINT('',(-0.00205,-0.00065,0.0116));
#15843=CARTESIAN_POINT('',(-1.281975124256E-19,3.821888340557E-21,-0.0033));
#15844=CARTESIAN_POINT('',(-0.00205,-0.00065,0.0116));
#15845=CARTESIAN_POINT('',(-0.00205,-0.00065,0.0152));
#15846=CARTESIAN_POINT('',(-0.00205,-0.00065,0.0152));
#15847=CARTESIAN_POINT('',(-0.00205,0.00065,0.0152));
#15848=CARTESIAN_POINT('',(-0.00205,0.00065,0.0116));
#15849=CARTESIAN_POINT('',(-0.00205,-0.00065,0.0116));
#15850=CARTESIAN_POINT('',(-0.00205,-0.00065,0.0116));
#15851=CARTESIAN_POINT('',(-0.00065,-0.00065,0.0116));
#15852=CARTESIAN_POINT('',(-0.00065,-0.00065,0.0152));
#15853=CARTESIAN_POINT('',(-0.00205,-0.00065,0.0152));
#15854=CARTESIAN_POINT('',(-0.00065,-0.00205,0.0116));
#15855=CARTESIAN_POINT('',(-0.00065,-0.00205,0.0116));
#15856=CARTESIAN_POINT('',(-0.00065,-0.00205,0.0152));
#15857=CARTESIAN_POINT('',(-0.00065,-0.00205,0.0152));
#15858=CARTESIAN_POINT('',(-0.00065,-0.00205,0.0116));
#15859=CARTESIAN_POINT('',(0.00065,-0.00205,0.0116));
#15860=CARTESIAN_POINT('',(0.00065,-0.00205,0.0152));
#15861=CARTESIAN_POINT('',(-0.00205,-0.00205,0.0152));
#15862=CARTESIAN_POINT('',(0.00065,-0.00205,0.0116));
#15863=CARTESIAN_POINT('',(0.00065,-0.00065,0.0152));
#15864=CARTESIAN_POINT('',(0.00065,-0.00065,0.0152));
#15865=CARTESIAN_POINT('',(0.00065,-0.00065,0.0116));
#15866=CARTESIAN_POINT('',(-0.00205,-0.00065,0.0116));
#15867=CARTESIAN_POINT('',(0.00205,-0.00065,0.0116));
#15868=CARTESIAN_POINT('',(0.00205,-0.00065,0.0152));
#15869=CARTESIAN_POINT('',(-0.00205,-0.00065,0.0152));
#15870=CARTESIAN_POINT('',(0.00205,-0.00065,0.0116));
#15871=CARTESIAN_POINT('',(0.00205,0.00065,0.0116));
#15872=CARTESIAN_POINT('',(0.00205,0.00065,0.0152));
#15873=CARTESIAN_POINT('',(0.00205,-0.00065,0.0152));
#15874=CARTESIAN_POINT('',(-0.00205,0.00065,0.0116));
#15875=CARTESIAN_POINT('',(0.00065,0.00065,0.0116));
#15876=CARTESIAN_POINT('',(0.00065,0.00065,0.0152));
#15877=CARTESIAN_POINT('',(-0.00205,0.00065,0.0152));
#15878=CARTESIAN_POINT('',(0.00065,-0.00205,0.0116));
#15879=CARTESIAN_POINT('',(0.00065,-0.00065,0.0152));
#15880=CARTESIAN_POINT('',(0.00065,0.00205,0.0152));
#15881=CARTESIAN_POINT('',(0.00065,0.00205,0.0116));
#15882=CARTESIAN_POINT('',(-0.00065,0.00205,0.0116));
#15883=CARTESIAN_POINT('',(-0.00065,0.00205,0.0116));
#15884=CARTESIAN_POINT('',(-0.00065,0.00205,0.0152));
#15885=CARTESIAN_POINT('',(-0.00065,0.00205,0.0152));
#15886=CARTESIAN_POINT('',(-0.00065,-0.00205,0.0116));
#15887=CARTESIAN_POINT('',(-0.00065,0.00065,0.0116));
#15888=CARTESIAN_POINT('',(-0.00065,0.00065,0.0152));
#15889=CARTESIAN_POINT('',(-0.00065,-0.00205,0.0152));
#15890=CARTESIAN_POINT('',(-0.00205,0.00065,0.0116));
#15891=CARTESIAN_POINT('',(-0.00205,0.00065,0.0152));
#15892=CARTESIAN_POINT('',(-0.00205,-0.00065,0.0152));
#15893=CARTESIAN_POINT('',(-0.07608,0.00048,0.02846));
#15894=CARTESIAN_POINT('',(0.,0.,0.));
#15895=CARTESIAN_POINT('',(0.,0.,0.00075));
#15896=CARTESIAN_POINT('',(0.00285,0.,0.00075));
#15897=CARTESIAN_POINT('',(0.,0.,0.));
#15898=CARTESIAN_POINT('',(-0.00285,0.,0.));
#15899=CARTESIAN_POINT('',(0.,0.,0.00075));
#15900=CARTESIAN_POINT('',(0.,0.,0.00165));
#15901=CARTESIAN_POINT('',(0.00195,0.,0.00165));
#15902=CARTESIAN_POINT('',(-1.799263332289E-19,2.435112205387E-19,0.));
#15903=CARTESIAN_POINT('',(0.,0.,0.));
#15904=CARTESIAN_POINT('',(0.0015,0.,0.));
#15905=CARTESIAN_POINT('',(-1.799263332289E-19,2.435112205387E-19,0.00165));
#15906=CARTESIAN_POINT('',(0.00115,0.,0.00165));
#15907=CARTESIAN_POINT('',(0.00115000000000006,-9.99560003672644E-17,0.00165));
#15908=CARTESIAN_POINT('',(0.000574999999999885,0.000995929214352,0.00165));
#15909=CARTESIAN_POINT('',(0.000575,-0.000995929214352,0.00165));
#15910=CARTESIAN_POINT('',(0.000575,-0.000995929214352,0.00165));
#15911=CARTESIAN_POINT('',(-0.000575,-0.000995929214352,0.00165));
#15912=CARTESIAN_POINT('',(-0.000574999999999884,-0.000995929214352,0.00165));
#15913=CARTESIAN_POINT('',(-0.00115,1.408343819019E-19,0.00165));
#15914=CARTESIAN_POINT('',(-0.00115000000000006,1.00130087397177E-16,0.00165));
#15915=CARTESIAN_POINT('',(-0.000575,0.000995929214352,0.00165));
#15916=CARTESIAN_POINT('',(-0.000575,0.000995929214352,0.00165));
#15917=CARTESIAN_POINT('',(0.000575,0.000995929214352,0.00165));
#15918=CARTESIAN_POINT('',(0.,0.,0.));
#15919=CARTESIAN_POINT('',(0.,0.,-0.008));
#15920=CARTESIAN_POINT('',(0.0015,0.,-0.008));
#15921=CARTESIAN_POINT('',(0.00115,0.,0.00035));
#15922=CARTESIAN_POINT('',(0.00115,0.,0.00035));
#15923=CARTESIAN_POINT('',(0.00115,-1.66261714579689E-19,0.00035));
#15924=CARTESIAN_POINT('',(0.000575,0.000995929214352,0.00035));
#15925=CARTESIAN_POINT('',(0.000575,0.000995929214352,0.00035));
#15926=CARTESIAN_POINT('',(0.00115,0.,0.00035));
#15927=CARTESIAN_POINT('',(0.000575,0.000995929214352,0.00035));
#15928=CARTESIAN_POINT('',(-0.000575,0.000995929214352,0.00035));
#15929=CARTESIAN_POINT('',(-0.000575,0.000995929214352,0.00035));
#15930=CARTESIAN_POINT('',(-4.827056628805E-20,0.000995929214352,0.00035));
#15931=CARTESIAN_POINT('',(-0.000575,0.000995929214352,0.00035));
#15932=CARTESIAN_POINT('',(-0.00115,1.408343819019E-19,0.00035));
#15933=CARTESIAN_POINT('',(-0.00115,2.3667890553064E-19,0.00035));
#15934=CARTESIAN_POINT('',(-0.000575,0.000995929214352,0.00035));
#15935=CARTESIAN_POINT('',(-0.00115,1.408343819019E-19,0.00035));
#15936=CARTESIAN_POINT('',(-0.000575,-0.000995929214352,0.00035));
#15937=CARTESIAN_POINT('',(-0.000575,-0.000995929214352,0.00035));
#15938=CARTESIAN_POINT('',(-0.00115,7.041719095095E-20,0.00035));
#15939=CARTESIAN_POINT('',(-0.000575,-0.000995929214352,0.00035));
#15940=CARTESIAN_POINT('',(0.000575,-0.000995929214352,0.00035));
#15941=CARTESIAN_POINT('',(0.000575,-0.000995929214352,0.00035));
#15942=CARTESIAN_POINT('',(-4.827056628805E-20,-0.000995929214352,0.00035));
#15943=CARTESIAN_POINT('',(0.000575,-0.000995929214352,0.00035));
#15944=CARTESIAN_POINT('',(0.000575,-0.000995929214352,0.00035));
#15945=CARTESIAN_POINT('',(-1.139533443783E-19,-4.255667768225E-21,-0.008));
#15946=CARTESIAN_POINT('',(-4.827056628805E-20,0.,0.00035));
#15947=CARTESIAN_POINT('',(-0.05535,-0.033434376011627,0.0043246437344315));
#15948=CARTESIAN_POINT('',(0.,-0.00785,0.0037));
#15949=CARTESIAN_POINT('',(-0.00634846222651192,-0.00709999999999985,0.00575555555555596));
#15950=CARTESIAN_POINT('',(-0.00704846210271765,-0.00779999987620561,0.00383703737632537));
#15951=CARTESIAN_POINT('',(-0.00774846197892338,-0.00849999975241136,0.00191851919709478));
#15952=CARTESIAN_POINT('',(-0.00844846185512912,-0.00919999962861712,1.01786419684545E-9));
#15953=CARTESIAN_POINT('',(-0.00844845869404444,-0.0092,2.8200098506348E-17));
#15954=CARTESIAN_POINT('',(-0.00634846223617707,-0.00710000000966504,0.00575555552906642));
#15955=CARTESIAN_POINT('',(-0.0084484533953431,-0.0092,7.05002462658699E-17));
#15956=CARTESIAN_POINT('',(0.00844846220758653,-0.00919999998107452,5.18698183363253E-11));
#15957=CARTESIAN_POINT('',(0.00844846222651197,-0.00919999999999997,7.11236625150491E-17));
#15958=CARTESIAN_POINT('',(0.00774846222651195,-0.00849999999999993,0.0019185185185187));
#15959=CARTESIAN_POINT('',(0.00704846222651193,-0.00779999999999989,0.00383703703703733));
#15960=CARTESIAN_POINT('',(0.00634846222651192,-0.00709999999999985,0.00575555555555596));
#15961=CARTESIAN_POINT('',(0.0063484591015989,-0.0071,0.00575555555555598));
#15962=CARTESIAN_POINT('',(0.00634846222651192,-0.00709999999999985,0.00575555555555596));
#15963=CARTESIAN_POINT('',(-0.00741536101782323,-0.00741536101782323,0.00255725284379954));
#15964=CARTESIAN_POINT('',(-0.0071,-0.0071,0.005166204860054));
#15965=CARTESIAN_POINT('',(-0.00682828989758299,-0.0071,0.00553854833373963));
#15966=CARTESIAN_POINT('',(-0.00654290169146212,-0.0071,0.005755555555556));
#15967=CARTESIAN_POINT('',(-0.006348462226512,-0.0071,0.005755555555556));
#15968=CARTESIAN_POINT('',(-0.0071,-0.00709999999252655,0.00516620485669397));
#15969=CARTESIAN_POINT('',(-0.0071,-0.006348462226512,0.005755555555556));
#15970=CARTESIAN_POINT('',(-0.0071,-0.00654290210602426,0.005755555555556));
#15971=CARTESIAN_POINT('',(-0.0071,-0.00682827383601683,0.00553857034402823));
#15972=CARTESIAN_POINT('',(-0.0071,-0.0071,0.005166204860054));
#15973=CARTESIAN_POINT('',(-0.00709999999999985,-0.00634845910211905,0.00575555555555596));
#15974=CARTESIAN_POINT('',(-0.00919999999999997,-0.00844846222651197,7.11236625150491E-17));
#15975=CARTESIAN_POINT('',(-0.00849999999999993,-0.00774846222651195,0.0019185185185187));
#15976=CARTESIAN_POINT('',(-0.00779999999999989,-0.00704846222651193,0.00383703703703733));
#15977=CARTESIAN_POINT('',(-0.00709999999999985,-0.00634846222651192,0.00575555555555596));
#15978=CARTESIAN_POINT('',(-0.0092,-0.008448462168176,3.68628738645072E-17));
#15979=CARTESIAN_POINT('',(-0.008448462226512,-0.0092,0.));
#15980=CARTESIAN_POINT('',(-0.0086358083220031,-0.0092,0.));
#15981=CARTESIAN_POINT('',(-0.00905202911305312,-0.00905202911710736,0.));
#15982=CARTESIAN_POINT('',(-0.0092,-0.00863580832269622,0.));
#15983=CARTESIAN_POINT('',(-0.0092,-0.008448462226512,0.));
#15984=CARTESIAN_POINT('',(-0.0071,-0.0071,0.));
#15985=CARTESIAN_POINT('',(0.0071,-0.0071,0.));
#15986=CARTESIAN_POINT('',(0.0071,-0.0071,0.));
#15987=CARTESIAN_POINT('',(0.0071,-0.00709999999252655,0.00516620485669397));
#15988=CARTESIAN_POINT('',(-0.0071,-0.0071,0.));
#15989=CARTESIAN_POINT('',(-0.0071,-0.0071,0.));
#15990=CARTESIAN_POINT('',(-0.0071,-0.0071,0.));
#15991=CARTESIAN_POINT('',(0.006348462226512,-0.0071,0.005755555555556));
#15992=CARTESIAN_POINT('',(0.00654290169146211,-0.0071,0.005755555555556));
#15993=CARTESIAN_POINT('',(0.00682828989758299,-0.0071,0.00553854833373963));
#15994=CARTESIAN_POINT('',(0.0071,-0.0071,0.005166204860054));
#15995=CARTESIAN_POINT('',(0.00741536101782323,-0.00741536101782323,0.00255725284379954));
#15996=CARTESIAN_POINT('',(0.00920000000000001,-0.00844846222651199,0.));
#15997=CARTESIAN_POINT('',(0.0092,-0.00863580832269629,0.));
#15998=CARTESIAN_POINT('',(0.00905202911305332,-0.00905202911710746,0.));
#15999=CARTESIAN_POINT('',(0.00863580832200243,-0.0092,0.));
#16000=CARTESIAN_POINT('',(0.008448462226512,-0.0092,0.));
#16001=CARTESIAN_POINT('',(0.0091999996745599,-0.00844845880559658,8.91946933747766E-10));
#16002=CARTESIAN_POINT('',(0.00709999999999985,-0.00634846222651192,0.00575555555555596));
#16003=CARTESIAN_POINT('',(0.00779999978303984,-0.00704846200955189,0.00383703763166858));
#16004=CARTESIAN_POINT('',(0.00849999956607983,-0.00774846179259185,0.0019185197077812));
#16005=CARTESIAN_POINT('',(0.00919999934911982,-0.00844846157563182,1.7838938183622E-9));
#16006=CARTESIAN_POINT('',(0.0071,-0.00634846219676658,0.00575555555555598));
#16007=CARTESIAN_POINT('',(0.0071,-0.0071,0.005166204860054));
#16008=CARTESIAN_POINT('',(0.0071,-0.00682827383601683,0.00553857034402823));
#16009=CARTESIAN_POINT('',(0.0071,-0.00654290210602426,0.005755555555556));
#16010=CARTESIAN_POINT('',(0.0071,-0.006348462226512,0.005755555555556));
#16011=CARTESIAN_POINT('',(-0.0092,-0.0092,0.));
#16012=CARTESIAN_POINT('',(-0.0092,0.00844845338229676,7.0310510885685E-17));
#16013=CARTESIAN_POINT('',(-0.00919999953508559,0.00844846176159759,1.27420987086277E-9));
#16014=CARTESIAN_POINT('',(-0.0092,0.008448462226512,0.));
#16015=CARTESIAN_POINT('',(-0.0092,0.00863580832269704,0.));
#16016=CARTESIAN_POINT('',(-0.00905202911305416,0.00905202911710724,0.));
#16017=CARTESIAN_POINT('',(-0.00863580832200242,0.00920000000000001,0.));
#16018=CARTESIAN_POINT('',(-0.00844846222651199,0.00920000000000001,0.));
#16019=CARTESIAN_POINT('',(-0.00844846214925052,0.00919999998107451,5.18698551991992E-11));
#16020=CARTESIAN_POINT('',(0.00844845338229676,0.0092,7.07712968089913E-17));
#16021=CARTESIAN_POINT('',(0.00844846176159759,0.00919999953508559,1.27420986976501E-9));
#16022=CARTESIAN_POINT('',(0.00844846222651202,0.00920000000000002,0.));
#16023=CARTESIAN_POINT('',(0.00863580832269629,0.00920000000000008,0.));
#16024=CARTESIAN_POINT('',(0.00905202911710595,0.00905202911305557,0.));
#16025=CARTESIAN_POINT('',(0.00919999999999997,0.00863580832200307,0.));
#16026=CARTESIAN_POINT('',(0.00920000000000002,0.00844846222651202,0.));
#16027=CARTESIAN_POINT('',(0.00919999998107451,0.00844846214925052,5.18698551991992E-11));
#16028=CARTESIAN_POINT('',(0.0092,-0.00844845338229676,7.0310510885685E-17));
#16029=CARTESIAN_POINT('',(-0.0071,0.0071,0.));
#16030=CARTESIAN_POINT('',(-0.0071,0.0071,0.));
#16031=CARTESIAN_POINT('',(0.0071,0.0071,0.));
#16032=CARTESIAN_POINT('',(-0.0071,-0.0071,0.));
#16033=CARTESIAN_POINT('',(0.0071,-0.0071,0.));
#16034=CARTESIAN_POINT('',(-0.0071,-0.0071,0.));
#16035=CARTESIAN_POINT('',(-0.0071,0.0071,0.));
#16036=CARTESIAN_POINT('',(-0.00709999999252615,0.00709999999252655,0.00516620488053733));
#16037=CARTESIAN_POINT('',(-0.0071,0.0071,0.005166204860054));
#16038=CARTESIAN_POINT('',(-0.0071,0.00682827383601676,0.00553857034402823));
#16039=CARTESIAN_POINT('',(-0.0071,0.00654290210602426,0.005755555555556));
#16040=CARTESIAN_POINT('',(-0.0071,0.006348462226512,0.005755555555556));
#16041=CARTESIAN_POINT('',(-0.00710000000966496,0.00634846220643165,0.0057555555290664));
#16042=CARTESIAN_POINT('',(-0.00709999999999985,-0.00634846222651192,0.00575555555555596));
#16043=CARTESIAN_POINT('',(-0.00785,0.,0.0037));
#16044=CARTESIAN_POINT('',(-0.00709999999999985,0.00634846222651192,0.00575555555555596));
#16045=CARTESIAN_POINT('',(-0.00779999984502843,0.00704846207154048,0.00383703746177393));
#16046=CARTESIAN_POINT('',(-0.00849999969005701,0.00774846191656903,0.0019185193679919));
#16047=CARTESIAN_POINT('',(-0.00919999953508559,0.00844846176159759,1.27420986747464E-9));
#16048=CARTESIAN_POINT('',(0.0071,-0.0071,0.));
#16049=CARTESIAN_POINT('',(0.00709999999999985,0.00634846222651192,0.00575555555555596));
#16050=CARTESIAN_POINT('',(0.0071,0.00634846222651196,0.00575555555555598));
#16051=CARTESIAN_POINT('',(0.0071,0.006348462226512,0.005755555555556));
#16052=CARTESIAN_POINT('',(0.0071,0.00654290169146211,0.005755555555556));
#16053=CARTESIAN_POINT('',(0.0071,0.00682828989758299,0.00553854833373963));
#16054=CARTESIAN_POINT('',(0.0071,0.0071,0.005166204860054));
#16055=CARTESIAN_POINT('',(0.00709999999252656,0.0071,0.00516620485669397));
#16056=CARTESIAN_POINT('',(0.0071,0.0071,0.));
#16057=CARTESIAN_POINT('',(0.00785,0.,0.0037));
#16058=CARTESIAN_POINT('',(0.00919999999999997,0.00844846222651197,7.11236625150491E-17));
#16059=CARTESIAN_POINT('',(0.00849999999999993,0.00774846222651195,0.0019185185185187));
#16060=CARTESIAN_POINT('',(0.00779999999999989,0.00704846222651193,0.00383703703703733));
#16061=CARTESIAN_POINT('',(0.00709999999999985,0.00634846222651192,0.00575555555555596));
#16062=CARTESIAN_POINT('',(-0.00741536101782323,0.00741536101782323,0.00255725284379954));
#16063=CARTESIAN_POINT('',(-0.00844846222651197,0.00919999999999997,7.11236625150491E-17));
#16064=CARTESIAN_POINT('',(-0.00774846222651195,0.00849999999999993,0.0019185185185187));
#16065=CARTESIAN_POINT('',(-0.00704846222651193,0.00779999999999989,0.00383703703703733));
#16066=CARTESIAN_POINT('',(-0.00634846222651192,0.00709999999999985,0.00575555555555596));
#16067=CARTESIAN_POINT('',(-0.00634845910159887,0.00709999999999985,0.00575555555555596));
#16068=CARTESIAN_POINT('',(-0.006348462226512,0.0071,0.005755555555556));
#16069=CARTESIAN_POINT('',(-0.00654290169146212,0.0071,0.005755555555556));
#16070=CARTESIAN_POINT('',(-0.00682828989758299,0.0071,0.00553854833373963));
#16071=CARTESIAN_POINT('',(-0.0071,0.0071,0.005166204860054));
#16072=CARTESIAN_POINT('',(0.00741536101782323,0.00741536101782323,0.00255725284379954));
#16073=CARTESIAN_POINT('',(0.00634846222651192,0.00709999999999985,0.00575555555555596));
#16074=CARTESIAN_POINT('',(0.00704846207154048,0.00779999984502843,0.00383703746177393));
#16075=CARTESIAN_POINT('',(0.00774846191656903,0.00849999969005701,0.0019185193679919));
#16076=CARTESIAN_POINT('',(0.00844846176159759,0.00919999953508559,1.27420986747464E-9));
#16077=CARTESIAN_POINT('',(0.00634846219676658,0.0071,0.00575555555555598));
#16078=CARTESIAN_POINT('',(0.0071,0.0071,0.005166204860054));
#16079=CARTESIAN_POINT('',(0.00682827383601676,0.0071,0.00553857034402823));
#16080=CARTESIAN_POINT('',(0.00654290210602426,0.0071,0.005755555555556));
#16081=CARTESIAN_POINT('',(0.006348462226512,0.0071,0.005755555555556));
#16082=CARTESIAN_POINT('',(0.,0.00785,0.0037));
#16083=CARTESIAN_POINT('',(-0.00634846222651192,0.00709999999999985,0.00575555555555596));
#16084=CARTESIAN_POINT('',(-0.0071,0.0071,0.));
#16085=CARTESIAN_POINT('',(-0.05703,0.01953,0.03776));
#16086=CARTESIAN_POINT('',(-0.09535,-0.033434376011627,0.0043246437344315));
#16087=CARTESIAN_POINT('',(-0.07608,0.01953,0.03776));
#16088=CARTESIAN_POINT('',(-0.05703,0.03858,0.02846));
#16089=CARTESIAN_POINT('',(-0.05703,0.00048,0.02846));
#16090=CARTESIAN_POINT('',(-0.09513,0.00048,0.02846));
#16091=CARTESIAN_POINT('',(-0.09513,0.01953,0.02846));
#16092=CARTESIAN_POINT('',(-0.07608,0.03858,0.02846));
#16093=CARTESIAN_POINT('',(0.00438,-0.0033982153981924,0.002));
#16094=CARTESIAN_POINT('',(0.00438,0.0486017846018076,0.002));
#16095=CARTESIAN_POINT('',(-0.03912,0.0486017846018076,0.002));
#16096=CARTESIAN_POINT('',(0.04788,0.0486017846018076,0.002));
#16097=CARTESIAN_POINT('',(-0.03912,-0.00339821539819241,0.002));
#16098=CARTESIAN_POINT('',(-0.03912,-0.0553982153981924,0.002));
#16099=CARTESIAN_POINT('',(0.00438,-0.0553982153981924,0.002));
#16100=CARTESIAN_POINT('',(0.04788,-0.0553982153981924,0.002));
#16101=CARTESIAN_POINT('',(0.04788,-0.00339821539819242,0.002));
#16102=CARTESIAN_POINT('',(0.02544,0.0278017846018076,0.002));
#16103=CARTESIAN_POINT('',(0.03194,0.0278017846018076,0.002));
#16104=CARTESIAN_POINT('',(0.034437,0.040299,0.002));
#16105=CARTESIAN_POINT('',(0.036037,0.040299,0.002));
#16106=CARTESIAN_POINT('',(0.036937,-0.045201,0.002));
#16107=CARTESIAN_POINT('',(0.038537,-0.045201,0.002));
#16108=CARTESIAN_POINT('',(-0.022563,0.039799,0.002));
#16109=CARTESIAN_POINT('',(-0.020963,0.039799,0.002));
#16110=CARTESIAN_POINT('',(-0.024563,-0.045201,0.002));
#16111=CARTESIAN_POINT('',(-0.02531,-0.0437860826879284,0.002));
#16112=CARTESIAN_POINT('',(-0.0230066070547577,-0.04483,0.002));
#16113=CARTESIAN_POINT('',(-0.02531,-0.01583,0.002));
#16114=CARTESIAN_POINT('',(-0.02531,0.01317,0.002));
#16115=CARTESIAN_POINT('',(0.00369,0.01317,0.002));
#16116=CARTESIAN_POINT('',(0.03269,0.01317,0.002));
#16117=CARTESIAN_POINT('',(0.03269,-0.01583,0.002));
#16118=CARTESIAN_POINT('',(0.03269,-0.04483,0.002));
#16119=CARTESIAN_POINT('',(0.00369,-0.04483,0.002));
#16120=CARTESIAN_POINT('',(0.00438,-0.0033982153981924,0.));
#16121=CARTESIAN_POINT('',(-0.022563,0.039799,0.));
#16122=CARTESIAN_POINT('',(-0.020963,0.039799,0.));
#16123=CARTESIAN_POINT('',(0.036937,-0.045201,0.));
#16124=CARTESIAN_POINT('',(0.038537,-0.045201,0.));
#16125=CARTESIAN_POINT('',(0.034437,0.040299,0.));
#16126=CARTESIAN_POINT('',(0.036037,0.040299,0.));
#16127=CARTESIAN_POINT('',(0.02544,0.0278017846018076,0.));
#16128=CARTESIAN_POINT('',(0.03194,0.0278017846018076,0.));
#16129=CARTESIAN_POINT('',(0.00438,0.0486017846018076,0.));
#16130=CARTESIAN_POINT('',(-0.03912,0.0486017846018076,0.));
#16131=CARTESIAN_POINT('',(0.04788,0.0486017846018076,0.));
#16132=CARTESIAN_POINT('',(0.04788,-0.00339821539819242,0.));
#16133=CARTESIAN_POINT('',(0.04788,-0.0553982153981924,0.));
#16134=CARTESIAN_POINT('',(0.00438,-0.0553982153981924,0.));
#16135=CARTESIAN_POINT('',(-0.03912,-0.0553982153981924,0.));
#16136=CARTESIAN_POINT('',(-0.03912,-0.00339821539819241,0.));
#16137=CARTESIAN_POINT('',(-0.02531,-0.01583,0.));
#16138=CARTESIAN_POINT('',(-0.02531,0.01317,0.));
#16139=CARTESIAN_POINT('',(-0.02531,-0.0437860826879284,0.));
#16140=CARTESIAN_POINT('',(-0.024563,-0.045201,0.));
#16141=CARTESIAN_POINT('',(-0.0230066070547577,-0.04483,0.));
#16142=CARTESIAN_POINT('',(0.00369,-0.04483,0.));
#16143=CARTESIAN_POINT('',(0.03269,-0.04483,0.));
#16144=CARTESIAN_POINT('',(0.03269,-0.01583,0.));
#16145=CARTESIAN_POINT('',(0.03269,0.01317,0.));
#16146=CARTESIAN_POINT('',(0.00369,0.01317,0.));
#16147=CARTESIAN_POINT('',(-0.02531,-0.01583,0.));
#16148=CARTESIAN_POINT('',(-0.02531,-0.0437860826879284,0.002));
#16149=CARTESIAN_POINT('',(-0.02531,0.01317,0.));
#16150=CARTESIAN_POINT('',(0.00369,-0.04483,0.));
#16151=CARTESIAN_POINT('',(-0.0230066070547577,-0.04483,0.002));
#16152=CARTESIAN_POINT('',(0.03269,-0.04483,0.));
#16153=CARTESIAN_POINT('',(0.00438,0.0486017846018076,0.002));
#16154=CARTESIAN_POINT('',(-0.03912,0.0486017846018076,0.002));
#16155=CARTESIAN_POINT('',(0.04788,0.0486017846018076,0.002));
#16156=CARTESIAN_POINT('',(-0.03912,-0.00339821539819241,0.002));
#16157=CARTESIAN_POINT('',(-0.03912,-0.0553982153981924,0.002));
#16158=CARTESIAN_POINT('',(0.00438,-0.0553982153981924,0.002));
#16159=CARTESIAN_POINT('',(0.04788,-0.0553982153981924,0.002));
#16160=CARTESIAN_POINT('',(0.04788,-0.00339821539819242,0.002));
#16161=CARTESIAN_POINT('',(0.03269,-0.01583,0.));
#16162=CARTESIAN_POINT('',(0.03269,0.01317,0.));
#16163=CARTESIAN_POINT('',(0.00369,0.01317,0.));
#16164=CARTESIAN_POINT('',(0.02544,0.0278017846018076,0.));
#16165=CARTESIAN_POINT('',(-0.024563,-0.045201,0.002));
#16166=CARTESIAN_POINT('',(0.034437,0.040299,0.002));
#16167=CARTESIAN_POINT('',(0.036937,-0.045201,0.002));
#16168=CARTESIAN_POINT('',(-0.022563,0.039799,0.002));
#16169=CARTESIAN_POINT('',(-0.0797277498189078,0.03535833156412,0.0352500638388217));
#16170=CARTESIAN_POINT('',(0.0632990544782704,0.0129802300979542,0.083));
#16171=CARTESIAN_POINT('',(0.068144868247497,0.00305363539481861,0.0195));
#16172=CARTESIAN_POINT('',(0.0674429724740831,0.00449146094865456,0.0195));
#16173=CARTESIAN_POINT('',(0.068144868247497,0.00305363539481861,0.0595));
#16174=CARTESIAN_POINT('',(0.0674429724740831,0.00449146094865456,0.0595));
#16175=CARTESIAN_POINT('',(0.054419125921753,0.0311706633195379,0.083));
#16176=CARTESIAN_POINT('',(0.054419125921753,0.0311706633195379,0.001));
#16177=CARTESIAN_POINT('',(0.054419125921753,0.0311706633195379,0.078));
#16178=CARTESIAN_POINT('',(0.0632990544782704,0.0129802300979542,0.078));
#16179=CARTESIAN_POINT('',(0.0735490544054162,-0.00801677883171089,0.078));
#16180=CARTESIAN_POINT('',(0.0735490544054162,-0.00801677883171089,0.083));
#16181=CARTESIAN_POINT('',(0.0735490544054162,-0.00801677883171089,0.001));
#16182=CARTESIAN_POINT('',(0.0530490545511246,0.0339772390276194,0.001));
#16183=CARTESIAN_POINT('',(0.0613540266397171,0.0169645976281814,0.072785));
#16184=CARTESIAN_POINT('',(0.0573181259425869,0.0252320945627381,0.072785));
#16185=CARTESIAN_POINT('',(0.0653899273368473,0.00869710069362469,0.072785));
#16186=CARTESIAN_POINT('',(0.0573181259425869,0.0252320945627381,0.041285));
#16187=CARTESIAN_POINT('',(0.0573181259425869,0.0252320945627381,0.009785));
#16188=CARTESIAN_POINT('',(0.0613540266397171,0.0169645976281814,0.009785));
#16189=CARTESIAN_POINT('',(0.0653899273368473,0.00869710069362473,0.009785));
#16190=CARTESIAN_POINT('',(0.0653899273368473,0.0086971006936247,0.041285));
#16191=CARTESIAN_POINT('',(0.0611423161475164,0.0119273864378333,0.083));
#16192=CARTESIAN_POINT('',(0.0659881299167431,0.0020007917346977,0.0195));
#16193=CARTESIAN_POINT('',(0.0652862341433292,0.00343861728853365,0.0195));
#16194=CARTESIAN_POINT('',(0.0659881299167431,0.0020007917346977,0.0595));
#16195=CARTESIAN_POINT('',(0.0652862341433292,0.00343861728853365,0.0595));
#16196=CARTESIAN_POINT('',(0.0535128154134067,0.0275563324067723,0.083));
#16197=CARTESIAN_POINT('',(0.0535128154134067,0.0275563324067723,0.0695));
#16198=CARTESIAN_POINT('',(0.0535128154134067,0.0275563324067723,0.0095));
#16199=CARTESIAN_POINT('',(0.0611423161475164,0.0119273864378333,0.0695));
#16200=CARTESIAN_POINT('',(0.0543901851301741,0.0257590504644774,0.0695));
#16201=CARTESIAN_POINT('',(0.0543901851301741,0.0257590504644774,0.083));
#16202=CARTESIAN_POINT('',(0.0543901851301741,0.0257590504644774,0.0095));
#16203=CARTESIAN_POINT('',(0.0611423161475164,0.0119273864378333,0.0095));
#16204=CARTESIAN_POINT('',(0.0611423161475164,0.0119273864378333,0.0806));
#16205=CARTESIAN_POINT('',(0.0503888385666214,0.0339557636471862,0.0806));
#16206=CARTESIAN_POINT('',(0.0697068508300937,-0.00561696599989164,0.0806));
#16207=CARTESIAN_POINT('',(0.0503888385666214,0.0339557636471862,0.0806));
#16208=CARTESIAN_POINT('',(0.0503888385666214,0.0339557636471862,-0.0016));
#16209=CARTESIAN_POINT('',(0.0611423161475164,0.0119273864378333,-0.0016));
#16210=CARTESIAN_POINT('',(0.0697068508300937,-0.00561696599989164,-0.0016));
#16211=CARTESIAN_POINT('',(0.0697068508300937,-0.00561696599989163,0.083));
#16212=CARTESIAN_POINT('',(0.055161387611833,0.0241792509026172,0.041285));
#16213=CARTESIAN_POINT('',(0.055161387611833,0.0241792509026172,0.072785));
#16214=CARTESIAN_POINT('',(0.055161387611833,0.0241792509026172,0.009785));
#16215=CARTESIAN_POINT('',(0.0591972883089632,0.0159117539680605,0.072785));
#16216=CARTESIAN_POINT('',(0.0632331890060933,0.00764425703350377,0.072785));
#16217=CARTESIAN_POINT('',(0.0632331890060933,0.00764425703350378,0.041285));
#16218=CARTESIAN_POINT('',(0.0632331890060933,0.00764425703350379,0.009785));
#16219=CARTESIAN_POINT('',(0.0591972883089632,0.0159117539680605,0.009785));
#16220=CARTESIAN_POINT('',(-0.0492509454488754,0.0129772390276194,0.083));
#16221=CARTESIAN_POINT('',(-0.0492509454488754,0.0129772390276194,0.04532));
#16222=CARTESIAN_POINT('',(-0.0492509454488754,0.01704,0.04532));
#16223=CARTESIAN_POINT('',(-0.0492509454488754,0.00704,0.04532));
#16224=CARTESIAN_POINT('',(-0.0492509454488754,0.00704,0.03032));
#16225=CARTESIAN_POINT('',(-0.0492509454488754,0.00704,0.02932));
#16226=CARTESIAN_POINT('',(-0.0492509454488754,0.01604,0.02932));
#16227=CARTESIAN_POINT('',(-0.0492509454488754,0.01704,0.02932));
#16228=CARTESIAN_POINT('',(-0.0492509454488754,0.01704,0.083));
#16229=CARTESIAN_POINT('',(-0.0492509454488754,0.0339772390276194,0.083));
#16230=CARTESIAN_POINT('',(-0.0492509454488754,0.0339772390276194,0.078));
#16231=CARTESIAN_POINT('',(-0.0492509454488754,0.0339772390276194,0.001));
#16232=CARTESIAN_POINT('',(-0.0492509454488754,-0.00802276097238064,0.001));
#16233=CARTESIAN_POINT('',(-0.0492509454488754,-0.00302251739394475,0.001));
#16234=CARTESIAN_POINT('',(-0.0492509454488754,-0.00302251739394475,0.083));
#16235=CARTESIAN_POINT('',(-0.0492509454488754,-0.00302251739394475,0.078));
#16236=CARTESIAN_POINT('',(-0.0492509454488754,0.0129772390276194,0.078));
#16237=CARTESIAN_POINT('',(-0.0468509454488754,0.0129772390276194,0.083));
#16238=CARTESIAN_POINT('',(-0.0468509454488754,0.0129772390276194,-0.0016));
#16239=CARTESIAN_POINT('',(-0.0468509454488754,-0.00562264405473141,-0.0016));
#16240=CARTESIAN_POINT('',(-0.0468509454488754,0.0339772390276194,-0.0016));
#16241=CARTESIAN_POINT('',(-0.0468509454488754,0.0339772390276194,0.083));
#16242=CARTESIAN_POINT('',(-0.0468509454488754,0.0339772390276194,0.0806));
#16243=CARTESIAN_POINT('',(-0.0468509454488754,0.0129772390276194,0.0806));
#16244=CARTESIAN_POINT('',(-0.0468509454488754,-0.00562264405473141,0.0806));
#16245=CARTESIAN_POINT('',(-0.0468509454488754,-0.00562264405473141,0.083));
#16246=CARTESIAN_POINT('',(-0.0468509454488754,0.01604,0.03732));
#16247=CARTESIAN_POINT('',(-0.0468509454488754,0.01604,0.03032));
#16248=CARTESIAN_POINT('',(-0.0468509454488754,0.01604,0.04432));
#16249=CARTESIAN_POINT('',(-0.0468509454488754,0.01204,0.03032));
#16250=CARTESIAN_POINT('',(-0.0468509454488754,0.00804,0.03032));
#16251=CARTESIAN_POINT('',(-0.0468509454488754,0.00804,0.03732));
#16252=CARTESIAN_POINT('',(-0.0468509454488754,0.00804,0.04432));
#16253=CARTESIAN_POINT('',(-0.0468509454488754,0.01204,0.04432));
#16254=CARTESIAN_POINT('',(0.00189905455112458,0.0339772390276194,0.083));
#16255=CARTESIAN_POINT('',(0.00189905455112458,0.0339772390276194,-0.004));
#16256=CARTESIAN_POINT('',(-0.0442509454488755,0.0339772390276194,-0.004));
#16257=CARTESIAN_POINT('',(0.0474850972416603,0.0339772390276194,-0.004));
#16258=CARTESIAN_POINT('',(-0.0442509454488755,0.0339772390276194,0.001));
#16259=CARTESIAN_POINT('',(-0.0442509454488755,0.0339772390276194,0.078));
#16260=CARTESIAN_POINT('',(-0.0442509454488755,0.0339772390276194,0.083));
#16261=CARTESIAN_POINT('',(0.00189905455112458,0.0339772390276194,0.083));
#16262=CARTESIAN_POINT('',(0.0474850972416603,0.0339772390276194,0.083));
#16263=CARTESIAN_POINT('',(0.0474850972416603,0.0339772390276194,0.078));
#16264=CARTESIAN_POINT('',(0.0499259210660157,0.0339772390276194,0.0824932048557373));
#16265=CARTESIAN_POINT('',(0.0499259210660157,0.0339772390276194,0.083));
#16266=CARTESIAN_POINT('',(0.0499259210660157,0.0339772390276194,0.0806));
#16267=CARTESIAN_POINT('',(0.00189905455112458,0.0339772390276194,0.0806));
#16268=CARTESIAN_POINT('',(0.00189905455112458,0.0339772390276194,-0.0016));
#16269=CARTESIAN_POINT('',(0.0499259210660157,0.0339772390276194,-0.0016));
#16270=CARTESIAN_POINT('',(0.0499259210660157,0.0339772390276194,0.083));
#16271=CARTESIAN_POINT('',(0.0499259210660157,0.0339772390276194,-0.00349320485573733));
#16272=CARTESIAN_POINT('',(0.0474850972416603,0.0339772390276194,0.001));
#16273=CARTESIAN_POINT('',(0.0121490544782703,-0.00801976990204576,0.083));
#16274=CARTESIAN_POINT('',(0.0121490544782703,-0.00801976990204576,0.078));
#16275=CARTESIAN_POINT('',(-0.0442507018763726,-0.008022517388012,0.078));
#16276=CARTESIAN_POINT('',(-0.0442507018763726,-0.008022517388012,0.083));
#16277=CARTESIAN_POINT('',(-0.0442507018763726,-0.008022517388012,0.001));
#16278=CARTESIAN_POINT('',(0.0735490544054162,-0.00801677883171089,0.001));
#16279=CARTESIAN_POINT('',(0.0121490544782703,0.0129772390276194,0.083));
#16280=CARTESIAN_POINT('',(-0.0442509454488755,0.0129772390276194,0.083));
#16281=CARTESIAN_POINT('',(-0.0442509454488755,-0.00302251739394475,0.083));
#16282=CARTESIAN_POINT('',(0.0121498337645697,-0.00301976985815047,0.083));
#16283=CARTESIAN_POINT('',(0.0655444636234943,-0.00301716876542079,0.083));
#16284=CARTESIAN_POINT('',(0.0489634974483619,0.0309487529239736,0.083));
#16285=CARTESIAN_POINT('',(0.0121490544782703,0.0129772390276194,-0.004));
#16286=CARTESIAN_POINT('',(-0.0492511890213784,-0.00302276097831339,-0.004));
#16287=CARTESIAN_POINT('',(0.0655444636234943,-0.00301716876542079,-0.004));
#16288=CARTESIAN_POINT('',(-0.0442509454488755,-0.00302251739394476,-0.004));
#16289=CARTESIAN_POINT('',(-0.0442509454488755,0.0339772390276194,-0.004));
#16290=CARTESIAN_POINT('',(0.0690558495496788,-0.0102102031236295,-0.004));
#16291=CARTESIAN_POINT('',(0.012148937563469,-0.00561976990489348,0.083));
#16292=CARTESIAN_POINT('',(0.012148937563469,-0.00561976990489348,0.013943));
#16293=CARTESIAN_POINT('',(-0.036449,-0.00562213732915333,0.013943));
#16294=CARTESIAN_POINT('',(-0.045449,-0.00562257575965897,0.013943));
#16295=CARTESIAN_POINT('',(-0.045449,-0.00562257575965897,0.083));
#16296=CARTESIAN_POINT('',(-0.045449,-0.00562257575965897,0.004943));
#16297=CARTESIAN_POINT('',(0.012148937563469,-0.00561976990489348,0.004943));
#16298=CARTESIAN_POINT('',(-0.036449,-0.00562213732915334,0.004943));
#16299=CARTESIAN_POINT('',(-0.036449,-0.00562213732915333,0.083));
#16300=CARTESIAN_POINT('',(0.012148937563469,-0.00561976990489348,0.071813));
#16301=CARTESIAN_POINT('',(0.049051,-0.00561797223934983,0.071813));
#16302=CARTESIAN_POINT('',(0.040051,-0.00561841066985546,0.071813));
#16303=CARTESIAN_POINT('',(0.040051,-0.00561841066985546,0.083));
#16304=CARTESIAN_POINT('',(0.040051,-0.00561841066985546,0.063943));
#16305=CARTESIAN_POINT('',(0.012148937563469,-0.00561976990489348,0.063943));
#16306=CARTESIAN_POINT('',(0.049051,-0.00561797223934982,0.063943));
#16307=CARTESIAN_POINT('',(0.049051,-0.00561797223934982,0.083));
#16308=CARTESIAN_POINT('',(0.012148937563469,-0.00561976990489348,0.011443));
#16309=CARTESIAN_POINT('',(0.049051,-0.00561797223934983,0.011443));
#16310=CARTESIAN_POINT('',(0.040051,-0.00561841066985546,0.011443));
#16311=CARTESIAN_POINT('',(0.040051,-0.00561841066985546,0.083));
#16312=CARTESIAN_POINT('',(0.040051,-0.00561841066985546,0.001643));
#16313=CARTESIAN_POINT('',(0.012148937563469,-0.00561976990489348,0.001643));
#16314=CARTESIAN_POINT('',(0.049051,-0.00561797223934982,0.001643));
#16315=CARTESIAN_POINT('',(0.049051,-0.00561797223934982,0.083));
#16316=CARTESIAN_POINT('',(0.012148937563469,-0.00561976990489348,0.070943));
#16317=CARTESIAN_POINT('',(-0.035949,-0.00562211297190302,0.070943));
#16318=CARTESIAN_POINT('',(-0.044949,-0.00562255140240865,0.070943));
#16319=CARTESIAN_POINT('',(-0.044949,-0.00562255140240865,0.083));
#16320=CARTESIAN_POINT('',(-0.044949,-0.00562255140240866,0.061943));
#16321=CARTESIAN_POINT('',(0.012148937563469,-0.00561976990489348,0.061943));
#16322=CARTESIAN_POINT('',(-0.035949,-0.00562211297190302,0.061943));
#16323=CARTESIAN_POINT('',(-0.035949,-0.00562211297190302,0.083));
#16324=CARTESIAN_POINT('',(0.012148937563469,-0.00561976990489348,-0.0016));
#16325=CARTESIAN_POINT('',(0.012148937563469,-0.00561976990489348,0.0806));
#16326=CARTESIAN_POINT('',(0.0121490544782703,0.0129772390276194,0.0806));
#16327=CARTESIAN_POINT('',(0.0499259210660157,0.0289772390276193,0.0806));
#16328=CARTESIAN_POINT('',(0.0121490544782703,0.0129772390276194,-0.0016));
#16329=CARTESIAN_POINT('',(0.0499259210660157,0.0289772390276193,-0.0016));
#16330=CARTESIAN_POINT('',(-0.0468509454488754,0.01604,0.03732));
#16331=CARTESIAN_POINT('',(-0.0468509454488754,0.01604,0.04432));
#16332=CARTESIAN_POINT('',(-0.0482509454488754,0.01604,0.04432));
#16333=CARTESIAN_POINT('',(-0.0482509454488754,0.01604,0.03732));
#16334=CARTESIAN_POINT('',(-0.0482509454488754,0.01604,0.03032));
#16335=CARTESIAN_POINT('',(-0.0468509454488754,0.01604,0.03032));
#16336=CARTESIAN_POINT('',(-0.0468509454488754,0.01204,0.03032));
#16337=CARTESIAN_POINT('',(-0.0482509454488754,0.00804,0.03032));
#16338=CARTESIAN_POINT('',(-0.0482509454488754,0.00804,0.03032));
#16339=CARTESIAN_POINT('',(-0.0468509454488754,0.00804,0.03032));
#16340=CARTESIAN_POINT('',(-0.0468509454488754,0.00804,0.03732));
#16341=CARTESIAN_POINT('',(-0.0482509454488754,0.00804,0.04432));
#16342=CARTESIAN_POINT('',(-0.0482509454488754,0.00804,0.04432));
#16343=CARTESIAN_POINT('',(-0.0468509454488754,0.00804,0.04432));
#16344=CARTESIAN_POINT('',(-0.0468509454488754,0.01204,0.04432));
#16345=CARTESIAN_POINT('',(-0.0482509454488754,0.01204,0.04432));
#16346=CARTESIAN_POINT('',(0.055161387611833,0.0241792509026172,0.041285));
#16347=CARTESIAN_POINT('',(0.055161387611833,0.0241792509026172,0.072785));
#16348=CARTESIAN_POINT('',(0.055161387611833,0.0241792509026172,0.009785));
#16349=CARTESIAN_POINT('',(0.0591972883089632,0.0159117539680605,0.072785));
#16350=CARTESIAN_POINT('',(0.0632331890060933,0.00764425703350377,0.072785));
#16351=CARTESIAN_POINT('',(0.0632331890060933,0.00764425703350378,0.041285));
#16352=CARTESIAN_POINT('',(0.0632331890060933,0.00764425703350379,0.009785));
#16353=CARTESIAN_POINT('',(0.0591972883089632,0.0159117539680605,0.009785));
#16354=CARTESIAN_POINT('',(-0.0442509454488755,0.0129772390276194,0.078));
#16355=CARTESIAN_POINT('',(-0.0442509454488755,-0.00302251739394475,0.078));
#16356=CARTESIAN_POINT('',(-0.0442509454488755,0.0129772390276194,0.001));
#16357=CARTESIAN_POINT('',(-0.0442509454488755,-0.00302251739394475,0.001));
#16358=CARTESIAN_POINT('',(-0.0442509454488755,-0.00302251739394475,0.083));
#16359=CARTESIAN_POINT('',(-0.0442509454488755,-0.00302251739394475,0.078));
#16360=CARTESIAN_POINT('',(-0.0442509454488755,-0.00302251739394476,0.001));
#16361=CARTESIAN_POINT('',(-0.0442509454488755,-0.00302251739394475,0.078));
#16362=CARTESIAN_POINT('',(-0.0442509454488755,-0.00302251739394476,0.078));
#16363=CARTESIAN_POINT('',(-0.0442509454488755,-0.00302251739394475,0.001));
#16364=CARTESIAN_POINT('',(-0.0442509454488755,-0.00302251739394476,0.001));
#16365=CARTESIAN_POINT('',(0.0121488109057675,-0.00301976990797852,0.078));
#16366=CARTESIAN_POINT('',(0.0655444636234943,-0.00301716876542078,0.078));
#16367=CARTESIAN_POINT('',(0.0121498337645697,-0.00301976985815047,0.001));
#16368=CARTESIAN_POINT('',(0.0655444636234943,-0.00301716876542079,0.001));
#16369=CARTESIAN_POINT('',(0.058805849622533,0.0107868058060357,0.078));
#16370=CARTESIAN_POINT('',(0.0499259210660157,0.0289772390276193,0.078));
#16371=CARTESIAN_POINT('',(0.0489634974483619,0.0309487529239736,0.001));
#16372=CARTESIAN_POINT('',(0.0499259210660157,0.0289772390276193,0.001));
#16373=CARTESIAN_POINT('',(0.0499259210660157,0.0289772390276193,0.083));
#16374=CARTESIAN_POINT('',(-0.0492509454488754,0.01704,0.083));
#16375=CARTESIAN_POINT('',(-0.0618109454488754,0.0296,0.05788));
#16376=CARTESIAN_POINT('',(-0.0469176121155421,0.0147066666666667,0.0316533333333334));
#16377=CARTESIAN_POINT('',(-0.0482509454488754,0.01204,0.03032));
#16378=CARTESIAN_POINT('',(-0.0459176121155421,0.0103733333333333,0.0326533333333333));
#16379=CARTESIAN_POINT('',(-0.0492509454488754,0.0129772390276194,0.04532));
#16380=CARTESIAN_POINT('',(-0.0459176121155421,0.0103733333333333,0.0419866666666667));
#16381=CARTESIAN_POINT('',(-0.0482509454488754,0.00804,0.03732));
#16382=CARTESIAN_POINT('',(-0.044949,0.02568,0.066443));
#16383=CARTESIAN_POINT('',(-0.044949,0.02568,0.070943));
#16384=CARTESIAN_POINT('',(-0.044949,0.02568,0.070943));
#16385=CARTESIAN_POINT('',(-0.044949,0.02568,0.066443));
#16386=CARTESIAN_POINT('',(-0.044949,0.02568,0.061943));
#16387=CARTESIAN_POINT('',(-0.044949,0.02568,0.061943));
#16388=CARTESIAN_POINT('',(-0.040449,0.02568,0.061943));
#16389=CARTESIAN_POINT('',(-0.040449,0.02568,0.061943));
#16390=CARTESIAN_POINT('',(-0.035949,0.02568,0.061943));
#16391=CARTESIAN_POINT('',(-0.035949,0.02568,0.061943));
#16392=CARTESIAN_POINT('',(-0.035949,0.02568,0.066443));
#16393=CARTESIAN_POINT('',(-0.035949,0.02568,0.066443));
#16394=CARTESIAN_POINT('',(-0.035949,0.02568,0.070943));
#16395=CARTESIAN_POINT('',(-0.035949,0.02568,0.070943));
#16396=CARTESIAN_POINT('',(-0.040449,0.02568,0.070943));
#16397=CARTESIAN_POINT('',(-0.040449,0.02568,0.070943));
#16398=CARTESIAN_POINT('',(0.001801,0.02568,0.036728));
#16399=CARTESIAN_POINT('',(-0.040449,0.02568,0.066443));
#16400=CARTESIAN_POINT('',(-0.040449,0.02568,0.064143));
#16401=CARTESIAN_POINT('',(0.040051,0.02568,0.006543));
#16402=CARTESIAN_POINT('',(0.040051,0.02568,0.011443));
#16403=CARTESIAN_POINT('',(0.040051,0.02568,0.011443));
#16404=CARTESIAN_POINT('',(0.040051,0.02568,0.006543));
#16405=CARTESIAN_POINT('',(0.040051,0.02568,0.001643));
#16406=CARTESIAN_POINT('',(0.040051,0.02568,0.001643));
#16407=CARTESIAN_POINT('',(0.044551,0.02568,0.001643));
#16408=CARTESIAN_POINT('',(0.044551,0.02568,0.001643));
#16409=CARTESIAN_POINT('',(0.049051,0.02568,0.001643));
#16410=CARTESIAN_POINT('',(0.049051,0.02568,0.001643));
#16411=CARTESIAN_POINT('',(0.049051,0.02568,0.006543));
#16412=CARTESIAN_POINT('',(0.049051,0.02568,0.006543));
#16413=CARTESIAN_POINT('',(0.049051,0.02568,0.011443));
#16414=CARTESIAN_POINT('',(0.049051,0.02568,0.011443));
#16415=CARTESIAN_POINT('',(0.044551,0.02568,0.011443));
#16416=CARTESIAN_POINT('',(0.044551,0.02568,0.011443));
#16417=CARTESIAN_POINT('',(0.001801,0.02568,0.036728));
#16418=CARTESIAN_POINT('',(0.044551,0.02568,0.006943));
#16419=CARTESIAN_POINT('',(0.044551,0.02568,0.004643));
#16420=CARTESIAN_POINT('',(0.040051,0.02568,0.067878));
#16421=CARTESIAN_POINT('',(0.040051,0.02568,0.071813));
#16422=CARTESIAN_POINT('',(0.040051,0.02568,0.071813));
#16423=CARTESIAN_POINT('',(0.040051,0.02568,0.067878));
#16424=CARTESIAN_POINT('',(0.040051,0.02568,0.063943));
#16425=CARTESIAN_POINT('',(0.040051,0.02568,0.063943));
#16426=CARTESIAN_POINT('',(0.044551,0.02568,0.063943));
#16427=CARTESIAN_POINT('',(0.044551,0.02568,0.063943));
#16428=CARTESIAN_POINT('',(0.049051,0.02568,0.063943));
#16429=CARTESIAN_POINT('',(0.049051,0.02568,0.063943));
#16430=CARTESIAN_POINT('',(0.049051,0.02568,0.067878));
#16431=CARTESIAN_POINT('',(0.049051,0.02568,0.067878));
#16432=CARTESIAN_POINT('',(0.049051,0.02568,0.071813));
#16433=CARTESIAN_POINT('',(0.049051,0.02568,0.071813));
#16434=CARTESIAN_POINT('',(0.044551,0.02568,0.071813));
#16435=CARTESIAN_POINT('',(0.044551,0.02568,0.071813));
#16436=CARTESIAN_POINT('',(0.001801,0.02568,0.036728));
#16437=CARTESIAN_POINT('',(0.044551,0.02568,0.068443));
#16438=CARTESIAN_POINT('',(0.044551,0.02568,0.066143));
#16439=CARTESIAN_POINT('',(-0.045449,0.02568,0.009443));
#16440=CARTESIAN_POINT('',(-0.045449,0.02568,0.013943));
#16441=CARTESIAN_POINT('',(-0.045449,0.02568,0.013943));
#16442=CARTESIAN_POINT('',(-0.045449,0.02568,0.009443));
#16443=CARTESIAN_POINT('',(-0.045449,0.02568,0.004943));
#16444=CARTESIAN_POINT('',(-0.045449,0.02568,0.004943));
#16445=CARTESIAN_POINT('',(-0.040949,0.02568,0.004943));
#16446=CARTESIAN_POINT('',(-0.040949,0.02568,0.004943));
#16447=CARTESIAN_POINT('',(-0.036449,0.02568,0.004943));
#16448=CARTESIAN_POINT('',(-0.036449,0.02568,0.004943));
#16449=CARTESIAN_POINT('',(-0.036449,0.02568,0.009443));
#16450=CARTESIAN_POINT('',(-0.036449,0.02568,0.009443));
#16451=CARTESIAN_POINT('',(-0.036449,0.02568,0.013943));
#16452=CARTESIAN_POINT('',(-0.036449,0.02568,0.013943));
#16453=CARTESIAN_POINT('',(-0.040949,0.02568,0.013943));
#16454=CARTESIAN_POINT('',(-0.040949,0.02568,0.013943));
#16455=CARTESIAN_POINT('',(0.001801,0.02568,0.036728));
#16456=CARTESIAN_POINT('',(-0.040949,0.02568,0.009443));
#16457=CARTESIAN_POINT('',(-0.040949,0.02568,0.007143));
#16458=CARTESIAN_POINT('',(-0.040949,0.02068,0.009443));
#16459=CARTESIAN_POINT('',(-0.040949,0.02068,0.009443));
#16460=CARTESIAN_POINT('',(-0.040949,0.02068,0.007143));
#16461=CARTESIAN_POINT('',(0.001801,0.02068,0.037693));
#16462=CARTESIAN_POINT('',(-0.040949,0.02068,0.009443));
#16463=CARTESIAN_POINT('',(-0.040949,0.02068,0.007843));
#16464=CARTESIAN_POINT('',(0.044551,0.02068,0.068443));
#16465=CARTESIAN_POINT('',(0.044551,0.02068,0.068443));
#16466=CARTESIAN_POINT('',(0.044551,0.02068,0.066143));
#16467=CARTESIAN_POINT('',(0.001801,0.02068,0.037693));
#16468=CARTESIAN_POINT('',(0.044551,0.02068,0.068443));
#16469=CARTESIAN_POINT('',(0.044551,0.02068,0.066843));
#16470=CARTESIAN_POINT('',(0.044551,0.02068,0.006943));
#16471=CARTESIAN_POINT('',(0.044551,0.02068,0.006943));
#16472=CARTESIAN_POINT('',(0.044551,0.02068,0.004643));
#16473=CARTESIAN_POINT('',(0.001801,0.02068,0.037693));
#16474=CARTESIAN_POINT('',(0.044551,0.02068,0.006943));
#16475=CARTESIAN_POINT('',(0.044551,0.02068,0.005343));
#16476=CARTESIAN_POINT('',(-0.040449,0.02068,0.066443));
#16477=CARTESIAN_POINT('',(-0.040449,0.02068,0.066443));
#16478=CARTESIAN_POINT('',(-0.040449,0.02068,0.064143));
#16479=CARTESIAN_POINT('',(0.001801,0.02068,0.037693));
#16480=CARTESIAN_POINT('',(-0.040449,0.02068,0.066443));
#16481=CARTESIAN_POINT('',(-0.040449,0.02068,0.064843));
#16482=CARTESIAN_POINT('',(-0.040449,0.00968,0.066443));
#16483=CARTESIAN_POINT('',(-0.040449,0.00968,0.066443));
#16484=CARTESIAN_POINT('',(-0.040449,0.00968,0.064843));
#16485=CARTESIAN_POINT('',(0.001801,0.00968,0.037693));
#16486=CARTESIAN_POINT('',(0.044551,0.00968,0.006943));
#16487=CARTESIAN_POINT('',(0.044551,0.00968,0.006943));
#16488=CARTESIAN_POINT('',(0.044551,0.00968,0.005343));
#16489=CARTESIAN_POINT('',(0.001801,0.00968,0.037693));
#16490=CARTESIAN_POINT('',(0.044551,0.00968,0.068443));
#16491=CARTESIAN_POINT('',(0.044551,0.00968,0.068443));
#16492=CARTESIAN_POINT('',(0.044551,0.00968,0.066843));
#16493=CARTESIAN_POINT('',(0.001801,0.00968,0.037693));
#16494=CARTESIAN_POINT('',(-0.040949,0.00968,0.009443));
#16495=CARTESIAN_POINT('',(-0.040949,0.00968,0.009443));
#16496=CARTESIAN_POINT('',(-0.040949,0.00968,0.007843));
#16497=CARTESIAN_POINT('',(0.001801,0.00968,0.037693));
#16498=CARTESIAN_POINT('',(0.0539404895396339,0.0255395249222578,0.0695));
#16499=CARTESIAN_POINT('',(0.0539404895396339,0.0255395249222578,0.0095));
#16500=CARTESIAN_POINT('',(0.0529519844713717,0.0250569715780357,0.0095));
#16501=CARTESIAN_POINT('',(0.0539404895396339,0.0255395249222578,0.0695));
#16502=CARTESIAN_POINT('',(0.0529519844713717,0.0250569715780357,0.0695));
#16503=CARTESIAN_POINT('',(0.0529519844713717,0.0250569715780357,0.0695));
#16504=CARTESIAN_POINT('',(0.0526587313858501,0.02713939867828,0.0695));
#16505=CARTESIAN_POINT('',(0.0526587313858501,0.02713939867828,0.0695));
#16506=CARTESIAN_POINT('',(0.0512658378805715,0.0264594371477853,0.0695));
#16507=CARTESIAN_POINT('',(0.0526587313858501,0.02713939867828,0.0095));
#16508=CARTESIAN_POINT('',(0.0512658378805715,0.0264594371477853,0.0095));
#16509=CARTESIAN_POINT('',(0.0512658378805715,0.0264594371477853,0.0695));
#16510=CARTESIAN_POINT('',(0.0530974162442338,0.0255218449302145,0.0695));
#16511=CARTESIAN_POINT('',(0.0520554706256622,0.0248418833997198,0.0695));
#16512=CARTESIAN_POINT('',(0.0528451033707529,0.0232243296516544,0.0695));
#16513=CARTESIAN_POINT('',(0.0532494918077693,0.023421737837927,0.0695));
#16514=CARTESIAN_POINT('',(0.0536538802447856,0.0236191460241997,0.0695));
#16515=CARTESIAN_POINT('',(0.0533029323580787,0.0243380588011177,0.0695));
#16516=CARTESIAN_POINT('',(0.0530974162442338,0.0255218449302145,0.0095));
#16517=CARTESIAN_POINT('',(0.0533029323580787,0.0243380588011177,0.0095));
#16518=CARTESIAN_POINT('',(0.0536538802447856,0.0236191460241997,0.0095));
#16519=CARTESIAN_POINT('',(0.0532494918077693,0.023421737837927,0.0095));
#16520=CARTESIAN_POINT('',(0.0528451033707529,0.0232243296516544,0.0095));
#16521=CARTESIAN_POINT('',(0.0520554706256622,0.0248418833997198,0.0095));
#16522=CARTESIAN_POINT('',(0.0520554706256622,0.0248418833997198,0.0695));
#16523=CARTESIAN_POINT('',(0.0528451033707529,0.0232243296516544,0.0695));
#16524=CARTESIAN_POINT('',(0.0532494918077693,0.023421737837927,0.0695));
#16525=CARTESIAN_POINT('',(0.0536538802447856,0.0236191460241997,0.0695));
#16526=CARTESIAN_POINT('',(0.0533029323580787,0.0243380588011177,0.0695));
#16527=CARTESIAN_POINT('',(0.0649996248484809,0.00151823839047562,0.0595));
#16528=CARTESIAN_POINT('',(0.0649996248484809,0.00151823839047562,0.0195));
#16529=CARTESIAN_POINT('',(-0.0358477498189064,0.0347108259020543,0.00127279322797));
#16530=CARTESIAN_POINT('',(0.,0.,0.));
#16531=CARTESIAN_POINT('',(-0.07608,0.00048,0.03776));
#16532=CARTESIAN_POINT('',(-0.05703,0.00048,0.03776));
#16533=CARTESIAN_POINT('',(-0.05703,0.03858,0.03776));
#16534=CARTESIAN_POINT('',(-0.0088,0.,-0.0048));
#16535=CARTESIAN_POINT('',(-0.0088,0.03,-0.0048));
#16536=CARTESIAN_POINT('',(-0.0088,0.03,-0.0048));
#16537=CARTESIAN_POINT('',(-0.0088,0.03,-0.0033));
#16538=CARTESIAN_POINT('',(-0.0088,0.,-0.0033));
#16539=CARTESIAN_POINT('',(-0.0088,-0.03,-0.0033));
#16540=CARTESIAN_POINT('',(-0.0088,-0.03,-0.0048));
#16541=CARTESIAN_POINT('',(-0.0088,-0.03,-0.0048));
#16542=CARTESIAN_POINT('',(-0.0088,0.,-0.0048));
#16543=CARTESIAN_POINT('',(-0.019,0.,0.002));
#16544=CARTESIAN_POINT('',(-0.019,0.03,0.002));
#16545=CARTESIAN_POINT('',(-0.019,0.03,0.002));
#16546=CARTESIAN_POINT('',(-0.019,0.03,-0.006));
#16547=CARTESIAN_POINT('',(-0.019,0.,-0.006));
#16548=CARTESIAN_POINT('',(-0.019,-0.03,-0.006));
#16549=CARTESIAN_POINT('',(-0.019,-0.03,0.002));
#16550=CARTESIAN_POINT('',(-0.019,-0.03,0.002));
#16551=CARTESIAN_POINT('',(-0.019,0.,0.002));
#16552=CARTESIAN_POINT('',(-0.0129,-0.03,0.002));
#16553=CARTESIAN_POINT('',(-0.0113,-0.03,-0.006));
#16554=CARTESIAN_POINT('',(-0.0108,-0.03,-0.006));
#16555=CARTESIAN_POINT('',(-0.0108,-0.03,-0.006));
#16556=CARTESIAN_POINT('',(-0.0108,-0.03,-0.0048));
#16557=CARTESIAN_POINT('',(-0.0098,-0.03,-0.0048));
#16558=CARTESIAN_POINT('',(-0.0078,-0.03,-0.0033));
#16559=CARTESIAN_POINT('',(-0.0068,-0.03,-0.0033));
#16560=CARTESIAN_POINT('',(-0.0068,-0.03,0.002));
#16561=CARTESIAN_POINT('',(-0.0068,-0.03,0.002));
#16562=CARTESIAN_POINT('',(-0.0129,-0.03,0.002));
#16563=CARTESIAN_POINT('',(-0.0068,0.,0.002));
#16564=CARTESIAN_POINT('',(-0.0068,0.,-0.0033));
#16565=CARTESIAN_POINT('',(-0.0068,0.03,-0.0033));
#16566=CARTESIAN_POINT('',(-0.0068,0.03,0.002));
#16567=CARTESIAN_POINT('',(-0.0068,0.03,0.002));
#16568=CARTESIAN_POINT('',(-0.0068,0.,0.002));
#16569=CARTESIAN_POINT('',(-0.0129,0.03,0.002));
#16570=CARTESIAN_POINT('',(-0.0113,0.03,-0.006));
#16571=CARTESIAN_POINT('',(-0.0108,0.03,-0.006));
#16572=CARTESIAN_POINT('',(-0.0129,0.03,0.002));
#16573=CARTESIAN_POINT('',(-0.0078,0.03,-0.0033));
#16574=CARTESIAN_POINT('',(-0.0098,0.03,-0.0048));
#16575=CARTESIAN_POINT('',(-0.0108,0.03,-0.0048));
#16576=CARTESIAN_POINT('',(-0.0108,0.03,-0.006));
#16577=CARTESIAN_POINT('',(-0.0129,0.,0.002));
#16578=CARTESIAN_POINT('',(-0.01554,-0.02,0.002));
#16579=CARTESIAN_POINT('',(-0.01384,-0.02,0.002));
#16580=CARTESIAN_POINT('',(-0.01554,0.02,0.002));
#16581=CARTESIAN_POINT('',(-0.01384,0.02,0.002));
#16582=CARTESIAN_POINT('',(-0.0098,0.,-0.0048));
#16583=CARTESIAN_POINT('',(-0.0108,0.,-0.0048));
#16584=CARTESIAN_POINT('',(-0.0108,0.,-0.006));
#16585=CARTESIAN_POINT('',(-0.0108,0.,-0.006));
#16586=CARTESIAN_POINT('',(-0.0113,0.,-0.006));
#16587=CARTESIAN_POINT('',(-0.01554,-0.02,-0.006));
#16588=CARTESIAN_POINT('',(-0.01324,-0.02,-0.006));
#16589=CARTESIAN_POINT('',(-0.01554,0.02,-0.006));
#16590=CARTESIAN_POINT('',(-0.01324,0.02,-0.006));
#16591=CARTESIAN_POINT('',(-0.01554,0.02,0.002));
#16592=CARTESIAN_POINT('',(-0.01554,0.02,-0.0015));
#16593=CARTESIAN_POINT('',(-0.01384,0.02,-0.0015));
#16594=CARTESIAN_POINT('',(-0.01554,-0.02,0.002));
#16595=CARTESIAN_POINT('',(-0.01554,-0.02,-0.0015));
#16596=CARTESIAN_POINT('',(-0.01384,-0.02,-0.0015));
#16597=CARTESIAN_POINT('',(-0.0078,0.,-0.0033));
#16598=CARTESIAN_POINT('',(-0.01554,0.02,-0.006));
#16599=CARTESIAN_POINT('',(-0.01554,0.02,-0.0015));
#16600=CARTESIAN_POINT('',(-0.01324,0.02,-0.0015));
#16601=CARTESIAN_POINT('',(-0.01554,0.,-0.0015));
#16602=CARTESIAN_POINT('',(-0.01554,-0.02,-0.006));
#16603=CARTESIAN_POINT('',(-0.01554,-0.02,-0.0015));
#16604=CARTESIAN_POINT('',(-0.01324,-0.02,-0.0015));
#16605=CARTESIAN_POINT('',(-0.01554,0.,-0.0015));
#16606=CARTESIAN_POINT('',(-0.07535,-0.0190686291547053,0.0146045716156399));
#16607=CARTESIAN_POINT('',(-0.09513,0.00048,0.03776));
#16608=CARTESIAN_POINT('',(-0.07608,0.01953,0.02846));
#16609=CARTESIAN_POINT('',(0.08823,-0.03274,-0.0085));
#16610=CARTESIAN_POINT('',(0.08823,-0.03274,0.));
#16611=CARTESIAN_POINT('',(0.08823,-0.03147,0.));
#16612=CARTESIAN_POINT('',(0.08823,-0.03401,0.));
#16613=CARTESIAN_POINT('',(0.08823,-0.03147,-0.0085));
#16614=CARTESIAN_POINT('',(0.08823,-0.03147,-0.01104));
#16615=CARTESIAN_POINT('',(0.08823,-0.03274,-0.01104));
#16616=CARTESIAN_POINT('',(0.08823,-0.03401,-0.01104));
#16617=CARTESIAN_POINT('',(0.08823,-0.03401,-0.0085));
#16618=CARTESIAN_POINT('',(0.09712,-0.03401,-0.0085));
#16619=CARTESIAN_POINT('',(0.09712,-0.03401,0.));
#16620=CARTESIAN_POINT('',(0.10601,-0.03401,0.));
#16621=CARTESIAN_POINT('',(0.09712,-0.03401,-0.01104));
#16622=CARTESIAN_POINT('',(0.10601,-0.03401,-0.01104));
#16623=CARTESIAN_POINT('',(0.10601,-0.03401,-0.0085));
#16624=CARTESIAN_POINT('',(0.10601,-0.03274,-0.0085));
#16625=CARTESIAN_POINT('',(0.10601,-0.03274,0.));
#16626=CARTESIAN_POINT('',(0.10601,-0.03147,0.));
#16627=CARTESIAN_POINT('',(0.10601,-0.03274,-0.01104));
#16628=CARTESIAN_POINT('',(0.10601,-0.03147,-0.01104));
#16629=CARTESIAN_POINT('',(0.10601,-0.03147,-0.0085));
#16630=CARTESIAN_POINT('',(0.09712,-0.03147,-0.0085));
#16631=CARTESIAN_POINT('',(0.09712,-0.03147,0.));
#16632=CARTESIAN_POINT('',(0.09712,-0.03147,-0.01104));
#16633=CARTESIAN_POINT('',(0.09712,-0.02512,0.));
#16634=CARTESIAN_POINT('',(0.08823,-0.0175,-0.0085));
#16635=CARTESIAN_POINT('',(0.08823,-0.0175,0.));
#16636=CARTESIAN_POINT('',(0.08823,-0.01623,0.));
#16637=CARTESIAN_POINT('',(0.08823,-0.01877,0.));
#16638=CARTESIAN_POINT('',(0.08823,-0.01623,-0.0085));
#16639=CARTESIAN_POINT('',(0.08823,-0.01623,-0.01104));
#16640=CARTESIAN_POINT('',(0.08823,-0.0175,-0.01104));
#16641=CARTESIAN_POINT('',(0.08823,-0.01877,-0.01104));
#16642=CARTESIAN_POINT('',(0.08823,-0.01877,-0.0085));
#16643=CARTESIAN_POINT('',(0.09712,-0.01877,-0.0085));
#16644=CARTESIAN_POINT('',(0.09712,-0.01877,0.));
#16645=CARTESIAN_POINT('',(0.10601,-0.01877,0.));
#16646=CARTESIAN_POINT('',(0.09712,-0.01877,-0.01104));
#16647=CARTESIAN_POINT('',(0.10601,-0.01877,-0.01104));
#16648=CARTESIAN_POINT('',(0.10601,-0.01877,-0.0085));
#16649=CARTESIAN_POINT('',(0.10601,-0.0175,-0.0085));
#16650=CARTESIAN_POINT('',(0.10601,-0.0175,0.));
#16651=CARTESIAN_POINT('',(0.10601,-0.01623,0.));
#16652=CARTESIAN_POINT('',(0.10601,-0.0175,-0.01104));
#16653=CARTESIAN_POINT('',(0.10601,-0.01623,-0.01104));
#16654=CARTESIAN_POINT('',(0.10601,-0.01623,-0.0085));
#16655=CARTESIAN_POINT('',(0.09712,-0.01623,-0.0085));
#16656=CARTESIAN_POINT('',(0.09712,-0.01623,0.));
#16657=CARTESIAN_POINT('',(0.09712,-0.01623,-0.01104));
#16658=CARTESIAN_POINT('',(0.09712,-0.02512,0.));
#16659=CARTESIAN_POINT('',(0.08822,-0.0250575,-0.01224));
#16660=CARTESIAN_POINT('',(0.08822,-0.0250575,-0.01104));
#16661=CARTESIAN_POINT('',(0.08822,-0.01457,-0.01104));
#16662=CARTESIAN_POINT('',(0.08822,-0.035545,-0.01104));
#16663=CARTESIAN_POINT('',(0.08822,-0.01457,-0.01224));
#16664=CARTESIAN_POINT('',(0.08822,-0.01457,-0.01224));
#16665=CARTESIAN_POINT('',(0.08822,-0.0250575,-0.01224));
#16666=CARTESIAN_POINT('',(0.08822,-0.035545,-0.01224));
#16667=CARTESIAN_POINT('',(0.08822,-0.035545,-0.01224));
#16668=CARTESIAN_POINT('',(0.09712,-0.035545,-0.01224));
#16669=CARTESIAN_POINT('',(0.09712,-0.035545,-0.01104));
#16670=CARTESIAN_POINT('',(0.10602,-0.035545,-0.01104));
#16671=CARTESIAN_POINT('',(0.09712,-0.035545,-0.01224));
#16672=CARTESIAN_POINT('',(0.10602,-0.035545,-0.01224));
#16673=CARTESIAN_POINT('',(0.10602,-0.035545,-0.01224));
#16674=CARTESIAN_POINT('',(0.10602,-0.0250575,-0.01224));
#16675=CARTESIAN_POINT('',(0.10602,-0.0250575,-0.01104));
#16676=CARTESIAN_POINT('',(0.10602,-0.01457,-0.01104));
#16677=CARTESIAN_POINT('',(0.10602,-0.0250575,-0.01224));
#16678=CARTESIAN_POINT('',(0.10602,-0.01457,-0.01224));
#16679=CARTESIAN_POINT('',(0.10602,-0.01457,-0.01224));
#16680=CARTESIAN_POINT('',(0.09712,-0.01457,-0.01224));
#16681=CARTESIAN_POINT('',(0.09712,-0.01457,-0.01104));
#16682=CARTESIAN_POINT('',(0.09712,-0.01457,-0.01224));
#16683=CARTESIAN_POINT('',(0.10159,-0.01457,-0.01224));
#16684=CARTESIAN_POINT('',(0.09712,-0.01457,-0.01224));
#16685=CARTESIAN_POINT('',(0.09265,-0.01457,-0.01224));
#16686=CARTESIAN_POINT('',(0.09712,-0.01457,-0.01224));
#16687=CARTESIAN_POINT('',(0.09712,-0.0250575,-0.01224));
#16688=CARTESIAN_POINT('',(0.09712,-0.02712,-0.01224));
#16689=CARTESIAN_POINT('',(0.10062,-0.02712,-0.01224));
#16690=CARTESIAN_POINT('',(0.09362,-0.02712,-0.01224));
#16691=CARTESIAN_POINT('',(0.09362,-0.03087,-0.01224));
#16692=CARTESIAN_POINT('',(0.09362,-0.03462,-0.01224));
#16693=CARTESIAN_POINT('',(0.09712,-0.03462,-0.01224));
#16694=CARTESIAN_POINT('',(0.10062,-0.03462,-0.01224));
#16695=CARTESIAN_POINT('',(0.10062,-0.03087,-0.01224));
#16696=CARTESIAN_POINT('',(0.09265,-0.016745,-0.01224));
#16697=CARTESIAN_POINT('',(0.09265,-0.02042,-0.01224));
#16698=CARTESIAN_POINT('',(0.09712,-0.02042,-0.01224));
#16699=CARTESIAN_POINT('',(0.10159,-0.02042,-0.01224));
#16700=CARTESIAN_POINT('',(0.10159,-0.016745,-0.01224));
#16701=CARTESIAN_POINT('',(0.09712,-0.0250575,-0.01104));
#16702=CARTESIAN_POINT('',(0.09712,-0.016745,-0.01224));
#16703=CARTESIAN_POINT('',(0.10159,-0.016745,-0.01224));
#16704=CARTESIAN_POINT('',(0.10159,-0.01307,-0.01224));
#16705=CARTESIAN_POINT('',(0.09712,-0.01307,-0.01224));
#16706=CARTESIAN_POINT('',(0.09265,-0.01307,-0.01224));
#16707=CARTESIAN_POINT('',(0.09265,-0.016745,-0.01224));
#16708=CARTESIAN_POINT('',(0.09265,-0.016745,-0.0155));
#16709=CARTESIAN_POINT('',(0.09265,-0.01307,-0.0155));
#16710=CARTESIAN_POINT('',(0.09265,-0.01307,-0.0155));
#16711=CARTESIAN_POINT('',(0.09265,-0.016745,-0.0155));
#16712=CARTESIAN_POINT('',(0.09265,-0.02042,-0.0155));
#16713=CARTESIAN_POINT('',(0.09265,-0.02042,-0.0155));
#16714=CARTESIAN_POINT('',(0.09712,-0.02042,-0.0155));
#16715=CARTESIAN_POINT('',(0.09712,-0.02042,-0.0155));
#16716=CARTESIAN_POINT('',(0.10159,-0.02042,-0.0155));
#16717=CARTESIAN_POINT('',(0.10159,-0.02042,-0.0155));
#16718=CARTESIAN_POINT('',(0.10159,-0.016745,-0.0155));
#16719=CARTESIAN_POINT('',(0.10159,-0.016745,-0.0155));
#16720=CARTESIAN_POINT('',(0.10159,-0.01307,-0.0155));
#16721=CARTESIAN_POINT('',(0.10159,-0.01307,-0.0155));
#16722=CARTESIAN_POINT('',(0.09712,-0.01307,-0.0155));
#16723=CARTESIAN_POINT('',(0.09712,-0.01307,-0.0155));
#16724=CARTESIAN_POINT('',(0.09712,-0.016745,-0.0155));
#16725=CARTESIAN_POINT('',(0.09362,-0.03087,-0.01464));
#16726=CARTESIAN_POINT('',(0.09362,-0.02712,-0.01464));
#16727=CARTESIAN_POINT('',(0.09362,-0.02712,-0.01464));
#16728=CARTESIAN_POINT('',(0.09362,-0.03087,-0.01464));
#16729=CARTESIAN_POINT('',(0.09362,-0.03462,-0.01464));
#16730=CARTESIAN_POINT('',(0.09362,-0.03462,-0.01464));
#16731=CARTESIAN_POINT('',(0.09712,-0.03462,-0.01464));
#16732=CARTESIAN_POINT('',(0.09712,-0.03462,-0.01464));
#16733=CARTESIAN_POINT('',(0.10062,-0.03462,-0.01464));
#16734=CARTESIAN_POINT('',(0.10062,-0.03462,-0.01464));
#16735=CARTESIAN_POINT('',(0.10062,-0.03087,-0.01464));
#16736=CARTESIAN_POINT('',(0.10062,-0.03087,-0.01464));
#16737=CARTESIAN_POINT('',(0.10062,-0.02712,-0.01464));
#16738=CARTESIAN_POINT('',(0.10062,-0.02712,-0.01464));
#16739=CARTESIAN_POINT('',(0.09712,-0.02712,-0.01464));
#16740=CARTESIAN_POINT('',(0.09712,-0.02712,-0.01464));
#16741=CARTESIAN_POINT('',(0.09712,-0.03087,-0.01464));
#16742=CARTESIAN_POINT('',(-0.17029,0.09566,0.02695));
#16743=CARTESIAN_POINT('',(-0.09513,0.03858,0.03776));
#16744=CARTESIAN_POINT('',(-0.07608,0.03858,0.03776));
#16745=CARTESIAN_POINT('',(-0.09513,0.01953,0.03776));
#16746=CARTESIAN_POINT('',(-0.05703,0.01953,0.02846));
#16747=CARTESIAN_POINT('',(0.036575,0.,0.0012));
#16748=CARTESIAN_POINT('',(0.036575,0.,0.));
#16749=CARTESIAN_POINT('',(0.,0.,0.));
#16750=CARTESIAN_POINT('',(0.07315,0.,0.));
#16751=CARTESIAN_POINT('',(0.,0.,0.0012));
#16752=CARTESIAN_POINT('',(0.,0.,0.0012));
#16753=CARTESIAN_POINT('',(0.036575,0.,0.0012));
#16754=CARTESIAN_POINT('',(0.07315,0.,0.0012));
#16755=CARTESIAN_POINT('',(0.07315,0.,0.0012));
#16756=CARTESIAN_POINT('',(0.,-0.01054,0.0012));
#16757=CARTESIAN_POINT('',(0.,-0.01054,0.));
#16758=CARTESIAN_POINT('',(0.,-0.02108,0.));
#16759=CARTESIAN_POINT('',(0.,-0.02108,0.0012));
#16760=CARTESIAN_POINT('',(0.,-0.02108,0.0012));
#16761=CARTESIAN_POINT('',(0.,-0.01054,0.0012));
#16762=CARTESIAN_POINT('',(0.036575,-0.02108,0.0012));
#16763=CARTESIAN_POINT('',(0.036575,-0.02108,0.));
#16764=CARTESIAN_POINT('',(0.07315,-0.02108,0.));
#16765=CARTESIAN_POINT('',(0.07315,-0.02108,0.0012));
#16766=CARTESIAN_POINT('',(0.07315,-0.02108,0.0012));
#16767=CARTESIAN_POINT('',(0.036575,-0.02108,0.0012));
#16768=CARTESIAN_POINT('',(0.00241,-0.00241,0.0012));
#16769=CARTESIAN_POINT('',(0.00241,-0.00241,0.0012));
#16770=CARTESIAN_POINT('',(0.00116,-0.00241,0.0012));
#16771=CARTESIAN_POINT('',(0.00241,-0.00241,0.));
#16772=CARTESIAN_POINT('',(0.00116,-0.00241,0.));
#16773=CARTESIAN_POINT('',(0.00241,-0.01867,0.0012));
#16774=CARTESIAN_POINT('',(0.00241,-0.01867,0.0012));
#16775=CARTESIAN_POINT('',(0.00116,-0.01867,0.0012));
#16776=CARTESIAN_POINT('',(0.00241,-0.01867,0.));
#16777=CARTESIAN_POINT('',(0.00116,-0.01867,0.));
#16778=CARTESIAN_POINT('',(0.07315,-0.01054,0.0012));
#16779=CARTESIAN_POINT('',(0.07315,-0.01054,0.));
#16780=CARTESIAN_POINT('',(0.07315,-0.01054,0.0012));
#16781=CARTESIAN_POINT('',(0.036575,-0.01054,0.0012));
#16782=CARTESIAN_POINT('',(0.03836,-0.00165,0.0012));
#16783=CARTESIAN_POINT('',(0.06961,-0.00165,0.0012));
#16784=CARTESIAN_POINT('',(0.00711,-0.00165,0.0012));
#16785=CARTESIAN_POINT('',(0.06961,-0.0106,0.0012));
#16786=CARTESIAN_POINT('',(0.06961,-0.01955,0.0012));
#16787=CARTESIAN_POINT('',(0.036575,-0.01955,0.0012));
#16788=CARTESIAN_POINT('',(0.00711,-0.01955,0.0012));
#16789=CARTESIAN_POINT('',(0.00711,-0.01054,0.0012));
#16790=CARTESIAN_POINT('',(0.036575,-0.01054,0.));
#16791=CARTESIAN_POINT('',(0.03836,-0.00165,0.00356));
#16792=CARTESIAN_POINT('',(0.06961,-0.00165,0.00356));
#16793=CARTESIAN_POINT('',(0.06961,-0.00165,0.00356));
#16794=CARTESIAN_POINT('',(0.00711,-0.00165,0.00356));
#16795=CARTESIAN_POINT('',(0.00711,-0.00165,0.00356));
#16796=CARTESIAN_POINT('',(0.03836,-0.00165,0.00356));
#16797=CARTESIAN_POINT('',(0.00711,-0.0106,0.00356));
#16798=CARTESIAN_POINT('',(0.00711,-0.01955,0.00356));
#16799=CARTESIAN_POINT('',(0.00711,-0.01955,0.00356));
#16800=CARTESIAN_POINT('',(0.00711,-0.01054,0.00356));
#16801=CARTESIAN_POINT('',(0.03836,-0.01955,0.00356));
#16802=CARTESIAN_POINT('',(0.06961,-0.01955,0.00356));
#16803=CARTESIAN_POINT('',(0.06961,-0.01955,0.00356));
#16804=CARTESIAN_POINT('',(0.036575,-0.01955,0.00356));
#16805=CARTESIAN_POINT('',(0.06961,-0.0106,0.00356));
#16806=CARTESIAN_POINT('',(0.06961,-0.0106,0.00356));
#16807=CARTESIAN_POINT('',(0.036575,-0.01054,0.00356));
#16808=CARTESIAN_POINT('',(-0.038775,-0.0280321653150805,0.00718466464171861));
#16809=CARTESIAN_POINT('',(0.09294,-0.099625,0.002595));
#16810=CARTESIAN_POINT('',(0.09294,-0.099625,0.002595));
#16811=CARTESIAN_POINT('',(0.09294,-0.099375,0.002595));
#16812=CARTESIAN_POINT('',(0.09294,-0.099625,-0.000905));
#16813=CARTESIAN_POINT('',(0.09294,-0.099875,-0.000905));
#16814=CARTESIAN_POINT('',(0.09344,-0.099625,0.002595));
#16815=CARTESIAN_POINT('',(0.09344,-0.099625,0.003095));
#16816=CARTESIAN_POINT('',(0.09344,-0.099625,0.003345));
#16817=CARTESIAN_POINT('',(0.09344,-0.099625,0.003095));
#16818=CARTESIAN_POINT('',(0.10006,-0.099625,0.003095));
#16819=CARTESIAN_POINT('',(0.10006,-0.099625,0.003345));
#16820=CARTESIAN_POINT('',(0.10006,-0.099625,0.002595));
#16821=CARTESIAN_POINT('',(0.10056,-0.099625,0.002595));
#16822=CARTESIAN_POINT('',(0.10056,-0.099875,0.002595));
#16823=CARTESIAN_POINT('',(0.10056,-0.099625,0.002595));
#16824=CARTESIAN_POINT('',(0.10056,-0.099625,-0.000905));
#16825=CARTESIAN_POINT('',(0.10056,-0.099375,-0.000905));
#16826=CARTESIAN_POINT('',(0.09319,-0.099625,-0.000905));
#16827=CARTESIAN_POINT('',(0.10031,-0.099625,-0.000905));
#16828=CARTESIAN_POINT('',(-0.170287898826536,0.0956649017604179,0.0269519116441274));
#16829=CARTESIAN_POINT('',(0.08715,-0.107484,-8.5E-5));
#16830=CARTESIAN_POINT('',(0.08715,-0.107484,-8.5E-5));
#16831=CARTESIAN_POINT('',(0.08715,-0.107484,-8.5E-5));
#16832=CARTESIAN_POINT('',(0.087404,-0.10723,-8.5E-5));
#16833=CARTESIAN_POINT('',(0.087404,-0.10723,-8.5E-5));
#16834=CARTESIAN_POINT('',(0.087404,-0.10723,-0.002625));
#16835=CARTESIAN_POINT('',(0.08715,-0.107484,-0.002625));
#16836=CARTESIAN_POINT('',(0.08715,-0.107484,-0.002625));
#16837=CARTESIAN_POINT('',(0.08715,-0.107484,-8.5E-5));
#16838=CARTESIAN_POINT('',(0.08715,-0.109516,-8.5E-5));
#16839=CARTESIAN_POINT('',(0.08715,-0.109516,-8.5E-5));
#16840=CARTESIAN_POINT('',(0.08715,-0.109516,-8.5E-5));
#16841=CARTESIAN_POINT('',(0.08715,-0.1085,-0.002625));
#16842=CARTESIAN_POINT('',(0.08715,-0.109516,-0.002625));
#16843=CARTESIAN_POINT('',(0.08715,-0.109516,-8.5E-5));
#16844=CARTESIAN_POINT('',(0.087404,-0.10723,-8.5E-5));
#16845=CARTESIAN_POINT('',(0.087404,-0.10723,-8.5E-5));
#16846=CARTESIAN_POINT('',(0.089436,-0.10723,-8.5E-5));
#16847=CARTESIAN_POINT('',(0.089436,-0.10723,-8.5E-5));
#16848=CARTESIAN_POINT('',(0.089436,-0.10723,-0.002625));
#16849=CARTESIAN_POINT('',(0.09731,-0.10723,-0.002625));
#16850=CARTESIAN_POINT('',(0.09731,-0.1085,-8.50000000000011E-5));
#16851=CARTESIAN_POINT('',(0.087404,-0.10977,-8.5E-5));
#16852=CARTESIAN_POINT('',(0.087404,-0.10977,-8.5E-5));
#16853=CARTESIAN_POINT('',(0.089436,-0.10977,-8.5E-5));
#16854=CARTESIAN_POINT('',(0.089436,-0.10977,-8.5E-5));
#16855=CARTESIAN_POINT('',(0.08969,-0.109516,-8.5E-5));
#16856=CARTESIAN_POINT('',(0.08969,-0.109516,-8.5E-5));
#16857=CARTESIAN_POINT('',(0.089944,-0.10977,-8.5E-5));
#16858=CARTESIAN_POINT('',(0.089944,-0.10977,-8.5E-5));
#16859=CARTESIAN_POINT('',(0.091976,-0.10977,-8.5E-5));
#16860=CARTESIAN_POINT('',(0.091976,-0.10977,-8.5E-5));
#16861=CARTESIAN_POINT('',(0.09223,-0.109516,-8.5E-5));
#16862=CARTESIAN_POINT('',(0.09223,-0.109516,-8.5E-5));
#16863=CARTESIAN_POINT('',(0.092484,-0.10977,-8.5E-5));
#16864=CARTESIAN_POINT('',(0.092484,-0.10977,-8.5E-5));
#16865=CARTESIAN_POINT('',(0.094516,-0.10977,-8.5E-5));
#16866=CARTESIAN_POINT('',(0.094516,-0.10977,-8.5E-5));
#16867=CARTESIAN_POINT('',(0.09477,-0.109516,-8.5E-5));
#16868=CARTESIAN_POINT('',(0.09477,-0.109516,-8.5E-5));
#16869=CARTESIAN_POINT('',(0.095024,-0.10977,-8.5E-5));
#16870=CARTESIAN_POINT('',(0.095024,-0.10977,-8.5E-5));
#16871=CARTESIAN_POINT('',(0.097056,-0.10977,-8.50000000000011E-5));
#16872=CARTESIAN_POINT('',(0.097056,-0.10977,-8.50000000000011E-5));
#16873=CARTESIAN_POINT('',(0.09731,-0.109516,-8.50000000000011E-5));
#16874=CARTESIAN_POINT('',(0.09731,-0.109516,-8.50000000000011E-5));
#16875=CARTESIAN_POINT('',(0.097564,-0.10977,-8.50000000000011E-5));
#16876=CARTESIAN_POINT('',(0.097564,-0.10977,-8.50000000000011E-5));
#16877=CARTESIAN_POINT('',(0.099596,-0.10977,-8.50000000000014E-5));
#16878=CARTESIAN_POINT('',(0.099596,-0.10977,-8.50000000000014E-5));
#16879=CARTESIAN_POINT('',(0.09985,-0.109516,-8.50000000000014E-5));
#16880=CARTESIAN_POINT('',(0.09985,-0.109516,-8.50000000000014E-5));
#16881=CARTESIAN_POINT('',(0.100104,-0.10977,-8.50000000000014E-5));
#16882=CARTESIAN_POINT('',(0.100104,-0.10977,-8.50000000000014E-5));
#16883=CARTESIAN_POINT('',(0.102136,-0.10977,-8.50000000000017E-5));
#16884=CARTESIAN_POINT('',(0.102136,-0.10977,-8.50000000000017E-5));
#16885=CARTESIAN_POINT('',(0.10239,-0.109516,-8.50000000000017E-5));
#16886=CARTESIAN_POINT('',(0.10239,-0.109516,-8.50000000000017E-5));
#16887=CARTESIAN_POINT('',(0.102644,-0.10977,-8.50000000000018E-5));
#16888=CARTESIAN_POINT('',(0.102644,-0.10977,-8.50000000000018E-5));
#16889=CARTESIAN_POINT('',(0.104676,-0.10977,-8.5000000000002E-5));
#16890=CARTESIAN_POINT('',(0.104676,-0.10977,-8.5000000000002E-5));
#16891=CARTESIAN_POINT('',(0.10493,-0.109516,-8.5000000000002E-5));
#16892=CARTESIAN_POINT('',(0.10493,-0.109516,-8.5000000000002E-5));
#16893=CARTESIAN_POINT('',(0.105184,-0.10977,-8.50000000000021E-5));
#16894=CARTESIAN_POINT('',(0.105184,-0.10977,-8.50000000000021E-5));
#16895=CARTESIAN_POINT('',(0.107216,-0.10977,-8.50000000000023E-5));
#16896=CARTESIAN_POINT('',(0.107216,-0.10977,-8.50000000000023E-5));
#16897=CARTESIAN_POINT('',(0.10747,-0.109516,-8.50000000000023E-5));
#16898=CARTESIAN_POINT('',(0.10747,-0.109516,-8.50000000000023E-5));
#16899=CARTESIAN_POINT('',(0.10747,-0.107484,-8.50000000000023E-5));
#16900=CARTESIAN_POINT('',(0.10747,-0.107484,-8.50000000000023E-5));
#16901=CARTESIAN_POINT('',(0.107216,-0.10723,-8.50000000000023E-5));
#16902=CARTESIAN_POINT('',(0.107216,-0.10723,-8.50000000000023E-5));
#16903=CARTESIAN_POINT('',(0.105184,-0.10723,-8.50000000000021E-5));
#16904=CARTESIAN_POINT('',(0.105184,-0.10723,-8.50000000000021E-5));
#16905=CARTESIAN_POINT('',(0.10493,-0.107484,-8.5000000000002E-5));
#16906=CARTESIAN_POINT('',(0.10493,-0.107484,-8.5000000000002E-5));
#16907=CARTESIAN_POINT('',(0.104676,-0.10723,-8.5000000000002E-5));
#16908=CARTESIAN_POINT('',(0.104676,-0.10723,-8.5000000000002E-5));
#16909=CARTESIAN_POINT('',(0.102644,-0.10723,-8.50000000000018E-5));
#16910=CARTESIAN_POINT('',(0.102644,-0.10723,-8.50000000000018E-5));
#16911=CARTESIAN_POINT('',(0.10239,-0.107484,-8.50000000000017E-5));
#16912=CARTESIAN_POINT('',(0.10239,-0.107484,-8.50000000000017E-5));
#16913=CARTESIAN_POINT('',(0.102136,-0.10723,-8.50000000000017E-5));
#16914=CARTESIAN_POINT('',(0.102136,-0.10723,-8.50000000000017E-5));
#16915=CARTESIAN_POINT('',(0.100104,-0.10723,-8.50000000000014E-5));
#16916=CARTESIAN_POINT('',(0.100104,-0.10723,-8.50000000000014E-5));
#16917=CARTESIAN_POINT('',(0.09985,-0.107484,-8.50000000000014E-5));
#16918=CARTESIAN_POINT('',(0.09985,-0.107484,-8.50000000000014E-5));
#16919=CARTESIAN_POINT('',(0.099596,-0.10723,-8.50000000000014E-5));
#16920=CARTESIAN_POINT('',(0.099596,-0.10723,-8.50000000000014E-5));
#16921=CARTESIAN_POINT('',(0.097564,-0.10723,-8.50000000000011E-5));
#16922=CARTESIAN_POINT('',(0.097564,-0.10723,-8.50000000000011E-5));
#16923=CARTESIAN_POINT('',(0.09731,-0.107484,-8.50000000000011E-5));
#16924=CARTESIAN_POINT('',(0.09731,-0.107484,-8.50000000000011E-5));
#16925=CARTESIAN_POINT('',(0.097056,-0.10723,-8.50000000000011E-5));
#16926=CARTESIAN_POINT('',(0.097056,-0.10723,-8.50000000000011E-5));
#16927=CARTESIAN_POINT('',(0.095024,-0.10723,-8.5E-5));
#16928=CARTESIAN_POINT('',(0.095024,-0.10723,-8.5E-5));
#16929=CARTESIAN_POINT('',(0.09477,-0.107484,-8.5E-5));
#16930=CARTESIAN_POINT('',(0.09477,-0.107484,-8.5E-5));
#16931=CARTESIAN_POINT('',(0.094516,-0.10723,-8.5E-5));
#16932=CARTESIAN_POINT('',(0.094516,-0.10723,-8.5E-5));
#16933=CARTESIAN_POINT('',(0.092484,-0.10723,-8.5E-5));
#16934=CARTESIAN_POINT('',(0.092484,-0.10723,-8.5E-5));
#16935=CARTESIAN_POINT('',(0.09223,-0.107484,-8.5E-5));
#16936=CARTESIAN_POINT('',(0.09223,-0.107484,-8.5E-5));
#16937=CARTESIAN_POINT('',(0.091976,-0.10723,-8.5E-5));
#16938=CARTESIAN_POINT('',(0.091976,-0.10723,-8.5E-5));
#16939=CARTESIAN_POINT('',(0.089944,-0.10723,-8.5E-5));
#16940=CARTESIAN_POINT('',(0.089944,-0.10723,-8.5E-5));
#16941=CARTESIAN_POINT('',(0.08969,-0.107484,-8.5E-5));
#16942=CARTESIAN_POINT('',(0.08969,-0.107484,-8.5E-5));
#16943=CARTESIAN_POINT('',(0.089436,-0.10723,-8.5E-5));
#16944=CARTESIAN_POINT('',(0.09731,-0.10882,-8.50000000000011E-5));
#16945=CARTESIAN_POINT('',(0.10652,-0.10882,-8.50000000000022E-5));
#16946=CARTESIAN_POINT('',(0.10588,-0.10882,-8.50000000000022E-5));
#16947=CARTESIAN_POINT('',(0.10588,-0.1085,-8.50000000000022E-5));
#16948=CARTESIAN_POINT('',(0.10588,-0.10818,-8.50000000000022E-5));
#16949=CARTESIAN_POINT('',(0.10652,-0.10818,-8.50000000000022E-5));
#16950=CARTESIAN_POINT('',(0.10652,-0.10818,-8.50000000000022E-5));
#16951=CARTESIAN_POINT('',(0.10652,-0.10818,-8.50000000000022E-5));
#16952=CARTESIAN_POINT('',(0.10398,-0.10818,-8.50000000000019E-5));
#16953=CARTESIAN_POINT('',(0.10398,-0.10818,-8.50000000000019E-5));
#16954=CARTESIAN_POINT('',(0.10334,-0.10818,-8.50000000000018E-5));
#16955=CARTESIAN_POINT('',(0.10398,-0.10818,-8.50000000000019E-5));
#16956=CARTESIAN_POINT('',(0.10398,-0.10882,-8.50000000000019E-5));
#16957=CARTESIAN_POINT('',(0.09731,-0.10882,-8.50000000000011E-5));
#16958=CARTESIAN_POINT('',(0.10334,-0.10882,-8.50000000000018E-5));
#16959=CARTESIAN_POINT('',(0.10334,-0.1085,-8.50000000000018E-5));
#16960=CARTESIAN_POINT('',(0.09572,-0.1085,-8.5E-5));
#16961=CARTESIAN_POINT('',(0.09572,-0.10882,-8.5E-5));
#16962=CARTESIAN_POINT('',(0.09572,-0.10818,-8.5E-5));
#16963=CARTESIAN_POINT('',(0.09636,-0.10818,-8.5000000000001E-5));
#16964=CARTESIAN_POINT('',(0.09636,-0.10818,-8.5000000000001E-5));
#16965=CARTESIAN_POINT('',(0.09636,-0.10818,-8.5000000000001E-5));
#16966=CARTESIAN_POINT('',(0.09636,-0.10882,-8.5000000000001E-5));
#16967=CARTESIAN_POINT('',(0.09731,-0.10882,-8.50000000000011E-5));
#16968=CARTESIAN_POINT('',(0.10144,-0.10818,-8.50000000000016E-5));
#16969=CARTESIAN_POINT('',(0.10144,-0.10818,-8.50000000000016E-5));
#16970=CARTESIAN_POINT('',(0.1008,-0.10818,-8.50000000000015E-5));
#16971=CARTESIAN_POINT('',(0.10144,-0.10818,-8.50000000000016E-5));
#16972=CARTESIAN_POINT('',(0.10144,-0.10882,-8.50000000000016E-5));
#16973=CARTESIAN_POINT('',(0.09731,-0.10882,-8.50000000000011E-5));
#16974=CARTESIAN_POINT('',(0.1008,-0.10882,-8.50000000000015E-5));
#16975=CARTESIAN_POINT('',(0.1008,-0.1085,-8.50000000000015E-5));
#16976=CARTESIAN_POINT('',(0.09826,-0.1085,-8.50000000000012E-5));
#16977=CARTESIAN_POINT('',(0.09826,-0.10882,-8.50000000000012E-5));
#16978=CARTESIAN_POINT('',(0.09826,-0.10818,-8.50000000000012E-5));
#16979=CARTESIAN_POINT('',(0.0989,-0.10818,-8.50000000000013E-5));
#16980=CARTESIAN_POINT('',(0.0989,-0.10818,-8.50000000000013E-5));
#16981=CARTESIAN_POINT('',(0.0989,-0.10818,-8.50000000000013E-5));
#16982=CARTESIAN_POINT('',(0.0989,-0.10882,-8.50000000000013E-5));
#16983=CARTESIAN_POINT('',(0.09731,-0.10882,-8.50000000000011E-5));
#16984=CARTESIAN_POINT('',(0.09128,-0.10818,-8.5E-5));
#16985=CARTESIAN_POINT('',(0.09128,-0.10818,-8.5E-5));
#16986=CARTESIAN_POINT('',(0.09064,-0.10818,-8.5E-5));
#16987=CARTESIAN_POINT('',(0.09128,-0.10818,-8.5E-5));
#16988=CARTESIAN_POINT('',(0.09128,-0.10882,-8.5E-5));
#16989=CARTESIAN_POINT('',(0.09731,-0.10882,-8.50000000000011E-5));
#16990=CARTESIAN_POINT('',(0.09064,-0.10882,-8.5E-5));
#16991=CARTESIAN_POINT('',(0.09064,-0.1085,-8.5E-5));
#16992=CARTESIAN_POINT('',(0.09731,-0.10882,-8.50000000000011E-5));
#16993=CARTESIAN_POINT('',(0.09382,-0.10882,-8.5E-5));
#16994=CARTESIAN_POINT('',(0.09318,-0.10882,-8.5E-5));
#16995=CARTESIAN_POINT('',(0.09318,-0.1085,-8.5E-5));
#16996=CARTESIAN_POINT('',(0.09318,-0.10818,-8.5E-5));
#16997=CARTESIAN_POINT('',(0.09382,-0.10818,-8.5E-5));
#16998=CARTESIAN_POINT('',(0.09382,-0.10818,-8.5E-5));
#16999=CARTESIAN_POINT('',(0.09382,-0.10818,-8.5E-5));
#17000=CARTESIAN_POINT('',(0.0881,-0.1085,-8.5E-5));
#17001=CARTESIAN_POINT('',(0.0881,-0.10882,-8.5E-5));
#17002=CARTESIAN_POINT('',(0.0881,-0.10818,-8.5E-5));
#17003=CARTESIAN_POINT('',(0.08874,-0.10818,-8.5E-5));
#17004=CARTESIAN_POINT('',(0.08874,-0.10818,-8.5E-5));
#17005=CARTESIAN_POINT('',(0.08874,-0.10818,-8.5E-5));
#17006=CARTESIAN_POINT('',(0.08874,-0.10882,-8.5E-5));
#17007=CARTESIAN_POINT('',(0.09731,-0.10882,-8.50000000000011E-5));
#17008=CARTESIAN_POINT('',(0.09731,-0.1085,-0.002625));
#17009=CARTESIAN_POINT('',(0.089436,-0.10723,-0.002625));
#17010=CARTESIAN_POINT('',(0.08969,-0.107484,-0.002625));
#17011=CARTESIAN_POINT('',(0.08969,-0.107484,-0.002625));
#17012=CARTESIAN_POINT('',(0.089944,-0.10723,-0.002625));
#17013=CARTESIAN_POINT('',(0.09731,-0.10723,-0.002625));
#17014=CARTESIAN_POINT('',(0.091976,-0.10723,-0.002625));
#17015=CARTESIAN_POINT('',(0.091976,-0.10723,-0.002625));
#17016=CARTESIAN_POINT('',(0.09223,-0.107484,-0.002625));
#17017=CARTESIAN_POINT('',(0.09223,-0.107484,-0.002625));
#17018=CARTESIAN_POINT('',(0.092484,-0.10723,-0.002625));
#17019=CARTESIAN_POINT('',(0.09731,-0.10723,-0.002625));
#17020=CARTESIAN_POINT('',(0.094516,-0.10723,-0.002625));
#17021=CARTESIAN_POINT('',(0.094516,-0.10723,-0.002625));
#17022=CARTESIAN_POINT('',(0.09477,-0.107484,-0.002625));
#17023=CARTESIAN_POINT('',(0.09477,-0.107484,-0.002625));
#17024=CARTESIAN_POINT('',(0.095024,-0.10723,-0.002625));
#17025=CARTESIAN_POINT('',(0.09731,-0.10723,-0.002625));
#17026=CARTESIAN_POINT('',(0.097056,-0.10723,-0.002625));
#17027=CARTESIAN_POINT('',(0.097056,-0.10723,-0.002625));
#17028=CARTESIAN_POINT('',(0.09731,-0.107484,-0.002625));
#17029=CARTESIAN_POINT('',(0.09731,-0.107484,-0.002625));
#17030=CARTESIAN_POINT('',(0.097564,-0.10723,-0.002625));
#17031=CARTESIAN_POINT('',(0.09731,-0.10723,-0.002625));
#17032=CARTESIAN_POINT('',(0.099596,-0.10723,-0.002625));
#17033=CARTESIAN_POINT('',(0.099596,-0.10723,-0.002625));
#17034=CARTESIAN_POINT('',(0.09985,-0.107484,-0.002625));
#17035=CARTESIAN_POINT('',(0.09985,-0.107484,-0.002625));
#17036=CARTESIAN_POINT('',(0.100104,-0.10723,-0.002625));
#17037=CARTESIAN_POINT('',(0.09731,-0.10723,-0.002625));
#17038=CARTESIAN_POINT('',(0.102136,-0.10723,-0.002625));
#17039=CARTESIAN_POINT('',(0.102136,-0.10723,-0.002625));
#17040=CARTESIAN_POINT('',(0.10239,-0.107484,-0.002625));
#17041=CARTESIAN_POINT('',(0.10239,-0.107484,-0.002625));
#17042=CARTESIAN_POINT('',(0.102644,-0.10723,-0.002625));
#17043=CARTESIAN_POINT('',(0.09731,-0.10723,-0.002625));
#17044=CARTESIAN_POINT('',(0.104676,-0.10723,-0.002625));
#17045=CARTESIAN_POINT('',(0.104676,-0.10723,-0.002625));
#17046=CARTESIAN_POINT('',(0.10493,-0.107484,-0.002625));
#17047=CARTESIAN_POINT('',(0.10493,-0.107484,-0.002625));
#17048=CARTESIAN_POINT('',(0.105184,-0.10723,-0.002625));
#17049=CARTESIAN_POINT('',(0.09731,-0.10723,-0.002625));
#17050=CARTESIAN_POINT('',(0.107216,-0.10723,-0.002625));
#17051=CARTESIAN_POINT('',(0.107216,-0.10723,-0.002625));
#17052=CARTESIAN_POINT('',(0.10747,-0.107484,-0.002625));
#17053=CARTESIAN_POINT('',(0.10747,-0.1085,-0.002625));
#17054=CARTESIAN_POINT('',(0.10747,-0.109516,-0.002625));
#17055=CARTESIAN_POINT('',(0.10747,-0.109516,-0.002625));
#17056=CARTESIAN_POINT('',(0.107216,-0.10977,-0.002625));
#17057=CARTESIAN_POINT('',(0.09731,-0.10977,-0.002625));
#17058=CARTESIAN_POINT('',(0.105184,-0.10977,-0.002625));
#17059=CARTESIAN_POINT('',(0.105184,-0.10977,-0.002625));
#17060=CARTESIAN_POINT('',(0.10493,-0.109516,-0.002625));
#17061=CARTESIAN_POINT('',(0.10493,-0.109516,-0.002625));
#17062=CARTESIAN_POINT('',(0.104676,-0.10977,-0.002625));
#17063=CARTESIAN_POINT('',(0.09731,-0.10977,-0.002625));
#17064=CARTESIAN_POINT('',(0.102644,-0.10977,-0.002625));
#17065=CARTESIAN_POINT('',(0.102644,-0.10977,-0.002625));
#17066=CARTESIAN_POINT('',(0.10239,-0.109516,-0.002625));
#17067=CARTESIAN_POINT('',(0.10239,-0.109516,-0.002625));
#17068=CARTESIAN_POINT('',(0.102136,-0.10977,-0.002625));
#17069=CARTESIAN_POINT('',(0.09731,-0.10977,-0.002625));
#17070=CARTESIAN_POINT('',(0.100104,-0.10977,-0.002625));
#17071=CARTESIAN_POINT('',(0.100104,-0.10977,-0.002625));
#17072=CARTESIAN_POINT('',(0.09985,-0.109516,-0.002625));
#17073=CARTESIAN_POINT('',(0.09985,-0.109516,-0.002625));
#17074=CARTESIAN_POINT('',(0.099596,-0.10977,-0.002625));
#17075=CARTESIAN_POINT('',(0.09731,-0.10977,-0.002625));
#17076=CARTESIAN_POINT('',(0.097564,-0.10977,-0.002625));
#17077=CARTESIAN_POINT('',(0.097564,-0.10977,-0.002625));
#17078=CARTESIAN_POINT('',(0.09731,-0.109516,-0.002625));
#17079=CARTESIAN_POINT('',(0.09731,-0.109516,-0.002625));
#17080=CARTESIAN_POINT('',(0.097056,-0.10977,-0.002625));
#17081=CARTESIAN_POINT('',(0.09731,-0.10977,-0.002625));
#17082=CARTESIAN_POINT('',(0.095024,-0.10977,-0.002625));
#17083=CARTESIAN_POINT('',(0.095024,-0.10977,-0.002625));
#17084=CARTESIAN_POINT('',(0.09477,-0.109516,-0.002625));
#17085=CARTESIAN_POINT('',(0.09477,-0.109516,-0.002625));
#17086=CARTESIAN_POINT('',(0.094516,-0.10977,-0.002625));
#17087=CARTESIAN_POINT('',(0.09731,-0.10977,-0.002625));
#17088=CARTESIAN_POINT('',(0.092484,-0.10977,-0.002625));
#17089=CARTESIAN_POINT('',(0.092484,-0.10977,-0.002625));
#17090=CARTESIAN_POINT('',(0.09223,-0.109516,-0.002625));
#17091=CARTESIAN_POINT('',(0.09223,-0.109516,-0.002625));
#17092=CARTESIAN_POINT('',(0.091976,-0.10977,-0.002625));
#17093=CARTESIAN_POINT('',(0.09731,-0.10977,-0.002625));
#17094=CARTESIAN_POINT('',(0.089944,-0.10977,-0.002625));
#17095=CARTESIAN_POINT('',(0.089944,-0.10977,-0.002625));
#17096=CARTESIAN_POINT('',(0.08969,-0.109516,-0.002625));
#17097=CARTESIAN_POINT('',(0.08969,-0.109516,-0.002625));
#17098=CARTESIAN_POINT('',(0.089436,-0.10977,-0.002625));
#17099=CARTESIAN_POINT('',(0.09731,-0.10977,-0.002625));
#17100=CARTESIAN_POINT('',(0.087404,-0.10977,-0.002625));
#17101=CARTESIAN_POINT('',(0.087404,-0.10977,-0.002625));
#17102=CARTESIAN_POINT('',(0.10652,-0.1085,-0.002625));
#17103=CARTESIAN_POINT('',(0.10652,-0.10882,-0.002625));
#17104=CARTESIAN_POINT('',(0.10652,-0.10818,-0.002625));
#17105=CARTESIAN_POINT('',(0.09731,-0.10818,-0.002625));
#17106=CARTESIAN_POINT('',(0.10588,-0.10818,-0.002625));
#17107=CARTESIAN_POINT('',(0.10588,-0.10818,-0.002625));
#17108=CARTESIAN_POINT('',(0.10588,-0.10882,-0.002625));
#17109=CARTESIAN_POINT('',(0.10652,-0.10882,-0.002625));
#17110=CARTESIAN_POINT('',(0.10334,-0.10818,-0.002625));
#17111=CARTESIAN_POINT('',(0.10334,-0.10882,-0.002625));
#17112=CARTESIAN_POINT('',(0.10334,-0.10818,-0.002625));
#17113=CARTESIAN_POINT('',(0.10398,-0.10882,-0.002625));
#17114=CARTESIAN_POINT('',(0.10398,-0.10882,-0.002625));
#17115=CARTESIAN_POINT('',(0.10398,-0.1085,-0.002625));
#17116=CARTESIAN_POINT('',(0.10398,-0.10818,-0.002625));
#17117=CARTESIAN_POINT('',(0.09731,-0.10818,-0.002625));
#17118=CARTESIAN_POINT('',(0.09636,-0.10882,-0.002625));
#17119=CARTESIAN_POINT('',(0.09636,-0.10882,-0.002625));
#17120=CARTESIAN_POINT('',(0.09572,-0.10882,-0.002625));
#17121=CARTESIAN_POINT('',(0.09636,-0.1085,-0.002625));
#17122=CARTESIAN_POINT('',(0.09636,-0.10818,-0.002625));
#17123=CARTESIAN_POINT('',(0.09731,-0.10818,-0.002625));
#17124=CARTESIAN_POINT('',(0.09572,-0.10818,-0.002625));
#17125=CARTESIAN_POINT('',(0.09572,-0.10818,-0.002625));
#17126=CARTESIAN_POINT('',(0.1008,-0.10818,-0.002625));
#17127=CARTESIAN_POINT('',(0.1008,-0.10882,-0.002625));
#17128=CARTESIAN_POINT('',(0.1008,-0.10818,-0.002625));
#17129=CARTESIAN_POINT('',(0.10144,-0.10882,-0.002625));
#17130=CARTESIAN_POINT('',(0.10144,-0.10882,-0.002625));
#17131=CARTESIAN_POINT('',(0.10144,-0.1085,-0.002625));
#17132=CARTESIAN_POINT('',(0.10144,-0.10818,-0.002625));
#17133=CARTESIAN_POINT('',(0.09731,-0.10818,-0.002625));
#17134=CARTESIAN_POINT('',(0.0989,-0.10882,-0.002625));
#17135=CARTESIAN_POINT('',(0.0989,-0.10882,-0.002625));
#17136=CARTESIAN_POINT('',(0.09826,-0.10882,-0.002625));
#17137=CARTESIAN_POINT('',(0.0989,-0.1085,-0.002625));
#17138=CARTESIAN_POINT('',(0.0989,-0.10818,-0.002625));
#17139=CARTESIAN_POINT('',(0.09731,-0.10818,-0.002625));
#17140=CARTESIAN_POINT('',(0.09826,-0.10818,-0.002625));
#17141=CARTESIAN_POINT('',(0.09826,-0.10818,-0.002625));
#17142=CARTESIAN_POINT('',(0.09064,-0.10818,-0.002625));
#17143=CARTESIAN_POINT('',(0.09064,-0.10882,-0.002625));
#17144=CARTESIAN_POINT('',(0.09064,-0.10818,-0.002625));
#17145=CARTESIAN_POINT('',(0.09128,-0.10882,-0.002625));
#17146=CARTESIAN_POINT('',(0.09128,-0.10882,-0.002625));
#17147=CARTESIAN_POINT('',(0.09128,-0.1085,-0.002625));
#17148=CARTESIAN_POINT('',(0.09128,-0.10818,-0.002625));
#17149=CARTESIAN_POINT('',(0.09731,-0.10818,-0.002625));
#17150=CARTESIAN_POINT('',(0.09382,-0.1085,-0.002625));
#17151=CARTESIAN_POINT('',(0.09382,-0.10882,-0.002625));
#17152=CARTESIAN_POINT('',(0.09382,-0.10818,-0.002625));
#17153=CARTESIAN_POINT('',(0.09731,-0.10818,-0.002625));
#17154=CARTESIAN_POINT('',(0.09318,-0.10818,-0.002625));
#17155=CARTESIAN_POINT('',(0.09318,-0.10818,-0.002625));
#17156=CARTESIAN_POINT('',(0.09318,-0.10882,-0.002625));
#17157=CARTESIAN_POINT('',(0.09382,-0.10882,-0.002625));
#17158=CARTESIAN_POINT('',(0.08874,-0.10882,-0.002625));
#17159=CARTESIAN_POINT('',(0.08874,-0.10882,-0.002625));
#17160=CARTESIAN_POINT('',(0.0881,-0.10882,-0.002625));
#17161=CARTESIAN_POINT('',(0.08874,-0.1085,-0.002625));
#17162=CARTESIAN_POINT('',(0.08874,-0.10818,-0.002625));
#17163=CARTESIAN_POINT('',(0.09731,-0.10818,-0.002625));
#17164=CARTESIAN_POINT('',(0.0881,-0.10818,-0.002625));
#17165=CARTESIAN_POINT('',(0.0881,-0.10818,-0.002625));
#17166=CARTESIAN_POINT('',(0.087404,-0.10977,-8.5E-5));
#17167=CARTESIAN_POINT('',(0.087404,-0.10977,-8.5E-5));
#17168=CARTESIAN_POINT('',(0.089436,-0.10723,-8.5E-5));
#17169=CARTESIAN_POINT('',(0.08969,-0.107484,-8.5E-5));
#17170=CARTESIAN_POINT('',(0.089436,-0.10977,-8.5E-5));
#17171=CARTESIAN_POINT('',(0.089436,-0.10977,-8.5E-5));
#17172=CARTESIAN_POINT('',(0.08969,-0.107484,-8.5E-5));
#17173=CARTESIAN_POINT('',(0.089944,-0.10723,-8.5E-5));
#17174=CARTESIAN_POINT('',(0.08969,-0.109516,-8.5E-5));
#17175=CARTESIAN_POINT('',(0.08969,-0.109516,-8.5E-5));
#17176=CARTESIAN_POINT('',(0.089944,-0.10723,-8.5E-5));
#17177=CARTESIAN_POINT('',(0.091976,-0.10723,-8.5E-5));
#17178=CARTESIAN_POINT('',(0.089944,-0.10977,-8.5E-5));
#17179=CARTESIAN_POINT('',(0.089944,-0.10977,-8.5E-5));
#17180=CARTESIAN_POINT('',(0.091976,-0.10723,-8.5E-5));
#17181=CARTESIAN_POINT('',(0.09223,-0.107484,-8.5E-5));
#17182=CARTESIAN_POINT('',(0.091976,-0.10977,-8.5E-5));
#17183=CARTESIAN_POINT('',(0.091976,-0.10977,-8.5E-5));
#17184=CARTESIAN_POINT('',(0.09223,-0.107484,-8.5E-5));
#17185=CARTESIAN_POINT('',(0.092484,-0.10723,-8.5E-5));
#17186=CARTESIAN_POINT('',(0.09223,-0.109516,-8.5E-5));
#17187=CARTESIAN_POINT('',(0.09223,-0.109516,-8.5E-5));
#17188=CARTESIAN_POINT('',(0.092484,-0.10723,-8.5E-5));
#17189=CARTESIAN_POINT('',(0.094516,-0.10723,-8.5E-5));
#17190=CARTESIAN_POINT('',(0.092484,-0.10977,-8.5E-5));
#17191=CARTESIAN_POINT('',(0.092484,-0.10977,-8.5E-5));
#17192=CARTESIAN_POINT('',(0.094516,-0.10723,-8.5E-5));
#17193=CARTESIAN_POINT('',(0.09477,-0.107484,-8.5E-5));
#17194=CARTESIAN_POINT('',(0.094516,-0.10977,-8.5E-5));
#17195=CARTESIAN_POINT('',(0.094516,-0.10977,-8.5E-5));
#17196=CARTESIAN_POINT('',(0.09477,-0.107484,-8.5E-5));
#17197=CARTESIAN_POINT('',(0.095024,-0.10723,-8.5E-5));
#17198=CARTESIAN_POINT('',(0.09477,-0.109516,-8.5E-5));
#17199=CARTESIAN_POINT('',(0.09477,-0.109516,-8.5E-5));
#17200=CARTESIAN_POINT('',(0.095024,-0.10723,-8.5E-5));
#17201=CARTESIAN_POINT('',(0.097056,-0.10723,-8.50000000000011E-5));
#17202=CARTESIAN_POINT('',(0.095024,-0.10977,-8.5E-5));
#17203=CARTESIAN_POINT('',(0.095024,-0.10977,-8.5E-5));
#17204=CARTESIAN_POINT('',(0.097056,-0.10723,-8.50000000000011E-5));
#17205=CARTESIAN_POINT('',(0.09731,-0.107484,-8.50000000000011E-5));
#17206=CARTESIAN_POINT('',(0.097056,-0.10977,-8.50000000000011E-5));
#17207=CARTESIAN_POINT('',(0.097056,-0.10977,-8.50000000000011E-5));
#17208=CARTESIAN_POINT('',(0.09731,-0.107484,-8.50000000000011E-5));
#17209=CARTESIAN_POINT('',(0.097564,-0.10723,-8.50000000000011E-5));
#17210=CARTESIAN_POINT('',(0.09731,-0.109516,-8.50000000000011E-5));
#17211=CARTESIAN_POINT('',(0.09731,-0.109516,-8.50000000000011E-5));
#17212=CARTESIAN_POINT('',(0.097564,-0.10723,-8.50000000000011E-5));
#17213=CARTESIAN_POINT('',(0.099596,-0.10723,-8.50000000000014E-5));
#17214=CARTESIAN_POINT('',(0.097564,-0.10977,-8.50000000000011E-5));
#17215=CARTESIAN_POINT('',(0.097564,-0.10977,-8.50000000000011E-5));
#17216=CARTESIAN_POINT('',(0.099596,-0.10723,-8.50000000000014E-5));
#17217=CARTESIAN_POINT('',(0.09985,-0.107484,-8.50000000000014E-5));
#17218=CARTESIAN_POINT('',(0.099596,-0.10977,-8.50000000000014E-5));
#17219=CARTESIAN_POINT('',(0.099596,-0.10977,-8.50000000000014E-5));
#17220=CARTESIAN_POINT('',(0.09985,-0.107484,-8.50000000000014E-5));
#17221=CARTESIAN_POINT('',(0.100104,-0.10723,-8.50000000000014E-5));
#17222=CARTESIAN_POINT('',(0.09985,-0.109516,-8.50000000000014E-5));
#17223=CARTESIAN_POINT('',(0.09985,-0.109516,-8.50000000000014E-5));
#17224=CARTESIAN_POINT('',(0.100104,-0.10723,-8.50000000000014E-5));
#17225=CARTESIAN_POINT('',(0.102136,-0.10723,-8.50000000000017E-5));
#17226=CARTESIAN_POINT('',(0.100104,-0.10977,-8.50000000000014E-5));
#17227=CARTESIAN_POINT('',(0.100104,-0.10977,-8.50000000000014E-5));
#17228=CARTESIAN_POINT('',(0.102136,-0.10723,-8.50000000000017E-5));
#17229=CARTESIAN_POINT('',(0.10239,-0.107484,-8.50000000000017E-5));
#17230=CARTESIAN_POINT('',(0.102136,-0.10977,-8.50000000000017E-5));
#17231=CARTESIAN_POINT('',(0.102136,-0.10977,-8.50000000000017E-5));
#17232=CARTESIAN_POINT('',(0.10239,-0.107484,-8.50000000000017E-5));
#17233=CARTESIAN_POINT('',(0.102644,-0.10723,-8.50000000000018E-5));
#17234=CARTESIAN_POINT('',(0.10239,-0.109516,-8.50000000000017E-5));
#17235=CARTESIAN_POINT('',(0.10239,-0.109516,-8.50000000000017E-5));
#17236=CARTESIAN_POINT('',(0.102644,-0.10723,-8.50000000000018E-5));
#17237=CARTESIAN_POINT('',(0.104676,-0.10723,-8.5000000000002E-5));
#17238=CARTESIAN_POINT('',(0.102644,-0.10977,-8.50000000000018E-5));
#17239=CARTESIAN_POINT('',(0.102644,-0.10977,-8.50000000000018E-5));
#17240=CARTESIAN_POINT('',(0.104676,-0.10723,-8.5000000000002E-5));
#17241=CARTESIAN_POINT('',(0.10493,-0.107484,-8.5000000000002E-5));
#17242=CARTESIAN_POINT('',(0.104676,-0.10977,-8.5000000000002E-5));
#17243=CARTESIAN_POINT('',(0.104676,-0.10977,-8.5000000000002E-5));
#17244=CARTESIAN_POINT('',(0.10493,-0.107484,-8.5000000000002E-5));
#17245=CARTESIAN_POINT('',(0.105184,-0.10723,-8.50000000000021E-5));
#17246=CARTESIAN_POINT('',(0.10493,-0.109516,-8.5000000000002E-5));
#17247=CARTESIAN_POINT('',(0.10493,-0.109516,-8.5000000000002E-5));
#17248=CARTESIAN_POINT('',(0.105184,-0.10723,-8.50000000000021E-5));
#17249=CARTESIAN_POINT('',(0.107216,-0.10723,-8.50000000000023E-5));
#17250=CARTESIAN_POINT('',(0.105184,-0.10977,-8.50000000000021E-5));
#17251=CARTESIAN_POINT('',(0.105184,-0.10977,-8.50000000000021E-5));
#17252=CARTESIAN_POINT('',(0.107216,-0.10723,-8.50000000000023E-5));
#17253=CARTESIAN_POINT('',(0.10747,-0.107484,-8.50000000000023E-5));
#17254=CARTESIAN_POINT('',(0.107216,-0.10977,-8.50000000000023E-5));
#17255=CARTESIAN_POINT('',(0.107216,-0.10977,-8.50000000000023E-5));
#17256=CARTESIAN_POINT('',(0.10747,-0.107484,-8.50000000000023E-5));
#17257=CARTESIAN_POINT('',(0.10747,-0.109516,-8.50000000000023E-5));
#17258=CARTESIAN_POINT('',(0.10747,-0.109516,-8.50000000000023E-5));
#17259=CARTESIAN_POINT('',(0.10652,-0.10818,0.002915));
#17260=CARTESIAN_POINT('',(0.10652,-0.10818,0.002915));
#17261=CARTESIAN_POINT('',(0.10652,-0.10818,0.002755));
#17262=CARTESIAN_POINT('',(0.10652,-0.10818,0.002755));
#17263=CARTESIAN_POINT('',(0.10652,-0.10882,0.002755));
#17264=CARTESIAN_POINT('',(0.10652,-0.10882,0.002915));
#17265=CARTESIAN_POINT('',(0.10652,-0.10882,0.002915));
#17266=CARTESIAN_POINT('',(0.10652,-0.10882,0.002755));
#17267=CARTESIAN_POINT('',(0.10588,-0.10882,0.002755));
#17268=CARTESIAN_POINT('',(0.10588,-0.10882,0.002915));
#17269=CARTESIAN_POINT('',(0.10588,-0.10818,0.002915));
#17270=CARTESIAN_POINT('',(0.10588,-0.10818,0.002755));
#17271=CARTESIAN_POINT('',(0.10588,-0.10818,0.002755));
#17272=CARTESIAN_POINT('',(0.10588,-0.10818,0.002915));
#17273=CARTESIAN_POINT('',(0.10652,-0.10818,0.002915));
#17274=CARTESIAN_POINT('',(0.10652,-0.10818,0.002755));
#17275=CARTESIAN_POINT('',(0.10334,-0.10818,0.002915));
#17276=CARTESIAN_POINT('',(0.10334,-0.10882,0.002915));
#17277=CARTESIAN_POINT('',(0.10334,-0.10882,0.002755));
#17278=CARTESIAN_POINT('',(0.10334,-0.10818,0.002755));
#17279=CARTESIAN_POINT('',(0.10334,-0.10818,0.002755));
#17280=CARTESIAN_POINT('',(0.10334,-0.10818,0.002915));
#17281=CARTESIAN_POINT('',(0.10398,-0.10818,0.002915));
#17282=CARTESIAN_POINT('',(0.10398,-0.10818,0.002755));
#17283=CARTESIAN_POINT('',(0.10398,-0.10818,0.002755));
#17284=CARTESIAN_POINT('',(0.10398,-0.10818,0.002915));
#17285=CARTESIAN_POINT('',(0.10398,-0.10818,0.002915));
#17286=CARTESIAN_POINT('',(0.10398,-0.10818,0.002755));
#17287=CARTESIAN_POINT('',(0.10398,-0.10882,0.002755));
#17288=CARTESIAN_POINT('',(0.10398,-0.10882,0.002915));
#17289=CARTESIAN_POINT('',(0.10398,-0.10882,0.002915));
#17290=CARTESIAN_POINT('',(0.10398,-0.10882,0.002755));
#17291=CARTESIAN_POINT('',(0.09636,-0.10882,0.002915));
#17292=CARTESIAN_POINT('',(0.09636,-0.10882,0.002915));
#17293=CARTESIAN_POINT('',(0.09636,-0.10882,0.002755));
#17294=CARTESIAN_POINT('',(0.09636,-0.10882,0.002755));
#17295=CARTESIAN_POINT('',(0.09572,-0.10882,0.002755));
#17296=CARTESIAN_POINT('',(0.09572,-0.10882,0.002915));
#17297=CARTESIAN_POINT('',(0.09572,-0.10818,0.002915));
#17298=CARTESIAN_POINT('',(0.09572,-0.10818,0.002755));
#17299=CARTESIAN_POINT('',(0.09572,-0.10818,0.002755));
#17300=CARTESIAN_POINT('',(0.09572,-0.10818,0.002915));
#17301=CARTESIAN_POINT('',(0.09636,-0.10818,0.002915));
#17302=CARTESIAN_POINT('',(0.09636,-0.10818,0.002755));
#17303=CARTESIAN_POINT('',(0.09636,-0.10818,0.002755));
#17304=CARTESIAN_POINT('',(0.09636,-0.10818,0.002915));
#17305=CARTESIAN_POINT('',(0.09636,-0.10818,0.002915));
#17306=CARTESIAN_POINT('',(0.09636,-0.10818,0.002755));
#17307=CARTESIAN_POINT('',(0.1008,-0.10818,0.002915));
#17308=CARTESIAN_POINT('',(0.1008,-0.10882,0.002915));
#17309=CARTESIAN_POINT('',(0.1008,-0.10882,0.002755));
#17310=CARTESIAN_POINT('',(0.1008,-0.10818,0.002755));
#17311=CARTESIAN_POINT('',(0.1008,-0.10818,0.002755));
#17312=CARTESIAN_POINT('',(0.1008,-0.10818,0.002915));
#17313=CARTESIAN_POINT('',(0.10144,-0.10818,0.002915));
#17314=CARTESIAN_POINT('',(0.10144,-0.10818,0.002755));
#17315=CARTESIAN_POINT('',(0.10144,-0.10818,0.002755));
#17316=CARTESIAN_POINT('',(0.10144,-0.10818,0.002915));
#17317=CARTESIAN_POINT('',(0.10144,-0.10818,0.002915));
#17318=CARTESIAN_POINT('',(0.10144,-0.10818,0.002755));
#17319=CARTESIAN_POINT('',(0.10144,-0.10882,0.002755));
#17320=CARTESIAN_POINT('',(0.10144,-0.10882,0.002915));
#17321=CARTESIAN_POINT('',(0.10144,-0.10882,0.002915));
#17322=CARTESIAN_POINT('',(0.10144,-0.10882,0.002755));
#17323=CARTESIAN_POINT('',(0.0989,-0.10882,0.002915));
#17324=CARTESIAN_POINT('',(0.0989,-0.10882,0.002915));
#17325=CARTESIAN_POINT('',(0.0989,-0.10882,0.002755));
#17326=CARTESIAN_POINT('',(0.0989,-0.10882,0.002755));
#17327=CARTESIAN_POINT('',(0.09826,-0.10882,0.002755));
#17328=CARTESIAN_POINT('',(0.09826,-0.10882,0.002915));
#17329=CARTESIAN_POINT('',(0.09826,-0.10818,0.002915));
#17330=CARTESIAN_POINT('',(0.09826,-0.10818,0.002755));
#17331=CARTESIAN_POINT('',(0.09826,-0.10818,0.002755));
#17332=CARTESIAN_POINT('',(0.09826,-0.10818,0.002915));
#17333=CARTESIAN_POINT('',(0.0989,-0.10818,0.002915));
#17334=CARTESIAN_POINT('',(0.0989,-0.10818,0.002755));
#17335=CARTESIAN_POINT('',(0.0989,-0.10818,0.002755));
#17336=CARTESIAN_POINT('',(0.0989,-0.10818,0.002915));
#17337=CARTESIAN_POINT('',(0.0989,-0.10818,0.002915));
#17338=CARTESIAN_POINT('',(0.0989,-0.10818,0.002755));
#17339=CARTESIAN_POINT('',(0.09064,-0.10818,0.002915));
#17340=CARTESIAN_POINT('',(0.09064,-0.10882,0.002915));
#17341=CARTESIAN_POINT('',(0.09064,-0.10882,0.002755));
#17342=CARTESIAN_POINT('',(0.09064,-0.10818,0.002755));
#17343=CARTESIAN_POINT('',(0.09064,-0.10818,0.002755));
#17344=CARTESIAN_POINT('',(0.09064,-0.10818,0.002915));
#17345=CARTESIAN_POINT('',(0.09128,-0.10818,0.002915));
#17346=CARTESIAN_POINT('',(0.09128,-0.10818,0.002755));
#17347=CARTESIAN_POINT('',(0.09128,-0.10818,0.002755));
#17348=CARTESIAN_POINT('',(0.09128,-0.10818,0.002915));
#17349=CARTESIAN_POINT('',(0.09128,-0.10818,0.002915));
#17350=CARTESIAN_POINT('',(0.09128,-0.10818,0.002755));
#17351=CARTESIAN_POINT('',(0.09128,-0.10882,0.002755));
#17352=CARTESIAN_POINT('',(0.09128,-0.10882,0.002915));
#17353=CARTESIAN_POINT('',(0.09128,-0.10882,0.002915));
#17354=CARTESIAN_POINT('',(0.09128,-0.10882,0.002755));
#17355=CARTESIAN_POINT('',(0.09382,-0.10818,0.002915));
#17356=CARTESIAN_POINT('',(0.09382,-0.10818,0.002915));
#17357=CARTESIAN_POINT('',(0.09382,-0.10818,0.002755));
#17358=CARTESIAN_POINT('',(0.09382,-0.10818,0.002755));
#17359=CARTESIAN_POINT('',(0.09382,-0.10882,0.002755));
#17360=CARTESIAN_POINT('',(0.09382,-0.10882,0.002915));
#17361=CARTESIAN_POINT('',(0.09382,-0.10882,0.002915));
#17362=CARTESIAN_POINT('',(0.09382,-0.10882,0.002755));
#17363=CARTESIAN_POINT('',(0.09318,-0.10882,0.002755));
#17364=CARTESIAN_POINT('',(0.09318,-0.10882,0.002915));
#17365=CARTESIAN_POINT('',(0.09318,-0.10818,0.002915));
#17366=CARTESIAN_POINT('',(0.09318,-0.10818,0.002755));
#17367=CARTESIAN_POINT('',(0.09318,-0.10818,0.002755));
#17368=CARTESIAN_POINT('',(0.09318,-0.10818,0.002915));
#17369=CARTESIAN_POINT('',(0.09382,-0.10818,0.002915));
#17370=CARTESIAN_POINT('',(0.09382,-0.10818,0.002755));
#17371=CARTESIAN_POINT('',(0.08874,-0.10882,0.002915));
#17372=CARTESIAN_POINT('',(0.08874,-0.10882,0.002915));
#17373=CARTESIAN_POINT('',(0.08874,-0.10882,0.002755));
#17374=CARTESIAN_POINT('',(0.08874,-0.10882,0.002755));
#17375=CARTESIAN_POINT('',(0.0881,-0.10882,0.002755));
#17376=CARTESIAN_POINT('',(0.0881,-0.10882,0.002915));
#17377=CARTESIAN_POINT('',(0.0881,-0.10818,0.002915));
#17378=CARTESIAN_POINT('',(0.0881,-0.10818,0.002755));
#17379=CARTESIAN_POINT('',(0.0881,-0.10818,0.002755));
#17380=CARTESIAN_POINT('',(0.0881,-0.10818,0.002915));
#17381=CARTESIAN_POINT('',(0.08874,-0.10818,0.002915));
#17382=CARTESIAN_POINT('',(0.08874,-0.10818,0.002755));
#17383=CARTESIAN_POINT('',(0.08874,-0.10818,0.002755));
#17384=CARTESIAN_POINT('',(0.08874,-0.10818,0.002915));
#17385=CARTESIAN_POINT('',(0.08874,-0.10818,0.002915));
#17386=CARTESIAN_POINT('',(0.08874,-0.10818,0.002755));
#17387=CARTESIAN_POINT('',(0.10652,-0.10818,0.002915));
#17388=CARTESIAN_POINT('',(0.10652,-0.10818,-0.008465));
#17389=CARTESIAN_POINT('',(0.10652,-0.10818,-0.008465));
#17390=CARTESIAN_POINT('',(0.10652,-0.10882,-0.008465));
#17391=CARTESIAN_POINT('',(0.10652,-0.10818,0.002915));
#17392=CARTESIAN_POINT('',(0.10652,-0.10882,0.002915));
#17393=CARTESIAN_POINT('',(0.10652,-0.10882,0.002915));
#17394=CARTESIAN_POINT('',(0.10588,-0.10882,0.002915));
#17395=CARTESIAN_POINT('',(0.10588,-0.10882,-0.008465));
#17396=CARTESIAN_POINT('',(0.10652,-0.10882,-0.008465));
#17397=CARTESIAN_POINT('',(0.10588,-0.10818,0.002915));
#17398=CARTESIAN_POINT('',(0.10588,-0.10818,0.002915));
#17399=CARTESIAN_POINT('',(0.10588,-0.10818,-0.008465));
#17400=CARTESIAN_POINT('',(0.10588,-0.10818,-0.008465));
#17401=CARTESIAN_POINT('',(0.10652,-0.10818,0.002915));
#17402=CARTESIAN_POINT('',(0.10652,-0.10818,-0.008465));
#17403=CARTESIAN_POINT('',(0.10334,-0.10818,0.002915));
#17404=CARTESIAN_POINT('',(0.10334,-0.10882,0.002915));
#17405=CARTESIAN_POINT('',(0.10334,-0.10882,-0.008465));
#17406=CARTESIAN_POINT('',(0.10334,-0.10818,0.002915));
#17407=CARTESIAN_POINT('',(0.10334,-0.10818,-0.008465));
#17408=CARTESIAN_POINT('',(0.10334,-0.10818,-0.008465));
#17409=CARTESIAN_POINT('',(0.10398,-0.10818,0.002915));
#17410=CARTESIAN_POINT('',(0.10398,-0.10818,-0.008465));
#17411=CARTESIAN_POINT('',(0.10398,-0.10818,-0.008465));
#17412=CARTESIAN_POINT('',(0.10398,-0.10818,0.002915));
#17413=CARTESIAN_POINT('',(0.10398,-0.10818,0.002915));
#17414=CARTESIAN_POINT('',(0.10398,-0.10818,-0.008465));
#17415=CARTESIAN_POINT('',(0.10398,-0.10882,-0.008465));
#17416=CARTESIAN_POINT('',(0.10398,-0.10882,0.002915));
#17417=CARTESIAN_POINT('',(0.10398,-0.10882,0.002915));
#17418=CARTESIAN_POINT('',(0.10398,-0.10882,-0.008465));
#17419=CARTESIAN_POINT('',(0.09636,-0.10882,0.002915));
#17420=CARTESIAN_POINT('',(0.09636,-0.10882,0.002915));
#17421=CARTESIAN_POINT('',(0.09636,-0.10882,-0.008465));
#17422=CARTESIAN_POINT('',(0.09572,-0.10882,0.002915));
#17423=CARTESIAN_POINT('',(0.09572,-0.10882,-0.008465));
#17424=CARTESIAN_POINT('',(0.09636,-0.10882,-0.008465));
#17425=CARTESIAN_POINT('',(0.09572,-0.10818,0.002915));
#17426=CARTESIAN_POINT('',(0.09572,-0.10818,0.002915));
#17427=CARTESIAN_POINT('',(0.09572,-0.10818,-0.008465));
#17428=CARTESIAN_POINT('',(0.09572,-0.10818,-0.008465));
#17429=CARTESIAN_POINT('',(0.09636,-0.10818,0.002915));
#17430=CARTESIAN_POINT('',(0.09636,-0.10818,-0.008465));
#17431=CARTESIAN_POINT('',(0.09636,-0.10818,-0.008465));
#17432=CARTESIAN_POINT('',(0.09636,-0.10818,0.002915));
#17433=CARTESIAN_POINT('',(0.09636,-0.10818,0.002915));
#17434=CARTESIAN_POINT('',(0.09636,-0.10818,-0.008465));
#17435=CARTESIAN_POINT('',(0.1008,-0.10818,0.002915));
#17436=CARTESIAN_POINT('',(0.1008,-0.10882,0.002915));
#17437=CARTESIAN_POINT('',(0.1008,-0.10882,-0.008465));
#17438=CARTESIAN_POINT('',(0.1008,-0.10818,0.002915));
#17439=CARTESIAN_POINT('',(0.1008,-0.10818,-0.008465));
#17440=CARTESIAN_POINT('',(0.1008,-0.10818,-0.008465));
#17441=CARTESIAN_POINT('',(0.10144,-0.10818,0.002915));
#17442=CARTESIAN_POINT('',(0.10144,-0.10818,-0.008465));
#17443=CARTESIAN_POINT('',(0.10144,-0.10818,-0.008465));
#17444=CARTESIAN_POINT('',(0.10144,-0.10818,0.002915));
#17445=CARTESIAN_POINT('',(0.10144,-0.10818,0.002915));
#17446=CARTESIAN_POINT('',(0.10144,-0.10818,-0.008465));
#17447=CARTESIAN_POINT('',(0.10144,-0.10882,-0.008465));
#17448=CARTESIAN_POINT('',(0.10144,-0.10882,0.002915));
#17449=CARTESIAN_POINT('',(0.10144,-0.10882,0.002915));
#17450=CARTESIAN_POINT('',(0.10144,-0.10882,-0.008465));
#17451=CARTESIAN_POINT('',(0.0989,-0.10882,0.002915));
#17452=CARTESIAN_POINT('',(0.0989,-0.10882,0.002915));
#17453=CARTESIAN_POINT('',(0.0989,-0.10882,-0.008465));
#17454=CARTESIAN_POINT('',(0.09826,-0.10882,0.002915));
#17455=CARTESIAN_POINT('',(0.09826,-0.10882,-0.008465));
#17456=CARTESIAN_POINT('',(0.0989,-0.10882,-0.008465));
#17457=CARTESIAN_POINT('',(0.09826,-0.10818,0.002915));
#17458=CARTESIAN_POINT('',(0.09826,-0.10818,0.002915));
#17459=CARTESIAN_POINT('',(0.09826,-0.10818,-0.008465));
#17460=CARTESIAN_POINT('',(0.09826,-0.10818,-0.008465));
#17461=CARTESIAN_POINT('',(0.0989,-0.10818,0.002915));
#17462=CARTESIAN_POINT('',(0.0989,-0.10818,-0.008465));
#17463=CARTESIAN_POINT('',(0.0989,-0.10818,-0.008465));
#17464=CARTESIAN_POINT('',(0.0989,-0.10818,0.002915));
#17465=CARTESIAN_POINT('',(0.0989,-0.10818,0.002915));
#17466=CARTESIAN_POINT('',(0.0989,-0.10818,-0.008465));
#17467=CARTESIAN_POINT('',(0.09064,-0.10818,0.002915));
#17468=CARTESIAN_POINT('',(0.09064,-0.10882,0.002915));
#17469=CARTESIAN_POINT('',(0.09064,-0.10882,-0.008465));
#17470=CARTESIAN_POINT('',(0.09064,-0.10818,0.002915));
#17471=CARTESIAN_POINT('',(0.09064,-0.10818,-0.008465));
#17472=CARTESIAN_POINT('',(0.09064,-0.10818,-0.008465));
#17473=CARTESIAN_POINT('',(0.09128,-0.10818,0.002915));
#17474=CARTESIAN_POINT('',(0.09128,-0.10818,-0.008465));
#17475=CARTESIAN_POINT('',(0.09128,-0.10818,-0.008465));
#17476=CARTESIAN_POINT('',(0.09128,-0.10818,0.002915));
#17477=CARTESIAN_POINT('',(0.09128,-0.10818,0.002915));
#17478=CARTESIAN_POINT('',(0.09128,-0.10818,-0.008465));
#17479=CARTESIAN_POINT('',(0.09128,-0.10882,-0.008465));
#17480=CARTESIAN_POINT('',(0.09128,-0.10882,0.002915));
#17481=CARTESIAN_POINT('',(0.09128,-0.10882,0.002915));
#17482=CARTESIAN_POINT('',(0.09128,-0.10882,-0.008465));
#17483=CARTESIAN_POINT('',(0.09382,-0.10818,0.002915));
#17484=CARTESIAN_POINT('',(0.09382,-0.10818,-0.008465));
#17485=CARTESIAN_POINT('',(0.09382,-0.10818,-0.008465));
#17486=CARTESIAN_POINT('',(0.09382,-0.10882,-0.008465));
#17487=CARTESIAN_POINT('',(0.09382,-0.10818,0.002915));
#17488=CARTESIAN_POINT('',(0.09382,-0.10882,0.002915));
#17489=CARTESIAN_POINT('',(0.09382,-0.10882,0.002915));
#17490=CARTESIAN_POINT('',(0.09318,-0.10882,0.002915));
#17491=CARTESIAN_POINT('',(0.09318,-0.10882,-0.008465));
#17492=CARTESIAN_POINT('',(0.09382,-0.10882,-0.008465));
#17493=CARTESIAN_POINT('',(0.09318,-0.10818,0.002915));
#17494=CARTESIAN_POINT('',(0.09318,-0.10818,0.002915));
#17495=CARTESIAN_POINT('',(0.09318,-0.10818,-0.008465));
#17496=CARTESIAN_POINT('',(0.09318,-0.10818,-0.008465));
#17497=CARTESIAN_POINT('',(0.09382,-0.10818,0.002915));
#17498=CARTESIAN_POINT('',(0.09382,-0.10818,-0.008465));
#17499=CARTESIAN_POINT('',(0.08874,-0.10882,0.002915));
#17500=CARTESIAN_POINT('',(0.08874,-0.10882,0.002915));
#17501=CARTESIAN_POINT('',(0.08874,-0.10882,-0.008465));
#17502=CARTESIAN_POINT('',(0.0881,-0.10882,0.002915));
#17503=CARTESIAN_POINT('',(0.0881,-0.10882,-0.008465));
#17504=CARTESIAN_POINT('',(0.08874,-0.10882,-0.008465));
#17505=CARTESIAN_POINT('',(0.0881,-0.10818,0.002915));
#17506=CARTESIAN_POINT('',(0.0881,-0.10818,0.002915));
#17507=CARTESIAN_POINT('',(0.0881,-0.10818,-0.008465));
#17508=CARTESIAN_POINT('',(0.0881,-0.10818,-0.008465));
#17509=CARTESIAN_POINT('',(0.08874,-0.10818,0.002915));
#17510=CARTESIAN_POINT('',(0.08874,-0.10818,-0.008465));
#17511=CARTESIAN_POINT('',(0.08874,-0.10818,-0.008465));
#17512=CARTESIAN_POINT('',(0.08874,-0.10818,0.002915));
#17513=CARTESIAN_POINT('',(0.08874,-0.10818,0.002915));
#17514=CARTESIAN_POINT('',(0.08874,-0.10818,-0.008465));
#17515=CARTESIAN_POINT('',(0.10644,-0.10818,0.002835));
#17516=CARTESIAN_POINT('',(0.10636,-0.10818,0.002915));
#17517=CARTESIAN_POINT('',(0.10636,-0.10834,0.002915));
#17518=CARTESIAN_POINT('',(0.10636,-0.10866,0.002915));
#17519=CARTESIAN_POINT('',(0.10652,-0.10882,0.002755));
#17520=CARTESIAN_POINT('',(0.10652,-0.10818,0.002755));
#17521=CARTESIAN_POINT('',(0.10652,-0.10874,0.002835));
#17522=CARTESIAN_POINT('',(0.10652,-0.10866,0.002915));
#17523=CARTESIAN_POINT('',(0.10604,-0.10866,0.002915));
#17524=CARTESIAN_POINT('',(0.10588,-0.10882,0.002755));
#17525=CARTESIAN_POINT('',(0.10596,-0.10818,0.002835));
#17526=CARTESIAN_POINT('',(0.10588,-0.10818,0.002755));
#17527=CARTESIAN_POINT('',(0.10604,-0.10834,0.002915));
#17528=CARTESIAN_POINT('',(0.10604,-0.10818,0.002915));
#17529=CARTESIAN_POINT('',(0.10652,-0.10826,0.002835));
#17530=CARTESIAN_POINT('',(0.10652,-0.10834,0.002915));
#17531=CARTESIAN_POINT('',(0.10342,-0.10818,0.002835));
#17532=CARTESIAN_POINT('',(0.10334,-0.10818,0.002755));
#17533=CARTESIAN_POINT('',(0.1035,-0.10834,0.002915));
#17534=CARTESIAN_POINT('',(0.10334,-0.10882,0.002755));
#17535=CARTESIAN_POINT('',(0.1035,-0.10866,0.002915));
#17536=CARTESIAN_POINT('',(0.1035,-0.10818,0.002915));
#17537=CARTESIAN_POINT('',(0.10398,-0.10826,0.002835));
#17538=CARTESIAN_POINT('',(0.10398,-0.10818,0.002755));
#17539=CARTESIAN_POINT('',(0.10382,-0.10834,0.002915));
#17540=CARTESIAN_POINT('',(0.10398,-0.10834,0.002915));
#17541=CARTESIAN_POINT('',(0.1039,-0.10818,0.002835));
#17542=CARTESIAN_POINT('',(0.10382,-0.10818,0.002915));
#17543=CARTESIAN_POINT('',(0.10382,-0.10866,0.002915));
#17544=CARTESIAN_POINT('',(0.10398,-0.10882,0.002755));
#17545=CARTESIAN_POINT('',(0.10398,-0.10874,0.002835));
#17546=CARTESIAN_POINT('',(0.10398,-0.10866,0.002915));
#17547=CARTESIAN_POINT('',(0.09636,-0.10874,0.002835));
#17548=CARTESIAN_POINT('',(0.09636,-0.10866,0.002915));
#17549=CARTESIAN_POINT('',(0.0962,-0.10866,0.002915));
#17550=CARTESIAN_POINT('',(0.09588,-0.10866,0.002915));
#17551=CARTESIAN_POINT('',(0.09572,-0.10882,0.002755));
#17552=CARTESIAN_POINT('',(0.09636,-0.10882,0.002755));
#17553=CARTESIAN_POINT('',(0.0958,-0.10818,0.002835));
#17554=CARTESIAN_POINT('',(0.09572,-0.10818,0.002755));
#17555=CARTESIAN_POINT('',(0.09588,-0.10834,0.002915));
#17556=CARTESIAN_POINT('',(0.09588,-0.10818,0.002915));
#17557=CARTESIAN_POINT('',(0.09636,-0.10826,0.002835));
#17558=CARTESIAN_POINT('',(0.09636,-0.10818,0.002755));
#17559=CARTESIAN_POINT('',(0.0962,-0.10834,0.002915));
#17560=CARTESIAN_POINT('',(0.09636,-0.10834,0.002915));
#17561=CARTESIAN_POINT('',(0.09628,-0.10818,0.002835));
#17562=CARTESIAN_POINT('',(0.0962,-0.10818,0.002915));
#17563=CARTESIAN_POINT('',(0.10088,-0.10818,0.002835));
#17564=CARTESIAN_POINT('',(0.1008,-0.10818,0.002755));
#17565=CARTESIAN_POINT('',(0.10096,-0.10834,0.002915));
#17566=CARTESIAN_POINT('',(0.1008,-0.10882,0.002755));
#17567=CARTESIAN_POINT('',(0.10096,-0.10866,0.002915));
#17568=CARTESIAN_POINT('',(0.10096,-0.10818,0.002915));
#17569=CARTESIAN_POINT('',(0.10144,-0.10826,0.002835));
#17570=CARTESIAN_POINT('',(0.10144,-0.10818,0.002755));
#17571=CARTESIAN_POINT('',(0.10128,-0.10834,0.002915));
#17572=CARTESIAN_POINT('',(0.10144,-0.10834,0.002915));
#17573=CARTESIAN_POINT('',(0.10136,-0.10818,0.002835));
#17574=CARTESIAN_POINT('',(0.10128,-0.10818,0.002915));
#17575=CARTESIAN_POINT('',(0.10128,-0.10866,0.002915));
#17576=CARTESIAN_POINT('',(0.10144,-0.10882,0.002755));
#17577=CARTESIAN_POINT('',(0.10144,-0.10874,0.002835));
#17578=CARTESIAN_POINT('',(0.10144,-0.10866,0.002915));
#17579=CARTESIAN_POINT('',(0.0989,-0.10874,0.002835));
#17580=CARTESIAN_POINT('',(0.0989,-0.10866,0.002915));
#17581=CARTESIAN_POINT('',(0.09874,-0.10866,0.002915));
#17582=CARTESIAN_POINT('',(0.09842,-0.10866,0.002915));
#17583=CARTESIAN_POINT('',(0.09826,-0.10882,0.002755));
#17584=CARTESIAN_POINT('',(0.0989,-0.10882,0.002755));
#17585=CARTESIAN_POINT('',(0.09834,-0.10818,0.002835));
#17586=CARTESIAN_POINT('',(0.09826,-0.10818,0.002755));
#17587=CARTESIAN_POINT('',(0.09842,-0.10834,0.002915));
#17588=CARTESIAN_POINT('',(0.09842,-0.10818,0.002915));
#17589=CARTESIAN_POINT('',(0.0989,-0.10826,0.002835));
#17590=CARTESIAN_POINT('',(0.0989,-0.10818,0.002755));
#17591=CARTESIAN_POINT('',(0.09874,-0.10834,0.002915));
#17592=CARTESIAN_POINT('',(0.0989,-0.10834,0.002915));
#17593=CARTESIAN_POINT('',(0.09882,-0.10818,0.002835));
#17594=CARTESIAN_POINT('',(0.09874,-0.10818,0.002915));
#17595=CARTESIAN_POINT('',(0.09072,-0.10818,0.002835));
#17596=CARTESIAN_POINT('',(0.09064,-0.10818,0.002755));
#17597=CARTESIAN_POINT('',(0.0908,-0.10834,0.002915));
#17598=CARTESIAN_POINT('',(0.09064,-0.10882,0.002755));
#17599=CARTESIAN_POINT('',(0.0908,-0.10866,0.002915));
#17600=CARTESIAN_POINT('',(0.0908,-0.10818,0.002915));
#17601=CARTESIAN_POINT('',(0.09128,-0.10826,0.002835));
#17602=CARTESIAN_POINT('',(0.09128,-0.10818,0.002755));
#17603=CARTESIAN_POINT('',(0.09112,-0.10834,0.002915));
#17604=CARTESIAN_POINT('',(0.09128,-0.10834,0.002915));
#17605=CARTESIAN_POINT('',(0.0912,-0.10818,0.002835));
#17606=CARTESIAN_POINT('',(0.09112,-0.10818,0.002915));
#17607=CARTESIAN_POINT('',(0.09112,-0.10866,0.002915));
#17608=CARTESIAN_POINT('',(0.09128,-0.10882,0.002755));
#17609=CARTESIAN_POINT('',(0.09128,-0.10874,0.002835));
#17610=CARTESIAN_POINT('',(0.09128,-0.10866,0.002915));
#17611=CARTESIAN_POINT('',(0.09374,-0.10818,0.002835));
#17612=CARTESIAN_POINT('',(0.09366,-0.10818,0.002915));
#17613=CARTESIAN_POINT('',(0.09366,-0.10834,0.002915));
#17614=CARTESIAN_POINT('',(0.09366,-0.10866,0.002915));
#17615=CARTESIAN_POINT('',(0.09382,-0.10882,0.002755));
#17616=CARTESIAN_POINT('',(0.09382,-0.10818,0.002755));
#17617=CARTESIAN_POINT('',(0.09382,-0.10874,0.002835));
#17618=CARTESIAN_POINT('',(0.09382,-0.10866,0.002915));
#17619=CARTESIAN_POINT('',(0.09334,-0.10866,0.002915));
#17620=CARTESIAN_POINT('',(0.09318,-0.10882,0.002755));
#17621=CARTESIAN_POINT('',(0.09326,-0.10818,0.002835));
#17622=CARTESIAN_POINT('',(0.09318,-0.10818,0.002755));
#17623=CARTESIAN_POINT('',(0.09334,-0.10834,0.002915));
#17624=CARTESIAN_POINT('',(0.09334,-0.10818,0.002915));
#17625=CARTESIAN_POINT('',(0.09382,-0.10826,0.002835));
#17626=CARTESIAN_POINT('',(0.09382,-0.10834,0.002915));
#17627=CARTESIAN_POINT('',(0.08874,-0.10874,0.002835));
#17628=CARTESIAN_POINT('',(0.08874,-0.10866,0.002915));
#17629=CARTESIAN_POINT('',(0.08858,-0.10866,0.002915));
#17630=CARTESIAN_POINT('',(0.08826,-0.10866,0.002915));
#17631=CARTESIAN_POINT('',(0.0881,-0.10882,0.002755));
#17632=CARTESIAN_POINT('',(0.08874,-0.10882,0.002755));
#17633=CARTESIAN_POINT('',(0.08818,-0.10818,0.002835));
#17634=CARTESIAN_POINT('',(0.0881,-0.10818,0.002755));
#17635=CARTESIAN_POINT('',(0.08826,-0.10834,0.002915));
#17636=CARTESIAN_POINT('',(0.08826,-0.10818,0.002915));
#17637=CARTESIAN_POINT('',(0.08874,-0.10826,0.002835));
#17638=CARTESIAN_POINT('',(0.08874,-0.10818,0.002755));
#17639=CARTESIAN_POINT('',(0.08858,-0.10834,0.002915));
#17640=CARTESIAN_POINT('',(0.08874,-0.10834,0.002915));
#17641=CARTESIAN_POINT('',(0.08866,-0.10818,0.002835));
#17642=CARTESIAN_POINT('',(0.08858,-0.10818,0.002915));
#17643=CARTESIAN_POINT('',(0.10644,-0.10818,-0.008545));
#17644=CARTESIAN_POINT('',(0.10652,-0.10818,-0.008465));
#17645=CARTESIAN_POINT('',(0.10636,-0.10834,-0.008625));
#17646=CARTESIAN_POINT('',(0.10652,-0.10882,-0.008465));
#17647=CARTESIAN_POINT('',(0.10636,-0.10866,-0.008625));
#17648=CARTESIAN_POINT('',(0.10636,-0.10818,-0.008625));
#17649=CARTESIAN_POINT('',(0.10652,-0.10874,-0.008545));
#17650=CARTESIAN_POINT('',(0.10588,-0.10882,-0.008465));
#17651=CARTESIAN_POINT('',(0.10604,-0.10866,-0.008625));
#17652=CARTESIAN_POINT('',(0.10652,-0.10866,-0.008625));
#17653=CARTESIAN_POINT('',(0.10596,-0.10818,-0.008545));
#17654=CARTESIAN_POINT('',(0.10604,-0.10818,-0.008625));
#17655=CARTESIAN_POINT('',(0.10604,-0.10834,-0.008625));
#17656=CARTESIAN_POINT('',(0.10588,-0.10818,-0.008465));
#17657=CARTESIAN_POINT('',(0.10652,-0.10826,-0.008545));
#17658=CARTESIAN_POINT('',(0.10652,-0.10834,-0.008625));
#17659=CARTESIAN_POINT('',(0.10342,-0.10818,-0.008545));
#17660=CARTESIAN_POINT('',(0.1035,-0.10818,-0.008625));
#17661=CARTESIAN_POINT('',(0.1035,-0.10834,-0.008625));
#17662=CARTESIAN_POINT('',(0.1035,-0.10866,-0.008625));
#17663=CARTESIAN_POINT('',(0.10334,-0.10882,-0.008465));
#17664=CARTESIAN_POINT('',(0.10334,-0.10818,-0.008465));
#17665=CARTESIAN_POINT('',(0.10398,-0.10826,-0.008545));
#17666=CARTESIAN_POINT('',(0.10398,-0.10834,-0.008625));
#17667=CARTESIAN_POINT('',(0.10382,-0.10834,-0.008625));
#17668=CARTESIAN_POINT('',(0.10398,-0.10818,-0.008465));
#17669=CARTESIAN_POINT('',(0.1039,-0.10818,-0.008545));
#17670=CARTESIAN_POINT('',(0.10398,-0.10882,-0.008465));
#17671=CARTESIAN_POINT('',(0.10382,-0.10866,-0.008625));
#17672=CARTESIAN_POINT('',(0.10382,-0.10818,-0.008625));
#17673=CARTESIAN_POINT('',(0.10398,-0.10874,-0.008545));
#17674=CARTESIAN_POINT('',(0.10398,-0.10866,-0.008625));
#17675=CARTESIAN_POINT('',(0.09636,-0.10874,-0.008545));
#17676=CARTESIAN_POINT('',(0.09636,-0.10882,-0.008465));
#17677=CARTESIAN_POINT('',(0.0962,-0.10866,-0.008625));
#17678=CARTESIAN_POINT('',(0.09572,-0.10882,-0.008465));
#17679=CARTESIAN_POINT('',(0.09588,-0.10866,-0.008625));
#17680=CARTESIAN_POINT('',(0.09636,-0.10866,-0.008625));
#17681=CARTESIAN_POINT('',(0.0958,-0.10818,-0.008545));
#17682=CARTESIAN_POINT('',(0.09588,-0.10818,-0.008625));
#17683=CARTESIAN_POINT('',(0.09588,-0.10834,-0.008625));
#17684=CARTESIAN_POINT('',(0.09572,-0.10818,-0.008465));
#17685=CARTESIAN_POINT('',(0.09636,-0.10826,-0.008545));
#17686=CARTESIAN_POINT('',(0.09636,-0.10834,-0.008625));
#17687=CARTESIAN_POINT('',(0.0962,-0.10834,-0.008625));
#17688=CARTESIAN_POINT('',(0.09636,-0.10818,-0.008465));
#17689=CARTESIAN_POINT('',(0.09628,-0.10818,-0.008545));
#17690=CARTESIAN_POINT('',(0.0962,-0.10818,-0.008625));
#17691=CARTESIAN_POINT('',(0.10088,-0.10818,-0.008545));
#17692=CARTESIAN_POINT('',(0.10096,-0.10818,-0.008625));
#17693=CARTESIAN_POINT('',(0.10096,-0.10834,-0.008625));
#17694=CARTESIAN_POINT('',(0.10096,-0.10866,-0.008625));
#17695=CARTESIAN_POINT('',(0.1008,-0.10882,-0.008465));
#17696=CARTESIAN_POINT('',(0.1008,-0.10818,-0.008465));
#17697=CARTESIAN_POINT('',(0.10144,-0.10826,-0.008545));
#17698=CARTESIAN_POINT('',(0.10144,-0.10834,-0.008625));
#17699=CARTESIAN_POINT('',(0.10128,-0.10834,-0.008625));
#17700=CARTESIAN_POINT('',(0.10144,-0.10818,-0.008465));
#17701=CARTESIAN_POINT('',(0.10136,-0.10818,-0.008545));
#17702=CARTESIAN_POINT('',(0.10144,-0.10882,-0.008465));
#17703=CARTESIAN_POINT('',(0.10128,-0.10866,-0.008625));
#17704=CARTESIAN_POINT('',(0.10128,-0.10818,-0.008625));
#17705=CARTESIAN_POINT('',(0.10144,-0.10874,-0.008545));
#17706=CARTESIAN_POINT('',(0.10144,-0.10866,-0.008625));
#17707=CARTESIAN_POINT('',(0.0989,-0.10874,-0.008545));
#17708=CARTESIAN_POINT('',(0.0989,-0.10882,-0.008465));
#17709=CARTESIAN_POINT('',(0.09874,-0.10866,-0.008625));
#17710=CARTESIAN_POINT('',(0.09826,-0.10882,-0.008465));
#17711=CARTESIAN_POINT('',(0.09842,-0.10866,-0.008625));
#17712=CARTESIAN_POINT('',(0.0989,-0.10866,-0.008625));
#17713=CARTESIAN_POINT('',(0.09834,-0.10818,-0.008545));
#17714=CARTESIAN_POINT('',(0.09842,-0.10818,-0.008625));
#17715=CARTESIAN_POINT('',(0.09842,-0.10834,-0.008625));
#17716=CARTESIAN_POINT('',(0.09826,-0.10818,-0.008465));
#17717=CARTESIAN_POINT('',(0.0989,-0.10826,-0.008545));
#17718=CARTESIAN_POINT('',(0.0989,-0.10834,-0.008625));
#17719=CARTESIAN_POINT('',(0.09874,-0.10834,-0.008625));
#17720=CARTESIAN_POINT('',(0.0989,-0.10818,-0.008465));
#17721=CARTESIAN_POINT('',(0.09882,-0.10818,-0.008545));
#17722=CARTESIAN_POINT('',(0.09874,-0.10818,-0.008625));
#17723=CARTESIAN_POINT('',(0.09072,-0.10818,-0.008545));
#17724=CARTESIAN_POINT('',(0.0908,-0.10818,-0.008625));
#17725=CARTESIAN_POINT('',(0.0908,-0.10834,-0.008625));
#17726=CARTESIAN_POINT('',(0.0908,-0.10866,-0.008625));
#17727=CARTESIAN_POINT('',(0.09064,-0.10882,-0.008465));
#17728=CARTESIAN_POINT('',(0.09064,-0.10818,-0.008465));
#17729=CARTESIAN_POINT('',(0.09128,-0.10826,-0.008545));
#17730=CARTESIAN_POINT('',(0.09128,-0.10834,-0.008625));
#17731=CARTESIAN_POINT('',(0.09112,-0.10834,-0.008625));
#17732=CARTESIAN_POINT('',(0.09128,-0.10818,-0.008465));
#17733=CARTESIAN_POINT('',(0.0912,-0.10818,-0.008545));
#17734=CARTESIAN_POINT('',(0.09128,-0.10882,-0.008465));
#17735=CARTESIAN_POINT('',(0.09112,-0.10866,-0.008625));
#17736=CARTESIAN_POINT('',(0.09112,-0.10818,-0.008625));
#17737=CARTESIAN_POINT('',(0.09128,-0.10874,-0.008545));
#17738=CARTESIAN_POINT('',(0.09128,-0.10866,-0.008625));
#17739=CARTESIAN_POINT('',(0.09374,-0.10818,-0.008545));
#17740=CARTESIAN_POINT('',(0.09382,-0.10818,-0.008465));
#17741=CARTESIAN_POINT('',(0.09366,-0.10834,-0.008625));
#17742=CARTESIAN_POINT('',(0.09382,-0.10882,-0.008465));
#17743=CARTESIAN_POINT('',(0.09366,-0.10866,-0.008625));
#17744=CARTESIAN_POINT('',(0.09366,-0.10818,-0.008625));
#17745=CARTESIAN_POINT('',(0.09382,-0.10874,-0.008545));
#17746=CARTESIAN_POINT('',(0.09318,-0.10882,-0.008465));
#17747=CARTESIAN_POINT('',(0.09334,-0.10866,-0.008625));
#17748=CARTESIAN_POINT('',(0.09382,-0.10866,-0.008625));
#17749=CARTESIAN_POINT('',(0.09326,-0.10818,-0.008545));
#17750=CARTESIAN_POINT('',(0.09334,-0.10818,-0.008625));
#17751=CARTESIAN_POINT('',(0.09334,-0.10834,-0.008625));
#17752=CARTESIAN_POINT('',(0.09318,-0.10818,-0.008465));
#17753=CARTESIAN_POINT('',(0.09382,-0.10826,-0.008545));
#17754=CARTESIAN_POINT('',(0.09382,-0.10834,-0.008625));
#17755=CARTESIAN_POINT('',(0.08874,-0.10874,-0.008545));
#17756=CARTESIAN_POINT('',(0.08874,-0.10882,-0.008465));
#17757=CARTESIAN_POINT('',(0.08858,-0.10866,-0.008625));
#17758=CARTESIAN_POINT('',(0.0881,-0.10882,-0.008465));
#17759=CARTESIAN_POINT('',(0.08826,-0.10866,-0.008625));
#17760=CARTESIAN_POINT('',(0.08874,-0.10866,-0.008625));
#17761=CARTESIAN_POINT('',(0.08818,-0.10818,-0.008545));
#17762=CARTESIAN_POINT('',(0.08826,-0.10818,-0.008625));
#17763=CARTESIAN_POINT('',(0.08826,-0.10834,-0.008625));
#17764=CARTESIAN_POINT('',(0.0881,-0.10818,-0.008465));
#17765=CARTESIAN_POINT('',(0.08874,-0.10826,-0.008545));
#17766=CARTESIAN_POINT('',(0.08874,-0.10834,-0.008625));
#17767=CARTESIAN_POINT('',(0.08858,-0.10834,-0.008625));
#17768=CARTESIAN_POINT('',(0.08874,-0.10818,-0.008465));
#17769=CARTESIAN_POINT('',(0.08866,-0.10818,-0.008545));
#17770=CARTESIAN_POINT('',(0.08858,-0.10818,-0.008625));
#17771=CARTESIAN_POINT('',(0.10652,-0.10818,0.002915));
#17772=CARTESIAN_POINT('',(0.10398,-0.10818,0.002915));
#17773=CARTESIAN_POINT('',(0.09636,-0.10818,0.002915));
#17774=CARTESIAN_POINT('',(0.10144,-0.10818,0.002915));
#17775=CARTESIAN_POINT('',(0.0989,-0.10818,0.002915));
#17776=CARTESIAN_POINT('',(0.09128,-0.10818,0.002915));
#17777=CARTESIAN_POINT('',(0.09382,-0.10818,0.002915));
#17778=CARTESIAN_POINT('',(0.08874,-0.10818,0.002915));
#17779=CARTESIAN_POINT('',(0.10652,-0.10818,-0.008625));
#17780=CARTESIAN_POINT('',(0.10398,-0.10818,-0.008625));
#17781=CARTESIAN_POINT('',(0.09636,-0.10818,-0.008625));
#17782=CARTESIAN_POINT('',(0.10144,-0.10818,-0.008625));
#17783=CARTESIAN_POINT('',(0.0989,-0.10818,-0.008625));
#17784=CARTESIAN_POINT('',(0.09128,-0.10818,-0.008625));
#17785=CARTESIAN_POINT('',(0.09382,-0.10818,-0.008625));
#17786=CARTESIAN_POINT('',(0.08874,-0.10818,-0.008625));
#17787=CARTESIAN_POINT('',(-0.170287898826536,0.0956649017604179,0.0269519116441274));
#17788=CARTESIAN_POINT('',(0.11199,-0.061525,0.002595));
#17789=CARTESIAN_POINT('',(0.11199,-0.061525,0.002595));
#17790=CARTESIAN_POINT('',(0.11199,-0.061275,0.002595));
#17791=CARTESIAN_POINT('',(0.11199,-0.061525,-0.000905));
#17792=CARTESIAN_POINT('',(0.11199,-0.061775,-0.000905));
#17793=CARTESIAN_POINT('',(0.11249,-0.061525,0.002595));
#17794=CARTESIAN_POINT('',(0.11249,-0.061525,0.003095));
#17795=CARTESIAN_POINT('',(0.11249,-0.061525,0.003345));
#17796=CARTESIAN_POINT('',(0.11249,-0.061525,0.003095));
#17797=CARTESIAN_POINT('',(0.11911,-0.061525,0.003095));
#17798=CARTESIAN_POINT('',(0.11911,-0.061525,0.003345));
#17799=CARTESIAN_POINT('',(0.11911,-0.061525,0.002595));
#17800=CARTESIAN_POINT('',(0.11961,-0.061525,0.002595));
#17801=CARTESIAN_POINT('',(0.11961,-0.061775,0.002595));
#17802=CARTESIAN_POINT('',(0.11961,-0.061525,0.002595));
#17803=CARTESIAN_POINT('',(0.11961,-0.061525,-0.000905));
#17804=CARTESIAN_POINT('',(0.11961,-0.061275,-0.000905));
#17805=CARTESIAN_POINT('',(0.11224,-0.061525,-0.000905));
#17806=CARTESIAN_POINT('',(0.11936,-0.061525,-0.000905));
#17807=CARTESIAN_POINT('',(-0.170287898826536,0.0956649017604179,0.0269519116441274));
#17808=CARTESIAN_POINT('',(0.09535,-0.099625,0.003095));
#17809=CARTESIAN_POINT('',(0.09635,-0.099625,0.003095));
#17810=CARTESIAN_POINT('',(0.09635,-0.099625,0.002085));
#17811=CARTESIAN_POINT('',(0.09535,-0.099625,0.003095));
#17812=CARTESIAN_POINT('',(0.09535,-0.099625,0.002085));
#17813=CARTESIAN_POINT('',(0.09535,-0.099625,0.003095));
#17814=CARTESIAN_POINT('',(0.09535,-0.099625,0.003095));
#17815=CARTESIAN_POINT('',(0.09535,-0.099625,0.002095));
#17816=CARTESIAN_POINT('',(0.09635,-0.099625,0.003095));
#17817=CARTESIAN_POINT('',(0.09635,-0.099625,0.003095));
#17818=CARTESIAN_POINT('',(0.09635,-0.099625,0.002095));
#17819=CARTESIAN_POINT('',(0.09475,-0.099625,0.003095));
#17820=CARTESIAN_POINT('',(0.09515,-0.099625,0.003095));
#17821=CARTESIAN_POINT('',(0.09515,-0.099625,0.002095));
#17822=CARTESIAN_POINT('',(0.09475,-0.099625,0.003095));
#17823=CARTESIAN_POINT('',(0.09835,-0.099625,0.003095));
#17824=CARTESIAN_POINT('',(0.09835,-0.099625,0.004095));
#17825=CARTESIAN_POINT('',(0.09515,-0.099625,0.003095));
#17826=CARTESIAN_POINT('',(0.09475,-0.099625,0.003095));
#17827=CARTESIAN_POINT('',(0.09475,-0.099625,0.003695));
#17828=CARTESIAN_POINT('',(0.09835,-0.099625,0.003095));
#17829=CARTESIAN_POINT('',(0.09875,-0.099625,0.003095));
#17830=CARTESIAN_POINT('',(0.09875,-0.099625,0.003695));
#17831=CARTESIAN_POINT('',(0.09475,-0.099625,0.003095));
#17832=CARTESIAN_POINT('',(0.09875,-0.099625,0.003095));
#17833=CARTESIAN_POINT('',(-0.170287898826536,0.0956649017604179,0.0269519116441274));
#17834=CARTESIAN_POINT('',(0.0763,-0.080575,0.003095));
#17835=CARTESIAN_POINT('',(0.0773,-0.080575,0.003095));
#17836=CARTESIAN_POINT('',(0.0773,-0.080575,0.002085));
#17837=CARTESIAN_POINT('',(0.0763,-0.080575,0.003095));
#17838=CARTESIAN_POINT('',(0.0763,-0.080575,0.002085));
#17839=CARTESIAN_POINT('',(0.0763,-0.080575,0.003095));
#17840=CARTESIAN_POINT('',(0.0763,-0.080575,0.003095));
#17841=CARTESIAN_POINT('',(0.0763,-0.080575,0.002095));
#17842=CARTESIAN_POINT('',(0.0773,-0.080575,0.003095));
#17843=CARTESIAN_POINT('',(0.0773,-0.080575,0.003095));
#17844=CARTESIAN_POINT('',(0.0773,-0.080575,0.002095));
#17845=CARTESIAN_POINT('',(0.0757,-0.080575,0.003095));
#17846=CARTESIAN_POINT('',(0.0761,-0.080575,0.003095));
#17847=CARTESIAN_POINT('',(0.0761,-0.080575,0.002095));
#17848=CARTESIAN_POINT('',(0.0757,-0.080575,0.003095));
#17849=CARTESIAN_POINT('',(0.0793,-0.080575,0.003095));
#17850=CARTESIAN_POINT('',(0.0793,-0.080575,0.004095));
#17851=CARTESIAN_POINT('',(0.0761,-0.080575,0.003095));
#17852=CARTESIAN_POINT('',(0.0757,-0.080575,0.003095));
#17853=CARTESIAN_POINT('',(0.0757,-0.080575,0.003695));
#17854=CARTESIAN_POINT('',(0.0793,-0.080575,0.003095));
#17855=CARTESIAN_POINT('',(0.0797,-0.080575,0.003095));
#17856=CARTESIAN_POINT('',(0.0797,-0.080575,0.003695));
#17857=CARTESIAN_POINT('',(0.0757,-0.080575,0.003095));
#17858=CARTESIAN_POINT('',(0.0797,-0.080575,0.003095));
#17859=CARTESIAN_POINT('',(-0.170287898826536,0.0956649017604179,0.0269519116441274));
#17860=CARTESIAN_POINT('',(0.07389,-0.099625,0.002595));
#17861=CARTESIAN_POINT('',(0.07389,-0.099625,0.002595));
#17862=CARTESIAN_POINT('',(0.07389,-0.099375,0.002595));
#17863=CARTESIAN_POINT('',(0.07389,-0.099625,-0.000905));
#17864=CARTESIAN_POINT('',(0.07389,-0.099875,-0.000905));
#17865=CARTESIAN_POINT('',(0.07439,-0.099625,0.002595));
#17866=CARTESIAN_POINT('',(0.07439,-0.099625,0.003095));
#17867=CARTESIAN_POINT('',(0.07439,-0.099625,0.003345));
#17868=CARTESIAN_POINT('',(0.07439,-0.099625,0.003095));
#17869=CARTESIAN_POINT('',(0.08101,-0.099625,0.003095));
#17870=CARTESIAN_POINT('',(0.08101,-0.099625,0.003345));
#17871=CARTESIAN_POINT('',(0.08101,-0.099625,0.002595));
#17872=CARTESIAN_POINT('',(0.08151,-0.099625,0.002595));
#17873=CARTESIAN_POINT('',(0.08151,-0.099875,0.002595));
#17874=CARTESIAN_POINT('',(0.08151,-0.099625,0.002595));
#17875=CARTESIAN_POINT('',(0.08151,-0.099625,-0.000905));
#17876=CARTESIAN_POINT('',(0.08151,-0.099375,-0.000905));
#17877=CARTESIAN_POINT('',(0.07414,-0.099625,-0.000905));
#17878=CARTESIAN_POINT('',(0.08126,-0.099625,-0.000905));
#17879=CARTESIAN_POINT('',(-0.170287898826536,0.0956649017604179,0.0269519116441274));
#17880=CARTESIAN_POINT('',(0.12150000064233,-0.02449999935766,0.));
#17881=CARTESIAN_POINT('',(0.121499999999999,-0.014499999999991,0.));
#17882=CARTESIAN_POINT('',(0.121500000321164,-0.0144999999999933,0.));
#17883=CARTESIAN_POINT('',(0.121500000321164,-0.0144999999999955,0.00151));
#17884=CARTESIAN_POINT('',(0.12150000064233,-0.02449999935766,0.00151));
#17885=CARTESIAN_POINT('',(0.1315,-0.02449999967883,0.00151));
#17886=CARTESIAN_POINT('',(0.1315,-0.0245,0.));
#17887=CARTESIAN_POINT('',(0.1315,-0.02449999967883,0.));
#17888=CARTESIAN_POINT('',(0.12150000064233,-0.02449999935766,0.));
#17889=CARTESIAN_POINT('',(0.072,-0.0145,0.));
#17890=CARTESIAN_POINT('',(0.072,-0.0145,0.));
#17891=CARTESIAN_POINT('',(0.0719999996788345,-0.0144999999999978,0.));
#17892=CARTESIAN_POINT('',(0.0719999996788345,-0.0145,0.00151));
#17893=CARTESIAN_POINT('',(0.072,-0.0145,0.00151));
#17894=CARTESIAN_POINT('',(0.,-0.0144999999999955,0.));
#17895=CARTESIAN_POINT('',(0.1315,-0.0245,0.));
#17896=CARTESIAN_POINT('',(0.1315,-0.0245,0.00151));
#17897=CARTESIAN_POINT('',(0.1315,-0.10150000032115,0.00151));
#17898=CARTESIAN_POINT('',(0.1315,-0.1015,0.));
#17899=CARTESIAN_POINT('',(0.1315,-0.10150000032115,0.));
#17900=CARTESIAN_POINT('',(0.1315,0.,0.));
#17901=CARTESIAN_POINT('',(0.,0.,0.));
#17902=CARTESIAN_POINT('',(0.12150000064233,-0.1015000006423,0.));
#17903=CARTESIAN_POINT('',(0.121500000321165,-0.111499999999992,0.));
#17904=CARTESIAN_POINT('',(0.,-0.111499999999984,0.));
#17905=CARTESIAN_POINT('',(0.0719999996788347,-0.111499999999977,0.));
#17906=CARTESIAN_POINT('',(0.071999999357669,-0.1015000006423,0.));
#17907=CARTESIAN_POINT('',(0.062,-0.10150000032115,0.));
#17908=CARTESIAN_POINT('',(0.062,0.,0.));
#17909=CARTESIAN_POINT('',(0.062,-0.0244999996788257,0.));
#17910=CARTESIAN_POINT('',(0.071999999357669,-0.02449999935766,0.));
#17911=CARTESIAN_POINT('',(0.066,-0.1055,0.));
#17912=CARTESIAN_POINT('',(0.0644,-0.1055,0.));
#17913=CARTESIAN_POINT('',(0.07389,-0.099625,0.));
#17914=CARTESIAN_POINT('',(0.07349,-0.099625,0.));
#17915=CARTESIAN_POINT('',(0.07516,-0.09518,0.));
#17916=CARTESIAN_POINT('',(0.07441,-0.09518,0.));
#17917=CARTESIAN_POINT('',(0.07262,-0.0901,0.));
#17918=CARTESIAN_POINT('',(0.07177,-0.0901,0.));
#17919=CARTESIAN_POINT('',(0.0777,-0.0901,0.));
#17920=CARTESIAN_POINT('',(0.0757,-0.0901,0.));
#17921=CARTESIAN_POINT('',(0.08842,-0.1085,0.));
#17922=CARTESIAN_POINT('',(0.08792,-0.1085,0.));
#17923=CARTESIAN_POINT('',(0.08151,-0.099625,0.));
#17924=CARTESIAN_POINT('',(0.08111,-0.099625,0.));
#17925=CARTESIAN_POINT('',(0.09096,-0.1085,0.));
#17926=CARTESIAN_POINT('',(0.09046,-0.1085,0.));
#17927=CARTESIAN_POINT('',(0.0935,-0.1085,0.));
#17928=CARTESIAN_POINT('',(0.093,-0.1085,0.));
#17929=CARTESIAN_POINT('',(0.09604,-0.1085,0.));
#17930=CARTESIAN_POINT('',(0.09554,-0.1085,0.));
#17931=CARTESIAN_POINT('',(0.09294,-0.099625,0.));
#17932=CARTESIAN_POINT('',(0.09254,-0.099625,0.));
#17933=CARTESIAN_POINT('',(0.08151,-0.09264,0.));
#17934=CARTESIAN_POINT('',(0.08076,-0.09264,0.));
#17935=CARTESIAN_POINT('',(0.08278,-0.0901,0.));
#17936=CARTESIAN_POINT('',(0.08193,-0.0901,0.));
#17937=CARTESIAN_POINT('',(0.09421,-0.09518,0.));
#17938=CARTESIAN_POINT('',(0.09346,-0.09518,0.));
#17939=CARTESIAN_POINT('',(0.09167,-0.0901,0.));
#17940=CARTESIAN_POINT('',(0.09082,-0.0901,0.));
#17941=CARTESIAN_POINT('',(0.09675,-0.0901,0.));
#17942=CARTESIAN_POINT('',(0.09475,-0.0901,0.));
#17943=CARTESIAN_POINT('',(0.07389,-0.080575,0.));
#17944=CARTESIAN_POINT('',(0.07349,-0.080575,0.));
#17945=CARTESIAN_POINT('',(0.07516,-0.07613,0.));
#17946=CARTESIAN_POINT('',(0.07441,-0.07613,0.));
#17947=CARTESIAN_POINT('',(0.07262,-0.07105,0.));
#17948=CARTESIAN_POINT('',(0.07177,-0.07105,0.));
#17949=CARTESIAN_POINT('',(0.0777,-0.07105,0.));
#17950=CARTESIAN_POINT('',(0.0757,-0.07105,0.));
#17951=CARTESIAN_POINT('',(0.08151,-0.080575,0.));
#17952=CARTESIAN_POINT('',(0.08111,-0.080575,0.));
#17953=CARTESIAN_POINT('',(0.09294,-0.080575,0.));
#17954=CARTESIAN_POINT('',(0.09254,-0.080575,0.));
#17955=CARTESIAN_POINT('',(0.09421,-0.07613,0.));
#17956=CARTESIAN_POINT('',(0.09346,-0.07613,0.));
#17957=CARTESIAN_POINT('',(0.08151,-0.07359,0.));
#17958=CARTESIAN_POINT('',(0.08076,-0.07359,0.));
#17959=CARTESIAN_POINT('',(0.08278,-0.07105,0.));
#17960=CARTESIAN_POINT('',(0.08193,-0.07105,0.));
#17961=CARTESIAN_POINT('',(0.09167,-0.07105,0.));
#17962=CARTESIAN_POINT('',(0.09082,-0.07105,0.));
#17963=CARTESIAN_POINT('',(0.09675,-0.07105,0.));
#17964=CARTESIAN_POINT('',(0.09475,-0.07105,0.));
#17965=CARTESIAN_POINT('',(0.09858,-0.1085,0.));
#17966=CARTESIAN_POINT('',(0.09808,-0.1085,0.));
#17967=CARTESIAN_POINT('',(0.10112,-0.1085,0.));
#17968=CARTESIAN_POINT('',(0.10062,-0.1085,0.));
#17969=CARTESIAN_POINT('',(0.10366,-0.1085,0.));
#17970=CARTESIAN_POINT('',(0.10316,-0.1085,0.));
#17971=CARTESIAN_POINT('',(0.10056,-0.099625,0.));
#17972=CARTESIAN_POINT('',(0.10016,-0.099625,0.));
#17973=CARTESIAN_POINT('',(0.1062,-0.1085,0.));
#17974=CARTESIAN_POINT('',(0.1057,-0.1085,0.));
#17975=CARTESIAN_POINT('',(0.11199,-0.099625,0.));
#17976=CARTESIAN_POINT('',(0.11159,-0.099625,0.));
#17977=CARTESIAN_POINT('',(0.10056,-0.09264,0.));
#17978=CARTESIAN_POINT('',(0.09981,-0.09264,0.));
#17979=CARTESIAN_POINT('',(0.10183,-0.0901,0.));
#17980=CARTESIAN_POINT('',(0.10098,-0.0901,0.));
#17981=CARTESIAN_POINT('',(0.110719999,-0.0901,0.));
#17982=CARTESIAN_POINT('',(0.109869999,-0.0901,0.));
#17983=CARTESIAN_POINT('',(0.11961,-0.099625,0.));
#17984=CARTESIAN_POINT('',(0.11921,-0.099625,0.));
#17985=CARTESIAN_POINT('',(0.1275,-0.1055,0.));
#17986=CARTESIAN_POINT('',(0.1259,-0.1055,0.));
#17987=CARTESIAN_POINT('',(0.113259999,-0.09518,0.));
#17988=CARTESIAN_POINT('',(0.112509999,-0.09518,0.));
#17989=CARTESIAN_POINT('',(0.119609999,-0.09264,0.));
#17990=CARTESIAN_POINT('',(0.118859999,-0.09264,0.));
#17991=CARTESIAN_POINT('',(0.115799999,-0.0901,0.));
#17992=CARTESIAN_POINT('',(0.113799999,-0.0901,0.));
#17993=CARTESIAN_POINT('',(0.120879999,-0.0901,0.));
#17994=CARTESIAN_POINT('',(0.120029999,-0.0901,0.));
#17995=CARTESIAN_POINT('',(0.10056,-0.080575,0.));
#17996=CARTESIAN_POINT('',(0.10016,-0.080575,0.));
#17997=CARTESIAN_POINT('',(0.11199,-0.080575,0.));
#17998=CARTESIAN_POINT('',(0.11159,-0.080575,0.));
#17999=CARTESIAN_POINT('',(0.10056,-0.07359,0.));
#18000=CARTESIAN_POINT('',(0.09981,-0.07359,0.));
#18001=CARTESIAN_POINT('',(0.10183,-0.07105,0.));
#18002=CARTESIAN_POINT('',(0.10098,-0.07105,0.));
#18003=CARTESIAN_POINT('',(0.110719999,-0.07105,0.));
#18004=CARTESIAN_POINT('',(0.109869999,-0.07105,0.));
#18005=CARTESIAN_POINT('',(0.11961,-0.080575,0.));
#18006=CARTESIAN_POINT('',(0.11921,-0.080575,0.));
#18007=CARTESIAN_POINT('',(0.113259999,-0.07613,0.));
#18008=CARTESIAN_POINT('',(0.112509999,-0.07613,0.));
#18009=CARTESIAN_POINT('',(0.115799999,-0.07105,0.));
#18010=CARTESIAN_POINT('',(0.113799999,-0.07105,0.));
#18011=CARTESIAN_POINT('',(0.119609999,-0.07359,0.));
#18012=CARTESIAN_POINT('',(0.118859999,-0.07359,0.));
#18013=CARTESIAN_POINT('',(0.120879999,-0.07105,0.));
#18014=CARTESIAN_POINT('',(0.120029999,-0.07105,0.));
#18015=CARTESIAN_POINT('',(0.07389,-0.061525,0.));
#18016=CARTESIAN_POINT('',(0.07349,-0.061525,0.));
#18017=CARTESIAN_POINT('',(0.07516,-0.05708,0.));
#18018=CARTESIAN_POINT('',(0.07441,-0.05708,0.));
#18019=CARTESIAN_POINT('',(0.07262,-0.052,0.));
#18020=CARTESIAN_POINT('',(0.07177,-0.052,0.));
#18021=CARTESIAN_POINT('',(0.0777,-0.052,0.));
#18022=CARTESIAN_POINT('',(0.0757,-0.052,0.));
#18023=CARTESIAN_POINT('',(0.08151,-0.061525,0.));
#18024=CARTESIAN_POINT('',(0.08111,-0.061525,0.));
#18025=CARTESIAN_POINT('',(0.08151,-0.05454,0.));
#18026=CARTESIAN_POINT('',(0.08076,-0.05454,0.));
#18027=CARTESIAN_POINT('',(0.08278,-0.052,0.));
#18028=CARTESIAN_POINT('',(0.08193,-0.052,0.));
#18029=CARTESIAN_POINT('',(0.09294,-0.061525,0.));
#18030=CARTESIAN_POINT('',(0.09254,-0.061525,0.));
#18031=CARTESIAN_POINT('',(0.09167,-0.052,0.));
#18032=CARTESIAN_POINT('',(0.09082,-0.052,0.));
#18033=CARTESIAN_POINT('',(0.09421,-0.05708,0.));
#18034=CARTESIAN_POINT('',(0.09346,-0.05708,0.));
#18035=CARTESIAN_POINT('',(0.09675,-0.052,0.));
#18036=CARTESIAN_POINT('',(0.09475,-0.052,0.));
#18037=CARTESIAN_POINT('',(0.068,-0.0205,0.));
#18038=CARTESIAN_POINT('',(0.0664,-0.0205,0.));
#18039=CARTESIAN_POINT('',(0.0895,-0.03274,0.));
#18040=CARTESIAN_POINT('',(0.0890555,-0.03274,0.));
#18041=CARTESIAN_POINT('',(0.0895,-0.0302,0.));
#18042=CARTESIAN_POINT('',(0.0890555,-0.0302,0.));
#18043=CARTESIAN_POINT('',(0.0895,-0.02766,0.));
#18044=CARTESIAN_POINT('',(0.0890555,-0.02766,0.));
#18045=CARTESIAN_POINT('',(0.0895,-0.02512,0.));
#18046=CARTESIAN_POINT('',(0.0890555,-0.02512,0.));
#18047=CARTESIAN_POINT('',(0.0895,-0.02258,0.));
#18048=CARTESIAN_POINT('',(0.0890555,-0.02258,0.));
#18049=CARTESIAN_POINT('',(0.0895,-0.02004,0.));
#18050=CARTESIAN_POINT('',(0.0890555,-0.02004,0.));
#18051=CARTESIAN_POINT('',(0.0895,-0.0175,0.));
#18052=CARTESIAN_POINT('',(0.0890555,-0.0175,0.));
#18053=CARTESIAN_POINT('',(0.10056,-0.061525,0.));
#18054=CARTESIAN_POINT('',(0.10016,-0.061525,0.));
#18055=CARTESIAN_POINT('',(0.10056,-0.05454,0.));
#18056=CARTESIAN_POINT('',(0.09981,-0.05454,0.));
#18057=CARTESIAN_POINT('',(0.10183,-0.052,0.));
#18058=CARTESIAN_POINT('',(0.10098,-0.052,0.));
#18059=CARTESIAN_POINT('',(0.11199,-0.061525,0.));
#18060=CARTESIAN_POINT('',(0.11159,-0.061525,0.));
#18061=CARTESIAN_POINT('',(0.110719999,-0.052,0.));
#18062=CARTESIAN_POINT('',(0.109869999,-0.052,0.));
#18063=CARTESIAN_POINT('',(0.11961,-0.061525,0.));
#18064=CARTESIAN_POINT('',(0.11921,-0.061525,0.));
#18065=CARTESIAN_POINT('',(0.113259999,-0.05708,0.));
#18066=CARTESIAN_POINT('',(0.112509999,-0.05708,0.));
#18067=CARTESIAN_POINT('',(0.115799999,-0.052,0.));
#18068=CARTESIAN_POINT('',(0.113799999,-0.052,0.));
#18069=CARTESIAN_POINT('',(0.119609999,-0.05454,0.));
#18070=CARTESIAN_POINT('',(0.118859999,-0.05454,0.));
#18071=CARTESIAN_POINT('',(0.120879999,-0.052,0.));
#18072=CARTESIAN_POINT('',(0.120029999,-0.052,0.));
#18073=CARTESIAN_POINT('',(0.10474,-0.03274,0.));
#18074=CARTESIAN_POINT('',(0.1042955,-0.03274,0.));
#18075=CARTESIAN_POINT('',(0.10474,-0.0302,0.));
#18076=CARTESIAN_POINT('',(0.1042955,-0.0302,0.));
#18077=CARTESIAN_POINT('',(0.1122,-0.0325,0.));
#18078=CARTESIAN_POINT('',(0.1117,-0.0325,0.));
#18079=CARTESIAN_POINT('',(0.10474,-0.02766,0.));
#18080=CARTESIAN_POINT('',(0.1042955,-0.02766,0.));
#18081=CARTESIAN_POINT('',(0.10474,-0.02512,0.));
#18082=CARTESIAN_POINT('',(0.1042955,-0.02512,0.));
#18083=CARTESIAN_POINT('',(0.10474,-0.02258,0.));
#18084=CARTESIAN_POINT('',(0.1042955,-0.02258,0.));
#18085=CARTESIAN_POINT('',(0.10474,-0.02004,0.));
#18086=CARTESIAN_POINT('',(0.1042955,-0.02004,0.));
#18087=CARTESIAN_POINT('',(0.10474,-0.0175,0.));
#18088=CARTESIAN_POINT('',(0.1042955,-0.0175,0.));
#18089=CARTESIAN_POINT('',(0.1198,-0.0325,0.));
#18090=CARTESIAN_POINT('',(0.1193,-0.0325,0.));
#18091=CARTESIAN_POINT('',(0.125,-0.02,0.));
#18092=CARTESIAN_POINT('',(0.1234,-0.02,0.));
#18093=CARTESIAN_POINT('',(0.,0.,0.00151));
#18094=CARTESIAN_POINT('',(0.071999999357669,-0.02449999935766,0.00151));
#18095=CARTESIAN_POINT('',(0.062,-0.0244999996788257,0.00151));
#18096=CARTESIAN_POINT('',(0.062,-0.1015,0.00151));
#18097=CARTESIAN_POINT('',(0.062,-0.10150000032115,0.00151));
#18098=CARTESIAN_POINT('',(0.071999999357669,-0.1015000006423,0.00151));
#18099=CARTESIAN_POINT('',(0.0719999996788347,-0.111499999999984,0.00151));
#18100=CARTESIAN_POINT('',(0.1215,-0.1115,0.00151));
#18101=CARTESIAN_POINT('',(0.121500000321165,-0.1115,0.00151));
#18102=CARTESIAN_POINT('',(0.12150000064233,-0.1015000006423,0.00151));
#18103=CARTESIAN_POINT('',(0.066,-0.1055,0.00151));
#18104=CARTESIAN_POINT('',(0.0644,-0.1055,0.00151));
#18105=CARTESIAN_POINT('',(0.07389,-0.099625,0.00151));
#18106=CARTESIAN_POINT('',(0.07349,-0.099625,0.00151));
#18107=CARTESIAN_POINT('',(0.07516,-0.09518,0.00151));
#18108=CARTESIAN_POINT('',(0.07441,-0.09518,0.00151));
#18109=CARTESIAN_POINT('',(0.07262,-0.0901,0.00151));
#18110=CARTESIAN_POINT('',(0.07177,-0.0901,0.00151));
#18111=CARTESIAN_POINT('',(0.0777,-0.0901,0.00151));
#18112=CARTESIAN_POINT('',(0.0757,-0.0901,0.00151));
#18113=CARTESIAN_POINT('',(0.08842,-0.1085,0.00151));
#18114=CARTESIAN_POINT('',(0.08792,-0.1085,0.00151));
#18115=CARTESIAN_POINT('',(0.08151,-0.099625,0.00151));
#18116=CARTESIAN_POINT('',(0.08111,-0.099625,0.00151));
#18117=CARTESIAN_POINT('',(0.09096,-0.1085,0.00151));
#18118=CARTESIAN_POINT('',(0.09046,-0.1085,0.00151));
#18119=CARTESIAN_POINT('',(0.0935,-0.1085,0.00151));
#18120=CARTESIAN_POINT('',(0.093,-0.1085,0.00151));
#18121=CARTESIAN_POINT('',(0.09604,-0.1085,0.00151));
#18122=CARTESIAN_POINT('',(0.09554,-0.1085,0.00151));
#18123=CARTESIAN_POINT('',(0.09294,-0.099625,0.00151));
#18124=CARTESIAN_POINT('',(0.09254,-0.099625,0.00151));
#18125=CARTESIAN_POINT('',(0.08151,-0.09264,0.00151));
#18126=CARTESIAN_POINT('',(0.08076,-0.09264,0.00151));
#18127=CARTESIAN_POINT('',(0.08278,-0.0901,0.00151));
#18128=CARTESIAN_POINT('',(0.08193,-0.0901,0.00151));
#18129=CARTESIAN_POINT('',(0.09421,-0.09518,0.00151));
#18130=CARTESIAN_POINT('',(0.09346,-0.09518,0.00151));
#18131=CARTESIAN_POINT('',(0.09167,-0.0901,0.00151));
#18132=CARTESIAN_POINT('',(0.09082,-0.0901,0.00151));
#18133=CARTESIAN_POINT('',(0.09675,-0.0901,0.00151));
#18134=CARTESIAN_POINT('',(0.09475,-0.0901,0.00151));
#18135=CARTESIAN_POINT('',(0.07389,-0.080575,0.00151));
#18136=CARTESIAN_POINT('',(0.07349,-0.080575,0.00151));
#18137=CARTESIAN_POINT('',(0.07516,-0.07613,0.00151));
#18138=CARTESIAN_POINT('',(0.07441,-0.07613,0.00151));
#18139=CARTESIAN_POINT('',(0.07262,-0.07105,0.00151));
#18140=CARTESIAN_POINT('',(0.07177,-0.07105,0.00151));
#18141=CARTESIAN_POINT('',(0.0777,-0.07105,0.00151));
#18142=CARTESIAN_POINT('',(0.0757,-0.07105,0.00151));
#18143=CARTESIAN_POINT('',(0.08151,-0.080575,0.00151));
#18144=CARTESIAN_POINT('',(0.08111,-0.080575,0.00151));
#18145=CARTESIAN_POINT('',(0.09294,-0.080575,0.00151));
#18146=CARTESIAN_POINT('',(0.09254,-0.080575,0.00151));
#18147=CARTESIAN_POINT('',(0.09421,-0.07613,0.00151));
#18148=CARTESIAN_POINT('',(0.09346,-0.07613,0.00151));
#18149=CARTESIAN_POINT('',(0.08151,-0.07359,0.00151));
#18150=CARTESIAN_POINT('',(0.08076,-0.07359,0.00151));
#18151=CARTESIAN_POINT('',(0.08278,-0.07105,0.00151));
#18152=CARTESIAN_POINT('',(0.08193,-0.07105,0.00151));
#18153=CARTESIAN_POINT('',(0.09167,-0.07105,0.00151));
#18154=CARTESIAN_POINT('',(0.09082,-0.07105,0.00151));
#18155=CARTESIAN_POINT('',(0.09675,-0.07105,0.00151));
#18156=CARTESIAN_POINT('',(0.09475,-0.07105,0.00151));
#18157=CARTESIAN_POINT('',(0.09858,-0.1085,0.00151));
#18158=CARTESIAN_POINT('',(0.09808,-0.1085,0.00151));
#18159=CARTESIAN_POINT('',(0.10112,-0.1085,0.00151));
#18160=CARTESIAN_POINT('',(0.10062,-0.1085,0.00151));
#18161=CARTESIAN_POINT('',(0.10366,-0.1085,0.00151));
#18162=CARTESIAN_POINT('',(0.10316,-0.1085,0.00151));
#18163=CARTESIAN_POINT('',(0.10056,-0.099625,0.00151));
#18164=CARTESIAN_POINT('',(0.10016,-0.099625,0.00151));
#18165=CARTESIAN_POINT('',(0.1062,-0.1085,0.00151));
#18166=CARTESIAN_POINT('',(0.1057,-0.1085,0.00151));
#18167=CARTESIAN_POINT('',(0.11199,-0.099625,0.00151));
#18168=CARTESIAN_POINT('',(0.11159,-0.099625,0.00151));
#18169=CARTESIAN_POINT('',(0.10056,-0.09264,0.00151));
#18170=CARTESIAN_POINT('',(0.09981,-0.09264,0.00151));
#18171=CARTESIAN_POINT('',(0.10183,-0.0901,0.00151));
#18172=CARTESIAN_POINT('',(0.10098,-0.0901,0.00151));
#18173=CARTESIAN_POINT('',(0.110719999,-0.0901,0.00151));
#18174=CARTESIAN_POINT('',(0.109869999,-0.0901,0.00151));
#18175=CARTESIAN_POINT('',(0.11961,-0.099625,0.00151));
#18176=CARTESIAN_POINT('',(0.11921,-0.099625,0.00151));
#18177=CARTESIAN_POINT('',(0.1275,-0.1055,0.00151));
#18178=CARTESIAN_POINT('',(0.1259,-0.1055,0.00151));
#18179=CARTESIAN_POINT('',(0.113259999,-0.09518,0.00151));
#18180=CARTESIAN_POINT('',(0.112509999,-0.09518,0.00151));
#18181=CARTESIAN_POINT('',(0.119609999,-0.09264,0.00151));
#18182=CARTESIAN_POINT('',(0.118859999,-0.09264,0.00151));
#18183=CARTESIAN_POINT('',(0.115799999,-0.0901,0.00151));
#18184=CARTESIAN_POINT('',(0.113799999,-0.0901,0.00151));
#18185=CARTESIAN_POINT('',(0.120879999,-0.0901,0.00151));
#18186=CARTESIAN_POINT('',(0.120029999,-0.0901,0.00151));
#18187=CARTESIAN_POINT('',(0.10056,-0.080575,0.00151));
#18188=CARTESIAN_POINT('',(0.10016,-0.080575,0.00151));
#18189=CARTESIAN_POINT('',(0.11199,-0.080575,0.00151));
#18190=CARTESIAN_POINT('',(0.11159,-0.080575,0.00151));
#18191=CARTESIAN_POINT('',(0.10056,-0.07359,0.00151));
#18192=CARTESIAN_POINT('',(0.09981,-0.07359,0.00151));
#18193=CARTESIAN_POINT('',(0.10183,-0.07105,0.00151));
#18194=CARTESIAN_POINT('',(0.10098,-0.07105,0.00151));
#18195=CARTESIAN_POINT('',(0.110719999,-0.07105,0.00151));
#18196=CARTESIAN_POINT('',(0.109869999,-0.07105,0.00151));
#18197=CARTESIAN_POINT('',(0.11961,-0.080575,0.00151));
#18198=CARTESIAN_POINT('',(0.11921,-0.080575,0.00151));
#18199=CARTESIAN_POINT('',(0.113259999,-0.07613,0.00151));
#18200=CARTESIAN_POINT('',(0.112509999,-0.07613,0.00151));
#18201=CARTESIAN_POINT('',(0.115799999,-0.07105,0.00151));
#18202=CARTESIAN_POINT('',(0.113799999,-0.07105,0.00151));
#18203=CARTESIAN_POINT('',(0.119609999,-0.07359,0.00151));
#18204=CARTESIAN_POINT('',(0.118859999,-0.07359,0.00151));
#18205=CARTESIAN_POINT('',(0.120879999,-0.07105,0.00151));
#18206=CARTESIAN_POINT('',(0.120029999,-0.07105,0.00151));
#18207=CARTESIAN_POINT('',(0.07389,-0.061525,0.00151));
#18208=CARTESIAN_POINT('',(0.07349,-0.061525,0.00151));
#18209=CARTESIAN_POINT('',(0.07516,-0.05708,0.00151));
#18210=CARTESIAN_POINT('',(0.07441,-0.05708,0.00151));
#18211=CARTESIAN_POINT('',(0.07262,-0.052,0.00151));
#18212=CARTESIAN_POINT('',(0.07177,-0.052,0.00151));
#18213=CARTESIAN_POINT('',(0.0777,-0.052,0.00151));
#18214=CARTESIAN_POINT('',(0.0757,-0.052,0.00151));
#18215=CARTESIAN_POINT('',(0.08151,-0.061525,0.00151));
#18216=CARTESIAN_POINT('',(0.08111,-0.061525,0.00151));
#18217=CARTESIAN_POINT('',(0.08151,-0.05454,0.00151));
#18218=CARTESIAN_POINT('',(0.08076,-0.05454,0.00151));
#18219=CARTESIAN_POINT('',(0.08278,-0.052,0.00151));
#18220=CARTESIAN_POINT('',(0.08193,-0.052,0.00151));
#18221=CARTESIAN_POINT('',(0.09294,-0.061525,0.00151));
#18222=CARTESIAN_POINT('',(0.09254,-0.061525,0.00151));
#18223=CARTESIAN_POINT('',(0.09167,-0.052,0.00151));
#18224=CARTESIAN_POINT('',(0.09082,-0.052,0.00151));
#18225=CARTESIAN_POINT('',(0.09421,-0.05708,0.00151));
#18226=CARTESIAN_POINT('',(0.09346,-0.05708,0.00151));
#18227=CARTESIAN_POINT('',(0.09675,-0.052,0.00151));
#18228=CARTESIAN_POINT('',(0.09475,-0.052,0.00151));
#18229=CARTESIAN_POINT('',(0.068,-0.0205,0.00151));
#18230=CARTESIAN_POINT('',(0.0664,-0.0205,0.00151));
#18231=CARTESIAN_POINT('',(0.0895,-0.03274,0.00151));
#18232=CARTESIAN_POINT('',(0.0890555,-0.03274,0.00151));
#18233=CARTESIAN_POINT('',(0.0895,-0.0302,0.00151));
#18234=CARTESIAN_POINT('',(0.0890555,-0.0302,0.00151));
#18235=CARTESIAN_POINT('',(0.0895,-0.02766,0.00151));
#18236=CARTESIAN_POINT('',(0.0890555,-0.02766,0.00151));
#18237=CARTESIAN_POINT('',(0.0895,-0.02512,0.00151));
#18238=CARTESIAN_POINT('',(0.0890555,-0.02512,0.00151));
#18239=CARTESIAN_POINT('',(0.0895,-0.02258,0.00151));
#18240=CARTESIAN_POINT('',(0.0890555,-0.02258,0.00151));
#18241=CARTESIAN_POINT('',(0.0895,-0.02004,0.00151));
#18242=CARTESIAN_POINT('',(0.0890555,-0.02004,0.00151));
#18243=CARTESIAN_POINT('',(0.0895,-0.0175,0.00151));
#18244=CARTESIAN_POINT('',(0.0890555,-0.0175,0.00151));
#18245=CARTESIAN_POINT('',(0.10056,-0.061525,0.00151));
#18246=CARTESIAN_POINT('',(0.10016,-0.061525,0.00151));
#18247=CARTESIAN_POINT('',(0.10056,-0.05454,0.00151));
#18248=CARTESIAN_POINT('',(0.09981,-0.05454,0.00151));
#18249=CARTESIAN_POINT('',(0.10183,-0.052,0.00151));
#18250=CARTESIAN_POINT('',(0.10098,-0.052,0.00151));
#18251=CARTESIAN_POINT('',(0.11199,-0.061525,0.00151));
#18252=CARTESIAN_POINT('',(0.11159,-0.061525,0.00151));
#18253=CARTESIAN_POINT('',(0.110719999,-0.052,0.00151));
#18254=CARTESIAN_POINT('',(0.109869999,-0.052,0.00151));
#18255=CARTESIAN_POINT('',(0.11961,-0.061525,0.00151));
#18256=CARTESIAN_POINT('',(0.11921,-0.061525,0.00151));
#18257=CARTESIAN_POINT('',(0.113259999,-0.05708,0.00151));
#18258=CARTESIAN_POINT('',(0.112509999,-0.05708,0.00151));
#18259=CARTESIAN_POINT('',(0.115799999,-0.052,0.00151));
#18260=CARTESIAN_POINT('',(0.113799999,-0.052,0.00151));
#18261=CARTESIAN_POINT('',(0.119609999,-0.05454,0.00151));
#18262=CARTESIAN_POINT('',(0.118859999,-0.05454,0.00151));
#18263=CARTESIAN_POINT('',(0.120879999,-0.052,0.00151));
#18264=CARTESIAN_POINT('',(0.120029999,-0.052,0.00151));
#18265=CARTESIAN_POINT('',(0.10474,-0.03274,0.00151));
#18266=CARTESIAN_POINT('',(0.1042955,-0.03274,0.00151));
#18267=CARTESIAN_POINT('',(0.10474,-0.0302,0.00151));
#18268=CARTESIAN_POINT('',(0.1042955,-0.0302,0.00151));
#18269=CARTESIAN_POINT('',(0.1122,-0.0325,0.00151));
#18270=CARTESIAN_POINT('',(0.1117,-0.0325,0.00151));
#18271=CARTESIAN_POINT('',(0.10474,-0.02766,0.00151));
#18272=CARTESIAN_POINT('',(0.1042955,-0.02766,0.00151));
#18273=CARTESIAN_POINT('',(0.10474,-0.02512,0.00151));
#18274=CARTESIAN_POINT('',(0.1042955,-0.02512,0.00151));
#18275=CARTESIAN_POINT('',(0.10474,-0.02258,0.00151));
#18276=CARTESIAN_POINT('',(0.1042955,-0.02258,0.00151));
#18277=CARTESIAN_POINT('',(0.10474,-0.02004,0.00151));
#18278=CARTESIAN_POINT('',(0.1042955,-0.02004,0.00151));
#18279=CARTESIAN_POINT('',(0.10474,-0.0175,0.00151));
#18280=CARTESIAN_POINT('',(0.1042955,-0.0175,0.00151));
#18281=CARTESIAN_POINT('',(0.1198,-0.0325,0.00151));
#18282=CARTESIAN_POINT('',(0.1193,-0.0325,0.00151));
#18283=CARTESIAN_POINT('',(0.125,-0.02,0.00151));
#18284=CARTESIAN_POINT('',(0.1234,-0.02,0.00151));
#18285=CARTESIAN_POINT('',(0.071999999357669,-0.02449999935766,0.));
#18286=CARTESIAN_POINT('',(0.062,-0.0244999999999914,0.));
#18287=CARTESIAN_POINT('',(0.12150000064233,-0.1015000006423,0.));
#18288=CARTESIAN_POINT('',(0.1215,-0.1115,0.));
#18289=CARTESIAN_POINT('',(0.062,-0.1015,0.));
#18290=CARTESIAN_POINT('',(0.062,-0.1015,0.));
#18291=CARTESIAN_POINT('',(0.1215,-0.1115,0.));
#18292=CARTESIAN_POINT('',(0.072,-0.111499999999969,0.));
#18293=CARTESIAN_POINT('',(0.071999999357669,-0.1015000006423,0.));
#18294=CARTESIAN_POINT('',(0.066,-0.1055,-4.6E-5));
#18295=CARTESIAN_POINT('',(0.07389,-0.099625,-4.6E-5));
#18296=CARTESIAN_POINT('',(0.07516,-0.09518,-4.6E-5));
#18297=CARTESIAN_POINT('',(0.07262,-0.0901,-4.6E-5));
#18298=CARTESIAN_POINT('',(0.0777,-0.0901,-4.6E-5));
#18299=CARTESIAN_POINT('',(0.08842,-0.1085,-4.6E-5));
#18300=CARTESIAN_POINT('',(0.08151,-0.099625,-4.6E-5));
#18301=CARTESIAN_POINT('',(0.09096,-0.1085,-4.6E-5));
#18302=CARTESIAN_POINT('',(0.0935,-0.1085,-4.6E-5));
#18303=CARTESIAN_POINT('',(0.09604,-0.1085,-4.6E-5));
#18304=CARTESIAN_POINT('',(0.09294,-0.099625,-4.6E-5));
#18305=CARTESIAN_POINT('',(0.08151,-0.09264,-4.6E-5));
#18306=CARTESIAN_POINT('',(0.08278,-0.0901,-4.6E-5));
#18307=CARTESIAN_POINT('',(0.09421,-0.09518,-4.6E-5));
#18308=CARTESIAN_POINT('',(0.09167,-0.0901,-4.6E-5));
#18309=CARTESIAN_POINT('',(0.09675,-0.0901,-4.6E-5));
#18310=CARTESIAN_POINT('',(0.07389,-0.080575,-4.6E-5));
#18311=CARTESIAN_POINT('',(0.07516,-0.07613,-4.6E-5));
#18312=CARTESIAN_POINT('',(0.07262,-0.07105,-4.6E-5));
#18313=CARTESIAN_POINT('',(0.0777,-0.07105,-4.6E-5));
#18314=CARTESIAN_POINT('',(0.08151,-0.080575,-4.6E-5));
#18315=CARTESIAN_POINT('',(0.09294,-0.080575,-4.6E-5));
#18316=CARTESIAN_POINT('',(0.09421,-0.07613,-4.6E-5));
#18317=CARTESIAN_POINT('',(0.08151,-0.07359,-4.6E-5));
#18318=CARTESIAN_POINT('',(0.08278,-0.07105,-4.6E-5));
#18319=CARTESIAN_POINT('',(0.09167,-0.07105,-4.6E-5));
#18320=CARTESIAN_POINT('',(0.09675,-0.07105,-4.6E-5));
#18321=CARTESIAN_POINT('',(0.09858,-0.1085,-4.6E-5));
#18322=CARTESIAN_POINT('',(0.10112,-0.1085,-4.6E-5));
#18323=CARTESIAN_POINT('',(0.10366,-0.1085,-4.6E-5));
#18324=CARTESIAN_POINT('',(0.10056,-0.099625,-4.6E-5));
#18325=CARTESIAN_POINT('',(0.1062,-0.1085,-4.6E-5));
#18326=CARTESIAN_POINT('',(0.11199,-0.099625,-4.6E-5));
#18327=CARTESIAN_POINT('',(0.10056,-0.09264,-4.6E-5));
#18328=CARTESIAN_POINT('',(0.10183,-0.0901,-4.6E-5));
#18329=CARTESIAN_POINT('',(0.110719999,-0.0901,-4.6E-5));
#18330=CARTESIAN_POINT('',(0.11961,-0.099625,-4.6E-5));
#18331=CARTESIAN_POINT('',(0.1275,-0.1055,-4.6E-5));
#18332=CARTESIAN_POINT('',(0.113259999,-0.09518,-4.6E-5));
#18333=CARTESIAN_POINT('',(0.119609999,-0.09264,-4.6E-5));
#18334=CARTESIAN_POINT('',(0.115799999,-0.0901,-4.6E-5));
#18335=CARTESIAN_POINT('',(0.120879999,-0.0901,-4.6E-5));
#18336=CARTESIAN_POINT('',(0.10056,-0.080575,-4.6E-5));
#18337=CARTESIAN_POINT('',(0.11199,-0.080575,-4.6E-5));
#18338=CARTESIAN_POINT('',(0.10056,-0.07359,-4.6E-5));
#18339=CARTESIAN_POINT('',(0.10183,-0.07105,-4.6E-5));
#18340=CARTESIAN_POINT('',(0.110719999,-0.07105,-4.6E-5));
#18341=CARTESIAN_POINT('',(0.11961,-0.080575,-4.6E-5));
#18342=CARTESIAN_POINT('',(0.113259999,-0.07613,-4.6E-5));
#18343=CARTESIAN_POINT('',(0.115799999,-0.07105,-4.6E-5));
#18344=CARTESIAN_POINT('',(0.119609999,-0.07359,-4.6E-5));
#18345=CARTESIAN_POINT('',(0.120879999,-0.07105,-4.6E-5));
#18346=CARTESIAN_POINT('',(0.07389,-0.061525,-4.6E-5));
#18347=CARTESIAN_POINT('',(0.07516,-0.05708,-4.6E-5));
#18348=CARTESIAN_POINT('',(0.07262,-0.052,-4.6E-5));
#18349=CARTESIAN_POINT('',(0.0777,-0.052,-4.6E-5));
#18350=CARTESIAN_POINT('',(0.08151,-0.061525,-4.6E-5));
#18351=CARTESIAN_POINT('',(0.08151,-0.05454,-4.6E-5));
#18352=CARTESIAN_POINT('',(0.08278,-0.052,-4.6E-5));
#18353=CARTESIAN_POINT('',(0.09294,-0.061525,-4.6E-5));
#18354=CARTESIAN_POINT('',(0.09167,-0.052,-4.6E-5));
#18355=CARTESIAN_POINT('',(0.09421,-0.05708,-4.6E-5));
#18356=CARTESIAN_POINT('',(0.09675,-0.052,-4.6E-5));
#18357=CARTESIAN_POINT('',(0.068,-0.0205,-4.6E-5));
#18358=CARTESIAN_POINT('',(0.0895,-0.03274,-4.6E-5));
#18359=CARTESIAN_POINT('',(0.0895,-0.0302,-4.6E-5));
#18360=CARTESIAN_POINT('',(0.0895,-0.02766,-4.6E-5));
#18361=CARTESIAN_POINT('',(0.0895,-0.02512,-4.6E-5));
#18362=CARTESIAN_POINT('',(0.0895,-0.02258,-4.6E-5));
#18363=CARTESIAN_POINT('',(0.0895,-0.02004,-4.6E-5));
#18364=CARTESIAN_POINT('',(0.0895,-0.0175,-4.6E-5));
#18365=CARTESIAN_POINT('',(0.10056,-0.061525,-4.6E-5));
#18366=CARTESIAN_POINT('',(0.10056,-0.05454,-4.6E-5));
#18367=CARTESIAN_POINT('',(0.10183,-0.052,-4.6E-5));
#18368=CARTESIAN_POINT('',(0.11199,-0.061525,-4.6E-5));
#18369=CARTESIAN_POINT('',(0.110719999,-0.052,-4.6E-5));
#18370=CARTESIAN_POINT('',(0.11961,-0.061525,-4.6E-5));
#18371=CARTESIAN_POINT('',(0.113259999,-0.05708,-4.6E-5));
#18372=CARTESIAN_POINT('',(0.115799999,-0.052,-4.6E-5));
#18373=CARTESIAN_POINT('',(0.119609999,-0.05454,-4.6E-5));
#18374=CARTESIAN_POINT('',(0.120879999,-0.052,-4.6E-5));
#18375=CARTESIAN_POINT('',(0.10474,-0.03274,-4.6E-5));
#18376=CARTESIAN_POINT('',(0.10474,-0.0302,-4.6E-5));
#18377=CARTESIAN_POINT('',(0.1122,-0.0325,-4.6E-5));
#18378=CARTESIAN_POINT('',(0.10474,-0.02766,-4.6E-5));
#18379=CARTESIAN_POINT('',(0.10474,-0.02512,-4.6E-5));
#18380=CARTESIAN_POINT('',(0.10474,-0.02258,-4.6E-5));
#18381=CARTESIAN_POINT('',(0.10474,-0.02004,-4.6E-5));
#18382=CARTESIAN_POINT('',(0.10474,-0.0175,-4.6E-5));
#18383=CARTESIAN_POINT('',(0.1198,-0.0325,-4.6E-5));
#18384=CARTESIAN_POINT('',(0.125,-0.02,-4.6E-5));
#18385=CARTESIAN_POINT('',(-0.170287898826536,0.0956649017604179,0.0269519116441274));
#18386=CARTESIAN_POINT('',(0.1144,-0.080575,0.003095));
#18387=CARTESIAN_POINT('',(0.1154,-0.080575,0.003095));
#18388=CARTESIAN_POINT('',(0.1154,-0.080575,0.002085));
#18389=CARTESIAN_POINT('',(0.1144,-0.080575,0.003095));
#18390=CARTESIAN_POINT('',(0.1144,-0.080575,0.002085));
#18391=CARTESIAN_POINT('',(0.1144,-0.080575,0.003095));
#18392=CARTESIAN_POINT('',(0.1144,-0.080575,0.003095));
#18393=CARTESIAN_POINT('',(0.1144,-0.080575,0.002095));
#18394=CARTESIAN_POINT('',(0.1154,-0.080575,0.003095));
#18395=CARTESIAN_POINT('',(0.1154,-0.080575,0.003095));
#18396=CARTESIAN_POINT('',(0.1154,-0.080575,0.002095));
#18397=CARTESIAN_POINT('',(0.1138,-0.080575,0.003095));
#18398=CARTESIAN_POINT('',(0.1142,-0.080575,0.003095));
#18399=CARTESIAN_POINT('',(0.1142,-0.080575,0.002095));
#18400=CARTESIAN_POINT('',(0.1138,-0.080575,0.003095));
#18401=CARTESIAN_POINT('',(0.1174,-0.080575,0.003095));
#18402=CARTESIAN_POINT('',(0.1174,-0.080575,0.004095));
#18403=CARTESIAN_POINT('',(0.1142,-0.080575,0.003095));
#18404=CARTESIAN_POINT('',(0.1138,-0.080575,0.003095));
#18405=CARTESIAN_POINT('',(0.1138,-0.080575,0.003695));
#18406=CARTESIAN_POINT('',(0.1174,-0.080575,0.003095));
#18407=CARTESIAN_POINT('',(0.1178,-0.080575,0.003095));
#18408=CARTESIAN_POINT('',(0.1178,-0.080575,0.003695));
#18409=CARTESIAN_POINT('',(0.1138,-0.080575,0.003095));
#18410=CARTESIAN_POINT('',(0.1178,-0.080575,0.003095));
#18411=CARTESIAN_POINT('',(-0.170287898826536,0.0956649017604179,0.0269519116441274));
#18412=CARTESIAN_POINT('',(0.07389,-0.080575,0.002595));
#18413=CARTESIAN_POINT('',(0.07389,-0.080575,0.002595));
#18414=CARTESIAN_POINT('',(0.07389,-0.080325,0.002595));
#18415=CARTESIAN_POINT('',(0.07389,-0.080575,-0.000905));
#18416=CARTESIAN_POINT('',(0.07389,-0.080825,-0.000905));
#18417=CARTESIAN_POINT('',(0.07439,-0.080575,0.002595));
#18418=CARTESIAN_POINT('',(0.07439,-0.080575,0.003095));
#18419=CARTESIAN_POINT('',(0.07439,-0.080575,0.003345));
#18420=CARTESIAN_POINT('',(0.07439,-0.080575,0.003095));
#18421=CARTESIAN_POINT('',(0.08101,-0.080575,0.003095));
#18422=CARTESIAN_POINT('',(0.08101,-0.080575,0.003345));
#18423=CARTESIAN_POINT('',(0.08101,-0.080575,0.002595));
#18424=CARTESIAN_POINT('',(0.08151,-0.080575,0.002595));
#18425=CARTESIAN_POINT('',(0.08151,-0.080825,0.002595));
#18426=CARTESIAN_POINT('',(0.08151,-0.080575,0.002595));
#18427=CARTESIAN_POINT('',(0.08151,-0.080575,-0.000905));
#18428=CARTESIAN_POINT('',(0.08151,-0.080325,-0.000905));
#18429=CARTESIAN_POINT('',(0.07414,-0.080575,-0.000905));
#18430=CARTESIAN_POINT('',(0.08126,-0.080575,-0.000905));
#18431=CARTESIAN_POINT('',(-0.170287898826536,0.0956649017604179,0.0269519116441274));
#18432=CARTESIAN_POINT('',(0.09535,-0.061525,0.003095));
#18433=CARTESIAN_POINT('',(0.09635,-0.061525,0.003095));
#18434=CARTESIAN_POINT('',(0.09635,-0.061525,0.002085));
#18435=CARTESIAN_POINT('',(0.09535,-0.061525,0.003095));
#18436=CARTESIAN_POINT('',(0.09535,-0.061525,0.002085));
#18437=CARTESIAN_POINT('',(0.09535,-0.061525,0.003095));
#18438=CARTESIAN_POINT('',(0.09535,-0.061525,0.003095));
#18439=CARTESIAN_POINT('',(0.09535,-0.061525,0.002095));
#18440=CARTESIAN_POINT('',(0.09635,-0.061525,0.003095));
#18441=CARTESIAN_POINT('',(0.09635,-0.061525,0.003095));
#18442=CARTESIAN_POINT('',(0.09635,-0.061525,0.002095));
#18443=CARTESIAN_POINT('',(0.09475,-0.061525,0.003095));
#18444=CARTESIAN_POINT('',(0.09515,-0.061525,0.003095));
#18445=CARTESIAN_POINT('',(0.09515,-0.061525,0.002095));
#18446=CARTESIAN_POINT('',(0.09475,-0.061525,0.003095));
#18447=CARTESIAN_POINT('',(0.09835,-0.061525,0.003095));
#18448=CARTESIAN_POINT('',(0.09835,-0.061525,0.004095));
#18449=CARTESIAN_POINT('',(0.09515,-0.061525,0.003095));
#18450=CARTESIAN_POINT('',(0.09475,-0.061525,0.003095));
#18451=CARTESIAN_POINT('',(0.09475,-0.061525,0.003695));
#18452=CARTESIAN_POINT('',(0.09835,-0.061525,0.003095));
#18453=CARTESIAN_POINT('',(0.09875,-0.061525,0.003095));
#18454=CARTESIAN_POINT('',(0.09875,-0.061525,0.003695));
#18455=CARTESIAN_POINT('',(0.09475,-0.061525,0.003095));
#18456=CARTESIAN_POINT('',(0.09875,-0.061525,0.003095));
#18457=CARTESIAN_POINT('',(-0.170287898826536,0.0956649017604179,0.0269519116441274));
#18458=CARTESIAN_POINT('',(0.09294,-0.080575,0.002595));
#18459=CARTESIAN_POINT('',(0.09294,-0.080575,0.002595));
#18460=CARTESIAN_POINT('',(0.09294,-0.080325,0.002595));
#18461=CARTESIAN_POINT('',(0.09294,-0.080575,-0.000905));
#18462=CARTESIAN_POINT('',(0.09294,-0.080825,-0.000905));
#18463=CARTESIAN_POINT('',(0.09344,-0.080575,0.002595));
#18464=CARTESIAN_POINT('',(0.09344,-0.080575,0.003095));
#18465=CARTESIAN_POINT('',(0.09344,-0.080575,0.003345));
#18466=CARTESIAN_POINT('',(0.09344,-0.080575,0.003095));
#18467=CARTESIAN_POINT('',(0.10006,-0.080575,0.003095));
#18468=CARTESIAN_POINT('',(0.10006,-0.080575,0.003345));
#18469=CARTESIAN_POINT('',(0.10006,-0.080575,0.002595));
#18470=CARTESIAN_POINT('',(0.10056,-0.080575,0.002595));
#18471=CARTESIAN_POINT('',(0.10056,-0.080825,0.002595));
#18472=CARTESIAN_POINT('',(0.10056,-0.080575,0.002595));
#18473=CARTESIAN_POINT('',(0.10056,-0.080575,-0.000905));
#18474=CARTESIAN_POINT('',(0.10056,-0.080325,-0.000905));
#18475=CARTESIAN_POINT('',(0.09319,-0.080575,-0.000905));
#18476=CARTESIAN_POINT('',(0.10031,-0.080575,-0.000905));
#18477=CARTESIAN_POINT('',(-0.170287898826536,0.0956649017604179,0.0269519116441274));
#18478=CARTESIAN_POINT('',(0.11199,-0.080575,0.002595));
#18479=CARTESIAN_POINT('',(0.11199,-0.080575,0.002595));
#18480=CARTESIAN_POINT('',(0.11199,-0.080325,0.002595));
#18481=CARTESIAN_POINT('',(0.11199,-0.080575,-0.000905));
#18482=CARTESIAN_POINT('',(0.11199,-0.080825,-0.000905));
#18483=CARTESIAN_POINT('',(0.11249,-0.080575,0.002595));
#18484=CARTESIAN_POINT('',(0.11249,-0.080575,0.003095));
#18485=CARTESIAN_POINT('',(0.11249,-0.080575,0.003345));
#18486=CARTESIAN_POINT('',(0.11249,-0.080575,0.003095));
#18487=CARTESIAN_POINT('',(0.11911,-0.080575,0.003095));
#18488=CARTESIAN_POINT('',(0.11911,-0.080575,0.003345));
#18489=CARTESIAN_POINT('',(0.11911,-0.080575,0.002595));
#18490=CARTESIAN_POINT('',(0.11961,-0.080575,0.002595));
#18491=CARTESIAN_POINT('',(0.11961,-0.080825,0.002595));
#18492=CARTESIAN_POINT('',(0.11961,-0.080575,0.002595));
#18493=CARTESIAN_POINT('',(0.11961,-0.080575,-0.000905));
#18494=CARTESIAN_POINT('',(0.11961,-0.080325,-0.000905));
#18495=CARTESIAN_POINT('',(0.11224,-0.080575,-0.000905));
#18496=CARTESIAN_POINT('',(0.11936,-0.080575,-0.000905));
#18497=CARTESIAN_POINT('',(-0.170287898826536,0.0956649017604179,0.0269519116441274));
#18498=CARTESIAN_POINT('',(0.1144,-0.099625,0.003095));
#18499=CARTESIAN_POINT('',(0.1154,-0.099625,0.003095));
#18500=CARTESIAN_POINT('',(0.1154,-0.099625,0.002085));
#18501=CARTESIAN_POINT('',(0.1144,-0.099625,0.003095));
#18502=CARTESIAN_POINT('',(0.1144,-0.099625,0.002085));
#18503=CARTESIAN_POINT('',(0.1144,-0.099625,0.003095));
#18504=CARTESIAN_POINT('',(0.1144,-0.099625,0.003095));
#18505=CARTESIAN_POINT('',(0.1144,-0.099625,0.002095));
#18506=CARTESIAN_POINT('',(0.1154,-0.099625,0.003095));
#18507=CARTESIAN_POINT('',(0.1154,-0.099625,0.003095));
#18508=CARTESIAN_POINT('',(0.1154,-0.099625,0.002095));
#18509=CARTESIAN_POINT('',(0.1138,-0.099625,0.003095));
#18510=CARTESIAN_POINT('',(0.1142,-0.099625,0.003095));
#18511=CARTESIAN_POINT('',(0.1142,-0.099625,0.002095));
#18512=CARTESIAN_POINT('',(0.1138,-0.099625,0.003095));
#18513=CARTESIAN_POINT('',(0.1174,-0.099625,0.003095));
#18514=CARTESIAN_POINT('',(0.1174,-0.099625,0.004095));
#18515=CARTESIAN_POINT('',(0.1142,-0.099625,0.003095));
#18516=CARTESIAN_POINT('',(0.1138,-0.099625,0.003095));
#18517=CARTESIAN_POINT('',(0.1138,-0.099625,0.003695));
#18518=CARTESIAN_POINT('',(0.1174,-0.099625,0.003095));
#18519=CARTESIAN_POINT('',(0.1178,-0.099625,0.003095));
#18520=CARTESIAN_POINT('',(0.1178,-0.099625,0.003695));
#18521=CARTESIAN_POINT('',(0.1138,-0.099625,0.003095));
#18522=CARTESIAN_POINT('',(0.1178,-0.099625,0.003095));
#18523=CARTESIAN_POINT('',(-0.170287898826536,0.0956649017604179,0.0269519116441274));
#18524=CARTESIAN_POINT('',(0.116,-0.0325,0.001625));
#18525=CARTESIAN_POINT('',(0.116,-0.0325,0.009643518518519));
#18526=CARTESIAN_POINT('',(0.122,-0.0325,0.009643518518519));
#18527=CARTESIAN_POINT('',(0.116,-0.0325,0.001925));
#18528=CARTESIAN_POINT('',(0.11,-0.0325,0.001925));
#18529=CARTESIAN_POINT('',(0.116,-0.0325,0.001925));
#18530=CARTESIAN_POINT('',(0.116,-0.0325,0.001625));
#18531=CARTESIAN_POINT('',(0.1103,-0.0325,0.001625));
#18532=CARTESIAN_POINT('',(0.116,-0.0325,0.009643518518519));
#18533=CARTESIAN_POINT('',(0.116,-0.0325,0.011125));
#18534=CARTESIAN_POINT('',(0.120518518518519,-0.0325,0.011125));
#18535=CARTESIAN_POINT('',(0.116,-0.0325,0.001625));
#18536=CARTESIAN_POINT('',(0.1122,-0.0325,0.001625));
#18537=CARTESIAN_POINT('',(0.11265,-0.0325,0.001625));
#18538=CARTESIAN_POINT('',(0.1198,-0.0325,0.001625));
#18539=CARTESIAN_POINT('',(0.12025,-0.0325,0.001625));
#18540=CARTESIAN_POINT('',(0.116,-0.0325,0.011125));
#18541=CARTESIAN_POINT('',(0.116,-0.0325,0.011125));
#18542=CARTESIAN_POINT('',(0.115,-0.0325,0.011125));
#18543=CARTESIAN_POINT('',(0.1122,-0.0325,0.002625));
#18544=CARTESIAN_POINT('',(0.1122,-0.0325,-0.001225));
#18545=CARTESIAN_POINT('',(0.11265,-0.0325,-0.001225));
#18546=CARTESIAN_POINT('',(0.1198,-0.0325,0.002625));
#18547=CARTESIAN_POINT('',(0.1198,-0.0325,-0.001225));
#18548=CARTESIAN_POINT('',(0.12025,-0.0325,-0.001225));
#18549=CARTESIAN_POINT('',(0.116,-0.0325,0.003525));
#18550=CARTESIAN_POINT('',(0.116,-0.0325,0.010925));
#18551=CARTESIAN_POINT('',(0.115,-0.0325,0.010925));
#18552=CARTESIAN_POINT('',(0.1122,-0.0325,-0.001225));
#18553=CARTESIAN_POINT('',(0.1122,-0.0325,-0.001405));
#18554=CARTESIAN_POINT('',(0.11193,-0.0325,-0.001405));
#18555=CARTESIAN_POINT('',(0.1198,-0.0325,-0.001225));
#18556=CARTESIAN_POINT('',(0.1198,-0.0325,-0.001405));
#18557=CARTESIAN_POINT('',(0.11953,-0.0325,-0.001405));
#18558=CARTESIAN_POINT('',(0.116,-0.0325,0.010925));
#18559=CARTESIAN_POINT('',(0.1122,-0.0325,-0.001405));
#18560=CARTESIAN_POINT('',(0.1198,-0.0325,-0.001405));
#18561=CARTESIAN_POINT('',(-0.170287898826536,0.0956649017604179,0.0269519116441274));
#18562=CARTESIAN_POINT('',(0.1144,-0.061525,0.003095));
#18563=CARTESIAN_POINT('',(0.1154,-0.061525,0.003095));
#18564=CARTESIAN_POINT('',(0.1154,-0.061525,0.002085));
#18565=CARTESIAN_POINT('',(0.1144,-0.061525,0.003095));
#18566=CARTESIAN_POINT('',(0.1144,-0.061525,0.002085));
#18567=CARTESIAN_POINT('',(0.1144,-0.061525,0.003095));
#18568=CARTESIAN_POINT('',(0.1144,-0.061525,0.003095));
#18569=CARTESIAN_POINT('',(0.1144,-0.061525,0.002095));
#18570=CARTESIAN_POINT('',(0.1154,-0.061525,0.003095));
#18571=CARTESIAN_POINT('',(0.1154,-0.061525,0.003095));
#18572=CARTESIAN_POINT('',(0.1154,-0.061525,0.002095));
#18573=CARTESIAN_POINT('',(0.1138,-0.061525,0.003095));
#18574=CARTESIAN_POINT('',(0.1142,-0.061525,0.003095));
#18575=CARTESIAN_POINT('',(0.1142,-0.061525,0.002095));
#18576=CARTESIAN_POINT('',(0.1138,-0.061525,0.003095));
#18577=CARTESIAN_POINT('',(0.1174,-0.061525,0.003095));
#18578=CARTESIAN_POINT('',(0.1174,-0.061525,0.004095));
#18579=CARTESIAN_POINT('',(0.1142,-0.061525,0.003095));
#18580=CARTESIAN_POINT('',(0.1138,-0.061525,0.003095));
#18581=CARTESIAN_POINT('',(0.1138,-0.061525,0.003695));
#18582=CARTESIAN_POINT('',(0.1174,-0.061525,0.003095));
#18583=CARTESIAN_POINT('',(0.1178,-0.061525,0.003095));
#18584=CARTESIAN_POINT('',(0.1178,-0.061525,0.003695));
#18585=CARTESIAN_POINT('',(0.1138,-0.061525,0.003095));
#18586=CARTESIAN_POINT('',(0.1178,-0.061525,0.003095));
#18587=CARTESIAN_POINT('',(-0.170287898826536,0.0956649017604179,0.0269519116441274));
#18588=CARTESIAN_POINT('',(0.09535,-0.080575,0.003095));
#18589=CARTESIAN_POINT('',(0.09635,-0.080575,0.003095));
#18590=CARTESIAN_POINT('',(0.09635,-0.080575,0.002085));
#18591=CARTESIAN_POINT('',(0.09535,-0.080575,0.003095));
#18592=CARTESIAN_POINT('',(0.09535,-0.080575,0.002085));
#18593=CARTESIAN_POINT('',(0.09535,-0.080575,0.003095));
#18594=CARTESIAN_POINT('',(0.09535,-0.080575,0.003095));
#18595=CARTESIAN_POINT('',(0.09535,-0.080575,0.002095));
#18596=CARTESIAN_POINT('',(0.09635,-0.080575,0.003095));
#18597=CARTESIAN_POINT('',(0.09635,-0.080575,0.003095));
#18598=CARTESIAN_POINT('',(0.09635,-0.080575,0.002095));
#18599=CARTESIAN_POINT('',(0.09475,-0.080575,0.003095));
#18600=CARTESIAN_POINT('',(0.09515,-0.080575,0.003095));
#18601=CARTESIAN_POINT('',(0.09515,-0.080575,0.002095));
#18602=CARTESIAN_POINT('',(0.09475,-0.080575,0.003095));
#18603=CARTESIAN_POINT('',(0.09835,-0.080575,0.003095));
#18604=CARTESIAN_POINT('',(0.09835,-0.080575,0.004095));
#18605=CARTESIAN_POINT('',(0.09515,-0.080575,0.003095));
#18606=CARTESIAN_POINT('',(0.09475,-0.080575,0.003095));
#18607=CARTESIAN_POINT('',(0.09475,-0.080575,0.003695));
#18608=CARTESIAN_POINT('',(0.09835,-0.080575,0.003095));
#18609=CARTESIAN_POINT('',(0.09875,-0.080575,0.003095));
#18610=CARTESIAN_POINT('',(0.09875,-0.080575,0.003695));
#18611=CARTESIAN_POINT('',(0.09475,-0.080575,0.003095));
#18612=CARTESIAN_POINT('',(0.09875,-0.080575,0.003095));
#18613=CARTESIAN_POINT('',(-0.170287898826536,0.0956649017604179,0.0269519116441274));
#18614=CARTESIAN_POINT('',(0.0763,-0.061525,0.003095));
#18615=CARTESIAN_POINT('',(0.0773,-0.061525,0.003095));
#18616=CARTESIAN_POINT('',(0.0773,-0.061525,0.002085));
#18617=CARTESIAN_POINT('',(0.0763,-0.061525,0.003095));
#18618=CARTESIAN_POINT('',(0.0763,-0.061525,0.002085));
#18619=CARTESIAN_POINT('',(0.0763,-0.061525,0.003095));
#18620=CARTESIAN_POINT('',(0.0763,-0.061525,0.003095));
#18621=CARTESIAN_POINT('',(0.0763,-0.061525,0.002095));
#18622=CARTESIAN_POINT('',(0.0773,-0.061525,0.003095));
#18623=CARTESIAN_POINT('',(0.0773,-0.061525,0.003095));
#18624=CARTESIAN_POINT('',(0.0773,-0.061525,0.002095));
#18625=CARTESIAN_POINT('',(0.0757,-0.061525,0.003095));
#18626=CARTESIAN_POINT('',(0.0761,-0.061525,0.003095));
#18627=CARTESIAN_POINT('',(0.0761,-0.061525,0.002095));
#18628=CARTESIAN_POINT('',(0.0757,-0.061525,0.003095));
#18629=CARTESIAN_POINT('',(0.0793,-0.061525,0.003095));
#18630=CARTESIAN_POINT('',(0.0793,-0.061525,0.004095));
#18631=CARTESIAN_POINT('',(0.0761,-0.061525,0.003095));
#18632=CARTESIAN_POINT('',(0.0757,-0.061525,0.003095));
#18633=CARTESIAN_POINT('',(0.0757,-0.061525,0.003695));
#18634=CARTESIAN_POINT('',(0.0793,-0.061525,0.003095));
#18635=CARTESIAN_POINT('',(0.0797,-0.061525,0.003095));
#18636=CARTESIAN_POINT('',(0.0797,-0.061525,0.003695));
#18637=CARTESIAN_POINT('',(0.0757,-0.061525,0.003095));
#18638=CARTESIAN_POINT('',(0.0797,-0.061525,0.003095));
#18639=CARTESIAN_POINT('',(-0.170287898826536,0.0956649017604179,0.0269519116441274));
#18640=CARTESIAN_POINT('',(0.11199,-0.099625,0.002595));
#18641=CARTESIAN_POINT('',(0.11199,-0.099625,0.002595));
#18642=CARTESIAN_POINT('',(0.11199,-0.099375,0.002595));
#18643=CARTESIAN_POINT('',(0.11199,-0.099625,-0.000905));
#18644=CARTESIAN_POINT('',(0.11199,-0.099875,-0.000905));
#18645=CARTESIAN_POINT('',(0.11249,-0.099625,0.002595));
#18646=CARTESIAN_POINT('',(0.11249,-0.099625,0.003095));
#18647=CARTESIAN_POINT('',(0.11249,-0.099625,0.003345));
#18648=CARTESIAN_POINT('',(0.11249,-0.099625,0.003095));
#18649=CARTESIAN_POINT('',(0.11911,-0.099625,0.003095));
#18650=CARTESIAN_POINT('',(0.11911,-0.099625,0.003345));
#18651=CARTESIAN_POINT('',(0.11911,-0.099625,0.002595));
#18652=CARTESIAN_POINT('',(0.11961,-0.099625,0.002595));
#18653=CARTESIAN_POINT('',(0.11961,-0.099875,0.002595));
#18654=CARTESIAN_POINT('',(0.11961,-0.099625,0.002595));
#18655=CARTESIAN_POINT('',(0.11961,-0.099625,-0.000905));
#18656=CARTESIAN_POINT('',(0.11961,-0.099375,-0.000905));
#18657=CARTESIAN_POINT('',(0.11224,-0.099625,-0.000905));
#18658=CARTESIAN_POINT('',(0.11936,-0.099625,-0.000905));
#18659=CARTESIAN_POINT('',(-0.170287898826536,0.0956649017604179,0.0269519116441274));
#18660=CARTESIAN_POINT('',(0.0763,-0.099625,0.003095));
#18661=CARTESIAN_POINT('',(0.0773,-0.099625,0.003095));
#18662=CARTESIAN_POINT('',(0.0773,-0.099625,0.002085));
#18663=CARTESIAN_POINT('',(0.0763,-0.099625,0.003095));
#18664=CARTESIAN_POINT('',(0.0763,-0.099625,0.002085));
#18665=CARTESIAN_POINT('',(0.0763,-0.099625,0.003095));
#18666=CARTESIAN_POINT('',(0.0763,-0.099625,0.003095));
#18667=CARTESIAN_POINT('',(0.0763,-0.099625,0.002095));
#18668=CARTESIAN_POINT('',(0.0773,-0.099625,0.003095));
#18669=CARTESIAN_POINT('',(0.0773,-0.099625,0.003095));
#18670=CARTESIAN_POINT('',(0.0773,-0.099625,0.002095));
#18671=CARTESIAN_POINT('',(0.0757,-0.099625,0.003095));
#18672=CARTESIAN_POINT('',(0.0761,-0.099625,0.003095));
#18673=CARTESIAN_POINT('',(0.0761,-0.099625,0.002095));
#18674=CARTESIAN_POINT('',(0.0757,-0.099625,0.003095));
#18675=CARTESIAN_POINT('',(0.0793,-0.099625,0.003095));
#18676=CARTESIAN_POINT('',(0.0793,-0.099625,0.004095));
#18677=CARTESIAN_POINT('',(0.0761,-0.099625,0.003095));
#18678=CARTESIAN_POINT('',(0.0757,-0.099625,0.003095));
#18679=CARTESIAN_POINT('',(0.0757,-0.099625,0.003695));
#18680=CARTESIAN_POINT('',(0.0793,-0.099625,0.003095));
#18681=CARTESIAN_POINT('',(0.0797,-0.099625,0.003095));
#18682=CARTESIAN_POINT('',(0.0797,-0.099625,0.003695));
#18683=CARTESIAN_POINT('',(0.0757,-0.099625,0.003095));
#18684=CARTESIAN_POINT('',(0.0797,-0.099625,0.003095));
#18685=CARTESIAN_POINT('',(-0.170287898826536,0.0956649017604179,0.0269519116441274));
#18686=CARTESIAN_POINT('',(0.09294,-0.061525,0.002595));
#18687=CARTESIAN_POINT('',(0.09294,-0.061525,0.002595));
#18688=CARTESIAN_POINT('',(0.09294,-0.061275,0.002595));
#18689=CARTESIAN_POINT('',(0.09294,-0.061525,-0.000905));
#18690=CARTESIAN_POINT('',(0.09294,-0.061775,-0.000905));
#18691=CARTESIAN_POINT('',(0.09344,-0.061525,0.002595));
#18692=CARTESIAN_POINT('',(0.09344,-0.061525,0.003095));
#18693=CARTESIAN_POINT('',(0.09344,-0.061525,0.003345));
#18694=CARTESIAN_POINT('',(0.09344,-0.061525,0.003095));
#18695=CARTESIAN_POINT('',(0.10006,-0.061525,0.003095));
#18696=CARTESIAN_POINT('',(0.10006,-0.061525,0.003345));
#18697=CARTESIAN_POINT('',(0.10006,-0.061525,0.002595));
#18698=CARTESIAN_POINT('',(0.10056,-0.061525,0.002595));
#18699=CARTESIAN_POINT('',(0.10056,-0.061775,0.002595));
#18700=CARTESIAN_POINT('',(0.10056,-0.061525,0.002595));
#18701=CARTESIAN_POINT('',(0.10056,-0.061525,-0.000905));
#18702=CARTESIAN_POINT('',(0.10056,-0.061275,-0.000905));
#18703=CARTESIAN_POINT('',(0.09319,-0.061525,-0.000905));
#18704=CARTESIAN_POINT('',(0.10031,-0.061525,-0.000905));
#18705=CARTESIAN_POINT('',(-0.170287898826536,0.0956649017604179,0.0269519116441274));
#18706=CARTESIAN_POINT('',(0.07389,-0.061525,0.002595));
#18707=CARTESIAN_POINT('',(0.07389,-0.061525,0.002595));
#18708=CARTESIAN_POINT('',(0.07389,-0.061275,0.002595));
#18709=CARTESIAN_POINT('',(0.07389,-0.061525,-0.000905));
#18710=CARTESIAN_POINT('',(0.07389,-0.061775,-0.000905));
#18711=CARTESIAN_POINT('',(0.07439,-0.061525,0.002595));
#18712=CARTESIAN_POINT('',(0.07439,-0.061525,0.003095));
#18713=CARTESIAN_POINT('',(0.07439,-0.061525,0.003345));
#18714=CARTESIAN_POINT('',(0.07439,-0.061525,0.003095));
#18715=CARTESIAN_POINT('',(0.08101,-0.061525,0.003095));
#18716=CARTESIAN_POINT('',(0.08101,-0.061525,0.003345));
#18717=CARTESIAN_POINT('',(0.08101,-0.061525,0.002595));
#18718=CARTESIAN_POINT('',(0.08151,-0.061525,0.002595));
#18719=CARTESIAN_POINT('',(0.08151,-0.061775,0.002595));
#18720=CARTESIAN_POINT('',(0.08151,-0.061525,0.002595));
#18721=CARTESIAN_POINT('',(0.08151,-0.061525,-0.000905));
#18722=CARTESIAN_POINT('',(0.08151,-0.061275,-0.000905));
#18723=CARTESIAN_POINT('',(0.07414,-0.061525,-0.000905));
#18724=CARTESIAN_POINT('',(0.08126,-0.061525,-0.000905));
#18725=CARTESIAN_POINT('',(-0.17029,0.09566,0.02695));
#18726=CARTESIAN_POINT('',(0.,0.,0.));
#18727=CARTESIAN_POINT('',(-0.09513,0.03858,0.02846));
#18728=MECHANICAL_DESIGN_GEOMETRIC_PRESENTATION_REPRESENTATION('',(#10799,
#10800,#10801,#10802,#10803,#10804,#10805,#10806,#10807,#10808,#18,#19,
#20,#21,#22,#23,#24,#25,#26,#27,#28,#29,#30,#31,#32,#33,#34,#35,#36,#37,
#38,#39,#40,#41,#42,#43,#44,#45,#46,#47,#48,#49,#50,#51,#52,#53,#54,#55,
#56,#57,#58,#59,#60,#61,#62,#63,#64,#65,#66,#67,#68,#69,#10809,#10810,#70,
#71,#72,#10811,#73,#74,#75,#10812,#10813,#10814,#76,#77,#78,#10815,#10816,
#79,#80,#81,#10817,#10818,#10819,#82,#83,#84,#10820,#85,#86,#87,#88,#89,
#90,#91,#10821,#92,#93,#94,#10822,#95,#96,#97,#10823,#98,#99,#100,#10824,
#10825,#101,#102,#103,#10826,#10827),#18729);
#18729=(
GEOMETRIC_REPRESENTATION_CONTEXT(3)
GLOBAL_UNCERTAINTY_ASSIGNED_CONTEXT((#18761))
GLOBAL_UNIT_ASSIGNED_CONTEXT((#18795,#18794,#18793))
REPRESENTATION_CONTEXT('Full Assembly','TOP_LEVEL_ASSEMBLY_PART')
);
#18730=(
GEOMETRIC_REPRESENTATION_CONTEXT(3)
GLOBAL_UNCERTAINTY_ASSIGNED_CONTEXT((#18762))
GLOBAL_UNIT_ASSIGNED_CONTEXT((#18795,#18794,#18793))
REPRESENTATION_CONTEXT('MX switch','COMPONENT_PART')
);
#18731=(
GEOMETRIC_REPRESENTATION_CONTEXT(3)
GLOBAL_UNCERTAINTY_ASSIGNED_CONTEXT((#18763))
GLOBAL_UNIT_ASSIGNED_CONTEXT((#18795,#18794,#18793))
REPRESENTATION_CONTEXT('M3x8 button head','COMPONENT_PART')
);
#18732=(
GEOMETRIC_REPRESENTATION_CONTEXT(3)
GLOBAL_UNCERTAINTY_ASSIGNED_CONTEXT((#18764))
GLOBAL_UNIT_ASSIGNED_CONTEXT((#18795,#18794,#18793))
REPRESENTATION_CONTEXT('Open CASCADE STEP translator 7.9 1.1',
'COMPONENT_PART')
);
#18733=(
GEOMETRIC_REPRESENTATION_CONTEXT(3)
GLOBAL_UNCERTAINTY_ASSIGNED_CONTEXT((#18765))
GLOBAL_UNIT_ASSIGNED_CONTEXT((#18795,#18794,#18793))
REPRESENTATION_CONTEXT('Top and Bottom <1>','COMPONENT_PART')
);
#18734=(
GEOMETRIC_REPRESENTATION_CONTEXT(3)
GLOBAL_UNCERTAINTY_ASSIGNED_CONTEXT((#18766))
GLOBAL_UNIT_ASSIGNED_CONTEXT((#18795,#18794,#18793))
REPRESENTATION_CONTEXT('Part 1','COMPONENT_PART')
);
#18735=(
GEOMETRIC_REPRESENTATION_CONTEXT(3)
GLOBAL_UNCERTAINTY_ASSIGNED_CONTEXT((#18767))
GLOBAL_UNIT_ASSIGNED_CONTEXT((#18795,#18794,#18793))
REPRESENTATION_CONTEXT('Part 1','COMPONENT_PART')
);
#18736=(
GEOMETRIC_REPRESENTATION_CONTEXT(3)
GLOBAL_UNCERTAINTY_ASSIGNED_CONTEXT((#18768))
GLOBAL_UNIT_ASSIGNED_CONTEXT((#18795,#18794,#18793))
REPRESENTATION_CONTEXT('Display clamp rail','COMPONENT_PART')
);
#18737=(
GEOMETRIC_REPRESENTATION_CONTEXT(3)
GLOBAL_UNCERTAINTY_ASSIGNED_CONTEXT((#18769))
GLOBAL_UNIT_ASSIGNED_CONTEXT((#18795,#18794,#18793))
REPRESENTATION_CONTEXT('XIAO ESP32C3 on sockets','COMPONENT_PART')
);
#18738=(
GEOMETRIC_REPRESENTATION_CONTEXT(3)
GLOBAL_UNCERTAINTY_ASSIGNED_CONTEXT((#18770))
GLOBAL_UNIT_ASSIGNED_CONTEXT((#18795,#18794,#18793))
REPRESENTATION_CONTEXT('TFT display','COMPONENT_PART')
);
#18739=(
GEOMETRIC_REPRESENTATION_CONTEXT(3)
GLOBAL_UNCERTAINTY_ASSIGNED_CONTEXT((#18771))
GLOBAL_UNIT_ASSIGNED_CONTEXT((#18795,#18794,#18793))
REPRESENTATION_CONTEXT('PCB assembly <1>','COMPONENT_PART')
);
#18740=(
GEOMETRIC_REPRESENTATION_CONTEXT(3)
GLOBAL_UNCERTAINTY_ASSIGNED_CONTEXT((#18772))
GLOBAL_UNIT_ASSIGNED_CONTEXT((#18795,#18794,#18793))
REPRESENTATION_CONTEXT('D_DO-35_SOD27_P7.62mm_Horizontal_4',
'COMPONENT_PART')
);
#18741=(
GEOMETRIC_REPRESENTATION_CONTEXT(3)
GLOBAL_UNCERTAINTY_ASSIGNED_CONTEXT((#18773))
GLOBAL_UNIT_ASSIGNED_CONTEXT((#18795,#18794,#18793))
REPRESENTATION_CONTEXT('PinHeader_1x08_P254mm_Vertical',
'COMPONENT_PART')
);
#18742=(
GEOMETRIC_REPRESENTATION_CONTEXT(3)
GLOBAL_UNCERTAINTY_ASSIGNED_CONTEXT((#18774))
GLOBAL_UNIT_ASSIGNED_CONTEXT((#18795,#18794,#18793))
REPRESENTATION_CONTEXT('D_DO-35_SOD27_P7.62mm_Horizontal',
'COMPONENT_PART')
);
#18743=(
GEOMETRIC_REPRESENTATION_CONTEXT(3)
GLOBAL_UNCERTAINTY_ASSIGNED_CONTEXT((#18775))
GLOBAL_UNIT_ASSIGNED_CONTEXT((#18795,#18794,#18793))
REPRESENTATION_CONTEXT('D_DO-35_SOD27_P7.62mm_Horizontal_4',
'COMPONENT_PART')
);
#18744=(
GEOMETRIC_REPRESENTATION_CONTEXT(3)
GLOBAL_UNCERTAINTY_ASSIGNED_CONTEXT((#18776))
GLOBAL_UNIT_ASSIGNED_CONTEXT((#18795,#18794,#18793))
REPRESENTATION_CONTEXT('D_DO-35_SOD27_P7.62mm_Horizontal_8',
'COMPONENT_PART')
);
#18745=(
GEOMETRIC_REPRESENTATION_CONTEXT(3)
GLOBAL_UNCERTAINTY_ASSIGNED_CONTEXT((#18777))
GLOBAL_UNIT_ASSIGNED_CONTEXT((#18795,#18794,#18793))
REPRESENTATION_CONTEXT('D_DO-35_SOD27_P7.62mm_Horizontal_2',
'COMPONENT_PART')
);
#18746=(
GEOMETRIC_REPRESENTATION_CONTEXT(3)
GLOBAL_UNCERTAINTY_ASSIGNED_CONTEXT((#18778))
GLOBAL_UNIT_ASSIGNED_CONTEXT((#18795,#18794,#18793))
REPRESENTATION_CONTEXT('kicad_schematic_PCB','COMPONENT_PART')
);
#18747=(
GEOMETRIC_REPRESENTATION_CONTEXT(3)
GLOBAL_UNCERTAINTY_ASSIGNED_CONTEXT((#18779))
GLOBAL_UNIT_ASSIGNED_CONTEXT((#18795,#18794,#18793))
REPRESENTATION_CONTEXT('D_DO-35_SOD27_P7.62mm_Horizontal_6',
'COMPONENT_PART')
);
#18748=(
GEOMETRIC_REPRESENTATION_CONTEXT(3)
GLOBAL_UNCERTAINTY_ASSIGNED_CONTEXT((#18780))
GLOBAL_UNIT_ASSIGNED_CONTEXT((#18795,#18794,#18793))
REPRESENTATION_CONTEXT('D_DO-35_SOD27_P7.62mm_Horizontal_8',
'COMPONENT_PART')
);
#18749=(
GEOMETRIC_REPRESENTATION_CONTEXT(3)
GLOBAL_UNCERTAINTY_ASSIGNED_CONTEXT((#18781))
GLOBAL_UNIT_ASSIGNED_CONTEXT((#18795,#18794,#18793))
REPRESENTATION_CONTEXT('D_DO-35_SOD27_P7.62mm_Horizontal_1',
'COMPONENT_PART')
);
#18750=(
GEOMETRIC_REPRESENTATION_CONTEXT(3)
GLOBAL_UNCERTAINTY_ASSIGNED_CONTEXT((#18782))
GLOBAL_UNIT_ASSIGNED_CONTEXT((#18795,#18794,#18793))
REPRESENTATION_CONTEXT('D_DO-35_SOD27_P7.62mm_Horizontal_7',
'COMPONENT_PART')
);
#18751=(
GEOMETRIC_REPRESENTATION_CONTEXT(3)
GLOBAL_UNCERTAINTY_ASSIGNED_CONTEXT((#18783))
GLOBAL_UNIT_ASSIGNED_CONTEXT((#18795,#18794,#18793))
REPRESENTATION_CONTEXT('D_DO-35_SOD27_P7.62mm_Horizontal_6',
'COMPONENT_PART')
);
#18752=(
GEOMETRIC_REPRESENTATION_CONTEXT(3)
GLOBAL_UNCERTAINTY_ASSIGNED_CONTEXT((#18784))
GLOBAL_UNIT_ASSIGNED_CONTEXT((#18795,#18794,#18793))
REPRESENTATION_CONTEXT('D_DO-35_SOD27_P7.62mm_Horizontal_5',
'COMPONENT_PART')
);
#18753=(
GEOMETRIC_REPRESENTATION_CONTEXT(3)
GLOBAL_UNCERTAINTY_ASSIGNED_CONTEXT((#18785))
GLOBAL_UNIT_ASSIGNED_CONTEXT((#18795,#18794,#18793))
REPRESENTATION_CONTEXT('Buzzer_12x95RM76','COMPONENT_PART')
);
#18754=(
GEOMETRIC_REPRESENTATION_CONTEXT(3)
GLOBAL_UNCERTAINTY_ASSIGNED_CONTEXT((#18786))
GLOBAL_UNIT_ASSIGNED_CONTEXT((#18795,#18794,#18793))
REPRESENTATION_CONTEXT('D_DO-35_SOD27_P7.62mm_Horizontal',
'COMPONENT_PART')
);
#18755=(
GEOMETRIC_REPRESENTATION_CONTEXT(3)
GLOBAL_UNCERTAINTY_ASSIGNED_CONTEXT((#18787))
GLOBAL_UNIT_ASSIGNED_CONTEXT((#18795,#18794,#18793))
REPRESENTATION_CONTEXT('D_DO-35_SOD27_P7.62mm_Horizontal_7',
'COMPONENT_PART')
);
#18756=(
GEOMETRIC_REPRESENTATION_CONTEXT(3)
GLOBAL_UNCERTAINTY_ASSIGNED_CONTEXT((#18788))
GLOBAL_UNIT_ASSIGNED_CONTEXT((#18795,#18794,#18793))
REPRESENTATION_CONTEXT('D_DO-35_SOD27_P7.62mm_Horizontal_3',
'COMPONENT_PART')
);
#18757=(
GEOMETRIC_REPRESENTATION_CONTEXT(3)
GLOBAL_UNCERTAINTY_ASSIGNED_CONTEXT((#18789))
GLOBAL_UNIT_ASSIGNED_CONTEXT((#18795,#18794,#18793))
REPRESENTATION_CONTEXT('D_DO-35_SOD27_P7.62mm_Horizontal_5',
'COMPONENT_PART')
);
#18758=(
GEOMETRIC_REPRESENTATION_CONTEXT(3)
GLOBAL_UNCERTAINTY_ASSIGNED_CONTEXT((#18790))
GLOBAL_UNIT_ASSIGNED_CONTEXT((#18795,#18794,#18793))
REPRESENTATION_CONTEXT('D_DO-35_SOD27_P7.62mm_Horizontal_2',
'COMPONENT_PART')
);
#18759=(
GEOMETRIC_REPRESENTATION_CONTEXT(3)
GLOBAL_UNCERTAINTY_ASSIGNED_CONTEXT((#18791))
GLOBAL_UNIT_ASSIGNED_CONTEXT((#18795,#18794,#18793))
REPRESENTATION_CONTEXT('D_DO-35_SOD27_P7.62mm_Horizontal_1',
'COMPONENT_PART')
);
#18760=(
GEOMETRIC_REPRESENTATION_CONTEXT(3)
GLOBAL_UNCERTAINTY_ASSIGNED_CONTEXT((#18792))
GLOBAL_UNIT_ASSIGNED_CONTEXT((#18795,#18794,#18793))
REPRESENTATION_CONTEXT('D_DO-35_SOD27_P7.62mm_Horizontal_3',
'COMPONENT_PART')
);
#18761=UNCERTAINTY_MEASURE_WITH_UNIT(LENGTH_MEASURE(1.E-8),#18795,
'DISTANCE_ACCURACY_VALUE','Maximum Tolerance applied to model');
#18762=UNCERTAINTY_MEASURE_WITH_UNIT(LENGTH_MEASURE(1.E-8),#18795,
'DISTANCE_ACCURACY_VALUE','Maximum Tolerance applied to model');
#18763=UNCERTAINTY_MEASURE_WITH_UNIT(LENGTH_MEASURE(1.E-8),#18795,
'DISTANCE_ACCURACY_VALUE','Maximum Tolerance applied to model');
#18764=UNCERTAINTY_MEASURE_WITH_UNIT(LENGTH_MEASURE(2.E-5),#18795,
'DISTANCE_ACCURACY_VALUE','Maximum Tolerance applied to model');
#18765=UNCERTAINTY_MEASURE_WITH_UNIT(LENGTH_MEASURE(1.E-8),#18795,
'DISTANCE_ACCURACY_VALUE','Maximum Tolerance applied to model');
#18766=UNCERTAINTY_MEASURE_WITH_UNIT(LENGTH_MEASURE(1.E-8),#18795,
'DISTANCE_ACCURACY_VALUE','Maximum Tolerance applied to model');
#18767=UNCERTAINTY_MEASURE_WITH_UNIT(LENGTH_MEASURE(1.E-8),#18795,
'DISTANCE_ACCURACY_VALUE','Maximum Tolerance applied to model');
#18768=UNCERTAINTY_MEASURE_WITH_UNIT(LENGTH_MEASURE(1.E-8),#18795,
'DISTANCE_ACCURACY_VALUE','Maximum Tolerance applied to model');
#18769=UNCERTAINTY_MEASURE_WITH_UNIT(LENGTH_MEASURE(1.E-8),#18795,
'DISTANCE_ACCURACY_VALUE','Maximum Tolerance applied to model');
#18770=UNCERTAINTY_MEASURE_WITH_UNIT(LENGTH_MEASURE(1.E-8),#18795,
'DISTANCE_ACCURACY_VALUE','Maximum Tolerance applied to model');
#18771=UNCERTAINTY_MEASURE_WITH_UNIT(LENGTH_MEASURE(1.E-8),#18795,
'DISTANCE_ACCURACY_VALUE','Maximum Tolerance applied to model');
#18772=UNCERTAINTY_MEASURE_WITH_UNIT(LENGTH_MEASURE(1.E-8),#18795,
'DISTANCE_ACCURACY_VALUE','Maximum Tolerance applied to model');
#18773=UNCERTAINTY_MEASURE_WITH_UNIT(LENGTH_MEASURE(1.E-8),#18795,
'DISTANCE_ACCURACY_VALUE','Maximum Tolerance applied to model');
#18774=UNCERTAINTY_MEASURE_WITH_UNIT(LENGTH_MEASURE(1.E-8),#18795,
'DISTANCE_ACCURACY_VALUE','Maximum Tolerance applied to model');
#18775=UNCERTAINTY_MEASURE_WITH_UNIT(LENGTH_MEASURE(1.E-8),#18795,
'DISTANCE_ACCURACY_VALUE','Maximum Tolerance applied to model');
#18776=UNCERTAINTY_MEASURE_WITH_UNIT(LENGTH_MEASURE(1.E-8),#18795,
'DISTANCE_ACCURACY_VALUE','Maximum Tolerance applied to model');
#18777=UNCERTAINTY_MEASURE_WITH_UNIT(LENGTH_MEASURE(1.E-8),#18795,
'DISTANCE_ACCURACY_VALUE','Maximum Tolerance applied to model');
#18778=UNCERTAINTY_MEASURE_WITH_UNIT(LENGTH_MEASURE(1.E-8),#18795,
'DISTANCE_ACCURACY_VALUE','Maximum Tolerance applied to model');
#18779=UNCERTAINTY_MEASURE_WITH_UNIT(LENGTH_MEASURE(1.E-8),#18795,
'DISTANCE_ACCURACY_VALUE','Maximum Tolerance applied to model');
#18780=UNCERTAINTY_MEASURE_WITH_UNIT(LENGTH_MEASURE(1.E-8),#18795,
'DISTANCE_ACCURACY_VALUE','Maximum Tolerance applied to model');
#18781=UNCERTAINTY_MEASURE_WITH_UNIT(LENGTH_MEASURE(1.E-8),#18795,
'DISTANCE_ACCURACY_VALUE','Maximum Tolerance applied to model');
#18782=UNCERTAINTY_MEASURE_WITH_UNIT(LENGTH_MEASURE(1.E-8),#18795,
'DISTANCE_ACCURACY_VALUE','Maximum Tolerance applied to model');
#18783=UNCERTAINTY_MEASURE_WITH_UNIT(LENGTH_MEASURE(1.E-8),#18795,
'DISTANCE_ACCURACY_VALUE','Maximum Tolerance applied to model');
#18784=UNCERTAINTY_MEASURE_WITH_UNIT(LENGTH_MEASURE(1.E-8),#18795,
'DISTANCE_ACCURACY_VALUE','Maximum Tolerance applied to model');
#18785=UNCERTAINTY_MEASURE_WITH_UNIT(LENGTH_MEASURE(1.E-8),#18795,
'DISTANCE_ACCURACY_VALUE','Maximum Tolerance applied to model');
#18786=UNCERTAINTY_MEASURE_WITH_UNIT(LENGTH_MEASURE(1.E-8),#18795,
'DISTANCE_ACCURACY_VALUE','Maximum Tolerance applied to model');
#18787=UNCERTAINTY_MEASURE_WITH_UNIT(LENGTH_MEASURE(1.E-8),#18795,
'DISTANCE_ACCURACY_VALUE','Maximum Tolerance applied to model');
#18788=UNCERTAINTY_MEASURE_WITH_UNIT(LENGTH_MEASURE(1.E-8),#18795,
'DISTANCE_ACCURACY_VALUE','Maximum Tolerance applied to model');
#18789=UNCERTAINTY_MEASURE_WITH_UNIT(LENGTH_MEASURE(1.E-8),#18795,
'DISTANCE_ACCURACY_VALUE','Maximum Tolerance applied to model');
#18790=UNCERTAINTY_MEASURE_WITH_UNIT(LENGTH_MEASURE(1.E-8),#18795,
'DISTANCE_ACCURACY_VALUE','Maximum Tolerance applied to model');
#18791=UNCERTAINTY_MEASURE_WITH_UNIT(LENGTH_MEASURE(1.E-8),#18795,
'DISTANCE_ACCURACY_VALUE','Maximum Tolerance applied to model');
#18792=UNCERTAINTY_MEASURE_WITH_UNIT(LENGTH_MEASURE(1.E-8),#18795,
'DISTANCE_ACCURACY_VALUE','Maximum Tolerance applied to model');
#18793=(
NAMED_UNIT(*)
SI_UNIT($,.STERADIAN.)
SOLID_ANGLE_UNIT()
);
#18794=(
NAMED_UNIT(*)
PLANE_ANGLE_UNIT()
SI_UNIT($,.RADIAN.)
);
#18795=(
LENGTH_UNIT()
NAMED_UNIT(*)
SI_UNIT($,.METRE.)
);
#18796=PRODUCT_DEFINITION_SHAPE('','',#18876);
#18797=PRODUCT_DEFINITION_SHAPE('','',#18877);
#18798=PRODUCT_DEFINITION_SHAPE(' ','NAUO PRDDFN',#222);
#18799=PRODUCT_DEFINITION_SHAPE('','',#18878);
#18800=PRODUCT_DEFINITION_SHAPE(' ','NAUO PRDDFN',#223);
#18801=PRODUCT_DEFINITION_SHAPE('','',#18879);
#18802=PRODUCT_DEFINITION_SHAPE(' ','NAUO PRDDFN',#224);
#18803=PRODUCT_DEFINITION_SHAPE(' ','NAUO PRDDFN',#225);
#18804=PRODUCT_DEFINITION_SHAPE(' ','NAUO PRDDFN',#226);
#18805=PRODUCT_DEFINITION_SHAPE(' ','NAUO PRDDFN',#227);
#18806=PRODUCT_DEFINITION_SHAPE(' ','NAUO PRDDFN',#228);
#18807=PRODUCT_DEFINITION_SHAPE(' ','NAUO PRDDFN',#229);
#18808=PRODUCT_DEFINITION_SHAPE(' ','NAUO PRDDFN',#230);
#18809=PRODUCT_DEFINITION_SHAPE(' ','NAUO PRDDFN',#231);
#18810=PRODUCT_DEFINITION_SHAPE('','',#18880);
#18811=PRODUCT_DEFINITION_SHAPE('','',#18881);
#18812=PRODUCT_DEFINITION_SHAPE(' ','NAUO PRDDFN',#232);
#18813=PRODUCT_DEFINITION_SHAPE('','',#18882);
#18814=PRODUCT_DEFINITION_SHAPE(' ','NAUO PRDDFN',#233);
#18815=PRODUCT_DEFINITION_SHAPE(' ','NAUO PRDDFN',#234);
#18816=PRODUCT_DEFINITION_SHAPE(' ','NAUO PRDDFN',#235);
#18817=PRODUCT_DEFINITION_SHAPE(' ','NAUO PRDDFN',#236);
#18818=PRODUCT_DEFINITION_SHAPE(' ','NAUO PRDDFN',#237);
#18819=PRODUCT_DEFINITION_SHAPE('','',#18883);
#18820=PRODUCT_DEFINITION_SHAPE(' ','NAUO PRDDFN',#238);
#18821=PRODUCT_DEFINITION_SHAPE(' ','NAUO PRDDFN',#239);
#18822=PRODUCT_DEFINITION_SHAPE(' ','NAUO PRDDFN',#240);
#18823=PRODUCT_DEFINITION_SHAPE('','',#18884);
#18824=PRODUCT_DEFINITION_SHAPE(' ','NAUO PRDDFN',#241);
#18825=PRODUCT_DEFINITION_SHAPE(' ','NAUO PRDDFN',#242);
#18826=PRODUCT_DEFINITION_SHAPE(' ','NAUO PRDDFN',#243);
#18827=PRODUCT_DEFINITION_SHAPE(' ','NAUO PRDDFN',#244);
#18828=PRODUCT_DEFINITION_SHAPE(' ','NAUO PRDDFN',#245);
#18829=PRODUCT_DEFINITION_SHAPE('','',#18885);
#18830=PRODUCT_DEFINITION_SHAPE(' ','NAUO PRDDFN',#246);
#18831=PRODUCT_DEFINITION_SHAPE('','',#18886);
#18832=PRODUCT_DEFINITION_SHAPE('','',#18887);
#18833=PRODUCT_DEFINITION_SHAPE(' ','NAUO PRDDFN',#247);
#18834=PRODUCT_DEFINITION_SHAPE('','',#18888);
#18835=PRODUCT_DEFINITION_SHAPE(' ','NAUO PRDDFN',#248);
#18836=PRODUCT_DEFINITION_SHAPE('','',#18889);
#18837=PRODUCT_DEFINITION_SHAPE(' ','NAUO PRDDFN',#249);
#18838=PRODUCT_DEFINITION_SHAPE('','',#18890);
#18839=PRODUCT_DEFINITION_SHAPE(' ','NAUO PRDDFN',#250);
#18840=PRODUCT_DEFINITION_SHAPE('','',#18891);
#18841=PRODUCT_DEFINITION_SHAPE(' ','NAUO PRDDFN',#251);
#18842=PRODUCT_DEFINITION_SHAPE('','',#18892);
#18843=PRODUCT_DEFINITION_SHAPE(' ','NAUO PRDDFN',#252);
#18844=PRODUCT_DEFINITION_SHAPE('','',#18893);
#18845=PRODUCT_DEFINITION_SHAPE(' ','NAUO PRDDFN',#253);
#18846=PRODUCT_DEFINITION_SHAPE('','',#18894);
#18847=PRODUCT_DEFINITION_SHAPE(' ','NAUO PRDDFN',#254);
#18848=PRODUCT_DEFINITION_SHAPE('','',#18895);
#18849=PRODUCT_DEFINITION_SHAPE(' ','NAUO PRDDFN',#255);
#18850=PRODUCT_DEFINITION_SHAPE('','',#18896);
#18851=PRODUCT_DEFINITION_SHAPE(' ','NAUO PRDDFN',#256);
#18852=PRODUCT_DEFINITION_SHAPE('','',#18897);
#18853=PRODUCT_DEFINITION_SHAPE(' ','NAUO PRDDFN',#257);
#18854=PRODUCT_DEFINITION_SHAPE('','',#18898);
#18855=PRODUCT_DEFINITION_SHAPE(' ','NAUO PRDDFN',#258);
#18856=PRODUCT_DEFINITION_SHAPE('','',#18899);
#18857=PRODUCT_DEFINITION_SHAPE(' ','NAUO PRDDFN',#259);
#18858=PRODUCT_DEFINITION_SHAPE('','',#18900);
#18859=PRODUCT_DEFINITION_SHAPE(' ','NAUO PRDDFN',#260);
#18860=PRODUCT_DEFINITION_SHAPE('','',#18901);
#18861=PRODUCT_DEFINITION_SHAPE(' ','NAUO PRDDFN',#261);
#18862=PRODUCT_DEFINITION_SHAPE('','',#18902);
#18863=PRODUCT_DEFINITION_SHAPE(' ','NAUO PRDDFN',#262);
#18864=PRODUCT_DEFINITION_SHAPE('','',#18903);
#18865=PRODUCT_DEFINITION_SHAPE(' ','NAUO PRDDFN',#263);
#18866=PRODUCT_DEFINITION_SHAPE('','',#18904);
#18867=PRODUCT_DEFINITION_SHAPE(' ','NAUO PRDDFN',#264);
#18868=PRODUCT_DEFINITION_SHAPE('','',#18905);
#18869=PRODUCT_DEFINITION_SHAPE(' ','NAUO PRDDFN',#265);
#18870=PRODUCT_DEFINITION_SHAPE('','',#18906);
#18871=PRODUCT_DEFINITION_SHAPE(' ','NAUO PRDDFN',#266);
#18872=PRODUCT_DEFINITION_SHAPE('','',#18907);
#18873=PRODUCT_DEFINITION_SHAPE(' ','NAUO PRDDFN',#267);
#18874=PRODUCT_DEFINITION_SHAPE(' ','NAUO PRDDFN',#268);
#18875=PRODUCT_DEFINITION_SHAPE(' ','NAUO PRDDFN',#269);
#18876=PRODUCT_DEFINITION('','',#18940,#18908);
#18877=PRODUCT_DEFINITION('','',#18941,#18909);
#18878=PRODUCT_DEFINITION('','',#18942,#18910);
#18879=PRODUCT_DEFINITION('','',#18943,#18911);
#18880=PRODUCT_DEFINITION('','',#18944,#18912);
#18881=PRODUCT_DEFINITION('','',#18945,#18913);
#18882=PRODUCT_DEFINITION('','',#18946,#18914);
#18883=PRODUCT_DEFINITION('','',#18947,#18915);
#18884=PRODUCT_DEFINITION('','',#18948,#18916);
#18885=PRODUCT_DEFINITION('','',#18949,#18917);
#18886=PRODUCT_DEFINITION('','',#18950,#18918);
#18887=PRODUCT_DEFINITION('','',#18951,#18919);
#18888=PRODUCT_DEFINITION('','',#18952,#18920);
#18889=PRODUCT_DEFINITION('','',#18953,#18921);
#18890=PRODUCT_DEFINITION('','',#18954,#18922);
#18891=PRODUCT_DEFINITION('','',#18955,#18923);
#18892=PRODUCT_DEFINITION('','',#18956,#18924);
#18893=PRODUCT_DEFINITION('','',#18957,#18925);
#18894=PRODUCT_DEFINITION('','',#18958,#18926);
#18895=PRODUCT_DEFINITION('','',#18959,#18927);
#18896=PRODUCT_DEFINITION('','',#18960,#18928);
#18897=PRODUCT_DEFINITION('','',#18961,#18929);
#18898=PRODUCT_DEFINITION('','',#18962,#18930);
#18899=PRODUCT_DEFINITION('','',#18963,#18931);
#18900=PRODUCT_DEFINITION('','',#18964,#18932);
#18901=PRODUCT_DEFINITION('','',#18965,#18933);
#18902=PRODUCT_DEFINITION('','',#18966,#18934);
#18903=PRODUCT_DEFINITION('','',#18967,#18935);
#18904=PRODUCT_DEFINITION('','',#18968,#18936);
#18905=PRODUCT_DEFINITION('','',#18969,#18937);
#18906=PRODUCT_DEFINITION('','',#18970,#18938);
#18907=PRODUCT_DEFINITION('','',#18971,#18939);
#18908=PRODUCT_DEFINITION_CONTEXT('',#19101,'design');
#18909=PRODUCT_DEFINITION_CONTEXT('',#19101,'design');
#18910=PRODUCT_DEFINITION_CONTEXT('',#19101,'design');
#18911=PRODUCT_DEFINITION_CONTEXT('',#19101,'design');
#18912=PRODUCT_DEFINITION_CONTEXT('',#19101,'design');
#18913=PRODUCT_DEFINITION_CONTEXT('',#19101,'design');
#18914=PRODUCT_DEFINITION_CONTEXT('',#19101,'design');
#18915=PRODUCT_DEFINITION_CONTEXT('',#19101,'design');
#18916=PRODUCT_DEFINITION_CONTEXT('',#19101,'design');
#18917=PRODUCT_DEFINITION_CONTEXT('',#19101,'design');
#18918=PRODUCT_DEFINITION_CONTEXT('',#19101,'design');
#18919=PRODUCT_DEFINITION_CONTEXT('',#19101,'design');
#18920=PRODUCT_DEFINITION_CONTEXT('',#19101,'design');
#18921=PRODUCT_DEFINITION_CONTEXT('',#19101,'design');
#18922=PRODUCT_DEFINITION_CONTEXT('',#19101,'design');
#18923=PRODUCT_DEFINITION_CONTEXT('',#19101,'design');
#18924=PRODUCT_DEFINITION_CONTEXT('',#19101,'design');
#18925=PRODUCT_DEFINITION_CONTEXT('',#19101,'design');
#18926=PRODUCT_DEFINITION_CONTEXT('',#19101,'design');
#18927=PRODUCT_DEFINITION_CONTEXT('',#19101,'design');
#18928=PRODUCT_DEFINITION_CONTEXT('',#19101,'design');
#18929=PRODUCT_DEFINITION_CONTEXT('',#19101,'design');
#18930=PRODUCT_DEFINITION_CONTEXT('',#19101,'design');
#18931=PRODUCT_DEFINITION_CONTEXT('',#19101,'design');
#18932=PRODUCT_DEFINITION_CONTEXT('',#19101,'design');
#18933=PRODUCT_DEFINITION_CONTEXT('',#19101,'design');
#18934=PRODUCT_DEFINITION_CONTEXT('',#19101,'design');
#18935=PRODUCT_DEFINITION_CONTEXT('',#19101,'design');
#18936=PRODUCT_DEFINITION_CONTEXT('',#19101,'design');
#18937=PRODUCT_DEFINITION_CONTEXT('',#19101,'design');
#18938=PRODUCT_DEFINITION_CONTEXT('',#19101,'design');
#18939=PRODUCT_DEFINITION_CONTEXT('',#19101,'design');
#18940=PRODUCT_DEFINITION_FORMATION_WITH_SPECIFIED_SOURCE('','',#19004,
 .NOT_KNOWN.);
#18941=PRODUCT_DEFINITION_FORMATION_WITH_SPECIFIED_SOURCE('','',#19005,
 .NOT_KNOWN.);
#18942=PRODUCT_DEFINITION_FORMATION_WITH_SPECIFIED_SOURCE('','',#19006,
 .NOT_KNOWN.);
#18943=PRODUCT_DEFINITION_FORMATION_WITH_SPECIFIED_SOURCE('','',#19007,
 .NOT_KNOWN.);
#18944=PRODUCT_DEFINITION_FORMATION_WITH_SPECIFIED_SOURCE('','',#19008,
 .NOT_KNOWN.);
#18945=PRODUCT_DEFINITION_FORMATION_WITH_SPECIFIED_SOURCE('','',#19009,
 .NOT_KNOWN.);
#18946=PRODUCT_DEFINITION_FORMATION_WITH_SPECIFIED_SOURCE('','',#19010,
 .NOT_KNOWN.);
#18947=PRODUCT_DEFINITION_FORMATION_WITH_SPECIFIED_SOURCE('','',#19011,
 .NOT_KNOWN.);
#18948=PRODUCT_DEFINITION_FORMATION_WITH_SPECIFIED_SOURCE('','',#19012,
 .NOT_KNOWN.);
#18949=PRODUCT_DEFINITION_FORMATION_WITH_SPECIFIED_SOURCE('','',#19013,
 .NOT_KNOWN.);
#18950=PRODUCT_DEFINITION_FORMATION_WITH_SPECIFIED_SOURCE('','',#19014,
 .NOT_KNOWN.);
#18951=PRODUCT_DEFINITION_FORMATION_WITH_SPECIFIED_SOURCE('','',#19015,
 .NOT_KNOWN.);
#18952=PRODUCT_DEFINITION_FORMATION_WITH_SPECIFIED_SOURCE('','',#19016,
 .NOT_KNOWN.);
#18953=PRODUCT_DEFINITION_FORMATION_WITH_SPECIFIED_SOURCE('','',#19017,
 .NOT_KNOWN.);
#18954=PRODUCT_DEFINITION_FORMATION_WITH_SPECIFIED_SOURCE('','',#19018,
 .NOT_KNOWN.);
#18955=PRODUCT_DEFINITION_FORMATION_WITH_SPECIFIED_SOURCE('','',#19019,
 .NOT_KNOWN.);
#18956=PRODUCT_DEFINITION_FORMATION_WITH_SPECIFIED_SOURCE('','',#19020,
 .NOT_KNOWN.);
#18957=PRODUCT_DEFINITION_FORMATION_WITH_SPECIFIED_SOURCE('','',#19021,
 .NOT_KNOWN.);
#18958=PRODUCT_DEFINITION_FORMATION_WITH_SPECIFIED_SOURCE('','',#19022,
 .NOT_KNOWN.);
#18959=PRODUCT_DEFINITION_FORMATION_WITH_SPECIFIED_SOURCE('','',#19023,
 .NOT_KNOWN.);
#18960=PRODUCT_DEFINITION_FORMATION_WITH_SPECIFIED_SOURCE('','',#19024,
 .NOT_KNOWN.);
#18961=PRODUCT_DEFINITION_FORMATION_WITH_SPECIFIED_SOURCE('','',#19025,
 .NOT_KNOWN.);
#18962=PRODUCT_DEFINITION_FORMATION_WITH_SPECIFIED_SOURCE('','',#19026,
 .NOT_KNOWN.);
#18963=PRODUCT_DEFINITION_FORMATION_WITH_SPECIFIED_SOURCE('','',#19027,
 .NOT_KNOWN.);
#18964=PRODUCT_DEFINITION_FORMATION_WITH_SPECIFIED_SOURCE('','',#19028,
 .NOT_KNOWN.);
#18965=PRODUCT_DEFINITION_FORMATION_WITH_SPECIFIED_SOURCE('','',#19029,
 .NOT_KNOWN.);
#18966=PRODUCT_DEFINITION_FORMATION_WITH_SPECIFIED_SOURCE('','',#19030,
 .NOT_KNOWN.);
#18967=PRODUCT_DEFINITION_FORMATION_WITH_SPECIFIED_SOURCE('','',#19031,
 .NOT_KNOWN.);
#18968=PRODUCT_DEFINITION_FORMATION_WITH_SPECIFIED_SOURCE('','',#19032,
 .NOT_KNOWN.);
#18969=PRODUCT_DEFINITION_FORMATION_WITH_SPECIFIED_SOURCE('','',#19033,
 .NOT_KNOWN.);
#18970=PRODUCT_DEFINITION_FORMATION_WITH_SPECIFIED_SOURCE('','',#19034,
 .NOT_KNOWN.);
#18971=PRODUCT_DEFINITION_FORMATION_WITH_SPECIFIED_SOURCE('','',#19035,
 .NOT_KNOWN.);
#18972=PRODUCT_RELATED_PRODUCT_CATEGORY('','',(#19004));
#18973=PRODUCT_RELATED_PRODUCT_CATEGORY('','',(#19005));
#18974=PRODUCT_RELATED_PRODUCT_CATEGORY('','',(#19006));
#18975=PRODUCT_RELATED_PRODUCT_CATEGORY('','',(#19007));
#18976=PRODUCT_RELATED_PRODUCT_CATEGORY('','',(#19008));
#18977=PRODUCT_RELATED_PRODUCT_CATEGORY('','',(#19009));
#18978=PRODUCT_RELATED_PRODUCT_CATEGORY('','',(#19010));
#18979=PRODUCT_RELATED_PRODUCT_CATEGORY('','',(#19011));
#18980=PRODUCT_RELATED_PRODUCT_CATEGORY('','',(#19012));
#18981=PRODUCT_RELATED_PRODUCT_CATEGORY('','',(#19013));
#18982=PRODUCT_RELATED_PRODUCT_CATEGORY('','',(#19014));
#18983=PRODUCT_RELATED_PRODUCT_CATEGORY('','',(#19015));
#18984=PRODUCT_RELATED_PRODUCT_CATEGORY('','',(#19016));
#18985=PRODUCT_RELATED_PRODUCT_CATEGORY('','',(#19017));
#18986=PRODUCT_RELATED_PRODUCT_CATEGORY('','',(#19018));
#18987=PRODUCT_RELATED_PRODUCT_CATEGORY('','',(#19019));
#18988=PRODUCT_RELATED_PRODUCT_CATEGORY('','',(#19020));
#18989=PRODUCT_RELATED_PRODUCT_CATEGORY('','',(#19021));
#18990=PRODUCT_RELATED_PRODUCT_CATEGORY('','',(#19022));
#18991=PRODUCT_RELATED_PRODUCT_CATEGORY('','',(#19023));
#18992=PRODUCT_RELATED_PRODUCT_CATEGORY('','',(#19024));
#18993=PRODUCT_RELATED_PRODUCT_CATEGORY('','',(#19025));
#18994=PRODUCT_RELATED_PRODUCT_CATEGORY('','',(#19026));
#18995=PRODUCT_RELATED_PRODUCT_CATEGORY('','',(#19027));
#18996=PRODUCT_RELATED_PRODUCT_CATEGORY('','',(#19028));
#18997=PRODUCT_RELATED_PRODUCT_CATEGORY('','',(#19029));
#18998=PRODUCT_RELATED_PRODUCT_CATEGORY('','',(#19030));
#18999=PRODUCT_RELATED_PRODUCT_CATEGORY('','',(#19031));
#19000=PRODUCT_RELATED_PRODUCT_CATEGORY('','',(#19032));
#19001=PRODUCT_RELATED_PRODUCT_CATEGORY('','',(#19033));
#19002=PRODUCT_RELATED_PRODUCT_CATEGORY('','',(#19034));
#19003=PRODUCT_RELATED_PRODUCT_CATEGORY('','',(#19035));
#19004=PRODUCT('Full Assembly','Full Assembly','Full Assembly',(#19068));
#19005=PRODUCT('MX switch','MX switch','MX switch',(#19069));
#19006=PRODUCT('M3x8 button head','M3x8 button head','M3x8 button head',
(#19070));
#19007=PRODUCT('Open CASCADE STEP translator 7.9 1.1',
'Open CASCADE STEP translator 7.9 1.1',
'Open CASCADE STEP translator 7.9 1.1',(#19071));
#19008=PRODUCT('Top and Bottom <1>','Top and Bottom <1>',
'Top and Bottom <1>',(#19072));
#19009=PRODUCT('Part 1','Part 1','Part 1',(#19073));
#19010=PRODUCT('Part 1','Part 1','Part 1',(#19074));
#19011=PRODUCT('Display clamp rail','Display clamp rail',
'Display clamp rail',(#19075));
#19012=PRODUCT('XIAO ESP32C3 on sockets','XIAO ESP32C3 on sockets',
'XIAO ESP32C3 on sockets',(#19076));
#19013=PRODUCT('TFT display','TFT display','TFT display',(#19077));
#19014=PRODUCT('PCB assembly <1>','PCB assembly <1>','PCB assembly <1>',
(#19078));
#19015=PRODUCT('D_DO-35_SOD27_P7.62mm_Horizontal_4',
'D_DO-35_SOD27_P7.62mm_Horizontal_4',
'D_DO-35_SOD27_P7.62mm_Horizontal_4',(#19079));
#19016=PRODUCT('PinHeader_1x08_P254mm_Vertical',
'PinHeader_1x08_P254mm_Vertical','PinHeader_1x08_P254mm_Vertical',(#19080));
#19017=PRODUCT('D_DO-35_SOD27_P7.62mm_Horizontal',
'D_DO-35_SOD27_P7.62mm_Horizontal','D_DO-35_SOD27_P7.62mm_Horizontal',(#19081));
#19018=PRODUCT('D_DO-35_SOD27_P7.62mm_Horizontal_4',
'D_DO-35_SOD27_P7.62mm_Horizontal_4',
'D_DO-35_SOD27_P7.62mm_Horizontal_4',(#19082));
#19019=PRODUCT('D_DO-35_SOD27_P7.62mm_Horizontal_8',
'D_DO-35_SOD27_P7.62mm_Horizontal_8',
'D_DO-35_SOD27_P7.62mm_Horizontal_8',(#19083));
#19020=PRODUCT('D_DO-35_SOD27_P7.62mm_Horizontal_2',
'D_DO-35_SOD27_P7.62mm_Horizontal_2',
'D_DO-35_SOD27_P7.62mm_Horizontal_2',(#19084));
#19021=PRODUCT('kicad_schematic_PCB','kicad_schematic_PCB',
'kicad_schematic_PCB',(#19085));
#19022=PRODUCT('D_DO-35_SOD27_P7.62mm_Horizontal_6',
'D_DO-35_SOD27_P7.62mm_Horizontal_6',
'D_DO-35_SOD27_P7.62mm_Horizontal_6',(#19086));
#19023=PRODUCT('D_DO-35_SOD27_P7.62mm_Horizontal_8',
'D_DO-35_SOD27_P7.62mm_Horizontal_8',
'D_DO-35_SOD27_P7.62mm_Horizontal_8',(#19087));
#19024=PRODUCT('D_DO-35_SOD27_P7.62mm_Horizontal_1',
'D_DO-35_SOD27_P7.62mm_Horizontal_1',
'D_DO-35_SOD27_P7.62mm_Horizontal_1',(#19088));
#19025=PRODUCT('D_DO-35_SOD27_P7.62mm_Horizontal_7',
'D_DO-35_SOD27_P7.62mm_Horizontal_7',
'D_DO-35_SOD27_P7.62mm_Horizontal_7',(#19089));
#19026=PRODUCT('D_DO-35_SOD27_P7.62mm_Horizontal_6',
'D_DO-35_SOD27_P7.62mm_Horizontal_6',
'D_DO-35_SOD27_P7.62mm_Horizontal_6',(#19090));
#19027=PRODUCT('D_DO-35_SOD27_P7.62mm_Horizontal_5',
'D_DO-35_SOD27_P7.62mm_Horizontal_5',
'D_DO-35_SOD27_P7.62mm_Horizontal_5',(#19091));
#19028=PRODUCT('Buzzer_12x95RM76','Buzzer_12x95RM76','Buzzer_12x95RM76',
(#19092));
#19029=PRODUCT('D_DO-35_SOD27_P7.62mm_Horizontal',
'D_DO-35_SOD27_P7.62mm_Horizontal','D_DO-35_SOD27_P7.62mm_Horizontal',(#19093));
#19030=PRODUCT('D_DO-35_SOD27_P7.62mm_Horizontal_7',
'D_DO-35_SOD27_P7.62mm_Horizontal_7',
'D_DO-35_SOD27_P7.62mm_Horizontal_7',(#19094));
#19031=PRODUCT('D_DO-35_SOD27_P7.62mm_Horizontal_3',
'D_DO-35_SOD27_P7.62mm_Horizontal_3',
'D_DO-35_SOD27_P7.62mm_Horizontal_3',(#19095));
#19032=PRODUCT('D_DO-35_SOD27_P7.62mm_Horizontal_5',
'D_DO-35_SOD27_P7.62mm_Horizontal_5',
'D_DO-35_SOD27_P7.62mm_Horizontal_5',(#19096));
#19033=PRODUCT('D_DO-35_SOD27_P7.62mm_Horizontal_2',
'D_DO-35_SOD27_P7.62mm_Horizontal_2',
'D_DO-35_SOD27_P7.62mm_Horizontal_2',(#19097));
#19034=PRODUCT('D_DO-35_SOD27_P7.62mm_Horizontal_1',
'D_DO-35_SOD27_P7.62mm_Horizontal_1',
'D_DO-35_SOD27_P7.62mm_Horizontal_1',(#19098));
#19035=PRODUCT('D_DO-35_SOD27_P7.62mm_Horizontal_3',
'D_DO-35_SOD27_P7.62mm_Horizontal_3',
'D_DO-35_SOD27_P7.62mm_Horizontal_3',(#19099));
#19036=PRODUCT_CATEGORY('','');
#19037=PRODUCT_CATEGORY('','');
#19038=PRODUCT_CATEGORY('','');
#19039=PRODUCT_CATEGORY('','');
#19040=PRODUCT_CATEGORY('','');
#19041=PRODUCT_CATEGORY('','');
#19042=PRODUCT_CATEGORY('','');
#19043=PRODUCT_CATEGORY('','');
#19044=PRODUCT_CATEGORY('','');
#19045=PRODUCT_CATEGORY('','');
#19046=PRODUCT_CATEGORY('','');
#19047=PRODUCT_CATEGORY('','');
#19048=PRODUCT_CATEGORY('','');
#19049=PRODUCT_CATEGORY('','');
#19050=PRODUCT_CATEGORY('','');
#19051=PRODUCT_CATEGORY('','');
#19052=PRODUCT_CATEGORY('','');
#19053=PRODUCT_CATEGORY('','');
#19054=PRODUCT_CATEGORY('','');
#19055=PRODUCT_CATEGORY('','');
#19056=PRODUCT_CATEGORY('','');
#19057=PRODUCT_CATEGORY('','');
#19058=PRODUCT_CATEGORY('','');
#19059=PRODUCT_CATEGORY('','');
#19060=PRODUCT_CATEGORY('','');
#19061=PRODUCT_CATEGORY('','');
#19062=PRODUCT_CATEGORY('','');
#19063=PRODUCT_CATEGORY('','');
#19064=PRODUCT_CATEGORY('','');
#19065=PRODUCT_CATEGORY('','');
#19066=PRODUCT_CATEGORY('','');
#19067=PRODUCT_CATEGORY('','');
#19068=PRODUCT_CONTEXT('',#19101,'mechanical');
#19069=PRODUCT_CONTEXT('',#19101,'mechanical');
#19070=PRODUCT_CONTEXT('',#19101,'mechanical');
#19071=PRODUCT_CONTEXT('',#19101,'mechanical');
#19072=PRODUCT_CONTEXT('',#19101,'mechanical');
#19073=PRODUCT_CONTEXT('',#19101,'mechanical');
#19074=PRODUCT_CONTEXT('',#19101,'mechanical');
#19075=PRODUCT_CONTEXT('',#19101,'mechanical');
#19076=PRODUCT_CONTEXT('',#19101,'mechanical');
#19077=PRODUCT_CONTEXT('',#19101,'mechanical');
#19078=PRODUCT_CONTEXT('',#19101,'mechanical');
#19079=PRODUCT_CONTEXT('',#19101,'mechanical');
#19080=PRODUCT_CONTEXT('',#19101,'mechanical');
#19081=PRODUCT_CONTEXT('',#19101,'mechanical');
#19082=PRODUCT_CONTEXT('',#19101,'mechanical');
#19083=PRODUCT_CONTEXT('',#19101,'mechanical');
#19084=PRODUCT_CONTEXT('',#19101,'mechanical');
#19085=PRODUCT_CONTEXT('',#19101,'mechanical');
#19086=PRODUCT_CONTEXT('',#19101,'mechanical');
#19087=PRODUCT_CONTEXT('',#19101,'mechanical');
#19088=PRODUCT_CONTEXT('',#19101,'mechanical');
#19089=PRODUCT_CONTEXT('',#19101,'mechanical');
#19090=PRODUCT_CONTEXT('',#19101,'mechanical');
#19091=PRODUCT_CONTEXT('',#19101,'mechanical');
#19092=PRODUCT_CONTEXT('',#19101,'mechanical');
#19093=PRODUCT_CONTEXT('',#19101,'mechanical');
#19094=PRODUCT_CONTEXT('',#19101,'mechanical');
#19095=PRODUCT_CONTEXT('',#19101,'mechanical');
#19096=PRODUCT_CONTEXT('',#19101,'mechanical');
#19097=PRODUCT_CONTEXT('',#19101,'mechanical');
#19098=PRODUCT_CONTEXT('',#19101,'mechanical');
#19099=PRODUCT_CONTEXT('',#19101,'mechanical');
#19100=APPLICATION_PROTOCOL_DEFINITION('international standard',
'automotive_design',2010,#19101);
#19101=APPLICATION_CONTEXT(
'core data for automotive mechanical design processes');
ENDSEC;
END-ISO-10303-21;
