ISO-10303-21;
HEADER;
/* Generated by software containing ST-Developer
 * from STEP Tools, Inc. (www.steptools.com) 
 */
/* OPTION: using custom renumber hook */

FILE_DESCRIPTION(
/* description */ ('STEP AP242 Edition 2',
'CAx-IF Rec.Pracs.---Representation and Presentation of Product Manufa
cturing Information (PMI)---4.0---2014-10-13',
'CAx-IF Rec.Pracs.---3D Tessellated Geometry---0.4---2014-09-14','2;1',
'CAx-IF Rec.Pracs.---User Defined Attributes---1.5---2016-08-15'),
/* implementation_level */ '2;1');

FILE_NAME(
/* name */ '6ab84912dfe544ce60671983',
/* time_stamp */ '2026-09-26T22:37:07Z',
/* author */ (''),
/* organization */ (''),
/* preprocessor_version */ 'ST-DEVELOPER v20',
/* originating_system */ 'ONSHAPE BY PTC INC, 1.221',
/* authorisation */ '  ');

FILE_SCHEMA (('AP242_MANAGED_MODEL_BASED_3D_ENGINEERING_MIM_LF { 1 0 10303 442 3 1 4 }'));
ENDSEC;

DATA;
#10=LINE('',#10972,#496);
#11=LINE('',#10977,#497);
#12=LINE('',#10981,#498);
#13=LINE('',#10984,#499);
#14=LINE('',#10985,#500);
#15=LINE('',#10987,#501);
#16=LINE('',#10989,#502);
#17=LINE('',#10991,#503);
#18=LINE('',#10995,#504);
#19=LINE('',#10999,#505);
#20=LINE('',#11187,#506);
#21=LINE('',#11191,#507);
#22=LINE('',#11377,#508);
#23=LINE('',#11379,#509);
#24=LINE('',#11381,#510);
#25=LINE('',#11383,#511);
#26=LINE('',#11504,#512);
#27=LINE('',#11507,#513);
#28=LINE('',#11509,#514);
#29=LINE('',#11511,#515);
#30=LINE('',#11513,#516);
#31=LINE('',#11515,#517);
#32=LINE('',#11517,#518);
#33=LINE('',#11519,#519);
#34=LINE('',#11521,#520);
#35=LINE('',#11523,#521);
#36=LINE('',#11525,#522);
#37=LINE('',#11527,#523);
#38=LINE('',#11529,#524);
#39=LINE('',#11531,#525);
#40=LINE('',#11533,#526);
#41=LINE('',#11535,#527);
#42=LINE('',#11537,#528);
#43=LINE('',#11539,#529);
#44=LINE('',#11541,#530);
#45=LINE('',#11543,#531);
#46=LINE('',#11545,#532);
#47=LINE('',#11547,#533);
#48=LINE('',#11549,#534);
#49=LINE('',#11551,#535);
#50=LINE('',#11553,#536);
#51=LINE('',#11555,#537);
#52=LINE('',#11557,#538);
#53=LINE('',#11559,#539);
#54=LINE('',#11561,#540);
#55=LINE('',#11563,#541);
#56=LINE('',#11565,#542);
#57=LINE('',#11567,#543);
#58=LINE('',#11569,#544);
#59=LINE('',#11571,#545);
#60=LINE('',#11573,#546);
#61=LINE('',#11575,#547);
#62=LINE('',#11577,#548);
#63=LINE('',#11579,#549);
#64=LINE('',#11581,#550);
#65=LINE('',#11583,#551);
#66=LINE('',#11585,#552);
#67=LINE('',#11587,#553);
#68=LINE('',#11589,#554);
#69=LINE('',#11591,#555);
#70=LINE('',#11593,#556);
#71=LINE('',#11595,#557);
#72=LINE('',#11597,#558);
#73=LINE('',#11599,#559);
#74=LINE('',#11601,#560);
#75=LINE('',#11603,#561);
#76=LINE('',#11605,#562);
#77=LINE('',#11607,#563);
#78=LINE('',#11609,#564);
#79=LINE('',#11611,#565);
#80=LINE('',#11613,#566);
#81=LINE('',#11615,#567);
#82=LINE('',#11617,#568);
#83=LINE('',#11618,#569);
#84=LINE('',#11621,#570);
#85=LINE('',#11623,#571);
#86=LINE('',#11625,#572);
#87=LINE('',#11626,#573);
#88=LINE('',#11629,#574);
#89=LINE('',#11631,#575);
#90=LINE('',#11633,#576);
#91=LINE('',#11634,#577);
#92=LINE('',#11637,#578);
#93=LINE('',#11639,#579);
#94=LINE('',#11641,#580);
#95=LINE('',#11642,#581);
#96=LINE('',#11645,#582);
#97=LINE('',#11647,#583);
#98=LINE('',#11649,#584);
#99=LINE('',#11650,#585);
#100=LINE('',#11653,#586);
#101=LINE('',#11655,#587);
#102=LINE('',#11657,#588);
#103=LINE('',#11658,#589);
#104=LINE('',#11661,#590);
#105=LINE('',#11663,#591);
#106=LINE('',#11665,#592);
#107=LINE('',#11666,#593);
#108=LINE('',#11669,#594);
#109=LINE('',#11671,#595);
#110=LINE('',#11673,#596);
#111=LINE('',#11674,#597);
#112=LINE('',#11677,#598);
#113=LINE('',#11679,#599);
#114=LINE('',#11681,#600);
#115=LINE('',#11683,#601);
#116=LINE('',#11685,#602);
#117=LINE('',#11687,#603);
#118=LINE('',#11689,#604);
#119=LINE('',#11691,#605);
#120=LINE('',#11693,#606);
#121=LINE('',#11695,#607);
#122=LINE('',#11697,#608);
#123=LINE('',#11699,#609);
#124=LINE('',#11701,#610);
#125=LINE('',#11703,#611);
#126=LINE('',#11705,#612);
#127=LINE('',#11707,#613);
#128=LINE('',#11709,#614);
#129=LINE('',#11711,#615);
#130=LINE('',#11713,#616);
#131=LINE('',#11715,#617);
#132=LINE('',#11717,#618);
#133=LINE('',#11719,#619);
#134=LINE('',#11721,#620);
#135=LINE('',#11723,#621);
#136=LINE('',#11725,#622);
#137=LINE('',#11727,#623);
#138=LINE('',#11729,#624);
#139=LINE('',#11731,#625);
#140=LINE('',#11733,#626);
#141=LINE('',#11735,#627);
#142=LINE('',#11737,#628);
#143=LINE('',#11739,#629);
#144=LINE('',#11741,#630);
#145=LINE('',#11743,#631);
#146=LINE('',#11745,#632);
#147=LINE('',#11747,#633);
#148=LINE('',#11749,#634);
#149=LINE('',#11751,#635);
#150=LINE('',#11753,#636);
#151=LINE('',#11755,#637);
#152=LINE('',#11757,#638);
#153=LINE('',#11759,#639);
#154=LINE('',#11761,#640);
#155=LINE('',#11763,#641);
#156=LINE('',#11765,#642);
#157=LINE('',#11767,#643);
#158=LINE('',#11769,#644);
#159=LINE('',#11771,#645);
#160=LINE('',#11773,#646);
#161=LINE('',#11775,#647);
#162=LINE('',#11776,#648);
#163=LINE('',#11779,#649);
#164=LINE('',#11781,#650);
#165=LINE('',#11783,#651);
#166=LINE('',#11784,#652);
#167=LINE('',#11787,#653);
#168=LINE('',#11789,#654);
#169=LINE('',#11791,#655);
#170=LINE('',#11792,#656);
#171=LINE('',#11795,#657);
#172=LINE('',#11797,#658);
#173=LINE('',#11799,#659);
#174=LINE('',#11800,#660);
#175=LINE('',#11803,#661);
#176=LINE('',#11805,#662);
#177=LINE('',#11807,#663);
#178=LINE('',#11808,#664);
#179=LINE('',#11811,#665);
#180=LINE('',#11813,#666);
#181=LINE('',#11815,#667);
#182=LINE('',#11816,#668);
#183=LINE('',#11819,#669);
#184=LINE('',#11821,#670);
#185=LINE('',#11823,#671);
#186=LINE('',#11824,#672);
#187=LINE('',#11827,#673);
#188=LINE('',#11829,#674);
#189=LINE('',#11831,#675);
#190=LINE('',#11832,#676);
#191=LINE('',#11835,#677);
#192=LINE('',#11837,#678);
#193=LINE('',#11839,#679);
#194=LINE('',#11841,#680);
#195=LINE('',#11843,#681);
#196=LINE('',#11845,#682);
#197=LINE('',#11847,#683);
#198=LINE('',#11849,#684);
#199=LINE('',#11851,#685);
#200=LINE('',#11853,#686);
#201=LINE('',#11855,#687);
#202=LINE('',#11857,#688);
#203=LINE('',#11859,#689);
#204=LINE('',#11861,#690);
#205=LINE('',#11863,#691);
#206=LINE('',#11865,#692);
#207=LINE('',#11867,#693);
#208=LINE('',#11869,#694);
#209=LINE('',#11871,#695);
#210=LINE('',#11873,#696);
#211=LINE('',#11875,#697);
#212=LINE('',#11877,#698);
#213=LINE('',#11879,#699);
#214=LINE('',#11881,#700);
#215=LINE('',#11883,#701);
#216=LINE('',#11885,#702);
#217=LINE('',#11887,#703);
#218=LINE('',#11889,#704);
#219=LINE('',#11891,#705);
#220=LINE('',#11893,#706);
#221=LINE('',#11895,#707);
#222=LINE('',#11897,#708);
#223=LINE('',#11899,#709);
#224=LINE('',#11901,#710);
#225=LINE('',#11903,#711);
#226=LINE('',#11905,#712);
#227=LINE('',#11907,#713);
#228=LINE('',#11909,#714);
#229=LINE('',#11911,#715);
#230=LINE('',#11913,#716);
#231=LINE('',#11915,#717);
#232=LINE('',#11917,#718);
#233=LINE('',#11919,#719);
#234=LINE('',#11921,#720);
#235=LINE('',#11923,#721);
#236=LINE('',#11925,#722);
#237=LINE('',#11927,#723);
#238=LINE('',#11929,#724);
#239=LINE('',#11931,#725);
#240=LINE('',#11934,#726);
#241=LINE('',#11936,#727);
#242=LINE('',#11938,#728);
#243=LINE('',#11940,#729);
#244=LINE('',#11942,#730);
#245=LINE('',#11944,#731);
#246=LINE('',#11946,#732);
#247=LINE('',#11948,#733);
#248=LINE('',#11950,#734);
#249=LINE('',#11952,#735);
#250=LINE('',#11954,#736);
#251=LINE('',#11956,#737);
#252=LINE('',#11958,#738);
#253=LINE('',#11960,#739);
#254=LINE('',#11962,#740);
#255=LINE('',#11964,#741);
#256=LINE('',#11966,#742);
#257=LINE('',#11968,#743);
#258=LINE('',#11970,#744);
#259=LINE('',#11972,#745);
#260=LINE('',#11974,#746);
#261=LINE('',#11976,#747);
#262=LINE('',#11978,#748);
#263=LINE('',#11980,#749);
#264=LINE('',#11982,#750);
#265=LINE('',#11984,#751);
#266=LINE('',#11986,#752);
#267=LINE('',#11988,#753);
#268=LINE('',#11990,#754);
#269=LINE('',#11992,#755);
#270=LINE('',#11994,#756);
#271=LINE('',#11996,#757);
#272=LINE('',#11998,#758);
#273=LINE('',#12000,#759);
#274=LINE('',#12002,#760);
#275=LINE('',#12004,#761);
#276=LINE('',#12006,#762);
#277=LINE('',#12008,#763);
#278=LINE('',#12010,#764);
#279=LINE('',#12012,#765);
#280=LINE('',#12014,#766);
#281=LINE('',#12016,#767);
#282=LINE('',#12018,#768);
#283=LINE('',#12020,#769);
#284=LINE('',#12022,#770);
#285=LINE('',#12024,#771);
#286=LINE('',#12026,#772);
#287=LINE('',#12028,#773);
#288=LINE('',#12030,#774);
#289=LINE('',#12032,#775);
#290=LINE('',#12034,#776);
#291=LINE('',#12036,#777);
#292=LINE('',#12038,#778);
#293=LINE('',#12040,#779);
#294=LINE('',#12042,#780);
#295=LINE('',#12044,#781);
#296=LINE('',#12046,#782);
#297=LINE('',#12048,#783);
#298=LINE('',#12050,#784);
#299=LINE('',#12052,#785);
#300=LINE('',#12054,#786);
#301=LINE('',#12056,#787);
#302=LINE('',#12058,#788);
#303=LINE('',#12060,#789);
#304=LINE('',#12062,#790);
#305=LINE('',#12065,#791);
#306=LINE('',#12066,#792);
#307=LINE('',#12068,#793);
#308=LINE('',#12070,#794);
#309=LINE('',#12072,#795);
#310=LINE('',#12074,#796);
#311=LINE('',#12076,#797);
#312=LINE('',#12078,#798);
#313=LINE('',#12080,#799);
#314=LINE('',#12082,#800);
#315=LINE('',#12084,#801);
#316=LINE('',#12086,#802);
#317=LINE('',#12088,#803);
#318=LINE('',#12090,#804);
#319=LINE('',#12092,#805);
#320=LINE('',#12094,#806);
#321=LINE('',#12096,#807);
#322=LINE('',#12098,#808);
#323=LINE('',#12100,#809);
#324=LINE('',#12102,#810);
#325=LINE('',#12104,#811);
#326=LINE('',#12106,#812);
#327=LINE('',#12108,#813);
#328=LINE('',#12110,#814);
#329=LINE('',#12112,#815);
#330=LINE('',#12114,#816);
#331=LINE('',#12116,#817);
#332=LINE('',#12118,#818);
#333=LINE('',#12120,#819);
#334=LINE('',#12122,#820);
#335=LINE('',#12124,#821);
#336=LINE('',#12126,#822);
#337=LINE('',#12128,#823);
#338=LINE('',#12130,#824);
#339=LINE('',#12132,#825);
#340=LINE('',#12134,#826);
#341=LINE('',#12136,#827);
#342=LINE('',#12138,#828);
#343=LINE('',#12140,#829);
#344=LINE('',#12142,#830);
#345=LINE('',#12144,#831);
#346=LINE('',#12146,#832);
#347=LINE('',#12148,#833);
#348=LINE('',#12150,#834);
#349=LINE('',#12152,#835);
#350=LINE('',#12154,#836);
#351=LINE('',#12156,#837);
#352=LINE('',#12158,#838);
#353=LINE('',#12161,#839);
#354=LINE('',#12162,#840);
#355=LINE('',#12164,#841);
#356=LINE('',#12166,#842);
#357=LINE('',#12168,#843);
#358=LINE('',#12170,#844);
#359=LINE('',#12172,#845);
#360=LINE('',#12174,#846);
#361=LINE('',#12176,#847);
#362=LINE('',#12178,#848);
#363=LINE('',#12180,#849);
#364=LINE('',#12182,#850);
#365=LINE('',#12184,#851);
#366=LINE('',#12186,#852);
#367=LINE('',#12188,#853);
#368=LINE('',#12190,#854);
#369=LINE('',#12193,#855);
#370=LINE('',#12194,#856);
#371=LINE('',#12196,#857);
#372=LINE('',#12198,#858);
#373=LINE('',#12200,#859);
#374=LINE('',#12202,#860);
#375=LINE('',#12204,#861);
#376=LINE('',#12206,#862);
#377=LINE('',#12208,#863);
#378=LINE('',#12210,#864);
#379=LINE('',#12212,#865);
#380=LINE('',#12214,#866);
#381=LINE('',#12216,#867);
#382=LINE('',#12218,#868);
#383=LINE('',#12220,#869);
#384=LINE('',#12222,#870);
#385=LINE('',#12225,#871);
#386=LINE('',#12226,#872);
#387=LINE('',#12228,#873);
#388=LINE('',#12230,#874);
#389=LINE('',#12232,#875);
#390=LINE('',#12234,#876);
#391=LINE('',#12236,#877);
#392=LINE('',#12238,#878);
#393=LINE('',#12240,#879);
#394=LINE('',#12242,#880);
#395=LINE('',#12244,#881);
#396=LINE('',#12246,#882);
#397=LINE('',#12248,#883);
#398=LINE('',#12250,#884);
#399=LINE('',#12252,#885);
#400=LINE('',#12254,#886);
#401=LINE('',#12257,#887);
#402=LINE('',#12258,#888);
#403=LINE('',#12260,#889);
#404=LINE('',#12262,#890);
#405=LINE('',#12264,#891);
#406=LINE('',#12266,#892);
#407=LINE('',#12268,#893);
#408=LINE('',#12270,#894);
#409=LINE('',#12272,#895);
#410=LINE('',#12274,#896);
#411=LINE('',#12276,#897);
#412=LINE('',#12278,#898);
#413=LINE('',#12280,#899);
#414=LINE('',#12282,#900);
#415=LINE('',#12284,#901);
#416=LINE('',#12286,#902);
#417=LINE('',#12289,#903);
#418=LINE('',#12290,#904);
#419=LINE('',#12292,#905);
#420=LINE('',#12294,#906);
#421=LINE('',#12296,#907);
#422=LINE('',#12298,#908);
#423=LINE('',#12300,#909);
#424=LINE('',#12302,#910);
#425=LINE('',#12305,#911);
#426=LINE('',#12306,#912);
#427=LINE('',#12308,#913);
#428=LINE('',#12310,#914);
#429=LINE('',#12312,#915);
#430=LINE('',#12314,#916);
#431=LINE('',#12316,#917);
#432=LINE('',#12318,#918);
#433=LINE('',#12320,#919);
#434=LINE('',#12322,#920);
#435=LINE('',#12324,#921);
#436=LINE('',#12326,#922);
#437=LINE('',#12328,#923);
#438=LINE('',#12330,#924);
#439=LINE('',#12332,#925);
#440=LINE('',#12334,#926);
#441=LINE('',#12337,#927);
#442=LINE('',#12338,#928);
#443=LINE('',#12340,#929);
#444=LINE('',#12342,#930);
#445=LINE('',#12344,#931);
#446=LINE('',#12346,#932);
#447=LINE('',#12348,#933);
#448=LINE('',#12350,#934);
#449=LINE('',#12352,#935);
#450=LINE('',#12354,#936);
#451=LINE('',#12356,#937);
#452=LINE('',#12358,#938);
#453=LINE('',#12360,#939);
#454=LINE('',#12362,#940);
#455=LINE('',#12364,#941);
#456=LINE('',#12366,#942);
#457=LINE('',#12369,#943);
#458=LINE('',#12370,#944);
#459=LINE('',#12372,#945);
#460=LINE('',#12374,#946);
#461=LINE('',#12376,#947);
#462=LINE('',#12378,#948);
#463=LINE('',#12380,#949);
#464=LINE('',#12382,#950);
#465=LINE('',#12384,#951);
#466=LINE('',#12386,#952);
#467=LINE('',#12388,#953);
#468=LINE('',#12390,#954);
#469=LINE('',#12392,#955);
#470=LINE('',#12394,#956);
#471=LINE('',#12396,#957);
#472=LINE('',#12398,#958);
#473=LINE('',#12401,#959);
#474=LINE('',#12402,#960);
#475=LINE('',#12404,#961);
#476=LINE('',#12406,#962);
#477=LINE('',#12408,#963);
#478=LINE('',#12410,#964);
#479=LINE('',#12412,#965);
#480=LINE('',#12414,#966);
#481=LINE('',#12416,#967);
#482=LINE('',#12418,#968);
#483=LINE('',#12420,#969);
#484=LINE('',#12422,#970);
#485=LINE('',#12424,#971);
#486=LINE('',#12426,#972);
#487=LINE('',#12428,#973);
#488=LINE('',#12430,#974);
#489=LINE('',#12432,#975);
#490=LINE('',#12434,#976);
#491=LINE('',#12436,#977);
#492=LINE('',#12438,#978);
#493=LINE('',#12440,#979);
#494=LINE('',#12442,#980);
#495=LINE('',#12444,#981);
#496=VECTOR('',#8916,1.);
#497=VECTOR('',#8919,1.);
#498=VECTOR('',#8924,1.);
#499=VECTOR('',#8925,1.);
#500=VECTOR('',#8926,1.);
#501=VECTOR('',#8929,1.);
#502=VECTOR('',#8930,1.);
#503=VECTOR('',#8931,1.);
#504=VECTOR('',#8936,1.);
#505=VECTOR('',#8939,1.);
#506=VECTOR('',#9128,1.);
#507=VECTOR('',#9131,1.);
#508=VECTOR('',#9318,1.);
#509=VECTOR('',#9321,1.);
#510=VECTOR('',#9324,1.);
#511=VECTOR('',#9327,1.);
#512=VECTOR('',#9552,1.);
#513=VECTOR('',#9553,1.);
#514=VECTOR('',#9554,1.);
#515=VECTOR('',#9555,1.);
#516=VECTOR('',#9558,1.);
#517=VECTOR('',#9559,1.);
#518=VECTOR('',#9560,1.);
#519=VECTOR('',#9563,1.);
#520=VECTOR('',#9564,1.);
#521=VECTOR('',#9565,1.);
#522=VECTOR('',#9568,1.);
#523=VECTOR('',#9569,1.);
#524=VECTOR('',#9570,1.);
#525=VECTOR('',#9571,1.);
#526=VECTOR('',#9572,1.);
#527=VECTOR('',#9573,1.);
#528=VECTOR('',#9574,1.);
#529=VECTOR('',#9575,1.);
#530=VECTOR('',#9576,1.);
#531=VECTOR('',#9577,1.);
#532=VECTOR('',#9578,1.);
#533=VECTOR('',#9579,1.);
#534=VECTOR('',#9580,1.);
#535=VECTOR('',#9581,1.);
#536=VECTOR('',#9582,1.);
#537=VECTOR('',#9583,1.);
#538=VECTOR('',#9584,1.);
#539=VECTOR('',#9585,1.);
#540=VECTOR('',#9586,1.);
#541=VECTOR('',#9587,1.);
#542=VECTOR('',#9588,1.);
#543=VECTOR('',#9589,1.);
#544=VECTOR('',#9590,1.);
#545=VECTOR('',#9591,1.);
#546=VECTOR('',#9592,1.);
#547=VECTOR('',#9593,1.);
#548=VECTOR('',#9594,1.);
#549=VECTOR('',#9595,1.);
#550=VECTOR('',#9596,1.);
#551=VECTOR('',#9597,1.);
#552=VECTOR('',#9598,1.);
#553=VECTOR('',#9599,1.);
#554=VECTOR('',#9600,1.);
#555=VECTOR('',#9601,1.);
#556=VECTOR('',#9602,1.);
#557=VECTOR('',#9603,1.);
#558=VECTOR('',#9604,1.);
#559=VECTOR('',#9605,1.);
#560=VECTOR('',#9606,1.);
#561=VECTOR('',#9607,1.);
#562=VECTOR('',#9608,1.);
#563=VECTOR('',#9609,1.);
#564=VECTOR('',#9610,1.);
#565=VECTOR('',#9611,1.);
#566=VECTOR('',#9612,1.);
#567=VECTOR('',#9613,1.);
#568=VECTOR('',#9614,1.);
#569=VECTOR('',#9615,1.);
#570=VECTOR('',#9616,1.);
#571=VECTOR('',#9617,1.);
#572=VECTOR('',#9618,1.);
#573=VECTOR('',#9619,1.);
#574=VECTOR('',#9620,1.);
#575=VECTOR('',#9621,1.);
#576=VECTOR('',#9622,1.);
#577=VECTOR('',#9623,1.);
#578=VECTOR('',#9624,1.);
#579=VECTOR('',#9625,1.);
#580=VECTOR('',#9626,1.);
#581=VECTOR('',#9627,1.);
#582=VECTOR('',#9628,1.);
#583=VECTOR('',#9629,1.);
#584=VECTOR('',#9630,1.);
#585=VECTOR('',#9631,1.);
#586=VECTOR('',#9632,1.);
#587=VECTOR('',#9633,1.);
#588=VECTOR('',#9634,1.);
#589=VECTOR('',#9635,1.);
#590=VECTOR('',#9636,1.);
#591=VECTOR('',#9637,1.);
#592=VECTOR('',#9638,1.);
#593=VECTOR('',#9639,1.);
#594=VECTOR('',#9640,1.);
#595=VECTOR('',#9641,1.);
#596=VECTOR('',#9642,1.);
#597=VECTOR('',#9643,1.);
#598=VECTOR('',#9644,1.);
#599=VECTOR('',#9645,1.);
#600=VECTOR('',#9646,1.);
#601=VECTOR('',#9649,1.);
#602=VECTOR('',#9650,1.);
#603=VECTOR('',#9651,1.);
#604=VECTOR('',#9652,1.);
#605=VECTOR('',#9653,1.);
#606=VECTOR('',#9654,1.);
#607=VECTOR('',#9655,1.);
#608=VECTOR('',#9656,1.);
#609=VECTOR('',#9657,1.);
#610=VECTOR('',#9658,1.);
#611=VECTOR('',#9659,1.);
#612=VECTOR('',#9660,1.);
#613=VECTOR('',#9661,1.);
#614=VECTOR('',#9662,1.);
#615=VECTOR('',#9663,1.);
#616=VECTOR('',#9664,1.);
#617=VECTOR('',#9665,1.);
#618=VECTOR('',#9666,1.);
#619=VECTOR('',#9667,1.);
#620=VECTOR('',#9668,1.);
#621=VECTOR('',#9669,1.);
#622=VECTOR('',#9670,1.);
#623=VECTOR('',#9671,1.);
#624=VECTOR('',#9672,1.);
#625=VECTOR('',#9673,1.);
#626=VECTOR('',#9674,1.);
#627=VECTOR('',#9675,1.);
#628=VECTOR('',#9676,1.);
#629=VECTOR('',#9677,1.);
#630=VECTOR('',#9678,1.);
#631=VECTOR('',#9679,1.);
#632=VECTOR('',#9680,1.);
#633=VECTOR('',#9681,1.);
#634=VECTOR('',#9682,1.);
#635=VECTOR('',#9683,1.);
#636=VECTOR('',#9684,1.);
#637=VECTOR('',#9685,1.);
#638=VECTOR('',#9686,1.);
#639=VECTOR('',#9687,1.);
#640=VECTOR('',#9688,1.);
#641=VECTOR('',#9689,1.);
#642=VECTOR('',#9690,1.);
#643=VECTOR('',#9691,1.);
#644=VECTOR('',#9692,1.);
#645=VECTOR('',#9693,1.);
#646=VECTOR('',#9694,1.);
#647=VECTOR('',#9695,1.);
#648=VECTOR('',#9696,1.);
#649=VECTOR('',#9697,1.);
#650=VECTOR('',#9698,1.);
#651=VECTOR('',#9699,1.);
#652=VECTOR('',#9700,1.);
#653=VECTOR('',#9701,1.);
#654=VECTOR('',#9702,1.);
#655=VECTOR('',#9703,1.);
#656=VECTOR('',#9704,1.);
#657=VECTOR('',#9705,1.);
#658=VECTOR('',#9706,1.);
#659=VECTOR('',#9707,1.);
#660=VECTOR('',#9708,1.);
#661=VECTOR('',#9709,1.);
#662=VECTOR('',#9710,1.);
#663=VECTOR('',#9711,1.);
#664=VECTOR('',#9712,1.);
#665=VECTOR('',#9713,1.);
#666=VECTOR('',#9714,1.);
#667=VECTOR('',#9715,1.);
#668=VECTOR('',#9716,1.);
#669=VECTOR('',#9717,1.);
#670=VECTOR('',#9718,1.);
#671=VECTOR('',#9719,1.);
#672=VECTOR('',#9720,1.);
#673=VECTOR('',#9721,1.);
#674=VECTOR('',#9722,1.);
#675=VECTOR('',#9723,1.);
#676=VECTOR('',#9724,1.);
#677=VECTOR('',#9725,1.);
#678=VECTOR('',#9726,1.);
#679=VECTOR('',#9727,1.);
#680=VECTOR('',#9730,1.);
#681=VECTOR('',#9733,1.);
#682=VECTOR('',#9736,1.);
#683=VECTOR('',#9739,1.);
#684=VECTOR('',#9742,1.);
#685=VECTOR('',#9745,1.);
#686=VECTOR('',#9748,1.);
#687=VECTOR('',#9751,1.);
#688=VECTOR('',#9754,1.);
#689=VECTOR('',#9757,1.);
#690=VECTOR('',#9760,1.);
#691=VECTOR('',#9763,1.);
#692=VECTOR('',#9766,1.);
#693=VECTOR('',#9769,1.);
#694=VECTOR('',#9772,1.);
#695=VECTOR('',#9775,1.);
#696=VECTOR('',#9778,1.);
#697=VECTOR('',#9781,1.);
#698=VECTOR('',#9784,1.);
#699=VECTOR('',#9787,1.);
#700=VECTOR('',#9790,1.);
#701=VECTOR('',#9793,1.);
#702=VECTOR('',#9796,1.);
#703=VECTOR('',#9799,1.);
#704=VECTOR('',#9802,1.);
#705=VECTOR('',#9805,1.);
#706=VECTOR('',#9808,1.);
#707=VECTOR('',#9811,1.);
#708=VECTOR('',#9814,1.);
#709=VECTOR('',#9817,1.);
#710=VECTOR('',#9820,1.);
#711=VECTOR('',#9823,1.);
#712=VECTOR('',#9826,1.);
#713=VECTOR('',#9829,1.);
#714=VECTOR('',#9832,1.);
#715=VECTOR('',#9835,1.);
#716=VECTOR('',#9838,1.);
#717=VECTOR('',#9841,1.);
#718=VECTOR('',#9844,1.);
#719=VECTOR('',#9847,1.);
#720=VECTOR('',#9850,1.);
#721=VECTOR('',#9853,1.);
#722=VECTOR('',#9856,1.);
#723=VECTOR('',#9859,1.);
#724=VECTOR('',#9862,1.);
#725=VECTOR('',#9865,1.);
#726=VECTOR('',#9870,1.);
#727=VECTOR('',#9871,1.);
#728=VECTOR('',#9872,1.);
#729=VECTOR('',#9875,1.);
#730=VECTOR('',#9876,1.);
#731=VECTOR('',#9879,1.);
#732=VECTOR('',#9880,1.);
#733=VECTOR('',#9883,1.);
#734=VECTOR('',#9886,1.);
#735=VECTOR('',#9887,1.);
#736=VECTOR('',#9888,1.);
#737=VECTOR('',#9891,1.);
#738=VECTOR('',#9892,1.);
#739=VECTOR('',#9895,1.);
#740=VECTOR('',#9896,1.);
#741=VECTOR('',#9899,1.);
#742=VECTOR('',#9902,1.);
#743=VECTOR('',#9903,1.);
#744=VECTOR('',#9904,1.);
#745=VECTOR('',#9907,1.);
#746=VECTOR('',#9908,1.);
#747=VECTOR('',#9911,1.);
#748=VECTOR('',#9912,1.);
#749=VECTOR('',#9915,1.);
#750=VECTOR('',#9918,1.);
#751=VECTOR('',#9919,1.);
#752=VECTOR('',#9920,1.);
#753=VECTOR('',#9923,1.);
#754=VECTOR('',#9924,1.);
#755=VECTOR('',#9927,1.);
#756=VECTOR('',#9928,1.);
#757=VECTOR('',#9931,1.);
#758=VECTOR('',#9934,1.);
#759=VECTOR('',#9935,1.);
#760=VECTOR('',#9936,1.);
#761=VECTOR('',#9939,1.);
#762=VECTOR('',#9940,1.);
#763=VECTOR('',#9943,1.);
#764=VECTOR('',#9944,1.);
#765=VECTOR('',#9947,1.);
#766=VECTOR('',#9950,1.);
#767=VECTOR('',#9951,1.);
#768=VECTOR('',#9952,1.);
#769=VECTOR('',#9955,1.);
#770=VECTOR('',#9956,1.);
#771=VECTOR('',#9959,1.);
#772=VECTOR('',#9960,1.);
#773=VECTOR('',#9963,1.);
#774=VECTOR('',#9966,1.);
#775=VECTOR('',#9967,1.);
#776=VECTOR('',#9968,1.);
#777=VECTOR('',#9971,1.);
#778=VECTOR('',#9972,1.);
#779=VECTOR('',#9975,1.);
#780=VECTOR('',#9976,1.);
#781=VECTOR('',#9979,1.);
#782=VECTOR('',#9982,1.);
#783=VECTOR('',#9983,1.);
#784=VECTOR('',#9984,1.);
#785=VECTOR('',#9987,1.);
#786=VECTOR('',#9988,1.);
#787=VECTOR('',#9991,1.);
#788=VECTOR('',#9992,1.);
#789=VECTOR('',#9995,1.);
#790=VECTOR('',#9998,1.);
#791=VECTOR('',#9999,1.);
#792=VECTOR('',#10000,1.);
#793=VECTOR('',#10003,1.);
#794=VECTOR('',#10004,1.);
#795=VECTOR('',#10007,1.);
#796=VECTOR('',#10008,1.);
#797=VECTOR('',#10011,1.);
#798=VECTOR('',#10014,1.);
#799=VECTOR('',#10015,1.);
#800=VECTOR('',#10016,1.);
#801=VECTOR('',#10019,1.);
#802=VECTOR('',#10020,1.);
#803=VECTOR('',#10023,1.);
#804=VECTOR('',#10024,1.);
#805=VECTOR('',#10027,1.);
#806=VECTOR('',#10030,1.);
#807=VECTOR('',#10031,1.);
#808=VECTOR('',#10032,1.);
#809=VECTOR('',#10035,1.);
#810=VECTOR('',#10036,1.);
#811=VECTOR('',#10039,1.);
#812=VECTOR('',#10040,1.);
#813=VECTOR('',#10043,1.);
#814=VECTOR('',#10046,1.);
#815=VECTOR('',#10047,1.);
#816=VECTOR('',#10048,1.);
#817=VECTOR('',#10051,1.);
#818=VECTOR('',#10052,1.);
#819=VECTOR('',#10055,1.);
#820=VECTOR('',#10056,1.);
#821=VECTOR('',#10059,1.);
#822=VECTOR('',#10062,1.);
#823=VECTOR('',#10063,1.);
#824=VECTOR('',#10064,1.);
#825=VECTOR('',#10067,1.);
#826=VECTOR('',#10068,1.);
#827=VECTOR('',#10071,1.);
#828=VECTOR('',#10072,1.);
#829=VECTOR('',#10075,1.);
#830=VECTOR('',#10078,1.);
#831=VECTOR('',#10079,1.);
#832=VECTOR('',#10080,1.);
#833=VECTOR('',#10083,1.);
#834=VECTOR('',#10084,1.);
#835=VECTOR('',#10087,1.);
#836=VECTOR('',#10088,1.);
#837=VECTOR('',#10091,1.);
#838=VECTOR('',#10094,1.);
#839=VECTOR('',#10095,1.);
#840=VECTOR('',#10096,1.);
#841=VECTOR('',#10099,1.);
#842=VECTOR('',#10100,1.);
#843=VECTOR('',#10103,1.);
#844=VECTOR('',#10104,1.);
#845=VECTOR('',#10107,1.);
#846=VECTOR('',#10110,1.);
#847=VECTOR('',#10111,1.);
#848=VECTOR('',#10112,1.);
#849=VECTOR('',#10115,1.);
#850=VECTOR('',#10116,1.);
#851=VECTOR('',#10119,1.);
#852=VECTOR('',#10120,1.);
#853=VECTOR('',#10123,1.);
#854=VECTOR('',#10126,1.);
#855=VECTOR('',#10127,1.);
#856=VECTOR('',#10128,1.);
#857=VECTOR('',#10131,1.);
#858=VECTOR('',#10132,1.);
#859=VECTOR('',#10135,1.);
#860=VECTOR('',#10136,1.);
#861=VECTOR('',#10139,1.);
#862=VECTOR('',#10142,1.);
#863=VECTOR('',#10143,1.);
#864=VECTOR('',#10144,1.);
#865=VECTOR('',#10147,1.);
#866=VECTOR('',#10148,1.);
#867=VECTOR('',#10151,1.);
#868=VECTOR('',#10152,1.);
#869=VECTOR('',#10155,1.);
#870=VECTOR('',#10158,1.);
#871=VECTOR('',#10159,1.);
#872=VECTOR('',#10160,1.);
#873=VECTOR('',#10163,1.);
#874=VECTOR('',#10164,1.);
#875=VECTOR('',#10167,1.);
#876=VECTOR('',#10168,1.);
#877=VECTOR('',#10171,1.);
#878=VECTOR('',#10174,1.);
#879=VECTOR('',#10175,1.);
#880=VECTOR('',#10176,1.);
#881=VECTOR('',#10179,1.);
#882=VECTOR('',#10180,1.);
#883=VECTOR('',#10183,1.);
#884=VECTOR('',#10184,1.);
#885=VECTOR('',#10187,1.);
#886=VECTOR('',#10190,1.);
#887=VECTOR('',#10191,1.);
#888=VECTOR('',#10192,1.);
#889=VECTOR('',#10195,1.);
#890=VECTOR('',#10196,1.);
#891=VECTOR('',#10199,1.);
#892=VECTOR('',#10200,1.);
#893=VECTOR('',#10203,1.);
#894=VECTOR('',#10206,1.);
#895=VECTOR('',#10207,1.);
#896=VECTOR('',#10208,1.);
#897=VECTOR('',#10211,1.);
#898=VECTOR('',#10212,1.);
#899=VECTOR('',#10215,1.);
#900=VECTOR('',#10216,1.);
#901=VECTOR('',#10219,1.);
#902=VECTOR('',#10222,1.);
#903=VECTOR('',#10223,1.);
#904=VECTOR('',#10224,1.);
#905=VECTOR('',#10227,1.);
#906=VECTOR('',#10228,1.);
#907=VECTOR('',#10231,1.);
#908=VECTOR('',#10232,1.);
#909=VECTOR('',#10235,1.);
#910=VECTOR('',#10238,1.);
#911=VECTOR('',#10239,1.);
#912=VECTOR('',#10240,1.);
#913=VECTOR('',#10243,1.);
#914=VECTOR('',#10244,1.);
#915=VECTOR('',#10247,1.);
#916=VECTOR('',#10248,1.);
#917=VECTOR('',#10251,1.);
#918=VECTOR('',#10254,1.);
#919=VECTOR('',#10255,1.);
#920=VECTOR('',#10256,1.);
#921=VECTOR('',#10259,1.);
#922=VECTOR('',#10260,1.);
#923=VECTOR('',#10263,1.);
#924=VECTOR('',#10264,1.);
#925=VECTOR('',#10267,1.);
#926=VECTOR('',#10270,1.);
#927=VECTOR('',#10271,1.);
#928=VECTOR('',#10272,1.);
#929=VECTOR('',#10275,1.);
#930=VECTOR('',#10276,1.);
#931=VECTOR('',#10279,1.);
#932=VECTOR('',#10280,1.);
#933=VECTOR('',#10283,1.);
#934=VECTOR('',#10286,1.);
#935=VECTOR('',#10287,1.);
#936=VECTOR('',#10288,1.);
#937=VECTOR('',#10291,1.);
#938=VECTOR('',#10292,1.);
#939=VECTOR('',#10295,1.);
#940=VECTOR('',#10296,1.);
#941=VECTOR('',#10299,1.);
#942=VECTOR('',#10302,1.);
#943=VECTOR('',#10303,1.);
#944=VECTOR('',#10304,1.);
#945=VECTOR('',#10307,1.);
#946=VECTOR('',#10308,1.);
#947=VECTOR('',#10311,1.);
#948=VECTOR('',#10312,1.);
#949=VECTOR('',#10315,1.);
#950=VECTOR('',#10318,1.);
#951=VECTOR('',#10319,1.);
#952=VECTOR('',#10320,1.);
#953=VECTOR('',#10323,1.);
#954=VECTOR('',#10324,1.);
#955=VECTOR('',#10327,1.);
#956=VECTOR('',#10328,1.);
#957=VECTOR('',#10331,1.);
#958=VECTOR('',#10334,1.);
#959=VECTOR('',#10335,1.);
#960=VECTOR('',#10336,1.);
#961=VECTOR('',#10339,1.);
#962=VECTOR('',#10340,1.);
#963=VECTOR('',#10343,1.);
#964=VECTOR('',#10344,1.);
#965=VECTOR('',#10347,1.);
#966=VECTOR('',#10350,1.);
#967=VECTOR('',#10351,1.);
#968=VECTOR('',#10352,1.);
#969=VECTOR('',#10355,1.);
#970=VECTOR('',#10356,1.);
#971=VECTOR('',#10359,1.);
#972=VECTOR('',#10360,1.);
#973=VECTOR('',#10363,1.);
#974=VECTOR('',#10366,1.);
#975=VECTOR('',#10367,1.);
#976=VECTOR('',#10368,1.);
#977=VECTOR('',#10371,1.);
#978=VECTOR('',#10372,1.);
#979=VECTOR('',#10375,1.);
#980=VECTOR('',#10376,1.);
#981=VECTOR('',#10379,1.);
#982=CONTEXT_DEPENDENT_SHAPE_REPRESENTATION(#1024,#12846);
#983=CONTEXT_DEPENDENT_SHAPE_REPRESENTATION(#1025,#12848);
#984=CONTEXT_DEPENDENT_SHAPE_REPRESENTATION(#1026,#12850);
#985=CONTEXT_DEPENDENT_SHAPE_REPRESENTATION(#1027,#12852);
#986=CONTEXT_DEPENDENT_SHAPE_REPRESENTATION(#1028,#12854);
#987=CONTEXT_DEPENDENT_SHAPE_REPRESENTATION(#1029,#12856);
#988=CONTEXT_DEPENDENT_SHAPE_REPRESENTATION(#1030,#12858);
#989=CONTEXT_DEPENDENT_SHAPE_REPRESENTATION(#1031,#12860);
#990=CONTEXT_DEPENDENT_SHAPE_REPRESENTATION(#1032,#12862);
#991=CONTEXT_DEPENDENT_SHAPE_REPRESENTATION(#1033,#12864);
#992=CONTEXT_DEPENDENT_SHAPE_REPRESENTATION(#1034,#12866);
#993=CONTEXT_DEPENDENT_SHAPE_REPRESENTATION(#1035,#12868);
#994=CONTEXT_DEPENDENT_SHAPE_REPRESENTATION(#1036,#12870);
#995=CONTEXT_DEPENDENT_SHAPE_REPRESENTATION(#1037,#12872);
#996=CONTEXT_DEPENDENT_SHAPE_REPRESENTATION(#1038,#12874);
#997=CONTEXT_DEPENDENT_SHAPE_REPRESENTATION(#1039,#12876);
#998=CONTEXT_DEPENDENT_SHAPE_REPRESENTATION(#1040,#12878);
#999=CONTEXT_DEPENDENT_SHAPE_REPRESENTATION(#1041,#12880);
#1000=CONTEXT_DEPENDENT_SHAPE_REPRESENTATION(#1042,#12882);
#1001=CONTEXT_DEPENDENT_SHAPE_REPRESENTATION(#1043,#12884);
#1002=CONTEXT_DEPENDENT_SHAPE_REPRESENTATION(#1044,#12886);
#1003=NEXT_ASSEMBLY_USAGE_OCCURRENCE('NAUO1',
'D_DO-35_SOD27_P7.62mm_Horizontal_4',
'D_DO-35_SOD27_P7.62mm_Horizontal_4',#12887,#12888,'');
#1004=NEXT_ASSEMBLY_USAGE_OCCURRENCE('NAUO2',
'D_DO-35_SOD27_P7.62mm_Horizontal_8',
'D_DO-35_SOD27_P7.62mm_Horizontal_8',#12887,#12889,'');
#1005=NEXT_ASSEMBLY_USAGE_OCCURRENCE('NAUO3',
'D_DO-35_SOD27_P7.62mm_Horizontal_4',
'D_DO-35_SOD27_P7.62mm_Horizontal_4',#12887,#12890,'');
#1006=NEXT_ASSEMBLY_USAGE_OCCURRENCE('NAUO4',
'D_DO-35_SOD27_P7.62mm_Horizontal_8',
'D_DO-35_SOD27_P7.62mm_Horizontal_8',#12887,#12891,'');
#1007=NEXT_ASSEMBLY_USAGE_OCCURRENCE('NAUO5','kicad_schematic_PCB',
'kicad_schematic_PCB',#12887,#12892,'');
#1008=NEXT_ASSEMBLY_USAGE_OCCURRENCE('NAUO6',
'D_DO-35_SOD27_P7.62mm_Horizontal_5',
'D_DO-35_SOD27_P7.62mm_Horizontal_5',#12887,#12893,'');
#1009=NEXT_ASSEMBLY_USAGE_OCCURRENCE('NAUO7',
'PinHeader_1x08_P254mm_Vertical','PinHeader_1x08_P254mm_Vertical',#12887,
#12894,'');
#1010=NEXT_ASSEMBLY_USAGE_OCCURRENCE('NAUO8',
'D_DO-35_SOD27_P7.62mm_Horizontal_6',
'D_DO-35_SOD27_P7.62mm_Horizontal_6',#12887,#12895,'');
#1011=NEXT_ASSEMBLY_USAGE_OCCURRENCE('NAUO9',
'D_DO-35_SOD27_P7.62mm_Horizontal_1',
'D_DO-35_SOD27_P7.62mm_Horizontal_1',#12887,#12896,'');
#1012=NEXT_ASSEMBLY_USAGE_OCCURRENCE('NAUO10',
'D_DO-35_SOD27_P7.62mm_Horizontal_7',
'D_DO-35_SOD27_P7.62mm_Horizontal_7',#12887,#12897,'');
#1013=NEXT_ASSEMBLY_USAGE_OCCURRENCE('NAUO11','Buzzer_12x95RM76',
'Buzzer_12x95RM76',#12887,#12898,'');
#1014=NEXT_ASSEMBLY_USAGE_OCCURRENCE('NAUO12',
'D_DO-35_SOD27_P7.62mm_Horizontal','D_DO-35_SOD27_P7.62mm_Horizontal',#12887,
#12899,'');
#1015=NEXT_ASSEMBLY_USAGE_OCCURRENCE('NAUO13',
'D_DO-35_SOD27_P7.62mm_Horizontal_2',
'D_DO-35_SOD27_P7.62mm_Horizontal_2',#12887,#12900,'');
#1016=NEXT_ASSEMBLY_USAGE_OCCURRENCE('NAUO14',
'D_DO-35_SOD27_P7.62mm_Horizontal_1',
'D_DO-35_SOD27_P7.62mm_Horizontal_1',#12887,#12901,'');
#1017=NEXT_ASSEMBLY_USAGE_OCCURRENCE('NAUO15',
'D_DO-35_SOD27_P7.62mm_Horizontal_6',
'D_DO-35_SOD27_P7.62mm_Horizontal_6',#12887,#12902,'');
#1018=NEXT_ASSEMBLY_USAGE_OCCURRENCE('NAUO16',
'D_DO-35_SOD27_P7.62mm_Horizontal','D_DO-35_SOD27_P7.62mm_Horizontal',#12887,
#12903,'');
#1019=NEXT_ASSEMBLY_USAGE_OCCURRENCE('NAUO17',
'D_DO-35_SOD27_P7.62mm_Horizontal_5',
'D_DO-35_SOD27_P7.62mm_Horizontal_5',#12887,#12904,'');
#1020=NEXT_ASSEMBLY_USAGE_OCCURRENCE('NAUO18',
'D_DO-35_SOD27_P7.62mm_Horizontal_7',
'D_DO-35_SOD27_P7.62mm_Horizontal_7',#12887,#12905,'');
#1021=NEXT_ASSEMBLY_USAGE_OCCURRENCE('NAUO19',
'D_DO-35_SOD27_P7.62mm_Horizontal_2',
'D_DO-35_SOD27_P7.62mm_Horizontal_2',#12887,#12906,'');
#1022=NEXT_ASSEMBLY_USAGE_OCCURRENCE('NAUO20',
'D_DO-35_SOD27_P7.62mm_Horizontal_3',
'D_DO-35_SOD27_P7.62mm_Horizontal_3',#12887,#12907,'');
#1023=NEXT_ASSEMBLY_USAGE_OCCURRENCE('NAUO21',
'D_DO-35_SOD27_P7.62mm_Horizontal_3',
'D_DO-35_SOD27_P7.62mm_Horizontal_3',#12887,#12908,'');
#1024=(
REPRESENTATION_RELATIONSHIP(' ',' ',#7959,#7958)
REPRESENTATION_RELATIONSHIP_WITH_TRANSFORMATION(#1045)
SHAPE_REPRESENTATION_RELATIONSHIP()
);
#1025=(
REPRESENTATION_RELATIONSHIP(' ',' ',#7960,#7958)
REPRESENTATION_RELATIONSHIP_WITH_TRANSFORMATION(#1046)
SHAPE_REPRESENTATION_RELATIONSHIP()
);
#1026=(
REPRESENTATION_RELATIONSHIP(' ',' ',#7961,#7958)
REPRESENTATION_RELATIONSHIP_WITH_TRANSFORMATION(#1047)
SHAPE_REPRESENTATION_RELATIONSHIP()
);
#1027=(
REPRESENTATION_RELATIONSHIP(' ',' ',#7962,#7958)
REPRESENTATION_RELATIONSHIP_WITH_TRANSFORMATION(#1048)
SHAPE_REPRESENTATION_RELATIONSHIP()
);
#1028=(
REPRESENTATION_RELATIONSHIP(' ',' ',#7963,#7958)
REPRESENTATION_RELATIONSHIP_WITH_TRANSFORMATION(#1049)
SHAPE_REPRESENTATION_RELATIONSHIP()
);
#1029=(
REPRESENTATION_RELATIONSHIP(' ',' ',#7964,#7958)
REPRESENTATION_RELATIONSHIP_WITH_TRANSFORMATION(#1050)
SHAPE_REPRESENTATION_RELATIONSHIP()
);
#1030=(
REPRESENTATION_RELATIONSHIP(' ',' ',#7965,#7958)
REPRESENTATION_RELATIONSHIP_WITH_TRANSFORMATION(#1051)
SHAPE_REPRESENTATION_RELATIONSHIP()
);
#1031=(
REPRESENTATION_RELATIONSHIP(' ',' ',#7966,#7958)
REPRESENTATION_RELATIONSHIP_WITH_TRANSFORMATION(#1052)
SHAPE_REPRESENTATION_RELATIONSHIP()
);
#1032=(
REPRESENTATION_RELATIONSHIP(' ',' ',#7967,#7958)
REPRESENTATION_RELATIONSHIP_WITH_TRANSFORMATION(#1053)
SHAPE_REPRESENTATION_RELATIONSHIP()
);
#1033=(
REPRESENTATION_RELATIONSHIP(' ',' ',#7968,#7958)
REPRESENTATION_RELATIONSHIP_WITH_TRANSFORMATION(#1054)
SHAPE_REPRESENTATION_RELATIONSHIP()
);
#1034=(
REPRESENTATION_RELATIONSHIP(' ',' ',#7969,#7958)
REPRESENTATION_RELATIONSHIP_WITH_TRANSFORMATION(#1055)
SHAPE_REPRESENTATION_RELATIONSHIP()
);
#1035=(
REPRESENTATION_RELATIONSHIP(' ',' ',#7970,#7958)
REPRESENTATION_RELATIONSHIP_WITH_TRANSFORMATION(#1056)
SHAPE_REPRESENTATION_RELATIONSHIP()
);
#1036=(
REPRESENTATION_RELATIONSHIP(' ',' ',#7971,#7958)
REPRESENTATION_RELATIONSHIP_WITH_TRANSFORMATION(#1057)
SHAPE_REPRESENTATION_RELATIONSHIP()
);
#1037=(
REPRESENTATION_RELATIONSHIP(' ',' ',#7972,#7958)
REPRESENTATION_RELATIONSHIP_WITH_TRANSFORMATION(#1058)
SHAPE_REPRESENTATION_RELATIONSHIP()
);
#1038=(
REPRESENTATION_RELATIONSHIP(' ',' ',#7973,#7958)
REPRESENTATION_RELATIONSHIP_WITH_TRANSFORMATION(#1059)
SHAPE_REPRESENTATION_RELATIONSHIP()
);
#1039=(
REPRESENTATION_RELATIONSHIP(' ',' ',#7974,#7958)
REPRESENTATION_RELATIONSHIP_WITH_TRANSFORMATION(#1060)
SHAPE_REPRESENTATION_RELATIONSHIP()
);
#1040=(
REPRESENTATION_RELATIONSHIP(' ',' ',#7975,#7958)
REPRESENTATION_RELATIONSHIP_WITH_TRANSFORMATION(#1061)
SHAPE_REPRESENTATION_RELATIONSHIP()
);
#1041=(
REPRESENTATION_RELATIONSHIP(' ',' ',#7976,#7958)
REPRESENTATION_RELATIONSHIP_WITH_TRANSFORMATION(#1062)
SHAPE_REPRESENTATION_RELATIONSHIP()
);
#1042=(
REPRESENTATION_RELATIONSHIP(' ',' ',#7977,#7958)
REPRESENTATION_RELATIONSHIP_WITH_TRANSFORMATION(#1063)
SHAPE_REPRESENTATION_RELATIONSHIP()
);
#1043=(
REPRESENTATION_RELATIONSHIP(' ',' ',#7978,#7958)
REPRESENTATION_RELATIONSHIP_WITH_TRANSFORMATION(#1064)
SHAPE_REPRESENTATION_RELATIONSHIP()
);
#1044=(
REPRESENTATION_RELATIONSHIP(' ',' ',#7979,#7958)
REPRESENTATION_RELATIONSHIP_WITH_TRANSFORMATION(#1065)
SHAPE_REPRESENTATION_RELATIONSHIP()
);
#1045=ITEM_DEFINED_TRANSFORMATION(' ',' ',#7980,#7998);
#1046=ITEM_DEFINED_TRANSFORMATION(' ',' ',#7980,#8012);
#1047=ITEM_DEFINED_TRANSFORMATION(' ',' ',#7980,#8026);
#1048=ITEM_DEFINED_TRANSFORMATION(' ',' ',#7980,#8044);
#1049=ITEM_DEFINED_TRANSFORMATION(' ',' ',#7980,#8336);
#1050=ITEM_DEFINED_TRANSFORMATION(' ',' ',#7980,#8354);
#1051=ITEM_DEFINED_TRANSFORMATION(' ',' ',#7980,#8551);
#1052=ITEM_DEFINED_TRANSFORMATION(' ',' ',#7980,#8565);
#1053=ITEM_DEFINED_TRANSFORMATION(' ',' ',#7980,#8583);
#1054=ITEM_DEFINED_TRANSFORMATION(' ',' ',#7980,#8601);
#1055=ITEM_DEFINED_TRANSFORMATION(' ',' ',#7980,#8627);
#1056=ITEM_DEFINED_TRANSFORMATION(' ',' ',#7980,#8645);
#1057=ITEM_DEFINED_TRANSFORMATION(' ',' ',#7980,#8663);
#1058=ITEM_DEFINED_TRANSFORMATION(' ',' ',#7980,#8677);
#1059=ITEM_DEFINED_TRANSFORMATION(' ',' ',#7980,#8695);
#1060=ITEM_DEFINED_TRANSFORMATION(' ',' ',#7980,#8709);
#1061=ITEM_DEFINED_TRANSFORMATION(' ',' ',#7980,#8723);
#1062=ITEM_DEFINED_TRANSFORMATION(' ',' ',#7980,#8737);
#1063=ITEM_DEFINED_TRANSFORMATION(' ',' ',#7980,#8751);
#1064=ITEM_DEFINED_TRANSFORMATION(' ',' ',#7980,#8769);
#1065=ITEM_DEFINED_TRANSFORMATION(' ',' ',#7980,#8783);
#1066=SHAPE_REPRESENTATION_RELATIONSHIP('','',#7959,#1087);
#1067=SHAPE_REPRESENTATION_RELATIONSHIP('','',#7960,#1088);
#1068=SHAPE_REPRESENTATION_RELATIONSHIP('','',#7961,#1089);
#1069=SHAPE_REPRESENTATION_RELATIONSHIP('','',#7962,#1090);
#1070=SHAPE_REPRESENTATION_RELATIONSHIP('','',#7963,#1091);
#1071=SHAPE_REPRESENTATION_RELATIONSHIP('','',#7964,#1092);
#1072=SHAPE_REPRESENTATION_RELATIONSHIP('','',#7965,#1093);
#1073=SHAPE_REPRESENTATION_RELATIONSHIP('','',#7966,#1094);
#1074=SHAPE_REPRESENTATION_RELATIONSHIP('','',#7967,#1095);
#1075=SHAPE_REPRESENTATION_RELATIONSHIP('','',#7968,#1096);
#1076=SHAPE_REPRESENTATION_RELATIONSHIP('','',#7969,#1097);
#1077=SHAPE_REPRESENTATION_RELATIONSHIP('','',#7970,#1098);
#1078=SHAPE_REPRESENTATION_RELATIONSHIP('','',#7971,#1099);
#1079=SHAPE_REPRESENTATION_RELATIONSHIP('','',#7972,#1100);
#1080=SHAPE_REPRESENTATION_RELATIONSHIP('','',#7973,#1101);
#1081=SHAPE_REPRESENTATION_RELATIONSHIP('','',#7974,#1102);
#1082=SHAPE_REPRESENTATION_RELATIONSHIP('','',#7975,#1103);
#1083=SHAPE_REPRESENTATION_RELATIONSHIP('','',#7976,#1104);
#1084=SHAPE_REPRESENTATION_RELATIONSHIP('','',#7977,#1105);
#1085=SHAPE_REPRESENTATION_RELATIONSHIP('','',#7978,#1106);
#1086=SHAPE_REPRESENTATION_RELATIONSHIP('','',#7979,#1107);
#1087=ADVANCED_BREP_SHAPE_REPRESENTATION('',(#7915),#12798);
#1088=ADVANCED_BREP_SHAPE_REPRESENTATION('',(#7916),#12799);
#1089=ADVANCED_BREP_SHAPE_REPRESENTATION('',(#7917),#12800);
#1090=ADVANCED_BREP_SHAPE_REPRESENTATION('',(#7918),#12801);
#1091=ADVANCED_BREP_SHAPE_REPRESENTATION('',(#7919),#12802);
#1092=ADVANCED_BREP_SHAPE_REPRESENTATION('',(#7920),#12803);
#1093=ADVANCED_BREP_SHAPE_REPRESENTATION('',(#7921),#12804);
#1094=ADVANCED_BREP_SHAPE_REPRESENTATION('',(#7922),#12805);
#1095=ADVANCED_BREP_SHAPE_REPRESENTATION('',(#7923),#12806);
#1096=ADVANCED_BREP_SHAPE_REPRESENTATION('',(#7924),#12807);
#1097=ADVANCED_BREP_SHAPE_REPRESENTATION('',(#7925),#12808);
#1098=ADVANCED_BREP_SHAPE_REPRESENTATION('',(#7926),#12809);
#1099=ADVANCED_BREP_SHAPE_REPRESENTATION('',(#7927),#12810);
#1100=ADVANCED_BREP_SHAPE_REPRESENTATION('',(#7928),#12811);
#1101=ADVANCED_BREP_SHAPE_REPRESENTATION('',(#7929),#12812);
#1102=ADVANCED_BREP_SHAPE_REPRESENTATION('',(#7930),#12813);
#1103=ADVANCED_BREP_SHAPE_REPRESENTATION('',(#7931),#12814);
#1104=ADVANCED_BREP_SHAPE_REPRESENTATION('',(#7932),#12815);
#1105=ADVANCED_BREP_SHAPE_REPRESENTATION('',(#7933),#12816);
#1106=ADVANCED_BREP_SHAPE_REPRESENTATION('',(#7934),#12817);
#1107=ADVANCED_BREP_SHAPE_REPRESENTATION('',(#7935),#12818);
#1108=TOROIDAL_SURFACE('',#7992,0.0006,0.0004);
#1109=TOROIDAL_SURFACE('',#7994,0.0006,0.0004);
#1110=TOROIDAL_SURFACE('',#8002,0.0005,0.00025);
#1111=TOROIDAL_SURFACE('',#8006,0.0005,0.00025);
#1112=TOROIDAL_SURFACE('',#8016,0.0005,0.00025);
#1113=TOROIDAL_SURFACE('',#8020,0.0005,0.00025);
#1114=TOROIDAL_SURFACE('',#8038,0.0006,0.0004);
#1115=TOROIDAL_SURFACE('',#8040,0.0006,0.0004);
#1116=TOROIDAL_SURFACE('',#8348,0.0006,0.0004);
#1117=TOROIDAL_SURFACE('',#8350,0.0006,0.0004);
#1118=TOROIDAL_SURFACE('',#8555,0.0005,0.00025);
#1119=TOROIDAL_SURFACE('',#8559,0.0005,0.00025);
#1120=TOROIDAL_SURFACE('',#8577,0.0006,0.0004);
#1121=TOROIDAL_SURFACE('',#8579,0.0006,0.0004);
#1122=TOROIDAL_SURFACE('',#8595,0.0006,0.0004);
#1123=TOROIDAL_SURFACE('',#8597,0.0006,0.0004);
#1124=TOROIDAL_SURFACE('',#8605,0.0057,0.0003);
#1125=TOROIDAL_SURFACE('',#8607,0.004518518518519,0.001481481481481);
#1126=TOROIDAL_SURFACE('',#8620,0.00027,0.00018);
#1127=TOROIDAL_SURFACE('',#8622,0.00027,0.00018);
#1128=TOROIDAL_SURFACE('',#8639,0.0006,0.0004);
#1129=TOROIDAL_SURFACE('',#8641,0.0006,0.0004);
#1130=TOROIDAL_SURFACE('',#8657,0.0006,0.0004);
#1131=TOROIDAL_SURFACE('',#8659,0.0006,0.0004);
#1132=TOROIDAL_SURFACE('',#8667,0.0005,0.00025);
#1133=TOROIDAL_SURFACE('',#8671,0.0005,0.00025);
#1134=TOROIDAL_SURFACE('',#8689,0.0006,0.0004);
#1135=TOROIDAL_SURFACE('',#8691,0.0006,0.0004);
#1136=TOROIDAL_SURFACE('',#8699,0.0005,0.00025);
#1137=TOROIDAL_SURFACE('',#8703,0.0005,0.00025);
#1138=TOROIDAL_SURFACE('',#8713,0.0005,0.00025);
#1139=TOROIDAL_SURFACE('',#8717,0.0005,0.00025);
#1140=TOROIDAL_SURFACE('',#8727,0.0005,0.00025);
#1141=TOROIDAL_SURFACE('',#8731,0.0005,0.00025);
#1142=TOROIDAL_SURFACE('',#8741,0.0005,0.00025);
#1143=TOROIDAL_SURFACE('',#8745,0.0005,0.00025);
#1144=TOROIDAL_SURFACE('',#8763,0.0006,0.0004);
#1145=TOROIDAL_SURFACE('',#8765,0.0006,0.0004);
#1146=TOROIDAL_SURFACE('',#8773,0.0005,0.00025);
#1147=TOROIDAL_SURFACE('',#8777,0.0005,0.00025);
#1148=PLANE('',#7984);
#1149=PLANE('',#7986);
#1150=PLANE('',#7996);
#1151=PLANE('',#7997);
#1152=PLANE('',#8010);
#1153=PLANE('',#8011);
#1154=PLANE('',#8024);
#1155=PLANE('',#8025);
#1156=PLANE('',#8030);
#1157=PLANE('',#8032);
#1158=PLANE('',#8042);
#1159=PLANE('',#8043);
#1160=PLANE('',#8048);
#1161=PLANE('',#8049);
#1162=PLANE('',#8050);
#1163=PLANE('',#8145);
#1164=PLANE('',#8242);
#1165=PLANE('',#8243);
#1166=PLANE('',#8340);
#1167=PLANE('',#8342);
#1168=PLANE('',#8352);
#1169=PLANE('',#8353);
#1170=PLANE('',#8355);
#1171=PLANE('',#8356);
#1172=PLANE('',#8357);
#1173=PLANE('',#8358);
#1174=PLANE('',#8359);
#1175=PLANE('',#8360);
#1176=PLANE('',#8361);
#1177=PLANE('',#8362);
#1178=PLANE('',#8363);
#1179=PLANE('',#8364);
#1180=PLANE('',#8365);
#1181=PLANE('',#8366);
#1182=PLANE('',#8367);
#1183=PLANE('',#8368);
#1184=PLANE('',#8369);
#1185=PLANE('',#8370);
#1186=PLANE('',#8371);
#1187=PLANE('',#8372);
#1188=PLANE('',#8373);
#1189=PLANE('',#8374);
#1190=PLANE('',#8375);
#1191=PLANE('',#8376);
#1192=PLANE('',#8377);
#1193=PLANE('',#8378);
#1194=PLANE('',#8379);
#1195=PLANE('',#8380);
#1196=PLANE('',#8381);
#1197=PLANE('',#8382);
#1198=PLANE('',#8383);
#1199=PLANE('',#8384);
#1200=PLANE('',#8385);
#1201=PLANE('',#8386);
#1202=PLANE('',#8387);
#1203=PLANE('',#8388);
#1204=PLANE('',#8389);
#1205=PLANE('',#8390);
#1206=PLANE('',#8391);
#1207=PLANE('',#8392);
#1208=PLANE('',#8393);
#1209=PLANE('',#8394);
#1210=PLANE('',#8395);
#1211=PLANE('',#8396);
#1212=PLANE('',#8397);
#1213=PLANE('',#8398);
#1214=PLANE('',#8399);
#1215=PLANE('',#8400);
#1216=PLANE('',#8401);
#1217=PLANE('',#8402);
#1218=PLANE('',#8403);
#1219=PLANE('',#8404);
#1220=PLANE('',#8405);
#1221=PLANE('',#8406);
#1222=PLANE('',#8407);
#1223=PLANE('',#8408);
#1224=PLANE('',#8409);
#1225=PLANE('',#8410);
#1226=PLANE('',#8411);
#1227=PLANE('',#8412);
#1228=PLANE('',#8413);
#1229=PLANE('',#8414);
#1230=PLANE('',#8415);
#1231=PLANE('',#8416);
#1232=PLANE('',#8417);
#1233=PLANE('',#8418);
#1234=PLANE('',#8419);
#1235=PLANE('',#8420);
#1236=PLANE('',#8421);
#1237=PLANE('',#8422);
#1238=PLANE('',#8423);
#1239=PLANE('',#8424);
#1240=PLANE('',#8425);
#1241=PLANE('',#8426);
#1242=PLANE('',#8427);
#1243=PLANE('',#8428);
#1244=PLANE('',#8429);
#1245=PLANE('',#8430);
#1246=PLANE('',#8431);
#1247=PLANE('',#8432);
#1248=PLANE('',#8433);
#1249=PLANE('',#8434);
#1250=PLANE('',#8435);
#1251=PLANE('',#8436);
#1252=PLANE('',#8437);
#1253=PLANE('',#8438);
#1254=PLANE('',#8439);
#1255=PLANE('',#8440);
#1256=PLANE('',#8441);
#1257=PLANE('',#8442);
#1258=PLANE('',#8443);
#1259=PLANE('',#8444);
#1260=PLANE('',#8445);
#1261=PLANE('',#8446);
#1262=PLANE('',#8447);
#1263=PLANE('',#8448);
#1264=PLANE('',#8449);
#1265=PLANE('',#8450);
#1266=PLANE('',#8451);
#1267=PLANE('',#8452);
#1268=PLANE('',#8453);
#1269=PLANE('',#8454);
#1270=PLANE('',#8455);
#1271=PLANE('',#8456);
#1272=PLANE('',#8457);
#1273=PLANE('',#8458);
#1274=PLANE('',#8459);
#1275=PLANE('',#8460);
#1276=PLANE('',#8461);
#1277=PLANE('',#8462);
#1278=PLANE('',#8463);
#1279=PLANE('',#8464);
#1280=PLANE('',#8465);
#1281=PLANE('',#8466);
#1282=PLANE('',#8467);
#1283=PLANE('',#8468);
#1284=PLANE('',#8469);
#1285=PLANE('',#8470);
#1286=PLANE('',#8471);
#1287=PLANE('',#8472);
#1288=PLANE('',#8473);
#1289=PLANE('',#8474);
#1290=PLANE('',#8475);
#1291=PLANE('',#8476);
#1292=PLANE('',#8477);
#1293=PLANE('',#8478);
#1294=PLANE('',#8479);
#1295=PLANE('',#8480);
#1296=PLANE('',#8481);
#1297=PLANE('',#8482);
#1298=PLANE('',#8483);
#1299=PLANE('',#8484);
#1300=PLANE('',#8485);
#1301=PLANE('',#8486);
#1302=PLANE('',#8487);
#1303=PLANE('',#8488);
#1304=PLANE('',#8489);
#1305=PLANE('',#8490);
#1306=PLANE('',#8491);
#1307=PLANE('',#8492);
#1308=PLANE('',#8493);
#1309=PLANE('',#8494);
#1310=PLANE('',#8495);
#1311=PLANE('',#8496);
#1312=PLANE('',#8497);
#1313=PLANE('',#8498);
#1314=PLANE('',#8499);
#1315=PLANE('',#8500);
#1316=PLANE('',#8501);
#1317=PLANE('',#8502);
#1318=PLANE('',#8503);
#1319=PLANE('',#8504);
#1320=PLANE('',#8505);
#1321=PLANE('',#8506);
#1322=PLANE('',#8507);
#1323=PLANE('',#8508);
#1324=PLANE('',#8509);
#1325=PLANE('',#8510);
#1326=PLANE('',#8511);
#1327=PLANE('',#8512);
#1328=PLANE('',#8513);
#1329=PLANE('',#8514);
#1330=PLANE('',#8515);
#1331=PLANE('',#8516);
#1332=PLANE('',#8517);
#1333=PLANE('',#8518);
#1334=PLANE('',#8519);
#1335=PLANE('',#8520);
#1336=PLANE('',#8521);
#1337=PLANE('',#8522);
#1338=PLANE('',#8523);
#1339=PLANE('',#8524);
#1340=PLANE('',#8525);
#1341=PLANE('',#8526);
#1342=PLANE('',#8527);
#1343=PLANE('',#8528);
#1344=PLANE('',#8529);
#1345=PLANE('',#8530);
#1346=PLANE('',#8531);
#1347=PLANE('',#8532);
#1348=PLANE('',#8533);
#1349=PLANE('',#8534);
#1350=PLANE('',#8535);
#1351=PLANE('',#8536);
#1352=PLANE('',#8537);
#1353=PLANE('',#8538);
#1354=PLANE('',#8539);
#1355=PLANE('',#8540);
#1356=PLANE('',#8541);
#1357=PLANE('',#8542);
#1358=PLANE('',#8543);
#1359=PLANE('',#8544);
#1360=PLANE('',#8545);
#1361=PLANE('',#8546);
#1362=PLANE('',#8547);
#1363=PLANE('',#8548);
#1364=PLANE('',#8549);
#1365=PLANE('',#8550);
#1366=PLANE('',#8563);
#1367=PLANE('',#8564);
#1368=PLANE('',#8569);
#1369=PLANE('',#8571);
#1370=PLANE('',#8581);
#1371=PLANE('',#8582);
#1372=PLANE('',#8587);
#1373=PLANE('',#8589);
#1374=PLANE('',#8599);
#1375=PLANE('',#8600);
#1376=PLANE('',#8609);
#1377=PLANE('',#8612);
#1378=PLANE('',#8624);
#1379=PLANE('',#8625);
#1380=PLANE('',#8626);
#1381=PLANE('',#8631);
#1382=PLANE('',#8633);
#1383=PLANE('',#8643);
#1384=PLANE('',#8644);
#1385=PLANE('',#8649);
#1386=PLANE('',#8651);
#1387=PLANE('',#8661);
#1388=PLANE('',#8662);
#1389=PLANE('',#8675);
#1390=PLANE('',#8676);
#1391=PLANE('',#8681);
#1392=PLANE('',#8683);
#1393=PLANE('',#8693);
#1394=PLANE('',#8694);
#1395=PLANE('',#8707);
#1396=PLANE('',#8708);
#1397=PLANE('',#8721);
#1398=PLANE('',#8722);
#1399=PLANE('',#8735);
#1400=PLANE('',#8736);
#1401=PLANE('',#8749);
#1402=PLANE('',#8750);
#1403=PLANE('',#8755);
#1404=PLANE('',#8757);
#1405=PLANE('',#8767);
#1406=PLANE('',#8768);
#1407=PLANE('',#8781);
#1408=PLANE('',#8782);
#1409=ORIENTED_EDGE('',*,*,#3037,.F.);
#1410=ORIENTED_EDGE('',*,*,#3038,.T.);
#1411=ORIENTED_EDGE('',*,*,#3038,.F.);
#1412=ORIENTED_EDGE('',*,*,#3039,.T.);
#1413=ORIENTED_EDGE('',*,*,#3037,.T.);
#1414=ORIENTED_EDGE('',*,*,#3040,.F.);
#1415=ORIENTED_EDGE('',*,*,#3039,.F.);
#1416=ORIENTED_EDGE('',*,*,#3041,.T.);
#1417=ORIENTED_EDGE('',*,*,#3042,.F.);
#1418=ORIENTED_EDGE('',*,*,#3040,.T.);
#1419=ORIENTED_EDGE('',*,*,#3043,.T.);
#1420=ORIENTED_EDGE('',*,*,#3041,.F.);
#1421=ORIENTED_EDGE('',*,*,#3042,.T.);
#1422=ORIENTED_EDGE('',*,*,#3044,.F.);
#1423=ORIENTED_EDGE('',*,*,#3043,.F.);
#1424=ORIENTED_EDGE('',*,*,#3044,.T.);
#1425=ORIENTED_EDGE('',*,*,#3045,.F.);
#1426=ORIENTED_EDGE('',*,*,#3046,.T.);
#1427=ORIENTED_EDGE('',*,*,#3047,.T.);
#1428=ORIENTED_EDGE('',*,*,#3045,.T.);
#1429=ORIENTED_EDGE('',*,*,#3048,.F.);
#1430=ORIENTED_EDGE('',*,*,#3047,.F.);
#1431=ORIENTED_EDGE('',*,*,#3049,.T.);
#1432=ORIENTED_EDGE('',*,*,#3048,.T.);
#1433=ORIENTED_EDGE('',*,*,#3050,.F.);
#1434=ORIENTED_EDGE('',*,*,#3049,.F.);
#1435=ORIENTED_EDGE('',*,*,#3046,.F.);
#1436=ORIENTED_EDGE('',*,*,#3050,.T.);
#1437=ORIENTED_EDGE('',*,*,#3051,.F.);
#1438=ORIENTED_EDGE('',*,*,#3052,.T.);
#1439=ORIENTED_EDGE('',*,*,#3053,.T.);
#1440=ORIENTED_EDGE('',*,*,#3051,.T.);
#1441=ORIENTED_EDGE('',*,*,#3054,.F.);
#1442=ORIENTED_EDGE('',*,*,#3053,.F.);
#1443=ORIENTED_EDGE('',*,*,#3055,.T.);
#1444=ORIENTED_EDGE('',*,*,#3054,.T.);
#1445=ORIENTED_EDGE('',*,*,#3056,.F.);
#1446=ORIENTED_EDGE('',*,*,#3055,.F.);
#1447=ORIENTED_EDGE('',*,*,#3052,.F.);
#1448=ORIENTED_EDGE('',*,*,#3056,.T.);
#1449=ORIENTED_EDGE('',*,*,#3057,.F.);
#1450=ORIENTED_EDGE('',*,*,#3058,.T.);
#1451=ORIENTED_EDGE('',*,*,#3058,.F.);
#1452=ORIENTED_EDGE('',*,*,#3059,.T.);
#1453=ORIENTED_EDGE('',*,*,#3057,.T.);
#1454=ORIENTED_EDGE('',*,*,#3060,.F.);
#1455=ORIENTED_EDGE('',*,*,#3059,.F.);
#1456=ORIENTED_EDGE('',*,*,#3061,.T.);
#1457=ORIENTED_EDGE('',*,*,#3062,.F.);
#1458=ORIENTED_EDGE('',*,*,#3060,.T.);
#1459=ORIENTED_EDGE('',*,*,#3063,.T.);
#1460=ORIENTED_EDGE('',*,*,#3061,.F.);
#1461=ORIENTED_EDGE('',*,*,#3062,.T.);
#1462=ORIENTED_EDGE('',*,*,#3064,.F.);
#1463=ORIENTED_EDGE('',*,*,#3063,.F.);
#1464=ORIENTED_EDGE('',*,*,#3064,.T.);
#1465=ORIENTED_EDGE('',*,*,#3065,.T.);
#1466=ORIENTED_EDGE('',*,*,#3066,.T.);
#1467=ORIENTED_EDGE('',*,*,#3067,.F.);
#1468=ORIENTED_EDGE('',*,*,#3068,.F.);
#1469=ORIENTED_EDGE('',*,*,#3069,.T.);
#1470=ORIENTED_EDGE('',*,*,#3070,.T.);
#1471=ORIENTED_EDGE('',*,*,#3065,.F.);
#1472=ORIENTED_EDGE('',*,*,#3071,.F.);
#1473=ORIENTED_EDGE('',*,*,#3067,.T.);
#1474=ORIENTED_EDGE('',*,*,#3072,.T.);
#1475=ORIENTED_EDGE('',*,*,#3073,.F.);
#1476=ORIENTED_EDGE('',*,*,#3074,.F.);
#1477=ORIENTED_EDGE('',*,*,#3074,.T.);
#1478=ORIENTED_EDGE('',*,*,#3075,.T.);
#1479=ORIENTED_EDGE('',*,*,#3076,.T.);
#1480=ORIENTED_EDGE('',*,*,#3077,.T.);
#1481=ORIENTED_EDGE('',*,*,#3078,.T.);
#1482=ORIENTED_EDGE('',*,*,#3079,.T.);
#1483=ORIENTED_EDGE('',*,*,#3071,.T.);
#1484=ORIENTED_EDGE('',*,*,#3068,.T.);
#1485=ORIENTED_EDGE('',*,*,#3080,.F.);
#1486=ORIENTED_EDGE('',*,*,#3081,.F.);
#1487=ORIENTED_EDGE('',*,*,#3082,.F.);
#1488=ORIENTED_EDGE('',*,*,#3083,.F.);
#1489=ORIENTED_EDGE('',*,*,#3084,.F.);
#1490=ORIENTED_EDGE('',*,*,#3085,.F.);
#1491=ORIENTED_EDGE('',*,*,#3086,.F.);
#1492=ORIENTED_EDGE('',*,*,#3087,.F.);
#1493=ORIENTED_EDGE('',*,*,#3088,.F.);
#1494=ORIENTED_EDGE('',*,*,#3089,.F.);
#1495=ORIENTED_EDGE('',*,*,#3090,.F.);
#1496=ORIENTED_EDGE('',*,*,#3091,.F.);
#1497=ORIENTED_EDGE('',*,*,#3092,.F.);
#1498=ORIENTED_EDGE('',*,*,#3093,.F.);
#1499=ORIENTED_EDGE('',*,*,#3094,.F.);
#1500=ORIENTED_EDGE('',*,*,#3095,.F.);
#1501=ORIENTED_EDGE('',*,*,#3096,.F.);
#1502=ORIENTED_EDGE('',*,*,#3097,.F.);
#1503=ORIENTED_EDGE('',*,*,#3098,.F.);
#1504=ORIENTED_EDGE('',*,*,#3099,.F.);
#1505=ORIENTED_EDGE('',*,*,#3100,.F.);
#1506=ORIENTED_EDGE('',*,*,#3101,.F.);
#1507=ORIENTED_EDGE('',*,*,#3102,.F.);
#1508=ORIENTED_EDGE('',*,*,#3103,.F.);
#1509=ORIENTED_EDGE('',*,*,#3104,.F.);
#1510=ORIENTED_EDGE('',*,*,#3105,.F.);
#1511=ORIENTED_EDGE('',*,*,#3106,.F.);
#1512=ORIENTED_EDGE('',*,*,#3107,.F.);
#1513=ORIENTED_EDGE('',*,*,#3108,.F.);
#1514=ORIENTED_EDGE('',*,*,#3109,.F.);
#1515=ORIENTED_EDGE('',*,*,#3110,.F.);
#1516=ORIENTED_EDGE('',*,*,#3111,.F.);
#1517=ORIENTED_EDGE('',*,*,#3112,.F.);
#1518=ORIENTED_EDGE('',*,*,#3113,.F.);
#1519=ORIENTED_EDGE('',*,*,#3114,.F.);
#1520=ORIENTED_EDGE('',*,*,#3115,.F.);
#1521=ORIENTED_EDGE('',*,*,#3116,.F.);
#1522=ORIENTED_EDGE('',*,*,#3117,.F.);
#1523=ORIENTED_EDGE('',*,*,#3118,.F.);
#1524=ORIENTED_EDGE('',*,*,#3119,.F.);
#1525=ORIENTED_EDGE('',*,*,#3120,.F.);
#1526=ORIENTED_EDGE('',*,*,#3121,.F.);
#1527=ORIENTED_EDGE('',*,*,#3122,.F.);
#1528=ORIENTED_EDGE('',*,*,#3123,.F.);
#1529=ORIENTED_EDGE('',*,*,#3124,.F.);
#1530=ORIENTED_EDGE('',*,*,#3125,.F.);
#1531=ORIENTED_EDGE('',*,*,#3126,.F.);
#1532=ORIENTED_EDGE('',*,*,#3127,.F.);
#1533=ORIENTED_EDGE('',*,*,#3128,.F.);
#1534=ORIENTED_EDGE('',*,*,#3129,.F.);
#1535=ORIENTED_EDGE('',*,*,#3130,.F.);
#1536=ORIENTED_EDGE('',*,*,#3131,.F.);
#1537=ORIENTED_EDGE('',*,*,#3132,.F.);
#1538=ORIENTED_EDGE('',*,*,#3133,.F.);
#1539=ORIENTED_EDGE('',*,*,#3134,.F.);
#1540=ORIENTED_EDGE('',*,*,#3135,.F.);
#1541=ORIENTED_EDGE('',*,*,#3136,.F.);
#1542=ORIENTED_EDGE('',*,*,#3137,.F.);
#1543=ORIENTED_EDGE('',*,*,#3138,.F.);
#1544=ORIENTED_EDGE('',*,*,#3139,.F.);
#1545=ORIENTED_EDGE('',*,*,#3140,.F.);
#1546=ORIENTED_EDGE('',*,*,#3141,.F.);
#1547=ORIENTED_EDGE('',*,*,#3142,.F.);
#1548=ORIENTED_EDGE('',*,*,#3143,.F.);
#1549=ORIENTED_EDGE('',*,*,#3144,.F.);
#1550=ORIENTED_EDGE('',*,*,#3145,.F.);
#1551=ORIENTED_EDGE('',*,*,#3146,.F.);
#1552=ORIENTED_EDGE('',*,*,#3147,.F.);
#1553=ORIENTED_EDGE('',*,*,#3148,.F.);
#1554=ORIENTED_EDGE('',*,*,#3149,.F.);
#1555=ORIENTED_EDGE('',*,*,#3150,.F.);
#1556=ORIENTED_EDGE('',*,*,#3151,.F.);
#1557=ORIENTED_EDGE('',*,*,#3152,.F.);
#1558=ORIENTED_EDGE('',*,*,#3153,.F.);
#1559=ORIENTED_EDGE('',*,*,#3154,.F.);
#1560=ORIENTED_EDGE('',*,*,#3155,.F.);
#1561=ORIENTED_EDGE('',*,*,#3156,.F.);
#1562=ORIENTED_EDGE('',*,*,#3157,.F.);
#1563=ORIENTED_EDGE('',*,*,#3158,.F.);
#1564=ORIENTED_EDGE('',*,*,#3159,.F.);
#1565=ORIENTED_EDGE('',*,*,#3160,.F.);
#1566=ORIENTED_EDGE('',*,*,#3161,.F.);
#1567=ORIENTED_EDGE('',*,*,#3162,.F.);
#1568=ORIENTED_EDGE('',*,*,#3163,.F.);
#1569=ORIENTED_EDGE('',*,*,#3164,.F.);
#1570=ORIENTED_EDGE('',*,*,#3165,.F.);
#1571=ORIENTED_EDGE('',*,*,#3166,.F.);
#1572=ORIENTED_EDGE('',*,*,#3167,.F.);
#1573=ORIENTED_EDGE('',*,*,#3168,.F.);
#1574=ORIENTED_EDGE('',*,*,#3169,.F.);
#1575=ORIENTED_EDGE('',*,*,#3170,.F.);
#1576=ORIENTED_EDGE('',*,*,#3066,.F.);
#1577=ORIENTED_EDGE('',*,*,#3070,.F.);
#1578=ORIENTED_EDGE('',*,*,#3171,.F.);
#1579=ORIENTED_EDGE('',*,*,#3172,.F.);
#1580=ORIENTED_EDGE('',*,*,#3173,.F.);
#1581=ORIENTED_EDGE('',*,*,#3174,.F.);
#1582=ORIENTED_EDGE('',*,*,#3175,.F.);
#1583=ORIENTED_EDGE('',*,*,#3072,.F.);
#1584=ORIENTED_EDGE('',*,*,#3176,.T.);
#1585=ORIENTED_EDGE('',*,*,#3177,.T.);
#1586=ORIENTED_EDGE('',*,*,#3178,.T.);
#1587=ORIENTED_EDGE('',*,*,#3179,.T.);
#1588=ORIENTED_EDGE('',*,*,#3180,.T.);
#1589=ORIENTED_EDGE('',*,*,#3181,.T.);
#1590=ORIENTED_EDGE('',*,*,#3182,.T.);
#1591=ORIENTED_EDGE('',*,*,#3183,.T.);
#1592=ORIENTED_EDGE('',*,*,#3184,.T.);
#1593=ORIENTED_EDGE('',*,*,#3185,.T.);
#1594=ORIENTED_EDGE('',*,*,#3186,.T.);
#1595=ORIENTED_EDGE('',*,*,#3187,.T.);
#1596=ORIENTED_EDGE('',*,*,#3188,.T.);
#1597=ORIENTED_EDGE('',*,*,#3189,.T.);
#1598=ORIENTED_EDGE('',*,*,#3190,.T.);
#1599=ORIENTED_EDGE('',*,*,#3191,.T.);
#1600=ORIENTED_EDGE('',*,*,#3192,.T.);
#1601=ORIENTED_EDGE('',*,*,#3193,.T.);
#1602=ORIENTED_EDGE('',*,*,#3194,.T.);
#1603=ORIENTED_EDGE('',*,*,#3195,.T.);
#1604=ORIENTED_EDGE('',*,*,#3196,.T.);
#1605=ORIENTED_EDGE('',*,*,#3197,.T.);
#1606=ORIENTED_EDGE('',*,*,#3198,.T.);
#1607=ORIENTED_EDGE('',*,*,#3199,.T.);
#1608=ORIENTED_EDGE('',*,*,#3200,.T.);
#1609=ORIENTED_EDGE('',*,*,#3201,.T.);
#1610=ORIENTED_EDGE('',*,*,#3202,.T.);
#1611=ORIENTED_EDGE('',*,*,#3203,.T.);
#1612=ORIENTED_EDGE('',*,*,#3204,.T.);
#1613=ORIENTED_EDGE('',*,*,#3205,.T.);
#1614=ORIENTED_EDGE('',*,*,#3206,.T.);
#1615=ORIENTED_EDGE('',*,*,#3207,.T.);
#1616=ORIENTED_EDGE('',*,*,#3208,.T.);
#1617=ORIENTED_EDGE('',*,*,#3209,.T.);
#1618=ORIENTED_EDGE('',*,*,#3210,.T.);
#1619=ORIENTED_EDGE('',*,*,#3211,.T.);
#1620=ORIENTED_EDGE('',*,*,#3212,.T.);
#1621=ORIENTED_EDGE('',*,*,#3213,.T.);
#1622=ORIENTED_EDGE('',*,*,#3214,.T.);
#1623=ORIENTED_EDGE('',*,*,#3215,.T.);
#1624=ORIENTED_EDGE('',*,*,#3216,.T.);
#1625=ORIENTED_EDGE('',*,*,#3217,.T.);
#1626=ORIENTED_EDGE('',*,*,#3218,.T.);
#1627=ORIENTED_EDGE('',*,*,#3219,.T.);
#1628=ORIENTED_EDGE('',*,*,#3220,.T.);
#1629=ORIENTED_EDGE('',*,*,#3221,.T.);
#1630=ORIENTED_EDGE('',*,*,#3222,.T.);
#1631=ORIENTED_EDGE('',*,*,#3223,.T.);
#1632=ORIENTED_EDGE('',*,*,#3224,.T.);
#1633=ORIENTED_EDGE('',*,*,#3225,.T.);
#1634=ORIENTED_EDGE('',*,*,#3226,.T.);
#1635=ORIENTED_EDGE('',*,*,#3227,.T.);
#1636=ORIENTED_EDGE('',*,*,#3228,.T.);
#1637=ORIENTED_EDGE('',*,*,#3229,.T.);
#1638=ORIENTED_EDGE('',*,*,#3230,.T.);
#1639=ORIENTED_EDGE('',*,*,#3231,.T.);
#1640=ORIENTED_EDGE('',*,*,#3232,.T.);
#1641=ORIENTED_EDGE('',*,*,#3233,.T.);
#1642=ORIENTED_EDGE('',*,*,#3234,.T.);
#1643=ORIENTED_EDGE('',*,*,#3235,.T.);
#1644=ORIENTED_EDGE('',*,*,#3236,.T.);
#1645=ORIENTED_EDGE('',*,*,#3237,.T.);
#1646=ORIENTED_EDGE('',*,*,#3238,.T.);
#1647=ORIENTED_EDGE('',*,*,#3239,.T.);
#1648=ORIENTED_EDGE('',*,*,#3240,.T.);
#1649=ORIENTED_EDGE('',*,*,#3241,.T.);
#1650=ORIENTED_EDGE('',*,*,#3242,.T.);
#1651=ORIENTED_EDGE('',*,*,#3243,.T.);
#1652=ORIENTED_EDGE('',*,*,#3244,.T.);
#1653=ORIENTED_EDGE('',*,*,#3245,.T.);
#1654=ORIENTED_EDGE('',*,*,#3246,.T.);
#1655=ORIENTED_EDGE('',*,*,#3247,.T.);
#1656=ORIENTED_EDGE('',*,*,#3248,.T.);
#1657=ORIENTED_EDGE('',*,*,#3249,.T.);
#1658=ORIENTED_EDGE('',*,*,#3250,.T.);
#1659=ORIENTED_EDGE('',*,*,#3251,.T.);
#1660=ORIENTED_EDGE('',*,*,#3252,.T.);
#1661=ORIENTED_EDGE('',*,*,#3253,.T.);
#1662=ORIENTED_EDGE('',*,*,#3254,.T.);
#1663=ORIENTED_EDGE('',*,*,#3255,.T.);
#1664=ORIENTED_EDGE('',*,*,#3256,.T.);
#1665=ORIENTED_EDGE('',*,*,#3257,.T.);
#1666=ORIENTED_EDGE('',*,*,#3258,.T.);
#1667=ORIENTED_EDGE('',*,*,#3259,.T.);
#1668=ORIENTED_EDGE('',*,*,#3260,.T.);
#1669=ORIENTED_EDGE('',*,*,#3261,.T.);
#1670=ORIENTED_EDGE('',*,*,#3262,.T.);
#1671=ORIENTED_EDGE('',*,*,#3263,.T.);
#1672=ORIENTED_EDGE('',*,*,#3264,.T.);
#1673=ORIENTED_EDGE('',*,*,#3265,.T.);
#1674=ORIENTED_EDGE('',*,*,#3266,.T.);
#1675=ORIENTED_EDGE('',*,*,#3267,.T.);
#1676=ORIENTED_EDGE('',*,*,#3171,.T.);
#1677=ORIENTED_EDGE('',*,*,#3069,.F.);
#1678=ORIENTED_EDGE('',*,*,#3079,.F.);
#1679=ORIENTED_EDGE('',*,*,#3073,.T.);
#1680=ORIENTED_EDGE('',*,*,#3175,.T.);
#1681=ORIENTED_EDGE('',*,*,#3268,.F.);
#1682=ORIENTED_EDGE('',*,*,#3075,.F.);
#1683=ORIENTED_EDGE('',*,*,#3269,.T.);
#1684=ORIENTED_EDGE('',*,*,#3172,.T.);
#1685=ORIENTED_EDGE('',*,*,#3267,.F.);
#1686=ORIENTED_EDGE('',*,*,#3078,.F.);
#1687=ORIENTED_EDGE('',*,*,#3268,.T.);
#1688=ORIENTED_EDGE('',*,*,#3174,.T.);
#1689=ORIENTED_EDGE('',*,*,#3270,.F.);
#1690=ORIENTED_EDGE('',*,*,#3076,.F.);
#1691=ORIENTED_EDGE('',*,*,#3270,.T.);
#1692=ORIENTED_EDGE('',*,*,#3173,.T.);
#1693=ORIENTED_EDGE('',*,*,#3269,.F.);
#1694=ORIENTED_EDGE('',*,*,#3077,.F.);
#1695=ORIENTED_EDGE('',*,*,#3176,.F.);
#1696=ORIENTED_EDGE('',*,*,#3080,.T.);
#1697=ORIENTED_EDGE('',*,*,#3177,.F.);
#1698=ORIENTED_EDGE('',*,*,#3081,.T.);
#1699=ORIENTED_EDGE('',*,*,#3178,.F.);
#1700=ORIENTED_EDGE('',*,*,#3082,.T.);
#1701=ORIENTED_EDGE('',*,*,#3179,.F.);
#1702=ORIENTED_EDGE('',*,*,#3083,.T.);
#1703=ORIENTED_EDGE('',*,*,#3180,.F.);
#1704=ORIENTED_EDGE('',*,*,#3084,.T.);
#1705=ORIENTED_EDGE('',*,*,#3181,.F.);
#1706=ORIENTED_EDGE('',*,*,#3085,.T.);
#1707=ORIENTED_EDGE('',*,*,#3182,.F.);
#1708=ORIENTED_EDGE('',*,*,#3086,.T.);
#1709=ORIENTED_EDGE('',*,*,#3183,.F.);
#1710=ORIENTED_EDGE('',*,*,#3087,.T.);
#1711=ORIENTED_EDGE('',*,*,#3184,.F.);
#1712=ORIENTED_EDGE('',*,*,#3088,.T.);
#1713=ORIENTED_EDGE('',*,*,#3185,.F.);
#1714=ORIENTED_EDGE('',*,*,#3089,.T.);
#1715=ORIENTED_EDGE('',*,*,#3186,.F.);
#1716=ORIENTED_EDGE('',*,*,#3090,.T.);
#1717=ORIENTED_EDGE('',*,*,#3187,.F.);
#1718=ORIENTED_EDGE('',*,*,#3091,.T.);
#1719=ORIENTED_EDGE('',*,*,#3188,.F.);
#1720=ORIENTED_EDGE('',*,*,#3092,.T.);
#1721=ORIENTED_EDGE('',*,*,#3189,.F.);
#1722=ORIENTED_EDGE('',*,*,#3093,.T.);
#1723=ORIENTED_EDGE('',*,*,#3190,.F.);
#1724=ORIENTED_EDGE('',*,*,#3094,.T.);
#1725=ORIENTED_EDGE('',*,*,#3191,.F.);
#1726=ORIENTED_EDGE('',*,*,#3095,.T.);
#1727=ORIENTED_EDGE('',*,*,#3192,.F.);
#1728=ORIENTED_EDGE('',*,*,#3096,.T.);
#1729=ORIENTED_EDGE('',*,*,#3193,.F.);
#1730=ORIENTED_EDGE('',*,*,#3097,.T.);
#1731=ORIENTED_EDGE('',*,*,#3194,.F.);
#1732=ORIENTED_EDGE('',*,*,#3098,.T.);
#1733=ORIENTED_EDGE('',*,*,#3195,.F.);
#1734=ORIENTED_EDGE('',*,*,#3099,.T.);
#1735=ORIENTED_EDGE('',*,*,#3196,.F.);
#1736=ORIENTED_EDGE('',*,*,#3100,.T.);
#1737=ORIENTED_EDGE('',*,*,#3197,.F.);
#1738=ORIENTED_EDGE('',*,*,#3101,.T.);
#1739=ORIENTED_EDGE('',*,*,#3198,.F.);
#1740=ORIENTED_EDGE('',*,*,#3102,.T.);
#1741=ORIENTED_EDGE('',*,*,#3199,.F.);
#1742=ORIENTED_EDGE('',*,*,#3103,.T.);
#1743=ORIENTED_EDGE('',*,*,#3200,.F.);
#1744=ORIENTED_EDGE('',*,*,#3104,.T.);
#1745=ORIENTED_EDGE('',*,*,#3201,.F.);
#1746=ORIENTED_EDGE('',*,*,#3105,.T.);
#1747=ORIENTED_EDGE('',*,*,#3202,.F.);
#1748=ORIENTED_EDGE('',*,*,#3106,.T.);
#1749=ORIENTED_EDGE('',*,*,#3203,.F.);
#1750=ORIENTED_EDGE('',*,*,#3107,.T.);
#1751=ORIENTED_EDGE('',*,*,#3204,.F.);
#1752=ORIENTED_EDGE('',*,*,#3108,.T.);
#1753=ORIENTED_EDGE('',*,*,#3205,.F.);
#1754=ORIENTED_EDGE('',*,*,#3109,.T.);
#1755=ORIENTED_EDGE('',*,*,#3206,.F.);
#1756=ORIENTED_EDGE('',*,*,#3110,.T.);
#1757=ORIENTED_EDGE('',*,*,#3207,.F.);
#1758=ORIENTED_EDGE('',*,*,#3111,.T.);
#1759=ORIENTED_EDGE('',*,*,#3208,.F.);
#1760=ORIENTED_EDGE('',*,*,#3112,.T.);
#1761=ORIENTED_EDGE('',*,*,#3209,.F.);
#1762=ORIENTED_EDGE('',*,*,#3113,.T.);
#1763=ORIENTED_EDGE('',*,*,#3210,.F.);
#1764=ORIENTED_EDGE('',*,*,#3114,.T.);
#1765=ORIENTED_EDGE('',*,*,#3211,.F.);
#1766=ORIENTED_EDGE('',*,*,#3115,.T.);
#1767=ORIENTED_EDGE('',*,*,#3212,.F.);
#1768=ORIENTED_EDGE('',*,*,#3116,.T.);
#1769=ORIENTED_EDGE('',*,*,#3213,.F.);
#1770=ORIENTED_EDGE('',*,*,#3117,.T.);
#1771=ORIENTED_EDGE('',*,*,#3214,.F.);
#1772=ORIENTED_EDGE('',*,*,#3118,.T.);
#1773=ORIENTED_EDGE('',*,*,#3215,.F.);
#1774=ORIENTED_EDGE('',*,*,#3119,.T.);
#1775=ORIENTED_EDGE('',*,*,#3216,.F.);
#1776=ORIENTED_EDGE('',*,*,#3120,.T.);
#1777=ORIENTED_EDGE('',*,*,#3217,.F.);
#1778=ORIENTED_EDGE('',*,*,#3121,.T.);
#1779=ORIENTED_EDGE('',*,*,#3218,.F.);
#1780=ORIENTED_EDGE('',*,*,#3122,.T.);
#1781=ORIENTED_EDGE('',*,*,#3219,.F.);
#1782=ORIENTED_EDGE('',*,*,#3123,.T.);
#1783=ORIENTED_EDGE('',*,*,#3220,.F.);
#1784=ORIENTED_EDGE('',*,*,#3124,.T.);
#1785=ORIENTED_EDGE('',*,*,#3221,.F.);
#1786=ORIENTED_EDGE('',*,*,#3125,.T.);
#1787=ORIENTED_EDGE('',*,*,#3222,.F.);
#1788=ORIENTED_EDGE('',*,*,#3126,.T.);
#1789=ORIENTED_EDGE('',*,*,#3223,.F.);
#1790=ORIENTED_EDGE('',*,*,#3127,.T.);
#1791=ORIENTED_EDGE('',*,*,#3224,.F.);
#1792=ORIENTED_EDGE('',*,*,#3128,.T.);
#1793=ORIENTED_EDGE('',*,*,#3225,.F.);
#1794=ORIENTED_EDGE('',*,*,#3129,.T.);
#1795=ORIENTED_EDGE('',*,*,#3226,.F.);
#1796=ORIENTED_EDGE('',*,*,#3130,.T.);
#1797=ORIENTED_EDGE('',*,*,#3227,.F.);
#1798=ORIENTED_EDGE('',*,*,#3131,.T.);
#1799=ORIENTED_EDGE('',*,*,#3228,.F.);
#1800=ORIENTED_EDGE('',*,*,#3132,.T.);
#1801=ORIENTED_EDGE('',*,*,#3229,.F.);
#1802=ORIENTED_EDGE('',*,*,#3133,.T.);
#1803=ORIENTED_EDGE('',*,*,#3230,.F.);
#1804=ORIENTED_EDGE('',*,*,#3134,.T.);
#1805=ORIENTED_EDGE('',*,*,#3231,.F.);
#1806=ORIENTED_EDGE('',*,*,#3135,.T.);
#1807=ORIENTED_EDGE('',*,*,#3232,.F.);
#1808=ORIENTED_EDGE('',*,*,#3136,.T.);
#1809=ORIENTED_EDGE('',*,*,#3233,.F.);
#1810=ORIENTED_EDGE('',*,*,#3137,.T.);
#1811=ORIENTED_EDGE('',*,*,#3234,.F.);
#1812=ORIENTED_EDGE('',*,*,#3138,.T.);
#1813=ORIENTED_EDGE('',*,*,#3235,.F.);
#1814=ORIENTED_EDGE('',*,*,#3139,.T.);
#1815=ORIENTED_EDGE('',*,*,#3236,.F.);
#1816=ORIENTED_EDGE('',*,*,#3140,.T.);
#1817=ORIENTED_EDGE('',*,*,#3237,.F.);
#1818=ORIENTED_EDGE('',*,*,#3141,.T.);
#1819=ORIENTED_EDGE('',*,*,#3238,.F.);
#1820=ORIENTED_EDGE('',*,*,#3142,.T.);
#1821=ORIENTED_EDGE('',*,*,#3239,.F.);
#1822=ORIENTED_EDGE('',*,*,#3143,.T.);
#1823=ORIENTED_EDGE('',*,*,#3240,.F.);
#1824=ORIENTED_EDGE('',*,*,#3144,.T.);
#1825=ORIENTED_EDGE('',*,*,#3241,.F.);
#1826=ORIENTED_EDGE('',*,*,#3145,.T.);
#1827=ORIENTED_EDGE('',*,*,#3242,.F.);
#1828=ORIENTED_EDGE('',*,*,#3146,.T.);
#1829=ORIENTED_EDGE('',*,*,#3243,.F.);
#1830=ORIENTED_EDGE('',*,*,#3147,.T.);
#1831=ORIENTED_EDGE('',*,*,#3244,.F.);
#1832=ORIENTED_EDGE('',*,*,#3148,.T.);
#1833=ORIENTED_EDGE('',*,*,#3245,.F.);
#1834=ORIENTED_EDGE('',*,*,#3149,.T.);
#1835=ORIENTED_EDGE('',*,*,#3246,.F.);
#1836=ORIENTED_EDGE('',*,*,#3150,.T.);
#1837=ORIENTED_EDGE('',*,*,#3247,.F.);
#1838=ORIENTED_EDGE('',*,*,#3151,.T.);
#1839=ORIENTED_EDGE('',*,*,#3248,.F.);
#1840=ORIENTED_EDGE('',*,*,#3152,.T.);
#1841=ORIENTED_EDGE('',*,*,#3249,.F.);
#1842=ORIENTED_EDGE('',*,*,#3153,.T.);
#1843=ORIENTED_EDGE('',*,*,#3250,.F.);
#1844=ORIENTED_EDGE('',*,*,#3154,.T.);
#1845=ORIENTED_EDGE('',*,*,#3251,.F.);
#1846=ORIENTED_EDGE('',*,*,#3155,.T.);
#1847=ORIENTED_EDGE('',*,*,#3252,.F.);
#1848=ORIENTED_EDGE('',*,*,#3156,.T.);
#1849=ORIENTED_EDGE('',*,*,#3253,.F.);
#1850=ORIENTED_EDGE('',*,*,#3157,.T.);
#1851=ORIENTED_EDGE('',*,*,#3254,.F.);
#1852=ORIENTED_EDGE('',*,*,#3158,.T.);
#1853=ORIENTED_EDGE('',*,*,#3255,.F.);
#1854=ORIENTED_EDGE('',*,*,#3159,.T.);
#1855=ORIENTED_EDGE('',*,*,#3256,.F.);
#1856=ORIENTED_EDGE('',*,*,#3160,.T.);
#1857=ORIENTED_EDGE('',*,*,#3257,.F.);
#1858=ORIENTED_EDGE('',*,*,#3161,.T.);
#1859=ORIENTED_EDGE('',*,*,#3258,.F.);
#1860=ORIENTED_EDGE('',*,*,#3162,.T.);
#1861=ORIENTED_EDGE('',*,*,#3259,.F.);
#1862=ORIENTED_EDGE('',*,*,#3163,.T.);
#1863=ORIENTED_EDGE('',*,*,#3260,.F.);
#1864=ORIENTED_EDGE('',*,*,#3164,.T.);
#1865=ORIENTED_EDGE('',*,*,#3261,.F.);
#1866=ORIENTED_EDGE('',*,*,#3165,.T.);
#1867=ORIENTED_EDGE('',*,*,#3262,.F.);
#1868=ORIENTED_EDGE('',*,*,#3166,.T.);
#1869=ORIENTED_EDGE('',*,*,#3263,.F.);
#1870=ORIENTED_EDGE('',*,*,#3167,.T.);
#1871=ORIENTED_EDGE('',*,*,#3264,.F.);
#1872=ORIENTED_EDGE('',*,*,#3168,.T.);
#1873=ORIENTED_EDGE('',*,*,#3265,.F.);
#1874=ORIENTED_EDGE('',*,*,#3169,.T.);
#1875=ORIENTED_EDGE('',*,*,#3266,.F.);
#1876=ORIENTED_EDGE('',*,*,#3170,.T.);
#1877=ORIENTED_EDGE('',*,*,#3271,.F.);
#1878=ORIENTED_EDGE('',*,*,#3272,.T.);
#1879=ORIENTED_EDGE('',*,*,#3272,.F.);
#1880=ORIENTED_EDGE('',*,*,#3273,.T.);
#1881=ORIENTED_EDGE('',*,*,#3271,.T.);
#1882=ORIENTED_EDGE('',*,*,#3274,.F.);
#1883=ORIENTED_EDGE('',*,*,#3273,.F.);
#1884=ORIENTED_EDGE('',*,*,#3275,.T.);
#1885=ORIENTED_EDGE('',*,*,#3276,.F.);
#1886=ORIENTED_EDGE('',*,*,#3274,.T.);
#1887=ORIENTED_EDGE('',*,*,#3277,.T.);
#1888=ORIENTED_EDGE('',*,*,#3275,.F.);
#1889=ORIENTED_EDGE('',*,*,#3276,.T.);
#1890=ORIENTED_EDGE('',*,*,#3278,.F.);
#1891=ORIENTED_EDGE('',*,*,#3277,.F.);
#1892=ORIENTED_EDGE('',*,*,#3278,.T.);
#1893=ORIENTED_EDGE('',*,*,#3279,.T.);
#1894=ORIENTED_EDGE('',*,*,#3280,.T.);
#1895=ORIENTED_EDGE('',*,*,#3281,.F.);
#1896=ORIENTED_EDGE('',*,*,#3282,.F.);
#1897=ORIENTED_EDGE('',*,*,#3283,.T.);
#1898=ORIENTED_EDGE('',*,*,#3282,.T.);
#1899=ORIENTED_EDGE('',*,*,#3284,.F.);
#1900=ORIENTED_EDGE('',*,*,#3285,.F.);
#1901=ORIENTED_EDGE('',*,*,#3286,.T.);
#1902=ORIENTED_EDGE('',*,*,#3287,.T.);
#1903=ORIENTED_EDGE('',*,*,#3288,.F.);
#1904=ORIENTED_EDGE('',*,*,#3280,.F.);
#1905=ORIENTED_EDGE('',*,*,#3283,.F.);
#1906=ORIENTED_EDGE('',*,*,#3289,.F.);
#1907=ORIENTED_EDGE('',*,*,#3290,.F.);
#1908=ORIENTED_EDGE('',*,*,#3291,.F.);
#1909=ORIENTED_EDGE('',*,*,#3292,.F.);
#1910=ORIENTED_EDGE('',*,*,#3293,.F.);
#1911=ORIENTED_EDGE('',*,*,#3294,.F.);
#1912=ORIENTED_EDGE('',*,*,#3295,.F.);
#1913=ORIENTED_EDGE('',*,*,#3296,.F.);
#1914=ORIENTED_EDGE('',*,*,#3297,.F.);
#1915=ORIENTED_EDGE('',*,*,#3298,.F.);
#1916=ORIENTED_EDGE('',*,*,#3299,.F.);
#1917=ORIENTED_EDGE('',*,*,#3300,.F.);
#1918=ORIENTED_EDGE('',*,*,#3301,.F.);
#1919=ORIENTED_EDGE('',*,*,#3302,.F.);
#1920=ORIENTED_EDGE('',*,*,#3303,.F.);
#1921=ORIENTED_EDGE('',*,*,#3304,.F.);
#1922=ORIENTED_EDGE('',*,*,#3305,.F.);
#1923=ORIENTED_EDGE('',*,*,#3306,.F.);
#1924=ORIENTED_EDGE('',*,*,#3307,.F.);
#1925=ORIENTED_EDGE('',*,*,#3308,.F.);
#1926=ORIENTED_EDGE('',*,*,#3309,.F.);
#1927=ORIENTED_EDGE('',*,*,#3310,.F.);
#1928=ORIENTED_EDGE('',*,*,#3311,.F.);
#1929=ORIENTED_EDGE('',*,*,#3312,.F.);
#1930=ORIENTED_EDGE('',*,*,#3313,.F.);
#1931=ORIENTED_EDGE('',*,*,#3314,.F.);
#1932=ORIENTED_EDGE('',*,*,#3315,.F.);
#1933=ORIENTED_EDGE('',*,*,#3316,.F.);
#1934=ORIENTED_EDGE('',*,*,#3317,.F.);
#1935=ORIENTED_EDGE('',*,*,#3318,.F.);
#1936=ORIENTED_EDGE('',*,*,#3319,.F.);
#1937=ORIENTED_EDGE('',*,*,#3320,.F.);
#1938=ORIENTED_EDGE('',*,*,#3321,.F.);
#1939=ORIENTED_EDGE('',*,*,#3322,.F.);
#1940=ORIENTED_EDGE('',*,*,#3323,.F.);
#1941=ORIENTED_EDGE('',*,*,#3324,.F.);
#1942=ORIENTED_EDGE('',*,*,#3325,.F.);
#1943=ORIENTED_EDGE('',*,*,#3326,.F.);
#1944=ORIENTED_EDGE('',*,*,#3327,.F.);
#1945=ORIENTED_EDGE('',*,*,#3328,.F.);
#1946=ORIENTED_EDGE('',*,*,#3329,.F.);
#1947=ORIENTED_EDGE('',*,*,#3330,.F.);
#1948=ORIENTED_EDGE('',*,*,#3331,.F.);
#1949=ORIENTED_EDGE('',*,*,#3332,.F.);
#1950=ORIENTED_EDGE('',*,*,#3333,.F.);
#1951=ORIENTED_EDGE('',*,*,#3334,.F.);
#1952=ORIENTED_EDGE('',*,*,#3335,.F.);
#1953=ORIENTED_EDGE('',*,*,#3286,.F.);
#1954=ORIENTED_EDGE('',*,*,#3279,.F.);
#1955=ORIENTED_EDGE('',*,*,#3336,.T.);
#1956=ORIENTED_EDGE('',*,*,#3337,.T.);
#1957=ORIENTED_EDGE('',*,*,#3338,.F.);
#1958=ORIENTED_EDGE('',*,*,#3339,.F.);
#1959=ORIENTED_EDGE('',*,*,#3340,.F.);
#1960=ORIENTED_EDGE('',*,*,#3341,.F.);
#1961=ORIENTED_EDGE('',*,*,#3342,.T.);
#1962=ORIENTED_EDGE('',*,*,#3343,.T.);
#1963=ORIENTED_EDGE('',*,*,#3344,.T.);
#1964=ORIENTED_EDGE('',*,*,#3345,.F.);
#1965=ORIENTED_EDGE('',*,*,#3346,.F.);
#1966=ORIENTED_EDGE('',*,*,#3347,.T.);
#1967=ORIENTED_EDGE('',*,*,#3348,.F.);
#1968=ORIENTED_EDGE('',*,*,#3349,.F.);
#1969=ORIENTED_EDGE('',*,*,#3350,.T.);
#1970=ORIENTED_EDGE('',*,*,#3351,.T.);
#1971=ORIENTED_EDGE('',*,*,#3352,.T.);
#1972=ORIENTED_EDGE('',*,*,#3353,.F.);
#1973=ORIENTED_EDGE('',*,*,#3354,.F.);
#1974=ORIENTED_EDGE('',*,*,#3355,.T.);
#1975=ORIENTED_EDGE('',*,*,#3356,.F.);
#1976=ORIENTED_EDGE('',*,*,#3357,.F.);
#1977=ORIENTED_EDGE('',*,*,#3358,.T.);
#1978=ORIENTED_EDGE('',*,*,#3359,.T.);
#1979=ORIENTED_EDGE('',*,*,#3360,.T.);
#1980=ORIENTED_EDGE('',*,*,#3361,.T.);
#1981=ORIENTED_EDGE('',*,*,#3362,.F.);
#1982=ORIENTED_EDGE('',*,*,#3363,.F.);
#1983=ORIENTED_EDGE('',*,*,#3364,.T.);
#1984=ORIENTED_EDGE('',*,*,#3365,.F.);
#1985=ORIENTED_EDGE('',*,*,#3366,.F.);
#1986=ORIENTED_EDGE('',*,*,#3367,.T.);
#1987=ORIENTED_EDGE('',*,*,#3281,.T.);
#1988=ORIENTED_EDGE('',*,*,#3288,.T.);
#1989=ORIENTED_EDGE('',*,*,#3368,.T.);
#1990=ORIENTED_EDGE('',*,*,#3369,.T.);
#1991=ORIENTED_EDGE('',*,*,#3370,.T.);
#1992=ORIENTED_EDGE('',*,*,#3371,.T.);
#1993=ORIENTED_EDGE('',*,*,#3372,.T.);
#1994=ORIENTED_EDGE('',*,*,#3373,.T.);
#1995=ORIENTED_EDGE('',*,*,#3374,.T.);
#1996=ORIENTED_EDGE('',*,*,#3375,.T.);
#1997=ORIENTED_EDGE('',*,*,#3376,.T.);
#1998=ORIENTED_EDGE('',*,*,#3377,.T.);
#1999=ORIENTED_EDGE('',*,*,#3378,.T.);
#2000=ORIENTED_EDGE('',*,*,#3379,.T.);
#2001=ORIENTED_EDGE('',*,*,#3380,.T.);
#2002=ORIENTED_EDGE('',*,*,#3381,.T.);
#2003=ORIENTED_EDGE('',*,*,#3382,.T.);
#2004=ORIENTED_EDGE('',*,*,#3383,.T.);
#2005=ORIENTED_EDGE('',*,*,#3384,.T.);
#2006=ORIENTED_EDGE('',*,*,#3385,.T.);
#2007=ORIENTED_EDGE('',*,*,#3386,.T.);
#2008=ORIENTED_EDGE('',*,*,#3387,.T.);
#2009=ORIENTED_EDGE('',*,*,#3388,.T.);
#2010=ORIENTED_EDGE('',*,*,#3389,.T.);
#2011=ORIENTED_EDGE('',*,*,#3390,.T.);
#2012=ORIENTED_EDGE('',*,*,#3391,.T.);
#2013=ORIENTED_EDGE('',*,*,#3392,.T.);
#2014=ORIENTED_EDGE('',*,*,#3393,.T.);
#2015=ORIENTED_EDGE('',*,*,#3394,.T.);
#2016=ORIENTED_EDGE('',*,*,#3395,.T.);
#2017=ORIENTED_EDGE('',*,*,#3396,.T.);
#2018=ORIENTED_EDGE('',*,*,#3397,.T.);
#2019=ORIENTED_EDGE('',*,*,#3398,.T.);
#2020=ORIENTED_EDGE('',*,*,#3399,.T.);
#2021=ORIENTED_EDGE('',*,*,#3400,.T.);
#2022=ORIENTED_EDGE('',*,*,#3401,.T.);
#2023=ORIENTED_EDGE('',*,*,#3402,.T.);
#2024=ORIENTED_EDGE('',*,*,#3403,.T.);
#2025=ORIENTED_EDGE('',*,*,#3404,.T.);
#2026=ORIENTED_EDGE('',*,*,#3405,.T.);
#2027=ORIENTED_EDGE('',*,*,#3406,.T.);
#2028=ORIENTED_EDGE('',*,*,#3407,.T.);
#2029=ORIENTED_EDGE('',*,*,#3408,.T.);
#2030=ORIENTED_EDGE('',*,*,#3409,.T.);
#2031=ORIENTED_EDGE('',*,*,#3410,.T.);
#2032=ORIENTED_EDGE('',*,*,#3411,.T.);
#2033=ORIENTED_EDGE('',*,*,#3412,.T.);
#2034=ORIENTED_EDGE('',*,*,#3413,.T.);
#2035=ORIENTED_EDGE('',*,*,#3414,.T.);
#2036=ORIENTED_EDGE('',*,*,#3284,.T.);
#2037=ORIENTED_EDGE('',*,*,#3415,.T.);
#2038=ORIENTED_EDGE('',*,*,#3416,.T.);
#2039=ORIENTED_EDGE('',*,*,#3417,.F.);
#2040=ORIENTED_EDGE('',*,*,#3418,.F.);
#2041=ORIENTED_EDGE('',*,*,#3419,.F.);
#2042=ORIENTED_EDGE('',*,*,#3420,.F.);
#2043=ORIENTED_EDGE('',*,*,#3421,.T.);
#2044=ORIENTED_EDGE('',*,*,#3422,.T.);
#2045=ORIENTED_EDGE('',*,*,#3423,.F.);
#2046=ORIENTED_EDGE('',*,*,#3424,.T.);
#2047=ORIENTED_EDGE('',*,*,#3425,.T.);
#2048=ORIENTED_EDGE('',*,*,#3426,.F.);
#2049=ORIENTED_EDGE('',*,*,#3427,.F.);
#2050=ORIENTED_EDGE('',*,*,#3428,.F.);
#2051=ORIENTED_EDGE('',*,*,#3429,.T.);
#2052=ORIENTED_EDGE('',*,*,#3430,.T.);
#2053=ORIENTED_EDGE('',*,*,#3431,.F.);
#2054=ORIENTED_EDGE('',*,*,#3432,.T.);
#2055=ORIENTED_EDGE('',*,*,#3433,.T.);
#2056=ORIENTED_EDGE('',*,*,#3434,.F.);
#2057=ORIENTED_EDGE('',*,*,#3435,.F.);
#2058=ORIENTED_EDGE('',*,*,#3436,.F.);
#2059=ORIENTED_EDGE('',*,*,#3437,.T.);
#2060=ORIENTED_EDGE('',*,*,#3438,.T.);
#2061=ORIENTED_EDGE('',*,*,#3439,.T.);
#2062=ORIENTED_EDGE('',*,*,#3440,.T.);
#2063=ORIENTED_EDGE('',*,*,#3441,.F.);
#2064=ORIENTED_EDGE('',*,*,#3442,.F.);
#2065=ORIENTED_EDGE('',*,*,#3443,.F.);
#2066=ORIENTED_EDGE('',*,*,#3444,.T.);
#2067=ORIENTED_EDGE('',*,*,#3445,.T.);
#2068=ORIENTED_EDGE('',*,*,#3446,.F.);
#2069=ORIENTED_EDGE('',*,*,#3289,.T.);
#2070=ORIENTED_EDGE('',*,*,#3285,.T.);
#2071=ORIENTED_EDGE('',*,*,#3414,.F.);
#2072=ORIENTED_EDGE('',*,*,#3447,.F.);
#2073=ORIENTED_EDGE('',*,*,#3335,.T.);
#2074=ORIENTED_EDGE('',*,*,#3448,.T.);
#2075=ORIENTED_EDGE('',*,*,#3368,.F.);
#2076=ORIENTED_EDGE('',*,*,#3287,.F.);
#2077=ORIENTED_EDGE('',*,*,#3290,.T.);
#2078=ORIENTED_EDGE('',*,*,#3447,.T.);
#2079=ORIENTED_EDGE('',*,*,#3413,.F.);
#2080=ORIENTED_EDGE('',*,*,#3449,.F.);
#2081=ORIENTED_EDGE('',*,*,#3334,.T.);
#2082=ORIENTED_EDGE('',*,*,#3450,.T.);
#2083=ORIENTED_EDGE('',*,*,#3369,.F.);
#2084=ORIENTED_EDGE('',*,*,#3448,.F.);
#2085=ORIENTED_EDGE('',*,*,#3291,.T.);
#2086=ORIENTED_EDGE('',*,*,#3449,.T.);
#2087=ORIENTED_EDGE('',*,*,#3412,.F.);
#2088=ORIENTED_EDGE('',*,*,#3451,.F.);
#2089=ORIENTED_EDGE('',*,*,#3333,.T.);
#2090=ORIENTED_EDGE('',*,*,#3452,.T.);
#2091=ORIENTED_EDGE('',*,*,#3370,.F.);
#2092=ORIENTED_EDGE('',*,*,#3450,.F.);
#2093=ORIENTED_EDGE('',*,*,#3292,.T.);
#2094=ORIENTED_EDGE('',*,*,#3451,.T.);
#2095=ORIENTED_EDGE('',*,*,#3411,.F.);
#2096=ORIENTED_EDGE('',*,*,#3453,.F.);
#2097=ORIENTED_EDGE('',*,*,#3332,.T.);
#2098=ORIENTED_EDGE('',*,*,#3454,.T.);
#2099=ORIENTED_EDGE('',*,*,#3371,.F.);
#2100=ORIENTED_EDGE('',*,*,#3452,.F.);
#2101=ORIENTED_EDGE('',*,*,#3293,.T.);
#2102=ORIENTED_EDGE('',*,*,#3453,.T.);
#2103=ORIENTED_EDGE('',*,*,#3410,.F.);
#2104=ORIENTED_EDGE('',*,*,#3455,.F.);
#2105=ORIENTED_EDGE('',*,*,#3331,.T.);
#2106=ORIENTED_EDGE('',*,*,#3456,.T.);
#2107=ORIENTED_EDGE('',*,*,#3372,.F.);
#2108=ORIENTED_EDGE('',*,*,#3454,.F.);
#2109=ORIENTED_EDGE('',*,*,#3294,.T.);
#2110=ORIENTED_EDGE('',*,*,#3455,.T.);
#2111=ORIENTED_EDGE('',*,*,#3409,.F.);
#2112=ORIENTED_EDGE('',*,*,#3457,.F.);
#2113=ORIENTED_EDGE('',*,*,#3330,.T.);
#2114=ORIENTED_EDGE('',*,*,#3458,.T.);
#2115=ORIENTED_EDGE('',*,*,#3373,.F.);
#2116=ORIENTED_EDGE('',*,*,#3456,.F.);
#2117=ORIENTED_EDGE('',*,*,#3295,.T.);
#2118=ORIENTED_EDGE('',*,*,#3457,.T.);
#2119=ORIENTED_EDGE('',*,*,#3408,.F.);
#2120=ORIENTED_EDGE('',*,*,#3459,.F.);
#2121=ORIENTED_EDGE('',*,*,#3329,.T.);
#2122=ORIENTED_EDGE('',*,*,#3460,.T.);
#2123=ORIENTED_EDGE('',*,*,#3374,.F.);
#2124=ORIENTED_EDGE('',*,*,#3458,.F.);
#2125=ORIENTED_EDGE('',*,*,#3296,.T.);
#2126=ORIENTED_EDGE('',*,*,#3459,.T.);
#2127=ORIENTED_EDGE('',*,*,#3407,.F.);
#2128=ORIENTED_EDGE('',*,*,#3461,.F.);
#2129=ORIENTED_EDGE('',*,*,#3328,.T.);
#2130=ORIENTED_EDGE('',*,*,#3462,.T.);
#2131=ORIENTED_EDGE('',*,*,#3375,.F.);
#2132=ORIENTED_EDGE('',*,*,#3460,.F.);
#2133=ORIENTED_EDGE('',*,*,#3297,.T.);
#2134=ORIENTED_EDGE('',*,*,#3461,.T.);
#2135=ORIENTED_EDGE('',*,*,#3406,.F.);
#2136=ORIENTED_EDGE('',*,*,#3463,.F.);
#2137=ORIENTED_EDGE('',*,*,#3327,.T.);
#2138=ORIENTED_EDGE('',*,*,#3464,.T.);
#2139=ORIENTED_EDGE('',*,*,#3376,.F.);
#2140=ORIENTED_EDGE('',*,*,#3462,.F.);
#2141=ORIENTED_EDGE('',*,*,#3298,.T.);
#2142=ORIENTED_EDGE('',*,*,#3463,.T.);
#2143=ORIENTED_EDGE('',*,*,#3405,.F.);
#2144=ORIENTED_EDGE('',*,*,#3465,.F.);
#2145=ORIENTED_EDGE('',*,*,#3326,.T.);
#2146=ORIENTED_EDGE('',*,*,#3466,.T.);
#2147=ORIENTED_EDGE('',*,*,#3377,.F.);
#2148=ORIENTED_EDGE('',*,*,#3464,.F.);
#2149=ORIENTED_EDGE('',*,*,#3299,.T.);
#2150=ORIENTED_EDGE('',*,*,#3465,.T.);
#2151=ORIENTED_EDGE('',*,*,#3404,.F.);
#2152=ORIENTED_EDGE('',*,*,#3467,.F.);
#2153=ORIENTED_EDGE('',*,*,#3325,.T.);
#2154=ORIENTED_EDGE('',*,*,#3468,.T.);
#2155=ORIENTED_EDGE('',*,*,#3378,.F.);
#2156=ORIENTED_EDGE('',*,*,#3466,.F.);
#2157=ORIENTED_EDGE('',*,*,#3300,.T.);
#2158=ORIENTED_EDGE('',*,*,#3467,.T.);
#2159=ORIENTED_EDGE('',*,*,#3403,.F.);
#2160=ORIENTED_EDGE('',*,*,#3469,.F.);
#2161=ORIENTED_EDGE('',*,*,#3324,.T.);
#2162=ORIENTED_EDGE('',*,*,#3470,.T.);
#2163=ORIENTED_EDGE('',*,*,#3379,.F.);
#2164=ORIENTED_EDGE('',*,*,#3468,.F.);
#2165=ORIENTED_EDGE('',*,*,#3301,.T.);
#2166=ORIENTED_EDGE('',*,*,#3469,.T.);
#2167=ORIENTED_EDGE('',*,*,#3402,.F.);
#2168=ORIENTED_EDGE('',*,*,#3471,.F.);
#2169=ORIENTED_EDGE('',*,*,#3323,.T.);
#2170=ORIENTED_EDGE('',*,*,#3472,.T.);
#2171=ORIENTED_EDGE('',*,*,#3380,.F.);
#2172=ORIENTED_EDGE('',*,*,#3470,.F.);
#2173=ORIENTED_EDGE('',*,*,#3302,.T.);
#2174=ORIENTED_EDGE('',*,*,#3471,.T.);
#2175=ORIENTED_EDGE('',*,*,#3401,.F.);
#2176=ORIENTED_EDGE('',*,*,#3473,.F.);
#2177=ORIENTED_EDGE('',*,*,#3322,.T.);
#2178=ORIENTED_EDGE('',*,*,#3474,.T.);
#2179=ORIENTED_EDGE('',*,*,#3381,.F.);
#2180=ORIENTED_EDGE('',*,*,#3472,.F.);
#2181=ORIENTED_EDGE('',*,*,#3303,.T.);
#2182=ORIENTED_EDGE('',*,*,#3473,.T.);
#2183=ORIENTED_EDGE('',*,*,#3400,.F.);
#2184=ORIENTED_EDGE('',*,*,#3475,.F.);
#2185=ORIENTED_EDGE('',*,*,#3321,.T.);
#2186=ORIENTED_EDGE('',*,*,#3476,.T.);
#2187=ORIENTED_EDGE('',*,*,#3382,.F.);
#2188=ORIENTED_EDGE('',*,*,#3474,.F.);
#2189=ORIENTED_EDGE('',*,*,#3304,.T.);
#2190=ORIENTED_EDGE('',*,*,#3475,.T.);
#2191=ORIENTED_EDGE('',*,*,#3399,.F.);
#2192=ORIENTED_EDGE('',*,*,#3477,.F.);
#2193=ORIENTED_EDGE('',*,*,#3320,.T.);
#2194=ORIENTED_EDGE('',*,*,#3478,.T.);
#2195=ORIENTED_EDGE('',*,*,#3383,.F.);
#2196=ORIENTED_EDGE('',*,*,#3476,.F.);
#2197=ORIENTED_EDGE('',*,*,#3305,.T.);
#2198=ORIENTED_EDGE('',*,*,#3477,.T.);
#2199=ORIENTED_EDGE('',*,*,#3398,.F.);
#2200=ORIENTED_EDGE('',*,*,#3479,.F.);
#2201=ORIENTED_EDGE('',*,*,#3319,.T.);
#2202=ORIENTED_EDGE('',*,*,#3480,.T.);
#2203=ORIENTED_EDGE('',*,*,#3384,.F.);
#2204=ORIENTED_EDGE('',*,*,#3478,.F.);
#2205=ORIENTED_EDGE('',*,*,#3306,.T.);
#2206=ORIENTED_EDGE('',*,*,#3479,.T.);
#2207=ORIENTED_EDGE('',*,*,#3397,.F.);
#2208=ORIENTED_EDGE('',*,*,#3481,.F.);
#2209=ORIENTED_EDGE('',*,*,#3318,.T.);
#2210=ORIENTED_EDGE('',*,*,#3482,.T.);
#2211=ORIENTED_EDGE('',*,*,#3385,.F.);
#2212=ORIENTED_EDGE('',*,*,#3480,.F.);
#2213=ORIENTED_EDGE('',*,*,#3307,.T.);
#2214=ORIENTED_EDGE('',*,*,#3481,.T.);
#2215=ORIENTED_EDGE('',*,*,#3396,.F.);
#2216=ORIENTED_EDGE('',*,*,#3483,.F.);
#2217=ORIENTED_EDGE('',*,*,#3317,.T.);
#2218=ORIENTED_EDGE('',*,*,#3484,.T.);
#2219=ORIENTED_EDGE('',*,*,#3386,.F.);
#2220=ORIENTED_EDGE('',*,*,#3482,.F.);
#2221=ORIENTED_EDGE('',*,*,#3308,.T.);
#2222=ORIENTED_EDGE('',*,*,#3483,.T.);
#2223=ORIENTED_EDGE('',*,*,#3395,.F.);
#2224=ORIENTED_EDGE('',*,*,#3485,.F.);
#2225=ORIENTED_EDGE('',*,*,#3316,.T.);
#2226=ORIENTED_EDGE('',*,*,#3486,.T.);
#2227=ORIENTED_EDGE('',*,*,#3387,.F.);
#2228=ORIENTED_EDGE('',*,*,#3484,.F.);
#2229=ORIENTED_EDGE('',*,*,#3309,.T.);
#2230=ORIENTED_EDGE('',*,*,#3485,.T.);
#2231=ORIENTED_EDGE('',*,*,#3394,.F.);
#2232=ORIENTED_EDGE('',*,*,#3487,.F.);
#2233=ORIENTED_EDGE('',*,*,#3315,.T.);
#2234=ORIENTED_EDGE('',*,*,#3488,.T.);
#2235=ORIENTED_EDGE('',*,*,#3388,.F.);
#2236=ORIENTED_EDGE('',*,*,#3486,.F.);
#2237=ORIENTED_EDGE('',*,*,#3310,.T.);
#2238=ORIENTED_EDGE('',*,*,#3487,.T.);
#2239=ORIENTED_EDGE('',*,*,#3393,.F.);
#2240=ORIENTED_EDGE('',*,*,#3489,.F.);
#2241=ORIENTED_EDGE('',*,*,#3314,.T.);
#2242=ORIENTED_EDGE('',*,*,#3490,.T.);
#2243=ORIENTED_EDGE('',*,*,#3389,.F.);
#2244=ORIENTED_EDGE('',*,*,#3488,.F.);
#2245=ORIENTED_EDGE('',*,*,#3311,.T.);
#2246=ORIENTED_EDGE('',*,*,#3489,.T.);
#2247=ORIENTED_EDGE('',*,*,#3392,.F.);
#2248=ORIENTED_EDGE('',*,*,#3491,.F.);
#2249=ORIENTED_EDGE('',*,*,#3313,.T.);
#2250=ORIENTED_EDGE('',*,*,#3492,.T.);
#2251=ORIENTED_EDGE('',*,*,#3390,.F.);
#2252=ORIENTED_EDGE('',*,*,#3490,.F.);
#2253=ORIENTED_EDGE('',*,*,#3312,.T.);
#2254=ORIENTED_EDGE('',*,*,#3491,.T.);
#2255=ORIENTED_EDGE('',*,*,#3391,.F.);
#2256=ORIENTED_EDGE('',*,*,#3492,.F.);
#2257=ORIENTED_EDGE('',*,*,#3339,.T.);
#2258=ORIENTED_EDGE('',*,*,#3493,.F.);
#2259=ORIENTED_EDGE('',*,*,#3494,.T.);
#2260=ORIENTED_EDGE('',*,*,#3495,.T.);
#2261=ORIENTED_EDGE('',*,*,#3495,.F.);
#2262=ORIENTED_EDGE('',*,*,#3496,.T.);
#2263=ORIENTED_EDGE('',*,*,#3497,.T.);
#2264=ORIENTED_EDGE('',*,*,#3336,.F.);
#2265=ORIENTED_EDGE('',*,*,#3497,.F.);
#2266=ORIENTED_EDGE('',*,*,#3498,.F.);
#2267=ORIENTED_EDGE('',*,*,#3499,.T.);
#2268=ORIENTED_EDGE('',*,*,#3337,.F.);
#2269=ORIENTED_EDGE('',*,*,#3338,.T.);
#2270=ORIENTED_EDGE('',*,*,#3499,.F.);
#2271=ORIENTED_EDGE('',*,*,#3500,.F.);
#2272=ORIENTED_EDGE('',*,*,#3493,.T.);
#2273=ORIENTED_EDGE('',*,*,#3501,.F.);
#2274=ORIENTED_EDGE('',*,*,#3502,.F.);
#2275=ORIENTED_EDGE('',*,*,#3503,.T.);
#2276=ORIENTED_EDGE('',*,*,#3343,.F.);
#2277=ORIENTED_EDGE('',*,*,#3340,.T.);
#2278=ORIENTED_EDGE('',*,*,#3503,.F.);
#2279=ORIENTED_EDGE('',*,*,#3504,.F.);
#2280=ORIENTED_EDGE('',*,*,#3505,.T.);
#2281=ORIENTED_EDGE('',*,*,#3341,.T.);
#2282=ORIENTED_EDGE('',*,*,#3505,.F.);
#2283=ORIENTED_EDGE('',*,*,#3506,.T.);
#2284=ORIENTED_EDGE('',*,*,#3507,.T.);
#2285=ORIENTED_EDGE('',*,*,#3507,.F.);
#2286=ORIENTED_EDGE('',*,*,#3508,.T.);
#2287=ORIENTED_EDGE('',*,*,#3501,.T.);
#2288=ORIENTED_EDGE('',*,*,#3342,.F.);
#2289=ORIENTED_EDGE('',*,*,#3509,.F.);
#2290=ORIENTED_EDGE('',*,*,#3510,.T.);
#2291=ORIENTED_EDGE('',*,*,#3511,.T.);
#2292=ORIENTED_EDGE('',*,*,#3347,.F.);
#2293=ORIENTED_EDGE('',*,*,#3511,.F.);
#2294=ORIENTED_EDGE('',*,*,#3512,.F.);
#2295=ORIENTED_EDGE('',*,*,#3513,.T.);
#2296=ORIENTED_EDGE('',*,*,#3344,.F.);
#2297=ORIENTED_EDGE('',*,*,#3345,.T.);
#2298=ORIENTED_EDGE('',*,*,#3513,.F.);
#2299=ORIENTED_EDGE('',*,*,#3514,.F.);
#2300=ORIENTED_EDGE('',*,*,#3515,.T.);
#2301=ORIENTED_EDGE('',*,*,#3346,.T.);
#2302=ORIENTED_EDGE('',*,*,#3515,.F.);
#2303=ORIENTED_EDGE('',*,*,#3516,.T.);
#2304=ORIENTED_EDGE('',*,*,#3509,.T.);
#2305=ORIENTED_EDGE('',*,*,#3517,.F.);
#2306=ORIENTED_EDGE('',*,*,#3518,.F.);
#2307=ORIENTED_EDGE('',*,*,#3519,.T.);
#2308=ORIENTED_EDGE('',*,*,#3351,.F.);
#2309=ORIENTED_EDGE('',*,*,#3348,.T.);
#2310=ORIENTED_EDGE('',*,*,#3519,.F.);
#2311=ORIENTED_EDGE('',*,*,#3520,.F.);
#2312=ORIENTED_EDGE('',*,*,#3521,.T.);
#2313=ORIENTED_EDGE('',*,*,#3349,.T.);
#2314=ORIENTED_EDGE('',*,*,#3521,.F.);
#2315=ORIENTED_EDGE('',*,*,#3522,.T.);
#2316=ORIENTED_EDGE('',*,*,#3523,.T.);
#2317=ORIENTED_EDGE('',*,*,#3523,.F.);
#2318=ORIENTED_EDGE('',*,*,#3524,.T.);
#2319=ORIENTED_EDGE('',*,*,#3517,.T.);
#2320=ORIENTED_EDGE('',*,*,#3350,.F.);
#2321=ORIENTED_EDGE('',*,*,#3525,.F.);
#2322=ORIENTED_EDGE('',*,*,#3526,.T.);
#2323=ORIENTED_EDGE('',*,*,#3527,.T.);
#2324=ORIENTED_EDGE('',*,*,#3355,.F.);
#2325=ORIENTED_EDGE('',*,*,#3527,.F.);
#2326=ORIENTED_EDGE('',*,*,#3528,.F.);
#2327=ORIENTED_EDGE('',*,*,#3529,.T.);
#2328=ORIENTED_EDGE('',*,*,#3352,.F.);
#2329=ORIENTED_EDGE('',*,*,#3353,.T.);
#2330=ORIENTED_EDGE('',*,*,#3529,.F.);
#2331=ORIENTED_EDGE('',*,*,#3530,.F.);
#2332=ORIENTED_EDGE('',*,*,#3531,.T.);
#2333=ORIENTED_EDGE('',*,*,#3354,.T.);
#2334=ORIENTED_EDGE('',*,*,#3531,.F.);
#2335=ORIENTED_EDGE('',*,*,#3532,.T.);
#2336=ORIENTED_EDGE('',*,*,#3525,.T.);
#2337=ORIENTED_EDGE('',*,*,#3533,.F.);
#2338=ORIENTED_EDGE('',*,*,#3534,.F.);
#2339=ORIENTED_EDGE('',*,*,#3535,.T.);
#2340=ORIENTED_EDGE('',*,*,#3359,.F.);
#2341=ORIENTED_EDGE('',*,*,#3356,.T.);
#2342=ORIENTED_EDGE('',*,*,#3535,.F.);
#2343=ORIENTED_EDGE('',*,*,#3536,.F.);
#2344=ORIENTED_EDGE('',*,*,#3537,.T.);
#2345=ORIENTED_EDGE('',*,*,#3357,.T.);
#2346=ORIENTED_EDGE('',*,*,#3537,.F.);
#2347=ORIENTED_EDGE('',*,*,#3538,.T.);
#2348=ORIENTED_EDGE('',*,*,#3539,.T.);
#2349=ORIENTED_EDGE('',*,*,#3539,.F.);
#2350=ORIENTED_EDGE('',*,*,#3540,.T.);
#2351=ORIENTED_EDGE('',*,*,#3533,.T.);
#2352=ORIENTED_EDGE('',*,*,#3358,.F.);
#2353=ORIENTED_EDGE('',*,*,#3363,.T.);
#2354=ORIENTED_EDGE('',*,*,#3541,.F.);
#2355=ORIENTED_EDGE('',*,*,#3542,.T.);
#2356=ORIENTED_EDGE('',*,*,#3543,.T.);
#2357=ORIENTED_EDGE('',*,*,#3543,.F.);
#2358=ORIENTED_EDGE('',*,*,#3544,.T.);
#2359=ORIENTED_EDGE('',*,*,#3545,.T.);
#2360=ORIENTED_EDGE('',*,*,#3360,.F.);
#2361=ORIENTED_EDGE('',*,*,#3545,.F.);
#2362=ORIENTED_EDGE('',*,*,#3546,.F.);
#2363=ORIENTED_EDGE('',*,*,#3547,.T.);
#2364=ORIENTED_EDGE('',*,*,#3361,.F.);
#2365=ORIENTED_EDGE('',*,*,#3362,.T.);
#2366=ORIENTED_EDGE('',*,*,#3547,.F.);
#2367=ORIENTED_EDGE('',*,*,#3548,.F.);
#2368=ORIENTED_EDGE('',*,*,#3541,.T.);
#2369=ORIENTED_EDGE('',*,*,#3549,.F.);
#2370=ORIENTED_EDGE('',*,*,#3550,.T.);
#2371=ORIENTED_EDGE('',*,*,#3551,.T.);
#2372=ORIENTED_EDGE('',*,*,#3367,.F.);
#2373=ORIENTED_EDGE('',*,*,#3551,.F.);
#2374=ORIENTED_EDGE('',*,*,#3552,.F.);
#2375=ORIENTED_EDGE('',*,*,#3553,.T.);
#2376=ORIENTED_EDGE('',*,*,#3364,.F.);
#2377=ORIENTED_EDGE('',*,*,#3365,.T.);
#2378=ORIENTED_EDGE('',*,*,#3553,.F.);
#2379=ORIENTED_EDGE('',*,*,#3554,.F.);
#2380=ORIENTED_EDGE('',*,*,#3555,.T.);
#2381=ORIENTED_EDGE('',*,*,#3366,.T.);
#2382=ORIENTED_EDGE('',*,*,#3555,.F.);
#2383=ORIENTED_EDGE('',*,*,#3556,.T.);
#2384=ORIENTED_EDGE('',*,*,#3549,.T.);
#2385=ORIENTED_EDGE('',*,*,#3557,.F.);
#2386=ORIENTED_EDGE('',*,*,#3558,.F.);
#2387=ORIENTED_EDGE('',*,*,#3415,.F.);
#2388=ORIENTED_EDGE('',*,*,#3559,.T.);
#2389=ORIENTED_EDGE('',*,*,#3559,.F.);
#2390=ORIENTED_EDGE('',*,*,#3418,.T.);
#2391=ORIENTED_EDGE('',*,*,#3560,.T.);
#2392=ORIENTED_EDGE('',*,*,#3561,.F.);
#2393=ORIENTED_EDGE('',*,*,#3560,.F.);
#2394=ORIENTED_EDGE('',*,*,#3417,.T.);
#2395=ORIENTED_EDGE('',*,*,#3562,.T.);
#2396=ORIENTED_EDGE('',*,*,#3563,.T.);
#2397=ORIENTED_EDGE('',*,*,#3564,.T.);
#2398=ORIENTED_EDGE('',*,*,#3562,.F.);
#2399=ORIENTED_EDGE('',*,*,#3416,.F.);
#2400=ORIENTED_EDGE('',*,*,#3558,.T.);
#2401=ORIENTED_EDGE('',*,*,#3565,.F.);
#2402=ORIENTED_EDGE('',*,*,#3419,.T.);
#2403=ORIENTED_EDGE('',*,*,#3566,.T.);
#2404=ORIENTED_EDGE('',*,*,#3567,.T.);
#2405=ORIENTED_EDGE('',*,*,#3568,.T.);
#2406=ORIENTED_EDGE('',*,*,#3566,.F.);
#2407=ORIENTED_EDGE('',*,*,#3422,.F.);
#2408=ORIENTED_EDGE('',*,*,#3569,.T.);
#2409=ORIENTED_EDGE('',*,*,#3570,.F.);
#2410=ORIENTED_EDGE('',*,*,#3569,.F.);
#2411=ORIENTED_EDGE('',*,*,#3421,.F.);
#2412=ORIENTED_EDGE('',*,*,#3571,.T.);
#2413=ORIENTED_EDGE('',*,*,#3571,.F.);
#2414=ORIENTED_EDGE('',*,*,#3420,.T.);
#2415=ORIENTED_EDGE('',*,*,#3565,.T.);
#2416=ORIENTED_EDGE('',*,*,#3572,.F.);
#2417=ORIENTED_EDGE('',*,*,#3573,.F.);
#2418=ORIENTED_EDGE('',*,*,#3423,.T.);
#2419=ORIENTED_EDGE('',*,*,#3574,.T.);
#2420=ORIENTED_EDGE('',*,*,#3575,.F.);
#2421=ORIENTED_EDGE('',*,*,#3574,.F.);
#2422=ORIENTED_EDGE('',*,*,#3426,.T.);
#2423=ORIENTED_EDGE('',*,*,#3576,.T.);
#2424=ORIENTED_EDGE('',*,*,#3577,.T.);
#2425=ORIENTED_EDGE('',*,*,#3578,.T.);
#2426=ORIENTED_EDGE('',*,*,#3576,.F.);
#2427=ORIENTED_EDGE('',*,*,#3425,.F.);
#2428=ORIENTED_EDGE('',*,*,#3579,.T.);
#2429=ORIENTED_EDGE('',*,*,#3580,.F.);
#2430=ORIENTED_EDGE('',*,*,#3579,.F.);
#2431=ORIENTED_EDGE('',*,*,#3424,.F.);
#2432=ORIENTED_EDGE('',*,*,#3573,.T.);
#2433=ORIENTED_EDGE('',*,*,#3581,.F.);
#2434=ORIENTED_EDGE('',*,*,#3427,.T.);
#2435=ORIENTED_EDGE('',*,*,#3582,.T.);
#2436=ORIENTED_EDGE('',*,*,#3583,.T.);
#2437=ORIENTED_EDGE('',*,*,#3584,.T.);
#2438=ORIENTED_EDGE('',*,*,#3582,.F.);
#2439=ORIENTED_EDGE('',*,*,#3430,.F.);
#2440=ORIENTED_EDGE('',*,*,#3585,.T.);
#2441=ORIENTED_EDGE('',*,*,#3586,.F.);
#2442=ORIENTED_EDGE('',*,*,#3585,.F.);
#2443=ORIENTED_EDGE('',*,*,#3429,.F.);
#2444=ORIENTED_EDGE('',*,*,#3587,.T.);
#2445=ORIENTED_EDGE('',*,*,#3587,.F.);
#2446=ORIENTED_EDGE('',*,*,#3428,.T.);
#2447=ORIENTED_EDGE('',*,*,#3581,.T.);
#2448=ORIENTED_EDGE('',*,*,#3588,.F.);
#2449=ORIENTED_EDGE('',*,*,#3589,.F.);
#2450=ORIENTED_EDGE('',*,*,#3431,.T.);
#2451=ORIENTED_EDGE('',*,*,#3590,.T.);
#2452=ORIENTED_EDGE('',*,*,#3591,.F.);
#2453=ORIENTED_EDGE('',*,*,#3590,.F.);
#2454=ORIENTED_EDGE('',*,*,#3434,.T.);
#2455=ORIENTED_EDGE('',*,*,#3592,.T.);
#2456=ORIENTED_EDGE('',*,*,#3593,.T.);
#2457=ORIENTED_EDGE('',*,*,#3594,.T.);
#2458=ORIENTED_EDGE('',*,*,#3592,.F.);
#2459=ORIENTED_EDGE('',*,*,#3433,.F.);
#2460=ORIENTED_EDGE('',*,*,#3595,.T.);
#2461=ORIENTED_EDGE('',*,*,#3596,.F.);
#2462=ORIENTED_EDGE('',*,*,#3595,.F.);
#2463=ORIENTED_EDGE('',*,*,#3432,.F.);
#2464=ORIENTED_EDGE('',*,*,#3589,.T.);
#2465=ORIENTED_EDGE('',*,*,#3597,.F.);
#2466=ORIENTED_EDGE('',*,*,#3435,.T.);
#2467=ORIENTED_EDGE('',*,*,#3598,.T.);
#2468=ORIENTED_EDGE('',*,*,#3599,.T.);
#2469=ORIENTED_EDGE('',*,*,#3600,.T.);
#2470=ORIENTED_EDGE('',*,*,#3598,.F.);
#2471=ORIENTED_EDGE('',*,*,#3438,.F.);
#2472=ORIENTED_EDGE('',*,*,#3601,.T.);
#2473=ORIENTED_EDGE('',*,*,#3602,.F.);
#2474=ORIENTED_EDGE('',*,*,#3601,.F.);
#2475=ORIENTED_EDGE('',*,*,#3437,.F.);
#2476=ORIENTED_EDGE('',*,*,#3603,.T.);
#2477=ORIENTED_EDGE('',*,*,#3603,.F.);
#2478=ORIENTED_EDGE('',*,*,#3436,.T.);
#2479=ORIENTED_EDGE('',*,*,#3597,.T.);
#2480=ORIENTED_EDGE('',*,*,#3604,.F.);
#2481=ORIENTED_EDGE('',*,*,#3605,.F.);
#2482=ORIENTED_EDGE('',*,*,#3606,.F.);
#2483=ORIENTED_EDGE('',*,*,#3439,.F.);
#2484=ORIENTED_EDGE('',*,*,#3607,.T.);
#2485=ORIENTED_EDGE('',*,*,#3607,.F.);
#2486=ORIENTED_EDGE('',*,*,#3442,.T.);
#2487=ORIENTED_EDGE('',*,*,#3608,.T.);
#2488=ORIENTED_EDGE('',*,*,#3609,.F.);
#2489=ORIENTED_EDGE('',*,*,#3608,.F.);
#2490=ORIENTED_EDGE('',*,*,#3441,.T.);
#2491=ORIENTED_EDGE('',*,*,#3610,.T.);
#2492=ORIENTED_EDGE('',*,*,#3611,.T.);
#2493=ORIENTED_EDGE('',*,*,#3612,.T.);
#2494=ORIENTED_EDGE('',*,*,#3610,.F.);
#2495=ORIENTED_EDGE('',*,*,#3440,.F.);
#2496=ORIENTED_EDGE('',*,*,#3606,.T.);
#2497=ORIENTED_EDGE('',*,*,#3613,.F.);
#2498=ORIENTED_EDGE('',*,*,#3443,.T.);
#2499=ORIENTED_EDGE('',*,*,#3614,.T.);
#2500=ORIENTED_EDGE('',*,*,#3615,.F.);
#2501=ORIENTED_EDGE('',*,*,#3614,.F.);
#2502=ORIENTED_EDGE('',*,*,#3446,.T.);
#2503=ORIENTED_EDGE('',*,*,#3616,.T.);
#2504=ORIENTED_EDGE('',*,*,#3617,.T.);
#2505=ORIENTED_EDGE('',*,*,#3618,.T.);
#2506=ORIENTED_EDGE('',*,*,#3616,.F.);
#2507=ORIENTED_EDGE('',*,*,#3445,.F.);
#2508=ORIENTED_EDGE('',*,*,#3619,.T.);
#2509=ORIENTED_EDGE('',*,*,#3620,.F.);
#2510=ORIENTED_EDGE('',*,*,#3619,.F.);
#2511=ORIENTED_EDGE('',*,*,#3444,.F.);
#2512=ORIENTED_EDGE('',*,*,#3613,.T.);
#2513=ORIENTED_EDGE('',*,*,#3621,.T.);
#2514=ORIENTED_EDGE('',*,*,#3622,.F.);
#2515=ORIENTED_EDGE('',*,*,#3494,.F.);
#2516=ORIENTED_EDGE('',*,*,#3623,.T.);
#2517=ORIENTED_EDGE('',*,*,#3624,.T.);
#2518=ORIENTED_EDGE('',*,*,#3625,.F.);
#2519=ORIENTED_EDGE('',*,*,#3496,.F.);
#2520=ORIENTED_EDGE('',*,*,#3622,.T.);
#2521=ORIENTED_EDGE('',*,*,#3626,.F.);
#2522=ORIENTED_EDGE('',*,*,#3498,.T.);
#2523=ORIENTED_EDGE('',*,*,#3625,.T.);
#2524=ORIENTED_EDGE('',*,*,#3627,.F.);
#2525=ORIENTED_EDGE('',*,*,#3623,.F.);
#2526=ORIENTED_EDGE('',*,*,#3500,.T.);
#2527=ORIENTED_EDGE('',*,*,#3626,.T.);
#2528=ORIENTED_EDGE('',*,*,#3628,.F.);
#2529=ORIENTED_EDGE('',*,*,#3629,.F.);
#2530=ORIENTED_EDGE('',*,*,#3502,.T.);
#2531=ORIENTED_EDGE('',*,*,#3630,.T.);
#2532=ORIENTED_EDGE('',*,*,#3631,.F.);
#2533=ORIENTED_EDGE('',*,*,#3632,.F.);
#2534=ORIENTED_EDGE('',*,*,#3504,.T.);
#2535=ORIENTED_EDGE('',*,*,#3629,.T.);
#2536=ORIENTED_EDGE('',*,*,#3633,.F.);
#2537=ORIENTED_EDGE('',*,*,#3634,.T.);
#2538=ORIENTED_EDGE('',*,*,#3635,.F.);
#2539=ORIENTED_EDGE('',*,*,#3506,.F.);
#2540=ORIENTED_EDGE('',*,*,#3632,.T.);
#2541=ORIENTED_EDGE('',*,*,#3636,.T.);
#2542=ORIENTED_EDGE('',*,*,#3630,.F.);
#2543=ORIENTED_EDGE('',*,*,#3508,.F.);
#2544=ORIENTED_EDGE('',*,*,#3635,.T.);
#2545=ORIENTED_EDGE('',*,*,#3637,.T.);
#2546=ORIENTED_EDGE('',*,*,#3638,.F.);
#2547=ORIENTED_EDGE('',*,*,#3510,.F.);
#2548=ORIENTED_EDGE('',*,*,#3639,.T.);
#2549=ORIENTED_EDGE('',*,*,#3640,.F.);
#2550=ORIENTED_EDGE('',*,*,#3512,.T.);
#2551=ORIENTED_EDGE('',*,*,#3638,.T.);
#2552=ORIENTED_EDGE('',*,*,#3641,.F.);
#2553=ORIENTED_EDGE('',*,*,#3642,.F.);
#2554=ORIENTED_EDGE('',*,*,#3514,.T.);
#2555=ORIENTED_EDGE('',*,*,#3640,.T.);
#2556=ORIENTED_EDGE('',*,*,#3643,.F.);
#2557=ORIENTED_EDGE('',*,*,#3644,.T.);
#2558=ORIENTED_EDGE('',*,*,#3639,.F.);
#2559=ORIENTED_EDGE('',*,*,#3516,.F.);
#2560=ORIENTED_EDGE('',*,*,#3642,.T.);
#2561=ORIENTED_EDGE('',*,*,#3645,.F.);
#2562=ORIENTED_EDGE('',*,*,#3518,.T.);
#2563=ORIENTED_EDGE('',*,*,#3646,.T.);
#2564=ORIENTED_EDGE('',*,*,#3647,.F.);
#2565=ORIENTED_EDGE('',*,*,#3648,.F.);
#2566=ORIENTED_EDGE('',*,*,#3520,.T.);
#2567=ORIENTED_EDGE('',*,*,#3645,.T.);
#2568=ORIENTED_EDGE('',*,*,#3649,.F.);
#2569=ORIENTED_EDGE('',*,*,#3650,.T.);
#2570=ORIENTED_EDGE('',*,*,#3651,.F.);
#2571=ORIENTED_EDGE('',*,*,#3522,.F.);
#2572=ORIENTED_EDGE('',*,*,#3648,.T.);
#2573=ORIENTED_EDGE('',*,*,#3652,.T.);
#2574=ORIENTED_EDGE('',*,*,#3646,.F.);
#2575=ORIENTED_EDGE('',*,*,#3524,.F.);
#2576=ORIENTED_EDGE('',*,*,#3651,.T.);
#2577=ORIENTED_EDGE('',*,*,#3653,.T.);
#2578=ORIENTED_EDGE('',*,*,#3654,.F.);
#2579=ORIENTED_EDGE('',*,*,#3526,.F.);
#2580=ORIENTED_EDGE('',*,*,#3655,.T.);
#2581=ORIENTED_EDGE('',*,*,#3656,.F.);
#2582=ORIENTED_EDGE('',*,*,#3528,.T.);
#2583=ORIENTED_EDGE('',*,*,#3654,.T.);
#2584=ORIENTED_EDGE('',*,*,#3657,.F.);
#2585=ORIENTED_EDGE('',*,*,#3658,.F.);
#2586=ORIENTED_EDGE('',*,*,#3530,.T.);
#2587=ORIENTED_EDGE('',*,*,#3656,.T.);
#2588=ORIENTED_EDGE('',*,*,#3659,.F.);
#2589=ORIENTED_EDGE('',*,*,#3660,.T.);
#2590=ORIENTED_EDGE('',*,*,#3655,.F.);
#2591=ORIENTED_EDGE('',*,*,#3532,.F.);
#2592=ORIENTED_EDGE('',*,*,#3658,.T.);
#2593=ORIENTED_EDGE('',*,*,#3661,.F.);
#2594=ORIENTED_EDGE('',*,*,#3534,.T.);
#2595=ORIENTED_EDGE('',*,*,#3662,.T.);
#2596=ORIENTED_EDGE('',*,*,#3663,.F.);
#2597=ORIENTED_EDGE('',*,*,#3664,.F.);
#2598=ORIENTED_EDGE('',*,*,#3536,.T.);
#2599=ORIENTED_EDGE('',*,*,#3661,.T.);
#2600=ORIENTED_EDGE('',*,*,#3665,.F.);
#2601=ORIENTED_EDGE('',*,*,#3666,.T.);
#2602=ORIENTED_EDGE('',*,*,#3667,.F.);
#2603=ORIENTED_EDGE('',*,*,#3538,.F.);
#2604=ORIENTED_EDGE('',*,*,#3664,.T.);
#2605=ORIENTED_EDGE('',*,*,#3668,.T.);
#2606=ORIENTED_EDGE('',*,*,#3662,.F.);
#2607=ORIENTED_EDGE('',*,*,#3540,.F.);
#2608=ORIENTED_EDGE('',*,*,#3667,.T.);
#2609=ORIENTED_EDGE('',*,*,#3669,.T.);
#2610=ORIENTED_EDGE('',*,*,#3670,.F.);
#2611=ORIENTED_EDGE('',*,*,#3542,.F.);
#2612=ORIENTED_EDGE('',*,*,#3671,.T.);
#2613=ORIENTED_EDGE('',*,*,#3672,.T.);
#2614=ORIENTED_EDGE('',*,*,#3673,.F.);
#2615=ORIENTED_EDGE('',*,*,#3544,.F.);
#2616=ORIENTED_EDGE('',*,*,#3670,.T.);
#2617=ORIENTED_EDGE('',*,*,#3674,.F.);
#2618=ORIENTED_EDGE('',*,*,#3546,.T.);
#2619=ORIENTED_EDGE('',*,*,#3673,.T.);
#2620=ORIENTED_EDGE('',*,*,#3675,.F.);
#2621=ORIENTED_EDGE('',*,*,#3671,.F.);
#2622=ORIENTED_EDGE('',*,*,#3548,.T.);
#2623=ORIENTED_EDGE('',*,*,#3674,.T.);
#2624=ORIENTED_EDGE('',*,*,#3676,.F.);
#2625=ORIENTED_EDGE('',*,*,#3677,.T.);
#2626=ORIENTED_EDGE('',*,*,#3678,.F.);
#2627=ORIENTED_EDGE('',*,*,#3550,.F.);
#2628=ORIENTED_EDGE('',*,*,#3679,.T.);
#2629=ORIENTED_EDGE('',*,*,#3680,.F.);
#2630=ORIENTED_EDGE('',*,*,#3552,.T.);
#2631=ORIENTED_EDGE('',*,*,#3678,.T.);
#2632=ORIENTED_EDGE('',*,*,#3681,.F.);
#2633=ORIENTED_EDGE('',*,*,#3682,.F.);
#2634=ORIENTED_EDGE('',*,*,#3554,.T.);
#2635=ORIENTED_EDGE('',*,*,#3680,.T.);
#2636=ORIENTED_EDGE('',*,*,#3683,.F.);
#2637=ORIENTED_EDGE('',*,*,#3684,.T.);
#2638=ORIENTED_EDGE('',*,*,#3679,.F.);
#2639=ORIENTED_EDGE('',*,*,#3556,.F.);
#2640=ORIENTED_EDGE('',*,*,#3682,.T.);
#2641=ORIENTED_EDGE('',*,*,#3685,.F.);
#2642=ORIENTED_EDGE('',*,*,#3557,.T.);
#2643=ORIENTED_EDGE('',*,*,#3686,.T.);
#2644=ORIENTED_EDGE('',*,*,#3687,.F.);
#2645=ORIENTED_EDGE('',*,*,#3686,.F.);
#2646=ORIENTED_EDGE('',*,*,#3561,.T.);
#2647=ORIENTED_EDGE('',*,*,#3688,.T.);
#2648=ORIENTED_EDGE('',*,*,#3689,.F.);
#2649=ORIENTED_EDGE('',*,*,#3690,.T.);
#2650=ORIENTED_EDGE('',*,*,#3688,.F.);
#2651=ORIENTED_EDGE('',*,*,#3563,.F.);
#2652=ORIENTED_EDGE('',*,*,#3691,.T.);
#2653=ORIENTED_EDGE('',*,*,#3692,.T.);
#2654=ORIENTED_EDGE('',*,*,#3691,.F.);
#2655=ORIENTED_EDGE('',*,*,#3564,.F.);
#2656=ORIENTED_EDGE('',*,*,#3685,.T.);
#2657=ORIENTED_EDGE('',*,*,#3693,.T.);
#2658=ORIENTED_EDGE('',*,*,#3694,.F.);
#2659=ORIENTED_EDGE('',*,*,#3567,.F.);
#2660=ORIENTED_EDGE('',*,*,#3695,.T.);
#2661=ORIENTED_EDGE('',*,*,#3696,.T.);
#2662=ORIENTED_EDGE('',*,*,#3695,.F.);
#2663=ORIENTED_EDGE('',*,*,#3568,.F.);
#2664=ORIENTED_EDGE('',*,*,#3697,.T.);
#2665=ORIENTED_EDGE('',*,*,#3697,.F.);
#2666=ORIENTED_EDGE('',*,*,#3570,.T.);
#2667=ORIENTED_EDGE('',*,*,#3698,.T.);
#2668=ORIENTED_EDGE('',*,*,#3699,.F.);
#2669=ORIENTED_EDGE('',*,*,#3698,.F.);
#2670=ORIENTED_EDGE('',*,*,#3572,.T.);
#2671=ORIENTED_EDGE('',*,*,#3694,.T.);
#2672=ORIENTED_EDGE('',*,*,#3700,.F.);
#2673=ORIENTED_EDGE('',*,*,#3701,.F.);
#2674=ORIENTED_EDGE('',*,*,#3575,.T.);
#2675=ORIENTED_EDGE('',*,*,#3702,.T.);
#2676=ORIENTED_EDGE('',*,*,#3703,.F.);
#2677=ORIENTED_EDGE('',*,*,#3704,.T.);
#2678=ORIENTED_EDGE('',*,*,#3702,.F.);
#2679=ORIENTED_EDGE('',*,*,#3577,.F.);
#2680=ORIENTED_EDGE('',*,*,#3705,.T.);
#2681=ORIENTED_EDGE('',*,*,#3706,.T.);
#2682=ORIENTED_EDGE('',*,*,#3705,.F.);
#2683=ORIENTED_EDGE('',*,*,#3578,.F.);
#2684=ORIENTED_EDGE('',*,*,#3707,.T.);
#2685=ORIENTED_EDGE('',*,*,#3707,.F.);
#2686=ORIENTED_EDGE('',*,*,#3580,.T.);
#2687=ORIENTED_EDGE('',*,*,#3701,.T.);
#2688=ORIENTED_EDGE('',*,*,#3708,.F.);
#2689=ORIENTED_EDGE('',*,*,#3709,.T.);
#2690=ORIENTED_EDGE('',*,*,#3710,.F.);
#2691=ORIENTED_EDGE('',*,*,#3583,.F.);
#2692=ORIENTED_EDGE('',*,*,#3711,.T.);
#2693=ORIENTED_EDGE('',*,*,#3712,.T.);
#2694=ORIENTED_EDGE('',*,*,#3711,.F.);
#2695=ORIENTED_EDGE('',*,*,#3584,.F.);
#2696=ORIENTED_EDGE('',*,*,#3713,.T.);
#2697=ORIENTED_EDGE('',*,*,#3713,.F.);
#2698=ORIENTED_EDGE('',*,*,#3586,.T.);
#2699=ORIENTED_EDGE('',*,*,#3714,.T.);
#2700=ORIENTED_EDGE('',*,*,#3715,.F.);
#2701=ORIENTED_EDGE('',*,*,#3714,.F.);
#2702=ORIENTED_EDGE('',*,*,#3588,.T.);
#2703=ORIENTED_EDGE('',*,*,#3710,.T.);
#2704=ORIENTED_EDGE('',*,*,#3716,.F.);
#2705=ORIENTED_EDGE('',*,*,#3717,.F.);
#2706=ORIENTED_EDGE('',*,*,#3591,.T.);
#2707=ORIENTED_EDGE('',*,*,#3718,.T.);
#2708=ORIENTED_EDGE('',*,*,#3719,.F.);
#2709=ORIENTED_EDGE('',*,*,#3720,.T.);
#2710=ORIENTED_EDGE('',*,*,#3718,.F.);
#2711=ORIENTED_EDGE('',*,*,#3593,.F.);
#2712=ORIENTED_EDGE('',*,*,#3721,.T.);
#2713=ORIENTED_EDGE('',*,*,#3722,.T.);
#2714=ORIENTED_EDGE('',*,*,#3721,.F.);
#2715=ORIENTED_EDGE('',*,*,#3594,.F.);
#2716=ORIENTED_EDGE('',*,*,#3723,.T.);
#2717=ORIENTED_EDGE('',*,*,#3723,.F.);
#2718=ORIENTED_EDGE('',*,*,#3596,.T.);
#2719=ORIENTED_EDGE('',*,*,#3717,.T.);
#2720=ORIENTED_EDGE('',*,*,#3724,.F.);
#2721=ORIENTED_EDGE('',*,*,#3725,.T.);
#2722=ORIENTED_EDGE('',*,*,#3726,.F.);
#2723=ORIENTED_EDGE('',*,*,#3599,.F.);
#2724=ORIENTED_EDGE('',*,*,#3727,.T.);
#2725=ORIENTED_EDGE('',*,*,#3728,.T.);
#2726=ORIENTED_EDGE('',*,*,#3727,.F.);
#2727=ORIENTED_EDGE('',*,*,#3600,.F.);
#2728=ORIENTED_EDGE('',*,*,#3729,.T.);
#2729=ORIENTED_EDGE('',*,*,#3729,.F.);
#2730=ORIENTED_EDGE('',*,*,#3602,.T.);
#2731=ORIENTED_EDGE('',*,*,#3730,.T.);
#2732=ORIENTED_EDGE('',*,*,#3731,.F.);
#2733=ORIENTED_EDGE('',*,*,#3730,.F.);
#2734=ORIENTED_EDGE('',*,*,#3604,.T.);
#2735=ORIENTED_EDGE('',*,*,#3726,.T.);
#2736=ORIENTED_EDGE('',*,*,#3732,.F.);
#2737=ORIENTED_EDGE('',*,*,#3733,.F.);
#2738=ORIENTED_EDGE('',*,*,#3605,.T.);
#2739=ORIENTED_EDGE('',*,*,#3734,.T.);
#2740=ORIENTED_EDGE('',*,*,#3735,.F.);
#2741=ORIENTED_EDGE('',*,*,#3734,.F.);
#2742=ORIENTED_EDGE('',*,*,#3609,.T.);
#2743=ORIENTED_EDGE('',*,*,#3736,.T.);
#2744=ORIENTED_EDGE('',*,*,#3737,.F.);
#2745=ORIENTED_EDGE('',*,*,#3738,.T.);
#2746=ORIENTED_EDGE('',*,*,#3736,.F.);
#2747=ORIENTED_EDGE('',*,*,#3611,.F.);
#2748=ORIENTED_EDGE('',*,*,#3739,.T.);
#2749=ORIENTED_EDGE('',*,*,#3740,.T.);
#2750=ORIENTED_EDGE('',*,*,#3739,.F.);
#2751=ORIENTED_EDGE('',*,*,#3612,.F.);
#2752=ORIENTED_EDGE('',*,*,#3733,.T.);
#2753=ORIENTED_EDGE('',*,*,#3741,.F.);
#2754=ORIENTED_EDGE('',*,*,#3615,.T.);
#2755=ORIENTED_EDGE('',*,*,#3742,.T.);
#2756=ORIENTED_EDGE('',*,*,#3743,.F.);
#2757=ORIENTED_EDGE('',*,*,#3744,.T.);
#2758=ORIENTED_EDGE('',*,*,#3742,.F.);
#2759=ORIENTED_EDGE('',*,*,#3617,.F.);
#2760=ORIENTED_EDGE('',*,*,#3745,.T.);
#2761=ORIENTED_EDGE('',*,*,#3746,.T.);
#2762=ORIENTED_EDGE('',*,*,#3745,.F.);
#2763=ORIENTED_EDGE('',*,*,#3618,.F.);
#2764=ORIENTED_EDGE('',*,*,#3747,.T.);
#2765=ORIENTED_EDGE('',*,*,#3747,.F.);
#2766=ORIENTED_EDGE('',*,*,#3620,.T.);
#2767=ORIENTED_EDGE('',*,*,#3741,.T.);
#2768=ORIENTED_EDGE('',*,*,#3748,.F.);
#2769=ORIENTED_EDGE('',*,*,#3628,.T.);
#2770=ORIENTED_EDGE('',*,*,#3627,.T.);
#2771=ORIENTED_EDGE('',*,*,#3624,.F.);
#2772=ORIENTED_EDGE('',*,*,#3621,.F.);
#2773=ORIENTED_EDGE('',*,*,#3633,.T.);
#2774=ORIENTED_EDGE('',*,*,#3631,.T.);
#2775=ORIENTED_EDGE('',*,*,#3636,.F.);
#2776=ORIENTED_EDGE('',*,*,#3634,.F.);
#2777=ORIENTED_EDGE('',*,*,#3643,.T.);
#2778=ORIENTED_EDGE('',*,*,#3641,.T.);
#2779=ORIENTED_EDGE('',*,*,#3637,.F.);
#2780=ORIENTED_EDGE('',*,*,#3644,.F.);
#2781=ORIENTED_EDGE('',*,*,#3649,.T.);
#2782=ORIENTED_EDGE('',*,*,#3647,.T.);
#2783=ORIENTED_EDGE('',*,*,#3652,.F.);
#2784=ORIENTED_EDGE('',*,*,#3650,.F.);
#2785=ORIENTED_EDGE('',*,*,#3659,.T.);
#2786=ORIENTED_EDGE('',*,*,#3657,.T.);
#2787=ORIENTED_EDGE('',*,*,#3653,.F.);
#2788=ORIENTED_EDGE('',*,*,#3660,.F.);
#2789=ORIENTED_EDGE('',*,*,#3665,.T.);
#2790=ORIENTED_EDGE('',*,*,#3663,.T.);
#2791=ORIENTED_EDGE('',*,*,#3668,.F.);
#2792=ORIENTED_EDGE('',*,*,#3666,.F.);
#2793=ORIENTED_EDGE('',*,*,#3676,.T.);
#2794=ORIENTED_EDGE('',*,*,#3675,.T.);
#2795=ORIENTED_EDGE('',*,*,#3672,.F.);
#2796=ORIENTED_EDGE('',*,*,#3669,.F.);
#2797=ORIENTED_EDGE('',*,*,#3683,.T.);
#2798=ORIENTED_EDGE('',*,*,#3681,.T.);
#2799=ORIENTED_EDGE('',*,*,#3677,.F.);
#2800=ORIENTED_EDGE('',*,*,#3684,.F.);
#2801=ORIENTED_EDGE('',*,*,#3687,.T.);
#2802=ORIENTED_EDGE('',*,*,#3689,.T.);
#2803=ORIENTED_EDGE('',*,*,#3690,.F.);
#2804=ORIENTED_EDGE('',*,*,#3692,.F.);
#2805=ORIENTED_EDGE('',*,*,#3699,.T.);
#2806=ORIENTED_EDGE('',*,*,#3700,.T.);
#2807=ORIENTED_EDGE('',*,*,#3693,.F.);
#2808=ORIENTED_EDGE('',*,*,#3696,.F.);
#2809=ORIENTED_EDGE('',*,*,#3708,.T.);
#2810=ORIENTED_EDGE('',*,*,#3703,.T.);
#2811=ORIENTED_EDGE('',*,*,#3704,.F.);
#2812=ORIENTED_EDGE('',*,*,#3706,.F.);
#2813=ORIENTED_EDGE('',*,*,#3715,.T.);
#2814=ORIENTED_EDGE('',*,*,#3716,.T.);
#2815=ORIENTED_EDGE('',*,*,#3709,.F.);
#2816=ORIENTED_EDGE('',*,*,#3712,.F.);
#2817=ORIENTED_EDGE('',*,*,#3724,.T.);
#2818=ORIENTED_EDGE('',*,*,#3719,.T.);
#2819=ORIENTED_EDGE('',*,*,#3720,.F.);
#2820=ORIENTED_EDGE('',*,*,#3722,.F.);
#2821=ORIENTED_EDGE('',*,*,#3731,.T.);
#2822=ORIENTED_EDGE('',*,*,#3732,.T.);
#2823=ORIENTED_EDGE('',*,*,#3725,.F.);
#2824=ORIENTED_EDGE('',*,*,#3728,.F.);
#2825=ORIENTED_EDGE('',*,*,#3735,.T.);
#2826=ORIENTED_EDGE('',*,*,#3737,.T.);
#2827=ORIENTED_EDGE('',*,*,#3738,.F.);
#2828=ORIENTED_EDGE('',*,*,#3740,.F.);
#2829=ORIENTED_EDGE('',*,*,#3748,.T.);
#2830=ORIENTED_EDGE('',*,*,#3743,.T.);
#2831=ORIENTED_EDGE('',*,*,#3744,.F.);
#2832=ORIENTED_EDGE('',*,*,#3746,.F.);
#2833=ORIENTED_EDGE('',*,*,#3749,.F.);
#2834=ORIENTED_EDGE('',*,*,#3750,.T.);
#2835=ORIENTED_EDGE('',*,*,#3751,.T.);
#2836=ORIENTED_EDGE('',*,*,#3749,.T.);
#2837=ORIENTED_EDGE('',*,*,#3752,.F.);
#2838=ORIENTED_EDGE('',*,*,#3751,.F.);
#2839=ORIENTED_EDGE('',*,*,#3753,.T.);
#2840=ORIENTED_EDGE('',*,*,#3752,.T.);
#2841=ORIENTED_EDGE('',*,*,#3754,.F.);
#2842=ORIENTED_EDGE('',*,*,#3753,.F.);
#2843=ORIENTED_EDGE('',*,*,#3750,.F.);
#2844=ORIENTED_EDGE('',*,*,#3754,.T.);
#2845=ORIENTED_EDGE('',*,*,#3755,.F.);
#2846=ORIENTED_EDGE('',*,*,#3756,.T.);
#2847=ORIENTED_EDGE('',*,*,#3756,.F.);
#2848=ORIENTED_EDGE('',*,*,#3757,.T.);
#2849=ORIENTED_EDGE('',*,*,#3755,.T.);
#2850=ORIENTED_EDGE('',*,*,#3758,.F.);
#2851=ORIENTED_EDGE('',*,*,#3757,.F.);
#2852=ORIENTED_EDGE('',*,*,#3759,.T.);
#2853=ORIENTED_EDGE('',*,*,#3760,.F.);
#2854=ORIENTED_EDGE('',*,*,#3758,.T.);
#2855=ORIENTED_EDGE('',*,*,#3761,.T.);
#2856=ORIENTED_EDGE('',*,*,#3759,.F.);
#2857=ORIENTED_EDGE('',*,*,#3760,.T.);
#2858=ORIENTED_EDGE('',*,*,#3762,.F.);
#2859=ORIENTED_EDGE('',*,*,#3761,.F.);
#2860=ORIENTED_EDGE('',*,*,#3762,.T.);
#2861=ORIENTED_EDGE('',*,*,#3763,.F.);
#2862=ORIENTED_EDGE('',*,*,#3764,.T.);
#2863=ORIENTED_EDGE('',*,*,#3764,.F.);
#2864=ORIENTED_EDGE('',*,*,#3765,.T.);
#2865=ORIENTED_EDGE('',*,*,#3763,.T.);
#2866=ORIENTED_EDGE('',*,*,#3766,.F.);
#2867=ORIENTED_EDGE('',*,*,#3765,.F.);
#2868=ORIENTED_EDGE('',*,*,#3767,.T.);
#2869=ORIENTED_EDGE('',*,*,#3768,.F.);
#2870=ORIENTED_EDGE('',*,*,#3766,.T.);
#2871=ORIENTED_EDGE('',*,*,#3769,.T.);
#2872=ORIENTED_EDGE('',*,*,#3767,.F.);
#2873=ORIENTED_EDGE('',*,*,#3768,.T.);
#2874=ORIENTED_EDGE('',*,*,#3770,.F.);
#2875=ORIENTED_EDGE('',*,*,#3769,.F.);
#2876=ORIENTED_EDGE('',*,*,#3770,.T.);
#2877=ORIENTED_EDGE('',*,*,#3771,.F.);
#2878=ORIENTED_EDGE('',*,*,#3772,.T.);
#2879=ORIENTED_EDGE('',*,*,#3773,.T.);
#2880=ORIENTED_EDGE('',*,*,#3772,.F.);
#2881=ORIENTED_EDGE('',*,*,#3774,.F.);
#2882=ORIENTED_EDGE('',*,*,#3771,.T.);
#2883=ORIENTED_EDGE('',*,*,#3773,.F.);
#2884=ORIENTED_EDGE('',*,*,#3775,.T.);
#2885=ORIENTED_EDGE('',*,*,#3776,.T.);
#2886=ORIENTED_EDGE('',*,*,#3774,.T.);
#2887=ORIENTED_EDGE('',*,*,#3777,.T.);
#2888=ORIENTED_EDGE('',*,*,#3778,.T.);
#2889=ORIENTED_EDGE('',*,*,#3775,.F.);
#2890=ORIENTED_EDGE('',*,*,#3779,.T.);
#2891=ORIENTED_EDGE('',*,*,#3776,.F.);
#2892=ORIENTED_EDGE('',*,*,#3777,.F.);
#2893=ORIENTED_EDGE('',*,*,#3780,.F.);
#2894=ORIENTED_EDGE('',*,*,#3781,.T.);
#2895=ORIENTED_EDGE('',*,*,#3778,.F.);
#2896=ORIENTED_EDGE('',*,*,#3782,.T.);
#2897=ORIENTED_EDGE('',*,*,#3779,.F.);
#2898=ORIENTED_EDGE('',*,*,#3780,.T.);
#2899=ORIENTED_EDGE('',*,*,#3781,.F.);
#2900=ORIENTED_EDGE('',*,*,#3782,.F.);
#2901=ORIENTED_EDGE('',*,*,#3783,.F.);
#2902=ORIENTED_EDGE('',*,*,#3784,.T.);
#2903=ORIENTED_EDGE('',*,*,#3784,.F.);
#2904=ORIENTED_EDGE('',*,*,#3785,.T.);
#2905=ORIENTED_EDGE('',*,*,#3783,.T.);
#2906=ORIENTED_EDGE('',*,*,#3786,.F.);
#2907=ORIENTED_EDGE('',*,*,#3785,.F.);
#2908=ORIENTED_EDGE('',*,*,#3787,.T.);
#2909=ORIENTED_EDGE('',*,*,#3788,.F.);
#2910=ORIENTED_EDGE('',*,*,#3786,.T.);
#2911=ORIENTED_EDGE('',*,*,#3789,.T.);
#2912=ORIENTED_EDGE('',*,*,#3787,.F.);
#2913=ORIENTED_EDGE('',*,*,#3788,.T.);
#2914=ORIENTED_EDGE('',*,*,#3790,.F.);
#2915=ORIENTED_EDGE('',*,*,#3789,.F.);
#2916=ORIENTED_EDGE('',*,*,#3790,.T.);
#2917=ORIENTED_EDGE('',*,*,#3791,.F.);
#2918=ORIENTED_EDGE('',*,*,#3792,.T.);
#2919=ORIENTED_EDGE('',*,*,#3792,.F.);
#2920=ORIENTED_EDGE('',*,*,#3793,.T.);
#2921=ORIENTED_EDGE('',*,*,#3791,.T.);
#2922=ORIENTED_EDGE('',*,*,#3794,.F.);
#2923=ORIENTED_EDGE('',*,*,#3793,.F.);
#2924=ORIENTED_EDGE('',*,*,#3795,.T.);
#2925=ORIENTED_EDGE('',*,*,#3796,.F.);
#2926=ORIENTED_EDGE('',*,*,#3794,.T.);
#2927=ORIENTED_EDGE('',*,*,#3797,.T.);
#2928=ORIENTED_EDGE('',*,*,#3795,.F.);
#2929=ORIENTED_EDGE('',*,*,#3796,.T.);
#2930=ORIENTED_EDGE('',*,*,#3798,.F.);
#2931=ORIENTED_EDGE('',*,*,#3797,.F.);
#2932=ORIENTED_EDGE('',*,*,#3798,.T.);
#2933=ORIENTED_EDGE('',*,*,#3799,.F.);
#2934=ORIENTED_EDGE('',*,*,#3800,.T.);
#2935=ORIENTED_EDGE('',*,*,#3801,.T.);
#2936=ORIENTED_EDGE('',*,*,#3799,.T.);
#2937=ORIENTED_EDGE('',*,*,#3802,.F.);
#2938=ORIENTED_EDGE('',*,*,#3801,.F.);
#2939=ORIENTED_EDGE('',*,*,#3803,.T.);
#2940=ORIENTED_EDGE('',*,*,#3802,.T.);
#2941=ORIENTED_EDGE('',*,*,#3804,.F.);
#2942=ORIENTED_EDGE('',*,*,#3803,.F.);
#2943=ORIENTED_EDGE('',*,*,#3800,.F.);
#2944=ORIENTED_EDGE('',*,*,#3804,.T.);
#2945=ORIENTED_EDGE('',*,*,#3805,.F.);
#2946=ORIENTED_EDGE('',*,*,#3806,.T.);
#2947=ORIENTED_EDGE('',*,*,#3806,.F.);
#2948=ORIENTED_EDGE('',*,*,#3807,.T.);
#2949=ORIENTED_EDGE('',*,*,#3805,.T.);
#2950=ORIENTED_EDGE('',*,*,#3808,.F.);
#2951=ORIENTED_EDGE('',*,*,#3807,.F.);
#2952=ORIENTED_EDGE('',*,*,#3809,.T.);
#2953=ORIENTED_EDGE('',*,*,#3810,.F.);
#2954=ORIENTED_EDGE('',*,*,#3808,.T.);
#2955=ORIENTED_EDGE('',*,*,#3811,.T.);
#2956=ORIENTED_EDGE('',*,*,#3809,.F.);
#2957=ORIENTED_EDGE('',*,*,#3810,.T.);
#2958=ORIENTED_EDGE('',*,*,#3812,.F.);
#2959=ORIENTED_EDGE('',*,*,#3811,.F.);
#2960=ORIENTED_EDGE('',*,*,#3812,.T.);
#2961=ORIENTED_EDGE('',*,*,#3813,.F.);
#2962=ORIENTED_EDGE('',*,*,#3814,.T.);
#2963=ORIENTED_EDGE('',*,*,#3815,.T.);
#2964=ORIENTED_EDGE('',*,*,#3813,.T.);
#2965=ORIENTED_EDGE('',*,*,#3816,.F.);
#2966=ORIENTED_EDGE('',*,*,#3815,.F.);
#2967=ORIENTED_EDGE('',*,*,#3817,.T.);
#2968=ORIENTED_EDGE('',*,*,#3816,.T.);
#2969=ORIENTED_EDGE('',*,*,#3818,.F.);
#2970=ORIENTED_EDGE('',*,*,#3817,.F.);
#2971=ORIENTED_EDGE('',*,*,#3814,.F.);
#2972=ORIENTED_EDGE('',*,*,#3818,.T.);
#2973=ORIENTED_EDGE('',*,*,#3819,.F.);
#2974=ORIENTED_EDGE('',*,*,#3820,.T.);
#2975=ORIENTED_EDGE('',*,*,#3821,.T.);
#2976=ORIENTED_EDGE('',*,*,#3819,.T.);
#2977=ORIENTED_EDGE('',*,*,#3822,.F.);
#2978=ORIENTED_EDGE('',*,*,#3821,.F.);
#2979=ORIENTED_EDGE('',*,*,#3823,.T.);
#2980=ORIENTED_EDGE('',*,*,#3822,.T.);
#2981=ORIENTED_EDGE('',*,*,#3824,.F.);
#2982=ORIENTED_EDGE('',*,*,#3823,.F.);
#2983=ORIENTED_EDGE('',*,*,#3820,.F.);
#2984=ORIENTED_EDGE('',*,*,#3824,.T.);
#2985=ORIENTED_EDGE('',*,*,#3825,.F.);
#2986=ORIENTED_EDGE('',*,*,#3826,.T.);
#2987=ORIENTED_EDGE('',*,*,#3827,.T.);
#2988=ORIENTED_EDGE('',*,*,#3825,.T.);
#2989=ORIENTED_EDGE('',*,*,#3828,.F.);
#2990=ORIENTED_EDGE('',*,*,#3827,.F.);
#2991=ORIENTED_EDGE('',*,*,#3829,.T.);
#2992=ORIENTED_EDGE('',*,*,#3828,.T.);
#2993=ORIENTED_EDGE('',*,*,#3830,.F.);
#2994=ORIENTED_EDGE('',*,*,#3829,.F.);
#2995=ORIENTED_EDGE('',*,*,#3826,.F.);
#2996=ORIENTED_EDGE('',*,*,#3830,.T.);
#2997=ORIENTED_EDGE('',*,*,#3831,.F.);
#2998=ORIENTED_EDGE('',*,*,#3832,.T.);
#2999=ORIENTED_EDGE('',*,*,#3833,.T.);
#3000=ORIENTED_EDGE('',*,*,#3831,.T.);
#3001=ORIENTED_EDGE('',*,*,#3834,.F.);
#3002=ORIENTED_EDGE('',*,*,#3833,.F.);
#3003=ORIENTED_EDGE('',*,*,#3835,.T.);
#3004=ORIENTED_EDGE('',*,*,#3834,.T.);
#3005=ORIENTED_EDGE('',*,*,#3836,.F.);
#3006=ORIENTED_EDGE('',*,*,#3835,.F.);
#3007=ORIENTED_EDGE('',*,*,#3832,.F.);
#3008=ORIENTED_EDGE('',*,*,#3836,.T.);
#3009=ORIENTED_EDGE('',*,*,#3837,.F.);
#3010=ORIENTED_EDGE('',*,*,#3838,.T.);
#3011=ORIENTED_EDGE('',*,*,#3838,.F.);
#3012=ORIENTED_EDGE('',*,*,#3839,.T.);
#3013=ORIENTED_EDGE('',*,*,#3837,.T.);
#3014=ORIENTED_EDGE('',*,*,#3840,.F.);
#3015=ORIENTED_EDGE('',*,*,#3839,.F.);
#3016=ORIENTED_EDGE('',*,*,#3841,.T.);
#3017=ORIENTED_EDGE('',*,*,#3842,.F.);
#3018=ORIENTED_EDGE('',*,*,#3840,.T.);
#3019=ORIENTED_EDGE('',*,*,#3843,.T.);
#3020=ORIENTED_EDGE('',*,*,#3841,.F.);
#3021=ORIENTED_EDGE('',*,*,#3842,.T.);
#3022=ORIENTED_EDGE('',*,*,#3844,.F.);
#3023=ORIENTED_EDGE('',*,*,#3843,.F.);
#3024=ORIENTED_EDGE('',*,*,#3844,.T.);
#3025=ORIENTED_EDGE('',*,*,#3845,.F.);
#3026=ORIENTED_EDGE('',*,*,#3846,.T.);
#3027=ORIENTED_EDGE('',*,*,#3847,.T.);
#3028=ORIENTED_EDGE('',*,*,#3845,.T.);
#3029=ORIENTED_EDGE('',*,*,#3848,.F.);
#3030=ORIENTED_EDGE('',*,*,#3847,.F.);
#3031=ORIENTED_EDGE('',*,*,#3849,.T.);
#3032=ORIENTED_EDGE('',*,*,#3848,.T.);
#3033=ORIENTED_EDGE('',*,*,#3850,.F.);
#3034=ORIENTED_EDGE('',*,*,#3849,.F.);
#3035=ORIENTED_EDGE('',*,*,#3846,.F.);
#3036=ORIENTED_EDGE('',*,*,#3850,.T.);
#3037=EDGE_CURVE('',#3851,#3851,#4479,.T.);
#3038=EDGE_CURVE('',#3852,#3852,#4480,.T.);
#3039=EDGE_CURVE('',#3853,#3853,#4481,.T.);
#3040=EDGE_CURVE('',#3854,#3854,#4482,.T.);
#3041=EDGE_CURVE('',#3855,#3855,#4483,.T.);
#3042=EDGE_CURVE('',#3856,#3856,#4484,.F.);
#3043=EDGE_CURVE('',#3857,#3857,#4485,.F.);
#3044=EDGE_CURVE('',#3858,#3858,#4486,.F.);
#3045=EDGE_CURVE('',#3859,#3859,#4487,.F.);
#3046=EDGE_CURVE('',#3860,#3860,#4488,.T.);
#3047=EDGE_CURVE('',#3861,#3861,#4489,.T.);
#3048=EDGE_CURVE('',#3862,#3862,#4490,.F.);
#3049=EDGE_CURVE('',#3863,#3863,#4491,.T.);
#3050=EDGE_CURVE('',#3864,#3864,#4492,.T.);
#3051=EDGE_CURVE('',#3865,#3865,#4493,.F.);
#3052=EDGE_CURVE('',#3866,#3866,#4494,.T.);
#3053=EDGE_CURVE('',#3867,#3867,#4495,.T.);
#3054=EDGE_CURVE('',#3868,#3868,#4496,.F.);
#3055=EDGE_CURVE('',#3869,#3869,#4497,.T.);
#3056=EDGE_CURVE('',#3870,#3870,#4498,.T.);
#3057=EDGE_CURVE('',#3871,#3871,#4499,.T.);
#3058=EDGE_CURVE('',#3872,#3872,#4500,.T.);
#3059=EDGE_CURVE('',#3873,#3873,#4501,.T.);
#3060=EDGE_CURVE('',#3874,#3874,#4502,.T.);
#3061=EDGE_CURVE('',#3875,#3875,#4503,.T.);
#3062=EDGE_CURVE('',#3876,#3876,#4504,.F.);
#3063=EDGE_CURVE('',#3877,#3877,#4505,.F.);
#3064=EDGE_CURVE('',#3878,#3878,#4506,.F.);
#3065=EDGE_CURVE('',#3879,#3880,#10,.F.);
#3066=EDGE_CURVE('',#3880,#3881,#4507,.T.);
#3067=EDGE_CURVE('',#3882,#3881,#11,.F.);
#3068=EDGE_CURVE('',#3879,#3882,#4508,.T.);
#3069=EDGE_CURVE('',#3883,#3884,#12,.F.);
#3070=EDGE_CURVE('',#3884,#3880,#13,.T.);
#3071=EDGE_CURVE('',#3883,#3879,#14,.T.);
#3072=EDGE_CURVE('',#3881,#3885,#15,.T.);
#3073=EDGE_CURVE('',#3886,#3885,#16,.F.);
#3074=EDGE_CURVE('',#3882,#3886,#17,.F.);
#3075=EDGE_CURVE('',#3886,#3887,#4509,.T.);
#3076=EDGE_CURVE('',#3887,#3888,#18,.F.);
#3077=EDGE_CURVE('',#3888,#3889,#4510,.T.);
#3078=EDGE_CURVE('',#3889,#3890,#19,.T.);
#3079=EDGE_CURVE('',#3890,#3883,#4511,.T.);
#3080=EDGE_CURVE('',#3891,#3891,#4512,.T.);
#3081=EDGE_CURVE('',#3892,#3892,#4513,.T.);
#3082=EDGE_CURVE('',#3893,#3893,#4514,.T.);
#3083=EDGE_CURVE('',#3894,#3894,#4515,.T.);
#3084=EDGE_CURVE('',#3895,#3895,#4516,.T.);
#3085=EDGE_CURVE('',#3896,#3896,#4517,.T.);
#3086=EDGE_CURVE('',#3897,#3897,#4518,.T.);
#3087=EDGE_CURVE('',#3898,#3898,#4519,.T.);
#3088=EDGE_CURVE('',#3899,#3899,#4520,.T.);
#3089=EDGE_CURVE('',#3900,#3900,#4521,.T.);
#3090=EDGE_CURVE('',#3901,#3901,#4522,.T.);
#3091=EDGE_CURVE('',#3902,#3902,#4523,.T.);
#3092=EDGE_CURVE('',#3903,#3903,#4524,.T.);
#3093=EDGE_CURVE('',#3904,#3904,#4525,.T.);
#3094=EDGE_CURVE('',#3905,#3905,#4526,.T.);
#3095=EDGE_CURVE('',#3906,#3906,#4527,.T.);
#3096=EDGE_CURVE('',#3907,#3907,#4528,.T.);
#3097=EDGE_CURVE('',#3908,#3908,#4529,.T.);
#3098=EDGE_CURVE('',#3909,#3909,#4530,.T.);
#3099=EDGE_CURVE('',#3910,#3910,#4531,.T.);
#3100=EDGE_CURVE('',#3911,#3911,#4532,.T.);
#3101=EDGE_CURVE('',#3912,#3912,#4533,.T.);
#3102=EDGE_CURVE('',#3913,#3913,#4534,.T.);
#3103=EDGE_CURVE('',#3914,#3914,#4535,.T.);
#3104=EDGE_CURVE('',#3915,#3915,#4536,.T.);
#3105=EDGE_CURVE('',#3916,#3916,#4537,.T.);
#3106=EDGE_CURVE('',#3917,#3917,#4538,.T.);
#3107=EDGE_CURVE('',#3918,#3918,#4539,.T.);
#3108=EDGE_CURVE('',#3919,#3919,#4540,.T.);
#3109=EDGE_CURVE('',#3920,#3920,#4541,.T.);
#3110=EDGE_CURVE('',#3921,#3921,#4542,.T.);
#3111=EDGE_CURVE('',#3922,#3922,#4543,.T.);
#3112=EDGE_CURVE('',#3923,#3923,#4544,.T.);
#3113=EDGE_CURVE('',#3924,#3924,#4545,.T.);
#3114=EDGE_CURVE('',#3925,#3925,#4546,.T.);
#3115=EDGE_CURVE('',#3926,#3926,#4547,.T.);
#3116=EDGE_CURVE('',#3927,#3927,#4548,.T.);
#3117=EDGE_CURVE('',#3928,#3928,#4549,.T.);
#3118=EDGE_CURVE('',#3929,#3929,#4550,.T.);
#3119=EDGE_CURVE('',#3930,#3930,#4551,.T.);
#3120=EDGE_CURVE('',#3931,#3931,#4552,.T.);
#3121=EDGE_CURVE('',#3932,#3932,#4553,.T.);
#3122=EDGE_CURVE('',#3933,#3933,#4554,.T.);
#3123=EDGE_CURVE('',#3934,#3934,#4555,.T.);
#3124=EDGE_CURVE('',#3935,#3935,#4556,.T.);
#3125=EDGE_CURVE('',#3936,#3936,#4557,.T.);
#3126=EDGE_CURVE('',#3937,#3937,#4558,.T.);
#3127=EDGE_CURVE('',#3938,#3938,#4559,.T.);
#3128=EDGE_CURVE('',#3939,#3939,#4560,.T.);
#3129=EDGE_CURVE('',#3940,#3940,#4561,.T.);
#3130=EDGE_CURVE('',#3941,#3941,#4562,.T.);
#3131=EDGE_CURVE('',#3942,#3942,#4563,.T.);
#3132=EDGE_CURVE('',#3943,#3943,#4564,.T.);
#3133=EDGE_CURVE('',#3944,#3944,#4565,.T.);
#3134=EDGE_CURVE('',#3945,#3945,#4566,.T.);
#3135=EDGE_CURVE('',#3946,#3946,#4567,.T.);
#3136=EDGE_CURVE('',#3947,#3947,#4568,.T.);
#3137=EDGE_CURVE('',#3948,#3948,#4569,.T.);
#3138=EDGE_CURVE('',#3949,#3949,#4570,.T.);
#3139=EDGE_CURVE('',#3950,#3950,#4571,.T.);
#3140=EDGE_CURVE('',#3951,#3951,#4572,.T.);
#3141=EDGE_CURVE('',#3952,#3952,#4573,.T.);
#3142=EDGE_CURVE('',#3953,#3953,#4574,.T.);
#3143=EDGE_CURVE('',#3954,#3954,#4575,.T.);
#3144=EDGE_CURVE('',#3955,#3955,#4576,.T.);
#3145=EDGE_CURVE('',#3956,#3956,#4577,.T.);
#3146=EDGE_CURVE('',#3957,#3957,#4578,.T.);
#3147=EDGE_CURVE('',#3958,#3958,#4579,.T.);
#3148=EDGE_CURVE('',#3959,#3959,#4580,.T.);
#3149=EDGE_CURVE('',#3960,#3960,#4581,.T.);
#3150=EDGE_CURVE('',#3961,#3961,#4582,.T.);
#3151=EDGE_CURVE('',#3962,#3962,#4583,.T.);
#3152=EDGE_CURVE('',#3963,#3963,#4584,.T.);
#3153=EDGE_CURVE('',#3964,#3964,#4585,.T.);
#3154=EDGE_CURVE('',#3965,#3965,#4586,.T.);
#3155=EDGE_CURVE('',#3966,#3966,#4587,.T.);
#3156=EDGE_CURVE('',#3967,#3967,#4588,.T.);
#3157=EDGE_CURVE('',#3968,#3968,#4589,.T.);
#3158=EDGE_CURVE('',#3969,#3969,#4590,.T.);
#3159=EDGE_CURVE('',#3970,#3970,#4591,.T.);
#3160=EDGE_CURVE('',#3971,#3971,#4592,.T.);
#3161=EDGE_CURVE('',#3972,#3972,#4593,.T.);
#3162=EDGE_CURVE('',#3973,#3973,#4594,.T.);
#3163=EDGE_CURVE('',#3974,#3974,#4595,.T.);
#3164=EDGE_CURVE('',#3975,#3975,#4596,.T.);
#3165=EDGE_CURVE('',#3976,#3976,#4597,.T.);
#3166=EDGE_CURVE('',#3977,#3977,#4598,.T.);
#3167=EDGE_CURVE('',#3978,#3978,#4599,.T.);
#3168=EDGE_CURVE('',#3979,#3979,#4600,.T.);
#3169=EDGE_CURVE('',#3980,#3980,#4601,.T.);
#3170=EDGE_CURVE('',#3981,#3981,#4602,.T.);
#3171=EDGE_CURVE('',#3982,#3884,#4603,.T.);
#3172=EDGE_CURVE('',#3983,#3982,#20,.T.);
#3173=EDGE_CURVE('',#3984,#3983,#4604,.T.);
#3174=EDGE_CURVE('',#3985,#3984,#21,.T.);
#3175=EDGE_CURVE('',#3885,#3985,#4605,.T.);
#3176=EDGE_CURVE('',#3986,#3986,#4606,.T.);
#3177=EDGE_CURVE('',#3987,#3987,#4607,.T.);
#3178=EDGE_CURVE('',#3988,#3988,#4608,.T.);
#3179=EDGE_CURVE('',#3989,#3989,#4609,.T.);
#3180=EDGE_CURVE('',#3990,#3990,#4610,.T.);
#3181=EDGE_CURVE('',#3991,#3991,#4611,.T.);
#3182=EDGE_CURVE('',#3992,#3992,#4612,.T.);
#3183=EDGE_CURVE('',#3993,#3993,#4613,.T.);
#3184=EDGE_CURVE('',#3994,#3994,#4614,.T.);
#3185=EDGE_CURVE('',#3995,#3995,#4615,.T.);
#3186=EDGE_CURVE('',#3996,#3996,#4616,.T.);
#3187=EDGE_CURVE('',#3997,#3997,#4617,.T.);
#3188=EDGE_CURVE('',#3998,#3998,#4618,.T.);
#3189=EDGE_CURVE('',#3999,#3999,#4619,.T.);
#3190=EDGE_CURVE('',#4000,#4000,#4620,.T.);
#3191=EDGE_CURVE('',#4001,#4001,#4621,.T.);
#3192=EDGE_CURVE('',#4002,#4002,#4622,.T.);
#3193=EDGE_CURVE('',#4003,#4003,#4623,.T.);
#3194=EDGE_CURVE('',#4004,#4004,#4624,.T.);
#3195=EDGE_CURVE('',#4005,#4005,#4625,.T.);
#3196=EDGE_CURVE('',#4006,#4006,#4626,.T.);
#3197=EDGE_CURVE('',#4007,#4007,#4627,.T.);
#3198=EDGE_CURVE('',#4008,#4008,#4628,.T.);
#3199=EDGE_CURVE('',#4009,#4009,#4629,.T.);
#3200=EDGE_CURVE('',#4010,#4010,#4630,.T.);
#3201=EDGE_CURVE('',#4011,#4011,#4631,.T.);
#3202=EDGE_CURVE('',#4012,#4012,#4632,.T.);
#3203=EDGE_CURVE('',#4013,#4013,#4633,.T.);
#3204=EDGE_CURVE('',#4014,#4014,#4634,.T.);
#3205=EDGE_CURVE('',#4015,#4015,#4635,.T.);
#3206=EDGE_CURVE('',#4016,#4016,#4636,.T.);
#3207=EDGE_CURVE('',#4017,#4017,#4637,.T.);
#3208=EDGE_CURVE('',#4018,#4018,#4638,.T.);
#3209=EDGE_CURVE('',#4019,#4019,#4639,.T.);
#3210=EDGE_CURVE('',#4020,#4020,#4640,.T.);
#3211=EDGE_CURVE('',#4021,#4021,#4641,.T.);
#3212=EDGE_CURVE('',#4022,#4022,#4642,.T.);
#3213=EDGE_CURVE('',#4023,#4023,#4643,.T.);
#3214=EDGE_CURVE('',#4024,#4024,#4644,.T.);
#3215=EDGE_CURVE('',#4025,#4025,#4645,.T.);
#3216=EDGE_CURVE('',#4026,#4026,#4646,.T.);
#3217=EDGE_CURVE('',#4027,#4027,#4647,.T.);
#3218=EDGE_CURVE('',#4028,#4028,#4648,.T.);
#3219=EDGE_CURVE('',#4029,#4029,#4649,.T.);
#3220=EDGE_CURVE('',#4030,#4030,#4650,.T.);
#3221=EDGE_CURVE('',#4031,#4031,#4651,.T.);
#3222=EDGE_CURVE('',#4032,#4032,#4652,.T.);
#3223=EDGE_CURVE('',#4033,#4033,#4653,.T.);
#3224=EDGE_CURVE('',#4034,#4034,#4654,.T.);
#3225=EDGE_CURVE('',#4035,#4035,#4655,.T.);
#3226=EDGE_CURVE('',#4036,#4036,#4656,.T.);
#3227=EDGE_CURVE('',#4037,#4037,#4657,.T.);
#3228=EDGE_CURVE('',#4038,#4038,#4658,.T.);
#3229=EDGE_CURVE('',#4039,#4039,#4659,.T.);
#3230=EDGE_CURVE('',#4040,#4040,#4660,.T.);
#3231=EDGE_CURVE('',#4041,#4041,#4661,.T.);
#3232=EDGE_CURVE('',#4042,#4042,#4662,.T.);
#3233=EDGE_CURVE('',#4043,#4043,#4663,.T.);
#3234=EDGE_CURVE('',#4044,#4044,#4664,.T.);
#3235=EDGE_CURVE('',#4045,#4045,#4665,.T.);
#3236=EDGE_CURVE('',#4046,#4046,#4666,.T.);
#3237=EDGE_CURVE('',#4047,#4047,#4667,.T.);
#3238=EDGE_CURVE('',#4048,#4048,#4668,.T.);
#3239=EDGE_CURVE('',#4049,#4049,#4669,.T.);
#3240=EDGE_CURVE('',#4050,#4050,#4670,.T.);
#3241=EDGE_CURVE('',#4051,#4051,#4671,.T.);
#3242=EDGE_CURVE('',#4052,#4052,#4672,.T.);
#3243=EDGE_CURVE('',#4053,#4053,#4673,.T.);
#3244=EDGE_CURVE('',#4054,#4054,#4674,.T.);
#3245=EDGE_CURVE('',#4055,#4055,#4675,.T.);
#3246=EDGE_CURVE('',#4056,#4056,#4676,.T.);
#3247=EDGE_CURVE('',#4057,#4057,#4677,.T.);
#3248=EDGE_CURVE('',#4058,#4058,#4678,.T.);
#3249=EDGE_CURVE('',#4059,#4059,#4679,.T.);
#3250=EDGE_CURVE('',#4060,#4060,#4680,.T.);
#3251=EDGE_CURVE('',#4061,#4061,#4681,.T.);
#3252=EDGE_CURVE('',#4062,#4062,#4682,.T.);
#3253=EDGE_CURVE('',#4063,#4063,#4683,.T.);
#3254=EDGE_CURVE('',#4064,#4064,#4684,.T.);
#3255=EDGE_CURVE('',#4065,#4065,#4685,.T.);
#3256=EDGE_CURVE('',#4066,#4066,#4686,.T.);
#3257=EDGE_CURVE('',#4067,#4067,#4687,.T.);
#3258=EDGE_CURVE('',#4068,#4068,#4688,.T.);
#3259=EDGE_CURVE('',#4069,#4069,#4689,.T.);
#3260=EDGE_CURVE('',#4070,#4070,#4690,.T.);
#3261=EDGE_CURVE('',#4071,#4071,#4691,.T.);
#3262=EDGE_CURVE('',#4072,#4072,#4692,.T.);
#3263=EDGE_CURVE('',#4073,#4073,#4693,.T.);
#3264=EDGE_CURVE('',#4074,#4074,#4694,.T.);
#3265=EDGE_CURVE('',#4075,#4075,#4695,.T.);
#3266=EDGE_CURVE('',#4076,#4076,#4696,.T.);
#3267=EDGE_CURVE('',#3890,#3982,#22,.F.);
#3268=EDGE_CURVE('',#3887,#3985,#23,.F.);
#3269=EDGE_CURVE('',#3889,#3983,#24,.F.);
#3270=EDGE_CURVE('',#3888,#3984,#25,.F.);
#3271=EDGE_CURVE('',#4077,#4077,#4697,.T.);
#3272=EDGE_CURVE('',#4078,#4078,#4698,.T.);
#3273=EDGE_CURVE('',#4079,#4079,#4699,.T.);
#3274=EDGE_CURVE('',#4080,#4080,#4700,.T.);
#3275=EDGE_CURVE('',#4081,#4081,#4701,.T.);
#3276=EDGE_CURVE('',#4082,#4082,#4702,.F.);
#3277=EDGE_CURVE('',#4083,#4083,#4703,.F.);
#3278=EDGE_CURVE('',#4084,#4084,#4704,.F.);
#3279=EDGE_CURVE('',#4085,#4086,#26,.T.);
#3280=EDGE_CURVE('',#4086,#4087,#27,.F.);
#3281=EDGE_CURVE('',#4088,#4087,#28,.T.);
#3282=EDGE_CURVE('',#4085,#4088,#29,.F.);
#3283=EDGE_CURVE('',#4089,#4085,#30,.T.);
#3284=EDGE_CURVE('',#4090,#4088,#31,.F.);
#3285=EDGE_CURVE('',#4089,#4090,#32,.F.);
#3286=EDGE_CURVE('',#4086,#4091,#33,.T.);
#3287=EDGE_CURVE('',#4091,#4092,#34,.F.);
#3288=EDGE_CURVE('',#4087,#4092,#35,.F.);
#3289=EDGE_CURVE('',#4093,#4089,#36,.T.);
#3290=EDGE_CURVE('',#4094,#4093,#37,.T.);
#3291=EDGE_CURVE('',#4095,#4094,#38,.T.);
#3292=EDGE_CURVE('',#4096,#4095,#39,.T.);
#3293=EDGE_CURVE('',#4097,#4096,#40,.T.);
#3294=EDGE_CURVE('',#4098,#4097,#41,.T.);
#3295=EDGE_CURVE('',#4099,#4098,#42,.T.);
#3296=EDGE_CURVE('',#4100,#4099,#43,.T.);
#3297=EDGE_CURVE('',#4101,#4100,#44,.T.);
#3298=EDGE_CURVE('',#4102,#4101,#45,.T.);
#3299=EDGE_CURVE('',#4103,#4102,#46,.T.);
#3300=EDGE_CURVE('',#4104,#4103,#47,.T.);
#3301=EDGE_CURVE('',#4105,#4104,#48,.T.);
#3302=EDGE_CURVE('',#4106,#4105,#49,.T.);
#3303=EDGE_CURVE('',#4107,#4106,#50,.T.);
#3304=EDGE_CURVE('',#4108,#4107,#51,.T.);
#3305=EDGE_CURVE('',#4109,#4108,#52,.T.);
#3306=EDGE_CURVE('',#4110,#4109,#53,.T.);
#3307=EDGE_CURVE('',#4111,#4110,#54,.T.);
#3308=EDGE_CURVE('',#4112,#4111,#55,.T.);
#3309=EDGE_CURVE('',#4113,#4112,#56,.T.);
#3310=EDGE_CURVE('',#4114,#4113,#57,.T.);
#3311=EDGE_CURVE('',#4115,#4114,#58,.T.);
#3312=EDGE_CURVE('',#4116,#4115,#59,.T.);
#3313=EDGE_CURVE('',#4117,#4116,#60,.T.);
#3314=EDGE_CURVE('',#4118,#4117,#61,.T.);
#3315=EDGE_CURVE('',#4119,#4118,#62,.T.);
#3316=EDGE_CURVE('',#4120,#4119,#63,.T.);
#3317=EDGE_CURVE('',#4121,#4120,#64,.T.);
#3318=EDGE_CURVE('',#4122,#4121,#65,.T.);
#3319=EDGE_CURVE('',#4123,#4122,#66,.T.);
#3320=EDGE_CURVE('',#4124,#4123,#67,.T.);
#3321=EDGE_CURVE('',#4125,#4124,#68,.T.);
#3322=EDGE_CURVE('',#4126,#4125,#69,.T.);
#3323=EDGE_CURVE('',#4127,#4126,#70,.T.);
#3324=EDGE_CURVE('',#4128,#4127,#71,.T.);
#3325=EDGE_CURVE('',#4129,#4128,#72,.T.);
#3326=EDGE_CURVE('',#4130,#4129,#73,.T.);
#3327=EDGE_CURVE('',#4131,#4130,#74,.T.);
#3328=EDGE_CURVE('',#4132,#4131,#75,.T.);
#3329=EDGE_CURVE('',#4133,#4132,#76,.T.);
#3330=EDGE_CURVE('',#4134,#4133,#77,.T.);
#3331=EDGE_CURVE('',#4135,#4134,#78,.T.);
#3332=EDGE_CURVE('',#4136,#4135,#79,.T.);
#3333=EDGE_CURVE('',#4137,#4136,#80,.T.);
#3334=EDGE_CURVE('',#4138,#4137,#81,.T.);
#3335=EDGE_CURVE('',#4091,#4138,#82,.T.);
#3336=EDGE_CURVE('',#4139,#4140,#83,.T.);
#3337=EDGE_CURVE('',#4140,#4141,#84,.F.);
#3338=EDGE_CURVE('',#4142,#4141,#85,.F.);
#3339=EDGE_CURVE('',#4139,#4142,#86,.F.);
#3340=EDGE_CURVE('',#4143,#4144,#87,.F.);
#3341=EDGE_CURVE('',#4145,#4143,#88,.F.);
#3342=EDGE_CURVE('',#4145,#4146,#89,.T.);
#3343=EDGE_CURVE('',#4146,#4144,#90,.F.);
#3344=EDGE_CURVE('',#4147,#4148,#91,.F.);
#3345=EDGE_CURVE('',#4149,#4148,#92,.F.);
#3346=EDGE_CURVE('',#4150,#4149,#93,.F.);
#3347=EDGE_CURVE('',#4150,#4147,#94,.T.);
#3348=EDGE_CURVE('',#4151,#4152,#95,.F.);
#3349=EDGE_CURVE('',#4153,#4151,#96,.F.);
#3350=EDGE_CURVE('',#4153,#4154,#97,.T.);
#3351=EDGE_CURVE('',#4154,#4152,#98,.F.);
#3352=EDGE_CURVE('',#4155,#4156,#99,.F.);
#3353=EDGE_CURVE('',#4157,#4156,#100,.F.);
#3354=EDGE_CURVE('',#4158,#4157,#101,.F.);
#3355=EDGE_CURVE('',#4158,#4155,#102,.T.);
#3356=EDGE_CURVE('',#4159,#4160,#103,.F.);
#3357=EDGE_CURVE('',#4161,#4159,#104,.F.);
#3358=EDGE_CURVE('',#4161,#4162,#105,.T.);
#3359=EDGE_CURVE('',#4162,#4160,#106,.F.);
#3360=EDGE_CURVE('',#4163,#4164,#107,.T.);
#3361=EDGE_CURVE('',#4164,#4165,#108,.F.);
#3362=EDGE_CURVE('',#4166,#4165,#109,.F.);
#3363=EDGE_CURVE('',#4163,#4166,#110,.F.);
#3364=EDGE_CURVE('',#4167,#4168,#111,.F.);
#3365=EDGE_CURVE('',#4169,#4168,#112,.F.);
#3366=EDGE_CURVE('',#4170,#4169,#113,.F.);
#3367=EDGE_CURVE('',#4170,#4167,#114,.T.);
#3368=EDGE_CURVE('',#4092,#4171,#115,.T.);
#3369=EDGE_CURVE('',#4171,#4172,#116,.T.);
#3370=EDGE_CURVE('',#4172,#4173,#117,.F.);
#3371=EDGE_CURVE('',#4173,#4174,#118,.T.);
#3372=EDGE_CURVE('',#4174,#4175,#119,.T.);
#3373=EDGE_CURVE('',#4175,#4176,#120,.F.);
#3374=EDGE_CURVE('',#4176,#4177,#121,.T.);
#3375=EDGE_CURVE('',#4177,#4178,#122,.T.);
#3376=EDGE_CURVE('',#4178,#4179,#123,.F.);
#3377=EDGE_CURVE('',#4179,#4180,#124,.T.);
#3378=EDGE_CURVE('',#4180,#4181,#125,.T.);
#3379=EDGE_CURVE('',#4181,#4182,#126,.F.);
#3380=EDGE_CURVE('',#4182,#4183,#127,.T.);
#3381=EDGE_CURVE('',#4183,#4184,#128,.T.);
#3382=EDGE_CURVE('',#4184,#4185,#129,.F.);
#3383=EDGE_CURVE('',#4185,#4186,#130,.T.);
#3384=EDGE_CURVE('',#4186,#4187,#131,.T.);
#3385=EDGE_CURVE('',#4187,#4188,#132,.F.);
#3386=EDGE_CURVE('',#4188,#4189,#133,.T.);
#3387=EDGE_CURVE('',#4189,#4190,#134,.T.);
#3388=EDGE_CURVE('',#4190,#4191,#135,.F.);
#3389=EDGE_CURVE('',#4191,#4192,#136,.T.);
#3390=EDGE_CURVE('',#4192,#4193,#137,.T.);
#3391=EDGE_CURVE('',#4193,#4194,#138,.T.);
#3392=EDGE_CURVE('',#4194,#4195,#139,.T.);
#3393=EDGE_CURVE('',#4195,#4196,#140,.T.);
#3394=EDGE_CURVE('',#4196,#4197,#141,.T.);
#3395=EDGE_CURVE('',#4197,#4198,#142,.T.);
#3396=EDGE_CURVE('',#4198,#4199,#143,.T.);
#3397=EDGE_CURVE('',#4199,#4200,#144,.T.);
#3398=EDGE_CURVE('',#4200,#4201,#145,.T.);
#3399=EDGE_CURVE('',#4201,#4202,#146,.T.);
#3400=EDGE_CURVE('',#4202,#4203,#147,.T.);
#3401=EDGE_CURVE('',#4203,#4204,#148,.T.);
#3402=EDGE_CURVE('',#4204,#4205,#149,.T.);
#3403=EDGE_CURVE('',#4205,#4206,#150,.T.);
#3404=EDGE_CURVE('',#4206,#4207,#151,.T.);
#3405=EDGE_CURVE('',#4207,#4208,#152,.T.);
#3406=EDGE_CURVE('',#4208,#4209,#153,.T.);
#3407=EDGE_CURVE('',#4209,#4210,#154,.T.);
#3408=EDGE_CURVE('',#4210,#4211,#155,.T.);
#3409=EDGE_CURVE('',#4211,#4212,#156,.T.);
#3410=EDGE_CURVE('',#4212,#4213,#157,.T.);
#3411=EDGE_CURVE('',#4213,#4214,#158,.T.);
#3412=EDGE_CURVE('',#4214,#4215,#159,.T.);
#3413=EDGE_CURVE('',#4215,#4216,#160,.T.);
#3414=EDGE_CURVE('',#4216,#4090,#161,.T.);
#3415=EDGE_CURVE('',#4217,#4218,#162,.F.);
#3416=EDGE_CURVE('',#4218,#4219,#163,.T.);
#3417=EDGE_CURVE('',#4220,#4219,#164,.F.);
#3418=EDGE_CURVE('',#4217,#4220,#165,.F.);
#3419=EDGE_CURVE('',#4221,#4222,#166,.F.);
#3420=EDGE_CURVE('',#4223,#4221,#167,.F.);
#3421=EDGE_CURVE('',#4223,#4224,#168,.F.);
#3422=EDGE_CURVE('',#4224,#4222,#169,.T.);
#3423=EDGE_CURVE('',#4225,#4226,#170,.F.);
#3424=EDGE_CURVE('',#4225,#4227,#171,.F.);
#3425=EDGE_CURVE('',#4227,#4228,#172,.T.);
#3426=EDGE_CURVE('',#4226,#4228,#173,.F.);
#3427=EDGE_CURVE('',#4229,#4230,#174,.F.);
#3428=EDGE_CURVE('',#4231,#4229,#175,.F.);
#3429=EDGE_CURVE('',#4231,#4232,#176,.F.);
#3430=EDGE_CURVE('',#4232,#4230,#177,.T.);
#3431=EDGE_CURVE('',#4233,#4234,#178,.F.);
#3432=EDGE_CURVE('',#4233,#4235,#179,.F.);
#3433=EDGE_CURVE('',#4235,#4236,#180,.T.);
#3434=EDGE_CURVE('',#4234,#4236,#181,.F.);
#3435=EDGE_CURVE('',#4237,#4238,#182,.F.);
#3436=EDGE_CURVE('',#4239,#4237,#183,.F.);
#3437=EDGE_CURVE('',#4239,#4240,#184,.F.);
#3438=EDGE_CURVE('',#4240,#4238,#185,.T.);
#3439=EDGE_CURVE('',#4241,#4242,#186,.F.);
#3440=EDGE_CURVE('',#4242,#4243,#187,.T.);
#3441=EDGE_CURVE('',#4244,#4243,#188,.F.);
#3442=EDGE_CURVE('',#4241,#4244,#189,.F.);
#3443=EDGE_CURVE('',#4245,#4246,#190,.F.);
#3444=EDGE_CURVE('',#4245,#4247,#191,.F.);
#3445=EDGE_CURVE('',#4247,#4248,#192,.T.);
#3446=EDGE_CURVE('',#4246,#4248,#193,.F.);
#3447=EDGE_CURVE('',#4093,#4216,#194,.F.);
#3448=EDGE_CURVE('',#4138,#4171,#195,.F.);
#3449=EDGE_CURVE('',#4094,#4215,#196,.F.);
#3450=EDGE_CURVE('',#4137,#4172,#197,.F.);
#3451=EDGE_CURVE('',#4095,#4214,#198,.F.);
#3452=EDGE_CURVE('',#4136,#4173,#199,.F.);
#3453=EDGE_CURVE('',#4096,#4213,#200,.F.);
#3454=EDGE_CURVE('',#4135,#4174,#201,.F.);
#3455=EDGE_CURVE('',#4097,#4212,#202,.F.);
#3456=EDGE_CURVE('',#4134,#4175,#203,.F.);
#3457=EDGE_CURVE('',#4098,#4211,#204,.F.);
#3458=EDGE_CURVE('',#4133,#4176,#205,.F.);
#3459=EDGE_CURVE('',#4099,#4210,#206,.F.);
#3460=EDGE_CURVE('',#4132,#4177,#207,.F.);
#3461=EDGE_CURVE('',#4100,#4209,#208,.F.);
#3462=EDGE_CURVE('',#4131,#4178,#209,.F.);
#3463=EDGE_CURVE('',#4101,#4208,#210,.F.);
#3464=EDGE_CURVE('',#4130,#4179,#211,.F.);
#3465=EDGE_CURVE('',#4102,#4207,#212,.F.);
#3466=EDGE_CURVE('',#4129,#4180,#213,.F.);
#3467=EDGE_CURVE('',#4103,#4206,#214,.F.);
#3468=EDGE_CURVE('',#4128,#4181,#215,.F.);
#3469=EDGE_CURVE('',#4104,#4205,#216,.F.);
#3470=EDGE_CURVE('',#4127,#4182,#217,.F.);
#3471=EDGE_CURVE('',#4105,#4204,#218,.F.);
#3472=EDGE_CURVE('',#4126,#4183,#219,.F.);
#3473=EDGE_CURVE('',#4106,#4203,#220,.F.);
#3474=EDGE_CURVE('',#4125,#4184,#221,.F.);
#3475=EDGE_CURVE('',#4107,#4202,#222,.F.);
#3476=EDGE_CURVE('',#4124,#4185,#223,.F.);
#3477=EDGE_CURVE('',#4108,#4201,#224,.F.);
#3478=EDGE_CURVE('',#4123,#4186,#225,.F.);
#3479=EDGE_CURVE('',#4109,#4200,#226,.F.);
#3480=EDGE_CURVE('',#4122,#4187,#227,.F.);
#3481=EDGE_CURVE('',#4110,#4199,#228,.F.);
#3482=EDGE_CURVE('',#4121,#4188,#229,.F.);
#3483=EDGE_CURVE('',#4111,#4198,#230,.F.);
#3484=EDGE_CURVE('',#4120,#4189,#231,.F.);
#3485=EDGE_CURVE('',#4112,#4197,#232,.F.);
#3486=EDGE_CURVE('',#4119,#4190,#233,.F.);
#3487=EDGE_CURVE('',#4113,#4196,#234,.F.);
#3488=EDGE_CURVE('',#4118,#4191,#235,.F.);
#3489=EDGE_CURVE('',#4114,#4195,#236,.F.);
#3490=EDGE_CURVE('',#4117,#4192,#237,.F.);
#3491=EDGE_CURVE('',#4115,#4194,#238,.F.);
#3492=EDGE_CURVE('',#4116,#4193,#239,.F.);
#3493=EDGE_CURVE('',#4249,#4142,#240,.T.);
#3494=EDGE_CURVE('',#4249,#4250,#241,.T.);
#3495=EDGE_CURVE('',#4250,#4139,#242,.T.);
#3496=EDGE_CURVE('',#4250,#4251,#243,.F.);
#3497=EDGE_CURVE('',#4251,#4140,#244,.T.);
#3498=EDGE_CURVE('',#4252,#4251,#245,.F.);
#3499=EDGE_CURVE('',#4252,#4141,#246,.T.);
#3500=EDGE_CURVE('',#4249,#4252,#247,.T.);
#3501=EDGE_CURVE('',#4253,#4146,#248,.T.);
#3502=EDGE_CURVE('',#4254,#4253,#249,.F.);
#3503=EDGE_CURVE('',#4254,#4144,#250,.T.);
#3504=EDGE_CURVE('',#4255,#4254,#251,.T.);
#3505=EDGE_CURVE('',#4255,#4143,#252,.T.);
#3506=EDGE_CURVE('',#4255,#4256,#253,.T.);
#3507=EDGE_CURVE('',#4256,#4145,#254,.T.);
#3508=EDGE_CURVE('',#4256,#4253,#255,.F.);
#3509=EDGE_CURVE('',#4257,#4150,#256,.T.);
#3510=EDGE_CURVE('',#4257,#4258,#257,.F.);
#3511=EDGE_CURVE('',#4258,#4147,#258,.T.);
#3512=EDGE_CURVE('',#4259,#4258,#259,.F.);
#3513=EDGE_CURVE('',#4259,#4148,#260,.T.);
#3514=EDGE_CURVE('',#4260,#4259,#261,.T.);
#3515=EDGE_CURVE('',#4260,#4149,#262,.T.);
#3516=EDGE_CURVE('',#4260,#4257,#263,.T.);
#3517=EDGE_CURVE('',#4261,#4154,#264,.T.);
#3518=EDGE_CURVE('',#4262,#4261,#265,.F.);
#3519=EDGE_CURVE('',#4262,#4152,#266,.T.);
#3520=EDGE_CURVE('',#4263,#4262,#267,.T.);
#3521=EDGE_CURVE('',#4263,#4151,#268,.T.);
#3522=EDGE_CURVE('',#4263,#4264,#269,.T.);
#3523=EDGE_CURVE('',#4264,#4153,#270,.T.);
#3524=EDGE_CURVE('',#4264,#4261,#271,.F.);
#3525=EDGE_CURVE('',#4265,#4158,#272,.T.);
#3526=EDGE_CURVE('',#4265,#4266,#273,.F.);
#3527=EDGE_CURVE('',#4266,#4155,#274,.T.);
#3528=EDGE_CURVE('',#4267,#4266,#275,.F.);
#3529=EDGE_CURVE('',#4267,#4156,#276,.T.);
#3530=EDGE_CURVE('',#4268,#4267,#277,.T.);
#3531=EDGE_CURVE('',#4268,#4157,#278,.T.);
#3532=EDGE_CURVE('',#4268,#4265,#279,.T.);
#3533=EDGE_CURVE('',#4269,#4162,#280,.T.);
#3534=EDGE_CURVE('',#4270,#4269,#281,.F.);
#3535=EDGE_CURVE('',#4270,#4160,#282,.T.);
#3536=EDGE_CURVE('',#4271,#4270,#283,.T.);
#3537=EDGE_CURVE('',#4271,#4159,#284,.T.);
#3538=EDGE_CURVE('',#4271,#4272,#285,.T.);
#3539=EDGE_CURVE('',#4272,#4161,#286,.T.);
#3540=EDGE_CURVE('',#4272,#4269,#287,.F.);
#3541=EDGE_CURVE('',#4273,#4166,#288,.T.);
#3542=EDGE_CURVE('',#4273,#4274,#289,.T.);
#3543=EDGE_CURVE('',#4274,#4163,#290,.T.);
#3544=EDGE_CURVE('',#4274,#4275,#291,.F.);
#3545=EDGE_CURVE('',#4275,#4164,#292,.T.);
#3546=EDGE_CURVE('',#4276,#4275,#293,.F.);
#3547=EDGE_CURVE('',#4276,#4165,#294,.T.);
#3548=EDGE_CURVE('',#4273,#4276,#295,.T.);
#3549=EDGE_CURVE('',#4277,#4170,#296,.T.);
#3550=EDGE_CURVE('',#4277,#4278,#297,.F.);
#3551=EDGE_CURVE('',#4278,#4167,#298,.T.);
#3552=EDGE_CURVE('',#4279,#4278,#299,.F.);
#3553=EDGE_CURVE('',#4279,#4168,#300,.T.);
#3554=EDGE_CURVE('',#4280,#4279,#301,.T.);
#3555=EDGE_CURVE('',#4280,#4169,#302,.T.);
#3556=EDGE_CURVE('',#4280,#4277,#303,.T.);
#3557=EDGE_CURVE('',#4281,#4282,#304,.F.);
#3558=EDGE_CURVE('',#4218,#4281,#305,.T.);
#3559=EDGE_CURVE('',#4217,#4282,#306,.T.);
#3560=EDGE_CURVE('',#4220,#4283,#307,.T.);
#3561=EDGE_CURVE('',#4282,#4283,#308,.T.);
#3562=EDGE_CURVE('',#4219,#4284,#309,.T.);
#3563=EDGE_CURVE('',#4284,#4283,#310,.T.);
#3564=EDGE_CURVE('',#4281,#4284,#311,.F.);
#3565=EDGE_CURVE('',#4221,#4285,#312,.T.);
#3566=EDGE_CURVE('',#4222,#4286,#313,.T.);
#3567=EDGE_CURVE('',#4286,#4285,#314,.T.);
#3568=EDGE_CURVE('',#4287,#4286,#315,.F.);
#3569=EDGE_CURVE('',#4224,#4287,#316,.T.);
#3570=EDGE_CURVE('',#4287,#4288,#317,.F.);
#3571=EDGE_CURVE('',#4223,#4288,#318,.T.);
#3572=EDGE_CURVE('',#4288,#4285,#319,.T.);
#3573=EDGE_CURVE('',#4225,#4289,#320,.T.);
#3574=EDGE_CURVE('',#4226,#4290,#321,.T.);
#3575=EDGE_CURVE('',#4289,#4290,#322,.T.);
#3576=EDGE_CURVE('',#4228,#4291,#323,.T.);
#3577=EDGE_CURVE('',#4291,#4290,#324,.T.);
#3578=EDGE_CURVE('',#4292,#4291,#325,.F.);
#3579=EDGE_CURVE('',#4227,#4292,#326,.T.);
#3580=EDGE_CURVE('',#4292,#4289,#327,.F.);
#3581=EDGE_CURVE('',#4229,#4293,#328,.T.);
#3582=EDGE_CURVE('',#4230,#4294,#329,.T.);
#3583=EDGE_CURVE('',#4294,#4293,#330,.T.);
#3584=EDGE_CURVE('',#4295,#4294,#331,.F.);
#3585=EDGE_CURVE('',#4232,#4295,#332,.T.);
#3586=EDGE_CURVE('',#4295,#4296,#333,.F.);
#3587=EDGE_CURVE('',#4231,#4296,#334,.T.);
#3588=EDGE_CURVE('',#4296,#4293,#335,.T.);
#3589=EDGE_CURVE('',#4233,#4297,#336,.T.);
#3590=EDGE_CURVE('',#4234,#4298,#337,.T.);
#3591=EDGE_CURVE('',#4297,#4298,#338,.T.);
#3592=EDGE_CURVE('',#4236,#4299,#339,.T.);
#3593=EDGE_CURVE('',#4299,#4298,#340,.T.);
#3594=EDGE_CURVE('',#4300,#4299,#341,.F.);
#3595=EDGE_CURVE('',#4235,#4300,#342,.T.);
#3596=EDGE_CURVE('',#4300,#4297,#343,.F.);
#3597=EDGE_CURVE('',#4237,#4301,#344,.T.);
#3598=EDGE_CURVE('',#4238,#4302,#345,.T.);
#3599=EDGE_CURVE('',#4302,#4301,#346,.T.);
#3600=EDGE_CURVE('',#4303,#4302,#347,.F.);
#3601=EDGE_CURVE('',#4240,#4303,#348,.T.);
#3602=EDGE_CURVE('',#4303,#4304,#349,.F.);
#3603=EDGE_CURVE('',#4239,#4304,#350,.T.);
#3604=EDGE_CURVE('',#4304,#4301,#351,.T.);
#3605=EDGE_CURVE('',#4305,#4306,#352,.F.);
#3606=EDGE_CURVE('',#4242,#4305,#353,.T.);
#3607=EDGE_CURVE('',#4241,#4306,#354,.T.);
#3608=EDGE_CURVE('',#4244,#4307,#355,.T.);
#3609=EDGE_CURVE('',#4306,#4307,#356,.T.);
#3610=EDGE_CURVE('',#4243,#4308,#357,.T.);
#3611=EDGE_CURVE('',#4308,#4307,#358,.T.);
#3612=EDGE_CURVE('',#4305,#4308,#359,.F.);
#3613=EDGE_CURVE('',#4245,#4309,#360,.T.);
#3614=EDGE_CURVE('',#4246,#4310,#361,.T.);
#3615=EDGE_CURVE('',#4309,#4310,#362,.T.);
#3616=EDGE_CURVE('',#4248,#4311,#363,.T.);
#3617=EDGE_CURVE('',#4311,#4310,#364,.T.);
#3618=EDGE_CURVE('',#4312,#4311,#365,.F.);
#3619=EDGE_CURVE('',#4247,#4312,#366,.T.);
#3620=EDGE_CURVE('',#4312,#4309,#367,.F.);
#3621=EDGE_CURVE('',#4313,#4314,#368,.F.);
#3622=EDGE_CURVE('',#4250,#4314,#369,.T.);
#3623=EDGE_CURVE('',#4249,#4313,#370,.T.);
#3624=EDGE_CURVE('',#4314,#4315,#371,.T.);
#3625=EDGE_CURVE('',#4251,#4315,#372,.T.);
#3626=EDGE_CURVE('',#4252,#4316,#373,.T.);
#3627=EDGE_CURVE('',#4316,#4315,#374,.T.);
#3628=EDGE_CURVE('',#4313,#4316,#375,.T.);
#3629=EDGE_CURVE('',#4254,#4317,#376,.T.);
#3630=EDGE_CURVE('',#4253,#4318,#377,.T.);
#3631=EDGE_CURVE('',#4317,#4318,#378,.T.);
#3632=EDGE_CURVE('',#4255,#4319,#379,.T.);
#3633=EDGE_CURVE('',#4319,#4317,#380,.T.);
#3634=EDGE_CURVE('',#4319,#4320,#381,.F.);
#3635=EDGE_CURVE('',#4256,#4320,#382,.T.);
#3636=EDGE_CURVE('',#4320,#4318,#383,.T.);
#3637=EDGE_CURVE('',#4321,#4322,#384,.T.);
#3638=EDGE_CURVE('',#4258,#4322,#385,.T.);
#3639=EDGE_CURVE('',#4257,#4321,#386,.T.);
#3640=EDGE_CURVE('',#4259,#4323,#387,.T.);
#3641=EDGE_CURVE('',#4323,#4322,#388,.T.);
#3642=EDGE_CURVE('',#4260,#4324,#389,.T.);
#3643=EDGE_CURVE('',#4324,#4323,#390,.T.);
#3644=EDGE_CURVE('',#4324,#4321,#391,.F.);
#3645=EDGE_CURVE('',#4262,#4325,#392,.T.);
#3646=EDGE_CURVE('',#4261,#4326,#393,.T.);
#3647=EDGE_CURVE('',#4325,#4326,#394,.T.);
#3648=EDGE_CURVE('',#4263,#4327,#395,.T.);
#3649=EDGE_CURVE('',#4327,#4325,#396,.T.);
#3650=EDGE_CURVE('',#4327,#4328,#397,.F.);
#3651=EDGE_CURVE('',#4264,#4328,#398,.T.);
#3652=EDGE_CURVE('',#4328,#4326,#399,.T.);
#3653=EDGE_CURVE('',#4329,#4330,#400,.T.);
#3654=EDGE_CURVE('',#4266,#4330,#401,.T.);
#3655=EDGE_CURVE('',#4265,#4329,#402,.T.);
#3656=EDGE_CURVE('',#4267,#4331,#403,.T.);
#3657=EDGE_CURVE('',#4331,#4330,#404,.T.);
#3658=EDGE_CURVE('',#4268,#4332,#405,.T.);
#3659=EDGE_CURVE('',#4332,#4331,#406,.T.);
#3660=EDGE_CURVE('',#4332,#4329,#407,.F.);
#3661=EDGE_CURVE('',#4270,#4333,#408,.T.);
#3662=EDGE_CURVE('',#4269,#4334,#409,.T.);
#3663=EDGE_CURVE('',#4333,#4334,#410,.T.);
#3664=EDGE_CURVE('',#4271,#4335,#411,.T.);
#3665=EDGE_CURVE('',#4335,#4333,#412,.T.);
#3666=EDGE_CURVE('',#4335,#4336,#413,.F.);
#3667=EDGE_CURVE('',#4272,#4336,#414,.T.);
#3668=EDGE_CURVE('',#4336,#4334,#415,.T.);
#3669=EDGE_CURVE('',#4337,#4338,#416,.F.);
#3670=EDGE_CURVE('',#4274,#4338,#417,.T.);
#3671=EDGE_CURVE('',#4273,#4337,#418,.T.);
#3672=EDGE_CURVE('',#4338,#4339,#419,.T.);
#3673=EDGE_CURVE('',#4275,#4339,#420,.T.);
#3674=EDGE_CURVE('',#4276,#4340,#421,.T.);
#3675=EDGE_CURVE('',#4340,#4339,#422,.T.);
#3676=EDGE_CURVE('',#4337,#4340,#423,.T.);
#3677=EDGE_CURVE('',#4341,#4342,#424,.T.);
#3678=EDGE_CURVE('',#4278,#4342,#425,.T.);
#3679=EDGE_CURVE('',#4277,#4341,#426,.T.);
#3680=EDGE_CURVE('',#4279,#4343,#427,.T.);
#3681=EDGE_CURVE('',#4343,#4342,#428,.T.);
#3682=EDGE_CURVE('',#4280,#4344,#429,.T.);
#3683=EDGE_CURVE('',#4344,#4343,#430,.T.);
#3684=EDGE_CURVE('',#4344,#4341,#431,.F.);
#3685=EDGE_CURVE('',#4281,#4345,#432,.T.);
#3686=EDGE_CURVE('',#4282,#4346,#433,.T.);
#3687=EDGE_CURVE('',#4345,#4346,#434,.T.);
#3688=EDGE_CURVE('',#4283,#4347,#435,.T.);
#3689=EDGE_CURVE('',#4346,#4347,#436,.T.);
#3690=EDGE_CURVE('',#4348,#4347,#437,.F.);
#3691=EDGE_CURVE('',#4284,#4348,#438,.T.);
#3692=EDGE_CURVE('',#4345,#4348,#439,.T.);
#3693=EDGE_CURVE('',#4349,#4350,#440,.F.);
#3694=EDGE_CURVE('',#4285,#4350,#441,.T.);
#3695=EDGE_CURVE('',#4286,#4349,#442,.T.);
#3696=EDGE_CURVE('',#4351,#4349,#443,.T.);
#3697=EDGE_CURVE('',#4287,#4351,#444,.T.);
#3698=EDGE_CURVE('',#4288,#4352,#445,.T.);
#3699=EDGE_CURVE('',#4351,#4352,#446,.T.);
#3700=EDGE_CURVE('',#4352,#4350,#447,.T.);
#3701=EDGE_CURVE('',#4289,#4353,#448,.T.);
#3702=EDGE_CURVE('',#4290,#4354,#449,.T.);
#3703=EDGE_CURVE('',#4353,#4354,#450,.T.);
#3704=EDGE_CURVE('',#4355,#4354,#451,.F.);
#3705=EDGE_CURVE('',#4291,#4355,#452,.T.);
#3706=EDGE_CURVE('',#4356,#4355,#453,.T.);
#3707=EDGE_CURVE('',#4292,#4356,#454,.T.);
#3708=EDGE_CURVE('',#4356,#4353,#455,.T.);
#3709=EDGE_CURVE('',#4357,#4358,#456,.F.);
#3710=EDGE_CURVE('',#4293,#4358,#457,.T.);
#3711=EDGE_CURVE('',#4294,#4357,#458,.T.);
#3712=EDGE_CURVE('',#4359,#4357,#459,.T.);
#3713=EDGE_CURVE('',#4295,#4359,#460,.T.);
#3714=EDGE_CURVE('',#4296,#4360,#461,.T.);
#3715=EDGE_CURVE('',#4359,#4360,#462,.T.);
#3716=EDGE_CURVE('',#4360,#4358,#463,.T.);
#3717=EDGE_CURVE('',#4297,#4361,#464,.T.);
#3718=EDGE_CURVE('',#4298,#4362,#465,.T.);
#3719=EDGE_CURVE('',#4361,#4362,#466,.T.);
#3720=EDGE_CURVE('',#4363,#4362,#467,.F.);
#3721=EDGE_CURVE('',#4299,#4363,#468,.T.);
#3722=EDGE_CURVE('',#4364,#4363,#469,.T.);
#3723=EDGE_CURVE('',#4300,#4364,#470,.T.);
#3724=EDGE_CURVE('',#4364,#4361,#471,.T.);
#3725=EDGE_CURVE('',#4365,#4366,#472,.F.);
#3726=EDGE_CURVE('',#4301,#4366,#473,.T.);
#3727=EDGE_CURVE('',#4302,#4365,#474,.T.);
#3728=EDGE_CURVE('',#4367,#4365,#475,.T.);
#3729=EDGE_CURVE('',#4303,#4367,#476,.T.);
#3730=EDGE_CURVE('',#4304,#4368,#477,.T.);
#3731=EDGE_CURVE('',#4367,#4368,#478,.T.);
#3732=EDGE_CURVE('',#4368,#4366,#479,.T.);
#3733=EDGE_CURVE('',#4305,#4369,#480,.T.);
#3734=EDGE_CURVE('',#4306,#4370,#481,.T.);
#3735=EDGE_CURVE('',#4369,#4370,#482,.T.);
#3736=EDGE_CURVE('',#4307,#4371,#483,.T.);
#3737=EDGE_CURVE('',#4370,#4371,#484,.T.);
#3738=EDGE_CURVE('',#4372,#4371,#485,.F.);
#3739=EDGE_CURVE('',#4308,#4372,#486,.T.);
#3740=EDGE_CURVE('',#4369,#4372,#487,.T.);
#3741=EDGE_CURVE('',#4309,#4373,#488,.T.);
#3742=EDGE_CURVE('',#4310,#4374,#489,.T.);
#3743=EDGE_CURVE('',#4373,#4374,#490,.T.);
#3744=EDGE_CURVE('',#4375,#4374,#491,.F.);
#3745=EDGE_CURVE('',#4311,#4375,#492,.T.);
#3746=EDGE_CURVE('',#4376,#4375,#493,.T.);
#3747=EDGE_CURVE('',#4312,#4376,#494,.T.);
#3748=EDGE_CURVE('',#4376,#4373,#495,.T.);
#3749=EDGE_CURVE('',#4377,#4377,#4705,.F.);
#3750=EDGE_CURVE('',#4378,#4378,#4706,.T.);
#3751=EDGE_CURVE('',#4379,#4379,#4707,.T.);
#3752=EDGE_CURVE('',#4380,#4380,#4708,.F.);
#3753=EDGE_CURVE('',#4381,#4381,#4709,.T.);
#3754=EDGE_CURVE('',#4382,#4382,#4710,.T.);
#3755=EDGE_CURVE('',#4383,#4383,#4711,.T.);
#3756=EDGE_CURVE('',#4384,#4384,#4712,.T.);
#3757=EDGE_CURVE('',#4385,#4385,#4713,.T.);
#3758=EDGE_CURVE('',#4386,#4386,#4714,.T.);
#3759=EDGE_CURVE('',#4387,#4387,#4715,.T.);
#3760=EDGE_CURVE('',#4388,#4388,#4716,.F.);
#3761=EDGE_CURVE('',#4389,#4389,#4717,.F.);
#3762=EDGE_CURVE('',#4390,#4390,#4718,.F.);
#3763=EDGE_CURVE('',#4391,#4391,#4719,.T.);
#3764=EDGE_CURVE('',#4392,#4392,#4720,.T.);
#3765=EDGE_CURVE('',#4393,#4393,#4721,.T.);
#3766=EDGE_CURVE('',#4394,#4394,#4722,.T.);
#3767=EDGE_CURVE('',#4395,#4395,#4723,.T.);
#3768=EDGE_CURVE('',#4396,#4396,#4724,.F.);
#3769=EDGE_CURVE('',#4397,#4397,#4725,.F.);
#3770=EDGE_CURVE('',#4398,#4398,#4726,.F.);
#3771=EDGE_CURVE('',#4399,#4399,#4727,.T.);
#3772=EDGE_CURVE('',#4400,#4400,#4728,.F.);
#3773=EDGE_CURVE('',#4401,#4401,#4729,.F.);
#3774=EDGE_CURVE('',#4402,#4402,#4730,.T.);
#3775=EDGE_CURVE('',#4403,#4403,#4731,.T.);
#3776=EDGE_CURVE('',#4404,#4404,#4732,.T.);
#3777=EDGE_CURVE('',#4405,#4405,#4733,.T.);
#3778=EDGE_CURVE('',#4406,#4406,#4734,.T.);
#3779=EDGE_CURVE('',#4407,#4407,#4735,.T.);
#3780=EDGE_CURVE('',#4408,#4408,#4736,.F.);
#3781=EDGE_CURVE('',#4409,#4409,#4737,.F.);
#3782=EDGE_CURVE('',#4410,#4410,#4738,.F.);
#3783=EDGE_CURVE('',#4411,#4411,#4739,.T.);
#3784=EDGE_CURVE('',#4412,#4412,#4740,.T.);
#3785=EDGE_CURVE('',#4413,#4413,#4741,.T.);
#3786=EDGE_CURVE('',#4414,#4414,#4742,.T.);
#3787=EDGE_CURVE('',#4415,#4415,#4743,.T.);
#3788=EDGE_CURVE('',#4416,#4416,#4744,.F.);
#3789=EDGE_CURVE('',#4417,#4417,#4745,.F.);
#3790=EDGE_CURVE('',#4418,#4418,#4746,.F.);
#3791=EDGE_CURVE('',#4419,#4419,#4747,.T.);
#3792=EDGE_CURVE('',#4420,#4420,#4748,.T.);
#3793=EDGE_CURVE('',#4421,#4421,#4749,.T.);
#3794=EDGE_CURVE('',#4422,#4422,#4750,.T.);
#3795=EDGE_CURVE('',#4423,#4423,#4751,.T.);
#3796=EDGE_CURVE('',#4424,#4424,#4752,.F.);
#3797=EDGE_CURVE('',#4425,#4425,#4753,.F.);
#3798=EDGE_CURVE('',#4426,#4426,#4754,.F.);
#3799=EDGE_CURVE('',#4427,#4427,#4755,.F.);
#3800=EDGE_CURVE('',#4428,#4428,#4756,.T.);
#3801=EDGE_CURVE('',#4429,#4429,#4757,.T.);
#3802=EDGE_CURVE('',#4430,#4430,#4758,.F.);
#3803=EDGE_CURVE('',#4431,#4431,#4759,.T.);
#3804=EDGE_CURVE('',#4432,#4432,#4760,.T.);
#3805=EDGE_CURVE('',#4433,#4433,#4761,.T.);
#3806=EDGE_CURVE('',#4434,#4434,#4762,.T.);
#3807=EDGE_CURVE('',#4435,#4435,#4763,.T.);
#3808=EDGE_CURVE('',#4436,#4436,#4764,.T.);
#3809=EDGE_CURVE('',#4437,#4437,#4765,.T.);
#3810=EDGE_CURVE('',#4438,#4438,#4766,.F.);
#3811=EDGE_CURVE('',#4439,#4439,#4767,.F.);
#3812=EDGE_CURVE('',#4440,#4440,#4768,.F.);
#3813=EDGE_CURVE('',#4441,#4441,#4769,.F.);
#3814=EDGE_CURVE('',#4442,#4442,#4770,.T.);
#3815=EDGE_CURVE('',#4443,#4443,#4771,.T.);
#3816=EDGE_CURVE('',#4444,#4444,#4772,.F.);
#3817=EDGE_CURVE('',#4445,#4445,#4773,.T.);
#3818=EDGE_CURVE('',#4446,#4446,#4774,.T.);
#3819=EDGE_CURVE('',#4447,#4447,#4775,.F.);
#3820=EDGE_CURVE('',#4448,#4448,#4776,.T.);
#3821=EDGE_CURVE('',#4449,#4449,#4777,.T.);
#3822=EDGE_CURVE('',#4450,#4450,#4778,.F.);
#3823=EDGE_CURVE('',#4451,#4451,#4779,.T.);
#3824=EDGE_CURVE('',#4452,#4452,#4780,.T.);
#3825=EDGE_CURVE('',#4453,#4453,#4781,.F.);
#3826=EDGE_CURVE('',#4454,#4454,#4782,.T.);
#3827=EDGE_CURVE('',#4455,#4455,#4783,.T.);
#3828=EDGE_CURVE('',#4456,#4456,#4784,.F.);
#3829=EDGE_CURVE('',#4457,#4457,#4785,.T.);
#3830=EDGE_CURVE('',#4458,#4458,#4786,.T.);
#3831=EDGE_CURVE('',#4459,#4459,#4787,.F.);
#3832=EDGE_CURVE('',#4460,#4460,#4788,.T.);
#3833=EDGE_CURVE('',#4461,#4461,#4789,.T.);
#3834=EDGE_CURVE('',#4462,#4462,#4790,.F.);
#3835=EDGE_CURVE('',#4463,#4463,#4791,.T.);
#3836=EDGE_CURVE('',#4464,#4464,#4792,.T.);
#3837=EDGE_CURVE('',#4465,#4465,#4793,.T.);
#3838=EDGE_CURVE('',#4466,#4466,#4794,.T.);
#3839=EDGE_CURVE('',#4467,#4467,#4795,.T.);
#3840=EDGE_CURVE('',#4468,#4468,#4796,.T.);
#3841=EDGE_CURVE('',#4469,#4469,#4797,.T.);
#3842=EDGE_CURVE('',#4470,#4470,#4798,.F.);
#3843=EDGE_CURVE('',#4471,#4471,#4799,.F.);
#3844=EDGE_CURVE('',#4472,#4472,#4800,.F.);
#3845=EDGE_CURVE('',#4473,#4473,#4801,.F.);
#3846=EDGE_CURVE('',#4474,#4474,#4802,.T.);
#3847=EDGE_CURVE('',#4475,#4475,#4803,.T.);
#3848=EDGE_CURVE('',#4476,#4476,#4804,.F.);
#3849=EDGE_CURVE('',#4477,#4477,#4805,.T.);
#3850=EDGE_CURVE('',#4478,#4478,#4806,.T.);
#3851=VERTEX_POINT('',#10881);
#3852=VERTEX_POINT('',#10883);
#3853=VERTEX_POINT('',#10886);
#3854=VERTEX_POINT('',#10889);
#3855=VERTEX_POINT('',#10892);
#3856=VERTEX_POINT('',#10895);
#3857=VERTEX_POINT('',#10898);
#3858=VERTEX_POINT('',#10901);
#3859=VERTEX_POINT('',#10907);
#3860=VERTEX_POINT('',#10909);
#3861=VERTEX_POINT('',#10912);
#3862=VERTEX_POINT('',#10915);
#3863=VERTEX_POINT('',#10918);
#3864=VERTEX_POINT('',#10921);
#3865=VERTEX_POINT('',#10927);
#3866=VERTEX_POINT('',#10929);
#3867=VERTEX_POINT('',#10932);
#3868=VERTEX_POINT('',#10935);
#3869=VERTEX_POINT('',#10938);
#3870=VERTEX_POINT('',#10941);
#3871=VERTEX_POINT('',#10947);
#3872=VERTEX_POINT('',#10949);
#3873=VERTEX_POINT('',#10952);
#3874=VERTEX_POINT('',#10955);
#3875=VERTEX_POINT('',#10958);
#3876=VERTEX_POINT('',#10961);
#3877=VERTEX_POINT('',#10964);
#3878=VERTEX_POINT('',#10967);
#3879=VERTEX_POINT('',#10973);
#3880=VERTEX_POINT('',#10974);
#3881=VERTEX_POINT('',#10976);
#3882=VERTEX_POINT('',#10978);
#3883=VERTEX_POINT('',#10982);
#3884=VERTEX_POINT('',#10983);
#3885=VERTEX_POINT('',#10988);
#3886=VERTEX_POINT('',#10990);
#3887=VERTEX_POINT('',#10994);
#3888=VERTEX_POINT('',#10996);
#3889=VERTEX_POINT('',#10998);
#3890=VERTEX_POINT('',#11000);
#3891=VERTEX_POINT('',#11003);
#3892=VERTEX_POINT('',#11005);
#3893=VERTEX_POINT('',#11007);
#3894=VERTEX_POINT('',#11009);
#3895=VERTEX_POINT('',#11011);
#3896=VERTEX_POINT('',#11013);
#3897=VERTEX_POINT('',#11015);
#3898=VERTEX_POINT('',#11017);
#3899=VERTEX_POINT('',#11019);
#3900=VERTEX_POINT('',#11021);
#3901=VERTEX_POINT('',#11023);
#3902=VERTEX_POINT('',#11025);
#3903=VERTEX_POINT('',#11027);
#3904=VERTEX_POINT('',#11029);
#3905=VERTEX_POINT('',#11031);
#3906=VERTEX_POINT('',#11033);
#3907=VERTEX_POINT('',#11035);
#3908=VERTEX_POINT('',#11037);
#3909=VERTEX_POINT('',#11039);
#3910=VERTEX_POINT('',#11041);
#3911=VERTEX_POINT('',#11043);
#3912=VERTEX_POINT('',#11045);
#3913=VERTEX_POINT('',#11047);
#3914=VERTEX_POINT('',#11049);
#3915=VERTEX_POINT('',#11051);
#3916=VERTEX_POINT('',#11053);
#3917=VERTEX_POINT('',#11055);
#3918=VERTEX_POINT('',#11057);
#3919=VERTEX_POINT('',#11059);
#3920=VERTEX_POINT('',#11061);
#3921=VERTEX_POINT('',#11063);
#3922=VERTEX_POINT('',#11065);
#3923=VERTEX_POINT('',#11067);
#3924=VERTEX_POINT('',#11069);
#3925=VERTEX_POINT('',#11071);
#3926=VERTEX_POINT('',#11073);
#3927=VERTEX_POINT('',#11075);
#3928=VERTEX_POINT('',#11077);
#3929=VERTEX_POINT('',#11079);
#3930=VERTEX_POINT('',#11081);
#3931=VERTEX_POINT('',#11083);
#3932=VERTEX_POINT('',#11085);
#3933=VERTEX_POINT('',#11087);
#3934=VERTEX_POINT('',#11089);
#3935=VERTEX_POINT('',#11091);
#3936=VERTEX_POINT('',#11093);
#3937=VERTEX_POINT('',#11095);
#3938=VERTEX_POINT('',#11097);
#3939=VERTEX_POINT('',#11099);
#3940=VERTEX_POINT('',#11101);
#3941=VERTEX_POINT('',#11103);
#3942=VERTEX_POINT('',#11105);
#3943=VERTEX_POINT('',#11107);
#3944=VERTEX_POINT('',#11109);
#3945=VERTEX_POINT('',#11111);
#3946=VERTEX_POINT('',#11113);
#3947=VERTEX_POINT('',#11115);
#3948=VERTEX_POINT('',#11117);
#3949=VERTEX_POINT('',#11119);
#3950=VERTEX_POINT('',#11121);
#3951=VERTEX_POINT('',#11123);
#3952=VERTEX_POINT('',#11125);
#3953=VERTEX_POINT('',#11127);
#3954=VERTEX_POINT('',#11129);
#3955=VERTEX_POINT('',#11131);
#3956=VERTEX_POINT('',#11133);
#3957=VERTEX_POINT('',#11135);
#3958=VERTEX_POINT('',#11137);
#3959=VERTEX_POINT('',#11139);
#3960=VERTEX_POINT('',#11141);
#3961=VERTEX_POINT('',#11143);
#3962=VERTEX_POINT('',#11145);
#3963=VERTEX_POINT('',#11147);
#3964=VERTEX_POINT('',#11149);
#3965=VERTEX_POINT('',#11151);
#3966=VERTEX_POINT('',#11153);
#3967=VERTEX_POINT('',#11155);
#3968=VERTEX_POINT('',#11157);
#3969=VERTEX_POINT('',#11159);
#3970=VERTEX_POINT('',#11161);
#3971=VERTEX_POINT('',#11163);
#3972=VERTEX_POINT('',#11165);
#3973=VERTEX_POINT('',#11167);
#3974=VERTEX_POINT('',#11169);
#3975=VERTEX_POINT('',#11171);
#3976=VERTEX_POINT('',#11173);
#3977=VERTEX_POINT('',#11175);
#3978=VERTEX_POINT('',#11177);
#3979=VERTEX_POINT('',#11179);
#3980=VERTEX_POINT('',#11181);
#3981=VERTEX_POINT('',#11183);
#3982=VERTEX_POINT('',#11186);
#3983=VERTEX_POINT('',#11188);
#3984=VERTEX_POINT('',#11190);
#3985=VERTEX_POINT('',#11192);
#3986=VERTEX_POINT('',#11195);
#3987=VERTEX_POINT('',#11197);
#3988=VERTEX_POINT('',#11199);
#3989=VERTEX_POINT('',#11201);
#3990=VERTEX_POINT('',#11203);
#3991=VERTEX_POINT('',#11205);
#3992=VERTEX_POINT('',#11207);
#3993=VERTEX_POINT('',#11209);
#3994=VERTEX_POINT('',#11211);
#3995=VERTEX_POINT('',#11213);
#3996=VERTEX_POINT('',#11215);
#3997=VERTEX_POINT('',#11217);
#3998=VERTEX_POINT('',#11219);
#3999=VERTEX_POINT('',#11221);
#4000=VERTEX_POINT('',#11223);
#4001=VERTEX_POINT('',#11225);
#4002=VERTEX_POINT('',#11227);
#4003=VERTEX_POINT('',#11229);
#4004=VERTEX_POINT('',#11231);
#4005=VERTEX_POINT('',#11233);
#4006=VERTEX_POINT('',#11235);
#4007=VERTEX_POINT('',#11237);
#4008=VERTEX_POINT('',#11239);
#4009=VERTEX_POINT('',#11241);
#4010=VERTEX_POINT('',#11243);
#4011=VERTEX_POINT('',#11245);
#4012=VERTEX_POINT('',#11247);
#4013=VERTEX_POINT('',#11249);
#4014=VERTEX_POINT('',#11251);
#4015=VERTEX_POINT('',#11253);
#4016=VERTEX_POINT('',#11255);
#4017=VERTEX_POINT('',#11257);
#4018=VERTEX_POINT('',#11259);
#4019=VERTEX_POINT('',#11261);
#4020=VERTEX_POINT('',#11263);
#4021=VERTEX_POINT('',#11265);
#4022=VERTEX_POINT('',#11267);
#4023=VERTEX_POINT('',#11269);
#4024=VERTEX_POINT('',#11271);
#4025=VERTEX_POINT('',#11273);
#4026=VERTEX_POINT('',#11275);
#4027=VERTEX_POINT('',#11277);
#4028=VERTEX_POINT('',#11279);
#4029=VERTEX_POINT('',#11281);
#4030=VERTEX_POINT('',#11283);
#4031=VERTEX_POINT('',#11285);
#4032=VERTEX_POINT('',#11287);
#4033=VERTEX_POINT('',#11289);
#4034=VERTEX_POINT('',#11291);
#4035=VERTEX_POINT('',#11293);
#4036=VERTEX_POINT('',#11295);
#4037=VERTEX_POINT('',#11297);
#4038=VERTEX_POINT('',#11299);
#4039=VERTEX_POINT('',#11301);
#4040=VERTEX_POINT('',#11303);
#4041=VERTEX_POINT('',#11305);
#4042=VERTEX_POINT('',#11307);
#4043=VERTEX_POINT('',#11309);
#4044=VERTEX_POINT('',#11311);
#4045=VERTEX_POINT('',#11313);
#4046=VERTEX_POINT('',#11315);
#4047=VERTEX_POINT('',#11317);
#4048=VERTEX_POINT('',#11319);
#4049=VERTEX_POINT('',#11321);
#4050=VERTEX_POINT('',#11323);
#4051=VERTEX_POINT('',#11325);
#4052=VERTEX_POINT('',#11327);
#4053=VERTEX_POINT('',#11329);
#4054=VERTEX_POINT('',#11331);
#4055=VERTEX_POINT('',#11333);
#4056=VERTEX_POINT('',#11335);
#4057=VERTEX_POINT('',#11337);
#4058=VERTEX_POINT('',#11339);
#4059=VERTEX_POINT('',#11341);
#4060=VERTEX_POINT('',#11343);
#4061=VERTEX_POINT('',#11345);
#4062=VERTEX_POINT('',#11347);
#4063=VERTEX_POINT('',#11349);
#4064=VERTEX_POINT('',#11351);
#4065=VERTEX_POINT('',#11353);
#4066=VERTEX_POINT('',#11355);
#4067=VERTEX_POINT('',#11357);
#4068=VERTEX_POINT('',#11359);
#4069=VERTEX_POINT('',#11361);
#4070=VERTEX_POINT('',#11363);
#4071=VERTEX_POINT('',#11365);
#4072=VERTEX_POINT('',#11367);
#4073=VERTEX_POINT('',#11369);
#4074=VERTEX_POINT('',#11371);
#4075=VERTEX_POINT('',#11373);
#4076=VERTEX_POINT('',#11375);
#4077=VERTEX_POINT('',#11479);
#4078=VERTEX_POINT('',#11481);
#4079=VERTEX_POINT('',#11484);
#4080=VERTEX_POINT('',#11487);
#4081=VERTEX_POINT('',#11490);
#4082=VERTEX_POINT('',#11493);
#4083=VERTEX_POINT('',#11496);
#4084=VERTEX_POINT('',#11499);
#4085=VERTEX_POINT('',#11505);
#4086=VERTEX_POINT('',#11506);
#4087=VERTEX_POINT('',#11508);
#4088=VERTEX_POINT('',#11510);
#4089=VERTEX_POINT('',#11514);
#4090=VERTEX_POINT('',#11516);
#4091=VERTEX_POINT('',#11520);
#4092=VERTEX_POINT('',#11522);
#4093=VERTEX_POINT('',#11526);
#4094=VERTEX_POINT('',#11528);
#4095=VERTEX_POINT('',#11530);
#4096=VERTEX_POINT('',#11532);
#4097=VERTEX_POINT('',#11534);
#4098=VERTEX_POINT('',#11536);
#4099=VERTEX_POINT('',#11538);
#4100=VERTEX_POINT('',#11540);
#4101=VERTEX_POINT('',#11542);
#4102=VERTEX_POINT('',#11544);
#4103=VERTEX_POINT('',#11546);
#4104=VERTEX_POINT('',#11548);
#4105=VERTEX_POINT('',#11550);
#4106=VERTEX_POINT('',#11552);
#4107=VERTEX_POINT('',#11554);
#4108=VERTEX_POINT('',#11556);
#4109=VERTEX_POINT('',#11558);
#4110=VERTEX_POINT('',#11560);
#4111=VERTEX_POINT('',#11562);
#4112=VERTEX_POINT('',#11564);
#4113=VERTEX_POINT('',#11566);
#4114=VERTEX_POINT('',#11568);
#4115=VERTEX_POINT('',#11570);
#4116=VERTEX_POINT('',#11572);
#4117=VERTEX_POINT('',#11574);
#4118=VERTEX_POINT('',#11576);
#4119=VERTEX_POINT('',#11578);
#4120=VERTEX_POINT('',#11580);
#4121=VERTEX_POINT('',#11582);
#4122=VERTEX_POINT('',#11584);
#4123=VERTEX_POINT('',#11586);
#4124=VERTEX_POINT('',#11588);
#4125=VERTEX_POINT('',#11590);
#4126=VERTEX_POINT('',#11592);
#4127=VERTEX_POINT('',#11594);
#4128=VERTEX_POINT('',#11596);
#4129=VERTEX_POINT('',#11598);
#4130=VERTEX_POINT('',#11600);
#4131=VERTEX_POINT('',#11602);
#4132=VERTEX_POINT('',#11604);
#4133=VERTEX_POINT('',#11606);
#4134=VERTEX_POINT('',#11608);
#4135=VERTEX_POINT('',#11610);
#4136=VERTEX_POINT('',#11612);
#4137=VERTEX_POINT('',#11614);
#4138=VERTEX_POINT('',#11616);
#4139=VERTEX_POINT('',#11619);
#4140=VERTEX_POINT('',#11620);
#4141=VERTEX_POINT('',#11622);
#4142=VERTEX_POINT('',#11624);
#4143=VERTEX_POINT('',#11627);
#4144=VERTEX_POINT('',#11628);
#4145=VERTEX_POINT('',#11630);
#4146=VERTEX_POINT('',#11632);
#4147=VERTEX_POINT('',#11635);
#4148=VERTEX_POINT('',#11636);
#4149=VERTEX_POINT('',#11638);
#4150=VERTEX_POINT('',#11640);
#4151=VERTEX_POINT('',#11643);
#4152=VERTEX_POINT('',#11644);
#4153=VERTEX_POINT('',#11646);
#4154=VERTEX_POINT('',#11648);
#4155=VERTEX_POINT('',#11651);
#4156=VERTEX_POINT('',#11652);
#4157=VERTEX_POINT('',#11654);
#4158=VERTEX_POINT('',#11656);
#4159=VERTEX_POINT('',#11659);
#4160=VERTEX_POINT('',#11660);
#4161=VERTEX_POINT('',#11662);
#4162=VERTEX_POINT('',#11664);
#4163=VERTEX_POINT('',#11667);
#4164=VERTEX_POINT('',#11668);
#4165=VERTEX_POINT('',#11670);
#4166=VERTEX_POINT('',#11672);
#4167=VERTEX_POINT('',#11675);
#4168=VERTEX_POINT('',#11676);
#4169=VERTEX_POINT('',#11678);
#4170=VERTEX_POINT('',#11680);
#4171=VERTEX_POINT('',#11684);
#4172=VERTEX_POINT('',#11686);
#4173=VERTEX_POINT('',#11688);
#4174=VERTEX_POINT('',#11690);
#4175=VERTEX_POINT('',#11692);
#4176=VERTEX_POINT('',#11694);
#4177=VERTEX_POINT('',#11696);
#4178=VERTEX_POINT('',#11698);
#4179=VERTEX_POINT('',#11700);
#4180=VERTEX_POINT('',#11702);
#4181=VERTEX_POINT('',#11704);
#4182=VERTEX_POINT('',#11706);
#4183=VERTEX_POINT('',#11708);
#4184=VERTEX_POINT('',#11710);
#4185=VERTEX_POINT('',#11712);
#4186=VERTEX_POINT('',#11714);
#4187=VERTEX_POINT('',#11716);
#4188=VERTEX_POINT('',#11718);
#4189=VERTEX_POINT('',#11720);
#4190=VERTEX_POINT('',#11722);
#4191=VERTEX_POINT('',#11724);
#4192=VERTEX_POINT('',#11726);
#4193=VERTEX_POINT('',#11728);
#4194=VERTEX_POINT('',#11730);
#4195=VERTEX_POINT('',#11732);
#4196=VERTEX_POINT('',#11734);
#4197=VERTEX_POINT('',#11736);
#4198=VERTEX_POINT('',#11738);
#4199=VERTEX_POINT('',#11740);
#4200=VERTEX_POINT('',#11742);
#4201=VERTEX_POINT('',#11744);
#4202=VERTEX_POINT('',#11746);
#4203=VERTEX_POINT('',#11748);
#4204=VERTEX_POINT('',#11750);
#4205=VERTEX_POINT('',#11752);
#4206=VERTEX_POINT('',#11754);
#4207=VERTEX_POINT('',#11756);
#4208=VERTEX_POINT('',#11758);
#4209=VERTEX_POINT('',#11760);
#4210=VERTEX_POINT('',#11762);
#4211=VERTEX_POINT('',#11764);
#4212=VERTEX_POINT('',#11766);
#4213=VERTEX_POINT('',#11768);
#4214=VERTEX_POINT('',#11770);
#4215=VERTEX_POINT('',#11772);
#4216=VERTEX_POINT('',#11774);
#4217=VERTEX_POINT('',#11777);
#4218=VERTEX_POINT('',#11778);
#4219=VERTEX_POINT('',#11780);
#4220=VERTEX_POINT('',#11782);
#4221=VERTEX_POINT('',#11785);
#4222=VERTEX_POINT('',#11786);
#4223=VERTEX_POINT('',#11788);
#4224=VERTEX_POINT('',#11790);
#4225=VERTEX_POINT('',#11793);
#4226=VERTEX_POINT('',#11794);
#4227=VERTEX_POINT('',#11796);
#4228=VERTEX_POINT('',#11798);
#4229=VERTEX_POINT('',#11801);
#4230=VERTEX_POINT('',#11802);
#4231=VERTEX_POINT('',#11804);
#4232=VERTEX_POINT('',#11806);
#4233=VERTEX_POINT('',#11809);
#4234=VERTEX_POINT('',#11810);
#4235=VERTEX_POINT('',#11812);
#4236=VERTEX_POINT('',#11814);
#4237=VERTEX_POINT('',#11817);
#4238=VERTEX_POINT('',#11818);
#4239=VERTEX_POINT('',#11820);
#4240=VERTEX_POINT('',#11822);
#4241=VERTEX_POINT('',#11825);
#4242=VERTEX_POINT('',#11826);
#4243=VERTEX_POINT('',#11828);
#4244=VERTEX_POINT('',#11830);
#4245=VERTEX_POINT('',#11833);
#4246=VERTEX_POINT('',#11834);
#4247=VERTEX_POINT('',#11836);
#4248=VERTEX_POINT('',#11838);
#4249=VERTEX_POINT('',#11935);
#4250=VERTEX_POINT('',#11937);
#4251=VERTEX_POINT('',#11941);
#4252=VERTEX_POINT('',#11945);
#4253=VERTEX_POINT('',#11951);
#4254=VERTEX_POINT('',#11953);
#4255=VERTEX_POINT('',#11957);
#4256=VERTEX_POINT('',#11961);
#4257=VERTEX_POINT('',#11967);
#4258=VERTEX_POINT('',#11969);
#4259=VERTEX_POINT('',#11973);
#4260=VERTEX_POINT('',#11977);
#4261=VERTEX_POINT('',#11983);
#4262=VERTEX_POINT('',#11985);
#4263=VERTEX_POINT('',#11989);
#4264=VERTEX_POINT('',#11993);
#4265=VERTEX_POINT('',#11999);
#4266=VERTEX_POINT('',#12001);
#4267=VERTEX_POINT('',#12005);
#4268=VERTEX_POINT('',#12009);
#4269=VERTEX_POINT('',#12015);
#4270=VERTEX_POINT('',#12017);
#4271=VERTEX_POINT('',#12021);
#4272=VERTEX_POINT('',#12025);
#4273=VERTEX_POINT('',#12031);
#4274=VERTEX_POINT('',#12033);
#4275=VERTEX_POINT('',#12037);
#4276=VERTEX_POINT('',#12041);
#4277=VERTEX_POINT('',#12047);
#4278=VERTEX_POINT('',#12049);
#4279=VERTEX_POINT('',#12053);
#4280=VERTEX_POINT('',#12057);
#4281=VERTEX_POINT('',#12063);
#4282=VERTEX_POINT('',#12064);
#4283=VERTEX_POINT('',#12069);
#4284=VERTEX_POINT('',#12073);
#4285=VERTEX_POINT('',#12079);
#4286=VERTEX_POINT('',#12081);
#4287=VERTEX_POINT('',#12085);
#4288=VERTEX_POINT('',#12089);
#4289=VERTEX_POINT('',#12095);
#4290=VERTEX_POINT('',#12097);
#4291=VERTEX_POINT('',#12101);
#4292=VERTEX_POINT('',#12105);
#4293=VERTEX_POINT('',#12111);
#4294=VERTEX_POINT('',#12113);
#4295=VERTEX_POINT('',#12117);
#4296=VERTEX_POINT('',#12121);
#4297=VERTEX_POINT('',#12127);
#4298=VERTEX_POINT('',#12129);
#4299=VERTEX_POINT('',#12133);
#4300=VERTEX_POINT('',#12137);
#4301=VERTEX_POINT('',#12143);
#4302=VERTEX_POINT('',#12145);
#4303=VERTEX_POINT('',#12149);
#4304=VERTEX_POINT('',#12153);
#4305=VERTEX_POINT('',#12159);
#4306=VERTEX_POINT('',#12160);
#4307=VERTEX_POINT('',#12165);
#4308=VERTEX_POINT('',#12169);
#4309=VERTEX_POINT('',#12175);
#4310=VERTEX_POINT('',#12177);
#4311=VERTEX_POINT('',#12181);
#4312=VERTEX_POINT('',#12185);
#4313=VERTEX_POINT('',#12191);
#4314=VERTEX_POINT('',#12192);
#4315=VERTEX_POINT('',#12197);
#4316=VERTEX_POINT('',#12201);
#4317=VERTEX_POINT('',#12207);
#4318=VERTEX_POINT('',#12209);
#4319=VERTEX_POINT('',#12213);
#4320=VERTEX_POINT('',#12217);
#4321=VERTEX_POINT('',#12223);
#4322=VERTEX_POINT('',#12224);
#4323=VERTEX_POINT('',#12229);
#4324=VERTEX_POINT('',#12233);
#4325=VERTEX_POINT('',#12239);
#4326=VERTEX_POINT('',#12241);
#4327=VERTEX_POINT('',#12245);
#4328=VERTEX_POINT('',#12249);
#4329=VERTEX_POINT('',#12255);
#4330=VERTEX_POINT('',#12256);
#4331=VERTEX_POINT('',#12261);
#4332=VERTEX_POINT('',#12265);
#4333=VERTEX_POINT('',#12271);
#4334=VERTEX_POINT('',#12273);
#4335=VERTEX_POINT('',#12277);
#4336=VERTEX_POINT('',#12281);
#4337=VERTEX_POINT('',#12287);
#4338=VERTEX_POINT('',#12288);
#4339=VERTEX_POINT('',#12293);
#4340=VERTEX_POINT('',#12297);
#4341=VERTEX_POINT('',#12303);
#4342=VERTEX_POINT('',#12304);
#4343=VERTEX_POINT('',#12309);
#4344=VERTEX_POINT('',#12313);
#4345=VERTEX_POINT('',#12319);
#4346=VERTEX_POINT('',#12321);
#4347=VERTEX_POINT('',#12325);
#4348=VERTEX_POINT('',#12329);
#4349=VERTEX_POINT('',#12335);
#4350=VERTEX_POINT('',#12336);
#4351=VERTEX_POINT('',#12341);
#4352=VERTEX_POINT('',#12345);
#4353=VERTEX_POINT('',#12351);
#4354=VERTEX_POINT('',#12353);
#4355=VERTEX_POINT('',#12357);
#4356=VERTEX_POINT('',#12361);
#4357=VERTEX_POINT('',#12367);
#4358=VERTEX_POINT('',#12368);
#4359=VERTEX_POINT('',#12373);
#4360=VERTEX_POINT('',#12377);
#4361=VERTEX_POINT('',#12383);
#4362=VERTEX_POINT('',#12385);
#4363=VERTEX_POINT('',#12389);
#4364=VERTEX_POINT('',#12393);
#4365=VERTEX_POINT('',#12399);
#4366=VERTEX_POINT('',#12400);
#4367=VERTEX_POINT('',#12405);
#4368=VERTEX_POINT('',#12409);
#4369=VERTEX_POINT('',#12415);
#4370=VERTEX_POINT('',#12417);
#4371=VERTEX_POINT('',#12421);
#4372=VERTEX_POINT('',#12425);
#4373=VERTEX_POINT('',#12431);
#4374=VERTEX_POINT('',#12433);
#4375=VERTEX_POINT('',#12437);
#4376=VERTEX_POINT('',#12441);
#4377=VERTEX_POINT('',#12464);
#4378=VERTEX_POINT('',#12466);
#4379=VERTEX_POINT('',#12469);
#4380=VERTEX_POINT('',#12472);
#4381=VERTEX_POINT('',#12475);
#4382=VERTEX_POINT('',#12478);
#4383=VERTEX_POINT('',#12484);
#4384=VERTEX_POINT('',#12486);
#4385=VERTEX_POINT('',#12489);
#4386=VERTEX_POINT('',#12492);
#4387=VERTEX_POINT('',#12495);
#4388=VERTEX_POINT('',#12498);
#4389=VERTEX_POINT('',#12501);
#4390=VERTEX_POINT('',#12504);
#4391=VERTEX_POINT('',#12510);
#4392=VERTEX_POINT('',#12512);
#4393=VERTEX_POINT('',#12515);
#4394=VERTEX_POINT('',#12518);
#4395=VERTEX_POINT('',#12521);
#4396=VERTEX_POINT('',#12524);
#4397=VERTEX_POINT('',#12527);
#4398=VERTEX_POINT('',#12530);
#4399=VERTEX_POINT('',#12536);
#4400=VERTEX_POINT('',#12538);
#4401=VERTEX_POINT('',#12541);
#4402=VERTEX_POINT('',#12544);
#4403=VERTEX_POINT('',#12547);
#4404=VERTEX_POINT('',#12549);
#4405=VERTEX_POINT('',#12552);
#4406=VERTEX_POINT('',#12555);
#4407=VERTEX_POINT('',#12558);
#4408=VERTEX_POINT('',#12561);
#4409=VERTEX_POINT('',#12564);
#4410=VERTEX_POINT('',#12567);
#4411=VERTEX_POINT('',#12574);
#4412=VERTEX_POINT('',#12576);
#4413=VERTEX_POINT('',#12579);
#4414=VERTEX_POINT('',#12582);
#4415=VERTEX_POINT('',#12585);
#4416=VERTEX_POINT('',#12588);
#4417=VERTEX_POINT('',#12591);
#4418=VERTEX_POINT('',#12594);
#4419=VERTEX_POINT('',#12600);
#4420=VERTEX_POINT('',#12602);
#4421=VERTEX_POINT('',#12605);
#4422=VERTEX_POINT('',#12608);
#4423=VERTEX_POINT('',#12611);
#4424=VERTEX_POINT('',#12614);
#4425=VERTEX_POINT('',#12617);
#4426=VERTEX_POINT('',#12620);
#4427=VERTEX_POINT('',#12626);
#4428=VERTEX_POINT('',#12628);
#4429=VERTEX_POINT('',#12631);
#4430=VERTEX_POINT('',#12634);
#4431=VERTEX_POINT('',#12637);
#4432=VERTEX_POINT('',#12640);
#4433=VERTEX_POINT('',#12646);
#4434=VERTEX_POINT('',#12648);
#4435=VERTEX_POINT('',#12651);
#4436=VERTEX_POINT('',#12654);
#4437=VERTEX_POINT('',#12657);
#4438=VERTEX_POINT('',#12660);
#4439=VERTEX_POINT('',#12663);
#4440=VERTEX_POINT('',#12666);
#4441=VERTEX_POINT('',#12672);
#4442=VERTEX_POINT('',#12674);
#4443=VERTEX_POINT('',#12677);
#4444=VERTEX_POINT('',#12680);
#4445=VERTEX_POINT('',#12683);
#4446=VERTEX_POINT('',#12686);
#4447=VERTEX_POINT('',#12692);
#4448=VERTEX_POINT('',#12694);
#4449=VERTEX_POINT('',#12697);
#4450=VERTEX_POINT('',#12700);
#4451=VERTEX_POINT('',#12703);
#4452=VERTEX_POINT('',#12706);
#4453=VERTEX_POINT('',#12712);
#4454=VERTEX_POINT('',#12714);
#4455=VERTEX_POINT('',#12717);
#4456=VERTEX_POINT('',#12720);
#4457=VERTEX_POINT('',#12723);
#4458=VERTEX_POINT('',#12726);
#4459=VERTEX_POINT('',#12732);
#4460=VERTEX_POINT('',#12734);
#4461=VERTEX_POINT('',#12737);
#4462=VERTEX_POINT('',#12740);
#4463=VERTEX_POINT('',#12743);
#4464=VERTEX_POINT('',#12746);
#4465=VERTEX_POINT('',#12752);
#4466=VERTEX_POINT('',#12754);
#4467=VERTEX_POINT('',#12757);
#4468=VERTEX_POINT('',#12760);
#4469=VERTEX_POINT('',#12763);
#4470=VERTEX_POINT('',#12766);
#4471=VERTEX_POINT('',#12769);
#4472=VERTEX_POINT('',#12772);
#4473=VERTEX_POINT('',#12778);
#4474=VERTEX_POINT('',#12780);
#4475=VERTEX_POINT('',#12783);
#4476=VERTEX_POINT('',#12786);
#4477=VERTEX_POINT('',#12789);
#4478=VERTEX_POINT('',#12792);
#4479=CIRCLE('',#7982,0.00101);
#4480=CIRCLE('',#7983,0.00101);
#4481=CIRCLE('',#7985,0.001);
#4482=CIRCLE('',#7987,0.001);
#4483=CIRCLE('',#7989,0.001);
#4484=CIRCLE('',#7991,0.001);
#4485=CIRCLE('',#7993,0.0006);
#4486=CIRCLE('',#7995,0.0006);
#4487=CIRCLE('',#8000,0.00025);
#4488=CIRCLE('',#8001,0.00025);
#4489=CIRCLE('',#8003,0.00025);
#4490=CIRCLE('',#8005,0.00025);
#4491=CIRCLE('',#8007,0.00025);
#4492=CIRCLE('',#8009,0.00025);
#4493=CIRCLE('',#8014,0.00025);
#4494=CIRCLE('',#8015,0.00025);
#4495=CIRCLE('',#8017,0.00025);
#4496=CIRCLE('',#8019,0.00025);
#4497=CIRCLE('',#8021,0.00025);
#4498=CIRCLE('',#8023,0.00025);
#4499=CIRCLE('',#8028,0.00101);
#4500=CIRCLE('',#8029,0.00101);
#4501=CIRCLE('',#8031,0.001);
#4502=CIRCLE('',#8033,0.001);
#4503=CIRCLE('',#8035,0.001);
#4504=CIRCLE('',#8037,0.001);
#4505=CIRCLE('',#8039,0.0006);
#4506=CIRCLE('',#8041,0.0006);
#4507=CIRCLE('',#8046,0.009999999357669);
#4508=CIRCLE('',#8047,0.009999999357669);
#4509=CIRCLE('',#8051,0.009999999357669);
#4510=CIRCLE('',#8052,0.009999999357669);
#4511=CIRCLE('',#8053,0.009999999357669);
#4512=CIRCLE('',#8054,0.0016);
#4513=CIRCLE('',#8055,0.0004);
#4514=CIRCLE('',#8056,0.00075);
#4515=CIRCLE('',#8057,0.00085);
#4516=CIRCLE('',#8058,0.002);
#4517=CIRCLE('',#8059,0.0005);
#4518=CIRCLE('',#8060,0.0004);
#4519=CIRCLE('',#8061,0.0005);
#4520=CIRCLE('',#8062,0.0005);
#4521=CIRCLE('',#8063,0.0005);
#4522=CIRCLE('',#8064,0.0004);
#4523=CIRCLE('',#8065,0.00075);
#4524=CIRCLE('',#8066,0.00085);
#4525=CIRCLE('',#8067,0.00075);
#4526=CIRCLE('',#8068,0.00085);
#4527=CIRCLE('',#8069,0.002);
#4528=CIRCLE('',#8070,0.0004);
#4529=CIRCLE('',#8071,0.00075);
#4530=CIRCLE('',#8072,0.00085);
#4531=CIRCLE('',#8073,0.002);
#4532=CIRCLE('',#8074,0.0004);
#4533=CIRCLE('',#8075,0.0004);
#4534=CIRCLE('',#8076,0.00075);
#4535=CIRCLE('',#8077,0.00075);
#4536=CIRCLE('',#8078,0.00085);
#4537=CIRCLE('',#8079,0.00085);
#4538=CIRCLE('',#8080,0.002);
#4539=CIRCLE('',#8081,0.0005);
#4540=CIRCLE('',#8082,0.0005);
#4541=CIRCLE('',#8083,0.0005);
#4542=CIRCLE('',#8084,0.0004);
#4543=CIRCLE('',#8085,0.0005);
#4544=CIRCLE('',#8086,0.0004);
#4545=CIRCLE('',#8087,0.00075);
#4546=CIRCLE('',#8088,0.00085);
#4547=CIRCLE('',#8089,0.00085);
#4548=CIRCLE('',#8090,0.0004);
#4549=CIRCLE('',#8091,0.0016);
#4550=CIRCLE('',#8092,0.00075);
#4551=CIRCLE('',#8093,0.00075);
#4552=CIRCLE('',#8094,0.002);
#4553=CIRCLE('',#8095,0.00085);
#4554=CIRCLE('',#8096,0.0004);
#4555=CIRCLE('',#8097,0.0004);
#4556=CIRCLE('',#8098,0.00075);
#4557=CIRCLE('',#8099,0.00085);
#4558=CIRCLE('',#8100,0.00085);
#4559=CIRCLE('',#8101,0.0004);
#4560=CIRCLE('',#8102,0.00075);
#4561=CIRCLE('',#8103,0.002);
#4562=CIRCLE('',#8104,0.00075);
#4563=CIRCLE('',#8105,0.00085);
#4564=CIRCLE('',#8106,0.0004);
#4565=CIRCLE('',#8107,0.00075);
#4566=CIRCLE('',#8108,0.00085);
#4567=CIRCLE('',#8109,0.002);
#4568=CIRCLE('',#8110,0.0004);
#4569=CIRCLE('',#8111,0.00075);
#4570=CIRCLE('',#8112,0.00085);
#4571=CIRCLE('',#8113,0.0004);
#4572=CIRCLE('',#8114,0.00085);
#4573=CIRCLE('',#8115,0.00075);
#4574=CIRCLE('',#8116,0.002);
#4575=CIRCLE('',#8117,0.0016);
#4576=CIRCLE('',#8118,0.0004445);
#4577=CIRCLE('',#8119,0.0004445);
#4578=CIRCLE('',#8120,0.0004445);
#4579=CIRCLE('',#8121,0.0004445);
#4580=CIRCLE('',#8122,0.0004445);
#4581=CIRCLE('',#8123,0.0004445);
#4582=CIRCLE('',#8124,0.0004445);
#4583=CIRCLE('',#8125,0.0004);
#4584=CIRCLE('',#8126,0.00075);
#4585=CIRCLE('',#8127,0.00085);
#4586=CIRCLE('',#8128,0.0004);
#4587=CIRCLE('',#8129,0.00085);
#4588=CIRCLE('',#8130,0.0004);
#4589=CIRCLE('',#8131,0.00075);
#4590=CIRCLE('',#8132,0.002);
#4591=CIRCLE('',#8133,0.00075);
#4592=CIRCLE('',#8134,0.00085);
#4593=CIRCLE('',#8135,0.0004445);
#4594=CIRCLE('',#8136,0.0004445);
#4595=CIRCLE('',#8137,0.0005);
#4596=CIRCLE('',#8138,0.0004445);
#4597=CIRCLE('',#8139,0.0004445);
#4598=CIRCLE('',#8140,0.0004445);
#4599=CIRCLE('',#8141,0.0004445);
#4600=CIRCLE('',#8142,0.0004445);
#4601=CIRCLE('',#8143,0.0005);
#4602=CIRCLE('',#8144,0.0016);
#4603=CIRCLE('',#8146,0.009999999357669);
#4604=CIRCLE('',#8147,0.009999999357669);
#4605=CIRCLE('',#8148,0.009999999357669);
#4606=CIRCLE('',#8149,0.0016);
#4607=CIRCLE('',#8150,0.0004);
#4608=CIRCLE('',#8151,0.00075);
#4609=CIRCLE('',#8152,0.00085);
#4610=CIRCLE('',#8153,0.002);
#4611=CIRCLE('',#8154,0.0005);
#4612=CIRCLE('',#8155,0.0004);
#4613=CIRCLE('',#8156,0.0005);
#4614=CIRCLE('',#8157,0.0005);
#4615=CIRCLE('',#8158,0.0005);
#4616=CIRCLE('',#8159,0.0004);
#4617=CIRCLE('',#8160,0.00075);
#4618=CIRCLE('',#8161,0.00085);
#4619=CIRCLE('',#8162,0.00075);
#4620=CIRCLE('',#8163,0.00085);
#4621=CIRCLE('',#8164,0.002);
#4622=CIRCLE('',#8165,0.0004);
#4623=CIRCLE('',#8166,0.00075);
#4624=CIRCLE('',#8167,0.00085);
#4625=CIRCLE('',#8168,0.002);
#4626=CIRCLE('',#8169,0.0004);
#4627=CIRCLE('',#8170,0.0004);
#4628=CIRCLE('',#8171,0.00075);
#4629=CIRCLE('',#8172,0.00075);
#4630=CIRCLE('',#8173,0.00085);
#4631=CIRCLE('',#8174,0.00085);
#4632=CIRCLE('',#8175,0.002);
#4633=CIRCLE('',#8176,0.0005);
#4634=CIRCLE('',#8177,0.0005);
#4635=CIRCLE('',#8178,0.0005);
#4636=CIRCLE('',#8179,0.0004);
#4637=CIRCLE('',#8180,0.0005);
#4638=CIRCLE('',#8181,0.0004);
#4639=CIRCLE('',#8182,0.00075);
#4640=CIRCLE('',#8183,0.00085);
#4641=CIRCLE('',#8184,0.00085);
#4642=CIRCLE('',#8185,0.0004);
#4643=CIRCLE('',#8186,0.0016);
#4644=CIRCLE('',#8187,0.00075);
#4645=CIRCLE('',#8188,0.00075);
#4646=CIRCLE('',#8189,0.002);
#4647=CIRCLE('',#8190,0.00085);
#4648=CIRCLE('',#8191,0.0004);
#4649=CIRCLE('',#8192,0.0004);
#4650=CIRCLE('',#8193,0.00075);
#4651=CIRCLE('',#8194,0.00085);
#4652=CIRCLE('',#8195,0.00085);
#4653=CIRCLE('',#8196,0.0004);
#4654=CIRCLE('',#8197,0.00075);
#4655=CIRCLE('',#8198,0.002);
#4656=CIRCLE('',#8199,0.00075);
#4657=CIRCLE('',#8200,0.00085);
#4658=CIRCLE('',#8201,0.0004);
#4659=CIRCLE('',#8202,0.00075);
#4660=CIRCLE('',#8203,0.00085);
#4661=CIRCLE('',#8204,0.002);
#4662=CIRCLE('',#8205,0.0004);
#4663=CIRCLE('',#8206,0.00075);
#4664=CIRCLE('',#8207,0.00085);
#4665=CIRCLE('',#8208,0.0004);
#4666=CIRCLE('',#8209,0.00085);
#4667=CIRCLE('',#8210,0.00075);
#4668=CIRCLE('',#8211,0.002);
#4669=CIRCLE('',#8212,0.0016);
#4670=CIRCLE('',#8213,0.0004445);
#4671=CIRCLE('',#8214,0.0004445);
#4672=CIRCLE('',#8215,0.0004445);
#4673=CIRCLE('',#8216,0.0004445);
#4674=CIRCLE('',#8217,0.0004445);
#4675=CIRCLE('',#8218,0.0004445);
#4676=CIRCLE('',#8219,0.0004445);
#4677=CIRCLE('',#8220,0.0004);
#4678=CIRCLE('',#8221,0.00075);
#4679=CIRCLE('',#8222,0.00085);
#4680=CIRCLE('',#8223,0.0004);
#4681=CIRCLE('',#8224,0.00085);
#4682=CIRCLE('',#8225,0.0004);
#4683=CIRCLE('',#8226,0.00075);
#4684=CIRCLE('',#8227,0.002);
#4685=CIRCLE('',#8228,0.00075);
#4686=CIRCLE('',#8229,0.00085);
#4687=CIRCLE('',#8230,0.0004445);
#4688=CIRCLE('',#8231,0.0004445);
#4689=CIRCLE('',#8232,0.0005);
#4690=CIRCLE('',#8233,0.0004445);
#4691=CIRCLE('',#8234,0.0004445);
#4692=CIRCLE('',#8235,0.0004445);
#4693=CIRCLE('',#8236,0.0004445);
#4694=CIRCLE('',#8237,0.0004445);
#4695=CIRCLE('',#8238,0.0005);
#4696=CIRCLE('',#8239,0.0016);
#4697=CIRCLE('',#8338,0.00101);
#4698=CIRCLE('',#8339,0.00101);
#4699=CIRCLE('',#8341,0.001);
#4700=CIRCLE('',#8343,0.001);
#4701=CIRCLE('',#8345,0.001);
#4702=CIRCLE('',#8347,0.001);
#4703=CIRCLE('',#8349,0.0006);
#4704=CIRCLE('',#8351,0.0006);
#4705=CIRCLE('',#8553,0.00025);
#4706=CIRCLE('',#8554,0.00025);
#4707=CIRCLE('',#8556,0.00025);
#4708=CIRCLE('',#8558,0.00025);
#4709=CIRCLE('',#8560,0.00025);
#4710=CIRCLE('',#8562,0.00025);
#4711=CIRCLE('',#8567,0.00101);
#4712=CIRCLE('',#8568,0.00101);
#4713=CIRCLE('',#8570,0.001);
#4714=CIRCLE('',#8572,0.001);
#4715=CIRCLE('',#8574,0.001);
#4716=CIRCLE('',#8576,0.001);
#4717=CIRCLE('',#8578,0.0006);
#4718=CIRCLE('',#8580,0.0006);
#4719=CIRCLE('',#8585,0.00101);
#4720=CIRCLE('',#8586,0.00101);
#4721=CIRCLE('',#8588,0.001);
#4722=CIRCLE('',#8590,0.001);
#4723=CIRCLE('',#8592,0.001);
#4724=CIRCLE('',#8594,0.001);
#4725=CIRCLE('',#8596,0.0006);
#4726=CIRCLE('',#8598,0.0006);
#4727=CIRCLE('',#8603,0.006);
#4728=CIRCLE('',#8604,0.006);
#4729=CIRCLE('',#8606,0.0057);
#4730=CIRCLE('',#8608,0.004518518518519);
#4731=CIRCLE('',#8610,0.00045);
#4732=CIRCLE('',#8611,0.00045);
#4733=CIRCLE('',#8613,0.001);
#4734=CIRCLE('',#8615,0.00045);
#4735=CIRCLE('',#8617,0.00045);
#4736=CIRCLE('',#8619,0.001);
#4737=CIRCLE('',#8621,0.00027);
#4738=CIRCLE('',#8623,0.00027);
#4739=CIRCLE('',#8629,0.00101);
#4740=CIRCLE('',#8630,0.00101);
#4741=CIRCLE('',#8632,0.001);
#4742=CIRCLE('',#8634,0.001);
#4743=CIRCLE('',#8636,0.001);
#4744=CIRCLE('',#8638,0.001);
#4745=CIRCLE('',#8640,0.0006);
#4746=CIRCLE('',#8642,0.0006);
#4747=CIRCLE('',#8647,0.00101);
#4748=CIRCLE('',#8648,0.00101);
#4749=CIRCLE('',#8650,0.001);
#4750=CIRCLE('',#8652,0.001);
#4751=CIRCLE('',#8654,0.001);
#4752=CIRCLE('',#8656,0.001);
#4753=CIRCLE('',#8658,0.0006);
#4754=CIRCLE('',#8660,0.0006);
#4755=CIRCLE('',#8665,0.00025);
#4756=CIRCLE('',#8666,0.00025);
#4757=CIRCLE('',#8668,0.00025);
#4758=CIRCLE('',#8670,0.00025);
#4759=CIRCLE('',#8672,0.00025);
#4760=CIRCLE('',#8674,0.00025);
#4761=CIRCLE('',#8679,0.00101);
#4762=CIRCLE('',#8680,0.00101);
#4763=CIRCLE('',#8682,0.001);
#4764=CIRCLE('',#8684,0.001);
#4765=CIRCLE('',#8686,0.001);
#4766=CIRCLE('',#8688,0.001);
#4767=CIRCLE('',#8690,0.0006);
#4768=CIRCLE('',#8692,0.0006);
#4769=CIRCLE('',#8697,0.00025);
#4770=CIRCLE('',#8698,0.00025);
#4771=CIRCLE('',#8700,0.00025);
#4772=CIRCLE('',#8702,0.00025);
#4773=CIRCLE('',#8704,0.00025);
#4774=CIRCLE('',#8706,0.00025);
#4775=CIRCLE('',#8711,0.00025);
#4776=CIRCLE('',#8712,0.00025);
#4777=CIRCLE('',#8714,0.00025);
#4778=CIRCLE('',#8716,0.00025);
#4779=CIRCLE('',#8718,0.00025);
#4780=CIRCLE('',#8720,0.00025);
#4781=CIRCLE('',#8725,0.00025);
#4782=CIRCLE('',#8726,0.00025);
#4783=CIRCLE('',#8728,0.00025);
#4784=CIRCLE('',#8730,0.00025);
#4785=CIRCLE('',#8732,0.00025);
#4786=CIRCLE('',#8734,0.00025);
#4787=CIRCLE('',#8739,0.00025);
#4788=CIRCLE('',#8740,0.00025);
#4789=CIRCLE('',#8742,0.00025);
#4790=CIRCLE('',#8744,0.00025);
#4791=CIRCLE('',#8746,0.00025);
#4792=CIRCLE('',#8748,0.00025);
#4793=CIRCLE('',#8753,0.00101);
#4794=CIRCLE('',#8754,0.00101);
#4795=CIRCLE('',#8756,0.001);
#4796=CIRCLE('',#8758,0.001);
#4797=CIRCLE('',#8760,0.001);
#4798=CIRCLE('',#8762,0.001);
#4799=CIRCLE('',#8764,0.0006);
#4800=CIRCLE('',#8766,0.0006);
#4801=CIRCLE('',#8771,0.00025);
#4802=CIRCLE('',#8772,0.00025);
#4803=CIRCLE('',#8774,0.00025);
#4804=CIRCLE('',#8776,0.00025);
#4805=CIRCLE('',#8778,0.00025);
#4806=CIRCLE('',#8780,0.00025);
#4807=EDGE_LOOP('',(#1409));
#4808=EDGE_LOOP('',(#1410));
#4809=EDGE_LOOP('',(#1411));
#4810=EDGE_LOOP('',(#1412));
#4811=EDGE_LOOP('',(#1413));
#4812=EDGE_LOOP('',(#1414));
#4813=EDGE_LOOP('',(#1415));
#4814=EDGE_LOOP('',(#1416));
#4815=EDGE_LOOP('',(#1417));
#4816=EDGE_LOOP('',(#1418));
#4817=EDGE_LOOP('',(#1419));
#4818=EDGE_LOOP('',(#1420));
#4819=EDGE_LOOP('',(#1421));
#4820=EDGE_LOOP('',(#1422));
#4821=EDGE_LOOP('',(#1423));
#4822=EDGE_LOOP('',(#1424));
#4823=EDGE_LOOP('',(#1425));
#4824=EDGE_LOOP('',(#1426));
#4825=EDGE_LOOP('',(#1427));
#4826=EDGE_LOOP('',(#1428));
#4827=EDGE_LOOP('',(#1429));
#4828=EDGE_LOOP('',(#1430));
#4829=EDGE_LOOP('',(#1431));
#4830=EDGE_LOOP('',(#1432));
#4831=EDGE_LOOP('',(#1433));
#4832=EDGE_LOOP('',(#1434));
#4833=EDGE_LOOP('',(#1435));
#4834=EDGE_LOOP('',(#1436));
#4835=EDGE_LOOP('',(#1437));
#4836=EDGE_LOOP('',(#1438));
#4837=EDGE_LOOP('',(#1439));
#4838=EDGE_LOOP('',(#1440));
#4839=EDGE_LOOP('',(#1441));
#4840=EDGE_LOOP('',(#1442));
#4841=EDGE_LOOP('',(#1443));
#4842=EDGE_LOOP('',(#1444));
#4843=EDGE_LOOP('',(#1445));
#4844=EDGE_LOOP('',(#1446));
#4845=EDGE_LOOP('',(#1447));
#4846=EDGE_LOOP('',(#1448));
#4847=EDGE_LOOP('',(#1449));
#4848=EDGE_LOOP('',(#1450));
#4849=EDGE_LOOP('',(#1451));
#4850=EDGE_LOOP('',(#1452));
#4851=EDGE_LOOP('',(#1453));
#4852=EDGE_LOOP('',(#1454));
#4853=EDGE_LOOP('',(#1455));
#4854=EDGE_LOOP('',(#1456));
#4855=EDGE_LOOP('',(#1457));
#4856=EDGE_LOOP('',(#1458));
#4857=EDGE_LOOP('',(#1459));
#4858=EDGE_LOOP('',(#1460));
#4859=EDGE_LOOP('',(#1461));
#4860=EDGE_LOOP('',(#1462));
#4861=EDGE_LOOP('',(#1463));
#4862=EDGE_LOOP('',(#1464));
#4863=EDGE_LOOP('',(#1465,#1466,#1467,#1468));
#4864=EDGE_LOOP('',(#1469,#1470,#1471,#1472));
#4865=EDGE_LOOP('',(#1473,#1474,#1475,#1476));
#4866=EDGE_LOOP('',(#1477,#1478,#1479,#1480,#1481,#1482,#1483,#1484));
#4867=EDGE_LOOP('',(#1485));
#4868=EDGE_LOOP('',(#1486));
#4869=EDGE_LOOP('',(#1487));
#4870=EDGE_LOOP('',(#1488));
#4871=EDGE_LOOP('',(#1489));
#4872=EDGE_LOOP('',(#1490));
#4873=EDGE_LOOP('',(#1491));
#4874=EDGE_LOOP('',(#1492));
#4875=EDGE_LOOP('',(#1493));
#4876=EDGE_LOOP('',(#1494));
#4877=EDGE_LOOP('',(#1495));
#4878=EDGE_LOOP('',(#1496));
#4879=EDGE_LOOP('',(#1497));
#4880=EDGE_LOOP('',(#1498));
#4881=EDGE_LOOP('',(#1499));
#4882=EDGE_LOOP('',(#1500));
#4883=EDGE_LOOP('',(#1501));
#4884=EDGE_LOOP('',(#1502));
#4885=EDGE_LOOP('',(#1503));
#4886=EDGE_LOOP('',(#1504));
#4887=EDGE_LOOP('',(#1505));
#4888=EDGE_LOOP('',(#1506));
#4889=EDGE_LOOP('',(#1507));
#4890=EDGE_LOOP('',(#1508));
#4891=EDGE_LOOP('',(#1509));
#4892=EDGE_LOOP('',(#1510));
#4893=EDGE_LOOP('',(#1511));
#4894=EDGE_LOOP('',(#1512));
#4895=EDGE_LOOP('',(#1513));
#4896=EDGE_LOOP('',(#1514));
#4897=EDGE_LOOP('',(#1515));
#4898=EDGE_LOOP('',(#1516));
#4899=EDGE_LOOP('',(#1517));
#4900=EDGE_LOOP('',(#1518));
#4901=EDGE_LOOP('',(#1519));
#4902=EDGE_LOOP('',(#1520));
#4903=EDGE_LOOP('',(#1521));
#4904=EDGE_LOOP('',(#1522));
#4905=EDGE_LOOP('',(#1523));
#4906=EDGE_LOOP('',(#1524));
#4907=EDGE_LOOP('',(#1525));
#4908=EDGE_LOOP('',(#1526));
#4909=EDGE_LOOP('',(#1527));
#4910=EDGE_LOOP('',(#1528));
#4911=EDGE_LOOP('',(#1529));
#4912=EDGE_LOOP('',(#1530));
#4913=EDGE_LOOP('',(#1531));
#4914=EDGE_LOOP('',(#1532));
#4915=EDGE_LOOP('',(#1533));
#4916=EDGE_LOOP('',(#1534));
#4917=EDGE_LOOP('',(#1535));
#4918=EDGE_LOOP('',(#1536));
#4919=EDGE_LOOP('',(#1537));
#4920=EDGE_LOOP('',(#1538));
#4921=EDGE_LOOP('',(#1539));
#4922=EDGE_LOOP('',(#1540));
#4923=EDGE_LOOP('',(#1541));
#4924=EDGE_LOOP('',(#1542));
#4925=EDGE_LOOP('',(#1543));
#4926=EDGE_LOOP('',(#1544));
#4927=EDGE_LOOP('',(#1545));
#4928=EDGE_LOOP('',(#1546));
#4929=EDGE_LOOP('',(#1547));
#4930=EDGE_LOOP('',(#1548));
#4931=EDGE_LOOP('',(#1549));
#4932=EDGE_LOOP('',(#1550));
#4933=EDGE_LOOP('',(#1551));
#4934=EDGE_LOOP('',(#1552));
#4935=EDGE_LOOP('',(#1553));
#4936=EDGE_LOOP('',(#1554));
#4937=EDGE_LOOP('',(#1555));
#4938=EDGE_LOOP('',(#1556));
#4939=EDGE_LOOP('',(#1557));
#4940=EDGE_LOOP('',(#1558));
#4941=EDGE_LOOP('',(#1559));
#4942=EDGE_LOOP('',(#1560));
#4943=EDGE_LOOP('',(#1561));
#4944=EDGE_LOOP('',(#1562));
#4945=EDGE_LOOP('',(#1563));
#4946=EDGE_LOOP('',(#1564));
#4947=EDGE_LOOP('',(#1565));
#4948=EDGE_LOOP('',(#1566));
#4949=EDGE_LOOP('',(#1567));
#4950=EDGE_LOOP('',(#1568));
#4951=EDGE_LOOP('',(#1569));
#4952=EDGE_LOOP('',(#1570));
#4953=EDGE_LOOP('',(#1571));
#4954=EDGE_LOOP('',(#1572));
#4955=EDGE_LOOP('',(#1573));
#4956=EDGE_LOOP('',(#1574));
#4957=EDGE_LOOP('',(#1575));
#4958=EDGE_LOOP('',(#1576,#1577,#1578,#1579,#1580,#1581,#1582,#1583));
#4959=EDGE_LOOP('',(#1584));
#4960=EDGE_LOOP('',(#1585));
#4961=EDGE_LOOP('',(#1586));
#4962=EDGE_LOOP('',(#1587));
#4963=EDGE_LOOP('',(#1588));
#4964=EDGE_LOOP('',(#1589));
#4965=EDGE_LOOP('',(#1590));
#4966=EDGE_LOOP('',(#1591));
#4967=EDGE_LOOP('',(#1592));
#4968=EDGE_LOOP('',(#1593));
#4969=EDGE_LOOP('',(#1594));
#4970=EDGE_LOOP('',(#1595));
#4971=EDGE_LOOP('',(#1596));
#4972=EDGE_LOOP('',(#1597));
#4973=EDGE_LOOP('',(#1598));
#4974=EDGE_LOOP('',(#1599));
#4975=EDGE_LOOP('',(#1600));
#4976=EDGE_LOOP('',(#1601));
#4977=EDGE_LOOP('',(#1602));
#4978=EDGE_LOOP('',(#1603));
#4979=EDGE_LOOP('',(#1604));
#4980=EDGE_LOOP('',(#1605));
#4981=EDGE_LOOP('',(#1606));
#4982=EDGE_LOOP('',(#1607));
#4983=EDGE_LOOP('',(#1608));
#4984=EDGE_LOOP('',(#1609));
#4985=EDGE_LOOP('',(#1610));
#4986=EDGE_LOOP('',(#1611));
#4987=EDGE_LOOP('',(#1612));
#4988=EDGE_LOOP('',(#1613));
#4989=EDGE_LOOP('',(#1614));
#4990=EDGE_LOOP('',(#1615));
#4991=EDGE_LOOP('',(#1616));
#4992=EDGE_LOOP('',(#1617));
#4993=EDGE_LOOP('',(#1618));
#4994=EDGE_LOOP('',(#1619));
#4995=EDGE_LOOP('',(#1620));
#4996=EDGE_LOOP('',(#1621));
#4997=EDGE_LOOP('',(#1622));
#4998=EDGE_LOOP('',(#1623));
#4999=EDGE_LOOP('',(#1624));
#5000=EDGE_LOOP('',(#1625));
#5001=EDGE_LOOP('',(#1626));
#5002=EDGE_LOOP('',(#1627));
#5003=EDGE_LOOP('',(#1628));
#5004=EDGE_LOOP('',(#1629));
#5005=EDGE_LOOP('',(#1630));
#5006=EDGE_LOOP('',(#1631));
#5007=EDGE_LOOP('',(#1632));
#5008=EDGE_LOOP('',(#1633));
#5009=EDGE_LOOP('',(#1634));
#5010=EDGE_LOOP('',(#1635));
#5011=EDGE_LOOP('',(#1636));
#5012=EDGE_LOOP('',(#1637));
#5013=EDGE_LOOP('',(#1638));
#5014=EDGE_LOOP('',(#1639));
#5015=EDGE_LOOP('',(#1640));
#5016=EDGE_LOOP('',(#1641));
#5017=EDGE_LOOP('',(#1642));
#5018=EDGE_LOOP('',(#1643));
#5019=EDGE_LOOP('',(#1644));
#5020=EDGE_LOOP('',(#1645));
#5021=EDGE_LOOP('',(#1646));
#5022=EDGE_LOOP('',(#1647));
#5023=EDGE_LOOP('',(#1648));
#5024=EDGE_LOOP('',(#1649));
#5025=EDGE_LOOP('',(#1650));
#5026=EDGE_LOOP('',(#1651));
#5027=EDGE_LOOP('',(#1652));
#5028=EDGE_LOOP('',(#1653));
#5029=EDGE_LOOP('',(#1654));
#5030=EDGE_LOOP('',(#1655));
#5031=EDGE_LOOP('',(#1656));
#5032=EDGE_LOOP('',(#1657));
#5033=EDGE_LOOP('',(#1658));
#5034=EDGE_LOOP('',(#1659));
#5035=EDGE_LOOP('',(#1660));
#5036=EDGE_LOOP('',(#1661));
#5037=EDGE_LOOP('',(#1662));
#5038=EDGE_LOOP('',(#1663));
#5039=EDGE_LOOP('',(#1664));
#5040=EDGE_LOOP('',(#1665));
#5041=EDGE_LOOP('',(#1666));
#5042=EDGE_LOOP('',(#1667));
#5043=EDGE_LOOP('',(#1668));
#5044=EDGE_LOOP('',(#1669));
#5045=EDGE_LOOP('',(#1670));
#5046=EDGE_LOOP('',(#1671));
#5047=EDGE_LOOP('',(#1672));
#5048=EDGE_LOOP('',(#1673));
#5049=EDGE_LOOP('',(#1674));
#5050=EDGE_LOOP('',(#1675,#1676,#1677,#1678));
#5051=EDGE_LOOP('',(#1679,#1680,#1681,#1682));
#5052=EDGE_LOOP('',(#1683,#1684,#1685,#1686));
#5053=EDGE_LOOP('',(#1687,#1688,#1689,#1690));
#5054=EDGE_LOOP('',(#1691,#1692,#1693,#1694));
#5055=EDGE_LOOP('',(#1695));
#5056=EDGE_LOOP('',(#1696));
#5057=EDGE_LOOP('',(#1697));
#5058=EDGE_LOOP('',(#1698));
#5059=EDGE_LOOP('',(#1699));
#5060=EDGE_LOOP('',(#1700));
#5061=EDGE_LOOP('',(#1701));
#5062=EDGE_LOOP('',(#1702));
#5063=EDGE_LOOP('',(#1703));
#5064=EDGE_LOOP('',(#1704));
#5065=EDGE_LOOP('',(#1705));
#5066=EDGE_LOOP('',(#1706));
#5067=EDGE_LOOP('',(#1707));
#5068=EDGE_LOOP('',(#1708));
#5069=EDGE_LOOP('',(#1709));
#5070=EDGE_LOOP('',(#1710));
#5071=EDGE_LOOP('',(#1711));
#5072=EDGE_LOOP('',(#1712));
#5073=EDGE_LOOP('',(#1713));
#5074=EDGE_LOOP('',(#1714));
#5075=EDGE_LOOP('',(#1715));
#5076=EDGE_LOOP('',(#1716));
#5077=EDGE_LOOP('',(#1717));
#5078=EDGE_LOOP('',(#1718));
#5079=EDGE_LOOP('',(#1719));
#5080=EDGE_LOOP('',(#1720));
#5081=EDGE_LOOP('',(#1721));
#5082=EDGE_LOOP('',(#1722));
#5083=EDGE_LOOP('',(#1723));
#5084=EDGE_LOOP('',(#1724));
#5085=EDGE_LOOP('',(#1725));
#5086=EDGE_LOOP('',(#1726));
#5087=EDGE_LOOP('',(#1727));
#5088=EDGE_LOOP('',(#1728));
#5089=EDGE_LOOP('',(#1729));
#5090=EDGE_LOOP('',(#1730));
#5091=EDGE_LOOP('',(#1731));
#5092=EDGE_LOOP('',(#1732));
#5093=EDGE_LOOP('',(#1733));
#5094=EDGE_LOOP('',(#1734));
#5095=EDGE_LOOP('',(#1735));
#5096=EDGE_LOOP('',(#1736));
#5097=EDGE_LOOP('',(#1737));
#5098=EDGE_LOOP('',(#1738));
#5099=EDGE_LOOP('',(#1739));
#5100=EDGE_LOOP('',(#1740));
#5101=EDGE_LOOP('',(#1741));
#5102=EDGE_LOOP('',(#1742));
#5103=EDGE_LOOP('',(#1743));
#5104=EDGE_LOOP('',(#1744));
#5105=EDGE_LOOP('',(#1745));
#5106=EDGE_LOOP('',(#1746));
#5107=EDGE_LOOP('',(#1747));
#5108=EDGE_LOOP('',(#1748));
#5109=EDGE_LOOP('',(#1749));
#5110=EDGE_LOOP('',(#1750));
#5111=EDGE_LOOP('',(#1751));
#5112=EDGE_LOOP('',(#1752));
#5113=EDGE_LOOP('',(#1753));
#5114=EDGE_LOOP('',(#1754));
#5115=EDGE_LOOP('',(#1755));
#5116=EDGE_LOOP('',(#1756));
#5117=EDGE_LOOP('',(#1757));
#5118=EDGE_LOOP('',(#1758));
#5119=EDGE_LOOP('',(#1759));
#5120=EDGE_LOOP('',(#1760));
#5121=EDGE_LOOP('',(#1761));
#5122=EDGE_LOOP('',(#1762));
#5123=EDGE_LOOP('',(#1763));
#5124=EDGE_LOOP('',(#1764));
#5125=EDGE_LOOP('',(#1765));
#5126=EDGE_LOOP('',(#1766));
#5127=EDGE_LOOP('',(#1767));
#5128=EDGE_LOOP('',(#1768));
#5129=EDGE_LOOP('',(#1769));
#5130=EDGE_LOOP('',(#1770));
#5131=EDGE_LOOP('',(#1771));
#5132=EDGE_LOOP('',(#1772));
#5133=EDGE_LOOP('',(#1773));
#5134=EDGE_LOOP('',(#1774));
#5135=EDGE_LOOP('',(#1775));
#5136=EDGE_LOOP('',(#1776));
#5137=EDGE_LOOP('',(#1777));
#5138=EDGE_LOOP('',(#1778));
#5139=EDGE_LOOP('',(#1779));
#5140=EDGE_LOOP('',(#1780));
#5141=EDGE_LOOP('',(#1781));
#5142=EDGE_LOOP('',(#1782));
#5143=EDGE_LOOP('',(#1783));
#5144=EDGE_LOOP('',(#1784));
#5145=EDGE_LOOP('',(#1785));
#5146=EDGE_LOOP('',(#1786));
#5147=EDGE_LOOP('',(#1787));
#5148=EDGE_LOOP('',(#1788));
#5149=EDGE_LOOP('',(#1789));
#5150=EDGE_LOOP('',(#1790));
#5151=EDGE_LOOP('',(#1791));
#5152=EDGE_LOOP('',(#1792));
#5153=EDGE_LOOP('',(#1793));
#5154=EDGE_LOOP('',(#1794));
#5155=EDGE_LOOP('',(#1795));
#5156=EDGE_LOOP('',(#1796));
#5157=EDGE_LOOP('',(#1797));
#5158=EDGE_LOOP('',(#1798));
#5159=EDGE_LOOP('',(#1799));
#5160=EDGE_LOOP('',(#1800));
#5161=EDGE_LOOP('',(#1801));
#5162=EDGE_LOOP('',(#1802));
#5163=EDGE_LOOP('',(#1803));
#5164=EDGE_LOOP('',(#1804));
#5165=EDGE_LOOP('',(#1805));
#5166=EDGE_LOOP('',(#1806));
#5167=EDGE_LOOP('',(#1807));
#5168=EDGE_LOOP('',(#1808));
#5169=EDGE_LOOP('',(#1809));
#5170=EDGE_LOOP('',(#1810));
#5171=EDGE_LOOP('',(#1811));
#5172=EDGE_LOOP('',(#1812));
#5173=EDGE_LOOP('',(#1813));
#5174=EDGE_LOOP('',(#1814));
#5175=EDGE_LOOP('',(#1815));
#5176=EDGE_LOOP('',(#1816));
#5177=EDGE_LOOP('',(#1817));
#5178=EDGE_LOOP('',(#1818));
#5179=EDGE_LOOP('',(#1819));
#5180=EDGE_LOOP('',(#1820));
#5181=EDGE_LOOP('',(#1821));
#5182=EDGE_LOOP('',(#1822));
#5183=EDGE_LOOP('',(#1823));
#5184=EDGE_LOOP('',(#1824));
#5185=EDGE_LOOP('',(#1825));
#5186=EDGE_LOOP('',(#1826));
#5187=EDGE_LOOP('',(#1827));
#5188=EDGE_LOOP('',(#1828));
#5189=EDGE_LOOP('',(#1829));
#5190=EDGE_LOOP('',(#1830));
#5191=EDGE_LOOP('',(#1831));
#5192=EDGE_LOOP('',(#1832));
#5193=EDGE_LOOP('',(#1833));
#5194=EDGE_LOOP('',(#1834));
#5195=EDGE_LOOP('',(#1835));
#5196=EDGE_LOOP('',(#1836));
#5197=EDGE_LOOP('',(#1837));
#5198=EDGE_LOOP('',(#1838));
#5199=EDGE_LOOP('',(#1839));
#5200=EDGE_LOOP('',(#1840));
#5201=EDGE_LOOP('',(#1841));
#5202=EDGE_LOOP('',(#1842));
#5203=EDGE_LOOP('',(#1843));
#5204=EDGE_LOOP('',(#1844));
#5205=EDGE_LOOP('',(#1845));
#5206=EDGE_LOOP('',(#1846));
#5207=EDGE_LOOP('',(#1847));
#5208=EDGE_LOOP('',(#1848));
#5209=EDGE_LOOP('',(#1849));
#5210=EDGE_LOOP('',(#1850));
#5211=EDGE_LOOP('',(#1851));
#5212=EDGE_LOOP('',(#1852));
#5213=EDGE_LOOP('',(#1853));
#5214=EDGE_LOOP('',(#1854));
#5215=EDGE_LOOP('',(#1855));
#5216=EDGE_LOOP('',(#1856));
#5217=EDGE_LOOP('',(#1857));
#5218=EDGE_LOOP('',(#1858));
#5219=EDGE_LOOP('',(#1859));
#5220=EDGE_LOOP('',(#1860));
#5221=EDGE_LOOP('',(#1861));
#5222=EDGE_LOOP('',(#1862));
#5223=EDGE_LOOP('',(#1863));
#5224=EDGE_LOOP('',(#1864));
#5225=EDGE_LOOP('',(#1865));
#5226=EDGE_LOOP('',(#1866));
#5227=EDGE_LOOP('',(#1867));
#5228=EDGE_LOOP('',(#1868));
#5229=EDGE_LOOP('',(#1869));
#5230=EDGE_LOOP('',(#1870));
#5231=EDGE_LOOP('',(#1871));
#5232=EDGE_LOOP('',(#1872));
#5233=EDGE_LOOP('',(#1873));
#5234=EDGE_LOOP('',(#1874));
#5235=EDGE_LOOP('',(#1875));
#5236=EDGE_LOOP('',(#1876));
#5237=EDGE_LOOP('',(#1877));
#5238=EDGE_LOOP('',(#1878));
#5239=EDGE_LOOP('',(#1879));
#5240=EDGE_LOOP('',(#1880));
#5241=EDGE_LOOP('',(#1881));
#5242=EDGE_LOOP('',(#1882));
#5243=EDGE_LOOP('',(#1883));
#5244=EDGE_LOOP('',(#1884));
#5245=EDGE_LOOP('',(#1885));
#5246=EDGE_LOOP('',(#1886));
#5247=EDGE_LOOP('',(#1887));
#5248=EDGE_LOOP('',(#1888));
#5249=EDGE_LOOP('',(#1889));
#5250=EDGE_LOOP('',(#1890));
#5251=EDGE_LOOP('',(#1891));
#5252=EDGE_LOOP('',(#1892));
#5253=EDGE_LOOP('',(#1893,#1894,#1895,#1896));
#5254=EDGE_LOOP('',(#1897,#1898,#1899,#1900));
#5255=EDGE_LOOP('',(#1901,#1902,#1903,#1904));
#5256=EDGE_LOOP('',(#1905,#1906,#1907,#1908,#1909,#1910,#1911,#1912,#1913,
#1914,#1915,#1916,#1917,#1918,#1919,#1920,#1921,#1922,#1923,#1924,#1925,
#1926,#1927,#1928,#1929,#1930,#1931,#1932,#1933,#1934,#1935,#1936,#1937,
#1938,#1939,#1940,#1941,#1942,#1943,#1944,#1945,#1946,#1947,#1948,#1949,
#1950,#1951,#1952,#1953,#1954));
#5257=EDGE_LOOP('',(#1955,#1956,#1957,#1958));
#5258=EDGE_LOOP('',(#1959,#1960,#1961,#1962));
#5259=EDGE_LOOP('',(#1963,#1964,#1965,#1966));
#5260=EDGE_LOOP('',(#1967,#1968,#1969,#1970));
#5261=EDGE_LOOP('',(#1971,#1972,#1973,#1974));
#5262=EDGE_LOOP('',(#1975,#1976,#1977,#1978));
#5263=EDGE_LOOP('',(#1979,#1980,#1981,#1982));
#5264=EDGE_LOOP('',(#1983,#1984,#1985,#1986));
#5265=EDGE_LOOP('',(#1987,#1988,#1989,#1990,#1991,#1992,#1993,#1994,#1995,
#1996,#1997,#1998,#1999,#2000,#2001,#2002,#2003,#2004,#2005,#2006,#2007,
#2008,#2009,#2010,#2011,#2012,#2013,#2014,#2015,#2016,#2017,#2018,#2019,
#2020,#2021,#2022,#2023,#2024,#2025,#2026,#2027,#2028,#2029,#2030,#2031,
#2032,#2033,#2034,#2035,#2036));
#5266=EDGE_LOOP('',(#2037,#2038,#2039,#2040));
#5267=EDGE_LOOP('',(#2041,#2042,#2043,#2044));
#5268=EDGE_LOOP('',(#2045,#2046,#2047,#2048));
#5269=EDGE_LOOP('',(#2049,#2050,#2051,#2052));
#5270=EDGE_LOOP('',(#2053,#2054,#2055,#2056));
#5271=EDGE_LOOP('',(#2057,#2058,#2059,#2060));
#5272=EDGE_LOOP('',(#2061,#2062,#2063,#2064));
#5273=EDGE_LOOP('',(#2065,#2066,#2067,#2068));
#5274=EDGE_LOOP('',(#2069,#2070,#2071,#2072));
#5275=EDGE_LOOP('',(#2073,#2074,#2075,#2076));
#5276=EDGE_LOOP('',(#2077,#2078,#2079,#2080));
#5277=EDGE_LOOP('',(#2081,#2082,#2083,#2084));
#5278=EDGE_LOOP('',(#2085,#2086,#2087,#2088));
#5279=EDGE_LOOP('',(#2089,#2090,#2091,#2092));
#5280=EDGE_LOOP('',(#2093,#2094,#2095,#2096));
#5281=EDGE_LOOP('',(#2097,#2098,#2099,#2100));
#5282=EDGE_LOOP('',(#2101,#2102,#2103,#2104));
#5283=EDGE_LOOP('',(#2105,#2106,#2107,#2108));
#5284=EDGE_LOOP('',(#2109,#2110,#2111,#2112));
#5285=EDGE_LOOP('',(#2113,#2114,#2115,#2116));
#5286=EDGE_LOOP('',(#2117,#2118,#2119,#2120));
#5287=EDGE_LOOP('',(#2121,#2122,#2123,#2124));
#5288=EDGE_LOOP('',(#2125,#2126,#2127,#2128));
#5289=EDGE_LOOP('',(#2129,#2130,#2131,#2132));
#5290=EDGE_LOOP('',(#2133,#2134,#2135,#2136));
#5291=EDGE_LOOP('',(#2137,#2138,#2139,#2140));
#5292=EDGE_LOOP('',(#2141,#2142,#2143,#2144));
#5293=EDGE_LOOP('',(#2145,#2146,#2147,#2148));
#5294=EDGE_LOOP('',(#2149,#2150,#2151,#2152));
#5295=EDGE_LOOP('',(#2153,#2154,#2155,#2156));
#5296=EDGE_LOOP('',(#2157,#2158,#2159,#2160));
#5297=EDGE_LOOP('',(#2161,#2162,#2163,#2164));
#5298=EDGE_LOOP('',(#2165,#2166,#2167,#2168));
#5299=EDGE_LOOP('',(#2169,#2170,#2171,#2172));
#5300=EDGE_LOOP('',(#2173,#2174,#2175,#2176));
#5301=EDGE_LOOP('',(#2177,#2178,#2179,#2180));
#5302=EDGE_LOOP('',(#2181,#2182,#2183,#2184));
#5303=EDGE_LOOP('',(#2185,#2186,#2187,#2188));
#5304=EDGE_LOOP('',(#2189,#2190,#2191,#2192));
#5305=EDGE_LOOP('',(#2193,#2194,#2195,#2196));
#5306=EDGE_LOOP('',(#2197,#2198,#2199,#2200));
#5307=EDGE_LOOP('',(#2201,#2202,#2203,#2204));
#5308=EDGE_LOOP('',(#2205,#2206,#2207,#2208));
#5309=EDGE_LOOP('',(#2209,#2210,#2211,#2212));
#5310=EDGE_LOOP('',(#2213,#2214,#2215,#2216));
#5311=EDGE_LOOP('',(#2217,#2218,#2219,#2220));
#5312=EDGE_LOOP('',(#2221,#2222,#2223,#2224));
#5313=EDGE_LOOP('',(#2225,#2226,#2227,#2228));
#5314=EDGE_LOOP('',(#2229,#2230,#2231,#2232));
#5315=EDGE_LOOP('',(#2233,#2234,#2235,#2236));
#5316=EDGE_LOOP('',(#2237,#2238,#2239,#2240));
#5317=EDGE_LOOP('',(#2241,#2242,#2243,#2244));
#5318=EDGE_LOOP('',(#2245,#2246,#2247,#2248));
#5319=EDGE_LOOP('',(#2249,#2250,#2251,#2252));
#5320=EDGE_LOOP('',(#2253,#2254,#2255,#2256));
#5321=EDGE_LOOP('',(#2257,#2258,#2259,#2260));
#5322=EDGE_LOOP('',(#2261,#2262,#2263,#2264));
#5323=EDGE_LOOP('',(#2265,#2266,#2267,#2268));
#5324=EDGE_LOOP('',(#2269,#2270,#2271,#2272));
#5325=EDGE_LOOP('',(#2273,#2274,#2275,#2276));
#5326=EDGE_LOOP('',(#2277,#2278,#2279,#2280));
#5327=EDGE_LOOP('',(#2281,#2282,#2283,#2284));
#5328=EDGE_LOOP('',(#2285,#2286,#2287,#2288));
#5329=EDGE_LOOP('',(#2289,#2290,#2291,#2292));
#5330=EDGE_LOOP('',(#2293,#2294,#2295,#2296));
#5331=EDGE_LOOP('',(#2297,#2298,#2299,#2300));
#5332=EDGE_LOOP('',(#2301,#2302,#2303,#2304));
#5333=EDGE_LOOP('',(#2305,#2306,#2307,#2308));
#5334=EDGE_LOOP('',(#2309,#2310,#2311,#2312));
#5335=EDGE_LOOP('',(#2313,#2314,#2315,#2316));
#5336=EDGE_LOOP('',(#2317,#2318,#2319,#2320));
#5337=EDGE_LOOP('',(#2321,#2322,#2323,#2324));
#5338=EDGE_LOOP('',(#2325,#2326,#2327,#2328));
#5339=EDGE_LOOP('',(#2329,#2330,#2331,#2332));
#5340=EDGE_LOOP('',(#2333,#2334,#2335,#2336));
#5341=EDGE_LOOP('',(#2337,#2338,#2339,#2340));
#5342=EDGE_LOOP('',(#2341,#2342,#2343,#2344));
#5343=EDGE_LOOP('',(#2345,#2346,#2347,#2348));
#5344=EDGE_LOOP('',(#2349,#2350,#2351,#2352));
#5345=EDGE_LOOP('',(#2353,#2354,#2355,#2356));
#5346=EDGE_LOOP('',(#2357,#2358,#2359,#2360));
#5347=EDGE_LOOP('',(#2361,#2362,#2363,#2364));
#5348=EDGE_LOOP('',(#2365,#2366,#2367,#2368));
#5349=EDGE_LOOP('',(#2369,#2370,#2371,#2372));
#5350=EDGE_LOOP('',(#2373,#2374,#2375,#2376));
#5351=EDGE_LOOP('',(#2377,#2378,#2379,#2380));
#5352=EDGE_LOOP('',(#2381,#2382,#2383,#2384));
#5353=EDGE_LOOP('',(#2385,#2386,#2387,#2388));
#5354=EDGE_LOOP('',(#2389,#2390,#2391,#2392));
#5355=EDGE_LOOP('',(#2393,#2394,#2395,#2396));
#5356=EDGE_LOOP('',(#2397,#2398,#2399,#2400));
#5357=EDGE_LOOP('',(#2401,#2402,#2403,#2404));
#5358=EDGE_LOOP('',(#2405,#2406,#2407,#2408));
#5359=EDGE_LOOP('',(#2409,#2410,#2411,#2412));
#5360=EDGE_LOOP('',(#2413,#2414,#2415,#2416));
#5361=EDGE_LOOP('',(#2417,#2418,#2419,#2420));
#5362=EDGE_LOOP('',(#2421,#2422,#2423,#2424));
#5363=EDGE_LOOP('',(#2425,#2426,#2427,#2428));
#5364=EDGE_LOOP('',(#2429,#2430,#2431,#2432));
#5365=EDGE_LOOP('',(#2433,#2434,#2435,#2436));
#5366=EDGE_LOOP('',(#2437,#2438,#2439,#2440));
#5367=EDGE_LOOP('',(#2441,#2442,#2443,#2444));
#5368=EDGE_LOOP('',(#2445,#2446,#2447,#2448));
#5369=EDGE_LOOP('',(#2449,#2450,#2451,#2452));
#5370=EDGE_LOOP('',(#2453,#2454,#2455,#2456));
#5371=EDGE_LOOP('',(#2457,#2458,#2459,#2460));
#5372=EDGE_LOOP('',(#2461,#2462,#2463,#2464));
#5373=EDGE_LOOP('',(#2465,#2466,#2467,#2468));
#5374=EDGE_LOOP('',(#2469,#2470,#2471,#2472));
#5375=EDGE_LOOP('',(#2473,#2474,#2475,#2476));
#5376=EDGE_LOOP('',(#2477,#2478,#2479,#2480));
#5377=EDGE_LOOP('',(#2481,#2482,#2483,#2484));
#5378=EDGE_LOOP('',(#2485,#2486,#2487,#2488));
#5379=EDGE_LOOP('',(#2489,#2490,#2491,#2492));
#5380=EDGE_LOOP('',(#2493,#2494,#2495,#2496));
#5381=EDGE_LOOP('',(#2497,#2498,#2499,#2500));
#5382=EDGE_LOOP('',(#2501,#2502,#2503,#2504));
#5383=EDGE_LOOP('',(#2505,#2506,#2507,#2508));
#5384=EDGE_LOOP('',(#2509,#2510,#2511,#2512));
#5385=EDGE_LOOP('',(#2513,#2514,#2515,#2516));
#5386=EDGE_LOOP('',(#2517,#2518,#2519,#2520));
#5387=EDGE_LOOP('',(#2521,#2522,#2523,#2524));
#5388=EDGE_LOOP('',(#2525,#2526,#2527,#2528));
#5389=EDGE_LOOP('',(#2529,#2530,#2531,#2532));
#5390=EDGE_LOOP('',(#2533,#2534,#2535,#2536));
#5391=EDGE_LOOP('',(#2537,#2538,#2539,#2540));
#5392=EDGE_LOOP('',(#2541,#2542,#2543,#2544));
#5393=EDGE_LOOP('',(#2545,#2546,#2547,#2548));
#5394=EDGE_LOOP('',(#2549,#2550,#2551,#2552));
#5395=EDGE_LOOP('',(#2553,#2554,#2555,#2556));
#5396=EDGE_LOOP('',(#2557,#2558,#2559,#2560));
#5397=EDGE_LOOP('',(#2561,#2562,#2563,#2564));
#5398=EDGE_LOOP('',(#2565,#2566,#2567,#2568));
#5399=EDGE_LOOP('',(#2569,#2570,#2571,#2572));
#5400=EDGE_LOOP('',(#2573,#2574,#2575,#2576));
#5401=EDGE_LOOP('',(#2577,#2578,#2579,#2580));
#5402=EDGE_LOOP('',(#2581,#2582,#2583,#2584));
#5403=EDGE_LOOP('',(#2585,#2586,#2587,#2588));
#5404=EDGE_LOOP('',(#2589,#2590,#2591,#2592));
#5405=EDGE_LOOP('',(#2593,#2594,#2595,#2596));
#5406=EDGE_LOOP('',(#2597,#2598,#2599,#2600));
#5407=EDGE_LOOP('',(#2601,#2602,#2603,#2604));
#5408=EDGE_LOOP('',(#2605,#2606,#2607,#2608));
#5409=EDGE_LOOP('',(#2609,#2610,#2611,#2612));
#5410=EDGE_LOOP('',(#2613,#2614,#2615,#2616));
#5411=EDGE_LOOP('',(#2617,#2618,#2619,#2620));
#5412=EDGE_LOOP('',(#2621,#2622,#2623,#2624));
#5413=EDGE_LOOP('',(#2625,#2626,#2627,#2628));
#5414=EDGE_LOOP('',(#2629,#2630,#2631,#2632));
#5415=EDGE_LOOP('',(#2633,#2634,#2635,#2636));
#5416=EDGE_LOOP('',(#2637,#2638,#2639,#2640));
#5417=EDGE_LOOP('',(#2641,#2642,#2643,#2644));
#5418=EDGE_LOOP('',(#2645,#2646,#2647,#2648));
#5419=EDGE_LOOP('',(#2649,#2650,#2651,#2652));
#5420=EDGE_LOOP('',(#2653,#2654,#2655,#2656));
#5421=EDGE_LOOP('',(#2657,#2658,#2659,#2660));
#5422=EDGE_LOOP('',(#2661,#2662,#2663,#2664));
#5423=EDGE_LOOP('',(#2665,#2666,#2667,#2668));
#5424=EDGE_LOOP('',(#2669,#2670,#2671,#2672));
#5425=EDGE_LOOP('',(#2673,#2674,#2675,#2676));
#5426=EDGE_LOOP('',(#2677,#2678,#2679,#2680));
#5427=EDGE_LOOP('',(#2681,#2682,#2683,#2684));
#5428=EDGE_LOOP('',(#2685,#2686,#2687,#2688));
#5429=EDGE_LOOP('',(#2689,#2690,#2691,#2692));
#5430=EDGE_LOOP('',(#2693,#2694,#2695,#2696));
#5431=EDGE_LOOP('',(#2697,#2698,#2699,#2700));
#5432=EDGE_LOOP('',(#2701,#2702,#2703,#2704));
#5433=EDGE_LOOP('',(#2705,#2706,#2707,#2708));
#5434=EDGE_LOOP('',(#2709,#2710,#2711,#2712));
#5435=EDGE_LOOP('',(#2713,#2714,#2715,#2716));
#5436=EDGE_LOOP('',(#2717,#2718,#2719,#2720));
#5437=EDGE_LOOP('',(#2721,#2722,#2723,#2724));
#5438=EDGE_LOOP('',(#2725,#2726,#2727,#2728));
#5439=EDGE_LOOP('',(#2729,#2730,#2731,#2732));
#5440=EDGE_LOOP('',(#2733,#2734,#2735,#2736));
#5441=EDGE_LOOP('',(#2737,#2738,#2739,#2740));
#5442=EDGE_LOOP('',(#2741,#2742,#2743,#2744));
#5443=EDGE_LOOP('',(#2745,#2746,#2747,#2748));
#5444=EDGE_LOOP('',(#2749,#2750,#2751,#2752));
#5445=EDGE_LOOP('',(#2753,#2754,#2755,#2756));
#5446=EDGE_LOOP('',(#2757,#2758,#2759,#2760));
#5447=EDGE_LOOP('',(#2761,#2762,#2763,#2764));
#5448=EDGE_LOOP('',(#2765,#2766,#2767,#2768));
#5449=EDGE_LOOP('',(#2769,#2770,#2771,#2772));
#5450=EDGE_LOOP('',(#2773,#2774,#2775,#2776));
#5451=EDGE_LOOP('',(#2777,#2778,#2779,#2780));
#5452=EDGE_LOOP('',(#2781,#2782,#2783,#2784));
#5453=EDGE_LOOP('',(#2785,#2786,#2787,#2788));
#5454=EDGE_LOOP('',(#2789,#2790,#2791,#2792));
#5455=EDGE_LOOP('',(#2793,#2794,#2795,#2796));
#5456=EDGE_LOOP('',(#2797,#2798,#2799,#2800));
#5457=EDGE_LOOP('',(#2801,#2802,#2803,#2804));
#5458=EDGE_LOOP('',(#2805,#2806,#2807,#2808));
#5459=EDGE_LOOP('',(#2809,#2810,#2811,#2812));
#5460=EDGE_LOOP('',(#2813,#2814,#2815,#2816));
#5461=EDGE_LOOP('',(#2817,#2818,#2819,#2820));
#5462=EDGE_LOOP('',(#2821,#2822,#2823,#2824));
#5463=EDGE_LOOP('',(#2825,#2826,#2827,#2828));
#5464=EDGE_LOOP('',(#2829,#2830,#2831,#2832));
#5465=EDGE_LOOP('',(#2833));
#5466=EDGE_LOOP('',(#2834));
#5467=EDGE_LOOP('',(#2835));
#5468=EDGE_LOOP('',(#2836));
#5469=EDGE_LOOP('',(#2837));
#5470=EDGE_LOOP('',(#2838));
#5471=EDGE_LOOP('',(#2839));
#5472=EDGE_LOOP('',(#2840));
#5473=EDGE_LOOP('',(#2841));
#5474=EDGE_LOOP('',(#2842));
#5475=EDGE_LOOP('',(#2843));
#5476=EDGE_LOOP('',(#2844));
#5477=EDGE_LOOP('',(#2845));
#5478=EDGE_LOOP('',(#2846));
#5479=EDGE_LOOP('',(#2847));
#5480=EDGE_LOOP('',(#2848));
#5481=EDGE_LOOP('',(#2849));
#5482=EDGE_LOOP('',(#2850));
#5483=EDGE_LOOP('',(#2851));
#5484=EDGE_LOOP('',(#2852));
#5485=EDGE_LOOP('',(#2853));
#5486=EDGE_LOOP('',(#2854));
#5487=EDGE_LOOP('',(#2855));
#5488=EDGE_LOOP('',(#2856));
#5489=EDGE_LOOP('',(#2857));
#5490=EDGE_LOOP('',(#2858));
#5491=EDGE_LOOP('',(#2859));
#5492=EDGE_LOOP('',(#2860));
#5493=EDGE_LOOP('',(#2861));
#5494=EDGE_LOOP('',(#2862));
#5495=EDGE_LOOP('',(#2863));
#5496=EDGE_LOOP('',(#2864));
#5497=EDGE_LOOP('',(#2865));
#5498=EDGE_LOOP('',(#2866));
#5499=EDGE_LOOP('',(#2867));
#5500=EDGE_LOOP('',(#2868));
#5501=EDGE_LOOP('',(#2869));
#5502=EDGE_LOOP('',(#2870));
#5503=EDGE_LOOP('',(#2871));
#5504=EDGE_LOOP('',(#2872));
#5505=EDGE_LOOP('',(#2873));
#5506=EDGE_LOOP('',(#2874));
#5507=EDGE_LOOP('',(#2875));
#5508=EDGE_LOOP('',(#2876));
#5509=EDGE_LOOP('',(#2877));
#5510=EDGE_LOOP('',(#2878));
#5511=EDGE_LOOP('',(#2879));
#5512=EDGE_LOOP('',(#2880));
#5513=EDGE_LOOP('',(#2881));
#5514=EDGE_LOOP('',(#2882));
#5515=EDGE_LOOP('',(#2883));
#5516=EDGE_LOOP('',(#2884));
#5517=EDGE_LOOP('',(#2885));
#5518=EDGE_LOOP('',(#2886));
#5519=EDGE_LOOP('',(#2887));
#5520=EDGE_LOOP('',(#2888));
#5521=EDGE_LOOP('',(#2889));
#5522=EDGE_LOOP('',(#2890));
#5523=EDGE_LOOP('',(#2891));
#5524=EDGE_LOOP('',(#2892));
#5525=EDGE_LOOP('',(#2893));
#5526=EDGE_LOOP('',(#2894));
#5527=EDGE_LOOP('',(#2895));
#5528=EDGE_LOOP('',(#2896));
#5529=EDGE_LOOP('',(#2897));
#5530=EDGE_LOOP('',(#2898));
#5531=EDGE_LOOP('',(#2899));
#5532=EDGE_LOOP('',(#2900));
#5533=EDGE_LOOP('',(#2901));
#5534=EDGE_LOOP('',(#2902));
#5535=EDGE_LOOP('',(#2903));
#5536=EDGE_LOOP('',(#2904));
#5537=EDGE_LOOP('',(#2905));
#5538=EDGE_LOOP('',(#2906));
#5539=EDGE_LOOP('',(#2907));
#5540=EDGE_LOOP('',(#2908));
#5541=EDGE_LOOP('',(#2909));
#5542=EDGE_LOOP('',(#2910));
#5543=EDGE_LOOP('',(#2911));
#5544=EDGE_LOOP('',(#2912));
#5545=EDGE_LOOP('',(#2913));
#5546=EDGE_LOOP('',(#2914));
#5547=EDGE_LOOP('',(#2915));
#5548=EDGE_LOOP('',(#2916));
#5549=EDGE_LOOP('',(#2917));
#5550=EDGE_LOOP('',(#2918));
#5551=EDGE_LOOP('',(#2919));
#5552=EDGE_LOOP('',(#2920));
#5553=EDGE_LOOP('',(#2921));
#5554=EDGE_LOOP('',(#2922));
#5555=EDGE_LOOP('',(#2923));
#5556=EDGE_LOOP('',(#2924));
#5557=EDGE_LOOP('',(#2925));
#5558=EDGE_LOOP('',(#2926));
#5559=EDGE_LOOP('',(#2927));
#5560=EDGE_LOOP('',(#2928));
#5561=EDGE_LOOP('',(#2929));
#5562=EDGE_LOOP('',(#2930));
#5563=EDGE_LOOP('',(#2931));
#5564=EDGE_LOOP('',(#2932));
#5565=EDGE_LOOP('',(#2933));
#5566=EDGE_LOOP('',(#2934));
#5567=EDGE_LOOP('',(#2935));
#5568=EDGE_LOOP('',(#2936));
#5569=EDGE_LOOP('',(#2937));
#5570=EDGE_LOOP('',(#2938));
#5571=EDGE_LOOP('',(#2939));
#5572=EDGE_LOOP('',(#2940));
#5573=EDGE_LOOP('',(#2941));
#5574=EDGE_LOOP('',(#2942));
#5575=EDGE_LOOP('',(#2943));
#5576=EDGE_LOOP('',(#2944));
#5577=EDGE_LOOP('',(#2945));
#5578=EDGE_LOOP('',(#2946));
#5579=EDGE_LOOP('',(#2947));
#5580=EDGE_LOOP('',(#2948));
#5581=EDGE_LOOP('',(#2949));
#5582=EDGE_LOOP('',(#2950));
#5583=EDGE_LOOP('',(#2951));
#5584=EDGE_LOOP('',(#2952));
#5585=EDGE_LOOP('',(#2953));
#5586=EDGE_LOOP('',(#2954));
#5587=EDGE_LOOP('',(#2955));
#5588=EDGE_LOOP('',(#2956));
#5589=EDGE_LOOP('',(#2957));
#5590=EDGE_LOOP('',(#2958));
#5591=EDGE_LOOP('',(#2959));
#5592=EDGE_LOOP('',(#2960));
#5593=EDGE_LOOP('',(#2961));
#5594=EDGE_LOOP('',(#2962));
#5595=EDGE_LOOP('',(#2963));
#5596=EDGE_LOOP('',(#2964));
#5597=EDGE_LOOP('',(#2965));
#5598=EDGE_LOOP('',(#2966));
#5599=EDGE_LOOP('',(#2967));
#5600=EDGE_LOOP('',(#2968));
#5601=EDGE_LOOP('',(#2969));
#5602=EDGE_LOOP('',(#2970));
#5603=EDGE_LOOP('',(#2971));
#5604=EDGE_LOOP('',(#2972));
#5605=EDGE_LOOP('',(#2973));
#5606=EDGE_LOOP('',(#2974));
#5607=EDGE_LOOP('',(#2975));
#5608=EDGE_LOOP('',(#2976));
#5609=EDGE_LOOP('',(#2977));
#5610=EDGE_LOOP('',(#2978));
#5611=EDGE_LOOP('',(#2979));
#5612=EDGE_LOOP('',(#2980));
#5613=EDGE_LOOP('',(#2981));
#5614=EDGE_LOOP('',(#2982));
#5615=EDGE_LOOP('',(#2983));
#5616=EDGE_LOOP('',(#2984));
#5617=EDGE_LOOP('',(#2985));
#5618=EDGE_LOOP('',(#2986));
#5619=EDGE_LOOP('',(#2987));
#5620=EDGE_LOOP('',(#2988));
#5621=EDGE_LOOP('',(#2989));
#5622=EDGE_LOOP('',(#2990));
#5623=EDGE_LOOP('',(#2991));
#5624=EDGE_LOOP('',(#2992));
#5625=EDGE_LOOP('',(#2993));
#5626=EDGE_LOOP('',(#2994));
#5627=EDGE_LOOP('',(#2995));
#5628=EDGE_LOOP('',(#2996));
#5629=EDGE_LOOP('',(#2997));
#5630=EDGE_LOOP('',(#2998));
#5631=EDGE_LOOP('',(#2999));
#5632=EDGE_LOOP('',(#3000));
#5633=EDGE_LOOP('',(#3001));
#5634=EDGE_LOOP('',(#3002));
#5635=EDGE_LOOP('',(#3003));
#5636=EDGE_LOOP('',(#3004));
#5637=EDGE_LOOP('',(#3005));
#5638=EDGE_LOOP('',(#3006));
#5639=EDGE_LOOP('',(#3007));
#5640=EDGE_LOOP('',(#3008));
#5641=EDGE_LOOP('',(#3009));
#5642=EDGE_LOOP('',(#3010));
#5643=EDGE_LOOP('',(#3011));
#5644=EDGE_LOOP('',(#3012));
#5645=EDGE_LOOP('',(#3013));
#5646=EDGE_LOOP('',(#3014));
#5647=EDGE_LOOP('',(#3015));
#5648=EDGE_LOOP('',(#3016));
#5649=EDGE_LOOP('',(#3017));
#5650=EDGE_LOOP('',(#3018));
#5651=EDGE_LOOP('',(#3019));
#5652=EDGE_LOOP('',(#3020));
#5653=EDGE_LOOP('',(#3021));
#5654=EDGE_LOOP('',(#3022));
#5655=EDGE_LOOP('',(#3023));
#5656=EDGE_LOOP('',(#3024));
#5657=EDGE_LOOP('',(#3025));
#5658=EDGE_LOOP('',(#3026));
#5659=EDGE_LOOP('',(#3027));
#5660=EDGE_LOOP('',(#3028));
#5661=EDGE_LOOP('',(#3029));
#5662=EDGE_LOOP('',(#3030));
#5663=EDGE_LOOP('',(#3031));
#5664=EDGE_LOOP('',(#3032));
#5665=EDGE_LOOP('',(#3033));
#5666=EDGE_LOOP('',(#3034));
#5667=EDGE_LOOP('',(#3035));
#5668=EDGE_LOOP('',(#3036));
#5669=FACE_BOUND('',#4807,.T.);
#5670=FACE_BOUND('',#4808,.T.);
#5671=FACE_BOUND('',#4809,.T.);
#5672=FACE_BOUND('',#4810,.T.);
#5673=FACE_BOUND('',#4811,.T.);
#5674=FACE_BOUND('',#4812,.T.);
#5675=FACE_BOUND('',#4813,.T.);
#5676=FACE_BOUND('',#4814,.T.);
#5677=FACE_BOUND('',#4815,.T.);
#5678=FACE_BOUND('',#4816,.T.);
#5679=FACE_BOUND('',#4817,.T.);
#5680=FACE_BOUND('',#4818,.T.);
#5681=FACE_BOUND('',#4819,.T.);
#5682=FACE_BOUND('',#4820,.T.);
#5683=FACE_BOUND('',#4821,.T.);
#5684=FACE_BOUND('',#4822,.T.);
#5685=FACE_BOUND('',#4823,.T.);
#5686=FACE_BOUND('',#4824,.T.);
#5687=FACE_BOUND('',#4825,.T.);
#5688=FACE_BOUND('',#4826,.T.);
#5689=FACE_BOUND('',#4827,.T.);
#5690=FACE_BOUND('',#4828,.T.);
#5691=FACE_BOUND('',#4829,.T.);
#5692=FACE_BOUND('',#4830,.T.);
#5693=FACE_BOUND('',#4831,.T.);
#5694=FACE_BOUND('',#4832,.T.);
#5695=FACE_BOUND('',#4833,.T.);
#5696=FACE_BOUND('',#4834,.T.);
#5697=FACE_BOUND('',#4835,.T.);
#5698=FACE_BOUND('',#4836,.T.);
#5699=FACE_BOUND('',#4837,.T.);
#5700=FACE_BOUND('',#4838,.T.);
#5701=FACE_BOUND('',#4839,.T.);
#5702=FACE_BOUND('',#4840,.T.);
#5703=FACE_BOUND('',#4841,.T.);
#5704=FACE_BOUND('',#4842,.T.);
#5705=FACE_BOUND('',#4843,.T.);
#5706=FACE_BOUND('',#4844,.T.);
#5707=FACE_BOUND('',#4845,.T.);
#5708=FACE_BOUND('',#4846,.T.);
#5709=FACE_BOUND('',#4847,.T.);
#5710=FACE_BOUND('',#4848,.T.);
#5711=FACE_BOUND('',#4849,.T.);
#5712=FACE_BOUND('',#4850,.T.);
#5713=FACE_BOUND('',#4851,.T.);
#5714=FACE_BOUND('',#4852,.T.);
#5715=FACE_BOUND('',#4853,.T.);
#5716=FACE_BOUND('',#4854,.T.);
#5717=FACE_BOUND('',#4855,.T.);
#5718=FACE_BOUND('',#4856,.T.);
#5719=FACE_BOUND('',#4857,.T.);
#5720=FACE_BOUND('',#4858,.T.);
#5721=FACE_BOUND('',#4859,.T.);
#5722=FACE_BOUND('',#4860,.T.);
#5723=FACE_BOUND('',#4861,.T.);
#5724=FACE_BOUND('',#4862,.T.);
#5725=FACE_BOUND('',#4863,.T.);
#5726=FACE_BOUND('',#4864,.T.);
#5727=FACE_BOUND('',#4865,.T.);
#5728=FACE_BOUND('',#4866,.T.);
#5729=FACE_BOUND('',#4867,.T.);
#5730=FACE_BOUND('',#4868,.T.);
#5731=FACE_BOUND('',#4869,.T.);
#5732=FACE_BOUND('',#4870,.T.);
#5733=FACE_BOUND('',#4871,.T.);
#5734=FACE_BOUND('',#4872,.T.);
#5735=FACE_BOUND('',#4873,.T.);
#5736=FACE_BOUND('',#4874,.T.);
#5737=FACE_BOUND('',#4875,.T.);
#5738=FACE_BOUND('',#4876,.T.);
#5739=FACE_BOUND('',#4877,.T.);
#5740=FACE_BOUND('',#4878,.T.);
#5741=FACE_BOUND('',#4879,.T.);
#5742=FACE_BOUND('',#4880,.T.);
#5743=FACE_BOUND('',#4881,.T.);
#5744=FACE_BOUND('',#4882,.T.);
#5745=FACE_BOUND('',#4883,.T.);
#5746=FACE_BOUND('',#4884,.T.);
#5747=FACE_BOUND('',#4885,.T.);
#5748=FACE_BOUND('',#4886,.T.);
#5749=FACE_BOUND('',#4887,.T.);
#5750=FACE_BOUND('',#4888,.T.);
#5751=FACE_BOUND('',#4889,.T.);
#5752=FACE_BOUND('',#4890,.T.);
#5753=FACE_BOUND('',#4891,.T.);
#5754=FACE_BOUND('',#4892,.T.);
#5755=FACE_BOUND('',#4893,.T.);
#5756=FACE_BOUND('',#4894,.T.);
#5757=FACE_BOUND('',#4895,.T.);
#5758=FACE_BOUND('',#4896,.T.);
#5759=FACE_BOUND('',#4897,.T.);
#5760=FACE_BOUND('',#4898,.T.);
#5761=FACE_BOUND('',#4899,.T.);
#5762=FACE_BOUND('',#4900,.T.);
#5763=FACE_BOUND('',#4901,.T.);
#5764=FACE_BOUND('',#4902,.T.);
#5765=FACE_BOUND('',#4903,.T.);
#5766=FACE_BOUND('',#4904,.T.);
#5767=FACE_BOUND('',#4905,.T.);
#5768=FACE_BOUND('',#4906,.T.);
#5769=FACE_BOUND('',#4907,.T.);
#5770=FACE_BOUND('',#4908,.T.);
#5771=FACE_BOUND('',#4909,.T.);
#5772=FACE_BOUND('',#4910,.T.);
#5773=FACE_BOUND('',#4911,.T.);
#5774=FACE_BOUND('',#4912,.T.);
#5775=FACE_BOUND('',#4913,.T.);
#5776=FACE_BOUND('',#4914,.T.);
#5777=FACE_BOUND('',#4915,.T.);
#5778=FACE_BOUND('',#4916,.T.);
#5779=FACE_BOUND('',#4917,.T.);
#5780=FACE_BOUND('',#4918,.T.);
#5781=FACE_BOUND('',#4919,.T.);
#5782=FACE_BOUND('',#4920,.T.);
#5783=FACE_BOUND('',#4921,.T.);
#5784=FACE_BOUND('',#4922,.T.);
#5785=FACE_BOUND('',#4923,.T.);
#5786=FACE_BOUND('',#4924,.T.);
#5787=FACE_BOUND('',#4925,.T.);
#5788=FACE_BOUND('',#4926,.T.);
#5789=FACE_BOUND('',#4927,.T.);
#5790=FACE_BOUND('',#4928,.T.);
#5791=FACE_BOUND('',#4929,.T.);
#5792=FACE_BOUND('',#4930,.T.);
#5793=FACE_BOUND('',#4931,.T.);
#5794=FACE_BOUND('',#4932,.T.);
#5795=FACE_BOUND('',#4933,.T.);
#5796=FACE_BOUND('',#4934,.T.);
#5797=FACE_BOUND('',#4935,.T.);
#5798=FACE_BOUND('',#4936,.T.);
#5799=FACE_BOUND('',#4937,.T.);
#5800=FACE_BOUND('',#4938,.T.);
#5801=FACE_BOUND('',#4939,.T.);
#5802=FACE_BOUND('',#4940,.T.);
#5803=FACE_BOUND('',#4941,.T.);
#5804=FACE_BOUND('',#4942,.T.);
#5805=FACE_BOUND('',#4943,.T.);
#5806=FACE_BOUND('',#4944,.T.);
#5807=FACE_BOUND('',#4945,.T.);
#5808=FACE_BOUND('',#4946,.T.);
#5809=FACE_BOUND('',#4947,.T.);
#5810=FACE_BOUND('',#4948,.T.);
#5811=FACE_BOUND('',#4949,.T.);
#5812=FACE_BOUND('',#4950,.T.);
#5813=FACE_BOUND('',#4951,.T.);
#5814=FACE_BOUND('',#4952,.T.);
#5815=FACE_BOUND('',#4953,.T.);
#5816=FACE_BOUND('',#4954,.T.);
#5817=FACE_BOUND('',#4955,.T.);
#5818=FACE_BOUND('',#4956,.T.);
#5819=FACE_BOUND('',#4957,.T.);
#5820=FACE_BOUND('',#4958,.T.);
#5821=FACE_BOUND('',#4959,.T.);
#5822=FACE_BOUND('',#4960,.T.);
#5823=FACE_BOUND('',#4961,.T.);
#5824=FACE_BOUND('',#4962,.T.);
#5825=FACE_BOUND('',#4963,.T.);
#5826=FACE_BOUND('',#4964,.T.);
#5827=FACE_BOUND('',#4965,.T.);
#5828=FACE_BOUND('',#4966,.T.);
#5829=FACE_BOUND('',#4967,.T.);
#5830=FACE_BOUND('',#4968,.T.);
#5831=FACE_BOUND('',#4969,.T.);
#5832=FACE_BOUND('',#4970,.T.);
#5833=FACE_BOUND('',#4971,.T.);
#5834=FACE_BOUND('',#4972,.T.);
#5835=FACE_BOUND('',#4973,.T.);
#5836=FACE_BOUND('',#4974,.T.);
#5837=FACE_BOUND('',#4975,.T.);
#5838=FACE_BOUND('',#4976,.T.);
#5839=FACE_BOUND('',#4977,.T.);
#5840=FACE_BOUND('',#4978,.T.);
#5841=FACE_BOUND('',#4979,.T.);
#5842=FACE_BOUND('',#4980,.T.);
#5843=FACE_BOUND('',#4981,.T.);
#5844=FACE_BOUND('',#4982,.T.);
#5845=FACE_BOUND('',#4983,.T.);
#5846=FACE_BOUND('',#4984,.T.);
#5847=FACE_BOUND('',#4985,.T.);
#5848=FACE_BOUND('',#4986,.T.);
#5849=FACE_BOUND('',#4987,.T.);
#5850=FACE_BOUND('',#4988,.T.);
#5851=FACE_BOUND('',#4989,.T.);
#5852=FACE_BOUND('',#4990,.T.);
#5853=FACE_BOUND('',#4991,.T.);
#5854=FACE_BOUND('',#4992,.T.);
#5855=FACE_BOUND('',#4993,.T.);
#5856=FACE_BOUND('',#4994,.T.);
#5857=FACE_BOUND('',#4995,.T.);
#5858=FACE_BOUND('',#4996,.T.);
#5859=FACE_BOUND('',#4997,.T.);
#5860=FACE_BOUND('',#4998,.T.);
#5861=FACE_BOUND('',#4999,.T.);
#5862=FACE_BOUND('',#5000,.T.);
#5863=FACE_BOUND('',#5001,.T.);
#5864=FACE_BOUND('',#5002,.T.);
#5865=FACE_BOUND('',#5003,.T.);
#5866=FACE_BOUND('',#5004,.T.);
#5867=FACE_BOUND('',#5005,.T.);
#5868=FACE_BOUND('',#5006,.T.);
#5869=FACE_BOUND('',#5007,.T.);
#5870=FACE_BOUND('',#5008,.T.);
#5871=FACE_BOUND('',#5009,.T.);
#5872=FACE_BOUND('',#5010,.T.);
#5873=FACE_BOUND('',#5011,.T.);
#5874=FACE_BOUND('',#5012,.T.);
#5875=FACE_BOUND('',#5013,.T.);
#5876=FACE_BOUND('',#5014,.T.);
#5877=FACE_BOUND('',#5015,.T.);
#5878=FACE_BOUND('',#5016,.T.);
#5879=FACE_BOUND('',#5017,.T.);
#5880=FACE_BOUND('',#5018,.T.);
#5881=FACE_BOUND('',#5019,.T.);
#5882=FACE_BOUND('',#5020,.T.);
#5883=FACE_BOUND('',#5021,.T.);
#5884=FACE_BOUND('',#5022,.T.);
#5885=FACE_BOUND('',#5023,.T.);
#5886=FACE_BOUND('',#5024,.T.);
#5887=FACE_BOUND('',#5025,.T.);
#5888=FACE_BOUND('',#5026,.T.);
#5889=FACE_BOUND('',#5027,.T.);
#5890=FACE_BOUND('',#5028,.T.);
#5891=FACE_BOUND('',#5029,.T.);
#5892=FACE_BOUND('',#5030,.T.);
#5893=FACE_BOUND('',#5031,.T.);
#5894=FACE_BOUND('',#5032,.T.);
#5895=FACE_BOUND('',#5033,.T.);
#5896=FACE_BOUND('',#5034,.T.);
#5897=FACE_BOUND('',#5035,.T.);
#5898=FACE_BOUND('',#5036,.T.);
#5899=FACE_BOUND('',#5037,.T.);
#5900=FACE_BOUND('',#5038,.T.);
#5901=FACE_BOUND('',#5039,.T.);
#5902=FACE_BOUND('',#5040,.T.);
#5903=FACE_BOUND('',#5041,.T.);
#5904=FACE_BOUND('',#5042,.T.);
#5905=FACE_BOUND('',#5043,.T.);
#5906=FACE_BOUND('',#5044,.T.);
#5907=FACE_BOUND('',#5045,.T.);
#5908=FACE_BOUND('',#5046,.T.);
#5909=FACE_BOUND('',#5047,.T.);
#5910=FACE_BOUND('',#5048,.T.);
#5911=FACE_BOUND('',#5049,.T.);
#5912=FACE_BOUND('',#5050,.T.);
#5913=FACE_BOUND('',#5051,.T.);
#5914=FACE_BOUND('',#5052,.T.);
#5915=FACE_BOUND('',#5053,.T.);
#5916=FACE_BOUND('',#5054,.T.);
#5917=FACE_BOUND('',#5055,.T.);
#5918=FACE_BOUND('',#5056,.T.);
#5919=FACE_BOUND('',#5057,.T.);
#5920=FACE_BOUND('',#5058,.T.);
#5921=FACE_BOUND('',#5059,.T.);
#5922=FACE_BOUND('',#5060,.T.);
#5923=FACE_BOUND('',#5061,.T.);
#5924=FACE_BOUND('',#5062,.T.);
#5925=FACE_BOUND('',#5063,.T.);
#5926=FACE_BOUND('',#5064,.T.);
#5927=FACE_BOUND('',#5065,.T.);
#5928=FACE_BOUND('',#5066,.T.);
#5929=FACE_BOUND('',#5067,.T.);
#5930=FACE_BOUND('',#5068,.T.);
#5931=FACE_BOUND('',#5069,.T.);
#5932=FACE_BOUND('',#5070,.T.);
#5933=FACE_BOUND('',#5071,.T.);
#5934=FACE_BOUND('',#5072,.T.);
#5935=FACE_BOUND('',#5073,.T.);
#5936=FACE_BOUND('',#5074,.T.);
#5937=FACE_BOUND('',#5075,.T.);
#5938=FACE_BOUND('',#5076,.T.);
#5939=FACE_BOUND('',#5077,.T.);
#5940=FACE_BOUND('',#5078,.T.);
#5941=FACE_BOUND('',#5079,.T.);
#5942=FACE_BOUND('',#5080,.T.);
#5943=FACE_BOUND('',#5081,.T.);
#5944=FACE_BOUND('',#5082,.T.);
#5945=FACE_BOUND('',#5083,.T.);
#5946=FACE_BOUND('',#5084,.T.);
#5947=FACE_BOUND('',#5085,.T.);
#5948=FACE_BOUND('',#5086,.T.);
#5949=FACE_BOUND('',#5087,.T.);
#5950=FACE_BOUND('',#5088,.T.);
#5951=FACE_BOUND('',#5089,.T.);
#5952=FACE_BOUND('',#5090,.T.);
#5953=FACE_BOUND('',#5091,.T.);
#5954=FACE_BOUND('',#5092,.T.);
#5955=FACE_BOUND('',#5093,.T.);
#5956=FACE_BOUND('',#5094,.T.);
#5957=FACE_BOUND('',#5095,.T.);
#5958=FACE_BOUND('',#5096,.T.);
#5959=FACE_BOUND('',#5097,.T.);
#5960=FACE_BOUND('',#5098,.T.);
#5961=FACE_BOUND('',#5099,.T.);
#5962=FACE_BOUND('',#5100,.T.);
#5963=FACE_BOUND('',#5101,.T.);
#5964=FACE_BOUND('',#5102,.T.);
#5965=FACE_BOUND('',#5103,.T.);
#5966=FACE_BOUND('',#5104,.T.);
#5967=FACE_BOUND('',#5105,.T.);
#5968=FACE_BOUND('',#5106,.T.);
#5969=FACE_BOUND('',#5107,.T.);
#5970=FACE_BOUND('',#5108,.T.);
#5971=FACE_BOUND('',#5109,.T.);
#5972=FACE_BOUND('',#5110,.T.);
#5973=FACE_BOUND('',#5111,.T.);
#5974=FACE_BOUND('',#5112,.T.);
#5975=FACE_BOUND('',#5113,.T.);
#5976=FACE_BOUND('',#5114,.T.);
#5977=FACE_BOUND('',#5115,.T.);
#5978=FACE_BOUND('',#5116,.T.);
#5979=FACE_BOUND('',#5117,.T.);
#5980=FACE_BOUND('',#5118,.T.);
#5981=FACE_BOUND('',#5119,.T.);
#5982=FACE_BOUND('',#5120,.T.);
#5983=FACE_BOUND('',#5121,.T.);
#5984=FACE_BOUND('',#5122,.T.);
#5985=FACE_BOUND('',#5123,.T.);
#5986=FACE_BOUND('',#5124,.T.);
#5987=FACE_BOUND('',#5125,.T.);
#5988=FACE_BOUND('',#5126,.T.);
#5989=FACE_BOUND('',#5127,.T.);
#5990=FACE_BOUND('',#5128,.T.);
#5991=FACE_BOUND('',#5129,.T.);
#5992=FACE_BOUND('',#5130,.T.);
#5993=FACE_BOUND('',#5131,.T.);
#5994=FACE_BOUND('',#5132,.T.);
#5995=FACE_BOUND('',#5133,.T.);
#5996=FACE_BOUND('',#5134,.T.);
#5997=FACE_BOUND('',#5135,.T.);
#5998=FACE_BOUND('',#5136,.T.);
#5999=FACE_BOUND('',#5137,.T.);
#6000=FACE_BOUND('',#5138,.T.);
#6001=FACE_BOUND('',#5139,.T.);
#6002=FACE_BOUND('',#5140,.T.);
#6003=FACE_BOUND('',#5141,.T.);
#6004=FACE_BOUND('',#5142,.T.);
#6005=FACE_BOUND('',#5143,.T.);
#6006=FACE_BOUND('',#5144,.T.);
#6007=FACE_BOUND('',#5145,.T.);
#6008=FACE_BOUND('',#5146,.T.);
#6009=FACE_BOUND('',#5147,.T.);
#6010=FACE_BOUND('',#5148,.T.);
#6011=FACE_BOUND('',#5149,.T.);
#6012=FACE_BOUND('',#5150,.T.);
#6013=FACE_BOUND('',#5151,.T.);
#6014=FACE_BOUND('',#5152,.T.);
#6015=FACE_BOUND('',#5153,.T.);
#6016=FACE_BOUND('',#5154,.T.);
#6017=FACE_BOUND('',#5155,.T.);
#6018=FACE_BOUND('',#5156,.T.);
#6019=FACE_BOUND('',#5157,.T.);
#6020=FACE_BOUND('',#5158,.T.);
#6021=FACE_BOUND('',#5159,.T.);
#6022=FACE_BOUND('',#5160,.T.);
#6023=FACE_BOUND('',#5161,.T.);
#6024=FACE_BOUND('',#5162,.T.);
#6025=FACE_BOUND('',#5163,.T.);
#6026=FACE_BOUND('',#5164,.T.);
#6027=FACE_BOUND('',#5165,.T.);
#6028=FACE_BOUND('',#5166,.T.);
#6029=FACE_BOUND('',#5167,.T.);
#6030=FACE_BOUND('',#5168,.T.);
#6031=FACE_BOUND('',#5169,.T.);
#6032=FACE_BOUND('',#5170,.T.);
#6033=FACE_BOUND('',#5171,.T.);
#6034=FACE_BOUND('',#5172,.T.);
#6035=FACE_BOUND('',#5173,.T.);
#6036=FACE_BOUND('',#5174,.T.);
#6037=FACE_BOUND('',#5175,.T.);
#6038=FACE_BOUND('',#5176,.T.);
#6039=FACE_BOUND('',#5177,.T.);
#6040=FACE_BOUND('',#5178,.T.);
#6041=FACE_BOUND('',#5179,.T.);
#6042=FACE_BOUND('',#5180,.T.);
#6043=FACE_BOUND('',#5181,.T.);
#6044=FACE_BOUND('',#5182,.T.);
#6045=FACE_BOUND('',#5183,.T.);
#6046=FACE_BOUND('',#5184,.T.);
#6047=FACE_BOUND('',#5185,.T.);
#6048=FACE_BOUND('',#5186,.T.);
#6049=FACE_BOUND('',#5187,.T.);
#6050=FACE_BOUND('',#5188,.T.);
#6051=FACE_BOUND('',#5189,.T.);
#6052=FACE_BOUND('',#5190,.T.);
#6053=FACE_BOUND('',#5191,.T.);
#6054=FACE_BOUND('',#5192,.T.);
#6055=FACE_BOUND('',#5193,.T.);
#6056=FACE_BOUND('',#5194,.T.);
#6057=FACE_BOUND('',#5195,.T.);
#6058=FACE_BOUND('',#5196,.T.);
#6059=FACE_BOUND('',#5197,.T.);
#6060=FACE_BOUND('',#5198,.T.);
#6061=FACE_BOUND('',#5199,.T.);
#6062=FACE_BOUND('',#5200,.T.);
#6063=FACE_BOUND('',#5201,.T.);
#6064=FACE_BOUND('',#5202,.T.);
#6065=FACE_BOUND('',#5203,.T.);
#6066=FACE_BOUND('',#5204,.T.);
#6067=FACE_BOUND('',#5205,.T.);
#6068=FACE_BOUND('',#5206,.T.);
#6069=FACE_BOUND('',#5207,.T.);
#6070=FACE_BOUND('',#5208,.T.);
#6071=FACE_BOUND('',#5209,.T.);
#6072=FACE_BOUND('',#5210,.T.);
#6073=FACE_BOUND('',#5211,.T.);
#6074=FACE_BOUND('',#5212,.T.);
#6075=FACE_BOUND('',#5213,.T.);
#6076=FACE_BOUND('',#5214,.T.);
#6077=FACE_BOUND('',#5215,.T.);
#6078=FACE_BOUND('',#5216,.T.);
#6079=FACE_BOUND('',#5217,.T.);
#6080=FACE_BOUND('',#5218,.T.);
#6081=FACE_BOUND('',#5219,.T.);
#6082=FACE_BOUND('',#5220,.T.);
#6083=FACE_BOUND('',#5221,.T.);
#6084=FACE_BOUND('',#5222,.T.);
#6085=FACE_BOUND('',#5223,.T.);
#6086=FACE_BOUND('',#5224,.T.);
#6087=FACE_BOUND('',#5225,.T.);
#6088=FACE_BOUND('',#5226,.T.);
#6089=FACE_BOUND('',#5227,.T.);
#6090=FACE_BOUND('',#5228,.T.);
#6091=FACE_BOUND('',#5229,.T.);
#6092=FACE_BOUND('',#5230,.T.);
#6093=FACE_BOUND('',#5231,.T.);
#6094=FACE_BOUND('',#5232,.T.);
#6095=FACE_BOUND('',#5233,.T.);
#6096=FACE_BOUND('',#5234,.T.);
#6097=FACE_BOUND('',#5235,.T.);
#6098=FACE_BOUND('',#5236,.T.);
#6099=FACE_BOUND('',#5237,.T.);
#6100=FACE_BOUND('',#5238,.T.);
#6101=FACE_BOUND('',#5239,.T.);
#6102=FACE_BOUND('',#5240,.T.);
#6103=FACE_BOUND('',#5241,.T.);
#6104=FACE_BOUND('',#5242,.T.);
#6105=FACE_BOUND('',#5243,.T.);
#6106=FACE_BOUND('',#5244,.T.);
#6107=FACE_BOUND('',#5245,.T.);
#6108=FACE_BOUND('',#5246,.T.);
#6109=FACE_BOUND('',#5247,.T.);
#6110=FACE_BOUND('',#5248,.T.);
#6111=FACE_BOUND('',#5249,.T.);
#6112=FACE_BOUND('',#5250,.T.);
#6113=FACE_BOUND('',#5251,.T.);
#6114=FACE_BOUND('',#5252,.T.);
#6115=FACE_BOUND('',#5253,.T.);
#6116=FACE_BOUND('',#5254,.T.);
#6117=FACE_BOUND('',#5255,.T.);
#6118=FACE_BOUND('',#5256,.T.);
#6119=FACE_BOUND('',#5257,.T.);
#6120=FACE_BOUND('',#5258,.T.);
#6121=FACE_BOUND('',#5259,.T.);
#6122=FACE_BOUND('',#5260,.T.);
#6123=FACE_BOUND('',#5261,.T.);
#6124=FACE_BOUND('',#5262,.T.);
#6125=FACE_BOUND('',#5263,.T.);
#6126=FACE_BOUND('',#5264,.T.);
#6127=FACE_BOUND('',#5265,.T.);
#6128=FACE_BOUND('',#5266,.T.);
#6129=FACE_BOUND('',#5267,.T.);
#6130=FACE_BOUND('',#5268,.T.);
#6131=FACE_BOUND('',#5269,.T.);
#6132=FACE_BOUND('',#5270,.T.);
#6133=FACE_BOUND('',#5271,.T.);
#6134=FACE_BOUND('',#5272,.T.);
#6135=FACE_BOUND('',#5273,.T.);
#6136=FACE_BOUND('',#5274,.T.);
#6137=FACE_BOUND('',#5275,.T.);
#6138=FACE_BOUND('',#5276,.T.);
#6139=FACE_BOUND('',#5277,.T.);
#6140=FACE_BOUND('',#5278,.T.);
#6141=FACE_BOUND('',#5279,.T.);
#6142=FACE_BOUND('',#5280,.T.);
#6143=FACE_BOUND('',#5281,.T.);
#6144=FACE_BOUND('',#5282,.T.);
#6145=FACE_BOUND('',#5283,.T.);
#6146=FACE_BOUND('',#5284,.T.);
#6147=FACE_BOUND('',#5285,.T.);
#6148=FACE_BOUND('',#5286,.T.);
#6149=FACE_BOUND('',#5287,.T.);
#6150=FACE_BOUND('',#5288,.T.);
#6151=FACE_BOUND('',#5289,.T.);
#6152=FACE_BOUND('',#5290,.T.);
#6153=FACE_BOUND('',#5291,.T.);
#6154=FACE_BOUND('',#5292,.T.);
#6155=FACE_BOUND('',#5293,.T.);
#6156=FACE_BOUND('',#5294,.T.);
#6157=FACE_BOUND('',#5295,.T.);
#6158=FACE_BOUND('',#5296,.T.);
#6159=FACE_BOUND('',#5297,.T.);
#6160=FACE_BOUND('',#5298,.T.);
#6161=FACE_BOUND('',#5299,.T.);
#6162=FACE_BOUND('',#5300,.T.);
#6163=FACE_BOUND('',#5301,.T.);
#6164=FACE_BOUND('',#5302,.T.);
#6165=FACE_BOUND('',#5303,.T.);
#6166=FACE_BOUND('',#5304,.T.);
#6167=FACE_BOUND('',#5305,.T.);
#6168=FACE_BOUND('',#5306,.T.);
#6169=FACE_BOUND('',#5307,.T.);
#6170=FACE_BOUND('',#5308,.T.);
#6171=FACE_BOUND('',#5309,.T.);
#6172=FACE_BOUND('',#5310,.T.);
#6173=FACE_BOUND('',#5311,.T.);
#6174=FACE_BOUND('',#5312,.T.);
#6175=FACE_BOUND('',#5313,.T.);
#6176=FACE_BOUND('',#5314,.T.);
#6177=FACE_BOUND('',#5315,.T.);
#6178=FACE_BOUND('',#5316,.T.);
#6179=FACE_BOUND('',#5317,.T.);
#6180=FACE_BOUND('',#5318,.T.);
#6181=FACE_BOUND('',#5319,.T.);
#6182=FACE_BOUND('',#5320,.T.);
#6183=FACE_BOUND('',#5321,.T.);
#6184=FACE_BOUND('',#5322,.T.);
#6185=FACE_BOUND('',#5323,.T.);
#6186=FACE_BOUND('',#5324,.T.);
#6187=FACE_BOUND('',#5325,.T.);
#6188=FACE_BOUND('',#5326,.T.);
#6189=FACE_BOUND('',#5327,.T.);
#6190=FACE_BOUND('',#5328,.T.);
#6191=FACE_BOUND('',#5329,.T.);
#6192=FACE_BOUND('',#5330,.T.);
#6193=FACE_BOUND('',#5331,.T.);
#6194=FACE_BOUND('',#5332,.T.);
#6195=FACE_BOUND('',#5333,.T.);
#6196=FACE_BOUND('',#5334,.T.);
#6197=FACE_BOUND('',#5335,.T.);
#6198=FACE_BOUND('',#5336,.T.);
#6199=FACE_BOUND('',#5337,.T.);
#6200=FACE_BOUND('',#5338,.T.);
#6201=FACE_BOUND('',#5339,.T.);
#6202=FACE_BOUND('',#5340,.T.);
#6203=FACE_BOUND('',#5341,.T.);
#6204=FACE_BOUND('',#5342,.T.);
#6205=FACE_BOUND('',#5343,.T.);
#6206=FACE_BOUND('',#5344,.T.);
#6207=FACE_BOUND('',#5345,.T.);
#6208=FACE_BOUND('',#5346,.T.);
#6209=FACE_BOUND('',#5347,.T.);
#6210=FACE_BOUND('',#5348,.T.);
#6211=FACE_BOUND('',#5349,.T.);
#6212=FACE_BOUND('',#5350,.T.);
#6213=FACE_BOUND('',#5351,.T.);
#6214=FACE_BOUND('',#5352,.T.);
#6215=FACE_BOUND('',#5353,.T.);
#6216=FACE_BOUND('',#5354,.T.);
#6217=FACE_BOUND('',#5355,.T.);
#6218=FACE_BOUND('',#5356,.T.);
#6219=FACE_BOUND('',#5357,.T.);
#6220=FACE_BOUND('',#5358,.T.);
#6221=FACE_BOUND('',#5359,.T.);
#6222=FACE_BOUND('',#5360,.T.);
#6223=FACE_BOUND('',#5361,.T.);
#6224=FACE_BOUND('',#5362,.T.);
#6225=FACE_BOUND('',#5363,.T.);
#6226=FACE_BOUND('',#5364,.T.);
#6227=FACE_BOUND('',#5365,.T.);
#6228=FACE_BOUND('',#5366,.T.);
#6229=FACE_BOUND('',#5367,.T.);
#6230=FACE_BOUND('',#5368,.T.);
#6231=FACE_BOUND('',#5369,.T.);
#6232=FACE_BOUND('',#5370,.T.);
#6233=FACE_BOUND('',#5371,.T.);
#6234=FACE_BOUND('',#5372,.T.);
#6235=FACE_BOUND('',#5373,.T.);
#6236=FACE_BOUND('',#5374,.T.);
#6237=FACE_BOUND('',#5375,.T.);
#6238=FACE_BOUND('',#5376,.T.);
#6239=FACE_BOUND('',#5377,.T.);
#6240=FACE_BOUND('',#5378,.T.);
#6241=FACE_BOUND('',#5379,.T.);
#6242=FACE_BOUND('',#5380,.T.);
#6243=FACE_BOUND('',#5381,.T.);
#6244=FACE_BOUND('',#5382,.T.);
#6245=FACE_BOUND('',#5383,.T.);
#6246=FACE_BOUND('',#5384,.T.);
#6247=FACE_BOUND('',#5385,.T.);
#6248=FACE_BOUND('',#5386,.T.);
#6249=FACE_BOUND('',#5387,.T.);
#6250=FACE_BOUND('',#5388,.T.);
#6251=FACE_BOUND('',#5389,.T.);
#6252=FACE_BOUND('',#5390,.T.);
#6253=FACE_BOUND('',#5391,.T.);
#6254=FACE_BOUND('',#5392,.T.);
#6255=FACE_BOUND('',#5393,.T.);
#6256=FACE_BOUND('',#5394,.T.);
#6257=FACE_BOUND('',#5395,.T.);
#6258=FACE_BOUND('',#5396,.T.);
#6259=FACE_BOUND('',#5397,.T.);
#6260=FACE_BOUND('',#5398,.T.);
#6261=FACE_BOUND('',#5399,.T.);
#6262=FACE_BOUND('',#5400,.T.);
#6263=FACE_BOUND('',#5401,.T.);
#6264=FACE_BOUND('',#5402,.T.);
#6265=FACE_BOUND('',#5403,.T.);
#6266=FACE_BOUND('',#5404,.T.);
#6267=FACE_BOUND('',#5405,.T.);
#6268=FACE_BOUND('',#5406,.T.);
#6269=FACE_BOUND('',#5407,.T.);
#6270=FACE_BOUND('',#5408,.T.);
#6271=FACE_BOUND('',#5409,.T.);
#6272=FACE_BOUND('',#5410,.T.);
#6273=FACE_BOUND('',#5411,.T.);
#6274=FACE_BOUND('',#5412,.T.);
#6275=FACE_BOUND('',#5413,.T.);
#6276=FACE_BOUND('',#5414,.T.);
#6277=FACE_BOUND('',#5415,.T.);
#6278=FACE_BOUND('',#5416,.T.);
#6279=FACE_BOUND('',#5417,.T.);
#6280=FACE_BOUND('',#5418,.T.);
#6281=FACE_BOUND('',#5419,.T.);
#6282=FACE_BOUND('',#5420,.T.);
#6283=FACE_BOUND('',#5421,.T.);
#6284=FACE_BOUND('',#5422,.T.);
#6285=FACE_BOUND('',#5423,.T.);
#6286=FACE_BOUND('',#5424,.T.);
#6287=FACE_BOUND('',#5425,.T.);
#6288=FACE_BOUND('',#5426,.T.);
#6289=FACE_BOUND('',#5427,.T.);
#6290=FACE_BOUND('',#5428,.T.);
#6291=FACE_BOUND('',#5429,.T.);
#6292=FACE_BOUND('',#5430,.T.);
#6293=FACE_BOUND('',#5431,.T.);
#6294=FACE_BOUND('',#5432,.T.);
#6295=FACE_BOUND('',#5433,.T.);
#6296=FACE_BOUND('',#5434,.T.);
#6297=FACE_BOUND('',#5435,.T.);
#6298=FACE_BOUND('',#5436,.T.);
#6299=FACE_BOUND('',#5437,.T.);
#6300=FACE_BOUND('',#5438,.T.);
#6301=FACE_BOUND('',#5439,.T.);
#6302=FACE_BOUND('',#5440,.T.);
#6303=FACE_BOUND('',#5441,.T.);
#6304=FACE_BOUND('',#5442,.T.);
#6305=FACE_BOUND('',#5443,.T.);
#6306=FACE_BOUND('',#5444,.T.);
#6307=FACE_BOUND('',#5445,.T.);
#6308=FACE_BOUND('',#5446,.T.);
#6309=FACE_BOUND('',#5447,.T.);
#6310=FACE_BOUND('',#5448,.T.);
#6311=FACE_BOUND('',#5449,.T.);
#6312=FACE_BOUND('',#5450,.T.);
#6313=FACE_BOUND('',#5451,.T.);
#6314=FACE_BOUND('',#5452,.T.);
#6315=FACE_BOUND('',#5453,.T.);
#6316=FACE_BOUND('',#5454,.T.);
#6317=FACE_BOUND('',#5455,.T.);
#6318=FACE_BOUND('',#5456,.T.);
#6319=FACE_BOUND('',#5457,.T.);
#6320=FACE_BOUND('',#5458,.T.);
#6321=FACE_BOUND('',#5459,.T.);
#6322=FACE_BOUND('',#5460,.T.);
#6323=FACE_BOUND('',#5461,.T.);
#6324=FACE_BOUND('',#5462,.T.);
#6325=FACE_BOUND('',#5463,.T.);
#6326=FACE_BOUND('',#5464,.T.);
#6327=FACE_BOUND('',#5465,.T.);
#6328=FACE_BOUND('',#5466,.T.);
#6329=FACE_BOUND('',#5467,.T.);
#6330=FACE_BOUND('',#5468,.T.);
#6331=FACE_BOUND('',#5469,.T.);
#6332=FACE_BOUND('',#5470,.T.);
#6333=FACE_BOUND('',#5471,.T.);
#6334=FACE_BOUND('',#5472,.T.);
#6335=FACE_BOUND('',#5473,.T.);
#6336=FACE_BOUND('',#5474,.T.);
#6337=FACE_BOUND('',#5475,.T.);
#6338=FACE_BOUND('',#5476,.T.);
#6339=FACE_BOUND('',#5477,.T.);
#6340=FACE_BOUND('',#5478,.T.);
#6341=FACE_BOUND('',#5479,.T.);
#6342=FACE_BOUND('',#5480,.T.);
#6343=FACE_BOUND('',#5481,.T.);
#6344=FACE_BOUND('',#5482,.T.);
#6345=FACE_BOUND('',#5483,.T.);
#6346=FACE_BOUND('',#5484,.T.);
#6347=FACE_BOUND('',#5485,.T.);
#6348=FACE_BOUND('',#5486,.T.);
#6349=FACE_BOUND('',#5487,.T.);
#6350=FACE_BOUND('',#5488,.T.);
#6351=FACE_BOUND('',#5489,.T.);
#6352=FACE_BOUND('',#5490,.T.);
#6353=FACE_BOUND('',#5491,.T.);
#6354=FACE_BOUND('',#5492,.T.);
#6355=FACE_BOUND('',#5493,.T.);
#6356=FACE_BOUND('',#5494,.T.);
#6357=FACE_BOUND('',#5495,.T.);
#6358=FACE_BOUND('',#5496,.T.);
#6359=FACE_BOUND('',#5497,.T.);
#6360=FACE_BOUND('',#5498,.T.);
#6361=FACE_BOUND('',#5499,.T.);
#6362=FACE_BOUND('',#5500,.T.);
#6363=FACE_BOUND('',#5501,.T.);
#6364=FACE_BOUND('',#5502,.T.);
#6365=FACE_BOUND('',#5503,.T.);
#6366=FACE_BOUND('',#5504,.T.);
#6367=FACE_BOUND('',#5505,.T.);
#6368=FACE_BOUND('',#5506,.T.);
#6369=FACE_BOUND('',#5507,.T.);
#6370=FACE_BOUND('',#5508,.T.);
#6371=FACE_BOUND('',#5509,.T.);
#6372=FACE_BOUND('',#5510,.T.);
#6373=FACE_BOUND('',#5511,.T.);
#6374=FACE_BOUND('',#5512,.T.);
#6375=FACE_BOUND('',#5513,.T.);
#6376=FACE_BOUND('',#5514,.T.);
#6377=FACE_BOUND('',#5515,.T.);
#6378=FACE_BOUND('',#5516,.T.);
#6379=FACE_BOUND('',#5517,.T.);
#6380=FACE_BOUND('',#5518,.T.);
#6381=FACE_BOUND('',#5519,.T.);
#6382=FACE_BOUND('',#5520,.T.);
#6383=FACE_BOUND('',#5521,.T.);
#6384=FACE_BOUND('',#5522,.T.);
#6385=FACE_BOUND('',#5523,.T.);
#6386=FACE_BOUND('',#5524,.T.);
#6387=FACE_BOUND('',#5525,.T.);
#6388=FACE_BOUND('',#5526,.T.);
#6389=FACE_BOUND('',#5527,.T.);
#6390=FACE_BOUND('',#5528,.T.);
#6391=FACE_BOUND('',#5529,.T.);
#6392=FACE_BOUND('',#5530,.T.);
#6393=FACE_BOUND('',#5531,.T.);
#6394=FACE_BOUND('',#5532,.T.);
#6395=FACE_BOUND('',#5533,.T.);
#6396=FACE_BOUND('',#5534,.T.);
#6397=FACE_BOUND('',#5535,.T.);
#6398=FACE_BOUND('',#5536,.T.);
#6399=FACE_BOUND('',#5537,.T.);
#6400=FACE_BOUND('',#5538,.T.);
#6401=FACE_BOUND('',#5539,.T.);
#6402=FACE_BOUND('',#5540,.T.);
#6403=FACE_BOUND('',#5541,.T.);
#6404=FACE_BOUND('',#5542,.T.);
#6405=FACE_BOUND('',#5543,.T.);
#6406=FACE_BOUND('',#5544,.T.);
#6407=FACE_BOUND('',#5545,.T.);
#6408=FACE_BOUND('',#5546,.T.);
#6409=FACE_BOUND('',#5547,.T.);
#6410=FACE_BOUND('',#5548,.T.);
#6411=FACE_BOUND('',#5549,.T.);
#6412=FACE_BOUND('',#5550,.T.);
#6413=FACE_BOUND('',#5551,.T.);
#6414=FACE_BOUND('',#5552,.T.);
#6415=FACE_BOUND('',#5553,.T.);
#6416=FACE_BOUND('',#5554,.T.);
#6417=FACE_BOUND('',#5555,.T.);
#6418=FACE_BOUND('',#5556,.T.);
#6419=FACE_BOUND('',#5557,.T.);
#6420=FACE_BOUND('',#5558,.T.);
#6421=FACE_BOUND('',#5559,.T.);
#6422=FACE_BOUND('',#5560,.T.);
#6423=FACE_BOUND('',#5561,.T.);
#6424=FACE_BOUND('',#5562,.T.);
#6425=FACE_BOUND('',#5563,.T.);
#6426=FACE_BOUND('',#5564,.T.);
#6427=FACE_BOUND('',#5565,.T.);
#6428=FACE_BOUND('',#5566,.T.);
#6429=FACE_BOUND('',#5567,.T.);
#6430=FACE_BOUND('',#5568,.T.);
#6431=FACE_BOUND('',#5569,.T.);
#6432=FACE_BOUND('',#5570,.T.);
#6433=FACE_BOUND('',#5571,.T.);
#6434=FACE_BOUND('',#5572,.T.);
#6435=FACE_BOUND('',#5573,.T.);
#6436=FACE_BOUND('',#5574,.T.);
#6437=FACE_BOUND('',#5575,.T.);
#6438=FACE_BOUND('',#5576,.T.);
#6439=FACE_BOUND('',#5577,.T.);
#6440=FACE_BOUND('',#5578,.T.);
#6441=FACE_BOUND('',#5579,.T.);
#6442=FACE_BOUND('',#5580,.T.);
#6443=FACE_BOUND('',#5581,.T.);
#6444=FACE_BOUND('',#5582,.T.);
#6445=FACE_BOUND('',#5583,.T.);
#6446=FACE_BOUND('',#5584,.T.);
#6447=FACE_BOUND('',#5585,.T.);
#6448=FACE_BOUND('',#5586,.T.);
#6449=FACE_BOUND('',#5587,.T.);
#6450=FACE_BOUND('',#5588,.T.);
#6451=FACE_BOUND('',#5589,.T.);
#6452=FACE_BOUND('',#5590,.T.);
#6453=FACE_BOUND('',#5591,.T.);
#6454=FACE_BOUND('',#5592,.T.);
#6455=FACE_BOUND('',#5593,.T.);
#6456=FACE_BOUND('',#5594,.T.);
#6457=FACE_BOUND('',#5595,.T.);
#6458=FACE_BOUND('',#5596,.T.);
#6459=FACE_BOUND('',#5597,.T.);
#6460=FACE_BOUND('',#5598,.T.);
#6461=FACE_BOUND('',#5599,.T.);
#6462=FACE_BOUND('',#5600,.T.);
#6463=FACE_BOUND('',#5601,.T.);
#6464=FACE_BOUND('',#5602,.T.);
#6465=FACE_BOUND('',#5603,.T.);
#6466=FACE_BOUND('',#5604,.T.);
#6467=FACE_BOUND('',#5605,.T.);
#6468=FACE_BOUND('',#5606,.T.);
#6469=FACE_BOUND('',#5607,.T.);
#6470=FACE_BOUND('',#5608,.T.);
#6471=FACE_BOUND('',#5609,.T.);
#6472=FACE_BOUND('',#5610,.T.);
#6473=FACE_BOUND('',#5611,.T.);
#6474=FACE_BOUND('',#5612,.T.);
#6475=FACE_BOUND('',#5613,.T.);
#6476=FACE_BOUND('',#5614,.T.);
#6477=FACE_BOUND('',#5615,.T.);
#6478=FACE_BOUND('',#5616,.T.);
#6479=FACE_BOUND('',#5617,.T.);
#6480=FACE_BOUND('',#5618,.T.);
#6481=FACE_BOUND('',#5619,.T.);
#6482=FACE_BOUND('',#5620,.T.);
#6483=FACE_BOUND('',#5621,.T.);
#6484=FACE_BOUND('',#5622,.T.);
#6485=FACE_BOUND('',#5623,.T.);
#6486=FACE_BOUND('',#5624,.T.);
#6487=FACE_BOUND('',#5625,.T.);
#6488=FACE_BOUND('',#5626,.T.);
#6489=FACE_BOUND('',#5627,.T.);
#6490=FACE_BOUND('',#5628,.T.);
#6491=FACE_BOUND('',#5629,.T.);
#6492=FACE_BOUND('',#5630,.T.);
#6493=FACE_BOUND('',#5631,.T.);
#6494=FACE_BOUND('',#5632,.T.);
#6495=FACE_BOUND('',#5633,.T.);
#6496=FACE_BOUND('',#5634,.T.);
#6497=FACE_BOUND('',#5635,.T.);
#6498=FACE_BOUND('',#5636,.T.);
#6499=FACE_BOUND('',#5637,.T.);
#6500=FACE_BOUND('',#5638,.T.);
#6501=FACE_BOUND('',#5639,.T.);
#6502=FACE_BOUND('',#5640,.T.);
#6503=FACE_BOUND('',#5641,.T.);
#6504=FACE_BOUND('',#5642,.T.);
#6505=FACE_BOUND('',#5643,.T.);
#6506=FACE_BOUND('',#5644,.T.);
#6507=FACE_BOUND('',#5645,.T.);
#6508=FACE_BOUND('',#5646,.T.);
#6509=FACE_BOUND('',#5647,.T.);
#6510=FACE_BOUND('',#5648,.T.);
#6511=FACE_BOUND('',#5649,.T.);
#6512=FACE_BOUND('',#5650,.T.);
#6513=FACE_BOUND('',#5651,.T.);
#6514=FACE_BOUND('',#5652,.T.);
#6515=FACE_BOUND('',#5653,.T.);
#6516=FACE_BOUND('',#5654,.T.);
#6517=FACE_BOUND('',#5655,.T.);
#6518=FACE_BOUND('',#5656,.T.);
#6519=FACE_BOUND('',#5657,.T.);
#6520=FACE_BOUND('',#5658,.T.);
#6521=FACE_BOUND('',#5659,.T.);
#6522=FACE_BOUND('',#5660,.T.);
#6523=FACE_BOUND('',#5661,.T.);
#6524=FACE_BOUND('',#5662,.T.);
#6525=FACE_BOUND('',#5663,.T.);
#6526=FACE_BOUND('',#5664,.T.);
#6527=FACE_BOUND('',#5665,.T.);
#6528=FACE_BOUND('',#5666,.T.);
#6529=FACE_BOUND('',#5667,.T.);
#6530=FACE_BOUND('',#5668,.T.);
#6531=CYLINDRICAL_SURFACE('',#7981,0.00101);
#6532=CYLINDRICAL_SURFACE('',#7988,0.001);
#6533=CYLINDRICAL_SURFACE('',#7990,0.001);
#6534=CYLINDRICAL_SURFACE('',#7999,0.00025);
#6535=CYLINDRICAL_SURFACE('',#8004,0.00025);
#6536=CYLINDRICAL_SURFACE('',#8008,0.00025);
#6537=CYLINDRICAL_SURFACE('',#8013,0.00025);
#6538=CYLINDRICAL_SURFACE('',#8018,0.00025);
#6539=CYLINDRICAL_SURFACE('',#8022,0.00025);
#6540=CYLINDRICAL_SURFACE('',#8027,0.00101);
#6541=CYLINDRICAL_SURFACE('',#8034,0.001);
#6542=CYLINDRICAL_SURFACE('',#8036,0.001);
#6543=CYLINDRICAL_SURFACE('',#8045,0.009999999357669);
#6544=CYLINDRICAL_SURFACE('',#8240,0.009999999357669);
#6545=CYLINDRICAL_SURFACE('',#8241,0.009999999357669);
#6546=CYLINDRICAL_SURFACE('',#8244,0.009999999357669);
#6547=CYLINDRICAL_SURFACE('',#8245,0.0016);
#6548=CYLINDRICAL_SURFACE('',#8246,0.0004);
#6549=CYLINDRICAL_SURFACE('',#8247,0.00075);
#6550=CYLINDRICAL_SURFACE('',#8248,0.00085);
#6551=CYLINDRICAL_SURFACE('',#8249,0.002);
#6552=CYLINDRICAL_SURFACE('',#8250,0.0005);
#6553=CYLINDRICAL_SURFACE('',#8251,0.0004);
#6554=CYLINDRICAL_SURFACE('',#8252,0.0005);
#6555=CYLINDRICAL_SURFACE('',#8253,0.0005);
#6556=CYLINDRICAL_SURFACE('',#8254,0.0005);
#6557=CYLINDRICAL_SURFACE('',#8255,0.0004);
#6558=CYLINDRICAL_SURFACE('',#8256,0.00075);
#6559=CYLINDRICAL_SURFACE('',#8257,0.00085);
#6560=CYLINDRICAL_SURFACE('',#8258,0.00075);
#6561=CYLINDRICAL_SURFACE('',#8259,0.00085);
#6562=CYLINDRICAL_SURFACE('',#8260,0.002);
#6563=CYLINDRICAL_SURFACE('',#8261,0.0004);
#6564=CYLINDRICAL_SURFACE('',#8262,0.00075);
#6565=CYLINDRICAL_SURFACE('',#8263,0.00085);
#6566=CYLINDRICAL_SURFACE('',#8264,0.002);
#6567=CYLINDRICAL_SURFACE('',#8265,0.0004);
#6568=CYLINDRICAL_SURFACE('',#8266,0.0004);
#6569=CYLINDRICAL_SURFACE('',#8267,0.00075);
#6570=CYLINDRICAL_SURFACE('',#8268,0.00075);
#6571=CYLINDRICAL_SURFACE('',#8269,0.00085);
#6572=CYLINDRICAL_SURFACE('',#8270,0.00085);
#6573=CYLINDRICAL_SURFACE('',#8271,0.002);
#6574=CYLINDRICAL_SURFACE('',#8272,0.0005);
#6575=CYLINDRICAL_SURFACE('',#8273,0.0005);
#6576=CYLINDRICAL_SURFACE('',#8274,0.0005);
#6577=CYLINDRICAL_SURFACE('',#8275,0.0004);
#6578=CYLINDRICAL_SURFACE('',#8276,0.0005);
#6579=CYLINDRICAL_SURFACE('',#8277,0.0004);
#6580=CYLINDRICAL_SURFACE('',#8278,0.00075);
#6581=CYLINDRICAL_SURFACE('',#8279,0.00085);
#6582=CYLINDRICAL_SURFACE('',#8280,0.00085);
#6583=CYLINDRICAL_SURFACE('',#8281,0.0004);
#6584=CYLINDRICAL_SURFACE('',#8282,0.0016);
#6585=CYLINDRICAL_SURFACE('',#8283,0.00075);
#6586=CYLINDRICAL_SURFACE('',#8284,0.00075);
#6587=CYLINDRICAL_SURFACE('',#8285,0.002);
#6588=CYLINDRICAL_SURFACE('',#8286,0.00085);
#6589=CYLINDRICAL_SURFACE('',#8287,0.0004);
#6590=CYLINDRICAL_SURFACE('',#8288,0.0004);
#6591=CYLINDRICAL_SURFACE('',#8289,0.00075);
#6592=CYLINDRICAL_SURFACE('',#8290,0.00085);
#6593=CYLINDRICAL_SURFACE('',#8291,0.00085);
#6594=CYLINDRICAL_SURFACE('',#8292,0.0004);
#6595=CYLINDRICAL_SURFACE('',#8293,0.00075);
#6596=CYLINDRICAL_SURFACE('',#8294,0.002);
#6597=CYLINDRICAL_SURFACE('',#8295,0.00075);
#6598=CYLINDRICAL_SURFACE('',#8296,0.00085);
#6599=CYLINDRICAL_SURFACE('',#8297,0.0004);
#6600=CYLINDRICAL_SURFACE('',#8298,0.00075);
#6601=CYLINDRICAL_SURFACE('',#8299,0.00085);
#6602=CYLINDRICAL_SURFACE('',#8300,0.002);
#6603=CYLINDRICAL_SURFACE('',#8301,0.0004);
#6604=CYLINDRICAL_SURFACE('',#8302,0.00075);
#6605=CYLINDRICAL_SURFACE('',#8303,0.00085);
#6606=CYLINDRICAL_SURFACE('',#8304,0.0004);
#6607=CYLINDRICAL_SURFACE('',#8305,0.00085);
#6608=CYLINDRICAL_SURFACE('',#8306,0.00075);
#6609=CYLINDRICAL_SURFACE('',#8307,0.002);
#6610=CYLINDRICAL_SURFACE('',#8308,0.0016);
#6611=CYLINDRICAL_SURFACE('',#8309,0.0004445);
#6612=CYLINDRICAL_SURFACE('',#8310,0.0004445);
#6613=CYLINDRICAL_SURFACE('',#8311,0.0004445);
#6614=CYLINDRICAL_SURFACE('',#8312,0.0004445);
#6615=CYLINDRICAL_SURFACE('',#8313,0.0004445);
#6616=CYLINDRICAL_SURFACE('',#8314,0.0004445);
#6617=CYLINDRICAL_SURFACE('',#8315,0.0004445);
#6618=CYLINDRICAL_SURFACE('',#8316,0.0004);
#6619=CYLINDRICAL_SURFACE('',#8317,0.00075);
#6620=CYLINDRICAL_SURFACE('',#8318,0.00085);
#6621=CYLINDRICAL_SURFACE('',#8319,0.0004);
#6622=CYLINDRICAL_SURFACE('',#8320,0.00085);
#6623=CYLINDRICAL_SURFACE('',#8321,0.0004);
#6624=CYLINDRICAL_SURFACE('',#8322,0.00075);
#6625=CYLINDRICAL_SURFACE('',#8323,0.002);
#6626=CYLINDRICAL_SURFACE('',#8324,0.00075);
#6627=CYLINDRICAL_SURFACE('',#8325,0.00085);
#6628=CYLINDRICAL_SURFACE('',#8326,0.0004445);
#6629=CYLINDRICAL_SURFACE('',#8327,0.0004445);
#6630=CYLINDRICAL_SURFACE('',#8328,0.0005);
#6631=CYLINDRICAL_SURFACE('',#8329,0.0004445);
#6632=CYLINDRICAL_SURFACE('',#8330,0.0004445);
#6633=CYLINDRICAL_SURFACE('',#8331,0.0004445);
#6634=CYLINDRICAL_SURFACE('',#8332,0.0004445);
#6635=CYLINDRICAL_SURFACE('',#8333,0.0004445);
#6636=CYLINDRICAL_SURFACE('',#8334,0.0005);
#6637=CYLINDRICAL_SURFACE('',#8335,0.0016);
#6638=CYLINDRICAL_SURFACE('',#8337,0.00101);
#6639=CYLINDRICAL_SURFACE('',#8344,0.001);
#6640=CYLINDRICAL_SURFACE('',#8346,0.001);
#6641=CYLINDRICAL_SURFACE('',#8552,0.00025);
#6642=CYLINDRICAL_SURFACE('',#8557,0.00025);
#6643=CYLINDRICAL_SURFACE('',#8561,0.00025);
#6644=CYLINDRICAL_SURFACE('',#8566,0.00101);
#6645=CYLINDRICAL_SURFACE('',#8573,0.001);
#6646=CYLINDRICAL_SURFACE('',#8575,0.001);
#6647=CYLINDRICAL_SURFACE('',#8584,0.00101);
#6648=CYLINDRICAL_SURFACE('',#8591,0.001);
#6649=CYLINDRICAL_SURFACE('',#8593,0.001);
#6650=CYLINDRICAL_SURFACE('',#8602,0.006);
#6651=CYLINDRICAL_SURFACE('',#8614,0.00045);
#6652=CYLINDRICAL_SURFACE('',#8616,0.00045);
#6653=CYLINDRICAL_SURFACE('',#8618,0.001);
#6654=CYLINDRICAL_SURFACE('',#8628,0.00101);
#6655=CYLINDRICAL_SURFACE('',#8635,0.001);
#6656=CYLINDRICAL_SURFACE('',#8637,0.001);
#6657=CYLINDRICAL_SURFACE('',#8646,0.00101);
#6658=CYLINDRICAL_SURFACE('',#8653,0.001);
#6659=CYLINDRICAL_SURFACE('',#8655,0.001);
#6660=CYLINDRICAL_SURFACE('',#8664,0.00025);
#6661=CYLINDRICAL_SURFACE('',#8669,0.00025);
#6662=CYLINDRICAL_SURFACE('',#8673,0.00025);
#6663=CYLINDRICAL_SURFACE('',#8678,0.00101);
#6664=CYLINDRICAL_SURFACE('',#8685,0.001);
#6665=CYLINDRICAL_SURFACE('',#8687,0.001);
#6666=CYLINDRICAL_SURFACE('',#8696,0.00025);
#6667=CYLINDRICAL_SURFACE('',#8701,0.00025);
#6668=CYLINDRICAL_SURFACE('',#8705,0.00025);
#6669=CYLINDRICAL_SURFACE('',#8710,0.00025);
#6670=CYLINDRICAL_SURFACE('',#8715,0.00025);
#6671=CYLINDRICAL_SURFACE('',#8719,0.00025);
#6672=CYLINDRICAL_SURFACE('',#8724,0.00025);
#6673=CYLINDRICAL_SURFACE('',#8729,0.00025);
#6674=CYLINDRICAL_SURFACE('',#8733,0.00025);
#6675=CYLINDRICAL_SURFACE('',#8738,0.00025);
#6676=CYLINDRICAL_SURFACE('',#8743,0.00025);
#6677=CYLINDRICAL_SURFACE('',#8747,0.00025);
#6678=CYLINDRICAL_SURFACE('',#8752,0.00101);
#6679=CYLINDRICAL_SURFACE('',#8759,0.001);
#6680=CYLINDRICAL_SURFACE('',#8761,0.001);
#6681=CYLINDRICAL_SURFACE('',#8770,0.00025);
#6682=CYLINDRICAL_SURFACE('',#8775,0.00025);
#6683=CYLINDRICAL_SURFACE('',#8779,0.00025);
#6684=OVER_RIDING_STYLED_ITEM('',(#7267),#6770,#7245);
#6685=OVER_RIDING_STYLED_ITEM('',(#7268),#6771,#7245);
#6686=OVER_RIDING_STYLED_ITEM('',(#7269),#6772,#7245);
#6687=OVER_RIDING_STYLED_ITEM('',(#7273),#6793,#7248);
#6688=OVER_RIDING_STYLED_ITEM('',(#7274),#6794,#7248);
#6689=OVER_RIDING_STYLED_ITEM('',(#7275),#6795,#7248);
#6690=OVER_RIDING_STYLED_ITEM('',(#7278),#6903,#7250);
#6691=OVER_RIDING_STYLED_ITEM('',(#7279),#6904,#7250);
#6692=OVER_RIDING_STYLED_ITEM('',(#7280),#6905,#7250);
#6693=OVER_RIDING_STYLED_ITEM('',(#7282),#6912,#7251);
#6694=OVER_RIDING_STYLED_ITEM('',(#7283),#6913,#7251);
#6695=OVER_RIDING_STYLED_ITEM('',(#7284),#6914,#7251);
#6696=OVER_RIDING_STYLED_ITEM('',(#7285),#6915,#7251);
#6697=OVER_RIDING_STYLED_ITEM('',(#7286),#6916,#7251);
#6698=OVER_RIDING_STYLED_ITEM('',(#7287),#6917,#7251);
#6699=OVER_RIDING_STYLED_ITEM('',(#7288),#6918,#7251);
#6700=OVER_RIDING_STYLED_ITEM('',(#7289),#6919,#7251);
#6701=OVER_RIDING_STYLED_ITEM('',(#7290),#6920,#7251);
#6702=OVER_RIDING_STYLED_ITEM('',(#7291),#6921,#7251);
#6703=OVER_RIDING_STYLED_ITEM('',(#7292),#6922,#7251);
#6704=OVER_RIDING_STYLED_ITEM('',(#7293),#6923,#7251);
#6705=OVER_RIDING_STYLED_ITEM('',(#7294),#6924,#7251);
#6706=OVER_RIDING_STYLED_ITEM('',(#7295),#6925,#7251);
#6707=OVER_RIDING_STYLED_ITEM('',(#7296),#6926,#7251);
#6708=OVER_RIDING_STYLED_ITEM('',(#7297),#6927,#7251);
#6709=OVER_RIDING_STYLED_ITEM('',(#7298),#6928,#7251);
#6710=OVER_RIDING_STYLED_ITEM('',(#7299),#6929,#7251);
#6711=OVER_RIDING_STYLED_ITEM('',(#7300),#6930,#7251);
#6712=OVER_RIDING_STYLED_ITEM('',(#7301),#6931,#7251);
#6713=OVER_RIDING_STYLED_ITEM('',(#7302),#6932,#7251);
#6714=OVER_RIDING_STYLED_ITEM('',(#7303),#6933,#7251);
#6715=OVER_RIDING_STYLED_ITEM('',(#7304),#6934,#7251);
#6716=OVER_RIDING_STYLED_ITEM('',(#7305),#6935,#7251);
#6717=OVER_RIDING_STYLED_ITEM('',(#7306),#6936,#7251);
#6718=OVER_RIDING_STYLED_ITEM('',(#7307),#6937,#7251);
#6719=OVER_RIDING_STYLED_ITEM('',(#7308),#6938,#7251);
#6720=OVER_RIDING_STYLED_ITEM('',(#7309),#6939,#7251);
#6721=OVER_RIDING_STYLED_ITEM('',(#7310),#6940,#7251);
#6722=OVER_RIDING_STYLED_ITEM('',(#7311),#6941,#7251);
#6723=OVER_RIDING_STYLED_ITEM('',(#7312),#6942,#7251);
#6724=OVER_RIDING_STYLED_ITEM('',(#7313),#6943,#7251);
#6725=OVER_RIDING_STYLED_ITEM('',(#7314),#6944,#7251);
#6726=OVER_RIDING_STYLED_ITEM('',(#7315),#6945,#7251);
#6727=OVER_RIDING_STYLED_ITEM('',(#7316),#6946,#7251);
#6728=OVER_RIDING_STYLED_ITEM('',(#7317),#6947,#7251);
#6729=OVER_RIDING_STYLED_ITEM('',(#7318),#6948,#7251);
#6730=OVER_RIDING_STYLED_ITEM('',(#7319),#6949,#7251);
#6731=OVER_RIDING_STYLED_ITEM('',(#7320),#6950,#7251);
#6732=OVER_RIDING_STYLED_ITEM('',(#7321),#6951,#7251);
#6733=OVER_RIDING_STYLED_ITEM('',(#7322),#6952,#7251);
#6734=OVER_RIDING_STYLED_ITEM('',(#7323),#6953,#7251);
#6735=OVER_RIDING_STYLED_ITEM('',(#7324),#6954,#7251);
#6736=OVER_RIDING_STYLED_ITEM('',(#7325),#6955,#7251);
#6737=OVER_RIDING_STYLED_ITEM('',(#7326),#6956,#7251);
#6738=OVER_RIDING_STYLED_ITEM('',(#7327),#6957,#7251);
#6739=OVER_RIDING_STYLED_ITEM('',(#7328),#6958,#7251);
#6740=OVER_RIDING_STYLED_ITEM('',(#7329),#6959,#7251);
#6741=OVER_RIDING_STYLED_ITEM('',(#7330),#6960,#7251);
#6742=OVER_RIDING_STYLED_ITEM('',(#7331),#6961,#7251);
#6743=OVER_RIDING_STYLED_ITEM('',(#7332),#6962,#7251);
#6744=OVER_RIDING_STYLED_ITEM('',(#7333),#6963,#7251);
#6745=OVER_RIDING_STYLED_ITEM('',(#7336),#7115,#7253);
#6746=OVER_RIDING_STYLED_ITEM('',(#7337),#7116,#7253);
#6747=OVER_RIDING_STYLED_ITEM('',(#7338),#7117,#7253);
#6748=OVER_RIDING_STYLED_ITEM('',(#7340),#7124,#7254);
#6749=OVER_RIDING_STYLED_ITEM('',(#7341),#7125,#7254);
#6750=OVER_RIDING_STYLED_ITEM('',(#7342),#7126,#7254);
#6751=OVER_RIDING_STYLED_ITEM('',(#7344),#7138,#7255);
#6752=OVER_RIDING_STYLED_ITEM('',(#7345),#7139,#7255);
#6753=OVER_RIDING_STYLED_ITEM('',(#7346),#7141,#7255);
#6754=OVER_RIDING_STYLED_ITEM('',(#7347),#7142,#7255);
#6755=OVER_RIDING_STYLED_ITEM('',(#7348),#7143,#7255);
#6756=OVER_RIDING_STYLED_ITEM('',(#7349),#7144,#7255);
#6757=OVER_RIDING_STYLED_ITEM('',(#7350),#7145,#7255);
#6758=OVER_RIDING_STYLED_ITEM('',(#7352),#7146,#7256);
#6759=OVER_RIDING_STYLED_ITEM('',(#7353),#7147,#7256);
#6760=OVER_RIDING_STYLED_ITEM('',(#7354),#7148,#7256);
#6761=OVER_RIDING_STYLED_ITEM('',(#7356),#7155,#7257);
#6762=OVER_RIDING_STYLED_ITEM('',(#7357),#7156,#7257);
#6763=OVER_RIDING_STYLED_ITEM('',(#7358),#7157,#7257);
#6764=OVER_RIDING_STYLED_ITEM('',(#7361),#7171,#7259);
#6765=OVER_RIDING_STYLED_ITEM('',(#7362),#7172,#7259);
#6766=OVER_RIDING_STYLED_ITEM('',(#7363),#7173,#7259);
#6767=OVER_RIDING_STYLED_ITEM('',(#7369),#7208,#7264);
#6768=OVER_RIDING_STYLED_ITEM('',(#7370),#7209,#7264);
#6769=OVER_RIDING_STYLED_ITEM('',(#7371),#7210,#7264);
#6770=ADVANCED_FACE('',(#5669,#5670),#6531,.T.);
#6771=ADVANCED_FACE('',(#5671,#5672),#1148,.F.);
#6772=ADVANCED_FACE('',(#5673,#5674),#1149,.T.);
#6773=ADVANCED_FACE('',(#5675,#5676),#6532,.T.);
#6774=ADVANCED_FACE('',(#5677,#5678),#6533,.T.);
#6775=ADVANCED_FACE('',(#5679,#5680),#1108,.T.);
#6776=ADVANCED_FACE('',(#5681,#5682),#1109,.T.);
#6777=ADVANCED_FACE('',(#5683),#1150,.F.);
#6778=ADVANCED_FACE('',(#5684),#1151,.T.);
#6779=ADVANCED_FACE('',(#5685,#5686),#6534,.T.);
#6780=ADVANCED_FACE('',(#5687,#5688),#1110,.T.);
#6781=ADVANCED_FACE('',(#5689,#5690),#6535,.T.);
#6782=ADVANCED_FACE('',(#5691,#5692),#1111,.T.);
#6783=ADVANCED_FACE('',(#5693,#5694),#6536,.T.);
#6784=ADVANCED_FACE('',(#5695),#1152,.T.);
#6785=ADVANCED_FACE('',(#5696),#1153,.F.);
#6786=ADVANCED_FACE('',(#5697,#5698),#6537,.T.);
#6787=ADVANCED_FACE('',(#5699,#5700),#1112,.T.);
#6788=ADVANCED_FACE('',(#5701,#5702),#6538,.T.);
#6789=ADVANCED_FACE('',(#5703,#5704),#1113,.T.);
#6790=ADVANCED_FACE('',(#5705,#5706),#6539,.T.);
#6791=ADVANCED_FACE('',(#5707),#1154,.T.);
#6792=ADVANCED_FACE('',(#5708),#1155,.F.);
#6793=ADVANCED_FACE('',(#5709,#5710),#6540,.T.);
#6794=ADVANCED_FACE('',(#5711,#5712),#1156,.F.);
#6795=ADVANCED_FACE('',(#5713,#5714),#1157,.T.);
#6796=ADVANCED_FACE('',(#5715,#5716),#6541,.T.);
#6797=ADVANCED_FACE('',(#5717,#5718),#6542,.T.);
#6798=ADVANCED_FACE('',(#5719,#5720),#1114,.T.);
#6799=ADVANCED_FACE('',(#5721,#5722),#1115,.T.);
#6800=ADVANCED_FACE('',(#5723),#1158,.F.);
#6801=ADVANCED_FACE('',(#5724),#1159,.T.);
#6802=ADVANCED_FACE('',(#5725),#6543,.T.);
#6803=ADVANCED_FACE('',(#5726),#1160,.T.);
#6804=ADVANCED_FACE('',(#5727),#1161,.T.);
#6805=ADVANCED_FACE('',(#5728,#5729,#5730,#5731,#5732,#5733,#5734,#5735,
#5736,#5737,#5738,#5739,#5740,#5741,#5742,#5743,#5744,#5745,#5746,#5747,
#5748,#5749,#5750,#5751,#5752,#5753,#5754,#5755,#5756,#5757,#5758,#5759,
#5760,#5761,#5762,#5763,#5764,#5765,#5766,#5767,#5768,#5769,#5770,#5771,
#5772,#5773,#5774,#5775,#5776,#5777,#5778,#5779,#5780,#5781,#5782,#5783,
#5784,#5785,#5786,#5787,#5788,#5789,#5790,#5791,#5792,#5793,#5794,#5795,
#5796,#5797,#5798,#5799,#5800,#5801,#5802,#5803,#5804,#5805,#5806,#5807,
#5808,#5809,#5810,#5811,#5812,#5813,#5814,#5815,#5816,#5817,#5818,#5819),
#1162,.F.);
#6806=ADVANCED_FACE('',(#5820,#5821,#5822,#5823,#5824,#5825,#5826,#5827,
#5828,#5829,#5830,#5831,#5832,#5833,#5834,#5835,#5836,#5837,#5838,#5839,
#5840,#5841,#5842,#5843,#5844,#5845,#5846,#5847,#5848,#5849,#5850,#5851,
#5852,#5853,#5854,#5855,#5856,#5857,#5858,#5859,#5860,#5861,#5862,#5863,
#5864,#5865,#5866,#5867,#5868,#5869,#5870,#5871,#5872,#5873,#5874,#5875,
#5876,#5877,#5878,#5879,#5880,#5881,#5882,#5883,#5884,#5885,#5886,#5887,
#5888,#5889,#5890,#5891,#5892,#5893,#5894,#5895,#5896,#5897,#5898,#5899,
#5900,#5901,#5902,#5903,#5904,#5905,#5906,#5907,#5908,#5909,#5910,#5911),
#1163,.T.);
#6807=ADVANCED_FACE('',(#5912),#6544,.T.);
#6808=ADVANCED_FACE('',(#5913),#6545,.T.);
#6809=ADVANCED_FACE('',(#5914),#1164,.T.);
#6810=ADVANCED_FACE('',(#5915),#1165,.T.);
#6811=ADVANCED_FACE('',(#5916),#6546,.T.);
#6812=ADVANCED_FACE('',(#5917,#5918),#6547,.F.);
#6813=ADVANCED_FACE('',(#5919,#5920),#6548,.F.);
#6814=ADVANCED_FACE('',(#5921,#5922),#6549,.F.);
#6815=ADVANCED_FACE('',(#5923,#5924),#6550,.F.);
#6816=ADVANCED_FACE('',(#5925,#5926),#6551,.F.);
#6817=ADVANCED_FACE('',(#5927,#5928),#6552,.F.);
#6818=ADVANCED_FACE('',(#5929,#5930),#6553,.F.);
#6819=ADVANCED_FACE('',(#5931,#5932),#6554,.F.);
#6820=ADVANCED_FACE('',(#5933,#5934),#6555,.F.);
#6821=ADVANCED_FACE('',(#5935,#5936),#6556,.F.);
#6822=ADVANCED_FACE('',(#5937,#5938),#6557,.F.);
#6823=ADVANCED_FACE('',(#5939,#5940),#6558,.F.);
#6824=ADVANCED_FACE('',(#5941,#5942),#6559,.F.);
#6825=ADVANCED_FACE('',(#5943,#5944),#6560,.F.);
#6826=ADVANCED_FACE('',(#5945,#5946),#6561,.F.);
#6827=ADVANCED_FACE('',(#5947,#5948),#6562,.F.);
#6828=ADVANCED_FACE('',(#5949,#5950),#6563,.F.);
#6829=ADVANCED_FACE('',(#5951,#5952),#6564,.F.);
#6830=ADVANCED_FACE('',(#5953,#5954),#6565,.F.);
#6831=ADVANCED_FACE('',(#5955,#5956),#6566,.F.);
#6832=ADVANCED_FACE('',(#5957,#5958),#6567,.F.);
#6833=ADVANCED_FACE('',(#5959,#5960),#6568,.F.);
#6834=ADVANCED_FACE('',(#5961,#5962),#6569,.F.);
#6835=ADVANCED_FACE('',(#5963,#5964),#6570,.F.);
#6836=ADVANCED_FACE('',(#5965,#5966),#6571,.F.);
#6837=ADVANCED_FACE('',(#5967,#5968),#6572,.F.);
#6838=ADVANCED_FACE('',(#5969,#5970),#6573,.F.);
#6839=ADVANCED_FACE('',(#5971,#5972),#6574,.F.);
#6840=ADVANCED_FACE('',(#5973,#5974),#6575,.F.);
#6841=ADVANCED_FACE('',(#5975,#5976),#6576,.F.);
#6842=ADVANCED_FACE('',(#5977,#5978),#6577,.F.);
#6843=ADVANCED_FACE('',(#5979,#5980),#6578,.F.);
#6844=ADVANCED_FACE('',(#5981,#5982),#6579,.F.);
#6845=ADVANCED_FACE('',(#5983,#5984),#6580,.F.);
#6846=ADVANCED_FACE('',(#5985,#5986),#6581,.F.);
#6847=ADVANCED_FACE('',(#5987,#5988),#6582,.F.);
#6848=ADVANCED_FACE('',(#5989,#5990),#6583,.F.);
#6849=ADVANCED_FACE('',(#5991,#5992),#6584,.F.);
#6850=ADVANCED_FACE('',(#5993,#5994),#6585,.F.);
#6851=ADVANCED_FACE('',(#5995,#5996),#6586,.F.);
#6852=ADVANCED_FACE('',(#5997,#5998),#6587,.F.);
#6853=ADVANCED_FACE('',(#5999,#6000),#6588,.F.);
#6854=ADVANCED_FACE('',(#6001,#6002),#6589,.F.);
#6855=ADVANCED_FACE('',(#6003,#6004),#6590,.F.);
#6856=ADVANCED_FACE('',(#6005,#6006),#6591,.F.);
#6857=ADVANCED_FACE('',(#6007,#6008),#6592,.F.);
#6858=ADVANCED_FACE('',(#6009,#6010),#6593,.F.);
#6859=ADVANCED_FACE('',(#6011,#6012),#6594,.F.);
#6860=ADVANCED_FACE('',(#6013,#6014),#6595,.F.);
#6861=ADVANCED_FACE('',(#6015,#6016),#6596,.F.);
#6862=ADVANCED_FACE('',(#6017,#6018),#6597,.F.);
#6863=ADVANCED_FACE('',(#6019,#6020),#6598,.F.);
#6864=ADVANCED_FACE('',(#6021,#6022),#6599,.F.);
#6865=ADVANCED_FACE('',(#6023,#6024),#6600,.F.);
#6866=ADVANCED_FACE('',(#6025,#6026),#6601,.F.);
#6867=ADVANCED_FACE('',(#6027,#6028),#6602,.F.);
#6868=ADVANCED_FACE('',(#6029,#6030),#6603,.F.);
#6869=ADVANCED_FACE('',(#6031,#6032),#6604,.F.);
#6870=ADVANCED_FACE('',(#6033,#6034),#6605,.F.);
#6871=ADVANCED_FACE('',(#6035,#6036),#6606,.F.);
#6872=ADVANCED_FACE('',(#6037,#6038),#6607,.F.);
#6873=ADVANCED_FACE('',(#6039,#6040),#6608,.F.);
#6874=ADVANCED_FACE('',(#6041,#6042),#6609,.F.);
#6875=ADVANCED_FACE('',(#6043,#6044),#6610,.F.);
#6876=ADVANCED_FACE('',(#6045,#6046),#6611,.F.);
#6877=ADVANCED_FACE('',(#6047,#6048),#6612,.F.);
#6878=ADVANCED_FACE('',(#6049,#6050),#6613,.F.);
#6879=ADVANCED_FACE('',(#6051,#6052),#6614,.F.);
#6880=ADVANCED_FACE('',(#6053,#6054),#6615,.F.);
#6881=ADVANCED_FACE('',(#6055,#6056),#6616,.F.);
#6882=ADVANCED_FACE('',(#6057,#6058),#6617,.F.);
#6883=ADVANCED_FACE('',(#6059,#6060),#6618,.F.);
#6884=ADVANCED_FACE('',(#6061,#6062),#6619,.F.);
#6885=ADVANCED_FACE('',(#6063,#6064),#6620,.F.);
#6886=ADVANCED_FACE('',(#6065,#6066),#6621,.F.);
#6887=ADVANCED_FACE('',(#6067,#6068),#6622,.F.);
#6888=ADVANCED_FACE('',(#6069,#6070),#6623,.F.);
#6889=ADVANCED_FACE('',(#6071,#6072),#6624,.F.);
#6890=ADVANCED_FACE('',(#6073,#6074),#6625,.F.);
#6891=ADVANCED_FACE('',(#6075,#6076),#6626,.F.);
#6892=ADVANCED_FACE('',(#6077,#6078),#6627,.F.);
#6893=ADVANCED_FACE('',(#6079,#6080),#6628,.F.);
#6894=ADVANCED_FACE('',(#6081,#6082),#6629,.F.);
#6895=ADVANCED_FACE('',(#6083,#6084),#6630,.F.);
#6896=ADVANCED_FACE('',(#6085,#6086),#6631,.F.);
#6897=ADVANCED_FACE('',(#6087,#6088),#6632,.F.);
#6898=ADVANCED_FACE('',(#6089,#6090),#6633,.F.);
#6899=ADVANCED_FACE('',(#6091,#6092),#6634,.F.);
#6900=ADVANCED_FACE('',(#6093,#6094),#6635,.F.);
#6901=ADVANCED_FACE('',(#6095,#6096),#6636,.F.);
#6902=ADVANCED_FACE('',(#6097,#6098),#6637,.F.);
#6903=ADVANCED_FACE('',(#6099,#6100),#6638,.T.);
#6904=ADVANCED_FACE('',(#6101,#6102),#1166,.F.);
#6905=ADVANCED_FACE('',(#6103,#6104),#1167,.T.);
#6906=ADVANCED_FACE('',(#6105,#6106),#6639,.T.);
#6907=ADVANCED_FACE('',(#6107,#6108),#6640,.T.);
#6908=ADVANCED_FACE('',(#6109,#6110),#1116,.T.);
#6909=ADVANCED_FACE('',(#6111,#6112),#1117,.T.);
#6910=ADVANCED_FACE('',(#6113),#1168,.F.);
#6911=ADVANCED_FACE('',(#6114),#1169,.T.);
#6912=ADVANCED_FACE('',(#6115),#1170,.F.);
#6913=ADVANCED_FACE('',(#6116),#1171,.F.);
#6914=ADVANCED_FACE('',(#6117),#1172,.F.);
#6915=ADVANCED_FACE('',(#6118,#6119,#6120,#6121,#6122,#6123,#6124,#6125,
#6126),#1173,.F.);
#6916=ADVANCED_FACE('',(#6127,#6128,#6129,#6130,#6131,#6132,#6133,#6134,
#6135),#1174,.T.);
#6917=ADVANCED_FACE('',(#6136),#1175,.F.);
#6918=ADVANCED_FACE('',(#6137),#1176,.F.);
#6919=ADVANCED_FACE('',(#6138),#1177,.F.);
#6920=ADVANCED_FACE('',(#6139),#1178,.F.);
#6921=ADVANCED_FACE('',(#6140),#1179,.F.);
#6922=ADVANCED_FACE('',(#6141),#1180,.F.);
#6923=ADVANCED_FACE('',(#6142),#1181,.F.);
#6924=ADVANCED_FACE('',(#6143),#1182,.F.);
#6925=ADVANCED_FACE('',(#6144),#1183,.F.);
#6926=ADVANCED_FACE('',(#6145),#1184,.F.);
#6927=ADVANCED_FACE('',(#6146),#1185,.F.);
#6928=ADVANCED_FACE('',(#6147),#1186,.F.);
#6929=ADVANCED_FACE('',(#6148),#1187,.F.);
#6930=ADVANCED_FACE('',(#6149),#1188,.F.);
#6931=ADVANCED_FACE('',(#6150),#1189,.F.);
#6932=ADVANCED_FACE('',(#6151),#1190,.F.);
#6933=ADVANCED_FACE('',(#6152),#1191,.F.);
#6934=ADVANCED_FACE('',(#6153),#1192,.F.);
#6935=ADVANCED_FACE('',(#6154),#1193,.F.);
#6936=ADVANCED_FACE('',(#6155),#1194,.F.);
#6937=ADVANCED_FACE('',(#6156),#1195,.F.);
#6938=ADVANCED_FACE('',(#6157),#1196,.F.);
#6939=ADVANCED_FACE('',(#6158),#1197,.F.);
#6940=ADVANCED_FACE('',(#6159),#1198,.F.);
#6941=ADVANCED_FACE('',(#6160),#1199,.F.);
#6942=ADVANCED_FACE('',(#6161),#1200,.F.);
#6943=ADVANCED_FACE('',(#6162),#1201,.F.);
#6944=ADVANCED_FACE('',(#6163),#1202,.F.);
#6945=ADVANCED_FACE('',(#6164),#1203,.F.);
#6946=ADVANCED_FACE('',(#6165),#1204,.F.);
#6947=ADVANCED_FACE('',(#6166),#1205,.F.);
#6948=ADVANCED_FACE('',(#6167),#1206,.F.);
#6949=ADVANCED_FACE('',(#6168),#1207,.F.);
#6950=ADVANCED_FACE('',(#6169),#1208,.F.);
#6951=ADVANCED_FACE('',(#6170),#1209,.F.);
#6952=ADVANCED_FACE('',(#6171),#1210,.F.);
#6953=ADVANCED_FACE('',(#6172),#1211,.F.);
#6954=ADVANCED_FACE('',(#6173),#1212,.F.);
#6955=ADVANCED_FACE('',(#6174),#1213,.F.);
#6956=ADVANCED_FACE('',(#6175),#1214,.F.);
#6957=ADVANCED_FACE('',(#6176),#1215,.F.);
#6958=ADVANCED_FACE('',(#6177),#1216,.F.);
#6959=ADVANCED_FACE('',(#6178),#1217,.F.);
#6960=ADVANCED_FACE('',(#6179),#1218,.F.);
#6961=ADVANCED_FACE('',(#6180),#1219,.F.);
#6962=ADVANCED_FACE('',(#6181),#1220,.F.);
#6963=ADVANCED_FACE('',(#6182),#1221,.F.);
#6964=ADVANCED_FACE('',(#6183),#1222,.F.);
#6965=ADVANCED_FACE('',(#6184),#1223,.T.);
#6966=ADVANCED_FACE('',(#6185),#1224,.T.);
#6967=ADVANCED_FACE('',(#6186),#1225,.F.);
#6968=ADVANCED_FACE('',(#6187),#1226,.T.);
#6969=ADVANCED_FACE('',(#6188),#1227,.F.);
#6970=ADVANCED_FACE('',(#6189),#1228,.F.);
#6971=ADVANCED_FACE('',(#6190),#1229,.T.);
#6972=ADVANCED_FACE('',(#6191),#1230,.T.);
#6973=ADVANCED_FACE('',(#6192),#1231,.T.);
#6974=ADVANCED_FACE('',(#6193),#1232,.F.);
#6975=ADVANCED_FACE('',(#6194),#1233,.F.);
#6976=ADVANCED_FACE('',(#6195),#1234,.T.);
#6977=ADVANCED_FACE('',(#6196),#1235,.F.);
#6978=ADVANCED_FACE('',(#6197),#1236,.F.);
#6979=ADVANCED_FACE('',(#6198),#1237,.T.);
#6980=ADVANCED_FACE('',(#6199),#1238,.T.);
#6981=ADVANCED_FACE('',(#6200),#1239,.T.);
#6982=ADVANCED_FACE('',(#6201),#1240,.F.);
#6983=ADVANCED_FACE('',(#6202),#1241,.F.);
#6984=ADVANCED_FACE('',(#6203),#1242,.T.);
#6985=ADVANCED_FACE('',(#6204),#1243,.F.);
#6986=ADVANCED_FACE('',(#6205),#1244,.F.);
#6987=ADVANCED_FACE('',(#6206),#1245,.T.);
#6988=ADVANCED_FACE('',(#6207),#1246,.F.);
#6989=ADVANCED_FACE('',(#6208),#1247,.T.);
#6990=ADVANCED_FACE('',(#6209),#1248,.T.);
#6991=ADVANCED_FACE('',(#6210),#1249,.F.);
#6992=ADVANCED_FACE('',(#6211),#1250,.T.);
#6993=ADVANCED_FACE('',(#6212),#1251,.T.);
#6994=ADVANCED_FACE('',(#6213),#1252,.F.);
#6995=ADVANCED_FACE('',(#6214),#1253,.F.);
#6996=ADVANCED_FACE('',(#6215),#1254,.F.);
#6997=ADVANCED_FACE('',(#6216),#1255,.T.);
#6998=ADVANCED_FACE('',(#6217),#1256,.T.);
#6999=ADVANCED_FACE('',(#6218),#1257,.F.);
#7000=ADVANCED_FACE('',(#6219),#1258,.T.);
#7001=ADVANCED_FACE('',(#6220),#1259,.F.);
#7002=ADVANCED_FACE('',(#6221),#1260,.F.);
#7003=ADVANCED_FACE('',(#6222),#1261,.T.);
#7004=ADVANCED_FACE('',(#6223),#1262,.T.);
#7005=ADVANCED_FACE('',(#6224),#1263,.T.);
#7006=ADVANCED_FACE('',(#6225),#1264,.F.);
#7007=ADVANCED_FACE('',(#6226),#1265,.F.);
#7008=ADVANCED_FACE('',(#6227),#1266,.T.);
#7009=ADVANCED_FACE('',(#6228),#1267,.F.);
#7010=ADVANCED_FACE('',(#6229),#1268,.F.);
#7011=ADVANCED_FACE('',(#6230),#1269,.T.);
#7012=ADVANCED_FACE('',(#6231),#1270,.T.);
#7013=ADVANCED_FACE('',(#6232),#1271,.T.);
#7014=ADVANCED_FACE('',(#6233),#1272,.F.);
#7015=ADVANCED_FACE('',(#6234),#1273,.F.);
#7016=ADVANCED_FACE('',(#6235),#1274,.T.);
#7017=ADVANCED_FACE('',(#6236),#1275,.F.);
#7018=ADVANCED_FACE('',(#6237),#1276,.F.);
#7019=ADVANCED_FACE('',(#6238),#1277,.T.);
#7020=ADVANCED_FACE('',(#6239),#1278,.F.);
#7021=ADVANCED_FACE('',(#6240),#1279,.T.);
#7022=ADVANCED_FACE('',(#6241),#1280,.T.);
#7023=ADVANCED_FACE('',(#6242),#1281,.F.);
#7024=ADVANCED_FACE('',(#6243),#1282,.T.);
#7025=ADVANCED_FACE('',(#6244),#1283,.T.);
#7026=ADVANCED_FACE('',(#6245),#1284,.F.);
#7027=ADVANCED_FACE('',(#6246),#1285,.F.);
#7028=ADVANCED_FACE('',(#6247),#1286,.T.);
#7029=ADVANCED_FACE('',(#6248),#1287,.F.);
#7030=ADVANCED_FACE('',(#6249),#1288,.F.);
#7031=ADVANCED_FACE('',(#6250),#1289,.T.);
#7032=ADVANCED_FACE('',(#6251),#1290,.F.);
#7033=ADVANCED_FACE('',(#6252),#1291,.T.);
#7034=ADVANCED_FACE('',(#6253),#1292,.T.);
#7035=ADVANCED_FACE('',(#6254),#1293,.F.);
#7036=ADVANCED_FACE('',(#6255),#1294,.F.);
#7037=ADVANCED_FACE('',(#6256),#1295,.F.);
#7038=ADVANCED_FACE('',(#6257),#1296,.T.);
#7039=ADVANCED_FACE('',(#6258),#1297,.T.);
#7040=ADVANCED_FACE('',(#6259),#1298,.F.);
#7041=ADVANCED_FACE('',(#6260),#1299,.T.);
#7042=ADVANCED_FACE('',(#6261),#1300,.T.);
#7043=ADVANCED_FACE('',(#6262),#1301,.F.);
#7044=ADVANCED_FACE('',(#6263),#1302,.F.);
#7045=ADVANCED_FACE('',(#6264),#1303,.F.);
#7046=ADVANCED_FACE('',(#6265),#1304,.T.);
#7047=ADVANCED_FACE('',(#6266),#1305,.T.);
#7048=ADVANCED_FACE('',(#6267),#1306,.F.);
#7049=ADVANCED_FACE('',(#6268),#1307,.T.);
#7050=ADVANCED_FACE('',(#6269),#1308,.T.);
#7051=ADVANCED_FACE('',(#6270),#1309,.F.);
#7052=ADVANCED_FACE('',(#6271),#1310,.T.);
#7053=ADVANCED_FACE('',(#6272),#1311,.F.);
#7054=ADVANCED_FACE('',(#6273),#1312,.F.);
#7055=ADVANCED_FACE('',(#6274),#1313,.T.);
#7056=ADVANCED_FACE('',(#6275),#1314,.F.);
#7057=ADVANCED_FACE('',(#6276),#1315,.F.);
#7058=ADVANCED_FACE('',(#6277),#1316,.T.);
#7059=ADVANCED_FACE('',(#6278),#1317,.T.);
#7060=ADVANCED_FACE('',(#6279),#1318,.F.);
#7061=ADVANCED_FACE('',(#6280),#1319,.T.);
#7062=ADVANCED_FACE('',(#6281),#1320,.T.);
#7063=ADVANCED_FACE('',(#6282),#1321,.F.);
#7064=ADVANCED_FACE('',(#6283),#1322,.T.);
#7065=ADVANCED_FACE('',(#6284),#1323,.F.);
#7066=ADVANCED_FACE('',(#6285),#1324,.F.);
#7067=ADVANCED_FACE('',(#6286),#1325,.T.);
#7068=ADVANCED_FACE('',(#6287),#1326,.T.);
#7069=ADVANCED_FACE('',(#6288),#1327,.T.);
#7070=ADVANCED_FACE('',(#6289),#1328,.F.);
#7071=ADVANCED_FACE('',(#6290),#1329,.F.);
#7072=ADVANCED_FACE('',(#6291),#1330,.T.);
#7073=ADVANCED_FACE('',(#6292),#1331,.F.);
#7074=ADVANCED_FACE('',(#6293),#1332,.F.);
#7075=ADVANCED_FACE('',(#6294),#1333,.T.);
#7076=ADVANCED_FACE('',(#6295),#1334,.T.);
#7077=ADVANCED_FACE('',(#6296),#1335,.T.);
#7078=ADVANCED_FACE('',(#6297),#1336,.F.);
#7079=ADVANCED_FACE('',(#6298),#1337,.F.);
#7080=ADVANCED_FACE('',(#6299),#1338,.T.);
#7081=ADVANCED_FACE('',(#6300),#1339,.F.);
#7082=ADVANCED_FACE('',(#6301),#1340,.F.);
#7083=ADVANCED_FACE('',(#6302),#1341,.T.);
#7084=ADVANCED_FACE('',(#6303),#1342,.F.);
#7085=ADVANCED_FACE('',(#6304),#1343,.T.);
#7086=ADVANCED_FACE('',(#6305),#1344,.T.);
#7087=ADVANCED_FACE('',(#6306),#1345,.F.);
#7088=ADVANCED_FACE('',(#6307),#1346,.T.);
#7089=ADVANCED_FACE('',(#6308),#1347,.T.);
#7090=ADVANCED_FACE('',(#6309),#1348,.F.);
#7091=ADVANCED_FACE('',(#6310),#1349,.F.);
#7092=ADVANCED_FACE('',(#6311),#1350,.F.);
#7093=ADVANCED_FACE('',(#6312),#1351,.F.);
#7094=ADVANCED_FACE('',(#6313),#1352,.F.);
#7095=ADVANCED_FACE('',(#6314),#1353,.F.);
#7096=ADVANCED_FACE('',(#6315),#1354,.F.);
#7097=ADVANCED_FACE('',(#6316),#1355,.F.);
#7098=ADVANCED_FACE('',(#6317),#1356,.F.);
#7099=ADVANCED_FACE('',(#6318),#1357,.F.);
#7100=ADVANCED_FACE('',(#6319),#1358,.T.);
#7101=ADVANCED_FACE('',(#6320),#1359,.T.);
#7102=ADVANCED_FACE('',(#6321),#1360,.T.);
#7103=ADVANCED_FACE('',(#6322),#1361,.T.);
#7104=ADVANCED_FACE('',(#6323),#1362,.T.);
#7105=ADVANCED_FACE('',(#6324),#1363,.T.);
#7106=ADVANCED_FACE('',(#6325),#1364,.T.);
#7107=ADVANCED_FACE('',(#6326),#1365,.T.);
#7108=ADVANCED_FACE('',(#6327,#6328),#6641,.T.);
#7109=ADVANCED_FACE('',(#6329,#6330),#1118,.T.);
#7110=ADVANCED_FACE('',(#6331,#6332),#6642,.T.);
#7111=ADVANCED_FACE('',(#6333,#6334),#1119,.T.);
#7112=ADVANCED_FACE('',(#6335,#6336),#6643,.T.);
#7113=ADVANCED_FACE('',(#6337),#1366,.T.);
#7114=ADVANCED_FACE('',(#6338),#1367,.F.);
#7115=ADVANCED_FACE('',(#6339,#6340),#6644,.T.);
#7116=ADVANCED_FACE('',(#6341,#6342),#1368,.F.);
#7117=ADVANCED_FACE('',(#6343,#6344),#1369,.T.);
#7118=ADVANCED_FACE('',(#6345,#6346),#6645,.T.);
#7119=ADVANCED_FACE('',(#6347,#6348),#6646,.T.);
#7120=ADVANCED_FACE('',(#6349,#6350),#1120,.T.);
#7121=ADVANCED_FACE('',(#6351,#6352),#1121,.T.);
#7122=ADVANCED_FACE('',(#6353),#1370,.F.);
#7123=ADVANCED_FACE('',(#6354),#1371,.T.);
#7124=ADVANCED_FACE('',(#6355,#6356),#6647,.T.);
#7125=ADVANCED_FACE('',(#6357,#6358),#1372,.F.);
#7126=ADVANCED_FACE('',(#6359,#6360),#1373,.T.);
#7127=ADVANCED_FACE('',(#6361,#6362),#6648,.T.);
#7128=ADVANCED_FACE('',(#6363,#6364),#6649,.T.);
#7129=ADVANCED_FACE('',(#6365,#6366),#1122,.T.);
#7130=ADVANCED_FACE('',(#6367,#6368),#1123,.T.);
#7131=ADVANCED_FACE('',(#6369),#1374,.F.);
#7132=ADVANCED_FACE('',(#6370),#1375,.T.);
#7133=ADVANCED_FACE('',(#6371,#6372),#6650,.T.);
#7134=ADVANCED_FACE('',(#6373,#6374),#1124,.T.);
#7135=ADVANCED_FACE('',(#6375,#6376),#1125,.T.);
#7136=ADVANCED_FACE('',(#6377,#6378,#6379),#1376,.F.);
#7137=ADVANCED_FACE('',(#6380,#6381),#1377,.T.);
#7138=ADVANCED_FACE('',(#6382,#6383),#6651,.T.);
#7139=ADVANCED_FACE('',(#6384,#6385),#6652,.T.);
#7140=ADVANCED_FACE('',(#6386,#6387),#6653,.F.);
#7141=ADVANCED_FACE('',(#6388,#6389),#1126,.T.);
#7142=ADVANCED_FACE('',(#6390,#6391),#1127,.T.);
#7143=ADVANCED_FACE('',(#6392),#1378,.T.);
#7144=ADVANCED_FACE('',(#6393),#1379,.F.);
#7145=ADVANCED_FACE('',(#6394),#1380,.F.);
#7146=ADVANCED_FACE('',(#6395,#6396),#6654,.T.);
#7147=ADVANCED_FACE('',(#6397,#6398),#1381,.F.);
#7148=ADVANCED_FACE('',(#6399,#6400),#1382,.T.);
#7149=ADVANCED_FACE('',(#6401,#6402),#6655,.T.);
#7150=ADVANCED_FACE('',(#6403,#6404),#6656,.T.);
#7151=ADVANCED_FACE('',(#6405,#6406),#1128,.T.);
#7152=ADVANCED_FACE('',(#6407,#6408),#1129,.T.);
#7153=ADVANCED_FACE('',(#6409),#1383,.F.);
#7154=ADVANCED_FACE('',(#6410),#1384,.T.);
#7155=ADVANCED_FACE('',(#6411,#6412),#6657,.T.);
#7156=ADVANCED_FACE('',(#6413,#6414),#1385,.F.);
#7157=ADVANCED_FACE('',(#6415,#6416),#1386,.T.);
#7158=ADVANCED_FACE('',(#6417,#6418),#6658,.T.);
#7159=ADVANCED_FACE('',(#6419,#6420),#6659,.T.);
#7160=ADVANCED_FACE('',(#6421,#6422),#1130,.T.);
#7161=ADVANCED_FACE('',(#6423,#6424),#1131,.T.);
#7162=ADVANCED_FACE('',(#6425),#1387,.F.);
#7163=ADVANCED_FACE('',(#6426),#1388,.T.);
#7164=ADVANCED_FACE('',(#6427,#6428),#6660,.T.);
#7165=ADVANCED_FACE('',(#6429,#6430),#1132,.T.);
#7166=ADVANCED_FACE('',(#6431,#6432),#6661,.T.);
#7167=ADVANCED_FACE('',(#6433,#6434),#1133,.T.);
#7168=ADVANCED_FACE('',(#6435,#6436),#6662,.T.);
#7169=ADVANCED_FACE('',(#6437),#1389,.T.);
#7170=ADVANCED_FACE('',(#6438),#1390,.F.);
#7171=ADVANCED_FACE('',(#6439,#6440),#6663,.T.);
#7172=ADVANCED_FACE('',(#6441,#6442),#1391,.F.);
#7173=ADVANCED_FACE('',(#6443,#6444),#1392,.T.);
#7174=ADVANCED_FACE('',(#6445,#6446),#6664,.T.);
#7175=ADVANCED_FACE('',(#6447,#6448),#6665,.T.);
#7176=ADVANCED_FACE('',(#6449,#6450),#1134,.T.);
#7177=ADVANCED_FACE('',(#6451,#6452),#1135,.T.);
#7178=ADVANCED_FACE('',(#6453),#1393,.F.);
#7179=ADVANCED_FACE('',(#6454),#1394,.T.);
#7180=ADVANCED_FACE('',(#6455,#6456),#6666,.T.);
#7181=ADVANCED_FACE('',(#6457,#6458),#1136,.T.);
#7182=ADVANCED_FACE('',(#6459,#6460),#6667,.T.);
#7183=ADVANCED_FACE('',(#6461,#6462),#1137,.T.);
#7184=ADVANCED_FACE('',(#6463,#6464),#6668,.T.);
#7185=ADVANCED_FACE('',(#6465),#1395,.T.);
#7186=ADVANCED_FACE('',(#6466),#1396,.F.);
#7187=ADVANCED_FACE('',(#6467,#6468),#6669,.T.);
#7188=ADVANCED_FACE('',(#6469,#6470),#1138,.T.);
#7189=ADVANCED_FACE('',(#6471,#6472),#6670,.T.);
#7190=ADVANCED_FACE('',(#6473,#6474),#1139,.T.);
#7191=ADVANCED_FACE('',(#6475,#6476),#6671,.T.);
#7192=ADVANCED_FACE('',(#6477),#1397,.T.);
#7193=ADVANCED_FACE('',(#6478),#1398,.F.);
#7194=ADVANCED_FACE('',(#6479,#6480),#6672,.T.);
#7195=ADVANCED_FACE('',(#6481,#6482),#1140,.T.);
#7196=ADVANCED_FACE('',(#6483,#6484),#6673,.T.);
#7197=ADVANCED_FACE('',(#6485,#6486),#1141,.T.);
#7198=ADVANCED_FACE('',(#6487,#6488),#6674,.T.);
#7199=ADVANCED_FACE('',(#6489),#1399,.T.);
#7200=ADVANCED_FACE('',(#6490),#1400,.F.);
#7201=ADVANCED_FACE('',(#6491,#6492),#6675,.T.);
#7202=ADVANCED_FACE('',(#6493,#6494),#1142,.T.);
#7203=ADVANCED_FACE('',(#6495,#6496),#6676,.T.);
#7204=ADVANCED_FACE('',(#6497,#6498),#1143,.T.);
#7205=ADVANCED_FACE('',(#6499,#6500),#6677,.T.);
#7206=ADVANCED_FACE('',(#6501),#1401,.T.);
#7207=ADVANCED_FACE('',(#6502),#1402,.F.);
#7208=ADVANCED_FACE('',(#6503,#6504),#6678,.T.);
#7209=ADVANCED_FACE('',(#6505,#6506),#1403,.F.);
#7210=ADVANCED_FACE('',(#6507,#6508),#1404,.T.);
#7211=ADVANCED_FACE('',(#6509,#6510),#6679,.T.);
#7212=ADVANCED_FACE('',(#6511,#6512),#6680,.T.);
#7213=ADVANCED_FACE('',(#6513,#6514),#1144,.T.);
#7214=ADVANCED_FACE('',(#6515,#6516),#1145,.T.);
#7215=ADVANCED_FACE('',(#6517),#1405,.F.);
#7216=ADVANCED_FACE('',(#6518),#1406,.T.);
#7217=ADVANCED_FACE('',(#6519,#6520),#6681,.T.);
#7218=ADVANCED_FACE('',(#6521,#6522),#1146,.T.);
#7219=ADVANCED_FACE('',(#6523,#6524),#6682,.T.);
#7220=ADVANCED_FACE('',(#6525,#6526),#1147,.T.);
#7221=ADVANCED_FACE('',(#6527,#6528),#6683,.T.);
#7222=ADVANCED_FACE('',(#6529),#1407,.T.);
#7223=ADVANCED_FACE('',(#6530),#1408,.F.);
#7224=CLOSED_SHELL('',(#6770,#6771,#6772,#6773,#6774,#6775,#6776,#6777,
#6778));
#7225=CLOSED_SHELL('',(#6779,#6780,#6781,#6782,#6783,#6784,#6785));
#7226=CLOSED_SHELL('',(#6786,#6787,#6788,#6789,#6790,#6791,#6792));
#7227=CLOSED_SHELL('',(#6793,#6794,#6795,#6796,#6797,#6798,#6799,#6800,
#6801));
#7228=CLOSED_SHELL('',(#6802,#6803,#6804,#6805,#6806,#6807,#6808,#6809,
#6810,#6811,#6812,#6813,#6814,#6815,#6816,#6817,#6818,#6819,#6820,#6821,
#6822,#6823,#6824,#6825,#6826,#6827,#6828,#6829,#6830,#6831,#6832,#6833,
#6834,#6835,#6836,#6837,#6838,#6839,#6840,#6841,#6842,#6843,#6844,#6845,
#6846,#6847,#6848,#6849,#6850,#6851,#6852,#6853,#6854,#6855,#6856,#6857,
#6858,#6859,#6860,#6861,#6862,#6863,#6864,#6865,#6866,#6867,#6868,#6869,
#6870,#6871,#6872,#6873,#6874,#6875,#6876,#6877,#6878,#6879,#6880,#6881,
#6882,#6883,#6884,#6885,#6886,#6887,#6888,#6889,#6890,#6891,#6892,#6893,
#6894,#6895,#6896,#6897,#6898,#6899,#6900,#6901,#6902));
#7229=CLOSED_SHELL('',(#6903,#6904,#6905,#6906,#6907,#6908,#6909,#6910,
#6911));
#7230=CLOSED_SHELL('',(#6912,#6913,#6914,#6915,#6916,#6917,#6918,#6919,
#6920,#6921,#6922,#6923,#6924,#6925,#6926,#6927,#6928,#6929,#6930,#6931,
#6932,#6933,#6934,#6935,#6936,#6937,#6938,#6939,#6940,#6941,#6942,#6943,
#6944,#6945,#6946,#6947,#6948,#6949,#6950,#6951,#6952,#6953,#6954,#6955,
#6956,#6957,#6958,#6959,#6960,#6961,#6962,#6963,#6964,#6965,#6966,#6967,
#6968,#6969,#6970,#6971,#6972,#6973,#6974,#6975,#6976,#6977,#6978,#6979,
#6980,#6981,#6982,#6983,#6984,#6985,#6986,#6987,#6988,#6989,#6990,#6991,
#6992,#6993,#6994,#6995,#6996,#6997,#6998,#6999,#7000,#7001,#7002,#7003,
#7004,#7005,#7006,#7007,#7008,#7009,#7010,#7011,#7012,#7013,#7014,#7015,
#7016,#7017,#7018,#7019,#7020,#7021,#7022,#7023,#7024,#7025,#7026,#7027,
#7028,#7029,#7030,#7031,#7032,#7033,#7034,#7035,#7036,#7037,#7038,#7039,
#7040,#7041,#7042,#7043,#7044,#7045,#7046,#7047,#7048,#7049,#7050,#7051,
#7052,#7053,#7054,#7055,#7056,#7057,#7058,#7059,#7060,#7061,#7062,#7063,
#7064,#7065,#7066,#7067,#7068,#7069,#7070,#7071,#7072,#7073,#7074,#7075,
#7076,#7077,#7078,#7079,#7080,#7081,#7082,#7083,#7084,#7085,#7086,#7087,
#7088,#7089,#7090,#7091,#7092,#7093,#7094,#7095,#7096,#7097,#7098,#7099,
#7100,#7101,#7102,#7103,#7104,#7105,#7106,#7107));
#7231=CLOSED_SHELL('',(#7108,#7109,#7110,#7111,#7112,#7113,#7114));
#7232=CLOSED_SHELL('',(#7115,#7116,#7117,#7118,#7119,#7120,#7121,#7122,
#7123));
#7233=CLOSED_SHELL('',(#7124,#7125,#7126,#7127,#7128,#7129,#7130,#7131,
#7132));
#7234=CLOSED_SHELL('',(#7133,#7134,#7135,#7136,#7137,#7138,#7139,#7140,
#7141,#7142,#7143,#7144,#7145));
#7235=CLOSED_SHELL('',(#7146,#7147,#7148,#7149,#7150,#7151,#7152,#7153,
#7154));
#7236=CLOSED_SHELL('',(#7155,#7156,#7157,#7158,#7159,#7160,#7161,#7162,
#7163));
#7237=CLOSED_SHELL('',(#7164,#7165,#7166,#7167,#7168,#7169,#7170));
#7238=CLOSED_SHELL('',(#7171,#7172,#7173,#7174,#7175,#7176,#7177,#7178,
#7179));
#7239=CLOSED_SHELL('',(#7180,#7181,#7182,#7183,#7184,#7185,#7186));
#7240=CLOSED_SHELL('',(#7187,#7188,#7189,#7190,#7191,#7192,#7193));
#7241=CLOSED_SHELL('',(#7194,#7195,#7196,#7197,#7198,#7199,#7200));
#7242=CLOSED_SHELL('',(#7201,#7202,#7203,#7204,#7205,#7206,#7207));
#7243=CLOSED_SHELL('',(#7208,#7209,#7210,#7211,#7212,#7213,#7214,#7215,
#7216));
#7244=CLOSED_SHELL('',(#7217,#7218,#7219,#7220,#7221,#7222,#7223));
#7245=STYLED_ITEM('',(#7266),#7915);
#7246=STYLED_ITEM('',(#7270),#7916);
#7247=STYLED_ITEM('',(#7271),#7917);
#7248=STYLED_ITEM('',(#7272),#7918);
#7249=STYLED_ITEM('',(#7276),#7919);
#7250=STYLED_ITEM('',(#7277),#7920);
#7251=STYLED_ITEM('',(#7281),#7921);
#7252=STYLED_ITEM('',(#7334),#7922);
#7253=STYLED_ITEM('',(#7335),#7923);
#7254=STYLED_ITEM('',(#7339),#7924);
#7255=STYLED_ITEM('',(#7343),#7925);
#7256=STYLED_ITEM('',(#7351),#7926);
#7257=STYLED_ITEM('',(#7355),#7927);
#7258=STYLED_ITEM('',(#7359),#7928);
#7259=STYLED_ITEM('',(#7360),#7929);
#7260=STYLED_ITEM('',(#7364),#7930);
#7261=STYLED_ITEM('',(#7365),#7931);
#7262=STYLED_ITEM('',(#7366),#7932);
#7263=STYLED_ITEM('',(#7367),#7933);
#7264=STYLED_ITEM('',(#7368),#7934);
#7265=STYLED_ITEM('',(#7372),#7935);
#7266=PRESENTATION_STYLE_ASSIGNMENT((#7373));
#7267=PRESENTATION_STYLE_ASSIGNMENT((#7374));
#7268=PRESENTATION_STYLE_ASSIGNMENT((#7375));
#7269=PRESENTATION_STYLE_ASSIGNMENT((#7376));
#7270=PRESENTATION_STYLE_ASSIGNMENT((#7377));
#7271=PRESENTATION_STYLE_ASSIGNMENT((#7378));
#7272=PRESENTATION_STYLE_ASSIGNMENT((#7379));
#7273=PRESENTATION_STYLE_ASSIGNMENT((#7380));
#7274=PRESENTATION_STYLE_ASSIGNMENT((#7381));
#7275=PRESENTATION_STYLE_ASSIGNMENT((#7382));
#7276=PRESENTATION_STYLE_ASSIGNMENT((#7383));
#7277=PRESENTATION_STYLE_ASSIGNMENT((#7384));
#7278=PRESENTATION_STYLE_ASSIGNMENT((#7385));
#7279=PRESENTATION_STYLE_ASSIGNMENT((#7386));
#7280=PRESENTATION_STYLE_ASSIGNMENT((#7387));
#7281=PRESENTATION_STYLE_ASSIGNMENT((#7388));
#7282=PRESENTATION_STYLE_ASSIGNMENT((#7389));
#7283=PRESENTATION_STYLE_ASSIGNMENT((#7390));
#7284=PRESENTATION_STYLE_ASSIGNMENT((#7391));
#7285=PRESENTATION_STYLE_ASSIGNMENT((#7392));
#7286=PRESENTATION_STYLE_ASSIGNMENT((#7393));
#7287=PRESENTATION_STYLE_ASSIGNMENT((#7394));
#7288=PRESENTATION_STYLE_ASSIGNMENT((#7395));
#7289=PRESENTATION_STYLE_ASSIGNMENT((#7396));
#7290=PRESENTATION_STYLE_ASSIGNMENT((#7397));
#7291=PRESENTATION_STYLE_ASSIGNMENT((#7398));
#7292=PRESENTATION_STYLE_ASSIGNMENT((#7399));
#7293=PRESENTATION_STYLE_ASSIGNMENT((#7400));
#7294=PRESENTATION_STYLE_ASSIGNMENT((#7401));
#7295=PRESENTATION_STYLE_ASSIGNMENT((#7402));
#7296=PRESENTATION_STYLE_ASSIGNMENT((#7403));
#7297=PRESENTATION_STYLE_ASSIGNMENT((#7404));
#7298=PRESENTATION_STYLE_ASSIGNMENT((#7405));
#7299=PRESENTATION_STYLE_ASSIGNMENT((#7406));
#7300=PRESENTATION_STYLE_ASSIGNMENT((#7407));
#7301=PRESENTATION_STYLE_ASSIGNMENT((#7408));
#7302=PRESENTATION_STYLE_ASSIGNMENT((#7409));
#7303=PRESENTATION_STYLE_ASSIGNMENT((#7410));
#7304=PRESENTATION_STYLE_ASSIGNMENT((#7411));
#7305=PRESENTATION_STYLE_ASSIGNMENT((#7412));
#7306=PRESENTATION_STYLE_ASSIGNMENT((#7413));
#7307=PRESENTATION_STYLE_ASSIGNMENT((#7414));
#7308=PRESENTATION_STYLE_ASSIGNMENT((#7415));
#7309=PRESENTATION_STYLE_ASSIGNMENT((#7416));
#7310=PRESENTATION_STYLE_ASSIGNMENT((#7417));
#7311=PRESENTATION_STYLE_ASSIGNMENT((#7418));
#7312=PRESENTATION_STYLE_ASSIGNMENT((#7419));
#7313=PRESENTATION_STYLE_ASSIGNMENT((#7420));
#7314=PRESENTATION_STYLE_ASSIGNMENT((#7421));
#7315=PRESENTATION_STYLE_ASSIGNMENT((#7422));
#7316=PRESENTATION_STYLE_ASSIGNMENT((#7423));
#7317=PRESENTATION_STYLE_ASSIGNMENT((#7424));
#7318=PRESENTATION_STYLE_ASSIGNMENT((#7425));
#7319=PRESENTATION_STYLE_ASSIGNMENT((#7426));
#7320=PRESENTATION_STYLE_ASSIGNMENT((#7427));
#7321=PRESENTATION_STYLE_ASSIGNMENT((#7428));
#7322=PRESENTATION_STYLE_ASSIGNMENT((#7429));
#7323=PRESENTATION_STYLE_ASSIGNMENT((#7430));
#7324=PRESENTATION_STYLE_ASSIGNMENT((#7431));
#7325=PRESENTATION_STYLE_ASSIGNMENT((#7432));
#7326=PRESENTATION_STYLE_ASSIGNMENT((#7433));
#7327=PRESENTATION_STYLE_ASSIGNMENT((#7434));
#7328=PRESENTATION_STYLE_ASSIGNMENT((#7435));
#7329=PRESENTATION_STYLE_ASSIGNMENT((#7436));
#7330=PRESENTATION_STYLE_ASSIGNMENT((#7437));
#7331=PRESENTATION_STYLE_ASSIGNMENT((#7438));
#7332=PRESENTATION_STYLE_ASSIGNMENT((#7439));
#7333=PRESENTATION_STYLE_ASSIGNMENT((#7440));
#7334=PRESENTATION_STYLE_ASSIGNMENT((#7441));
#7335=PRESENTATION_STYLE_ASSIGNMENT((#7442));
#7336=PRESENTATION_STYLE_ASSIGNMENT((#7443));
#7337=PRESENTATION_STYLE_ASSIGNMENT((#7444));
#7338=PRESENTATION_STYLE_ASSIGNMENT((#7445));
#7339=PRESENTATION_STYLE_ASSIGNMENT((#7446));
#7340=PRESENTATION_STYLE_ASSIGNMENT((#7447));
#7341=PRESENTATION_STYLE_ASSIGNMENT((#7448));
#7342=PRESENTATION_STYLE_ASSIGNMENT((#7449));
#7343=PRESENTATION_STYLE_ASSIGNMENT((#7450));
#7344=PRESENTATION_STYLE_ASSIGNMENT((#7451));
#7345=PRESENTATION_STYLE_ASSIGNMENT((#7452));
#7346=PRESENTATION_STYLE_ASSIGNMENT((#7453));
#7347=PRESENTATION_STYLE_ASSIGNMENT((#7454));
#7348=PRESENTATION_STYLE_ASSIGNMENT((#7455));
#7349=PRESENTATION_STYLE_ASSIGNMENT((#7456));
#7350=PRESENTATION_STYLE_ASSIGNMENT((#7457));
#7351=PRESENTATION_STYLE_ASSIGNMENT((#7458));
#7352=PRESENTATION_STYLE_ASSIGNMENT((#7459));
#7353=PRESENTATION_STYLE_ASSIGNMENT((#7460));
#7354=PRESENTATION_STYLE_ASSIGNMENT((#7461));
#7355=PRESENTATION_STYLE_ASSIGNMENT((#7462));
#7356=PRESENTATION_STYLE_ASSIGNMENT((#7463));
#7357=PRESENTATION_STYLE_ASSIGNMENT((#7464));
#7358=PRESENTATION_STYLE_ASSIGNMENT((#7465));
#7359=PRESENTATION_STYLE_ASSIGNMENT((#7466));
#7360=PRESENTATION_STYLE_ASSIGNMENT((#7467));
#7361=PRESENTATION_STYLE_ASSIGNMENT((#7468));
#7362=PRESENTATION_STYLE_ASSIGNMENT((#7469));
#7363=PRESENTATION_STYLE_ASSIGNMENT((#7470));
#7364=PRESENTATION_STYLE_ASSIGNMENT((#7471));
#7365=PRESENTATION_STYLE_ASSIGNMENT((#7472));
#7366=PRESENTATION_STYLE_ASSIGNMENT((#7473));
#7367=PRESENTATION_STYLE_ASSIGNMENT((#7474));
#7368=PRESENTATION_STYLE_ASSIGNMENT((#7475));
#7369=PRESENTATION_STYLE_ASSIGNMENT((#7476));
#7370=PRESENTATION_STYLE_ASSIGNMENT((#7477));
#7371=PRESENTATION_STYLE_ASSIGNMENT((#7478));
#7372=PRESENTATION_STYLE_ASSIGNMENT((#7479));
#7373=SURFACE_STYLE_USAGE(.BOTH.,#7480);
#7374=SURFACE_STYLE_USAGE(.BOTH.,#7481);
#7375=SURFACE_STYLE_USAGE(.BOTH.,#7482);
#7376=SURFACE_STYLE_USAGE(.BOTH.,#7483);
#7377=SURFACE_STYLE_USAGE(.BOTH.,#7484);
#7378=SURFACE_STYLE_USAGE(.BOTH.,#7485);
#7379=SURFACE_STYLE_USAGE(.BOTH.,#7486);
#7380=SURFACE_STYLE_USAGE(.BOTH.,#7487);
#7381=SURFACE_STYLE_USAGE(.BOTH.,#7488);
#7382=SURFACE_STYLE_USAGE(.BOTH.,#7489);
#7383=SURFACE_STYLE_USAGE(.BOTH.,#7490);
#7384=SURFACE_STYLE_USAGE(.BOTH.,#7491);
#7385=SURFACE_STYLE_USAGE(.BOTH.,#7492);
#7386=SURFACE_STYLE_USAGE(.BOTH.,#7493);
#7387=SURFACE_STYLE_USAGE(.BOTH.,#7494);
#7388=SURFACE_STYLE_USAGE(.BOTH.,#7495);
#7389=SURFACE_STYLE_USAGE(.BOTH.,#7496);
#7390=SURFACE_STYLE_USAGE(.BOTH.,#7497);
#7391=SURFACE_STYLE_USAGE(.BOTH.,#7498);
#7392=SURFACE_STYLE_USAGE(.BOTH.,#7499);
#7393=SURFACE_STYLE_USAGE(.BOTH.,#7500);
#7394=SURFACE_STYLE_USAGE(.BOTH.,#7501);
#7395=SURFACE_STYLE_USAGE(.BOTH.,#7502);
#7396=SURFACE_STYLE_USAGE(.BOTH.,#7503);
#7397=SURFACE_STYLE_USAGE(.BOTH.,#7504);
#7398=SURFACE_STYLE_USAGE(.BOTH.,#7505);
#7399=SURFACE_STYLE_USAGE(.BOTH.,#7506);
#7400=SURFACE_STYLE_USAGE(.BOTH.,#7507);
#7401=SURFACE_STYLE_USAGE(.BOTH.,#7508);
#7402=SURFACE_STYLE_USAGE(.BOTH.,#7509);
#7403=SURFACE_STYLE_USAGE(.BOTH.,#7510);
#7404=SURFACE_STYLE_USAGE(.BOTH.,#7511);
#7405=SURFACE_STYLE_USAGE(.BOTH.,#7512);
#7406=SURFACE_STYLE_USAGE(.BOTH.,#7513);
#7407=SURFACE_STYLE_USAGE(.BOTH.,#7514);
#7408=SURFACE_STYLE_USAGE(.BOTH.,#7515);
#7409=SURFACE_STYLE_USAGE(.BOTH.,#7516);
#7410=SURFACE_STYLE_USAGE(.BOTH.,#7517);
#7411=SURFACE_STYLE_USAGE(.BOTH.,#7518);
#7412=SURFACE_STYLE_USAGE(.BOTH.,#7519);
#7413=SURFACE_STYLE_USAGE(.BOTH.,#7520);
#7414=SURFACE_STYLE_USAGE(.BOTH.,#7521);
#7415=SURFACE_STYLE_USAGE(.BOTH.,#7522);
#7416=SURFACE_STYLE_USAGE(.BOTH.,#7523);
#7417=SURFACE_STYLE_USAGE(.BOTH.,#7524);
#7418=SURFACE_STYLE_USAGE(.BOTH.,#7525);
#7419=SURFACE_STYLE_USAGE(.BOTH.,#7526);
#7420=SURFACE_STYLE_USAGE(.BOTH.,#7527);
#7421=SURFACE_STYLE_USAGE(.BOTH.,#7528);
#7422=SURFACE_STYLE_USAGE(.BOTH.,#7529);
#7423=SURFACE_STYLE_USAGE(.BOTH.,#7530);
#7424=SURFACE_STYLE_USAGE(.BOTH.,#7531);
#7425=SURFACE_STYLE_USAGE(.BOTH.,#7532);
#7426=SURFACE_STYLE_USAGE(.BOTH.,#7533);
#7427=SURFACE_STYLE_USAGE(.BOTH.,#7534);
#7428=SURFACE_STYLE_USAGE(.BOTH.,#7535);
#7429=SURFACE_STYLE_USAGE(.BOTH.,#7536);
#7430=SURFACE_STYLE_USAGE(.BOTH.,#7537);
#7431=SURFACE_STYLE_USAGE(.BOTH.,#7538);
#7432=SURFACE_STYLE_USAGE(.BOTH.,#7539);
#7433=SURFACE_STYLE_USAGE(.BOTH.,#7540);
#7434=SURFACE_STYLE_USAGE(.BOTH.,#7541);
#7435=SURFACE_STYLE_USAGE(.BOTH.,#7542);
#7436=SURFACE_STYLE_USAGE(.BOTH.,#7543);
#7437=SURFACE_STYLE_USAGE(.BOTH.,#7544);
#7438=SURFACE_STYLE_USAGE(.BOTH.,#7545);
#7439=SURFACE_STYLE_USAGE(.BOTH.,#7546);
#7440=SURFACE_STYLE_USAGE(.BOTH.,#7547);
#7441=SURFACE_STYLE_USAGE(.BOTH.,#7548);
#7442=SURFACE_STYLE_USAGE(.BOTH.,#7549);
#7443=SURFACE_STYLE_USAGE(.BOTH.,#7550);
#7444=SURFACE_STYLE_USAGE(.BOTH.,#7551);
#7445=SURFACE_STYLE_USAGE(.BOTH.,#7552);
#7446=SURFACE_STYLE_USAGE(.BOTH.,#7553);
#7447=SURFACE_STYLE_USAGE(.BOTH.,#7554);
#7448=SURFACE_STYLE_USAGE(.BOTH.,#7555);
#7449=SURFACE_STYLE_USAGE(.BOTH.,#7556);
#7450=SURFACE_STYLE_USAGE(.BOTH.,#7557);
#7451=SURFACE_STYLE_USAGE(.BOTH.,#7558);
#7452=SURFACE_STYLE_USAGE(.BOTH.,#7559);
#7453=SURFACE_STYLE_USAGE(.BOTH.,#7560);
#7454=SURFACE_STYLE_USAGE(.BOTH.,#7561);
#7455=SURFACE_STYLE_USAGE(.BOTH.,#7562);
#7456=SURFACE_STYLE_USAGE(.BOTH.,#7563);
#7457=SURFACE_STYLE_USAGE(.BOTH.,#7564);
#7458=SURFACE_STYLE_USAGE(.BOTH.,#7565);
#7459=SURFACE_STYLE_USAGE(.BOTH.,#7566);
#7460=SURFACE_STYLE_USAGE(.BOTH.,#7567);
#7461=SURFACE_STYLE_USAGE(.BOTH.,#7568);
#7462=SURFACE_STYLE_USAGE(.BOTH.,#7569);
#7463=SURFACE_STYLE_USAGE(.BOTH.,#7570);
#7464=SURFACE_STYLE_USAGE(.BOTH.,#7571);
#7465=SURFACE_STYLE_USAGE(.BOTH.,#7572);
#7466=SURFACE_STYLE_USAGE(.BOTH.,#7573);
#7467=SURFACE_STYLE_USAGE(.BOTH.,#7574);
#7468=SURFACE_STYLE_USAGE(.BOTH.,#7575);
#7469=SURFACE_STYLE_USAGE(.BOTH.,#7576);
#7470=SURFACE_STYLE_USAGE(.BOTH.,#7577);
#7471=SURFACE_STYLE_USAGE(.BOTH.,#7578);
#7472=SURFACE_STYLE_USAGE(.BOTH.,#7579);
#7473=SURFACE_STYLE_USAGE(.BOTH.,#7580);
#7474=SURFACE_STYLE_USAGE(.BOTH.,#7581);
#7475=SURFACE_STYLE_USAGE(.BOTH.,#7582);
#7476=SURFACE_STYLE_USAGE(.BOTH.,#7583);
#7477=SURFACE_STYLE_USAGE(.BOTH.,#7584);
#7478=SURFACE_STYLE_USAGE(.BOTH.,#7585);
#7479=SURFACE_STYLE_USAGE(.BOTH.,#7586);
#7480=SURFACE_SIDE_STYLE('',(#7587));
#7481=SURFACE_SIDE_STYLE('',(#7588));
#7482=SURFACE_SIDE_STYLE('',(#7589));
#7483=SURFACE_SIDE_STYLE('',(#7590));
#7484=SURFACE_SIDE_STYLE('',(#7591));
#7485=SURFACE_SIDE_STYLE('',(#7592));
#7486=SURFACE_SIDE_STYLE('',(#7593));
#7487=SURFACE_SIDE_STYLE('',(#7594));
#7488=SURFACE_SIDE_STYLE('',(#7595));
#7489=SURFACE_SIDE_STYLE('',(#7596));
#7490=SURFACE_SIDE_STYLE('',(#7597));
#7491=SURFACE_SIDE_STYLE('',(#7598));
#7492=SURFACE_SIDE_STYLE('',(#7599));
#7493=SURFACE_SIDE_STYLE('',(#7600));
#7494=SURFACE_SIDE_STYLE('',(#7601));
#7495=SURFACE_SIDE_STYLE('',(#7602));
#7496=SURFACE_SIDE_STYLE('',(#7603));
#7497=SURFACE_SIDE_STYLE('',(#7604));
#7498=SURFACE_SIDE_STYLE('',(#7605));
#7499=SURFACE_SIDE_STYLE('',(#7606));
#7500=SURFACE_SIDE_STYLE('',(#7607));
#7501=SURFACE_SIDE_STYLE('',(#7608));
#7502=SURFACE_SIDE_STYLE('',(#7609));
#7503=SURFACE_SIDE_STYLE('',(#7610));
#7504=SURFACE_SIDE_STYLE('',(#7611));
#7505=SURFACE_SIDE_STYLE('',(#7612));
#7506=SURFACE_SIDE_STYLE('',(#7613));
#7507=SURFACE_SIDE_STYLE('',(#7614));
#7508=SURFACE_SIDE_STYLE('',(#7615));
#7509=SURFACE_SIDE_STYLE('',(#7616));
#7510=SURFACE_SIDE_STYLE('',(#7617));
#7511=SURFACE_SIDE_STYLE('',(#7618));
#7512=SURFACE_SIDE_STYLE('',(#7619));
#7513=SURFACE_SIDE_STYLE('',(#7620));
#7514=SURFACE_SIDE_STYLE('',(#7621));
#7515=SURFACE_SIDE_STYLE('',(#7622));
#7516=SURFACE_SIDE_STYLE('',(#7623));
#7517=SURFACE_SIDE_STYLE('',(#7624));
#7518=SURFACE_SIDE_STYLE('',(#7625));
#7519=SURFACE_SIDE_STYLE('',(#7626));
#7520=SURFACE_SIDE_STYLE('',(#7627));
#7521=SURFACE_SIDE_STYLE('',(#7628));
#7522=SURFACE_SIDE_STYLE('',(#7629));
#7523=SURFACE_SIDE_STYLE('',(#7630));
#7524=SURFACE_SIDE_STYLE('',(#7631));
#7525=SURFACE_SIDE_STYLE('',(#7632));
#7526=SURFACE_SIDE_STYLE('',(#7633));
#7527=SURFACE_SIDE_STYLE('',(#7634));
#7528=SURFACE_SIDE_STYLE('',(#7635));
#7529=SURFACE_SIDE_STYLE('',(#7636));
#7530=SURFACE_SIDE_STYLE('',(#7637));
#7531=SURFACE_SIDE_STYLE('',(#7638));
#7532=SURFACE_SIDE_STYLE('',(#7639));
#7533=SURFACE_SIDE_STYLE('',(#7640));
#7534=SURFACE_SIDE_STYLE('',(#7641));
#7535=SURFACE_SIDE_STYLE('',(#7642));
#7536=SURFACE_SIDE_STYLE('',(#7643));
#7537=SURFACE_SIDE_STYLE('',(#7644));
#7538=SURFACE_SIDE_STYLE('',(#7645));
#7539=SURFACE_SIDE_STYLE('',(#7646));
#7540=SURFACE_SIDE_STYLE('',(#7647));
#7541=SURFACE_SIDE_STYLE('',(#7648));
#7542=SURFACE_SIDE_STYLE('',(#7649));
#7543=SURFACE_SIDE_STYLE('',(#7650));
#7544=SURFACE_SIDE_STYLE('',(#7651));
#7545=SURFACE_SIDE_STYLE('',(#7652));
#7546=SURFACE_SIDE_STYLE('',(#7653));
#7547=SURFACE_SIDE_STYLE('',(#7654));
#7548=SURFACE_SIDE_STYLE('',(#7655));
#7549=SURFACE_SIDE_STYLE('',(#7656));
#7550=SURFACE_SIDE_STYLE('',(#7657));
#7551=SURFACE_SIDE_STYLE('',(#7658));
#7552=SURFACE_SIDE_STYLE('',(#7659));
#7553=SURFACE_SIDE_STYLE('',(#7660));
#7554=SURFACE_SIDE_STYLE('',(#7661));
#7555=SURFACE_SIDE_STYLE('',(#7662));
#7556=SURFACE_SIDE_STYLE('',(#7663));
#7557=SURFACE_SIDE_STYLE('',(#7664));
#7558=SURFACE_SIDE_STYLE('',(#7665));
#7559=SURFACE_SIDE_STYLE('',(#7666));
#7560=SURFACE_SIDE_STYLE('',(#7667));
#7561=SURFACE_SIDE_STYLE('',(#7668));
#7562=SURFACE_SIDE_STYLE('',(#7669));
#7563=SURFACE_SIDE_STYLE('',(#7670));
#7564=SURFACE_SIDE_STYLE('',(#7671));
#7565=SURFACE_SIDE_STYLE('',(#7672));
#7566=SURFACE_SIDE_STYLE('',(#7673));
#7567=SURFACE_SIDE_STYLE('',(#7674));
#7568=SURFACE_SIDE_STYLE('',(#7675));
#7569=SURFACE_SIDE_STYLE('',(#7676));
#7570=SURFACE_SIDE_STYLE('',(#7677));
#7571=SURFACE_SIDE_STYLE('',(#7678));
#7572=SURFACE_SIDE_STYLE('',(#7679));
#7573=SURFACE_SIDE_STYLE('',(#7680));
#7574=SURFACE_SIDE_STYLE('',(#7681));
#7575=SURFACE_SIDE_STYLE('',(#7682));
#7576=SURFACE_SIDE_STYLE('',(#7683));
#7577=SURFACE_SIDE_STYLE('',(#7684));
#7578=SURFACE_SIDE_STYLE('',(#7685));
#7579=SURFACE_SIDE_STYLE('',(#7686));
#7580=SURFACE_SIDE_STYLE('',(#7687));
#7581=SURFACE_SIDE_STYLE('',(#7688));
#7582=SURFACE_SIDE_STYLE('',(#7689));
#7583=SURFACE_SIDE_STYLE('',(#7690));
#7584=SURFACE_SIDE_STYLE('',(#7691));
#7585=SURFACE_SIDE_STYLE('',(#7692));
#7586=SURFACE_SIDE_STYLE('',(#7693));
#7587=SURFACE_STYLE_FILL_AREA(#7694);
#7588=SURFACE_STYLE_FILL_AREA(#7695);
#7589=SURFACE_STYLE_FILL_AREA(#7696);
#7590=SURFACE_STYLE_FILL_AREA(#7697);
#7591=SURFACE_STYLE_FILL_AREA(#7698);
#7592=SURFACE_STYLE_FILL_AREA(#7699);
#7593=SURFACE_STYLE_FILL_AREA(#7700);
#7594=SURFACE_STYLE_FILL_AREA(#7701);
#7595=SURFACE_STYLE_FILL_AREA(#7702);
#7596=SURFACE_STYLE_FILL_AREA(#7703);
#7597=SURFACE_STYLE_FILL_AREA(#7704);
#7598=SURFACE_STYLE_FILL_AREA(#7705);
#7599=SURFACE_STYLE_FILL_AREA(#7706);
#7600=SURFACE_STYLE_FILL_AREA(#7707);
#7601=SURFACE_STYLE_FILL_AREA(#7708);
#7602=SURFACE_STYLE_FILL_AREA(#7709);
#7603=SURFACE_STYLE_FILL_AREA(#7710);
#7604=SURFACE_STYLE_FILL_AREA(#7711);
#7605=SURFACE_STYLE_FILL_AREA(#7712);
#7606=SURFACE_STYLE_FILL_AREA(#7713);
#7607=SURFACE_STYLE_FILL_AREA(#7714);
#7608=SURFACE_STYLE_FILL_AREA(#7715);
#7609=SURFACE_STYLE_FILL_AREA(#7716);
#7610=SURFACE_STYLE_FILL_AREA(#7717);
#7611=SURFACE_STYLE_FILL_AREA(#7718);
#7612=SURFACE_STYLE_FILL_AREA(#7719);
#7613=SURFACE_STYLE_FILL_AREA(#7720);
#7614=SURFACE_STYLE_FILL_AREA(#7721);
#7615=SURFACE_STYLE_FILL_AREA(#7722);
#7616=SURFACE_STYLE_FILL_AREA(#7723);
#7617=SURFACE_STYLE_FILL_AREA(#7724);
#7618=SURFACE_STYLE_FILL_AREA(#7725);
#7619=SURFACE_STYLE_FILL_AREA(#7726);
#7620=SURFACE_STYLE_FILL_AREA(#7727);
#7621=SURFACE_STYLE_FILL_AREA(#7728);
#7622=SURFACE_STYLE_FILL_AREA(#7729);
#7623=SURFACE_STYLE_FILL_AREA(#7730);
#7624=SURFACE_STYLE_FILL_AREA(#7731);
#7625=SURFACE_STYLE_FILL_AREA(#7732);
#7626=SURFACE_STYLE_FILL_AREA(#7733);
#7627=SURFACE_STYLE_FILL_AREA(#7734);
#7628=SURFACE_STYLE_FILL_AREA(#7735);
#7629=SURFACE_STYLE_FILL_AREA(#7736);
#7630=SURFACE_STYLE_FILL_AREA(#7737);
#7631=SURFACE_STYLE_FILL_AREA(#7738);
#7632=SURFACE_STYLE_FILL_AREA(#7739);
#7633=SURFACE_STYLE_FILL_AREA(#7740);
#7634=SURFACE_STYLE_FILL_AREA(#7741);
#7635=SURFACE_STYLE_FILL_AREA(#7742);
#7636=SURFACE_STYLE_FILL_AREA(#7743);
#7637=SURFACE_STYLE_FILL_AREA(#7744);
#7638=SURFACE_STYLE_FILL_AREA(#7745);
#7639=SURFACE_STYLE_FILL_AREA(#7746);
#7640=SURFACE_STYLE_FILL_AREA(#7747);
#7641=SURFACE_STYLE_FILL_AREA(#7748);
#7642=SURFACE_STYLE_FILL_AREA(#7749);
#7643=SURFACE_STYLE_FILL_AREA(#7750);
#7644=SURFACE_STYLE_FILL_AREA(#7751);
#7645=SURFACE_STYLE_FILL_AREA(#7752);
#7646=SURFACE_STYLE_FILL_AREA(#7753);
#7647=SURFACE_STYLE_FILL_AREA(#7754);
#7648=SURFACE_STYLE_FILL_AREA(#7755);
#7649=SURFACE_STYLE_FILL_AREA(#7756);
#7650=SURFACE_STYLE_FILL_AREA(#7757);
#7651=SURFACE_STYLE_FILL_AREA(#7758);
#7652=SURFACE_STYLE_FILL_AREA(#7759);
#7653=SURFACE_STYLE_FILL_AREA(#7760);
#7654=SURFACE_STYLE_FILL_AREA(#7761);
#7655=SURFACE_STYLE_FILL_AREA(#7762);
#7656=SURFACE_STYLE_FILL_AREA(#7763);
#7657=SURFACE_STYLE_FILL_AREA(#7764);
#7658=SURFACE_STYLE_FILL_AREA(#7765);
#7659=SURFACE_STYLE_FILL_AREA(#7766);
#7660=SURFACE_STYLE_FILL_AREA(#7767);
#7661=SURFACE_STYLE_FILL_AREA(#7768);
#7662=SURFACE_STYLE_FILL_AREA(#7769);
#7663=SURFACE_STYLE_FILL_AREA(#7770);
#7664=SURFACE_STYLE_FILL_AREA(#7771);
#7665=SURFACE_STYLE_FILL_AREA(#7772);
#7666=SURFACE_STYLE_FILL_AREA(#7773);
#7667=SURFACE_STYLE_FILL_AREA(#7774);
#7668=SURFACE_STYLE_FILL_AREA(#7775);
#7669=SURFACE_STYLE_FILL_AREA(#7776);
#7670=SURFACE_STYLE_FILL_AREA(#7777);
#7671=SURFACE_STYLE_FILL_AREA(#7778);
#7672=SURFACE_STYLE_FILL_AREA(#7779);
#7673=SURFACE_STYLE_FILL_AREA(#7780);
#7674=SURFACE_STYLE_FILL_AREA(#7781);
#7675=SURFACE_STYLE_FILL_AREA(#7782);
#7676=SURFACE_STYLE_FILL_AREA(#7783);
#7677=SURFACE_STYLE_FILL_AREA(#7784);
#7678=SURFACE_STYLE_FILL_AREA(#7785);
#7679=SURFACE_STYLE_FILL_AREA(#7786);
#7680=SURFACE_STYLE_FILL_AREA(#7787);
#7681=SURFACE_STYLE_FILL_AREA(#7788);
#7682=SURFACE_STYLE_FILL_AREA(#7789);
#7683=SURFACE_STYLE_FILL_AREA(#7790);
#7684=SURFACE_STYLE_FILL_AREA(#7791);
#7685=SURFACE_STYLE_FILL_AREA(#7792);
#7686=SURFACE_STYLE_FILL_AREA(#7793);
#7687=SURFACE_STYLE_FILL_AREA(#7794);
#7688=SURFACE_STYLE_FILL_AREA(#7795);
#7689=SURFACE_STYLE_FILL_AREA(#7796);
#7690=SURFACE_STYLE_FILL_AREA(#7797);
#7691=SURFACE_STYLE_FILL_AREA(#7798);
#7692=SURFACE_STYLE_FILL_AREA(#7799);
#7693=SURFACE_STYLE_FILL_AREA(#7800);
#7694=FILL_AREA_STYLE('',(#7801));
#7695=FILL_AREA_STYLE('',(#7802));
#7696=FILL_AREA_STYLE('',(#7803));
#7697=FILL_AREA_STYLE('',(#7804));
#7698=FILL_AREA_STYLE('',(#7805));
#7699=FILL_AREA_STYLE('',(#7806));
#7700=FILL_AREA_STYLE('',(#7807));
#7701=FILL_AREA_STYLE('',(#7808));
#7702=FILL_AREA_STYLE('',(#7809));
#7703=FILL_AREA_STYLE('',(#7810));
#7704=FILL_AREA_STYLE('',(#7811));
#7705=FILL_AREA_STYLE('',(#7812));
#7706=FILL_AREA_STYLE('',(#7813));
#7707=FILL_AREA_STYLE('',(#7814));
#7708=FILL_AREA_STYLE('',(#7815));
#7709=FILL_AREA_STYLE('',(#7816));
#7710=FILL_AREA_STYLE('',(#7817));
#7711=FILL_AREA_STYLE('',(#7818));
#7712=FILL_AREA_STYLE('',(#7819));
#7713=FILL_AREA_STYLE('',(#7820));
#7714=FILL_AREA_STYLE('',(#7821));
#7715=FILL_AREA_STYLE('',(#7822));
#7716=FILL_AREA_STYLE('',(#7823));
#7717=FILL_AREA_STYLE('',(#7824));
#7718=FILL_AREA_STYLE('',(#7825));
#7719=FILL_AREA_STYLE('',(#7826));
#7720=FILL_AREA_STYLE('',(#7827));
#7721=FILL_AREA_STYLE('',(#7828));
#7722=FILL_AREA_STYLE('',(#7829));
#7723=FILL_AREA_STYLE('',(#7830));
#7724=FILL_AREA_STYLE('',(#7831));
#7725=FILL_AREA_STYLE('',(#7832));
#7726=FILL_AREA_STYLE('',(#7833));
#7727=FILL_AREA_STYLE('',(#7834));
#7728=FILL_AREA_STYLE('',(#7835));
#7729=FILL_AREA_STYLE('',(#7836));
#7730=FILL_AREA_STYLE('',(#7837));
#7731=FILL_AREA_STYLE('',(#7838));
#7732=FILL_AREA_STYLE('',(#7839));
#7733=FILL_AREA_STYLE('',(#7840));
#7734=FILL_AREA_STYLE('',(#7841));
#7735=FILL_AREA_STYLE('',(#7842));
#7736=FILL_AREA_STYLE('',(#7843));
#7737=FILL_AREA_STYLE('',(#7844));
#7738=FILL_AREA_STYLE('',(#7845));
#7739=FILL_AREA_STYLE('',(#7846));
#7740=FILL_AREA_STYLE('',(#7847));
#7741=FILL_AREA_STYLE('',(#7848));
#7742=FILL_AREA_STYLE('',(#7849));
#7743=FILL_AREA_STYLE('',(#7850));
#7744=FILL_AREA_STYLE('',(#7851));
#7745=FILL_AREA_STYLE('',(#7852));
#7746=FILL_AREA_STYLE('',(#7853));
#7747=FILL_AREA_STYLE('',(#7854));
#7748=FILL_AREA_STYLE('',(#7855));
#7749=FILL_AREA_STYLE('',(#7856));
#7750=FILL_AREA_STYLE('',(#7857));
#7751=FILL_AREA_STYLE('',(#7858));
#7752=FILL_AREA_STYLE('',(#7859));
#7753=FILL_AREA_STYLE('',(#7860));
#7754=FILL_AREA_STYLE('',(#7861));
#7755=FILL_AREA_STYLE('',(#7862));
#7756=FILL_AREA_STYLE('',(#7863));
#7757=FILL_AREA_STYLE('',(#7864));
#7758=FILL_AREA_STYLE('',(#7865));
#7759=FILL_AREA_STYLE('',(#7866));
#7760=FILL_AREA_STYLE('',(#7867));
#7761=FILL_AREA_STYLE('',(#7868));
#7762=FILL_AREA_STYLE('',(#7869));
#7763=FILL_AREA_STYLE('',(#7870));
#7764=FILL_AREA_STYLE('',(#7871));
#7765=FILL_AREA_STYLE('',(#7872));
#7766=FILL_AREA_STYLE('',(#7873));
#7767=FILL_AREA_STYLE('',(#7874));
#7768=FILL_AREA_STYLE('',(#7875));
#7769=FILL_AREA_STYLE('',(#7876));
#7770=FILL_AREA_STYLE('',(#7877));
#7771=FILL_AREA_STYLE('',(#7878));
#7772=FILL_AREA_STYLE('',(#7879));
#7773=FILL_AREA_STYLE('',(#7880));
#7774=FILL_AREA_STYLE('',(#7881));
#7775=FILL_AREA_STYLE('',(#7882));
#7776=FILL_AREA_STYLE('',(#7883));
#7777=FILL_AREA_STYLE('',(#7884));
#7778=FILL_AREA_STYLE('',(#7885));
#7779=FILL_AREA_STYLE('',(#7886));
#7780=FILL_AREA_STYLE('',(#7887));
#7781=FILL_AREA_STYLE('',(#7888));
#7782=FILL_AREA_STYLE('',(#7889));
#7783=FILL_AREA_STYLE('',(#7890));
#7784=FILL_AREA_STYLE('',(#7891));
#7785=FILL_AREA_STYLE('',(#7892));
#7786=FILL_AREA_STYLE('',(#7893));
#7787=FILL_AREA_STYLE('',(#7894));
#7788=FILL_AREA_STYLE('',(#7895));
#7789=FILL_AREA_STYLE('',(#7896));
#7790=FILL_AREA_STYLE('',(#7897));
#7791=FILL_AREA_STYLE('',(#7898));
#7792=FILL_AREA_STYLE('',(#7899));
#7793=FILL_AREA_STYLE('',(#7900));
#7794=FILL_AREA_STYLE('',(#7901));
#7795=FILL_AREA_STYLE('',(#7902));
#7796=FILL_AREA_STYLE('',(#7903));
#7797=FILL_AREA_STYLE('',(#7904));
#7798=FILL_AREA_STYLE('',(#7905));
#7799=FILL_AREA_STYLE('',(#7906));
#7800=FILL_AREA_STYLE('',(#7907));
#7801=FILL_AREA_STYLE_COLOUR('',#7908);
#7802=FILL_AREA_STYLE_COLOUR('',#7909);
#7803=FILL_AREA_STYLE_COLOUR('',#7909);
#7804=FILL_AREA_STYLE_COLOUR('',#7909);
#7805=FILL_AREA_STYLE_COLOUR('',#7910);
#7806=FILL_AREA_STYLE_COLOUR('',#7910);
#7807=FILL_AREA_STYLE_COLOUR('',#7908);
#7808=FILL_AREA_STYLE_COLOUR('',#7909);
#7809=FILL_AREA_STYLE_COLOUR('',#7909);
#7810=FILL_AREA_STYLE_COLOUR('',#7909);
#7811=FILL_AREA_STYLE_COLOUR('',#7911);
#7812=FILL_AREA_STYLE_COLOUR('',#7908);
#7813=FILL_AREA_STYLE_COLOUR('',#7909);
#7814=FILL_AREA_STYLE_COLOUR('',#7909);
#7815=FILL_AREA_STYLE_COLOUR('',#7909);
#7816=FILL_AREA_STYLE_COLOUR('',#7912);
#7817=FILL_AREA_STYLE_COLOUR('',#7913);
#7818=FILL_AREA_STYLE_COLOUR('',#7913);
#7819=FILL_AREA_STYLE_COLOUR('',#7913);
#7820=FILL_AREA_STYLE_COLOUR('',#7913);
#7821=FILL_AREA_STYLE_COLOUR('',#7913);
#7822=FILL_AREA_STYLE_COLOUR('',#7913);
#7823=FILL_AREA_STYLE_COLOUR('',#7913);
#7824=FILL_AREA_STYLE_COLOUR('',#7913);
#7825=FILL_AREA_STYLE_COLOUR('',#7913);
#7826=FILL_AREA_STYLE_COLOUR('',#7913);
#7827=FILL_AREA_STYLE_COLOUR('',#7913);
#7828=FILL_AREA_STYLE_COLOUR('',#7913);
#7829=FILL_AREA_STYLE_COLOUR('',#7913);
#7830=FILL_AREA_STYLE_COLOUR('',#7913);
#7831=FILL_AREA_STYLE_COLOUR('',#7913);
#7832=FILL_AREA_STYLE_COLOUR('',#7913);
#7833=FILL_AREA_STYLE_COLOUR('',#7913);
#7834=FILL_AREA_STYLE_COLOUR('',#7913);
#7835=FILL_AREA_STYLE_COLOUR('',#7913);
#7836=FILL_AREA_STYLE_COLOUR('',#7913);
#7837=FILL_AREA_STYLE_COLOUR('',#7913);
#7838=FILL_AREA_STYLE_COLOUR('',#7913);
#7839=FILL_AREA_STYLE_COLOUR('',#7913);
#7840=FILL_AREA_STYLE_COLOUR('',#7913);
#7841=FILL_AREA_STYLE_COLOUR('',#7913);
#7842=FILL_AREA_STYLE_COLOUR('',#7913);
#7843=FILL_AREA_STYLE_COLOUR('',#7913);
#7844=FILL_AREA_STYLE_COLOUR('',#7913);
#7845=FILL_AREA_STYLE_COLOUR('',#7913);
#7846=FILL_AREA_STYLE_COLOUR('',#7913);
#7847=FILL_AREA_STYLE_COLOUR('',#7913);
#7848=FILL_AREA_STYLE_COLOUR('',#7913);
#7849=FILL_AREA_STYLE_COLOUR('',#7913);
#7850=FILL_AREA_STYLE_COLOUR('',#7913);
#7851=FILL_AREA_STYLE_COLOUR('',#7913);
#7852=FILL_AREA_STYLE_COLOUR('',#7913);
#7853=FILL_AREA_STYLE_COLOUR('',#7913);
#7854=FILL_AREA_STYLE_COLOUR('',#7913);
#7855=FILL_AREA_STYLE_COLOUR('',#7913);
#7856=FILL_AREA_STYLE_COLOUR('',#7913);
#7857=FILL_AREA_STYLE_COLOUR('',#7913);
#7858=FILL_AREA_STYLE_COLOUR('',#7913);
#7859=FILL_AREA_STYLE_COLOUR('',#7913);
#7860=FILL_AREA_STYLE_COLOUR('',#7913);
#7861=FILL_AREA_STYLE_COLOUR('',#7913);
#7862=FILL_AREA_STYLE_COLOUR('',#7913);
#7863=FILL_AREA_STYLE_COLOUR('',#7913);
#7864=FILL_AREA_STYLE_COLOUR('',#7913);
#7865=FILL_AREA_STYLE_COLOUR('',#7913);
#7866=FILL_AREA_STYLE_COLOUR('',#7913);
#7867=FILL_AREA_STYLE_COLOUR('',#7913);
#7868=FILL_AREA_STYLE_COLOUR('',#7913);
#7869=FILL_AREA_STYLE_COLOUR('',#7910);
#7870=FILL_AREA_STYLE_COLOUR('',#7908);
#7871=FILL_AREA_STYLE_COLOUR('',#7909);
#7872=FILL_AREA_STYLE_COLOUR('',#7909);
#7873=FILL_AREA_STYLE_COLOUR('',#7909);
#7874=FILL_AREA_STYLE_COLOUR('',#7908);
#7875=FILL_AREA_STYLE_COLOUR('',#7909);
#7876=FILL_AREA_STYLE_COLOUR('',#7909);
#7877=FILL_AREA_STYLE_COLOUR('',#7909);
#7878=FILL_AREA_STYLE_COLOUR('',#7913);
#7879=FILL_AREA_STYLE_COLOUR('',#7910);
#7880=FILL_AREA_STYLE_COLOUR('',#7910);
#7881=FILL_AREA_STYLE_COLOUR('',#7910);
#7882=FILL_AREA_STYLE_COLOUR('',#7910);
#7883=FILL_AREA_STYLE_COLOUR('',#7914);
#7884=FILL_AREA_STYLE_COLOUR('',#7910);
#7885=FILL_AREA_STYLE_COLOUR('',#7910);
#7886=FILL_AREA_STYLE_COLOUR('',#7908);
#7887=FILL_AREA_STYLE_COLOUR('',#7909);
#7888=FILL_AREA_STYLE_COLOUR('',#7909);
#7889=FILL_AREA_STYLE_COLOUR('',#7909);
#7890=FILL_AREA_STYLE_COLOUR('',#7908);
#7891=FILL_AREA_STYLE_COLOUR('',#7909);
#7892=FILL_AREA_STYLE_COLOUR('',#7909);
#7893=FILL_AREA_STYLE_COLOUR('',#7909);
#7894=FILL_AREA_STYLE_COLOUR('',#7910);
#7895=FILL_AREA_STYLE_COLOUR('',#7908);
#7896=FILL_AREA_STYLE_COLOUR('',#7909);
#7897=FILL_AREA_STYLE_COLOUR('',#7909);
#7898=FILL_AREA_STYLE_COLOUR('',#7909);
#7899=FILL_AREA_STYLE_COLOUR('',#7910);
#7900=FILL_AREA_STYLE_COLOUR('',#7910);
#7901=FILL_AREA_STYLE_COLOUR('',#7910);
#7902=FILL_AREA_STYLE_COLOUR('',#7910);
#7903=FILL_AREA_STYLE_COLOUR('',#7908);
#7904=FILL_AREA_STYLE_COLOUR('',#7909);
#7905=FILL_AREA_STYLE_COLOUR('',#7909);
#7906=FILL_AREA_STYLE_COLOUR('',#7909);
#7907=FILL_AREA_STYLE_COLOUR('',#7910);
#7908=COLOUR_RGB('',0.,0.631372549019608,0.749019607843137);
#7909=COLOUR_RGB('',0.698039215686275,0.101960784313725,0.0509803921568627);
#7910=COLOUR_RGB('',0.823529411764706,0.819607843137255,0.780392156862745);
#7911=COLOUR_RGB('',0.313725490196078,0.486274509803922,0.411764705882353);
#7912=COLOUR_RGB('',0.858823529411765,0.737254901960784,0.494117647058824);
#7913=COLOUR_RGB('',0.149019607843137,0.145098039215686,0.145098039215686);
#7914=COLOUR_RGB('',0.807843137254902,0.427450980392157,0.149019607843137);
#7915=MANIFOLD_SOLID_BREP('D_DO-35_SOD27_P7.62mm_Horizontal_4',#7224);
#7916=MANIFOLD_SOLID_BREP('D_DO-35_SOD27_P7.62mm_Horizontal_8',#7225);
#7917=MANIFOLD_SOLID_BREP('D_DO-35_SOD27_P7.62mm_Horizontal_4',#7226);
#7918=MANIFOLD_SOLID_BREP('D_DO-35_SOD27_P7.62mm_Horizontal_8',#7227);
#7919=MANIFOLD_SOLID_BREP('kicad_schematic_PCB',#7228);
#7920=MANIFOLD_SOLID_BREP('D_DO-35_SOD27_P7.62mm_Horizontal_5',#7229);
#7921=MANIFOLD_SOLID_BREP('PinHeader_1x08_P254mm_Vertical',#7230);
#7922=MANIFOLD_SOLID_BREP('D_DO-35_SOD27_P7.62mm_Horizontal_6',#7231);
#7923=MANIFOLD_SOLID_BREP('D_DO-35_SOD27_P7.62mm_Horizontal_1',#7232);
#7924=MANIFOLD_SOLID_BREP('D_DO-35_SOD27_P7.62mm_Horizontal_7',#7233);
#7925=MANIFOLD_SOLID_BREP('Buzzer_12x95RM76',#7234);
#7926=MANIFOLD_SOLID_BREP('D_DO-35_SOD27_P7.62mm_Horizontal',#7235);
#7927=MANIFOLD_SOLID_BREP('D_DO-35_SOD27_P7.62mm_Horizontal_2',#7236);
#7928=MANIFOLD_SOLID_BREP('D_DO-35_SOD27_P7.62mm_Horizontal_1',#7237);
#7929=MANIFOLD_SOLID_BREP('D_DO-35_SOD27_P7.62mm_Horizontal_6',#7238);
#7930=MANIFOLD_SOLID_BREP('D_DO-35_SOD27_P7.62mm_Horizontal',#7239);
#7931=MANIFOLD_SOLID_BREP('D_DO-35_SOD27_P7.62mm_Horizontal_5',#7240);
#7932=MANIFOLD_SOLID_BREP('D_DO-35_SOD27_P7.62mm_Horizontal_7',#7241);
#7933=MANIFOLD_SOLID_BREP('D_DO-35_SOD27_P7.62mm_Horizontal_2',#7242);
#7934=MANIFOLD_SOLID_BREP('D_DO-35_SOD27_P7.62mm_Horizontal_3',#7243);
#7935=MANIFOLD_SOLID_BREP('D_DO-35_SOD27_P7.62mm_Horizontal_3',#7244);
#7936=SHAPE_DEFINITION_REPRESENTATION(#12844,#7958);
#7937=SHAPE_DEFINITION_REPRESENTATION(#12845,#7959);
#7938=SHAPE_DEFINITION_REPRESENTATION(#12847,#7960);
#7939=SHAPE_DEFINITION_REPRESENTATION(#12849,#7961);
#7940=SHAPE_DEFINITION_REPRESENTATION(#12851,#7962);
#7941=SHAPE_DEFINITION_REPRESENTATION(#12853,#7963);
#7942=SHAPE_DEFINITION_REPRESENTATION(#12855,#7964);
#7943=SHAPE_DEFINITION_REPRESENTATION(#12857,#7965);
#7944=SHAPE_DEFINITION_REPRESENTATION(#12859,#7966);
#7945=SHAPE_DEFINITION_REPRESENTATION(#12861,#7967);
#7946=SHAPE_DEFINITION_REPRESENTATION(#12863,#7968);
#7947=SHAPE_DEFINITION_REPRESENTATION(#12865,#7969);
#7948=SHAPE_DEFINITION_REPRESENTATION(#12867,#7970);
#7949=SHAPE_DEFINITION_REPRESENTATION(#12869,#7971);
#7950=SHAPE_DEFINITION_REPRESENTATION(#12871,#7972);
#7951=SHAPE_DEFINITION_REPRESENTATION(#12873,#7973);
#7952=SHAPE_DEFINITION_REPRESENTATION(#12875,#7974);
#7953=SHAPE_DEFINITION_REPRESENTATION(#12877,#7975);
#7954=SHAPE_DEFINITION_REPRESENTATION(#12879,#7976);
#7955=SHAPE_DEFINITION_REPRESENTATION(#12881,#7977);
#7956=SHAPE_DEFINITION_REPRESENTATION(#12883,#7978);
#7957=SHAPE_DEFINITION_REPRESENTATION(#12885,#7979);
#7958=SHAPE_REPRESENTATION('PCB assembly',(#7980,#7998,#8012,#8026,#8044,
#8336,#8354,#8551,#8565,#8583,#8601,#8627,#8645,#8663,#8677,#8695,#8709,
#8723,#8737,#8751,#8769,#8783),#12797);
#7959=SHAPE_REPRESENTATION('D_DO-35_SOD27_P7.62mm_Horizontal_4',(#7980),
#12798);
#7960=SHAPE_REPRESENTATION('D_DO-35_SOD27_P7.62mm_Horizontal_8',(#7980),
#12799);
#7961=SHAPE_REPRESENTATION('D_DO-35_SOD27_P7.62mm_Horizontal_4',(#7980),
#12800);
#7962=SHAPE_REPRESENTATION('D_DO-35_SOD27_P7.62mm_Horizontal_8',(#7980),
#12801);
#7963=SHAPE_REPRESENTATION('kicad_schematic_PCB',(#7980),#12802);
#7964=SHAPE_REPRESENTATION('D_DO-35_SOD27_P7.62mm_Horizontal_5',(#7980),
#12803);
#7965=SHAPE_REPRESENTATION('PinHeader_1x08_P254mm_Vertical',(#7980),#12804);
#7966=SHAPE_REPRESENTATION('D_DO-35_SOD27_P7.62mm_Horizontal_6',(#7980),
#12805);
#7967=SHAPE_REPRESENTATION('D_DO-35_SOD27_P7.62mm_Horizontal_1',(#7980),
#12806);
#7968=SHAPE_REPRESENTATION('D_DO-35_SOD27_P7.62mm_Horizontal_7',(#7980),
#12807);
#7969=SHAPE_REPRESENTATION('Buzzer_12x95RM76',(#7980),#12808);
#7970=SHAPE_REPRESENTATION('D_DO-35_SOD27_P7.62mm_Horizontal',(#7980),#12809);
#7971=SHAPE_REPRESENTATION('D_DO-35_SOD27_P7.62mm_Horizontal_2',(#7980),
#12810);
#7972=SHAPE_REPRESENTATION('D_DO-35_SOD27_P7.62mm_Horizontal_1',(#7980),
#12811);
#7973=SHAPE_REPRESENTATION('D_DO-35_SOD27_P7.62mm_Horizontal_6',(#7980),
#12812);
#7974=SHAPE_REPRESENTATION('D_DO-35_SOD27_P7.62mm_Horizontal',(#7980),#12813);
#7975=SHAPE_REPRESENTATION('D_DO-35_SOD27_P7.62mm_Horizontal_5',(#7980),
#12814);
#7976=SHAPE_REPRESENTATION('D_DO-35_SOD27_P7.62mm_Horizontal_7',(#7980),
#12815);
#7977=SHAPE_REPRESENTATION('D_DO-35_SOD27_P7.62mm_Horizontal_2',(#7980),
#12816);
#7978=SHAPE_REPRESENTATION('D_DO-35_SOD27_P7.62mm_Horizontal_3',(#7980),
#12817);
#7979=SHAPE_REPRESENTATION('D_DO-35_SOD27_P7.62mm_Horizontal_3',(#7980),
#12818);
#7980=AXIS2_PLACEMENT_3D('',#10878,#8784,#8785);
#7981=AXIS2_PLACEMENT_3D('',#10879,#8786,#8787);
#7982=AXIS2_PLACEMENT_3D('',#10880,#8788,#8789);
#7983=AXIS2_PLACEMENT_3D('',#10882,#8790,#8791);
#7984=AXIS2_PLACEMENT_3D('',#10884,#8792,#8793);
#7985=AXIS2_PLACEMENT_3D('',#10885,#8794,#8795);
#7986=AXIS2_PLACEMENT_3D('',#10887,#8796,#8797);
#7987=AXIS2_PLACEMENT_3D('',#10888,#8798,#8799);
#7988=AXIS2_PLACEMENT_3D('',#10890,#8800,#8801);
#7989=AXIS2_PLACEMENT_3D('',#10891,#8802,#8803);
#7990=AXIS2_PLACEMENT_3D('',#10893,#8804,#8805);
#7991=AXIS2_PLACEMENT_3D('',#10894,#8806,#8807);
#7992=AXIS2_PLACEMENT_3D('',#10896,#8808,#8809);
#7993=AXIS2_PLACEMENT_3D('',#10897,#8810,#8811);
#7994=AXIS2_PLACEMENT_3D('',#10899,#8812,#8813);
#7995=AXIS2_PLACEMENT_3D('',#10900,#8814,#8815);
#7996=AXIS2_PLACEMENT_3D('',#10902,#8816,#8817);
#7997=AXIS2_PLACEMENT_3D('',#10903,#8818,#8819);
#7998=AXIS2_PLACEMENT_3D('',#10904,#8820,#8821);
#7999=AXIS2_PLACEMENT_3D('',#10905,#8822,#8823);
#8000=AXIS2_PLACEMENT_3D('',#10906,#8824,#8825);
#8001=AXIS2_PLACEMENT_3D('',#10908,#8826,#8827);
#8002=AXIS2_PLACEMENT_3D('',#10910,#8828,#8829);
#8003=AXIS2_PLACEMENT_3D('',#10911,#8830,#8831);
#8004=AXIS2_PLACEMENT_3D('',#10913,#8832,#8833);
#8005=AXIS2_PLACEMENT_3D('',#10914,#8834,#8835);
#8006=AXIS2_PLACEMENT_3D('',#10916,#8836,#8837);
#8007=AXIS2_PLACEMENT_3D('',#10917,#8838,#8839);
#8008=AXIS2_PLACEMENT_3D('',#10919,#8840,#8841);
#8009=AXIS2_PLACEMENT_3D('',#10920,#8842,#8843);
#8010=AXIS2_PLACEMENT_3D('',#10922,#8844,#8845);
#8011=AXIS2_PLACEMENT_3D('',#10923,#8846,#8847);
#8012=AXIS2_PLACEMENT_3D('',#10924,#8848,#8849);
#8013=AXIS2_PLACEMENT_3D('',#10925,#8850,#8851);
#8014=AXIS2_PLACEMENT_3D('',#10926,#8852,#8853);
#8015=AXIS2_PLACEMENT_3D('',#10928,#8854,#8855);
#8016=AXIS2_PLACEMENT_3D('',#10930,#8856,#8857);
#8017=AXIS2_PLACEMENT_3D('',#10931,#8858,#8859);
#8018=AXIS2_PLACEMENT_3D('',#10933,#8860,#8861);
#8019=AXIS2_PLACEMENT_3D('',#10934,#8862,#8863);
#8020=AXIS2_PLACEMENT_3D('',#10936,#8864,#8865);
#8021=AXIS2_PLACEMENT_3D('',#10937,#8866,#8867);
#8022=AXIS2_PLACEMENT_3D('',#10939,#8868,#8869);
#8023=AXIS2_PLACEMENT_3D('',#10940,#8870,#8871);
#8024=AXIS2_PLACEMENT_3D('',#10942,#8872,#8873);
#8025=AXIS2_PLACEMENT_3D('',#10943,#8874,#8875);
#8026=AXIS2_PLACEMENT_3D('',#10944,#8876,#8877);
#8027=AXIS2_PLACEMENT_3D('',#10945,#8878,#8879);
#8028=AXIS2_PLACEMENT_3D('',#10946,#8880,#8881);
#8029=AXIS2_PLACEMENT_3D('',#10948,#8882,#8883);
#8030=AXIS2_PLACEMENT_3D('',#10950,#8884,#8885);
#8031=AXIS2_PLACEMENT_3D('',#10951,#8886,#8887);
#8032=AXIS2_PLACEMENT_3D('',#10953,#8888,#8889);
#8033=AXIS2_PLACEMENT_3D('',#10954,#8890,#8891);
#8034=AXIS2_PLACEMENT_3D('',#10956,#8892,#8893);
#8035=AXIS2_PLACEMENT_3D('',#10957,#8894,#8895);
#8036=AXIS2_PLACEMENT_3D('',#10959,#8896,#8897);
#8037=AXIS2_PLACEMENT_3D('',#10960,#8898,#8899);
#8038=AXIS2_PLACEMENT_3D('',#10962,#8900,#8901);
#8039=AXIS2_PLACEMENT_3D('',#10963,#8902,#8903);
#8040=AXIS2_PLACEMENT_3D('',#10965,#8904,#8905);
#8041=AXIS2_PLACEMENT_3D('',#10966,#8906,#8907);
#8042=AXIS2_PLACEMENT_3D('',#10968,#8908,#8909);
#8043=AXIS2_PLACEMENT_3D('',#10969,#8910,#8911);
#8044=AXIS2_PLACEMENT_3D('',#10970,#8912,#8913);
#8045=AXIS2_PLACEMENT_3D('',#10971,#8914,#8915);
#8046=AXIS2_PLACEMENT_3D('',#10975,#8917,#8918);
#8047=AXIS2_PLACEMENT_3D('',#10979,#8920,#8921);
#8048=AXIS2_PLACEMENT_3D('',#10980,#8922,#8923);
#8049=AXIS2_PLACEMENT_3D('',#10986,#8927,#8928);
#8050=AXIS2_PLACEMENT_3D('',#10992,#8932,#8933);
#8051=AXIS2_PLACEMENT_3D('',#10993,#8934,#8935);
#8052=AXIS2_PLACEMENT_3D('',#10997,#8937,#8938);
#8053=AXIS2_PLACEMENT_3D('',#11001,#8940,#8941);
#8054=AXIS2_PLACEMENT_3D('',#11002,#8942,#8943);
#8055=AXIS2_PLACEMENT_3D('',#11004,#8944,#8945);
#8056=AXIS2_PLACEMENT_3D('',#11006,#8946,#8947);
#8057=AXIS2_PLACEMENT_3D('',#11008,#8948,#8949);
#8058=AXIS2_PLACEMENT_3D('',#11010,#8950,#8951);
#8059=AXIS2_PLACEMENT_3D('',#11012,#8952,#8953);
#8060=AXIS2_PLACEMENT_3D('',#11014,#8954,#8955);
#8061=AXIS2_PLACEMENT_3D('',#11016,#8956,#8957);
#8062=AXIS2_PLACEMENT_3D('',#11018,#8958,#8959);
#8063=AXIS2_PLACEMENT_3D('',#11020,#8960,#8961);
#8064=AXIS2_PLACEMENT_3D('',#11022,#8962,#8963);
#8065=AXIS2_PLACEMENT_3D('',#11024,#8964,#8965);
#8066=AXIS2_PLACEMENT_3D('',#11026,#8966,#8967);
#8067=AXIS2_PLACEMENT_3D('',#11028,#8968,#8969);
#8068=AXIS2_PLACEMENT_3D('',#11030,#8970,#8971);
#8069=AXIS2_PLACEMENT_3D('',#11032,#8972,#8973);
#8070=AXIS2_PLACEMENT_3D('',#11034,#8974,#8975);
#8071=AXIS2_PLACEMENT_3D('',#11036,#8976,#8977);
#8072=AXIS2_PLACEMENT_3D('',#11038,#8978,#8979);
#8073=AXIS2_PLACEMENT_3D('',#11040,#8980,#8981);
#8074=AXIS2_PLACEMENT_3D('',#11042,#8982,#8983);
#8075=AXIS2_PLACEMENT_3D('',#11044,#8984,#8985);
#8076=AXIS2_PLACEMENT_3D('',#11046,#8986,#8987);
#8077=AXIS2_PLACEMENT_3D('',#11048,#8988,#8989);
#8078=AXIS2_PLACEMENT_3D('',#11050,#8990,#8991);
#8079=AXIS2_PLACEMENT_3D('',#11052,#8992,#8993);
#8080=AXIS2_PLACEMENT_3D('',#11054,#8994,#8995);
#8081=AXIS2_PLACEMENT_3D('',#11056,#8996,#8997);
#8082=AXIS2_PLACEMENT_3D('',#11058,#8998,#8999);
#8083=AXIS2_PLACEMENT_3D('',#11060,#9000,#9001);
#8084=AXIS2_PLACEMENT_3D('',#11062,#9002,#9003);
#8085=AXIS2_PLACEMENT_3D('',#11064,#9004,#9005);
#8086=AXIS2_PLACEMENT_3D('',#11066,#9006,#9007);
#8087=AXIS2_PLACEMENT_3D('',#11068,#9008,#9009);
#8088=AXIS2_PLACEMENT_3D('',#11070,#9010,#9011);
#8089=AXIS2_PLACEMENT_3D('',#11072,#9012,#9013);
#8090=AXIS2_PLACEMENT_3D('',#11074,#9014,#9015);
#8091=AXIS2_PLACEMENT_3D('',#11076,#9016,#9017);
#8092=AXIS2_PLACEMENT_3D('',#11078,#9018,#9019);
#8093=AXIS2_PLACEMENT_3D('',#11080,#9020,#9021);
#8094=AXIS2_PLACEMENT_3D('',#11082,#9022,#9023);
#8095=AXIS2_PLACEMENT_3D('',#11084,#9024,#9025);
#8096=AXIS2_PLACEMENT_3D('',#11086,#9026,#9027);
#8097=AXIS2_PLACEMENT_3D('',#11088,#9028,#9029);
#8098=AXIS2_PLACEMENT_3D('',#11090,#9030,#9031);
#8099=AXIS2_PLACEMENT_3D('',#11092,#9032,#9033);
#8100=AXIS2_PLACEMENT_3D('',#11094,#9034,#9035);
#8101=AXIS2_PLACEMENT_3D('',#11096,#9036,#9037);
#8102=AXIS2_PLACEMENT_3D('',#11098,#9038,#9039);
#8103=AXIS2_PLACEMENT_3D('',#11100,#9040,#9041);
#8104=AXIS2_PLACEMENT_3D('',#11102,#9042,#9043);
#8105=AXIS2_PLACEMENT_3D('',#11104,#9044,#9045);
#8106=AXIS2_PLACEMENT_3D('',#11106,#9046,#9047);
#8107=AXIS2_PLACEMENT_3D('',#11108,#9048,#9049);
#8108=AXIS2_PLACEMENT_3D('',#11110,#9050,#9051);
#8109=AXIS2_PLACEMENT_3D('',#11112,#9052,#9053);
#8110=AXIS2_PLACEMENT_3D('',#11114,#9054,#9055);
#8111=AXIS2_PLACEMENT_3D('',#11116,#9056,#9057);
#8112=AXIS2_PLACEMENT_3D('',#11118,#9058,#9059);
#8113=AXIS2_PLACEMENT_3D('',#11120,#9060,#9061);
#8114=AXIS2_PLACEMENT_3D('',#11122,#9062,#9063);
#8115=AXIS2_PLACEMENT_3D('',#11124,#9064,#9065);
#8116=AXIS2_PLACEMENT_3D('',#11126,#9066,#9067);
#8117=AXIS2_PLACEMENT_3D('',#11128,#9068,#9069);
#8118=AXIS2_PLACEMENT_3D('',#11130,#9070,#9071);
#8119=AXIS2_PLACEMENT_3D('',#11132,#9072,#9073);
#8120=AXIS2_PLACEMENT_3D('',#11134,#9074,#9075);
#8121=AXIS2_PLACEMENT_3D('',#11136,#9076,#9077);
#8122=AXIS2_PLACEMENT_3D('',#11138,#9078,#9079);
#8123=AXIS2_PLACEMENT_3D('',#11140,#9080,#9081);
#8124=AXIS2_PLACEMENT_3D('',#11142,#9082,#9083);
#8125=AXIS2_PLACEMENT_3D('',#11144,#9084,#9085);
#8126=AXIS2_PLACEMENT_3D('',#11146,#9086,#9087);
#8127=AXIS2_PLACEMENT_3D('',#11148,#9088,#9089);
#8128=AXIS2_PLACEMENT_3D('',#11150,#9090,#9091);
#8129=AXIS2_PLACEMENT_3D('',#11152,#9092,#9093);
#8130=AXIS2_PLACEMENT_3D('',#11154,#9094,#9095);
#8131=AXIS2_PLACEMENT_3D('',#11156,#9096,#9097);
#8132=AXIS2_PLACEMENT_3D('',#11158,#9098,#9099);
#8133=AXIS2_PLACEMENT_3D('',#11160,#9100,#9101);
#8134=AXIS2_PLACEMENT_3D('',#11162,#9102,#9103);
#8135=AXIS2_PLACEMENT_3D('',#11164,#9104,#9105);
#8136=AXIS2_PLACEMENT_3D('',#11166,#9106,#9107);
#8137=AXIS2_PLACEMENT_3D('',#11168,#9108,#9109);
#8138=AXIS2_PLACEMENT_3D('',#11170,#9110,#9111);
#8139=AXIS2_PLACEMENT_3D('',#11172,#9112,#9113);
#8140=AXIS2_PLACEMENT_3D('',#11174,#9114,#9115);
#8141=AXIS2_PLACEMENT_3D('',#11176,#9116,#9117);
#8142=AXIS2_PLACEMENT_3D('',#11178,#9118,#9119);
#8143=AXIS2_PLACEMENT_3D('',#11180,#9120,#9121);
#8144=AXIS2_PLACEMENT_3D('',#11182,#9122,#9123);
#8145=AXIS2_PLACEMENT_3D('',#11184,#9124,#9125);
#8146=AXIS2_PLACEMENT_3D('',#11185,#9126,#9127);
#8147=AXIS2_PLACEMENT_3D('',#11189,#9129,#9130);
#8148=AXIS2_PLACEMENT_3D('',#11193,#9132,#9133);
#8149=AXIS2_PLACEMENT_3D('',#11194,#9134,#9135);
#8150=AXIS2_PLACEMENT_3D('',#11196,#9136,#9137);
#8151=AXIS2_PLACEMENT_3D('',#11198,#9138,#9139);
#8152=AXIS2_PLACEMENT_3D('',#11200,#9140,#9141);
#8153=AXIS2_PLACEMENT_3D('',#11202,#9142,#9143);
#8154=AXIS2_PLACEMENT_3D('',#11204,#9144,#9145);
#8155=AXIS2_PLACEMENT_3D('',#11206,#9146,#9147);
#8156=AXIS2_PLACEMENT_3D('',#11208,#9148,#9149);
#8157=AXIS2_PLACEMENT_3D('',#11210,#9150,#9151);
#8158=AXIS2_PLACEMENT_3D('',#11212,#9152,#9153);
#8159=AXIS2_PLACEMENT_3D('',#11214,#9154,#9155);
#8160=AXIS2_PLACEMENT_3D('',#11216,#9156,#9157);
#8161=AXIS2_PLACEMENT_3D('',#11218,#9158,#9159);
#8162=AXIS2_PLACEMENT_3D('',#11220,#9160,#9161);
#8163=AXIS2_PLACEMENT_3D('',#11222,#9162,#9163);
#8164=AXIS2_PLACEMENT_3D('',#11224,#9164,#9165);
#8165=AXIS2_PLACEMENT_3D('',#11226,#9166,#9167);
#8166=AXIS2_PLACEMENT_3D('',#11228,#9168,#9169);
#8167=AXIS2_PLACEMENT_3D('',#11230,#9170,#9171);
#8168=AXIS2_PLACEMENT_3D('',#11232,#9172,#9173);
#8169=AXIS2_PLACEMENT_3D('',#11234,#9174,#9175);
#8170=AXIS2_PLACEMENT_3D('',#11236,#9176,#9177);
#8171=AXIS2_PLACEMENT_3D('',#11238,#9178,#9179);
#8172=AXIS2_PLACEMENT_3D('',#11240,#9180,#9181);
#8173=AXIS2_PLACEMENT_3D('',#11242,#9182,#9183);
#8174=AXIS2_PLACEMENT_3D('',#11244,#9184,#9185);
#8175=AXIS2_PLACEMENT_3D('',#11246,#9186,#9187);
#8176=AXIS2_PLACEMENT_3D('',#11248,#9188,#9189);
#8177=AXIS2_PLACEMENT_3D('',#11250,#9190,#9191);
#8178=AXIS2_PLACEMENT_3D('',#11252,#9192,#9193);
#8179=AXIS2_PLACEMENT_3D('',#11254,#9194,#9195);
#8180=AXIS2_PLACEMENT_3D('',#11256,#9196,#9197);
#8181=AXIS2_PLACEMENT_3D('',#11258,#9198,#9199);
#8182=AXIS2_PLACEMENT_3D('',#11260,#9200,#9201);
#8183=AXIS2_PLACEMENT_3D('',#11262,#9202,#9203);
#8184=AXIS2_PLACEMENT_3D('',#11264,#9204,#9205);
#8185=AXIS2_PLACEMENT_3D('',#11266,#9206,#9207);
#8186=AXIS2_PLACEMENT_3D('',#11268,#9208,#9209);
#8187=AXIS2_PLACEMENT_3D('',#11270,#9210,#9211);
#8188=AXIS2_PLACEMENT_3D('',#11272,#9212,#9213);
#8189=AXIS2_PLACEMENT_3D('',#11274,#9214,#9215);
#8190=AXIS2_PLACEMENT_3D('',#11276,#9216,#9217);
#8191=AXIS2_PLACEMENT_3D('',#11278,#9218,#9219);
#8192=AXIS2_PLACEMENT_3D('',#11280,#9220,#9221);
#8193=AXIS2_PLACEMENT_3D('',#11282,#9222,#9223);
#8194=AXIS2_PLACEMENT_3D('',#11284,#9224,#9225);
#8195=AXIS2_PLACEMENT_3D('',#11286,#9226,#9227);
#8196=AXIS2_PLACEMENT_3D('',#11288,#9228,#9229);
#8197=AXIS2_PLACEMENT_3D('',#11290,#9230,#9231);
#8198=AXIS2_PLACEMENT_3D('',#11292,#9232,#9233);
#8199=AXIS2_PLACEMENT_3D('',#11294,#9234,#9235);
#8200=AXIS2_PLACEMENT_3D('',#11296,#9236,#9237);
#8201=AXIS2_PLACEMENT_3D('',#11298,#9238,#9239);
#8202=AXIS2_PLACEMENT_3D('',#11300,#9240,#9241);
#8203=AXIS2_PLACEMENT_3D('',#11302,#9242,#9243);
#8204=AXIS2_PLACEMENT_3D('',#11304,#9244,#9245);
#8205=AXIS2_PLACEMENT_3D('',#11306,#9246,#9247);
#8206=AXIS2_PLACEMENT_3D('',#11308,#9248,#9249);
#8207=AXIS2_PLACEMENT_3D('',#11310,#9250,#9251);
#8208=AXIS2_PLACEMENT_3D('',#11312,#9252,#9253);
#8209=AXIS2_PLACEMENT_3D('',#11314,#9254,#9255);
#8210=AXIS2_PLACEMENT_3D('',#11316,#9256,#9257);
#8211=AXIS2_PLACEMENT_3D('',#11318,#9258,#9259);
#8212=AXIS2_PLACEMENT_3D('',#11320,#9260,#9261);
#8213=AXIS2_PLACEMENT_3D('',#11322,#9262,#9263);
#8214=AXIS2_PLACEMENT_3D('',#11324,#9264,#9265);
#8215=AXIS2_PLACEMENT_3D('',#11326,#9266,#9267);
#8216=AXIS2_PLACEMENT_3D('',#11328,#9268,#9269);
#8217=AXIS2_PLACEMENT_3D('',#11330,#9270,#9271);
#8218=AXIS2_PLACEMENT_3D('',#11332,#9272,#9273);
#8219=AXIS2_PLACEMENT_3D('',#11334,#9274,#9275);
#8220=AXIS2_PLACEMENT_3D('',#11336,#9276,#9277);
#8221=AXIS2_PLACEMENT_3D('',#11338,#9278,#9279);
#8222=AXIS2_PLACEMENT_3D('',#11340,#9280,#9281);
#8223=AXIS2_PLACEMENT_3D('',#11342,#9282,#9283);
#8224=AXIS2_PLACEMENT_3D('',#11344,#9284,#9285);
#8225=AXIS2_PLACEMENT_3D('',#11346,#9286,#9287);
#8226=AXIS2_PLACEMENT_3D('',#11348,#9288,#9289);
#8227=AXIS2_PLACEMENT_3D('',#11350,#9290,#9291);
#8228=AXIS2_PLACEMENT_3D('',#11352,#9292,#9293);
#8229=AXIS2_PLACEMENT_3D('',#11354,#9294,#9295);
#8230=AXIS2_PLACEMENT_3D('',#11356,#9296,#9297);
#8231=AXIS2_PLACEMENT_3D('',#11358,#9298,#9299);
#8232=AXIS2_PLACEMENT_3D('',#11360,#9300,#9301);
#8233=AXIS2_PLACEMENT_3D('',#11362,#9302,#9303);
#8234=AXIS2_PLACEMENT_3D('',#11364,#9304,#9305);
#8235=AXIS2_PLACEMENT_3D('',#11366,#9306,#9307);
#8236=AXIS2_PLACEMENT_3D('',#11368,#9308,#9309);
#8237=AXIS2_PLACEMENT_3D('',#11370,#9310,#9311);
#8238=AXIS2_PLACEMENT_3D('',#11372,#9312,#9313);
#8239=AXIS2_PLACEMENT_3D('',#11374,#9314,#9315);
#8240=AXIS2_PLACEMENT_3D('',#11376,#9316,#9317);
#8241=AXIS2_PLACEMENT_3D('',#11378,#9319,#9320);
#8242=AXIS2_PLACEMENT_3D('',#11380,#9322,#9323);
#8243=AXIS2_PLACEMENT_3D('',#11382,#9325,#9326);
#8244=AXIS2_PLACEMENT_3D('',#11384,#9328,#9329);
#8245=AXIS2_PLACEMENT_3D('',#11385,#9330,#9331);
#8246=AXIS2_PLACEMENT_3D('',#11386,#9332,#9333);
#8247=AXIS2_PLACEMENT_3D('',#11387,#9334,#9335);
#8248=AXIS2_PLACEMENT_3D('',#11388,#9336,#9337);
#8249=AXIS2_PLACEMENT_3D('',#11389,#9338,#9339);
#8250=AXIS2_PLACEMENT_3D('',#11390,#9340,#9341);
#8251=AXIS2_PLACEMENT_3D('',#11391,#9342,#9343);
#8252=AXIS2_PLACEMENT_3D('',#11392,#9344,#9345);
#8253=AXIS2_PLACEMENT_3D('',#11393,#9346,#9347);
#8254=AXIS2_PLACEMENT_3D('',#11394,#9348,#9349);
#8255=AXIS2_PLACEMENT_3D('',#11395,#9350,#9351);
#8256=AXIS2_PLACEMENT_3D('',#11396,#9352,#9353);
#8257=AXIS2_PLACEMENT_3D('',#11397,#9354,#9355);
#8258=AXIS2_PLACEMENT_3D('',#11398,#9356,#9357);
#8259=AXIS2_PLACEMENT_3D('',#11399,#9358,#9359);
#8260=AXIS2_PLACEMENT_3D('',#11400,#9360,#9361);
#8261=AXIS2_PLACEMENT_3D('',#11401,#9362,#9363);
#8262=AXIS2_PLACEMENT_3D('',#11402,#9364,#9365);
#8263=AXIS2_PLACEMENT_3D('',#11403,#9366,#9367);
#8264=AXIS2_PLACEMENT_3D('',#11404,#9368,#9369);
#8265=AXIS2_PLACEMENT_3D('',#11405,#9370,#9371);
#8266=AXIS2_PLACEMENT_3D('',#11406,#9372,#9373);
#8267=AXIS2_PLACEMENT_3D('',#11407,#9374,#9375);
#8268=AXIS2_PLACEMENT_3D('',#11408,#9376,#9377);
#8269=AXIS2_PLACEMENT_3D('',#11409,#9378,#9379);
#8270=AXIS2_PLACEMENT_3D('',#11410,#9380,#9381);
#8271=AXIS2_PLACEMENT_3D('',#11411,#9382,#9383);
#8272=AXIS2_PLACEMENT_3D('',#11412,#9384,#9385);
#8273=AXIS2_PLACEMENT_3D('',#11413,#9386,#9387);
#8274=AXIS2_PLACEMENT_3D('',#11414,#9388,#9389);
#8275=AXIS2_PLACEMENT_3D('',#11415,#9390,#9391);
#8276=AXIS2_PLACEMENT_3D('',#11416,#9392,#9393);
#8277=AXIS2_PLACEMENT_3D('',#11417,#9394,#9395);
#8278=AXIS2_PLACEMENT_3D('',#11418,#9396,#9397);
#8279=AXIS2_PLACEMENT_3D('',#11419,#9398,#9399);
#8280=AXIS2_PLACEMENT_3D('',#11420,#9400,#9401);
#8281=AXIS2_PLACEMENT_3D('',#11421,#9402,#9403);
#8282=AXIS2_PLACEMENT_3D('',#11422,#9404,#9405);
#8283=AXIS2_PLACEMENT_3D('',#11423,#9406,#9407);
#8284=AXIS2_PLACEMENT_3D('',#11424,#9408,#9409);
#8285=AXIS2_PLACEMENT_3D('',#11425,#9410,#9411);
#8286=AXIS2_PLACEMENT_3D('',#11426,#9412,#9413);
#8287=AXIS2_PLACEMENT_3D('',#11427,#9414,#9415);
#8288=AXIS2_PLACEMENT_3D('',#11428,#9416,#9417);
#8289=AXIS2_PLACEMENT_3D('',#11429,#9418,#9419);
#8290=AXIS2_PLACEMENT_3D('',#11430,#9420,#9421);
#8291=AXIS2_PLACEMENT_3D('',#11431,#9422,#9423);
#8292=AXIS2_PLACEMENT_3D('',#11432,#9424,#9425);
#8293=AXIS2_PLACEMENT_3D('',#11433,#9426,#9427);
#8294=AXIS2_PLACEMENT_3D('',#11434,#9428,#9429);
#8295=AXIS2_PLACEMENT_3D('',#11435,#9430,#9431);
#8296=AXIS2_PLACEMENT_3D('',#11436,#9432,#9433);
#8297=AXIS2_PLACEMENT_3D('',#11437,#9434,#9435);
#8298=AXIS2_PLACEMENT_3D('',#11438,#9436,#9437);
#8299=AXIS2_PLACEMENT_3D('',#11439,#9438,#9439);
#8300=AXIS2_PLACEMENT_3D('',#11440,#9440,#9441);
#8301=AXIS2_PLACEMENT_3D('',#11441,#9442,#9443);
#8302=AXIS2_PLACEMENT_3D('',#11442,#9444,#9445);
#8303=AXIS2_PLACEMENT_3D('',#11443,#9446,#9447);
#8304=AXIS2_PLACEMENT_3D('',#11444,#9448,#9449);
#8305=AXIS2_PLACEMENT_3D('',#11445,#9450,#9451);
#8306=AXIS2_PLACEMENT_3D('',#11446,#9452,#9453);
#8307=AXIS2_PLACEMENT_3D('',#11447,#9454,#9455);
#8308=AXIS2_PLACEMENT_3D('',#11448,#9456,#9457);
#8309=AXIS2_PLACEMENT_3D('',#11449,#9458,#9459);
#8310=AXIS2_PLACEMENT_3D('',#11450,#9460,#9461);
#8311=AXIS2_PLACEMENT_3D('',#11451,#9462,#9463);
#8312=AXIS2_PLACEMENT_3D('',#11452,#9464,#9465);
#8313=AXIS2_PLACEMENT_3D('',#11453,#9466,#9467);
#8314=AXIS2_PLACEMENT_3D('',#11454,#9468,#9469);
#8315=AXIS2_PLACEMENT_3D('',#11455,#9470,#9471);
#8316=AXIS2_PLACEMENT_3D('',#11456,#9472,#9473);
#8317=AXIS2_PLACEMENT_3D('',#11457,#9474,#9475);
#8318=AXIS2_PLACEMENT_3D('',#11458,#9476,#9477);
#8319=AXIS2_PLACEMENT_3D('',#11459,#9478,#9479);
#8320=AXIS2_PLACEMENT_3D('',#11460,#9480,#9481);
#8321=AXIS2_PLACEMENT_3D('',#11461,#9482,#9483);
#8322=AXIS2_PLACEMENT_3D('',#11462,#9484,#9485);
#8323=AXIS2_PLACEMENT_3D('',#11463,#9486,#9487);
#8324=AXIS2_PLACEMENT_3D('',#11464,#9488,#9489);
#8325=AXIS2_PLACEMENT_3D('',#11465,#9490,#9491);
#8326=AXIS2_PLACEMENT_3D('',#11466,#9492,#9493);
#8327=AXIS2_PLACEMENT_3D('',#11467,#9494,#9495);
#8328=AXIS2_PLACEMENT_3D('',#11468,#9496,#9497);
#8329=AXIS2_PLACEMENT_3D('',#11469,#9498,#9499);
#8330=AXIS2_PLACEMENT_3D('',#11470,#9500,#9501);
#8331=AXIS2_PLACEMENT_3D('',#11471,#9502,#9503);
#8332=AXIS2_PLACEMENT_3D('',#11472,#9504,#9505);
#8333=AXIS2_PLACEMENT_3D('',#11473,#9506,#9507);
#8334=AXIS2_PLACEMENT_3D('',#11474,#9508,#9509);
#8335=AXIS2_PLACEMENT_3D('',#11475,#9510,#9511);
#8336=AXIS2_PLACEMENT_3D('',#11476,#9512,#9513);
#8337=AXIS2_PLACEMENT_3D('',#11477,#9514,#9515);
#8338=AXIS2_PLACEMENT_3D('',#11478,#9516,#9517);
#8339=AXIS2_PLACEMENT_3D('',#11480,#9518,#9519);
#8340=AXIS2_PLACEMENT_3D('',#11482,#9520,#9521);
#8341=AXIS2_PLACEMENT_3D('',#11483,#9522,#9523);
#8342=AXIS2_PLACEMENT_3D('',#11485,#9524,#9525);
#8343=AXIS2_PLACEMENT_3D('',#11486,#9526,#9527);
#8344=AXIS2_PLACEMENT_3D('',#11488,#9528,#9529);
#8345=AXIS2_PLACEMENT_3D('',#11489,#9530,#9531);
#8346=AXIS2_PLACEMENT_3D('',#11491,#9532,#9533);
#8347=AXIS2_PLACEMENT_3D('',#11492,#9534,#9535);
#8348=AXIS2_PLACEMENT_3D('',#11494,#9536,#9537);
#8349=AXIS2_PLACEMENT_3D('',#11495,#9538,#9539);
#8350=AXIS2_PLACEMENT_3D('',#11497,#9540,#9541);
#8351=AXIS2_PLACEMENT_3D('',#11498,#9542,#9543);
#8352=AXIS2_PLACEMENT_3D('',#11500,#9544,#9545);
#8353=AXIS2_PLACEMENT_3D('',#11501,#9546,#9547);
#8354=AXIS2_PLACEMENT_3D('',#11502,#9548,#9549);
#8355=AXIS2_PLACEMENT_3D('',#11503,#9550,#9551);
#8356=AXIS2_PLACEMENT_3D('',#11512,#9556,#9557);
#8357=AXIS2_PLACEMENT_3D('',#11518,#9561,#9562);
#8358=AXIS2_PLACEMENT_3D('',#11524,#9566,#9567);
#8359=AXIS2_PLACEMENT_3D('',#11682,#9647,#9648);
#8360=AXIS2_PLACEMENT_3D('',#11840,#9728,#9729);
#8361=AXIS2_PLACEMENT_3D('',#11842,#9731,#9732);
#8362=AXIS2_PLACEMENT_3D('',#11844,#9734,#9735);
#8363=AXIS2_PLACEMENT_3D('',#11846,#9737,#9738);
#8364=AXIS2_PLACEMENT_3D('',#11848,#9740,#9741);
#8365=AXIS2_PLACEMENT_3D('',#11850,#9743,#9744);
#8366=AXIS2_PLACEMENT_3D('',#11852,#9746,#9747);
#8367=AXIS2_PLACEMENT_3D('',#11854,#9749,#9750);
#8368=AXIS2_PLACEMENT_3D('',#11856,#9752,#9753);
#8369=AXIS2_PLACEMENT_3D('',#11858,#9755,#9756);
#8370=AXIS2_PLACEMENT_3D('',#11860,#9758,#9759);
#8371=AXIS2_PLACEMENT_3D('',#11862,#9761,#9762);
#8372=AXIS2_PLACEMENT_3D('',#11864,#9764,#9765);
#8373=AXIS2_PLACEMENT_3D('',#11866,#9767,#9768);
#8374=AXIS2_PLACEMENT_3D('',#11868,#9770,#9771);
#8375=AXIS2_PLACEMENT_3D('',#11870,#9773,#9774);
#8376=AXIS2_PLACEMENT_3D('',#11872,#9776,#9777);
#8377=AXIS2_PLACEMENT_3D('',#11874,#9779,#9780);
#8378=AXIS2_PLACEMENT_3D('',#11876,#9782,#9783);
#8379=AXIS2_PLACEMENT_3D('',#11878,#9785,#9786);
#8380=AXIS2_PLACEMENT_3D('',#11880,#9788,#9789);
#8381=AXIS2_PLACEMENT_3D('',#11882,#9791,#9792);
#8382=AXIS2_PLACEMENT_3D('',#11884,#9794,#9795);
#8383=AXIS2_PLACEMENT_3D('',#11886,#9797,#9798);
#8384=AXIS2_PLACEMENT_3D('',#11888,#9800,#9801);
#8385=AXIS2_PLACEMENT_3D('',#11890,#9803,#9804);
#8386=AXIS2_PLACEMENT_3D('',#11892,#9806,#9807);
#8387=AXIS2_PLACEMENT_3D('',#11894,#9809,#9810);
#8388=AXIS2_PLACEMENT_3D('',#11896,#9812,#9813);
#8389=AXIS2_PLACEMENT_3D('',#11898,#9815,#9816);
#8390=AXIS2_PLACEMENT_3D('',#11900,#9818,#9819);
#8391=AXIS2_PLACEMENT_3D('',#11902,#9821,#9822);
#8392=AXIS2_PLACEMENT_3D('',#11904,#9824,#9825);
#8393=AXIS2_PLACEMENT_3D('',#11906,#9827,#9828);
#8394=AXIS2_PLACEMENT_3D('',#11908,#9830,#9831);
#8395=AXIS2_PLACEMENT_3D('',#11910,#9833,#9834);
#8396=AXIS2_PLACEMENT_3D('',#11912,#9836,#9837);
#8397=AXIS2_PLACEMENT_3D('',#11914,#9839,#9840);
#8398=AXIS2_PLACEMENT_3D('',#11916,#9842,#9843);
#8399=AXIS2_PLACEMENT_3D('',#11918,#9845,#9846);
#8400=AXIS2_PLACEMENT_3D('',#11920,#9848,#9849);
#8401=AXIS2_PLACEMENT_3D('',#11922,#9851,#9852);
#8402=AXIS2_PLACEMENT_3D('',#11924,#9854,#9855);
#8403=AXIS2_PLACEMENT_3D('',#11926,#9857,#9858);
#8404=AXIS2_PLACEMENT_3D('',#11928,#9860,#9861);
#8405=AXIS2_PLACEMENT_3D('',#11930,#9863,#9864);
#8406=AXIS2_PLACEMENT_3D('',#11932,#9866,#9867);
#8407=AXIS2_PLACEMENT_3D('',#11933,#9868,#9869);
#8408=AXIS2_PLACEMENT_3D('',#11939,#9873,#9874);
#8409=AXIS2_PLACEMENT_3D('',#11943,#9877,#9878);
#8410=AXIS2_PLACEMENT_3D('',#11947,#9881,#9882);
#8411=AXIS2_PLACEMENT_3D('',#11949,#9884,#9885);
#8412=AXIS2_PLACEMENT_3D('',#11955,#9889,#9890);
#8413=AXIS2_PLACEMENT_3D('',#11959,#9893,#9894);
#8414=AXIS2_PLACEMENT_3D('',#11963,#9897,#9898);
#8415=AXIS2_PLACEMENT_3D('',#11965,#9900,#9901);
#8416=AXIS2_PLACEMENT_3D('',#11971,#9905,#9906);
#8417=AXIS2_PLACEMENT_3D('',#11975,#9909,#9910);
#8418=AXIS2_PLACEMENT_3D('',#11979,#9913,#9914);
#8419=AXIS2_PLACEMENT_3D('',#11981,#9916,#9917);
#8420=AXIS2_PLACEMENT_3D('',#11987,#9921,#9922);
#8421=AXIS2_PLACEMENT_3D('',#11991,#9925,#9926);
#8422=AXIS2_PLACEMENT_3D('',#11995,#9929,#9930);
#8423=AXIS2_PLACEMENT_3D('',#11997,#9932,#9933);
#8424=AXIS2_PLACEMENT_3D('',#12003,#9937,#9938);
#8425=AXIS2_PLACEMENT_3D('',#12007,#9941,#9942);
#8426=AXIS2_PLACEMENT_3D('',#12011,#9945,#9946);
#8427=AXIS2_PLACEMENT_3D('',#12013,#9948,#9949);
#8428=AXIS2_PLACEMENT_3D('',#12019,#9953,#9954);
#8429=AXIS2_PLACEMENT_3D('',#12023,#9957,#9958);
#8430=AXIS2_PLACEMENT_3D('',#12027,#9961,#9962);
#8431=AXIS2_PLACEMENT_3D('',#12029,#9964,#9965);
#8432=AXIS2_PLACEMENT_3D('',#12035,#9969,#9970);
#8433=AXIS2_PLACEMENT_3D('',#12039,#9973,#9974);
#8434=AXIS2_PLACEMENT_3D('',#12043,#9977,#9978);
#8435=AXIS2_PLACEMENT_3D('',#12045,#9980,#9981);
#8436=AXIS2_PLACEMENT_3D('',#12051,#9985,#9986);
#8437=AXIS2_PLACEMENT_3D('',#12055,#9989,#9990);
#8438=AXIS2_PLACEMENT_3D('',#12059,#9993,#9994);
#8439=AXIS2_PLACEMENT_3D('',#12061,#9996,#9997);
#8440=AXIS2_PLACEMENT_3D('',#12067,#10001,#10002);
#8441=AXIS2_PLACEMENT_3D('',#12071,#10005,#10006);
#8442=AXIS2_PLACEMENT_3D('',#12075,#10009,#10010);
#8443=AXIS2_PLACEMENT_3D('',#12077,#10012,#10013);
#8444=AXIS2_PLACEMENT_3D('',#12083,#10017,#10018);
#8445=AXIS2_PLACEMENT_3D('',#12087,#10021,#10022);
#8446=AXIS2_PLACEMENT_3D('',#12091,#10025,#10026);
#8447=AXIS2_PLACEMENT_3D('',#12093,#10028,#10029);
#8448=AXIS2_PLACEMENT_3D('',#12099,#10033,#10034);
#8449=AXIS2_PLACEMENT_3D('',#12103,#10037,#10038);
#8450=AXIS2_PLACEMENT_3D('',#12107,#10041,#10042);
#8451=AXIS2_PLACEMENT_3D('',#12109,#10044,#10045);
#8452=AXIS2_PLACEMENT_3D('',#12115,#10049,#10050);
#8453=AXIS2_PLACEMENT_3D('',#12119,#10053,#10054);
#8454=AXIS2_PLACEMENT_3D('',#12123,#10057,#10058);
#8455=AXIS2_PLACEMENT_3D('',#12125,#10060,#10061);
#8456=AXIS2_PLACEMENT_3D('',#12131,#10065,#10066);
#8457=AXIS2_PLACEMENT_3D('',#12135,#10069,#10070);
#8458=AXIS2_PLACEMENT_3D('',#12139,#10073,#10074);
#8459=AXIS2_PLACEMENT_3D('',#12141,#10076,#10077);
#8460=AXIS2_PLACEMENT_3D('',#12147,#10081,#10082);
#8461=AXIS2_PLACEMENT_3D('',#12151,#10085,#10086);
#8462=AXIS2_PLACEMENT_3D('',#12155,#10089,#10090);
#8463=AXIS2_PLACEMENT_3D('',#12157,#10092,#10093);
#8464=AXIS2_PLACEMENT_3D('',#12163,#10097,#10098);
#8465=AXIS2_PLACEMENT_3D('',#12167,#10101,#10102);
#8466=AXIS2_PLACEMENT_3D('',#12171,#10105,#10106);
#8467=AXIS2_PLACEMENT_3D('',#12173,#10108,#10109);
#8468=AXIS2_PLACEMENT_3D('',#12179,#10113,#10114);
#8469=AXIS2_PLACEMENT_3D('',#12183,#10117,#10118);
#8470=AXIS2_PLACEMENT_3D('',#12187,#10121,#10122);
#8471=AXIS2_PLACEMENT_3D('',#12189,#10124,#10125);
#8472=AXIS2_PLACEMENT_3D('',#12195,#10129,#10130);
#8473=AXIS2_PLACEMENT_3D('',#12199,#10133,#10134);
#8474=AXIS2_PLACEMENT_3D('',#12203,#10137,#10138);
#8475=AXIS2_PLACEMENT_3D('',#12205,#10140,#10141);
#8476=AXIS2_PLACEMENT_3D('',#12211,#10145,#10146);
#8477=AXIS2_PLACEMENT_3D('',#12215,#10149,#10150);
#8478=AXIS2_PLACEMENT_3D('',#12219,#10153,#10154);
#8479=AXIS2_PLACEMENT_3D('',#12221,#10156,#10157);
#8480=AXIS2_PLACEMENT_3D('',#12227,#10161,#10162);
#8481=AXIS2_PLACEMENT_3D('',#12231,#10165,#10166);
#8482=AXIS2_PLACEMENT_3D('',#12235,#10169,#10170);
#8483=AXIS2_PLACEMENT_3D('',#12237,#10172,#10173);
#8484=AXIS2_PLACEMENT_3D('',#12243,#10177,#10178);
#8485=AXIS2_PLACEMENT_3D('',#12247,#10181,#10182);
#8486=AXIS2_PLACEMENT_3D('',#12251,#10185,#10186);
#8487=AXIS2_PLACEMENT_3D('',#12253,#10188,#10189);
#8488=AXIS2_PLACEMENT_3D('',#12259,#10193,#10194);
#8489=AXIS2_PLACEMENT_3D('',#12263,#10197,#10198);
#8490=AXIS2_PLACEMENT_3D('',#12267,#10201,#10202);
#8491=AXIS2_PLACEMENT_3D('',#12269,#10204,#10205);
#8492=AXIS2_PLACEMENT_3D('',#12275,#10209,#10210);
#8493=AXIS2_PLACEMENT_3D('',#12279,#10213,#10214);
#8494=AXIS2_PLACEMENT_3D('',#12283,#10217,#10218);
#8495=AXIS2_PLACEMENT_3D('',#12285,#10220,#10221);
#8496=AXIS2_PLACEMENT_3D('',#12291,#10225,#10226);
#8497=AXIS2_PLACEMENT_3D('',#12295,#10229,#10230);
#8498=AXIS2_PLACEMENT_3D('',#12299,#10233,#10234);
#8499=AXIS2_PLACEMENT_3D('',#12301,#10236,#10237);
#8500=AXIS2_PLACEMENT_3D('',#12307,#10241,#10242);
#8501=AXIS2_PLACEMENT_3D('',#12311,#10245,#10246);
#8502=AXIS2_PLACEMENT_3D('',#12315,#10249,#10250);
#8503=AXIS2_PLACEMENT_3D('',#12317,#10252,#10253);
#8504=AXIS2_PLACEMENT_3D('',#12323,#10257,#10258);
#8505=AXIS2_PLACEMENT_3D('',#12327,#10261,#10262);
#8506=AXIS2_PLACEMENT_3D('',#12331,#10265,#10266);
#8507=AXIS2_PLACEMENT_3D('',#12333,#10268,#10269);
#8508=AXIS2_PLACEMENT_3D('',#12339,#10273,#10274);
#8509=AXIS2_PLACEMENT_3D('',#12343,#10277,#10278);
#8510=AXIS2_PLACEMENT_3D('',#12347,#10281,#10282);
#8511=AXIS2_PLACEMENT_3D('',#12349,#10284,#10285);
#8512=AXIS2_PLACEMENT_3D('',#12355,#10289,#10290);
#8513=AXIS2_PLACEMENT_3D('',#12359,#10293,#10294);
#8514=AXIS2_PLACEMENT_3D('',#12363,#10297,#10298);
#8515=AXIS2_PLACEMENT_3D('',#12365,#10300,#10301);
#8516=AXIS2_PLACEMENT_3D('',#12371,#10305,#10306);
#8517=AXIS2_PLACEMENT_3D('',#12375,#10309,#10310);
#8518=AXIS2_PLACEMENT_3D('',#12379,#10313,#10314);
#8519=AXIS2_PLACEMENT_3D('',#12381,#10316,#10317);
#8520=AXIS2_PLACEMENT_3D('',#12387,#10321,#10322);
#8521=AXIS2_PLACEMENT_3D('',#12391,#10325,#10326);
#8522=AXIS2_PLACEMENT_3D('',#12395,#10329,#10330);
#8523=AXIS2_PLACEMENT_3D('',#12397,#10332,#10333);
#8524=AXIS2_PLACEMENT_3D('',#12403,#10337,#10338);
#8525=AXIS2_PLACEMENT_3D('',#12407,#10341,#10342);
#8526=AXIS2_PLACEMENT_3D('',#12411,#10345,#10346);
#8527=AXIS2_PLACEMENT_3D('',#12413,#10348,#10349);
#8528=AXIS2_PLACEMENT_3D('',#12419,#10353,#10354);
#8529=AXIS2_PLACEMENT_3D('',#12423,#10357,#10358);
#8530=AXIS2_PLACEMENT_3D('',#12427,#10361,#10362);
#8531=AXIS2_PLACEMENT_3D('',#12429,#10364,#10365);
#8532=AXIS2_PLACEMENT_3D('',#12435,#10369,#10370);
#8533=AXIS2_PLACEMENT_3D('',#12439,#10373,#10374);
#8534=AXIS2_PLACEMENT_3D('',#12443,#10377,#10378);
#8535=AXIS2_PLACEMENT_3D('',#12445,#10380,#10381);
#8536=AXIS2_PLACEMENT_3D('',#12446,#10382,#10383);
#8537=AXIS2_PLACEMENT_3D('',#12447,#10384,#10385);
#8538=AXIS2_PLACEMENT_3D('',#12448,#10386,#10387);
#8539=AXIS2_PLACEMENT_3D('',#12449,#10388,#10389);
#8540=AXIS2_PLACEMENT_3D('',#12450,#10390,#10391);
#8541=AXIS2_PLACEMENT_3D('',#12451,#10392,#10393);
#8542=AXIS2_PLACEMENT_3D('',#12452,#10394,#10395);
#8543=AXIS2_PLACEMENT_3D('',#12453,#10396,#10397);
#8544=AXIS2_PLACEMENT_3D('',#12454,#10398,#10399);
#8545=AXIS2_PLACEMENT_3D('',#12455,#10400,#10401);
#8546=AXIS2_PLACEMENT_3D('',#12456,#10402,#10403);
#8547=AXIS2_PLACEMENT_3D('',#12457,#10404,#10405);
#8548=AXIS2_PLACEMENT_3D('',#12458,#10406,#10407);
#8549=AXIS2_PLACEMENT_3D('',#12459,#10408,#10409);
#8550=AXIS2_PLACEMENT_3D('',#12460,#10410,#10411);
#8551=AXIS2_PLACEMENT_3D('',#12461,#10412,#10413);
#8552=AXIS2_PLACEMENT_3D('',#12462,#10414,#10415);
#8553=AXIS2_PLACEMENT_3D('',#12463,#10416,#10417);
#8554=AXIS2_PLACEMENT_3D('',#12465,#10418,#10419);
#8555=AXIS2_PLACEMENT_3D('',#12467,#10420,#10421);
#8556=AXIS2_PLACEMENT_3D('',#12468,#10422,#10423);
#8557=AXIS2_PLACEMENT_3D('',#12470,#10424,#10425);
#8558=AXIS2_PLACEMENT_3D('',#12471,#10426,#10427);
#8559=AXIS2_PLACEMENT_3D('',#12473,#10428,#10429);
#8560=AXIS2_PLACEMENT_3D('',#12474,#10430,#10431);
#8561=AXIS2_PLACEMENT_3D('',#12476,#10432,#10433);
#8562=AXIS2_PLACEMENT_3D('',#12477,#10434,#10435);
#8563=AXIS2_PLACEMENT_3D('',#12479,#10436,#10437);
#8564=AXIS2_PLACEMENT_3D('',#12480,#10438,#10439);
#8565=AXIS2_PLACEMENT_3D('',#12481,#10440,#10441);
#8566=AXIS2_PLACEMENT_3D('',#12482,#10442,#10443);
#8567=AXIS2_PLACEMENT_3D('',#12483,#10444,#10445);
#8568=AXIS2_PLACEMENT_3D('',#12485,#10446,#10447);
#8569=AXIS2_PLACEMENT_3D('',#12487,#10448,#10449);
#8570=AXIS2_PLACEMENT_3D('',#12488,#10450,#10451);
#8571=AXIS2_PLACEMENT_3D('',#12490,#10452,#10453);
#8572=AXIS2_PLACEMENT_3D('',#12491,#10454,#10455);
#8573=AXIS2_PLACEMENT_3D('',#12493,#10456,#10457);
#8574=AXIS2_PLACEMENT_3D('',#12494,#10458,#10459);
#8575=AXIS2_PLACEMENT_3D('',#12496,#10460,#10461);
#8576=AXIS2_PLACEMENT_3D('',#12497,#10462,#10463);
#8577=AXIS2_PLACEMENT_3D('',#12499,#10464,#10465);
#8578=AXIS2_PLACEMENT_3D('',#12500,#10466,#10467);
#8579=AXIS2_PLACEMENT_3D('',#12502,#10468,#10469);
#8580=AXIS2_PLACEMENT_3D('',#12503,#10470,#10471);
#8581=AXIS2_PLACEMENT_3D('',#12505,#10472,#10473);
#8582=AXIS2_PLACEMENT_3D('',#12506,#10474,#10475);
#8583=AXIS2_PLACEMENT_3D('',#12507,#10476,#10477);
#8584=AXIS2_PLACEMENT_3D('',#12508,#10478,#10479);
#8585=AXIS2_PLACEMENT_3D('',#12509,#10480,#10481);
#8586=AXIS2_PLACEMENT_3D('',#12511,#10482,#10483);
#8587=AXIS2_PLACEMENT_3D('',#12513,#10484,#10485);
#8588=AXIS2_PLACEMENT_3D('',#12514,#10486,#10487);
#8589=AXIS2_PLACEMENT_3D('',#12516,#10488,#10489);
#8590=AXIS2_PLACEMENT_3D('',#12517,#10490,#10491);
#8591=AXIS2_PLACEMENT_3D('',#12519,#10492,#10493);
#8592=AXIS2_PLACEMENT_3D('',#12520,#10494,#10495);
#8593=AXIS2_PLACEMENT_3D('',#12522,#10496,#10497);
#8594=AXIS2_PLACEMENT_3D('',#12523,#10498,#10499);
#8595=AXIS2_PLACEMENT_3D('',#12525,#10500,#10501);
#8596=AXIS2_PLACEMENT_3D('',#12526,#10502,#10503);
#8597=AXIS2_PLACEMENT_3D('',#12528,#10504,#10505);
#8598=AXIS2_PLACEMENT_3D('',#12529,#10506,#10507);
#8599=AXIS2_PLACEMENT_3D('',#12531,#10508,#10509);
#8600=AXIS2_PLACEMENT_3D('',#12532,#10510,#10511);
#8601=AXIS2_PLACEMENT_3D('',#12533,#10512,#10513);
#8602=AXIS2_PLACEMENT_3D('',#12534,#10514,#10515);
#8603=AXIS2_PLACEMENT_3D('',#12535,#10516,#10517);
#8604=AXIS2_PLACEMENT_3D('',#12537,#10518,#10519);
#8605=AXIS2_PLACEMENT_3D('',#12539,#10520,#10521);
#8606=AXIS2_PLACEMENT_3D('',#12540,#10522,#10523);
#8607=AXIS2_PLACEMENT_3D('',#12542,#10524,#10525);
#8608=AXIS2_PLACEMENT_3D('',#12543,#10526,#10527);
#8609=AXIS2_PLACEMENT_3D('',#12545,#10528,#10529);
#8610=AXIS2_PLACEMENT_3D('',#12546,#10530,#10531);
#8611=AXIS2_PLACEMENT_3D('',#12548,#10532,#10533);
#8612=AXIS2_PLACEMENT_3D('',#12550,#10534,#10535);
#8613=AXIS2_PLACEMENT_3D('',#12551,#10536,#10537);
#8614=AXIS2_PLACEMENT_3D('',#12553,#10538,#10539);
#8615=AXIS2_PLACEMENT_3D('',#12554,#10540,#10541);
#8616=AXIS2_PLACEMENT_3D('',#12556,#10542,#10543);
#8617=AXIS2_PLACEMENT_3D('',#12557,#10544,#10545);
#8618=AXIS2_PLACEMENT_3D('',#12559,#10546,#10547);
#8619=AXIS2_PLACEMENT_3D('',#12560,#10548,#10549);
#8620=AXIS2_PLACEMENT_3D('',#12562,#10550,#10551);
#8621=AXIS2_PLACEMENT_3D('',#12563,#10552,#10553);
#8622=AXIS2_PLACEMENT_3D('',#12565,#10554,#10555);
#8623=AXIS2_PLACEMENT_3D('',#12566,#10556,#10557);
#8624=AXIS2_PLACEMENT_3D('',#12568,#10558,#10559);
#8625=AXIS2_PLACEMENT_3D('',#12569,#10560,#10561);
#8626=AXIS2_PLACEMENT_3D('',#12570,#10562,#10563);
#8627=AXIS2_PLACEMENT_3D('',#12571,#10564,#10565);
#8628=AXIS2_PLACEMENT_3D('',#12572,#10566,#10567);
#8629=AXIS2_PLACEMENT_3D('',#12573,#10568,#10569);
#8630=AXIS2_PLACEMENT_3D('',#12575,#10570,#10571);
#8631=AXIS2_PLACEMENT_3D('',#12577,#10572,#10573);
#8632=AXIS2_PLACEMENT_3D('',#12578,#10574,#10575);
#8633=AXIS2_PLACEMENT_3D('',#12580,#10576,#10577);
#8634=AXIS2_PLACEMENT_3D('',#12581,#10578,#10579);
#8635=AXIS2_PLACEMENT_3D('',#12583,#10580,#10581);
#8636=AXIS2_PLACEMENT_3D('',#12584,#10582,#10583);
#8637=AXIS2_PLACEMENT_3D('',#12586,#10584,#10585);
#8638=AXIS2_PLACEMENT_3D('',#12587,#10586,#10587);
#8639=AXIS2_PLACEMENT_3D('',#12589,#10588,#10589);
#8640=AXIS2_PLACEMENT_3D('',#12590,#10590,#10591);
#8641=AXIS2_PLACEMENT_3D('',#12592,#10592,#10593);
#8642=AXIS2_PLACEMENT_3D('',#12593,#10594,#10595);
#8643=AXIS2_PLACEMENT_3D('',#12595,#10596,#10597);
#8644=AXIS2_PLACEMENT_3D('',#12596,#10598,#10599);
#8645=AXIS2_PLACEMENT_3D('',#12597,#10600,#10601);
#8646=AXIS2_PLACEMENT_3D('',#12598,#10602,#10603);
#8647=AXIS2_PLACEMENT_3D('',#12599,#10604,#10605);
#8648=AXIS2_PLACEMENT_3D('',#12601,#10606,#10607);
#8649=AXIS2_PLACEMENT_3D('',#12603,#10608,#10609);
#8650=AXIS2_PLACEMENT_3D('',#12604,#10610,#10611);
#8651=AXIS2_PLACEMENT_3D('',#12606,#10612,#10613);
#8652=AXIS2_PLACEMENT_3D('',#12607,#10614,#10615);
#8653=AXIS2_PLACEMENT_3D('',#12609,#10616,#10617);
#8654=AXIS2_PLACEMENT_3D('',#12610,#10618,#10619);
#8655=AXIS2_PLACEMENT_3D('',#12612,#10620,#10621);
#8656=AXIS2_PLACEMENT_3D('',#12613,#10622,#10623);
#8657=AXIS2_PLACEMENT_3D('',#12615,#10624,#10625);
#8658=AXIS2_PLACEMENT_3D('',#12616,#10626,#10627);
#8659=AXIS2_PLACEMENT_3D('',#12618,#10628,#10629);
#8660=AXIS2_PLACEMENT_3D('',#12619,#10630,#10631);
#8661=AXIS2_PLACEMENT_3D('',#12621,#10632,#10633);
#8662=AXIS2_PLACEMENT_3D('',#12622,#10634,#10635);
#8663=AXIS2_PLACEMENT_3D('',#12623,#10636,#10637);
#8664=AXIS2_PLACEMENT_3D('',#12624,#10638,#10639);
#8665=AXIS2_PLACEMENT_3D('',#12625,#10640,#10641);
#8666=AXIS2_PLACEMENT_3D('',#12627,#10642,#10643);
#8667=AXIS2_PLACEMENT_3D('',#12629,#10644,#10645);
#8668=AXIS2_PLACEMENT_3D('',#12630,#10646,#10647);
#8669=AXIS2_PLACEMENT_3D('',#12632,#10648,#10649);
#8670=AXIS2_PLACEMENT_3D('',#12633,#10650,#10651);
#8671=AXIS2_PLACEMENT_3D('',#12635,#10652,#10653);
#8672=AXIS2_PLACEMENT_3D('',#12636,#10654,#10655);
#8673=AXIS2_PLACEMENT_3D('',#12638,#10656,#10657);
#8674=AXIS2_PLACEMENT_3D('',#12639,#10658,#10659);
#8675=AXIS2_PLACEMENT_3D('',#12641,#10660,#10661);
#8676=AXIS2_PLACEMENT_3D('',#12642,#10662,#10663);
#8677=AXIS2_PLACEMENT_3D('',#12643,#10664,#10665);
#8678=AXIS2_PLACEMENT_3D('',#12644,#10666,#10667);
#8679=AXIS2_PLACEMENT_3D('',#12645,#10668,#10669);
#8680=AXIS2_PLACEMENT_3D('',#12647,#10670,#10671);
#8681=AXIS2_PLACEMENT_3D('',#12649,#10672,#10673);
#8682=AXIS2_PLACEMENT_3D('',#12650,#10674,#10675);
#8683=AXIS2_PLACEMENT_3D('',#12652,#10676,#10677);
#8684=AXIS2_PLACEMENT_3D('',#12653,#10678,#10679);
#8685=AXIS2_PLACEMENT_3D('',#12655,#10680,#10681);
#8686=AXIS2_PLACEMENT_3D('',#12656,#10682,#10683);
#8687=AXIS2_PLACEMENT_3D('',#12658,#10684,#10685);
#8688=AXIS2_PLACEMENT_3D('',#12659,#10686,#10687);
#8689=AXIS2_PLACEMENT_3D('',#12661,#10688,#10689);
#8690=AXIS2_PLACEMENT_3D('',#12662,#10690,#10691);
#8691=AXIS2_PLACEMENT_3D('',#12664,#10692,#10693);
#8692=AXIS2_PLACEMENT_3D('',#12665,#10694,#10695);
#8693=AXIS2_PLACEMENT_3D('',#12667,#10696,#10697);
#8694=AXIS2_PLACEMENT_3D('',#12668,#10698,#10699);
#8695=AXIS2_PLACEMENT_3D('',#12669,#10700,#10701);
#8696=AXIS2_PLACEMENT_3D('',#12670,#10702,#10703);
#8697=AXIS2_PLACEMENT_3D('',#12671,#10704,#10705);
#8698=AXIS2_PLACEMENT_3D('',#12673,#10706,#10707);
#8699=AXIS2_PLACEMENT_3D('',#12675,#10708,#10709);
#8700=AXIS2_PLACEMENT_3D('',#12676,#10710,#10711);
#8701=AXIS2_PLACEMENT_3D('',#12678,#10712,#10713);
#8702=AXIS2_PLACEMENT_3D('',#12679,#10714,#10715);
#8703=AXIS2_PLACEMENT_3D('',#12681,#10716,#10717);
#8704=AXIS2_PLACEMENT_3D('',#12682,#10718,#10719);
#8705=AXIS2_PLACEMENT_3D('',#12684,#10720,#10721);
#8706=AXIS2_PLACEMENT_3D('',#12685,#10722,#10723);
#8707=AXIS2_PLACEMENT_3D('',#12687,#10724,#10725);
#8708=AXIS2_PLACEMENT_3D('',#12688,#10726,#10727);
#8709=AXIS2_PLACEMENT_3D('',#12689,#10728,#10729);
#8710=AXIS2_PLACEMENT_3D('',#12690,#10730,#10731);
#8711=AXIS2_PLACEMENT_3D('',#12691,#10732,#10733);
#8712=AXIS2_PLACEMENT_3D('',#12693,#10734,#10735);
#8713=AXIS2_PLACEMENT_3D('',#12695,#10736,#10737);
#8714=AXIS2_PLACEMENT_3D('',#12696,#10738,#10739);
#8715=AXIS2_PLACEMENT_3D('',#12698,#10740,#10741);
#8716=AXIS2_PLACEMENT_3D('',#12699,#10742,#10743);
#8717=AXIS2_PLACEMENT_3D('',#12701,#10744,#10745);
#8718=AXIS2_PLACEMENT_3D('',#12702,#10746,#10747);
#8719=AXIS2_PLACEMENT_3D('',#12704,#10748,#10749);
#8720=AXIS2_PLACEMENT_3D('',#12705,#10750,#10751);
#8721=AXIS2_PLACEMENT_3D('',#12707,#10752,#10753);
#8722=AXIS2_PLACEMENT_3D('',#12708,#10754,#10755);
#8723=AXIS2_PLACEMENT_3D('',#12709,#10756,#10757);
#8724=AXIS2_PLACEMENT_3D('',#12710,#10758,#10759);
#8725=AXIS2_PLACEMENT_3D('',#12711,#10760,#10761);
#8726=AXIS2_PLACEMENT_3D('',#12713,#10762,#10763);
#8727=AXIS2_PLACEMENT_3D('',#12715,#10764,#10765);
#8728=AXIS2_PLACEMENT_3D('',#12716,#10766,#10767);
#8729=AXIS2_PLACEMENT_3D('',#12718,#10768,#10769);
#8730=AXIS2_PLACEMENT_3D('',#12719,#10770,#10771);
#8731=AXIS2_PLACEMENT_3D('',#12721,#10772,#10773);
#8732=AXIS2_PLACEMENT_3D('',#12722,#10774,#10775);
#8733=AXIS2_PLACEMENT_3D('',#12724,#10776,#10777);
#8734=AXIS2_PLACEMENT_3D('',#12725,#10778,#10779);
#8735=AXIS2_PLACEMENT_3D('',#12727,#10780,#10781);
#8736=AXIS2_PLACEMENT_3D('',#12728,#10782,#10783);
#8737=AXIS2_PLACEMENT_3D('',#12729,#10784,#10785);
#8738=AXIS2_PLACEMENT_3D('',#12730,#10786,#10787);
#8739=AXIS2_PLACEMENT_3D('',#12731,#10788,#10789);
#8740=AXIS2_PLACEMENT_3D('',#12733,#10790,#10791);
#8741=AXIS2_PLACEMENT_3D('',#12735,#10792,#10793);
#8742=AXIS2_PLACEMENT_3D('',#12736,#10794,#10795);
#8743=AXIS2_PLACEMENT_3D('',#12738,#10796,#10797);
#8744=AXIS2_PLACEMENT_3D('',#12739,#10798,#10799);
#8745=AXIS2_PLACEMENT_3D('',#12741,#10800,#10801);
#8746=AXIS2_PLACEMENT_3D('',#12742,#10802,#10803);
#8747=AXIS2_PLACEMENT_3D('',#12744,#10804,#10805);
#8748=AXIS2_PLACEMENT_3D('',#12745,#10806,#10807);
#8749=AXIS2_PLACEMENT_3D('',#12747,#10808,#10809);
#8750=AXIS2_PLACEMENT_3D('',#12748,#10810,#10811);
#8751=AXIS2_PLACEMENT_3D('',#12749,#10812,#10813);
#8752=AXIS2_PLACEMENT_3D('',#12750,#10814,#10815);
#8753=AXIS2_PLACEMENT_3D('',#12751,#10816,#10817);
#8754=AXIS2_PLACEMENT_3D('',#12753,#10818,#10819);
#8755=AXIS2_PLACEMENT_3D('',#12755,#10820,#10821);
#8756=AXIS2_PLACEMENT_3D('',#12756,#10822,#10823);
#8757=AXIS2_PLACEMENT_3D('',#12758,#10824,#10825);
#8758=AXIS2_PLACEMENT_3D('',#12759,#10826,#10827);
#8759=AXIS2_PLACEMENT_3D('',#12761,#10828,#10829);
#8760=AXIS2_PLACEMENT_3D('',#12762,#10830,#10831);
#8761=AXIS2_PLACEMENT_3D('',#12764,#10832,#10833);
#8762=AXIS2_PLACEMENT_3D('',#12765,#10834,#10835);
#8763=AXIS2_PLACEMENT_3D('',#12767,#10836,#10837);
#8764=AXIS2_PLACEMENT_3D('',#12768,#10838,#10839);
#8765=AXIS2_PLACEMENT_3D('',#12770,#10840,#10841);
#8766=AXIS2_PLACEMENT_3D('',#12771,#10842,#10843);
#8767=AXIS2_PLACEMENT_3D('',#12773,#10844,#10845);
#8768=AXIS2_PLACEMENT_3D('',#12774,#10846,#10847);
#8769=AXIS2_PLACEMENT_3D('',#12775,#10848,#10849);
#8770=AXIS2_PLACEMENT_3D('',#12776,#10850,#10851);
#8771=AXIS2_PLACEMENT_3D('',#12777,#10852,#10853);
#8772=AXIS2_PLACEMENT_3D('',#12779,#10854,#10855);
#8773=AXIS2_PLACEMENT_3D('',#12781,#10856,#10857);
#8774=AXIS2_PLACEMENT_3D('',#12782,#10858,#10859);
#8775=AXIS2_PLACEMENT_3D('',#12784,#10860,#10861);
#8776=AXIS2_PLACEMENT_3D('',#12785,#10862,#10863);
#8777=AXIS2_PLACEMENT_3D('',#12787,#10864,#10865);
#8778=AXIS2_PLACEMENT_3D('',#12788,#10866,#10867);
#8779=AXIS2_PLACEMENT_3D('',#12790,#10868,#10869);
#8780=AXIS2_PLACEMENT_3D('',#12791,#10870,#10871);
#8781=AXIS2_PLACEMENT_3D('',#12793,#10872,#10873);
#8782=AXIS2_PLACEMENT_3D('',#12794,#10874,#10875);
#8783=AXIS2_PLACEMENT_3D('',#12795,#10876,#10877);
#8784=DIRECTION('',(0.,0.,1.));
#8785=DIRECTION('',(1.,0.,0.));
#8786=DIRECTION('',(1.,0.,0.));
#8787=DIRECTION('',(0.,9.92044604925E-16,1.));
#8788=DIRECTION('',(1.,0.,0.));
#8789=DIRECTION('',(0.,0.,-1.));
#8790=DIRECTION('',(1.,0.,0.));
#8791=DIRECTION('',(0.,0.,-1.));
#8792=DIRECTION('',(1.,0.,0.));
#8793=DIRECTION('',(0.,1.002044604925E-15,1.));
#8794=DIRECTION('',(1.,0.,0.));
#8795=DIRECTION('',(0.,0.,-1.));
#8796=DIRECTION('',(1.,0.,0.));
#8797=DIRECTION('',(0.,9.92044604925E-16,1.));
#8798=DIRECTION('',(1.,0.,0.));
#8799=DIRECTION('',(0.,0.,-1.));
#8800=DIRECTION('',(1.,0.,0.));
#8801=DIRECTION('',(0.,1.002044604925E-15,1.));
#8802=DIRECTION('',(1.,0.,0.));
#8803=DIRECTION('',(0.,0.,-1.));
#8804=DIRECTION('',(1.,0.,0.));
#8805=DIRECTION('',(0.,1.002044604925E-15,1.));
#8806=DIRECTION('',(-1.,0.,0.));
#8807=DIRECTION('',(0.,0.,1.));
#8808=DIRECTION('',(-1.,0.,0.));
#8809=DIRECTION('',(0.,1.002044604925E-15,1.));
#8810=DIRECTION('',(-1.,0.,0.));
#8811=DIRECTION('',(0.,0.,1.));
#8812=DIRECTION('',(-1.,0.,0.));
#8813=DIRECTION('',(0.,1.002044604925E-15,1.));
#8814=DIRECTION('',(-1.,0.,0.));
#8815=DIRECTION('',(0.,0.,1.));
#8816=DIRECTION('',(1.,0.,0.));
#8817=DIRECTION('',(0.,1.002044604925E-15,1.));
#8818=DIRECTION('',(1.,0.,0.));
#8819=DIRECTION('',(0.,1.002044604925E-15,1.));
#8820=DIRECTION('',(0.,0.,1.));
#8821=DIRECTION('',(1.,0.,0.));
#8822=DIRECTION('',(0.,2.2E-16,1.));
#8823=DIRECTION('',(1.,0.,0.));
#8824=DIRECTION('',(1.22464679914735E-16,-2.2E-16,-1.));
#8825=DIRECTION('',(0.,1.,-2.2E-16));
#8826=DIRECTION('',(0.,2.2E-16,1.));
#8827=DIRECTION('',(0.,-1.,2.2E-16));
#8828=DIRECTION('',(0.,1.,-2.2E-16));
#8829=DIRECTION('',(1.,0.,0.));
#8830=DIRECTION('',(-1.,-4.04133443718627E-32,-1.83697019872103E-16));
#8831=DIRECTION('',(-1.83697019872103E-16,0.,1.));
#8832=DIRECTION('',(1.,0.,0.));
#8833=DIRECTION('',(0.,-2.2E-16,-1.));
#8834=DIRECTION('',(-1.,-4.04133443718627E-32,-1.83697019872103E-16));
#8835=DIRECTION('',(-1.83697019872103E-16,0.,1.));
#8836=DIRECTION('',(0.,1.,-2.2E-16));
#8837=DIRECTION('',(1.,0.,0.));
#8838=DIRECTION('',(0.,2.2E-16,1.));
#8839=DIRECTION('',(0.,-1.,2.2E-16));
#8840=DIRECTION('',(0.,-2.2E-16,-1.));
#8841=DIRECTION('',(-1.,0.,0.));
#8842=DIRECTION('',(0.,-2.2E-16,-1.));
#8843=DIRECTION('',(0.,1.,-2.2E-16));
#8844=DIRECTION('',(0.,0.,-1.));
#8845=DIRECTION('',(-1.,0.,0.));
#8846=DIRECTION('',(0.,0.,1.));
#8847=DIRECTION('',(1.,0.,0.));
#8848=DIRECTION('',(0.,0.,1.));
#8849=DIRECTION('',(1.,0.,0.));
#8850=DIRECTION('',(0.,2.2E-16,1.));
#8851=DIRECTION('',(1.,0.,0.));
#8852=DIRECTION('',(1.22464679914735E-16,-2.2E-16,-1.));
#8853=DIRECTION('',(0.,1.,-2.2E-16));
#8854=DIRECTION('',(0.,2.2E-16,1.));
#8855=DIRECTION('',(0.,-1.,2.2E-16));
#8856=DIRECTION('',(0.,1.,-2.2E-16));
#8857=DIRECTION('',(1.,0.,0.));
#8858=DIRECTION('',(-1.,-4.04133443718627E-32,-1.83697019872103E-16));
#8859=DIRECTION('',(-1.83697019872103E-16,0.,1.));
#8860=DIRECTION('',(1.,0.,0.));
#8861=DIRECTION('',(0.,-2.2E-16,-1.));
#8862=DIRECTION('',(-1.,-4.04133443718627E-32,-1.83697019872103E-16));
#8863=DIRECTION('',(-1.83697019872103E-16,0.,1.));
#8864=DIRECTION('',(0.,1.,-2.2E-16));
#8865=DIRECTION('',(1.,0.,0.));
#8866=DIRECTION('',(0.,2.2E-16,1.));
#8867=DIRECTION('',(0.,-1.,2.2E-16));
#8868=DIRECTION('',(0.,-2.2E-16,-1.));
#8869=DIRECTION('',(-1.,0.,0.));
#8870=DIRECTION('',(0.,-2.2E-16,-1.));
#8871=DIRECTION('',(0.,1.,-2.2E-16));
#8872=DIRECTION('',(0.,0.,-1.));
#8873=DIRECTION('',(-1.,0.,0.));
#8874=DIRECTION('',(0.,0.,1.));
#8875=DIRECTION('',(1.,0.,0.));
#8876=DIRECTION('',(0.,0.,1.));
#8877=DIRECTION('',(1.,0.,0.));
#8878=DIRECTION('',(1.,0.,0.));
#8879=DIRECTION('',(0.,9.92044604925E-16,1.));
#8880=DIRECTION('',(1.,0.,0.));
#8881=DIRECTION('',(0.,0.,-1.));
#8882=DIRECTION('',(1.,0.,0.));
#8883=DIRECTION('',(0.,0.,-1.));
#8884=DIRECTION('',(1.,0.,0.));
#8885=DIRECTION('',(0.,1.002044604925E-15,1.));
#8886=DIRECTION('',(1.,0.,0.));
#8887=DIRECTION('',(0.,0.,-1.));
#8888=DIRECTION('',(1.,0.,0.));
#8889=DIRECTION('',(0.,9.92044604925E-16,1.));
#8890=DIRECTION('',(1.,0.,0.));
#8891=DIRECTION('',(0.,0.,-1.));
#8892=DIRECTION('',(1.,0.,0.));
#8893=DIRECTION('',(0.,1.002044604925E-15,1.));
#8894=DIRECTION('',(1.,0.,0.));
#8895=DIRECTION('',(0.,0.,-1.));
#8896=DIRECTION('',(1.,0.,0.));
#8897=DIRECTION('',(0.,1.002044604925E-15,1.));
#8898=DIRECTION('',(-1.,0.,0.));
#8899=DIRECTION('',(0.,0.,1.));
#8900=DIRECTION('',(-1.,0.,0.));
#8901=DIRECTION('',(0.,1.002044604925E-15,1.));
#8902=DIRECTION('',(-1.,0.,0.));
#8903=DIRECTION('',(0.,0.,1.));
#8904=DIRECTION('',(-1.,0.,0.));
#8905=DIRECTION('',(0.,1.002044604925E-15,1.));
#8906=DIRECTION('',(-1.,0.,0.));
#8907=DIRECTION('',(0.,0.,1.));
#8908=DIRECTION('',(1.,0.,0.));
#8909=DIRECTION('',(0.,1.002044604925E-15,1.));
#8910=DIRECTION('',(1.,0.,0.));
#8911=DIRECTION('',(0.,1.002044604925E-15,1.));
#8912=DIRECTION('',(0.,0.,1.));
#8913=DIRECTION('',(1.,0.,0.));
#8914=DIRECTION('',(0.,0.,-1.));
#8915=DIRECTION('',(-6.42331427561399E-8,1.,0.));
#8916=DIRECTION('',(0.,0.,-1.));
#8917=DIRECTION('',(0.,0.,-1.));
#8918=DIRECTION('',(-1.,0.,0.));
#8919=DIRECTION('',(0.,0.,-1.));
#8920=DIRECTION('',(0.,0.,-1.));
#8921=DIRECTION('',(-1.,0.,0.));
#8922=DIRECTION('',(0.,1.,0.));
#8923=DIRECTION('',(1.,0.,0.));
#8924=DIRECTION('',(0.,0.,-1.));
#8925=DIRECTION('',(1.,0.,0.));
#8926=DIRECTION('',(1.,0.,0.));
#8927=DIRECTION('',(1.,0.,0.));
#8928=DIRECTION('',(0.,-1.,0.));
#8929=DIRECTION('',(0.,-1.,0.));
#8930=DIRECTION('',(0.,0.,-1.));
#8931=DIRECTION('',(0.,1.,0.));
#8932=DIRECTION('',(0.,0.,1.));
#8933=DIRECTION('',(1.,0.,0.));
#8934=DIRECTION('',(0.,0.,-1.));
#8935=DIRECTION('',(-1.,0.,0.));
#8936=DIRECTION('',(1.,0.,0.));
#8937=DIRECTION('',(0.,0.,-1.));
#8938=DIRECTION('',(-1.,0.,0.));
#8939=DIRECTION('',(0.,1.,0.));
#8940=DIRECTION('',(0.,0.,-1.));
#8941=DIRECTION('',(-1.,0.,0.));
#8942=DIRECTION('',(0.,0.,-1.));
#8943=DIRECTION('',(-1.,0.,0.));
#8944=DIRECTION('',(0.,0.,-1.));
#8945=DIRECTION('',(-1.,0.,0.));
#8946=DIRECTION('',(0.,0.,-1.));
#8947=DIRECTION('',(-1.,0.,0.));
#8948=DIRECTION('',(0.,0.,-1.));
#8949=DIRECTION('',(-1.,0.,0.));
#8950=DIRECTION('',(0.,0.,-1.));
#8951=DIRECTION('',(-1.,0.,0.));
#8952=DIRECTION('',(0.,0.,-1.));
#8953=DIRECTION('',(-1.,0.,0.));
#8954=DIRECTION('',(0.,0.,-1.));
#8955=DIRECTION('',(-1.,0.,0.));
#8956=DIRECTION('',(0.,0.,-1.));
#8957=DIRECTION('',(-1.,0.,0.));
#8958=DIRECTION('',(0.,0.,-1.));
#8959=DIRECTION('',(-1.,0.,0.));
#8960=DIRECTION('',(0.,0.,-1.));
#8961=DIRECTION('',(-1.,0.,0.));
#8962=DIRECTION('',(0.,0.,-1.));
#8963=DIRECTION('',(-1.,0.,0.));
#8964=DIRECTION('',(0.,0.,-1.));
#8965=DIRECTION('',(-1.,0.,0.));
#8966=DIRECTION('',(0.,0.,-1.));
#8967=DIRECTION('',(-1.,0.,0.));
#8968=DIRECTION('',(0.,0.,-1.));
#8969=DIRECTION('',(-1.,0.,0.));
#8970=DIRECTION('',(0.,0.,-1.));
#8971=DIRECTION('',(-1.,0.,0.));
#8972=DIRECTION('',(0.,0.,-1.));
#8973=DIRECTION('',(-1.,0.,0.));
#8974=DIRECTION('',(0.,0.,-1.));
#8975=DIRECTION('',(-1.,0.,0.));
#8976=DIRECTION('',(0.,0.,-1.));
#8977=DIRECTION('',(-1.,0.,0.));
#8978=DIRECTION('',(0.,0.,-1.));
#8979=DIRECTION('',(-1.,0.,0.));
#8980=DIRECTION('',(0.,0.,-1.));
#8981=DIRECTION('',(-1.,0.,0.));
#8982=DIRECTION('',(0.,0.,-1.));
#8983=DIRECTION('',(-1.,0.,0.));
#8984=DIRECTION('',(0.,0.,-1.));
#8985=DIRECTION('',(-1.,0.,0.));
#8986=DIRECTION('',(0.,0.,-1.));
#8987=DIRECTION('',(-1.,0.,0.));
#8988=DIRECTION('',(0.,0.,-1.));
#8989=DIRECTION('',(-1.,0.,0.));
#8990=DIRECTION('',(0.,0.,-1.));
#8991=DIRECTION('',(-1.,0.,0.));
#8992=DIRECTION('',(0.,0.,-1.));
#8993=DIRECTION('',(-1.,0.,0.));
#8994=DIRECTION('',(0.,0.,-1.));
#8995=DIRECTION('',(-1.,0.,0.));
#8996=DIRECTION('',(0.,0.,-1.));
#8997=DIRECTION('',(-1.,0.,0.));
#8998=DIRECTION('',(0.,0.,-1.));
#8999=DIRECTION('',(-1.,0.,0.));
#9000=DIRECTION('',(0.,0.,-1.));
#9001=DIRECTION('',(-1.,0.,0.));
#9002=DIRECTION('',(0.,0.,-1.));
#9003=DIRECTION('',(-1.,0.,0.));
#9004=DIRECTION('',(0.,0.,-1.));
#9005=DIRECTION('',(-1.,0.,0.));
#9006=DIRECTION('',(0.,0.,-1.));
#9007=DIRECTION('',(-1.,0.,0.));
#9008=DIRECTION('',(0.,0.,-1.));
#9009=DIRECTION('',(-1.,0.,0.));
#9010=DIRECTION('',(0.,0.,-1.));
#9011=DIRECTION('',(-1.,0.,0.));
#9012=DIRECTION('',(0.,0.,-1.));
#9013=DIRECTION('',(-1.,0.,0.));
#9014=DIRECTION('',(0.,0.,-1.));
#9015=DIRECTION('',(-1.,0.,0.));
#9016=DIRECTION('',(0.,0.,-1.));
#9017=DIRECTION('',(-1.,0.,0.));
#9018=DIRECTION('',(0.,0.,-1.));
#9019=DIRECTION('',(-1.,0.,0.));
#9020=DIRECTION('',(0.,0.,-1.));
#9021=DIRECTION('',(-1.,0.,0.));
#9022=DIRECTION('',(0.,0.,-1.));
#9023=DIRECTION('',(-1.,0.,0.));
#9024=DIRECTION('',(0.,0.,-1.));
#9025=DIRECTION('',(-1.,0.,0.));
#9026=DIRECTION('',(0.,0.,-1.));
#9027=DIRECTION('',(-1.,0.,0.));
#9028=DIRECTION('',(0.,0.,-1.));
#9029=DIRECTION('',(-1.,0.,0.));
#9030=DIRECTION('',(0.,0.,-1.));
#9031=DIRECTION('',(-1.,0.,0.));
#9032=DIRECTION('',(0.,0.,-1.));
#9033=DIRECTION('',(-1.,0.,0.));
#9034=DIRECTION('',(0.,0.,-1.));
#9035=DIRECTION('',(-1.,0.,0.));
#9036=DIRECTION('',(0.,0.,-1.));
#9037=DIRECTION('',(-1.,0.,0.));
#9038=DIRECTION('',(0.,0.,-1.));
#9039=DIRECTION('',(-1.,0.,0.));
#9040=DIRECTION('',(0.,0.,-1.));
#9041=DIRECTION('',(-1.,0.,0.));
#9042=DIRECTION('',(0.,0.,-1.));
#9043=DIRECTION('',(-1.,0.,0.));
#9044=DIRECTION('',(0.,0.,-1.));
#9045=DIRECTION('',(-1.,0.,0.));
#9046=DIRECTION('',(0.,0.,-1.));
#9047=DIRECTION('',(-1.,0.,0.));
#9048=DIRECTION('',(0.,0.,-1.));
#9049=DIRECTION('',(-1.,0.,0.));
#9050=DIRECTION('',(0.,0.,-1.));
#9051=DIRECTION('',(-1.,0.,0.));
#9052=DIRECTION('',(0.,0.,-1.));
#9053=DIRECTION('',(-1.,0.,0.));
#9054=DIRECTION('',(0.,0.,-1.));
#9055=DIRECTION('',(-1.,0.,0.));
#9056=DIRECTION('',(0.,0.,-1.));
#9057=DIRECTION('',(-1.,0.,0.));
#9058=DIRECTION('',(0.,0.,-1.));
#9059=DIRECTION('',(-1.,0.,0.));
#9060=DIRECTION('',(0.,0.,-1.));
#9061=DIRECTION('',(-1.,0.,0.));
#9062=DIRECTION('',(0.,0.,-1.));
#9063=DIRECTION('',(-1.,0.,0.));
#9064=DIRECTION('',(0.,0.,-1.));
#9065=DIRECTION('',(-1.,0.,0.));
#9066=DIRECTION('',(0.,0.,-1.));
#9067=DIRECTION('',(-1.,0.,0.));
#9068=DIRECTION('',(0.,0.,-1.));
#9069=DIRECTION('',(-1.,0.,0.));
#9070=DIRECTION('',(0.,0.,-1.));
#9071=DIRECTION('',(-1.,0.,0.));
#9072=DIRECTION('',(0.,0.,-1.));
#9073=DIRECTION('',(-1.,0.,0.));
#9074=DIRECTION('',(0.,0.,-1.));
#9075=DIRECTION('',(-1.,0.,0.));
#9076=DIRECTION('',(0.,0.,-1.));
#9077=DIRECTION('',(-1.,0.,0.));
#9078=DIRECTION('',(0.,0.,-1.));
#9079=DIRECTION('',(-1.,0.,0.));
#9080=DIRECTION('',(0.,0.,-1.));
#9081=DIRECTION('',(-1.,0.,0.));
#9082=DIRECTION('',(0.,0.,-1.));
#9083=DIRECTION('',(-1.,0.,0.));
#9084=DIRECTION('',(0.,0.,-1.));
#9085=DIRECTION('',(-1.,0.,0.));
#9086=DIRECTION('',(0.,0.,-1.));
#9087=DIRECTION('',(-1.,0.,0.));
#9088=DIRECTION('',(0.,0.,-1.));
#9089=DIRECTION('',(-1.,0.,0.));
#9090=DIRECTION('',(0.,0.,-1.));
#9091=DIRECTION('',(-1.,0.,0.));
#9092=DIRECTION('',(0.,0.,-1.));
#9093=DIRECTION('',(-1.,0.,0.));
#9094=DIRECTION('',(0.,0.,-1.));
#9095=DIRECTION('',(-1.,0.,0.));
#9096=DIRECTION('',(0.,0.,-1.));
#9097=DIRECTION('',(-1.,0.,0.));
#9098=DIRECTION('',(0.,0.,-1.));
#9099=DIRECTION('',(-1.,0.,0.));
#9100=DIRECTION('',(0.,0.,-1.));
#9101=DIRECTION('',(-1.,0.,0.));
#9102=DIRECTION('',(0.,0.,-1.));
#9103=DIRECTION('',(-1.,0.,0.));
#9104=DIRECTION('',(0.,0.,-1.));
#9105=DIRECTION('',(-1.,0.,0.));
#9106=DIRECTION('',(0.,0.,-1.));
#9107=DIRECTION('',(-1.,0.,0.));
#9108=DIRECTION('',(0.,0.,-1.));
#9109=DIRECTION('',(-1.,0.,0.));
#9110=DIRECTION('',(0.,0.,-1.));
#9111=DIRECTION('',(-1.,0.,0.));
#9112=DIRECTION('',(0.,0.,-1.));
#9113=DIRECTION('',(-1.,0.,0.));
#9114=DIRECTION('',(0.,0.,-1.));
#9115=DIRECTION('',(-1.,0.,0.));
#9116=DIRECTION('',(0.,0.,-1.));
#9117=DIRECTION('',(-1.,0.,0.));
#9118=DIRECTION('',(0.,0.,-1.));
#9119=DIRECTION('',(-1.,0.,0.));
#9120=DIRECTION('',(0.,0.,-1.));
#9121=DIRECTION('',(-1.,0.,0.));
#9122=DIRECTION('',(0.,0.,-1.));
#9123=DIRECTION('',(-1.,0.,0.));
#9124=DIRECTION('',(0.,0.,1.));
#9125=DIRECTION('',(1.,0.,0.));
#9126=DIRECTION('',(0.,0.,-1.));
#9127=DIRECTION('',(-1.,0.,0.));
#9128=DIRECTION('',(0.,1.,0.));
#9129=DIRECTION('',(0.,0.,-1.));
#9130=DIRECTION('',(-1.,0.,0.));
#9131=DIRECTION('',(-1.,0.,0.));
#9132=DIRECTION('',(0.,0.,-1.));
#9133=DIRECTION('',(-1.,0.,0.));
#9134=DIRECTION('',(0.,0.,-1.));
#9135=DIRECTION('',(-1.,0.,0.));
#9136=DIRECTION('',(0.,0.,-1.));
#9137=DIRECTION('',(-1.,0.,0.));
#9138=DIRECTION('',(0.,0.,-1.));
#9139=DIRECTION('',(-1.,0.,0.));
#9140=DIRECTION('',(0.,0.,-1.));
#9141=DIRECTION('',(-1.,0.,0.));
#9142=DIRECTION('',(0.,0.,-1.));
#9143=DIRECTION('',(-1.,0.,0.));
#9144=DIRECTION('',(0.,0.,-1.));
#9145=DIRECTION('',(-1.,0.,0.));
#9146=DIRECTION('',(0.,0.,-1.));
#9147=DIRECTION('',(-1.,0.,0.));
#9148=DIRECTION('',(0.,0.,-1.));
#9149=DIRECTION('',(-1.,0.,0.));
#9150=DIRECTION('',(0.,0.,-1.));
#9151=DIRECTION('',(-1.,0.,0.));
#9152=DIRECTION('',(0.,0.,-1.));
#9153=DIRECTION('',(-1.,0.,0.));
#9154=DIRECTION('',(0.,0.,-1.));
#9155=DIRECTION('',(-1.,0.,0.));
#9156=DIRECTION('',(0.,0.,-1.));
#9157=DIRECTION('',(-1.,0.,0.));
#9158=DIRECTION('',(0.,0.,-1.));
#9159=DIRECTION('',(-1.,0.,0.));
#9160=DIRECTION('',(0.,0.,-1.));
#9161=DIRECTION('',(-1.,0.,0.));
#9162=DIRECTION('',(0.,0.,-1.));
#9163=DIRECTION('',(-1.,0.,0.));
#9164=DIRECTION('',(0.,0.,-1.));
#9165=DIRECTION('',(-1.,0.,0.));
#9166=DIRECTION('',(0.,0.,-1.));
#9167=DIRECTION('',(-1.,0.,0.));
#9168=DIRECTION('',(0.,0.,-1.));
#9169=DIRECTION('',(-1.,0.,0.));
#9170=DIRECTION('',(0.,0.,-1.));
#9171=DIRECTION('',(-1.,0.,0.));
#9172=DIRECTION('',(0.,0.,-1.));
#9173=DIRECTION('',(-1.,0.,0.));
#9174=DIRECTION('',(0.,0.,-1.));
#9175=DIRECTION('',(-1.,0.,0.));
#9176=DIRECTION('',(0.,0.,-1.));
#9177=DIRECTION('',(-1.,0.,0.));
#9178=DIRECTION('',(0.,0.,-1.));
#9179=DIRECTION('',(-1.,0.,0.));
#9180=DIRECTION('',(0.,0.,-1.));
#9181=DIRECTION('',(-1.,0.,0.));
#9182=DIRECTION('',(0.,0.,-1.));
#9183=DIRECTION('',(-1.,0.,0.));
#9184=DIRECTION('',(0.,0.,-1.));
#9185=DIRECTION('',(-1.,0.,0.));
#9186=DIRECTION('',(0.,0.,-1.));
#9187=DIRECTION('',(-1.,0.,0.));
#9188=DIRECTION('',(0.,0.,-1.));
#9189=DIRECTION('',(-1.,0.,0.));
#9190=DIRECTION('',(0.,0.,-1.));
#9191=DIRECTION('',(-1.,0.,0.));
#9192=DIRECTION('',(0.,0.,-1.));
#9193=DIRECTION('',(-1.,0.,0.));
#9194=DIRECTION('',(0.,0.,-1.));
#9195=DIRECTION('',(-1.,0.,0.));
#9196=DIRECTION('',(0.,0.,-1.));
#9197=DIRECTION('',(-1.,0.,0.));
#9198=DIRECTION('',(0.,0.,-1.));
#9199=DIRECTION('',(-1.,0.,0.));
#9200=DIRECTION('',(0.,0.,-1.));
#9201=DIRECTION('',(-1.,0.,0.));
#9202=DIRECTION('',(0.,0.,-1.));
#9203=DIRECTION('',(-1.,0.,0.));
#9204=DIRECTION('',(0.,0.,-1.));
#9205=DIRECTION('',(-1.,0.,0.));
#9206=DIRECTION('',(0.,0.,-1.));
#9207=DIRECTION('',(-1.,0.,0.));
#9208=DIRECTION('',(0.,0.,-1.));
#9209=DIRECTION('',(-1.,0.,0.));
#9210=DIRECTION('',(0.,0.,-1.));
#9211=DIRECTION('',(-1.,0.,0.));
#9212=DIRECTION('',(0.,0.,-1.));
#9213=DIRECTION('',(-1.,0.,0.));
#9214=DIRECTION('',(0.,0.,-1.));
#9215=DIRECTION('',(-1.,0.,0.));
#9216=DIRECTION('',(0.,0.,-1.));
#9217=DIRECTION('',(-1.,0.,0.));
#9218=DIRECTION('',(0.,0.,-1.));
#9219=DIRECTION('',(-1.,0.,0.));
#9220=DIRECTION('',(0.,0.,-1.));
#9221=DIRECTION('',(-1.,0.,0.));
#9222=DIRECTION('',(0.,0.,-1.));
#9223=DIRECTION('',(-1.,0.,0.));
#9224=DIRECTION('',(0.,0.,-1.));
#9225=DIRECTION('',(-1.,0.,0.));
#9226=DIRECTION('',(0.,0.,-1.));
#9227=DIRECTION('',(-1.,0.,0.));
#9228=DIRECTION('',(0.,0.,-1.));
#9229=DIRECTION('',(-1.,0.,0.));
#9230=DIRECTION('',(0.,0.,-1.));
#9231=DIRECTION('',(-1.,0.,0.));
#9232=DIRECTION('',(0.,0.,-1.));
#9233=DIRECTION('',(-1.,0.,0.));
#9234=DIRECTION('',(0.,0.,-1.));
#9235=DIRECTION('',(-1.,0.,0.));
#9236=DIRECTION('',(0.,0.,-1.));
#9237=DIRECTION('',(-1.,0.,0.));
#9238=DIRECTION('',(0.,0.,-1.));
#9239=DIRECTION('',(-1.,0.,0.));
#9240=DIRECTION('',(0.,0.,-1.));
#9241=DIRECTION('',(-1.,0.,0.));
#9242=DIRECTION('',(0.,0.,-1.));
#9243=DIRECTION('',(-1.,0.,0.));
#9244=DIRECTION('',(0.,0.,-1.));
#9245=DIRECTION('',(-1.,0.,0.));
#9246=DIRECTION('',(0.,0.,-1.));
#9247=DIRECTION('',(-1.,0.,0.));
#9248=DIRECTION('',(0.,0.,-1.));
#9249=DIRECTION('',(-1.,0.,0.));
#9250=DIRECTION('',(0.,0.,-1.));
#9251=DIRECTION('',(-1.,0.,0.));
#9252=DIRECTION('',(0.,0.,-1.));
#9253=DIRECTION('',(-1.,0.,0.));
#9254=DIRECTION('',(0.,0.,-1.));
#9255=DIRECTION('',(-1.,0.,0.));
#9256=DIRECTION('',(0.,0.,-1.));
#9257=DIRECTION('',(-1.,0.,0.));
#9258=DIRECTION('',(0.,0.,-1.));
#9259=DIRECTION('',(-1.,0.,0.));
#9260=DIRECTION('',(0.,0.,-1.));
#9261=DIRECTION('',(-1.,0.,0.));
#9262=DIRECTION('',(0.,0.,-1.));
#9263=DIRECTION('',(-1.,0.,0.));
#9264=DIRECTION('',(0.,0.,-1.));
#9265=DIRECTION('',(-1.,0.,0.));
#9266=DIRECTION('',(0.,0.,-1.));
#9267=DIRECTION('',(-1.,0.,0.));
#9268=DIRECTION('',(0.,0.,-1.));
#9269=DIRECTION('',(-1.,0.,0.));
#9270=DIRECTION('',(0.,0.,-1.));
#9271=DIRECTION('',(-1.,0.,0.));
#9272=DIRECTION('',(0.,0.,-1.));
#9273=DIRECTION('',(-1.,0.,0.));
#9274=DIRECTION('',(0.,0.,-1.));
#9275=DIRECTION('',(-1.,0.,0.));
#9276=DIRECTION('',(0.,0.,-1.));
#9277=DIRECTION('',(-1.,0.,0.));
#9278=DIRECTION('',(0.,0.,-1.));
#9279=DIRECTION('',(-1.,0.,0.));
#9280=DIRECTION('',(0.,0.,-1.));
#9281=DIRECTION('',(-1.,0.,0.));
#9282=DIRECTION('',(0.,0.,-1.));
#9283=DIRECTION('',(-1.,0.,0.));
#9284=DIRECTION('',(0.,0.,-1.));
#9285=DIRECTION('',(-1.,0.,0.));
#9286=DIRECTION('',(0.,0.,-1.));
#9287=DIRECTION('',(-1.,0.,0.));
#9288=DIRECTION('',(0.,0.,-1.));
#9289=DIRECTION('',(-1.,0.,0.));
#9290=DIRECTION('',(0.,0.,-1.));
#9291=DIRECTION('',(-1.,0.,0.));
#9292=DIRECTION('',(0.,0.,-1.));
#9293=DIRECTION('',(-1.,0.,0.));
#9294=DIRECTION('',(0.,0.,-1.));
#9295=DIRECTION('',(-1.,0.,0.));
#9296=DIRECTION('',(0.,0.,-1.));
#9297=DIRECTION('',(-1.,0.,0.));
#9298=DIRECTION('',(0.,0.,-1.));
#9299=DIRECTION('',(-1.,0.,0.));
#9300=DIRECTION('',(0.,0.,-1.));
#9301=DIRECTION('',(-1.,0.,0.));
#9302=DIRECTION('',(0.,0.,-1.));
#9303=DIRECTION('',(-1.,0.,0.));
#9304=DIRECTION('',(0.,0.,-1.));
#9305=DIRECTION('',(-1.,0.,0.));
#9306=DIRECTION('',(0.,0.,-1.));
#9307=DIRECTION('',(-1.,0.,0.));
#9308=DIRECTION('',(0.,0.,-1.));
#9309=DIRECTION('',(-1.,0.,0.));
#9310=DIRECTION('',(0.,0.,-1.));
#9311=DIRECTION('',(-1.,0.,0.));
#9312=DIRECTION('',(0.,0.,-1.));
#9313=DIRECTION('',(-1.,0.,0.));
#9314=DIRECTION('',(0.,0.,-1.));
#9315=DIRECTION('',(-1.,0.,0.));
#9316=DIRECTION('',(0.,0.,-1.));
#9317=DIRECTION('',(-1.,-6.42331434666799E-8,0.));
#9318=DIRECTION('',(0.,0.,-1.));
#9319=DIRECTION('',(0.,0.,-1.));
#9320=DIRECTION('',(1.,6.42331441772199E-8,0.));
#9321=DIRECTION('',(0.,0.,-1.));
#9322=DIRECTION('',(-1.,0.,0.));
#9323=DIRECTION('',(0.,1.,0.));
#9324=DIRECTION('',(0.,0.,-1.));
#9325=DIRECTION('',(0.,-1.,0.));
#9326=DIRECTION('',(-1.,0.,0.));
#9327=DIRECTION('',(0.,0.,-1.));
#9328=DIRECTION('',(0.,0.,-1.));
#9329=DIRECTION('',(6.42331427561399E-8,-1.,0.));
#9330=DIRECTION('',(0.,0.,-1.));
#9331=DIRECTION('',(0.,-1.,0.));
#9332=DIRECTION('',(0.,0.,-1.));
#9333=DIRECTION('',(0.,-1.,0.));
#9334=DIRECTION('',(0.,0.,-1.));
#9335=DIRECTION('',(0.,-1.,0.));
#9336=DIRECTION('',(0.,0.,-1.));
#9337=DIRECTION('',(0.,-1.,0.));
#9338=DIRECTION('',(0.,0.,-1.));
#9339=DIRECTION('',(0.,-1.,0.));
#9340=DIRECTION('',(0.,0.,-1.));
#9341=DIRECTION('',(0.,-1.,0.));
#9342=DIRECTION('',(0.,0.,-1.));
#9343=DIRECTION('',(3.5527136788E-14,-1.,0.));
#9344=DIRECTION('',(0.,0.,-1.));
#9345=DIRECTION('',(0.,-1.,0.));
#9346=DIRECTION('',(0.,0.,-1.));
#9347=DIRECTION('',(0.,-1.,0.));
#9348=DIRECTION('',(0.,0.,-1.));
#9349=DIRECTION('',(0.,-1.,0.));
#9350=DIRECTION('',(0.,0.,-1.));
#9351=DIRECTION('',(0.,-1.,0.));
#9352=DIRECTION('',(0.,0.,-1.));
#9353=DIRECTION('',(0.,-1.,0.));
#9354=DIRECTION('',(0.,0.,-1.));
#9355=DIRECTION('',(0.,-1.,0.));
#9356=DIRECTION('',(0.,0.,-1.));
#9357=DIRECTION('',(0.,-1.,0.));
#9358=DIRECTION('',(0.,0.,-1.));
#9359=DIRECTION('',(1.671865260612E-14,-1.,0.));
#9360=DIRECTION('',(0.,0.,-1.));
#9361=DIRECTION('',(0.,-1.,0.));
#9362=DIRECTION('',(0.,0.,-1.));
#9363=DIRECTION('',(0.,-1.,0.));
#9364=DIRECTION('',(0.,0.,-1.));
#9365=DIRECTION('',(0.,-1.,0.));
#9366=DIRECTION('',(0.,0.,-1.));
#9367=DIRECTION('',(0.,-1.,0.));
#9368=DIRECTION('',(0.,0.,-1.));
#9369=DIRECTION('',(0.,-1.,0.));
#9370=DIRECTION('',(0.,0.,-1.));
#9371=DIRECTION('',(3.5527136788E-14,-1.,0.));
#9372=DIRECTION('',(0.,0.,-1.));
#9373=DIRECTION('',(0.,-1.,0.));
#9374=DIRECTION('',(0.,0.,-1.));
#9375=DIRECTION('',(0.,-1.,0.));
#9376=DIRECTION('',(0.,0.,-1.));
#9377=DIRECTION('',(0.,-1.,0.));
#9378=DIRECTION('',(0.,0.,-1.));
#9379=DIRECTION('',(0.,-1.,0.));
#9380=DIRECTION('',(0.,0.,-1.));
#9381=DIRECTION('',(1.671865260612E-14,-1.,0.));
#9382=DIRECTION('',(0.,0.,-1.));
#9383=DIRECTION('',(0.,-1.,0.));
#9384=DIRECTION('',(0.,0.,-1.));
#9385=DIRECTION('',(0.,-1.,0.));
#9386=DIRECTION('',(0.,0.,-1.));
#9387=DIRECTION('',(0.,-1.,0.));
#9388=DIRECTION('',(0.,0.,-1.));
#9389=DIRECTION('',(0.,-1.,0.));
#9390=DIRECTION('',(0.,0.,-1.));
#9391=DIRECTION('',(0.,-1.,0.));
#9392=DIRECTION('',(0.,0.,-1.));
#9393=DIRECTION('',(0.,-1.,0.));
#9394=DIRECTION('',(0.,0.,-1.));
#9395=DIRECTION('',(-3.552713678801E-14,-1.,0.));
#9396=DIRECTION('',(0.,0.,-1.));
#9397=DIRECTION('',(0.,-1.,0.));
#9398=DIRECTION('',(0.,0.,-1.));
#9399=DIRECTION('',(-1.671865260612E-14,-1.,0.));
#9400=DIRECTION('',(0.,0.,-1.));
#9401=DIRECTION('',(0.,-1.,0.));
#9402=DIRECTION('',(0.,0.,-1.));
#9403=DIRECTION('',(0.,-1.,0.));
#9404=DIRECTION('',(0.,0.,-1.));
#9405=DIRECTION('',(0.,-1.,0.));
#9406=DIRECTION('',(0.,0.,-1.));
#9407=DIRECTION('',(0.,-1.,0.));
#9408=DIRECTION('',(0.,0.,-1.));
#9409=DIRECTION('',(0.,-1.,0.));
#9410=DIRECTION('',(0.,0.,-1.));
#9411=DIRECTION('',(0.,-1.,0.));
#9412=DIRECTION('',(0.,0.,-1.));
#9413=DIRECTION('',(0.,-1.,0.));
#9414=DIRECTION('',(0.,0.,-1.));
#9415=DIRECTION('',(0.,-1.,0.));
#9416=DIRECTION('',(0.,0.,-1.));
#9417=DIRECTION('',(-3.552713678801E-14,-1.,0.));
#9418=DIRECTION('',(0.,0.,-1.));
#9419=DIRECTION('',(0.,-1.,0.));
#9420=DIRECTION('',(0.,0.,-1.));
#9421=DIRECTION('',(-1.671865260612E-14,-1.,0.));
#9422=DIRECTION('',(0.,0.,-1.));
#9423=DIRECTION('',(0.,-1.,0.));
#9424=DIRECTION('',(0.,0.,-1.));
#9425=DIRECTION('',(0.,-1.,0.));
#9426=DIRECTION('',(0.,0.,-1.));
#9427=DIRECTION('',(0.,-1.,0.));
#9428=DIRECTION('',(0.,0.,-1.));
#9429=DIRECTION('',(0.,-1.,0.));
#9430=DIRECTION('',(0.,0.,-1.));
#9431=DIRECTION('',(0.,-1.,0.));
#9432=DIRECTION('',(0.,0.,-1.));
#9433=DIRECTION('',(0.,-1.,0.));
#9434=DIRECTION('',(0.,0.,-1.));
#9435=DIRECTION('',(0.,-1.,0.));
#9436=DIRECTION('',(0.,0.,-1.));
#9437=DIRECTION('',(0.,-1.,0.));
#9438=DIRECTION('',(0.,0.,-1.));
#9439=DIRECTION('',(0.,-1.,0.));
#9440=DIRECTION('',(0.,0.,-1.));
#9441=DIRECTION('',(0.,-1.,0.));
#9442=DIRECTION('',(0.,0.,-1.));
#9443=DIRECTION('',(3.5527136788E-14,-1.,0.));
#9444=DIRECTION('',(0.,0.,-1.));
#9445=DIRECTION('',(0.,-1.,0.));
#9446=DIRECTION('',(0.,0.,-1.));
#9447=DIRECTION('',(0.,-1.,0.));
#9448=DIRECTION('',(0.,0.,-1.));
#9449=DIRECTION('',(0.,-1.,0.));
#9450=DIRECTION('',(0.,0.,-1.));
#9451=DIRECTION('',(1.671865260612E-14,-1.,0.));
#9452=DIRECTION('',(0.,0.,-1.));
#9453=DIRECTION('',(0.,-1.,0.));
#9454=DIRECTION('',(0.,0.,-1.));
#9455=DIRECTION('',(0.,-1.,0.));
#9456=DIRECTION('',(0.,0.,-1.));
#9457=DIRECTION('',(0.,-1.,0.));
#9458=DIRECTION('',(0.,0.,-1.));
#9459=DIRECTION('',(0.,-1.,0.));
#9460=DIRECTION('',(0.,0.,-1.));
#9461=DIRECTION('',(0.,-1.,0.));
#9462=DIRECTION('',(0.,0.,-1.));
#9463=DIRECTION('',(0.,-1.,0.));
#9464=DIRECTION('',(0.,0.,-1.));
#9465=DIRECTION('',(0.,-1.,0.));
#9466=DIRECTION('',(0.,0.,-1.));
#9467=DIRECTION('',(0.,-1.,0.));
#9468=DIRECTION('',(0.,0.,-1.));
#9469=DIRECTION('',(0.,-1.,0.));
#9470=DIRECTION('',(0.,0.,-1.));
#9471=DIRECTION('',(0.,-1.,0.));
#9472=DIRECTION('',(0.,0.,-1.));
#9473=DIRECTION('',(0.,-1.,0.));
#9474=DIRECTION('',(0.,0.,-1.));
#9475=DIRECTION('',(0.,-1.,0.));
#9476=DIRECTION('',(0.,0.,-1.));
#9477=DIRECTION('',(-1.671865260612E-14,-1.,0.));
#9478=DIRECTION('',(0.,0.,-1.));
#9479=DIRECTION('',(-3.552713678801E-14,-1.,0.));
#9480=DIRECTION('',(0.,0.,-1.));
#9481=DIRECTION('',(0.,-1.,0.));
#9482=DIRECTION('',(0.,0.,-1.));
#9483=DIRECTION('',(0.,-1.,0.));
#9484=DIRECTION('',(0.,0.,-1.));
#9485=DIRECTION('',(0.,-1.,0.));
#9486=DIRECTION('',(0.,0.,-1.));
#9487=DIRECTION('',(0.,-1.,0.));
#9488=DIRECTION('',(0.,0.,-1.));
#9489=DIRECTION('',(0.,-1.,0.));
#9490=DIRECTION('',(0.,0.,-1.));
#9491=DIRECTION('',(0.,-1.,0.));
#9492=DIRECTION('',(0.,0.,-1.));
#9493=DIRECTION('',(-3.197042680585E-14,-1.,0.));
#9494=DIRECTION('',(0.,0.,-1.));
#9495=DIRECTION('',(-3.197042680585E-14,-1.,0.));
#9496=DIRECTION('',(0.,0.,-1.));
#9497=DIRECTION('',(0.,-1.,0.));
#9498=DIRECTION('',(0.,0.,-1.));
#9499=DIRECTION('',(-3.197042680585E-14,-1.,0.));
#9500=DIRECTION('',(0.,0.,-1.));
#9501=DIRECTION('',(-3.197042680585E-14,-1.,0.));
#9502=DIRECTION('',(0.,0.,-1.));
#9503=DIRECTION('',(-3.197042680585E-14,-1.,0.));
#9504=DIRECTION('',(0.,0.,-1.));
#9505=DIRECTION('',(-3.197042680585E-14,-1.,0.));
#9506=DIRECTION('',(0.,0.,-1.));
#9507=DIRECTION('',(-3.197042680585E-14,-1.,0.));
#9508=DIRECTION('',(0.,0.,-1.));
#9509=DIRECTION('',(0.,-1.,0.));
#9510=DIRECTION('',(0.,0.,-1.));
#9511=DIRECTION('',(0.,-1.,0.));
#9512=DIRECTION('',(0.,0.,1.));
#9513=DIRECTION('',(1.,0.,0.));
#9514=DIRECTION('',(1.,0.,0.));
#9515=DIRECTION('',(0.,9.92044604925E-16,1.));
#9516=DIRECTION('',(1.,0.,0.));
#9517=DIRECTION('',(0.,0.,-1.));
#9518=DIRECTION('',(1.,0.,0.));
#9519=DIRECTION('',(0.,0.,-1.));
#9520=DIRECTION('',(1.,0.,0.));
#9521=DIRECTION('',(0.,1.002044604925E-15,1.));
#9522=DIRECTION('',(1.,0.,0.));
#9523=DIRECTION('',(0.,0.,-1.));
#9524=DIRECTION('',(1.,0.,0.));
#9525=DIRECTION('',(0.,9.92044604925E-16,1.));
#9526=DIRECTION('',(1.,0.,0.));
#9527=DIRECTION('',(0.,0.,-1.));
#9528=DIRECTION('',(1.,0.,0.));
#9529=DIRECTION('',(0.,1.002044604925E-15,1.));
#9530=DIRECTION('',(1.,0.,0.));
#9531=DIRECTION('',(0.,0.,-1.));
#9532=DIRECTION('',(1.,0.,0.));
#9533=DIRECTION('',(0.,1.002044604925E-15,1.));
#9534=DIRECTION('',(-1.,0.,0.));
#9535=DIRECTION('',(0.,0.,1.));
#9536=DIRECTION('',(-1.,0.,0.));
#9537=DIRECTION('',(0.,1.002044604925E-15,1.));
#9538=DIRECTION('',(-1.,0.,0.));
#9539=DIRECTION('',(0.,0.,1.));
#9540=DIRECTION('',(-1.,0.,0.));
#9541=DIRECTION('',(0.,1.002044604925E-15,1.));
#9542=DIRECTION('',(-1.,0.,0.));
#9543=DIRECTION('',(0.,0.,1.));
#9544=DIRECTION('',(1.,0.,0.));
#9545=DIRECTION('',(0.,1.002044604925E-15,1.));
#9546=DIRECTION('',(1.,0.,0.));
#9547=DIRECTION('',(0.,1.002044604925E-15,1.));
#9548=DIRECTION('',(0.,0.,1.));
#9549=DIRECTION('',(1.,0.,0.));
#9550=DIRECTION('',(0.707106781186548,-0.707106781186548,-8.65956056235244E-17));
#9551=DIRECTION('',(0.707106781186548,0.707106781186548,-8.65956056235244E-17));
#9552=DIRECTION('',(0.707106781186548,0.707106781186548,-8.65956056235244E-17));
#9553=DIRECTION('',(1.224646799147E-16,1.359631073447E-32,1.));
#9554=DIRECTION('',(0.707106781186546,0.707106781186549,-8.65956056235242E-17));
#9555=DIRECTION('',(1.224646799147E-16,1.359631073447E-32,1.));
#9556=DIRECTION('',(1.,1.110223024625E-16,-1.224646799147E-16));
#9557=DIRECTION('',(-1.110223024625E-16,1.,-6.92712190079319E-45));
#9558=DIRECTION('',(-1.110223024625E-16,1.,-6.92712190079319E-45));
#9559=DIRECTION('',(1.110223024625E-16,-1.,6.92712190079319E-45));
#9560=DIRECTION('',(1.224646799147E-16,1.359631073447E-32,1.));
#9561=DIRECTION('',(1.110223024625E-16,-1.,6.92712190079319E-45));
#9562=DIRECTION('',(1.,1.110223024625E-16,-1.224646799147E-16));
#9563=DIRECTION('',(1.,1.110223024625E-16,-1.224646799147E-16));
#9564=DIRECTION('',(1.224646799147E-16,1.359631073447E-32,1.));
#9565=DIRECTION('',(-1.,-1.110223024625E-16,1.224646799147E-16));
#9566=DIRECTION('',(-1.224646799147E-16,-1.359631073447E-32,-1.));
#9567=DIRECTION('',(1.110223024625E-16,-1.,6.92712190079319E-45));
#9568=DIRECTION('',(-0.707106781186548,0.707106781186548,8.65956056235244E-17));
#9569=DIRECTION('',(-1.,-1.110223024625E-16,1.224646799147E-16));
#9570=DIRECTION('',(-0.707106781186548,-0.707106781186548,8.65956056235244E-17));
#9571=DIRECTION('',(-0.707106781186548,0.707106781186548,8.65956056235244E-17));
#9572=DIRECTION('',(-1.,-1.110223024625E-16,1.224646799147E-16));
#9573=DIRECTION('',(-0.707106781186548,-0.707106781186548,8.65956056235244E-17));
#9574=DIRECTION('',(-0.707106781186548,0.707106781186548,8.65956056235244E-17));
#9575=DIRECTION('',(-1.,-1.110223024625E-16,1.224646799147E-16));
#9576=DIRECTION('',(-0.707106781186548,-0.707106781186548,8.65956056235244E-17));
#9577=DIRECTION('',(-0.707106781186548,0.707106781186548,8.65956056235244E-17));
#9578=DIRECTION('',(-1.,-1.110223024625E-16,1.224646799147E-16));
#9579=DIRECTION('',(-0.707106781186548,-0.707106781186548,8.65956056235244E-17));
#9580=DIRECTION('',(-0.707106781186548,0.707106781186548,8.65956056235244E-17));
#9581=DIRECTION('',(-1.,-1.110223024625E-16,1.224646799147E-16));
#9582=DIRECTION('',(-0.707106781186548,-0.707106781186548,8.65956056235244E-17));
#9583=DIRECTION('',(-0.707106781186548,0.707106781186548,8.65956056235244E-17));
#9584=DIRECTION('',(-1.,-1.110223024625E-16,1.224646799147E-16));
#9585=DIRECTION('',(-0.707106781186548,-0.707106781186548,8.65956056235244E-17));
#9586=DIRECTION('',(-0.707106781186548,0.707106781186548,8.65956056235244E-17));
#9587=DIRECTION('',(-1.,-1.110223024625E-16,1.224646799147E-16));
#9588=DIRECTION('',(-0.707106781186548,-0.707106781186548,8.65956056235244E-17));
#9589=DIRECTION('',(-0.707106781186548,0.707106781186548,8.65956056235244E-17));
#9590=DIRECTION('',(-1.,-1.110223024625E-16,1.224646799147E-16));
#9591=DIRECTION('',(-0.707106781186548,-0.707106781186548,8.65956056235244E-17));
#9592=DIRECTION('',(1.110223024625E-16,-1.,6.92712190079319E-45));
#9593=DIRECTION('',(0.707106781186548,-0.707106781186548,-8.65956056235244E-17));
#9594=DIRECTION('',(1.,1.110223024625E-16,-1.224646799147E-16));
#9595=DIRECTION('',(0.707106781186548,0.707106781186548,-8.65956056235244E-17));
#9596=DIRECTION('',(0.707106781186548,-0.707106781186548,-8.65956056235244E-17));
#9597=DIRECTION('',(1.,1.110223024625E-16,-1.224646799147E-16));
#9598=DIRECTION('',(0.707106781186548,0.707106781186548,-8.65956056235244E-17));
#9599=DIRECTION('',(0.707106781186548,-0.707106781186548,-8.65956056235244E-17));
#9600=DIRECTION('',(1.,1.110223024625E-16,-1.224646799147E-16));
#9601=DIRECTION('',(0.707106781186548,0.707106781186548,-8.65956056235244E-17));
#9602=DIRECTION('',(0.707106781186548,-0.707106781186548,-8.65956056235244E-17));
#9603=DIRECTION('',(1.,1.110223024625E-16,-1.224646799147E-16));
#9604=DIRECTION('',(0.707106781186548,0.707106781186548,-8.65956056235244E-17));
#9605=DIRECTION('',(0.707106781186548,-0.707106781186548,-8.65956056235244E-17));
#9606=DIRECTION('',(1.,1.110223024625E-16,-1.224646799147E-16));
#9607=DIRECTION('',(0.707106781186548,0.707106781186548,-8.65956056235244E-17));
#9608=DIRECTION('',(0.707106781186548,-0.707106781186548,-8.65956056235244E-17));
#9609=DIRECTION('',(1.,1.110223024625E-16,-1.224646799147E-16));
#9610=DIRECTION('',(0.707106781186548,0.707106781186548,-8.65956056235244E-17));
#9611=DIRECTION('',(0.707106781186548,-0.707106781186548,-8.65956056235244E-17));
#9612=DIRECTION('',(1.,1.110223024625E-16,-1.224646799147E-16));
#9613=DIRECTION('',(0.707106781186548,0.707106781186548,-8.65956056235244E-17));
#9614=DIRECTION('',(0.707106781186548,-0.707106781186548,-8.65956056235244E-17));
#9615=DIRECTION('',(-1.,-1.110223024625E-16,1.224646799147E-16));
#9616=DIRECTION('',(1.110223024625E-16,-1.,6.92712190079319E-45));
#9617=DIRECTION('',(1.,1.110223024625E-16,-1.224646799147E-16));
#9618=DIRECTION('',(1.110223024625E-16,-1.,6.92712190079319E-45));
#9619=DIRECTION('',(1.,1.110223024625E-16,-1.224646799147E-16));
#9620=DIRECTION('',(1.110223024625E-16,-1.,6.92712190079319E-45));
#9621=DIRECTION('',(-1.,-1.110223024625E-16,1.224646799147E-16));
#9622=DIRECTION('',(1.110223024625E-16,-1.,6.92712190079319E-45));
#9623=DIRECTION('',(1.110223024625E-16,-1.,6.92712190079319E-45));
#9624=DIRECTION('',(1.,1.110223024625E-16,-1.224646799147E-16));
#9625=DIRECTION('',(1.110223024625E-16,-1.,6.92712190079319E-45));
#9626=DIRECTION('',(-1.,-1.110223024625E-16,1.224646799147E-16));
#9627=DIRECTION('',(1.,1.110223024625E-16,-1.224646799147E-16));
#9628=DIRECTION('',(1.110223024625E-16,-1.,6.92712190079319E-45));
#9629=DIRECTION('',(-1.,-1.110223024625E-16,1.224646799147E-16));
#9630=DIRECTION('',(1.110223024625E-16,-1.,6.92712190079319E-45));
#9631=DIRECTION('',(1.110223024625E-16,-1.,6.92712190079319E-45));
#9632=DIRECTION('',(1.,1.110223024625E-16,-1.224646799147E-16));
#9633=DIRECTION('',(1.110223024625E-16,-1.,6.92712190079319E-45));
#9634=DIRECTION('',(-1.,-1.110223024625E-16,1.224646799147E-16));
#9635=DIRECTION('',(1.,1.110223024625E-16,-1.224646799147E-16));
#9636=DIRECTION('',(1.110223024625E-16,-1.,6.92712190079319E-45));
#9637=DIRECTION('',(-1.,-1.110223024625E-16,1.224646799147E-16));
#9638=DIRECTION('',(1.110223024625E-16,-1.,6.92712190079319E-45));
#9639=DIRECTION('',(-1.,-1.110223024625E-16,1.224646799147E-16));
#9640=DIRECTION('',(1.110223024625E-16,-1.,6.92712190079319E-45));
#9641=DIRECTION('',(1.,1.110223024625E-16,-1.224646799147E-16));
#9642=DIRECTION('',(1.110223024625E-16,-1.,6.92712190079319E-45));
#9643=DIRECTION('',(1.110223024625E-16,-1.,6.92712190079319E-45));
#9644=DIRECTION('',(1.,1.110223024625E-16,-1.224646799147E-16));
#9645=DIRECTION('',(1.110223024625E-16,-1.,6.92712190079319E-45));
#9646=DIRECTION('',(-1.,-1.110223024625E-16,1.224646799147E-16));
#9647=DIRECTION('',(-1.224646799147E-16,-1.359631073447E-32,-1.));
#9648=DIRECTION('',(1.110223024625E-16,-1.,6.92712190079319E-45));
#9649=DIRECTION('',(0.707106781186549,-0.707106781186547,-8.65956056235245E-17));
#9650=DIRECTION('',(0.707106781186547,0.707106781186548,-8.65956056235243E-17));
#9651=DIRECTION('',(-1.,-1.110223024625E-16,1.224646799147E-16));
#9652=DIRECTION('',(0.707106781186547,-0.707106781186548,-8.65956056235243E-17));
#9653=DIRECTION('',(0.707106781186547,0.707106781186548,-8.65956056235243E-17));
#9654=DIRECTION('',(-1.,-1.110223024625E-16,1.224646799147E-16));
#9655=DIRECTION('',(0.707106781186546,-0.707106781186549,-8.65956056235242E-17));
#9656=DIRECTION('',(0.707106781186549,0.707106781186547,-8.65956056235245E-17));
#9657=DIRECTION('',(-1.,-1.110223024625E-16,1.224646799147E-16));
#9658=DIRECTION('',(0.707106781186549,-0.707106781186547,-8.65956056235245E-17));
#9659=DIRECTION('',(0.707106781186546,0.707106781186549,-8.65956056235242E-17));
#9660=DIRECTION('',(-1.,-1.110223024625E-16,1.224646799147E-16));
#9661=DIRECTION('',(0.707106781186546,-0.707106781186549,-8.65956056235242E-17));
#9662=DIRECTION('',(0.707106781186549,0.707106781186547,-8.65956056235245E-17));
#9663=DIRECTION('',(-1.,-1.110223024625E-16,1.224646799147E-16));
#9664=DIRECTION('',(0.707106781186549,-0.707106781186547,-8.65956056235245E-17));
#9665=DIRECTION('',(0.707106781186549,0.707106781186547,-8.65956056235245E-17));
#9666=DIRECTION('',(-1.,-1.110223024625E-16,1.224646799147E-16));
#9667=DIRECTION('',(0.707106781186549,-0.707106781186547,-8.65956056235245E-17));
#9668=DIRECTION('',(0.707106781186549,0.707106781186547,-8.65956056235245E-17));
#9669=DIRECTION('',(-1.,-1.110223024625E-16,1.224646799147E-16));
#9670=DIRECTION('',(0.707106781186549,-0.707106781186547,-8.65956056235245E-17));
#9671=DIRECTION('',(1.110223024625E-16,-1.,6.92712190079319E-45));
#9672=DIRECTION('',(-0.707106781186549,-0.707106781186547,8.65956056235245E-17));
#9673=DIRECTION('',(-1.,-1.110223024625E-16,1.224646799147E-16));
#9674=DIRECTION('',(-0.707106781186549,0.707106781186547,8.65956056235245E-17));
#9675=DIRECTION('',(-0.707106781186549,-0.707106781186547,8.65956056235245E-17));
#9676=DIRECTION('',(-1.,-1.110223024625E-16,1.224646799147E-16));
#9677=DIRECTION('',(-0.707106781186549,0.707106781186547,8.65956056235245E-17));
#9678=DIRECTION('',(-0.707106781186549,-0.707106781186547,8.65956056235245E-17));
#9679=DIRECTION('',(-1.,-1.110223024625E-16,1.224646799147E-16));
#9680=DIRECTION('',(-0.707106781186549,0.707106781186547,8.65956056235245E-17));
#9681=DIRECTION('',(-0.707106781186546,-0.707106781186549,8.65956056235242E-17));
#9682=DIRECTION('',(-1.,-1.110223024625E-16,1.224646799147E-16));
#9683=DIRECTION('',(-0.707106781186546,0.707106781186549,8.65956056235242E-17));
#9684=DIRECTION('',(-0.707106781186549,-0.707106781186547,8.65956056235245E-17));
#9685=DIRECTION('',(-1.,-1.110223024625E-16,1.224646799147E-16));
#9686=DIRECTION('',(-0.707106781186549,0.707106781186547,8.65956056235245E-17));
#9687=DIRECTION('',(-0.707106781186546,-0.707106781186549,8.65956056235242E-17));
#9688=DIRECTION('',(-1.,-1.110223024625E-16,1.224646799147E-16));
#9689=DIRECTION('',(-0.707106781186547,0.707106781186548,8.65956056235243E-17));
#9690=DIRECTION('',(-0.707106781186547,-0.707106781186548,8.65956056235243E-17));
#9691=DIRECTION('',(-1.,-1.110223024625E-16,1.224646799147E-16));
#9692=DIRECTION('',(-0.707106781186547,0.707106781186548,8.65956056235243E-17));
#9693=DIRECTION('',(-0.707106781186549,-0.707106781186547,8.65956056235245E-17));
#9694=DIRECTION('',(-1.,-1.110223024625E-16,1.224646799147E-16));
#9695=DIRECTION('',(-0.707106781186546,0.707106781186549,8.65956056235242E-17));
#9696=DIRECTION('',(1.110223024625E-16,-1.,6.92712190079319E-45));
#9697=DIRECTION('',(-1.,-1.110223024625E-16,1.224646799147E-16));
#9698=DIRECTION('',(1.110223024625E-16,-1.,6.92712190079319E-45));
#9699=DIRECTION('',(1.,1.110223024625E-16,-1.224646799147E-16));
#9700=DIRECTION('',(1.110223024625E-16,-1.,6.92712190079319E-45));
#9701=DIRECTION('',(1.,1.110223024625E-16,-1.224646799147E-16));
#9702=DIRECTION('',(1.110223024625E-16,-1.,6.92712190079319E-45));
#9703=DIRECTION('',(-1.,-1.110223024625E-16,1.224646799147E-16));
#9704=DIRECTION('',(1.,1.110223024625E-16,-1.224646799147E-16));
#9705=DIRECTION('',(1.110223024625E-16,-1.,6.92712190079319E-45));
#9706=DIRECTION('',(-1.,-1.110223024625E-16,1.224646799147E-16));
#9707=DIRECTION('',(1.110223024625E-16,-1.,6.92712190079319E-45));
#9708=DIRECTION('',(1.110223024625E-16,-1.,6.92712190079319E-45));
#9709=DIRECTION('',(1.,1.110223024625E-16,-1.224646799147E-16));
#9710=DIRECTION('',(1.110223024625E-16,-1.,6.92712190079319E-45));
#9711=DIRECTION('',(-1.,-1.110223024625E-16,1.224646799147E-16));
#9712=DIRECTION('',(1.,1.110223024625E-16,-1.224646799147E-16));
#9713=DIRECTION('',(1.110223024625E-16,-1.,6.92712190079319E-45));
#9714=DIRECTION('',(-1.,-1.110223024625E-16,1.224646799147E-16));
#9715=DIRECTION('',(1.110223024625E-16,-1.,6.92712190079319E-45));
#9716=DIRECTION('',(1.110223024625E-16,-1.,6.92712190079319E-45));
#9717=DIRECTION('',(1.,1.110223024625E-16,-1.224646799147E-16));
#9718=DIRECTION('',(1.110223024625E-16,-1.,6.92712190079319E-45));
#9719=DIRECTION('',(-1.,-1.110223024625E-16,1.224646799147E-16));
#9720=DIRECTION('',(1.110223024625E-16,-1.,6.92712190079319E-45));
#9721=DIRECTION('',(-1.,-1.110223024625E-16,1.224646799147E-16));
#9722=DIRECTION('',(1.110223024625E-16,-1.,6.92712190079319E-45));
#9723=DIRECTION('',(1.,1.110223024625E-16,-1.224646799147E-16));
#9724=DIRECTION('',(1.,1.110223024625E-16,-1.224646799147E-16));
#9725=DIRECTION('',(1.110223024625E-16,-1.,6.92712190079319E-45));
#9726=DIRECTION('',(-1.,-1.110223024625E-16,1.224646799147E-16));
#9727=DIRECTION('',(1.110223024625E-16,-1.,6.92712190079319E-45));
#9728=DIRECTION('',(0.707106781186548,0.707106781186548,-8.65956056235244E-17));
#9729=DIRECTION('',(-0.707106781186548,0.707106781186548,8.65956056235244E-17));
#9730=DIRECTION('',(1.224646799147E-16,1.359631073447E-32,1.));
#9731=DIRECTION('',(-0.707106781186548,-0.707106781186548,8.65956056235244E-17));
#9732=DIRECTION('',(0.707106781186548,-0.707106781186548,-8.65956056235244E-17));
#9733=DIRECTION('',(1.224646799147E-16,1.359631073447E-32,1.));
#9734=DIRECTION('',(-1.110223024625E-16,1.,-6.92712190079319E-45));
#9735=DIRECTION('',(-1.,-1.110223024625E-16,1.224646799147E-16));
#9736=DIRECTION('',(1.224646799147E-16,1.359631073447E-32,1.));
#9737=DIRECTION('',(0.707106781186548,-0.707106781186548,-8.65956056235244E-17));
#9738=DIRECTION('',(0.707106781186548,0.707106781186548,-8.65956056235244E-17));
#9739=DIRECTION('',(1.224646799147E-16,1.359631073447E-32,1.));
#9740=DIRECTION('',(-0.707106781186548,0.707106781186548,8.65956056235244E-17));
#9741=DIRECTION('',(-0.707106781186548,-0.707106781186548,8.65956056235244E-17));
#9742=DIRECTION('',(1.224646799147E-16,1.359631073447E-32,1.));
#9743=DIRECTION('',(1.110223024625E-16,-1.,6.92712190079319E-45));
#9744=DIRECTION('',(1.,1.110223024625E-16,-1.224646799147E-16));
#9745=DIRECTION('',(1.224646799147E-16,1.359631073447E-32,1.));
#9746=DIRECTION('',(0.707106781186548,0.707106781186548,-8.65956056235244E-17));
#9747=DIRECTION('',(-0.707106781186548,0.707106781186548,8.65956056235244E-17));
#9748=DIRECTION('',(1.224646799147E-16,1.359631073447E-32,1.));
#9749=DIRECTION('',(-0.707106781186548,-0.707106781186548,8.65956056235244E-17));
#9750=DIRECTION('',(0.707106781186548,-0.707106781186548,-8.65956056235244E-17));
#9751=DIRECTION('',(1.224646799147E-16,1.359631073447E-32,1.));
#9752=DIRECTION('',(-1.110223024625E-16,1.,-6.92712190079319E-45));
#9753=DIRECTION('',(-1.,-1.110223024625E-16,1.224646799147E-16));
#9754=DIRECTION('',(1.224646799147E-16,1.359631073447E-32,1.));
#9755=DIRECTION('',(0.707106781186548,-0.707106781186548,-8.65956056235244E-17));
#9756=DIRECTION('',(0.707106781186548,0.707106781186548,-8.65956056235244E-17));
#9757=DIRECTION('',(1.224646799147E-16,1.359631073447E-32,1.));
#9758=DIRECTION('',(-0.707106781186548,0.707106781186548,8.65956056235244E-17));
#9759=DIRECTION('',(-0.707106781186548,-0.707106781186548,8.65956056235244E-17));
#9760=DIRECTION('',(1.224646799147E-16,1.359631073447E-32,1.));
#9761=DIRECTION('',(1.110223024625E-16,-1.,6.92712190079319E-45));
#9762=DIRECTION('',(1.,1.110223024625E-16,-1.224646799147E-16));
#9763=DIRECTION('',(1.224646799147E-16,1.359631073447E-32,1.));
#9764=DIRECTION('',(0.707106781186548,0.707106781186548,-8.65956056235244E-17));
#9765=DIRECTION('',(-0.707106781186548,0.707106781186548,8.65956056235244E-17));
#9766=DIRECTION('',(1.224646799147E-16,1.359631073447E-32,1.));
#9767=DIRECTION('',(-0.707106781186548,-0.707106781186548,8.65956056235244E-17));
#9768=DIRECTION('',(0.707106781186548,-0.707106781186548,-8.65956056235244E-17));
#9769=DIRECTION('',(1.224646799147E-16,1.359631073447E-32,1.));
#9770=DIRECTION('',(-1.110223024625E-16,1.,-6.92712190079319E-45));
#9771=DIRECTION('',(-1.,-1.110223024625E-16,1.224646799147E-16));
#9772=DIRECTION('',(1.224646799147E-16,1.359631073447E-32,1.));
#9773=DIRECTION('',(0.707106781186548,-0.707106781186548,-8.65956056235244E-17));
#9774=DIRECTION('',(0.707106781186548,0.707106781186548,-8.65956056235244E-17));
#9775=DIRECTION('',(1.224646799147E-16,1.359631073447E-32,1.));
#9776=DIRECTION('',(-0.707106781186548,0.707106781186548,8.65956056235244E-17));
#9777=DIRECTION('',(-0.707106781186548,-0.707106781186548,8.65956056235244E-17));
#9778=DIRECTION('',(1.224646799147E-16,1.359631073447E-32,1.));
#9779=DIRECTION('',(1.110223024625E-16,-1.,6.92712190079319E-45));
#9780=DIRECTION('',(1.,1.110223024625E-16,-1.224646799147E-16));
#9781=DIRECTION('',(1.224646799147E-16,1.359631073447E-32,1.));
#9782=DIRECTION('',(0.707106781186548,0.707106781186548,-8.65956056235244E-17));
#9783=DIRECTION('',(-0.707106781186548,0.707106781186548,8.65956056235244E-17));
#9784=DIRECTION('',(1.224646799147E-16,1.359631073447E-32,1.));
#9785=DIRECTION('',(-0.707106781186548,-0.707106781186548,8.65956056235244E-17));
#9786=DIRECTION('',(0.707106781186548,-0.707106781186548,-8.65956056235244E-17));
#9787=DIRECTION('',(1.224646799147E-16,1.359631073447E-32,1.));
#9788=DIRECTION('',(-1.110223024625E-16,1.,-6.92712190079319E-45));
#9789=DIRECTION('',(-1.,-1.110223024625E-16,1.224646799147E-16));
#9790=DIRECTION('',(1.224646799147E-16,1.359631073447E-32,1.));
#9791=DIRECTION('',(0.707106781186548,-0.707106781186548,-8.65956056235244E-17));
#9792=DIRECTION('',(0.707106781186548,0.707106781186548,-8.65956056235244E-17));
#9793=DIRECTION('',(1.224646799147E-16,1.359631073447E-32,1.));
#9794=DIRECTION('',(-0.707106781186548,0.707106781186548,8.65956056235244E-17));
#9795=DIRECTION('',(-0.707106781186548,-0.707106781186548,8.65956056235244E-17));
#9796=DIRECTION('',(1.224646799147E-16,1.359631073447E-32,1.));
#9797=DIRECTION('',(1.110223024625E-16,-1.,6.92712190079319E-45));
#9798=DIRECTION('',(1.,1.110223024625E-16,-1.224646799147E-16));
#9799=DIRECTION('',(1.224646799147E-16,1.359631073447E-32,1.));
#9800=DIRECTION('',(0.707106781186548,0.707106781186548,-8.65956056235244E-17));
#9801=DIRECTION('',(-0.707106781186548,0.707106781186548,8.65956056235244E-17));
#9802=DIRECTION('',(1.224646799147E-16,1.359631073447E-32,1.));
#9803=DIRECTION('',(-0.707106781186548,-0.707106781186548,8.65956056235244E-17));
#9804=DIRECTION('',(0.707106781186548,-0.707106781186548,-8.65956056235244E-17));
#9805=DIRECTION('',(1.224646799147E-16,1.359631073447E-32,1.));
#9806=DIRECTION('',(-1.110223024625E-16,1.,-6.92712190079319E-45));
#9807=DIRECTION('',(-1.,-1.110223024625E-16,1.224646799147E-16));
#9808=DIRECTION('',(1.224646799147E-16,1.359631073447E-32,1.));
#9809=DIRECTION('',(0.707106781186548,-0.707106781186548,-8.65956056235244E-17));
#9810=DIRECTION('',(0.707106781186548,0.707106781186548,-8.65956056235244E-17));
#9811=DIRECTION('',(1.224646799147E-16,1.359631073447E-32,1.));
#9812=DIRECTION('',(-0.707106781186548,0.707106781186548,8.65956056235244E-17));
#9813=DIRECTION('',(-0.707106781186548,-0.707106781186548,8.65956056235244E-17));
#9814=DIRECTION('',(1.224646799147E-16,1.359631073447E-32,1.));
#9815=DIRECTION('',(1.110223024625E-16,-1.,6.92712190079319E-45));
#9816=DIRECTION('',(1.,1.110223024625E-16,-1.224646799147E-16));
#9817=DIRECTION('',(1.224646799147E-16,1.359631073447E-32,1.));
#9818=DIRECTION('',(0.707106781186548,0.707106781186548,-8.65956056235244E-17));
#9819=DIRECTION('',(-0.707106781186548,0.707106781186548,8.65956056235244E-17));
#9820=DIRECTION('',(1.224646799147E-16,1.359631073447E-32,1.));
#9821=DIRECTION('',(-0.707106781186548,-0.707106781186548,8.65956056235244E-17));
#9822=DIRECTION('',(0.707106781186548,-0.707106781186548,-8.65956056235244E-17));
#9823=DIRECTION('',(1.224646799147E-16,1.359631073447E-32,1.));
#9824=DIRECTION('',(-1.110223024625E-16,1.,-6.92712190079319E-45));
#9825=DIRECTION('',(-1.,-1.110223024625E-16,1.224646799147E-16));
#9826=DIRECTION('',(1.224646799147E-16,1.359631073447E-32,1.));
#9827=DIRECTION('',(0.707106781186548,-0.707106781186548,-8.65956056235244E-17));
#9828=DIRECTION('',(0.707106781186548,0.707106781186548,-8.65956056235244E-17));
#9829=DIRECTION('',(1.224646799147E-16,1.359631073447E-32,1.));
#9830=DIRECTION('',(-0.707106781186548,0.707106781186548,8.65956056235244E-17));
#9831=DIRECTION('',(-0.707106781186548,-0.707106781186548,8.65956056235244E-17));
#9832=DIRECTION('',(1.224646799147E-16,1.359631073447E-32,1.));
#9833=DIRECTION('',(1.110223024625E-16,-1.,6.92712190079319E-45));
#9834=DIRECTION('',(1.,1.110223024625E-16,-1.224646799147E-16));
#9835=DIRECTION('',(1.224646799147E-16,1.359631073447E-32,1.));
#9836=DIRECTION('',(0.707106781186548,0.707106781186548,-8.65956056235244E-17));
#9837=DIRECTION('',(-0.707106781186548,0.707106781186548,8.65956056235244E-17));
#9838=DIRECTION('',(1.224646799147E-16,1.359631073447E-32,1.));
#9839=DIRECTION('',(-0.707106781186548,-0.707106781186548,8.65956056235244E-17));
#9840=DIRECTION('',(0.707106781186548,-0.707106781186548,-8.65956056235244E-17));
#9841=DIRECTION('',(1.224646799147E-16,1.359631073447E-32,1.));
#9842=DIRECTION('',(-1.110223024625E-16,1.,-6.92712190079319E-45));
#9843=DIRECTION('',(-1.,-1.110223024625E-16,1.224646799147E-16));
#9844=DIRECTION('',(1.224646799147E-16,1.359631073447E-32,1.));
#9845=DIRECTION('',(0.707106781186548,-0.707106781186548,-8.65956056235244E-17));
#9846=DIRECTION('',(0.707106781186548,0.707106781186548,-8.65956056235244E-17));
#9847=DIRECTION('',(1.224646799147E-16,1.359631073447E-32,1.));
#9848=DIRECTION('',(-0.707106781186548,0.707106781186548,8.65956056235244E-17));
#9849=DIRECTION('',(-0.707106781186548,-0.707106781186548,8.65956056235244E-17));
#9850=DIRECTION('',(1.224646799147E-16,1.359631073447E-32,1.));
#9851=DIRECTION('',(1.110223024625E-16,-1.,6.92712190079319E-45));
#9852=DIRECTION('',(1.,1.110223024625E-16,-1.224646799147E-16));
#9853=DIRECTION('',(1.224646799147E-16,1.359631073447E-32,1.));
#9854=DIRECTION('',(0.707106781186548,0.707106781186548,-8.65956056235244E-17));
#9855=DIRECTION('',(-0.707106781186548,0.707106781186548,8.65956056235244E-17));
#9856=DIRECTION('',(1.224646799147E-16,1.359631073447E-32,1.));
#9857=DIRECTION('',(-0.707106781186548,-0.707106781186548,8.65956056235244E-17));
#9858=DIRECTION('',(0.707106781186548,-0.707106781186548,-8.65956056235244E-17));
#9859=DIRECTION('',(1.224646799147E-16,1.359631073447E-32,1.));
#9860=DIRECTION('',(-1.110223024625E-16,1.,-6.92712190079319E-45));
#9861=DIRECTION('',(-1.,-1.110223024625E-16,1.224646799147E-16));
#9862=DIRECTION('',(1.224646799147E-16,1.359631073447E-32,1.));
#9863=DIRECTION('',(-1.,-1.110223024625E-16,1.224646799147E-16));
#9864=DIRECTION('',(1.110223024625E-16,-1.,6.92712190079319E-45));
#9865=DIRECTION('',(1.224646799147E-16,1.359631073447E-32,1.));
#9866=DIRECTION('',(-0.707106781186548,0.707106781186548,8.65956056235244E-17));
#9867=DIRECTION('',(-0.707106781186548,-0.707106781186548,8.65956056235244E-17));
#9868=DIRECTION('',(-1.,-1.110223024625E-16,1.224646799147E-16));
#9869=DIRECTION('',(-1.224646799147E-16,-1.359631073447E-32,-1.));
#9870=DIRECTION('',(-1.224646799147E-16,-1.359631073447E-32,-1.));
#9871=DIRECTION('',(1.110223024625E-16,-1.,6.92712190079319E-45));
#9872=DIRECTION('',(-1.224646799147E-16,-1.359631073447E-32,-1.));
#9873=DIRECTION('',(1.110223024625E-16,-1.,6.92712190079319E-45));
#9874=DIRECTION('',(-1.224646799147E-16,-1.359631073447E-32,-1.));
#9875=DIRECTION('',(1.,1.110223024625E-16,-1.224646799147E-16));
#9876=DIRECTION('',(-1.224646799147E-16,-1.359631073447E-32,-1.));
#9877=DIRECTION('',(-1.,-1.110223024625E-16,1.224646799147E-16));
#9878=DIRECTION('',(-1.224646799147E-16,-1.359631073447E-32,-1.));
#9879=DIRECTION('',(-1.12249251174153E-16,1.,1.22694871165301E-18));
#9880=DIRECTION('',(-1.224646799147E-16,-1.359631073447E-32,-1.));
#9881=DIRECTION('',(1.110223024625E-16,-1.,6.92712190079319E-45));
#9882=DIRECTION('',(-1.224646799147E-16,-1.359631073447E-32,-1.));
#9883=DIRECTION('',(-1.,-1.09795353750847E-16,1.23691628626353E-16));
#9884=DIRECTION('',(-1.,-1.110223024625E-16,1.224646799147E-16));
#9885=DIRECTION('',(-1.224646799147E-16,-1.359631073447E-32,-1.));
#9886=DIRECTION('',(-1.224646799147E-16,-1.359631073447E-32,-1.));
#9887=DIRECTION('',(-1.12249251174153E-16,1.,1.22694871165301E-18));
#9888=DIRECTION('',(-1.224646799147E-16,-1.359631073447E-32,-1.));
#9889=DIRECTION('',(1.110223024625E-16,-1.,6.92712190079319E-45));
#9890=DIRECTION('',(-1.224646799147E-16,-1.359631073447E-32,-1.));
#9891=DIRECTION('',(-1.,-1.09795353750847E-16,1.23691628626353E-16));
#9892=DIRECTION('',(-1.224646799147E-16,-1.359631073447E-32,-1.));
#9893=DIRECTION('',(-1.,-1.110223024625E-16,1.224646799147E-16));
#9894=DIRECTION('',(-1.224646799147E-16,-1.359631073447E-32,-1.));
#9895=DIRECTION('',(1.110223024625E-16,-1.,6.92712190079319E-45));
#9896=DIRECTION('',(-1.224646799147E-16,-1.359631073447E-32,-1.));
#9897=DIRECTION('',(1.110223024625E-16,-1.,6.92712190079319E-45));
#9898=DIRECTION('',(-1.224646799147E-16,-1.359631073447E-32,-1.));
#9899=DIRECTION('',(1.,1.110223024625E-16,-1.224646799147E-16));
#9900=DIRECTION('',(1.110223024625E-16,-1.,6.92712190079319E-45));
#9901=DIRECTION('',(-1.224646799147E-16,-1.359631073447E-32,-1.));
#9902=DIRECTION('',(-1.224646799147E-16,-1.359631073447E-32,-1.));
#9903=DIRECTION('',(1.,1.110223024625E-16,-1.224646799147E-16));
#9904=DIRECTION('',(-1.224646799147E-16,-1.359631073447E-32,-1.));
#9905=DIRECTION('',(-1.,-1.110223024625E-16,1.224646799147E-16));
#9906=DIRECTION('',(-1.224646799147E-16,-1.359631073447E-32,-1.));
#9907=DIRECTION('',(-1.12249251174153E-16,1.,1.22694871165301E-18));
#9908=DIRECTION('',(-1.224646799147E-16,-1.359631073447E-32,-1.));
#9909=DIRECTION('',(1.110223024625E-16,-1.,6.92712190079319E-45));
#9910=DIRECTION('',(-1.224646799147E-16,-1.359631073447E-32,-1.));
#9911=DIRECTION('',(-1.,-1.09795353750847E-16,1.23691628626353E-16));
#9912=DIRECTION('',(-1.224646799147E-16,-1.359631073447E-32,-1.));
#9913=DIRECTION('',(-1.,-1.110223024625E-16,1.224646799147E-16));
#9914=DIRECTION('',(-1.224646799147E-16,-1.359631073447E-32,-1.));
#9915=DIRECTION('',(1.110223024625E-16,-1.,6.92712190079319E-45));
#9916=DIRECTION('',(-1.,-1.110223024625E-16,1.224646799147E-16));
#9917=DIRECTION('',(-1.224646799147E-16,-1.359631073447E-32,-1.));
#9918=DIRECTION('',(-1.224646799147E-16,-1.359631073447E-32,-1.));
#9919=DIRECTION('',(-1.12249251174153E-16,1.,1.22694871165301E-18));
#9920=DIRECTION('',(-1.224646799147E-16,-1.359631073447E-32,-1.));
#9921=DIRECTION('',(1.110223024625E-16,-1.,6.92712190079319E-45));
#9922=DIRECTION('',(-1.224646799147E-16,-1.359631073447E-32,-1.));
#9923=DIRECTION('',(-1.,-1.09795353750847E-16,1.23691628626353E-16));
#9924=DIRECTION('',(-1.224646799147E-16,-1.359631073447E-32,-1.));
#9925=DIRECTION('',(-1.,-1.110223024625E-16,1.224646799147E-16));
#9926=DIRECTION('',(-1.224646799147E-16,-1.359631073447E-32,-1.));
#9927=DIRECTION('',(1.110223024625E-16,-1.,6.92712190079319E-45));
#9928=DIRECTION('',(-1.224646799147E-16,-1.359631073447E-32,-1.));
#9929=DIRECTION('',(1.110223024625E-16,-1.,6.92712190079319E-45));
#9930=DIRECTION('',(-1.224646799147E-16,-1.359631073447E-32,-1.));
#9931=DIRECTION('',(1.,1.110223024625E-16,-1.224646799147E-16));
#9932=DIRECTION('',(1.110223024625E-16,-1.,6.92712190079319E-45));
#9933=DIRECTION('',(-1.224646799147E-16,-1.359631073447E-32,-1.));
#9934=DIRECTION('',(-1.224646799147E-16,-1.359631073447E-32,-1.));
#9935=DIRECTION('',(1.,1.110223024625E-16,-1.224646799147E-16));
#9936=DIRECTION('',(-1.224646799147E-16,-1.359631073447E-32,-1.));
#9937=DIRECTION('',(-1.,-1.110223024625E-16,1.224646799147E-16));
#9938=DIRECTION('',(-1.224646799147E-16,-1.359631073447E-32,-1.));
#9939=DIRECTION('',(-1.12249251174153E-16,1.,1.22694871165301E-18));
#9940=DIRECTION('',(-1.224646799147E-16,-1.359631073447E-32,-1.));
#9941=DIRECTION('',(1.110223024625E-16,-1.,6.92712190079319E-45));
#9942=DIRECTION('',(-1.224646799147E-16,-1.359631073447E-32,-1.));
#9943=DIRECTION('',(-1.,-1.09795353750847E-16,1.23691628626353E-16));
#9944=DIRECTION('',(-1.224646799147E-16,-1.359631073447E-32,-1.));
#9945=DIRECTION('',(-1.,-1.110223024625E-16,1.224646799147E-16));
#9946=DIRECTION('',(-1.224646799147E-16,-1.359631073447E-32,-1.));
#9947=DIRECTION('',(1.110223024625E-16,-1.,6.92712190079319E-45));
#9948=DIRECTION('',(-1.,-1.110223024625E-16,1.224646799147E-16));
#9949=DIRECTION('',(-1.224646799147E-16,-1.359631073447E-32,-1.));
#9950=DIRECTION('',(-1.224646799147E-16,-1.359631073447E-32,-1.));
#9951=DIRECTION('',(-1.12249251174153E-16,1.,1.22694871165301E-18));
#9952=DIRECTION('',(-1.224646799147E-16,-1.359631073447E-32,-1.));
#9953=DIRECTION('',(1.110223024625E-16,-1.,6.92712190079319E-45));
#9954=DIRECTION('',(-1.224646799147E-16,-1.359631073447E-32,-1.));
#9955=DIRECTION('',(-1.,-1.09795353750847E-16,1.23691628626353E-16));
#9956=DIRECTION('',(-1.224646799147E-16,-1.359631073447E-32,-1.));
#9957=DIRECTION('',(-1.,-1.110223024625E-16,1.224646799147E-16));
#9958=DIRECTION('',(-1.224646799147E-16,-1.359631073447E-32,-1.));
#9959=DIRECTION('',(1.110223024625E-16,-1.,6.92712190079319E-45));
#9960=DIRECTION('',(-1.224646799147E-16,-1.359631073447E-32,-1.));
#9961=DIRECTION('',(1.110223024625E-16,-1.,6.92712190079319E-45));
#9962=DIRECTION('',(-1.224646799147E-16,-1.359631073447E-32,-1.));
#9963=DIRECTION('',(1.,1.110223024625E-16,-1.224646799147E-16));
#9964=DIRECTION('',(-1.,-1.110223024625E-16,1.224646799147E-16));
#9965=DIRECTION('',(-1.224646799147E-16,-1.359631073447E-32,-1.));
#9966=DIRECTION('',(-1.224646799147E-16,-1.359631073447E-32,-1.));
#9967=DIRECTION('',(1.110223024625E-16,-1.,6.92712190079319E-45));
#9968=DIRECTION('',(-1.224646799147E-16,-1.359631073447E-32,-1.));
#9969=DIRECTION('',(1.110223024625E-16,-1.,6.92712190079319E-45));
#9970=DIRECTION('',(-1.224646799147E-16,-1.359631073447E-32,-1.));
#9971=DIRECTION('',(1.,1.110223024625E-16,-1.224646799147E-16));
#9972=DIRECTION('',(-1.224646799147E-16,-1.359631073447E-32,-1.));
#9973=DIRECTION('',(-1.,-1.110223024625E-16,1.224646799147E-16));
#9974=DIRECTION('',(-1.224646799147E-16,-1.359631073447E-32,-1.));
#9975=DIRECTION('',(-1.12249251174153E-16,1.,1.22694871165301E-18));
#9976=DIRECTION('',(-1.224646799147E-16,-1.359631073447E-32,-1.));
#9977=DIRECTION('',(1.110223024625E-16,-1.,6.92712190079319E-45));
#9978=DIRECTION('',(-1.224646799147E-16,-1.359631073447E-32,-1.));
#9979=DIRECTION('',(-1.,-1.09795353750847E-16,1.23691628626353E-16));
#9980=DIRECTION('',(1.110223024625E-16,-1.,6.92712190079319E-45));
#9981=DIRECTION('',(-1.224646799147E-16,-1.359631073447E-32,-1.));
#9982=DIRECTION('',(-1.224646799147E-16,-1.359631073447E-32,-1.));
#9983=DIRECTION('',(1.,1.110223024625E-16,-1.224646799147E-16));
#9984=DIRECTION('',(-1.224646799147E-16,-1.359631073447E-32,-1.));
#9985=DIRECTION('',(-1.,-1.110223024625E-16,1.224646799147E-16));
#9986=DIRECTION('',(-1.224646799147E-16,-1.359631073447E-32,-1.));
#9987=DIRECTION('',(-1.12249251174153E-16,1.,1.22694871165301E-18));
#9988=DIRECTION('',(-1.224646799147E-16,-1.359631073447E-32,-1.));
#9989=DIRECTION('',(1.110223024625E-16,-1.,6.92712190079319E-45));
#9990=DIRECTION('',(-1.224646799147E-16,-1.359631073447E-32,-1.));
#9991=DIRECTION('',(-1.,-1.09795353750847E-16,1.23691628626353E-16));
#9992=DIRECTION('',(-1.224646799147E-16,-1.359631073447E-32,-1.));
#9993=DIRECTION('',(-1.,-1.110223024625E-16,1.224646799147E-16));
#9994=DIRECTION('',(-1.224646799147E-16,-1.359631073447E-32,-1.));
#9995=DIRECTION('',(1.110223024625E-16,-1.,6.92712190079319E-45));
#9996=DIRECTION('',(-1.,-1.110223024625E-16,1.224646799147E-16));
#9997=DIRECTION('',(-1.224646799147E-16,-1.359631073447E-32,-1.));
#9998=DIRECTION('',(-1.09795353750847E-16,1.,-1.22694871165301E-18));
#9999=DIRECTION('',(-1.224646799147E-16,-1.359631073447E-32,-1.));
#10000=DIRECTION('',(-1.224646799147E-16,-1.359631073447E-32,-1.));
#10001=DIRECTION('',(1.110223024625E-16,-1.,6.92712190079319E-45));
#10002=DIRECTION('',(-1.224646799147E-16,-1.359631073447E-32,-1.));
#10003=DIRECTION('',(-1.224646799147E-16,-1.359631073447E-32,-1.));
#10004=DIRECTION('',(-1.,-1.12249251174153E-16,1.21237731203047E-16));
#10005=DIRECTION('',(-1.,-1.110223024625E-16,1.224646799147E-16));
#10006=DIRECTION('',(-1.224646799147E-16,-1.359631073447E-32,-1.));
#10007=DIRECTION('',(-1.224646799147E-16,-1.359631073447E-32,-1.));
#10008=DIRECTION('',(1.110223024625E-16,-1.,6.92712190079319E-45));
#10009=DIRECTION('',(1.110223024625E-16,-1.,6.92712190079319E-45));
#10010=DIRECTION('',(-1.224646799147E-16,-1.359631073447E-32,-1.));
#10011=DIRECTION('',(1.,1.110223024625E-16,-1.224646799147E-16));
#10012=DIRECTION('',(-1.,-1.110223024625E-16,1.224646799147E-16));
#10013=DIRECTION('',(-1.224646799147E-16,-1.359631073447E-32,-1.));
#10014=DIRECTION('',(-1.224646799147E-16,-1.359631073447E-32,-1.));
#10015=DIRECTION('',(-1.224646799147E-16,-1.359631073447E-32,-1.));
#10016=DIRECTION('',(1.110223024625E-16,-1.,6.92712190079319E-45));
#10017=DIRECTION('',(1.110223024625E-16,-1.,6.92712190079319E-45));
#10018=DIRECTION('',(-1.224646799147E-16,-1.359631073447E-32,-1.));
#10019=DIRECTION('',(1.,1.110223024625E-16,-1.224646799147E-16));
#10020=DIRECTION('',(-1.224646799147E-16,-1.359631073447E-32,-1.));
#10021=DIRECTION('',(-1.,-1.110223024625E-16,1.224646799147E-16));
#10022=DIRECTION('',(-1.224646799147E-16,-1.359631073447E-32,-1.));
#10023=DIRECTION('',(-1.09795353750847E-16,1.,-1.22694871165301E-18));
#10024=DIRECTION('',(-1.224646799147E-16,-1.359631073447E-32,-1.));
#10025=DIRECTION('',(1.110223024625E-16,-1.,6.92712190079319E-45));
#10026=DIRECTION('',(-1.224646799147E-16,-1.359631073447E-32,-1.));
#10027=DIRECTION('',(-1.,-1.12249251174153E-16,1.21237731203047E-16));
#10028=DIRECTION('',(1.110223024625E-16,-1.,6.92712190079319E-45));
#10029=DIRECTION('',(-1.224646799147E-16,-1.359631073447E-32,-1.));
#10030=DIRECTION('',(-1.224646799147E-16,-1.359631073447E-32,-1.));
#10031=DIRECTION('',(-1.224646799147E-16,-1.359631073447E-32,-1.));
#10032=DIRECTION('',(-1.,-1.12249251174153E-16,1.21237731203047E-16));
#10033=DIRECTION('',(-1.,-1.110223024625E-16,1.224646799147E-16));
#10034=DIRECTION('',(-1.224646799147E-16,-1.359631073447E-32,-1.));
#10035=DIRECTION('',(-1.224646799147E-16,-1.359631073447E-32,-1.));
#10036=DIRECTION('',(1.110223024625E-16,-1.,6.92712190079319E-45));
#10037=DIRECTION('',(1.110223024625E-16,-1.,6.92712190079319E-45));
#10038=DIRECTION('',(-1.224646799147E-16,-1.359631073447E-32,-1.));
#10039=DIRECTION('',(1.,1.110223024625E-16,-1.224646799147E-16));
#10040=DIRECTION('',(-1.224646799147E-16,-1.359631073447E-32,-1.));
#10041=DIRECTION('',(-1.,-1.110223024625E-16,1.224646799147E-16));
#10042=DIRECTION('',(-1.224646799147E-16,-1.359631073447E-32,-1.));
#10043=DIRECTION('',(-1.09795353750847E-16,1.,-1.22694871165301E-18));
#10044=DIRECTION('',(-1.,-1.110223024625E-16,1.224646799147E-16));
#10045=DIRECTION('',(-1.224646799147E-16,-1.359631073447E-32,-1.));
#10046=DIRECTION('',(-1.224646799147E-16,-1.359631073447E-32,-1.));
#10047=DIRECTION('',(-1.224646799147E-16,-1.359631073447E-32,-1.));
#10048=DIRECTION('',(1.110223024625E-16,-1.,6.92712190079319E-45));
#10049=DIRECTION('',(1.110223024625E-16,-1.,6.92712190079319E-45));
#10050=DIRECTION('',(-1.224646799147E-16,-1.359631073447E-32,-1.));
#10051=DIRECTION('',(1.,1.110223024625E-16,-1.224646799147E-16));
#10052=DIRECTION('',(-1.224646799147E-16,-1.359631073447E-32,-1.));
#10053=DIRECTION('',(-1.,-1.110223024625E-16,1.224646799147E-16));
#10054=DIRECTION('',(-1.224646799147E-16,-1.359631073447E-32,-1.));
#10055=DIRECTION('',(-1.09795353750847E-16,1.,-1.22694871165301E-18));
#10056=DIRECTION('',(-1.224646799147E-16,-1.359631073447E-32,-1.));
#10057=DIRECTION('',(1.110223024625E-16,-1.,6.92712190079319E-45));
#10058=DIRECTION('',(-1.224646799147E-16,-1.359631073447E-32,-1.));
#10059=DIRECTION('',(-1.,-1.12249251174153E-16,1.21237731203047E-16));
#10060=DIRECTION('',(1.110223024625E-16,-1.,6.92712190079319E-45));
#10061=DIRECTION('',(-1.224646799147E-16,-1.359631073447E-32,-1.));
#10062=DIRECTION('',(-1.224646799147E-16,-1.359631073447E-32,-1.));
#10063=DIRECTION('',(-1.224646799147E-16,-1.359631073447E-32,-1.));
#10064=DIRECTION('',(-1.,-1.12249251174153E-16,1.21237731203047E-16));
#10065=DIRECTION('',(-1.,-1.110223024625E-16,1.224646799147E-16));
#10066=DIRECTION('',(-1.224646799147E-16,-1.359631073447E-32,-1.));
#10067=DIRECTION('',(-1.224646799147E-16,-1.359631073447E-32,-1.));
#10068=DIRECTION('',(1.110223024625E-16,-1.,6.92712190079319E-45));
#10069=DIRECTION('',(1.110223024625E-16,-1.,6.92712190079319E-45));
#10070=DIRECTION('',(-1.224646799147E-16,-1.359631073447E-32,-1.));
#10071=DIRECTION('',(1.,1.110223024625E-16,-1.224646799147E-16));
#10072=DIRECTION('',(-1.224646799147E-16,-1.359631073447E-32,-1.));
#10073=DIRECTION('',(-1.,-1.110223024625E-16,1.224646799147E-16));
#10074=DIRECTION('',(-1.224646799147E-16,-1.359631073447E-32,-1.));
#10075=DIRECTION('',(-1.09795353750847E-16,1.,-1.22694871165301E-18));
#10076=DIRECTION('',(-1.,-1.110223024625E-16,1.224646799147E-16));
#10077=DIRECTION('',(-1.224646799147E-16,-1.359631073447E-32,-1.));
#10078=DIRECTION('',(-1.224646799147E-16,-1.359631073447E-32,-1.));
#10079=DIRECTION('',(-1.224646799147E-16,-1.359631073447E-32,-1.));
#10080=DIRECTION('',(1.110223024625E-16,-1.,6.92712190079319E-45));
#10081=DIRECTION('',(1.110223024625E-16,-1.,6.92712190079319E-45));
#10082=DIRECTION('',(-1.224646799147E-16,-1.359631073447E-32,-1.));
#10083=DIRECTION('',(1.,1.110223024625E-16,-1.224646799147E-16));
#10084=DIRECTION('',(-1.224646799147E-16,-1.359631073447E-32,-1.));
#10085=DIRECTION('',(-1.,-1.110223024625E-16,1.224646799147E-16));
#10086=DIRECTION('',(-1.224646799147E-16,-1.359631073447E-32,-1.));
#10087=DIRECTION('',(-1.09795353750847E-16,1.,-1.22694871165301E-18));
#10088=DIRECTION('',(-1.224646799147E-16,-1.359631073447E-32,-1.));
#10089=DIRECTION('',(1.110223024625E-16,-1.,6.92712190079319E-45));
#10090=DIRECTION('',(-1.224646799147E-16,-1.359631073447E-32,-1.));
#10091=DIRECTION('',(-1.,-1.12249251174153E-16,1.21237731203047E-16));
#10092=DIRECTION('',(-1.,-1.110223024625E-16,1.224646799147E-16));
#10093=DIRECTION('',(-1.224646799147E-16,-1.359631073447E-32,-1.));
#10094=DIRECTION('',(-1.09795353750847E-16,1.,-1.22694871165301E-18));
#10095=DIRECTION('',(-1.224646799147E-16,-1.359631073447E-32,-1.));
#10096=DIRECTION('',(-1.224646799147E-16,-1.359631073447E-32,-1.));
#10097=DIRECTION('',(1.110223024625E-16,-1.,6.92712190079319E-45));
#10098=DIRECTION('',(-1.224646799147E-16,-1.359631073447E-32,-1.));
#10099=DIRECTION('',(-1.224646799147E-16,-1.359631073447E-32,-1.));
#10100=DIRECTION('',(-1.,-1.12249251174153E-16,1.21237731203047E-16));
#10101=DIRECTION('',(-1.,-1.110223024625E-16,1.224646799147E-16));
#10102=DIRECTION('',(-1.224646799147E-16,-1.359631073447E-32,-1.));
#10103=DIRECTION('',(-1.224646799147E-16,-1.359631073447E-32,-1.));
#10104=DIRECTION('',(1.110223024625E-16,-1.,6.92712190079319E-45));
#10105=DIRECTION('',(1.110223024625E-16,-1.,6.92712190079319E-45));
#10106=DIRECTION('',(-1.224646799147E-16,-1.359631073447E-32,-1.));
#10107=DIRECTION('',(1.,1.110223024625E-16,-1.224646799147E-16));
#10108=DIRECTION('',(1.110223024625E-16,-1.,6.92712190079319E-45));
#10109=DIRECTION('',(-1.224646799147E-16,-1.359631073447E-32,-1.));
#10110=DIRECTION('',(-1.224646799147E-16,-1.359631073447E-32,-1.));
#10111=DIRECTION('',(-1.224646799147E-16,-1.359631073447E-32,-1.));
#10112=DIRECTION('',(-1.,-1.12249251174153E-16,1.21237731203047E-16));
#10113=DIRECTION('',(-1.,-1.110223024625E-16,1.224646799147E-16));
#10114=DIRECTION('',(-1.224646799147E-16,-1.359631073447E-32,-1.));
#10115=DIRECTION('',(-1.224646799147E-16,-1.359631073447E-32,-1.));
#10116=DIRECTION('',(1.110223024625E-16,-1.,6.92712190079319E-45));
#10117=DIRECTION('',(1.110223024625E-16,-1.,6.92712190079319E-45));
#10118=DIRECTION('',(-1.224646799147E-16,-1.359631073447E-32,-1.));
#10119=DIRECTION('',(1.,1.110223024625E-16,-1.224646799147E-16));
#10120=DIRECTION('',(-1.224646799147E-16,-1.359631073447E-32,-1.));
#10121=DIRECTION('',(-1.,-1.110223024625E-16,1.224646799147E-16));
#10122=DIRECTION('',(-1.224646799147E-16,-1.359631073447E-32,-1.));
#10123=DIRECTION('',(-1.09795353750847E-16,1.,-1.22694871165301E-18));
#10124=DIRECTION('',(0.707106781186548,7.67694554258219E-17,0.707106781186548));
#10125=DIRECTION('',(-1.09795353750847E-16,1.,1.22694871165301E-18));
#10126=DIRECTION('',(-1.09795353750847E-16,1.,1.22694871165301E-18));
#10127=DIRECTION('',(-0.577350269189626,0.577350269189625,0.577350269189626));
#10128=DIRECTION('',(-0.577350269189626,-0.577350269189625,0.577350269189626));
#10129=DIRECTION('',(-1.66835396066058E-16,0.707106781186548,-0.707106781186548));
#10130=DIRECTION('',(-1.,-1.12249251174153E-16,1.23691628626353E-16));
#10131=DIRECTION('',(-1.,-1.12249251174153E-16,1.23691628626353E-16));
#10132=DIRECTION('',(0.577350269189626,0.577350269189625,0.577350269189626));
#10133=DIRECTION('',(0.707106781186548,8.02397904425336E-17,-0.707106781186548));
#10134=DIRECTION('',(-1.12249251174153E-16,1.,1.22694871165301E-18));
#10135=DIRECTION('',(0.577350269189626,-0.577350269189625,0.577350269189626));
#10136=DIRECTION('',(1.110223024625E-16,-1.,6.92712190079319E-45));
#10137=DIRECTION('',(9.82615019770256E-18,0.707106781186548,0.707106781186548));
#10138=DIRECTION('',(-1.,-1.09795353750847E-16,1.23691628626353E-16));
#10139=DIRECTION('',(-1.,-1.110223024625E-16,1.224646799147E-16));
#10140=DIRECTION('',(0.707106781186548,8.02397904425336E-17,-0.707106781186548));
#10141=DIRECTION('',(-1.12249251174153E-16,1.,1.22694871165301E-18));
#10142=DIRECTION('',(0.577350269189626,-0.577350269189625,0.577350269189626));
#10143=DIRECTION('',(0.577350269189626,0.577350269189625,0.577350269189626));
#10144=DIRECTION('',(1.110223024625E-16,-1.,6.92712190079319E-45));
#10145=DIRECTION('',(9.82615019770256E-18,0.707106781186548,0.707106781186548));
#10146=DIRECTION('',(-1.,-1.09795353750847E-16,1.23691628626353E-16));
#10147=DIRECTION('',(-0.577350269189626,-0.577350269189625,0.577350269189626));
#10148=DIRECTION('',(-1.,-1.110223024625E-16,1.224646799147E-16));
#10149=DIRECTION('',(0.707106781186548,7.67694554258219E-17,0.707106781186548));
#10150=DIRECTION('',(-1.09795353750847E-16,1.,1.22694871165301E-18));
#10151=DIRECTION('',(-1.09795353750847E-16,1.,1.22694871165301E-18));
#10152=DIRECTION('',(-0.577350269189626,0.577350269189625,0.577350269189626));
#10153=DIRECTION('',(-1.66835396066058E-16,0.707106781186548,-0.707106781186548));
#10154=DIRECTION('',(-1.,-1.12249251174153E-16,1.23691628626353E-16));
#10155=DIRECTION('',(-1.,-1.12249251174153E-16,1.23691628626353E-16));
#10156=DIRECTION('',(-1.66835396066058E-16,0.707106781186548,-0.707106781186548));
#10157=DIRECTION('',(-1.,-1.12249251174153E-16,1.23691628626353E-16));
#10158=DIRECTION('',(-1.,-1.12249251174153E-16,1.23691628626353E-16));
#10159=DIRECTION('',(0.577350269189626,0.577350269189625,0.577350269189626));
#10160=DIRECTION('',(-0.577350269189626,0.577350269189625,0.577350269189626));
#10161=DIRECTION('',(0.707106781186548,8.02397904425336E-17,-0.707106781186548));
#10162=DIRECTION('',(-1.12249251174153E-16,1.,1.22694871165301E-18));
#10163=DIRECTION('',(0.577350269189626,-0.577350269189625,0.577350269189626));
#10164=DIRECTION('',(1.110223024625E-16,-1.,6.92712190079319E-45));
#10165=DIRECTION('',(9.82615019770256E-18,0.707106781186548,0.707106781186548));
#10166=DIRECTION('',(-1.,-1.09795353750847E-16,1.23691628626353E-16));
#10167=DIRECTION('',(-0.577350269189626,-0.577350269189625,0.577350269189626));
#10168=DIRECTION('',(-1.,-1.110223024625E-16,1.224646799147E-16));
#10169=DIRECTION('',(0.707106781186548,7.67694554258219E-17,0.707106781186548));
#10170=DIRECTION('',(-1.09795353750847E-16,1.,1.22694871165301E-18));
#10171=DIRECTION('',(-1.09795353750847E-16,1.,1.22694871165301E-18));
#10172=DIRECTION('',(0.707106781186548,8.02397904425336E-17,-0.707106781186548));
#10173=DIRECTION('',(-1.12249251174153E-16,1.,1.22694871165301E-18));
#10174=DIRECTION('',(0.577350269189618,-0.577350269189629,0.57735026918963));
#10175=DIRECTION('',(0.577350269189623,0.577350269189628,0.577350269189626));
#10176=DIRECTION('',(1.110223024625E-16,-1.,6.92712190079319E-45));
#10177=DIRECTION('',(9.82615019770256E-18,0.707106781186548,0.707106781186548));
#10178=DIRECTION('',(-1.,-1.09795353750847E-16,1.23691628626353E-16));
#10179=DIRECTION('',(-0.577350269189626,-0.577350269189625,0.577350269189626));
#10180=DIRECTION('',(-1.,-1.110223024625E-16,1.224646799147E-16));
#10181=DIRECTION('',(0.707106781186548,7.67694554258219E-17,0.707106781186548));
#10182=DIRECTION('',(-1.09795353750847E-16,1.,1.22694871165301E-18));
#10183=DIRECTION('',(-1.09795353750847E-16,1.,1.22694871165301E-18));
#10184=DIRECTION('',(-0.577350269189626,0.577350269189625,0.577350269189626));
#10185=DIRECTION('',(-1.66835396066058E-16,0.707106781186548,-0.707106781186548));
#10186=DIRECTION('',(-1.,-1.12249251174153E-16,1.23691628626353E-16));
#10187=DIRECTION('',(-1.,-1.12249251174153E-16,1.23691628626353E-16));
#10188=DIRECTION('',(-1.66835396066058E-16,0.707106781186548,-0.707106781186548));
#10189=DIRECTION('',(-1.,-1.12249251174153E-16,1.23691628626353E-16));
#10190=DIRECTION('',(-1.,-1.12249251174153E-16,1.23691628626353E-16));
#10191=DIRECTION('',(0.577350269189626,0.577350269189625,0.577350269189626));
#10192=DIRECTION('',(-0.577350269189626,0.577350269189625,0.577350269189626));
#10193=DIRECTION('',(0.707106781186548,8.02397904425336E-17,-0.707106781186548));
#10194=DIRECTION('',(-1.12249251174153E-16,1.,1.22694871165301E-18));
#10195=DIRECTION('',(0.577350269189622,-0.577350269189627,0.577350269189628));
#10196=DIRECTION('',(1.110223024625E-16,-1.,6.92712190079319E-45));
#10197=DIRECTION('',(9.82615019770256E-18,0.707106781186548,0.707106781186548));
#10198=DIRECTION('',(-1.,-1.09795353750847E-16,1.23691628626353E-16));
#10199=DIRECTION('',(-0.577350269189626,-0.577350269189625,0.577350269189626));
#10200=DIRECTION('',(-1.,-1.110223024625E-16,1.224646799147E-16));
#10201=DIRECTION('',(0.707106781186548,7.67694554258219E-17,0.707106781186548));
#10202=DIRECTION('',(-1.09795353750847E-16,1.,1.22694871165301E-18));
#10203=DIRECTION('',(-1.09795353750847E-16,1.,1.22694871165301E-18));
#10204=DIRECTION('',(0.707106781186548,8.02397904425336E-17,-0.707106781186548));
#10205=DIRECTION('',(-1.12249251174153E-16,1.,1.22694871165301E-18));
#10206=DIRECTION('',(0.577350269189624,-0.577350269189626,0.577350269189627));
#10207=DIRECTION('',(0.577350269189626,0.577350269189626,0.577350269189626));
#10208=DIRECTION('',(1.110223024625E-16,-1.,6.92712190079319E-45));
#10209=DIRECTION('',(9.82615019770256E-18,0.707106781186548,0.707106781186548));
#10210=DIRECTION('',(-1.,-1.09795353750847E-16,1.23691628626353E-16));
#10211=DIRECTION('',(-0.577350269189626,-0.577350269189626,0.577350269189626));
#10212=DIRECTION('',(-1.,-1.110223024625E-16,1.224646799147E-16));
#10213=DIRECTION('',(0.707106781186548,7.67694554258219E-17,0.707106781186548));
#10214=DIRECTION('',(-1.09795353750847E-16,1.,1.22694871165301E-18));
#10215=DIRECTION('',(-1.09795353750847E-16,1.,1.22694871165301E-18));
#10216=DIRECTION('',(-0.577350269189624,0.577350269189626,0.577350269189627));
#10217=DIRECTION('',(-1.66835396066058E-16,0.707106781186548,-0.707106781186548));
#10218=DIRECTION('',(-1.,-1.12249251174153E-16,1.23691628626353E-16));
#10219=DIRECTION('',(-1.,-1.12249251174153E-16,1.23691628626353E-16));
#10220=DIRECTION('',(0.707106781186548,7.67694554258219E-17,0.707106781186548));
#10221=DIRECTION('',(-1.09795353750847E-16,1.,1.22694871165301E-18));
#10222=DIRECTION('',(-1.09795353750847E-16,1.,1.22694871165301E-18));
#10223=DIRECTION('',(-0.577350269189626,0.577350269189625,0.577350269189626));
#10224=DIRECTION('',(-0.577350269189626,-0.577350269189625,0.577350269189626));
#10225=DIRECTION('',(-1.66835396066058E-16,0.707106781186548,-0.707106781186548));
#10226=DIRECTION('',(-1.,-1.12249251174153E-16,1.23691628626353E-16));
#10227=DIRECTION('',(-1.,-1.12249251174153E-16,1.23691628626353E-16));
#10228=DIRECTION('',(0.577350269189626,0.577350269189625,0.577350269189626));
#10229=DIRECTION('',(0.707106781186548,8.02397904425336E-17,-0.707106781186548));
#10230=DIRECTION('',(-1.12249251174153E-16,1.,1.22694871165301E-18));
#10231=DIRECTION('',(0.577350269189626,-0.577350269189625,0.577350269189626));
#10232=DIRECTION('',(1.110223024625E-16,-1.,6.92712190079319E-45));
#10233=DIRECTION('',(9.82615019770256E-18,0.707106781186548,0.707106781186548));
#10234=DIRECTION('',(-1.,-1.09795353750847E-16,1.23691628626353E-16));
#10235=DIRECTION('',(-1.,-1.110223024625E-16,1.224646799147E-16));
#10236=DIRECTION('',(-1.66835396066058E-16,0.707106781186548,-0.707106781186548));
#10237=DIRECTION('',(-1.,-1.12249251174153E-16,1.23691628626353E-16));
#10238=DIRECTION('',(-1.,-1.12249251174153E-16,1.23691628626353E-16));
#10239=DIRECTION('',(0.577350269189626,0.577350269189625,0.577350269189627));
#10240=DIRECTION('',(-0.577350269189625,0.577350269189626,0.577350269189627));
#10241=DIRECTION('',(0.707106781186548,8.02397904425336E-17,-0.707106781186548));
#10242=DIRECTION('',(-1.12249251174153E-16,1.,1.22694871165301E-18));
#10243=DIRECTION('',(0.577350269189625,-0.577350269189626,0.577350269189627));
#10244=DIRECTION('',(1.110223024625E-16,-1.,6.92712190079319E-45));
#10245=DIRECTION('',(9.82615019770256E-18,0.707106781186548,0.707106781186548));
#10246=DIRECTION('',(-1.,-1.09795353750847E-16,1.23691628626353E-16));
#10247=DIRECTION('',(-0.577350269189626,-0.577350269189625,0.577350269189627));
#10248=DIRECTION('',(-1.,-1.110223024625E-16,1.224646799147E-16));
#10249=DIRECTION('',(0.707106781186548,7.67694554258219E-17,0.707106781186548));
#10250=DIRECTION('',(-1.09795353750847E-16,1.,1.22694871165301E-18));
#10251=DIRECTION('',(-1.09795353750847E-16,1.,1.22694871165301E-18));
#10252=DIRECTION('',(-0.707106781186548,-7.67694554258218E-17,0.707106781186548));
#10253=DIRECTION('',(-1.09795353750847E-16,1.,-1.22694871165301E-18));
#10254=DIRECTION('',(-0.577350269189629,-0.577350269189625,-0.577350269189623));
#10255=DIRECTION('',(-0.57735026918962,0.577350269189631,-0.577350269189626));
#10256=DIRECTION('',(1.110223024625E-16,-1.,6.92712190079319E-45));
#10257=DIRECTION('',(-6.35581518099079E-18,-0.707106781186548,-0.707106781186548));
#10258=DIRECTION('',(-1.,-1.12249251174153E-16,1.21237731203047E-16));
#10259=DIRECTION('',(0.577350269189629,0.577350269189625,-0.577350269189623));
#10260=DIRECTION('',(-1.,-1.110223024625E-16,1.224646799147E-16));
#10261=DIRECTION('',(-0.707106781186548,-8.02397904425336E-17,-0.707106781186548));
#10262=DIRECTION('',(-1.12249251174153E-16,1.,-1.22694871165301E-18));
#10263=DIRECTION('',(-1.12249251174153E-16,1.,-1.22694871165301E-18));
#10264=DIRECTION('',(0.577350269189628,-0.577350269189627,-0.577350269189622));
#10265=DIRECTION('',(1.63365061049346E-16,-0.707106781186548,0.707106781186548));
#10266=DIRECTION('',(-1.,-1.09795353750847E-16,1.21237731203047E-16));
#10267=DIRECTION('',(-1.,-1.09795353750847E-16,1.21237731203047E-16));
#10268=DIRECTION('',(-0.707106781186548,-8.02397904425336E-17,-0.707106781186548));
#10269=DIRECTION('',(-1.12249251174153E-16,1.,-1.22694871165301E-18));
#10270=DIRECTION('',(-1.12249251174153E-16,1.,-1.22694871165301E-18));
#10271=DIRECTION('',(0.577350269189629,0.577350269189625,-0.577350269189623));
#10272=DIRECTION('',(0.577350269189624,-0.577350269189629,-0.577350269189624));
#10273=DIRECTION('',(1.63365061049346E-16,-0.707106781186548,0.707106781186548));
#10274=DIRECTION('',(-1.,-1.09795353750847E-16,1.21237731203047E-16));
#10275=DIRECTION('',(-1.,-1.09795353750847E-16,1.21237731203047E-16));
#10276=DIRECTION('',(-0.577350269189629,-0.577350269189625,-0.577350269189623));
#10277=DIRECTION('',(-0.707106781186548,-7.67694554258218E-17,0.707106781186548));
#10278=DIRECTION('',(-1.09795353750847E-16,1.,-1.22694871165301E-18));
#10279=DIRECTION('',(-0.577350269189624,0.577350269189629,-0.577350269189624));
#10280=DIRECTION('',(1.110223024625E-16,-1.,6.92712190079319E-45));
#10281=DIRECTION('',(-6.35581518099079E-18,-0.707106781186548,-0.707106781186548));
#10282=DIRECTION('',(-1.,-1.12249251174153E-16,1.21237731203047E-16));
#10283=DIRECTION('',(-1.,-1.110223024625E-16,1.224646799147E-16));
#10284=DIRECTION('',(-6.35581518099079E-18,-0.707106781186548,-0.707106781186548));
#10285=DIRECTION('',(-1.,-1.12249251174153E-16,1.21237731203047E-16));
#10286=DIRECTION('',(-0.577350269189626,0.577350269189628,-0.577350269189623));
#10287=DIRECTION('',(0.577350269189629,0.577350269189625,-0.577350269189623));
#10288=DIRECTION('',(-1.,-1.110223024625E-16,1.224646799147E-16));
#10289=DIRECTION('',(-0.707106781186548,-8.02397904425336E-17,-0.707106781186548));
#10290=DIRECTION('',(-1.12249251174153E-16,1.,-1.22694871165301E-18));
#10291=DIRECTION('',(-1.12249251174153E-16,1.,-1.22694871165301E-18));
#10292=DIRECTION('',(0.577350269189626,-0.577350269189628,-0.577350269189623));
#10293=DIRECTION('',(1.63365061049346E-16,-0.707106781186548,0.707106781186548));
#10294=DIRECTION('',(-1.,-1.09795353750847E-16,1.21237731203047E-16));
#10295=DIRECTION('',(-1.,-1.09795353750847E-16,1.21237731203047E-16));
#10296=DIRECTION('',(-0.577350269189629,-0.577350269189625,-0.577350269189623));
#10297=DIRECTION('',(-0.707106781186548,-7.67694554258218E-17,0.707106781186548));
#10298=DIRECTION('',(-1.09795353750847E-16,1.,-1.22694871165301E-18));
#10299=DIRECTION('',(1.110223024625E-16,-1.,6.92712190079319E-45));
#10300=DIRECTION('',(-0.707106781186548,-8.02397904425336E-17,-0.707106781186548));
#10301=DIRECTION('',(-1.12249251174153E-16,1.,-1.22694871165301E-18));
#10302=DIRECTION('',(-1.12249251174153E-16,1.,-1.22694871165301E-18));
#10303=DIRECTION('',(0.577350269189621,0.577350269189629,-0.577350269189627));
#10304=DIRECTION('',(0.577350269189624,-0.577350269189629,-0.577350269189624));
#10305=DIRECTION('',(1.63365061049346E-16,-0.707106781186548,0.707106781186548));
#10306=DIRECTION('',(-1.,-1.09795353750847E-16,1.21237731203047E-16));
#10307=DIRECTION('',(-1.,-1.09795353750847E-16,1.21237731203047E-16));
#10308=DIRECTION('',(-0.577350269189629,-0.577350269189625,-0.577350269189623));
#10309=DIRECTION('',(-0.707106781186548,-7.67694554258218E-17,0.707106781186548));
#10310=DIRECTION('',(-1.09795353750847E-16,1.,-1.22694871165301E-18));
#10311=DIRECTION('',(-0.577350269189624,0.577350269189629,-0.577350269189624));
#10312=DIRECTION('',(1.110223024625E-16,-1.,6.92712190079319E-45));
#10313=DIRECTION('',(-6.35581518099079E-18,-0.707106781186548,-0.707106781186548));
#10314=DIRECTION('',(-1.,-1.12249251174153E-16,1.21237731203047E-16));
#10315=DIRECTION('',(-1.,-1.110223024625E-16,1.224646799147E-16));
#10316=DIRECTION('',(-6.35581518099079E-18,-0.707106781186548,-0.707106781186548));
#10317=DIRECTION('',(-1.,-1.12249251174153E-16,1.21237731203047E-16));
#10318=DIRECTION('',(-0.577350269189624,0.577350269189629,-0.577350269189624));
#10319=DIRECTION('',(0.577350269189625,0.577350269189627,-0.577350269189625));
#10320=DIRECTION('',(-1.,-1.110223024625E-16,1.224646799147E-16));
#10321=DIRECTION('',(-0.707106781186548,-8.02397904425336E-17,-0.707106781186548));
#10322=DIRECTION('',(-1.12249251174153E-16,1.,-1.22694871165301E-18));
#10323=DIRECTION('',(-1.12249251174153E-16,1.,-1.22694871165301E-18));
#10324=DIRECTION('',(0.577350269189624,-0.577350269189629,-0.577350269189624));
#10325=DIRECTION('',(1.63365061049346E-16,-0.707106781186548,0.707106781186548));
#10326=DIRECTION('',(-1.,-1.09795353750847E-16,1.21237731203047E-16));
#10327=DIRECTION('',(-1.,-1.09795353750847E-16,1.21237731203047E-16));
#10328=DIRECTION('',(-0.577350269189629,-0.577350269189625,-0.577350269189623));
#10329=DIRECTION('',(-0.707106781186548,-7.67694554258218E-17,0.707106781186548));
#10330=DIRECTION('',(-1.09795353750847E-16,1.,-1.22694871165301E-18));
#10331=DIRECTION('',(1.110223024625E-16,-1.,6.92712190079319E-45));
#10332=DIRECTION('',(-0.707106781186548,-8.02397904425336E-17,-0.707106781186548));
#10333=DIRECTION('',(-1.12249251174153E-16,1.,-1.22694871165301E-18));
#10334=DIRECTION('',(-1.12249251174153E-16,1.,-1.22694871165301E-18));
#10335=DIRECTION('',(0.577350269189627,0.577350269189626,-0.577350269189624));
#10336=DIRECTION('',(0.577350269189625,-0.577350269189629,-0.577350269189624));
#10337=DIRECTION('',(1.63365061049346E-16,-0.707106781186548,0.707106781186548));
#10338=DIRECTION('',(-1.,-1.09795353750847E-16,1.21237731203047E-16));
#10339=DIRECTION('',(-1.,-1.09795353750847E-16,1.21237731203047E-16));
#10340=DIRECTION('',(-0.577350269189627,-0.577350269189626,-0.577350269189624));
#10341=DIRECTION('',(-0.707106781186548,-7.67694554258218E-17,0.707106781186548));
#10342=DIRECTION('',(-1.09795353750847E-16,1.,-1.22694871165301E-18));
#10343=DIRECTION('',(-0.577350269189625,0.577350269189629,-0.577350269189624));
#10344=DIRECTION('',(1.110223024625E-16,-1.,6.92712190079319E-45));
#10345=DIRECTION('',(-6.35581518099079E-18,-0.707106781186548,-0.707106781186548));
#10346=DIRECTION('',(-1.,-1.12249251174153E-16,1.21237731203047E-16));
#10347=DIRECTION('',(-1.,-1.110223024625E-16,1.224646799147E-16));
#10348=DIRECTION('',(-0.707106781186548,-7.67694554258218E-17,0.707106781186548));
#10349=DIRECTION('',(-1.09795353750847E-16,1.,-1.22694871165301E-18));
#10350=DIRECTION('',(-0.577350269189629,-0.577350269189625,-0.577350269189623));
#10351=DIRECTION('',(-0.577350269189626,0.577350269189628,-0.577350269189623));
#10352=DIRECTION('',(1.110223024625E-16,-1.,6.92712190079319E-45));
#10353=DIRECTION('',(-6.35581518099079E-18,-0.707106781186548,-0.707106781186548));
#10354=DIRECTION('',(-1.,-1.12249251174153E-16,1.21237731203047E-16));
#10355=DIRECTION('',(0.577350269189629,0.577350269189625,-0.577350269189623));
#10356=DIRECTION('',(-1.,-1.110223024625E-16,1.224646799147E-16));
#10357=DIRECTION('',(-0.707106781186548,-8.02397904425336E-17,-0.707106781186548));
#10358=DIRECTION('',(-1.12249251174153E-16,1.,-1.22694871165301E-18));
#10359=DIRECTION('',(-1.12249251174153E-16,1.,-1.22694871165301E-18));
#10360=DIRECTION('',(0.577350269189626,-0.577350269189628,-0.577350269189623));
#10361=DIRECTION('',(1.63365061049346E-16,-0.707106781186548,0.707106781186548));
#10362=DIRECTION('',(-1.,-1.09795353750847E-16,1.21237731203047E-16));
#10363=DIRECTION('',(-1.,-1.09795353750847E-16,1.21237731203047E-16));
#10364=DIRECTION('',(-6.35581518099079E-18,-0.707106781186548,-0.707106781186548));
#10365=DIRECTION('',(-1.,-1.12249251174153E-16,1.21237731203047E-16));
#10366=DIRECTION('',(-0.577350269189625,0.577350269189628,-0.577350269189624));
#10367=DIRECTION('',(0.577350269189628,0.577350269189625,-0.577350269189624));
#10368=DIRECTION('',(-1.,-1.110223024625E-16,1.224646799147E-16));
#10369=DIRECTION('',(-0.707106781186548,-8.02397904425336E-17,-0.707106781186548));
#10370=DIRECTION('',(-1.12249251174153E-16,1.,-1.22694871165301E-18));
#10371=DIRECTION('',(-1.12249251174153E-16,1.,-1.22694871165301E-18));
#10372=DIRECTION('',(0.577350269189625,-0.577350269189628,-0.577350269189624));
#10373=DIRECTION('',(1.63365061049346E-16,-0.707106781186548,0.707106781186548));
#10374=DIRECTION('',(-1.,-1.09795353750847E-16,1.21237731203047E-16));
#10375=DIRECTION('',(-1.,-1.09795353750847E-16,1.21237731203047E-16));
#10376=DIRECTION('',(-0.577350269189628,-0.577350269189625,-0.577350269189624));
#10377=DIRECTION('',(-0.707106781186548,-7.67694554258218E-17,0.707106781186548));
#10378=DIRECTION('',(-1.09795353750847E-16,1.,-1.22694871165301E-18));
#10379=DIRECTION('',(1.110223024625E-16,-1.,6.92712190079319E-45));
#10380=DIRECTION('',(-1.224646799147E-16,-1.359631073447E-32,-1.));
#10381=DIRECTION('',(1.110223024625E-16,-1.,6.92712190079319E-45));
#10382=DIRECTION('',(-1.224646799147E-16,-1.359631073447E-32,-1.));
#10383=DIRECTION('',(1.110223024625E-16,-1.,6.92712190079319E-45));
#10384=DIRECTION('',(-1.224646799147E-16,-1.359631073447E-32,-1.));
#10385=DIRECTION('',(1.110223024625E-16,-1.,6.92712190079319E-45));
#10386=DIRECTION('',(-1.224646799147E-16,-1.359631073447E-32,-1.));
#10387=DIRECTION('',(1.110223024625E-16,-1.,6.92712190079319E-45));
#10388=DIRECTION('',(-1.224646799147E-16,-1.359631073447E-32,-1.));
#10389=DIRECTION('',(1.110223024625E-16,-1.,6.92712190079319E-45));
#10390=DIRECTION('',(-1.224646799147E-16,-1.359631073447E-32,-1.));
#10391=DIRECTION('',(1.110223024625E-16,-1.,6.92712190079319E-45));
#10392=DIRECTION('',(-1.224646799147E-16,-1.359631073447E-32,-1.));
#10393=DIRECTION('',(1.110223024625E-16,-1.,6.92712190079319E-45));
#10394=DIRECTION('',(-1.224646799147E-16,-1.359631073447E-32,-1.));
#10395=DIRECTION('',(1.110223024625E-16,-1.,6.92712190079319E-45));
#10396=DIRECTION('',(-1.224646799147E-16,-1.359631073447E-32,-1.));
#10397=DIRECTION('',(1.110223024625E-16,-1.,6.92712190079319E-45));
#10398=DIRECTION('',(-1.224646799147E-16,-1.359631073447E-32,-1.));
#10399=DIRECTION('',(1.110223024625E-16,-1.,6.92712190079319E-45));
#10400=DIRECTION('',(-1.224646799147E-16,-1.359631073447E-32,-1.));
#10401=DIRECTION('',(1.110223024625E-16,-1.,6.92712190079319E-45));
#10402=DIRECTION('',(-1.224646799147E-16,-1.359631073447E-32,-1.));
#10403=DIRECTION('',(1.110223024625E-16,-1.,6.92712190079319E-45));
#10404=DIRECTION('',(-1.224646799147E-16,-1.359631073447E-32,-1.));
#10405=DIRECTION('',(1.110223024625E-16,-1.,6.92712190079319E-45));
#10406=DIRECTION('',(-1.224646799147E-16,-1.359631073447E-32,-1.));
#10407=DIRECTION('',(1.110223024625E-16,-1.,6.92712190079319E-45));
#10408=DIRECTION('',(-1.224646799147E-16,-1.359631073447E-32,-1.));
#10409=DIRECTION('',(1.110223024625E-16,-1.,6.92712190079319E-45));
#10410=DIRECTION('',(-1.224646799147E-16,-1.359631073447E-32,-1.));
#10411=DIRECTION('',(1.110223024625E-16,-1.,6.92712190079319E-45));
#10412=DIRECTION('',(0.,0.,1.));
#10413=DIRECTION('',(1.,0.,0.));
#10414=DIRECTION('',(0.,2.2E-16,1.));
#10415=DIRECTION('',(1.,0.,0.));
#10416=DIRECTION('',(1.22464679914735E-16,-2.2E-16,-1.));
#10417=DIRECTION('',(0.,1.,-2.2E-16));
#10418=DIRECTION('',(0.,2.2E-16,1.));
#10419=DIRECTION('',(0.,-1.,2.2E-16));
#10420=DIRECTION('',(0.,1.,-2.2E-16));
#10421=DIRECTION('',(1.,0.,0.));
#10422=DIRECTION('',(-1.,-4.04133443718627E-32,-1.83697019872103E-16));
#10423=DIRECTION('',(-1.83697019872103E-16,0.,1.));
#10424=DIRECTION('',(1.,0.,0.));
#10425=DIRECTION('',(0.,-2.2E-16,-1.));
#10426=DIRECTION('',(-1.,-4.04133443718627E-32,-1.83697019872103E-16));
#10427=DIRECTION('',(-1.83697019872103E-16,0.,1.));
#10428=DIRECTION('',(0.,1.,-2.2E-16));
#10429=DIRECTION('',(1.,0.,0.));
#10430=DIRECTION('',(0.,2.2E-16,1.));
#10431=DIRECTION('',(0.,-1.,2.2E-16));
#10432=DIRECTION('',(0.,-2.2E-16,-1.));
#10433=DIRECTION('',(-1.,0.,0.));
#10434=DIRECTION('',(0.,-2.2E-16,-1.));
#10435=DIRECTION('',(0.,1.,-2.2E-16));
#10436=DIRECTION('',(0.,0.,-1.));
#10437=DIRECTION('',(-1.,0.,0.));
#10438=DIRECTION('',(0.,0.,1.));
#10439=DIRECTION('',(1.,0.,0.));
#10440=DIRECTION('',(0.,0.,1.));
#10441=DIRECTION('',(1.,0.,0.));
#10442=DIRECTION('',(1.,0.,0.));
#10443=DIRECTION('',(0.,9.92044604925E-16,1.));
#10444=DIRECTION('',(1.,0.,0.));
#10445=DIRECTION('',(0.,0.,-1.));
#10446=DIRECTION('',(1.,0.,0.));
#10447=DIRECTION('',(0.,0.,-1.));
#10448=DIRECTION('',(1.,0.,0.));
#10449=DIRECTION('',(0.,1.002044604925E-15,1.));
#10450=DIRECTION('',(1.,0.,0.));
#10451=DIRECTION('',(0.,0.,-1.));
#10452=DIRECTION('',(1.,0.,0.));
#10453=DIRECTION('',(0.,9.92044604925E-16,1.));
#10454=DIRECTION('',(1.,0.,0.));
#10455=DIRECTION('',(0.,0.,-1.));
#10456=DIRECTION('',(1.,0.,0.));
#10457=DIRECTION('',(0.,1.002044604925E-15,1.));
#10458=DIRECTION('',(1.,0.,0.));
#10459=DIRECTION('',(0.,0.,-1.));
#10460=DIRECTION('',(1.,0.,0.));
#10461=DIRECTION('',(0.,1.002044604925E-15,1.));
#10462=DIRECTION('',(-1.,0.,0.));
#10463=DIRECTION('',(0.,0.,1.));
#10464=DIRECTION('',(-1.,0.,0.));
#10465=DIRECTION('',(0.,1.002044604925E-15,1.));
#10466=DIRECTION('',(-1.,0.,0.));
#10467=DIRECTION('',(0.,0.,1.));
#10468=DIRECTION('',(-1.,0.,0.));
#10469=DIRECTION('',(0.,1.002044604925E-15,1.));
#10470=DIRECTION('',(-1.,0.,0.));
#10471=DIRECTION('',(0.,0.,1.));
#10472=DIRECTION('',(1.,0.,0.));
#10473=DIRECTION('',(0.,1.002044604925E-15,1.));
#10474=DIRECTION('',(1.,0.,0.));
#10475=DIRECTION('',(0.,1.002044604925E-15,1.));
#10476=DIRECTION('',(0.,0.,1.));
#10477=DIRECTION('',(1.,0.,0.));
#10478=DIRECTION('',(1.,0.,0.));
#10479=DIRECTION('',(0.,9.92044604925E-16,1.));
#10480=DIRECTION('',(1.,0.,0.));
#10481=DIRECTION('',(0.,0.,-1.));
#10482=DIRECTION('',(1.,0.,0.));
#10483=DIRECTION('',(0.,0.,-1.));
#10484=DIRECTION('',(1.,0.,0.));
#10485=DIRECTION('',(0.,1.002044604925E-15,1.));
#10486=DIRECTION('',(1.,0.,0.));
#10487=DIRECTION('',(0.,0.,-1.));
#10488=DIRECTION('',(1.,0.,0.));
#10489=DIRECTION('',(0.,9.92044604925E-16,1.));
#10490=DIRECTION('',(1.,0.,0.));
#10491=DIRECTION('',(0.,0.,-1.));
#10492=DIRECTION('',(1.,0.,0.));
#10493=DIRECTION('',(0.,1.002044604925E-15,1.));
#10494=DIRECTION('',(1.,0.,0.));
#10495=DIRECTION('',(0.,0.,-1.));
#10496=DIRECTION('',(1.,0.,0.));
#10497=DIRECTION('',(0.,1.002044604925E-15,1.));
#10498=DIRECTION('',(-1.,0.,0.));
#10499=DIRECTION('',(0.,0.,1.));
#10500=DIRECTION('',(-1.,0.,0.));
#10501=DIRECTION('',(0.,1.002044604925E-15,1.));
#10502=DIRECTION('',(-1.,0.,0.));
#10503=DIRECTION('',(0.,0.,1.));
#10504=DIRECTION('',(-1.,0.,0.));
#10505=DIRECTION('',(0.,1.002044604925E-15,1.));
#10506=DIRECTION('',(-1.,0.,0.));
#10507=DIRECTION('',(0.,0.,1.));
#10508=DIRECTION('',(1.,0.,0.));
#10509=DIRECTION('',(0.,1.002044604925E-15,1.));
#10510=DIRECTION('',(1.,0.,0.));
#10511=DIRECTION('',(0.,1.002044604925E-15,1.));
#10512=DIRECTION('',(0.,0.,1.));
#10513=DIRECTION('',(1.,0.,0.));
#10514=DIRECTION('',(0.,0.,-1.));
#10515=DIRECTION('',(1.,0.,0.));
#10516=DIRECTION('',(-8.559688641721E-35,6.014522413226E-35,1.));
#10517=DIRECTION('',(1.,0.,8.559688641721E-35));
#10518=DIRECTION('',(0.,0.,-1.));
#10519=DIRECTION('',(-1.,0.,0.));
#10520=DIRECTION('',(8.559688641721E-35,-6.014522413226E-35,-1.));
#10521=DIRECTION('',(1.,6.690258951221E-52,8.559688641721E-35));
#10522=DIRECTION('',(8.559688641721E-35,-6.014522413226E-35,-1.));
#10523=DIRECTION('',(-1.,0.,-8.559688641721E-35));
#10524=DIRECTION('',(-8.559688641721E-35,6.014522413226E-35,1.));
#10525=DIRECTION('',(1.,8.259101077374E-51,8.559688641721E-35));
#10526=DIRECTION('',(-8.559688641721E-35,6.014522413226E-35,1.));
#10527=DIRECTION('',(1.,0.,8.559688641721E-35));
#10528=DIRECTION('',(-8.559688641721E-35,6.014522413226E-35,1.));
#10529=DIRECTION('',(1.,0.,8.559688641721E-35));
#10530=DIRECTION('',(0.,0.,1.));
#10531=DIRECTION('',(1.,0.,0.));
#10532=DIRECTION('',(0.,0.,1.));
#10533=DIRECTION('',(1.,0.,0.));
#10534=DIRECTION('',(-8.559688641721E-35,6.014522413226E-35,1.));
#10535=DIRECTION('',(1.,0.,8.559688641721E-35));
#10536=DIRECTION('',(0.,0.,-1.));
#10537=DIRECTION('',(-1.,0.,0.));
#10538=DIRECTION('',(0.,0.,1.));
#10539=DIRECTION('',(1.,0.,0.));
#10540=DIRECTION('',(0.,0.,1.));
#10541=DIRECTION('',(1.,0.,0.));
#10542=DIRECTION('',(0.,0.,1.));
#10543=DIRECTION('',(1.,0.,0.));
#10544=DIRECTION('',(0.,0.,1.));
#10545=DIRECTION('',(1.,0.,0.));
#10546=DIRECTION('',(0.,0.,-1.));
#10547=DIRECTION('',(1.,0.,0.));
#10548=DIRECTION('',(0.,0.,-1.));
#10549=DIRECTION('',(-1.,0.,0.));
#10550=DIRECTION('',(0.,0.,-1.));
#10551=DIRECTION('',(1.,0.,0.));
#10552=DIRECTION('',(0.,0.,-1.));
#10553=DIRECTION('',(-1.,0.,0.));
#10554=DIRECTION('',(1.19708830782E-30,-3.357113761597E-32,-1.));
#10555=DIRECTION('',(1.,3.013010401886E-31,1.19708830782E-30));
#10556=DIRECTION('',(1.19708830782E-30,-3.357113761597E-32,-1.));
#10557=DIRECTION('',(-1.,0.,-1.19708830782E-30));
#10558=DIRECTION('',(-4.930380657631E-31,-1.632186346944E-32,1.));
#10559=DIRECTION('',(1.,0.,4.930380657631E-31));
#10560=DIRECTION('',(0.,0.,1.));
#10561=DIRECTION('',(1.,0.,0.));
#10562=DIRECTION('',(-1.19708830782E-30,3.357113761597E-32,1.));
#10563=DIRECTION('',(1.,0.,1.19708830782E-30));
#10564=DIRECTION('',(0.,0.,1.));
#10565=DIRECTION('',(1.,0.,0.));
#10566=DIRECTION('',(1.,0.,0.));
#10567=DIRECTION('',(0.,9.92044604925E-16,1.));
#10568=DIRECTION('',(1.,0.,0.));
#10569=DIRECTION('',(0.,0.,-1.));
#10570=DIRECTION('',(1.,0.,0.));
#10571=DIRECTION('',(0.,0.,-1.));
#10572=DIRECTION('',(1.,0.,0.));
#10573=DIRECTION('',(0.,1.002044604925E-15,1.));
#10574=DIRECTION('',(1.,0.,0.));
#10575=DIRECTION('',(0.,0.,-1.));
#10576=DIRECTION('',(1.,0.,0.));
#10577=DIRECTION('',(0.,9.92044604925E-16,1.));
#10578=DIRECTION('',(1.,0.,0.));
#10579=DIRECTION('',(0.,0.,-1.));
#10580=DIRECTION('',(1.,0.,0.));
#10581=DIRECTION('',(0.,1.002044604925E-15,1.));
#10582=DIRECTION('',(1.,0.,0.));
#10583=DIRECTION('',(0.,0.,-1.));
#10584=DIRECTION('',(1.,0.,0.));
#10585=DIRECTION('',(0.,1.002044604925E-15,1.));
#10586=DIRECTION('',(-1.,0.,0.));
#10587=DIRECTION('',(0.,0.,1.));
#10588=DIRECTION('',(-1.,0.,0.));
#10589=DIRECTION('',(0.,1.002044604925E-15,1.));
#10590=DIRECTION('',(-1.,0.,0.));
#10591=DIRECTION('',(0.,0.,1.));
#10592=DIRECTION('',(-1.,0.,0.));
#10593=DIRECTION('',(0.,1.002044604925E-15,1.));
#10594=DIRECTION('',(-1.,0.,0.));
#10595=DIRECTION('',(0.,0.,1.));
#10596=DIRECTION('',(1.,0.,0.));
#10597=DIRECTION('',(0.,1.002044604925E-15,1.));
#10598=DIRECTION('',(1.,0.,0.));
#10599=DIRECTION('',(0.,1.002044604925E-15,1.));
#10600=DIRECTION('',(0.,0.,1.));
#10601=DIRECTION('',(1.,0.,0.));
#10602=DIRECTION('',(1.,0.,0.));
#10603=DIRECTION('',(0.,9.92044604925E-16,1.));
#10604=DIRECTION('',(1.,0.,0.));
#10605=DIRECTION('',(0.,0.,-1.));
#10606=DIRECTION('',(1.,0.,0.));
#10607=DIRECTION('',(0.,0.,-1.));
#10608=DIRECTION('',(1.,0.,0.));
#10609=DIRECTION('',(0.,1.002044604925E-15,1.));
#10610=DIRECTION('',(1.,0.,0.));
#10611=DIRECTION('',(0.,0.,-1.));
#10612=DIRECTION('',(1.,0.,0.));
#10613=DIRECTION('',(0.,9.92044604925E-16,1.));
#10614=DIRECTION('',(1.,0.,0.));
#10615=DIRECTION('',(0.,0.,-1.));
#10616=DIRECTION('',(1.,0.,0.));
#10617=DIRECTION('',(0.,1.002044604925E-15,1.));
#10618=DIRECTION('',(1.,0.,0.));
#10619=DIRECTION('',(0.,0.,-1.));
#10620=DIRECTION('',(1.,0.,0.));
#10621=DIRECTION('',(0.,1.002044604925E-15,1.));
#10622=DIRECTION('',(-1.,0.,0.));
#10623=DIRECTION('',(0.,0.,1.));
#10624=DIRECTION('',(-1.,0.,0.));
#10625=DIRECTION('',(0.,1.002044604925E-15,1.));
#10626=DIRECTION('',(-1.,0.,0.));
#10627=DIRECTION('',(0.,0.,1.));
#10628=DIRECTION('',(-1.,0.,0.));
#10629=DIRECTION('',(0.,1.002044604925E-15,1.));
#10630=DIRECTION('',(-1.,0.,0.));
#10631=DIRECTION('',(0.,0.,1.));
#10632=DIRECTION('',(1.,0.,0.));
#10633=DIRECTION('',(0.,1.002044604925E-15,1.));
#10634=DIRECTION('',(1.,0.,0.));
#10635=DIRECTION('',(0.,1.002044604925E-15,1.));
#10636=DIRECTION('',(0.,0.,1.));
#10637=DIRECTION('',(1.,0.,0.));
#10638=DIRECTION('',(0.,2.2E-16,1.));
#10639=DIRECTION('',(1.,0.,0.));
#10640=DIRECTION('',(1.22464679914735E-16,-2.2E-16,-1.));
#10641=DIRECTION('',(0.,1.,-2.2E-16));
#10642=DIRECTION('',(0.,2.2E-16,1.));
#10643=DIRECTION('',(0.,-1.,2.2E-16));
#10644=DIRECTION('',(0.,1.,-2.2E-16));
#10645=DIRECTION('',(1.,0.,0.));
#10646=DIRECTION('',(-1.,-4.04133443718627E-32,-1.83697019872103E-16));
#10647=DIRECTION('',(-1.83697019872103E-16,0.,1.));
#10648=DIRECTION('',(1.,0.,0.));
#10649=DIRECTION('',(0.,-2.2E-16,-1.));
#10650=DIRECTION('',(-1.,-4.04133443718627E-32,-1.83697019872103E-16));
#10651=DIRECTION('',(-1.83697019872103E-16,0.,1.));
#10652=DIRECTION('',(0.,1.,-2.2E-16));
#10653=DIRECTION('',(1.,0.,0.));
#10654=DIRECTION('',(0.,2.2E-16,1.));
#10655=DIRECTION('',(0.,-1.,2.2E-16));
#10656=DIRECTION('',(0.,-2.2E-16,-1.));
#10657=DIRECTION('',(-1.,0.,0.));
#10658=DIRECTION('',(0.,-2.2E-16,-1.));
#10659=DIRECTION('',(0.,1.,-2.2E-16));
#10660=DIRECTION('',(0.,0.,-1.));
#10661=DIRECTION('',(-1.,0.,0.));
#10662=DIRECTION('',(0.,0.,1.));
#10663=DIRECTION('',(1.,0.,0.));
#10664=DIRECTION('',(0.,0.,1.));
#10665=DIRECTION('',(1.,0.,0.));
#10666=DIRECTION('',(1.,0.,0.));
#10667=DIRECTION('',(0.,9.92044604925E-16,1.));
#10668=DIRECTION('',(1.,0.,0.));
#10669=DIRECTION('',(0.,0.,-1.));
#10670=DIRECTION('',(1.,0.,0.));
#10671=DIRECTION('',(0.,0.,-1.));
#10672=DIRECTION('',(1.,0.,0.));
#10673=DIRECTION('',(0.,1.002044604925E-15,1.));
#10674=DIRECTION('',(1.,0.,0.));
#10675=DIRECTION('',(0.,0.,-1.));
#10676=DIRECTION('',(1.,0.,0.));
#10677=DIRECTION('',(0.,9.92044604925E-16,1.));
#10678=DIRECTION('',(1.,0.,0.));
#10679=DIRECTION('',(0.,0.,-1.));
#10680=DIRECTION('',(1.,0.,0.));
#10681=DIRECTION('',(0.,1.002044604925E-15,1.));
#10682=DIRECTION('',(1.,0.,0.));
#10683=DIRECTION('',(0.,0.,-1.));
#10684=DIRECTION('',(1.,0.,0.));
#10685=DIRECTION('',(0.,1.002044604925E-15,1.));
#10686=DIRECTION('',(-1.,0.,0.));
#10687=DIRECTION('',(0.,0.,1.));
#10688=DIRECTION('',(-1.,0.,0.));
#10689=DIRECTION('',(0.,1.002044604925E-15,1.));
#10690=DIRECTION('',(-1.,0.,0.));
#10691=DIRECTION('',(0.,0.,1.));
#10692=DIRECTION('',(-1.,0.,0.));
#10693=DIRECTION('',(0.,1.002044604925E-15,1.));
#10694=DIRECTION('',(-1.,0.,0.));
#10695=DIRECTION('',(0.,0.,1.));
#10696=DIRECTION('',(1.,0.,0.));
#10697=DIRECTION('',(0.,1.002044604925E-15,1.));
#10698=DIRECTION('',(1.,0.,0.));
#10699=DIRECTION('',(0.,1.002044604925E-15,1.));
#10700=DIRECTION('',(0.,0.,1.));
#10701=DIRECTION('',(1.,0.,0.));
#10702=DIRECTION('',(0.,2.2E-16,1.));
#10703=DIRECTION('',(1.,0.,0.));
#10704=DIRECTION('',(1.22464679914735E-16,-2.2E-16,-1.));
#10705=DIRECTION('',(0.,1.,-2.2E-16));
#10706=DIRECTION('',(0.,2.2E-16,1.));
#10707=DIRECTION('',(0.,-1.,2.2E-16));
#10708=DIRECTION('',(0.,1.,-2.2E-16));
#10709=DIRECTION('',(1.,0.,0.));
#10710=DIRECTION('',(-1.,-4.04133443718627E-32,-1.83697019872103E-16));
#10711=DIRECTION('',(-1.83697019872103E-16,0.,1.));
#10712=DIRECTION('',(1.,0.,0.));
#10713=DIRECTION('',(0.,-2.2E-16,-1.));
#10714=DIRECTION('',(-1.,-4.04133443718627E-32,-1.83697019872103E-16));
#10715=DIRECTION('',(-1.83697019872103E-16,0.,1.));
#10716=DIRECTION('',(0.,1.,-2.2E-16));
#10717=DIRECTION('',(1.,0.,0.));
#10718=DIRECTION('',(0.,2.2E-16,1.));
#10719=DIRECTION('',(0.,-1.,2.2E-16));
#10720=DIRECTION('',(0.,-2.2E-16,-1.));
#10721=DIRECTION('',(-1.,0.,0.));
#10722=DIRECTION('',(0.,-2.2E-16,-1.));
#10723=DIRECTION('',(0.,1.,-2.2E-16));
#10724=DIRECTION('',(0.,0.,-1.));
#10725=DIRECTION('',(-1.,0.,0.));
#10726=DIRECTION('',(0.,0.,1.));
#10727=DIRECTION('',(1.,0.,0.));
#10728=DIRECTION('',(0.,0.,1.));
#10729=DIRECTION('',(1.,0.,0.));
#10730=DIRECTION('',(0.,2.2E-16,1.));
#10731=DIRECTION('',(1.,0.,0.));
#10732=DIRECTION('',(1.22464679914735E-16,-2.2E-16,-1.));
#10733=DIRECTION('',(0.,1.,-2.2E-16));
#10734=DIRECTION('',(0.,2.2E-16,1.));
#10735=DIRECTION('',(0.,-1.,2.2E-16));
#10736=DIRECTION('',(0.,1.,-2.2E-16));
#10737=DIRECTION('',(1.,0.,0.));
#10738=DIRECTION('',(-1.,-4.04133443718627E-32,-1.83697019872103E-16));
#10739=DIRECTION('',(-1.83697019872103E-16,0.,1.));
#10740=DIRECTION('',(1.,0.,0.));
#10741=DIRECTION('',(0.,-2.2E-16,-1.));
#10742=DIRECTION('',(-1.,-4.04133443718627E-32,-1.83697019872103E-16));
#10743=DIRECTION('',(-1.83697019872103E-16,0.,1.));
#10744=DIRECTION('',(0.,1.,-2.2E-16));
#10745=DIRECTION('',(1.,0.,0.));
#10746=DIRECTION('',(0.,2.2E-16,1.));
#10747=DIRECTION('',(0.,-1.,2.2E-16));
#10748=DIRECTION('',(0.,-2.2E-16,-1.));
#10749=DIRECTION('',(-1.,0.,0.));
#10750=DIRECTION('',(0.,-2.2E-16,-1.));
#10751=DIRECTION('',(0.,1.,-2.2E-16));
#10752=DIRECTION('',(0.,0.,-1.));
#10753=DIRECTION('',(-1.,0.,0.));
#10754=DIRECTION('',(0.,0.,1.));
#10755=DIRECTION('',(1.,0.,0.));
#10756=DIRECTION('',(0.,0.,1.));
#10757=DIRECTION('',(1.,0.,0.));
#10758=DIRECTION('',(0.,2.2E-16,1.));
#10759=DIRECTION('',(1.,0.,0.));
#10760=DIRECTION('',(1.22464679914735E-16,-2.2E-16,-1.));
#10761=DIRECTION('',(0.,1.,-2.2E-16));
#10762=DIRECTION('',(0.,2.2E-16,1.));
#10763=DIRECTION('',(0.,-1.,2.2E-16));
#10764=DIRECTION('',(0.,1.,-2.2E-16));
#10765=DIRECTION('',(1.,0.,0.));
#10766=DIRECTION('',(-1.,-4.04133443718627E-32,-1.83697019872103E-16));
#10767=DIRECTION('',(-1.83697019872103E-16,0.,1.));
#10768=DIRECTION('',(1.,0.,0.));
#10769=DIRECTION('',(0.,-2.2E-16,-1.));
#10770=DIRECTION('',(-1.,-4.04133443718627E-32,-1.83697019872103E-16));
#10771=DIRECTION('',(-1.83697019872103E-16,0.,1.));
#10772=DIRECTION('',(0.,1.,-2.2E-16));
#10773=DIRECTION('',(1.,0.,0.));
#10774=DIRECTION('',(0.,2.2E-16,1.));
#10775=DIRECTION('',(0.,-1.,2.2E-16));
#10776=DIRECTION('',(0.,-2.2E-16,-1.));
#10777=DIRECTION('',(-1.,0.,0.));
#10778=DIRECTION('',(0.,-2.2E-16,-1.));
#10779=DIRECTION('',(0.,1.,-2.2E-16));
#10780=DIRECTION('',(0.,0.,-1.));
#10781=DIRECTION('',(-1.,0.,0.));
#10782=DIRECTION('',(0.,0.,1.));
#10783=DIRECTION('',(1.,0.,0.));
#10784=DIRECTION('',(0.,0.,1.));
#10785=DIRECTION('',(1.,0.,0.));
#10786=DIRECTION('',(0.,2.2E-16,1.));
#10787=DIRECTION('',(1.,0.,0.));
#10788=DIRECTION('',(1.22464679914735E-16,-2.2E-16,-1.));
#10789=DIRECTION('',(0.,1.,-2.2E-16));
#10790=DIRECTION('',(0.,2.2E-16,1.));
#10791=DIRECTION('',(0.,-1.,2.2E-16));
#10792=DIRECTION('',(0.,1.,-2.2E-16));
#10793=DIRECTION('',(1.,0.,0.));
#10794=DIRECTION('',(-1.,-4.04133443718627E-32,-1.83697019872103E-16));
#10795=DIRECTION('',(-1.83697019872103E-16,0.,1.));
#10796=DIRECTION('',(1.,0.,0.));
#10797=DIRECTION('',(0.,-2.2E-16,-1.));
#10798=DIRECTION('',(-1.,-4.04133443718627E-32,-1.83697019872103E-16));
#10799=DIRECTION('',(-1.83697019872103E-16,0.,1.));
#10800=DIRECTION('',(0.,1.,-2.2E-16));
#10801=DIRECTION('',(1.,0.,0.));
#10802=DIRECTION('',(0.,2.2E-16,1.));
#10803=DIRECTION('',(0.,-1.,2.2E-16));
#10804=DIRECTION('',(0.,-2.2E-16,-1.));
#10805=DIRECTION('',(-1.,0.,0.));
#10806=DIRECTION('',(0.,-2.2E-16,-1.));
#10807=DIRECTION('',(0.,1.,-2.2E-16));
#10808=DIRECTION('',(0.,0.,-1.));
#10809=DIRECTION('',(-1.,0.,0.));
#10810=DIRECTION('',(0.,0.,1.));
#10811=DIRECTION('',(1.,0.,0.));
#10812=DIRECTION('',(0.,0.,1.));
#10813=DIRECTION('',(1.,0.,0.));
#10814=DIRECTION('',(1.,0.,0.));
#10815=DIRECTION('',(0.,9.92044604925E-16,1.));
#10816=DIRECTION('',(1.,0.,0.));
#10817=DIRECTION('',(0.,0.,-1.));
#10818=DIRECTION('',(1.,0.,0.));
#10819=DIRECTION('',(0.,0.,-1.));
#10820=DIRECTION('',(1.,0.,0.));
#10821=DIRECTION('',(0.,1.002044604925E-15,1.));
#10822=DIRECTION('',(1.,0.,0.));
#10823=DIRECTION('',(0.,0.,-1.));
#10824=DIRECTION('',(1.,0.,0.));
#10825=DIRECTION('',(0.,9.92044604925E-16,1.));
#10826=DIRECTION('',(1.,0.,0.));
#10827=DIRECTION('',(0.,0.,-1.));
#10828=DIRECTION('',(1.,0.,0.));
#10829=DIRECTION('',(0.,1.002044604925E-15,1.));
#10830=DIRECTION('',(1.,0.,0.));
#10831=DIRECTION('',(0.,0.,-1.));
#10832=DIRECTION('',(1.,0.,0.));
#10833=DIRECTION('',(0.,1.002044604925E-15,1.));
#10834=DIRECTION('',(-1.,0.,0.));
#10835=DIRECTION('',(0.,0.,1.));
#10836=DIRECTION('',(-1.,0.,0.));
#10837=DIRECTION('',(0.,1.002044604925E-15,1.));
#10838=DIRECTION('',(-1.,0.,0.));
#10839=DIRECTION('',(0.,0.,1.));
#10840=DIRECTION('',(-1.,0.,0.));
#10841=DIRECTION('',(0.,1.002044604925E-15,1.));
#10842=DIRECTION('',(-1.,0.,0.));
#10843=DIRECTION('',(0.,0.,1.));
#10844=DIRECTION('',(1.,0.,0.));
#10845=DIRECTION('',(0.,1.002044604925E-15,1.));
#10846=DIRECTION('',(1.,0.,0.));
#10847=DIRECTION('',(0.,1.002044604925E-15,1.));
#10848=DIRECTION('',(0.,0.,1.));
#10849=DIRECTION('',(1.,0.,0.));
#10850=DIRECTION('',(0.,2.2E-16,1.));
#10851=DIRECTION('',(1.,0.,0.));
#10852=DIRECTION('',(1.22464679914735E-16,-2.2E-16,-1.));
#10853=DIRECTION('',(0.,1.,-2.2E-16));
#10854=DIRECTION('',(0.,2.2E-16,1.));
#10855=DIRECTION('',(0.,-1.,2.2E-16));
#10856=DIRECTION('',(0.,1.,-2.2E-16));
#10857=DIRECTION('',(1.,0.,0.));
#10858=DIRECTION('',(-1.,-4.04133443718627E-32,-1.83697019872103E-16));
#10859=DIRECTION('',(-1.83697019872103E-16,0.,1.));
#10860=DIRECTION('',(1.,0.,0.));
#10861=DIRECTION('',(0.,-2.2E-16,-1.));
#10862=DIRECTION('',(-1.,-4.04133443718627E-32,-1.83697019872103E-16));
#10863=DIRECTION('',(-1.83697019872103E-16,0.,1.));
#10864=DIRECTION('',(0.,1.,-2.2E-16));
#10865=DIRECTION('',(1.,0.,0.));
#10866=DIRECTION('',(0.,2.2E-16,1.));
#10867=DIRECTION('',(0.,-1.,2.2E-16));
#10868=DIRECTION('',(0.,-2.2E-16,-1.));
#10869=DIRECTION('',(-1.,0.,0.));
#10870=DIRECTION('',(0.,-2.2E-16,-1.));
#10871=DIRECTION('',(0.,1.,-2.2E-16));
#10872=DIRECTION('',(0.,0.,-1.));
#10873=DIRECTION('',(-1.,0.,0.));
#10874=DIRECTION('',(0.,0.,1.));
#10875=DIRECTION('',(1.,0.,0.));
#10876=DIRECTION('',(0.,0.,1.));
#10877=DIRECTION('',(1.,0.,0.));
#10878=CARTESIAN_POINT('',(0.,0.,0.));
#10879=CARTESIAN_POINT('',(0.09535,-0.099625,0.003095));
#10880=CARTESIAN_POINT('',(0.09635,-0.099625,0.003095));
#10881=CARTESIAN_POINT('',(0.09635,-0.099625,0.002085));
#10882=CARTESIAN_POINT('',(0.09535,-0.099625,0.003095));
#10883=CARTESIAN_POINT('',(0.09535,-0.099625,0.002085));
#10884=CARTESIAN_POINT('',(0.09535,-0.099625,0.003095));
#10885=CARTESIAN_POINT('',(0.09535,-0.099625,0.003095));
#10886=CARTESIAN_POINT('',(0.09535,-0.099625,0.002095));
#10887=CARTESIAN_POINT('',(0.09635,-0.099625,0.003095));
#10888=CARTESIAN_POINT('',(0.09635,-0.099625,0.003095));
#10889=CARTESIAN_POINT('',(0.09635,-0.099625,0.002095));
#10890=CARTESIAN_POINT('',(0.09475,-0.099625,0.003095));
#10891=CARTESIAN_POINT('',(0.09515,-0.099625,0.003095));
#10892=CARTESIAN_POINT('',(0.09515,-0.099625,0.002095));
#10893=CARTESIAN_POINT('',(0.09475,-0.099625,0.003095));
#10894=CARTESIAN_POINT('',(0.09835,-0.099625,0.003095));
#10895=CARTESIAN_POINT('',(0.09835,-0.099625,0.004095));
#10896=CARTESIAN_POINT('',(0.09515,-0.099625,0.003095));
#10897=CARTESIAN_POINT('',(0.09475,-0.099625,0.003095));
#10898=CARTESIAN_POINT('',(0.09475,-0.099625,0.003695));
#10899=CARTESIAN_POINT('',(0.09835,-0.099625,0.003095));
#10900=CARTESIAN_POINT('',(0.09875,-0.099625,0.003095));
#10901=CARTESIAN_POINT('',(0.09875,-0.099625,0.003695));
#10902=CARTESIAN_POINT('',(0.09475,-0.099625,0.003095));
#10903=CARTESIAN_POINT('',(0.09875,-0.099625,0.003095));
#10904=CARTESIAN_POINT('',(-0.05067,0.06058,-0.04478));
#10905=CARTESIAN_POINT('',(0.07389,-0.080575,0.002595));
#10906=CARTESIAN_POINT('',(0.07389,-0.080575,0.002595));
#10907=CARTESIAN_POINT('',(0.07389,-0.080325,0.002595));
#10908=CARTESIAN_POINT('',(0.07389,-0.080575,-0.000905));
#10909=CARTESIAN_POINT('',(0.07389,-0.080825,-0.000905));
#10910=CARTESIAN_POINT('',(0.07439,-0.080575,0.002595));
#10911=CARTESIAN_POINT('',(0.07439,-0.080575,0.003095));
#10912=CARTESIAN_POINT('',(0.07439,-0.080575,0.003345));
#10913=CARTESIAN_POINT('',(0.07439,-0.080575,0.003095));
#10914=CARTESIAN_POINT('',(0.08101,-0.080575,0.003095));
#10915=CARTESIAN_POINT('',(0.08101,-0.080575,0.003345));
#10916=CARTESIAN_POINT('',(0.08101,-0.080575,0.002595));
#10917=CARTESIAN_POINT('',(0.08151,-0.080575,0.002595));
#10918=CARTESIAN_POINT('',(0.08151,-0.080825,0.002595));
#10919=CARTESIAN_POINT('',(0.08151,-0.080575,0.002595));
#10920=CARTESIAN_POINT('',(0.08151,-0.080575,-0.000905));
#10921=CARTESIAN_POINT('',(0.08151,-0.080325,-0.000905));
#10922=CARTESIAN_POINT('',(0.07414,-0.080575,-0.000905));
#10923=CARTESIAN_POINT('',(0.08126,-0.080575,-0.000905));
#10924=CARTESIAN_POINT('',(-0.05067,0.06058,-0.04478));
#10925=CARTESIAN_POINT('',(0.09294,-0.099625,0.002595));
#10926=CARTESIAN_POINT('',(0.09294,-0.099625,0.002595));
#10927=CARTESIAN_POINT('',(0.09294,-0.099375,0.002595));
#10928=CARTESIAN_POINT('',(0.09294,-0.099625,-0.000905));
#10929=CARTESIAN_POINT('',(0.09294,-0.099875,-0.000905));
#10930=CARTESIAN_POINT('',(0.09344,-0.099625,0.002595));
#10931=CARTESIAN_POINT('',(0.09344,-0.099625,0.003095));
#10932=CARTESIAN_POINT('',(0.09344,-0.099625,0.003345));
#10933=CARTESIAN_POINT('',(0.09344,-0.099625,0.003095));
#10934=CARTESIAN_POINT('',(0.10006,-0.099625,0.003095));
#10935=CARTESIAN_POINT('',(0.10006,-0.099625,0.003345));
#10936=CARTESIAN_POINT('',(0.10006,-0.099625,0.002595));
#10937=CARTESIAN_POINT('',(0.10056,-0.099625,0.002595));
#10938=CARTESIAN_POINT('',(0.10056,-0.099875,0.002595));
#10939=CARTESIAN_POINT('',(0.10056,-0.099625,0.002595));
#10940=CARTESIAN_POINT('',(0.10056,-0.099625,-0.000905));
#10941=CARTESIAN_POINT('',(0.10056,-0.099375,-0.000905));
#10942=CARTESIAN_POINT('',(0.09319,-0.099625,-0.000905));
#10943=CARTESIAN_POINT('',(0.10031,-0.099625,-0.000905));
#10944=CARTESIAN_POINT('',(-0.05067,0.06058,-0.04478));
#10945=CARTESIAN_POINT('',(0.0763,-0.080575,0.003095));
#10946=CARTESIAN_POINT('',(0.0773,-0.080575,0.003095));
#10947=CARTESIAN_POINT('',(0.0773,-0.080575,0.002085));
#10948=CARTESIAN_POINT('',(0.0763,-0.080575,0.003095));
#10949=CARTESIAN_POINT('',(0.0763,-0.080575,0.002085));
#10950=CARTESIAN_POINT('',(0.0763,-0.080575,0.003095));
#10951=CARTESIAN_POINT('',(0.0763,-0.080575,0.003095));
#10952=CARTESIAN_POINT('',(0.0763,-0.080575,0.002095));
#10953=CARTESIAN_POINT('',(0.0773,-0.080575,0.003095));
#10954=CARTESIAN_POINT('',(0.0773,-0.080575,0.003095));
#10955=CARTESIAN_POINT('',(0.0773,-0.080575,0.002095));
#10956=CARTESIAN_POINT('',(0.0757,-0.080575,0.003095));
#10957=CARTESIAN_POINT('',(0.0761,-0.080575,0.003095));
#10958=CARTESIAN_POINT('',(0.0761,-0.080575,0.002095));
#10959=CARTESIAN_POINT('',(0.0757,-0.080575,0.003095));
#10960=CARTESIAN_POINT('',(0.0793,-0.080575,0.003095));
#10961=CARTESIAN_POINT('',(0.0793,-0.080575,0.004095));
#10962=CARTESIAN_POINT('',(0.0761,-0.080575,0.003095));
#10963=CARTESIAN_POINT('',(0.0757,-0.080575,0.003095));
#10964=CARTESIAN_POINT('',(0.0757,-0.080575,0.003695));
#10965=CARTESIAN_POINT('',(0.0793,-0.080575,0.003095));
#10966=CARTESIAN_POINT('',(0.0797,-0.080575,0.003095));
#10967=CARTESIAN_POINT('',(0.0797,-0.080575,0.003695));
#10968=CARTESIAN_POINT('',(0.0757,-0.080575,0.003095));
#10969=CARTESIAN_POINT('',(0.0797,-0.080575,0.003095));
#10970=CARTESIAN_POINT('',(-0.05067,0.06058,-0.04478));
#10971=CARTESIAN_POINT('',(0.12150000064233,-0.02449999935766,0.));
#10972=CARTESIAN_POINT('',(0.121499999999999,-0.014499999999991,0.));
#10973=CARTESIAN_POINT('',(0.121500000321164,-0.0144999999999933,0.));
#10974=CARTESIAN_POINT('',(0.121500000321164,-0.0144999999999955,0.00151));
#10975=CARTESIAN_POINT('',(0.12150000064233,-0.02449999935766,0.00151));
#10976=CARTESIAN_POINT('',(0.1315,-0.02449999967883,0.00151));
#10977=CARTESIAN_POINT('',(0.1315,-0.0245,0.));
#10978=CARTESIAN_POINT('',(0.1315,-0.02449999967883,0.));
#10979=CARTESIAN_POINT('',(0.12150000064233,-0.02449999935766,0.));
#10980=CARTESIAN_POINT('',(0.072,-0.0145,0.));
#10981=CARTESIAN_POINT('',(0.072,-0.0145,0.));
#10982=CARTESIAN_POINT('',(0.0719999996788345,-0.0144999999999978,0.));
#10983=CARTESIAN_POINT('',(0.0719999996788345,-0.0145,0.00151));
#10984=CARTESIAN_POINT('',(0.072,-0.0145,0.00151));
#10985=CARTESIAN_POINT('',(0.,-0.0144999999999955,0.));
#10986=CARTESIAN_POINT('',(0.1315,-0.0245,0.));
#10987=CARTESIAN_POINT('',(0.1315,-0.0245,0.00151));
#10988=CARTESIAN_POINT('',(0.1315,-0.10150000032115,0.00151));
#10989=CARTESIAN_POINT('',(0.1315,-0.1015,0.));
#10990=CARTESIAN_POINT('',(0.1315,-0.10150000032115,0.));
#10991=CARTESIAN_POINT('',(0.1315,0.,0.));
#10992=CARTESIAN_POINT('',(0.,0.,0.));
#10993=CARTESIAN_POINT('',(0.12150000064233,-0.1015000006423,0.));
#10994=CARTESIAN_POINT('',(0.121500000321165,-0.111499999999992,0.));
#10995=CARTESIAN_POINT('',(0.,-0.111499999999984,0.));
#10996=CARTESIAN_POINT('',(0.0719999996788347,-0.111499999999977,0.));
#10997=CARTESIAN_POINT('',(0.071999999357669,-0.1015000006423,0.));
#10998=CARTESIAN_POINT('',(0.062,-0.10150000032115,0.));
#10999=CARTESIAN_POINT('',(0.062,0.,0.));
#11000=CARTESIAN_POINT('',(0.062,-0.0244999996788257,0.));
#11001=CARTESIAN_POINT('',(0.071999999357669,-0.02449999935766,0.));
#11002=CARTESIAN_POINT('',(0.066,-0.1055,0.));
#11003=CARTESIAN_POINT('',(0.0644,-0.1055,0.));
#11004=CARTESIAN_POINT('',(0.07389,-0.099625,0.));
#11005=CARTESIAN_POINT('',(0.07349,-0.099625,0.));
#11006=CARTESIAN_POINT('',(0.07516,-0.09518,0.));
#11007=CARTESIAN_POINT('',(0.07441,-0.09518,0.));
#11008=CARTESIAN_POINT('',(0.07262,-0.0901,0.));
#11009=CARTESIAN_POINT('',(0.07177,-0.0901,0.));
#11010=CARTESIAN_POINT('',(0.0777,-0.0901,0.));
#11011=CARTESIAN_POINT('',(0.0757,-0.0901,0.));
#11012=CARTESIAN_POINT('',(0.08842,-0.1085,0.));
#11013=CARTESIAN_POINT('',(0.08792,-0.1085,0.));
#11014=CARTESIAN_POINT('',(0.08151,-0.099625,0.));
#11015=CARTESIAN_POINT('',(0.08111,-0.099625,0.));
#11016=CARTESIAN_POINT('',(0.09096,-0.1085,0.));
#11017=CARTESIAN_POINT('',(0.09046,-0.1085,0.));
#11018=CARTESIAN_POINT('',(0.0935,-0.1085,0.));
#11019=CARTESIAN_POINT('',(0.093,-0.1085,0.));
#11020=CARTESIAN_POINT('',(0.09604,-0.1085,0.));
#11021=CARTESIAN_POINT('',(0.09554,-0.1085,0.));
#11022=CARTESIAN_POINT('',(0.09294,-0.099625,0.));
#11023=CARTESIAN_POINT('',(0.09254,-0.099625,0.));
#11024=CARTESIAN_POINT('',(0.08151,-0.09264,0.));
#11025=CARTESIAN_POINT('',(0.08076,-0.09264,0.));
#11026=CARTESIAN_POINT('',(0.08278,-0.0901,0.));
#11027=CARTESIAN_POINT('',(0.08193,-0.0901,0.));
#11028=CARTESIAN_POINT('',(0.09421,-0.09518,0.));
#11029=CARTESIAN_POINT('',(0.09346,-0.09518,0.));
#11030=CARTESIAN_POINT('',(0.09167,-0.0901,0.));
#11031=CARTESIAN_POINT('',(0.09082,-0.0901,0.));
#11032=CARTESIAN_POINT('',(0.09675,-0.0901,0.));
#11033=CARTESIAN_POINT('',(0.09475,-0.0901,0.));
#11034=CARTESIAN_POINT('',(0.07389,-0.080575,0.));
#11035=CARTESIAN_POINT('',(0.07349,-0.080575,0.));
#11036=CARTESIAN_POINT('',(0.07516,-0.07613,0.));
#11037=CARTESIAN_POINT('',(0.07441,-0.07613,0.));
#11038=CARTESIAN_POINT('',(0.07262,-0.07105,0.));
#11039=CARTESIAN_POINT('',(0.07177,-0.07105,0.));
#11040=CARTESIAN_POINT('',(0.0777,-0.07105,0.));
#11041=CARTESIAN_POINT('',(0.0757,-0.07105,0.));
#11042=CARTESIAN_POINT('',(0.08151,-0.080575,0.));
#11043=CARTESIAN_POINT('',(0.08111,-0.080575,0.));
#11044=CARTESIAN_POINT('',(0.09294,-0.080575,0.));
#11045=CARTESIAN_POINT('',(0.09254,-0.080575,0.));
#11046=CARTESIAN_POINT('',(0.09421,-0.07613,0.));
#11047=CARTESIAN_POINT('',(0.09346,-0.07613,0.));
#11048=CARTESIAN_POINT('',(0.08151,-0.07359,0.));
#11049=CARTESIAN_POINT('',(0.08076,-0.07359,0.));
#11050=CARTESIAN_POINT('',(0.08278,-0.07105,0.));
#11051=CARTESIAN_POINT('',(0.08193,-0.07105,0.));
#11052=CARTESIAN_POINT('',(0.09167,-0.07105,0.));
#11053=CARTESIAN_POINT('',(0.09082,-0.07105,0.));
#11054=CARTESIAN_POINT('',(0.09675,-0.07105,0.));
#11055=CARTESIAN_POINT('',(0.09475,-0.07105,0.));
#11056=CARTESIAN_POINT('',(0.09858,-0.1085,0.));
#11057=CARTESIAN_POINT('',(0.09808,-0.1085,0.));
#11058=CARTESIAN_POINT('',(0.10112,-0.1085,0.));
#11059=CARTESIAN_POINT('',(0.10062,-0.1085,0.));
#11060=CARTESIAN_POINT('',(0.10366,-0.1085,0.));
#11061=CARTESIAN_POINT('',(0.10316,-0.1085,0.));
#11062=CARTESIAN_POINT('',(0.10056,-0.099625,0.));
#11063=CARTESIAN_POINT('',(0.10016,-0.099625,0.));
#11064=CARTESIAN_POINT('',(0.1062,-0.1085,0.));
#11065=CARTESIAN_POINT('',(0.1057,-0.1085,0.));
#11066=CARTESIAN_POINT('',(0.11199,-0.099625,0.));
#11067=CARTESIAN_POINT('',(0.11159,-0.099625,0.));
#11068=CARTESIAN_POINT('',(0.10056,-0.09264,0.));
#11069=CARTESIAN_POINT('',(0.09981,-0.09264,0.));
#11070=CARTESIAN_POINT('',(0.10183,-0.0901,0.));
#11071=CARTESIAN_POINT('',(0.10098,-0.0901,0.));
#11072=CARTESIAN_POINT('',(0.110719999,-0.0901,0.));
#11073=CARTESIAN_POINT('',(0.109869999,-0.0901,0.));
#11074=CARTESIAN_POINT('',(0.11961,-0.099625,0.));
#11075=CARTESIAN_POINT('',(0.11921,-0.099625,0.));
#11076=CARTESIAN_POINT('',(0.1275,-0.1055,0.));
#11077=CARTESIAN_POINT('',(0.1259,-0.1055,0.));
#11078=CARTESIAN_POINT('',(0.113259999,-0.09518,0.));
#11079=CARTESIAN_POINT('',(0.112509999,-0.09518,0.));
#11080=CARTESIAN_POINT('',(0.119609999,-0.09264,0.));
#11081=CARTESIAN_POINT('',(0.118859999,-0.09264,0.));
#11082=CARTESIAN_POINT('',(0.115799999,-0.0901,0.));
#11083=CARTESIAN_POINT('',(0.113799999,-0.0901,0.));
#11084=CARTESIAN_POINT('',(0.120879999,-0.0901,0.));
#11085=CARTESIAN_POINT('',(0.120029999,-0.0901,0.));
#11086=CARTESIAN_POINT('',(0.10056,-0.080575,0.));
#11087=CARTESIAN_POINT('',(0.10016,-0.080575,0.));
#11088=CARTESIAN_POINT('',(0.11199,-0.080575,0.));
#11089=CARTESIAN_POINT('',(0.11159,-0.080575,0.));
#11090=CARTESIAN_POINT('',(0.10056,-0.07359,0.));
#11091=CARTESIAN_POINT('',(0.09981,-0.07359,0.));
#11092=CARTESIAN_POINT('',(0.10183,-0.07105,0.));
#11093=CARTESIAN_POINT('',(0.10098,-0.07105,0.));
#11094=CARTESIAN_POINT('',(0.110719999,-0.07105,0.));
#11095=CARTESIAN_POINT('',(0.109869999,-0.07105,0.));
#11096=CARTESIAN_POINT('',(0.11961,-0.080575,0.));
#11097=CARTESIAN_POINT('',(0.11921,-0.080575,0.));
#11098=CARTESIAN_POINT('',(0.113259999,-0.07613,0.));
#11099=CARTESIAN_POINT('',(0.112509999,-0.07613,0.));
#11100=CARTESIAN_POINT('',(0.115799999,-0.07105,0.));
#11101=CARTESIAN_POINT('',(0.113799999,-0.07105,0.));
#11102=CARTESIAN_POINT('',(0.119609999,-0.07359,0.));
#11103=CARTESIAN_POINT('',(0.118859999,-0.07359,0.));
#11104=CARTESIAN_POINT('',(0.120879999,-0.07105,0.));
#11105=CARTESIAN_POINT('',(0.120029999,-0.07105,0.));
#11106=CARTESIAN_POINT('',(0.07389,-0.061525,0.));
#11107=CARTESIAN_POINT('',(0.07349,-0.061525,0.));
#11108=CARTESIAN_POINT('',(0.07516,-0.05708,0.));
#11109=CARTESIAN_POINT('',(0.07441,-0.05708,0.));
#11110=CARTESIAN_POINT('',(0.07262,-0.052,0.));
#11111=CARTESIAN_POINT('',(0.07177,-0.052,0.));
#11112=CARTESIAN_POINT('',(0.0777,-0.052,0.));
#11113=CARTESIAN_POINT('',(0.0757,-0.052,0.));
#11114=CARTESIAN_POINT('',(0.08151,-0.061525,0.));
#11115=CARTESIAN_POINT('',(0.08111,-0.061525,0.));
#11116=CARTESIAN_POINT('',(0.08151,-0.05454,0.));
#11117=CARTESIAN_POINT('',(0.08076,-0.05454,0.));
#11118=CARTESIAN_POINT('',(0.08278,-0.052,0.));
#11119=CARTESIAN_POINT('',(0.08193,-0.052,0.));
#11120=CARTESIAN_POINT('',(0.09294,-0.061525,0.));
#11121=CARTESIAN_POINT('',(0.09254,-0.061525,0.));
#11122=CARTESIAN_POINT('',(0.09167,-0.052,0.));
#11123=CARTESIAN_POINT('',(0.09082,-0.052,0.));
#11124=CARTESIAN_POINT('',(0.09421,-0.05708,0.));
#11125=CARTESIAN_POINT('',(0.09346,-0.05708,0.));
#11126=CARTESIAN_POINT('',(0.09675,-0.052,0.));
#11127=CARTESIAN_POINT('',(0.09475,-0.052,0.));
#11128=CARTESIAN_POINT('',(0.068,-0.0205,0.));
#11129=CARTESIAN_POINT('',(0.0664,-0.0205,0.));
#11130=CARTESIAN_POINT('',(0.0895,-0.03274,0.));
#11131=CARTESIAN_POINT('',(0.0890555,-0.03274,0.));
#11132=CARTESIAN_POINT('',(0.0895,-0.0302,0.));
#11133=CARTESIAN_POINT('',(0.0890555,-0.0302,0.));
#11134=CARTESIAN_POINT('',(0.0895,-0.02766,0.));
#11135=CARTESIAN_POINT('',(0.0890555,-0.02766,0.));
#11136=CARTESIAN_POINT('',(0.0895,-0.02512,0.));
#11137=CARTESIAN_POINT('',(0.0890555,-0.02512,0.));
#11138=CARTESIAN_POINT('',(0.0895,-0.02258,0.));
#11139=CARTESIAN_POINT('',(0.0890555,-0.02258,0.));
#11140=CARTESIAN_POINT('',(0.0895,-0.02004,0.));
#11141=CARTESIAN_POINT('',(0.0890555,-0.02004,0.));
#11142=CARTESIAN_POINT('',(0.0895,-0.0175,0.));
#11143=CARTESIAN_POINT('',(0.0890555,-0.0175,0.));
#11144=CARTESIAN_POINT('',(0.10056,-0.061525,0.));
#11145=CARTESIAN_POINT('',(0.10016,-0.061525,0.));
#11146=CARTESIAN_POINT('',(0.10056,-0.05454,0.));
#11147=CARTESIAN_POINT('',(0.09981,-0.05454,0.));
#11148=CARTESIAN_POINT('',(0.10183,-0.052,0.));
#11149=CARTESIAN_POINT('',(0.10098,-0.052,0.));
#11150=CARTESIAN_POINT('',(0.11199,-0.061525,0.));
#11151=CARTESIAN_POINT('',(0.11159,-0.061525,0.));
#11152=CARTESIAN_POINT('',(0.110719999,-0.052,0.));
#11153=CARTESIAN_POINT('',(0.109869999,-0.052,0.));
#11154=CARTESIAN_POINT('',(0.11961,-0.061525,0.));
#11155=CARTESIAN_POINT('',(0.11921,-0.061525,0.));
#11156=CARTESIAN_POINT('',(0.113259999,-0.05708,0.));
#11157=CARTESIAN_POINT('',(0.112509999,-0.05708,0.));
#11158=CARTESIAN_POINT('',(0.115799999,-0.052,0.));
#11159=CARTESIAN_POINT('',(0.113799999,-0.052,0.));
#11160=CARTESIAN_POINT('',(0.119609999,-0.05454,0.));
#11161=CARTESIAN_POINT('',(0.118859999,-0.05454,0.));
#11162=CARTESIAN_POINT('',(0.120879999,-0.052,0.));
#11163=CARTESIAN_POINT('',(0.120029999,-0.052,0.));
#11164=CARTESIAN_POINT('',(0.10474,-0.03274,0.));
#11165=CARTESIAN_POINT('',(0.1042955,-0.03274,0.));
#11166=CARTESIAN_POINT('',(0.10474,-0.0302,0.));
#11167=CARTESIAN_POINT('',(0.1042955,-0.0302,0.));
#11168=CARTESIAN_POINT('',(0.1122,-0.0325,0.));
#11169=CARTESIAN_POINT('',(0.1117,-0.0325,0.));
#11170=CARTESIAN_POINT('',(0.10474,-0.02766,0.));
#11171=CARTESIAN_POINT('',(0.1042955,-0.02766,0.));
#11172=CARTESIAN_POINT('',(0.10474,-0.02512,0.));
#11173=CARTESIAN_POINT('',(0.1042955,-0.02512,0.));
#11174=CARTESIAN_POINT('',(0.10474,-0.02258,0.));
#11175=CARTESIAN_POINT('',(0.1042955,-0.02258,0.));
#11176=CARTESIAN_POINT('',(0.10474,-0.02004,0.));
#11177=CARTESIAN_POINT('',(0.1042955,-0.02004,0.));
#11178=CARTESIAN_POINT('',(0.10474,-0.0175,0.));
#11179=CARTESIAN_POINT('',(0.1042955,-0.0175,0.));
#11180=CARTESIAN_POINT('',(0.1198,-0.0325,0.));
#11181=CARTESIAN_POINT('',(0.1193,-0.0325,0.));
#11182=CARTESIAN_POINT('',(0.125,-0.02,0.));
#11183=CARTESIAN_POINT('',(0.1234,-0.02,0.));
#11184=CARTESIAN_POINT('',(0.,0.,0.00151));
#11185=CARTESIAN_POINT('',(0.071999999357669,-0.02449999935766,0.00151));
#11186=CARTESIAN_POINT('',(0.062,-0.0244999996788257,0.00151));
#11187=CARTESIAN_POINT('',(0.062,-0.1015,0.00151));
#11188=CARTESIAN_POINT('',(0.062,-0.10150000032115,0.00151));
#11189=CARTESIAN_POINT('',(0.071999999357669,-0.1015000006423,0.00151));
#11190=CARTESIAN_POINT('',(0.0719999996788347,-0.111499999999984,0.00151));
#11191=CARTESIAN_POINT('',(0.1215,-0.1115,0.00151));
#11192=CARTESIAN_POINT('',(0.121500000321165,-0.1115,0.00151));
#11193=CARTESIAN_POINT('',(0.12150000064233,-0.1015000006423,0.00151));
#11194=CARTESIAN_POINT('',(0.066,-0.1055,0.00151));
#11195=CARTESIAN_POINT('',(0.0644,-0.1055,0.00151));
#11196=CARTESIAN_POINT('',(0.07389,-0.099625,0.00151));
#11197=CARTESIAN_POINT('',(0.07349,-0.099625,0.00151));
#11198=CARTESIAN_POINT('',(0.07516,-0.09518,0.00151));
#11199=CARTESIAN_POINT('',(0.07441,-0.09518,0.00151));
#11200=CARTESIAN_POINT('',(0.07262,-0.0901,0.00151));
#11201=CARTESIAN_POINT('',(0.07177,-0.0901,0.00151));
#11202=CARTESIAN_POINT('',(0.0777,-0.0901,0.00151));
#11203=CARTESIAN_POINT('',(0.0757,-0.0901,0.00151));
#11204=CARTESIAN_POINT('',(0.08842,-0.1085,0.00151));
#11205=CARTESIAN_POINT('',(0.08792,-0.1085,0.00151));
#11206=CARTESIAN_POINT('',(0.08151,-0.099625,0.00151));
#11207=CARTESIAN_POINT('',(0.08111,-0.099625,0.00151));
#11208=CARTESIAN_POINT('',(0.09096,-0.1085,0.00151));
#11209=CARTESIAN_POINT('',(0.09046,-0.1085,0.00151));
#11210=CARTESIAN_POINT('',(0.0935,-0.1085,0.00151));
#11211=CARTESIAN_POINT('',(0.093,-0.1085,0.00151));
#11212=CARTESIAN_POINT('',(0.09604,-0.1085,0.00151));
#11213=CARTESIAN_POINT('',(0.09554,-0.1085,0.00151));
#11214=CARTESIAN_POINT('',(0.09294,-0.099625,0.00151));
#11215=CARTESIAN_POINT('',(0.09254,-0.099625,0.00151));
#11216=CARTESIAN_POINT('',(0.08151,-0.09264,0.00151));
#11217=CARTESIAN_POINT('',(0.08076,-0.09264,0.00151));
#11218=CARTESIAN_POINT('',(0.08278,-0.0901,0.00151));
#11219=CARTESIAN_POINT('',(0.08193,-0.0901,0.00151));
#11220=CARTESIAN_POINT('',(0.09421,-0.09518,0.00151));
#11221=CARTESIAN_POINT('',(0.09346,-0.09518,0.00151));
#11222=CARTESIAN_POINT('',(0.09167,-0.0901,0.00151));
#11223=CARTESIAN_POINT('',(0.09082,-0.0901,0.00151));
#11224=CARTESIAN_POINT('',(0.09675,-0.0901,0.00151));
#11225=CARTESIAN_POINT('',(0.09475,-0.0901,0.00151));
#11226=CARTESIAN_POINT('',(0.07389,-0.080575,0.00151));
#11227=CARTESIAN_POINT('',(0.07349,-0.080575,0.00151));
#11228=CARTESIAN_POINT('',(0.07516,-0.07613,0.00151));
#11229=CARTESIAN_POINT('',(0.07441,-0.07613,0.00151));
#11230=CARTESIAN_POINT('',(0.07262,-0.07105,0.00151));
#11231=CARTESIAN_POINT('',(0.07177,-0.07105,0.00151));
#11232=CARTESIAN_POINT('',(0.0777,-0.07105,0.00151));
#11233=CARTESIAN_POINT('',(0.0757,-0.07105,0.00151));
#11234=CARTESIAN_POINT('',(0.08151,-0.080575,0.00151));
#11235=CARTESIAN_POINT('',(0.08111,-0.080575,0.00151));
#11236=CARTESIAN_POINT('',(0.09294,-0.080575,0.00151));
#11237=CARTESIAN_POINT('',(0.09254,-0.080575,0.00151));
#11238=CARTESIAN_POINT('',(0.09421,-0.07613,0.00151));
#11239=CARTESIAN_POINT('',(0.09346,-0.07613,0.00151));
#11240=CARTESIAN_POINT('',(0.08151,-0.07359,0.00151));
#11241=CARTESIAN_POINT('',(0.08076,-0.07359,0.00151));
#11242=CARTESIAN_POINT('',(0.08278,-0.07105,0.00151));
#11243=CARTESIAN_POINT('',(0.08193,-0.07105,0.00151));
#11244=CARTESIAN_POINT('',(0.09167,-0.07105,0.00151));
#11245=CARTESIAN_POINT('',(0.09082,-0.07105,0.00151));
#11246=CARTESIAN_POINT('',(0.09675,-0.07105,0.00151));
#11247=CARTESIAN_POINT('',(0.09475,-0.07105,0.00151));
#11248=CARTESIAN_POINT('',(0.09858,-0.1085,0.00151));
#11249=CARTESIAN_POINT('',(0.09808,-0.1085,0.00151));
#11250=CARTESIAN_POINT('',(0.10112,-0.1085,0.00151));
#11251=CARTESIAN_POINT('',(0.10062,-0.1085,0.00151));
#11252=CARTESIAN_POINT('',(0.10366,-0.1085,0.00151));
#11253=CARTESIAN_POINT('',(0.10316,-0.1085,0.00151));
#11254=CARTESIAN_POINT('',(0.10056,-0.099625,0.00151));
#11255=CARTESIAN_POINT('',(0.10016,-0.099625,0.00151));
#11256=CARTESIAN_POINT('',(0.1062,-0.1085,0.00151));
#11257=CARTESIAN_POINT('',(0.1057,-0.1085,0.00151));
#11258=CARTESIAN_POINT('',(0.11199,-0.099625,0.00151));
#11259=CARTESIAN_POINT('',(0.11159,-0.099625,0.00151));
#11260=CARTESIAN_POINT('',(0.10056,-0.09264,0.00151));
#11261=CARTESIAN_POINT('',(0.09981,-0.09264,0.00151));
#11262=CARTESIAN_POINT('',(0.10183,-0.0901,0.00151));
#11263=CARTESIAN_POINT('',(0.10098,-0.0901,0.00151));
#11264=CARTESIAN_POINT('',(0.110719999,-0.0901,0.00151));
#11265=CARTESIAN_POINT('',(0.109869999,-0.0901,0.00151));
#11266=CARTESIAN_POINT('',(0.11961,-0.099625,0.00151));
#11267=CARTESIAN_POINT('',(0.11921,-0.099625,0.00151));
#11268=CARTESIAN_POINT('',(0.1275,-0.1055,0.00151));
#11269=CARTESIAN_POINT('',(0.1259,-0.1055,0.00151));
#11270=CARTESIAN_POINT('',(0.113259999,-0.09518,0.00151));
#11271=CARTESIAN_POINT('',(0.112509999,-0.09518,0.00151));
#11272=CARTESIAN_POINT('',(0.119609999,-0.09264,0.00151));
#11273=CARTESIAN_POINT('',(0.118859999,-0.09264,0.00151));
#11274=CARTESIAN_POINT('',(0.115799999,-0.0901,0.00151));
#11275=CARTESIAN_POINT('',(0.113799999,-0.0901,0.00151));
#11276=CARTESIAN_POINT('',(0.120879999,-0.0901,0.00151));
#11277=CARTESIAN_POINT('',(0.120029999,-0.0901,0.00151));
#11278=CARTESIAN_POINT('',(0.10056,-0.080575,0.00151));
#11279=CARTESIAN_POINT('',(0.10016,-0.080575,0.00151));
#11280=CARTESIAN_POINT('',(0.11199,-0.080575,0.00151));
#11281=CARTESIAN_POINT('',(0.11159,-0.080575,0.00151));
#11282=CARTESIAN_POINT('',(0.10056,-0.07359,0.00151));
#11283=CARTESIAN_POINT('',(0.09981,-0.07359,0.00151));
#11284=CARTESIAN_POINT('',(0.10183,-0.07105,0.00151));
#11285=CARTESIAN_POINT('',(0.10098,-0.07105,0.00151));
#11286=CARTESIAN_POINT('',(0.110719999,-0.07105,0.00151));
#11287=CARTESIAN_POINT('',(0.109869999,-0.07105,0.00151));
#11288=CARTESIAN_POINT('',(0.11961,-0.080575,0.00151));
#11289=CARTESIAN_POINT('',(0.11921,-0.080575,0.00151));
#11290=CARTESIAN_POINT('',(0.113259999,-0.07613,0.00151));
#11291=CARTESIAN_POINT('',(0.112509999,-0.07613,0.00151));
#11292=CARTESIAN_POINT('',(0.115799999,-0.07105,0.00151));
#11293=CARTESIAN_POINT('',(0.113799999,-0.07105,0.00151));
#11294=CARTESIAN_POINT('',(0.119609999,-0.07359,0.00151));
#11295=CARTESIAN_POINT('',(0.118859999,-0.07359,0.00151));
#11296=CARTESIAN_POINT('',(0.120879999,-0.07105,0.00151));
#11297=CARTESIAN_POINT('',(0.120029999,-0.07105,0.00151));
#11298=CARTESIAN_POINT('',(0.07389,-0.061525,0.00151));
#11299=CARTESIAN_POINT('',(0.07349,-0.061525,0.00151));
#11300=CARTESIAN_POINT('',(0.07516,-0.05708,0.00151));
#11301=CARTESIAN_POINT('',(0.07441,-0.05708,0.00151));
#11302=CARTESIAN_POINT('',(0.07262,-0.052,0.00151));
#11303=CARTESIAN_POINT('',(0.07177,-0.052,0.00151));
#11304=CARTESIAN_POINT('',(0.0777,-0.052,0.00151));
#11305=CARTESIAN_POINT('',(0.0757,-0.052,0.00151));
#11306=CARTESIAN_POINT('',(0.08151,-0.061525,0.00151));
#11307=CARTESIAN_POINT('',(0.08111,-0.061525,0.00151));
#11308=CARTESIAN_POINT('',(0.08151,-0.05454,0.00151));
#11309=CARTESIAN_POINT('',(0.08076,-0.05454,0.00151));
#11310=CARTESIAN_POINT('',(0.08278,-0.052,0.00151));
#11311=CARTESIAN_POINT('',(0.08193,-0.052,0.00151));
#11312=CARTESIAN_POINT('',(0.09294,-0.061525,0.00151));
#11313=CARTESIAN_POINT('',(0.09254,-0.061525,0.00151));
#11314=CARTESIAN_POINT('',(0.09167,-0.052,0.00151));
#11315=CARTESIAN_POINT('',(0.09082,-0.052,0.00151));
#11316=CARTESIAN_POINT('',(0.09421,-0.05708,0.00151));
#11317=CARTESIAN_POINT('',(0.09346,-0.05708,0.00151));
#11318=CARTESIAN_POINT('',(0.09675,-0.052,0.00151));
#11319=CARTESIAN_POINT('',(0.09475,-0.052,0.00151));
#11320=CARTESIAN_POINT('',(0.068,-0.0205,0.00151));
#11321=CARTESIAN_POINT('',(0.0664,-0.0205,0.00151));
#11322=CARTESIAN_POINT('',(0.0895,-0.03274,0.00151));
#11323=CARTESIAN_POINT('',(0.0890555,-0.03274,0.00151));
#11324=CARTESIAN_POINT('',(0.0895,-0.0302,0.00151));
#11325=CARTESIAN_POINT('',(0.0890555,-0.0302,0.00151));
#11326=CARTESIAN_POINT('',(0.0895,-0.02766,0.00151));
#11327=CARTESIAN_POINT('',(0.0890555,-0.02766,0.00151));
#11328=CARTESIAN_POINT('',(0.0895,-0.02512,0.00151));
#11329=CARTESIAN_POINT('',(0.0890555,-0.02512,0.00151));
#11330=CARTESIAN_POINT('',(0.0895,-0.02258,0.00151));
#11331=CARTESIAN_POINT('',(0.0890555,-0.02258,0.00151));
#11332=CARTESIAN_POINT('',(0.0895,-0.02004,0.00151));
#11333=CARTESIAN_POINT('',(0.0890555,-0.02004,0.00151));
#11334=CARTESIAN_POINT('',(0.0895,-0.0175,0.00151));
#11335=CARTESIAN_POINT('',(0.0890555,-0.0175,0.00151));
#11336=CARTESIAN_POINT('',(0.10056,-0.061525,0.00151));
#11337=CARTESIAN_POINT('',(0.10016,-0.061525,0.00151));
#11338=CARTESIAN_POINT('',(0.10056,-0.05454,0.00151));
#11339=CARTESIAN_POINT('',(0.09981,-0.05454,0.00151));
#11340=CARTESIAN_POINT('',(0.10183,-0.052,0.00151));
#11341=CARTESIAN_POINT('',(0.10098,-0.052,0.00151));
#11342=CARTESIAN_POINT('',(0.11199,-0.061525,0.00151));
#11343=CARTESIAN_POINT('',(0.11159,-0.061525,0.00151));
#11344=CARTESIAN_POINT('',(0.110719999,-0.052,0.00151));
#11345=CARTESIAN_POINT('',(0.109869999,-0.052,0.00151));
#11346=CARTESIAN_POINT('',(0.11961,-0.061525,0.00151));
#11347=CARTESIAN_POINT('',(0.11921,-0.061525,0.00151));
#11348=CARTESIAN_POINT('',(0.113259999,-0.05708,0.00151));
#11349=CARTESIAN_POINT('',(0.112509999,-0.05708,0.00151));
#11350=CARTESIAN_POINT('',(0.115799999,-0.052,0.00151));
#11351=CARTESIAN_POINT('',(0.113799999,-0.052,0.00151));
#11352=CARTESIAN_POINT('',(0.119609999,-0.05454,0.00151));
#11353=CARTESIAN_POINT('',(0.118859999,-0.05454,0.00151));
#11354=CARTESIAN_POINT('',(0.120879999,-0.052,0.00151));
#11355=CARTESIAN_POINT('',(0.120029999,-0.052,0.00151));
#11356=CARTESIAN_POINT('',(0.10474,-0.03274,0.00151));
#11357=CARTESIAN_POINT('',(0.1042955,-0.03274,0.00151));
#11358=CARTESIAN_POINT('',(0.10474,-0.0302,0.00151));
#11359=CARTESIAN_POINT('',(0.1042955,-0.0302,0.00151));
#11360=CARTESIAN_POINT('',(0.1122,-0.0325,0.00151));
#11361=CARTESIAN_POINT('',(0.1117,-0.0325,0.00151));
#11362=CARTESIAN_POINT('',(0.10474,-0.02766,0.00151));
#11363=CARTESIAN_POINT('',(0.1042955,-0.02766,0.00151));
#11364=CARTESIAN_POINT('',(0.10474,-0.02512,0.00151));
#11365=CARTESIAN_POINT('',(0.1042955,-0.02512,0.00151));
#11366=CARTESIAN_POINT('',(0.10474,-0.02258,0.00151));
#11367=CARTESIAN_POINT('',(0.1042955,-0.02258,0.00151));
#11368=CARTESIAN_POINT('',(0.10474,-0.02004,0.00151));
#11369=CARTESIAN_POINT('',(0.1042955,-0.02004,0.00151));
#11370=CARTESIAN_POINT('',(0.10474,-0.0175,0.00151));
#11371=CARTESIAN_POINT('',(0.1042955,-0.0175,0.00151));
#11372=CARTESIAN_POINT('',(0.1198,-0.0325,0.00151));
#11373=CARTESIAN_POINT('',(0.1193,-0.0325,0.00151));
#11374=CARTESIAN_POINT('',(0.125,-0.02,0.00151));
#11375=CARTESIAN_POINT('',(0.1234,-0.02,0.00151));
#11376=CARTESIAN_POINT('',(0.071999999357669,-0.02449999935766,0.));
#11377=CARTESIAN_POINT('',(0.062,-0.0244999999999914,0.));
#11378=CARTESIAN_POINT('',(0.12150000064233,-0.1015000006423,0.));
#11379=CARTESIAN_POINT('',(0.1215,-0.1115,0.));
#11380=CARTESIAN_POINT('',(0.062,-0.1015,0.));
#11381=CARTESIAN_POINT('',(0.062,-0.1015,0.));
#11382=CARTESIAN_POINT('',(0.1215,-0.1115,0.));
#11383=CARTESIAN_POINT('',(0.072,-0.111499999999969,0.));
#11384=CARTESIAN_POINT('',(0.071999999357669,-0.1015000006423,0.));
#11385=CARTESIAN_POINT('',(0.066,-0.1055,-4.6E-5));
#11386=CARTESIAN_POINT('',(0.07389,-0.099625,-4.6E-5));
#11387=CARTESIAN_POINT('',(0.07516,-0.09518,-4.6E-5));
#11388=CARTESIAN_POINT('',(0.07262,-0.0901,-4.6E-5));
#11389=CARTESIAN_POINT('',(0.0777,-0.0901,-4.6E-5));
#11390=CARTESIAN_POINT('',(0.08842,-0.1085,-4.6E-5));
#11391=CARTESIAN_POINT('',(0.08151,-0.099625,-4.6E-5));
#11392=CARTESIAN_POINT('',(0.09096,-0.1085,-4.6E-5));
#11393=CARTESIAN_POINT('',(0.0935,-0.1085,-4.6E-5));
#11394=CARTESIAN_POINT('',(0.09604,-0.1085,-4.6E-5));
#11395=CARTESIAN_POINT('',(0.09294,-0.099625,-4.6E-5));
#11396=CARTESIAN_POINT('',(0.08151,-0.09264,-4.6E-5));
#11397=CARTESIAN_POINT('',(0.08278,-0.0901,-4.6E-5));
#11398=CARTESIAN_POINT('',(0.09421,-0.09518,-4.6E-5));
#11399=CARTESIAN_POINT('',(0.09167,-0.0901,-4.6E-5));
#11400=CARTESIAN_POINT('',(0.09675,-0.0901,-4.6E-5));
#11401=CARTESIAN_POINT('',(0.07389,-0.080575,-4.6E-5));
#11402=CARTESIAN_POINT('',(0.07516,-0.07613,-4.6E-5));
#11403=CARTESIAN_POINT('',(0.07262,-0.07105,-4.6E-5));
#11404=CARTESIAN_POINT('',(0.0777,-0.07105,-4.6E-5));
#11405=CARTESIAN_POINT('',(0.08151,-0.080575,-4.6E-5));
#11406=CARTESIAN_POINT('',(0.09294,-0.080575,-4.6E-5));
#11407=CARTESIAN_POINT('',(0.09421,-0.07613,-4.6E-5));
#11408=CARTESIAN_POINT('',(0.08151,-0.07359,-4.6E-5));
#11409=CARTESIAN_POINT('',(0.08278,-0.07105,-4.6E-5));
#11410=CARTESIAN_POINT('',(0.09167,-0.07105,-4.6E-5));
#11411=CARTESIAN_POINT('',(0.09675,-0.07105,-4.6E-5));
#11412=CARTESIAN_POINT('',(0.09858,-0.1085,-4.6E-5));
#11413=CARTESIAN_POINT('',(0.10112,-0.1085,-4.6E-5));
#11414=CARTESIAN_POINT('',(0.10366,-0.1085,-4.6E-5));
#11415=CARTESIAN_POINT('',(0.10056,-0.099625,-4.6E-5));
#11416=CARTESIAN_POINT('',(0.1062,-0.1085,-4.6E-5));
#11417=CARTESIAN_POINT('',(0.11199,-0.099625,-4.6E-5));
#11418=CARTESIAN_POINT('',(0.10056,-0.09264,-4.6E-5));
#11419=CARTESIAN_POINT('',(0.10183,-0.0901,-4.6E-5));
#11420=CARTESIAN_POINT('',(0.110719999,-0.0901,-4.6E-5));
#11421=CARTESIAN_POINT('',(0.11961,-0.099625,-4.6E-5));
#11422=CARTESIAN_POINT('',(0.1275,-0.1055,-4.6E-5));
#11423=CARTESIAN_POINT('',(0.113259999,-0.09518,-4.6E-5));
#11424=CARTESIAN_POINT('',(0.119609999,-0.09264,-4.6E-5));
#11425=CARTESIAN_POINT('',(0.115799999,-0.0901,-4.6E-5));
#11426=CARTESIAN_POINT('',(0.120879999,-0.0901,-4.6E-5));
#11427=CARTESIAN_POINT('',(0.10056,-0.080575,-4.6E-5));
#11428=CARTESIAN_POINT('',(0.11199,-0.080575,-4.6E-5));
#11429=CARTESIAN_POINT('',(0.10056,-0.07359,-4.6E-5));
#11430=CARTESIAN_POINT('',(0.10183,-0.07105,-4.6E-5));
#11431=CARTESIAN_POINT('',(0.110719999,-0.07105,-4.6E-5));
#11432=CARTESIAN_POINT('',(0.11961,-0.080575,-4.6E-5));
#11433=CARTESIAN_POINT('',(0.113259999,-0.07613,-4.6E-5));
#11434=CARTESIAN_POINT('',(0.115799999,-0.07105,-4.6E-5));
#11435=CARTESIAN_POINT('',(0.119609999,-0.07359,-4.6E-5));
#11436=CARTESIAN_POINT('',(0.120879999,-0.07105,-4.6E-5));
#11437=CARTESIAN_POINT('',(0.07389,-0.061525,-4.6E-5));
#11438=CARTESIAN_POINT('',(0.07516,-0.05708,-4.6E-5));
#11439=CARTESIAN_POINT('',(0.07262,-0.052,-4.6E-5));
#11440=CARTESIAN_POINT('',(0.0777,-0.052,-4.6E-5));
#11441=CARTESIAN_POINT('',(0.08151,-0.061525,-4.6E-5));
#11442=CARTESIAN_POINT('',(0.08151,-0.05454,-4.6E-5));
#11443=CARTESIAN_POINT('',(0.08278,-0.052,-4.6E-5));
#11444=CARTESIAN_POINT('',(0.09294,-0.061525,-4.6E-5));
#11445=CARTESIAN_POINT('',(0.09167,-0.052,-4.6E-5));
#11446=CARTESIAN_POINT('',(0.09421,-0.05708,-4.6E-5));
#11447=CARTESIAN_POINT('',(0.09675,-0.052,-4.6E-5));
#11448=CARTESIAN_POINT('',(0.068,-0.0205,-4.6E-5));
#11449=CARTESIAN_POINT('',(0.0895,-0.03274,-4.6E-5));
#11450=CARTESIAN_POINT('',(0.0895,-0.0302,-4.6E-5));
#11451=CARTESIAN_POINT('',(0.0895,-0.02766,-4.6E-5));
#11452=CARTESIAN_POINT('',(0.0895,-0.02512,-4.6E-5));
#11453=CARTESIAN_POINT('',(0.0895,-0.02258,-4.6E-5));
#11454=CARTESIAN_POINT('',(0.0895,-0.02004,-4.6E-5));
#11455=CARTESIAN_POINT('',(0.0895,-0.0175,-4.6E-5));
#11456=CARTESIAN_POINT('',(0.10056,-0.061525,-4.6E-5));
#11457=CARTESIAN_POINT('',(0.10056,-0.05454,-4.6E-5));
#11458=CARTESIAN_POINT('',(0.10183,-0.052,-4.6E-5));
#11459=CARTESIAN_POINT('',(0.11199,-0.061525,-4.6E-5));
#11460=CARTESIAN_POINT('',(0.110719999,-0.052,-4.6E-5));
#11461=CARTESIAN_POINT('',(0.11961,-0.061525,-4.6E-5));
#11462=CARTESIAN_POINT('',(0.113259999,-0.05708,-4.6E-5));
#11463=CARTESIAN_POINT('',(0.115799999,-0.052,-4.6E-5));
#11464=CARTESIAN_POINT('',(0.119609999,-0.05454,-4.6E-5));
#11465=CARTESIAN_POINT('',(0.120879999,-0.052,-4.6E-5));
#11466=CARTESIAN_POINT('',(0.10474,-0.03274,-4.6E-5));
#11467=CARTESIAN_POINT('',(0.10474,-0.0302,-4.6E-5));
#11468=CARTESIAN_POINT('',(0.1122,-0.0325,-4.6E-5));
#11469=CARTESIAN_POINT('',(0.10474,-0.02766,-4.6E-5));
#11470=CARTESIAN_POINT('',(0.10474,-0.02512,-4.6E-5));
#11471=CARTESIAN_POINT('',(0.10474,-0.02258,-4.6E-5));
#11472=CARTESIAN_POINT('',(0.10474,-0.02004,-4.6E-5));
#11473=CARTESIAN_POINT('',(0.10474,-0.0175,-4.6E-5));
#11474=CARTESIAN_POINT('',(0.1198,-0.0325,-4.6E-5));
#11475=CARTESIAN_POINT('',(0.125,-0.02,-4.6E-5));
#11476=CARTESIAN_POINT('',(-0.05067,0.06058,-0.04478));
#11477=CARTESIAN_POINT('',(0.1144,-0.099625,0.003095));
#11478=CARTESIAN_POINT('',(0.1154,-0.099625,0.003095));
#11479=CARTESIAN_POINT('',(0.1154,-0.099625,0.002085));
#11480=CARTESIAN_POINT('',(0.1144,-0.099625,0.003095));
#11481=CARTESIAN_POINT('',(0.1144,-0.099625,0.002085));
#11482=CARTESIAN_POINT('',(0.1144,-0.099625,0.003095));
#11483=CARTESIAN_POINT('',(0.1144,-0.099625,0.003095));
#11484=CARTESIAN_POINT('',(0.1144,-0.099625,0.002095));
#11485=CARTESIAN_POINT('',(0.1154,-0.099625,0.003095));
#11486=CARTESIAN_POINT('',(0.1154,-0.099625,0.003095));
#11487=CARTESIAN_POINT('',(0.1154,-0.099625,0.002095));
#11488=CARTESIAN_POINT('',(0.1138,-0.099625,0.003095));
#11489=CARTESIAN_POINT('',(0.1142,-0.099625,0.003095));
#11490=CARTESIAN_POINT('',(0.1142,-0.099625,0.002095));
#11491=CARTESIAN_POINT('',(0.1138,-0.099625,0.003095));
#11492=CARTESIAN_POINT('',(0.1174,-0.099625,0.003095));
#11493=CARTESIAN_POINT('',(0.1174,-0.099625,0.004095));
#11494=CARTESIAN_POINT('',(0.1142,-0.099625,0.003095));
#11495=CARTESIAN_POINT('',(0.1138,-0.099625,0.003095));
#11496=CARTESIAN_POINT('',(0.1138,-0.099625,0.003695));
#11497=CARTESIAN_POINT('',(0.1174,-0.099625,0.003095));
#11498=CARTESIAN_POINT('',(0.1178,-0.099625,0.003095));
#11499=CARTESIAN_POINT('',(0.1178,-0.099625,0.003695));
#11500=CARTESIAN_POINT('',(0.1138,-0.099625,0.003095));
#11501=CARTESIAN_POINT('',(0.1178,-0.099625,0.003095));
#11502=CARTESIAN_POINT('',(-0.05067,0.06058,-0.04478));
#11503=CARTESIAN_POINT('',(0.08715,-0.107484,-8.5E-5));
#11504=CARTESIAN_POINT('',(0.08715,-0.107484,-8.5E-5));
#11505=CARTESIAN_POINT('',(0.08715,-0.107484,-8.5E-5));
#11506=CARTESIAN_POINT('',(0.087404,-0.10723,-8.5E-5));
#11507=CARTESIAN_POINT('',(0.087404,-0.10723,-8.5E-5));
#11508=CARTESIAN_POINT('',(0.087404,-0.10723,-0.002625));
#11509=CARTESIAN_POINT('',(0.08715,-0.107484,-0.002625));
#11510=CARTESIAN_POINT('',(0.08715,-0.107484,-0.002625));
#11511=CARTESIAN_POINT('',(0.08715,-0.107484,-8.5E-5));
#11512=CARTESIAN_POINT('',(0.08715,-0.109516,-8.5E-5));
#11513=CARTESIAN_POINT('',(0.08715,-0.109516,-8.5E-5));
#11514=CARTESIAN_POINT('',(0.08715,-0.109516,-8.5E-5));
#11515=CARTESIAN_POINT('',(0.08715,-0.1085,-0.002625));
#11516=CARTESIAN_POINT('',(0.08715,-0.109516,-0.002625));
#11517=CARTESIAN_POINT('',(0.08715,-0.109516,-8.5E-5));
#11518=CARTESIAN_POINT('',(0.087404,-0.10723,-8.5E-5));
#11519=CARTESIAN_POINT('',(0.087404,-0.10723,-8.5E-5));
#11520=CARTESIAN_POINT('',(0.089436,-0.10723,-8.5E-5));
#11521=CARTESIAN_POINT('',(0.089436,-0.10723,-8.5E-5));
#11522=CARTESIAN_POINT('',(0.089436,-0.10723,-0.002625));
#11523=CARTESIAN_POINT('',(0.09731,-0.10723,-0.002625));
#11524=CARTESIAN_POINT('',(0.09731,-0.1085,-8.50000000000011E-5));
#11525=CARTESIAN_POINT('',(0.087404,-0.10977,-8.5E-5));
#11526=CARTESIAN_POINT('',(0.087404,-0.10977,-8.5E-5));
#11527=CARTESIAN_POINT('',(0.089436,-0.10977,-8.5E-5));
#11528=CARTESIAN_POINT('',(0.089436,-0.10977,-8.5E-5));
#11529=CARTESIAN_POINT('',(0.08969,-0.109516,-8.5E-5));
#11530=CARTESIAN_POINT('',(0.08969,-0.109516,-8.5E-5));
#11531=CARTESIAN_POINT('',(0.089944,-0.10977,-8.5E-5));
#11532=CARTESIAN_POINT('',(0.089944,-0.10977,-8.5E-5));
#11533=CARTESIAN_POINT('',(0.091976,-0.10977,-8.5E-5));
#11534=CARTESIAN_POINT('',(0.091976,-0.10977,-8.5E-5));
#11535=CARTESIAN_POINT('',(0.09223,-0.109516,-8.5E-5));
#11536=CARTESIAN_POINT('',(0.09223,-0.109516,-8.5E-5));
#11537=CARTESIAN_POINT('',(0.092484,-0.10977,-8.5E-5));
#11538=CARTESIAN_POINT('',(0.092484,-0.10977,-8.5E-5));
#11539=CARTESIAN_POINT('',(0.094516,-0.10977,-8.5E-5));
#11540=CARTESIAN_POINT('',(0.094516,-0.10977,-8.5E-5));
#11541=CARTESIAN_POINT('',(0.09477,-0.109516,-8.5E-5));
#11542=CARTESIAN_POINT('',(0.09477,-0.109516,-8.5E-5));
#11543=CARTESIAN_POINT('',(0.095024,-0.10977,-8.5E-5));
#11544=CARTESIAN_POINT('',(0.095024,-0.10977,-8.5E-5));
#11545=CARTESIAN_POINT('',(0.097056,-0.10977,-8.50000000000011E-5));
#11546=CARTESIAN_POINT('',(0.097056,-0.10977,-8.50000000000011E-5));
#11547=CARTESIAN_POINT('',(0.09731,-0.109516,-8.50000000000011E-5));
#11548=CARTESIAN_POINT('',(0.09731,-0.109516,-8.50000000000011E-5));
#11549=CARTESIAN_POINT('',(0.097564,-0.10977,-8.50000000000011E-5));
#11550=CARTESIAN_POINT('',(0.097564,-0.10977,-8.50000000000011E-5));
#11551=CARTESIAN_POINT('',(0.099596,-0.10977,-8.50000000000014E-5));
#11552=CARTESIAN_POINT('',(0.099596,-0.10977,-8.50000000000014E-5));
#11553=CARTESIAN_POINT('',(0.09985,-0.109516,-8.50000000000014E-5));
#11554=CARTESIAN_POINT('',(0.09985,-0.109516,-8.50000000000014E-5));
#11555=CARTESIAN_POINT('',(0.100104,-0.10977,-8.50000000000014E-5));
#11556=CARTESIAN_POINT('',(0.100104,-0.10977,-8.50000000000014E-5));
#11557=CARTESIAN_POINT('',(0.102136,-0.10977,-8.50000000000017E-5));
#11558=CARTESIAN_POINT('',(0.102136,-0.10977,-8.50000000000017E-5));
#11559=CARTESIAN_POINT('',(0.10239,-0.109516,-8.50000000000017E-5));
#11560=CARTESIAN_POINT('',(0.10239,-0.109516,-8.50000000000017E-5));
#11561=CARTESIAN_POINT('',(0.102644,-0.10977,-8.50000000000018E-5));
#11562=CARTESIAN_POINT('',(0.102644,-0.10977,-8.50000000000018E-5));
#11563=CARTESIAN_POINT('',(0.104676,-0.10977,-8.5000000000002E-5));
#11564=CARTESIAN_POINT('',(0.104676,-0.10977,-8.5000000000002E-5));
#11565=CARTESIAN_POINT('',(0.10493,-0.109516,-8.5000000000002E-5));
#11566=CARTESIAN_POINT('',(0.10493,-0.109516,-8.5000000000002E-5));
#11567=CARTESIAN_POINT('',(0.105184,-0.10977,-8.50000000000021E-5));
#11568=CARTESIAN_POINT('',(0.105184,-0.10977,-8.50000000000021E-5));
#11569=CARTESIAN_POINT('',(0.107216,-0.10977,-8.50000000000023E-5));
#11570=CARTESIAN_POINT('',(0.107216,-0.10977,-8.50000000000023E-5));
#11571=CARTESIAN_POINT('',(0.10747,-0.109516,-8.50000000000023E-5));
#11572=CARTESIAN_POINT('',(0.10747,-0.109516,-8.50000000000023E-5));
#11573=CARTESIAN_POINT('',(0.10747,-0.107484,-8.50000000000023E-5));
#11574=CARTESIAN_POINT('',(0.10747,-0.107484,-8.50000000000023E-5));
#11575=CARTESIAN_POINT('',(0.107216,-0.10723,-8.50000000000023E-5));
#11576=CARTESIAN_POINT('',(0.107216,-0.10723,-8.50000000000023E-5));
#11577=CARTESIAN_POINT('',(0.105184,-0.10723,-8.50000000000021E-5));
#11578=CARTESIAN_POINT('',(0.105184,-0.10723,-8.50000000000021E-5));
#11579=CARTESIAN_POINT('',(0.10493,-0.107484,-8.5000000000002E-5));
#11580=CARTESIAN_POINT('',(0.10493,-0.107484,-8.5000000000002E-5));
#11581=CARTESIAN_POINT('',(0.104676,-0.10723,-8.5000000000002E-5));
#11582=CARTESIAN_POINT('',(0.104676,-0.10723,-8.5000000000002E-5));
#11583=CARTESIAN_POINT('',(0.102644,-0.10723,-8.50000000000018E-5));
#11584=CARTESIAN_POINT('',(0.102644,-0.10723,-8.50000000000018E-5));
#11585=CARTESIAN_POINT('',(0.10239,-0.107484,-8.50000000000017E-5));
#11586=CARTESIAN_POINT('',(0.10239,-0.107484,-8.50000000000017E-5));
#11587=CARTESIAN_POINT('',(0.102136,-0.10723,-8.50000000000017E-5));
#11588=CARTESIAN_POINT('',(0.102136,-0.10723,-8.50000000000017E-5));
#11589=CARTESIAN_POINT('',(0.100104,-0.10723,-8.50000000000014E-5));
#11590=CARTESIAN_POINT('',(0.100104,-0.10723,-8.50000000000014E-5));
#11591=CARTESIAN_POINT('',(0.09985,-0.107484,-8.50000000000014E-5));
#11592=CARTESIAN_POINT('',(0.09985,-0.107484,-8.50000000000014E-5));
#11593=CARTESIAN_POINT('',(0.099596,-0.10723,-8.50000000000014E-5));
#11594=CARTESIAN_POINT('',(0.099596,-0.10723,-8.50000000000014E-5));
#11595=CARTESIAN_POINT('',(0.097564,-0.10723,-8.50000000000011E-5));
#11596=CARTESIAN_POINT('',(0.097564,-0.10723,-8.50000000000011E-5));
#11597=CARTESIAN_POINT('',(0.09731,-0.107484,-8.50000000000011E-5));
#11598=CARTESIAN_POINT('',(0.09731,-0.107484,-8.50000000000011E-5));
#11599=CARTESIAN_POINT('',(0.097056,-0.10723,-8.50000000000011E-5));
#11600=CARTESIAN_POINT('',(0.097056,-0.10723,-8.50000000000011E-5));
#11601=CARTESIAN_POINT('',(0.095024,-0.10723,-8.5E-5));
#11602=CARTESIAN_POINT('',(0.095024,-0.10723,-8.5E-5));
#11603=CARTESIAN_POINT('',(0.09477,-0.107484,-8.5E-5));
#11604=CARTESIAN_POINT('',(0.09477,-0.107484,-8.5E-5));
#11605=CARTESIAN_POINT('',(0.094516,-0.10723,-8.5E-5));
#11606=CARTESIAN_POINT('',(0.094516,-0.10723,-8.5E-5));
#11607=CARTESIAN_POINT('',(0.092484,-0.10723,-8.5E-5));
#11608=CARTESIAN_POINT('',(0.092484,-0.10723,-8.5E-5));
#11609=CARTESIAN_POINT('',(0.09223,-0.107484,-8.5E-5));
#11610=CARTESIAN_POINT('',(0.09223,-0.107484,-8.5E-5));
#11611=CARTESIAN_POINT('',(0.091976,-0.10723,-8.5E-5));
#11612=CARTESIAN_POINT('',(0.091976,-0.10723,-8.5E-5));
#11613=CARTESIAN_POINT('',(0.089944,-0.10723,-8.5E-5));
#11614=CARTESIAN_POINT('',(0.089944,-0.10723,-8.5E-5));
#11615=CARTESIAN_POINT('',(0.08969,-0.107484,-8.5E-5));
#11616=CARTESIAN_POINT('',(0.08969,-0.107484,-8.5E-5));
#11617=CARTESIAN_POINT('',(0.089436,-0.10723,-8.5E-5));
#11618=CARTESIAN_POINT('',(0.09731,-0.10882,-8.50000000000011E-5));
#11619=CARTESIAN_POINT('',(0.10652,-0.10882,-8.50000000000022E-5));
#11620=CARTESIAN_POINT('',(0.10588,-0.10882,-8.50000000000022E-5));
#11621=CARTESIAN_POINT('',(0.10588,-0.1085,-8.50000000000022E-5));
#11622=CARTESIAN_POINT('',(0.10588,-0.10818,-8.50000000000022E-5));
#11623=CARTESIAN_POINT('',(0.10652,-0.10818,-8.50000000000022E-5));
#11624=CARTESIAN_POINT('',(0.10652,-0.10818,-8.50000000000022E-5));
#11625=CARTESIAN_POINT('',(0.10652,-0.10818,-8.50000000000022E-5));
#11626=CARTESIAN_POINT('',(0.10398,-0.10818,-8.50000000000019E-5));
#11627=CARTESIAN_POINT('',(0.10398,-0.10818,-8.50000000000019E-5));
#11628=CARTESIAN_POINT('',(0.10334,-0.10818,-8.50000000000018E-5));
#11629=CARTESIAN_POINT('',(0.10398,-0.10818,-8.50000000000019E-5));
#11630=CARTESIAN_POINT('',(0.10398,-0.10882,-8.50000000000019E-5));
#11631=CARTESIAN_POINT('',(0.09731,-0.10882,-8.50000000000011E-5));
#11632=CARTESIAN_POINT('',(0.10334,-0.10882,-8.50000000000018E-5));
#11633=CARTESIAN_POINT('',(0.10334,-0.1085,-8.50000000000018E-5));
#11634=CARTESIAN_POINT('',(0.09572,-0.1085,-8.5E-5));
#11635=CARTESIAN_POINT('',(0.09572,-0.10882,-8.5E-5));
#11636=CARTESIAN_POINT('',(0.09572,-0.10818,-8.5E-5));
#11637=CARTESIAN_POINT('',(0.09636,-0.10818,-8.5000000000001E-5));
#11638=CARTESIAN_POINT('',(0.09636,-0.10818,-8.5000000000001E-5));
#11639=CARTESIAN_POINT('',(0.09636,-0.10818,-8.5000000000001E-5));
#11640=CARTESIAN_POINT('',(0.09636,-0.10882,-8.5000000000001E-5));
#11641=CARTESIAN_POINT('',(0.09731,-0.10882,-8.50000000000011E-5));
#11642=CARTESIAN_POINT('',(0.10144,-0.10818,-8.50000000000016E-5));
#11643=CARTESIAN_POINT('',(0.10144,-0.10818,-8.50000000000016E-5));
#11644=CARTESIAN_POINT('',(0.1008,-0.10818,-8.50000000000015E-5));
#11645=CARTESIAN_POINT('',(0.10144,-0.10818,-8.50000000000016E-5));
#11646=CARTESIAN_POINT('',(0.10144,-0.10882,-8.50000000000016E-5));
#11647=CARTESIAN_POINT('',(0.09731,-0.10882,-8.50000000000011E-5));
#11648=CARTESIAN_POINT('',(0.1008,-0.10882,-8.50000000000015E-5));
#11649=CARTESIAN_POINT('',(0.1008,-0.1085,-8.50000000000015E-5));
#11650=CARTESIAN_POINT('',(0.09826,-0.1085,-8.50000000000012E-5));
#11651=CARTESIAN_POINT('',(0.09826,-0.10882,-8.50000000000012E-5));
#11652=CARTESIAN_POINT('',(0.09826,-0.10818,-8.50000000000012E-5));
#11653=CARTESIAN_POINT('',(0.0989,-0.10818,-8.50000000000013E-5));
#11654=CARTESIAN_POINT('',(0.0989,-0.10818,-8.50000000000013E-5));
#11655=CARTESIAN_POINT('',(0.0989,-0.10818,-8.50000000000013E-5));
#11656=CARTESIAN_POINT('',(0.0989,-0.10882,-8.50000000000013E-5));
#11657=CARTESIAN_POINT('',(0.09731,-0.10882,-8.50000000000011E-5));
#11658=CARTESIAN_POINT('',(0.09128,-0.10818,-8.5E-5));
#11659=CARTESIAN_POINT('',(0.09128,-0.10818,-8.5E-5));
#11660=CARTESIAN_POINT('',(0.09064,-0.10818,-8.5E-5));
#11661=CARTESIAN_POINT('',(0.09128,-0.10818,-8.5E-5));
#11662=CARTESIAN_POINT('',(0.09128,-0.10882,-8.5E-5));
#11663=CARTESIAN_POINT('',(0.09731,-0.10882,-8.50000000000011E-5));
#11664=CARTESIAN_POINT('',(0.09064,-0.10882,-8.5E-5));
#11665=CARTESIAN_POINT('',(0.09064,-0.1085,-8.5E-5));
#11666=CARTESIAN_POINT('',(0.09731,-0.10882,-8.50000000000011E-5));
#11667=CARTESIAN_POINT('',(0.09382,-0.10882,-8.5E-5));
#11668=CARTESIAN_POINT('',(0.09318,-0.10882,-8.5E-5));
#11669=CARTESIAN_POINT('',(0.09318,-0.1085,-8.5E-5));
#11670=CARTESIAN_POINT('',(0.09318,-0.10818,-8.5E-5));
#11671=CARTESIAN_POINT('',(0.09382,-0.10818,-8.5E-5));
#11672=CARTESIAN_POINT('',(0.09382,-0.10818,-8.5E-5));
#11673=CARTESIAN_POINT('',(0.09382,-0.10818,-8.5E-5));
#11674=CARTESIAN_POINT('',(0.0881,-0.1085,-8.5E-5));
#11675=CARTESIAN_POINT('',(0.0881,-0.10882,-8.5E-5));
#11676=CARTESIAN_POINT('',(0.0881,-0.10818,-8.5E-5));
#11677=CARTESIAN_POINT('',(0.08874,-0.10818,-8.5E-5));
#11678=CARTESIAN_POINT('',(0.08874,-0.10818,-8.5E-5));
#11679=CARTESIAN_POINT('',(0.08874,-0.10818,-8.5E-5));
#11680=CARTESIAN_POINT('',(0.08874,-0.10882,-8.5E-5));
#11681=CARTESIAN_POINT('',(0.09731,-0.10882,-8.50000000000011E-5));
#11682=CARTESIAN_POINT('',(0.09731,-0.1085,-0.002625));
#11683=CARTESIAN_POINT('',(0.089436,-0.10723,-0.002625));
#11684=CARTESIAN_POINT('',(0.08969,-0.107484,-0.002625));
#11685=CARTESIAN_POINT('',(0.08969,-0.107484,-0.002625));
#11686=CARTESIAN_POINT('',(0.089944,-0.10723,-0.002625));
#11687=CARTESIAN_POINT('',(0.09731,-0.10723,-0.002625));
#11688=CARTESIAN_POINT('',(0.091976,-0.10723,-0.002625));
#11689=CARTESIAN_POINT('',(0.091976,-0.10723,-0.002625));
#11690=CARTESIAN_POINT('',(0.09223,-0.107484,-0.002625));
#11691=CARTESIAN_POINT('',(0.09223,-0.107484,-0.002625));
#11692=CARTESIAN_POINT('',(0.092484,-0.10723,-0.002625));
#11693=CARTESIAN_POINT('',(0.09731,-0.10723,-0.002625));
#11694=CARTESIAN_POINT('',(0.094516,-0.10723,-0.002625));
#11695=CARTESIAN_POINT('',(0.094516,-0.10723,-0.002625));
#11696=CARTESIAN_POINT('',(0.09477,-0.107484,-0.002625));
#11697=CARTESIAN_POINT('',(0.09477,-0.107484,-0.002625));
#11698=CARTESIAN_POINT('',(0.095024,-0.10723,-0.002625));
#11699=CARTESIAN_POINT('',(0.09731,-0.10723,-0.002625));
#11700=CARTESIAN_POINT('',(0.097056,-0.10723,-0.002625));
#11701=CARTESIAN_POINT('',(0.097056,-0.10723,-0.002625));
#11702=CARTESIAN_POINT('',(0.09731,-0.107484,-0.002625));
#11703=CARTESIAN_POINT('',(0.09731,-0.107484,-0.002625));
#11704=CARTESIAN_POINT('',(0.097564,-0.10723,-0.002625));
#11705=CARTESIAN_POINT('',(0.09731,-0.10723,-0.002625));
#11706=CARTESIAN_POINT('',(0.099596,-0.10723,-0.002625));
#11707=CARTESIAN_POINT('',(0.099596,-0.10723,-0.002625));
#11708=CARTESIAN_POINT('',(0.09985,-0.107484,-0.002625));
#11709=CARTESIAN_POINT('',(0.09985,-0.107484,-0.002625));
#11710=CARTESIAN_POINT('',(0.100104,-0.10723,-0.002625));
#11711=CARTESIAN_POINT('',(0.09731,-0.10723,-0.002625));
#11712=CARTESIAN_POINT('',(0.102136,-0.10723,-0.002625));
#11713=CARTESIAN_POINT('',(0.102136,-0.10723,-0.002625));
#11714=CARTESIAN_POINT('',(0.10239,-0.107484,-0.002625));
#11715=CARTESIAN_POINT('',(0.10239,-0.107484,-0.002625));
#11716=CARTESIAN_POINT('',(0.102644,-0.10723,-0.002625));
#11717=CARTESIAN_POINT('',(0.09731,-0.10723,-0.002625));
#11718=CARTESIAN_POINT('',(0.104676,-0.10723,-0.002625));
#11719=CARTESIAN_POINT('',(0.104676,-0.10723,-0.002625));
#11720=CARTESIAN_POINT('',(0.10493,-0.107484,-0.002625));
#11721=CARTESIAN_POINT('',(0.10493,-0.107484,-0.002625));
#11722=CARTESIAN_POINT('',(0.105184,-0.10723,-0.002625));
#11723=CARTESIAN_POINT('',(0.09731,-0.10723,-0.002625));
#11724=CARTESIAN_POINT('',(0.107216,-0.10723,-0.002625));
#11725=CARTESIAN_POINT('',(0.107216,-0.10723,-0.002625));
#11726=CARTESIAN_POINT('',(0.10747,-0.107484,-0.002625));
#11727=CARTESIAN_POINT('',(0.10747,-0.1085,-0.002625));
#11728=CARTESIAN_POINT('',(0.10747,-0.109516,-0.002625));
#11729=CARTESIAN_POINT('',(0.10747,-0.109516,-0.002625));
#11730=CARTESIAN_POINT('',(0.107216,-0.10977,-0.002625));
#11731=CARTESIAN_POINT('',(0.09731,-0.10977,-0.002625));
#11732=CARTESIAN_POINT('',(0.105184,-0.10977,-0.002625));
#11733=CARTESIAN_POINT('',(0.105184,-0.10977,-0.002625));
#11734=CARTESIAN_POINT('',(0.10493,-0.109516,-0.002625));
#11735=CARTESIAN_POINT('',(0.10493,-0.109516,-0.002625));
#11736=CARTESIAN_POINT('',(0.104676,-0.10977,-0.002625));
#11737=CARTESIAN_POINT('',(0.09731,-0.10977,-0.002625));
#11738=CARTESIAN_POINT('',(0.102644,-0.10977,-0.002625));
#11739=CARTESIAN_POINT('',(0.102644,-0.10977,-0.002625));
#11740=CARTESIAN_POINT('',(0.10239,-0.109516,-0.002625));
#11741=CARTESIAN_POINT('',(0.10239,-0.109516,-0.002625));
#11742=CARTESIAN_POINT('',(0.102136,-0.10977,-0.002625));
#11743=CARTESIAN_POINT('',(0.09731,-0.10977,-0.002625));
#11744=CARTESIAN_POINT('',(0.100104,-0.10977,-0.002625));
#11745=CARTESIAN_POINT('',(0.100104,-0.10977,-0.002625));
#11746=CARTESIAN_POINT('',(0.09985,-0.109516,-0.002625));
#11747=CARTESIAN_POINT('',(0.09985,-0.109516,-0.002625));
#11748=CARTESIAN_POINT('',(0.099596,-0.10977,-0.002625));
#11749=CARTESIAN_POINT('',(0.09731,-0.10977,-0.002625));
#11750=CARTESIAN_POINT('',(0.097564,-0.10977,-0.002625));
#11751=CARTESIAN_POINT('',(0.097564,-0.10977,-0.002625));
#11752=CARTESIAN_POINT('',(0.09731,-0.109516,-0.002625));
#11753=CARTESIAN_POINT('',(0.09731,-0.109516,-0.002625));
#11754=CARTESIAN_POINT('',(0.097056,-0.10977,-0.002625));
#11755=CARTESIAN_POINT('',(0.09731,-0.10977,-0.002625));
#11756=CARTESIAN_POINT('',(0.095024,-0.10977,-0.002625));
#11757=CARTESIAN_POINT('',(0.095024,-0.10977,-0.002625));
#11758=CARTESIAN_POINT('',(0.09477,-0.109516,-0.002625));
#11759=CARTESIAN_POINT('',(0.09477,-0.109516,-0.002625));
#11760=CARTESIAN_POINT('',(0.094516,-0.10977,-0.002625));
#11761=CARTESIAN_POINT('',(0.09731,-0.10977,-0.002625));
#11762=CARTESIAN_POINT('',(0.092484,-0.10977,-0.002625));
#11763=CARTESIAN_POINT('',(0.092484,-0.10977,-0.002625));
#11764=CARTESIAN_POINT('',(0.09223,-0.109516,-0.002625));
#11765=CARTESIAN_POINT('',(0.09223,-0.109516,-0.002625));
#11766=CARTESIAN_POINT('',(0.091976,-0.10977,-0.002625));
#11767=CARTESIAN_POINT('',(0.09731,-0.10977,-0.002625));
#11768=CARTESIAN_POINT('',(0.089944,-0.10977,-0.002625));
#11769=CARTESIAN_POINT('',(0.089944,-0.10977,-0.002625));
#11770=CARTESIAN_POINT('',(0.08969,-0.109516,-0.002625));
#11771=CARTESIAN_POINT('',(0.08969,-0.109516,-0.002625));
#11772=CARTESIAN_POINT('',(0.089436,-0.10977,-0.002625));
#11773=CARTESIAN_POINT('',(0.09731,-0.10977,-0.002625));
#11774=CARTESIAN_POINT('',(0.087404,-0.10977,-0.002625));
#11775=CARTESIAN_POINT('',(0.087404,-0.10977,-0.002625));
#11776=CARTESIAN_POINT('',(0.10652,-0.1085,-0.002625));
#11777=CARTESIAN_POINT('',(0.10652,-0.10882,-0.002625));
#11778=CARTESIAN_POINT('',(0.10652,-0.10818,-0.002625));
#11779=CARTESIAN_POINT('',(0.09731,-0.10818,-0.002625));
#11780=CARTESIAN_POINT('',(0.10588,-0.10818,-0.002625));
#11781=CARTESIAN_POINT('',(0.10588,-0.10818,-0.002625));
#11782=CARTESIAN_POINT('',(0.10588,-0.10882,-0.002625));
#11783=CARTESIAN_POINT('',(0.10652,-0.10882,-0.002625));
#11784=CARTESIAN_POINT('',(0.10334,-0.10818,-0.002625));
#11785=CARTESIAN_POINT('',(0.10334,-0.10882,-0.002625));
#11786=CARTESIAN_POINT('',(0.10334,-0.10818,-0.002625));
#11787=CARTESIAN_POINT('',(0.10398,-0.10882,-0.002625));
#11788=CARTESIAN_POINT('',(0.10398,-0.10882,-0.002625));
#11789=CARTESIAN_POINT('',(0.10398,-0.1085,-0.002625));
#11790=CARTESIAN_POINT('',(0.10398,-0.10818,-0.002625));
#11791=CARTESIAN_POINT('',(0.09731,-0.10818,-0.002625));
#11792=CARTESIAN_POINT('',(0.09636,-0.10882,-0.002625));
#11793=CARTESIAN_POINT('',(0.09636,-0.10882,-0.002625));
#11794=CARTESIAN_POINT('',(0.09572,-0.10882,-0.002625));
#11795=CARTESIAN_POINT('',(0.09636,-0.1085,-0.002625));
#11796=CARTESIAN_POINT('',(0.09636,-0.10818,-0.002625));
#11797=CARTESIAN_POINT('',(0.09731,-0.10818,-0.002625));
#11798=CARTESIAN_POINT('',(0.09572,-0.10818,-0.002625));
#11799=CARTESIAN_POINT('',(0.09572,-0.10818,-0.002625));
#11800=CARTESIAN_POINT('',(0.1008,-0.10818,-0.002625));
#11801=CARTESIAN_POINT('',(0.1008,-0.10882,-0.002625));
#11802=CARTESIAN_POINT('',(0.1008,-0.10818,-0.002625));
#11803=CARTESIAN_POINT('',(0.10144,-0.10882,-0.002625));
#11804=CARTESIAN_POINT('',(0.10144,-0.10882,-0.002625));
#11805=CARTESIAN_POINT('',(0.10144,-0.1085,-0.002625));
#11806=CARTESIAN_POINT('',(0.10144,-0.10818,-0.002625));
#11807=CARTESIAN_POINT('',(0.09731,-0.10818,-0.002625));
#11808=CARTESIAN_POINT('',(0.0989,-0.10882,-0.002625));
#11809=CARTESIAN_POINT('',(0.0989,-0.10882,-0.002625));
#11810=CARTESIAN_POINT('',(0.09826,-0.10882,-0.002625));
#11811=CARTESIAN_POINT('',(0.0989,-0.1085,-0.002625));
#11812=CARTESIAN_POINT('',(0.0989,-0.10818,-0.002625));
#11813=CARTESIAN_POINT('',(0.09731,-0.10818,-0.002625));
#11814=CARTESIAN_POINT('',(0.09826,-0.10818,-0.002625));
#11815=CARTESIAN_POINT('',(0.09826,-0.10818,-0.002625));
#11816=CARTESIAN_POINT('',(0.09064,-0.10818,-0.002625));
#11817=CARTESIAN_POINT('',(0.09064,-0.10882,-0.002625));
#11818=CARTESIAN_POINT('',(0.09064,-0.10818,-0.002625));
#11819=CARTESIAN_POINT('',(0.09128,-0.10882,-0.002625));
#11820=CARTESIAN_POINT('',(0.09128,-0.10882,-0.002625));
#11821=CARTESIAN_POINT('',(0.09128,-0.1085,-0.002625));
#11822=CARTESIAN_POINT('',(0.09128,-0.10818,-0.002625));
#11823=CARTESIAN_POINT('',(0.09731,-0.10818,-0.002625));
#11824=CARTESIAN_POINT('',(0.09382,-0.1085,-0.002625));
#11825=CARTESIAN_POINT('',(0.09382,-0.10882,-0.002625));
#11826=CARTESIAN_POINT('',(0.09382,-0.10818,-0.002625));
#11827=CARTESIAN_POINT('',(0.09731,-0.10818,-0.002625));
#11828=CARTESIAN_POINT('',(0.09318,-0.10818,-0.002625));
#11829=CARTESIAN_POINT('',(0.09318,-0.10818,-0.002625));
#11830=CARTESIAN_POINT('',(0.09318,-0.10882,-0.002625));
#11831=CARTESIAN_POINT('',(0.09382,-0.10882,-0.002625));
#11832=CARTESIAN_POINT('',(0.08874,-0.10882,-0.002625));
#11833=CARTESIAN_POINT('',(0.08874,-0.10882,-0.002625));
#11834=CARTESIAN_POINT('',(0.0881,-0.10882,-0.002625));
#11835=CARTESIAN_POINT('',(0.08874,-0.1085,-0.002625));
#11836=CARTESIAN_POINT('',(0.08874,-0.10818,-0.002625));
#11837=CARTESIAN_POINT('',(0.09731,-0.10818,-0.002625));
#11838=CARTESIAN_POINT('',(0.0881,-0.10818,-0.002625));
#11839=CARTESIAN_POINT('',(0.0881,-0.10818,-0.002625));
#11840=CARTESIAN_POINT('',(0.087404,-0.10977,-8.5E-5));
#11841=CARTESIAN_POINT('',(0.087404,-0.10977,-8.5E-5));
#11842=CARTESIAN_POINT('',(0.089436,-0.10723,-8.5E-5));
#11843=CARTESIAN_POINT('',(0.08969,-0.107484,-8.5E-5));
#11844=CARTESIAN_POINT('',(0.089436,-0.10977,-8.5E-5));
#11845=CARTESIAN_POINT('',(0.089436,-0.10977,-8.5E-5));
#11846=CARTESIAN_POINT('',(0.08969,-0.107484,-8.5E-5));
#11847=CARTESIAN_POINT('',(0.089944,-0.10723,-8.5E-5));
#11848=CARTESIAN_POINT('',(0.08969,-0.109516,-8.5E-5));
#11849=CARTESIAN_POINT('',(0.08969,-0.109516,-8.5E-5));
#11850=CARTESIAN_POINT('',(0.089944,-0.10723,-8.5E-5));
#11851=CARTESIAN_POINT('',(0.091976,-0.10723,-8.5E-5));
#11852=CARTESIAN_POINT('',(0.089944,-0.10977,-8.5E-5));
#11853=CARTESIAN_POINT('',(0.089944,-0.10977,-8.5E-5));
#11854=CARTESIAN_POINT('',(0.091976,-0.10723,-8.5E-5));
#11855=CARTESIAN_POINT('',(0.09223,-0.107484,-8.5E-5));
#11856=CARTESIAN_POINT('',(0.091976,-0.10977,-8.5E-5));
#11857=CARTESIAN_POINT('',(0.091976,-0.10977,-8.5E-5));
#11858=CARTESIAN_POINT('',(0.09223,-0.107484,-8.5E-5));
#11859=CARTESIAN_POINT('',(0.092484,-0.10723,-8.5E-5));
#11860=CARTESIAN_POINT('',(0.09223,-0.109516,-8.5E-5));
#11861=CARTESIAN_POINT('',(0.09223,-0.109516,-8.5E-5));
#11862=CARTESIAN_POINT('',(0.092484,-0.10723,-8.5E-5));
#11863=CARTESIAN_POINT('',(0.094516,-0.10723,-8.5E-5));
#11864=CARTESIAN_POINT('',(0.092484,-0.10977,-8.5E-5));
#11865=CARTESIAN_POINT('',(0.092484,-0.10977,-8.5E-5));
#11866=CARTESIAN_POINT('',(0.094516,-0.10723,-8.5E-5));
#11867=CARTESIAN_POINT('',(0.09477,-0.107484,-8.5E-5));
#11868=CARTESIAN_POINT('',(0.094516,-0.10977,-8.5E-5));
#11869=CARTESIAN_POINT('',(0.094516,-0.10977,-8.5E-5));
#11870=CARTESIAN_POINT('',(0.09477,-0.107484,-8.5E-5));
#11871=CARTESIAN_POINT('',(0.095024,-0.10723,-8.5E-5));
#11872=CARTESIAN_POINT('',(0.09477,-0.109516,-8.5E-5));
#11873=CARTESIAN_POINT('',(0.09477,-0.109516,-8.5E-5));
#11874=CARTESIAN_POINT('',(0.095024,-0.10723,-8.5E-5));
#11875=CARTESIAN_POINT('',(0.097056,-0.10723,-8.50000000000011E-5));
#11876=CARTESIAN_POINT('',(0.095024,-0.10977,-8.5E-5));
#11877=CARTESIAN_POINT('',(0.095024,-0.10977,-8.5E-5));
#11878=CARTESIAN_POINT('',(0.097056,-0.10723,-8.50000000000011E-5));
#11879=CARTESIAN_POINT('',(0.09731,-0.107484,-8.50000000000011E-5));
#11880=CARTESIAN_POINT('',(0.097056,-0.10977,-8.50000000000011E-5));
#11881=CARTESIAN_POINT('',(0.097056,-0.10977,-8.50000000000011E-5));
#11882=CARTESIAN_POINT('',(0.09731,-0.107484,-8.50000000000011E-5));
#11883=CARTESIAN_POINT('',(0.097564,-0.10723,-8.50000000000011E-5));
#11884=CARTESIAN_POINT('',(0.09731,-0.109516,-8.50000000000011E-5));
#11885=CARTESIAN_POINT('',(0.09731,-0.109516,-8.50000000000011E-5));
#11886=CARTESIAN_POINT('',(0.097564,-0.10723,-8.50000000000011E-5));
#11887=CARTESIAN_POINT('',(0.099596,-0.10723,-8.50000000000014E-5));
#11888=CARTESIAN_POINT('',(0.097564,-0.10977,-8.50000000000011E-5));
#11889=CARTESIAN_POINT('',(0.097564,-0.10977,-8.50000000000011E-5));
#11890=CARTESIAN_POINT('',(0.099596,-0.10723,-8.50000000000014E-5));
#11891=CARTESIAN_POINT('',(0.09985,-0.107484,-8.50000000000014E-5));
#11892=CARTESIAN_POINT('',(0.099596,-0.10977,-8.50000000000014E-5));
#11893=CARTESIAN_POINT('',(0.099596,-0.10977,-8.50000000000014E-5));
#11894=CARTESIAN_POINT('',(0.09985,-0.107484,-8.50000000000014E-5));
#11895=CARTESIAN_POINT('',(0.100104,-0.10723,-8.50000000000014E-5));
#11896=CARTESIAN_POINT('',(0.09985,-0.109516,-8.50000000000014E-5));
#11897=CARTESIAN_POINT('',(0.09985,-0.109516,-8.50000000000014E-5));
#11898=CARTESIAN_POINT('',(0.100104,-0.10723,-8.50000000000014E-5));
#11899=CARTESIAN_POINT('',(0.102136,-0.10723,-8.50000000000017E-5));
#11900=CARTESIAN_POINT('',(0.100104,-0.10977,-8.50000000000014E-5));
#11901=CARTESIAN_POINT('',(0.100104,-0.10977,-8.50000000000014E-5));
#11902=CARTESIAN_POINT('',(0.102136,-0.10723,-8.50000000000017E-5));
#11903=CARTESIAN_POINT('',(0.10239,-0.107484,-8.50000000000017E-5));
#11904=CARTESIAN_POINT('',(0.102136,-0.10977,-8.50000000000017E-5));
#11905=CARTESIAN_POINT('',(0.102136,-0.10977,-8.50000000000017E-5));
#11906=CARTESIAN_POINT('',(0.10239,-0.107484,-8.50000000000017E-5));
#11907=CARTESIAN_POINT('',(0.102644,-0.10723,-8.50000000000018E-5));
#11908=CARTESIAN_POINT('',(0.10239,-0.109516,-8.50000000000017E-5));
#11909=CARTESIAN_POINT('',(0.10239,-0.109516,-8.50000000000017E-5));
#11910=CARTESIAN_POINT('',(0.102644,-0.10723,-8.50000000000018E-5));
#11911=CARTESIAN_POINT('',(0.104676,-0.10723,-8.5000000000002E-5));
#11912=CARTESIAN_POINT('',(0.102644,-0.10977,-8.50000000000018E-5));
#11913=CARTESIAN_POINT('',(0.102644,-0.10977,-8.50000000000018E-5));
#11914=CARTESIAN_POINT('',(0.104676,-0.10723,-8.5000000000002E-5));
#11915=CARTESIAN_POINT('',(0.10493,-0.107484,-8.5000000000002E-5));
#11916=CARTESIAN_POINT('',(0.104676,-0.10977,-8.5000000000002E-5));
#11917=CARTESIAN_POINT('',(0.104676,-0.10977,-8.5000000000002E-5));
#11918=CARTESIAN_POINT('',(0.10493,-0.107484,-8.5000000000002E-5));
#11919=CARTESIAN_POINT('',(0.105184,-0.10723,-8.50000000000021E-5));
#11920=CARTESIAN_POINT('',(0.10493,-0.109516,-8.5000000000002E-5));
#11921=CARTESIAN_POINT('',(0.10493,-0.109516,-8.5000000000002E-5));
#11922=CARTESIAN_POINT('',(0.105184,-0.10723,-8.50000000000021E-5));
#11923=CARTESIAN_POINT('',(0.107216,-0.10723,-8.50000000000023E-5));
#11924=CARTESIAN_POINT('',(0.105184,-0.10977,-8.50000000000021E-5));
#11925=CARTESIAN_POINT('',(0.105184,-0.10977,-8.50000000000021E-5));
#11926=CARTESIAN_POINT('',(0.107216,-0.10723,-8.50000000000023E-5));
#11927=CARTESIAN_POINT('',(0.10747,-0.107484,-8.50000000000023E-5));
#11928=CARTESIAN_POINT('',(0.107216,-0.10977,-8.50000000000023E-5));
#11929=CARTESIAN_POINT('',(0.107216,-0.10977,-8.50000000000023E-5));
#11930=CARTESIAN_POINT('',(0.10747,-0.107484,-8.50000000000023E-5));
#11931=CARTESIAN_POINT('',(0.10747,-0.109516,-8.50000000000023E-5));
#11932=CARTESIAN_POINT('',(0.10747,-0.109516,-8.50000000000023E-5));
#11933=CARTESIAN_POINT('',(0.10652,-0.10818,0.002915));
#11934=CARTESIAN_POINT('',(0.10652,-0.10818,0.002915));
#11935=CARTESIAN_POINT('',(0.10652,-0.10818,0.002755));
#11936=CARTESIAN_POINT('',(0.10652,-0.10818,0.002755));
#11937=CARTESIAN_POINT('',(0.10652,-0.10882,0.002755));
#11938=CARTESIAN_POINT('',(0.10652,-0.10882,0.002915));
#11939=CARTESIAN_POINT('',(0.10652,-0.10882,0.002915));
#11940=CARTESIAN_POINT('',(0.10652,-0.10882,0.002755));
#11941=CARTESIAN_POINT('',(0.10588,-0.10882,0.002755));
#11942=CARTESIAN_POINT('',(0.10588,-0.10882,0.002915));
#11943=CARTESIAN_POINT('',(0.10588,-0.10818,0.002915));
#11944=CARTESIAN_POINT('',(0.10588,-0.10818,0.002755));
#11945=CARTESIAN_POINT('',(0.10588,-0.10818,0.002755));
#11946=CARTESIAN_POINT('',(0.10588,-0.10818,0.002915));
#11947=CARTESIAN_POINT('',(0.10652,-0.10818,0.002915));
#11948=CARTESIAN_POINT('',(0.10652,-0.10818,0.002755));
#11949=CARTESIAN_POINT('',(0.10334,-0.10818,0.002915));
#11950=CARTESIAN_POINT('',(0.10334,-0.10882,0.002915));
#11951=CARTESIAN_POINT('',(0.10334,-0.10882,0.002755));
#11952=CARTESIAN_POINT('',(0.10334,-0.10818,0.002755));
#11953=CARTESIAN_POINT('',(0.10334,-0.10818,0.002755));
#11954=CARTESIAN_POINT('',(0.10334,-0.10818,0.002915));
#11955=CARTESIAN_POINT('',(0.10398,-0.10818,0.002915));
#11956=CARTESIAN_POINT('',(0.10398,-0.10818,0.002755));
#11957=CARTESIAN_POINT('',(0.10398,-0.10818,0.002755));
#11958=CARTESIAN_POINT('',(0.10398,-0.10818,0.002915));
#11959=CARTESIAN_POINT('',(0.10398,-0.10818,0.002915));
#11960=CARTESIAN_POINT('',(0.10398,-0.10818,0.002755));
#11961=CARTESIAN_POINT('',(0.10398,-0.10882,0.002755));
#11962=CARTESIAN_POINT('',(0.10398,-0.10882,0.002915));
#11963=CARTESIAN_POINT('',(0.10398,-0.10882,0.002915));
#11964=CARTESIAN_POINT('',(0.10398,-0.10882,0.002755));
#11965=CARTESIAN_POINT('',(0.09636,-0.10882,0.002915));
#11966=CARTESIAN_POINT('',(0.09636,-0.10882,0.002915));
#11967=CARTESIAN_POINT('',(0.09636,-0.10882,0.002755));
#11968=CARTESIAN_POINT('',(0.09636,-0.10882,0.002755));
#11969=CARTESIAN_POINT('',(0.09572,-0.10882,0.002755));
#11970=CARTESIAN_POINT('',(0.09572,-0.10882,0.002915));
#11971=CARTESIAN_POINT('',(0.09572,-0.10818,0.002915));
#11972=CARTESIAN_POINT('',(0.09572,-0.10818,0.002755));
#11973=CARTESIAN_POINT('',(0.09572,-0.10818,0.002755));
#11974=CARTESIAN_POINT('',(0.09572,-0.10818,0.002915));
#11975=CARTESIAN_POINT('',(0.09636,-0.10818,0.002915));
#11976=CARTESIAN_POINT('',(0.09636,-0.10818,0.002755));
#11977=CARTESIAN_POINT('',(0.09636,-0.10818,0.002755));
#11978=CARTESIAN_POINT('',(0.09636,-0.10818,0.002915));
#11979=CARTESIAN_POINT('',(0.09636,-0.10818,0.002915));
#11980=CARTESIAN_POINT('',(0.09636,-0.10818,0.002755));
#11981=CARTESIAN_POINT('',(0.1008,-0.10818,0.002915));
#11982=CARTESIAN_POINT('',(0.1008,-0.10882,0.002915));
#11983=CARTESIAN_POINT('',(0.1008,-0.10882,0.002755));
#11984=CARTESIAN_POINT('',(0.1008,-0.10818,0.002755));
#11985=CARTESIAN_POINT('',(0.1008,-0.10818,0.002755));
#11986=CARTESIAN_POINT('',(0.1008,-0.10818,0.002915));
#11987=CARTESIAN_POINT('',(0.10144,-0.10818,0.002915));
#11988=CARTESIAN_POINT('',(0.10144,-0.10818,0.002755));
#11989=CARTESIAN_POINT('',(0.10144,-0.10818,0.002755));
#11990=CARTESIAN_POINT('',(0.10144,-0.10818,0.002915));
#11991=CARTESIAN_POINT('',(0.10144,-0.10818,0.002915));
#11992=CARTESIAN_POINT('',(0.10144,-0.10818,0.002755));
#11993=CARTESIAN_POINT('',(0.10144,-0.10882,0.002755));
#11994=CARTESIAN_POINT('',(0.10144,-0.10882,0.002915));
#11995=CARTESIAN_POINT('',(0.10144,-0.10882,0.002915));
#11996=CARTESIAN_POINT('',(0.10144,-0.10882,0.002755));
#11997=CARTESIAN_POINT('',(0.0989,-0.10882,0.002915));
#11998=CARTESIAN_POINT('',(0.0989,-0.10882,0.002915));
#11999=CARTESIAN_POINT('',(0.0989,-0.10882,0.002755));
#12000=CARTESIAN_POINT('',(0.0989,-0.10882,0.002755));
#12001=CARTESIAN_POINT('',(0.09826,-0.10882,0.002755));
#12002=CARTESIAN_POINT('',(0.09826,-0.10882,0.002915));
#12003=CARTESIAN_POINT('',(0.09826,-0.10818,0.002915));
#12004=CARTESIAN_POINT('',(0.09826,-0.10818,0.002755));
#12005=CARTESIAN_POINT('',(0.09826,-0.10818,0.002755));
#12006=CARTESIAN_POINT('',(0.09826,-0.10818,0.002915));
#12007=CARTESIAN_POINT('',(0.0989,-0.10818,0.002915));
#12008=CARTESIAN_POINT('',(0.0989,-0.10818,0.002755));
#12009=CARTESIAN_POINT('',(0.0989,-0.10818,0.002755));
#12010=CARTESIAN_POINT('',(0.0989,-0.10818,0.002915));
#12011=CARTESIAN_POINT('',(0.0989,-0.10818,0.002915));
#12012=CARTESIAN_POINT('',(0.0989,-0.10818,0.002755));
#12013=CARTESIAN_POINT('',(0.09064,-0.10818,0.002915));
#12014=CARTESIAN_POINT('',(0.09064,-0.10882,0.002915));
#12015=CARTESIAN_POINT('',(0.09064,-0.10882,0.002755));
#12016=CARTESIAN_POINT('',(0.09064,-0.10818,0.002755));
#12017=CARTESIAN_POINT('',(0.09064,-0.10818,0.002755));
#12018=CARTESIAN_POINT('',(0.09064,-0.10818,0.002915));
#12019=CARTESIAN_POINT('',(0.09128,-0.10818,0.002915));
#12020=CARTESIAN_POINT('',(0.09128,-0.10818,0.002755));
#12021=CARTESIAN_POINT('',(0.09128,-0.10818,0.002755));
#12022=CARTESIAN_POINT('',(0.09128,-0.10818,0.002915));
#12023=CARTESIAN_POINT('',(0.09128,-0.10818,0.002915));
#12024=CARTESIAN_POINT('',(0.09128,-0.10818,0.002755));
#12025=CARTESIAN_POINT('',(0.09128,-0.10882,0.002755));
#12026=CARTESIAN_POINT('',(0.09128,-0.10882,0.002915));
#12027=CARTESIAN_POINT('',(0.09128,-0.10882,0.002915));
#12028=CARTESIAN_POINT('',(0.09128,-0.10882,0.002755));
#12029=CARTESIAN_POINT('',(0.09382,-0.10818,0.002915));
#12030=CARTESIAN_POINT('',(0.09382,-0.10818,0.002915));
#12031=CARTESIAN_POINT('',(0.09382,-0.10818,0.002755));
#12032=CARTESIAN_POINT('',(0.09382,-0.10818,0.002755));
#12033=CARTESIAN_POINT('',(0.09382,-0.10882,0.002755));
#12034=CARTESIAN_POINT('',(0.09382,-0.10882,0.002915));
#12035=CARTESIAN_POINT('',(0.09382,-0.10882,0.002915));
#12036=CARTESIAN_POINT('',(0.09382,-0.10882,0.002755));
#12037=CARTESIAN_POINT('',(0.09318,-0.10882,0.002755));
#12038=CARTESIAN_POINT('',(0.09318,-0.10882,0.002915));
#12039=CARTESIAN_POINT('',(0.09318,-0.10818,0.002915));
#12040=CARTESIAN_POINT('',(0.09318,-0.10818,0.002755));
#12041=CARTESIAN_POINT('',(0.09318,-0.10818,0.002755));
#12042=CARTESIAN_POINT('',(0.09318,-0.10818,0.002915));
#12043=CARTESIAN_POINT('',(0.09382,-0.10818,0.002915));
#12044=CARTESIAN_POINT('',(0.09382,-0.10818,0.002755));
#12045=CARTESIAN_POINT('',(0.08874,-0.10882,0.002915));
#12046=CARTESIAN_POINT('',(0.08874,-0.10882,0.002915));
#12047=CARTESIAN_POINT('',(0.08874,-0.10882,0.002755));
#12048=CARTESIAN_POINT('',(0.08874,-0.10882,0.002755));
#12049=CARTESIAN_POINT('',(0.0881,-0.10882,0.002755));
#12050=CARTESIAN_POINT('',(0.0881,-0.10882,0.002915));
#12051=CARTESIAN_POINT('',(0.0881,-0.10818,0.002915));
#12052=CARTESIAN_POINT('',(0.0881,-0.10818,0.002755));
#12053=CARTESIAN_POINT('',(0.0881,-0.10818,0.002755));
#12054=CARTESIAN_POINT('',(0.0881,-0.10818,0.002915));
#12055=CARTESIAN_POINT('',(0.08874,-0.10818,0.002915));
#12056=CARTESIAN_POINT('',(0.08874,-0.10818,0.002755));
#12057=CARTESIAN_POINT('',(0.08874,-0.10818,0.002755));
#12058=CARTESIAN_POINT('',(0.08874,-0.10818,0.002915));
#12059=CARTESIAN_POINT('',(0.08874,-0.10818,0.002915));
#12060=CARTESIAN_POINT('',(0.08874,-0.10818,0.002755));
#12061=CARTESIAN_POINT('',(0.10652,-0.10818,0.002915));
#12062=CARTESIAN_POINT('',(0.10652,-0.10818,-0.008465));
#12063=CARTESIAN_POINT('',(0.10652,-0.10818,-0.008465));
#12064=CARTESIAN_POINT('',(0.10652,-0.10882,-0.008465));
#12065=CARTESIAN_POINT('',(0.10652,-0.10818,0.002915));
#12066=CARTESIAN_POINT('',(0.10652,-0.10882,0.002915));
#12067=CARTESIAN_POINT('',(0.10652,-0.10882,0.002915));
#12068=CARTESIAN_POINT('',(0.10588,-0.10882,0.002915));
#12069=CARTESIAN_POINT('',(0.10588,-0.10882,-0.008465));
#12070=CARTESIAN_POINT('',(0.10652,-0.10882,-0.008465));
#12071=CARTESIAN_POINT('',(0.10588,-0.10818,0.002915));
#12072=CARTESIAN_POINT('',(0.10588,-0.10818,0.002915));
#12073=CARTESIAN_POINT('',(0.10588,-0.10818,-0.008465));
#12074=CARTESIAN_POINT('',(0.10588,-0.10818,-0.008465));
#12075=CARTESIAN_POINT('',(0.10652,-0.10818,0.002915));
#12076=CARTESIAN_POINT('',(0.10652,-0.10818,-0.008465));
#12077=CARTESIAN_POINT('',(0.10334,-0.10818,0.002915));
#12078=CARTESIAN_POINT('',(0.10334,-0.10882,0.002915));
#12079=CARTESIAN_POINT('',(0.10334,-0.10882,-0.008465));
#12080=CARTESIAN_POINT('',(0.10334,-0.10818,0.002915));
#12081=CARTESIAN_POINT('',(0.10334,-0.10818,-0.008465));
#12082=CARTESIAN_POINT('',(0.10334,-0.10818,-0.008465));
#12083=CARTESIAN_POINT('',(0.10398,-0.10818,0.002915));
#12084=CARTESIAN_POINT('',(0.10398,-0.10818,-0.008465));
#12085=CARTESIAN_POINT('',(0.10398,-0.10818,-0.008465));
#12086=CARTESIAN_POINT('',(0.10398,-0.10818,0.002915));
#12087=CARTESIAN_POINT('',(0.10398,-0.10818,0.002915));
#12088=CARTESIAN_POINT('',(0.10398,-0.10818,-0.008465));
#12089=CARTESIAN_POINT('',(0.10398,-0.10882,-0.008465));
#12090=CARTESIAN_POINT('',(0.10398,-0.10882,0.002915));
#12091=CARTESIAN_POINT('',(0.10398,-0.10882,0.002915));
#12092=CARTESIAN_POINT('',(0.10398,-0.10882,-0.008465));
#12093=CARTESIAN_POINT('',(0.09636,-0.10882,0.002915));
#12094=CARTESIAN_POINT('',(0.09636,-0.10882,0.002915));
#12095=CARTESIAN_POINT('',(0.09636,-0.10882,-0.008465));
#12096=CARTESIAN_POINT('',(0.09572,-0.10882,0.002915));
#12097=CARTESIAN_POINT('',(0.09572,-0.10882,-0.008465));
#12098=CARTESIAN_POINT('',(0.09636,-0.10882,-0.008465));
#12099=CARTESIAN_POINT('',(0.09572,-0.10818,0.002915));
#12100=CARTESIAN_POINT('',(0.09572,-0.10818,0.002915));
#12101=CARTESIAN_POINT('',(0.09572,-0.10818,-0.008465));
#12102=CARTESIAN_POINT('',(0.09572,-0.10818,-0.008465));
#12103=CARTESIAN_POINT('',(0.09636,-0.10818,0.002915));
#12104=CARTESIAN_POINT('',(0.09636,-0.10818,-0.008465));
#12105=CARTESIAN_POINT('',(0.09636,-0.10818,-0.008465));
#12106=CARTESIAN_POINT('',(0.09636,-0.10818,0.002915));
#12107=CARTESIAN_POINT('',(0.09636,-0.10818,0.002915));
#12108=CARTESIAN_POINT('',(0.09636,-0.10818,-0.008465));
#12109=CARTESIAN_POINT('',(0.1008,-0.10818,0.002915));
#12110=CARTESIAN_POINT('',(0.1008,-0.10882,0.002915));
#12111=CARTESIAN_POINT('',(0.1008,-0.10882,-0.008465));
#12112=CARTESIAN_POINT('',(0.1008,-0.10818,0.002915));
#12113=CARTESIAN_POINT('',(0.1008,-0.10818,-0.008465));
#12114=CARTESIAN_POINT('',(0.1008,-0.10818,-0.008465));
#12115=CARTESIAN_POINT('',(0.10144,-0.10818,0.002915));
#12116=CARTESIAN_POINT('',(0.10144,-0.10818,-0.008465));
#12117=CARTESIAN_POINT('',(0.10144,-0.10818,-0.008465));
#12118=CARTESIAN_POINT('',(0.10144,-0.10818,0.002915));
#12119=CARTESIAN_POINT('',(0.10144,-0.10818,0.002915));
#12120=CARTESIAN_POINT('',(0.10144,-0.10818,-0.008465));
#12121=CARTESIAN_POINT('',(0.10144,-0.10882,-0.008465));
#12122=CARTESIAN_POINT('',(0.10144,-0.10882,0.002915));
#12123=CARTESIAN_POINT('',(0.10144,-0.10882,0.002915));
#12124=CARTESIAN_POINT('',(0.10144,-0.10882,-0.008465));
#12125=CARTESIAN_POINT('',(0.0989,-0.10882,0.002915));
#12126=CARTESIAN_POINT('',(0.0989,-0.10882,0.002915));
#12127=CARTESIAN_POINT('',(0.0989,-0.10882,-0.008465));
#12128=CARTESIAN_POINT('',(0.09826,-0.10882,0.002915));
#12129=CARTESIAN_POINT('',(0.09826,-0.10882,-0.008465));
#12130=CARTESIAN_POINT('',(0.0989,-0.10882,-0.008465));
#12131=CARTESIAN_POINT('',(0.09826,-0.10818,0.002915));
#12132=CARTESIAN_POINT('',(0.09826,-0.10818,0.002915));
#12133=CARTESIAN_POINT('',(0.09826,-0.10818,-0.008465));
#12134=CARTESIAN_POINT('',(0.09826,-0.10818,-0.008465));
#12135=CARTESIAN_POINT('',(0.0989,-0.10818,0.002915));
#12136=CARTESIAN_POINT('',(0.0989,-0.10818,-0.008465));
#12137=CARTESIAN_POINT('',(0.0989,-0.10818,-0.008465));
#12138=CARTESIAN_POINT('',(0.0989,-0.10818,0.002915));
#12139=CARTESIAN_POINT('',(0.0989,-0.10818,0.002915));
#12140=CARTESIAN_POINT('',(0.0989,-0.10818,-0.008465));
#12141=CARTESIAN_POINT('',(0.09064,-0.10818,0.002915));
#12142=CARTESIAN_POINT('',(0.09064,-0.10882,0.002915));
#12143=CARTESIAN_POINT('',(0.09064,-0.10882,-0.008465));
#12144=CARTESIAN_POINT('',(0.09064,-0.10818,0.002915));
#12145=CARTESIAN_POINT('',(0.09064,-0.10818,-0.008465));
#12146=CARTESIAN_POINT('',(0.09064,-0.10818,-0.008465));
#12147=CARTESIAN_POINT('',(0.09128,-0.10818,0.002915));
#12148=CARTESIAN_POINT('',(0.09128,-0.10818,-0.008465));
#12149=CARTESIAN_POINT('',(0.09128,-0.10818,-0.008465));
#12150=CARTESIAN_POINT('',(0.09128,-0.10818,0.002915));
#12151=CARTESIAN_POINT('',(0.09128,-0.10818,0.002915));
#12152=CARTESIAN_POINT('',(0.09128,-0.10818,-0.008465));
#12153=CARTESIAN_POINT('',(0.09128,-0.10882,-0.008465));
#12154=CARTESIAN_POINT('',(0.09128,-0.10882,0.002915));
#12155=CARTESIAN_POINT('',(0.09128,-0.10882,0.002915));
#12156=CARTESIAN_POINT('',(0.09128,-0.10882,-0.008465));
#12157=CARTESIAN_POINT('',(0.09382,-0.10818,0.002915));
#12158=CARTESIAN_POINT('',(0.09382,-0.10818,-0.008465));
#12159=CARTESIAN_POINT('',(0.09382,-0.10818,-0.008465));
#12160=CARTESIAN_POINT('',(0.09382,-0.10882,-0.008465));
#12161=CARTESIAN_POINT('',(0.09382,-0.10818,0.002915));
#12162=CARTESIAN_POINT('',(0.09382,-0.10882,0.002915));
#12163=CARTESIAN_POINT('',(0.09382,-0.10882,0.002915));
#12164=CARTESIAN_POINT('',(0.09318,-0.10882,0.002915));
#12165=CARTESIAN_POINT('',(0.09318,-0.10882,-0.008465));
#12166=CARTESIAN_POINT('',(0.09382,-0.10882,-0.008465));
#12167=CARTESIAN_POINT('',(0.09318,-0.10818,0.002915));
#12168=CARTESIAN_POINT('',(0.09318,-0.10818,0.002915));
#12169=CARTESIAN_POINT('',(0.09318,-0.10818,-0.008465));
#12170=CARTESIAN_POINT('',(0.09318,-0.10818,-0.008465));
#12171=CARTESIAN_POINT('',(0.09382,-0.10818,0.002915));
#12172=CARTESIAN_POINT('',(0.09382,-0.10818,-0.008465));
#12173=CARTESIAN_POINT('',(0.08874,-0.10882,0.002915));
#12174=CARTESIAN_POINT('',(0.08874,-0.10882,0.002915));
#12175=CARTESIAN_POINT('',(0.08874,-0.10882,-0.008465));
#12176=CARTESIAN_POINT('',(0.0881,-0.10882,0.002915));
#12177=CARTESIAN_POINT('',(0.0881,-0.10882,-0.008465));
#12178=CARTESIAN_POINT('',(0.08874,-0.10882,-0.008465));
#12179=CARTESIAN_POINT('',(0.0881,-0.10818,0.002915));
#12180=CARTESIAN_POINT('',(0.0881,-0.10818,0.002915));
#12181=CARTESIAN_POINT('',(0.0881,-0.10818,-0.008465));
#12182=CARTESIAN_POINT('',(0.0881,-0.10818,-0.008465));
#12183=CARTESIAN_POINT('',(0.08874,-0.10818,0.002915));
#12184=CARTESIAN_POINT('',(0.08874,-0.10818,-0.008465));
#12185=CARTESIAN_POINT('',(0.08874,-0.10818,-0.008465));
#12186=CARTESIAN_POINT('',(0.08874,-0.10818,0.002915));
#12187=CARTESIAN_POINT('',(0.08874,-0.10818,0.002915));
#12188=CARTESIAN_POINT('',(0.08874,-0.10818,-0.008465));
#12189=CARTESIAN_POINT('',(0.10644,-0.10818,0.002835));
#12190=CARTESIAN_POINT('',(0.10636,-0.10818,0.002915));
#12191=CARTESIAN_POINT('',(0.10636,-0.10834,0.002915));
#12192=CARTESIAN_POINT('',(0.10636,-0.10866,0.002915));
#12193=CARTESIAN_POINT('',(0.10652,-0.10882,0.002755));
#12194=CARTESIAN_POINT('',(0.10652,-0.10818,0.002755));
#12195=CARTESIAN_POINT('',(0.10652,-0.10874,0.002835));
#12196=CARTESIAN_POINT('',(0.10652,-0.10866,0.002915));
#12197=CARTESIAN_POINT('',(0.10604,-0.10866,0.002915));
#12198=CARTESIAN_POINT('',(0.10588,-0.10882,0.002755));
#12199=CARTESIAN_POINT('',(0.10596,-0.10818,0.002835));
#12200=CARTESIAN_POINT('',(0.10588,-0.10818,0.002755));
#12201=CARTESIAN_POINT('',(0.10604,-0.10834,0.002915));
#12202=CARTESIAN_POINT('',(0.10604,-0.10818,0.002915));
#12203=CARTESIAN_POINT('',(0.10652,-0.10826,0.002835));
#12204=CARTESIAN_POINT('',(0.10652,-0.10834,0.002915));
#12205=CARTESIAN_POINT('',(0.10342,-0.10818,0.002835));
#12206=CARTESIAN_POINT('',(0.10334,-0.10818,0.002755));
#12207=CARTESIAN_POINT('',(0.1035,-0.10834,0.002915));
#12208=CARTESIAN_POINT('',(0.10334,-0.10882,0.002755));
#12209=CARTESIAN_POINT('',(0.1035,-0.10866,0.002915));
#12210=CARTESIAN_POINT('',(0.1035,-0.10818,0.002915));
#12211=CARTESIAN_POINT('',(0.10398,-0.10826,0.002835));
#12212=CARTESIAN_POINT('',(0.10398,-0.10818,0.002755));
#12213=CARTESIAN_POINT('',(0.10382,-0.10834,0.002915));
#12214=CARTESIAN_POINT('',(0.10398,-0.10834,0.002915));
#12215=CARTESIAN_POINT('',(0.1039,-0.10818,0.002835));
#12216=CARTESIAN_POINT('',(0.10382,-0.10818,0.002915));
#12217=CARTESIAN_POINT('',(0.10382,-0.10866,0.002915));
#12218=CARTESIAN_POINT('',(0.10398,-0.10882,0.002755));
#12219=CARTESIAN_POINT('',(0.10398,-0.10874,0.002835));
#12220=CARTESIAN_POINT('',(0.10398,-0.10866,0.002915));
#12221=CARTESIAN_POINT('',(0.09636,-0.10874,0.002835));
#12222=CARTESIAN_POINT('',(0.09636,-0.10866,0.002915));
#12223=CARTESIAN_POINT('',(0.0962,-0.10866,0.002915));
#12224=CARTESIAN_POINT('',(0.09588,-0.10866,0.002915));
#12225=CARTESIAN_POINT('',(0.09572,-0.10882,0.002755));
#12226=CARTESIAN_POINT('',(0.09636,-0.10882,0.002755));
#12227=CARTESIAN_POINT('',(0.0958,-0.10818,0.002835));
#12228=CARTESIAN_POINT('',(0.09572,-0.10818,0.002755));
#12229=CARTESIAN_POINT('',(0.09588,-0.10834,0.002915));
#12230=CARTESIAN_POINT('',(0.09588,-0.10818,0.002915));
#12231=CARTESIAN_POINT('',(0.09636,-0.10826,0.002835));
#12232=CARTESIAN_POINT('',(0.09636,-0.10818,0.002755));
#12233=CARTESIAN_POINT('',(0.0962,-0.10834,0.002915));
#12234=CARTESIAN_POINT('',(0.09636,-0.10834,0.002915));
#12235=CARTESIAN_POINT('',(0.09628,-0.10818,0.002835));
#12236=CARTESIAN_POINT('',(0.0962,-0.10818,0.002915));
#12237=CARTESIAN_POINT('',(0.10088,-0.10818,0.002835));
#12238=CARTESIAN_POINT('',(0.1008,-0.10818,0.002755));
#12239=CARTESIAN_POINT('',(0.10096,-0.10834,0.002915));
#12240=CARTESIAN_POINT('',(0.1008,-0.10882,0.002755));
#12241=CARTESIAN_POINT('',(0.10096,-0.10866,0.002915));
#12242=CARTESIAN_POINT('',(0.10096,-0.10818,0.002915));
#12243=CARTESIAN_POINT('',(0.10144,-0.10826,0.002835));
#12244=CARTESIAN_POINT('',(0.10144,-0.10818,0.002755));
#12245=CARTESIAN_POINT('',(0.10128,-0.10834,0.002915));
#12246=CARTESIAN_POINT('',(0.10144,-0.10834,0.002915));
#12247=CARTESIAN_POINT('',(0.10136,-0.10818,0.002835));
#12248=CARTESIAN_POINT('',(0.10128,-0.10818,0.002915));
#12249=CARTESIAN_POINT('',(0.10128,-0.10866,0.002915));
#12250=CARTESIAN_POINT('',(0.10144,-0.10882,0.002755));
#12251=CARTESIAN_POINT('',(0.10144,-0.10874,0.002835));
#12252=CARTESIAN_POINT('',(0.10144,-0.10866,0.002915));
#12253=CARTESIAN_POINT('',(0.0989,-0.10874,0.002835));
#12254=CARTESIAN_POINT('',(0.0989,-0.10866,0.002915));
#12255=CARTESIAN_POINT('',(0.09874,-0.10866,0.002915));
#12256=CARTESIAN_POINT('',(0.09842,-0.10866,0.002915));
#12257=CARTESIAN_POINT('',(0.09826,-0.10882,0.002755));
#12258=CARTESIAN_POINT('',(0.0989,-0.10882,0.002755));
#12259=CARTESIAN_POINT('',(0.09834,-0.10818,0.002835));
#12260=CARTESIAN_POINT('',(0.09826,-0.10818,0.002755));
#12261=CARTESIAN_POINT('',(0.09842,-0.10834,0.002915));
#12262=CARTESIAN_POINT('',(0.09842,-0.10818,0.002915));
#12263=CARTESIAN_POINT('',(0.0989,-0.10826,0.002835));
#12264=CARTESIAN_POINT('',(0.0989,-0.10818,0.002755));
#12265=CARTESIAN_POINT('',(0.09874,-0.10834,0.002915));
#12266=CARTESIAN_POINT('',(0.0989,-0.10834,0.002915));
#12267=CARTESIAN_POINT('',(0.09882,-0.10818,0.002835));
#12268=CARTESIAN_POINT('',(0.09874,-0.10818,0.002915));
#12269=CARTESIAN_POINT('',(0.09072,-0.10818,0.002835));
#12270=CARTESIAN_POINT('',(0.09064,-0.10818,0.002755));
#12271=CARTESIAN_POINT('',(0.0908,-0.10834,0.002915));
#12272=CARTESIAN_POINT('',(0.09064,-0.10882,0.002755));
#12273=CARTESIAN_POINT('',(0.0908,-0.10866,0.002915));
#12274=CARTESIAN_POINT('',(0.0908,-0.10818,0.002915));
#12275=CARTESIAN_POINT('',(0.09128,-0.10826,0.002835));
#12276=CARTESIAN_POINT('',(0.09128,-0.10818,0.002755));
#12277=CARTESIAN_POINT('',(0.09112,-0.10834,0.002915));
#12278=CARTESIAN_POINT('',(0.09128,-0.10834,0.002915));
#12279=CARTESIAN_POINT('',(0.0912,-0.10818,0.002835));
#12280=CARTESIAN_POINT('',(0.09112,-0.10818,0.002915));
#12281=CARTESIAN_POINT('',(0.09112,-0.10866,0.002915));
#12282=CARTESIAN_POINT('',(0.09128,-0.10882,0.002755));
#12283=CARTESIAN_POINT('',(0.09128,-0.10874,0.002835));
#12284=CARTESIAN_POINT('',(0.09128,-0.10866,0.002915));
#12285=CARTESIAN_POINT('',(0.09374,-0.10818,0.002835));
#12286=CARTESIAN_POINT('',(0.09366,-0.10818,0.002915));
#12287=CARTESIAN_POINT('',(0.09366,-0.10834,0.002915));
#12288=CARTESIAN_POINT('',(0.09366,-0.10866,0.002915));
#12289=CARTESIAN_POINT('',(0.09382,-0.10882,0.002755));
#12290=CARTESIAN_POINT('',(0.09382,-0.10818,0.002755));
#12291=CARTESIAN_POINT('',(0.09382,-0.10874,0.002835));
#12292=CARTESIAN_POINT('',(0.09382,-0.10866,0.002915));
#12293=CARTESIAN_POINT('',(0.09334,-0.10866,0.002915));
#12294=CARTESIAN_POINT('',(0.09318,-0.10882,0.002755));
#12295=CARTESIAN_POINT('',(0.09326,-0.10818,0.002835));
#12296=CARTESIAN_POINT('',(0.09318,-0.10818,0.002755));
#12297=CARTESIAN_POINT('',(0.09334,-0.10834,0.002915));
#12298=CARTESIAN_POINT('',(0.09334,-0.10818,0.002915));
#12299=CARTESIAN_POINT('',(0.09382,-0.10826,0.002835));
#12300=CARTESIAN_POINT('',(0.09382,-0.10834,0.002915));
#12301=CARTESIAN_POINT('',(0.08874,-0.10874,0.002835));
#12302=CARTESIAN_POINT('',(0.08874,-0.10866,0.002915));
#12303=CARTESIAN_POINT('',(0.08858,-0.10866,0.002915));
#12304=CARTESIAN_POINT('',(0.08826,-0.10866,0.002915));
#12305=CARTESIAN_POINT('',(0.0881,-0.10882,0.002755));
#12306=CARTESIAN_POINT('',(0.08874,-0.10882,0.002755));
#12307=CARTESIAN_POINT('',(0.08818,-0.10818,0.002835));
#12308=CARTESIAN_POINT('',(0.0881,-0.10818,0.002755));
#12309=CARTESIAN_POINT('',(0.08826,-0.10834,0.002915));
#12310=CARTESIAN_POINT('',(0.08826,-0.10818,0.002915));
#12311=CARTESIAN_POINT('',(0.08874,-0.10826,0.002835));
#12312=CARTESIAN_POINT('',(0.08874,-0.10818,0.002755));
#12313=CARTESIAN_POINT('',(0.08858,-0.10834,0.002915));
#12314=CARTESIAN_POINT('',(0.08874,-0.10834,0.002915));
#12315=CARTESIAN_POINT('',(0.08866,-0.10818,0.002835));
#12316=CARTESIAN_POINT('',(0.08858,-0.10818,0.002915));
#12317=CARTESIAN_POINT('',(0.10644,-0.10818,-0.008545));
#12318=CARTESIAN_POINT('',(0.10652,-0.10818,-0.008465));
#12319=CARTESIAN_POINT('',(0.10636,-0.10834,-0.008625));
#12320=CARTESIAN_POINT('',(0.10652,-0.10882,-0.008465));
#12321=CARTESIAN_POINT('',(0.10636,-0.10866,-0.008625));
#12322=CARTESIAN_POINT('',(0.10636,-0.10818,-0.008625));
#12323=CARTESIAN_POINT('',(0.10652,-0.10874,-0.008545));
#12324=CARTESIAN_POINT('',(0.10588,-0.10882,-0.008465));
#12325=CARTESIAN_POINT('',(0.10604,-0.10866,-0.008625));
#12326=CARTESIAN_POINT('',(0.10652,-0.10866,-0.008625));
#12327=CARTESIAN_POINT('',(0.10596,-0.10818,-0.008545));
#12328=CARTESIAN_POINT('',(0.10604,-0.10818,-0.008625));
#12329=CARTESIAN_POINT('',(0.10604,-0.10834,-0.008625));
#12330=CARTESIAN_POINT('',(0.10588,-0.10818,-0.008465));
#12331=CARTESIAN_POINT('',(0.10652,-0.10826,-0.008545));
#12332=CARTESIAN_POINT('',(0.10652,-0.10834,-0.008625));
#12333=CARTESIAN_POINT('',(0.10342,-0.10818,-0.008545));
#12334=CARTESIAN_POINT('',(0.1035,-0.10818,-0.008625));
#12335=CARTESIAN_POINT('',(0.1035,-0.10834,-0.008625));
#12336=CARTESIAN_POINT('',(0.1035,-0.10866,-0.008625));
#12337=CARTESIAN_POINT('',(0.10334,-0.10882,-0.008465));
#12338=CARTESIAN_POINT('',(0.10334,-0.10818,-0.008465));
#12339=CARTESIAN_POINT('',(0.10398,-0.10826,-0.008545));
#12340=CARTESIAN_POINT('',(0.10398,-0.10834,-0.008625));
#12341=CARTESIAN_POINT('',(0.10382,-0.10834,-0.008625));
#12342=CARTESIAN_POINT('',(0.10398,-0.10818,-0.008465));
#12343=CARTESIAN_POINT('',(0.1039,-0.10818,-0.008545));
#12344=CARTESIAN_POINT('',(0.10398,-0.10882,-0.008465));
#12345=CARTESIAN_POINT('',(0.10382,-0.10866,-0.008625));
#12346=CARTESIAN_POINT('',(0.10382,-0.10818,-0.008625));
#12347=CARTESIAN_POINT('',(0.10398,-0.10874,-0.008545));
#12348=CARTESIAN_POINT('',(0.10398,-0.10866,-0.008625));
#12349=CARTESIAN_POINT('',(0.09636,-0.10874,-0.008545));
#12350=CARTESIAN_POINT('',(0.09636,-0.10882,-0.008465));
#12351=CARTESIAN_POINT('',(0.0962,-0.10866,-0.008625));
#12352=CARTESIAN_POINT('',(0.09572,-0.10882,-0.008465));
#12353=CARTESIAN_POINT('',(0.09588,-0.10866,-0.008625));
#12354=CARTESIAN_POINT('',(0.09636,-0.10866,-0.008625));
#12355=CARTESIAN_POINT('',(0.0958,-0.10818,-0.008545));
#12356=CARTESIAN_POINT('',(0.09588,-0.10818,-0.008625));
#12357=CARTESIAN_POINT('',(0.09588,-0.10834,-0.008625));
#12358=CARTESIAN_POINT('',(0.09572,-0.10818,-0.008465));
#12359=CARTESIAN_POINT('',(0.09636,-0.10826,-0.008545));
#12360=CARTESIAN_POINT('',(0.09636,-0.10834,-0.008625));
#12361=CARTESIAN_POINT('',(0.0962,-0.10834,-0.008625));
#12362=CARTESIAN_POINT('',(0.09636,-0.10818,-0.008465));
#12363=CARTESIAN_POINT('',(0.09628,-0.10818,-0.008545));
#12364=CARTESIAN_POINT('',(0.0962,-0.10818,-0.008625));
#12365=CARTESIAN_POINT('',(0.10088,-0.10818,-0.008545));
#12366=CARTESIAN_POINT('',(0.10096,-0.10818,-0.008625));
#12367=CARTESIAN_POINT('',(0.10096,-0.10834,-0.008625));
#12368=CARTESIAN_POINT('',(0.10096,-0.10866,-0.008625));
#12369=CARTESIAN_POINT('',(0.1008,-0.10882,-0.008465));
#12370=CARTESIAN_POINT('',(0.1008,-0.10818,-0.008465));
#12371=CARTESIAN_POINT('',(0.10144,-0.10826,-0.008545));
#12372=CARTESIAN_POINT('',(0.10144,-0.10834,-0.008625));
#12373=CARTESIAN_POINT('',(0.10128,-0.10834,-0.008625));
#12374=CARTESIAN_POINT('',(0.10144,-0.10818,-0.008465));
#12375=CARTESIAN_POINT('',(0.10136,-0.10818,-0.008545));
#12376=CARTESIAN_POINT('',(0.10144,-0.10882,-0.008465));
#12377=CARTESIAN_POINT('',(0.10128,-0.10866,-0.008625));
#12378=CARTESIAN_POINT('',(0.10128,-0.10818,-0.008625));
#12379=CARTESIAN_POINT('',(0.10144,-0.10874,-0.008545));
#12380=CARTESIAN_POINT('',(0.10144,-0.10866,-0.008625));
#12381=CARTESIAN_POINT('',(0.0989,-0.10874,-0.008545));
#12382=CARTESIAN_POINT('',(0.0989,-0.10882,-0.008465));
#12383=CARTESIAN_POINT('',(0.09874,-0.10866,-0.008625));
#12384=CARTESIAN_POINT('',(0.09826,-0.10882,-0.008465));
#12385=CARTESIAN_POINT('',(0.09842,-0.10866,-0.008625));
#12386=CARTESIAN_POINT('',(0.0989,-0.10866,-0.008625));
#12387=CARTESIAN_POINT('',(0.09834,-0.10818,-0.008545));
#12388=CARTESIAN_POINT('',(0.09842,-0.10818,-0.008625));
#12389=CARTESIAN_POINT('',(0.09842,-0.10834,-0.008625));
#12390=CARTESIAN_POINT('',(0.09826,-0.10818,-0.008465));
#12391=CARTESIAN_POINT('',(0.0989,-0.10826,-0.008545));
#12392=CARTESIAN_POINT('',(0.0989,-0.10834,-0.008625));
#12393=CARTESIAN_POINT('',(0.09874,-0.10834,-0.008625));
#12394=CARTESIAN_POINT('',(0.0989,-0.10818,-0.008465));
#12395=CARTESIAN_POINT('',(0.09882,-0.10818,-0.008545));
#12396=CARTESIAN_POINT('',(0.09874,-0.10818,-0.008625));
#12397=CARTESIAN_POINT('',(0.09072,-0.10818,-0.008545));
#12398=CARTESIAN_POINT('',(0.0908,-0.10818,-0.008625));
#12399=CARTESIAN_POINT('',(0.0908,-0.10834,-0.008625));
#12400=CARTESIAN_POINT('',(0.0908,-0.10866,-0.008625));
#12401=CARTESIAN_POINT('',(0.09064,-0.10882,-0.008465));
#12402=CARTESIAN_POINT('',(0.09064,-0.10818,-0.008465));
#12403=CARTESIAN_POINT('',(0.09128,-0.10826,-0.008545));
#12404=CARTESIAN_POINT('',(0.09128,-0.10834,-0.008625));
#12405=CARTESIAN_POINT('',(0.09112,-0.10834,-0.008625));
#12406=CARTESIAN_POINT('',(0.09128,-0.10818,-0.008465));
#12407=CARTESIAN_POINT('',(0.0912,-0.10818,-0.008545));
#12408=CARTESIAN_POINT('',(0.09128,-0.10882,-0.008465));
#12409=CARTESIAN_POINT('',(0.09112,-0.10866,-0.008625));
#12410=CARTESIAN_POINT('',(0.09112,-0.10818,-0.008625));
#12411=CARTESIAN_POINT('',(0.09128,-0.10874,-0.008545));
#12412=CARTESIAN_POINT('',(0.09128,-0.10866,-0.008625));
#12413=CARTESIAN_POINT('',(0.09374,-0.10818,-0.008545));
#12414=CARTESIAN_POINT('',(0.09382,-0.10818,-0.008465));
#12415=CARTESIAN_POINT('',(0.09366,-0.10834,-0.008625));
#12416=CARTESIAN_POINT('',(0.09382,-0.10882,-0.008465));
#12417=CARTESIAN_POINT('',(0.09366,-0.10866,-0.008625));
#12418=CARTESIAN_POINT('',(0.09366,-0.10818,-0.008625));
#12419=CARTESIAN_POINT('',(0.09382,-0.10874,-0.008545));
#12420=CARTESIAN_POINT('',(0.09318,-0.10882,-0.008465));
#12421=CARTESIAN_POINT('',(0.09334,-0.10866,-0.008625));
#12422=CARTESIAN_POINT('',(0.09382,-0.10866,-0.008625));
#12423=CARTESIAN_POINT('',(0.09326,-0.10818,-0.008545));
#12424=CARTESIAN_POINT('',(0.09334,-0.10818,-0.008625));
#12425=CARTESIAN_POINT('',(0.09334,-0.10834,-0.008625));
#12426=CARTESIAN_POINT('',(0.09318,-0.10818,-0.008465));
#12427=CARTESIAN_POINT('',(0.09382,-0.10826,-0.008545));
#12428=CARTESIAN_POINT('',(0.09382,-0.10834,-0.008625));
#12429=CARTESIAN_POINT('',(0.08874,-0.10874,-0.008545));
#12430=CARTESIAN_POINT('',(0.08874,-0.10882,-0.008465));
#12431=CARTESIAN_POINT('',(0.08858,-0.10866,-0.008625));
#12432=CARTESIAN_POINT('',(0.0881,-0.10882,-0.008465));
#12433=CARTESIAN_POINT('',(0.08826,-0.10866,-0.008625));
#12434=CARTESIAN_POINT('',(0.08874,-0.10866,-0.008625));
#12435=CARTESIAN_POINT('',(0.08818,-0.10818,-0.008545));
#12436=CARTESIAN_POINT('',(0.08826,-0.10818,-0.008625));
#12437=CARTESIAN_POINT('',(0.08826,-0.10834,-0.008625));
#12438=CARTESIAN_POINT('',(0.0881,-0.10818,-0.008465));
#12439=CARTESIAN_POINT('',(0.08874,-0.10826,-0.008545));
#12440=CARTESIAN_POINT('',(0.08874,-0.10834,-0.008625));
#12441=CARTESIAN_POINT('',(0.08858,-0.10834,-0.008625));
#12442=CARTESIAN_POINT('',(0.08874,-0.10818,-0.008465));
#12443=CARTESIAN_POINT('',(0.08866,-0.10818,-0.008545));
#12444=CARTESIAN_POINT('',(0.08858,-0.10818,-0.008625));
#12445=CARTESIAN_POINT('',(0.10652,-0.10818,0.002915));
#12446=CARTESIAN_POINT('',(0.10398,-0.10818,0.002915));
#12447=CARTESIAN_POINT('',(0.09636,-0.10818,0.002915));
#12448=CARTESIAN_POINT('',(0.10144,-0.10818,0.002915));
#12449=CARTESIAN_POINT('',(0.0989,-0.10818,0.002915));
#12450=CARTESIAN_POINT('',(0.09128,-0.10818,0.002915));
#12451=CARTESIAN_POINT('',(0.09382,-0.10818,0.002915));
#12452=CARTESIAN_POINT('',(0.08874,-0.10818,0.002915));
#12453=CARTESIAN_POINT('',(0.10652,-0.10818,-0.008625));
#12454=CARTESIAN_POINT('',(0.10398,-0.10818,-0.008625));
#12455=CARTESIAN_POINT('',(0.09636,-0.10818,-0.008625));
#12456=CARTESIAN_POINT('',(0.10144,-0.10818,-0.008625));
#12457=CARTESIAN_POINT('',(0.0989,-0.10818,-0.008625));
#12458=CARTESIAN_POINT('',(0.09128,-0.10818,-0.008625));
#12459=CARTESIAN_POINT('',(0.09382,-0.10818,-0.008625));
#12460=CARTESIAN_POINT('',(0.08874,-0.10818,-0.008625));
#12461=CARTESIAN_POINT('',(-0.05067,0.06058,-0.04478));
#12462=CARTESIAN_POINT('',(0.11199,-0.080575,0.002595));
#12463=CARTESIAN_POINT('',(0.11199,-0.080575,0.002595));
#12464=CARTESIAN_POINT('',(0.11199,-0.080325,0.002595));
#12465=CARTESIAN_POINT('',(0.11199,-0.080575,-0.000905));
#12466=CARTESIAN_POINT('',(0.11199,-0.080825,-0.000905));
#12467=CARTESIAN_POINT('',(0.11249,-0.080575,0.002595));
#12468=CARTESIAN_POINT('',(0.11249,-0.080575,0.003095));
#12469=CARTESIAN_POINT('',(0.11249,-0.080575,0.003345));
#12470=CARTESIAN_POINT('',(0.11249,-0.080575,0.003095));
#12471=CARTESIAN_POINT('',(0.11911,-0.080575,0.003095));
#12472=CARTESIAN_POINT('',(0.11911,-0.080575,0.003345));
#12473=CARTESIAN_POINT('',(0.11911,-0.080575,0.002595));
#12474=CARTESIAN_POINT('',(0.11961,-0.080575,0.002595));
#12475=CARTESIAN_POINT('',(0.11961,-0.080825,0.002595));
#12476=CARTESIAN_POINT('',(0.11961,-0.080575,0.002595));
#12477=CARTESIAN_POINT('',(0.11961,-0.080575,-0.000905));
#12478=CARTESIAN_POINT('',(0.11961,-0.080325,-0.000905));
#12479=CARTESIAN_POINT('',(0.11224,-0.080575,-0.000905));
#12480=CARTESIAN_POINT('',(0.11936,-0.080575,-0.000905));
#12481=CARTESIAN_POINT('',(-0.05067,0.06058,-0.04478));
#12482=CARTESIAN_POINT('',(0.09535,-0.061525,0.003095));
#12483=CARTESIAN_POINT('',(0.09635,-0.061525,0.003095));
#12484=CARTESIAN_POINT('',(0.09635,-0.061525,0.002085));
#12485=CARTESIAN_POINT('',(0.09535,-0.061525,0.003095));
#12486=CARTESIAN_POINT('',(0.09535,-0.061525,0.002085));
#12487=CARTESIAN_POINT('',(0.09535,-0.061525,0.003095));
#12488=CARTESIAN_POINT('',(0.09535,-0.061525,0.003095));
#12489=CARTESIAN_POINT('',(0.09535,-0.061525,0.002095));
#12490=CARTESIAN_POINT('',(0.09635,-0.061525,0.003095));
#12491=CARTESIAN_POINT('',(0.09635,-0.061525,0.003095));
#12492=CARTESIAN_POINT('',(0.09635,-0.061525,0.002095));
#12493=CARTESIAN_POINT('',(0.09475,-0.061525,0.003095));
#12494=CARTESIAN_POINT('',(0.09515,-0.061525,0.003095));
#12495=CARTESIAN_POINT('',(0.09515,-0.061525,0.002095));
#12496=CARTESIAN_POINT('',(0.09475,-0.061525,0.003095));
#12497=CARTESIAN_POINT('',(0.09835,-0.061525,0.003095));
#12498=CARTESIAN_POINT('',(0.09835,-0.061525,0.004095));
#12499=CARTESIAN_POINT('',(0.09515,-0.061525,0.003095));
#12500=CARTESIAN_POINT('',(0.09475,-0.061525,0.003095));
#12501=CARTESIAN_POINT('',(0.09475,-0.061525,0.003695));
#12502=CARTESIAN_POINT('',(0.09835,-0.061525,0.003095));
#12503=CARTESIAN_POINT('',(0.09875,-0.061525,0.003095));
#12504=CARTESIAN_POINT('',(0.09875,-0.061525,0.003695));
#12505=CARTESIAN_POINT('',(0.09475,-0.061525,0.003095));
#12506=CARTESIAN_POINT('',(0.09875,-0.061525,0.003095));
#12507=CARTESIAN_POINT('',(-0.05067,0.06058,-0.04478));
#12508=CARTESIAN_POINT('',(0.09535,-0.080575,0.003095));
#12509=CARTESIAN_POINT('',(0.09635,-0.080575,0.003095));
#12510=CARTESIAN_POINT('',(0.09635,-0.080575,0.002085));
#12511=CARTESIAN_POINT('',(0.09535,-0.080575,0.003095));
#12512=CARTESIAN_POINT('',(0.09535,-0.080575,0.002085));
#12513=CARTESIAN_POINT('',(0.09535,-0.080575,0.003095));
#12514=CARTESIAN_POINT('',(0.09535,-0.080575,0.003095));
#12515=CARTESIAN_POINT('',(0.09535,-0.080575,0.002095));
#12516=CARTESIAN_POINT('',(0.09635,-0.080575,0.003095));
#12517=CARTESIAN_POINT('',(0.09635,-0.080575,0.003095));
#12518=CARTESIAN_POINT('',(0.09635,-0.080575,0.002095));
#12519=CARTESIAN_POINT('',(0.09475,-0.080575,0.003095));
#12520=CARTESIAN_POINT('',(0.09515,-0.080575,0.003095));
#12521=CARTESIAN_POINT('',(0.09515,-0.080575,0.002095));
#12522=CARTESIAN_POINT('',(0.09475,-0.080575,0.003095));
#12523=CARTESIAN_POINT('',(0.09835,-0.080575,0.003095));
#12524=CARTESIAN_POINT('',(0.09835,-0.080575,0.004095));
#12525=CARTESIAN_POINT('',(0.09515,-0.080575,0.003095));
#12526=CARTESIAN_POINT('',(0.09475,-0.080575,0.003095));
#12527=CARTESIAN_POINT('',(0.09475,-0.080575,0.003695));
#12528=CARTESIAN_POINT('',(0.09835,-0.080575,0.003095));
#12529=CARTESIAN_POINT('',(0.09875,-0.080575,0.003095));
#12530=CARTESIAN_POINT('',(0.09875,-0.080575,0.003695));
#12531=CARTESIAN_POINT('',(0.09475,-0.080575,0.003095));
#12532=CARTESIAN_POINT('',(0.09875,-0.080575,0.003095));
#12533=CARTESIAN_POINT('',(-0.05067,0.06058,-0.04478));
#12534=CARTESIAN_POINT('',(0.116,-0.0325,0.001625));
#12535=CARTESIAN_POINT('',(0.116,-0.0325,0.009643518518519));
#12536=CARTESIAN_POINT('',(0.122,-0.0325,0.009643518518519));
#12537=CARTESIAN_POINT('',(0.116,-0.0325,0.001925));
#12538=CARTESIAN_POINT('',(0.11,-0.0325,0.001925));
#12539=CARTESIAN_POINT('',(0.116,-0.0325,0.001925));
#12540=CARTESIAN_POINT('',(0.116,-0.0325,0.001625));
#12541=CARTESIAN_POINT('',(0.1103,-0.0325,0.001625));
#12542=CARTESIAN_POINT('',(0.116,-0.0325,0.009643518518519));
#12543=CARTESIAN_POINT('',(0.116,-0.0325,0.011125));
#12544=CARTESIAN_POINT('',(0.120518518518519,-0.0325,0.011125));
#12545=CARTESIAN_POINT('',(0.116,-0.0325,0.001625));
#12546=CARTESIAN_POINT('',(0.1122,-0.0325,0.001625));
#12547=CARTESIAN_POINT('',(0.11265,-0.0325,0.001625));
#12548=CARTESIAN_POINT('',(0.1198,-0.0325,0.001625));
#12549=CARTESIAN_POINT('',(0.12025,-0.0325,0.001625));
#12550=CARTESIAN_POINT('',(0.116,-0.0325,0.011125));
#12551=CARTESIAN_POINT('',(0.116,-0.0325,0.011125));
#12552=CARTESIAN_POINT('',(0.115,-0.0325,0.011125));
#12553=CARTESIAN_POINT('',(0.1122,-0.0325,0.002625));
#12554=CARTESIAN_POINT('',(0.1122,-0.0325,-0.001225));
#12555=CARTESIAN_POINT('',(0.11265,-0.0325,-0.001225));
#12556=CARTESIAN_POINT('',(0.1198,-0.0325,0.002625));
#12557=CARTESIAN_POINT('',(0.1198,-0.0325,-0.001225));
#12558=CARTESIAN_POINT('',(0.12025,-0.0325,-0.001225));
#12559=CARTESIAN_POINT('',(0.116,-0.0325,0.003525));
#12560=CARTESIAN_POINT('',(0.116,-0.0325,0.010925));
#12561=CARTESIAN_POINT('',(0.115,-0.0325,0.010925));
#12562=CARTESIAN_POINT('',(0.1122,-0.0325,-0.001225));
#12563=CARTESIAN_POINT('',(0.1122,-0.0325,-0.001405));
#12564=CARTESIAN_POINT('',(0.11193,-0.0325,-0.001405));
#12565=CARTESIAN_POINT('',(0.1198,-0.0325,-0.001225));
#12566=CARTESIAN_POINT('',(0.1198,-0.0325,-0.001405));
#12567=CARTESIAN_POINT('',(0.11953,-0.0325,-0.001405));
#12568=CARTESIAN_POINT('',(0.116,-0.0325,0.010925));
#12569=CARTESIAN_POINT('',(0.1122,-0.0325,-0.001405));
#12570=CARTESIAN_POINT('',(0.1198,-0.0325,-0.001405));
#12571=CARTESIAN_POINT('',(-0.05067,0.06058,-0.04478));
#12572=CARTESIAN_POINT('',(0.1144,-0.061525,0.003095));
#12573=CARTESIAN_POINT('',(0.1154,-0.061525,0.003095));
#12574=CARTESIAN_POINT('',(0.1154,-0.061525,0.002085));
#12575=CARTESIAN_POINT('',(0.1144,-0.061525,0.003095));
#12576=CARTESIAN_POINT('',(0.1144,-0.061525,0.002085));
#12577=CARTESIAN_POINT('',(0.1144,-0.061525,0.003095));
#12578=CARTESIAN_POINT('',(0.1144,-0.061525,0.003095));
#12579=CARTESIAN_POINT('',(0.1144,-0.061525,0.002095));
#12580=CARTESIAN_POINT('',(0.1154,-0.061525,0.003095));
#12581=CARTESIAN_POINT('',(0.1154,-0.061525,0.003095));
#12582=CARTESIAN_POINT('',(0.1154,-0.061525,0.002095));
#12583=CARTESIAN_POINT('',(0.1138,-0.061525,0.003095));
#12584=CARTESIAN_POINT('',(0.1142,-0.061525,0.003095));
#12585=CARTESIAN_POINT('',(0.1142,-0.061525,0.002095));
#12586=CARTESIAN_POINT('',(0.1138,-0.061525,0.003095));
#12587=CARTESIAN_POINT('',(0.1174,-0.061525,0.003095));
#12588=CARTESIAN_POINT('',(0.1174,-0.061525,0.004095));
#12589=CARTESIAN_POINT('',(0.1142,-0.061525,0.003095));
#12590=CARTESIAN_POINT('',(0.1138,-0.061525,0.003095));
#12591=CARTESIAN_POINT('',(0.1138,-0.061525,0.003695));
#12592=CARTESIAN_POINT('',(0.1174,-0.061525,0.003095));
#12593=CARTESIAN_POINT('',(0.1178,-0.061525,0.003095));
#12594=CARTESIAN_POINT('',(0.1178,-0.061525,0.003695));
#12595=CARTESIAN_POINT('',(0.1138,-0.061525,0.003095));
#12596=CARTESIAN_POINT('',(0.1178,-0.061525,0.003095));
#12597=CARTESIAN_POINT('',(-0.05067,0.06058,-0.04478));
#12598=CARTESIAN_POINT('',(0.0763,-0.099625,0.003095));
#12599=CARTESIAN_POINT('',(0.0773,-0.099625,0.003095));
#12600=CARTESIAN_POINT('',(0.0773,-0.099625,0.002085));
#12601=CARTESIAN_POINT('',(0.0763,-0.099625,0.003095));
#12602=CARTESIAN_POINT('',(0.0763,-0.099625,0.002085));
#12603=CARTESIAN_POINT('',(0.0763,-0.099625,0.003095));
#12604=CARTESIAN_POINT('',(0.0763,-0.099625,0.003095));
#12605=CARTESIAN_POINT('',(0.0763,-0.099625,0.002095));
#12606=CARTESIAN_POINT('',(0.0773,-0.099625,0.003095));
#12607=CARTESIAN_POINT('',(0.0773,-0.099625,0.003095));
#12608=CARTESIAN_POINT('',(0.0773,-0.099625,0.002095));
#12609=CARTESIAN_POINT('',(0.0757,-0.099625,0.003095));
#12610=CARTESIAN_POINT('',(0.0761,-0.099625,0.003095));
#12611=CARTESIAN_POINT('',(0.0761,-0.099625,0.002095));
#12612=CARTESIAN_POINT('',(0.0757,-0.099625,0.003095));
#12613=CARTESIAN_POINT('',(0.0793,-0.099625,0.003095));
#12614=CARTESIAN_POINT('',(0.0793,-0.099625,0.004095));
#12615=CARTESIAN_POINT('',(0.0761,-0.099625,0.003095));
#12616=CARTESIAN_POINT('',(0.0757,-0.099625,0.003095));
#12617=CARTESIAN_POINT('',(0.0757,-0.099625,0.003695));
#12618=CARTESIAN_POINT('',(0.0793,-0.099625,0.003095));
#12619=CARTESIAN_POINT('',(0.0797,-0.099625,0.003095));
#12620=CARTESIAN_POINT('',(0.0797,-0.099625,0.003695));
#12621=CARTESIAN_POINT('',(0.0757,-0.099625,0.003095));
#12622=CARTESIAN_POINT('',(0.0797,-0.099625,0.003095));
#12623=CARTESIAN_POINT('',(-0.05067,0.06058,-0.04478));
#12624=CARTESIAN_POINT('',(0.09294,-0.061525,0.002595));
#12625=CARTESIAN_POINT('',(0.09294,-0.061525,0.002595));
#12626=CARTESIAN_POINT('',(0.09294,-0.061275,0.002595));
#12627=CARTESIAN_POINT('',(0.09294,-0.061525,-0.000905));
#12628=CARTESIAN_POINT('',(0.09294,-0.061775,-0.000905));
#12629=CARTESIAN_POINT('',(0.09344,-0.061525,0.002595));
#12630=CARTESIAN_POINT('',(0.09344,-0.061525,0.003095));
#12631=CARTESIAN_POINT('',(0.09344,-0.061525,0.003345));
#12632=CARTESIAN_POINT('',(0.09344,-0.061525,0.003095));
#12633=CARTESIAN_POINT('',(0.10006,-0.061525,0.003095));
#12634=CARTESIAN_POINT('',(0.10006,-0.061525,0.003345));
#12635=CARTESIAN_POINT('',(0.10006,-0.061525,0.002595));
#12636=CARTESIAN_POINT('',(0.10056,-0.061525,0.002595));
#12637=CARTESIAN_POINT('',(0.10056,-0.061775,0.002595));
#12638=CARTESIAN_POINT('',(0.10056,-0.061525,0.002595));
#12639=CARTESIAN_POINT('',(0.10056,-0.061525,-0.000905));
#12640=CARTESIAN_POINT('',(0.10056,-0.061275,-0.000905));
#12641=CARTESIAN_POINT('',(0.09319,-0.061525,-0.000905));
#12642=CARTESIAN_POINT('',(0.10031,-0.061525,-0.000905));
#12643=CARTESIAN_POINT('',(-0.05067,0.06058,-0.04478));
#12644=CARTESIAN_POINT('',(0.1144,-0.080575,0.003095));
#12645=CARTESIAN_POINT('',(0.1154,-0.080575,0.003095));
#12646=CARTESIAN_POINT('',(0.1154,-0.080575,0.002085));
#12647=CARTESIAN_POINT('',(0.1144,-0.080575,0.003095));
#12648=CARTESIAN_POINT('',(0.1144,-0.080575,0.002085));
#12649=CARTESIAN_POINT('',(0.1144,-0.080575,0.003095));
#12650=CARTESIAN_POINT('',(0.1144,-0.080575,0.003095));
#12651=CARTESIAN_POINT('',(0.1144,-0.080575,0.002095));
#12652=CARTESIAN_POINT('',(0.1154,-0.080575,0.003095));
#12653=CARTESIAN_POINT('',(0.1154,-0.080575,0.003095));
#12654=CARTESIAN_POINT('',(0.1154,-0.080575,0.002095));
#12655=CARTESIAN_POINT('',(0.1138,-0.080575,0.003095));
#12656=CARTESIAN_POINT('',(0.1142,-0.080575,0.003095));
#12657=CARTESIAN_POINT('',(0.1142,-0.080575,0.002095));
#12658=CARTESIAN_POINT('',(0.1138,-0.080575,0.003095));
#12659=CARTESIAN_POINT('',(0.1174,-0.080575,0.003095));
#12660=CARTESIAN_POINT('',(0.1174,-0.080575,0.004095));
#12661=CARTESIAN_POINT('',(0.1142,-0.080575,0.003095));
#12662=CARTESIAN_POINT('',(0.1138,-0.080575,0.003095));
#12663=CARTESIAN_POINT('',(0.1138,-0.080575,0.003695));
#12664=CARTESIAN_POINT('',(0.1174,-0.080575,0.003095));
#12665=CARTESIAN_POINT('',(0.1178,-0.080575,0.003095));
#12666=CARTESIAN_POINT('',(0.1178,-0.080575,0.003695));
#12667=CARTESIAN_POINT('',(0.1138,-0.080575,0.003095));
#12668=CARTESIAN_POINT('',(0.1178,-0.080575,0.003095));
#12669=CARTESIAN_POINT('',(-0.05067,0.06058,-0.04478));
#12670=CARTESIAN_POINT('',(0.11199,-0.061525,0.002595));
#12671=CARTESIAN_POINT('',(0.11199,-0.061525,0.002595));
#12672=CARTESIAN_POINT('',(0.11199,-0.061275,0.002595));
#12673=CARTESIAN_POINT('',(0.11199,-0.061525,-0.000905));
#12674=CARTESIAN_POINT('',(0.11199,-0.061775,-0.000905));
#12675=CARTESIAN_POINT('',(0.11249,-0.061525,0.002595));
#12676=CARTESIAN_POINT('',(0.11249,-0.061525,0.003095));
#12677=CARTESIAN_POINT('',(0.11249,-0.061525,0.003345));
#12678=CARTESIAN_POINT('',(0.11249,-0.061525,0.003095));
#12679=CARTESIAN_POINT('',(0.11911,-0.061525,0.003095));
#12680=CARTESIAN_POINT('',(0.11911,-0.061525,0.003345));
#12681=CARTESIAN_POINT('',(0.11911,-0.061525,0.002595));
#12682=CARTESIAN_POINT('',(0.11961,-0.061525,0.002595));
#12683=CARTESIAN_POINT('',(0.11961,-0.061775,0.002595));
#12684=CARTESIAN_POINT('',(0.11961,-0.061525,0.002595));
#12685=CARTESIAN_POINT('',(0.11961,-0.061525,-0.000905));
#12686=CARTESIAN_POINT('',(0.11961,-0.061275,-0.000905));
#12687=CARTESIAN_POINT('',(0.11224,-0.061525,-0.000905));
#12688=CARTESIAN_POINT('',(0.11936,-0.061525,-0.000905));
#12689=CARTESIAN_POINT('',(-0.05067,0.06058,-0.04478));
#12690=CARTESIAN_POINT('',(0.11199,-0.099625,0.002595));
#12691=CARTESIAN_POINT('',(0.11199,-0.099625,0.002595));
#12692=CARTESIAN_POINT('',(0.11199,-0.099375,0.002595));
#12693=CARTESIAN_POINT('',(0.11199,-0.099625,-0.000905));
#12694=CARTESIAN_POINT('',(0.11199,-0.099875,-0.000905));
#12695=CARTESIAN_POINT('',(0.11249,-0.099625,0.002595));
#12696=CARTESIAN_POINT('',(0.11249,-0.099625,0.003095));
#12697=CARTESIAN_POINT('',(0.11249,-0.099625,0.003345));
#12698=CARTESIAN_POINT('',(0.11249,-0.099625,0.003095));
#12699=CARTESIAN_POINT('',(0.11911,-0.099625,0.003095));
#12700=CARTESIAN_POINT('',(0.11911,-0.099625,0.003345));
#12701=CARTESIAN_POINT('',(0.11911,-0.099625,0.002595));
#12702=CARTESIAN_POINT('',(0.11961,-0.099625,0.002595));
#12703=CARTESIAN_POINT('',(0.11961,-0.099875,0.002595));
#12704=CARTESIAN_POINT('',(0.11961,-0.099625,0.002595));
#12705=CARTESIAN_POINT('',(0.11961,-0.099625,-0.000905));
#12706=CARTESIAN_POINT('',(0.11961,-0.099375,-0.000905));
#12707=CARTESIAN_POINT('',(0.11224,-0.099625,-0.000905));
#12708=CARTESIAN_POINT('',(0.11936,-0.099625,-0.000905));
#12709=CARTESIAN_POINT('',(-0.05067,0.06058,-0.04478));
#12710=CARTESIAN_POINT('',(0.09294,-0.080575,0.002595));
#12711=CARTESIAN_POINT('',(0.09294,-0.080575,0.002595));
#12712=CARTESIAN_POINT('',(0.09294,-0.080325,0.002595));
#12713=CARTESIAN_POINT('',(0.09294,-0.080575,-0.000905));
#12714=CARTESIAN_POINT('',(0.09294,-0.080825,-0.000905));
#12715=CARTESIAN_POINT('',(0.09344,-0.080575,0.002595));
#12716=CARTESIAN_POINT('',(0.09344,-0.080575,0.003095));
#12717=CARTESIAN_POINT('',(0.09344,-0.080575,0.003345));
#12718=CARTESIAN_POINT('',(0.09344,-0.080575,0.003095));
#12719=CARTESIAN_POINT('',(0.10006,-0.080575,0.003095));
#12720=CARTESIAN_POINT('',(0.10006,-0.080575,0.003345));
#12721=CARTESIAN_POINT('',(0.10006,-0.080575,0.002595));
#12722=CARTESIAN_POINT('',(0.10056,-0.080575,0.002595));
#12723=CARTESIAN_POINT('',(0.10056,-0.080825,0.002595));
#12724=CARTESIAN_POINT('',(0.10056,-0.080575,0.002595));
#12725=CARTESIAN_POINT('',(0.10056,-0.080575,-0.000905));
#12726=CARTESIAN_POINT('',(0.10056,-0.080325,-0.000905));
#12727=CARTESIAN_POINT('',(0.09319,-0.080575,-0.000905));
#12728=CARTESIAN_POINT('',(0.10031,-0.080575,-0.000905));
#12729=CARTESIAN_POINT('',(-0.05067,0.06058,-0.04478));
#12730=CARTESIAN_POINT('',(0.07389,-0.099625,0.002595));
#12731=CARTESIAN_POINT('',(0.07389,-0.099625,0.002595));
#12732=CARTESIAN_POINT('',(0.07389,-0.099375,0.002595));
#12733=CARTESIAN_POINT('',(0.07389,-0.099625,-0.000905));
#12734=CARTESIAN_POINT('',(0.07389,-0.099875,-0.000905));
#12735=CARTESIAN_POINT('',(0.07439,-0.099625,0.002595));
#12736=CARTESIAN_POINT('',(0.07439,-0.099625,0.003095));
#12737=CARTESIAN_POINT('',(0.07439,-0.099625,0.003345));
#12738=CARTESIAN_POINT('',(0.07439,-0.099625,0.003095));
#12739=CARTESIAN_POINT('',(0.08101,-0.099625,0.003095));
#12740=CARTESIAN_POINT('',(0.08101,-0.099625,0.003345));
#12741=CARTESIAN_POINT('',(0.08101,-0.099625,0.002595));
#12742=CARTESIAN_POINT('',(0.08151,-0.099625,0.002595));
#12743=CARTESIAN_POINT('',(0.08151,-0.099875,0.002595));
#12744=CARTESIAN_POINT('',(0.08151,-0.099625,0.002595));
#12745=CARTESIAN_POINT('',(0.08151,-0.099625,-0.000905));
#12746=CARTESIAN_POINT('',(0.08151,-0.099375,-0.000905));
#12747=CARTESIAN_POINT('',(0.07414,-0.099625,-0.000905));
#12748=CARTESIAN_POINT('',(0.08126,-0.099625,-0.000905));
#12749=CARTESIAN_POINT('',(-0.05067,0.06058,-0.04478));
#12750=CARTESIAN_POINT('',(0.0763,-0.061525,0.003095));
#12751=CARTESIAN_POINT('',(0.0773,-0.061525,0.003095));
#12752=CARTESIAN_POINT('',(0.0773,-0.061525,0.002085));
#12753=CARTESIAN_POINT('',(0.0763,-0.061525,0.003095));
#12754=CARTESIAN_POINT('',(0.0763,-0.061525,0.002085));
#12755=CARTESIAN_POINT('',(0.0763,-0.061525,0.003095));
#12756=CARTESIAN_POINT('',(0.0763,-0.061525,0.003095));
#12757=CARTESIAN_POINT('',(0.0763,-0.061525,0.002095));
#12758=CARTESIAN_POINT('',(0.0773,-0.061525,0.003095));
#12759=CARTESIAN_POINT('',(0.0773,-0.061525,0.003095));
#12760=CARTESIAN_POINT('',(0.0773,-0.061525,0.002095));
#12761=CARTESIAN_POINT('',(0.0757,-0.061525,0.003095));
#12762=CARTESIAN_POINT('',(0.0761,-0.061525,0.003095));
#12763=CARTESIAN_POINT('',(0.0761,-0.061525,0.002095));
#12764=CARTESIAN_POINT('',(0.0757,-0.061525,0.003095));
#12765=CARTESIAN_POINT('',(0.0793,-0.061525,0.003095));
#12766=CARTESIAN_POINT('',(0.0793,-0.061525,0.004095));
#12767=CARTESIAN_POINT('',(0.0761,-0.061525,0.003095));
#12768=CARTESIAN_POINT('',(0.0757,-0.061525,0.003095));
#12769=CARTESIAN_POINT('',(0.0757,-0.061525,0.003695));
#12770=CARTESIAN_POINT('',(0.0793,-0.061525,0.003095));
#12771=CARTESIAN_POINT('',(0.0797,-0.061525,0.003095));
#12772=CARTESIAN_POINT('',(0.0797,-0.061525,0.003695));
#12773=CARTESIAN_POINT('',(0.0757,-0.061525,0.003095));
#12774=CARTESIAN_POINT('',(0.0797,-0.061525,0.003095));
#12775=CARTESIAN_POINT('',(-0.05067,0.06058,-0.04478));
#12776=CARTESIAN_POINT('',(0.07389,-0.061525,0.002595));
#12777=CARTESIAN_POINT('',(0.07389,-0.061525,0.002595));
#12778=CARTESIAN_POINT('',(0.07389,-0.061275,0.002595));
#12779=CARTESIAN_POINT('',(0.07389,-0.061525,-0.000905));
#12780=CARTESIAN_POINT('',(0.07389,-0.061775,-0.000905));
#12781=CARTESIAN_POINT('',(0.07439,-0.061525,0.002595));
#12782=CARTESIAN_POINT('',(0.07439,-0.061525,0.003095));
#12783=CARTESIAN_POINT('',(0.07439,-0.061525,0.003345));
#12784=CARTESIAN_POINT('',(0.07439,-0.061525,0.003095));
#12785=CARTESIAN_POINT('',(0.08101,-0.061525,0.003095));
#12786=CARTESIAN_POINT('',(0.08101,-0.061525,0.003345));
#12787=CARTESIAN_POINT('',(0.08101,-0.061525,0.002595));
#12788=CARTESIAN_POINT('',(0.08151,-0.061525,0.002595));
#12789=CARTESIAN_POINT('',(0.08151,-0.061775,0.002595));
#12790=CARTESIAN_POINT('',(0.08151,-0.061525,0.002595));
#12791=CARTESIAN_POINT('',(0.08151,-0.061525,-0.000905));
#12792=CARTESIAN_POINT('',(0.08151,-0.061275,-0.000905));
#12793=CARTESIAN_POINT('',(0.07414,-0.061525,-0.000905));
#12794=CARTESIAN_POINT('',(0.08126,-0.061525,-0.000905));
#12795=CARTESIAN_POINT('',(-0.05067,0.06058,-0.04478));
#12796=MECHANICAL_DESIGN_GEOMETRIC_PRESENTATION_REPRESENTATION('',(#7245,
#6684,#6685,#6686,#7246,#7247,#7248,#6687,#6688,#6689,#7249,#7250,#6690,
#6691,#6692,#7251,#6693,#6694,#6695,#6696,#6697,#6698,#6699,#6700,#6701,
#6702,#6703,#6704,#6705,#6706,#6707,#6708,#6709,#6710,#6711,#6712,#6713,
#6714,#6715,#6716,#6717,#6718,#6719,#6720,#6721,#6722,#6723,#6724,#6725,
#6726,#6727,#6728,#6729,#6730,#6731,#6732,#6733,#6734,#6735,#6736,#6737,
#6738,#6739,#6740,#6741,#6742,#6743,#6744,#7252,#7253,#6745,#6746,#6747,
#7254,#6748,#6749,#6750,#7255,#6751,#6752,#6753,#6754,#6755,#6756,#6757,
#7256,#6758,#6759,#6760,#7257,#6761,#6762,#6763,#7258,#7259,#6764,#6765,
#6766,#7260,#7261,#7262,#7263,#7264,#6767,#6768,#6769,#7265),#12797);
#12797=(
GEOMETRIC_REPRESENTATION_CONTEXT(3)
GLOBAL_UNCERTAINTY_ASSIGNED_CONTEXT((#12819))
GLOBAL_UNIT_ASSIGNED_CONTEXT((#12843,#12842,#12841))
REPRESENTATION_CONTEXT('PCB assembly','TOP_LEVEL_ASSEMBLY_PART')
);
#12798=(
GEOMETRIC_REPRESENTATION_CONTEXT(3)
GLOBAL_UNCERTAINTY_ASSIGNED_CONTEXT((#12820))
GLOBAL_UNIT_ASSIGNED_CONTEXT((#12843,#12842,#12841))
REPRESENTATION_CONTEXT('D_DO-35_SOD27_P7.62mm_Horizontal_4',
'COMPONENT_PART')
);
#12799=(
GEOMETRIC_REPRESENTATION_CONTEXT(3)
GLOBAL_UNCERTAINTY_ASSIGNED_CONTEXT((#12821))
GLOBAL_UNIT_ASSIGNED_CONTEXT((#12843,#12842,#12841))
REPRESENTATION_CONTEXT('D_DO-35_SOD27_P7.62mm_Horizontal_8',
'COMPONENT_PART')
);
#12800=(
GEOMETRIC_REPRESENTATION_CONTEXT(3)
GLOBAL_UNCERTAINTY_ASSIGNED_CONTEXT((#12822))
GLOBAL_UNIT_ASSIGNED_CONTEXT((#12843,#12842,#12841))
REPRESENTATION_CONTEXT('D_DO-35_SOD27_P7.62mm_Horizontal_4',
'COMPONENT_PART')
);
#12801=(
GEOMETRIC_REPRESENTATION_CONTEXT(3)
GLOBAL_UNCERTAINTY_ASSIGNED_CONTEXT((#12823))
GLOBAL_UNIT_ASSIGNED_CONTEXT((#12843,#12842,#12841))
REPRESENTATION_CONTEXT('D_DO-35_SOD27_P7.62mm_Horizontal_8',
'COMPONENT_PART')
);
#12802=(
GEOMETRIC_REPRESENTATION_CONTEXT(3)
GLOBAL_UNCERTAINTY_ASSIGNED_CONTEXT((#12824))
GLOBAL_UNIT_ASSIGNED_CONTEXT((#12843,#12842,#12841))
REPRESENTATION_CONTEXT('kicad_schematic_PCB','COMPONENT_PART')
);
#12803=(
GEOMETRIC_REPRESENTATION_CONTEXT(3)
GLOBAL_UNCERTAINTY_ASSIGNED_CONTEXT((#12825))
GLOBAL_UNIT_ASSIGNED_CONTEXT((#12843,#12842,#12841))
REPRESENTATION_CONTEXT('D_DO-35_SOD27_P7.62mm_Horizontal_5',
'COMPONENT_PART')
);
#12804=(
GEOMETRIC_REPRESENTATION_CONTEXT(3)
GLOBAL_UNCERTAINTY_ASSIGNED_CONTEXT((#12826))
GLOBAL_UNIT_ASSIGNED_CONTEXT((#12843,#12842,#12841))
REPRESENTATION_CONTEXT('PinHeader_1x08_P254mm_Vertical',
'COMPONENT_PART')
);
#12805=(
GEOMETRIC_REPRESENTATION_CONTEXT(3)
GLOBAL_UNCERTAINTY_ASSIGNED_CONTEXT((#12827))
GLOBAL_UNIT_ASSIGNED_CONTEXT((#12843,#12842,#12841))
REPRESENTATION_CONTEXT('D_DO-35_SOD27_P7.62mm_Horizontal_6',
'COMPONENT_PART')
);
#12806=(
GEOMETRIC_REPRESENTATION_CONTEXT(3)
GLOBAL_UNCERTAINTY_ASSIGNED_CONTEXT((#12828))
GLOBAL_UNIT_ASSIGNED_CONTEXT((#12843,#12842,#12841))
REPRESENTATION_CONTEXT('D_DO-35_SOD27_P7.62mm_Horizontal_1',
'COMPONENT_PART')
);
#12807=(
GEOMETRIC_REPRESENTATION_CONTEXT(3)
GLOBAL_UNCERTAINTY_ASSIGNED_CONTEXT((#12829))
GLOBAL_UNIT_ASSIGNED_CONTEXT((#12843,#12842,#12841))
REPRESENTATION_CONTEXT('D_DO-35_SOD27_P7.62mm_Horizontal_7',
'COMPONENT_PART')
);
#12808=(
GEOMETRIC_REPRESENTATION_CONTEXT(3)
GLOBAL_UNCERTAINTY_ASSIGNED_CONTEXT((#12830))
GLOBAL_UNIT_ASSIGNED_CONTEXT((#12843,#12842,#12841))
REPRESENTATION_CONTEXT('Buzzer_12x95RM76','COMPONENT_PART')
);
#12809=(
GEOMETRIC_REPRESENTATION_CONTEXT(3)
GLOBAL_UNCERTAINTY_ASSIGNED_CONTEXT((#12831))
GLOBAL_UNIT_ASSIGNED_CONTEXT((#12843,#12842,#12841))
REPRESENTATION_CONTEXT('D_DO-35_SOD27_P7.62mm_Horizontal',
'COMPONENT_PART')
);
#12810=(
GEOMETRIC_REPRESENTATION_CONTEXT(3)
GLOBAL_UNCERTAINTY_ASSIGNED_CONTEXT((#12832))
GLOBAL_UNIT_ASSIGNED_CONTEXT((#12843,#12842,#12841))
REPRESENTATION_CONTEXT('D_DO-35_SOD27_P7.62mm_Horizontal_2',
'COMPONENT_PART')
);
#12811=(
GEOMETRIC_REPRESENTATION_CONTEXT(3)
GLOBAL_UNCERTAINTY_ASSIGNED_CONTEXT((#12833))
GLOBAL_UNIT_ASSIGNED_CONTEXT((#12843,#12842,#12841))
REPRESENTATION_CONTEXT('D_DO-35_SOD27_P7.62mm_Horizontal_1',
'COMPONENT_PART')
);
#12812=(
GEOMETRIC_REPRESENTATION_CONTEXT(3)
GLOBAL_UNCERTAINTY_ASSIGNED_CONTEXT((#12834))
GLOBAL_UNIT_ASSIGNED_CONTEXT((#12843,#12842,#12841))
REPRESENTATION_CONTEXT('D_DO-35_SOD27_P7.62mm_Horizontal_6',
'COMPONENT_PART')
);
#12813=(
GEOMETRIC_REPRESENTATION_CONTEXT(3)
GLOBAL_UNCERTAINTY_ASSIGNED_CONTEXT((#12835))
GLOBAL_UNIT_ASSIGNED_CONTEXT((#12843,#12842,#12841))
REPRESENTATION_CONTEXT('D_DO-35_SOD27_P7.62mm_Horizontal',
'COMPONENT_PART')
);
#12814=(
GEOMETRIC_REPRESENTATION_CONTEXT(3)
GLOBAL_UNCERTAINTY_ASSIGNED_CONTEXT((#12836))
GLOBAL_UNIT_ASSIGNED_CONTEXT((#12843,#12842,#12841))
REPRESENTATION_CONTEXT('D_DO-35_SOD27_P7.62mm_Horizontal_5',
'COMPONENT_PART')
);
#12815=(
GEOMETRIC_REPRESENTATION_CONTEXT(3)
GLOBAL_UNCERTAINTY_ASSIGNED_CONTEXT((#12837))
GLOBAL_UNIT_ASSIGNED_CONTEXT((#12843,#12842,#12841))
REPRESENTATION_CONTEXT('D_DO-35_SOD27_P7.62mm_Horizontal_7',
'COMPONENT_PART')
);
#12816=(
GEOMETRIC_REPRESENTATION_CONTEXT(3)
GLOBAL_UNCERTAINTY_ASSIGNED_CONTEXT((#12838))
GLOBAL_UNIT_ASSIGNED_CONTEXT((#12843,#12842,#12841))
REPRESENTATION_CONTEXT('D_DO-35_SOD27_P7.62mm_Horizontal_2',
'COMPONENT_PART')
);
#12817=(
GEOMETRIC_REPRESENTATION_CONTEXT(3)
GLOBAL_UNCERTAINTY_ASSIGNED_CONTEXT((#12839))
GLOBAL_UNIT_ASSIGNED_CONTEXT((#12843,#12842,#12841))
REPRESENTATION_CONTEXT('D_DO-35_SOD27_P7.62mm_Horizontal_3',
'COMPONENT_PART')
);
#12818=(
GEOMETRIC_REPRESENTATION_CONTEXT(3)
GLOBAL_UNCERTAINTY_ASSIGNED_CONTEXT((#12840))
GLOBAL_UNIT_ASSIGNED_CONTEXT((#12843,#12842,#12841))
REPRESENTATION_CONTEXT('D_DO-35_SOD27_P7.62mm_Horizontal_3',
'COMPONENT_PART')
);
#12819=UNCERTAINTY_MEASURE_WITH_UNIT(LENGTH_MEASURE(1.E-8),#12843,
'DISTANCE_ACCURACY_VALUE','Maximum Tolerance applied to model');
#12820=UNCERTAINTY_MEASURE_WITH_UNIT(LENGTH_MEASURE(1.E-8),#12843,
'DISTANCE_ACCURACY_VALUE','Maximum Tolerance applied to model');
#12821=UNCERTAINTY_MEASURE_WITH_UNIT(LENGTH_MEASURE(1.E-8),#12843,
'DISTANCE_ACCURACY_VALUE','Maximum Tolerance applied to model');
#12822=UNCERTAINTY_MEASURE_WITH_UNIT(LENGTH_MEASURE(1.E-8),#12843,
'DISTANCE_ACCURACY_VALUE','Maximum Tolerance applied to model');
#12823=UNCERTAINTY_MEASURE_WITH_UNIT(LENGTH_MEASURE(1.E-8),#12843,
'DISTANCE_ACCURACY_VALUE','Maximum Tolerance applied to model');
#12824=UNCERTAINTY_MEASURE_WITH_UNIT(LENGTH_MEASURE(1.E-8),#12843,
'DISTANCE_ACCURACY_VALUE','Maximum Tolerance applied to model');
#12825=UNCERTAINTY_MEASURE_WITH_UNIT(LENGTH_MEASURE(1.E-8),#12843,
'DISTANCE_ACCURACY_VALUE','Maximum Tolerance applied to model');
#12826=UNCERTAINTY_MEASURE_WITH_UNIT(LENGTH_MEASURE(1.E-8),#12843,
'DISTANCE_ACCURACY_VALUE','Maximum Tolerance applied to model');
#12827=UNCERTAINTY_MEASURE_WITH_UNIT(LENGTH_MEASURE(1.E-8),#12843,
'DISTANCE_ACCURACY_VALUE','Maximum Tolerance applied to model');
#12828=UNCERTAINTY_MEASURE_WITH_UNIT(LENGTH_MEASURE(1.E-8),#12843,
'DISTANCE_ACCURACY_VALUE','Maximum Tolerance applied to model');
#12829=UNCERTAINTY_MEASURE_WITH_UNIT(LENGTH_MEASURE(1.E-8),#12843,
'DISTANCE_ACCURACY_VALUE','Maximum Tolerance applied to model');
#12830=UNCERTAINTY_MEASURE_WITH_UNIT(LENGTH_MEASURE(1.E-8),#12843,
'DISTANCE_ACCURACY_VALUE','Maximum Tolerance applied to model');
#12831=UNCERTAINTY_MEASURE_WITH_UNIT(LENGTH_MEASURE(1.E-8),#12843,
'DISTANCE_ACCURACY_VALUE','Maximum Tolerance applied to model');
#12832=UNCERTAINTY_MEASURE_WITH_UNIT(LENGTH_MEASURE(1.E-8),#12843,
'DISTANCE_ACCURACY_VALUE','Maximum Tolerance applied to model');
#12833=UNCERTAINTY_MEASURE_WITH_UNIT(LENGTH_MEASURE(1.E-8),#12843,
'DISTANCE_ACCURACY_VALUE','Maximum Tolerance applied to model');
#12834=UNCERTAINTY_MEASURE_WITH_UNIT(LENGTH_MEASURE(1.E-8),#12843,
'DISTANCE_ACCURACY_VALUE','Maximum Tolerance applied to model');
#12835=UNCERTAINTY_MEASURE_WITH_UNIT(LENGTH_MEASURE(1.E-8),#12843,
'DISTANCE_ACCURACY_VALUE','Maximum Tolerance applied to model');
#12836=UNCERTAINTY_MEASURE_WITH_UNIT(LENGTH_MEASURE(1.E-8),#12843,
'DISTANCE_ACCURACY_VALUE','Maximum Tolerance applied to model');
#12837=UNCERTAINTY_MEASURE_WITH_UNIT(LENGTH_MEASURE(1.E-8),#12843,
'DISTANCE_ACCURACY_VALUE','Maximum Tolerance applied to model');
#12838=UNCERTAINTY_MEASURE_WITH_UNIT(LENGTH_MEASURE(1.E-8),#12843,
'DISTANCE_ACCURACY_VALUE','Maximum Tolerance applied to model');
#12839=UNCERTAINTY_MEASURE_WITH_UNIT(LENGTH_MEASURE(1.E-8),#12843,
'DISTANCE_ACCURACY_VALUE','Maximum Tolerance applied to model');
#12840=UNCERTAINTY_MEASURE_WITH_UNIT(LENGTH_MEASURE(1.E-8),#12843,
'DISTANCE_ACCURACY_VALUE','Maximum Tolerance applied to model');
#12841=(
NAMED_UNIT(*)
SI_UNIT($,.STERADIAN.)
SOLID_ANGLE_UNIT()
);
#12842=(
NAMED_UNIT(*)
PLANE_ANGLE_UNIT()
SI_UNIT($,.RADIAN.)
);
#12843=(
LENGTH_UNIT()
NAMED_UNIT(*)
SI_UNIT($,.METRE.)
);
#12844=PRODUCT_DEFINITION_SHAPE('','',#12887);
#12845=PRODUCT_DEFINITION_SHAPE('','',#12888);
#12846=PRODUCT_DEFINITION_SHAPE(' ','NAUO PRDDFN',#1003);
#12847=PRODUCT_DEFINITION_SHAPE('','',#12889);
#12848=PRODUCT_DEFINITION_SHAPE(' ','NAUO PRDDFN',#1004);
#12849=PRODUCT_DEFINITION_SHAPE('','',#12890);
#12850=PRODUCT_DEFINITION_SHAPE(' ','NAUO PRDDFN',#1005);
#12851=PRODUCT_DEFINITION_SHAPE('','',#12891);
#12852=PRODUCT_DEFINITION_SHAPE(' ','NAUO PRDDFN',#1006);
#12853=PRODUCT_DEFINITION_SHAPE('','',#12892);
#12854=PRODUCT_DEFINITION_SHAPE(' ','NAUO PRDDFN',#1007);
#12855=PRODUCT_DEFINITION_SHAPE('','',#12893);
#12856=PRODUCT_DEFINITION_SHAPE(' ','NAUO PRDDFN',#1008);
#12857=PRODUCT_DEFINITION_SHAPE('','',#12894);
#12858=PRODUCT_DEFINITION_SHAPE(' ','NAUO PRDDFN',#1009);
#12859=PRODUCT_DEFINITION_SHAPE('','',#12895);
#12860=PRODUCT_DEFINITION_SHAPE(' ','NAUO PRDDFN',#1010);
#12861=PRODUCT_DEFINITION_SHAPE('','',#12896);
#12862=PRODUCT_DEFINITION_SHAPE(' ','NAUO PRDDFN',#1011);
#12863=PRODUCT_DEFINITION_SHAPE('','',#12897);
#12864=PRODUCT_DEFINITION_SHAPE(' ','NAUO PRDDFN',#1012);
#12865=PRODUCT_DEFINITION_SHAPE('','',#12898);
#12866=PRODUCT_DEFINITION_SHAPE(' ','NAUO PRDDFN',#1013);
#12867=PRODUCT_DEFINITION_SHAPE('','',#12899);
#12868=PRODUCT_DEFINITION_SHAPE(' ','NAUO PRDDFN',#1014);
#12869=PRODUCT_DEFINITION_SHAPE('','',#12900);
#12870=PRODUCT_DEFINITION_SHAPE(' ','NAUO PRDDFN',#1015);
#12871=PRODUCT_DEFINITION_SHAPE('','',#12901);
#12872=PRODUCT_DEFINITION_SHAPE(' ','NAUO PRDDFN',#1016);
#12873=PRODUCT_DEFINITION_SHAPE('','',#12902);
#12874=PRODUCT_DEFINITION_SHAPE(' ','NAUO PRDDFN',#1017);
#12875=PRODUCT_DEFINITION_SHAPE('','',#12903);
#12876=PRODUCT_DEFINITION_SHAPE(' ','NAUO PRDDFN',#1018);
#12877=PRODUCT_DEFINITION_SHAPE('','',#12904);
#12878=PRODUCT_DEFINITION_SHAPE(' ','NAUO PRDDFN',#1019);
#12879=PRODUCT_DEFINITION_SHAPE('','',#12905);
#12880=PRODUCT_DEFINITION_SHAPE(' ','NAUO PRDDFN',#1020);
#12881=PRODUCT_DEFINITION_SHAPE('','',#12906);
#12882=PRODUCT_DEFINITION_SHAPE(' ','NAUO PRDDFN',#1021);
#12883=PRODUCT_DEFINITION_SHAPE('','',#12907);
#12884=PRODUCT_DEFINITION_SHAPE(' ','NAUO PRDDFN',#1022);
#12885=PRODUCT_DEFINITION_SHAPE('','',#12908);
#12886=PRODUCT_DEFINITION_SHAPE(' ','NAUO PRDDFN',#1023);
#12887=PRODUCT_DEFINITION('','',#12931,#12909);
#12888=PRODUCT_DEFINITION('','',#12932,#12910);
#12889=PRODUCT_DEFINITION('','',#12933,#12911);
#12890=PRODUCT_DEFINITION('','',#12934,#12912);
#12891=PRODUCT_DEFINITION('','',#12935,#12913);
#12892=PRODUCT_DEFINITION('','',#12936,#12914);
#12893=PRODUCT_DEFINITION('','',#12937,#12915);
#12894=PRODUCT_DEFINITION('','',#12938,#12916);
#12895=PRODUCT_DEFINITION('','',#12939,#12917);
#12896=PRODUCT_DEFINITION('','',#12940,#12918);
#12897=PRODUCT_DEFINITION('','',#12941,#12919);
#12898=PRODUCT_DEFINITION('','',#12942,#12920);
#12899=PRODUCT_DEFINITION('','',#12943,#12921);
#12900=PRODUCT_DEFINITION('','',#12944,#12922);
#12901=PRODUCT_DEFINITION('','',#12945,#12923);
#12902=PRODUCT_DEFINITION('','',#12946,#12924);
#12903=PRODUCT_DEFINITION('','',#12947,#12925);
#12904=PRODUCT_DEFINITION('','',#12948,#12926);
#12905=PRODUCT_DEFINITION('','',#12949,#12927);
#12906=PRODUCT_DEFINITION('','',#12950,#12928);
#12907=PRODUCT_DEFINITION('','',#12951,#12929);
#12908=PRODUCT_DEFINITION('','',#12952,#12930);
#12909=PRODUCT_DEFINITION_CONTEXT('',#13042,'design');
#12910=PRODUCT_DEFINITION_CONTEXT('',#13042,'design');
#12911=PRODUCT_DEFINITION_CONTEXT('',#13042,'design');
#12912=PRODUCT_DEFINITION_CONTEXT('',#13042,'design');
#12913=PRODUCT_DEFINITION_CONTEXT('',#13042,'design');
#12914=PRODUCT_DEFINITION_CONTEXT('',#13042,'design');
#12915=PRODUCT_DEFINITION_CONTEXT('',#13042,'design');
#12916=PRODUCT_DEFINITION_CONTEXT('',#13042,'design');
#12917=PRODUCT_DEFINITION_CONTEXT('',#13042,'design');
#12918=PRODUCT_DEFINITION_CONTEXT('',#13042,'design');
#12919=PRODUCT_DEFINITION_CONTEXT('',#13042,'design');
#12920=PRODUCT_DEFINITION_CONTEXT('',#13042,'design');
#12921=PRODUCT_DEFINITION_CONTEXT('',#13042,'design');
#12922=PRODUCT_DEFINITION_CONTEXT('',#13042,'design');
#12923=PRODUCT_DEFINITION_CONTEXT('',#13042,'design');
#12924=PRODUCT_DEFINITION_CONTEXT('',#13042,'design');
#12925=PRODUCT_DEFINITION_CONTEXT('',#13042,'design');
#12926=PRODUCT_DEFINITION_CONTEXT('',#13042,'design');
#12927=PRODUCT_DEFINITION_CONTEXT('',#13042,'design');
#12928=PRODUCT_DEFINITION_CONTEXT('',#13042,'design');
#12929=PRODUCT_DEFINITION_CONTEXT('',#13042,'design');
#12930=PRODUCT_DEFINITION_CONTEXT('',#13042,'design');
#12931=PRODUCT_DEFINITION_FORMATION_WITH_SPECIFIED_SOURCE('','',#12975,
 .NOT_KNOWN.);
#12932=PRODUCT_DEFINITION_FORMATION_WITH_SPECIFIED_SOURCE('','',#12976,
 .NOT_KNOWN.);
#12933=PRODUCT_DEFINITION_FORMATION_WITH_SPECIFIED_SOURCE('','',#12977,
 .NOT_KNOWN.);
#12934=PRODUCT_DEFINITION_FORMATION_WITH_SPECIFIED_SOURCE('','',#12978,
 .NOT_KNOWN.);
#12935=PRODUCT_DEFINITION_FORMATION_WITH_SPECIFIED_SOURCE('','',#12979,
 .NOT_KNOWN.);
#12936=PRODUCT_DEFINITION_FORMATION_WITH_SPECIFIED_SOURCE('','',#12980,
 .NOT_KNOWN.);
#12937=PRODUCT_DEFINITION_FORMATION_WITH_SPECIFIED_SOURCE('','',#12981,
 .NOT_KNOWN.);
#12938=PRODUCT_DEFINITION_FORMATION_WITH_SPECIFIED_SOURCE('','',#12982,
 .NOT_KNOWN.);
#12939=PRODUCT_DEFINITION_FORMATION_WITH_SPECIFIED_SOURCE('','',#12983,
 .NOT_KNOWN.);
#12940=PRODUCT_DEFINITION_FORMATION_WITH_SPECIFIED_SOURCE('','',#12984,
 .NOT_KNOWN.);
#12941=PRODUCT_DEFINITION_FORMATION_WITH_SPECIFIED_SOURCE('','',#12985,
 .NOT_KNOWN.);
#12942=PRODUCT_DEFINITION_FORMATION_WITH_SPECIFIED_SOURCE('','',#12986,
 .NOT_KNOWN.);
#12943=PRODUCT_DEFINITION_FORMATION_WITH_SPECIFIED_SOURCE('','',#12987,
 .NOT_KNOWN.);
#12944=PRODUCT_DEFINITION_FORMATION_WITH_SPECIFIED_SOURCE('','',#12988,
 .NOT_KNOWN.);
#12945=PRODUCT_DEFINITION_FORMATION_WITH_SPECIFIED_SOURCE('','',#12989,
 .NOT_KNOWN.);
#12946=PRODUCT_DEFINITION_FORMATION_WITH_SPECIFIED_SOURCE('','',#12990,
 .NOT_KNOWN.);
#12947=PRODUCT_DEFINITION_FORMATION_WITH_SPECIFIED_SOURCE('','',#12991,
 .NOT_KNOWN.);
#12948=PRODUCT_DEFINITION_FORMATION_WITH_SPECIFIED_SOURCE('','',#12992,
 .NOT_KNOWN.);
#12949=PRODUCT_DEFINITION_FORMATION_WITH_SPECIFIED_SOURCE('','',#12993,
 .NOT_KNOWN.);
#12950=PRODUCT_DEFINITION_FORMATION_WITH_SPECIFIED_SOURCE('','',#12994,
 .NOT_KNOWN.);
#12951=PRODUCT_DEFINITION_FORMATION_WITH_SPECIFIED_SOURCE('','',#12995,
 .NOT_KNOWN.);
#12952=PRODUCT_DEFINITION_FORMATION_WITH_SPECIFIED_SOURCE('','',#12996,
 .NOT_KNOWN.);
#12953=PRODUCT_RELATED_PRODUCT_CATEGORY('','',(#12975));
#12954=PRODUCT_RELATED_PRODUCT_CATEGORY('','',(#12976));
#12955=PRODUCT_RELATED_PRODUCT_CATEGORY('','',(#12977));
#12956=PRODUCT_RELATED_PRODUCT_CATEGORY('','',(#12978));
#12957=PRODUCT_RELATED_PRODUCT_CATEGORY('','',(#12979));
#12958=PRODUCT_RELATED_PRODUCT_CATEGORY('','',(#12980));
#12959=PRODUCT_RELATED_PRODUCT_CATEGORY('','',(#12981));
#12960=PRODUCT_RELATED_PRODUCT_CATEGORY('','',(#12982));
#12961=PRODUCT_RELATED_PRODUCT_CATEGORY('','',(#12983));
#12962=PRODUCT_RELATED_PRODUCT_CATEGORY('','',(#12984));
#12963=PRODUCT_RELATED_PRODUCT_CATEGORY('','',(#12985));
#12964=PRODUCT_RELATED_PRODUCT_CATEGORY('','',(#12986));
#12965=PRODUCT_RELATED_PRODUCT_CATEGORY('','',(#12987));
#12966=PRODUCT_RELATED_PRODUCT_CATEGORY('','',(#12988));
#12967=PRODUCT_RELATED_PRODUCT_CATEGORY('','',(#12989));
#12968=PRODUCT_RELATED_PRODUCT_CATEGORY('','',(#12990));
#12969=PRODUCT_RELATED_PRODUCT_CATEGORY('','',(#12991));
#12970=PRODUCT_RELATED_PRODUCT_CATEGORY('','',(#12992));
#12971=PRODUCT_RELATED_PRODUCT_CATEGORY('','',(#12993));
#12972=PRODUCT_RELATED_PRODUCT_CATEGORY('','',(#12994));
#12973=PRODUCT_RELATED_PRODUCT_CATEGORY('','',(#12995));
#12974=PRODUCT_RELATED_PRODUCT_CATEGORY('','',(#12996));
#12975=PRODUCT('PCB assembly','PCB assembly','PCB assembly',(#13019));
#12976=PRODUCT('D_DO-35_SOD27_P7.62mm_Horizontal_4',
'D_DO-35_SOD27_P7.62mm_Horizontal_4',
'D_DO-35_SOD27_P7.62mm_Horizontal_4',(#13020));
#12977=PRODUCT('D_DO-35_SOD27_P7.62mm_Horizontal_8',
'D_DO-35_SOD27_P7.62mm_Horizontal_8',
'D_DO-35_SOD27_P7.62mm_Horizontal_8',(#13021));
#12978=PRODUCT('D_DO-35_SOD27_P7.62mm_Horizontal_4',
'D_DO-35_SOD27_P7.62mm_Horizontal_4',
'D_DO-35_SOD27_P7.62mm_Horizontal_4',(#13022));
#12979=PRODUCT('D_DO-35_SOD27_P7.62mm_Horizontal_8',
'D_DO-35_SOD27_P7.62mm_Horizontal_8',
'D_DO-35_SOD27_P7.62mm_Horizontal_8',(#13023));
#12980=PRODUCT('kicad_schematic_PCB','kicad_schematic_PCB',
'kicad_schematic_PCB',(#13024));
#12981=PRODUCT('D_DO-35_SOD27_P7.62mm_Horizontal_5',
'D_DO-35_SOD27_P7.62mm_Horizontal_5',
'D_DO-35_SOD27_P7.62mm_Horizontal_5',(#13025));
#12982=PRODUCT('PinHeader_1x08_P254mm_Vertical',
'PinHeader_1x08_P254mm_Vertical','PinHeader_1x08_P254mm_Vertical',(#13026));
#12983=PRODUCT('D_DO-35_SOD27_P7.62mm_Horizontal_6',
'D_DO-35_SOD27_P7.62mm_Horizontal_6',
'D_DO-35_SOD27_P7.62mm_Horizontal_6',(#13027));
#12984=PRODUCT('D_DO-35_SOD27_P7.62mm_Horizontal_1',
'D_DO-35_SOD27_P7.62mm_Horizontal_1',
'D_DO-35_SOD27_P7.62mm_Horizontal_1',(#13028));
#12985=PRODUCT('D_DO-35_SOD27_P7.62mm_Horizontal_7',
'D_DO-35_SOD27_P7.62mm_Horizontal_7',
'D_DO-35_SOD27_P7.62mm_Horizontal_7',(#13029));
#12986=PRODUCT('Buzzer_12x95RM76','Buzzer_12x95RM76','Buzzer_12x95RM76',
(#13030));
#12987=PRODUCT('D_DO-35_SOD27_P7.62mm_Horizontal',
'D_DO-35_SOD27_P7.62mm_Horizontal','D_DO-35_SOD27_P7.62mm_Horizontal',(#13031));
#12988=PRODUCT('D_DO-35_SOD27_P7.62mm_Horizontal_2',
'D_DO-35_SOD27_P7.62mm_Horizontal_2',
'D_DO-35_SOD27_P7.62mm_Horizontal_2',(#13032));
#12989=PRODUCT('D_DO-35_SOD27_P7.62mm_Horizontal_1',
'D_DO-35_SOD27_P7.62mm_Horizontal_1',
'D_DO-35_SOD27_P7.62mm_Horizontal_1',(#13033));
#12990=PRODUCT('D_DO-35_SOD27_P7.62mm_Horizontal_6',
'D_DO-35_SOD27_P7.62mm_Horizontal_6',
'D_DO-35_SOD27_P7.62mm_Horizontal_6',(#13034));
#12991=PRODUCT('D_DO-35_SOD27_P7.62mm_Horizontal',
'D_DO-35_SOD27_P7.62mm_Horizontal','D_DO-35_SOD27_P7.62mm_Horizontal',(#13035));
#12992=PRODUCT('D_DO-35_SOD27_P7.62mm_Horizontal_5',
'D_DO-35_SOD27_P7.62mm_Horizontal_5',
'D_DO-35_SOD27_P7.62mm_Horizontal_5',(#13036));
#12993=PRODUCT('D_DO-35_SOD27_P7.62mm_Horizontal_7',
'D_DO-35_SOD27_P7.62mm_Horizontal_7',
'D_DO-35_SOD27_P7.62mm_Horizontal_7',(#13037));
#12994=PRODUCT('D_DO-35_SOD27_P7.62mm_Horizontal_2',
'D_DO-35_SOD27_P7.62mm_Horizontal_2',
'D_DO-35_SOD27_P7.62mm_Horizontal_2',(#13038));
#12995=PRODUCT('D_DO-35_SOD27_P7.62mm_Horizontal_3',
'D_DO-35_SOD27_P7.62mm_Horizontal_3',
'D_DO-35_SOD27_P7.62mm_Horizontal_3',(#13039));
#12996=PRODUCT('D_DO-35_SOD27_P7.62mm_Horizontal_3',
'D_DO-35_SOD27_P7.62mm_Horizontal_3',
'D_DO-35_SOD27_P7.62mm_Horizontal_3',(#13040));
#12997=PRODUCT_CATEGORY('','');
#12998=PRODUCT_CATEGORY('','');
#12999=PRODUCT_CATEGORY('','');
#13000=PRODUCT_CATEGORY('','');
#13001=PRODUCT_CATEGORY('','');
#13002=PRODUCT_CATEGORY('','');
#13003=PRODUCT_CATEGORY('','');
#13004=PRODUCT_CATEGORY('','');
#13005=PRODUCT_CATEGORY('','');
#13006=PRODUCT_CATEGORY('','');
#13007=PRODUCT_CATEGORY('','');
#13008=PRODUCT_CATEGORY('','');
#13009=PRODUCT_CATEGORY('','');
#13010=PRODUCT_CATEGORY('','');
#13011=PRODUCT_CATEGORY('','');
#13012=PRODUCT_CATEGORY('','');
#13013=PRODUCT_CATEGORY('','');
#13014=PRODUCT_CATEGORY('','');
#13015=PRODUCT_CATEGORY('','');
#13016=PRODUCT_CATEGORY('','');
#13017=PRODUCT_CATEGORY('','');
#13018=PRODUCT_CATEGORY('','');
#13019=PRODUCT_CONTEXT('',#13042,'mechanical');
#13020=PRODUCT_CONTEXT('',#13042,'mechanical');
#13021=PRODUCT_CONTEXT('',#13042,'mechanical');
#13022=PRODUCT_CONTEXT('',#13042,'mechanical');
#13023=PRODUCT_CONTEXT('',#13042,'mechanical');
#13024=PRODUCT_CONTEXT('',#13042,'mechanical');
#13025=PRODUCT_CONTEXT('',#13042,'mechanical');
#13026=PRODUCT_CONTEXT('',#13042,'mechanical');
#13027=PRODUCT_CONTEXT('',#13042,'mechanical');
#13028=PRODUCT_CONTEXT('',#13042,'mechanical');
#13029=PRODUCT_CONTEXT('',#13042,'mechanical');
#13030=PRODUCT_CONTEXT('',#13042,'mechanical');
#13031=PRODUCT_CONTEXT('',#13042,'mechanical');
#13032=PRODUCT_CONTEXT('',#13042,'mechanical');
#13033=PRODUCT_CONTEXT('',#13042,'mechanical');
#13034=PRODUCT_CONTEXT('',#13042,'mechanical');
#13035=PRODUCT_CONTEXT('',#13042,'mechanical');
#13036=PRODUCT_CONTEXT('',#13042,'mechanical');
#13037=PRODUCT_CONTEXT('',#13042,'mechanical');
#13038=PRODUCT_CONTEXT('',#13042,'mechanical');
#13039=PRODUCT_CONTEXT('',#13042,'mechanical');
#13040=PRODUCT_CONTEXT('',#13042,'mechanical');
#13041=APPLICATION_PROTOCOL_DEFINITION('international standard',
'ap242_managed_model_based_3d_engineering',2020,#13042);
#13042=APPLICATION_CONTEXT('managed model based 3d engineering');
ENDSEC;
END-ISO-10303-21;
