ISO-10303-21;
HEADER;
/* Generated by software containing ST-Developer
 * from STEP Tools, Inc. (www.steptools.com) 
 */
/* OPTION: using custom renumber hook */

FILE_DESCRIPTION(
/* description */ ('STEP AP242 Edition 2',
'CAx-IF Rec.Pracs.---Representation and Presentation of Product Manufa
cturing Information (PMI)---4.0---2014-10-13',
'CAx-IF Rec.Pracs.---3D Tessellated Geometry---0.4---2014-09-14','2;1',
'CAx-IF Rec.Pracs.---User Defined Attributes---1.5---2016-08-15'),
/* implementation_level */ '2;1');

FILE_NAME(
/* name */ '6ab84908dfe544ce60671914',
/* time_stamp */ '2026-09-26T22:36:57Z',
/* author */ (''),
/* organization */ (''),
/* preprocessor_version */ 'ST-DEVELOPER v20',
/* originating_system */ 'ONSHAPE BY PTC INC, 1.221',
/* authorisation */ '  ');

FILE_SCHEMA (('AP242_MANAGED_MODEL_BASED_3D_ENGINEERING_MIM_LF { 1 0 10303 442 3 1 4 }'));
ENDSEC;

DATA;
#10=DRAUGHTING_PRE_DEFINED_COLOUR('red');
#11=CONTEXT_DEPENDENT_SHAPE_REPRESENTATION(#15,#2874);
#12=CONTEXT_DEPENDENT_SHAPE_REPRESENTATION(#16,#2876);
#13=NEXT_ASSEMBLY_USAGE_OCCURRENCE('NAUO1','Part 1','Part 1',#2877,#2878,
'');
#14=NEXT_ASSEMBLY_USAGE_OCCURRENCE('NAUO2','Part 1','Part 1',#2877,#2879,
'');
#15=(
REPRESENTATION_RELATIONSHIP(' ',' ',#1742,#1741)
REPRESENTATION_RELATIONSHIP_WITH_TRANSFORMATION(#17)
SHAPE_REPRESENTATION_RELATIONSHIP()
);
#16=(
REPRESENTATION_RELATIONSHIP(' ',' ',#1743,#1741)
REPRESENTATION_RELATIONSHIP_WITH_TRANSFORMATION(#18)
SHAPE_REPRESENTATION_RELATIONSHIP()
);
#17=ITEM_DEFINED_TRANSFORMATION(' ',' ',#1744,#1873);
#18=ITEM_DEFINED_TRANSFORMATION(' ',' ',#1744,#1899);
#19=SHAPE_REPRESENTATION_RELATIONSHIP('','',#1742,#21);
#20=SHAPE_REPRESENTATION_RELATIONSHIP('','',#1743,#22);
#21=ADVANCED_BREP_SHAPE_REPRESENTATION('',(#1736),#2864);
#22=ADVANCED_BREP_SHAPE_REPRESENTATION('',(#1737),#2865);
#23=SPHERICAL_SURFACE('',#1806,0.005);
#24=SPHERICAL_SURFACE('',#1807,0.005);
#25=(
BOUNDED_CURVE()
B_SPLINE_CURVE(2,(#2430,#2431,#2432),.UNSPECIFIED.,.F.,.F.)
B_SPLINE_CURVE_WITH_KNOTS((3,3),(270.,296.020000000009),
 .PIECEWISE_BEZIER_KNOTS.)
CURVE()
GEOMETRIC_REPRESENTATION_ITEM()
RATIONAL_B_SPLINE_CURVE((1.,0.974330788579371,1.))
REPRESENTATION_ITEM('')
);
#26=(
BOUNDED_CURVE()
B_SPLINE_CURVE(2,(#2439,#2440,#2441),.UNSPECIFIED.,.F.,.F.)
B_SPLINE_CURVE_WITH_KNOTS((3,3),(243.979999999991,270.),
 .PIECEWISE_BEZIER_KNOTS.)
CURVE()
GEOMETRIC_REPRESENTATION_ITEM()
RATIONAL_B_SPLINE_CURVE((1.,0.974330788579371,1.))
REPRESENTATION_ITEM('')
);
#27=ELLIPSE('',#1754,0.00707106781186547,0.005);
#28=ELLIPSE('',#1755,0.00707106781186547,0.005);
#29=ELLIPSE('',#1759,0.00943766784756926,0.005);
#30=ELLIPSE('',#1761,0.00943766784756926,0.005);
#31=PLANE('',#1748);
#32=PLANE('',#1752);
#33=PLANE('',#1762);
#34=PLANE('',#1769);
#35=PLANE('',#1770);
#36=PLANE('',#1771);
#37=PLANE('',#1772);
#38=PLANE('',#1773);
#39=PLANE('',#1776);
#40=PLANE('',#1777);
#41=PLANE('',#1780);
#42=PLANE('',#1783);
#43=PLANE('',#1784);
#44=PLANE('',#1790);
#45=PLANE('',#1793);
#46=PLANE('',#1796);
#47=PLANE('',#1797);
#48=PLANE('',#1802);
#49=PLANE('',#1803);
#50=PLANE('',#1804);
#51=PLANE('',#1805);
#52=PLANE('',#1808);
#53=PLANE('',#1809);
#54=PLANE('',#1810);
#55=PLANE('',#1811);
#56=PLANE('',#1812);
#57=PLANE('',#1813);
#58=PLANE('',#1814);
#59=PLANE('',#1815);
#60=PLANE('',#1816);
#61=PLANE('',#1817);
#62=PLANE('',#1818);
#63=PLANE('',#1819);
#64=PLANE('',#1820);
#65=PLANE('',#1821);
#66=PLANE('',#1822);
#67=PLANE('',#1823);
#68=PLANE('',#1824);
#69=PLANE('',#1825);
#70=PLANE('',#1826);
#71=PLANE('',#1827);
#72=PLANE('',#1828);
#73=PLANE('',#1829);
#74=PLANE('',#1830);
#75=PLANE('',#1831);
#76=PLANE('',#1832);
#77=PLANE('',#1833);
#78=PLANE('',#1834);
#79=PLANE('',#1835);
#80=PLANE('',#1836);
#81=PLANE('',#1837);
#82=PLANE('',#1839);
#83=PLANE('',#1841);
#84=PLANE('',#1843);
#85=PLANE('',#1853);
#86=PLANE('',#1855);
#87=PLANE('',#1857);
#88=PLANE('',#1859);
#89=PLANE('',#1869);
#90=PLANE('',#1870);
#91=PLANE('',#1871);
#92=PLANE('',#1872);
#93=PLANE('',#1874);
#94=PLANE('',#1880);
#95=PLANE('',#1886);
#96=PLANE('',#1887);
#97=PLANE('',#1888);
#98=PLANE('',#1889);
#99=PLANE('',#1890);
#100=PLANE('',#1891);
#101=PLANE('',#1892);
#102=PLANE('',#1893);
#103=CIRCLE('',#1746,0.00162);
#104=CIRCLE('',#1747,0.00162);
#105=CIRCLE('',#1749,0.00125);
#106=CIRCLE('',#1750,0.00125);
#107=CIRCLE('',#1751,0.00162);
#108=CIRCLE('',#1756,0.005);
#109=CIRCLE('',#1757,0.005);
#110=CIRCLE('',#1764,0.00125);
#111=CIRCLE('',#1766,0.00125);
#112=CIRCLE('',#1768,0.00162);
#113=CIRCLE('',#1774,0.005);
#114=CIRCLE('',#1775,0.005);
#115=CIRCLE('',#1778,0.00162);
#116=CIRCLE('',#1779,0.00162);
#117=CIRCLE('',#1782,0.005);
#118=CIRCLE('',#1786,0.005);
#119=CIRCLE('',#1788,0.005);
#120=CIRCLE('',#1789,0.005);
#121=CIRCLE('',#1792,0.005);
#122=CIRCLE('',#1795,0.005);
#123=CIRCLE('',#1799,0.00162);
#124=CIRCLE('',#1801,0.00162);
#125=CIRCLE('',#1838,0.0023);
#126=CIRCLE('',#1840,0.0023);
#127=CIRCLE('',#1842,0.0023);
#128=CIRCLE('',#1844,0.0023);
#129=CIRCLE('',#1846,0.0023);
#130=CIRCLE('',#1848,0.0023);
#131=CIRCLE('',#1850,0.0023);
#132=CIRCLE('',#1852,0.0023);
#133=CIRCLE('',#1854,0.0016);
#134=CIRCLE('',#1856,0.0016);
#135=CIRCLE('',#1858,0.0016);
#136=CIRCLE('',#1860,0.0016);
#137=CIRCLE('',#1862,0.0016);
#138=CIRCLE('',#1864,0.0016);
#139=CIRCLE('',#1866,0.0016);
#140=CIRCLE('',#1868,0.0016);
#141=CIRCLE('',#1875,0.0065);
#142=CIRCLE('',#1876,0.0016);
#143=CIRCLE('',#1877,0.0016);
#144=CIRCLE('',#1878,0.0016);
#145=CIRCLE('',#1879,0.0016);
#146=CIRCLE('',#1881,0.0016);
#147=CIRCLE('',#1882,0.0016);
#148=CIRCLE('',#1883,0.0016);
#149=CIRCLE('',#1884,0.0065);
#150=CIRCLE('',#1885,0.0016);
#151=ORIENTED_EDGE('',*,*,#599,.T.);
#152=ORIENTED_EDGE('',*,*,#600,.F.);
#153=ORIENTED_EDGE('',*,*,#599,.F.);
#154=ORIENTED_EDGE('',*,*,#601,.T.);
#155=ORIENTED_EDGE('',*,*,#602,.F.);
#156=ORIENTED_EDGE('',*,*,#603,.T.);
#157=ORIENTED_EDGE('',*,*,#604,.T.);
#158=ORIENTED_EDGE('',*,*,#605,.F.);
#159=ORIENTED_EDGE('',*,*,#601,.F.);
#160=ORIENTED_EDGE('',*,*,#606,.F.);
#161=ORIENTED_EDGE('',*,*,#607,.F.);
#162=ORIENTED_EDGE('',*,*,#608,.F.);
#163=ORIENTED_EDGE('',*,*,#609,.F.);
#164=ORIENTED_EDGE('',*,*,#610,.T.);
#165=ORIENTED_EDGE('',*,*,#611,.T.);
#166=ORIENTED_EDGE('',*,*,#612,.F.);
#167=ORIENTED_EDGE('',*,*,#600,.T.);
#168=ORIENTED_EDGE('',*,*,#613,.F.);
#169=ORIENTED_EDGE('',*,*,#602,.T.);
#170=ORIENTED_EDGE('',*,*,#614,.T.);
#171=ORIENTED_EDGE('',*,*,#615,.F.);
#172=ORIENTED_EDGE('',*,*,#616,.F.);
#173=ORIENTED_EDGE('',*,*,#617,.F.);
#174=ORIENTED_EDGE('',*,*,#618,.T.);
#175=ORIENTED_EDGE('',*,*,#619,.F.);
#176=ORIENTED_EDGE('',*,*,#620,.F.);
#177=ORIENTED_EDGE('',*,*,#603,.F.);
#178=ORIENTED_EDGE('',*,*,#613,.T.);
#179=ORIENTED_EDGE('',*,*,#621,.F.);
#180=ORIENTED_EDGE('',*,*,#622,.T.);
#181=ORIENTED_EDGE('',*,*,#623,.F.);
#182=ORIENTED_EDGE('',*,*,#624,.F.);
#183=ORIENTED_EDGE('',*,*,#614,.F.);
#184=ORIENTED_EDGE('',*,*,#605,.T.);
#185=ORIENTED_EDGE('',*,*,#625,.T.);
#186=ORIENTED_EDGE('',*,*,#604,.F.);
#187=ORIENTED_EDGE('',*,*,#626,.T.);
#188=ORIENTED_EDGE('',*,*,#627,.T.);
#189=ORIENTED_EDGE('',*,*,#628,.F.);
#190=ORIENTED_EDGE('',*,*,#629,.F.);
#191=ORIENTED_EDGE('',*,*,#630,.F.);
#192=ORIENTED_EDGE('',*,*,#629,.T.);
#193=ORIENTED_EDGE('',*,*,#606,.T.);
#194=ORIENTED_EDGE('',*,*,#631,.F.);
#195=ORIENTED_EDGE('',*,*,#632,.F.);
#196=ORIENTED_EDGE('',*,*,#631,.T.);
#197=ORIENTED_EDGE('',*,*,#607,.T.);
#198=ORIENTED_EDGE('',*,*,#633,.T.);
#199=ORIENTED_EDGE('',*,*,#634,.F.);
#200=ORIENTED_EDGE('',*,*,#633,.F.);
#201=ORIENTED_EDGE('',*,*,#608,.T.);
#202=ORIENTED_EDGE('',*,*,#609,.T.);
#203=ORIENTED_EDGE('',*,*,#635,.F.);
#204=ORIENTED_EDGE('',*,*,#636,.F.);
#205=ORIENTED_EDGE('',*,*,#637,.T.);
#206=ORIENTED_EDGE('',*,*,#610,.F.);
#207=ORIENTED_EDGE('',*,*,#637,.F.);
#208=ORIENTED_EDGE('',*,*,#638,.T.);
#209=ORIENTED_EDGE('',*,*,#639,.T.);
#210=ORIENTED_EDGE('',*,*,#612,.T.);
#211=ORIENTED_EDGE('',*,*,#640,.F.);
#212=ORIENTED_EDGE('',*,*,#641,.F.);
#213=ORIENTED_EDGE('',*,*,#635,.T.);
#214=ORIENTED_EDGE('',*,*,#611,.F.);
#215=ORIENTED_EDGE('',*,*,#639,.F.);
#216=ORIENTED_EDGE('',*,*,#642,.T.);
#217=ORIENTED_EDGE('',*,*,#640,.T.);
#218=ORIENTED_EDGE('',*,*,#643,.F.);
#219=ORIENTED_EDGE('',*,*,#644,.T.);
#220=ORIENTED_EDGE('',*,*,#645,.F.);
#221=ORIENTED_EDGE('',*,*,#646,.T.);
#222=ORIENTED_EDGE('',*,*,#647,.T.);
#223=ORIENTED_EDGE('',*,*,#621,.T.);
#224=ORIENTED_EDGE('',*,*,#619,.T.);
#225=ORIENTED_EDGE('',*,*,#648,.F.);
#226=ORIENTED_EDGE('',*,*,#649,.T.);
#227=ORIENTED_EDGE('',*,*,#650,.T.);
#228=ORIENTED_EDGE('',*,*,#615,.T.);
#229=ORIENTED_EDGE('',*,*,#624,.T.);
#230=ORIENTED_EDGE('',*,*,#651,.F.);
#231=ORIENTED_EDGE('',*,*,#616,.T.);
#232=ORIENTED_EDGE('',*,*,#650,.F.);
#233=ORIENTED_EDGE('',*,*,#652,.F.);
#234=ORIENTED_EDGE('',*,*,#653,.F.);
#235=ORIENTED_EDGE('',*,*,#617,.T.);
#236=ORIENTED_EDGE('',*,*,#651,.T.);
#237=ORIENTED_EDGE('',*,*,#654,.F.);
#238=ORIENTED_EDGE('',*,*,#655,.F.);
#239=ORIENTED_EDGE('',*,*,#656,.T.);
#240=ORIENTED_EDGE('',*,*,#630,.T.);
#241=ORIENTED_EDGE('',*,*,#632,.T.);
#242=ORIENTED_EDGE('',*,*,#657,.T.);
#243=ORIENTED_EDGE('',*,*,#636,.T.);
#244=ORIENTED_EDGE('',*,*,#641,.T.);
#245=ORIENTED_EDGE('',*,*,#642,.F.);
#246=ORIENTED_EDGE('',*,*,#638,.F.);
#247=ORIENTED_EDGE('',*,*,#658,.T.);
#248=ORIENTED_EDGE('',*,*,#659,.F.);
#249=ORIENTED_EDGE('',*,*,#660,.F.);
#250=ORIENTED_EDGE('',*,*,#661,.F.);
#251=ORIENTED_EDGE('',*,*,#648,.T.);
#252=ORIENTED_EDGE('',*,*,#618,.F.);
#253=ORIENTED_EDGE('',*,*,#655,.T.);
#254=ORIENTED_EDGE('',*,*,#662,.T.);
#255=ORIENTED_EDGE('',*,*,#663,.T.);
#256=ORIENTED_EDGE('',*,*,#664,.F.);
#257=ORIENTED_EDGE('',*,*,#626,.F.);
#258=ORIENTED_EDGE('',*,*,#620,.T.);
#259=ORIENTED_EDGE('',*,*,#665,.T.);
#260=ORIENTED_EDGE('',*,*,#647,.F.);
#261=ORIENTED_EDGE('',*,*,#666,.F.);
#262=ORIENTED_EDGE('',*,*,#665,.F.);
#263=ORIENTED_EDGE('',*,*,#622,.F.);
#264=ORIENTED_EDGE('',*,*,#667,.T.);
#265=ORIENTED_EDGE('',*,*,#668,.T.);
#266=ORIENTED_EDGE('',*,*,#643,.T.);
#267=ORIENTED_EDGE('',*,*,#623,.T.);
#268=ORIENTED_EDGE('',*,*,#669,.F.);
#269=ORIENTED_EDGE('',*,*,#667,.F.);
#270=ORIENTED_EDGE('',*,*,#625,.F.);
#271=ORIENTED_EDGE('',*,*,#628,.T.);
#272=ORIENTED_EDGE('',*,*,#670,.F.);
#273=ORIENTED_EDGE('',*,*,#671,.T.);
#274=ORIENTED_EDGE('',*,*,#672,.F.);
#275=ORIENTED_EDGE('',*,*,#627,.F.);
#276=ORIENTED_EDGE('',*,*,#634,.T.);
#277=ORIENTED_EDGE('',*,*,#644,.F.);
#278=ORIENTED_EDGE('',*,*,#668,.F.);
#279=ORIENTED_EDGE('',*,*,#673,.F.);
#280=ORIENTED_EDGE('',*,*,#674,.T.);
#281=ORIENTED_EDGE('',*,*,#675,.T.);
#282=ORIENTED_EDGE('',*,*,#676,.T.);
#283=ORIENTED_EDGE('',*,*,#677,.T.);
#284=ORIENTED_EDGE('',*,*,#678,.T.);
#285=ORIENTED_EDGE('',*,*,#645,.T.);
#286=ORIENTED_EDGE('',*,*,#674,.F.);
#287=ORIENTED_EDGE('',*,*,#671,.F.);
#288=ORIENTED_EDGE('',*,*,#679,.T.);
#289=ORIENTED_EDGE('',*,*,#646,.F.);
#290=ORIENTED_EDGE('',*,*,#679,.F.);
#291=ORIENTED_EDGE('',*,*,#680,.F.);
#292=ORIENTED_EDGE('',*,*,#666,.T.);
#293=ORIENTED_EDGE('',*,*,#652,.T.);
#294=ORIENTED_EDGE('',*,*,#649,.F.);
#295=ORIENTED_EDGE('',*,*,#663,.F.);
#296=ORIENTED_EDGE('',*,*,#681,.T.);
#297=ORIENTED_EDGE('',*,*,#682,.F.);
#298=ORIENTED_EDGE('',*,*,#683,.T.);
#299=ORIENTED_EDGE('',*,*,#684,.T.);
#300=ORIENTED_EDGE('',*,*,#685,.F.);
#301=ORIENTED_EDGE('',*,*,#686,.T.);
#302=ORIENTED_EDGE('',*,*,#687,.T.);
#303=ORIENTED_EDGE('',*,*,#688,.T.);
#304=ORIENTED_EDGE('',*,*,#689,.T.);
#305=ORIENTED_EDGE('',*,*,#690,.T.);
#306=ORIENTED_EDGE('',*,*,#691,.T.);
#307=ORIENTED_EDGE('',*,*,#692,.T.);
#308=ORIENTED_EDGE('',*,*,#693,.T.);
#309=ORIENTED_EDGE('',*,*,#694,.T.);
#310=ORIENTED_EDGE('',*,*,#695,.T.);
#311=ORIENTED_EDGE('',*,*,#696,.T.);
#312=ORIENTED_EDGE('',*,*,#697,.T.);
#313=ORIENTED_EDGE('',*,*,#698,.T.);
#314=ORIENTED_EDGE('',*,*,#699,.T.);
#315=ORIENTED_EDGE('',*,*,#700,.T.);
#316=ORIENTED_EDGE('',*,*,#701,.T.);
#317=ORIENTED_EDGE('',*,*,#653,.T.);
#318=ORIENTED_EDGE('',*,*,#681,.F.);
#319=ORIENTED_EDGE('',*,*,#662,.F.);
#320=ORIENTED_EDGE('',*,*,#654,.T.);
#321=ORIENTED_EDGE('',*,*,#656,.F.);
#322=ORIENTED_EDGE('',*,*,#702,.F.);
#323=ORIENTED_EDGE('',*,*,#703,.T.);
#324=ORIENTED_EDGE('',*,*,#702,.T.);
#325=ORIENTED_EDGE('',*,*,#657,.F.);
#326=ORIENTED_EDGE('',*,*,#704,.F.);
#327=ORIENTED_EDGE('',*,*,#705,.T.);
#328=ORIENTED_EDGE('',*,*,#704,.T.);
#329=ORIENTED_EDGE('',*,*,#706,.F.);
#330=ORIENTED_EDGE('',*,*,#661,.T.);
#331=ORIENTED_EDGE('',*,*,#707,.T.);
#332=ORIENTED_EDGE('',*,*,#708,.F.);
#333=ORIENTED_EDGE('',*,*,#658,.F.);
#334=ORIENTED_EDGE('',*,*,#706,.T.);
#335=ORIENTED_EDGE('',*,*,#709,.T.);
#336=ORIENTED_EDGE('',*,*,#710,.T.);
#337=ORIENTED_EDGE('',*,*,#711,.T.);
#338=ORIENTED_EDGE('',*,*,#712,.T.);
#339=ORIENTED_EDGE('',*,*,#707,.F.);
#340=ORIENTED_EDGE('',*,*,#660,.T.);
#341=ORIENTED_EDGE('',*,*,#713,.F.);
#342=ORIENTED_EDGE('',*,*,#714,.F.);
#343=ORIENTED_EDGE('',*,*,#715,.F.);
#344=ORIENTED_EDGE('',*,*,#716,.F.);
#345=ORIENTED_EDGE('',*,*,#713,.T.);
#346=ORIENTED_EDGE('',*,*,#659,.T.);
#347=ORIENTED_EDGE('',*,*,#712,.F.);
#348=ORIENTED_EDGE('',*,*,#717,.T.);
#349=ORIENTED_EDGE('',*,*,#680,.T.);
#350=ORIENTED_EDGE('',*,*,#670,.T.);
#351=ORIENTED_EDGE('',*,*,#664,.T.);
#352=ORIENTED_EDGE('',*,*,#672,.T.);
#353=ORIENTED_EDGE('',*,*,#673,.T.);
#354=ORIENTED_EDGE('',*,*,#669,.T.);
#355=ORIENTED_EDGE('',*,*,#718,.T.);
#356=ORIENTED_EDGE('',*,*,#719,.F.);
#357=ORIENTED_EDGE('',*,*,#720,.F.);
#358=ORIENTED_EDGE('',*,*,#675,.F.);
#359=ORIENTED_EDGE('',*,*,#721,.F.);
#360=ORIENTED_EDGE('',*,*,#676,.F.);
#361=ORIENTED_EDGE('',*,*,#720,.T.);
#362=ORIENTED_EDGE('',*,*,#722,.F.);
#363=ORIENTED_EDGE('',*,*,#723,.T.);
#364=ORIENTED_EDGE('',*,*,#677,.F.);
#365=ORIENTED_EDGE('',*,*,#721,.T.);
#366=ORIENTED_EDGE('',*,*,#724,.F.);
#367=ORIENTED_EDGE('',*,*,#718,.F.);
#368=ORIENTED_EDGE('',*,*,#678,.F.);
#369=ORIENTED_EDGE('',*,*,#723,.F.);
#370=ORIENTED_EDGE('',*,*,#725,.F.);
#371=ORIENTED_EDGE('',*,*,#726,.T.);
#372=ORIENTED_EDGE('',*,*,#725,.T.);
#373=ORIENTED_EDGE('',*,*,#727,.F.);
#374=ORIENTED_EDGE('',*,*,#682,.T.);
#375=ORIENTED_EDGE('',*,*,#727,.T.);
#376=ORIENTED_EDGE('',*,*,#724,.T.);
#377=ORIENTED_EDGE('',*,*,#728,.F.);
#378=ORIENTED_EDGE('',*,*,#683,.F.);
#379=ORIENTED_EDGE('',*,*,#728,.T.);
#380=ORIENTED_EDGE('',*,*,#722,.T.);
#381=ORIENTED_EDGE('',*,*,#729,.F.);
#382=ORIENTED_EDGE('',*,*,#684,.F.);
#383=ORIENTED_EDGE('',*,*,#729,.T.);
#384=ORIENTED_EDGE('',*,*,#719,.T.);
#385=ORIENTED_EDGE('',*,*,#726,.F.);
#386=ORIENTED_EDGE('',*,*,#685,.T.);
#387=ORIENTED_EDGE('',*,*,#686,.F.);
#388=ORIENTED_EDGE('',*,*,#730,.F.);
#389=ORIENTED_EDGE('',*,*,#731,.T.);
#390=ORIENTED_EDGE('',*,*,#732,.T.);
#391=ORIENTED_EDGE('',*,*,#687,.F.);
#392=ORIENTED_EDGE('',*,*,#732,.F.);
#393=ORIENTED_EDGE('',*,*,#733,.T.);
#394=ORIENTED_EDGE('',*,*,#734,.T.);
#395=ORIENTED_EDGE('',*,*,#688,.F.);
#396=ORIENTED_EDGE('',*,*,#734,.F.);
#397=ORIENTED_EDGE('',*,*,#735,.T.);
#398=ORIENTED_EDGE('',*,*,#736,.T.);
#399=ORIENTED_EDGE('',*,*,#689,.F.);
#400=ORIENTED_EDGE('',*,*,#736,.F.);
#401=ORIENTED_EDGE('',*,*,#737,.T.);
#402=ORIENTED_EDGE('',*,*,#730,.T.);
#403=ORIENTED_EDGE('',*,*,#690,.F.);
#404=ORIENTED_EDGE('',*,*,#738,.F.);
#405=ORIENTED_EDGE('',*,*,#739,.T.);
#406=ORIENTED_EDGE('',*,*,#740,.T.);
#407=ORIENTED_EDGE('',*,*,#691,.F.);
#408=ORIENTED_EDGE('',*,*,#740,.F.);
#409=ORIENTED_EDGE('',*,*,#741,.T.);
#410=ORIENTED_EDGE('',*,*,#742,.T.);
#411=ORIENTED_EDGE('',*,*,#692,.F.);
#412=ORIENTED_EDGE('',*,*,#742,.F.);
#413=ORIENTED_EDGE('',*,*,#743,.T.);
#414=ORIENTED_EDGE('',*,*,#744,.T.);
#415=ORIENTED_EDGE('',*,*,#693,.F.);
#416=ORIENTED_EDGE('',*,*,#744,.F.);
#417=ORIENTED_EDGE('',*,*,#745,.T.);
#418=ORIENTED_EDGE('',*,*,#738,.T.);
#419=ORIENTED_EDGE('',*,*,#694,.F.);
#420=ORIENTED_EDGE('',*,*,#746,.F.);
#421=ORIENTED_EDGE('',*,*,#747,.T.);
#422=ORIENTED_EDGE('',*,*,#748,.T.);
#423=ORIENTED_EDGE('',*,*,#695,.F.);
#424=ORIENTED_EDGE('',*,*,#748,.F.);
#425=ORIENTED_EDGE('',*,*,#749,.T.);
#426=ORIENTED_EDGE('',*,*,#750,.T.);
#427=ORIENTED_EDGE('',*,*,#696,.F.);
#428=ORIENTED_EDGE('',*,*,#750,.F.);
#429=ORIENTED_EDGE('',*,*,#751,.T.);
#430=ORIENTED_EDGE('',*,*,#752,.T.);
#431=ORIENTED_EDGE('',*,*,#697,.F.);
#432=ORIENTED_EDGE('',*,*,#752,.F.);
#433=ORIENTED_EDGE('',*,*,#753,.T.);
#434=ORIENTED_EDGE('',*,*,#746,.T.);
#435=ORIENTED_EDGE('',*,*,#698,.F.);
#436=ORIENTED_EDGE('',*,*,#754,.F.);
#437=ORIENTED_EDGE('',*,*,#755,.T.);
#438=ORIENTED_EDGE('',*,*,#756,.T.);
#439=ORIENTED_EDGE('',*,*,#699,.F.);
#440=ORIENTED_EDGE('',*,*,#756,.F.);
#441=ORIENTED_EDGE('',*,*,#757,.T.);
#442=ORIENTED_EDGE('',*,*,#758,.T.);
#443=ORIENTED_EDGE('',*,*,#700,.F.);
#444=ORIENTED_EDGE('',*,*,#758,.F.);
#445=ORIENTED_EDGE('',*,*,#759,.T.);
#446=ORIENTED_EDGE('',*,*,#760,.T.);
#447=ORIENTED_EDGE('',*,*,#701,.F.);
#448=ORIENTED_EDGE('',*,*,#760,.F.);
#449=ORIENTED_EDGE('',*,*,#761,.T.);
#450=ORIENTED_EDGE('',*,*,#754,.T.);
#451=ORIENTED_EDGE('',*,*,#703,.F.);
#452=ORIENTED_EDGE('',*,*,#705,.F.);
#453=ORIENTED_EDGE('',*,*,#716,.T.);
#454=ORIENTED_EDGE('',*,*,#762,.F.);
#455=ORIENTED_EDGE('',*,*,#709,.F.);
#456=ORIENTED_EDGE('',*,*,#708,.T.);
#457=ORIENTED_EDGE('',*,*,#715,.T.);
#458=ORIENTED_EDGE('',*,*,#763,.F.);
#459=ORIENTED_EDGE('',*,*,#710,.F.);
#460=ORIENTED_EDGE('',*,*,#762,.T.);
#461=ORIENTED_EDGE('',*,*,#714,.T.);
#462=ORIENTED_EDGE('',*,*,#717,.F.);
#463=ORIENTED_EDGE('',*,*,#711,.F.);
#464=ORIENTED_EDGE('',*,*,#763,.T.);
#465=ORIENTED_EDGE('',*,*,#764,.T.);
#466=ORIENTED_EDGE('',*,*,#733,.F.);
#467=ORIENTED_EDGE('',*,*,#731,.F.);
#468=ORIENTED_EDGE('',*,*,#737,.F.);
#469=ORIENTED_EDGE('',*,*,#735,.F.);
#470=ORIENTED_EDGE('',*,*,#765,.T.);
#471=ORIENTED_EDGE('',*,*,#741,.F.);
#472=ORIENTED_EDGE('',*,*,#739,.F.);
#473=ORIENTED_EDGE('',*,*,#745,.F.);
#474=ORIENTED_EDGE('',*,*,#743,.F.);
#475=ORIENTED_EDGE('',*,*,#766,.T.);
#476=ORIENTED_EDGE('',*,*,#749,.F.);
#477=ORIENTED_EDGE('',*,*,#747,.F.);
#478=ORIENTED_EDGE('',*,*,#753,.F.);
#479=ORIENTED_EDGE('',*,*,#751,.F.);
#480=ORIENTED_EDGE('',*,*,#767,.T.);
#481=ORIENTED_EDGE('',*,*,#757,.F.);
#482=ORIENTED_EDGE('',*,*,#755,.F.);
#483=ORIENTED_EDGE('',*,*,#761,.F.);
#484=ORIENTED_EDGE('',*,*,#759,.F.);
#485=ORIENTED_EDGE('',*,*,#768,.T.);
#486=ORIENTED_EDGE('',*,*,#764,.F.);
#487=ORIENTED_EDGE('',*,*,#768,.F.);
#488=ORIENTED_EDGE('',*,*,#769,.T.);
#489=ORIENTED_EDGE('',*,*,#770,.T.);
#490=ORIENTED_EDGE('',*,*,#765,.F.);
#491=ORIENTED_EDGE('',*,*,#770,.F.);
#492=ORIENTED_EDGE('',*,*,#771,.T.);
#493=ORIENTED_EDGE('',*,*,#772,.T.);
#494=ORIENTED_EDGE('',*,*,#766,.F.);
#495=ORIENTED_EDGE('',*,*,#772,.F.);
#496=ORIENTED_EDGE('',*,*,#773,.T.);
#497=ORIENTED_EDGE('',*,*,#774,.T.);
#498=ORIENTED_EDGE('',*,*,#767,.F.);
#499=ORIENTED_EDGE('',*,*,#774,.F.);
#500=ORIENTED_EDGE('',*,*,#775,.T.);
#501=ORIENTED_EDGE('',*,*,#776,.T.);
#502=ORIENTED_EDGE('',*,*,#769,.F.);
#503=ORIENTED_EDGE('',*,*,#777,.T.);
#504=ORIENTED_EDGE('',*,*,#771,.F.);
#505=ORIENTED_EDGE('',*,*,#778,.T.);
#506=ORIENTED_EDGE('',*,*,#773,.F.);
#507=ORIENTED_EDGE('',*,*,#779,.T.);
#508=ORIENTED_EDGE('',*,*,#775,.F.);
#509=ORIENTED_EDGE('',*,*,#780,.T.);
#510=ORIENTED_EDGE('',*,*,#776,.F.);
#511=ORIENTED_EDGE('',*,*,#780,.F.);
#512=ORIENTED_EDGE('',*,*,#781,.T.);
#513=ORIENTED_EDGE('',*,*,#782,.T.);
#514=ORIENTED_EDGE('',*,*,#777,.F.);
#515=ORIENTED_EDGE('',*,*,#782,.F.);
#516=ORIENTED_EDGE('',*,*,#783,.T.);
#517=ORIENTED_EDGE('',*,*,#784,.T.);
#518=ORIENTED_EDGE('',*,*,#778,.F.);
#519=ORIENTED_EDGE('',*,*,#784,.F.);
#520=ORIENTED_EDGE('',*,*,#785,.T.);
#521=ORIENTED_EDGE('',*,*,#786,.T.);
#522=ORIENTED_EDGE('',*,*,#779,.F.);
#523=ORIENTED_EDGE('',*,*,#786,.F.);
#524=ORIENTED_EDGE('',*,*,#787,.T.);
#525=ORIENTED_EDGE('',*,*,#781,.F.);
#526=ORIENTED_EDGE('',*,*,#783,.F.);
#527=ORIENTED_EDGE('',*,*,#785,.F.);
#528=ORIENTED_EDGE('',*,*,#787,.F.);
#529=ORIENTED_EDGE('',*,*,#788,.F.);
#530=ORIENTED_EDGE('',*,*,#789,.T.);
#531=ORIENTED_EDGE('',*,*,#790,.T.);
#532=ORIENTED_EDGE('',*,*,#791,.F.);
#533=ORIENTED_EDGE('',*,*,#792,.F.);
#534=ORIENTED_EDGE('',*,*,#793,.F.);
#535=ORIENTED_EDGE('',*,*,#794,.F.);
#536=ORIENTED_EDGE('',*,*,#795,.F.);
#537=ORIENTED_EDGE('',*,*,#796,.F.);
#538=ORIENTED_EDGE('',*,*,#797,.F.);
#539=ORIENTED_EDGE('',*,*,#798,.F.);
#540=ORIENTED_EDGE('',*,*,#799,.F.);
#541=ORIENTED_EDGE('',*,*,#800,.F.);
#542=ORIENTED_EDGE('',*,*,#801,.T.);
#543=ORIENTED_EDGE('',*,*,#802,.T.);
#544=ORIENTED_EDGE('',*,*,#803,.T.);
#545=ORIENTED_EDGE('',*,*,#804,.T.);
#546=ORIENTED_EDGE('',*,*,#805,.T.);
#547=ORIENTED_EDGE('',*,*,#806,.T.);
#548=ORIENTED_EDGE('',*,*,#807,.F.);
#549=ORIENTED_EDGE('',*,*,#808,.F.);
#550=ORIENTED_EDGE('',*,*,#809,.T.);
#551=ORIENTED_EDGE('',*,*,#810,.T.);
#552=ORIENTED_EDGE('',*,*,#811,.T.);
#553=ORIENTED_EDGE('',*,*,#812,.T.);
#554=ORIENTED_EDGE('',*,*,#813,.T.);
#555=ORIENTED_EDGE('',*,*,#814,.F.);
#556=ORIENTED_EDGE('',*,*,#809,.F.);
#557=ORIENTED_EDGE('',*,*,#815,.T.);
#558=ORIENTED_EDGE('',*,*,#797,.T.);
#559=ORIENTED_EDGE('',*,*,#816,.F.);
#560=ORIENTED_EDGE('',*,*,#800,.T.);
#561=ORIENTED_EDGE('',*,*,#817,.F.);
#562=ORIENTED_EDGE('',*,*,#811,.F.);
#563=ORIENTED_EDGE('',*,*,#805,.F.);
#564=ORIENTED_EDGE('',*,*,#818,.F.);
#565=ORIENTED_EDGE('',*,*,#788,.T.);
#566=ORIENTED_EDGE('',*,*,#819,.T.);
#567=ORIENTED_EDGE('',*,*,#808,.T.);
#568=ORIENTED_EDGE('',*,*,#820,.F.);
#569=ORIENTED_EDGE('',*,*,#789,.F.);
#570=ORIENTED_EDGE('',*,*,#818,.T.);
#571=ORIENTED_EDGE('',*,*,#807,.T.);
#572=ORIENTED_EDGE('',*,*,#821,.F.);
#573=ORIENTED_EDGE('',*,*,#790,.F.);
#574=ORIENTED_EDGE('',*,*,#820,.T.);
#575=ORIENTED_EDGE('',*,*,#806,.F.);
#576=ORIENTED_EDGE('',*,*,#819,.F.);
#577=ORIENTED_EDGE('',*,*,#791,.T.);
#578=ORIENTED_EDGE('',*,*,#821,.T.);
#579=ORIENTED_EDGE('',*,*,#799,.T.);
#580=ORIENTED_EDGE('',*,*,#822,.F.);
#581=ORIENTED_EDGE('',*,*,#812,.F.);
#582=ORIENTED_EDGE('',*,*,#817,.T.);
#583=ORIENTED_EDGE('',*,*,#798,.T.);
#584=ORIENTED_EDGE('',*,*,#815,.F.);
#585=ORIENTED_EDGE('',*,*,#813,.F.);
#586=ORIENTED_EDGE('',*,*,#822,.T.);
#587=ORIENTED_EDGE('',*,*,#804,.F.);
#588=ORIENTED_EDGE('',*,*,#792,.T.);
#589=ORIENTED_EDGE('',*,*,#814,.T.);
#590=ORIENTED_EDGE('',*,*,#796,.T.);
#591=ORIENTED_EDGE('',*,*,#816,.T.);
#592=ORIENTED_EDGE('',*,*,#810,.F.);
#593=ORIENTED_EDGE('',*,*,#793,.T.);
#594=ORIENTED_EDGE('',*,*,#803,.F.);
#595=ORIENTED_EDGE('',*,*,#794,.T.);
#596=ORIENTED_EDGE('',*,*,#802,.F.);
#597=ORIENTED_EDGE('',*,*,#795,.T.);
#598=ORIENTED_EDGE('',*,*,#801,.F.);
#599=EDGE_CURVE('',#823,#824,#971,.T.);
#600=EDGE_CURVE('',#824,#824,#103,.T.);
#601=EDGE_CURVE('',#823,#823,#104,.T.);
#602=EDGE_CURVE('',#825,#826,#972,.T.);
#603=EDGE_CURVE('',#825,#827,#973,.F.);
#604=EDGE_CURVE('',#827,#828,#974,.F.);
#605=EDGE_CURVE('',#826,#828,#975,.F.);
#606=EDGE_CURVE('',#829,#829,#105,.T.);
#607=EDGE_CURVE('',#830,#830,#106,.T.);
#608=EDGE_CURVE('',#831,#831,#107,.T.);
#609=EDGE_CURVE('',#832,#833,#976,.T.);
#610=EDGE_CURVE('',#832,#834,#977,.F.);
#611=EDGE_CURVE('',#834,#835,#978,.F.);
#612=EDGE_CURVE('',#833,#835,#979,.F.);
#613=EDGE_CURVE('',#825,#836,#27,.T.);
#614=EDGE_CURVE('',#826,#837,#28,.F.);
#615=EDGE_CURVE('',#838,#837,#980,.F.);
#616=EDGE_CURVE('',#839,#838,#108,.F.);
#617=EDGE_CURVE('',#840,#839,#981,.F.);
#618=EDGE_CURVE('',#840,#841,#109,.F.);
#619=EDGE_CURVE('',#836,#841,#982,.F.);
#620=EDGE_CURVE('',#827,#842,#29,.T.);
#621=EDGE_CURVE('',#843,#836,#25,.T.);
#622=EDGE_CURVE('',#843,#842,#983,.T.);
#623=EDGE_CURVE('',#844,#845,#984,.T.);
#624=EDGE_CURVE('',#837,#844,#26,.T.);
#625=EDGE_CURVE('',#828,#845,#30,.T.);
#626=EDGE_CURVE('',#827,#846,#985,.F.);
#627=EDGE_CURVE('',#846,#847,#986,.F.);
#628=EDGE_CURVE('',#828,#847,#987,.F.);
#629=EDGE_CURVE('',#848,#829,#988,.T.);
#630=EDGE_CURVE('',#848,#848,#110,.T.);
#631=EDGE_CURVE('',#849,#830,#989,.T.);
#632=EDGE_CURVE('',#849,#849,#111,.T.);
#633=EDGE_CURVE('',#831,#850,#990,.T.);
#634=EDGE_CURVE('',#850,#850,#112,.T.);
#635=EDGE_CURVE('',#851,#833,#991,.T.);
#636=EDGE_CURVE('',#852,#851,#992,.F.);
#637=EDGE_CURVE('',#852,#832,#993,.T.);
#638=EDGE_CURVE('',#852,#853,#994,.F.);
#639=EDGE_CURVE('',#853,#834,#995,.T.);
#640=EDGE_CURVE('',#854,#835,#996,.T.);
#641=EDGE_CURVE('',#851,#854,#997,.F.);
#642=EDGE_CURVE('',#853,#854,#998,.T.);
#643=EDGE_CURVE('',#855,#844,#999,.T.);
#644=EDGE_CURVE('',#855,#856,#113,.F.);
#645=EDGE_CURVE('',#857,#856,#1000,.F.);
#646=EDGE_CURVE('',#857,#858,#114,.T.);
#647=EDGE_CURVE('',#858,#843,#1001,.T.);
#648=EDGE_CURVE('',#859,#841,#1002,.T.);
#649=EDGE_CURVE('',#859,#860,#1003,.F.);
#650=EDGE_CURVE('',#860,#838,#1004,.T.);
#651=EDGE_CURVE('',#839,#861,#1005,.F.);
#652=EDGE_CURVE('',#862,#860,#1006,.T.);
#653=EDGE_CURVE('',#861,#862,#1007,.F.);
#654=EDGE_CURVE('',#863,#861,#1008,.F.);
#655=EDGE_CURVE('',#840,#863,#1009,.T.);
#656=EDGE_CURVE('',#864,#864,#115,.T.);
#657=EDGE_CURVE('',#865,#865,#116,.T.);
#658=EDGE_CURVE('',#866,#867,#1010,.F.);
#659=EDGE_CURVE('',#868,#867,#1011,.T.);
#660=EDGE_CURVE('',#869,#868,#1012,.T.);
#661=EDGE_CURVE('',#866,#869,#1013,.F.);
#662=EDGE_CURVE('',#863,#870,#1014,.T.);
#663=EDGE_CURVE('',#870,#859,#1015,.T.);
#664=EDGE_CURVE('',#846,#871,#117,.T.);
#665=EDGE_CURVE('',#842,#871,#1016,.T.);
#666=EDGE_CURVE('',#871,#858,#1017,.T.);
#667=EDGE_CURVE('',#845,#872,#1018,.T.);
#668=EDGE_CURVE('',#872,#855,#1019,.T.);
#669=EDGE_CURVE('',#872,#847,#118,.F.);
#670=EDGE_CURVE('',#873,#846,#119,.T.);
#671=EDGE_CURVE('',#873,#874,#1020,.T.);
#672=EDGE_CURVE('',#847,#874,#120,.T.);
#673=EDGE_CURVE('',#874,#872,#121,.T.);
#674=EDGE_CURVE('',#874,#856,#1021,.F.);
#675=EDGE_CURVE('',#875,#876,#1022,.F.);
#676=EDGE_CURVE('',#876,#877,#1023,.F.);
#677=EDGE_CURVE('',#877,#878,#1024,.T.);
#678=EDGE_CURVE('',#878,#875,#1025,.T.);
#679=EDGE_CURVE('',#873,#857,#1026,.T.);
#680=EDGE_CURVE('',#871,#873,#122,.F.);
#681=EDGE_CURVE('',#870,#862,#1027,.F.);
#682=EDGE_CURVE('',#879,#880,#1028,.F.);
#683=EDGE_CURVE('',#879,#881,#1029,.F.);
#684=EDGE_CURVE('',#881,#882,#1030,.T.);
#685=EDGE_CURVE('',#880,#882,#1031,.F.);
#686=EDGE_CURVE('',#883,#884,#1032,.F.);
#687=EDGE_CURVE('',#884,#885,#1033,.F.);
#688=EDGE_CURVE('',#885,#886,#1034,.T.);
#689=EDGE_CURVE('',#886,#883,#1035,.T.);
#690=EDGE_CURVE('',#887,#888,#1036,.F.);
#691=EDGE_CURVE('',#888,#889,#1037,.F.);
#692=EDGE_CURVE('',#889,#890,#1038,.T.);
#693=EDGE_CURVE('',#890,#887,#1039,.T.);
#694=EDGE_CURVE('',#891,#892,#1040,.F.);
#695=EDGE_CURVE('',#892,#893,#1041,.F.);
#696=EDGE_CURVE('',#893,#894,#1042,.T.);
#697=EDGE_CURVE('',#894,#891,#1043,.T.);
#698=EDGE_CURVE('',#895,#896,#1044,.F.);
#699=EDGE_CURVE('',#896,#897,#1045,.F.);
#700=EDGE_CURVE('',#897,#898,#1046,.T.);
#701=EDGE_CURVE('',#898,#895,#1047,.T.);
#702=EDGE_CURVE('',#899,#864,#1048,.T.);
#703=EDGE_CURVE('',#899,#899,#123,.T.);
#704=EDGE_CURVE('',#900,#865,#1049,.T.);
#705=EDGE_CURVE('',#900,#900,#124,.T.);
#706=EDGE_CURVE('',#866,#901,#1050,.T.);
#707=EDGE_CURVE('',#869,#902,#1051,.F.);
#708=EDGE_CURVE('',#901,#902,#1052,.F.);
#709=EDGE_CURVE('',#901,#903,#1053,.T.);
#710=EDGE_CURVE('',#903,#904,#1054,.T.);
#711=EDGE_CURVE('',#904,#905,#1055,.T.);
#712=EDGE_CURVE('',#905,#867,#1056,.T.);
#713=EDGE_CURVE('',#906,#868,#1057,.F.);
#714=EDGE_CURVE('',#907,#906,#1058,.F.);
#715=EDGE_CURVE('',#908,#907,#1059,.F.);
#716=EDGE_CURVE('',#902,#908,#1060,.F.);
#717=EDGE_CURVE('',#905,#906,#1061,.F.);
#718=EDGE_CURVE('',#875,#909,#1062,.T.);
#719=EDGE_CURVE('',#910,#909,#1063,.T.);
#720=EDGE_CURVE('',#876,#910,#1064,.T.);
#721=EDGE_CURVE('',#877,#911,#1065,.T.);
#722=EDGE_CURVE('',#911,#910,#1066,.F.);
#723=EDGE_CURVE('',#912,#878,#1067,.T.);
#724=EDGE_CURVE('',#912,#911,#1068,.F.);
#725=EDGE_CURVE('',#909,#912,#1069,.T.);
#726=EDGE_CURVE('',#880,#909,#1070,.F.);
#727=EDGE_CURVE('',#879,#912,#1071,.T.);
#728=EDGE_CURVE('',#881,#911,#1072,.F.);
#729=EDGE_CURVE('',#882,#910,#1073,.T.);
#730=EDGE_CURVE('',#913,#883,#1074,.F.);
#731=EDGE_CURVE('',#913,#914,#1075,.F.);
#732=EDGE_CURVE('',#914,#884,#1076,.F.);
#733=EDGE_CURVE('',#914,#915,#1077,.F.);
#734=EDGE_CURVE('',#915,#885,#1078,.F.);
#735=EDGE_CURVE('',#915,#916,#1079,.F.);
#736=EDGE_CURVE('',#916,#886,#1080,.F.);
#737=EDGE_CURVE('',#916,#913,#1081,.F.);
#738=EDGE_CURVE('',#917,#887,#1082,.F.);
#739=EDGE_CURVE('',#917,#918,#1083,.F.);
#740=EDGE_CURVE('',#918,#888,#1084,.F.);
#741=EDGE_CURVE('',#918,#919,#1085,.F.);
#742=EDGE_CURVE('',#919,#889,#1086,.F.);
#743=EDGE_CURVE('',#919,#920,#1087,.F.);
#744=EDGE_CURVE('',#920,#890,#1088,.F.);
#745=EDGE_CURVE('',#920,#917,#1089,.F.);
#746=EDGE_CURVE('',#921,#891,#1090,.F.);
#747=EDGE_CURVE('',#921,#922,#1091,.F.);
#748=EDGE_CURVE('',#922,#892,#1092,.F.);
#749=EDGE_CURVE('',#922,#923,#1093,.F.);
#750=EDGE_CURVE('',#923,#893,#1094,.F.);
#751=EDGE_CURVE('',#923,#924,#1095,.F.);
#752=EDGE_CURVE('',#924,#894,#1096,.F.);
#753=EDGE_CURVE('',#924,#921,#1097,.F.);
#754=EDGE_CURVE('',#925,#895,#1098,.F.);
#755=EDGE_CURVE('',#925,#926,#1099,.F.);
#756=EDGE_CURVE('',#926,#896,#1100,.F.);
#757=EDGE_CURVE('',#926,#927,#1101,.F.);
#758=EDGE_CURVE('',#927,#897,#1102,.F.);
#759=EDGE_CURVE('',#927,#928,#1103,.F.);
#760=EDGE_CURVE('',#928,#898,#1104,.F.);
#761=EDGE_CURVE('',#928,#925,#1105,.F.);
#762=EDGE_CURVE('',#903,#908,#1106,.F.);
#763=EDGE_CURVE('',#904,#907,#1107,.F.);
#764=EDGE_CURVE('',#929,#929,#125,.F.);
#765=EDGE_CURVE('',#930,#930,#126,.F.);
#766=EDGE_CURVE('',#931,#931,#127,.F.);
#767=EDGE_CURVE('',#932,#932,#128,.F.);
#768=EDGE_CURVE('',#933,#929,#1108,.T.);
#769=EDGE_CURVE('',#933,#933,#129,.F.);
#770=EDGE_CURVE('',#934,#930,#1109,.T.);
#771=EDGE_CURVE('',#934,#934,#130,.F.);
#772=EDGE_CURVE('',#935,#931,#1110,.T.);
#773=EDGE_CURVE('',#935,#935,#131,.F.);
#774=EDGE_CURVE('',#936,#932,#1111,.T.);
#775=EDGE_CURVE('',#936,#936,#132,.F.);
#776=EDGE_CURVE('',#937,#937,#133,.F.);
#777=EDGE_CURVE('',#938,#938,#134,.F.);
#778=EDGE_CURVE('',#939,#939,#135,.F.);
#779=EDGE_CURVE('',#940,#940,#136,.F.);
#780=EDGE_CURVE('',#941,#937,#1112,.T.);
#781=EDGE_CURVE('',#941,#941,#137,.F.);
#782=EDGE_CURVE('',#942,#938,#1113,.T.);
#783=EDGE_CURVE('',#942,#942,#138,.F.);
#784=EDGE_CURVE('',#943,#939,#1114,.T.);
#785=EDGE_CURVE('',#943,#943,#139,.F.);
#786=EDGE_CURVE('',#944,#940,#1115,.T.);
#787=EDGE_CURVE('',#944,#944,#140,.F.);
#788=EDGE_CURVE('',#945,#946,#1116,.T.);
#789=EDGE_CURVE('',#945,#947,#1117,.T.);
#790=EDGE_CURVE('',#947,#948,#1118,.T.);
#791=EDGE_CURVE('',#946,#948,#1119,.T.);
#792=EDGE_CURVE('',#949,#949,#141,.T.);
#793=EDGE_CURVE('',#950,#950,#142,.T.);
#794=EDGE_CURVE('',#951,#951,#143,.T.);
#795=EDGE_CURVE('',#952,#952,#144,.T.);
#796=EDGE_CURVE('',#953,#954,#145,.T.);
#797=EDGE_CURVE('',#955,#953,#1120,.T.);
#798=EDGE_CURVE('',#956,#955,#1121,.T.);
#799=EDGE_CURVE('',#957,#956,#1122,.T.);
#800=EDGE_CURVE('',#954,#957,#1123,.T.);
#801=EDGE_CURVE('',#958,#958,#146,.T.);
#802=EDGE_CURVE('',#959,#959,#147,.T.);
#803=EDGE_CURVE('',#960,#960,#148,.T.);
#804=EDGE_CURVE('',#961,#961,#149,.T.);
#805=EDGE_CURVE('',#962,#963,#1124,.T.);
#806=EDGE_CURVE('',#963,#964,#1125,.T.);
#807=EDGE_CURVE('',#965,#964,#1126,.T.);
#808=EDGE_CURVE('',#962,#965,#1127,.T.);
#809=EDGE_CURVE('',#966,#967,#1128,.T.);
#810=EDGE_CURVE('',#967,#968,#150,.T.);
#811=EDGE_CURVE('',#968,#969,#1129,.T.);
#812=EDGE_CURVE('',#969,#970,#1130,.T.);
#813=EDGE_CURVE('',#970,#966,#1131,.T.);
#814=EDGE_CURVE('',#967,#953,#1132,.F.);
#815=EDGE_CURVE('',#966,#955,#1133,.T.);
#816=EDGE_CURVE('',#954,#968,#1134,.T.);
#817=EDGE_CURVE('',#969,#957,#1135,.T.);
#818=EDGE_CURVE('',#945,#962,#1136,.T.);
#819=EDGE_CURVE('',#946,#963,#1137,.T.);
#820=EDGE_CURVE('',#947,#965,#1138,.T.);
#821=EDGE_CURVE('',#948,#964,#1139,.T.);
#822=EDGE_CURVE('',#970,#956,#1140,.T.);
#823=VERTEX_POINT('',#2385);
#824=VERTEX_POINT('',#2386);
#825=VERTEX_POINT('',#2391);
#826=VERTEX_POINT('',#2392);
#827=VERTEX_POINT('',#2394);
#828=VERTEX_POINT('',#2396);
#829=VERTEX_POINT('',#2399);
#830=VERTEX_POINT('',#2401);
#831=VERTEX_POINT('',#2403);
#832=VERTEX_POINT('',#2405);
#833=VERTEX_POINT('',#2406);
#834=VERTEX_POINT('',#2408);
#835=VERTEX_POINT('',#2410);
#836=VERTEX_POINT('',#2415);
#837=VERTEX_POINT('',#2417);
#838=VERTEX_POINT('',#2419);
#839=VERTEX_POINT('',#2421);
#840=VERTEX_POINT('',#2423);
#841=VERTEX_POINT('',#2425);
#842=VERTEX_POINT('',#2429);
#843=VERTEX_POINT('',#2433);
#844=VERTEX_POINT('',#2437);
#845=VERTEX_POINT('',#2438);
#846=VERTEX_POINT('',#2445);
#847=VERTEX_POINT('',#2447);
#848=VERTEX_POINT('',#2451);
#849=VERTEX_POINT('',#2455);
#850=VERTEX_POINT('',#2459);
#851=VERTEX_POINT('',#2463);
#852=VERTEX_POINT('',#2465);
#853=VERTEX_POINT('',#2469);
#854=VERTEX_POINT('',#2473);
#855=VERTEX_POINT('',#2479);
#856=VERTEX_POINT('',#2481);
#857=VERTEX_POINT('',#2483);
#858=VERTEX_POINT('',#2485);
#859=VERTEX_POINT('',#2488);
#860=VERTEX_POINT('',#2490);
#861=VERTEX_POINT('',#2494);
#862=VERTEX_POINT('',#2496);
#863=VERTEX_POINT('',#2500);
#864=VERTEX_POINT('',#2503);
#865=VERTEX_POINT('',#2505);
#866=VERTEX_POINT('',#2507);
#867=VERTEX_POINT('',#2508);
#868=VERTEX_POINT('',#2510);
#869=VERTEX_POINT('',#2512);
#870=VERTEX_POINT('',#2516);
#871=VERTEX_POINT('',#2520);
#872=VERTEX_POINT('',#2526);
#873=VERTEX_POINT('',#2532);
#874=VERTEX_POINT('',#2534);
#875=VERTEX_POINT('',#2542);
#876=VERTEX_POINT('',#2543);
#877=VERTEX_POINT('',#2545);
#878=VERTEX_POINT('',#2547);
#879=VERTEX_POINT('',#2555);
#880=VERTEX_POINT('',#2556);
#881=VERTEX_POINT('',#2558);
#882=VERTEX_POINT('',#2560);
#883=VERTEX_POINT('',#2564);
#884=VERTEX_POINT('',#2565);
#885=VERTEX_POINT('',#2567);
#886=VERTEX_POINT('',#2569);
#887=VERTEX_POINT('',#2572);
#888=VERTEX_POINT('',#2573);
#889=VERTEX_POINT('',#2575);
#890=VERTEX_POINT('',#2577);
#891=VERTEX_POINT('',#2580);
#892=VERTEX_POINT('',#2581);
#893=VERTEX_POINT('',#2583);
#894=VERTEX_POINT('',#2585);
#895=VERTEX_POINT('',#2588);
#896=VERTEX_POINT('',#2589);
#897=VERTEX_POINT('',#2591);
#898=VERTEX_POINT('',#2593);
#899=VERTEX_POINT('',#2597);
#900=VERTEX_POINT('',#2601);
#901=VERTEX_POINT('',#2605);
#902=VERTEX_POINT('',#2607);
#903=VERTEX_POINT('',#2611);
#904=VERTEX_POINT('',#2613);
#905=VERTEX_POINT('',#2615);
#906=VERTEX_POINT('',#2619);
#907=VERTEX_POINT('',#2621);
#908=VERTEX_POINT('',#2623);
#909=VERTEX_POINT('',#2631);
#910=VERTEX_POINT('',#2633);
#911=VERTEX_POINT('',#2637);
#912=VERTEX_POINT('',#2641);
#913=VERTEX_POINT('',#2655);
#914=VERTEX_POINT('',#2657);
#915=VERTEX_POINT('',#2661);
#916=VERTEX_POINT('',#2665);
#917=VERTEX_POINT('',#2671);
#918=VERTEX_POINT('',#2673);
#919=VERTEX_POINT('',#2677);
#920=VERTEX_POINT('',#2681);
#921=VERTEX_POINT('',#2687);
#922=VERTEX_POINT('',#2689);
#923=VERTEX_POINT('',#2693);
#924=VERTEX_POINT('',#2697);
#925=VERTEX_POINT('',#2703);
#926=VERTEX_POINT('',#2705);
#927=VERTEX_POINT('',#2709);
#928=VERTEX_POINT('',#2713);
#929=VERTEX_POINT('',#2726);
#930=VERTEX_POINT('',#2729);
#931=VERTEX_POINT('',#2732);
#932=VERTEX_POINT('',#2735);
#933=VERTEX_POINT('',#2738);
#934=VERTEX_POINT('',#2742);
#935=VERTEX_POINT('',#2746);
#936=VERTEX_POINT('',#2750);
#937=VERTEX_POINT('',#2754);
#938=VERTEX_POINT('',#2757);
#939=VERTEX_POINT('',#2760);
#940=VERTEX_POINT('',#2763);
#941=VERTEX_POINT('',#2766);
#942=VERTEX_POINT('',#2770);
#943=VERTEX_POINT('',#2774);
#944=VERTEX_POINT('',#2778);
#945=VERTEX_POINT('',#2787);
#946=VERTEX_POINT('',#2788);
#947=VERTEX_POINT('',#2790);
#948=VERTEX_POINT('',#2792);
#949=VERTEX_POINT('',#2795);
#950=VERTEX_POINT('',#2797);
#951=VERTEX_POINT('',#2799);
#952=VERTEX_POINT('',#2801);
#953=VERTEX_POINT('',#2803);
#954=VERTEX_POINT('',#2804);
#955=VERTEX_POINT('',#2806);
#956=VERTEX_POINT('',#2808);
#957=VERTEX_POINT('',#2810);
#958=VERTEX_POINT('',#2814);
#959=VERTEX_POINT('',#2816);
#960=VERTEX_POINT('',#2818);
#961=VERTEX_POINT('',#2820);
#962=VERTEX_POINT('',#2822);
#963=VERTEX_POINT('',#2823);
#964=VERTEX_POINT('',#2825);
#965=VERTEX_POINT('',#2827);
#966=VERTEX_POINT('',#2830);
#967=VERTEX_POINT('',#2831);
#968=VERTEX_POINT('',#2833);
#969=VERTEX_POINT('',#2835);
#970=VERTEX_POINT('',#2837);
#971=LINE('',#2384,#1141);
#972=LINE('',#2390,#1142);
#973=LINE('',#2393,#1143);
#974=LINE('',#2395,#1144);
#975=LINE('',#2397,#1145);
#976=LINE('',#2404,#1146);
#977=LINE('',#2407,#1147);
#978=LINE('',#2409,#1148);
#979=LINE('',#2411,#1149);
#980=LINE('',#2418,#1150);
#981=LINE('',#2422,#1151);
#982=LINE('',#2426,#1152);
#983=LINE('',#2434,#1153);
#984=LINE('',#2436,#1154);
#985=LINE('',#2444,#1155);
#986=LINE('',#2446,#1156);
#987=LINE('',#2448,#1157);
#988=LINE('',#2450,#1158);
#989=LINE('',#2454,#1159);
#990=LINE('',#2458,#1160);
#991=LINE('',#2462,#1161);
#992=LINE('',#2464,#1162);
#993=LINE('',#2466,#1163);
#994=LINE('',#2468,#1164);
#995=LINE('',#2470,#1165);
#996=LINE('',#2472,#1166);
#997=LINE('',#2474,#1167);
#998=LINE('',#2476,#1168);
#999=LINE('',#2478,#1169);
#1000=LINE('',#2482,#1170);
#1001=LINE('',#2486,#1171);
#1002=LINE('',#2487,#1172);
#1003=LINE('',#2489,#1173);
#1004=LINE('',#2491,#1174);
#1005=LINE('',#2493,#1175);
#1006=LINE('',#2495,#1176);
#1007=LINE('',#2497,#1177);
#1008=LINE('',#2499,#1178);
#1009=LINE('',#2501,#1179);
#1010=LINE('',#2506,#1180);
#1011=LINE('',#2509,#1181);
#1012=LINE('',#2511,#1182);
#1013=LINE('',#2513,#1183);
#1014=LINE('',#2515,#1184);
#1015=LINE('',#2517,#1185);
#1016=LINE('',#2521,#1186);
#1017=LINE('',#2523,#1187);
#1018=LINE('',#2525,#1188);
#1019=LINE('',#2527,#1189);
#1020=LINE('',#2533,#1190);
#1021=LINE('',#2539,#1191);
#1022=LINE('',#2541,#1192);
#1023=LINE('',#2544,#1193);
#1024=LINE('',#2546,#1194);
#1025=LINE('',#2548,#1195);
#1026=LINE('',#2549,#1196);
#1027=LINE('',#2553,#1197);
#1028=LINE('',#2554,#1198);
#1029=LINE('',#2557,#1199);
#1030=LINE('',#2559,#1200);
#1031=LINE('',#2561,#1201);
#1032=LINE('',#2563,#1202);
#1033=LINE('',#2566,#1203);
#1034=LINE('',#2568,#1204);
#1035=LINE('',#2570,#1205);
#1036=LINE('',#2571,#1206);
#1037=LINE('',#2574,#1207);
#1038=LINE('',#2576,#1208);
#1039=LINE('',#2578,#1209);
#1040=LINE('',#2579,#1210);
#1041=LINE('',#2582,#1211);
#1042=LINE('',#2584,#1212);
#1043=LINE('',#2586,#1213);
#1044=LINE('',#2587,#1214);
#1045=LINE('',#2590,#1215);
#1046=LINE('',#2592,#1216);
#1047=LINE('',#2594,#1217);
#1048=LINE('',#2596,#1218);
#1049=LINE('',#2600,#1219);
#1050=LINE('',#2604,#1220);
#1051=LINE('',#2606,#1221);
#1052=LINE('',#2608,#1222);
#1053=LINE('',#2610,#1223);
#1054=LINE('',#2612,#1224);
#1055=LINE('',#2614,#1225);
#1056=LINE('',#2616,#1226);
#1057=LINE('',#2618,#1227);
#1058=LINE('',#2620,#1228);
#1059=LINE('',#2622,#1229);
#1060=LINE('',#2624,#1230);
#1061=LINE('',#2626,#1231);
#1062=LINE('',#2630,#1232);
#1063=LINE('',#2632,#1233);
#1064=LINE('',#2634,#1234);
#1065=LINE('',#2636,#1235);
#1066=LINE('',#2638,#1236);
#1067=LINE('',#2640,#1237);
#1068=LINE('',#2642,#1238);
#1069=LINE('',#2644,#1239);
#1070=LINE('',#2646,#1240);
#1071=LINE('',#2647,#1241);
#1072=LINE('',#2649,#1242);
#1073=LINE('',#2651,#1243);
#1074=LINE('',#2654,#1244);
#1075=LINE('',#2656,#1245);
#1076=LINE('',#2658,#1246);
#1077=LINE('',#2660,#1247);
#1078=LINE('',#2662,#1248);
#1079=LINE('',#2664,#1249);
#1080=LINE('',#2666,#1250);
#1081=LINE('',#2668,#1251);
#1082=LINE('',#2670,#1252);
#1083=LINE('',#2672,#1253);
#1084=LINE('',#2674,#1254);
#1085=LINE('',#2676,#1255);
#1086=LINE('',#2678,#1256);
#1087=LINE('',#2680,#1257);
#1088=LINE('',#2682,#1258);
#1089=LINE('',#2684,#1259);
#1090=LINE('',#2686,#1260);
#1091=LINE('',#2688,#1261);
#1092=LINE('',#2690,#1262);
#1093=LINE('',#2692,#1263);
#1094=LINE('',#2694,#1264);
#1095=LINE('',#2696,#1265);
#1096=LINE('',#2698,#1266);
#1097=LINE('',#2700,#1267);
#1098=LINE('',#2702,#1268);
#1099=LINE('',#2704,#1269);
#1100=LINE('',#2706,#1270);
#1101=LINE('',#2708,#1271);
#1102=LINE('',#2710,#1272);
#1103=LINE('',#2712,#1273);
#1104=LINE('',#2714,#1274);
#1105=LINE('',#2716,#1275);
#1106=LINE('',#2720,#1276);
#1107=LINE('',#2722,#1277);
#1108=LINE('',#2737,#1278);
#1109=LINE('',#2741,#1279);
#1110=LINE('',#2745,#1280);
#1111=LINE('',#2749,#1281);
#1112=LINE('',#2765,#1282);
#1113=LINE('',#2769,#1283);
#1114=LINE('',#2773,#1284);
#1115=LINE('',#2777,#1285);
#1116=LINE('',#2786,#1286);
#1117=LINE('',#2789,#1287);
#1118=LINE('',#2791,#1288);
#1119=LINE('',#2793,#1289);
#1120=LINE('',#2805,#1290);
#1121=LINE('',#2807,#1291);
#1122=LINE('',#2809,#1292);
#1123=LINE('',#2811,#1293);
#1124=LINE('',#2821,#1294);
#1125=LINE('',#2824,#1295);
#1126=LINE('',#2826,#1296);
#1127=LINE('',#2828,#1297);
#1128=LINE('',#2829,#1298);
#1129=LINE('',#2834,#1299);
#1130=LINE('',#2836,#1300);
#1131=LINE('',#2838,#1301);
#1132=LINE('',#2840,#1302);
#1133=LINE('',#2841,#1303);
#1134=LINE('',#2843,#1304);
#1135=LINE('',#2844,#1305);
#1136=LINE('',#2846,#1306);
#1137=LINE('',#2847,#1307);
#1138=LINE('',#2849,#1308);
#1139=LINE('',#2851,#1309);
#1140=LINE('',#2854,#1310);
#1141=VECTOR('',#1904,1.);
#1142=VECTOR('',#1911,1.);
#1143=VECTOR('',#1912,1.);
#1144=VECTOR('',#1913,1.);
#1145=VECTOR('',#1914,1.);
#1146=VECTOR('',#1921,1.);
#1147=VECTOR('',#1922,1.);
#1148=VECTOR('',#1923,1.);
#1149=VECTOR('',#1924,1.);
#1150=VECTOR('',#1933,1.);
#1151=VECTOR('',#1936,1.);
#1152=VECTOR('',#1939,1.);
#1153=VECTOR('',#1944,1.);
#1154=VECTOR('',#1947,1.);
#1155=VECTOR('',#1952,1.);
#1156=VECTOR('',#1953,1.);
#1157=VECTOR('',#1954,1.);
#1158=VECTOR('',#1957,1.);
#1159=VECTOR('',#1962,1.);
#1160=VECTOR('',#1967,1.);
#1161=VECTOR('',#1972,1.);
#1162=VECTOR('',#1973,1.);
#1163=VECTOR('',#1974,1.);
#1164=VECTOR('',#1977,1.);
#1165=VECTOR('',#1978,1.);
#1166=VECTOR('',#1981,1.);
#1167=VECTOR('',#1982,1.);
#1168=VECTOR('',#1985,1.);
#1169=VECTOR('',#1988,1.);
#1170=VECTOR('',#1991,1.);
#1171=VECTOR('',#1994,1.);
#1172=VECTOR('',#1995,1.);
#1173=VECTOR('',#1996,1.);
#1174=VECTOR('',#1997,1.);
#1175=VECTOR('',#2000,1.);
#1176=VECTOR('',#2001,1.);
#1177=VECTOR('',#2002,1.);
#1178=VECTOR('',#2005,1.);
#1179=VECTOR('',#2006,1.);
#1180=VECTOR('',#2011,1.);
#1181=VECTOR('',#2012,1.);
#1182=VECTOR('',#2013,1.);
#1183=VECTOR('',#2014,1.);
#1184=VECTOR('',#2017,1.);
#1185=VECTOR('',#2018,1.);
#1186=VECTOR('',#2023,1.);
#1187=VECTOR('',#2026,1.);
#1188=VECTOR('',#2029,1.);
#1189=VECTOR('',#2030,1.);
#1190=VECTOR('',#2039,1.);
#1191=VECTOR('',#2048,1.);
#1192=VECTOR('',#2051,1.);
#1193=VECTOR('',#2052,1.);
#1194=VECTOR('',#2053,1.);
#1195=VECTOR('',#2054,1.);
#1196=VECTOR('',#2055,1.);
#1197=VECTOR('',#2062,1.);
#1198=VECTOR('',#2063,1.);
#1199=VECTOR('',#2064,1.);
#1200=VECTOR('',#2065,1.);
#1201=VECTOR('',#2066,1.);
#1202=VECTOR('',#2069,1.);
#1203=VECTOR('',#2070,1.);
#1204=VECTOR('',#2071,1.);
#1205=VECTOR('',#2072,1.);
#1206=VECTOR('',#2073,1.);
#1207=VECTOR('',#2074,1.);
#1208=VECTOR('',#2075,1.);
#1209=VECTOR('',#2076,1.);
#1210=VECTOR('',#2077,1.);
#1211=VECTOR('',#2078,1.);
#1212=VECTOR('',#2079,1.);
#1213=VECTOR('',#2080,1.);
#1214=VECTOR('',#2081,1.);
#1215=VECTOR('',#2082,1.);
#1216=VECTOR('',#2083,1.);
#1217=VECTOR('',#2084,1.);
#1218=VECTOR('',#2087,1.);
#1219=VECTOR('',#2092,1.);
#1220=VECTOR('',#2097,1.);
#1221=VECTOR('',#2098,1.);
#1222=VECTOR('',#2099,1.);
#1223=VECTOR('',#2102,1.);
#1224=VECTOR('',#2103,1.);
#1225=VECTOR('',#2104,1.);
#1226=VECTOR('',#2105,1.);
#1227=VECTOR('',#2108,1.);
#1228=VECTOR('',#2109,1.);
#1229=VECTOR('',#2110,1.);
#1230=VECTOR('',#2111,1.);
#1231=VECTOR('',#2114,1.);
#1232=VECTOR('',#2121,1.);
#1233=VECTOR('',#2122,1.);
#1234=VECTOR('',#2123,1.);
#1235=VECTOR('',#2126,1.);
#1236=VECTOR('',#2127,1.);
#1237=VECTOR('',#2130,1.);
#1238=VECTOR('',#2131,1.);
#1239=VECTOR('',#2134,1.);
#1240=VECTOR('',#2137,1.);
#1241=VECTOR('',#2138,1.);
#1242=VECTOR('',#2141,1.);
#1243=VECTOR('',#2144,1.);
#1244=VECTOR('',#2149,1.);
#1245=VECTOR('',#2150,1.);
#1246=VECTOR('',#2151,1.);
#1247=VECTOR('',#2154,1.);
#1248=VECTOR('',#2155,1.);
#1249=VECTOR('',#2158,1.);
#1250=VECTOR('',#2159,1.);
#1251=VECTOR('',#2162,1.);
#1252=VECTOR('',#2165,1.);
#1253=VECTOR('',#2166,1.);
#1254=VECTOR('',#2167,1.);
#1255=VECTOR('',#2170,1.);
#1256=VECTOR('',#2171,1.);
#1257=VECTOR('',#2174,1.);
#1258=VECTOR('',#2175,1.);
#1259=VECTOR('',#2178,1.);
#1260=VECTOR('',#2181,1.);
#1261=VECTOR('',#2182,1.);
#1262=VECTOR('',#2183,1.);
#1263=VECTOR('',#2186,1.);
#1264=VECTOR('',#2187,1.);
#1265=VECTOR('',#2190,1.);
#1266=VECTOR('',#2191,1.);
#1267=VECTOR('',#2194,1.);
#1268=VECTOR('',#2197,1.);
#1269=VECTOR('',#2198,1.);
#1270=VECTOR('',#2199,1.);
#1271=VECTOR('',#2202,1.);
#1272=VECTOR('',#2203,1.);
#1273=VECTOR('',#2206,1.);
#1274=VECTOR('',#2207,1.);
#1275=VECTOR('',#2210,1.);
#1276=VECTOR('',#2217,1.);
#1277=VECTOR('',#2220,1.);
#1278=VECTOR('',#2241,1.);
#1279=VECTOR('',#2246,1.);
#1280=VECTOR('',#2251,1.);
#1281=VECTOR('',#2256,1.);
#1282=VECTOR('',#2277,1.);
#1283=VECTOR('',#2282,1.);
#1284=VECTOR('',#2287,1.);
#1285=VECTOR('',#2292,1.);
#1286=VECTOR('',#2307,1.);
#1287=VECTOR('',#2308,1.);
#1288=VECTOR('',#2309,1.);
#1289=VECTOR('',#2310,1.);
#1290=VECTOR('',#2321,1.);
#1291=VECTOR('',#2322,1.);
#1292=VECTOR('',#2323,1.);
#1293=VECTOR('',#2324,1.);
#1294=VECTOR('',#2335,1.);
#1295=VECTOR('',#2336,1.);
#1296=VECTOR('',#2337,1.);
#1297=VECTOR('',#2338,1.);
#1298=VECTOR('',#2339,1.);
#1299=VECTOR('',#2342,1.);
#1300=VECTOR('',#2343,1.);
#1301=VECTOR('',#2344,1.);
#1302=VECTOR('',#2347,1.);
#1303=VECTOR('',#2348,1.);
#1304=VECTOR('',#2351,1.);
#1305=VECTOR('',#2352,1.);
#1306=VECTOR('',#2355,1.);
#1307=VECTOR('',#2356,1.);
#1308=VECTOR('',#2359,1.);
#1309=VECTOR('',#2362,1.);
#1310=VECTOR('',#2367,1.);
#1311=EDGE_LOOP('',(#151,#152,#153,#154));
#1312=EDGE_LOOP('',(#155,#156,#157,#158));
#1313=EDGE_LOOP('',(#159));
#1314=EDGE_LOOP('',(#160));
#1315=EDGE_LOOP('',(#161));
#1316=EDGE_LOOP('',(#162));
#1317=EDGE_LOOP('',(#163,#164,#165,#166));
#1318=EDGE_LOOP('',(#167));
#1319=EDGE_LOOP('',(#168,#169,#170,#171,#172,#173,#174,#175));
#1320=EDGE_LOOP('',(#176,#177,#178,#179,#180));
#1321=EDGE_LOOP('',(#181,#182,#183,#184,#185));
#1322=EDGE_LOOP('',(#186,#187,#188,#189));
#1323=EDGE_LOOP('',(#190,#191,#192,#193));
#1324=EDGE_LOOP('',(#194,#195,#196,#197));
#1325=EDGE_LOOP('',(#198,#199,#200,#201));
#1326=EDGE_LOOP('',(#202,#203,#204,#205));
#1327=EDGE_LOOP('',(#206,#207,#208,#209));
#1328=EDGE_LOOP('',(#210,#211,#212,#213));
#1329=EDGE_LOOP('',(#214,#215,#216,#217));
#1330=EDGE_LOOP('',(#218,#219,#220,#221,#222,#223,#224,#225,#226,#227,#228,
#229));
#1331=EDGE_LOOP('',(#230,#231,#232,#233,#234));
#1332=EDGE_LOOP('',(#235,#236,#237,#238));
#1333=EDGE_LOOP('',(#239));
#1334=EDGE_LOOP('',(#240));
#1335=EDGE_LOOP('',(#241));
#1336=EDGE_LOOP('',(#242));
#1337=EDGE_LOOP('',(#243,#244,#245,#246));
#1338=EDGE_LOOP('',(#247,#248,#249,#250));
#1339=EDGE_LOOP('',(#251,#252,#253,#254,#255));
#1340=EDGE_LOOP('',(#256,#257,#258,#259));
#1341=EDGE_LOOP('',(#260,#261,#262,#263));
#1342=EDGE_LOOP('',(#264,#265,#266,#267));
#1343=EDGE_LOOP('',(#268,#269,#270,#271));
#1344=EDGE_LOOP('',(#272,#273,#274,#275));
#1345=EDGE_LOOP('',(#276));
#1346=EDGE_LOOP('',(#277,#278,#279,#280));
#1347=EDGE_LOOP('',(#281,#282,#283,#284));
#1348=EDGE_LOOP('',(#285,#286,#287,#288));
#1349=EDGE_LOOP('',(#289,#290,#291,#292));
#1350=EDGE_LOOP('',(#293,#294,#295,#296));
#1351=EDGE_LOOP('',(#297,#298,#299,#300));
#1352=EDGE_LOOP('',(#301,#302,#303,#304));
#1353=EDGE_LOOP('',(#305,#306,#307,#308));
#1354=EDGE_LOOP('',(#309,#310,#311,#312));
#1355=EDGE_LOOP('',(#313,#314,#315,#316));
#1356=EDGE_LOOP('',(#317,#318,#319,#320));
#1357=EDGE_LOOP('',(#321,#322,#323,#324));
#1358=EDGE_LOOP('',(#325,#326,#327,#328));
#1359=EDGE_LOOP('',(#329,#330,#331,#332));
#1360=EDGE_LOOP('',(#333,#334,#335,#336,#337,#338));
#1361=EDGE_LOOP('',(#339,#340,#341,#342,#343,#344));
#1362=EDGE_LOOP('',(#345,#346,#347,#348));
#1363=EDGE_LOOP('',(#349,#350,#351));
#1364=EDGE_LOOP('',(#352,#353,#354));
#1365=EDGE_LOOP('',(#355,#356,#357,#358));
#1366=EDGE_LOOP('',(#359,#360,#361,#362));
#1367=EDGE_LOOP('',(#363,#364,#365,#366));
#1368=EDGE_LOOP('',(#367,#368,#369,#370));
#1369=EDGE_LOOP('',(#371,#372,#373,#374));
#1370=EDGE_LOOP('',(#375,#376,#377,#378));
#1371=EDGE_LOOP('',(#379,#380,#381,#382));
#1372=EDGE_LOOP('',(#383,#384,#385,#386));
#1373=EDGE_LOOP('',(#387,#388,#389,#390));
#1374=EDGE_LOOP('',(#391,#392,#393,#394));
#1375=EDGE_LOOP('',(#395,#396,#397,#398));
#1376=EDGE_LOOP('',(#399,#400,#401,#402));
#1377=EDGE_LOOP('',(#403,#404,#405,#406));
#1378=EDGE_LOOP('',(#407,#408,#409,#410));
#1379=EDGE_LOOP('',(#411,#412,#413,#414));
#1380=EDGE_LOOP('',(#415,#416,#417,#418));
#1381=EDGE_LOOP('',(#419,#420,#421,#422));
#1382=EDGE_LOOP('',(#423,#424,#425,#426));
#1383=EDGE_LOOP('',(#427,#428,#429,#430));
#1384=EDGE_LOOP('',(#431,#432,#433,#434));
#1385=EDGE_LOOP('',(#435,#436,#437,#438));
#1386=EDGE_LOOP('',(#439,#440,#441,#442));
#1387=EDGE_LOOP('',(#443,#444,#445,#446));
#1388=EDGE_LOOP('',(#447,#448,#449,#450));
#1389=EDGE_LOOP('',(#451));
#1390=EDGE_LOOP('',(#452));
#1391=EDGE_LOOP('',(#453,#454,#455,#456));
#1392=EDGE_LOOP('',(#457,#458,#459,#460));
#1393=EDGE_LOOP('',(#461,#462,#463,#464));
#1394=EDGE_LOOP('',(#465));
#1395=EDGE_LOOP('',(#466,#467,#468,#469));
#1396=EDGE_LOOP('',(#470));
#1397=EDGE_LOOP('',(#471,#472,#473,#474));
#1398=EDGE_LOOP('',(#475));
#1399=EDGE_LOOP('',(#476,#477,#478,#479));
#1400=EDGE_LOOP('',(#480));
#1401=EDGE_LOOP('',(#481,#482,#483,#484));
#1402=EDGE_LOOP('',(#485,#486,#487,#488));
#1403=EDGE_LOOP('',(#489,#490,#491,#492));
#1404=EDGE_LOOP('',(#493,#494,#495,#496));
#1405=EDGE_LOOP('',(#497,#498,#499,#500));
#1406=EDGE_LOOP('',(#501));
#1407=EDGE_LOOP('',(#502));
#1408=EDGE_LOOP('',(#503));
#1409=EDGE_LOOP('',(#504));
#1410=EDGE_LOOP('',(#505));
#1411=EDGE_LOOP('',(#506));
#1412=EDGE_LOOP('',(#507));
#1413=EDGE_LOOP('',(#508));
#1414=EDGE_LOOP('',(#509,#510,#511,#512));
#1415=EDGE_LOOP('',(#513,#514,#515,#516));
#1416=EDGE_LOOP('',(#517,#518,#519,#520));
#1417=EDGE_LOOP('',(#521,#522,#523,#524));
#1418=EDGE_LOOP('',(#525));
#1419=EDGE_LOOP('',(#526));
#1420=EDGE_LOOP('',(#527));
#1421=EDGE_LOOP('',(#528));
#1422=EDGE_LOOP('',(#529,#530,#531,#532));
#1423=EDGE_LOOP('',(#533));
#1424=EDGE_LOOP('',(#534));
#1425=EDGE_LOOP('',(#535));
#1426=EDGE_LOOP('',(#536));
#1427=EDGE_LOOP('',(#537,#538,#539,#540,#541));
#1428=EDGE_LOOP('',(#542));
#1429=EDGE_LOOP('',(#543));
#1430=EDGE_LOOP('',(#544));
#1431=EDGE_LOOP('',(#545));
#1432=EDGE_LOOP('',(#546,#547,#548,#549));
#1433=EDGE_LOOP('',(#550,#551,#552,#553,#554));
#1434=EDGE_LOOP('',(#555,#556,#557,#558));
#1435=EDGE_LOOP('',(#559,#560,#561,#562));
#1436=EDGE_LOOP('',(#563,#564,#565,#566));
#1437=EDGE_LOOP('',(#567,#568,#569,#570));
#1438=EDGE_LOOP('',(#571,#572,#573,#574));
#1439=EDGE_LOOP('',(#575,#576,#577,#578));
#1440=EDGE_LOOP('',(#579,#580,#581,#582));
#1441=EDGE_LOOP('',(#583,#584,#585,#586));
#1442=EDGE_LOOP('',(#587));
#1443=EDGE_LOOP('',(#588));
#1444=EDGE_LOOP('',(#589,#590,#591,#592));
#1445=EDGE_LOOP('',(#593));
#1446=EDGE_LOOP('',(#594));
#1447=EDGE_LOOP('',(#595));
#1448=EDGE_LOOP('',(#596));
#1449=EDGE_LOOP('',(#597));
#1450=EDGE_LOOP('',(#598));
#1451=FACE_BOUND('',#1311,.T.);
#1452=FACE_BOUND('',#1312,.T.);
#1453=FACE_BOUND('',#1313,.T.);
#1454=FACE_BOUND('',#1314,.T.);
#1455=FACE_BOUND('',#1315,.T.);
#1456=FACE_BOUND('',#1316,.T.);
#1457=FACE_BOUND('',#1317,.T.);
#1458=FACE_BOUND('',#1318,.T.);
#1459=FACE_BOUND('',#1319,.T.);
#1460=FACE_BOUND('',#1320,.T.);
#1461=FACE_BOUND('',#1321,.T.);
#1462=FACE_BOUND('',#1322,.T.);
#1463=FACE_BOUND('',#1323,.T.);
#1464=FACE_BOUND('',#1324,.T.);
#1465=FACE_BOUND('',#1325,.T.);
#1466=FACE_BOUND('',#1326,.T.);
#1467=FACE_BOUND('',#1327,.T.);
#1468=FACE_BOUND('',#1328,.T.);
#1469=FACE_BOUND('',#1329,.T.);
#1470=FACE_BOUND('',#1330,.T.);
#1471=FACE_BOUND('',#1331,.T.);
#1472=FACE_BOUND('',#1332,.T.);
#1473=FACE_BOUND('',#1333,.T.);
#1474=FACE_BOUND('',#1334,.T.);
#1475=FACE_BOUND('',#1335,.T.);
#1476=FACE_BOUND('',#1336,.T.);
#1477=FACE_BOUND('',#1337,.T.);
#1478=FACE_BOUND('',#1338,.T.);
#1479=FACE_BOUND('',#1339,.T.);
#1480=FACE_BOUND('',#1340,.T.);
#1481=FACE_BOUND('',#1341,.T.);
#1482=FACE_BOUND('',#1342,.T.);
#1483=FACE_BOUND('',#1343,.T.);
#1484=FACE_BOUND('',#1344,.T.);
#1485=FACE_BOUND('',#1345,.T.);
#1486=FACE_BOUND('',#1346,.T.);
#1487=FACE_BOUND('',#1347,.T.);
#1488=FACE_BOUND('',#1348,.T.);
#1489=FACE_BOUND('',#1349,.T.);
#1490=FACE_BOUND('',#1350,.T.);
#1491=FACE_BOUND('',#1351,.T.);
#1492=FACE_BOUND('',#1352,.T.);
#1493=FACE_BOUND('',#1353,.T.);
#1494=FACE_BOUND('',#1354,.T.);
#1495=FACE_BOUND('',#1355,.T.);
#1496=FACE_BOUND('',#1356,.T.);
#1497=FACE_BOUND('',#1357,.T.);
#1498=FACE_BOUND('',#1358,.T.);
#1499=FACE_BOUND('',#1359,.T.);
#1500=FACE_BOUND('',#1360,.T.);
#1501=FACE_BOUND('',#1361,.T.);
#1502=FACE_BOUND('',#1362,.T.);
#1503=FACE_BOUND('',#1363,.T.);
#1504=FACE_BOUND('',#1364,.T.);
#1505=FACE_BOUND('',#1365,.T.);
#1506=FACE_BOUND('',#1366,.T.);
#1507=FACE_BOUND('',#1367,.T.);
#1508=FACE_BOUND('',#1368,.T.);
#1509=FACE_BOUND('',#1369,.T.);
#1510=FACE_BOUND('',#1370,.T.);
#1511=FACE_BOUND('',#1371,.T.);
#1512=FACE_BOUND('',#1372,.T.);
#1513=FACE_BOUND('',#1373,.T.);
#1514=FACE_BOUND('',#1374,.T.);
#1515=FACE_BOUND('',#1375,.T.);
#1516=FACE_BOUND('',#1376,.T.);
#1517=FACE_BOUND('',#1377,.T.);
#1518=FACE_BOUND('',#1378,.T.);
#1519=FACE_BOUND('',#1379,.T.);
#1520=FACE_BOUND('',#1380,.T.);
#1521=FACE_BOUND('',#1381,.T.);
#1522=FACE_BOUND('',#1382,.T.);
#1523=FACE_BOUND('',#1383,.T.);
#1524=FACE_BOUND('',#1384,.T.);
#1525=FACE_BOUND('',#1385,.T.);
#1526=FACE_BOUND('',#1386,.T.);
#1527=FACE_BOUND('',#1387,.T.);
#1528=FACE_BOUND('',#1388,.T.);
#1529=FACE_BOUND('',#1389,.T.);
#1530=FACE_BOUND('',#1390,.T.);
#1531=FACE_BOUND('',#1391,.T.);
#1532=FACE_BOUND('',#1392,.T.);
#1533=FACE_BOUND('',#1393,.T.);
#1534=FACE_BOUND('',#1394,.T.);
#1535=FACE_BOUND('',#1395,.T.);
#1536=FACE_BOUND('',#1396,.T.);
#1537=FACE_BOUND('',#1397,.T.);
#1538=FACE_BOUND('',#1398,.T.);
#1539=FACE_BOUND('',#1399,.T.);
#1540=FACE_BOUND('',#1400,.T.);
#1541=FACE_BOUND('',#1401,.T.);
#1542=FACE_BOUND('',#1402,.T.);
#1543=FACE_BOUND('',#1403,.T.);
#1544=FACE_BOUND('',#1404,.T.);
#1545=FACE_BOUND('',#1405,.T.);
#1546=FACE_BOUND('',#1406,.T.);
#1547=FACE_BOUND('',#1407,.T.);
#1548=FACE_BOUND('',#1408,.T.);
#1549=FACE_BOUND('',#1409,.T.);
#1550=FACE_BOUND('',#1410,.T.);
#1551=FACE_BOUND('',#1411,.T.);
#1552=FACE_BOUND('',#1412,.T.);
#1553=FACE_BOUND('',#1413,.T.);
#1554=FACE_BOUND('',#1414,.T.);
#1555=FACE_BOUND('',#1415,.T.);
#1556=FACE_BOUND('',#1416,.T.);
#1557=FACE_BOUND('',#1417,.T.);
#1558=FACE_BOUND('',#1418,.T.);
#1559=FACE_BOUND('',#1419,.T.);
#1560=FACE_BOUND('',#1420,.T.);
#1561=FACE_BOUND('',#1421,.T.);
#1562=FACE_BOUND('',#1422,.T.);
#1563=FACE_BOUND('',#1423,.T.);
#1564=FACE_BOUND('',#1424,.T.);
#1565=FACE_BOUND('',#1425,.T.);
#1566=FACE_BOUND('',#1426,.T.);
#1567=FACE_BOUND('',#1427,.T.);
#1568=FACE_BOUND('',#1428,.T.);
#1569=FACE_BOUND('',#1429,.T.);
#1570=FACE_BOUND('',#1430,.T.);
#1571=FACE_BOUND('',#1431,.T.);
#1572=FACE_BOUND('',#1432,.T.);
#1573=FACE_BOUND('',#1433,.T.);
#1574=FACE_BOUND('',#1434,.T.);
#1575=FACE_BOUND('',#1435,.T.);
#1576=FACE_BOUND('',#1436,.T.);
#1577=FACE_BOUND('',#1437,.T.);
#1578=FACE_BOUND('',#1438,.T.);
#1579=FACE_BOUND('',#1439,.T.);
#1580=FACE_BOUND('',#1440,.T.);
#1581=FACE_BOUND('',#1441,.T.);
#1582=FACE_BOUND('',#1442,.T.);
#1583=FACE_BOUND('',#1443,.T.);
#1584=FACE_BOUND('',#1444,.T.);
#1585=FACE_BOUND('',#1445,.T.);
#1586=FACE_BOUND('',#1446,.T.);
#1587=FACE_BOUND('',#1447,.T.);
#1588=FACE_BOUND('',#1448,.T.);
#1589=FACE_BOUND('',#1449,.T.);
#1590=FACE_BOUND('',#1450,.T.);
#1591=CYLINDRICAL_SURFACE('',#1745,0.00162);
#1592=CYLINDRICAL_SURFACE('',#1753,0.005);
#1593=CYLINDRICAL_SURFACE('',#1758,0.005);
#1594=CYLINDRICAL_SURFACE('',#1760,0.005);
#1595=CYLINDRICAL_SURFACE('',#1763,0.00125);
#1596=CYLINDRICAL_SURFACE('',#1765,0.00125);
#1597=CYLINDRICAL_SURFACE('',#1767,0.00162);
#1598=CYLINDRICAL_SURFACE('',#1781,0.005);
#1599=CYLINDRICAL_SURFACE('',#1785,0.005);
#1600=CYLINDRICAL_SURFACE('',#1787,0.005);
#1601=CYLINDRICAL_SURFACE('',#1791,0.005);
#1602=CYLINDRICAL_SURFACE('',#1794,0.005);
#1603=CYLINDRICAL_SURFACE('',#1798,0.00162);
#1604=CYLINDRICAL_SURFACE('',#1800,0.00162);
#1605=CYLINDRICAL_SURFACE('',#1845,0.0023);
#1606=CYLINDRICAL_SURFACE('',#1847,0.0023);
#1607=CYLINDRICAL_SURFACE('',#1849,0.0023);
#1608=CYLINDRICAL_SURFACE('',#1851,0.0023);
#1609=CYLINDRICAL_SURFACE('',#1861,0.0016);
#1610=CYLINDRICAL_SURFACE('',#1863,0.0016);
#1611=CYLINDRICAL_SURFACE('',#1865,0.0016);
#1612=CYLINDRICAL_SURFACE('',#1867,0.0016);
#1613=CYLINDRICAL_SURFACE('',#1894,0.0065);
#1614=CYLINDRICAL_SURFACE('',#1895,0.0016);
#1615=CYLINDRICAL_SURFACE('',#1896,0.0016);
#1616=CYLINDRICAL_SURFACE('',#1897,0.0016);
#1617=CYLINDRICAL_SURFACE('',#1898,0.0016);
#1618=ADVANCED_FACE('',(#1451),#1591,.T.);
#1619=ADVANCED_FACE('',(#1452,#1453,#1454,#1455,#1456,#1457),#31,.T.);
#1620=ADVANCED_FACE('',(#1458),#32,.T.);
#1621=ADVANCED_FACE('',(#1459),#1592,.T.);
#1622=ADVANCED_FACE('',(#1460),#1593,.T.);
#1623=ADVANCED_FACE('',(#1461),#1594,.T.);
#1624=ADVANCED_FACE('',(#1462),#33,.T.);
#1625=ADVANCED_FACE('',(#1463),#1595,.F.);
#1626=ADVANCED_FACE('',(#1464),#1596,.F.);
#1627=ADVANCED_FACE('',(#1465),#1597,.T.);
#1628=ADVANCED_FACE('',(#1466),#34,.F.);
#1629=ADVANCED_FACE('',(#1467),#35,.T.);
#1630=ADVANCED_FACE('',(#1468),#36,.F.);
#1631=ADVANCED_FACE('',(#1469),#37,.T.);
#1632=ADVANCED_FACE('',(#1470),#38,.T.);
#1633=ADVANCED_FACE('',(#1471),#39,.T.);
#1634=ADVANCED_FACE('',(#1472,#1473,#1474,#1475,#1476,#1477,#1478),#40,
 .F.);
#1635=ADVANCED_FACE('',(#1479),#41,.F.);
#1636=ADVANCED_FACE('',(#1480),#1598,.T.);
#1637=ADVANCED_FACE('',(#1481),#42,.T.);
#1638=ADVANCED_FACE('',(#1482),#43,.F.);
#1639=ADVANCED_FACE('',(#1483),#1599,.T.);
#1640=ADVANCED_FACE('',(#1484),#1600,.T.);
#1641=ADVANCED_FACE('',(#1485),#44,.T.);
#1642=ADVANCED_FACE('',(#1486),#1601,.T.);
#1643=ADVANCED_FACE('',(#1487,#1488),#45,.T.);
#1644=ADVANCED_FACE('',(#1489),#1602,.T.);
#1645=ADVANCED_FACE('',(#1490,#1491),#46,.F.);
#1646=ADVANCED_FACE('',(#1492,#1493,#1494,#1495,#1496),#47,.F.);
#1647=ADVANCED_FACE('',(#1497),#1603,.T.);
#1648=ADVANCED_FACE('',(#1498),#1604,.T.);
#1649=ADVANCED_FACE('',(#1499),#48,.F.);
#1650=ADVANCED_FACE('',(#1500),#49,.T.);
#1651=ADVANCED_FACE('',(#1501),#50,.F.);
#1652=ADVANCED_FACE('',(#1502),#51,.F.);
#1653=ADVANCED_FACE('',(#1503),#23,.T.);
#1654=ADVANCED_FACE('',(#1504),#24,.T.);
#1655=ADVANCED_FACE('',(#1505),#52,.F.);
#1656=ADVANCED_FACE('',(#1506),#53,.T.);
#1657=ADVANCED_FACE('',(#1507),#54,.T.);
#1658=ADVANCED_FACE('',(#1508),#55,.F.);
#1659=ADVANCED_FACE('',(#1509),#56,.T.);
#1660=ADVANCED_FACE('',(#1510),#57,.F.);
#1661=ADVANCED_FACE('',(#1511),#58,.F.);
#1662=ADVANCED_FACE('',(#1512),#59,.T.);
#1663=ADVANCED_FACE('',(#1513),#60,.T.);
#1664=ADVANCED_FACE('',(#1514),#61,.T.);
#1665=ADVANCED_FACE('',(#1515),#62,.T.);
#1666=ADVANCED_FACE('',(#1516),#63,.T.);
#1667=ADVANCED_FACE('',(#1517),#64,.T.);
#1668=ADVANCED_FACE('',(#1518),#65,.T.);
#1669=ADVANCED_FACE('',(#1519),#66,.T.);
#1670=ADVANCED_FACE('',(#1520),#67,.T.);
#1671=ADVANCED_FACE('',(#1521),#68,.T.);
#1672=ADVANCED_FACE('',(#1522),#69,.T.);
#1673=ADVANCED_FACE('',(#1523),#70,.T.);
#1674=ADVANCED_FACE('',(#1524),#71,.T.);
#1675=ADVANCED_FACE('',(#1525),#72,.T.);
#1676=ADVANCED_FACE('',(#1526),#73,.T.);
#1677=ADVANCED_FACE('',(#1527),#74,.T.);
#1678=ADVANCED_FACE('',(#1528),#75,.T.);
#1679=ADVANCED_FACE('',(#1529),#76,.F.);
#1680=ADVANCED_FACE('',(#1530),#77,.F.);
#1681=ADVANCED_FACE('',(#1531),#78,.F.);
#1682=ADVANCED_FACE('',(#1532),#79,.F.);
#1683=ADVANCED_FACE('',(#1533),#80,.F.);
#1684=ADVANCED_FACE('',(#1534,#1535),#81,.F.);
#1685=ADVANCED_FACE('',(#1536,#1537),#82,.F.);
#1686=ADVANCED_FACE('',(#1538,#1539),#83,.F.);
#1687=ADVANCED_FACE('',(#1540,#1541),#84,.F.);
#1688=ADVANCED_FACE('',(#1542),#1605,.F.);
#1689=ADVANCED_FACE('',(#1543),#1606,.F.);
#1690=ADVANCED_FACE('',(#1544),#1607,.F.);
#1691=ADVANCED_FACE('',(#1545),#1608,.F.);
#1692=ADVANCED_FACE('',(#1546,#1547),#85,.F.);
#1693=ADVANCED_FACE('',(#1548,#1549),#86,.F.);
#1694=ADVANCED_FACE('',(#1550,#1551),#87,.F.);
#1695=ADVANCED_FACE('',(#1552,#1553),#88,.F.);
#1696=ADVANCED_FACE('',(#1554),#1609,.F.);
#1697=ADVANCED_FACE('',(#1555),#1610,.F.);
#1698=ADVANCED_FACE('',(#1556),#1611,.F.);
#1699=ADVANCED_FACE('',(#1557),#1612,.F.);
#1700=ADVANCED_FACE('',(#1558),#89,.F.);
#1701=ADVANCED_FACE('',(#1559),#90,.F.);
#1702=ADVANCED_FACE('',(#1560),#91,.F.);
#1703=ADVANCED_FACE('',(#1561),#92,.F.);
#1704=ADVANCED_FACE('',(#1562,#1563,#1564,#1565,#1566,#1567),#93,.T.);
#1705=ADVANCED_FACE('',(#1568,#1569,#1570,#1571,#1572,#1573),#94,.F.);
#1706=ADVANCED_FACE('',(#1574),#95,.F.);
#1707=ADVANCED_FACE('',(#1575),#96,.F.);
#1708=ADVANCED_FACE('',(#1576),#97,.T.);
#1709=ADVANCED_FACE('',(#1577),#98,.F.);
#1710=ADVANCED_FACE('',(#1578),#99,.F.);
#1711=ADVANCED_FACE('',(#1579),#100,.T.);
#1712=ADVANCED_FACE('',(#1580),#101,.F.);
#1713=ADVANCED_FACE('',(#1581),#102,.F.);
#1714=ADVANCED_FACE('',(#1582,#1583),#1613,.F.);
#1715=ADVANCED_FACE('',(#1584),#1614,.F.);
#1716=ADVANCED_FACE('',(#1585,#1586),#1615,.F.);
#1717=ADVANCED_FACE('',(#1587,#1588),#1616,.F.);
#1718=ADVANCED_FACE('',(#1589,#1590),#1617,.F.);
#1719=CLOSED_SHELL('',(#1618,#1619,#1620,#1621,#1622,#1623,#1624,#1625,
#1626,#1627,#1628,#1629,#1630,#1631,#1632,#1633,#1634,#1635,#1636,#1637,
#1638,#1639,#1640,#1641,#1642,#1643,#1644,#1645,#1646,#1647,#1648,#1649,
#1650,#1651,#1652,#1653,#1654,#1655,#1656,#1657,#1658,#1659,#1660,#1661,
#1662,#1663,#1664,#1665,#1666,#1667,#1668,#1669,#1670,#1671,#1672,#1673,
#1674,#1675,#1676,#1677,#1678,#1679,#1680,#1681,#1682,#1683,#1684,#1685,
#1686,#1687,#1688,#1689,#1690,#1691,#1692,#1693,#1694,#1695,#1696,#1697,
#1698,#1699,#1700,#1701,#1702,#1703));
#1720=CLOSED_SHELL('',(#1704,#1705,#1706,#1707,#1708,#1709,#1710,#1711,
#1712,#1713,#1714,#1715,#1716,#1717,#1718));
#1721=STYLED_ITEM('',(#1723),#1736);
#1722=STYLED_ITEM('',(#1724),#1737);
#1723=PRESENTATION_STYLE_ASSIGNMENT((#1725));
#1724=PRESENTATION_STYLE_ASSIGNMENT((#1726));
#1725=SURFACE_STYLE_USAGE(.BOTH.,#1727);
#1726=SURFACE_STYLE_USAGE(.BOTH.,#1728);
#1727=SURFACE_SIDE_STYLE('',(#1729));
#1728=SURFACE_SIDE_STYLE('',(#1730));
#1729=SURFACE_STYLE_FILL_AREA(#1731);
#1730=SURFACE_STYLE_FILL_AREA(#1732);
#1731=FILL_AREA_STYLE('',(#1733));
#1732=FILL_AREA_STYLE('',(#1734));
#1733=FILL_AREA_STYLE_COLOUR('',#1735);
#1734=FILL_AREA_STYLE_COLOUR('',#10);
#1735=COLOUR_RGB('',0.917647058823529,0.917647058823529,0.917647058823529);
#1736=MANIFOLD_SOLID_BREP('Part 1',#1719);
#1737=MANIFOLD_SOLID_BREP('Part 1',#1720);
#1738=SHAPE_DEFINITION_REPRESENTATION(#2872,#1741);
#1739=SHAPE_DEFINITION_REPRESENTATION(#2873,#1742);
#1740=SHAPE_DEFINITION_REPRESENTATION(#2875,#1743);
#1741=SHAPE_REPRESENTATION('Top and Bottom',(#1744,#1873,#1899),#2863);
#1742=SHAPE_REPRESENTATION('Part 1',(#1744),#2864);
#1743=SHAPE_REPRESENTATION('Part 1',(#1744),#2865);
#1744=AXIS2_PLACEMENT_3D('',#2382,#1900,#1901);
#1745=AXIS2_PLACEMENT_3D('',#2383,#1902,#1903);
#1746=AXIS2_PLACEMENT_3D('',#2387,#1905,#1906);
#1747=AXIS2_PLACEMENT_3D('',#2388,#1907,#1908);
#1748=AXIS2_PLACEMENT_3D('',#2389,#1909,#1910);
#1749=AXIS2_PLACEMENT_3D('',#2398,#1915,#1916);
#1750=AXIS2_PLACEMENT_3D('',#2400,#1917,#1918);
#1751=AXIS2_PLACEMENT_3D('',#2402,#1919,#1920);
#1752=AXIS2_PLACEMENT_3D('',#2412,#1925,#1926);
#1753=AXIS2_PLACEMENT_3D('',#2413,#1927,#1928);
#1754=AXIS2_PLACEMENT_3D('',#2414,#1929,#1930);
#1755=AXIS2_PLACEMENT_3D('',#2416,#1931,#1932);
#1756=AXIS2_PLACEMENT_3D('',#2420,#1934,#1935);
#1757=AXIS2_PLACEMENT_3D('',#2424,#1937,#1938);
#1758=AXIS2_PLACEMENT_3D('',#2427,#1940,#1941);
#1759=AXIS2_PLACEMENT_3D('',#2428,#1942,#1943);
#1760=AXIS2_PLACEMENT_3D('',#2435,#1945,#1946);
#1761=AXIS2_PLACEMENT_3D('',#2442,#1948,#1949);
#1762=AXIS2_PLACEMENT_3D('',#2443,#1950,#1951);
#1763=AXIS2_PLACEMENT_3D('',#2449,#1955,#1956);
#1764=AXIS2_PLACEMENT_3D('',#2452,#1958,#1959);
#1765=AXIS2_PLACEMENT_3D('',#2453,#1960,#1961);
#1766=AXIS2_PLACEMENT_3D('',#2456,#1963,#1964);
#1767=AXIS2_PLACEMENT_3D('',#2457,#1965,#1966);
#1768=AXIS2_PLACEMENT_3D('',#2460,#1968,#1969);
#1769=AXIS2_PLACEMENT_3D('',#2461,#1970,#1971);
#1770=AXIS2_PLACEMENT_3D('',#2467,#1975,#1976);
#1771=AXIS2_PLACEMENT_3D('',#2471,#1979,#1980);
#1772=AXIS2_PLACEMENT_3D('',#2475,#1983,#1984);
#1773=AXIS2_PLACEMENT_3D('',#2477,#1986,#1987);
#1774=AXIS2_PLACEMENT_3D('',#2480,#1989,#1990);
#1775=AXIS2_PLACEMENT_3D('',#2484,#1992,#1993);
#1776=AXIS2_PLACEMENT_3D('',#2492,#1998,#1999);
#1777=AXIS2_PLACEMENT_3D('',#2498,#2003,#2004);
#1778=AXIS2_PLACEMENT_3D('',#2502,#2007,#2008);
#1779=AXIS2_PLACEMENT_3D('',#2504,#2009,#2010);
#1780=AXIS2_PLACEMENT_3D('',#2514,#2015,#2016);
#1781=AXIS2_PLACEMENT_3D('',#2518,#2019,#2020);
#1782=AXIS2_PLACEMENT_3D('',#2519,#2021,#2022);
#1783=AXIS2_PLACEMENT_3D('',#2522,#2024,#2025);
#1784=AXIS2_PLACEMENT_3D('',#2524,#2027,#2028);
#1785=AXIS2_PLACEMENT_3D('',#2528,#2031,#2032);
#1786=AXIS2_PLACEMENT_3D('',#2529,#2033,#2034);
#1787=AXIS2_PLACEMENT_3D('',#2530,#2035,#2036);
#1788=AXIS2_PLACEMENT_3D('',#2531,#2037,#2038);
#1789=AXIS2_PLACEMENT_3D('',#2535,#2040,#2041);
#1790=AXIS2_PLACEMENT_3D('',#2536,#2042,#2043);
#1791=AXIS2_PLACEMENT_3D('',#2537,#2044,#2045);
#1792=AXIS2_PLACEMENT_3D('',#2538,#2046,#2047);
#1793=AXIS2_PLACEMENT_3D('',#2540,#2049,#2050);
#1794=AXIS2_PLACEMENT_3D('',#2550,#2056,#2057);
#1795=AXIS2_PLACEMENT_3D('',#2551,#2058,#2059);
#1796=AXIS2_PLACEMENT_3D('',#2552,#2060,#2061);
#1797=AXIS2_PLACEMENT_3D('',#2562,#2067,#2068);
#1798=AXIS2_PLACEMENT_3D('',#2595,#2085,#2086);
#1799=AXIS2_PLACEMENT_3D('',#2598,#2088,#2089);
#1800=AXIS2_PLACEMENT_3D('',#2599,#2090,#2091);
#1801=AXIS2_PLACEMENT_3D('',#2602,#2093,#2094);
#1802=AXIS2_PLACEMENT_3D('',#2603,#2095,#2096);
#1803=AXIS2_PLACEMENT_3D('',#2609,#2100,#2101);
#1804=AXIS2_PLACEMENT_3D('',#2617,#2106,#2107);
#1805=AXIS2_PLACEMENT_3D('',#2625,#2112,#2113);
#1806=AXIS2_PLACEMENT_3D('',#2627,#2115,#2116);
#1807=AXIS2_PLACEMENT_3D('',#2628,#2117,#2118);
#1808=AXIS2_PLACEMENT_3D('',#2629,#2119,#2120);
#1809=AXIS2_PLACEMENT_3D('',#2635,#2124,#2125);
#1810=AXIS2_PLACEMENT_3D('',#2639,#2128,#2129);
#1811=AXIS2_PLACEMENT_3D('',#2643,#2132,#2133);
#1812=AXIS2_PLACEMENT_3D('',#2645,#2135,#2136);
#1813=AXIS2_PLACEMENT_3D('',#2648,#2139,#2140);
#1814=AXIS2_PLACEMENT_3D('',#2650,#2142,#2143);
#1815=AXIS2_PLACEMENT_3D('',#2652,#2145,#2146);
#1816=AXIS2_PLACEMENT_3D('',#2653,#2147,#2148);
#1817=AXIS2_PLACEMENT_3D('',#2659,#2152,#2153);
#1818=AXIS2_PLACEMENT_3D('',#2663,#2156,#2157);
#1819=AXIS2_PLACEMENT_3D('',#2667,#2160,#2161);
#1820=AXIS2_PLACEMENT_3D('',#2669,#2163,#2164);
#1821=AXIS2_PLACEMENT_3D('',#2675,#2168,#2169);
#1822=AXIS2_PLACEMENT_3D('',#2679,#2172,#2173);
#1823=AXIS2_PLACEMENT_3D('',#2683,#2176,#2177);
#1824=AXIS2_PLACEMENT_3D('',#2685,#2179,#2180);
#1825=AXIS2_PLACEMENT_3D('',#2691,#2184,#2185);
#1826=AXIS2_PLACEMENT_3D('',#2695,#2188,#2189);
#1827=AXIS2_PLACEMENT_3D('',#2699,#2192,#2193);
#1828=AXIS2_PLACEMENT_3D('',#2701,#2195,#2196);
#1829=AXIS2_PLACEMENT_3D('',#2707,#2200,#2201);
#1830=AXIS2_PLACEMENT_3D('',#2711,#2204,#2205);
#1831=AXIS2_PLACEMENT_3D('',#2715,#2208,#2209);
#1832=AXIS2_PLACEMENT_3D('',#2717,#2211,#2212);
#1833=AXIS2_PLACEMENT_3D('',#2718,#2213,#2214);
#1834=AXIS2_PLACEMENT_3D('',#2719,#2215,#2216);
#1835=AXIS2_PLACEMENT_3D('',#2721,#2218,#2219);
#1836=AXIS2_PLACEMENT_3D('',#2723,#2221,#2222);
#1837=AXIS2_PLACEMENT_3D('',#2724,#2223,#2224);
#1838=AXIS2_PLACEMENT_3D('',#2725,#2225,#2226);
#1839=AXIS2_PLACEMENT_3D('',#2727,#2227,#2228);
#1840=AXIS2_PLACEMENT_3D('',#2728,#2229,#2230);
#1841=AXIS2_PLACEMENT_3D('',#2730,#2231,#2232);
#1842=AXIS2_PLACEMENT_3D('',#2731,#2233,#2234);
#1843=AXIS2_PLACEMENT_3D('',#2733,#2235,#2236);
#1844=AXIS2_PLACEMENT_3D('',#2734,#2237,#2238);
#1845=AXIS2_PLACEMENT_3D('',#2736,#2239,#2240);
#1846=AXIS2_PLACEMENT_3D('',#2739,#2242,#2243);
#1847=AXIS2_PLACEMENT_3D('',#2740,#2244,#2245);
#1848=AXIS2_PLACEMENT_3D('',#2743,#2247,#2248);
#1849=AXIS2_PLACEMENT_3D('',#2744,#2249,#2250);
#1850=AXIS2_PLACEMENT_3D('',#2747,#2252,#2253);
#1851=AXIS2_PLACEMENT_3D('',#2748,#2254,#2255);
#1852=AXIS2_PLACEMENT_3D('',#2751,#2257,#2258);
#1853=AXIS2_PLACEMENT_3D('',#2752,#2259,#2260);
#1854=AXIS2_PLACEMENT_3D('',#2753,#2261,#2262);
#1855=AXIS2_PLACEMENT_3D('',#2755,#2263,#2264);
#1856=AXIS2_PLACEMENT_3D('',#2756,#2265,#2266);
#1857=AXIS2_PLACEMENT_3D('',#2758,#2267,#2268);
#1858=AXIS2_PLACEMENT_3D('',#2759,#2269,#2270);
#1859=AXIS2_PLACEMENT_3D('',#2761,#2271,#2272);
#1860=AXIS2_PLACEMENT_3D('',#2762,#2273,#2274);
#1861=AXIS2_PLACEMENT_3D('',#2764,#2275,#2276);
#1862=AXIS2_PLACEMENT_3D('',#2767,#2278,#2279);
#1863=AXIS2_PLACEMENT_3D('',#2768,#2280,#2281);
#1864=AXIS2_PLACEMENT_3D('',#2771,#2283,#2284);
#1865=AXIS2_PLACEMENT_3D('',#2772,#2285,#2286);
#1866=AXIS2_PLACEMENT_3D('',#2775,#2288,#2289);
#1867=AXIS2_PLACEMENT_3D('',#2776,#2290,#2291);
#1868=AXIS2_PLACEMENT_3D('',#2779,#2293,#2294);
#1869=AXIS2_PLACEMENT_3D('',#2780,#2295,#2296);
#1870=AXIS2_PLACEMENT_3D('',#2781,#2297,#2298);
#1871=AXIS2_PLACEMENT_3D('',#2782,#2299,#2300);
#1872=AXIS2_PLACEMENT_3D('',#2783,#2301,#2302);
#1873=AXIS2_PLACEMENT_3D('',#2784,#2303,#2304);
#1874=AXIS2_PLACEMENT_3D('',#2785,#2305,#2306);
#1875=AXIS2_PLACEMENT_3D('',#2794,#2311,#2312);
#1876=AXIS2_PLACEMENT_3D('',#2796,#2313,#2314);
#1877=AXIS2_PLACEMENT_3D('',#2798,#2315,#2316);
#1878=AXIS2_PLACEMENT_3D('',#2800,#2317,#2318);
#1879=AXIS2_PLACEMENT_3D('',#2802,#2319,#2320);
#1880=AXIS2_PLACEMENT_3D('',#2812,#2325,#2326);
#1881=AXIS2_PLACEMENT_3D('',#2813,#2327,#2328);
#1882=AXIS2_PLACEMENT_3D('',#2815,#2329,#2330);
#1883=AXIS2_PLACEMENT_3D('',#2817,#2331,#2332);
#1884=AXIS2_PLACEMENT_3D('',#2819,#2333,#2334);
#1885=AXIS2_PLACEMENT_3D('',#2832,#2340,#2341);
#1886=AXIS2_PLACEMENT_3D('',#2839,#2345,#2346);
#1887=AXIS2_PLACEMENT_3D('',#2842,#2349,#2350);
#1888=AXIS2_PLACEMENT_3D('',#2845,#2353,#2354);
#1889=AXIS2_PLACEMENT_3D('',#2848,#2357,#2358);
#1890=AXIS2_PLACEMENT_3D('',#2850,#2360,#2361);
#1891=AXIS2_PLACEMENT_3D('',#2852,#2363,#2364);
#1892=AXIS2_PLACEMENT_3D('',#2853,#2365,#2366);
#1893=AXIS2_PLACEMENT_3D('',#2855,#2368,#2369);
#1894=AXIS2_PLACEMENT_3D('',#2856,#2370,#2371);
#1895=AXIS2_PLACEMENT_3D('',#2857,#2372,#2373);
#1896=AXIS2_PLACEMENT_3D('',#2858,#2374,#2375);
#1897=AXIS2_PLACEMENT_3D('',#2859,#2376,#2377);
#1898=AXIS2_PLACEMENT_3D('',#2860,#2378,#2379);
#1899=AXIS2_PLACEMENT_3D('',#2861,#2380,#2381);
#1900=DIRECTION('',(0.,0.,1.));
#1901=DIRECTION('',(1.,0.,0.));
#1902=DIRECTION('',(0.898640971147264,0.438684858384129,0.));
#1903=DIRECTION('',(-0.438684858384129,0.898640971147264,0.));
#1904=DIRECTION('',(0.898640971147264,0.438684858384129,0.));
#1905=DIRECTION('',(0.898640971147264,0.438684858384129,0.));
#1906=DIRECTION('',(-0.438684858384129,0.898640971147264,0.));
#1907=DIRECTION('',(0.898640971147264,0.438684858384129,0.));
#1908=DIRECTION('',(-0.438684858384129,0.898640971147264,0.));
#1909=DIRECTION('',(0.898640971147264,0.438684858384129,0.));
#1910=DIRECTION('',(-0.438684858384129,0.898640971147264,0.));
#1911=DIRECTION('',(0.,0.,-1.));
#1912=DIRECTION('',(-0.438684858384129,0.898640971147264,0.));
#1913=DIRECTION('',(0.,0.,1.));
#1914=DIRECTION('',(-0.438684858384129,0.898640971147264,0.));
#1915=DIRECTION('',(0.898640971147264,0.438684858384129,0.));
#1916=DIRECTION('',(-0.438684858384129,0.898640971147264,0.));
#1917=DIRECTION('',(0.898640971147264,0.438684858384129,0.));
#1918=DIRECTION('',(-0.438684858384129,0.898640971147264,0.));
#1919=DIRECTION('',(0.898640971147264,0.438684858384129,0.));
#1920=DIRECTION('',(-0.438684858384129,0.898640971147264,0.));
#1921=DIRECTION('',(0.438684858383707,-0.898640971147469,0.));
#1922=DIRECTION('',(0.,0.,1.));
#1923=DIRECTION('',(-0.438684858384129,0.898640971147264,0.));
#1924=DIRECTION('',(1.08549684663658E-16,-2.22362801404153E-16,1.));
#1925=DIRECTION('',(0.898640971147264,0.438684858384129,0.));
#1926=DIRECTION('',(-0.438684858384129,0.898640971147264,0.));
#1927=DIRECTION('',(0.,0.,-1.));
#1928=DIRECTION('',(-1.,0.,0.));
#1929=DIRECTION('',(0.310197038167278,-0.635435124550295,0.707106781186548));
#1930=DIRECTION('',(0.310197038167278,-0.635435124550295,-0.707106781186548));
#1931=DIRECTION('',(0.310197038167278,-0.635435124550295,-0.707106781186548));
#1932=DIRECTION('',(-0.310197038167278,0.635435124550295,-0.707106781186548));
#1933=DIRECTION('',(0.,0.,1.));
#1934=DIRECTION('',(0.,0.,-1.));
#1935=DIRECTION('',(-1.,0.,0.));
#1936=DIRECTION('',(0.,0.,1.));
#1937=DIRECTION('',(0.,0.,-1.));
#1938=DIRECTION('',(-1.,0.,0.));
#1939=DIRECTION('',(0.,0.,1.));
#1940=DIRECTION('',(0.438684858384129,-0.898640971147264,0.));
#1941=DIRECTION('',(0.898640971147264,0.438684858384129,0.));
#1942=DIRECTION('',(-0.529750585318362,-0.848153475118067,0.));
#1943=DIRECTION('',(-0.848153475118067,0.529750585318362,0.));
#1944=DIRECTION('',(0.438684858384129,-0.898640971147264,0.));
#1945=DIRECTION('',(-0.438684858384129,0.898640971147264,0.));
#1946=DIRECTION('',(-0.898640971147264,-0.438684858384129,0.));
#1947=DIRECTION('',(0.438684858383716,-0.898640971147465,0.));
#1948=DIRECTION('',(0.529750585318362,0.848153475118067,0.));
#1949=DIRECTION('',(-0.848153475118067,0.529750585318362,0.));
#1950=DIRECTION('',(4.87145005680419E-5,-0.999999998813449,0.));
#1951=DIRECTION('',(0.999999998813449,4.87145005680419E-5,0.));
#1952=DIRECTION('',(0.999999998813449,4.87145005680419E-5,0.));
#1953=DIRECTION('',(0.,0.,1.));
#1954=DIRECTION('',(0.999999998813449,4.87145005680419E-5,0.));
#1955=DIRECTION('',(0.898640971147264,0.438684858384129,0.));
#1956=DIRECTION('',(-0.438684858384129,0.898640971147264,0.));
#1957=DIRECTION('',(0.898640971147264,0.438684858384129,0.));
#1958=DIRECTION('',(0.898640971147264,0.438684858384129,0.));
#1959=DIRECTION('',(-0.438684858384129,0.898640971147264,0.));
#1960=DIRECTION('',(0.898640971147264,0.438684858384129,0.));
#1961=DIRECTION('',(-0.438684858384129,0.898640971147264,0.));
#1962=DIRECTION('',(0.898640971147264,0.438684858384129,0.));
#1963=DIRECTION('',(0.898640971147264,0.438684858384129,0.));
#1964=DIRECTION('',(-0.438684858384129,0.898640971147264,0.));
#1965=DIRECTION('',(0.898640971147264,0.438684858384129,0.));
#1966=DIRECTION('',(-0.438684858384129,0.898640971147264,0.));
#1967=DIRECTION('',(0.898640971147264,0.438684858384129,0.));
#1968=DIRECTION('',(0.898640971147264,0.438684858384129,0.));
#1969=DIRECTION('',(-0.438684858384129,0.898640971147264,0.));
#1970=DIRECTION('',(0.,0.,1.));
#1971=DIRECTION('',(1.,0.,0.));
#1972=DIRECTION('',(0.898640971147264,0.438684858384129,-2.21867129593409E-31));
#1973=DIRECTION('',(-0.438684858384129,0.898640971147264,0.));
#1974=DIRECTION('',(0.898640971147459,0.438684858383729,0.));
#1975=DIRECTION('',(0.438684858384129,-0.898640971147264,-2.94589271303987E-16));
#1976=DIRECTION('',(0.898640971147264,0.438684858384129,-1.97215226305253E-31));
#1977=DIRECTION('',(1.29231852763473E-16,-2.64729988854179E-16,1.));
#1978=DIRECTION('',(0.898640971147264,0.438684858384129,-1.97215226305253E-31));
#1979=DIRECTION('',(0.438684858384129,-0.898640971147264,-2.47443426845173E-16));
#1980=DIRECTION('',(0.898640971147264,0.438684858384129,-2.21867129593409E-31));
#1981=DIRECTION('',(0.898640971147457,0.438684858383732,0.));
#1982=DIRECTION('',(0.,0.,1.));
#1983=DIRECTION('',(8.271705678193E-17,-1.694449553396E-16,1.));
#1984=DIRECTION('',(0.,-1.,-1.694449553396E-16));
#1985=DIRECTION('',(0.438684858383708,-0.898640971147469,-1.88556899562701E-16));
#1986=DIRECTION('',(0.,1.,0.));
#1987=DIRECTION('',(0.,0.,1.));
#1988=DIRECTION('',(1.,0.,0.));
#1989=DIRECTION('',(0.,-1.,0.));
#1990=DIRECTION('',(0.,0.,-1.));
#1991=DIRECTION('',(0.,0.,1.));
#1992=DIRECTION('',(0.,1.,0.));
#1993=DIRECTION('',(0.,0.,1.));
#1994=DIRECTION('',(1.,0.,0.));
#1995=DIRECTION('',(1.,0.,0.));
#1996=DIRECTION('',(0.,0.,1.));
#1997=DIRECTION('',(1.,0.,0.));
#1998=DIRECTION('',(0.,0.,1.));
#1999=DIRECTION('',(1.,0.,0.));
#2000=DIRECTION('',(-0.438684858384129,0.898640971147264,0.));
#2001=DIRECTION('',(0.,1.,0.));
#2002=DIRECTION('',(0.999999998813449,4.87145005680419E-5,0.));
#2003=DIRECTION('',(0.898640971147264,0.438684858384129,0.));
#2004=DIRECTION('',(-0.438684858384129,0.898640971147264,0.));
#2005=DIRECTION('',(0.,0.,1.));
#2006=DIRECTION('',(0.438684858383727,-0.89864097114746,0.));
#2007=DIRECTION('',(0.898640971147264,0.438684858384129,0.));
#2008=DIRECTION('',(-0.438684858384129,0.898640971147264,0.));
#2009=DIRECTION('',(0.898640971147264,0.438684858384129,0.));
#2010=DIRECTION('',(-0.438684858384129,0.898640971147264,0.));
#2011=DIRECTION('',(-0.438684858384129,0.898640971147264,0.));
#2012=DIRECTION('',(0.,0.,1.));
#2013=DIRECTION('',(0.438684858383529,-0.898640971147556,0.));
#2014=DIRECTION('',(0.,0.,1.));
#2015=DIRECTION('',(0.,0.,1.));
#2016=DIRECTION('',(1.,0.,0.));
#2017=DIRECTION('',(-0.999999998813449,-4.87145005613614E-5,0.));
#2018=DIRECTION('',(0.,1.,0.));
#2019=DIRECTION('',(-0.999999998813449,-4.87145005680419E-5,0.));
#2020=DIRECTION('',(4.87145005680419E-5,-0.999999998813449,0.));
#2021=DIRECTION('',(-0.999999998813449,-4.87145002835199E-5,0.));
#2022=DIRECTION('',(4.87145002835199E-5,-0.999999998813449,0.));
#2023=DIRECTION('',(-0.999999998813449,-4.87145005680419E-5,0.));
#2024=DIRECTION('',(0.,0.,1.));
#2025=DIRECTION('',(1.,0.,0.));
#2026=DIRECTION('',(0.,1.,0.));
#2027=DIRECTION('',(0.,0.,1.));
#2028=DIRECTION('',(1.,0.,0.));
#2029=DIRECTION('',(-0.999999998813449,-4.87145005683014E-5,0.));
#2030=DIRECTION('',(0.,1.,0.));
#2031=DIRECTION('',(0.999999998813449,4.87145005680419E-5,0.));
#2032=DIRECTION('',(-4.87145005680419E-5,0.999999998813449,0.));
#2033=DIRECTION('',(0.999999998813449,4.87145005609989E-5,1.38777032851555E-15));
#2034=DIRECTION('',(-4.87145005609989E-5,0.999999998813449,0.));
#2035=DIRECTION('',(0.,0.,-1.));
#2036=DIRECTION('',(-1.,0.,0.));
#2037=DIRECTION('',(0.,0.,1.));
#2038=DIRECTION('',(1.,0.,0.));
#2039=DIRECTION('',(0.,0.,-1.));
#2040=DIRECTION('',(1.387778780781E-15,-1.734723475977E-16,-1.));
#2041=DIRECTION('',(-1.,0.,-1.387778780781E-15));
#2042=DIRECTION('',(0.898640971147264,0.438684858384129,0.));
#2043=DIRECTION('',(-0.438684858384129,0.898640971147264,0.));
#2044=DIRECTION('',(0.,-1.,0.));
#2045=DIRECTION('',(0.,0.,-1.));
#2046=DIRECTION('',(-2.40741243048354E-31,-1.,1.734723475977E-16));
#2047=DIRECTION('',(0.,-1.734723475977E-16,-1.));
#2048=DIRECTION('',(0.,-1.,0.));
#2049=DIRECTION('',(-1.,0.,0.));
#2050=DIRECTION('',(0.,0.,1.));
#2051=DIRECTION('',(0.,1.,0.));
#2052=DIRECTION('',(0.,0.,1.));
#2053=DIRECTION('',(0.,1.,0.));
#2054=DIRECTION('',(0.,0.,1.));
#2055=DIRECTION('',(0.,1.,0.));
#2056=DIRECTION('',(0.,1.,0.));
#2057=DIRECTION('',(0.,0.,1.));
#2058=DIRECTION('',(1.22464679914735E-16,1.,0.));
#2059=DIRECTION('',(-1.,1.22464679914735E-16,0.));
#2060=DIRECTION('',(-1.,0.,0.));
#2061=DIRECTION('',(0.,0.,1.));
#2062=DIRECTION('',(0.,0.,1.));
#2063=DIRECTION('',(0.,0.,-1.));
#2064=DIRECTION('',(0.,1.,0.));
#2065=DIRECTION('',(0.,0.,1.));
#2066=DIRECTION('',(0.,1.,0.));
#2067=DIRECTION('',(4.87145005680419E-5,-0.999999998813449,0.));
#2068=DIRECTION('',(0.999999998813449,4.87145005680419E-5,0.));
#2069=DIRECTION('',(0.999999998813449,4.87145005680419E-5,0.));
#2070=DIRECTION('',(0.,0.,1.));
#2071=DIRECTION('',(0.999999998813449,4.87145005680419E-5,0.));
#2072=DIRECTION('',(0.,0.,1.));
#2073=DIRECTION('',(0.999999998813449,4.87145005680419E-5,0.));
#2074=DIRECTION('',(0.,0.,1.));
#2075=DIRECTION('',(0.999999998813449,4.87145005680419E-5,0.));
#2076=DIRECTION('',(0.,0.,1.));
#2077=DIRECTION('',(0.999999998813449,4.87145005680419E-5,0.));
#2078=DIRECTION('',(0.,0.,1.));
#2079=DIRECTION('',(0.999999998813449,4.87145005680419E-5,0.));
#2080=DIRECTION('',(0.,0.,1.));
#2081=DIRECTION('',(0.999999998813449,4.87145005680419E-5,0.));
#2082=DIRECTION('',(0.,0.,1.));
#2083=DIRECTION('',(0.999999998813449,4.87145005680419E-5,0.));
#2084=DIRECTION('',(0.,0.,1.));
#2085=DIRECTION('',(0.898640971147264,0.438684858384129,0.));
#2086=DIRECTION('',(-0.438684858384129,0.898640971147264,0.));
#2087=DIRECTION('',(0.898640971147264,0.438684858384129,0.));
#2088=DIRECTION('',(0.898640971147264,0.438684858384129,0.));
#2089=DIRECTION('',(-0.438684858384129,0.898640971147264,0.));
#2090=DIRECTION('',(0.898640971147264,0.438684858384129,0.));
#2091=DIRECTION('',(-0.438684858384129,0.898640971147264,0.));
#2092=DIRECTION('',(0.898640971147264,0.438684858384129,0.));
#2093=DIRECTION('',(0.898640971147264,0.438684858384129,0.));
#2094=DIRECTION('',(-0.438684858384129,0.898640971147264,0.));
#2095=DIRECTION('',(0.438684858384129,-0.898640971147264,0.));
#2096=DIRECTION('',(0.898640971147264,0.438684858384129,0.));
#2097=DIRECTION('',(-0.898640971147539,-0.438684858383564,0.));
#2098=DIRECTION('',(0.898640971147264,0.438684858384129,0.));
#2099=DIRECTION('',(0.,0.,1.));
#2100=DIRECTION('',(0.,0.,1.));
#2101=DIRECTION('',(1.,0.,0.));
#2102=DIRECTION('',(0.438684858383842,-0.898640971147403,0.));
#2103=DIRECTION('',(0.898640971147237,0.438684858384183,0.));
#2104=DIRECTION('',(-0.438684858383731,0.898640971147458,0.));
#2105=DIRECTION('',(0.898640971147588,0.438684858383464,0.));
#2106=DIRECTION('',(0.,0.,1.));
#2107=DIRECTION('',(1.,0.,0.));
#2108=DIRECTION('',(-0.898640971147264,-0.438684858384129,0.));
#2109=DIRECTION('',(0.438684858384129,-0.898640971147264,0.));
#2110=DIRECTION('',(-0.898640971147264,-0.438684858384129,0.));
#2111=DIRECTION('',(-0.438684858384129,0.898640971147264,0.));
#2112=DIRECTION('',(-0.438684858384129,0.898640971147264,0.));
#2113=DIRECTION('',(-0.898640971147264,-0.438684858384129,0.));
#2114=DIRECTION('',(0.,0.,1.));
#2115=DIRECTION('',(0.,0.,1.));
#2116=DIRECTION('',(1.,0.,0.));
#2117=DIRECTION('',(1.387778780781E-15,-1.734723475977E-16,-1.));
#2118=DIRECTION('',(-1.,0.,-1.387778780781E-15));
#2119=DIRECTION('',(0.707106781186548,0.,0.707106781186548));
#2120=DIRECTION('',(0.,-1.,0.));
#2121=DIRECTION('',(0.577350269189626,-0.577350269189626,-0.577350269189626));
#2122=DIRECTION('',(0.,1.,0.));
#2123=DIRECTION('',(0.577350269189626,0.577350269189625,-0.577350269189626));
#2124=DIRECTION('',(-0.707106781186548,0.707106781186548,0.));
#2125=DIRECTION('',(0.,0.,-1.));
#2126=DIRECTION('',(0.577350269189626,0.577350269189625,0.577350269189626));
#2127=DIRECTION('',(0.,0.,-1.));
#2128=DIRECTION('',(-0.707106781186548,0.,0.707106781186548));
#2129=DIRECTION('',(0.,1.,0.));
#2130=DIRECTION('',(-0.577350269189626,0.577350269189626,-0.577350269189626));
#2131=DIRECTION('',(0.,1.,0.));
#2132=DIRECTION('',(0.707106781186548,0.707106781186548,0.));
#2133=DIRECTION('',(0.,0.,1.));
#2134=DIRECTION('',(0.,0.,-1.));
#2135=DIRECTION('',(0.,-1.,0.));
#2136=DIRECTION('',(0.,0.,-1.));
#2137=DIRECTION('',(1.,0.,0.));
#2138=DIRECTION('',(-1.,0.,0.));
#2139=DIRECTION('',(0.,0.,-1.));
#2140=DIRECTION('',(-1.,0.,0.));
#2141=DIRECTION('',(1.,0.,0.));
#2142=DIRECTION('',(0.,-1.,0.));
#2143=DIRECTION('',(0.,0.,-1.));
#2144=DIRECTION('',(-1.,0.,0.));
#2145=DIRECTION('',(0.,0.,-1.));
#2146=DIRECTION('',(-1.,0.,0.));
#2147=DIRECTION('',(0.,0.,1.));
#2148=DIRECTION('',(1.,0.,0.));
#2149=DIRECTION('',(0.,1.,0.));
#2150=DIRECTION('',(1.,0.,0.));
#2151=DIRECTION('',(0.,1.,0.));
#2152=DIRECTION('',(-1.,0.,0.));
#2153=DIRECTION('',(0.,0.,1.));
#2154=DIRECTION('',(0.,0.,1.));
#2155=DIRECTION('',(0.,1.,0.));
#2156=DIRECTION('',(0.,0.,-1.));
#2157=DIRECTION('',(-1.,0.,0.));
#2158=DIRECTION('',(-1.,0.,0.));
#2159=DIRECTION('',(0.,1.,0.));
#2160=DIRECTION('',(1.,0.,0.));
#2161=DIRECTION('',(0.,0.,-1.));
#2162=DIRECTION('',(0.,0.,-1.));
#2163=DIRECTION('',(0.,0.,1.));
#2164=DIRECTION('',(1.,0.,0.));
#2165=DIRECTION('',(0.,1.,0.));
#2166=DIRECTION('',(1.,0.,0.));
#2167=DIRECTION('',(0.,1.,0.));
#2168=DIRECTION('',(-1.,0.,0.));
#2169=DIRECTION('',(0.,0.,1.));
#2170=DIRECTION('',(0.,0.,1.));
#2171=DIRECTION('',(0.,1.,0.));
#2172=DIRECTION('',(0.,0.,-1.));
#2173=DIRECTION('',(-1.,0.,0.));
#2174=DIRECTION('',(-1.,0.,0.));
#2175=DIRECTION('',(0.,1.,0.));
#2176=DIRECTION('',(1.,0.,0.));
#2177=DIRECTION('',(0.,0.,-1.));
#2178=DIRECTION('',(0.,0.,-1.));
#2179=DIRECTION('',(0.,0.,1.));
#2180=DIRECTION('',(1.,0.,0.));
#2181=DIRECTION('',(0.,1.,0.));
#2182=DIRECTION('',(1.,0.,0.));
#2183=DIRECTION('',(0.,1.,0.));
#2184=DIRECTION('',(-1.,0.,0.));
#2185=DIRECTION('',(0.,0.,1.));
#2186=DIRECTION('',(0.,0.,1.));
#2187=DIRECTION('',(0.,1.,0.));
#2188=DIRECTION('',(0.,0.,-1.));
#2189=DIRECTION('',(-1.,0.,0.));
#2190=DIRECTION('',(-1.,0.,0.));
#2191=DIRECTION('',(0.,1.,0.));
#2192=DIRECTION('',(1.,0.,0.));
#2193=DIRECTION('',(0.,0.,-1.));
#2194=DIRECTION('',(0.,0.,-1.));
#2195=DIRECTION('',(0.,0.,1.));
#2196=DIRECTION('',(1.,0.,0.));
#2197=DIRECTION('',(0.,1.,0.));
#2198=DIRECTION('',(1.,0.,0.));
#2199=DIRECTION('',(0.,1.,0.));
#2200=DIRECTION('',(-1.,0.,0.));
#2201=DIRECTION('',(0.,0.,1.));
#2202=DIRECTION('',(0.,0.,1.));
#2203=DIRECTION('',(0.,1.,0.));
#2204=DIRECTION('',(0.,0.,-1.));
#2205=DIRECTION('',(-1.,0.,0.));
#2206=DIRECTION('',(-1.,0.,0.));
#2207=DIRECTION('',(0.,1.,0.));
#2208=DIRECTION('',(1.,0.,0.));
#2209=DIRECTION('',(0.,0.,-1.));
#2210=DIRECTION('',(0.,0.,-1.));
#2211=DIRECTION('',(0.898640971147264,0.438684858384129,0.));
#2212=DIRECTION('',(-0.438684858384129,0.898640971147264,0.));
#2213=DIRECTION('',(0.898640971147264,0.438684858384129,0.));
#2214=DIRECTION('',(-0.438684858384129,0.898640971147264,0.));
#2215=DIRECTION('',(0.898640971147264,0.438684858384129,0.));
#2216=DIRECTION('',(-0.438684858384129,0.898640971147264,0.));
#2217=DIRECTION('',(0.,0.,1.));
#2218=DIRECTION('',(-0.438684858384129,0.898640971147264,0.));
#2219=DIRECTION('',(-0.898640971147264,-0.438684858384129,0.));
#2220=DIRECTION('',(0.,0.,1.));
#2221=DIRECTION('',(-0.898640971147264,-0.438684858384129,0.));
#2222=DIRECTION('',(0.438684858384129,-0.898640971147264,0.));
#2223=DIRECTION('',(0.,-1.,0.));
#2224=DIRECTION('',(1.,0.,0.));
#2225=DIRECTION('',(0.,1.,0.));
#2226=DIRECTION('',(0.,0.,1.));
#2227=DIRECTION('',(0.,-1.,0.));
#2228=DIRECTION('',(1.,0.,0.));
#2229=DIRECTION('',(0.,1.,0.));
#2230=DIRECTION('',(0.,0.,1.));
#2231=DIRECTION('',(0.,-1.,0.));
#2232=DIRECTION('',(1.,0.,0.));
#2233=DIRECTION('',(0.,1.,0.));
#2234=DIRECTION('',(0.,0.,1.));
#2235=DIRECTION('',(0.,-1.,0.));
#2236=DIRECTION('',(1.,0.,0.));
#2237=DIRECTION('',(0.,1.,0.));
#2238=DIRECTION('',(0.,0.,1.));
#2239=DIRECTION('',(0.,1.,0.));
#2240=DIRECTION('',(0.,0.,1.));
#2241=DIRECTION('',(0.,1.,0.));
#2242=DIRECTION('',(0.,1.,0.));
#2243=DIRECTION('',(0.,0.,1.));
#2244=DIRECTION('',(0.,1.,0.));
#2245=DIRECTION('',(0.,0.,1.));
#2246=DIRECTION('',(0.,1.,0.));
#2247=DIRECTION('',(0.,1.,0.));
#2248=DIRECTION('',(0.,0.,1.));
#2249=DIRECTION('',(0.,1.,0.));
#2250=DIRECTION('',(0.,0.,1.));
#2251=DIRECTION('',(0.,1.,0.));
#2252=DIRECTION('',(0.,1.,0.));
#2253=DIRECTION('',(0.,0.,1.));
#2254=DIRECTION('',(0.,1.,0.));
#2255=DIRECTION('',(0.,0.,1.));
#2256=DIRECTION('',(0.,1.,0.));
#2257=DIRECTION('',(0.,1.,0.));
#2258=DIRECTION('',(0.,0.,1.));
#2259=DIRECTION('',(0.,-1.,0.));
#2260=DIRECTION('',(1.,0.,0.));
#2261=DIRECTION('',(0.,1.,0.));
#2262=DIRECTION('',(0.,0.,1.));
#2263=DIRECTION('',(0.,-1.,0.));
#2264=DIRECTION('',(1.,0.,0.));
#2265=DIRECTION('',(0.,1.,0.));
#2266=DIRECTION('',(0.,0.,1.));
#2267=DIRECTION('',(0.,-1.,0.));
#2268=DIRECTION('',(1.,0.,0.));
#2269=DIRECTION('',(0.,1.,0.));
#2270=DIRECTION('',(0.,0.,1.));
#2271=DIRECTION('',(0.,-1.,0.));
#2272=DIRECTION('',(1.,0.,0.));
#2273=DIRECTION('',(0.,1.,0.));
#2274=DIRECTION('',(0.,0.,1.));
#2275=DIRECTION('',(0.,1.,0.));
#2276=DIRECTION('',(0.,0.,1.));
#2277=DIRECTION('',(0.,1.,0.));
#2278=DIRECTION('',(0.,1.,0.));
#2279=DIRECTION('',(0.,0.,1.));
#2280=DIRECTION('',(0.,1.,0.));
#2281=DIRECTION('',(0.,0.,1.));
#2282=DIRECTION('',(0.,1.,0.));
#2283=DIRECTION('',(0.,1.,0.));
#2284=DIRECTION('',(0.,0.,1.));
#2285=DIRECTION('',(0.,1.,0.));
#2286=DIRECTION('',(0.,0.,1.));
#2287=DIRECTION('',(0.,1.,0.));
#2288=DIRECTION('',(0.,1.,0.));
#2289=DIRECTION('',(0.,0.,1.));
#2290=DIRECTION('',(0.,1.,0.));
#2291=DIRECTION('',(0.,0.,1.));
#2292=DIRECTION('',(0.,1.,0.));
#2293=DIRECTION('',(0.,1.,0.));
#2294=DIRECTION('',(0.,0.,1.));
#2295=DIRECTION('',(0.,-1.,0.));
#2296=DIRECTION('',(1.,0.,0.));
#2297=DIRECTION('',(0.,-1.,0.));
#2298=DIRECTION('',(1.,0.,0.));
#2299=DIRECTION('',(0.,-1.,0.));
#2300=DIRECTION('',(1.,0.,0.));
#2301=DIRECTION('',(0.,-1.,0.));
#2302=DIRECTION('',(1.,0.,0.));
#2303=DIRECTION('',(4.55525540194611E-15,-0.0872042717714296,0.99619045116123));
#2304=DIRECTION('',(1.,1.5847815434362E-15,-4.43394701925231E-15));
#2305=DIRECTION('',(0.,0.,1.));
#2306=DIRECTION('',(1.,0.,0.));
#2307=DIRECTION('',(1.,0.,0.));
#2308=DIRECTION('',(0.,-1.,0.));
#2309=DIRECTION('',(1.,0.,0.));
#2310=DIRECTION('',(0.,-1.,0.));
#2311=DIRECTION('',(0.,0.,1.));
#2312=DIRECTION('',(1.,0.,0.));
#2313=DIRECTION('',(0.,0.,1.));
#2314=DIRECTION('',(1.,0.,0.));
#2315=DIRECTION('',(0.,0.,1.));
#2316=DIRECTION('',(1.,0.,0.));
#2317=DIRECTION('',(0.,0.,1.));
#2318=DIRECTION('',(1.,0.,0.));
#2319=DIRECTION('',(0.,0.,1.));
#2320=DIRECTION('',(1.,0.,0.));
#2321=DIRECTION('',(0.,-1.,0.));
#2322=DIRECTION('',(-1.,0.,0.));
#2323=DIRECTION('',(0.,1.,0.));
#2324=DIRECTION('',(1.,0.,0.));
#2325=DIRECTION('',(0.,0.,1.));
#2326=DIRECTION('',(1.,0.,0.));
#2327=DIRECTION('',(0.,0.,1.));
#2328=DIRECTION('',(1.,0.,0.));
#2329=DIRECTION('',(0.,0.,1.));
#2330=DIRECTION('',(1.,0.,0.));
#2331=DIRECTION('',(0.,0.,1.));
#2332=DIRECTION('',(1.,0.,0.));
#2333=DIRECTION('',(0.,0.,1.));
#2334=DIRECTION('',(1.,0.,0.));
#2335=DIRECTION('',(1.,0.,0.));
#2336=DIRECTION('',(0.,-1.,0.));
#2337=DIRECTION('',(1.,0.,0.));
#2338=DIRECTION('',(0.,-1.,0.));
#2339=DIRECTION('',(0.,-1.,0.));
#2340=DIRECTION('',(0.,0.,1.));
#2341=DIRECTION('',(1.,0.,0.));
#2342=DIRECTION('',(1.,0.,0.));
#2343=DIRECTION('',(0.,1.,0.));
#2344=DIRECTION('',(-1.,0.,0.));
#2345=DIRECTION('',(-1.,0.,0.));
#2346=DIRECTION('',(0.,0.,1.));
#2347=DIRECTION('',(0.,0.,-1.));
#2348=DIRECTION('',(0.,0.,1.));
#2349=DIRECTION('',(0.,-1.,0.));
#2350=DIRECTION('',(0.,0.,-1.));
#2351=DIRECTION('',(0.,0.,-1.));
#2352=DIRECTION('',(0.,0.,1.));
#2353=DIRECTION('',(0.,1.,0.));
#2354=DIRECTION('',(0.,0.,1.));
#2355=DIRECTION('',(0.,0.,-1.));
#2356=DIRECTION('',(0.,0.,-1.));
#2357=DIRECTION('',(1.,0.,0.));
#2358=DIRECTION('',(0.,0.,-1.));
#2359=DIRECTION('',(0.,0.,-1.));
#2360=DIRECTION('',(0.,1.,0.));
#2361=DIRECTION('',(0.,0.,1.));
#2362=DIRECTION('',(0.,0.,-1.));
#2363=DIRECTION('',(1.,0.,0.));
#2364=DIRECTION('',(0.,0.,-1.));
#2365=DIRECTION('',(1.,0.,0.));
#2366=DIRECTION('',(0.,0.,-1.));
#2367=DIRECTION('',(0.,0.,1.));
#2368=DIRECTION('',(0.,1.,0.));
#2369=DIRECTION('',(0.,0.,1.));
#2370=DIRECTION('',(0.,0.,1.));
#2371=DIRECTION('',(1.,0.,0.));
#2372=DIRECTION('',(0.,0.,-1.));
#2373=DIRECTION('',(-1.,0.,0.));
#2374=DIRECTION('',(0.,0.,-1.));
#2375=DIRECTION('',(-1.,0.,0.));
#2376=DIRECTION('',(0.,0.,-1.));
#2377=DIRECTION('',(-1.,0.,0.));
#2378=DIRECTION('',(0.,0.,-1.));
#2379=DIRECTION('',(-1.,0.,0.));
#2380=DIRECTION('',(-1.1920851198607E-15,0.99619045116123,0.0872042717714298));
#2381=DIRECTION('',(-1.47403602896796E-15,0.0872042717714298,-0.99619045116123));
#2382=CARTESIAN_POINT('',(0.,0.,0.));
#2383=CARTESIAN_POINT('',(0.065943197868186,0.001978857491779,0.0195));
#2384=CARTESIAN_POINT('',(0.0652325283976037,0.00343465586503757,0.0195));
#2385=CARTESIAN_POINT('',(0.0674341987769146,0.00450943376807874,0.0195));
#2386=CARTESIAN_POINT('',(0.0674791308254724,0.00453136801099817,0.0195));
#2387=CARTESIAN_POINT('',(0.0681898002960547,0.0030755696377396,0.0195));
#2388=CARTESIAN_POINT('',(0.0681448682474969,0.00305363539482018,0.0195));
#2389=CARTESIAN_POINT('',(0.06329905447827,0.012980230097954,0.083));
#2390=CARTESIAN_POINT('',(0.054419125921753,0.0311706633195382,0.083));
#2391=CARTESIAN_POINT('',(0.0544191259217482,0.0311706633195368,0.078));
#2392=CARTESIAN_POINT('',(0.0544191259217532,0.0311706633195391,0.00100000000000088));
#2393=CARTESIAN_POINT('',(0.06329905447827,0.012980230097954,0.078));
#2394=CARTESIAN_POINT('',(0.073549054405427,-0.00801677883170887,0.078));
#2395=CARTESIAN_POINT('',(0.0735490544054255,-0.00801677883170639,0.083));
#2396=CARTESIAN_POINT('',(0.0735490544054326,-0.00801677883170941,0.001));
#2397=CARTESIAN_POINT('',(0.0534567023040983,0.0331421772158946,0.00100000000000023));
#2398=CARTESIAN_POINT('',(0.0649200292016516,0.00965968170931953,0.00533725018));
#2399=CARTESIAN_POINT('',(0.0643716731286714,0.0107829829232536,0.00533725018));
#2400=CARTESIAN_POINT('',(0.0577870134137424,0.0242715838809014,0.00533725018));
#2401=CARTESIAN_POINT('',(0.0572386573407622,0.0253948850948355,0.00533725018));
#2402=CARTESIAN_POINT('',(0.0681448682474969,0.00305363539482018,0.0595));
#2403=CARTESIAN_POINT('',(0.0674341987769146,0.00450943376807874,0.0595));
#2404=CARTESIAN_POINT('',(0.057318125942587,0.025232094562738,0.072785));
#2405=CARTESIAN_POINT('',(0.057318125942584,0.0252320945627365,0.072785));
#2406=CARTESIAN_POINT('',(0.0653899273368465,0.00869710069362595,0.072785));
#2407=CARTESIAN_POINT('',(0.0573181259425809,0.025232094562735,0.083));
#2408=CARTESIAN_POINT('',(0.0573181259425807,0.0252320945627355,0.009785));
#2409=CARTESIAN_POINT('',(0.06329905447827,0.012980230097954,0.009785));
#2410=CARTESIAN_POINT('',(0.0653899273368477,0.00869710069362566,0.009785));
#2411=CARTESIAN_POINT('',(0.0653899273368465,0.00869710069362596,0.041285));
#2412=CARTESIAN_POINT('',(0.068189800296054,0.003075569637738,0.0195));
#2413=CARTESIAN_POINT('',(0.049925921066016,0.028977239027619,0.083));
#2414=CARTESIAN_POINT('',(0.0499259210660118,0.0289772390276169,0.078));
#2415=CARTESIAN_POINT('',(0.049925921066016,0.033977239027619,0.0824932048557367));
#2416=CARTESIAN_POINT('',(0.0499259210660165,0.0289772390276192,0.001));
#2417=CARTESIAN_POINT('',(0.049925921066016,0.033977239027619,-0.00349320485573665));
#2418=CARTESIAN_POINT('',(0.049925921066016,0.033977239027619,0.083));
#2419=CARTESIAN_POINT('',(0.049925921066016,0.033977239027619,-0.0016));
#2420=CARTESIAN_POINT('',(0.049925921066016,0.028977239027619,-0.0016));
#2421=CARTESIAN_POINT('',(0.0503888385666093,0.033955763647184,-0.0016));
#2422=CARTESIAN_POINT('',(0.0503888385666108,0.033955763647181,0.083));
#2423=CARTESIAN_POINT('',(0.0503888385666159,0.0339557636471835,0.0806));
#2424=CARTESIAN_POINT('',(0.049925921066016,0.028977239027619,0.0806));
#2425=CARTESIAN_POINT('',(0.049925921066016,0.033977239027619,0.0806));
#2426=CARTESIAN_POINT('',(0.049925921066016,0.033977239027619,0.083));
#2427=CARTESIAN_POINT('',(0.058805849622533,0.010786805806036,0.078));
#2428=CARTESIAN_POINT('',(0.0655444636235026,-0.00301716876542127,0.078));
#2429=CARTESIAN_POINT('',(0.0655444636235114,-0.0030171687654268,0.083));
#2430=CARTESIAN_POINT('',(0.04748509724166,0.033977239027619,0.083));
#2431=CARTESIAN_POINT('',(0.0487706608955829,0.033977239027619,0.083));
#2432=CARTESIAN_POINT('',(0.049925921066016,0.033977239027619,0.082493204855737));
#2433=CARTESIAN_POINT('',(0.04748509724166,0.033977239027619,0.083));
#2434=CARTESIAN_POINT('',(0.0588058496225432,0.010786805806041,0.083));
#2435=CARTESIAN_POINT('',(0.048963497448362,0.030948752923974,0.001));
#2436=CARTESIAN_POINT('',(0.04748509724166,0.033977239027619,-0.004));
#2437=CARTESIAN_POINT('',(0.04748509724166,0.033977239027619,-0.004));
#2438=CARTESIAN_POINT('',(0.0655444636234999,-0.00301716876541161,-0.004));
#2439=CARTESIAN_POINT('',(0.049925921066016,0.033977239027619,-0.00349320485573699));
#2440=CARTESIAN_POINT('',(0.0487706608955829,0.033977239027619,-0.00400000000000002));
#2441=CARTESIAN_POINT('',(0.04748509724166,0.033977239027619,-0.004));
#2442=CARTESIAN_POINT('',(0.0655444636235138,-0.00301716876542032,0.001));
#2443=CARTESIAN_POINT('',(0.01214905447827,-0.008019769902046,0.083));
#2444=CARTESIAN_POINT('',(0.01214905447827,-0.008019769902046,0.078));
#2445=CARTESIAN_POINT('',(-0.0442507018763686,-0.00802251738801224,0.078));
#2446=CARTESIAN_POINT('',(-0.04425070187637,-0.00802251738801224,0.083));
#2447=CARTESIAN_POINT('',(-0.0442507018763686,-0.00802251738801189,0.001));
#2448=CARTESIAN_POINT('',(0.0121500773370728,-0.00801976985221724,0.001));
#2449=CARTESIAN_POINT('',(0.061325897928853,0.007905153461616,0.00533725018));
#2450=CARTESIAN_POINT('',(0.0607775418558728,0.00902845467555008,0.00533725018));
#2451=CARTESIAN_POINT('',(0.0622149347979179,0.00973013926313165,0.00533725018));
#2452=CARTESIAN_POINT('',(0.062763290870898,0.00860683804919757,0.00533725018));
#2453=CARTESIAN_POINT('',(0.054192170328853,0.022516708151616,0.00533725018));
#2454=CARTESIAN_POINT('',(0.0536438142558728,0.0236400093655501,0.00533725018));
#2455=CARTESIAN_POINT('',(0.0550819190100087,0.0243420414347136,0.00533725018));
#2456=CARTESIAN_POINT('',(0.0556302750829888,0.0232187402207795,0.00533725018));
#2457=CARTESIAN_POINT('',(0.065943197868186,0.001978857491779,0.0595));
#2458=CARTESIAN_POINT('',(0.0652325283976037,0.00343465586503757,0.0595));
#2459=CARTESIAN_POINT('',(0.0674791308254724,0.00453136801099817,0.0595));
#2460=CARTESIAN_POINT('',(0.0681898002960547,0.0030755696377396,0.0595));
#2461=CARTESIAN_POINT('',(0.059197288308963,0.015911753968061,0.072785));
#2462=CARTESIAN_POINT('',(0.063233189006093,0.00764425703350399,0.072785));
#2463=CARTESIAN_POINT('',(0.0632331890060947,0.00764425703350482,0.072785));
#2464=CARTESIAN_POINT('',(0.061142316147516,0.011927386437833,0.072785));
#2465=CARTESIAN_POINT('',(0.05516138761183,0.0241792509026156,0.072785));
#2466=CARTESIAN_POINT('',(0.055161387611833,0.024179250902617,0.072785));
#2467=CARTESIAN_POINT('',(0.055161387611833,0.024179250902617,0.041285));
#2468=CARTESIAN_POINT('',(0.055161387611833,0.024179250902617,0.041285));
#2469=CARTESIAN_POINT('',(0.055161387611833,0.024179250902617,0.009785));
#2470=CARTESIAN_POINT('',(0.055161387611833,0.024179250902617,0.009785));
#2471=CARTESIAN_POINT('',(0.063233189006093,0.007644257033504,0.041285));
#2472=CARTESIAN_POINT('',(0.063233189006093,0.007644257033504,0.009785));
#2473=CARTESIAN_POINT('',(0.0632331890060938,0.00764425703350441,0.009785));
#2474=CARTESIAN_POINT('',(0.0632331890060947,0.00764425703350482,0.083));
#2475=CARTESIAN_POINT('',(0.059197288308963,0.015911753968061,0.009785));
#2476=CARTESIAN_POINT('',(0.055161387611833,0.024179250902617,0.009785));
#2477=CARTESIAN_POINT('',(0.001899054551125,0.033977239027619,0.083));
#2478=CARTESIAN_POINT('',(0.01214905447827,0.033977239027619,-0.004));
#2479=CARTESIAN_POINT('',(-0.04425094544887,0.033977239027619,-0.004));
#2480=CARTESIAN_POINT('',(-0.04425094544887,0.033977239027619,0.001));
#2481=CARTESIAN_POINT('',(-0.04925094544887,0.033977239027619,0.001));
#2482=CARTESIAN_POINT('',(-0.04925094544887,0.033977239027619,0.083));
#2483=CARTESIAN_POINT('',(-0.04925094544887,0.033977239027619,0.078));
#2484=CARTESIAN_POINT('',(-0.04425094544887,0.033977239027619,0.078));
#2485=CARTESIAN_POINT('',(-0.04425094544887,0.033977239027619,0.083));
#2486=CARTESIAN_POINT('',(0.001899054551125,0.033977239027619,0.083));
#2487=CARTESIAN_POINT('',(0.01214905447827,0.033977239027619,0.0806));
#2488=CARTESIAN_POINT('',(-0.04685094544887,0.033977239027619,0.0806));
#2489=CARTESIAN_POINT('',(-0.04685094544887,0.033977239027619,0.083));
#2490=CARTESIAN_POINT('',(-0.04685094544887,0.033977239027619,-0.0016));
#2491=CARTESIAN_POINT('',(0.001899054551125,0.033977239027619,-0.0016));
#2492=CARTESIAN_POINT('',(0.01214905447827,0.012977239027619,-0.0016));
#2493=CARTESIAN_POINT('',(0.061142316147516,0.011927386437833,-0.0016));
#2494=CARTESIAN_POINT('',(0.0697068508300984,-0.00561696599989115,-0.0016));
#2495=CARTESIAN_POINT('',(-0.04685094544887,0.012977239027619,-0.0016));
#2496=CARTESIAN_POINT('',(-0.04685094544887,-0.00562264405473097,-0.0016));
#2497=CARTESIAN_POINT('',(0.012148937563469,-0.005619769904893,-0.0016));
#2498=CARTESIAN_POINT('',(0.061142316147516,0.011927386437833,0.083));
#2499=CARTESIAN_POINT('',(0.069706850830094,-0.00561696599989115,0.083));
#2500=CARTESIAN_POINT('',(0.0697068508300939,-0.00561696599989162,0.0806));
#2501=CARTESIAN_POINT('',(0.050388838566621,0.033955763647186,0.0806));
#2502=CARTESIAN_POINT('',(0.0659881299167434,0.00200079173469822,0.0195));
#2503=CARTESIAN_POINT('',(0.0652774604461611,0.00345659010795679,0.0195));
#2504=CARTESIAN_POINT('',(0.0659881299167434,0.00200079173469822,0.0595));
#2505=CARTESIAN_POINT('',(0.0652774604461611,0.00345659010795679,0.0595));
#2506=CARTESIAN_POINT('',(0.061142316147516,0.011927386437833,0.0695));
#2507=CARTESIAN_POINT('',(0.053512815413403,0.0275563324067703,0.0695));
#2508=CARTESIAN_POINT('',(0.0543901851301706,0.0257590504644756,0.0695));
#2509=CARTESIAN_POINT('',(0.0543901851301737,0.0257590504644776,0.0695));
#2510=CARTESIAN_POINT('',(0.0543901851301737,0.0257590504644776,0.0095));
#2511=CARTESIAN_POINT('',(0.053512815413407,0.027556332406772,0.0095));
#2512=CARTESIAN_POINT('',(0.0535128154134066,0.0275563324067728,0.0095));
#2513=CARTESIAN_POINT('',(0.0535128154134066,0.0275563324067728,0.0695));
#2514=CARTESIAN_POINT('',(0.01214905447827,0.012977239027619,0.0806));
#2515=CARTESIAN_POINT('',(0.069706850830094,-0.005616965999892,0.0806));
#2516=CARTESIAN_POINT('',(-0.04685094544887,-0.005622644054731,0.0806));
#2517=CARTESIAN_POINT('',(-0.04685094544887,0.012977239027619,0.0806));
#2518=CARTESIAN_POINT('',(0.012148810905768,-0.003019769907979,0.078));
#2519=CARTESIAN_POINT('',(-0.04425094544887,-0.003022517393945,0.078));
#2520=CARTESIAN_POINT('',(-0.04425094544887,-0.00302251739394498,0.083));
#2521=CARTESIAN_POINT('',(0.012148810905768,-0.00301976990797874,0.083));
#2522=CARTESIAN_POINT('',(0.01214905447827,0.012977239027619,0.083));
#2523=CARTESIAN_POINT('',(-0.04425094544887,0.012977239027619,0.083));
#2524=CARTESIAN_POINT('',(0.01214905447827,0.012977239027619,-0.004));
#2525=CARTESIAN_POINT('',(0.065544463623494,-0.003017168765421,-0.004));
#2526=CARTESIAN_POINT('',(-0.04425094544887,-0.00302251739387378,-0.004));
#2527=CARTESIAN_POINT('',(-0.04425094544887,0.012977239027619,-0.004));
#2528=CARTESIAN_POINT('',(0.01214983376457,-0.00301976985815,0.001));
#2529=CARTESIAN_POINT('',(-0.04425094544887,-0.003022517393945,0.001));
#2530=CARTESIAN_POINT('',(-0.04425094544887,-0.003022517393945,0.083));
#2531=CARTESIAN_POINT('',(-0.04425094544887,-0.003022517393945,0.078));
#2532=CARTESIAN_POINT('',(-0.04925094544887,-0.003022517393945,0.078));
#2533=CARTESIAN_POINT('',(-0.04925094544887,-0.003022517393945,0.083));
#2534=CARTESIAN_POINT('',(-0.04925094544887,-0.003022517393945,0.001));
#2535=CARTESIAN_POINT('',(-0.04425094544887,-0.003022517393945,0.001));
#2536=CARTESIAN_POINT('',(0.068189800296054,0.003075569637738,0.0595));
#2537=CARTESIAN_POINT('',(-0.04425094544887,0.012977239027619,0.001));
#2538=CARTESIAN_POINT('',(-0.04425094544887,-0.003022517393945,0.001));
#2539=CARTESIAN_POINT('',(-0.04925094544887,0.012977239027619,0.001));
#2540=CARTESIAN_POINT('',(-0.04925094544887,0.012977239027619,0.083));
#2541=CARTESIAN_POINT('',(-0.04925094544887,0.012977239027619,0.04532));
#2542=CARTESIAN_POINT('',(-0.04925094544887,0.01704,0.04532));
#2543=CARTESIAN_POINT('',(-0.04925094544887,0.00704,0.04532));
#2544=CARTESIAN_POINT('',(-0.04925094544887,0.00704,0.083));
#2545=CARTESIAN_POINT('',(-0.04925094544887,0.00704,0.02932));
#2546=CARTESIAN_POINT('',(-0.04925094544887,0.012977239027619,0.02932));
#2547=CARTESIAN_POINT('',(-0.04925094544887,0.01704,0.02932));
#2548=CARTESIAN_POINT('',(-0.04925094544887,0.01704,0.083));
#2549=CARTESIAN_POINT('',(-0.04925094544887,0.012977239027619,0.078));
#2550=CARTESIAN_POINT('',(-0.04425094544887,0.012977239027619,0.078));
#2551=CARTESIAN_POINT('',(-0.04425094544887,-0.003022517393945,0.078));
#2552=CARTESIAN_POINT('',(-0.04685094544887,0.012977239027619,0.083));
#2553=CARTESIAN_POINT('',(-0.04685094544887,-0.005622644054731,0.083));
#2554=CARTESIAN_POINT('',(-0.04685094544887,0.01604,0.03732));
#2555=CARTESIAN_POINT('',(-0.04685094544887,0.01604,0.03032));
#2556=CARTESIAN_POINT('',(-0.04685094544887,0.01604,0.04432));
#2557=CARTESIAN_POINT('',(-0.04685094544887,0.012977239027619,0.03032));
#2558=CARTESIAN_POINT('',(-0.04685094544887,0.00804,0.03032));
#2559=CARTESIAN_POINT('',(-0.04685094544887,0.00804,0.083));
#2560=CARTESIAN_POINT('',(-0.04685094544887,0.00804,0.04432));
#2561=CARTESIAN_POINT('',(-0.04685094544887,0.01204,0.04432));
#2562=CARTESIAN_POINT('',(0.012148937563469,-0.005619769904893,0.083));
#2563=CARTESIAN_POINT('',(0.012148937563469,-0.005619769904893,0.013943));
#2564=CARTESIAN_POINT('',(-0.036449,-0.00562213732915285,0.013943));
#2565=CARTESIAN_POINT('',(-0.045449,-0.00562257575965848,0.013943));
#2566=CARTESIAN_POINT('',(-0.045449,-0.00562257575965848,0.083));
#2567=CARTESIAN_POINT('',(-0.045449,-0.00562257575965848,0.004943));
#2568=CARTESIAN_POINT('',(0.012148937563469,-0.005619769904893,0.004943));
#2569=CARTESIAN_POINT('',(-0.036449,-0.00562213732915285,0.004943));
#2570=CARTESIAN_POINT('',(-0.036449,-0.00562213732915285,0.083));
#2571=CARTESIAN_POINT('',(0.012148937563469,-0.005619769904893,0.071813));
#2572=CARTESIAN_POINT('',(0.049051,-0.00561797223934934,0.071813));
#2573=CARTESIAN_POINT('',(0.040051,-0.00561841066985497,0.071813));
#2574=CARTESIAN_POINT('',(0.040051,-0.00561841066985497,0.083));
#2575=CARTESIAN_POINT('',(0.040051,-0.00561841066985497,0.063943));
#2576=CARTESIAN_POINT('',(0.012148937563469,-0.005619769904893,0.063943));
#2577=CARTESIAN_POINT('',(0.049051,-0.00561797223934934,0.063943));
#2578=CARTESIAN_POINT('',(0.049051,-0.00561797223934934,0.083));
#2579=CARTESIAN_POINT('',(0.012148937563469,-0.005619769904893,0.011443));
#2580=CARTESIAN_POINT('',(0.049051,-0.00561797223934934,0.011443));
#2581=CARTESIAN_POINT('',(0.040051,-0.00561841066985497,0.011443));
#2582=CARTESIAN_POINT('',(0.040051,-0.00561841066985497,0.083));
#2583=CARTESIAN_POINT('',(0.040051,-0.00561841066985497,0.001643));
#2584=CARTESIAN_POINT('',(0.012148937563469,-0.005619769904893,0.001643));
#2585=CARTESIAN_POINT('',(0.049051,-0.00561797223934934,0.001643));
#2586=CARTESIAN_POINT('',(0.049051,-0.00561797223934934,0.083));
#2587=CARTESIAN_POINT('',(0.012148937563469,-0.005619769904893,0.070943));
#2588=CARTESIAN_POINT('',(-0.035949,-0.00562211297190254,0.070943));
#2589=CARTESIAN_POINT('',(-0.044949,-0.00562255140240817,0.070943));
#2590=CARTESIAN_POINT('',(-0.044949,-0.00562255140240817,0.083));
#2591=CARTESIAN_POINT('',(-0.044949,-0.00562255140240817,0.061943));
#2592=CARTESIAN_POINT('',(0.012148937563469,-0.005619769904893,0.061943));
#2593=CARTESIAN_POINT('',(-0.035949,-0.00562211297190254,0.061943));
#2594=CARTESIAN_POINT('',(-0.035949,-0.00562211297190254,0.083));
#2595=CARTESIAN_POINT('',(0.065943197868186,0.001978857491779,0.0195));
#2596=CARTESIAN_POINT('',(0.0652325283976037,0.00343465586503757,0.0195));
#2597=CARTESIAN_POINT('',(0.0652325283976037,0.00343465586503757,0.0195));
#2598=CARTESIAN_POINT('',(0.065943197868186,0.001978857491779,0.0195));
#2599=CARTESIAN_POINT('',(0.065943197868186,0.001978857491779,0.0595));
#2600=CARTESIAN_POINT('',(0.0652325283976037,0.00343465586503757,0.0595));
#2601=CARTESIAN_POINT('',(0.0652325283976037,0.00343465586503757,0.0595));
#2602=CARTESIAN_POINT('',(0.065943197868186,0.001978857491779,0.0595));
#2603=CARTESIAN_POINT('',(0.05265873138585,0.02713939867828,0.0695));
#2604=CARTESIAN_POINT('',(0.053512815413407,0.027556332406772,0.0695));
#2605=CARTESIAN_POINT('',(0.0512658378805708,0.0264594371477849,0.0695));
#2606=CARTESIAN_POINT('',(0.05265873138585,0.02713939867828,0.0095));
#2607=CARTESIAN_POINT('',(0.0512658378805708,0.0264594371477846,0.0095));
#2608=CARTESIAN_POINT('',(0.0512658378805707,0.0264594371477848,0.0695));
#2609=CARTESIAN_POINT('',(0.053097416244234,0.025521844930215,0.0695));
#2610=CARTESIAN_POINT('',(0.051265837880571,0.026459437147785,0.0695));
#2611=CARTESIAN_POINT('',(0.052845103370753,0.0232243296516541,0.0695));
#2612=CARTESIAN_POINT('',(0.052845103370753,0.023224329651654,0.0695));
#2613=CARTESIAN_POINT('',(0.0536538802447862,0.0236191460242001,0.0695));
#2614=CARTESIAN_POINT('',(0.053653880244786,0.0236191460242,0.0695));
#2615=CARTESIAN_POINT('',(0.0529519844713721,0.0250569715780358,0.0695));
#2616=CARTESIAN_POINT('',(0.052951984471372,0.025056971578036,0.0695));
#2617=CARTESIAN_POINT('',(0.053097416244234,0.025521844930215,0.0095));
#2618=CARTESIAN_POINT('',(0.053940489539634,0.025539524922258,0.0095));
#2619=CARTESIAN_POINT('',(0.0529519844713721,0.0250569715780355,0.0095));
#2620=CARTESIAN_POINT('',(0.053302932358079,0.024338058801118,0.0095));
#2621=CARTESIAN_POINT('',(0.0536538802447863,0.0236191460242003,0.0095));
#2622=CARTESIAN_POINT('',(0.053249491807769,0.023421737837927,0.0095));
#2623=CARTESIAN_POINT('',(0.0528451033707533,0.0232243296516544,0.0095));
#2624=CARTESIAN_POINT('',(0.052055470625662,0.02484188339972,0.0095));
#2625=CARTESIAN_POINT('',(0.053940489539634,0.025539524922258,0.0695));
#2626=CARTESIAN_POINT('',(0.0529519844713722,0.0250569715780356,0.0695));
#2627=CARTESIAN_POINT('',(-0.04425094544887,-0.003022517393945,0.078));
#2628=CARTESIAN_POINT('',(-0.04425094544887,-0.003022517393945,0.001));
#2629=CARTESIAN_POINT('',(-0.04925094544887,0.012977239027619,0.04532));
#2630=CARTESIAN_POINT('',(-0.04925094544887,0.01704,0.04532));
#2631=CARTESIAN_POINT('',(-0.04825094544887,0.01604,0.04432));
#2632=CARTESIAN_POINT('',(-0.04825094544887,0.01204,0.04432));
#2633=CARTESIAN_POINT('',(-0.04825094544887,0.00804,0.04432));
#2634=CARTESIAN_POINT('',(-0.04925094544887,0.00704,0.04532));
#2635=CARTESIAN_POINT('',(-0.04825094544887,0.00804,0.03732));
#2636=CARTESIAN_POINT('',(-0.04925094544887,0.00704,0.02932));
#2637=CARTESIAN_POINT('',(-0.04825094544887,0.00804,0.03032));
#2638=CARTESIAN_POINT('',(-0.04825094544887,0.00804,0.03732));
#2639=CARTESIAN_POINT('',(-0.04825094544887,0.01204,0.03032));
#2640=CARTESIAN_POINT('',(-0.04825094544887,0.01604,0.03032));
#2641=CARTESIAN_POINT('',(-0.04825094544887,0.01604,0.03032));
#2642=CARTESIAN_POINT('',(-0.04825094544887,0.01204,0.03032));
#2643=CARTESIAN_POINT('',(-0.04925094544887,0.01704,0.083));
#2644=CARTESIAN_POINT('',(-0.04825094544887,0.01604,0.03732));
#2645=CARTESIAN_POINT('',(-0.04685094544887,0.01604,0.03732));
#2646=CARTESIAN_POINT('',(-0.04685094544887,0.01604,0.04432));
#2647=CARTESIAN_POINT('',(-0.04685094544887,0.01604,0.03032));
#2648=CARTESIAN_POINT('',(-0.04685094544887,0.01204,0.03032));
#2649=CARTESIAN_POINT('',(-0.04685094544887,0.00804,0.03032));
#2650=CARTESIAN_POINT('',(-0.04685094544887,0.00804,0.03732));
#2651=CARTESIAN_POINT('',(-0.04685094544887,0.00804,0.04432));
#2652=CARTESIAN_POINT('',(-0.04685094544887,0.01204,0.04432));
#2653=CARTESIAN_POINT('',(-0.040949,0.02568,0.013943));
#2654=CARTESIAN_POINT('',(-0.036449,0.02568,0.013943));
#2655=CARTESIAN_POINT('',(-0.036449,0.02568,0.013943));
#2656=CARTESIAN_POINT('',(-0.040949,0.02568,0.013943));
#2657=CARTESIAN_POINT('',(-0.045449,0.02568,0.013943));
#2658=CARTESIAN_POINT('',(-0.045449,0.02568,0.013943));
#2659=CARTESIAN_POINT('',(-0.045449,0.02568,0.009443));
#2660=CARTESIAN_POINT('',(-0.045449,0.02568,0.009443));
#2661=CARTESIAN_POINT('',(-0.045449,0.02568,0.004943));
#2662=CARTESIAN_POINT('',(-0.045449,0.02568,0.004943));
#2663=CARTESIAN_POINT('',(-0.040949,0.02568,0.004943));
#2664=CARTESIAN_POINT('',(-0.040949,0.02568,0.004943));
#2665=CARTESIAN_POINT('',(-0.036449,0.02568,0.004943));
#2666=CARTESIAN_POINT('',(-0.036449,0.02568,0.004943));
#2667=CARTESIAN_POINT('',(-0.036449,0.02568,0.009443));
#2668=CARTESIAN_POINT('',(-0.036449,0.02568,0.009443));
#2669=CARTESIAN_POINT('',(0.044551,0.02568,0.071813));
#2670=CARTESIAN_POINT('',(0.049051,0.02568,0.071813));
#2671=CARTESIAN_POINT('',(0.049051,0.02568,0.071813));
#2672=CARTESIAN_POINT('',(0.044551,0.02568,0.071813));
#2673=CARTESIAN_POINT('',(0.040051,0.02568,0.071813));
#2674=CARTESIAN_POINT('',(0.040051,0.02568,0.071813));
#2675=CARTESIAN_POINT('',(0.040051,0.02568,0.067878));
#2676=CARTESIAN_POINT('',(0.040051,0.02568,0.067878));
#2677=CARTESIAN_POINT('',(0.040051,0.02568,0.063943));
#2678=CARTESIAN_POINT('',(0.040051,0.02568,0.063943));
#2679=CARTESIAN_POINT('',(0.044551,0.02568,0.063943));
#2680=CARTESIAN_POINT('',(0.044551,0.02568,0.063943));
#2681=CARTESIAN_POINT('',(0.049051,0.02568,0.063943));
#2682=CARTESIAN_POINT('',(0.049051,0.02568,0.063943));
#2683=CARTESIAN_POINT('',(0.049051,0.02568,0.067878));
#2684=CARTESIAN_POINT('',(0.049051,0.02568,0.067878));
#2685=CARTESIAN_POINT('',(0.044551,0.02568,0.011443));
#2686=CARTESIAN_POINT('',(0.049051,0.02568,0.011443));
#2687=CARTESIAN_POINT('',(0.049051,0.02568,0.011443));
#2688=CARTESIAN_POINT('',(0.044551,0.02568,0.011443));
#2689=CARTESIAN_POINT('',(0.040051,0.02568,0.011443));
#2690=CARTESIAN_POINT('',(0.040051,0.02568,0.011443));
#2691=CARTESIAN_POINT('',(0.040051,0.02568,0.006543));
#2692=CARTESIAN_POINT('',(0.040051,0.02568,0.006543));
#2693=CARTESIAN_POINT('',(0.040051,0.02568,0.001643));
#2694=CARTESIAN_POINT('',(0.040051,0.02568,0.001643));
#2695=CARTESIAN_POINT('',(0.044551,0.02568,0.001643));
#2696=CARTESIAN_POINT('',(0.044551,0.02568,0.001643));
#2697=CARTESIAN_POINT('',(0.049051,0.02568,0.001643));
#2698=CARTESIAN_POINT('',(0.049051,0.02568,0.001643));
#2699=CARTESIAN_POINT('',(0.049051,0.02568,0.006543));
#2700=CARTESIAN_POINT('',(0.049051,0.02568,0.006543));
#2701=CARTESIAN_POINT('',(-0.040449,0.02568,0.070943));
#2702=CARTESIAN_POINT('',(-0.035949,0.02568,0.070943));
#2703=CARTESIAN_POINT('',(-0.035949,0.02568,0.070943));
#2704=CARTESIAN_POINT('',(-0.040449,0.02568,0.070943));
#2705=CARTESIAN_POINT('',(-0.044949,0.02568,0.070943));
#2706=CARTESIAN_POINT('',(-0.044949,0.02568,0.070943));
#2707=CARTESIAN_POINT('',(-0.044949,0.02568,0.066443));
#2708=CARTESIAN_POINT('',(-0.044949,0.02568,0.066443));
#2709=CARTESIAN_POINT('',(-0.044949,0.02568,0.061943));
#2710=CARTESIAN_POINT('',(-0.044949,0.02568,0.061943));
#2711=CARTESIAN_POINT('',(-0.040449,0.02568,0.061943));
#2712=CARTESIAN_POINT('',(-0.040449,0.02568,0.061943));
#2713=CARTESIAN_POINT('',(-0.035949,0.02568,0.061943));
#2714=CARTESIAN_POINT('',(-0.035949,0.02568,0.061943));
#2715=CARTESIAN_POINT('',(-0.035949,0.02568,0.066443));
#2716=CARTESIAN_POINT('',(-0.035949,0.02568,0.066443));
#2717=CARTESIAN_POINT('',(0.065943197868186,0.001978857491779,0.0195));
#2718=CARTESIAN_POINT('',(0.065943197868186,0.001978857491779,0.0595));
#2719=CARTESIAN_POINT('',(0.052055470625662,0.02484188339972,0.0695));
#2720=CARTESIAN_POINT('',(0.0528451033707529,0.0232243296516542,0.0695));
#2721=CARTESIAN_POINT('',(0.053249491807769,0.023421737837927,0.0695));
#2722=CARTESIAN_POINT('',(0.0536538802447863,0.0236191460242001,0.0695));
#2723=CARTESIAN_POINT('',(0.053302932358079,0.024338058801118,0.0695));
#2724=CARTESIAN_POINT('',(0.001801,0.02568,0.036728));
#2725=CARTESIAN_POINT('',(-0.040949,0.02568,0.009443));
#2726=CARTESIAN_POINT('',(-0.040949,0.02568,0.007143));
#2727=CARTESIAN_POINT('',(0.001801,0.02568,0.036728));
#2728=CARTESIAN_POINT('',(0.044551,0.02568,0.068443));
#2729=CARTESIAN_POINT('',(0.044551,0.02568,0.066143));
#2730=CARTESIAN_POINT('',(0.001801,0.02568,0.036728));
#2731=CARTESIAN_POINT('',(0.044551,0.02568,0.006943));
#2732=CARTESIAN_POINT('',(0.044551,0.02568,0.004643));
#2733=CARTESIAN_POINT('',(0.001801,0.02568,0.036728));
#2734=CARTESIAN_POINT('',(-0.040449,0.02568,0.066443));
#2735=CARTESIAN_POINT('',(-0.040449,0.02568,0.064143));
#2736=CARTESIAN_POINT('',(-0.040949,0.02068,0.009443));
#2737=CARTESIAN_POINT('',(-0.040949,0.02068,0.007143));
#2738=CARTESIAN_POINT('',(-0.040949,0.02068,0.007143));
#2739=CARTESIAN_POINT('',(-0.040949,0.02068,0.009443));
#2740=CARTESIAN_POINT('',(0.044551,0.02068,0.068443));
#2741=CARTESIAN_POINT('',(0.044551,0.02068,0.066143));
#2742=CARTESIAN_POINT('',(0.044551,0.02068,0.066143));
#2743=CARTESIAN_POINT('',(0.044551,0.02068,0.068443));
#2744=CARTESIAN_POINT('',(0.044551,0.02068,0.006943));
#2745=CARTESIAN_POINT('',(0.044551,0.02068,0.004643));
#2746=CARTESIAN_POINT('',(0.044551,0.02068,0.004643));
#2747=CARTESIAN_POINT('',(0.044551,0.02068,0.006943));
#2748=CARTESIAN_POINT('',(-0.040449,0.02068,0.066443));
#2749=CARTESIAN_POINT('',(-0.040449,0.02068,0.064143));
#2750=CARTESIAN_POINT('',(-0.040449,0.02068,0.064143));
#2751=CARTESIAN_POINT('',(-0.040449,0.02068,0.066443));
#2752=CARTESIAN_POINT('',(0.001801,0.02068,0.037693));
#2753=CARTESIAN_POINT('',(-0.040949,0.02068,0.009443));
#2754=CARTESIAN_POINT('',(-0.040949,0.02068,0.007843));
#2755=CARTESIAN_POINT('',(0.001801,0.02068,0.037693));
#2756=CARTESIAN_POINT('',(0.044551,0.02068,0.068443));
#2757=CARTESIAN_POINT('',(0.044551,0.02068,0.066843));
#2758=CARTESIAN_POINT('',(0.001801,0.02068,0.037693));
#2759=CARTESIAN_POINT('',(0.044551,0.02068,0.006943));
#2760=CARTESIAN_POINT('',(0.044551,0.02068,0.005343));
#2761=CARTESIAN_POINT('',(0.001801,0.02068,0.037693));
#2762=CARTESIAN_POINT('',(-0.040449,0.02068,0.066443));
#2763=CARTESIAN_POINT('',(-0.040449,0.02068,0.064843));
#2764=CARTESIAN_POINT('',(-0.040949,0.00968,0.009443));
#2765=CARTESIAN_POINT('',(-0.040949,0.00968,0.007843));
#2766=CARTESIAN_POINT('',(-0.040949,0.00968,0.007843));
#2767=CARTESIAN_POINT('',(-0.040949,0.00968,0.009443));
#2768=CARTESIAN_POINT('',(0.044551,0.00968,0.068443));
#2769=CARTESIAN_POINT('',(0.044551,0.00968,0.066843));
#2770=CARTESIAN_POINT('',(0.044551,0.00968,0.066843));
#2771=CARTESIAN_POINT('',(0.044551,0.00968,0.068443));
#2772=CARTESIAN_POINT('',(0.044551,0.00968,0.006943));
#2773=CARTESIAN_POINT('',(0.044551,0.00968,0.005343));
#2774=CARTESIAN_POINT('',(0.044551,0.00968,0.005343));
#2775=CARTESIAN_POINT('',(0.044551,0.00968,0.006943));
#2776=CARTESIAN_POINT('',(-0.040449,0.00968,0.066443));
#2777=CARTESIAN_POINT('',(-0.040449,0.00968,0.064843));
#2778=CARTESIAN_POINT('',(-0.040449,0.00968,0.064843));
#2779=CARTESIAN_POINT('',(-0.040449,0.00968,0.066443));
#2780=CARTESIAN_POINT('',(0.001801,0.00968,0.037693));
#2781=CARTESIAN_POINT('',(0.001801,0.00968,0.037693));
#2782=CARTESIAN_POINT('',(0.001801,0.00968,0.037693));
#2783=CARTESIAN_POINT('',(0.001801,0.00968,0.037693));
#2784=CARTESIAN_POINT('',(0.00880009659912493,0.00738274380992188,0.00324126477675954));
#2785=CARTESIAN_POINT('',(0.00438,-0.0033982153981924,0.002));
#2786=CARTESIAN_POINT('',(0.00438,0.0486017846018076,0.002));
#2787=CARTESIAN_POINT('',(-0.03912,0.0486017846018076,0.002));
#2788=CARTESIAN_POINT('',(0.04788,0.0486017846018076,0.002));
#2789=CARTESIAN_POINT('',(-0.03912,-0.00339821539819241,0.002));
#2790=CARTESIAN_POINT('',(-0.03912,-0.0553982153981924,0.002));
#2791=CARTESIAN_POINT('',(0.00438,-0.0553982153981924,0.002));
#2792=CARTESIAN_POINT('',(0.04788,-0.0553982153981924,0.002));
#2793=CARTESIAN_POINT('',(0.04788,-0.00339821539819242,0.002));
#2794=CARTESIAN_POINT('',(0.02544,0.0278017846018076,0.002));
#2795=CARTESIAN_POINT('',(0.03194,0.0278017846018076,0.002));
#2796=CARTESIAN_POINT('',(0.034437,0.040299,0.002));
#2797=CARTESIAN_POINT('',(0.036037,0.040299,0.002));
#2798=CARTESIAN_POINT('',(0.036937,-0.045201,0.002));
#2799=CARTESIAN_POINT('',(0.038537,-0.045201,0.002));
#2800=CARTESIAN_POINT('',(-0.022563,0.039799,0.002));
#2801=CARTESIAN_POINT('',(-0.020963,0.039799,0.002));
#2802=CARTESIAN_POINT('',(-0.024563,-0.045201,0.002));
#2803=CARTESIAN_POINT('',(-0.02531,-0.0437860826879284,0.002));
#2804=CARTESIAN_POINT('',(-0.0230066070547577,-0.04483,0.002));
#2805=CARTESIAN_POINT('',(-0.02531,-0.01583,0.002));
#2806=CARTESIAN_POINT('',(-0.02531,0.01317,0.002));
#2807=CARTESIAN_POINT('',(0.00369,0.01317,0.002));
#2808=CARTESIAN_POINT('',(0.03269,0.01317,0.002));
#2809=CARTESIAN_POINT('',(0.03269,-0.01583,0.002));
#2810=CARTESIAN_POINT('',(0.03269,-0.04483,0.002));
#2811=CARTESIAN_POINT('',(0.00369,-0.04483,0.002));
#2812=CARTESIAN_POINT('',(0.00438,-0.0033982153981924,0.));
#2813=CARTESIAN_POINT('',(-0.022563,0.039799,0.));
#2814=CARTESIAN_POINT('',(-0.020963,0.039799,0.));
#2815=CARTESIAN_POINT('',(0.036937,-0.045201,0.));
#2816=CARTESIAN_POINT('',(0.038537,-0.045201,0.));
#2817=CARTESIAN_POINT('',(0.034437,0.040299,0.));
#2818=CARTESIAN_POINT('',(0.036037,0.040299,0.));
#2819=CARTESIAN_POINT('',(0.02544,0.0278017846018076,0.));
#2820=CARTESIAN_POINT('',(0.03194,0.0278017846018076,0.));
#2821=CARTESIAN_POINT('',(0.00438,0.0486017846018076,0.));
#2822=CARTESIAN_POINT('',(-0.03912,0.0486017846018076,0.));
#2823=CARTESIAN_POINT('',(0.04788,0.0486017846018076,0.));
#2824=CARTESIAN_POINT('',(0.04788,-0.00339821539819242,0.));
#2825=CARTESIAN_POINT('',(0.04788,-0.0553982153981924,0.));
#2826=CARTESIAN_POINT('',(0.00438,-0.0553982153981924,0.));
#2827=CARTESIAN_POINT('',(-0.03912,-0.0553982153981924,0.));
#2828=CARTESIAN_POINT('',(-0.03912,-0.00339821539819241,0.));
#2829=CARTESIAN_POINT('',(-0.02531,-0.01583,0.));
#2830=CARTESIAN_POINT('',(-0.02531,0.01317,0.));
#2831=CARTESIAN_POINT('',(-0.02531,-0.0437860826879284,0.));
#2832=CARTESIAN_POINT('',(-0.024563,-0.045201,0.));
#2833=CARTESIAN_POINT('',(-0.0230066070547577,-0.04483,0.));
#2834=CARTESIAN_POINT('',(0.00369,-0.04483,0.));
#2835=CARTESIAN_POINT('',(0.03269,-0.04483,0.));
#2836=CARTESIAN_POINT('',(0.03269,-0.01583,0.));
#2837=CARTESIAN_POINT('',(0.03269,0.01317,0.));
#2838=CARTESIAN_POINT('',(0.00369,0.01317,0.));
#2839=CARTESIAN_POINT('',(-0.02531,-0.01583,0.));
#2840=CARTESIAN_POINT('',(-0.02531,-0.0437860826879284,0.002));
#2841=CARTESIAN_POINT('',(-0.02531,0.01317,0.));
#2842=CARTESIAN_POINT('',(0.00369,-0.04483,0.));
#2843=CARTESIAN_POINT('',(-0.0230066070547577,-0.04483,0.002));
#2844=CARTESIAN_POINT('',(0.03269,-0.04483,0.));
#2845=CARTESIAN_POINT('',(0.00438,0.0486017846018076,0.002));
#2846=CARTESIAN_POINT('',(-0.03912,0.0486017846018076,0.002));
#2847=CARTESIAN_POINT('',(0.04788,0.0486017846018076,0.002));
#2848=CARTESIAN_POINT('',(-0.03912,-0.00339821539819241,0.002));
#2849=CARTESIAN_POINT('',(-0.03912,-0.0553982153981924,0.002));
#2850=CARTESIAN_POINT('',(0.00438,-0.0553982153981924,0.002));
#2851=CARTESIAN_POINT('',(0.04788,-0.0553982153981924,0.002));
#2852=CARTESIAN_POINT('',(0.04788,-0.00339821539819242,0.002));
#2853=CARTESIAN_POINT('',(0.03269,-0.01583,0.));
#2854=CARTESIAN_POINT('',(0.03269,0.01317,0.));
#2855=CARTESIAN_POINT('',(0.00369,0.01317,0.));
#2856=CARTESIAN_POINT('',(0.02544,0.0278017846018076,0.));
#2857=CARTESIAN_POINT('',(-0.024563,-0.045201,0.002));
#2858=CARTESIAN_POINT('',(0.034437,0.040299,0.002));
#2859=CARTESIAN_POINT('',(0.036937,-0.045201,0.002));
#2860=CARTESIAN_POINT('',(-0.022563,0.039799,0.002));
#2861=CARTESIAN_POINT('',(0.00815093575206254,0.0374040214407282,0.0499170621599215));
#2862=MECHANICAL_DESIGN_GEOMETRIC_PRESENTATION_REPRESENTATION('',(#1721,
#1722),#2863);
#2863=(
GEOMETRIC_REPRESENTATION_CONTEXT(3)
GLOBAL_UNCERTAINTY_ASSIGNED_CONTEXT((#2866))
GLOBAL_UNIT_ASSIGNED_CONTEXT((#2871,#2870,#2869))
REPRESENTATION_CONTEXT('Top and Bottom','TOP_LEVEL_ASSEMBLY_PART')
);
#2864=(
GEOMETRIC_REPRESENTATION_CONTEXT(3)
GLOBAL_UNCERTAINTY_ASSIGNED_CONTEXT((#2867))
GLOBAL_UNIT_ASSIGNED_CONTEXT((#2871,#2870,#2869))
REPRESENTATION_CONTEXT('Part 1','COMPONENT_PART')
);
#2865=(
GEOMETRIC_REPRESENTATION_CONTEXT(3)
GLOBAL_UNCERTAINTY_ASSIGNED_CONTEXT((#2868))
GLOBAL_UNIT_ASSIGNED_CONTEXT((#2871,#2870,#2869))
REPRESENTATION_CONTEXT('Part 1','COMPONENT_PART')
);
#2866=UNCERTAINTY_MEASURE_WITH_UNIT(LENGTH_MEASURE(1.E-8),#2871,
'DISTANCE_ACCURACY_VALUE','Maximum Tolerance applied to model');
#2867=UNCERTAINTY_MEASURE_WITH_UNIT(LENGTH_MEASURE(1.E-8),#2871,
'DISTANCE_ACCURACY_VALUE','Maximum Tolerance applied to model');
#2868=UNCERTAINTY_MEASURE_WITH_UNIT(LENGTH_MEASURE(1.E-8),#2871,
'DISTANCE_ACCURACY_VALUE','Maximum Tolerance applied to model');
#2869=(
NAMED_UNIT(*)
SI_UNIT($,.STERADIAN.)
SOLID_ANGLE_UNIT()
);
#2870=(
NAMED_UNIT(*)
PLANE_ANGLE_UNIT()
SI_UNIT($,.RADIAN.)
);
#2871=(
LENGTH_UNIT()
NAMED_UNIT(*)
SI_UNIT($,.METRE.)
);
#2872=PRODUCT_DEFINITION_SHAPE('','',#2877);
#2873=PRODUCT_DEFINITION_SHAPE('','',#2878);
#2874=PRODUCT_DEFINITION_SHAPE(' ','NAUO PRDDFN',#13);
#2875=PRODUCT_DEFINITION_SHAPE('','',#2879);
#2876=PRODUCT_DEFINITION_SHAPE(' ','NAUO PRDDFN',#14);
#2877=PRODUCT_DEFINITION('','',#2883,#2880);
#2878=PRODUCT_DEFINITION('','',#2884,#2881);
#2879=PRODUCT_DEFINITION('','',#2885,#2882);
#2880=PRODUCT_DEFINITION_CONTEXT('',#2899,'design');
#2881=PRODUCT_DEFINITION_CONTEXT('',#2899,'design');
#2882=PRODUCT_DEFINITION_CONTEXT('',#2899,'design');
#2883=PRODUCT_DEFINITION_FORMATION_WITH_SPECIFIED_SOURCE('','',#2889,
 .NOT_KNOWN.);
#2884=PRODUCT_DEFINITION_FORMATION_WITH_SPECIFIED_SOURCE('','',#2890,
 .NOT_KNOWN.);
#2885=PRODUCT_DEFINITION_FORMATION_WITH_SPECIFIED_SOURCE('','',#2891,
 .NOT_KNOWN.);
#2886=PRODUCT_RELATED_PRODUCT_CATEGORY('','',(#2889));
#2887=PRODUCT_RELATED_PRODUCT_CATEGORY('','',(#2890));
#2888=PRODUCT_RELATED_PRODUCT_CATEGORY('','',(#2891));
#2889=PRODUCT('Top and Bottom','Top and Bottom','Top and Bottom',(#2895));
#2890=PRODUCT('Part 1','Part 1','Part 1',(#2896));
#2891=PRODUCT('Part 1','Part 1','Part 1',(#2897));
#2892=PRODUCT_CATEGORY('','');
#2893=PRODUCT_CATEGORY('','');
#2894=PRODUCT_CATEGORY('','');
#2895=PRODUCT_CONTEXT('',#2899,'mechanical');
#2896=PRODUCT_CONTEXT('',#2899,'mechanical');
#2897=PRODUCT_CONTEXT('',#2899,'mechanical');
#2898=APPLICATION_PROTOCOL_DEFINITION('international standard',
'ap242_managed_model_based_3d_engineering',2020,#2899);
#2899=APPLICATION_CONTEXT('managed model based 3d engineering');
ENDSEC;
END-ISO-10303-21;
