ISO-10303-21;
HEADER;
/* Generated by software containing ST-Developer
 * from STEP Tools, Inc. (www.steptools.com) 
 */
/* OPTION: using custom renumber hook */

FILE_DESCRIPTION(
/* description */ ('STEP AP214',
'CAx-IF Rec.Pracs.---User Defined Attributes---1.5---2016-08-15'),
/* implementation_level */ '2;1');

FILE_NAME(
/* name */ '6ab80d62420e24b7ead9be5b',
/* time_stamp */ '2026-09-26T18:22:26Z',
/* author */ (''),
/* organization */ (''),
/* preprocessor_version */ 'ST-DEVELOPER v20',
/* originating_system */ 'ONSHAPE BY PTC INC, 1.221',
/* authorisation */ '  ');

FILE_SCHEMA (('AUTOMOTIVE_DESIGN {1 0 10303 214 3 1 1}'));
ENDSEC;

DATA;
#10=PROPERTY_DEFINITION_REPRESENTATION(#14,#12);
#11=PROPERTY_DEFINITION_REPRESENTATION(#15,#13);
#12=REPRESENTATION('',(#16),#2643);
#13=REPRESENTATION('',(#17),#2643);
#14=PROPERTY_DEFINITION('pmi validation property','',#2652);
#15=PROPERTY_DEFINITION('pmi validation property','',#2652);
#16=VALUE_REPRESENTATION_ITEM('number of annotations',COUNT_MEASURE(0.));
#17=VALUE_REPRESENTATION_ITEM('number of views',COUNT_MEASURE(0.));
#18=SPHERICAL_SURFACE('',#1685,0.005);
#19=SPHERICAL_SURFACE('',#1687,0.005);
#20=ELLIPSE('',#1660,0.00556395730946426,0.005);
#21=ELLIPSE('',#1661,0.00556395730946426,0.005);
#22=ELLIPSE('',#1690,0.00943766784756578,0.005);
#23=ELLIPSE('',#1692,0.00943766784756578,0.005);
#24=ELLIPSE('',#1694,0.00707106781186547,0.005);
#25=ELLIPSE('',#1696,0.00707106781186547,0.005);
#26=COLOUR_RGB('',0.647058823529412,0.647058823529412,0.647058823529412);
#27=CONTEXT_DEPENDENT_SHAPE_REPRESENTATION(#31,#2654);
#28=CONTEXT_DEPENDENT_SHAPE_REPRESENTATION(#32,#2656);
#29=NEXT_ASSEMBLY_USAGE_OCCURRENCE('NAUO1','Part 1','Part 1',#2657,#2658,
'');
#30=NEXT_ASSEMBLY_USAGE_OCCURRENCE('NAUO2','Part 1','Part 1',#2657,#2659,
'');
#31=(
REPRESENTATION_RELATIONSHIP(' ',' ',#1620,#1619)
REPRESENTATION_RELATIONSHIP_WITH_TRANSFORMATION(#33)
SHAPE_REPRESENTATION_RELATIONSHIP()
);
#32=(
REPRESENTATION_RELATIONSHIP(' ',' ',#1621,#1619)
REPRESENTATION_RELATIONSHIP_WITH_TRANSFORMATION(#34)
SHAPE_REPRESENTATION_RELATIONSHIP()
);
#33=ITEM_DEFINED_TRANSFORMATION(' ',' ',#1622,#1648);
#34=ITEM_DEFINED_TRANSFORMATION(' ',' ',#1622,#1763);
#35=SHAPE_REPRESENTATION_RELATIONSHIP('','',#1620,#37);
#36=SHAPE_REPRESENTATION_RELATIONSHIP('','',#1621,#38);
#37=ADVANCED_BREP_SHAPE_REPRESENTATION('',(#1614),#2644);
#38=ADVANCED_BREP_SHAPE_REPRESENTATION('',(#1615),#2645);
#39=CYLINDRICAL_SURFACE('',#1643,0.0065);
#40=CYLINDRICAL_SURFACE('',#1644,0.0016);
#41=CYLINDRICAL_SURFACE('',#1645,0.0016);
#42=CYLINDRICAL_SURFACE('',#1646,0.0016);
#43=CYLINDRICAL_SURFACE('',#1647,0.0016);
#44=CYLINDRICAL_SURFACE('',#1678,0.005);
#45=CYLINDRICAL_SURFACE('',#1680,0.005);
#46=CYLINDRICAL_SURFACE('',#1682,0.005);
#47=CYLINDRICAL_SURFACE('',#1689,0.005);
#48=CYLINDRICAL_SURFACE('',#1691,0.005);
#49=CYLINDRICAL_SURFACE('',#1693,0.005);
#50=CYLINDRICAL_SURFACE('',#1695,0.005);
#51=CYLINDRICAL_SURFACE('',#1697,0.005);
#52=CYLINDRICAL_SURFACE('',#1726,0.0023);
#53=CYLINDRICAL_SURFACE('',#1730,0.0023);
#54=CYLINDRICAL_SURFACE('',#1734,0.0023);
#55=CYLINDRICAL_SURFACE('',#1738,0.0023);
#56=CYLINDRICAL_SURFACE('',#1742,0.0016);
#57=CYLINDRICAL_SURFACE('',#1745,0.0016);
#58=CYLINDRICAL_SURFACE('',#1748,0.0016);
#59=CYLINDRICAL_SURFACE('',#1751,0.0016);
#60=CYLINDRICAL_SURFACE('',#1761,0.0016);
#61=CYLINDRICAL_SURFACE('',#1762,0.0016);
#62=CIRCLE('',#1624,0.0065);
#63=CIRCLE('',#1625,0.0016);
#64=CIRCLE('',#1626,0.0016);
#65=CIRCLE('',#1627,0.0016);
#66=CIRCLE('',#1628,0.0016);
#67=CIRCLE('',#1630,0.0016);
#68=CIRCLE('',#1631,0.0016);
#69=CIRCLE('',#1632,0.0016);
#70=CIRCLE('',#1633,0.0065);
#71=CIRCLE('',#1634,0.0016);
#72=CIRCLE('',#1650,0.0016);
#73=CIRCLE('',#1651,0.0016);
#74=CIRCLE('',#1653,0.0016);
#75=CIRCLE('',#1654,0.0016);
#76=CIRCLE('',#1658,0.005);
#77=CIRCLE('',#1659,0.005);
#78=CIRCLE('',#1667,0.005);
#79=CIRCLE('',#1669,0.005);
#80=CIRCLE('',#1679,0.005);
#81=CIRCLE('',#1681,0.005);
#82=CIRCLE('',#1683,0.005);
#83=CIRCLE('',#1684,0.005);
#84=CIRCLE('',#1686,0.005);
#85=CIRCLE('',#1688,0.005);
#86=CIRCLE('',#1707,0.0023);
#87=CIRCLE('',#1713,0.0023);
#88=CIRCLE('',#1719,0.0023);
#89=CIRCLE('',#1725,0.0023);
#90=CIRCLE('',#1727,0.0023);
#91=CIRCLE('',#1729,0.0016);
#92=CIRCLE('',#1731,0.0023);
#93=CIRCLE('',#1733,0.0016);
#94=CIRCLE('',#1735,0.0023);
#95=CIRCLE('',#1737,0.0016);
#96=CIRCLE('',#1739,0.0023);
#97=CIRCLE('',#1741,0.0016);
#98=CIRCLE('',#1743,0.0016);
#99=CIRCLE('',#1746,0.0016);
#100=CIRCLE('',#1749,0.0016);
#101=CIRCLE('',#1752,0.0016);
#102=ORIENTED_EDGE('',*,*,#506,.F.);
#103=ORIENTED_EDGE('',*,*,#507,.T.);
#104=ORIENTED_EDGE('',*,*,#508,.T.);
#105=ORIENTED_EDGE('',*,*,#509,.F.);
#106=ORIENTED_EDGE('',*,*,#510,.F.);
#107=ORIENTED_EDGE('',*,*,#511,.F.);
#108=ORIENTED_EDGE('',*,*,#512,.F.);
#109=ORIENTED_EDGE('',*,*,#513,.F.);
#110=ORIENTED_EDGE('',*,*,#514,.F.);
#111=ORIENTED_EDGE('',*,*,#515,.F.);
#112=ORIENTED_EDGE('',*,*,#516,.F.);
#113=ORIENTED_EDGE('',*,*,#517,.F.);
#114=ORIENTED_EDGE('',*,*,#518,.F.);
#115=ORIENTED_EDGE('',*,*,#519,.T.);
#116=ORIENTED_EDGE('',*,*,#520,.T.);
#117=ORIENTED_EDGE('',*,*,#521,.T.);
#118=ORIENTED_EDGE('',*,*,#522,.T.);
#119=ORIENTED_EDGE('',*,*,#523,.T.);
#120=ORIENTED_EDGE('',*,*,#524,.T.);
#121=ORIENTED_EDGE('',*,*,#525,.F.);
#122=ORIENTED_EDGE('',*,*,#526,.F.);
#123=ORIENTED_EDGE('',*,*,#527,.T.);
#124=ORIENTED_EDGE('',*,*,#528,.T.);
#125=ORIENTED_EDGE('',*,*,#529,.T.);
#126=ORIENTED_EDGE('',*,*,#530,.T.);
#127=ORIENTED_EDGE('',*,*,#531,.T.);
#128=ORIENTED_EDGE('',*,*,#532,.F.);
#129=ORIENTED_EDGE('',*,*,#527,.F.);
#130=ORIENTED_EDGE('',*,*,#533,.T.);
#131=ORIENTED_EDGE('',*,*,#515,.T.);
#132=ORIENTED_EDGE('',*,*,#534,.F.);
#133=ORIENTED_EDGE('',*,*,#518,.T.);
#134=ORIENTED_EDGE('',*,*,#535,.F.);
#135=ORIENTED_EDGE('',*,*,#529,.F.);
#136=ORIENTED_EDGE('',*,*,#523,.F.);
#137=ORIENTED_EDGE('',*,*,#536,.F.);
#138=ORIENTED_EDGE('',*,*,#506,.T.);
#139=ORIENTED_EDGE('',*,*,#537,.T.);
#140=ORIENTED_EDGE('',*,*,#526,.T.);
#141=ORIENTED_EDGE('',*,*,#538,.F.);
#142=ORIENTED_EDGE('',*,*,#507,.F.);
#143=ORIENTED_EDGE('',*,*,#536,.T.);
#144=ORIENTED_EDGE('',*,*,#525,.T.);
#145=ORIENTED_EDGE('',*,*,#539,.F.);
#146=ORIENTED_EDGE('',*,*,#508,.F.);
#147=ORIENTED_EDGE('',*,*,#538,.T.);
#148=ORIENTED_EDGE('',*,*,#524,.F.);
#149=ORIENTED_EDGE('',*,*,#537,.F.);
#150=ORIENTED_EDGE('',*,*,#509,.T.);
#151=ORIENTED_EDGE('',*,*,#539,.T.);
#152=ORIENTED_EDGE('',*,*,#517,.T.);
#153=ORIENTED_EDGE('',*,*,#540,.F.);
#154=ORIENTED_EDGE('',*,*,#530,.F.);
#155=ORIENTED_EDGE('',*,*,#535,.T.);
#156=ORIENTED_EDGE('',*,*,#516,.T.);
#157=ORIENTED_EDGE('',*,*,#533,.F.);
#158=ORIENTED_EDGE('',*,*,#531,.F.);
#159=ORIENTED_EDGE('',*,*,#540,.T.);
#160=ORIENTED_EDGE('',*,*,#522,.F.);
#161=ORIENTED_EDGE('',*,*,#510,.T.);
#162=ORIENTED_EDGE('',*,*,#532,.T.);
#163=ORIENTED_EDGE('',*,*,#514,.T.);
#164=ORIENTED_EDGE('',*,*,#534,.T.);
#165=ORIENTED_EDGE('',*,*,#528,.F.);
#166=ORIENTED_EDGE('',*,*,#511,.T.);
#167=ORIENTED_EDGE('',*,*,#521,.F.);
#168=ORIENTED_EDGE('',*,*,#512,.T.);
#169=ORIENTED_EDGE('',*,*,#520,.F.);
#170=ORIENTED_EDGE('',*,*,#513,.T.);
#171=ORIENTED_EDGE('',*,*,#519,.F.);
#172=ORIENTED_EDGE('',*,*,#541,.F.);
#173=ORIENTED_EDGE('',*,*,#542,.F.);
#174=ORIENTED_EDGE('',*,*,#543,.T.);
#175=ORIENTED_EDGE('',*,*,#544,.T.);
#176=ORIENTED_EDGE('',*,*,#545,.T.);
#177=ORIENTED_EDGE('',*,*,#546,.T.);
#178=ORIENTED_EDGE('',*,*,#547,.F.);
#179=ORIENTED_EDGE('',*,*,#548,.T.);
#180=ORIENTED_EDGE('',*,*,#549,.T.);
#181=ORIENTED_EDGE('',*,*,#550,.F.);
#182=ORIENTED_EDGE('',*,*,#551,.T.);
#183=ORIENTED_EDGE('',*,*,#552,.T.);
#184=ORIENTED_EDGE('',*,*,#553,.F.);
#185=ORIENTED_EDGE('',*,*,#554,.T.);
#186=ORIENTED_EDGE('',*,*,#555,.F.);
#187=ORIENTED_EDGE('',*,*,#556,.F.);
#188=ORIENTED_EDGE('',*,*,#557,.F.);
#189=ORIENTED_EDGE('',*,*,#558,.T.);
#190=ORIENTED_EDGE('',*,*,#559,.T.);
#191=ORIENTED_EDGE('',*,*,#560,.F.);
#192=ORIENTED_EDGE('',*,*,#561,.F.);
#193=ORIENTED_EDGE('',*,*,#562,.T.);
#194=ORIENTED_EDGE('',*,*,#563,.T.);
#195=ORIENTED_EDGE('',*,*,#564,.F.);
#196=ORIENTED_EDGE('',*,*,#565,.T.);
#197=ORIENTED_EDGE('',*,*,#566,.T.);
#198=ORIENTED_EDGE('',*,*,#567,.T.);
#199=ORIENTED_EDGE('',*,*,#568,.T.);
#200=ORIENTED_EDGE('',*,*,#569,.T.);
#201=ORIENTED_EDGE('',*,*,#570,.T.);
#202=ORIENTED_EDGE('',*,*,#571,.T.);
#203=ORIENTED_EDGE('',*,*,#572,.T.);
#204=ORIENTED_EDGE('',*,*,#573,.T.);
#205=ORIENTED_EDGE('',*,*,#574,.F.);
#206=ORIENTED_EDGE('',*,*,#575,.F.);
#207=ORIENTED_EDGE('',*,*,#576,.T.);
#208=ORIENTED_EDGE('',*,*,#577,.F.);
#209=ORIENTED_EDGE('',*,*,#578,.T.);
#210=ORIENTED_EDGE('',*,*,#579,.T.);
#211=ORIENTED_EDGE('',*,*,#580,.F.);
#212=ORIENTED_EDGE('',*,*,#581,.F.);
#213=ORIENTED_EDGE('',*,*,#582,.T.);
#214=ORIENTED_EDGE('',*,*,#569,.F.);
#215=ORIENTED_EDGE('',*,*,#583,.T.);
#216=ORIENTED_EDGE('',*,*,#584,.T.);
#217=ORIENTED_EDGE('',*,*,#585,.T.);
#218=ORIENTED_EDGE('',*,*,#586,.T.);
#219=ORIENTED_EDGE('',*,*,#587,.F.);
#220=ORIENTED_EDGE('',*,*,#574,.T.);
#221=ORIENTED_EDGE('',*,*,#588,.T.);
#222=ORIENTED_EDGE('',*,*,#589,.T.);
#223=ORIENTED_EDGE('',*,*,#590,.T.);
#224=ORIENTED_EDGE('',*,*,#545,.F.);
#225=ORIENTED_EDGE('',*,*,#591,.T.);
#226=ORIENTED_EDGE('',*,*,#592,.T.);
#227=ORIENTED_EDGE('',*,*,#593,.T.);
#228=ORIENTED_EDGE('',*,*,#584,.F.);
#229=ORIENTED_EDGE('',*,*,#594,.T.);
#230=ORIENTED_EDGE('',*,*,#595,.T.);
#231=ORIENTED_EDGE('',*,*,#596,.T.);
#232=ORIENTED_EDGE('',*,*,#597,.T.);
#233=ORIENTED_EDGE('',*,*,#598,.T.);
#234=ORIENTED_EDGE('',*,*,#581,.T.);
#235=ORIENTED_EDGE('',*,*,#599,.T.);
#236=ORIENTED_EDGE('',*,*,#600,.T.);
#237=ORIENTED_EDGE('',*,*,#601,.T.);
#238=ORIENTED_EDGE('',*,*,#602,.T.);
#239=ORIENTED_EDGE('',*,*,#603,.T.);
#240=ORIENTED_EDGE('',*,*,#604,.T.);
#241=ORIENTED_EDGE('',*,*,#605,.T.);
#242=ORIENTED_EDGE('',*,*,#606,.T.);
#243=ORIENTED_EDGE('',*,*,#607,.T.);
#244=ORIENTED_EDGE('',*,*,#608,.T.);
#245=ORIENTED_EDGE('',*,*,#609,.T.);
#246=ORIENTED_EDGE('',*,*,#610,.T.);
#247=ORIENTED_EDGE('',*,*,#611,.T.);
#248=ORIENTED_EDGE('',*,*,#612,.T.);
#249=ORIENTED_EDGE('',*,*,#613,.T.);
#250=ORIENTED_EDGE('',*,*,#614,.T.);
#251=ORIENTED_EDGE('',*,*,#615,.T.);
#252=ORIENTED_EDGE('',*,*,#616,.T.);
#253=ORIENTED_EDGE('',*,*,#576,.F.);
#254=ORIENTED_EDGE('',*,*,#617,.F.);
#255=ORIENTED_EDGE('',*,*,#560,.T.);
#256=ORIENTED_EDGE('',*,*,#587,.T.);
#257=ORIENTED_EDGE('',*,*,#618,.T.);
#258=ORIENTED_EDGE('',*,*,#557,.T.);
#259=ORIENTED_EDGE('',*,*,#617,.T.);
#260=ORIENTED_EDGE('',*,*,#575,.T.);
#261=ORIENTED_EDGE('',*,*,#559,.F.);
#262=ORIENTED_EDGE('',*,*,#619,.T.);
#263=ORIENTED_EDGE('',*,*,#588,.F.);
#264=ORIENTED_EDGE('',*,*,#573,.F.);
#265=ORIENTED_EDGE('',*,*,#616,.F.);
#266=ORIENTED_EDGE('',*,*,#620,.T.);
#267=ORIENTED_EDGE('',*,*,#621,.T.);
#268=ORIENTED_EDGE('',*,*,#622,.F.);
#269=ORIENTED_EDGE('',*,*,#577,.T.);
#270=ORIENTED_EDGE('',*,*,#622,.T.);
#271=ORIENTED_EDGE('',*,*,#623,.T.);
#272=ORIENTED_EDGE('',*,*,#624,.F.);
#273=ORIENTED_EDGE('',*,*,#578,.F.);
#274=ORIENTED_EDGE('',*,*,#624,.T.);
#275=ORIENTED_EDGE('',*,*,#625,.T.);
#276=ORIENTED_EDGE('',*,*,#626,.F.);
#277=ORIENTED_EDGE('',*,*,#579,.F.);
#278=ORIENTED_EDGE('',*,*,#626,.T.);
#279=ORIENTED_EDGE('',*,*,#627,.T.);
#280=ORIENTED_EDGE('',*,*,#620,.F.);
#281=ORIENTED_EDGE('',*,*,#580,.T.);
#282=ORIENTED_EDGE('',*,*,#548,.F.);
#283=ORIENTED_EDGE('',*,*,#628,.F.);
#284=ORIENTED_EDGE('',*,*,#561,.T.);
#285=ORIENTED_EDGE('',*,*,#629,.T.);
#286=ORIENTED_EDGE('',*,*,#547,.T.);
#287=ORIENTED_EDGE('',*,*,#630,.F.);
#288=ORIENTED_EDGE('',*,*,#562,.F.);
#289=ORIENTED_EDGE('',*,*,#628,.T.);
#290=ORIENTED_EDGE('',*,*,#550,.T.);
#291=ORIENTED_EDGE('',*,*,#631,.F.);
#292=ORIENTED_EDGE('',*,*,#563,.F.);
#293=ORIENTED_EDGE('',*,*,#630,.T.);
#294=ORIENTED_EDGE('',*,*,#549,.F.);
#295=ORIENTED_EDGE('',*,*,#629,.F.);
#296=ORIENTED_EDGE('',*,*,#564,.T.);
#297=ORIENTED_EDGE('',*,*,#631,.T.);
#298=ORIENTED_EDGE('',*,*,#583,.F.);
#299=ORIENTED_EDGE('',*,*,#572,.F.);
#300=ORIENTED_EDGE('',*,*,#632,.F.);
#301=ORIENTED_EDGE('',*,*,#594,.F.);
#302=ORIENTED_EDGE('',*,*,#582,.F.);
#303=ORIENTED_EDGE('',*,*,#598,.F.);
#304=ORIENTED_EDGE('',*,*,#633,.F.);
#305=ORIENTED_EDGE('',*,*,#570,.F.);
#306=ORIENTED_EDGE('',*,*,#634,.F.);
#307=ORIENTED_EDGE('',*,*,#571,.F.);
#308=ORIENTED_EDGE('',*,*,#635,.F.);
#309=ORIENTED_EDGE('',*,*,#592,.F.);
#310=ORIENTED_EDGE('',*,*,#632,.T.);
#311=ORIENTED_EDGE('',*,*,#634,.T.);
#312=ORIENTED_EDGE('',*,*,#636,.F.);
#313=ORIENTED_EDGE('',*,*,#635,.T.);
#314=ORIENTED_EDGE('',*,*,#633,.T.);
#315=ORIENTED_EDGE('',*,*,#637,.F.);
#316=ORIENTED_EDGE('',*,*,#636,.T.);
#317=ORIENTED_EDGE('',*,*,#591,.F.);
#318=ORIENTED_EDGE('',*,*,#638,.F.);
#319=ORIENTED_EDGE('',*,*,#595,.F.);
#320=ORIENTED_EDGE('',*,*,#637,.T.);
#321=ORIENTED_EDGE('',*,*,#597,.F.);
#322=ORIENTED_EDGE('',*,*,#639,.F.);
#323=ORIENTED_EDGE('',*,*,#593,.F.);
#324=ORIENTED_EDGE('',*,*,#638,.T.);
#325=ORIENTED_EDGE('',*,*,#544,.F.);
#326=ORIENTED_EDGE('',*,*,#640,.F.);
#327=ORIENTED_EDGE('',*,*,#585,.F.);
#328=ORIENTED_EDGE('',*,*,#596,.F.);
#329=ORIENTED_EDGE('',*,*,#599,.F.);
#330=ORIENTED_EDGE('',*,*,#590,.F.);
#331=ORIENTED_EDGE('',*,*,#641,.F.);
#332=ORIENTED_EDGE('',*,*,#546,.F.);
#333=ORIENTED_EDGE('',*,*,#639,.T.);
#334=ORIENTED_EDGE('',*,*,#640,.T.);
#335=ORIENTED_EDGE('',*,*,#543,.F.);
#336=ORIENTED_EDGE('',*,*,#641,.T.);
#337=ORIENTED_EDGE('',*,*,#589,.F.);
#338=ORIENTED_EDGE('',*,*,#619,.F.);
#339=ORIENTED_EDGE('',*,*,#558,.F.);
#340=ORIENTED_EDGE('',*,*,#618,.F.);
#341=ORIENTED_EDGE('',*,*,#586,.F.);
#342=ORIENTED_EDGE('',*,*,#642,.F.);
#343=ORIENTED_EDGE('',*,*,#568,.F.);
#344=ORIENTED_EDGE('',*,*,#643,.F.);
#345=ORIENTED_EDGE('',*,*,#621,.F.);
#346=ORIENTED_EDGE('',*,*,#643,.T.);
#347=ORIENTED_EDGE('',*,*,#567,.F.);
#348=ORIENTED_EDGE('',*,*,#644,.F.);
#349=ORIENTED_EDGE('',*,*,#623,.F.);
#350=ORIENTED_EDGE('',*,*,#642,.T.);
#351=ORIENTED_EDGE('',*,*,#627,.F.);
#352=ORIENTED_EDGE('',*,*,#645,.F.);
#353=ORIENTED_EDGE('',*,*,#565,.F.);
#354=ORIENTED_EDGE('',*,*,#644,.T.);
#355=ORIENTED_EDGE('',*,*,#566,.F.);
#356=ORIENTED_EDGE('',*,*,#645,.T.);
#357=ORIENTED_EDGE('',*,*,#625,.F.);
#358=ORIENTED_EDGE('',*,*,#613,.F.);
#359=ORIENTED_EDGE('',*,*,#646,.F.);
#360=ORIENTED_EDGE('',*,*,#647,.T.);
#361=ORIENTED_EDGE('',*,*,#648,.T.);
#362=ORIENTED_EDGE('',*,*,#614,.F.);
#363=ORIENTED_EDGE('',*,*,#648,.F.);
#364=ORIENTED_EDGE('',*,*,#649,.T.);
#365=ORIENTED_EDGE('',*,*,#650,.T.);
#366=ORIENTED_EDGE('',*,*,#615,.F.);
#367=ORIENTED_EDGE('',*,*,#650,.F.);
#368=ORIENTED_EDGE('',*,*,#651,.T.);
#369=ORIENTED_EDGE('',*,*,#652,.T.);
#370=ORIENTED_EDGE('',*,*,#612,.F.);
#371=ORIENTED_EDGE('',*,*,#652,.F.);
#372=ORIENTED_EDGE('',*,*,#653,.T.);
#373=ORIENTED_EDGE('',*,*,#646,.T.);
#374=ORIENTED_EDGE('',*,*,#654,.T.);
#375=ORIENTED_EDGE('',*,*,#647,.F.);
#376=ORIENTED_EDGE('',*,*,#653,.F.);
#377=ORIENTED_EDGE('',*,*,#651,.F.);
#378=ORIENTED_EDGE('',*,*,#649,.F.);
#379=ORIENTED_EDGE('',*,*,#609,.F.);
#380=ORIENTED_EDGE('',*,*,#655,.F.);
#381=ORIENTED_EDGE('',*,*,#656,.T.);
#382=ORIENTED_EDGE('',*,*,#657,.T.);
#383=ORIENTED_EDGE('',*,*,#610,.F.);
#384=ORIENTED_EDGE('',*,*,#657,.F.);
#385=ORIENTED_EDGE('',*,*,#658,.T.);
#386=ORIENTED_EDGE('',*,*,#659,.T.);
#387=ORIENTED_EDGE('',*,*,#611,.F.);
#388=ORIENTED_EDGE('',*,*,#659,.F.);
#389=ORIENTED_EDGE('',*,*,#660,.T.);
#390=ORIENTED_EDGE('',*,*,#661,.T.);
#391=ORIENTED_EDGE('',*,*,#608,.F.);
#392=ORIENTED_EDGE('',*,*,#661,.F.);
#393=ORIENTED_EDGE('',*,*,#662,.T.);
#394=ORIENTED_EDGE('',*,*,#655,.T.);
#395=ORIENTED_EDGE('',*,*,#663,.T.);
#396=ORIENTED_EDGE('',*,*,#656,.F.);
#397=ORIENTED_EDGE('',*,*,#662,.F.);
#398=ORIENTED_EDGE('',*,*,#660,.F.);
#399=ORIENTED_EDGE('',*,*,#658,.F.);
#400=ORIENTED_EDGE('',*,*,#605,.F.);
#401=ORIENTED_EDGE('',*,*,#664,.F.);
#402=ORIENTED_EDGE('',*,*,#665,.T.);
#403=ORIENTED_EDGE('',*,*,#666,.T.);
#404=ORIENTED_EDGE('',*,*,#606,.F.);
#405=ORIENTED_EDGE('',*,*,#666,.F.);
#406=ORIENTED_EDGE('',*,*,#667,.T.);
#407=ORIENTED_EDGE('',*,*,#668,.T.);
#408=ORIENTED_EDGE('',*,*,#607,.F.);
#409=ORIENTED_EDGE('',*,*,#668,.F.);
#410=ORIENTED_EDGE('',*,*,#669,.T.);
#411=ORIENTED_EDGE('',*,*,#670,.T.);
#412=ORIENTED_EDGE('',*,*,#604,.F.);
#413=ORIENTED_EDGE('',*,*,#670,.F.);
#414=ORIENTED_EDGE('',*,*,#671,.T.);
#415=ORIENTED_EDGE('',*,*,#664,.T.);
#416=ORIENTED_EDGE('',*,*,#672,.T.);
#417=ORIENTED_EDGE('',*,*,#665,.F.);
#418=ORIENTED_EDGE('',*,*,#671,.F.);
#419=ORIENTED_EDGE('',*,*,#669,.F.);
#420=ORIENTED_EDGE('',*,*,#667,.F.);
#421=ORIENTED_EDGE('',*,*,#601,.F.);
#422=ORIENTED_EDGE('',*,*,#673,.F.);
#423=ORIENTED_EDGE('',*,*,#674,.T.);
#424=ORIENTED_EDGE('',*,*,#675,.T.);
#425=ORIENTED_EDGE('',*,*,#602,.F.);
#426=ORIENTED_EDGE('',*,*,#675,.F.);
#427=ORIENTED_EDGE('',*,*,#676,.T.);
#428=ORIENTED_EDGE('',*,*,#677,.T.);
#429=ORIENTED_EDGE('',*,*,#603,.F.);
#430=ORIENTED_EDGE('',*,*,#677,.F.);
#431=ORIENTED_EDGE('',*,*,#678,.T.);
#432=ORIENTED_EDGE('',*,*,#679,.T.);
#433=ORIENTED_EDGE('',*,*,#600,.F.);
#434=ORIENTED_EDGE('',*,*,#679,.F.);
#435=ORIENTED_EDGE('',*,*,#680,.T.);
#436=ORIENTED_EDGE('',*,*,#673,.T.);
#437=ORIENTED_EDGE('',*,*,#681,.T.);
#438=ORIENTED_EDGE('',*,*,#674,.F.);
#439=ORIENTED_EDGE('',*,*,#680,.F.);
#440=ORIENTED_EDGE('',*,*,#678,.F.);
#441=ORIENTED_EDGE('',*,*,#676,.F.);
#442=ORIENTED_EDGE('',*,*,#682,.T.);
#443=ORIENTED_EDGE('',*,*,#681,.F.);
#444=ORIENTED_EDGE('',*,*,#683,.F.);
#445=ORIENTED_EDGE('',*,*,#682,.F.);
#446=ORIENTED_EDGE('',*,*,#684,.T.);
#447=ORIENTED_EDGE('',*,*,#672,.F.);
#448=ORIENTED_EDGE('',*,*,#685,.F.);
#449=ORIENTED_EDGE('',*,*,#684,.F.);
#450=ORIENTED_EDGE('',*,*,#686,.T.);
#451=ORIENTED_EDGE('',*,*,#663,.F.);
#452=ORIENTED_EDGE('',*,*,#687,.F.);
#453=ORIENTED_EDGE('',*,*,#686,.F.);
#454=ORIENTED_EDGE('',*,*,#688,.T.);
#455=ORIENTED_EDGE('',*,*,#654,.F.);
#456=ORIENTED_EDGE('',*,*,#689,.F.);
#457=ORIENTED_EDGE('',*,*,#688,.F.);
#458=ORIENTED_EDGE('',*,*,#690,.T.);
#459=ORIENTED_EDGE('',*,*,#689,.T.);
#460=ORIENTED_EDGE('',*,*,#690,.F.);
#461=ORIENTED_EDGE('',*,*,#691,.T.);
#462=ORIENTED_EDGE('',*,*,#687,.T.);
#463=ORIENTED_EDGE('',*,*,#691,.F.);
#464=ORIENTED_EDGE('',*,*,#692,.T.);
#465=ORIENTED_EDGE('',*,*,#685,.T.);
#466=ORIENTED_EDGE('',*,*,#692,.F.);
#467=ORIENTED_EDGE('',*,*,#693,.T.);
#468=ORIENTED_EDGE('',*,*,#683,.T.);
#469=ORIENTED_EDGE('',*,*,#693,.F.);
#470=ORIENTED_EDGE('',*,*,#694,.T.);
#471=ORIENTED_EDGE('',*,*,#555,.T.);
#472=ORIENTED_EDGE('',*,*,#695,.F.);
#473=ORIENTED_EDGE('',*,*,#696,.T.);
#474=ORIENTED_EDGE('',*,*,#697,.F.);
#475=ORIENTED_EDGE('',*,*,#553,.T.);
#476=ORIENTED_EDGE('',*,*,#698,.T.);
#477=ORIENTED_EDGE('',*,*,#699,.F.);
#478=ORIENTED_EDGE('',*,*,#554,.F.);
#479=ORIENTED_EDGE('',*,*,#697,.T.);
#480=ORIENTED_EDGE('',*,*,#700,.T.);
#481=ORIENTED_EDGE('',*,*,#701,.T.);
#482=ORIENTED_EDGE('',*,*,#702,.T.);
#483=ORIENTED_EDGE('',*,*,#695,.T.);
#484=ORIENTED_EDGE('',*,*,#698,.F.);
#485=ORIENTED_EDGE('',*,*,#556,.T.);
#486=ORIENTED_EDGE('',*,*,#694,.F.);
#487=ORIENTED_EDGE('',*,*,#703,.F.);
#488=ORIENTED_EDGE('',*,*,#704,.F.);
#489=ORIENTED_EDGE('',*,*,#705,.F.);
#490=ORIENTED_EDGE('',*,*,#705,.T.);
#491=ORIENTED_EDGE('',*,*,#706,.F.);
#492=ORIENTED_EDGE('',*,*,#700,.F.);
#493=ORIENTED_EDGE('',*,*,#699,.T.);
#494=ORIENTED_EDGE('',*,*,#704,.T.);
#495=ORIENTED_EDGE('',*,*,#707,.F.);
#496=ORIENTED_EDGE('',*,*,#701,.F.);
#497=ORIENTED_EDGE('',*,*,#706,.T.);
#498=ORIENTED_EDGE('',*,*,#703,.T.);
#499=ORIENTED_EDGE('',*,*,#696,.F.);
#500=ORIENTED_EDGE('',*,*,#702,.F.);
#501=ORIENTED_EDGE('',*,*,#707,.T.);
#502=ORIENTED_EDGE('',*,*,#542,.T.);
#503=ORIENTED_EDGE('',*,*,#552,.F.);
#504=ORIENTED_EDGE('',*,*,#541,.T.);
#505=ORIENTED_EDGE('',*,*,#551,.F.);
#506=EDGE_CURVE('',#708,#709,#848,.T.);
#507=EDGE_CURVE('',#708,#710,#849,.T.);
#508=EDGE_CURVE('',#710,#711,#850,.T.);
#509=EDGE_CURVE('',#709,#711,#851,.T.);
#510=EDGE_CURVE('',#712,#712,#62,.T.);
#511=EDGE_CURVE('',#713,#713,#63,.T.);
#512=EDGE_CURVE('',#714,#714,#64,.T.);
#513=EDGE_CURVE('',#715,#715,#65,.T.);
#514=EDGE_CURVE('',#716,#717,#66,.T.);
#515=EDGE_CURVE('',#718,#716,#852,.T.);
#516=EDGE_CURVE('',#719,#718,#853,.T.);
#517=EDGE_CURVE('',#720,#719,#854,.T.);
#518=EDGE_CURVE('',#717,#720,#855,.T.);
#519=EDGE_CURVE('',#721,#721,#67,.T.);
#520=EDGE_CURVE('',#722,#722,#68,.T.);
#521=EDGE_CURVE('',#723,#723,#69,.T.);
#522=EDGE_CURVE('',#724,#724,#70,.T.);
#523=EDGE_CURVE('',#725,#726,#856,.T.);
#524=EDGE_CURVE('',#726,#727,#857,.T.);
#525=EDGE_CURVE('',#728,#727,#858,.T.);
#526=EDGE_CURVE('',#725,#728,#859,.T.);
#527=EDGE_CURVE('',#729,#730,#860,.T.);
#528=EDGE_CURVE('',#730,#731,#71,.T.);
#529=EDGE_CURVE('',#731,#732,#861,.T.);
#530=EDGE_CURVE('',#732,#733,#862,.T.);
#531=EDGE_CURVE('',#733,#729,#863,.T.);
#532=EDGE_CURVE('',#730,#716,#864,.F.);
#533=EDGE_CURVE('',#729,#718,#865,.T.);
#534=EDGE_CURVE('',#717,#731,#866,.T.);
#535=EDGE_CURVE('',#732,#720,#867,.T.);
#536=EDGE_CURVE('',#708,#725,#868,.T.);
#537=EDGE_CURVE('',#709,#726,#869,.T.);
#538=EDGE_CURVE('',#710,#728,#870,.T.);
#539=EDGE_CURVE('',#711,#727,#871,.T.);
#540=EDGE_CURVE('',#733,#719,#872,.T.);
#541=EDGE_CURVE('',#734,#734,#72,.T.);
#542=EDGE_CURVE('',#735,#735,#73,.T.);
#543=EDGE_CURVE('',#736,#737,#873,.F.);
#544=EDGE_CURVE('',#737,#738,#874,.T.);
#545=EDGE_CURVE('',#738,#739,#875,.T.);
#546=EDGE_CURVE('',#739,#736,#876,.F.);
#547=EDGE_CURVE('',#740,#741,#877,.T.);
#548=EDGE_CURVE('',#740,#742,#878,.T.);
#549=EDGE_CURVE('',#742,#743,#879,.T.);
#550=EDGE_CURVE('',#741,#743,#880,.T.);
#551=EDGE_CURVE('',#744,#744,#74,.T.);
#552=EDGE_CURVE('',#745,#745,#75,.T.);
#553=EDGE_CURVE('',#746,#747,#881,.T.);
#554=EDGE_CURVE('',#746,#748,#882,.T.);
#555=EDGE_CURVE('',#749,#748,#883,.T.);
#556=EDGE_CURVE('',#747,#749,#884,.T.);
#557=EDGE_CURVE('',#750,#751,#885,.T.);
#558=EDGE_CURVE('',#750,#752,#886,.T.);
#559=EDGE_CURVE('',#752,#753,#887,.T.);
#560=EDGE_CURVE('',#751,#753,#888,.T.);
#561=EDGE_CURVE('',#754,#755,#889,.T.);
#562=EDGE_CURVE('',#754,#756,#890,.T.);
#563=EDGE_CURVE('',#756,#757,#891,.T.);
#564=EDGE_CURVE('',#755,#757,#892,.T.);
#565=EDGE_CURVE('',#758,#759,#893,.T.);
#566=EDGE_CURVE('',#759,#760,#894,.T.);
#567=EDGE_CURVE('',#760,#761,#895,.T.);
#568=EDGE_CURVE('',#761,#758,#896,.T.);
#569=EDGE_CURVE('',#762,#763,#897,.T.);
#570=EDGE_CURVE('',#763,#764,#898,.F.);
#571=EDGE_CURVE('',#764,#765,#899,.F.);
#572=EDGE_CURVE('',#765,#762,#900,.T.);
#573=EDGE_CURVE('',#766,#767,#901,.T.);
#574=EDGE_CURVE('',#768,#767,#902,.T.);
#575=EDGE_CURVE('',#769,#768,#903,.T.);
#576=EDGE_CURVE('',#769,#766,#904,.T.);
#577=EDGE_CURVE('',#770,#771,#905,.T.);
#578=EDGE_CURVE('',#770,#772,#906,.T.);
#579=EDGE_CURVE('',#772,#773,#907,.T.);
#580=EDGE_CURVE('',#771,#773,#908,.T.);
#581=EDGE_CURVE('',#774,#775,#909,.T.);
#582=EDGE_CURVE('',#774,#763,#76,.T.);
#583=EDGE_CURVE('',#762,#776,#77,.T.);
#584=EDGE_CURVE('',#776,#777,#910,.T.);
#585=EDGE_CURVE('',#777,#778,#20,.T.);
#586=EDGE_CURVE('',#778,#779,#911,.T.);
#587=EDGE_CURVE('',#768,#779,#912,.T.);
#588=EDGE_CURVE('',#767,#780,#913,.T.);
#589=EDGE_CURVE('',#780,#781,#914,.T.);
#590=EDGE_CURVE('',#781,#775,#21,.T.);
#591=EDGE_CURVE('',#738,#782,#915,.T.);
#592=EDGE_CURVE('',#782,#783,#916,.T.);
#593=EDGE_CURVE('',#783,#739,#917,.F.);
#594=EDGE_CURVE('',#776,#784,#918,.F.);
#595=EDGE_CURVE('',#784,#785,#919,.F.);
#596=EDGE_CURVE('',#785,#777,#920,.F.);
#597=EDGE_CURVE('',#786,#787,#921,.T.);
#598=EDGE_CURVE('',#787,#774,#922,.T.);
#599=EDGE_CURVE('',#775,#786,#923,.T.);
#600=EDGE_CURVE('',#788,#789,#924,.T.);
#601=EDGE_CURVE('',#789,#790,#925,.T.);
#602=EDGE_CURVE('',#790,#791,#926,.T.);
#603=EDGE_CURVE('',#791,#788,#927,.T.);
#604=EDGE_CURVE('',#792,#793,#928,.T.);
#605=EDGE_CURVE('',#793,#794,#929,.T.);
#606=EDGE_CURVE('',#794,#795,#930,.T.);
#607=EDGE_CURVE('',#795,#792,#931,.T.);
#608=EDGE_CURVE('',#796,#797,#932,.T.);
#609=EDGE_CURVE('',#797,#798,#933,.T.);
#610=EDGE_CURVE('',#798,#799,#934,.T.);
#611=EDGE_CURVE('',#799,#796,#935,.T.);
#612=EDGE_CURVE('',#800,#801,#936,.T.);
#613=EDGE_CURVE('',#801,#802,#937,.T.);
#614=EDGE_CURVE('',#802,#803,#938,.T.);
#615=EDGE_CURVE('',#803,#800,#939,.T.);
#616=EDGE_CURVE('',#753,#766,#940,.T.);
#617=EDGE_CURVE('',#751,#769,#941,.T.);
#618=EDGE_CURVE('',#779,#750,#78,.F.);
#619=EDGE_CURVE('',#752,#780,#79,.T.);
#620=EDGE_CURVE('',#771,#804,#942,.T.);
#621=EDGE_CURVE('',#804,#805,#943,.T.);
#622=EDGE_CURVE('',#770,#805,#944,.T.);
#623=EDGE_CURVE('',#805,#806,#945,.T.);
#624=EDGE_CURVE('',#772,#806,#946,.T.);
#625=EDGE_CURVE('',#806,#807,#947,.T.);
#626=EDGE_CURVE('',#773,#807,#948,.T.);
#627=EDGE_CURVE('',#807,#804,#949,.T.);
#628=EDGE_CURVE('',#754,#740,#950,.T.);
#629=EDGE_CURVE('',#755,#742,#951,.T.);
#630=EDGE_CURVE('',#756,#741,#952,.T.);
#631=EDGE_CURVE('',#757,#743,#953,.T.);
#632=EDGE_CURVE('',#784,#765,#80,.T.);
#633=EDGE_CURVE('',#764,#787,#81,.T.);
#634=EDGE_CURVE('',#765,#782,#82,.T.);
#635=EDGE_CURVE('',#783,#764,#83,.T.);
#636=EDGE_CURVE('',#784,#782,#84,.F.);
#637=EDGE_CURVE('',#783,#787,#85,.F.);
#638=EDGE_CURVE('',#785,#738,#22,.F.);
#639=EDGE_CURVE('',#739,#786,#23,.T.);
#640=EDGE_CURVE('',#778,#737,#24,.F.);
#641=EDGE_CURVE('',#736,#781,#25,.T.);
#642=EDGE_CURVE('',#758,#804,#954,.T.);
#643=EDGE_CURVE('',#805,#761,#955,.T.);
#644=EDGE_CURVE('',#806,#760,#956,.F.);
#645=EDGE_CURVE('',#759,#807,#957,.T.);
#646=EDGE_CURVE('',#808,#801,#958,.T.);
#647=EDGE_CURVE('',#808,#809,#959,.T.);
#648=EDGE_CURVE('',#809,#802,#960,.T.);
#649=EDGE_CURVE('',#809,#810,#961,.T.);
#650=EDGE_CURVE('',#810,#803,#962,.T.);
#651=EDGE_CURVE('',#810,#811,#963,.T.);
#652=EDGE_CURVE('',#811,#800,#964,.T.);
#653=EDGE_CURVE('',#811,#808,#965,.T.);
#654=EDGE_CURVE('',#812,#812,#86,.T.);
#655=EDGE_CURVE('',#813,#797,#966,.T.);
#656=EDGE_CURVE('',#813,#814,#967,.T.);
#657=EDGE_CURVE('',#814,#798,#968,.T.);
#658=EDGE_CURVE('',#814,#815,#969,.T.);
#659=EDGE_CURVE('',#815,#799,#970,.T.);
#660=EDGE_CURVE('',#815,#816,#971,.T.);
#661=EDGE_CURVE('',#816,#796,#972,.T.);
#662=EDGE_CURVE('',#816,#813,#973,.T.);
#663=EDGE_CURVE('',#817,#817,#87,.T.);
#664=EDGE_CURVE('',#818,#793,#974,.T.);
#665=EDGE_CURVE('',#818,#819,#975,.T.);
#666=EDGE_CURVE('',#819,#794,#976,.T.);
#667=EDGE_CURVE('',#819,#820,#977,.T.);
#668=EDGE_CURVE('',#820,#795,#978,.T.);
#669=EDGE_CURVE('',#820,#821,#979,.T.);
#670=EDGE_CURVE('',#821,#792,#980,.T.);
#671=EDGE_CURVE('',#821,#818,#981,.T.);
#672=EDGE_CURVE('',#822,#822,#88,.T.);
#673=EDGE_CURVE('',#823,#789,#982,.T.);
#674=EDGE_CURVE('',#823,#824,#983,.T.);
#675=EDGE_CURVE('',#824,#790,#984,.T.);
#676=EDGE_CURVE('',#824,#825,#985,.T.);
#677=EDGE_CURVE('',#825,#791,#986,.T.);
#678=EDGE_CURVE('',#825,#826,#987,.T.);
#679=EDGE_CURVE('',#826,#788,#988,.T.);
#680=EDGE_CURVE('',#826,#823,#989,.T.);
#681=EDGE_CURVE('',#827,#827,#89,.T.);
#682=EDGE_CURVE('',#828,#828,#90,.T.);
#683=EDGE_CURVE('',#829,#829,#91,.F.);
#684=EDGE_CURVE('',#830,#830,#92,.T.);
#685=EDGE_CURVE('',#831,#831,#93,.F.);
#686=EDGE_CURVE('',#832,#832,#94,.T.);
#687=EDGE_CURVE('',#833,#833,#95,.F.);
#688=EDGE_CURVE('',#834,#834,#96,.T.);
#689=EDGE_CURVE('',#835,#835,#97,.F.);
#690=EDGE_CURVE('',#836,#836,#98,.T.);
#691=EDGE_CURVE('',#837,#837,#99,.T.);
#692=EDGE_CURVE('',#838,#838,#100,.T.);
#693=EDGE_CURVE('',#839,#839,#101,.T.);
#694=EDGE_CURVE('',#840,#749,#990,.T.);
#695=EDGE_CURVE('',#841,#748,#991,.T.);
#696=EDGE_CURVE('',#841,#840,#992,.T.);
#697=EDGE_CURVE('',#746,#842,#993,.T.);
#698=EDGE_CURVE('',#747,#843,#994,.T.);
#699=EDGE_CURVE('',#842,#843,#995,.T.);
#700=EDGE_CURVE('',#842,#844,#996,.T.);
#701=EDGE_CURVE('',#844,#845,#997,.T.);
#702=EDGE_CURVE('',#845,#841,#998,.T.);
#703=EDGE_CURVE('',#846,#840,#999,.T.);
#704=EDGE_CURVE('',#847,#846,#1000,.T.);
#705=EDGE_CURVE('',#843,#847,#1001,.T.);
#706=EDGE_CURVE('',#844,#847,#1002,.T.);
#707=EDGE_CURVE('',#845,#846,#1003,.T.);
#708=VERTEX_POINT('',#2207);
#709=VERTEX_POINT('',#2208);
#710=VERTEX_POINT('',#2210);
#711=VERTEX_POINT('',#2212);
#712=VERTEX_POINT('',#2215);
#713=VERTEX_POINT('',#2217);
#714=VERTEX_POINT('',#2219);
#715=VERTEX_POINT('',#2221);
#716=VERTEX_POINT('',#2223);
#717=VERTEX_POINT('',#2224);
#718=VERTEX_POINT('',#2226);
#719=VERTEX_POINT('',#2228);
#720=VERTEX_POINT('',#2230);
#721=VERTEX_POINT('',#2234);
#722=VERTEX_POINT('',#2236);
#723=VERTEX_POINT('',#2238);
#724=VERTEX_POINT('',#2240);
#725=VERTEX_POINT('',#2242);
#726=VERTEX_POINT('',#2243);
#727=VERTEX_POINT('',#2245);
#728=VERTEX_POINT('',#2247);
#729=VERTEX_POINT('',#2250);
#730=VERTEX_POINT('',#2251);
#731=VERTEX_POINT('',#2253);
#732=VERTEX_POINT('',#2255);
#733=VERTEX_POINT('',#2257);
#734=VERTEX_POINT('',#2284);
#735=VERTEX_POINT('',#2286);
#736=VERTEX_POINT('',#2288);
#737=VERTEX_POINT('',#2289);
#738=VERTEX_POINT('',#2291);
#739=VERTEX_POINT('',#2293);
#740=VERTEX_POINT('',#2296);
#741=VERTEX_POINT('',#2297);
#742=VERTEX_POINT('',#2299);
#743=VERTEX_POINT('',#2301);
#744=VERTEX_POINT('',#2305);
#745=VERTEX_POINT('',#2307);
#746=VERTEX_POINT('',#2309);
#747=VERTEX_POINT('',#2310);
#748=VERTEX_POINT('',#2312);
#749=VERTEX_POINT('',#2314);
#750=VERTEX_POINT('',#2317);
#751=VERTEX_POINT('',#2318);
#752=VERTEX_POINT('',#2320);
#753=VERTEX_POINT('',#2322);
#754=VERTEX_POINT('',#2325);
#755=VERTEX_POINT('',#2326);
#756=VERTEX_POINT('',#2328);
#757=VERTEX_POINT('',#2330);
#758=VERTEX_POINT('',#2334);
#759=VERTEX_POINT('',#2335);
#760=VERTEX_POINT('',#2337);
#761=VERTEX_POINT('',#2339);
#762=VERTEX_POINT('',#2342);
#763=VERTEX_POINT('',#2343);
#764=VERTEX_POINT('',#2345);
#765=VERTEX_POINT('',#2347);
#766=VERTEX_POINT('',#2351);
#767=VERTEX_POINT('',#2352);
#768=VERTEX_POINT('',#2354);
#769=VERTEX_POINT('',#2356);
#770=VERTEX_POINT('',#2359);
#771=VERTEX_POINT('',#2360);
#772=VERTEX_POINT('',#2362);
#773=VERTEX_POINT('',#2364);
#774=VERTEX_POINT('',#2368);
#775=VERTEX_POINT('',#2369);
#776=VERTEX_POINT('',#2372);
#777=VERTEX_POINT('',#2374);
#778=VERTEX_POINT('',#2376);
#779=VERTEX_POINT('',#2378);
#780=VERTEX_POINT('',#2381);
#781=VERTEX_POINT('',#2383);
#782=VERTEX_POINT('',#2387);
#783=VERTEX_POINT('',#2389);
#784=VERTEX_POINT('',#2393);
#785=VERTEX_POINT('',#2395);
#786=VERTEX_POINT('',#2399);
#787=VERTEX_POINT('',#2400);
#788=VERTEX_POINT('',#2405);
#789=VERTEX_POINT('',#2406);
#790=VERTEX_POINT('',#2408);
#791=VERTEX_POINT('',#2410);
#792=VERTEX_POINT('',#2413);
#793=VERTEX_POINT('',#2414);
#794=VERTEX_POINT('',#2416);
#795=VERTEX_POINT('',#2418);
#796=VERTEX_POINT('',#2421);
#797=VERTEX_POINT('',#2422);
#798=VERTEX_POINT('',#2424);
#799=VERTEX_POINT('',#2426);
#800=VERTEX_POINT('',#2429);
#801=VERTEX_POINT('',#2430);
#802=VERTEX_POINT('',#2432);
#803=VERTEX_POINT('',#2434);
#804=VERTEX_POINT('',#2444);
#805=VERTEX_POINT('',#2446);
#806=VERTEX_POINT('',#2450);
#807=VERTEX_POINT('',#2454);
#808=VERTEX_POINT('',#2496);
#809=VERTEX_POINT('',#2498);
#810=VERTEX_POINT('',#2502);
#811=VERTEX_POINT('',#2506);
#812=VERTEX_POINT('',#2512);
#813=VERTEX_POINT('',#2515);
#814=VERTEX_POINT('',#2517);
#815=VERTEX_POINT('',#2521);
#816=VERTEX_POINT('',#2525);
#817=VERTEX_POINT('',#2531);
#818=VERTEX_POINT('',#2534);
#819=VERTEX_POINT('',#2536);
#820=VERTEX_POINT('',#2540);
#821=VERTEX_POINT('',#2544);
#822=VERTEX_POINT('',#2550);
#823=VERTEX_POINT('',#2553);
#824=VERTEX_POINT('',#2555);
#825=VERTEX_POINT('',#2559);
#826=VERTEX_POINT('',#2563);
#827=VERTEX_POINT('',#2569);
#828=VERTEX_POINT('',#2572);
#829=VERTEX_POINT('',#2575);
#830=VERTEX_POINT('',#2578);
#831=VERTEX_POINT('',#2581);
#832=VERTEX_POINT('',#2584);
#833=VERTEX_POINT('',#2587);
#834=VERTEX_POINT('',#2590);
#835=VERTEX_POINT('',#2593);
#836=VERTEX_POINT('',#2596);
#837=VERTEX_POINT('',#2600);
#838=VERTEX_POINT('',#2604);
#839=VERTEX_POINT('',#2608);
#840=VERTEX_POINT('',#2612);
#841=VERTEX_POINT('',#2614);
#842=VERTEX_POINT('',#2618);
#843=VERTEX_POINT('',#2620);
#844=VERTEX_POINT('',#2624);
#845=VERTEX_POINT('',#2626);
#846=VERTEX_POINT('',#2630);
#847=VERTEX_POINT('',#2632);
#848=LINE('',#2206,#1004);
#849=LINE('',#2209,#1005);
#850=LINE('',#2211,#1006);
#851=LINE('',#2213,#1007);
#852=LINE('',#2225,#1008);
#853=LINE('',#2227,#1009);
#854=LINE('',#2229,#1010);
#855=LINE('',#2231,#1011);
#856=LINE('',#2241,#1012);
#857=LINE('',#2244,#1013);
#858=LINE('',#2246,#1014);
#859=LINE('',#2248,#1015);
#860=LINE('',#2249,#1016);
#861=LINE('',#2254,#1017);
#862=LINE('',#2256,#1018);
#863=LINE('',#2258,#1019);
#864=LINE('',#2260,#1020);
#865=LINE('',#2261,#1021);
#866=LINE('',#2263,#1022);
#867=LINE('',#2264,#1023);
#868=LINE('',#2266,#1024);
#869=LINE('',#2267,#1025);
#870=LINE('',#2269,#1026);
#871=LINE('',#2271,#1027);
#872=LINE('',#2274,#1028);
#873=LINE('',#2287,#1029);
#874=LINE('',#2290,#1030);
#875=LINE('',#2292,#1031);
#876=LINE('',#2294,#1032);
#877=LINE('',#2295,#1033);
#878=LINE('',#2298,#1034);
#879=LINE('',#2300,#1035);
#880=LINE('',#2302,#1036);
#881=LINE('',#2308,#1037);
#882=LINE('',#2311,#1038);
#883=LINE('',#2313,#1039);
#884=LINE('',#2315,#1040);
#885=LINE('',#2316,#1041);
#886=LINE('',#2319,#1042);
#887=LINE('',#2321,#1043);
#888=LINE('',#2323,#1044);
#889=LINE('',#2324,#1045);
#890=LINE('',#2327,#1046);
#891=LINE('',#2329,#1047);
#892=LINE('',#2331,#1048);
#893=LINE('',#2333,#1049);
#894=LINE('',#2336,#1050);
#895=LINE('',#2338,#1051);
#896=LINE('',#2340,#1052);
#897=LINE('',#2341,#1053);
#898=LINE('',#2344,#1054);
#899=LINE('',#2346,#1055);
#900=LINE('',#2348,#1056);
#901=LINE('',#2350,#1057);
#902=LINE('',#2353,#1058);
#903=LINE('',#2355,#1059);
#904=LINE('',#2357,#1060);
#905=LINE('',#2358,#1061);
#906=LINE('',#2361,#1062);
#907=LINE('',#2363,#1063);
#908=LINE('',#2365,#1064);
#909=LINE('',#2367,#1065);
#910=LINE('',#2373,#1066);
#911=LINE('',#2377,#1067);
#912=LINE('',#2379,#1068);
#913=LINE('',#2380,#1069);
#914=LINE('',#2382,#1070);
#915=LINE('',#2386,#1071);
#916=LINE('',#2388,#1072);
#917=LINE('',#2390,#1073);
#918=LINE('',#2392,#1074);
#919=LINE('',#2394,#1075);
#920=LINE('',#2396,#1076);
#921=LINE('',#2398,#1077);
#922=LINE('',#2401,#1078);
#923=LINE('',#2402,#1079);
#924=LINE('',#2404,#1080);
#925=LINE('',#2407,#1081);
#926=LINE('',#2409,#1082);
#927=LINE('',#2411,#1083);
#928=LINE('',#2412,#1084);
#929=LINE('',#2415,#1085);
#930=LINE('',#2417,#1086);
#931=LINE('',#2419,#1087);
#932=LINE('',#2420,#1088);
#933=LINE('',#2423,#1089);
#934=LINE('',#2425,#1090);
#935=LINE('',#2427,#1091);
#936=LINE('',#2428,#1092);
#937=LINE('',#2431,#1093);
#938=LINE('',#2433,#1094);
#939=LINE('',#2435,#1095);
#940=LINE('',#2436,#1096);
#941=LINE('',#2437,#1097);
#942=LINE('',#2443,#1098);
#943=LINE('',#2445,#1099);
#944=LINE('',#2447,#1100);
#945=LINE('',#2449,#1101);
#946=LINE('',#2451,#1102);
#947=LINE('',#2453,#1103);
#948=LINE('',#2455,#1104);
#949=LINE('',#2457,#1105);
#950=LINE('',#2459,#1106);
#951=LINE('',#2460,#1107);
#952=LINE('',#2462,#1108);
#953=LINE('',#2464,#1109);
#954=LINE('',#2487,#1110);
#955=LINE('',#2488,#1111);
#956=LINE('',#2490,#1112);
#957=LINE('',#2492,#1113);
#958=LINE('',#2495,#1114);
#959=LINE('',#2497,#1115);
#960=LINE('',#2499,#1116);
#961=LINE('',#2501,#1117);
#962=LINE('',#2503,#1118);
#963=LINE('',#2505,#1119);
#964=LINE('',#2507,#1120);
#965=LINE('',#2509,#1121);
#966=LINE('',#2514,#1122);
#967=LINE('',#2516,#1123);
#968=LINE('',#2518,#1124);
#969=LINE('',#2520,#1125);
#970=LINE('',#2522,#1126);
#971=LINE('',#2524,#1127);
#972=LINE('',#2526,#1128);
#973=LINE('',#2528,#1129);
#974=LINE('',#2533,#1130);
#975=LINE('',#2535,#1131);
#976=LINE('',#2537,#1132);
#977=LINE('',#2539,#1133);
#978=LINE('',#2541,#1134);
#979=LINE('',#2543,#1135);
#980=LINE('',#2545,#1136);
#981=LINE('',#2547,#1137);
#982=LINE('',#2552,#1138);
#983=LINE('',#2554,#1139);
#984=LINE('',#2556,#1140);
#985=LINE('',#2558,#1141);
#986=LINE('',#2560,#1142);
#987=LINE('',#2562,#1143);
#988=LINE('',#2564,#1144);
#989=LINE('',#2566,#1145);
#990=LINE('',#2611,#1146);
#991=LINE('',#2613,#1147);
#992=LINE('',#2615,#1148);
#993=LINE('',#2617,#1149);
#994=LINE('',#2619,#1150);
#995=LINE('',#2621,#1151);
#996=LINE('',#2623,#1152);
#997=LINE('',#2625,#1153);
#998=LINE('',#2627,#1154);
#999=LINE('',#2629,#1155);
#1000=LINE('',#2631,#1156);
#1001=LINE('',#2633,#1157);
#1002=LINE('',#2635,#1158);
#1003=LINE('',#2637,#1159);
#1004=VECTOR('',#1768,1.);
#1005=VECTOR('',#1769,1.);
#1006=VECTOR('',#1770,1.);
#1007=VECTOR('',#1771,1.);
#1008=VECTOR('',#1782,1.);
#1009=VECTOR('',#1783,1.);
#1010=VECTOR('',#1784,1.);
#1011=VECTOR('',#1785,1.);
#1012=VECTOR('',#1796,1.);
#1013=VECTOR('',#1797,1.);
#1014=VECTOR('',#1798,1.);
#1015=VECTOR('',#1799,1.);
#1016=VECTOR('',#1800,1.);
#1017=VECTOR('',#1803,1.);
#1018=VECTOR('',#1804,1.);
#1019=VECTOR('',#1805,1.);
#1020=VECTOR('',#1808,1.);
#1021=VECTOR('',#1809,1.);
#1022=VECTOR('',#1812,1.);
#1023=VECTOR('',#1813,1.);
#1024=VECTOR('',#1816,1.);
#1025=VECTOR('',#1817,1.);
#1026=VECTOR('',#1820,1.);
#1027=VECTOR('',#1823,1.);
#1028=VECTOR('',#1828,1.);
#1029=VECTOR('',#1849,1.);
#1030=VECTOR('',#1850,1.);
#1031=VECTOR('',#1851,1.);
#1032=VECTOR('',#1852,1.);
#1033=VECTOR('',#1853,1.);
#1034=VECTOR('',#1854,1.);
#1035=VECTOR('',#1855,1.);
#1036=VECTOR('',#1856,1.);
#1037=VECTOR('',#1863,1.);
#1038=VECTOR('',#1864,1.);
#1039=VECTOR('',#1865,1.);
#1040=VECTOR('',#1866,1.);
#1041=VECTOR('',#1867,1.);
#1042=VECTOR('',#1868,1.);
#1043=VECTOR('',#1869,1.);
#1044=VECTOR('',#1870,1.);
#1045=VECTOR('',#1871,1.);
#1046=VECTOR('',#1872,1.);
#1047=VECTOR('',#1873,1.);
#1048=VECTOR('',#1874,1.);
#1049=VECTOR('',#1877,1.);
#1050=VECTOR('',#1878,1.);
#1051=VECTOR('',#1879,1.);
#1052=VECTOR('',#1880,1.);
#1053=VECTOR('',#1881,1.);
#1054=VECTOR('',#1882,1.);
#1055=VECTOR('',#1883,1.);
#1056=VECTOR('',#1884,1.);
#1057=VECTOR('',#1887,1.);
#1058=VECTOR('',#1888,1.);
#1059=VECTOR('',#1889,1.);
#1060=VECTOR('',#1890,1.);
#1061=VECTOR('',#1891,1.);
#1062=VECTOR('',#1892,1.);
#1063=VECTOR('',#1893,1.);
#1064=VECTOR('',#1894,1.);
#1065=VECTOR('',#1897,1.);
#1066=VECTOR('',#1902,1.);
#1067=VECTOR('',#1905,1.);
#1068=VECTOR('',#1906,1.);
#1069=VECTOR('',#1907,1.);
#1070=VECTOR('',#1908,1.);
#1071=VECTOR('',#1913,1.);
#1072=VECTOR('',#1914,1.);
#1073=VECTOR('',#1915,1.);
#1074=VECTOR('',#1918,1.);
#1075=VECTOR('',#1919,1.);
#1076=VECTOR('',#1920,1.);
#1077=VECTOR('',#1923,1.);
#1078=VECTOR('',#1924,1.);
#1079=VECTOR('',#1925,1.);
#1080=VECTOR('',#1928,1.);
#1081=VECTOR('',#1929,1.);
#1082=VECTOR('',#1930,1.);
#1083=VECTOR('',#1931,1.);
#1084=VECTOR('',#1932,1.);
#1085=VECTOR('',#1933,1.);
#1086=VECTOR('',#1934,1.);
#1087=VECTOR('',#1935,1.);
#1088=VECTOR('',#1936,1.);
#1089=VECTOR('',#1937,1.);
#1090=VECTOR('',#1938,1.);
#1091=VECTOR('',#1939,1.);
#1092=VECTOR('',#1940,1.);
#1093=VECTOR('',#1941,1.);
#1094=VECTOR('',#1942,1.);
#1095=VECTOR('',#1943,1.);
#1096=VECTOR('',#1944,1.);
#1097=VECTOR('',#1945,1.);
#1098=VECTOR('',#1956,1.);
#1099=VECTOR('',#1957,1.);
#1100=VECTOR('',#1958,1.);
#1101=VECTOR('',#1961,1.);
#1102=VECTOR('',#1962,1.);
#1103=VECTOR('',#1965,1.);
#1104=VECTOR('',#1966,1.);
#1105=VECTOR('',#1969,1.);
#1106=VECTOR('',#1972,1.);
#1107=VECTOR('',#1973,1.);
#1108=VECTOR('',#1976,1.);
#1109=VECTOR('',#1979,1.);
#1110=VECTOR('',#2024,1.);
#1111=VECTOR('',#2025,1.);
#1112=VECTOR('',#2028,1.);
#1113=VECTOR('',#2031,1.);
#1114=VECTOR('',#2036,1.);
#1115=VECTOR('',#2037,1.);
#1116=VECTOR('',#2038,1.);
#1117=VECTOR('',#2041,1.);
#1118=VECTOR('',#2042,1.);
#1119=VECTOR('',#2045,1.);
#1120=VECTOR('',#2046,1.);
#1121=VECTOR('',#2049,1.);
#1122=VECTOR('',#2056,1.);
#1123=VECTOR('',#2057,1.);
#1124=VECTOR('',#2058,1.);
#1125=VECTOR('',#2061,1.);
#1126=VECTOR('',#2062,1.);
#1127=VECTOR('',#2065,1.);
#1128=VECTOR('',#2066,1.);
#1129=VECTOR('',#2069,1.);
#1130=VECTOR('',#2076,1.);
#1131=VECTOR('',#2077,1.);
#1132=VECTOR('',#2078,1.);
#1133=VECTOR('',#2081,1.);
#1134=VECTOR('',#2082,1.);
#1135=VECTOR('',#2085,1.);
#1136=VECTOR('',#2086,1.);
#1137=VECTOR('',#2089,1.);
#1138=VECTOR('',#2096,1.);
#1139=VECTOR('',#2097,1.);
#1140=VECTOR('',#2098,1.);
#1141=VECTOR('',#2101,1.);
#1142=VECTOR('',#2102,1.);
#1143=VECTOR('',#2105,1.);
#1144=VECTOR('',#2106,1.);
#1145=VECTOR('',#2109,1.);
#1146=VECTOR('',#2172,1.);
#1147=VECTOR('',#2173,1.);
#1148=VECTOR('',#2174,1.);
#1149=VECTOR('',#2177,1.);
#1150=VECTOR('',#2178,1.);
#1151=VECTOR('',#2179,1.);
#1152=VECTOR('',#2182,1.);
#1153=VECTOR('',#2183,1.);
#1154=VECTOR('',#2184,1.);
#1155=VECTOR('',#2187,1.);
#1156=VECTOR('',#2188,1.);
#1157=VECTOR('',#2189,1.);
#1158=VECTOR('',#2192,1.);
#1159=VECTOR('',#2195,1.);
#1160=EDGE_LOOP('',(#102,#103,#104,#105));
#1161=EDGE_LOOP('',(#106));
#1162=EDGE_LOOP('',(#107));
#1163=EDGE_LOOP('',(#108));
#1164=EDGE_LOOP('',(#109));
#1165=EDGE_LOOP('',(#110,#111,#112,#113,#114));
#1166=EDGE_LOOP('',(#115));
#1167=EDGE_LOOP('',(#116));
#1168=EDGE_LOOP('',(#117));
#1169=EDGE_LOOP('',(#118));
#1170=EDGE_LOOP('',(#119,#120,#121,#122));
#1171=EDGE_LOOP('',(#123,#124,#125,#126,#127));
#1172=EDGE_LOOP('',(#128,#129,#130,#131));
#1173=EDGE_LOOP('',(#132,#133,#134,#135));
#1174=EDGE_LOOP('',(#136,#137,#138,#139));
#1175=EDGE_LOOP('',(#140,#141,#142,#143));
#1176=EDGE_LOOP('',(#144,#145,#146,#147));
#1177=EDGE_LOOP('',(#148,#149,#150,#151));
#1178=EDGE_LOOP('',(#152,#153,#154,#155));
#1179=EDGE_LOOP('',(#156,#157,#158,#159));
#1180=EDGE_LOOP('',(#160));
#1181=EDGE_LOOP('',(#161));
#1182=EDGE_LOOP('',(#162,#163,#164,#165));
#1183=EDGE_LOOP('',(#166));
#1184=EDGE_LOOP('',(#167));
#1185=EDGE_LOOP('',(#168));
#1186=EDGE_LOOP('',(#169));
#1187=EDGE_LOOP('',(#170));
#1188=EDGE_LOOP('',(#171));
#1189=EDGE_LOOP('',(#172));
#1190=EDGE_LOOP('',(#173));
#1191=EDGE_LOOP('',(#174,#175,#176,#177));
#1192=EDGE_LOOP('',(#178,#179,#180,#181));
#1193=EDGE_LOOP('',(#182));
#1194=EDGE_LOOP('',(#183));
#1195=EDGE_LOOP('',(#184,#185,#186,#187));
#1196=EDGE_LOOP('',(#188,#189,#190,#191));
#1197=EDGE_LOOP('',(#192,#193,#194,#195));
#1198=EDGE_LOOP('',(#196,#197,#198,#199));
#1199=EDGE_LOOP('',(#200,#201,#202,#203));
#1200=EDGE_LOOP('',(#204,#205,#206,#207));
#1201=EDGE_LOOP('',(#208,#209,#210,#211));
#1202=EDGE_LOOP('',(#212,#213,#214,#215,#216,#217,#218,#219,#220,#221,#222,
#223));
#1203=EDGE_LOOP('',(#224,#225,#226,#227));
#1204=EDGE_LOOP('',(#228,#229,#230,#231));
#1205=EDGE_LOOP('',(#232,#233,#234,#235));
#1206=EDGE_LOOP('',(#236,#237,#238,#239));
#1207=EDGE_LOOP('',(#240,#241,#242,#243));
#1208=EDGE_LOOP('',(#244,#245,#246,#247));
#1209=EDGE_LOOP('',(#248,#249,#250,#251));
#1210=EDGE_LOOP('',(#252,#253,#254,#255));
#1211=EDGE_LOOP('',(#256,#257,#258,#259,#260));
#1212=EDGE_LOOP('',(#261,#262,#263,#264,#265));
#1213=EDGE_LOOP('',(#266,#267,#268,#269));
#1214=EDGE_LOOP('',(#270,#271,#272,#273));
#1215=EDGE_LOOP('',(#274,#275,#276,#277));
#1216=EDGE_LOOP('',(#278,#279,#280,#281));
#1217=EDGE_LOOP('',(#282,#283,#284,#285));
#1218=EDGE_LOOP('',(#286,#287,#288,#289));
#1219=EDGE_LOOP('',(#290,#291,#292,#293));
#1220=EDGE_LOOP('',(#294,#295,#296,#297));
#1221=EDGE_LOOP('',(#298,#299,#300,#301));
#1222=EDGE_LOOP('',(#302,#303,#304,#305));
#1223=EDGE_LOOP('',(#306,#307,#308,#309));
#1224=EDGE_LOOP('',(#310,#311,#312));
#1225=EDGE_LOOP('',(#313,#314,#315));
#1226=EDGE_LOOP('',(#316,#317,#318,#319));
#1227=EDGE_LOOP('',(#320,#321,#322,#323));
#1228=EDGE_LOOP('',(#324,#325,#326,#327,#328));
#1229=EDGE_LOOP('',(#329,#330,#331,#332,#333));
#1230=EDGE_LOOP('',(#334,#335,#336,#337,#338,#339,#340,#341));
#1231=EDGE_LOOP('',(#342,#343,#344,#345));
#1232=EDGE_LOOP('',(#346,#347,#348,#349));
#1233=EDGE_LOOP('',(#350,#351,#352,#353));
#1234=EDGE_LOOP('',(#354,#355,#356,#357));
#1235=EDGE_LOOP('',(#358,#359,#360,#361));
#1236=EDGE_LOOP('',(#362,#363,#364,#365));
#1237=EDGE_LOOP('',(#366,#367,#368,#369));
#1238=EDGE_LOOP('',(#370,#371,#372,#373));
#1239=EDGE_LOOP('',(#374));
#1240=EDGE_LOOP('',(#375,#376,#377,#378));
#1241=EDGE_LOOP('',(#379,#380,#381,#382));
#1242=EDGE_LOOP('',(#383,#384,#385,#386));
#1243=EDGE_LOOP('',(#387,#388,#389,#390));
#1244=EDGE_LOOP('',(#391,#392,#393,#394));
#1245=EDGE_LOOP('',(#395));
#1246=EDGE_LOOP('',(#396,#397,#398,#399));
#1247=EDGE_LOOP('',(#400,#401,#402,#403));
#1248=EDGE_LOOP('',(#404,#405,#406,#407));
#1249=EDGE_LOOP('',(#408,#409,#410,#411));
#1250=EDGE_LOOP('',(#412,#413,#414,#415));
#1251=EDGE_LOOP('',(#416));
#1252=EDGE_LOOP('',(#417,#418,#419,#420));
#1253=EDGE_LOOP('',(#421,#422,#423,#424));
#1254=EDGE_LOOP('',(#425,#426,#427,#428));
#1255=EDGE_LOOP('',(#429,#430,#431,#432));
#1256=EDGE_LOOP('',(#433,#434,#435,#436));
#1257=EDGE_LOOP('',(#437));
#1258=EDGE_LOOP('',(#438,#439,#440,#441));
#1259=EDGE_LOOP('',(#442));
#1260=EDGE_LOOP('',(#443));
#1261=EDGE_LOOP('',(#444));
#1262=EDGE_LOOP('',(#445));
#1263=EDGE_LOOP('',(#446));
#1264=EDGE_LOOP('',(#447));
#1265=EDGE_LOOP('',(#448));
#1266=EDGE_LOOP('',(#449));
#1267=EDGE_LOOP('',(#450));
#1268=EDGE_LOOP('',(#451));
#1269=EDGE_LOOP('',(#452));
#1270=EDGE_LOOP('',(#453));
#1271=EDGE_LOOP('',(#454));
#1272=EDGE_LOOP('',(#455));
#1273=EDGE_LOOP('',(#456));
#1274=EDGE_LOOP('',(#457));
#1275=EDGE_LOOP('',(#458));
#1276=EDGE_LOOP('',(#459));
#1277=EDGE_LOOP('',(#460));
#1278=EDGE_LOOP('',(#461));
#1279=EDGE_LOOP('',(#462));
#1280=EDGE_LOOP('',(#463));
#1281=EDGE_LOOP('',(#464));
#1282=EDGE_LOOP('',(#465));
#1283=EDGE_LOOP('',(#466));
#1284=EDGE_LOOP('',(#467));
#1285=EDGE_LOOP('',(#468));
#1286=EDGE_LOOP('',(#469));
#1287=EDGE_LOOP('',(#470,#471,#472,#473));
#1288=EDGE_LOOP('',(#474,#475,#476,#477));
#1289=EDGE_LOOP('',(#478,#479,#480,#481,#482,#483));
#1290=EDGE_LOOP('',(#484,#485,#486,#487,#488,#489));
#1291=EDGE_LOOP('',(#490,#491,#492,#493));
#1292=EDGE_LOOP('',(#494,#495,#496,#497));
#1293=EDGE_LOOP('',(#498,#499,#500,#501));
#1294=EDGE_LOOP('',(#502));
#1295=EDGE_LOOP('',(#503));
#1296=EDGE_LOOP('',(#504));
#1297=EDGE_LOOP('',(#505));
#1298=FACE_BOUND('',#1160,.T.);
#1299=FACE_BOUND('',#1161,.T.);
#1300=FACE_BOUND('',#1162,.T.);
#1301=FACE_BOUND('',#1163,.T.);
#1302=FACE_BOUND('',#1164,.T.);
#1303=FACE_BOUND('',#1165,.T.);
#1304=FACE_BOUND('',#1166,.T.);
#1305=FACE_BOUND('',#1167,.T.);
#1306=FACE_BOUND('',#1168,.T.);
#1307=FACE_BOUND('',#1169,.T.);
#1308=FACE_BOUND('',#1170,.T.);
#1309=FACE_BOUND('',#1171,.T.);
#1310=FACE_BOUND('',#1172,.T.);
#1311=FACE_BOUND('',#1173,.T.);
#1312=FACE_BOUND('',#1174,.T.);
#1313=FACE_BOUND('',#1175,.T.);
#1314=FACE_BOUND('',#1176,.T.);
#1315=FACE_BOUND('',#1177,.T.);
#1316=FACE_BOUND('',#1178,.T.);
#1317=FACE_BOUND('',#1179,.T.);
#1318=FACE_BOUND('',#1180,.T.);
#1319=FACE_BOUND('',#1181,.T.);
#1320=FACE_BOUND('',#1182,.T.);
#1321=FACE_BOUND('',#1183,.T.);
#1322=FACE_BOUND('',#1184,.T.);
#1323=FACE_BOUND('',#1185,.T.);
#1324=FACE_BOUND('',#1186,.T.);
#1325=FACE_BOUND('',#1187,.T.);
#1326=FACE_BOUND('',#1188,.T.);
#1327=FACE_BOUND('',#1189,.T.);
#1328=FACE_BOUND('',#1190,.T.);
#1329=FACE_BOUND('',#1191,.T.);
#1330=FACE_BOUND('',#1192,.T.);
#1331=FACE_BOUND('',#1193,.T.);
#1332=FACE_BOUND('',#1194,.T.);
#1333=FACE_BOUND('',#1195,.T.);
#1334=FACE_BOUND('',#1196,.T.);
#1335=FACE_BOUND('',#1197,.T.);
#1336=FACE_BOUND('',#1198,.T.);
#1337=FACE_BOUND('',#1199,.T.);
#1338=FACE_BOUND('',#1200,.T.);
#1339=FACE_BOUND('',#1201,.T.);
#1340=FACE_BOUND('',#1202,.T.);
#1341=FACE_BOUND('',#1203,.T.);
#1342=FACE_BOUND('',#1204,.T.);
#1343=FACE_BOUND('',#1205,.T.);
#1344=FACE_BOUND('',#1206,.T.);
#1345=FACE_BOUND('',#1207,.T.);
#1346=FACE_BOUND('',#1208,.T.);
#1347=FACE_BOUND('',#1209,.T.);
#1348=FACE_BOUND('',#1210,.T.);
#1349=FACE_BOUND('',#1211,.T.);
#1350=FACE_BOUND('',#1212,.T.);
#1351=FACE_BOUND('',#1213,.T.);
#1352=FACE_BOUND('',#1214,.T.);
#1353=FACE_BOUND('',#1215,.T.);
#1354=FACE_BOUND('',#1216,.T.);
#1355=FACE_BOUND('',#1217,.T.);
#1356=FACE_BOUND('',#1218,.T.);
#1357=FACE_BOUND('',#1219,.T.);
#1358=FACE_BOUND('',#1220,.T.);
#1359=FACE_BOUND('',#1221,.T.);
#1360=FACE_BOUND('',#1222,.T.);
#1361=FACE_BOUND('',#1223,.T.);
#1362=FACE_BOUND('',#1224,.T.);
#1363=FACE_BOUND('',#1225,.T.);
#1364=FACE_BOUND('',#1226,.T.);
#1365=FACE_BOUND('',#1227,.T.);
#1366=FACE_BOUND('',#1228,.T.);
#1367=FACE_BOUND('',#1229,.T.);
#1368=FACE_BOUND('',#1230,.T.);
#1369=FACE_BOUND('',#1231,.T.);
#1370=FACE_BOUND('',#1232,.T.);
#1371=FACE_BOUND('',#1233,.T.);
#1372=FACE_BOUND('',#1234,.T.);
#1373=FACE_BOUND('',#1235,.T.);
#1374=FACE_BOUND('',#1236,.T.);
#1375=FACE_BOUND('',#1237,.T.);
#1376=FACE_BOUND('',#1238,.T.);
#1377=FACE_BOUND('',#1239,.T.);
#1378=FACE_BOUND('',#1240,.T.);
#1379=FACE_BOUND('',#1241,.T.);
#1380=FACE_BOUND('',#1242,.T.);
#1381=FACE_BOUND('',#1243,.T.);
#1382=FACE_BOUND('',#1244,.T.);
#1383=FACE_BOUND('',#1245,.T.);
#1384=FACE_BOUND('',#1246,.T.);
#1385=FACE_BOUND('',#1247,.T.);
#1386=FACE_BOUND('',#1248,.T.);
#1387=FACE_BOUND('',#1249,.T.);
#1388=FACE_BOUND('',#1250,.T.);
#1389=FACE_BOUND('',#1251,.T.);
#1390=FACE_BOUND('',#1252,.T.);
#1391=FACE_BOUND('',#1253,.T.);
#1392=FACE_BOUND('',#1254,.T.);
#1393=FACE_BOUND('',#1255,.T.);
#1394=FACE_BOUND('',#1256,.T.);
#1395=FACE_BOUND('',#1257,.T.);
#1396=FACE_BOUND('',#1258,.T.);
#1397=FACE_BOUND('',#1259,.T.);
#1398=FACE_BOUND('',#1260,.T.);
#1399=FACE_BOUND('',#1261,.T.);
#1400=FACE_BOUND('',#1262,.T.);
#1401=FACE_BOUND('',#1263,.T.);
#1402=FACE_BOUND('',#1264,.T.);
#1403=FACE_BOUND('',#1265,.T.);
#1404=FACE_BOUND('',#1266,.T.);
#1405=FACE_BOUND('',#1267,.T.);
#1406=FACE_BOUND('',#1268,.T.);
#1407=FACE_BOUND('',#1269,.T.);
#1408=FACE_BOUND('',#1270,.T.);
#1409=FACE_BOUND('',#1271,.T.);
#1410=FACE_BOUND('',#1272,.T.);
#1411=FACE_BOUND('',#1273,.T.);
#1412=FACE_BOUND('',#1274,.T.);
#1413=FACE_BOUND('',#1275,.T.);
#1414=FACE_BOUND('',#1276,.T.);
#1415=FACE_BOUND('',#1277,.T.);
#1416=FACE_BOUND('',#1278,.T.);
#1417=FACE_BOUND('',#1279,.T.);
#1418=FACE_BOUND('',#1280,.T.);
#1419=FACE_BOUND('',#1281,.T.);
#1420=FACE_BOUND('',#1282,.T.);
#1421=FACE_BOUND('',#1283,.T.);
#1422=FACE_BOUND('',#1284,.T.);
#1423=FACE_BOUND('',#1285,.T.);
#1424=FACE_BOUND('',#1286,.T.);
#1425=FACE_BOUND('',#1287,.T.);
#1426=FACE_BOUND('',#1288,.T.);
#1427=FACE_BOUND('',#1289,.T.);
#1428=FACE_BOUND('',#1290,.T.);
#1429=FACE_BOUND('',#1291,.T.);
#1430=FACE_BOUND('',#1292,.T.);
#1431=FACE_BOUND('',#1293,.T.);
#1432=FACE_BOUND('',#1294,.T.);
#1433=FACE_BOUND('',#1295,.T.);
#1434=FACE_BOUND('',#1296,.T.);
#1435=FACE_BOUND('',#1297,.T.);
#1436=PLANE('',#1623);
#1437=PLANE('',#1629);
#1438=PLANE('',#1635);
#1439=PLANE('',#1636);
#1440=PLANE('',#1637);
#1441=PLANE('',#1638);
#1442=PLANE('',#1639);
#1443=PLANE('',#1640);
#1444=PLANE('',#1641);
#1445=PLANE('',#1642);
#1446=PLANE('',#1649);
#1447=PLANE('',#1652);
#1448=PLANE('',#1655);
#1449=PLANE('',#1656);
#1450=PLANE('',#1657);
#1451=PLANE('',#1662);
#1452=PLANE('',#1663);
#1453=PLANE('',#1664);
#1454=PLANE('',#1665);
#1455=PLANE('',#1666);
#1456=PLANE('',#1668);
#1457=PLANE('',#1670);
#1458=PLANE('',#1671);
#1459=PLANE('',#1672);
#1460=PLANE('',#1673);
#1461=PLANE('',#1674);
#1462=PLANE('',#1675);
#1463=PLANE('',#1676);
#1464=PLANE('',#1677);
#1465=PLANE('',#1698);
#1466=PLANE('',#1699);
#1467=PLANE('',#1700);
#1468=PLANE('',#1701);
#1469=PLANE('',#1702);
#1470=PLANE('',#1703);
#1471=PLANE('',#1704);
#1472=PLANE('',#1705);
#1473=PLANE('',#1706);
#1474=PLANE('',#1708);
#1475=PLANE('',#1709);
#1476=PLANE('',#1710);
#1477=PLANE('',#1711);
#1478=PLANE('',#1712);
#1479=PLANE('',#1714);
#1480=PLANE('',#1715);
#1481=PLANE('',#1716);
#1482=PLANE('',#1717);
#1483=PLANE('',#1718);
#1484=PLANE('',#1720);
#1485=PLANE('',#1721);
#1486=PLANE('',#1722);
#1487=PLANE('',#1723);
#1488=PLANE('',#1724);
#1489=PLANE('',#1728);
#1490=PLANE('',#1732);
#1491=PLANE('',#1736);
#1492=PLANE('',#1740);
#1493=PLANE('',#1744);
#1494=PLANE('',#1747);
#1495=PLANE('',#1750);
#1496=PLANE('',#1753);
#1497=PLANE('',#1754);
#1498=PLANE('',#1755);
#1499=PLANE('',#1756);
#1500=PLANE('',#1757);
#1501=PLANE('',#1758);
#1502=PLANE('',#1759);
#1503=PLANE('',#1760);
#1504=ADVANCED_FACE('',(#1298,#1299,#1300,#1301,#1302,#1303),#1436,.T.);
#1505=ADVANCED_FACE('',(#1304,#1305,#1306,#1307,#1308,#1309),#1437,.F.);
#1506=ADVANCED_FACE('',(#1310),#1438,.F.);
#1507=ADVANCED_FACE('',(#1311),#1439,.F.);
#1508=ADVANCED_FACE('',(#1312),#1440,.T.);
#1509=ADVANCED_FACE('',(#1313),#1441,.F.);
#1510=ADVANCED_FACE('',(#1314),#1442,.F.);
#1511=ADVANCED_FACE('',(#1315),#1443,.T.);
#1512=ADVANCED_FACE('',(#1316),#1444,.F.);
#1513=ADVANCED_FACE('',(#1317),#1445,.F.);
#1514=ADVANCED_FACE('',(#1318,#1319),#39,.F.);
#1515=ADVANCED_FACE('',(#1320),#40,.F.);
#1516=ADVANCED_FACE('',(#1321,#1322),#41,.F.);
#1517=ADVANCED_FACE('',(#1323,#1324),#42,.F.);
#1518=ADVANCED_FACE('',(#1325,#1326),#43,.F.);
#1519=ADVANCED_FACE('',(#1327,#1328,#1329,#1330),#1446,.T.);
#1520=ADVANCED_FACE('',(#1331,#1332,#1333,#1334,#1335),#1447,.F.);
#1521=ADVANCED_FACE('',(#1336,#1337),#1448,.T.);
#1522=ADVANCED_FACE('',(#1338,#1339),#1449,.F.);
#1523=ADVANCED_FACE('',(#1340),#1450,.T.);
#1524=ADVANCED_FACE('',(#1341),#1451,.T.);
#1525=ADVANCED_FACE('',(#1342),#1452,.T.);
#1526=ADVANCED_FACE('',(#1343),#1453,.F.);
#1527=ADVANCED_FACE('',(#1344,#1345,#1346,#1347,#1348),#1454,.F.);
#1528=ADVANCED_FACE('',(#1349),#1455,.F.);
#1529=ADVANCED_FACE('',(#1350),#1456,.T.);
#1530=ADVANCED_FACE('',(#1351),#1457,.T.);
#1531=ADVANCED_FACE('',(#1352),#1458,.F.);
#1532=ADVANCED_FACE('',(#1353),#1459,.F.);
#1533=ADVANCED_FACE('',(#1354),#1460,.T.);
#1534=ADVANCED_FACE('',(#1355),#1461,.T.);
#1535=ADVANCED_FACE('',(#1356),#1462,.F.);
#1536=ADVANCED_FACE('',(#1357),#1463,.F.);
#1537=ADVANCED_FACE('',(#1358),#1464,.T.);
#1538=ADVANCED_FACE('',(#1359),#44,.T.);
#1539=ADVANCED_FACE('',(#1360),#45,.T.);
#1540=ADVANCED_FACE('',(#1361),#46,.T.);
#1541=ADVANCED_FACE('',(#1362),#18,.T.);
#1542=ADVANCED_FACE('',(#1363),#19,.T.);
#1543=ADVANCED_FACE('',(#1364),#47,.T.);
#1544=ADVANCED_FACE('',(#1365),#48,.T.);
#1545=ADVANCED_FACE('',(#1366),#49,.T.);
#1546=ADVANCED_FACE('',(#1367),#50,.T.);
#1547=ADVANCED_FACE('',(#1368),#51,.T.);
#1548=ADVANCED_FACE('',(#1369),#1465,.F.);
#1549=ADVANCED_FACE('',(#1370),#1466,.T.);
#1550=ADVANCED_FACE('',(#1371),#1467,.F.);
#1551=ADVANCED_FACE('',(#1372),#1468,.T.);
#1552=ADVANCED_FACE('',(#1373),#1469,.T.);
#1553=ADVANCED_FACE('',(#1374),#1470,.T.);
#1554=ADVANCED_FACE('',(#1375),#1471,.T.);
#1555=ADVANCED_FACE('',(#1376),#1472,.T.);
#1556=ADVANCED_FACE('',(#1377,#1378),#1473,.F.);
#1557=ADVANCED_FACE('',(#1379),#1474,.T.);
#1558=ADVANCED_FACE('',(#1380),#1475,.T.);
#1559=ADVANCED_FACE('',(#1381),#1476,.T.);
#1560=ADVANCED_FACE('',(#1382),#1477,.T.);
#1561=ADVANCED_FACE('',(#1383,#1384),#1478,.F.);
#1562=ADVANCED_FACE('',(#1385),#1479,.T.);
#1563=ADVANCED_FACE('',(#1386),#1480,.T.);
#1564=ADVANCED_FACE('',(#1387),#1481,.T.);
#1565=ADVANCED_FACE('',(#1388),#1482,.T.);
#1566=ADVANCED_FACE('',(#1389,#1390),#1483,.F.);
#1567=ADVANCED_FACE('',(#1391),#1484,.T.);
#1568=ADVANCED_FACE('',(#1392),#1485,.T.);
#1569=ADVANCED_FACE('',(#1393),#1486,.T.);
#1570=ADVANCED_FACE('',(#1394),#1487,.T.);
#1571=ADVANCED_FACE('',(#1395,#1396),#1488,.F.);
#1572=ADVANCED_FACE('',(#1397,#1398),#52,.F.);
#1573=ADVANCED_FACE('',(#1399,#1400),#1489,.F.);
#1574=ADVANCED_FACE('',(#1401,#1402),#53,.F.);
#1575=ADVANCED_FACE('',(#1403,#1404),#1490,.F.);
#1576=ADVANCED_FACE('',(#1405,#1406),#54,.F.);
#1577=ADVANCED_FACE('',(#1407,#1408),#1491,.F.);
#1578=ADVANCED_FACE('',(#1409,#1410),#55,.F.);
#1579=ADVANCED_FACE('',(#1411,#1412),#1492,.F.);
#1580=ADVANCED_FACE('',(#1413,#1414),#56,.F.);
#1581=ADVANCED_FACE('',(#1415),#1493,.F.);
#1582=ADVANCED_FACE('',(#1416,#1417),#57,.F.);
#1583=ADVANCED_FACE('',(#1418),#1494,.F.);
#1584=ADVANCED_FACE('',(#1419,#1420),#58,.F.);
#1585=ADVANCED_FACE('',(#1421),#1495,.F.);
#1586=ADVANCED_FACE('',(#1422,#1423),#59,.F.);
#1587=ADVANCED_FACE('',(#1424),#1496,.F.);
#1588=ADVANCED_FACE('',(#1425),#1497,.F.);
#1589=ADVANCED_FACE('',(#1426),#1498,.F.);
#1590=ADVANCED_FACE('',(#1427),#1499,.T.);
#1591=ADVANCED_FACE('',(#1428),#1500,.F.);
#1592=ADVANCED_FACE('',(#1429),#1501,.F.);
#1593=ADVANCED_FACE('',(#1430),#1502,.F.);
#1594=ADVANCED_FACE('',(#1431),#1503,.F.);
#1595=ADVANCED_FACE('',(#1432,#1433),#60,.F.);
#1596=ADVANCED_FACE('',(#1434,#1435),#61,.F.);
#1597=CLOSED_SHELL('',(#1504,#1505,#1506,#1507,#1508,#1509,#1510,#1511,
#1512,#1513,#1514,#1515,#1516,#1517,#1518));
#1598=CLOSED_SHELL('',(#1519,#1520,#1521,#1522,#1523,#1524,#1525,#1526,
#1527,#1528,#1529,#1530,#1531,#1532,#1533,#1534,#1535,#1536,#1537,#1538,
#1539,#1540,#1541,#1542,#1543,#1544,#1545,#1546,#1547,#1548,#1549,#1550,
#1551,#1552,#1553,#1554,#1555,#1556,#1557,#1558,#1559,#1560,#1561,#1562,
#1563,#1564,#1565,#1566,#1567,#1568,#1569,#1570,#1571,#1572,#1573,#1574,
#1575,#1576,#1577,#1578,#1579,#1580,#1581,#1582,#1583,#1584,#1585,#1586,
#1587,#1588,#1589,#1590,#1591,#1592,#1593,#1594,#1595,#1596));
#1599=STYLED_ITEM('',(#1601),#1614);
#1600=STYLED_ITEM('',(#1602),#1615);
#1601=PRESENTATION_STYLE_ASSIGNMENT((#1603));
#1602=PRESENTATION_STYLE_ASSIGNMENT((#1604));
#1603=SURFACE_STYLE_USAGE(.BOTH.,#1605);
#1604=SURFACE_STYLE_USAGE(.BOTH.,#1606);
#1605=SURFACE_SIDE_STYLE('',(#1607));
#1606=SURFACE_SIDE_STYLE('',(#1608));
#1607=SURFACE_STYLE_FILL_AREA(#1609);
#1608=SURFACE_STYLE_FILL_AREA(#1610);
#1609=FILL_AREA_STYLE('',(#1611));
#1610=FILL_AREA_STYLE('',(#1612));
#1611=FILL_AREA_STYLE_COLOUR('',#1613);
#1612=FILL_AREA_STYLE_COLOUR('',#26);
#1613=DRAUGHTING_PRE_DEFINED_COLOUR('red');
#1614=MANIFOLD_SOLID_BREP('Part 1',#1597);
#1615=MANIFOLD_SOLID_BREP('Part 1',#1598);
#1616=SHAPE_DEFINITION_REPRESENTATION(#2652,#1619);
#1617=SHAPE_DEFINITION_REPRESENTATION(#2653,#1620);
#1618=SHAPE_DEFINITION_REPRESENTATION(#2655,#1621);
#1619=SHAPE_REPRESENTATION('Top and Bottom',(#1622,#1648,#1763),#2643);
#1620=SHAPE_REPRESENTATION('Part 1',(#1622),#2644);
#1621=SHAPE_REPRESENTATION('Part 1',(#1622),#2645);
#1622=AXIS2_PLACEMENT_3D('',#2204,#1764,#1765);
#1623=AXIS2_PLACEMENT_3D('',#2205,#1766,#1767);
#1624=AXIS2_PLACEMENT_3D('',#2214,#1772,#1773);
#1625=AXIS2_PLACEMENT_3D('',#2216,#1774,#1775);
#1626=AXIS2_PLACEMENT_3D('',#2218,#1776,#1777);
#1627=AXIS2_PLACEMENT_3D('',#2220,#1778,#1779);
#1628=AXIS2_PLACEMENT_3D('',#2222,#1780,#1781);
#1629=AXIS2_PLACEMENT_3D('',#2232,#1786,#1787);
#1630=AXIS2_PLACEMENT_3D('',#2233,#1788,#1789);
#1631=AXIS2_PLACEMENT_3D('',#2235,#1790,#1791);
#1632=AXIS2_PLACEMENT_3D('',#2237,#1792,#1793);
#1633=AXIS2_PLACEMENT_3D('',#2239,#1794,#1795);
#1634=AXIS2_PLACEMENT_3D('',#2252,#1801,#1802);
#1635=AXIS2_PLACEMENT_3D('',#2259,#1806,#1807);
#1636=AXIS2_PLACEMENT_3D('',#2262,#1810,#1811);
#1637=AXIS2_PLACEMENT_3D('',#2265,#1814,#1815);
#1638=AXIS2_PLACEMENT_3D('',#2268,#1818,#1819);
#1639=AXIS2_PLACEMENT_3D('',#2270,#1821,#1822);
#1640=AXIS2_PLACEMENT_3D('',#2272,#1824,#1825);
#1641=AXIS2_PLACEMENT_3D('',#2273,#1826,#1827);
#1642=AXIS2_PLACEMENT_3D('',#2275,#1829,#1830);
#1643=AXIS2_PLACEMENT_3D('',#2276,#1831,#1832);
#1644=AXIS2_PLACEMENT_3D('',#2277,#1833,#1834);
#1645=AXIS2_PLACEMENT_3D('',#2278,#1835,#1836);
#1646=AXIS2_PLACEMENT_3D('',#2279,#1837,#1838);
#1647=AXIS2_PLACEMENT_3D('',#2280,#1839,#1840);
#1648=AXIS2_PLACEMENT_3D('',#2281,#1841,#1842);
#1649=AXIS2_PLACEMENT_3D('',#2282,#1843,#1844);
#1650=AXIS2_PLACEMENT_3D('',#2283,#1845,#1846);
#1651=AXIS2_PLACEMENT_3D('',#2285,#1847,#1848);
#1652=AXIS2_PLACEMENT_3D('',#2303,#1857,#1858);
#1653=AXIS2_PLACEMENT_3D('',#2304,#1859,#1860);
#1654=AXIS2_PLACEMENT_3D('',#2306,#1861,#1862);
#1655=AXIS2_PLACEMENT_3D('',#2332,#1875,#1876);
#1656=AXIS2_PLACEMENT_3D('',#2349,#1885,#1886);
#1657=AXIS2_PLACEMENT_3D('',#2366,#1895,#1896);
#1658=AXIS2_PLACEMENT_3D('',#2370,#1898,#1899);
#1659=AXIS2_PLACEMENT_3D('',#2371,#1900,#1901);
#1660=AXIS2_PLACEMENT_3D('',#2375,#1903,#1904);
#1661=AXIS2_PLACEMENT_3D('',#2384,#1909,#1910);
#1662=AXIS2_PLACEMENT_3D('',#2385,#1911,#1912);
#1663=AXIS2_PLACEMENT_3D('',#2391,#1916,#1917);
#1664=AXIS2_PLACEMENT_3D('',#2397,#1921,#1922);
#1665=AXIS2_PLACEMENT_3D('',#2403,#1926,#1927);
#1666=AXIS2_PLACEMENT_3D('',#2438,#1946,#1947);
#1667=AXIS2_PLACEMENT_3D('',#2439,#1948,#1949);
#1668=AXIS2_PLACEMENT_3D('',#2440,#1950,#1951);
#1669=AXIS2_PLACEMENT_3D('',#2441,#1952,#1953);
#1670=AXIS2_PLACEMENT_3D('',#2442,#1954,#1955);
#1671=AXIS2_PLACEMENT_3D('',#2448,#1959,#1960);
#1672=AXIS2_PLACEMENT_3D('',#2452,#1963,#1964);
#1673=AXIS2_PLACEMENT_3D('',#2456,#1967,#1968);
#1674=AXIS2_PLACEMENT_3D('',#2458,#1970,#1971);
#1675=AXIS2_PLACEMENT_3D('',#2461,#1974,#1975);
#1676=AXIS2_PLACEMENT_3D('',#2463,#1977,#1978);
#1677=AXIS2_PLACEMENT_3D('',#2465,#1980,#1981);
#1678=AXIS2_PLACEMENT_3D('',#2466,#1982,#1983);
#1679=AXIS2_PLACEMENT_3D('',#2467,#1984,#1985);
#1680=AXIS2_PLACEMENT_3D('',#2468,#1986,#1987);
#1681=AXIS2_PLACEMENT_3D('',#2469,#1988,#1989);
#1682=AXIS2_PLACEMENT_3D('',#2470,#1990,#1991);
#1683=AXIS2_PLACEMENT_3D('',#2471,#1992,#1993);
#1684=AXIS2_PLACEMENT_3D('',#2472,#1994,#1995);
#1685=AXIS2_PLACEMENT_3D('',#2473,#1996,#1997);
#1686=AXIS2_PLACEMENT_3D('',#2474,#1998,#1999);
#1687=AXIS2_PLACEMENT_3D('',#2475,#2000,#2001);
#1688=AXIS2_PLACEMENT_3D('',#2476,#2002,#2003);
#1689=AXIS2_PLACEMENT_3D('',#2477,#2004,#2005);
#1690=AXIS2_PLACEMENT_3D('',#2478,#2006,#2007);
#1691=AXIS2_PLACEMENT_3D('',#2479,#2008,#2009);
#1692=AXIS2_PLACEMENT_3D('',#2480,#2010,#2011);
#1693=AXIS2_PLACEMENT_3D('',#2481,#2012,#2013);
#1694=AXIS2_PLACEMENT_3D('',#2482,#2014,#2015);
#1695=AXIS2_PLACEMENT_3D('',#2483,#2016,#2017);
#1696=AXIS2_PLACEMENT_3D('',#2484,#2018,#2019);
#1697=AXIS2_PLACEMENT_3D('',#2485,#2020,#2021);
#1698=AXIS2_PLACEMENT_3D('',#2486,#2022,#2023);
#1699=AXIS2_PLACEMENT_3D('',#2489,#2026,#2027);
#1700=AXIS2_PLACEMENT_3D('',#2491,#2029,#2030);
#1701=AXIS2_PLACEMENT_3D('',#2493,#2032,#2033);
#1702=AXIS2_PLACEMENT_3D('',#2494,#2034,#2035);
#1703=AXIS2_PLACEMENT_3D('',#2500,#2039,#2040);
#1704=AXIS2_PLACEMENT_3D('',#2504,#2043,#2044);
#1705=AXIS2_PLACEMENT_3D('',#2508,#2047,#2048);
#1706=AXIS2_PLACEMENT_3D('',#2510,#2050,#2051);
#1707=AXIS2_PLACEMENT_3D('',#2511,#2052,#2053);
#1708=AXIS2_PLACEMENT_3D('',#2513,#2054,#2055);
#1709=AXIS2_PLACEMENT_3D('',#2519,#2059,#2060);
#1710=AXIS2_PLACEMENT_3D('',#2523,#2063,#2064);
#1711=AXIS2_PLACEMENT_3D('',#2527,#2067,#2068);
#1712=AXIS2_PLACEMENT_3D('',#2529,#2070,#2071);
#1713=AXIS2_PLACEMENT_3D('',#2530,#2072,#2073);
#1714=AXIS2_PLACEMENT_3D('',#2532,#2074,#2075);
#1715=AXIS2_PLACEMENT_3D('',#2538,#2079,#2080);
#1716=AXIS2_PLACEMENT_3D('',#2542,#2083,#2084);
#1717=AXIS2_PLACEMENT_3D('',#2546,#2087,#2088);
#1718=AXIS2_PLACEMENT_3D('',#2548,#2090,#2091);
#1719=AXIS2_PLACEMENT_3D('',#2549,#2092,#2093);
#1720=AXIS2_PLACEMENT_3D('',#2551,#2094,#2095);
#1721=AXIS2_PLACEMENT_3D('',#2557,#2099,#2100);
#1722=AXIS2_PLACEMENT_3D('',#2561,#2103,#2104);
#1723=AXIS2_PLACEMENT_3D('',#2565,#2107,#2108);
#1724=AXIS2_PLACEMENT_3D('',#2567,#2110,#2111);
#1725=AXIS2_PLACEMENT_3D('',#2568,#2112,#2113);
#1726=AXIS2_PLACEMENT_3D('',#2570,#2114,#2115);
#1727=AXIS2_PLACEMENT_3D('',#2571,#2116,#2117);
#1728=AXIS2_PLACEMENT_3D('',#2573,#2118,#2119);
#1729=AXIS2_PLACEMENT_3D('',#2574,#2120,#2121);
#1730=AXIS2_PLACEMENT_3D('',#2576,#2122,#2123);
#1731=AXIS2_PLACEMENT_3D('',#2577,#2124,#2125);
#1732=AXIS2_PLACEMENT_3D('',#2579,#2126,#2127);
#1733=AXIS2_PLACEMENT_3D('',#2580,#2128,#2129);
#1734=AXIS2_PLACEMENT_3D('',#2582,#2130,#2131);
#1735=AXIS2_PLACEMENT_3D('',#2583,#2132,#2133);
#1736=AXIS2_PLACEMENT_3D('',#2585,#2134,#2135);
#1737=AXIS2_PLACEMENT_3D('',#2586,#2136,#2137);
#1738=AXIS2_PLACEMENT_3D('',#2588,#2138,#2139);
#1739=AXIS2_PLACEMENT_3D('',#2589,#2140,#2141);
#1740=AXIS2_PLACEMENT_3D('',#2591,#2142,#2143);
#1741=AXIS2_PLACEMENT_3D('',#2592,#2144,#2145);
#1742=AXIS2_PLACEMENT_3D('',#2594,#2146,#2147);
#1743=AXIS2_PLACEMENT_3D('',#2595,#2148,#2149);
#1744=AXIS2_PLACEMENT_3D('',#2597,#2150,#2151);
#1745=AXIS2_PLACEMENT_3D('',#2598,#2152,#2153);
#1746=AXIS2_PLACEMENT_3D('',#2599,#2154,#2155);
#1747=AXIS2_PLACEMENT_3D('',#2601,#2156,#2157);
#1748=AXIS2_PLACEMENT_3D('',#2602,#2158,#2159);
#1749=AXIS2_PLACEMENT_3D('',#2603,#2160,#2161);
#1750=AXIS2_PLACEMENT_3D('',#2605,#2162,#2163);
#1751=AXIS2_PLACEMENT_3D('',#2606,#2164,#2165);
#1752=AXIS2_PLACEMENT_3D('',#2607,#2166,#2167);
#1753=AXIS2_PLACEMENT_3D('',#2609,#2168,#2169);
#1754=AXIS2_PLACEMENT_3D('',#2610,#2170,#2171);
#1755=AXIS2_PLACEMENT_3D('',#2616,#2175,#2176);
#1756=AXIS2_PLACEMENT_3D('',#2622,#2180,#2181);
#1757=AXIS2_PLACEMENT_3D('',#2628,#2185,#2186);
#1758=AXIS2_PLACEMENT_3D('',#2634,#2190,#2191);
#1759=AXIS2_PLACEMENT_3D('',#2636,#2193,#2194);
#1760=AXIS2_PLACEMENT_3D('',#2638,#2196,#2197);
#1761=AXIS2_PLACEMENT_3D('',#2639,#2198,#2199);
#1762=AXIS2_PLACEMENT_3D('',#2640,#2200,#2201);
#1763=AXIS2_PLACEMENT_3D('',#2641,#2202,#2203);
#1764=DIRECTION('',(0.,0.,1.));
#1765=DIRECTION('',(1.,0.,0.));
#1766=DIRECTION('',(0.,0.,1.));
#1767=DIRECTION('',(1.,0.,0.));
#1768=DIRECTION('',(1.,0.,0.));
#1769=DIRECTION('',(0.,-1.,0.));
#1770=DIRECTION('',(1.,0.,0.));
#1771=DIRECTION('',(0.,-1.,0.));
#1772=DIRECTION('',(0.,0.,1.));
#1773=DIRECTION('',(1.,0.,0.));
#1774=DIRECTION('',(0.,0.,1.));
#1775=DIRECTION('',(1.,0.,0.));
#1776=DIRECTION('',(0.,0.,1.));
#1777=DIRECTION('',(1.,0.,0.));
#1778=DIRECTION('',(0.,0.,1.));
#1779=DIRECTION('',(1.,0.,0.));
#1780=DIRECTION('',(0.,0.,1.));
#1781=DIRECTION('',(1.,0.,0.));
#1782=DIRECTION('',(0.,-1.,0.));
#1783=DIRECTION('',(-1.,0.,0.));
#1784=DIRECTION('',(0.,1.,0.));
#1785=DIRECTION('',(1.,0.,0.));
#1786=DIRECTION('',(0.,0.,1.));
#1787=DIRECTION('',(1.,0.,0.));
#1788=DIRECTION('',(0.,0.,1.));
#1789=DIRECTION('',(1.,0.,0.));
#1790=DIRECTION('',(0.,0.,1.));
#1791=DIRECTION('',(1.,0.,0.));
#1792=DIRECTION('',(0.,0.,1.));
#1793=DIRECTION('',(1.,0.,0.));
#1794=DIRECTION('',(0.,0.,1.));
#1795=DIRECTION('',(1.,0.,0.));
#1796=DIRECTION('',(1.,0.,0.));
#1797=DIRECTION('',(0.,-1.,0.));
#1798=DIRECTION('',(1.,0.,0.));
#1799=DIRECTION('',(0.,-1.,0.));
#1800=DIRECTION('',(0.,-1.,0.));
#1801=DIRECTION('',(0.,0.,1.));
#1802=DIRECTION('',(1.,0.,0.));
#1803=DIRECTION('',(1.,0.,0.));
#1804=DIRECTION('',(0.,1.,0.));
#1805=DIRECTION('',(-1.,0.,0.));
#1806=DIRECTION('',(-1.,0.,0.));
#1807=DIRECTION('',(0.,0.,1.));
#1808=DIRECTION('',(0.,0.,-1.));
#1809=DIRECTION('',(0.,0.,1.));
#1810=DIRECTION('',(0.,-1.,0.));
#1811=DIRECTION('',(0.,0.,-1.));
#1812=DIRECTION('',(0.,0.,-1.));
#1813=DIRECTION('',(0.,0.,1.));
#1814=DIRECTION('',(0.,1.,0.));
#1815=DIRECTION('',(0.,0.,1.));
#1816=DIRECTION('',(0.,0.,-1.));
#1817=DIRECTION('',(0.,0.,-1.));
#1818=DIRECTION('',(1.,0.,0.));
#1819=DIRECTION('',(0.,0.,-1.));
#1820=DIRECTION('',(0.,0.,-1.));
#1821=DIRECTION('',(0.,1.,0.));
#1822=DIRECTION('',(0.,0.,1.));
#1823=DIRECTION('',(0.,0.,-1.));
#1824=DIRECTION('',(1.,0.,0.));
#1825=DIRECTION('',(0.,0.,-1.));
#1826=DIRECTION('',(1.,0.,0.));
#1827=DIRECTION('',(0.,0.,-1.));
#1828=DIRECTION('',(0.,0.,1.));
#1829=DIRECTION('',(0.,1.,0.));
#1830=DIRECTION('',(0.,0.,1.));
#1831=DIRECTION('',(0.,0.,1.));
#1832=DIRECTION('',(1.,0.,0.));
#1833=DIRECTION('',(0.,0.,-1.));
#1834=DIRECTION('',(-1.,0.,0.));
#1835=DIRECTION('',(0.,0.,-1.));
#1836=DIRECTION('',(-1.,0.,0.));
#1837=DIRECTION('',(0.,0.,-1.));
#1838=DIRECTION('',(-1.,0.,0.));
#1839=DIRECTION('',(0.,0.,-1.));
#1840=DIRECTION('',(-1.,0.,0.));
#1841=DIRECTION('',(5.25372423635034E-15,-4.87145005685903E-5,0.999999998813449));
#1842=DIRECTION('',(1.,-6.40153295160368E-17,-5.25372736105896E-15));
#1843=DIRECTION('',(0.898640971147466,0.438684858383714,0.));
#1844=DIRECTION('',(-0.438684858383714,0.898640971147466,0.));
#1845=DIRECTION('',(0.898640971147466,0.438684858383714,0.));
#1846=DIRECTION('',(-0.438684858383714,0.898640971147466,0.));
#1847=DIRECTION('',(0.898640971147466,0.438684858383714,0.));
#1848=DIRECTION('',(-0.438684858383714,0.898640971147466,0.));
#1849=DIRECTION('',(0.,0.,-1.));
#1850=DIRECTION('',(0.438684858383714,-0.898640971147466,0.));
#1851=DIRECTION('',(0.,0.,-1.));
#1852=DIRECTION('',(0.438684858383714,-0.898640971147466,0.));
#1853=DIRECTION('',(0.438684858383715,-0.898640971147466,0.));
#1854=DIRECTION('',(-1.29231852763295E-16,2.64729988854125E-16,-1.));
#1855=DIRECTION('',(0.438684858383715,-0.898640971147466,-1.88556899562696E-16));
#1856=DIRECTION('',(-1.08549684663522E-16,2.22362801404134E-16,-1.));
#1857=DIRECTION('',(0.898640971147466,0.438684858383714,0.));
#1858=DIRECTION('',(-0.438684858383714,0.898640971147466,0.));
#1859=DIRECTION('',(0.898640971147466,0.438684858383714,0.));
#1860=DIRECTION('',(-0.438684858383714,0.898640971147466,0.));
#1861=DIRECTION('',(0.898640971147466,0.438684858383714,0.));
#1862=DIRECTION('',(-0.438684858383714,0.898640971147466,0.));
#1863=DIRECTION('',(0.,0.,-1.));
#1864=DIRECTION('',(0.438684858383714,-0.898640971147466,0.));
#1865=DIRECTION('',(0.,0.,1.));
#1866=DIRECTION('',(0.438684858383714,-0.898640971147466,0.));
#1867=DIRECTION('',(0.438684858383714,-0.898640971147466,0.));
#1868=DIRECTION('',(0.,0.,-1.));
#1869=DIRECTION('',(0.438684858383714,-0.898640971147466,0.));
#1870=DIRECTION('',(0.,0.,-1.));
#1871=DIRECTION('',(-1.29231852763295E-16,2.64729988854125E-16,-1.));
#1872=DIRECTION('',(0.438684858383715,-0.898640971147466,0.));
#1873=DIRECTION('',(-1.08549684663522E-16,2.22362801404134E-16,-1.));
#1874=DIRECTION('',(0.438684858383715,-0.898640971147466,-1.88556899562696E-16));
#1875=DIRECTION('',(-1.,0.,0.));
#1876=DIRECTION('',(0.,0.,1.));
#1877=DIRECTION('',(0.,-1.,0.));
#1878=DIRECTION('',(0.,0.,-1.));
#1879=DIRECTION('',(0.,1.,0.));
#1880=DIRECTION('',(0.,0.,1.));
#1881=DIRECTION('',(0.,0.,-1.));
#1882=DIRECTION('',(0.,1.,0.));
#1883=DIRECTION('',(0.,0.,-1.));
#1884=DIRECTION('',(0.,1.,0.));
#1885=DIRECTION('',(-1.,0.,0.));
#1886=DIRECTION('',(0.,0.,1.));
#1887=DIRECTION('',(0.,1.,0.));
#1888=DIRECTION('',(0.,0.,-1.));
#1889=DIRECTION('',(0.,1.,0.));
#1890=DIRECTION('',(0.,0.,-1.));
#1891=DIRECTION('',(0.,0.,1.));
#1892=DIRECTION('',(0.,-1.,0.));
#1893=DIRECTION('',(0.,0.,1.));
#1894=DIRECTION('',(0.,-1.,0.));
#1895=DIRECTION('',(0.,1.,0.));
#1896=DIRECTION('',(0.,0.,1.));
#1897=DIRECTION('',(1.,0.,0.));
#1898=DIRECTION('',(0.,1.,0.));
#1899=DIRECTION('',(0.,0.,1.));
#1900=DIRECTION('',(0.,1.,0.));
#1901=DIRECTION('',(0.,0.,1.));
#1902=DIRECTION('',(1.,0.,0.));
#1903=DIRECTION('',(0.,1.,0.));
#1904=DIRECTION('',(1.,0.,0.));
#1905=DIRECTION('',(0.,0.,-1.));
#1906=DIRECTION('',(1.,0.,0.));
#1907=DIRECTION('',(1.,0.,0.));
#1908=DIRECTION('',(0.,0.,-1.));
#1909=DIRECTION('',(0.,1.,0.));
#1910=DIRECTION('',(-1.,0.,0.));
#1911=DIRECTION('',(4.8714500568025E-5,-0.999999998813449,0.));
#1912=DIRECTION('',(0.999999998813449,4.8714500568025E-5,0.));
#1913=DIRECTION('',(-0.999999998813449,-4.8714500568025E-5,0.));
#1914=DIRECTION('',(0.,0.,-1.));
#1915=DIRECTION('',(-0.999999998813449,-4.8714500568025E-5,0.));
#1916=DIRECTION('',(0.,0.,1.));
#1917=DIRECTION('',(1.,0.,0.));
#1918=DIRECTION('',(0.,1.,0.));
#1919=DIRECTION('',(-0.999999998813449,-4.8714500568025E-5,0.));
#1920=DIRECTION('',(0.438684858383714,-0.898640971147466,0.));
#1921=DIRECTION('',(0.,0.,1.));
#1922=DIRECTION('',(1.,0.,0.));
#1923=DIRECTION('',(-0.999999998813449,-4.8714500568025E-5,0.));
#1924=DIRECTION('',(0.,1.,0.));
#1925=DIRECTION('',(0.438684858383714,-0.898640971147466,0.));
#1926=DIRECTION('',(4.8714500568025E-5,-0.999999998813449,0.));
#1927=DIRECTION('',(0.999999998813449,4.8714500568025E-5,0.));
#1928=DIRECTION('',(-0.999999998813449,-4.8714500568025E-5,0.));
#1929=DIRECTION('',(0.,0.,-1.));
#1930=DIRECTION('',(0.999999998813449,4.8714500568025E-5,0.));
#1931=DIRECTION('',(0.,0.,1.));
#1932=DIRECTION('',(-0.999999998813449,-4.8714500568025E-5,0.));
#1933=DIRECTION('',(0.,0.,-1.));
#1934=DIRECTION('',(0.999999998813449,4.8714500568025E-5,0.));
#1935=DIRECTION('',(0.,0.,1.));
#1936=DIRECTION('',(-0.999999998813449,-4.8714500568025E-5,0.));
#1937=DIRECTION('',(0.,0.,-1.));
#1938=DIRECTION('',(0.999999998813449,4.8714500568025E-5,0.));
#1939=DIRECTION('',(0.,0.,1.));
#1940=DIRECTION('',(-0.999999998813449,-4.8714500568025E-5,0.));
#1941=DIRECTION('',(0.,0.,-1.));
#1942=DIRECTION('',(0.999999998813449,4.8714500568025E-5,0.));
#1943=DIRECTION('',(0.,0.,1.));
#1944=DIRECTION('',(-0.999999998813449,-4.8714500568025E-5,0.));
#1945=DIRECTION('',(-0.999999998813449,-4.8714500568025E-5,0.));
#1946=DIRECTION('',(0.,0.,1.));
#1947=DIRECTION('',(1.,0.,0.));
#1948=DIRECTION('',(0.,0.,1.));
#1949=DIRECTION('',(1.,0.,0.));
#1950=DIRECTION('',(0.,0.,1.));
#1951=DIRECTION('',(1.,0.,0.));
#1952=DIRECTION('',(0.,0.,1.));
#1953=DIRECTION('',(1.,0.,0.));
#1954=DIRECTION('',(0.,-1.,0.));
#1955=DIRECTION('',(0.,0.,-1.));
#1956=DIRECTION('',(-1.,0.,0.));
#1957=DIRECTION('',(0.,0.,-1.));
#1958=DIRECTION('',(-1.,0.,0.));
#1959=DIRECTION('',(0.,0.,-1.));
#1960=DIRECTION('',(-1.,0.,0.));
#1961=DIRECTION('',(0.,-1.,0.));
#1962=DIRECTION('',(-1.,0.,0.));
#1963=DIRECTION('',(0.,-1.,0.));
#1964=DIRECTION('',(0.,0.,-1.));
#1965=DIRECTION('',(0.,0.,1.));
#1966=DIRECTION('',(-1.,0.,0.));
#1967=DIRECTION('',(0.,0.,-1.));
#1968=DIRECTION('',(-1.,0.,0.));
#1969=DIRECTION('',(0.,1.,0.));
#1970=DIRECTION('',(0.438684858383714,-0.898640971147466,-2.9458927130386E-16));
#1971=DIRECTION('',(0.898640971147466,0.438684858383715,0.));
#1972=DIRECTION('',(0.898640971147466,0.438684858383714,0.));
#1973=DIRECTION('',(0.898640971147466,0.438684858383714,0.));
#1974=DIRECTION('',(0.,0.,1.));
#1975=DIRECTION('',(1.,0.,0.));
#1976=DIRECTION('',(0.898640971147466,0.438684858383714,0.));
#1977=DIRECTION('',(0.438684858383714,-0.898640971147466,-2.47443426845096E-16));
#1978=DIRECTION('',(0.898640971147466,0.438684858383715,0.));
#1979=DIRECTION('',(0.898640971147466,0.438684858383714,0.));
#1980=DIRECTION('',(8.27170567819337E-17,-1.69444955339576E-16,1.));
#1981=DIRECTION('',(0.,-1.,-1.69444955339576E-16));
#1982=DIRECTION('',(0.,1.,0.));
#1983=DIRECTION('',(0.,0.,1.));
#1984=DIRECTION('',(0.,-1.,0.));
#1985=DIRECTION('',(0.,0.,-1.));
#1986=DIRECTION('',(0.,-1.,0.));
#1987=DIRECTION('',(0.,0.,-1.));
#1988=DIRECTION('',(0.,-1.,1.7347234759768E-16));
#1989=DIRECTION('',(0.,-1.7347234759768E-16,-1.));
#1990=DIRECTION('',(0.,0.,-1.));
#1991=DIRECTION('',(-1.,0.,0.));
#1992=DIRECTION('',(0.,0.,1.));
#1993=DIRECTION('',(1.,0.,0.));
#1994=DIRECTION('',(0.,0.,-1.));
#1995=DIRECTION('',(-1.,0.,0.));
#1996=DIRECTION('',(0.,0.,1.));
#1997=DIRECTION('',(1.,0.,0.));
#1998=DIRECTION('',(-0.999999998813449,-4.87145005681477E-5,4.22530938780257E-21));
#1999=DIRECTION('',(4.87145005681477E-5,-0.999999998813449,0.));
#2000=DIRECTION('',(1.38777878078145E-15,-1.7347234759768E-16,-1.));
#2001=DIRECTION('',(-1.,0.,-1.38777878078145E-15));
#2002=DIRECTION('',(-0.999999998813449,-4.871450056676E-5,0.));
#2003=DIRECTION('',(4.871450056676E-5,-0.999999998813449,0.));
#2004=DIRECTION('',(-0.999999998813449,-4.8714500568025E-5,0.));
#2005=DIRECTION('',(4.8714500568025E-5,-0.999999998813449,0.));
#2006=DIRECTION('',(-0.529750585318558,-0.848153475117945,0.));
#2007=DIRECTION('',(0.848153475117945,-0.529750585318558,0.));
#2008=DIRECTION('',(0.999999998813449,4.8714500568025E-5,0.));
#2009=DIRECTION('',(-4.8714500568025E-5,0.999999998813449,0.));
#2010=DIRECTION('',(0.529750585318558,0.848153475117945,0.));
#2011=DIRECTION('',(-0.848153475117945,0.529750585318558,0.));
#2012=DIRECTION('',(0.438684858383714,-0.898640971147466,0.));
#2013=DIRECTION('',(0.898640971147466,0.438684858383714,0.));
#2014=DIRECTION('',(0.310197038166984,-0.635435124550438,0.707106781186548));
#2015=DIRECTION('',(0.310197038166984,-0.635435124550438,-0.707106781186548));
#2016=DIRECTION('',(-0.438684858383714,0.898640971147466,0.));
#2017=DIRECTION('',(-0.898640971147466,-0.438684858383714,0.));
#2018=DIRECTION('',(-0.310197038166984,0.635435124550438,0.707106781186548));
#2019=DIRECTION('',(-0.310197038166984,0.635435124550438,-0.707106781186548));
#2020=DIRECTION('',(0.,0.,-1.));
#2021=DIRECTION('',(-1.,0.,0.));
#2022=DIRECTION('',(0.707106781186548,0.707106781186548,0.));
#2023=DIRECTION('',(0.,0.,1.));
#2024=DIRECTION('',(0.577350269189626,-0.577350269189626,-0.577350269189626));
#2025=DIRECTION('',(-0.577350269189626,0.577350269189626,-0.577350269189626));
#2026=DIRECTION('',(-0.707106781186548,0.,0.707106781186548));
#2027=DIRECTION('',(0.,1.,0.));
#2028=DIRECTION('',(0.577350269189626,0.577350269189626,0.577350269189626));
#2029=DIRECTION('',(0.707106781186548,0.,0.707106781186548));
#2030=DIRECTION('',(0.,-1.,0.));
#2031=DIRECTION('',(0.577350269189626,0.577350269189626,-0.577350269189626));
#2032=DIRECTION('',(-0.707106781186547,0.707106781186548,0.));
#2033=DIRECTION('',(0.,0.,-1.));
#2034=DIRECTION('',(-1.,0.,0.));
#2035=DIRECTION('',(0.,0.,1.));
#2036=DIRECTION('',(0.,-1.,0.));
#2037=DIRECTION('',(0.,0.,-1.));
#2038=DIRECTION('',(0.,-1.,0.));
#2039=DIRECTION('',(0.,0.,-1.));
#2040=DIRECTION('',(-1.,0.,0.));
#2041=DIRECTION('',(1.,0.,0.));
#2042=DIRECTION('',(0.,-1.,0.));
#2043=DIRECTION('',(1.,0.,0.));
#2044=DIRECTION('',(0.,0.,-1.));
#2045=DIRECTION('',(0.,0.,1.));
#2046=DIRECTION('',(0.,-1.,0.));
#2047=DIRECTION('',(0.,0.,1.));
#2048=DIRECTION('',(1.,0.,0.));
#2049=DIRECTION('',(-1.,0.,0.));
#2050=DIRECTION('',(0.,-1.,0.));
#2051=DIRECTION('',(1.,0.,0.));
#2052=DIRECTION('',(0.,-1.,0.));
#2053=DIRECTION('',(0.,0.,-1.));
#2054=DIRECTION('',(-1.,0.,0.));
#2055=DIRECTION('',(0.,0.,1.));
#2056=DIRECTION('',(0.,-1.,0.));
#2057=DIRECTION('',(0.,0.,-1.));
#2058=DIRECTION('',(0.,-1.,0.));
#2059=DIRECTION('',(0.,0.,-1.));
#2060=DIRECTION('',(-1.,0.,0.));
#2061=DIRECTION('',(1.,0.,0.));
#2062=DIRECTION('',(0.,-1.,0.));
#2063=DIRECTION('',(1.,0.,0.));
#2064=DIRECTION('',(0.,0.,-1.));
#2065=DIRECTION('',(0.,0.,1.));
#2066=DIRECTION('',(0.,-1.,0.));
#2067=DIRECTION('',(0.,0.,1.));
#2068=DIRECTION('',(1.,0.,0.));
#2069=DIRECTION('',(-1.,0.,0.));
#2070=DIRECTION('',(0.,-1.,0.));
#2071=DIRECTION('',(1.,0.,0.));
#2072=DIRECTION('',(0.,-1.,0.));
#2073=DIRECTION('',(0.,0.,-1.));
#2074=DIRECTION('',(-1.,0.,0.));
#2075=DIRECTION('',(0.,0.,1.));
#2076=DIRECTION('',(0.,-1.,0.));
#2077=DIRECTION('',(0.,0.,-1.));
#2078=DIRECTION('',(0.,-1.,0.));
#2079=DIRECTION('',(0.,0.,-1.));
#2080=DIRECTION('',(-1.,0.,0.));
#2081=DIRECTION('',(1.,0.,0.));
#2082=DIRECTION('',(0.,-1.,0.));
#2083=DIRECTION('',(1.,0.,0.));
#2084=DIRECTION('',(0.,0.,-1.));
#2085=DIRECTION('',(0.,0.,1.));
#2086=DIRECTION('',(0.,-1.,0.));
#2087=DIRECTION('',(0.,0.,1.));
#2088=DIRECTION('',(1.,0.,0.));
#2089=DIRECTION('',(-1.,0.,0.));
#2090=DIRECTION('',(0.,-1.,0.));
#2091=DIRECTION('',(1.,0.,0.));
#2092=DIRECTION('',(0.,-1.,0.));
#2093=DIRECTION('',(0.,0.,-1.));
#2094=DIRECTION('',(-1.,0.,0.));
#2095=DIRECTION('',(0.,0.,1.));
#2096=DIRECTION('',(0.,-1.,0.));
#2097=DIRECTION('',(0.,0.,-1.));
#2098=DIRECTION('',(0.,-1.,0.));
#2099=DIRECTION('',(0.,0.,-1.));
#2100=DIRECTION('',(-1.,0.,0.));
#2101=DIRECTION('',(1.,0.,0.));
#2102=DIRECTION('',(0.,-1.,0.));
#2103=DIRECTION('',(1.,0.,0.));
#2104=DIRECTION('',(0.,0.,-1.));
#2105=DIRECTION('',(0.,0.,1.));
#2106=DIRECTION('',(0.,-1.,0.));
#2107=DIRECTION('',(0.,0.,1.));
#2108=DIRECTION('',(1.,0.,0.));
#2109=DIRECTION('',(-1.,0.,0.));
#2110=DIRECTION('',(0.,-1.,0.));
#2111=DIRECTION('',(1.,0.,0.));
#2112=DIRECTION('',(0.,-1.,0.));
#2113=DIRECTION('',(0.,0.,-1.));
#2114=DIRECTION('',(0.,1.,0.));
#2115=DIRECTION('',(0.,0.,1.));
#2116=DIRECTION('',(0.,-1.,0.));
#2117=DIRECTION('',(0.,0.,-1.));
#2118=DIRECTION('',(0.,-1.,0.));
#2119=DIRECTION('',(1.,0.,0.));
#2120=DIRECTION('',(0.,-1.,0.));
#2121=DIRECTION('',(0.,0.,-1.));
#2122=DIRECTION('',(0.,1.,0.));
#2123=DIRECTION('',(0.,0.,1.));
#2124=DIRECTION('',(0.,-1.,0.));
#2125=DIRECTION('',(0.,0.,-1.));
#2126=DIRECTION('',(0.,-1.,0.));
#2127=DIRECTION('',(1.,0.,0.));
#2128=DIRECTION('',(0.,-1.,0.));
#2129=DIRECTION('',(0.,0.,-1.));
#2130=DIRECTION('',(0.,1.,0.));
#2131=DIRECTION('',(0.,0.,1.));
#2132=DIRECTION('',(0.,-1.,0.));
#2133=DIRECTION('',(0.,0.,-1.));
#2134=DIRECTION('',(0.,-1.,0.));
#2135=DIRECTION('',(1.,0.,0.));
#2136=DIRECTION('',(0.,-1.,0.));
#2137=DIRECTION('',(0.,0.,-1.));
#2138=DIRECTION('',(0.,1.,0.));
#2139=DIRECTION('',(0.,0.,1.));
#2140=DIRECTION('',(0.,-1.,0.));
#2141=DIRECTION('',(0.,0.,-1.));
#2142=DIRECTION('',(0.,-1.,0.));
#2143=DIRECTION('',(1.,0.,0.));
#2144=DIRECTION('',(0.,-1.,0.));
#2145=DIRECTION('',(0.,0.,-1.));
#2146=DIRECTION('',(0.,1.,0.));
#2147=DIRECTION('',(0.,0.,1.));
#2148=DIRECTION('',(0.,-1.,0.));
#2149=DIRECTION('',(0.,0.,-1.));
#2150=DIRECTION('',(0.,-1.,0.));
#2151=DIRECTION('',(1.,0.,0.));
#2152=DIRECTION('',(0.,1.,0.));
#2153=DIRECTION('',(0.,0.,1.));
#2154=DIRECTION('',(0.,-1.,0.));
#2155=DIRECTION('',(0.,0.,-1.));
#2156=DIRECTION('',(0.,-1.,0.));
#2157=DIRECTION('',(1.,0.,0.));
#2158=DIRECTION('',(0.,1.,0.));
#2159=DIRECTION('',(0.,0.,1.));
#2160=DIRECTION('',(0.,-1.,0.));
#2161=DIRECTION('',(0.,0.,-1.));
#2162=DIRECTION('',(0.,-1.,0.));
#2163=DIRECTION('',(1.,0.,0.));
#2164=DIRECTION('',(0.,1.,0.));
#2165=DIRECTION('',(0.,0.,1.));
#2166=DIRECTION('',(0.,-1.,0.));
#2167=DIRECTION('',(0.,0.,-1.));
#2168=DIRECTION('',(0.,-1.,0.));
#2169=DIRECTION('',(1.,0.,0.));
#2170=DIRECTION('',(-0.438684858383714,0.898640971147466,0.));
#2171=DIRECTION('',(-0.898640971147466,-0.438684858383714,0.));
#2172=DIRECTION('',(0.898640971147466,0.438684858383714,0.));
#2173=DIRECTION('',(0.898640971147466,0.438684858383714,0.));
#2174=DIRECTION('',(0.,0.,-1.));
#2175=DIRECTION('',(0.438684858383714,-0.898640971147466,0.));
#2176=DIRECTION('',(0.898640971147466,0.438684858383714,0.));
#2177=DIRECTION('',(-0.898640971147466,-0.438684858383714,0.));
#2178=DIRECTION('',(-0.898640971147466,-0.438684858383714,0.));
#2179=DIRECTION('',(0.,0.,-1.));
#2180=DIRECTION('',(0.,0.,1.));
#2181=DIRECTION('',(1.,0.,0.));
#2182=DIRECTION('',(0.438684858383715,-0.898640971147466,0.));
#2183=DIRECTION('',(0.898640971147465,0.438684858383716,0.));
#2184=DIRECTION('',(-0.438684858383712,0.898640971147467,0.));
#2185=DIRECTION('',(0.,0.,1.));
#2186=DIRECTION('',(1.,0.,0.));
#2187=DIRECTION('',(-0.438684858383712,0.898640971147467,0.));
#2188=DIRECTION('',(0.898640971147465,0.438684858383716,0.));
#2189=DIRECTION('',(0.438684858383715,-0.898640971147466,0.));
#2190=DIRECTION('',(0.898640971147466,0.438684858383715,0.));
#2191=DIRECTION('',(-0.438684858383715,0.898640971147466,0.));
#2192=DIRECTION('',(0.,0.,-1.));
#2193=DIRECTION('',(-0.438684858383716,0.898640971147465,0.));
#2194=DIRECTION('',(-0.898640971147465,-0.438684858383716,0.));
#2195=DIRECTION('',(0.,0.,-1.));
#2196=DIRECTION('',(-0.898640971147467,-0.438684858383712,0.));
#2197=DIRECTION('',(0.438684858383712,-0.898640971147467,0.));
#2198=DIRECTION('',(0.898640971147466,0.438684858383714,0.));
#2199=DIRECTION('',(-0.438684858383714,0.898640971147466,0.));
#2200=DIRECTION('',(0.898640971147466,0.438684858383714,0.));
#2201=DIRECTION('',(-0.438684858383714,0.898640971147466,0.));
#2202=DIRECTION('',(-1.,-7.76390507909908E-31,-3.78214758834605E-35));
#2203=DIRECTION('',(7.76390508831135E-31,-0.999999998813449,-4.87145005685902E-5));
#2204=CARTESIAN_POINT('',(0.,0.,0.));
#2205=CARTESIAN_POINT('',(0.00438,-0.0033982153981924,0.002));
#2206=CARTESIAN_POINT('',(0.00438,0.0486017846018076,0.002));
#2207=CARTESIAN_POINT('',(-0.03912,0.0486017846018076,0.002));
#2208=CARTESIAN_POINT('',(0.04788,0.0486017846018076,0.002));
#2209=CARTESIAN_POINT('',(-0.03912,-0.00339821539819241,0.002));
#2210=CARTESIAN_POINT('',(-0.03912,-0.0553982153981924,0.002));
#2211=CARTESIAN_POINT('',(0.00438,-0.0553982153981924,0.002));
#2212=CARTESIAN_POINT('',(0.04788,-0.0553982153981924,0.002));
#2213=CARTESIAN_POINT('',(0.04788,-0.00339821539819242,0.002));
#2214=CARTESIAN_POINT('',(0.02544,0.0278017846018076,0.002));
#2215=CARTESIAN_POINT('',(0.03194,0.0278017846018076,0.002));
#2216=CARTESIAN_POINT('',(0.034437,0.040299,0.002));
#2217=CARTESIAN_POINT('',(0.036037,0.040299,0.002));
#2218=CARTESIAN_POINT('',(0.036937,-0.045201,0.002));
#2219=CARTESIAN_POINT('',(0.038537,-0.045201,0.002));
#2220=CARTESIAN_POINT('',(-0.022563,0.039799,0.002));
#2221=CARTESIAN_POINT('',(-0.020963,0.039799,0.002));
#2222=CARTESIAN_POINT('',(-0.024563,-0.045201,0.002));
#2223=CARTESIAN_POINT('',(-0.02531,-0.0437860826879284,0.002));
#2224=CARTESIAN_POINT('',(-0.0230066070547577,-0.04483,0.002));
#2225=CARTESIAN_POINT('',(-0.02531,-0.01583,0.002));
#2226=CARTESIAN_POINT('',(-0.02531,0.01317,0.002));
#2227=CARTESIAN_POINT('',(0.00369,0.01317,0.002));
#2228=CARTESIAN_POINT('',(0.03269,0.01317,0.002));
#2229=CARTESIAN_POINT('',(0.03269,-0.01583,0.002));
#2230=CARTESIAN_POINT('',(0.03269,-0.04483,0.002));
#2231=CARTESIAN_POINT('',(0.00369,-0.04483,0.002));
#2232=CARTESIAN_POINT('',(0.00438,-0.0033982153981924,0.));
#2233=CARTESIAN_POINT('',(-0.022563,0.039799,0.));
#2234=CARTESIAN_POINT('',(-0.020963,0.039799,0.));
#2235=CARTESIAN_POINT('',(0.036937,-0.045201,0.));
#2236=CARTESIAN_POINT('',(0.038537,-0.045201,0.));
#2237=CARTESIAN_POINT('',(0.034437,0.040299,0.));
#2238=CARTESIAN_POINT('',(0.036037,0.040299,0.));
#2239=CARTESIAN_POINT('',(0.02544,0.0278017846018076,0.));
#2240=CARTESIAN_POINT('',(0.03194,0.0278017846018076,0.));
#2241=CARTESIAN_POINT('',(0.00438,0.0486017846018076,0.));
#2242=CARTESIAN_POINT('',(-0.03912,0.0486017846018076,0.));
#2243=CARTESIAN_POINT('',(0.04788,0.0486017846018076,0.));
#2244=CARTESIAN_POINT('',(0.04788,-0.00339821539819242,0.));
#2245=CARTESIAN_POINT('',(0.04788,-0.0553982153981924,0.));
#2246=CARTESIAN_POINT('',(0.00438,-0.0553982153981924,0.));
#2247=CARTESIAN_POINT('',(-0.03912,-0.0553982153981924,0.));
#2248=CARTESIAN_POINT('',(-0.03912,-0.00339821539819241,0.));
#2249=CARTESIAN_POINT('',(-0.02531,-0.01583,0.));
#2250=CARTESIAN_POINT('',(-0.02531,0.01317,0.));
#2251=CARTESIAN_POINT('',(-0.02531,-0.0437860826879284,0.));
#2252=CARTESIAN_POINT('',(-0.024563,-0.045201,0.));
#2253=CARTESIAN_POINT('',(-0.0230066070547577,-0.04483,0.));
#2254=CARTESIAN_POINT('',(0.00369,-0.04483,0.));
#2255=CARTESIAN_POINT('',(0.03269,-0.04483,0.));
#2256=CARTESIAN_POINT('',(0.03269,-0.01583,0.));
#2257=CARTESIAN_POINT('',(0.03269,0.01317,0.));
#2258=CARTESIAN_POINT('',(0.00369,0.01317,0.));
#2259=CARTESIAN_POINT('',(-0.02531,-0.01583,0.));
#2260=CARTESIAN_POINT('',(-0.02531,-0.0437860826879284,0.002));
#2261=CARTESIAN_POINT('',(-0.02531,0.01317,0.));
#2262=CARTESIAN_POINT('',(0.00369,-0.04483,0.));
#2263=CARTESIAN_POINT('',(-0.0230066070547577,-0.04483,0.002));
#2264=CARTESIAN_POINT('',(0.03269,-0.04483,0.));
#2265=CARTESIAN_POINT('',(0.00438,0.0486017846018076,0.002));
#2266=CARTESIAN_POINT('',(-0.03912,0.0486017846018076,0.002));
#2267=CARTESIAN_POINT('',(0.04788,0.0486017846018076,0.002));
#2268=CARTESIAN_POINT('',(-0.03912,-0.00339821539819241,0.002));
#2269=CARTESIAN_POINT('',(-0.03912,-0.0553982153981924,0.002));
#2270=CARTESIAN_POINT('',(0.00438,-0.0553982153981924,0.002));
#2271=CARTESIAN_POINT('',(0.04788,-0.0553982153981924,0.002));
#2272=CARTESIAN_POINT('',(0.04788,-0.00339821539819242,0.002));
#2273=CARTESIAN_POINT('',(0.03269,-0.01583,0.));
#2274=CARTESIAN_POINT('',(0.03269,0.01317,0.));
#2275=CARTESIAN_POINT('',(0.00369,0.01317,0.));
#2276=CARTESIAN_POINT('',(0.02544,0.0278017846018076,0.));
#2277=CARTESIAN_POINT('',(-0.024563,-0.045201,0.002));
#2278=CARTESIAN_POINT('',(0.034437,0.040299,0.002));
#2279=CARTESIAN_POINT('',(0.036937,-0.045201,0.002));
#2280=CARTESIAN_POINT('',(-0.022563,0.039799,0.002));
#2281=CARTESIAN_POINT('',(-0.0797277498189078,0.03535833156412,0.0352500638388217));
#2282=CARTESIAN_POINT('',(0.0632990544782704,0.0129802300979542,0.083));
#2283=CARTESIAN_POINT('',(0.068144868247497,0.00305363539481861,0.0195));
#2284=CARTESIAN_POINT('',(0.0674429724740831,0.00449146094865456,0.0195));
#2285=CARTESIAN_POINT('',(0.068144868247497,0.00305363539481861,0.0595));
#2286=CARTESIAN_POINT('',(0.0674429724740831,0.00449146094865456,0.0595));
#2287=CARTESIAN_POINT('',(0.054419125921753,0.0311706633195379,0.083));
#2288=CARTESIAN_POINT('',(0.054419125921753,0.0311706633195379,0.001));
#2289=CARTESIAN_POINT('',(0.054419125921753,0.0311706633195379,0.078));
#2290=CARTESIAN_POINT('',(0.0632990544782704,0.0129802300979542,0.078));
#2291=CARTESIAN_POINT('',(0.0735490544054162,-0.00801677883171089,0.078));
#2292=CARTESIAN_POINT('',(0.0735490544054162,-0.00801677883171089,0.083));
#2293=CARTESIAN_POINT('',(0.0735490544054162,-0.00801677883171089,0.001));
#2294=CARTESIAN_POINT('',(0.0530490545511246,0.0339772390276194,0.001));
#2295=CARTESIAN_POINT('',(0.0613540266397171,0.0169645976281814,0.072785));
#2296=CARTESIAN_POINT('',(0.0573181259425869,0.0252320945627381,0.072785));
#2297=CARTESIAN_POINT('',(0.0653899273368473,0.00869710069362469,0.072785));
#2298=CARTESIAN_POINT('',(0.0573181259425869,0.0252320945627381,0.041285));
#2299=CARTESIAN_POINT('',(0.0573181259425869,0.0252320945627381,0.009785));
#2300=CARTESIAN_POINT('',(0.0613540266397171,0.0169645976281814,0.009785));
#2301=CARTESIAN_POINT('',(0.0653899273368473,0.00869710069362473,0.009785));
#2302=CARTESIAN_POINT('',(0.0653899273368473,0.0086971006936247,0.041285));
#2303=CARTESIAN_POINT('',(0.0611423161475164,0.0119273864378333,0.083));
#2304=CARTESIAN_POINT('',(0.0659881299167431,0.0020007917346977,0.0195));
#2305=CARTESIAN_POINT('',(0.0652862341433292,0.00343861728853365,0.0195));
#2306=CARTESIAN_POINT('',(0.0659881299167431,0.0020007917346977,0.0595));
#2307=CARTESIAN_POINT('',(0.0652862341433292,0.00343861728853365,0.0595));
#2308=CARTESIAN_POINT('',(0.0535128154134067,0.0275563324067723,0.083));
#2309=CARTESIAN_POINT('',(0.0535128154134067,0.0275563324067723,0.0695));
#2310=CARTESIAN_POINT('',(0.0535128154134067,0.0275563324067723,0.0095));
#2311=CARTESIAN_POINT('',(0.0611423161475164,0.0119273864378333,0.0695));
#2312=CARTESIAN_POINT('',(0.0543901851301741,0.0257590504644774,0.0695));
#2313=CARTESIAN_POINT('',(0.0543901851301741,0.0257590504644774,0.083));
#2314=CARTESIAN_POINT('',(0.0543901851301741,0.0257590504644774,0.0095));
#2315=CARTESIAN_POINT('',(0.0611423161475164,0.0119273864378333,0.0095));
#2316=CARTESIAN_POINT('',(0.0611423161475164,0.0119273864378333,0.0806));
#2317=CARTESIAN_POINT('',(0.0503888385666214,0.0339557636471862,0.0806));
#2318=CARTESIAN_POINT('',(0.0697068508300937,-0.00561696599989164,0.0806));
#2319=CARTESIAN_POINT('',(0.0503888385666214,0.0339557636471862,0.0806));
#2320=CARTESIAN_POINT('',(0.0503888385666214,0.0339557636471862,-0.0016));
#2321=CARTESIAN_POINT('',(0.0611423161475164,0.0119273864378333,-0.0016));
#2322=CARTESIAN_POINT('',(0.0697068508300937,-0.00561696599989164,-0.0016));
#2323=CARTESIAN_POINT('',(0.0697068508300937,-0.00561696599989163,0.083));
#2324=CARTESIAN_POINT('',(0.055161387611833,0.0241792509026172,0.041285));
#2325=CARTESIAN_POINT('',(0.055161387611833,0.0241792509026172,0.072785));
#2326=CARTESIAN_POINT('',(0.055161387611833,0.0241792509026172,0.009785));
#2327=CARTESIAN_POINT('',(0.0591972883089632,0.0159117539680605,0.072785));
#2328=CARTESIAN_POINT('',(0.0632331890060933,0.00764425703350377,0.072785));
#2329=CARTESIAN_POINT('',(0.0632331890060933,0.00764425703350378,0.041285));
#2330=CARTESIAN_POINT('',(0.0632331890060933,0.00764425703350379,0.009785));
#2331=CARTESIAN_POINT('',(0.0591972883089632,0.0159117539680605,0.009785));
#2332=CARTESIAN_POINT('',(-0.0492509454488754,0.0129772390276194,0.083));
#2333=CARTESIAN_POINT('',(-0.0492509454488754,0.0129772390276194,0.04532));
#2334=CARTESIAN_POINT('',(-0.0492509454488754,0.01704,0.04532));
#2335=CARTESIAN_POINT('',(-0.0492509454488754,0.00704,0.04532));
#2336=CARTESIAN_POINT('',(-0.0492509454488754,0.00704,0.03032));
#2337=CARTESIAN_POINT('',(-0.0492509454488754,0.00704,0.02932));
#2338=CARTESIAN_POINT('',(-0.0492509454488754,0.01604,0.02932));
#2339=CARTESIAN_POINT('',(-0.0492509454488754,0.01704,0.02932));
#2340=CARTESIAN_POINT('',(-0.0492509454488754,0.01704,0.083));
#2341=CARTESIAN_POINT('',(-0.0492509454488754,0.0339772390276194,0.083));
#2342=CARTESIAN_POINT('',(-0.0492509454488754,0.0339772390276194,0.078));
#2343=CARTESIAN_POINT('',(-0.0492509454488754,0.0339772390276194,0.001));
#2344=CARTESIAN_POINT('',(-0.0492509454488754,-0.00802276097238064,0.001));
#2345=CARTESIAN_POINT('',(-0.0492509454488754,-0.00302251739394475,0.001));
#2346=CARTESIAN_POINT('',(-0.0492509454488754,-0.00302251739394475,0.083));
#2347=CARTESIAN_POINT('',(-0.0492509454488754,-0.00302251739394475,0.078));
#2348=CARTESIAN_POINT('',(-0.0492509454488754,0.0129772390276194,0.078));
#2349=CARTESIAN_POINT('',(-0.0468509454488754,0.0129772390276194,0.083));
#2350=CARTESIAN_POINT('',(-0.0468509454488754,0.0129772390276194,-0.0016));
#2351=CARTESIAN_POINT('',(-0.0468509454488754,-0.00562264405473141,-0.0016));
#2352=CARTESIAN_POINT('',(-0.0468509454488754,0.0339772390276194,-0.0016));
#2353=CARTESIAN_POINT('',(-0.0468509454488754,0.0339772390276194,0.083));
#2354=CARTESIAN_POINT('',(-0.0468509454488754,0.0339772390276194,0.0806));
#2355=CARTESIAN_POINT('',(-0.0468509454488754,0.0129772390276194,0.0806));
#2356=CARTESIAN_POINT('',(-0.0468509454488754,-0.00562264405473141,0.0806));
#2357=CARTESIAN_POINT('',(-0.0468509454488754,-0.00562264405473141,0.083));
#2358=CARTESIAN_POINT('',(-0.0468509454488754,0.01604,0.03732));
#2359=CARTESIAN_POINT('',(-0.0468509454488754,0.01604,0.03032));
#2360=CARTESIAN_POINT('',(-0.0468509454488754,0.01604,0.04432));
#2361=CARTESIAN_POINT('',(-0.0468509454488754,0.01204,0.03032));
#2362=CARTESIAN_POINT('',(-0.0468509454488754,0.00804,0.03032));
#2363=CARTESIAN_POINT('',(-0.0468509454488754,0.00804,0.03732));
#2364=CARTESIAN_POINT('',(-0.0468509454488754,0.00804,0.04432));
#2365=CARTESIAN_POINT('',(-0.0468509454488754,0.01204,0.04432));
#2366=CARTESIAN_POINT('',(0.00189905455112458,0.0339772390276194,0.083));
#2367=CARTESIAN_POINT('',(0.00189905455112458,0.0339772390276194,-0.004));
#2368=CARTESIAN_POINT('',(-0.0442509454488755,0.0339772390276194,-0.004));
#2369=CARTESIAN_POINT('',(0.0474850972416603,0.0339772390276194,-0.004));
#2370=CARTESIAN_POINT('',(-0.0442509454488755,0.0339772390276194,0.001));
#2371=CARTESIAN_POINT('',(-0.0442509454488755,0.0339772390276194,0.078));
#2372=CARTESIAN_POINT('',(-0.0442509454488755,0.0339772390276194,0.083));
#2373=CARTESIAN_POINT('',(0.00189905455112458,0.0339772390276194,0.083));
#2374=CARTESIAN_POINT('',(0.0474850972416603,0.0339772390276194,0.083));
#2375=CARTESIAN_POINT('',(0.0474850972416603,0.0339772390276194,0.078));
#2376=CARTESIAN_POINT('',(0.0499259210660157,0.0339772390276194,0.0824932048557373));
#2377=CARTESIAN_POINT('',(0.0499259210660157,0.0339772390276194,0.083));
#2378=CARTESIAN_POINT('',(0.0499259210660157,0.0339772390276194,0.0806));
#2379=CARTESIAN_POINT('',(0.00189905455112458,0.0339772390276194,0.0806));
#2380=CARTESIAN_POINT('',(0.00189905455112458,0.0339772390276194,-0.0016));
#2381=CARTESIAN_POINT('',(0.0499259210660157,0.0339772390276194,-0.0016));
#2382=CARTESIAN_POINT('',(0.0499259210660157,0.0339772390276194,0.083));
#2383=CARTESIAN_POINT('',(0.0499259210660157,0.0339772390276194,-0.00349320485573733));
#2384=CARTESIAN_POINT('',(0.0474850972416603,0.0339772390276194,0.001));
#2385=CARTESIAN_POINT('',(0.0121490544782703,-0.00801976990204576,0.083));
#2386=CARTESIAN_POINT('',(0.0121490544782703,-0.00801976990204576,0.078));
#2387=CARTESIAN_POINT('',(-0.0442507018763726,-0.008022517388012,0.078));
#2388=CARTESIAN_POINT('',(-0.0442507018763726,-0.008022517388012,0.083));
#2389=CARTESIAN_POINT('',(-0.0442507018763726,-0.008022517388012,0.001));
#2390=CARTESIAN_POINT('',(0.0735490544054162,-0.00801677883171089,0.001));
#2391=CARTESIAN_POINT('',(0.0121490544782703,0.0129772390276194,0.083));
#2392=CARTESIAN_POINT('',(-0.0442509454488755,0.0129772390276194,0.083));
#2393=CARTESIAN_POINT('',(-0.0442509454488755,-0.00302251739394475,0.083));
#2394=CARTESIAN_POINT('',(0.0121498337645697,-0.00301976985815047,0.083));
#2395=CARTESIAN_POINT('',(0.0655444636234943,-0.00301716876542079,0.083));
#2396=CARTESIAN_POINT('',(0.0489634974483619,0.0309487529239736,0.083));
#2397=CARTESIAN_POINT('',(0.0121490544782703,0.0129772390276194,-0.004));
#2398=CARTESIAN_POINT('',(-0.0492511890213784,-0.00302276097831339,-0.004));
#2399=CARTESIAN_POINT('',(0.0655444636234943,-0.00301716876542079,-0.004));
#2400=CARTESIAN_POINT('',(-0.0442509454488755,-0.00302251739394476,-0.004));
#2401=CARTESIAN_POINT('',(-0.0442509454488755,0.0339772390276194,-0.004));
#2402=CARTESIAN_POINT('',(0.0690558495496788,-0.0102102031236295,-0.004));
#2403=CARTESIAN_POINT('',(0.012148937563469,-0.00561976990489348,0.083));
#2404=CARTESIAN_POINT('',(0.012148937563469,-0.00561976990489348,0.013943));
#2405=CARTESIAN_POINT('',(-0.036449,-0.00562213732915333,0.013943));
#2406=CARTESIAN_POINT('',(-0.045449,-0.00562257575965897,0.013943));
#2407=CARTESIAN_POINT('',(-0.045449,-0.00562257575965897,0.083));
#2408=CARTESIAN_POINT('',(-0.045449,-0.00562257575965897,0.004943));
#2409=CARTESIAN_POINT('',(0.012148937563469,-0.00561976990489348,0.004943));
#2410=CARTESIAN_POINT('',(-0.036449,-0.00562213732915334,0.004943));
#2411=CARTESIAN_POINT('',(-0.036449,-0.00562213732915333,0.083));
#2412=CARTESIAN_POINT('',(0.012148937563469,-0.00561976990489348,0.071813));
#2413=CARTESIAN_POINT('',(0.049051,-0.00561797223934983,0.071813));
#2414=CARTESIAN_POINT('',(0.040051,-0.00561841066985546,0.071813));
#2415=CARTESIAN_POINT('',(0.040051,-0.00561841066985546,0.083));
#2416=CARTESIAN_POINT('',(0.040051,-0.00561841066985546,0.063943));
#2417=CARTESIAN_POINT('',(0.012148937563469,-0.00561976990489348,0.063943));
#2418=CARTESIAN_POINT('',(0.049051,-0.00561797223934982,0.063943));
#2419=CARTESIAN_POINT('',(0.049051,-0.00561797223934982,0.083));
#2420=CARTESIAN_POINT('',(0.012148937563469,-0.00561976990489348,0.011443));
#2421=CARTESIAN_POINT('',(0.049051,-0.00561797223934983,0.011443));
#2422=CARTESIAN_POINT('',(0.040051,-0.00561841066985546,0.011443));
#2423=CARTESIAN_POINT('',(0.040051,-0.00561841066985546,0.083));
#2424=CARTESIAN_POINT('',(0.040051,-0.00561841066985546,0.001643));
#2425=CARTESIAN_POINT('',(0.012148937563469,-0.00561976990489348,0.001643));
#2426=CARTESIAN_POINT('',(0.049051,-0.00561797223934982,0.001643));
#2427=CARTESIAN_POINT('',(0.049051,-0.00561797223934982,0.083));
#2428=CARTESIAN_POINT('',(0.012148937563469,-0.00561976990489348,0.070943));
#2429=CARTESIAN_POINT('',(-0.035949,-0.00562211297190302,0.070943));
#2430=CARTESIAN_POINT('',(-0.044949,-0.00562255140240865,0.070943));
#2431=CARTESIAN_POINT('',(-0.044949,-0.00562255140240865,0.083));
#2432=CARTESIAN_POINT('',(-0.044949,-0.00562255140240866,0.061943));
#2433=CARTESIAN_POINT('',(0.012148937563469,-0.00561976990489348,0.061943));
#2434=CARTESIAN_POINT('',(-0.035949,-0.00562211297190302,0.061943));
#2435=CARTESIAN_POINT('',(-0.035949,-0.00562211297190302,0.083));
#2436=CARTESIAN_POINT('',(0.012148937563469,-0.00561976990489348,-0.0016));
#2437=CARTESIAN_POINT('',(0.012148937563469,-0.00561976990489348,0.0806));
#2438=CARTESIAN_POINT('',(0.0121490544782703,0.0129772390276194,0.0806));
#2439=CARTESIAN_POINT('',(0.0499259210660157,0.0289772390276193,0.0806));
#2440=CARTESIAN_POINT('',(0.0121490544782703,0.0129772390276194,-0.0016));
#2441=CARTESIAN_POINT('',(0.0499259210660157,0.0289772390276193,-0.0016));
#2442=CARTESIAN_POINT('',(-0.0468509454488754,0.01604,0.03732));
#2443=CARTESIAN_POINT('',(-0.0468509454488754,0.01604,0.04432));
#2444=CARTESIAN_POINT('',(-0.0482509454488754,0.01604,0.04432));
#2445=CARTESIAN_POINT('',(-0.0482509454488754,0.01604,0.03732));
#2446=CARTESIAN_POINT('',(-0.0482509454488754,0.01604,0.03032));
#2447=CARTESIAN_POINT('',(-0.0468509454488754,0.01604,0.03032));
#2448=CARTESIAN_POINT('',(-0.0468509454488754,0.01204,0.03032));
#2449=CARTESIAN_POINT('',(-0.0482509454488754,0.00804,0.03032));
#2450=CARTESIAN_POINT('',(-0.0482509454488754,0.00804,0.03032));
#2451=CARTESIAN_POINT('',(-0.0468509454488754,0.00804,0.03032));
#2452=CARTESIAN_POINT('',(-0.0468509454488754,0.00804,0.03732));
#2453=CARTESIAN_POINT('',(-0.0482509454488754,0.00804,0.04432));
#2454=CARTESIAN_POINT('',(-0.0482509454488754,0.00804,0.04432));
#2455=CARTESIAN_POINT('',(-0.0468509454488754,0.00804,0.04432));
#2456=CARTESIAN_POINT('',(-0.0468509454488754,0.01204,0.04432));
#2457=CARTESIAN_POINT('',(-0.0482509454488754,0.01204,0.04432));
#2458=CARTESIAN_POINT('',(0.055161387611833,0.0241792509026172,0.041285));
#2459=CARTESIAN_POINT('',(0.055161387611833,0.0241792509026172,0.072785));
#2460=CARTESIAN_POINT('',(0.055161387611833,0.0241792509026172,0.009785));
#2461=CARTESIAN_POINT('',(0.0591972883089632,0.0159117539680605,0.072785));
#2462=CARTESIAN_POINT('',(0.0632331890060933,0.00764425703350377,0.072785));
#2463=CARTESIAN_POINT('',(0.0632331890060933,0.00764425703350378,0.041285));
#2464=CARTESIAN_POINT('',(0.0632331890060933,0.00764425703350379,0.009785));
#2465=CARTESIAN_POINT('',(0.0591972883089632,0.0159117539680605,0.009785));
#2466=CARTESIAN_POINT('',(-0.0442509454488755,0.0129772390276194,0.078));
#2467=CARTESIAN_POINT('',(-0.0442509454488755,-0.00302251739394475,0.078));
#2468=CARTESIAN_POINT('',(-0.0442509454488755,0.0129772390276194,0.001));
#2469=CARTESIAN_POINT('',(-0.0442509454488755,-0.00302251739394475,0.001));
#2470=CARTESIAN_POINT('',(-0.0442509454488755,-0.00302251739394475,0.083));
#2471=CARTESIAN_POINT('',(-0.0442509454488755,-0.00302251739394475,0.078));
#2472=CARTESIAN_POINT('',(-0.0442509454488755,-0.00302251739394476,0.001));
#2473=CARTESIAN_POINT('',(-0.0442509454488755,-0.00302251739394475,0.078));
#2474=CARTESIAN_POINT('',(-0.0442509454488755,-0.00302251739394476,0.078));
#2475=CARTESIAN_POINT('',(-0.0442509454488755,-0.00302251739394475,0.001));
#2476=CARTESIAN_POINT('',(-0.0442509454488755,-0.00302251739394476,0.001));
#2477=CARTESIAN_POINT('',(0.0121488109057675,-0.00301976990797852,0.078));
#2478=CARTESIAN_POINT('',(0.0655444636234943,-0.00301716876542078,0.078));
#2479=CARTESIAN_POINT('',(0.0121498337645697,-0.00301976985815047,0.001));
#2480=CARTESIAN_POINT('',(0.0655444636234943,-0.00301716876542079,0.001));
#2481=CARTESIAN_POINT('',(0.058805849622533,0.0107868058060357,0.078));
#2482=CARTESIAN_POINT('',(0.0499259210660157,0.0289772390276193,0.078));
#2483=CARTESIAN_POINT('',(0.0489634974483619,0.0309487529239736,0.001));
#2484=CARTESIAN_POINT('',(0.0499259210660157,0.0289772390276193,0.001));
#2485=CARTESIAN_POINT('',(0.0499259210660157,0.0289772390276193,0.083));
#2486=CARTESIAN_POINT('',(-0.0492509454488754,0.01704,0.083));
#2487=CARTESIAN_POINT('',(-0.0618109454488754,0.0296,0.05788));
#2488=CARTESIAN_POINT('',(-0.0469176121155421,0.0147066666666667,0.0316533333333334));
#2489=CARTESIAN_POINT('',(-0.0482509454488754,0.01204,0.03032));
#2490=CARTESIAN_POINT('',(-0.0459176121155421,0.0103733333333333,0.0326533333333333));
#2491=CARTESIAN_POINT('',(-0.0492509454488754,0.0129772390276194,0.04532));
#2492=CARTESIAN_POINT('',(-0.0459176121155421,0.0103733333333333,0.0419866666666667));
#2493=CARTESIAN_POINT('',(-0.0482509454488754,0.00804,0.03732));
#2494=CARTESIAN_POINT('',(-0.044949,0.02568,0.066443));
#2495=CARTESIAN_POINT('',(-0.044949,0.02568,0.070943));
#2496=CARTESIAN_POINT('',(-0.044949,0.02568,0.070943));
#2497=CARTESIAN_POINT('',(-0.044949,0.02568,0.066443));
#2498=CARTESIAN_POINT('',(-0.044949,0.02568,0.061943));
#2499=CARTESIAN_POINT('',(-0.044949,0.02568,0.061943));
#2500=CARTESIAN_POINT('',(-0.040449,0.02568,0.061943));
#2501=CARTESIAN_POINT('',(-0.040449,0.02568,0.061943));
#2502=CARTESIAN_POINT('',(-0.035949,0.02568,0.061943));
#2503=CARTESIAN_POINT('',(-0.035949,0.02568,0.061943));
#2504=CARTESIAN_POINT('',(-0.035949,0.02568,0.066443));
#2505=CARTESIAN_POINT('',(-0.035949,0.02568,0.066443));
#2506=CARTESIAN_POINT('',(-0.035949,0.02568,0.070943));
#2507=CARTESIAN_POINT('',(-0.035949,0.02568,0.070943));
#2508=CARTESIAN_POINT('',(-0.040449,0.02568,0.070943));
#2509=CARTESIAN_POINT('',(-0.040449,0.02568,0.070943));
#2510=CARTESIAN_POINT('',(0.001801,0.02568,0.036728));
#2511=CARTESIAN_POINT('',(-0.040449,0.02568,0.066443));
#2512=CARTESIAN_POINT('',(-0.040449,0.02568,0.064143));
#2513=CARTESIAN_POINT('',(0.040051,0.02568,0.006543));
#2514=CARTESIAN_POINT('',(0.040051,0.02568,0.011443));
#2515=CARTESIAN_POINT('',(0.040051,0.02568,0.011443));
#2516=CARTESIAN_POINT('',(0.040051,0.02568,0.006543));
#2517=CARTESIAN_POINT('',(0.040051,0.02568,0.001643));
#2518=CARTESIAN_POINT('',(0.040051,0.02568,0.001643));
#2519=CARTESIAN_POINT('',(0.044551,0.02568,0.001643));
#2520=CARTESIAN_POINT('',(0.044551,0.02568,0.001643));
#2521=CARTESIAN_POINT('',(0.049051,0.02568,0.001643));
#2522=CARTESIAN_POINT('',(0.049051,0.02568,0.001643));
#2523=CARTESIAN_POINT('',(0.049051,0.02568,0.006543));
#2524=CARTESIAN_POINT('',(0.049051,0.02568,0.006543));
#2525=CARTESIAN_POINT('',(0.049051,0.02568,0.011443));
#2526=CARTESIAN_POINT('',(0.049051,0.02568,0.011443));
#2527=CARTESIAN_POINT('',(0.044551,0.02568,0.011443));
#2528=CARTESIAN_POINT('',(0.044551,0.02568,0.011443));
#2529=CARTESIAN_POINT('',(0.001801,0.02568,0.036728));
#2530=CARTESIAN_POINT('',(0.044551,0.02568,0.006943));
#2531=CARTESIAN_POINT('',(0.044551,0.02568,0.004643));
#2532=CARTESIAN_POINT('',(0.040051,0.02568,0.067878));
#2533=CARTESIAN_POINT('',(0.040051,0.02568,0.071813));
#2534=CARTESIAN_POINT('',(0.040051,0.02568,0.071813));
#2535=CARTESIAN_POINT('',(0.040051,0.02568,0.067878));
#2536=CARTESIAN_POINT('',(0.040051,0.02568,0.063943));
#2537=CARTESIAN_POINT('',(0.040051,0.02568,0.063943));
#2538=CARTESIAN_POINT('',(0.044551,0.02568,0.063943));
#2539=CARTESIAN_POINT('',(0.044551,0.02568,0.063943));
#2540=CARTESIAN_POINT('',(0.049051,0.02568,0.063943));
#2541=CARTESIAN_POINT('',(0.049051,0.02568,0.063943));
#2542=CARTESIAN_POINT('',(0.049051,0.02568,0.067878));
#2543=CARTESIAN_POINT('',(0.049051,0.02568,0.067878));
#2544=CARTESIAN_POINT('',(0.049051,0.02568,0.071813));
#2545=CARTESIAN_POINT('',(0.049051,0.02568,0.071813));
#2546=CARTESIAN_POINT('',(0.044551,0.02568,0.071813));
#2547=CARTESIAN_POINT('',(0.044551,0.02568,0.071813));
#2548=CARTESIAN_POINT('',(0.001801,0.02568,0.036728));
#2549=CARTESIAN_POINT('',(0.044551,0.02568,0.068443));
#2550=CARTESIAN_POINT('',(0.044551,0.02568,0.066143));
#2551=CARTESIAN_POINT('',(-0.045449,0.02568,0.009443));
#2552=CARTESIAN_POINT('',(-0.045449,0.02568,0.013943));
#2553=CARTESIAN_POINT('',(-0.045449,0.02568,0.013943));
#2554=CARTESIAN_POINT('',(-0.045449,0.02568,0.009443));
#2555=CARTESIAN_POINT('',(-0.045449,0.02568,0.004943));
#2556=CARTESIAN_POINT('',(-0.045449,0.02568,0.004943));
#2557=CARTESIAN_POINT('',(-0.040949,0.02568,0.004943));
#2558=CARTESIAN_POINT('',(-0.040949,0.02568,0.004943));
#2559=CARTESIAN_POINT('',(-0.036449,0.02568,0.004943));
#2560=CARTESIAN_POINT('',(-0.036449,0.02568,0.004943));
#2561=CARTESIAN_POINT('',(-0.036449,0.02568,0.009443));
#2562=CARTESIAN_POINT('',(-0.036449,0.02568,0.009443));
#2563=CARTESIAN_POINT('',(-0.036449,0.02568,0.013943));
#2564=CARTESIAN_POINT('',(-0.036449,0.02568,0.013943));
#2565=CARTESIAN_POINT('',(-0.040949,0.02568,0.013943));
#2566=CARTESIAN_POINT('',(-0.040949,0.02568,0.013943));
#2567=CARTESIAN_POINT('',(0.001801,0.02568,0.036728));
#2568=CARTESIAN_POINT('',(-0.040949,0.02568,0.009443));
#2569=CARTESIAN_POINT('',(-0.040949,0.02568,0.007143));
#2570=CARTESIAN_POINT('',(-0.040949,0.02068,0.009443));
#2571=CARTESIAN_POINT('',(-0.040949,0.02068,0.009443));
#2572=CARTESIAN_POINT('',(-0.040949,0.02068,0.007143));
#2573=CARTESIAN_POINT('',(0.001801,0.02068,0.037693));
#2574=CARTESIAN_POINT('',(-0.040949,0.02068,0.009443));
#2575=CARTESIAN_POINT('',(-0.040949,0.02068,0.007843));
#2576=CARTESIAN_POINT('',(0.044551,0.02068,0.068443));
#2577=CARTESIAN_POINT('',(0.044551,0.02068,0.068443));
#2578=CARTESIAN_POINT('',(0.044551,0.02068,0.066143));
#2579=CARTESIAN_POINT('',(0.001801,0.02068,0.037693));
#2580=CARTESIAN_POINT('',(0.044551,0.02068,0.068443));
#2581=CARTESIAN_POINT('',(0.044551,0.02068,0.066843));
#2582=CARTESIAN_POINT('',(0.044551,0.02068,0.006943));
#2583=CARTESIAN_POINT('',(0.044551,0.02068,0.006943));
#2584=CARTESIAN_POINT('',(0.044551,0.02068,0.004643));
#2585=CARTESIAN_POINT('',(0.001801,0.02068,0.037693));
#2586=CARTESIAN_POINT('',(0.044551,0.02068,0.006943));
#2587=CARTESIAN_POINT('',(0.044551,0.02068,0.005343));
#2588=CARTESIAN_POINT('',(-0.040449,0.02068,0.066443));
#2589=CARTESIAN_POINT('',(-0.040449,0.02068,0.066443));
#2590=CARTESIAN_POINT('',(-0.040449,0.02068,0.064143));
#2591=CARTESIAN_POINT('',(0.001801,0.02068,0.037693));
#2592=CARTESIAN_POINT('',(-0.040449,0.02068,0.066443));
#2593=CARTESIAN_POINT('',(-0.040449,0.02068,0.064843));
#2594=CARTESIAN_POINT('',(-0.040449,0.00968,0.066443));
#2595=CARTESIAN_POINT('',(-0.040449,0.00968,0.066443));
#2596=CARTESIAN_POINT('',(-0.040449,0.00968,0.064843));
#2597=CARTESIAN_POINT('',(0.001801,0.00968,0.037693));
#2598=CARTESIAN_POINT('',(0.044551,0.00968,0.006943));
#2599=CARTESIAN_POINT('',(0.044551,0.00968,0.006943));
#2600=CARTESIAN_POINT('',(0.044551,0.00968,0.005343));
#2601=CARTESIAN_POINT('',(0.001801,0.00968,0.037693));
#2602=CARTESIAN_POINT('',(0.044551,0.00968,0.068443));
#2603=CARTESIAN_POINT('',(0.044551,0.00968,0.068443));
#2604=CARTESIAN_POINT('',(0.044551,0.00968,0.066843));
#2605=CARTESIAN_POINT('',(0.001801,0.00968,0.037693));
#2606=CARTESIAN_POINT('',(-0.040949,0.00968,0.009443));
#2607=CARTESIAN_POINT('',(-0.040949,0.00968,0.009443));
#2608=CARTESIAN_POINT('',(-0.040949,0.00968,0.007843));
#2609=CARTESIAN_POINT('',(0.001801,0.00968,0.037693));
#2610=CARTESIAN_POINT('',(0.0539404895396339,0.0255395249222578,0.0695));
#2611=CARTESIAN_POINT('',(0.0539404895396339,0.0255395249222578,0.0095));
#2612=CARTESIAN_POINT('',(0.0529519844713717,0.0250569715780357,0.0095));
#2613=CARTESIAN_POINT('',(0.0539404895396339,0.0255395249222578,0.0695));
#2614=CARTESIAN_POINT('',(0.0529519844713717,0.0250569715780357,0.0695));
#2615=CARTESIAN_POINT('',(0.0529519844713717,0.0250569715780357,0.0695));
#2616=CARTESIAN_POINT('',(0.0526587313858501,0.02713939867828,0.0695));
#2617=CARTESIAN_POINT('',(0.0526587313858501,0.02713939867828,0.0695));
#2618=CARTESIAN_POINT('',(0.0512658378805715,0.0264594371477853,0.0695));
#2619=CARTESIAN_POINT('',(0.0526587313858501,0.02713939867828,0.0095));
#2620=CARTESIAN_POINT('',(0.0512658378805715,0.0264594371477853,0.0095));
#2621=CARTESIAN_POINT('',(0.0512658378805715,0.0264594371477853,0.0695));
#2622=CARTESIAN_POINT('',(0.0530974162442338,0.0255218449302145,0.0695));
#2623=CARTESIAN_POINT('',(0.0520554706256622,0.0248418833997198,0.0695));
#2624=CARTESIAN_POINT('',(0.0528451033707529,0.0232243296516544,0.0695));
#2625=CARTESIAN_POINT('',(0.0532494918077693,0.023421737837927,0.0695));
#2626=CARTESIAN_POINT('',(0.0536538802447856,0.0236191460241997,0.0695));
#2627=CARTESIAN_POINT('',(0.0533029323580787,0.0243380588011177,0.0695));
#2628=CARTESIAN_POINT('',(0.0530974162442338,0.0255218449302145,0.0095));
#2629=CARTESIAN_POINT('',(0.0533029323580787,0.0243380588011177,0.0095));
#2630=CARTESIAN_POINT('',(0.0536538802447856,0.0236191460241997,0.0095));
#2631=CARTESIAN_POINT('',(0.0532494918077693,0.023421737837927,0.0095));
#2632=CARTESIAN_POINT('',(0.0528451033707529,0.0232243296516544,0.0095));
#2633=CARTESIAN_POINT('',(0.0520554706256622,0.0248418833997198,0.0095));
#2634=CARTESIAN_POINT('',(0.0520554706256622,0.0248418833997198,0.0695));
#2635=CARTESIAN_POINT('',(0.0528451033707529,0.0232243296516544,0.0695));
#2636=CARTESIAN_POINT('',(0.0532494918077693,0.023421737837927,0.0695));
#2637=CARTESIAN_POINT('',(0.0536538802447856,0.0236191460241997,0.0695));
#2638=CARTESIAN_POINT('',(0.0533029323580787,0.0243380588011177,0.0695));
#2639=CARTESIAN_POINT('',(0.0649996248484809,0.00151823839047562,0.0595));
#2640=CARTESIAN_POINT('',(0.0649996248484809,0.00151823839047562,0.0195));
#2641=CARTESIAN_POINT('',(-0.0358477498189064,0.0347108259020543,0.00127279322797));
#2642=MECHANICAL_DESIGN_GEOMETRIC_PRESENTATION_REPRESENTATION('',(#1599,
#1600),#2643);
#2643=(
GEOMETRIC_REPRESENTATION_CONTEXT(3)
GLOBAL_UNCERTAINTY_ASSIGNED_CONTEXT((#2646))
GLOBAL_UNIT_ASSIGNED_CONTEXT((#2651,#2650,#2649))
REPRESENTATION_CONTEXT('Top and Bottom','TOP_LEVEL_ASSEMBLY_PART')
);
#2644=(
GEOMETRIC_REPRESENTATION_CONTEXT(3)
GLOBAL_UNCERTAINTY_ASSIGNED_CONTEXT((#2647))
GLOBAL_UNIT_ASSIGNED_CONTEXT((#2651,#2650,#2649))
REPRESENTATION_CONTEXT('Part 1','COMPONENT_PART')
);
#2645=(
GEOMETRIC_REPRESENTATION_CONTEXT(3)
GLOBAL_UNCERTAINTY_ASSIGNED_CONTEXT((#2648))
GLOBAL_UNIT_ASSIGNED_CONTEXT((#2651,#2650,#2649))
REPRESENTATION_CONTEXT('Part 1','COMPONENT_PART')
);
#2646=UNCERTAINTY_MEASURE_WITH_UNIT(LENGTH_MEASURE(1.E-8),#2651,
'DISTANCE_ACCURACY_VALUE','Maximum Tolerance applied to model');
#2647=UNCERTAINTY_MEASURE_WITH_UNIT(LENGTH_MEASURE(1.E-8),#2651,
'DISTANCE_ACCURACY_VALUE','Maximum Tolerance applied to model');
#2648=UNCERTAINTY_MEASURE_WITH_UNIT(LENGTH_MEASURE(1.E-8),#2651,
'DISTANCE_ACCURACY_VALUE','Maximum Tolerance applied to model');
#2649=(
NAMED_UNIT(*)
SI_UNIT($,.STERADIAN.)
SOLID_ANGLE_UNIT()
);
#2650=(
NAMED_UNIT(*)
PLANE_ANGLE_UNIT()
SI_UNIT($,.RADIAN.)
);
#2651=(
LENGTH_UNIT()
NAMED_UNIT(*)
SI_UNIT($,.METRE.)
);
#2652=PRODUCT_DEFINITION_SHAPE('','',#2657);
#2653=PRODUCT_DEFINITION_SHAPE('','',#2658);
#2654=PRODUCT_DEFINITION_SHAPE(' ','NAUO PRDDFN',#29);
#2655=PRODUCT_DEFINITION_SHAPE('','',#2659);
#2656=PRODUCT_DEFINITION_SHAPE(' ','NAUO PRDDFN',#30);
#2657=PRODUCT_DEFINITION('','',#2663,#2660);
#2658=PRODUCT_DEFINITION('','',#2664,#2661);
#2659=PRODUCT_DEFINITION('','',#2665,#2662);
#2660=PRODUCT_DEFINITION_CONTEXT('',#2679,'design');
#2661=PRODUCT_DEFINITION_CONTEXT('',#2679,'design');
#2662=PRODUCT_DEFINITION_CONTEXT('',#2679,'design');
#2663=PRODUCT_DEFINITION_FORMATION_WITH_SPECIFIED_SOURCE('','',#2669,
 .NOT_KNOWN.);
#2664=PRODUCT_DEFINITION_FORMATION_WITH_SPECIFIED_SOURCE('','',#2670,
 .NOT_KNOWN.);
#2665=PRODUCT_DEFINITION_FORMATION_WITH_SPECIFIED_SOURCE('','',#2671,
 .NOT_KNOWN.);
#2666=PRODUCT_RELATED_PRODUCT_CATEGORY('','',(#2669));
#2667=PRODUCT_RELATED_PRODUCT_CATEGORY('','',(#2670));
#2668=PRODUCT_RELATED_PRODUCT_CATEGORY('','',(#2671));
#2669=PRODUCT('Top and Bottom','Top and Bottom','Top and Bottom',(#2675));
#2670=PRODUCT('Part 1','Part 1','Part 1',(#2676));
#2671=PRODUCT('Part 1','Part 1','Part 1',(#2677));
#2672=PRODUCT_CATEGORY('','');
#2673=PRODUCT_CATEGORY('','');
#2674=PRODUCT_CATEGORY('','');
#2675=PRODUCT_CONTEXT('',#2679,'mechanical');
#2676=PRODUCT_CONTEXT('',#2679,'mechanical');
#2677=PRODUCT_CONTEXT('',#2679,'mechanical');
#2678=APPLICATION_PROTOCOL_DEFINITION('international standard',
'automotive_design',2010,#2679);
#2679=APPLICATION_CONTEXT(
'core data for automotive mechanical design processes');
ENDSEC;
END-ISO-10303-21;
